job_id,scenario_id,K,migration,migration_file,selection,rep,seed
1,0,500,strong,grib_migration_matrix_4pop_strong.csv,0.025,1,957699161
2,1,500,strong,grib_migration_matrix_4pop_strong.csv,0.025,1,957699161
3,2,500,strong,grib_migration_matrix_4pop_strong.csv,0.025,1,957699161
4,3,500,strong,grib_migration_matrix_4pop_strong.csv,0.025,1,957699161
5,4,500,strong,grib_migration_matrix_4pop_strong.csv,0.025,1,957699161
6,5,500,strong,grib_migration_matrix_4pop_strong.csv,0.025,1,957699161
7,6,500,strong,grib_migration_matrix_4pop_strong.csv,0.025,1,957699161
8,7,500,strong,grib_migration_matrix_4pop_strong.csv,0.025,1,957699161
9,8,500,strong,grib_migration_matrix_4pop_strong.csv,0.025,1,957699161
10,9,500,strong,grib_migration_matrix_4pop_strong.csv,0.025,1,957699161
11,10,500,strong,grib_migration_matrix_4pop_strong.csv,0.025,1,957699161
12,11,500,strong,grib_migration_matrix_4pop_strong.csv,0.025,1,957699161
13,12,500,strong,grib_migration_matrix_4pop_strong.csv,0.025,1,957699161
14,13,500,strong,grib_migration_matrix_4pop_strong.csv,0.025,1,957699161
15,14,500,strong,grib_migration_matrix_4pop_strong.csv,0.025,1,957699161
16,15,500,strong,grib_migration_matrix_4pop_strong.csv,0.025,1,957699161
17,16,500,strong,grib_migration_matrix_4pop_strong.csv,0.025,1,957699161
18,17,500,strong,grib_migration_matrix_4pop_strong.csv,0.025,1,957699161
19,18,500,strong,grib_migration_matrix_4pop_strong.csv,0.025,1,957699161
20,19,500,strong,grib_migration_matrix_4pop_strong.csv,0.025,1,957699161
21,20,500,strong,grib_migration_matrix_4pop_strong.csv,0.025,1,957699161
22,21,500,strong,grib_migration_matrix_4pop_strong.csv,0.025,1,957699161
23,22,500,strong,grib_migration_matrix_4pop_strong.csv,0.025,1,957699161
24,23,500,strong,grib_migration_matrix_4pop_strong.csv,0.025,1,957699161
25,24,500,strong,grib_migration_matrix_4pop_strong.csv,0.025,1,957699161
26,25,500,strong,grib_migration_matrix_4pop_strong.csv,0.025,1,957699161
27,26,500,strong,grib_migration_matrix_4pop_strong.csv,0.025,1,957699161
28,27,500,strong,grib_migration_matrix_4pop_strong.csv,0.025,1,957699161
29,28,500,strong,grib_migration_matrix_4pop_strong.csv,0.025,1,957699161
30,29,500,strong,grib_migration_matrix_4pop_strong.csv,0.025,1,957699161
31,30,500,strong,grib_migration_matrix_4pop_strong.csv,0.025,1,957699161
32,31,500,strong,grib_migration_matrix_4pop_strong.csv,0.025,1,957699161
33,32,500,strong,grib_migration_matrix_4pop_strong.csv,0.025,1,957699161
34,33,500,strong,grib_migration_matrix_4pop_strong.csv,0.025,1,957699161
35,34,500,strong,grib_migration_matrix_4pop_strong.csv,0.025,1,957699161
36,35,500,strong,grib_migration_matrix_4pop_strong.csv,0.025,1,957699161
37,36,500,strong,grib_migration_matrix_4pop_strong.csv,0.025,1,957699161
38,37,500,strong,grib_migration_matrix_4pop_strong.csv,0.025,1,957699161
39,38,500,strong,grib_migration_matrix_4pop_strong.csv,0.025,1,957699161
40,39,500,strong,grib_migration_matrix_4pop_strong.csv,0.025,1,957699161
41,40,500,strong,grib_migration_matrix_4pop_strong.csv,0.025,1,957699161
42,41,500,strong,grib_migration_matrix_4pop_strong.csv,0.025,1,957699161
43,42,500,strong,grib_migration_matrix_4pop_strong.csv,0.025,1,957699161
44,43,500,strong,grib_migration_matrix_4pop_strong.csv,0.025,1,957699161
45,44,500,strong,grib_migration_matrix_4pop_strong.csv,0.025,1,957699161
46,45,500,strong,grib_migration_matrix_4pop_strong.csv,0.025,1,957699161
47,46,500,strong,grib_migration_matrix_4pop_strong.csv,0.025,1,957699161
48,47,500,strong,grib_migration_matrix_4pop_strong.csv,0.025,1,957699161
49,48,500,strong,grib_migration_matrix_4pop_strong.csv,0.025,1,957699161
50,49,500,strong,grib_migration_matrix_4pop_strong.csv,0.025,1,957699161
51,50,500,strong,grib_migration_matrix_4pop_strong.csv,0.025,1,957699161
52,51,500,strong,grib_migration_matrix_4pop_strong.csv,0.025,1,957699161
53,52,500,strong,grib_migration_matrix_4pop_strong.csv,0.025,1,957699161
54,53,500,strong,grib_migration_matrix_4pop_strong.csv,0.025,1,957699161
55,54,500,strong,grib_migration_matrix_4pop_strong.csv,0.025,1,957699161
56,55,500,strong,grib_migration_matrix_4pop_strong.csv,0.025,1,957699161
57,56,500,strong,grib_migration_matrix_4pop_strong.csv,0.025,1,957699161
58,57,500,strong,grib_migration_matrix_4pop_strong.csv,0.025,1,957699161
59,58,500,strong,grib_migration_matrix_4pop_strong.csv,0.025,1,957699161
60,59,500,strong,grib_migration_matrix_4pop_strong.csv,0.025,1,957699161
61,60,500,strong,grib_migration_matrix_4pop_strong.csv,0.025,1,957699161
62,61,500,strong,grib_migration_matrix_4pop_strong.csv,0.025,1,957699161
63,62,500,strong,grib_migration_matrix_4pop_strong.csv,0.025,1,957699161
64,63,500,strong,grib_migration_matrix_4pop_strong.csv,0.025,1,957699161
65,64,500,strong,grib_migration_matrix_4pop_strong.csv,0.025,1,957699161
66,65,500,strong,grib_migration_matrix_4pop_strong.csv,0.025,1,957699161
67,66,500,strong,grib_migration_matrix_4pop_strong.csv,0.025,1,957699161
68,67,500,strong,grib_migration_matrix_4pop_strong.csv,0.025,1,957699161
69,68,500,strong,grib_migration_matrix_4pop_strong.csv,0.025,1,957699161
70,69,500,strong,grib_migration_matrix_4pop_strong.csv,0.025,1,957699161
71,70,500,strong,grib_migration_matrix_4pop_strong.csv,0.025,1,957699161
72,71,500,strong,grib_migration_matrix_4pop_strong.csv,0.025,1,957699161
73,72,500,strong,grib_migration_matrix_4pop_strong.csv,0.025,1,957699161
74,73,500,strong,grib_migration_matrix_4pop_strong.csv,0.025,1,957699161
75,74,500,strong,grib_migration_matrix_4pop_strong.csv,0.025,1,957699161
76,75,500,strong,grib_migration_matrix_4pop_strong.csv,0.025,1,957699161
77,0,500,strong,grib_migration_matrix_4pop_strong.csv,0.025,2,265645954
78,1,500,strong,grib_migration_matrix_4pop_strong.csv,0.025,2,265645954
79,2,500,strong,grib_migration_matrix_4pop_strong.csv,0.025,2,265645954
80,3,500,strong,grib_migration_matrix_4pop_strong.csv,0.025,2,265645954
81,4,500,strong,grib_migration_matrix_4pop_strong.csv,0.025,2,265645954
82,5,500,strong,grib_migration_matrix_4pop_strong.csv,0.025,2,265645954
83,6,500,strong,grib_migration_matrix_4pop_strong.csv,0.025,2,265645954
84,7,500,strong,grib_migration_matrix_4pop_strong.csv,0.025,2,265645954
85,8,500,strong,grib_migration_matrix_4pop_strong.csv,0.025,2,265645954
86,9,500,strong,grib_migration_matrix_4pop_strong.csv,0.025,2,265645954
87,10,500,strong,grib_migration_matrix_4pop_strong.csv,0.025,2,265645954
88,11,500,strong,grib_migration_matrix_4pop_strong.csv,0.025,2,265645954
89,12,500,strong,grib_migration_matrix_4pop_strong.csv,0.025,2,265645954
90,13,500,strong,grib_migration_matrix_4pop_strong.csv,0.025,2,265645954
91,14,500,strong,grib_migration_matrix_4pop_strong.csv,0.025,2,265645954
92,15,500,strong,grib_migration_matrix_4pop_strong.csv,0.025,2,265645954
93,16,500,strong,grib_migration_matrix_4pop_strong.csv,0.025,2,265645954
94,17,500,strong,grib_migration_matrix_4pop_strong.csv,0.025,2,265645954
95,18,500,strong,grib_migration_matrix_4pop_strong.csv,0.025,2,265645954
96,19,500,strong,grib_migration_matrix_4pop_strong.csv,0.025,2,265645954
97,20,500,strong,grib_migration_matrix_4pop_strong.csv,0.025,2,265645954
98,21,500,strong,grib_migration_matrix_4pop_strong.csv,0.025,2,265645954
99,22,500,strong,grib_migration_matrix_4pop_strong.csv,0.025,2,265645954
100,23,500,strong,grib_migration_matrix_4pop_strong.csv,0.025,2,265645954
101,24,500,strong,grib_migration_matrix_4pop_strong.csv,0.025,2,265645954
102,25,500,strong,grib_migration_matrix_4pop_strong.csv,0.025,2,265645954
103,26,500,strong,grib_migration_matrix_4pop_strong.csv,0.025,2,265645954
104,27,500,strong,grib_migration_matrix_4pop_strong.csv,0.025,2,265645954
105,28,500,strong,grib_migration_matrix_4pop_strong.csv,0.025,2,265645954
106,29,500,strong,grib_migration_matrix_4pop_strong.csv,0.025,2,265645954
107,30,500,strong,grib_migration_matrix_4pop_strong.csv,0.025,2,265645954
108,31,500,strong,grib_migration_matrix_4pop_strong.csv,0.025,2,265645954
109,32,500,strong,grib_migration_matrix_4pop_strong.csv,0.025,2,265645954
110,33,500,strong,grib_migration_matrix_4pop_strong.csv,0.025,2,265645954
111,34,500,strong,grib_migration_matrix_4pop_strong.csv,0.025,2,265645954
112,35,500,strong,grib_migration_matrix_4pop_strong.csv,0.025,2,265645954
113,36,500,strong,grib_migration_matrix_4pop_strong.csv,0.025,2,265645954
114,37,500,strong,grib_migration_matrix_4pop_strong.csv,0.025,2,265645954
115,38,500,strong,grib_migration_matrix_4pop_strong.csv,0.025,2,265645954
116,39,500,strong,grib_migration_matrix_4pop_strong.csv,0.025,2,265645954
117,40,500,strong,grib_migration_matrix_4pop_strong.csv,0.025,2,265645954
118,41,500,strong,grib_migration_matrix_4pop_strong.csv,0.025,2,265645954
119,42,500,strong,grib_migration_matrix_4pop_strong.csv,0.025,2,265645954
120,43,500,strong,grib_migration_matrix_4pop_strong.csv,0.025,2,265645954
121,44,500,strong,grib_migration_matrix_4pop_strong.csv,0.025,2,265645954
122,45,500,strong,grib_migration_matrix_4pop_strong.csv,0.025,2,265645954
123,46,500,strong,grib_migration_matrix_4pop_strong.csv,0.025,2,265645954
124,47,500,strong,grib_migration_matrix_4pop_strong.csv,0.025,2,265645954
125,48,500,strong,grib_migration_matrix_4pop_strong.csv,0.025,2,265645954
126,49,500,strong,grib_migration_matrix_4pop_strong.csv,0.025,2,265645954
127,50,500,strong,grib_migration_matrix_4pop_strong.csv,0.025,2,265645954
128,51,500,strong,grib_migration_matrix_4pop_strong.csv,0.025,2,265645954
129,52,500,strong,grib_migration_matrix_4pop_strong.csv,0.025,2,265645954
130,53,500,strong,grib_migration_matrix_4pop_strong.csv,0.025,2,265645954
131,54,500,strong,grib_migration_matrix_4pop_strong.csv,0.025,2,265645954
132,55,500,strong,grib_migration_matrix_4pop_strong.csv,0.025,2,265645954
133,56,500,strong,grib_migration_matrix_4pop_strong.csv,0.025,2,265645954
134,57,500,strong,grib_migration_matrix_4pop_strong.csv,0.025,2,265645954
135,58,500,strong,grib_migration_matrix_4pop_strong.csv,0.025,2,265645954
136,59,500,strong,grib_migration_matrix_4pop_strong.csv,0.025,2,265645954
137,60,500,strong,grib_migration_matrix_4pop_strong.csv,0.025,2,265645954
138,61,500,strong,grib_migration_matrix_4pop_strong.csv,0.025,2,265645954
139,62,500,strong,grib_migration_matrix_4pop_strong.csv,0.025,2,265645954
140,63,500,strong,grib_migration_matrix_4pop_strong.csv,0.025,2,265645954
141,64,500,strong,grib_migration_matrix_4pop_strong.csv,0.025,2,265645954
142,65,500,strong,grib_migration_matrix_4pop_strong.csv,0.025,2,265645954
143,66,500,strong,grib_migration_matrix_4pop_strong.csv,0.025,2,265645954
144,67,500,strong,grib_migration_matrix_4pop_strong.csv,0.025,2,265645954
145,68,500,strong,grib_migration_matrix_4pop_strong.csv,0.025,2,265645954
146,69,500,strong,grib_migration_matrix_4pop_strong.csv,0.025,2,265645954
147,70,500,strong,grib_migration_matrix_4pop_strong.csv,0.025,2,265645954
148,71,500,strong,grib_migration_matrix_4pop_strong.csv,0.025,2,265645954
149,72,500,strong,grib_migration_matrix_4pop_strong.csv,0.025,2,265645954
150,73,500,strong,grib_migration_matrix_4pop_strong.csv,0.025,2,265645954
151,74,500,strong,grib_migration_matrix_4pop_strong.csv,0.025,2,265645954
152,75,500,strong,grib_migration_matrix_4pop_strong.csv,0.025,2,265645954
153,0,500,strong,grib_migration_matrix_4pop_strong.csv,0.025,3,1962547890
154,1,500,strong,grib_migration_matrix_4pop_strong.csv,0.025,3,1962547890
155,2,500,strong,grib_migration_matrix_4pop_strong.csv,0.025,3,1962547890
156,3,500,strong,grib_migration_matrix_4pop_strong.csv,0.025,3,1962547890
157,4,500,strong,grib_migration_matrix_4pop_strong.csv,0.025,3,1962547890
158,5,500,strong,grib_migration_matrix_4pop_strong.csv,0.025,3,1962547890
159,6,500,strong,grib_migration_matrix_4pop_strong.csv,0.025,3,1962547890
160,7,500,strong,grib_migration_matrix_4pop_strong.csv,0.025,3,1962547890
161,8,500,strong,grib_migration_matrix_4pop_strong.csv,0.025,3,1962547890
162,9,500,strong,grib_migration_matrix_4pop_strong.csv,0.025,3,1962547890
163,10,500,strong,grib_migration_matrix_4pop_strong.csv,0.025,3,1962547890
164,11,500,strong,grib_migration_matrix_4pop_strong.csv,0.025,3,1962547890
165,12,500,strong,grib_migration_matrix_4pop_strong.csv,0.025,3,1962547890
166,13,500,strong,grib_migration_matrix_4pop_strong.csv,0.025,3,1962547890
167,14,500,strong,grib_migration_matrix_4pop_strong.csv,0.025,3,1962547890
168,15,500,strong,grib_migration_matrix_4pop_strong.csv,0.025,3,1962547890
169,16,500,strong,grib_migration_matrix_4pop_strong.csv,0.025,3,1962547890
170,17,500,strong,grib_migration_matrix_4pop_strong.csv,0.025,3,1962547890
171,18,500,strong,grib_migration_matrix_4pop_strong.csv,0.025,3,1962547890
172,19,500,strong,grib_migration_matrix_4pop_strong.csv,0.025,3,1962547890
173,20,500,strong,grib_migration_matrix_4pop_strong.csv,0.025,3,1962547890
174,21,500,strong,grib_migration_matrix_4pop_strong.csv,0.025,3,1962547890
175,22,500,strong,grib_migration_matrix_4pop_strong.csv,0.025,3,1962547890
176,23,500,strong,grib_migration_matrix_4pop_strong.csv,0.025,3,1962547890
177,24,500,strong,grib_migration_matrix_4pop_strong.csv,0.025,3,1962547890
178,25,500,strong,grib_migration_matrix_4pop_strong.csv,0.025,3,1962547890
179,26,500,strong,grib_migration_matrix_4pop_strong.csv,0.025,3,1962547890
180,27,500,strong,grib_migration_matrix_4pop_strong.csv,0.025,3,1962547890
181,28,500,strong,grib_migration_matrix_4pop_strong.csv,0.025,3,1962547890
182,29,500,strong,grib_migration_matrix_4pop_strong.csv,0.025,3,1962547890
183,30,500,strong,grib_migration_matrix_4pop_strong.csv,0.025,3,1962547890
184,31,500,strong,grib_migration_matrix_4pop_strong.csv,0.025,3,1962547890
185,32,500,strong,grib_migration_matrix_4pop_strong.csv,0.025,3,1962547890
186,33,500,strong,grib_migration_matrix_4pop_strong.csv,0.025,3,1962547890
187,34,500,strong,grib_migration_matrix_4pop_strong.csv,0.025,3,1962547890
188,35,500,strong,grib_migration_matrix_4pop_strong.csv,0.025,3,1962547890
189,36,500,strong,grib_migration_matrix_4pop_strong.csv,0.025,3,1962547890
190,37,500,strong,grib_migration_matrix_4pop_strong.csv,0.025,3,1962547890
191,38,500,strong,grib_migration_matrix_4pop_strong.csv,0.025,3,1962547890
192,39,500,strong,grib_migration_matrix_4pop_strong.csv,0.025,3,1962547890
193,40,500,strong,grib_migration_matrix_4pop_strong.csv,0.025,3,1962547890
194,41,500,strong,grib_migration_matrix_4pop_strong.csv,0.025,3,1962547890
195,42,500,strong,grib_migration_matrix_4pop_strong.csv,0.025,3,1962547890
196,43,500,strong,grib_migration_matrix_4pop_strong.csv,0.025,3,1962547890
197,44,500,strong,grib_migration_matrix_4pop_strong.csv,0.025,3,1962547890
198,45,500,strong,grib_migration_matrix_4pop_strong.csv,0.025,3,1962547890
199,46,500,strong,grib_migration_matrix_4pop_strong.csv,0.025,3,1962547890
200,47,500,strong,grib_migration_matrix_4pop_strong.csv,0.025,3,1962547890
201,48,500,strong,grib_migration_matrix_4pop_strong.csv,0.025,3,1962547890
202,49,500,strong,grib_migration_matrix_4pop_strong.csv,0.025,3,1962547890
203,50,500,strong,grib_migration_matrix_4pop_strong.csv,0.025,3,1962547890
204,51,500,strong,grib_migration_matrix_4pop_strong.csv,0.025,3,1962547890
205,52,500,strong,grib_migration_matrix_4pop_strong.csv,0.025,3,1962547890
206,53,500,strong,grib_migration_matrix_4pop_strong.csv,0.025,3,1962547890
207,54,500,strong,grib_migration_matrix_4pop_strong.csv,0.025,3,1962547890
208,55,500,strong,grib_migration_matrix_4pop_strong.csv,0.025,3,1962547890
209,56,500,strong,grib_migration_matrix_4pop_strong.csv,0.025,3,1962547890
210,57,500,strong,grib_migration_matrix_4pop_strong.csv,0.025,3,1962547890
211,58,500,strong,grib_migration_matrix_4pop_strong.csv,0.025,3,1962547890
212,59,500,strong,grib_migration_matrix_4pop_strong.csv,0.025,3,1962547890
213,60,500,strong,grib_migration_matrix_4pop_strong.csv,0.025,3,1962547890
214,61,500,strong,grib_migration_matrix_4pop_strong.csv,0.025,3,1962547890
215,62,500,strong,grib_migration_matrix_4pop_strong.csv,0.025,3,1962547890
216,63,500,strong,grib_migration_matrix_4pop_strong.csv,0.025,3,1962547890
217,64,500,strong,grib_migration_matrix_4pop_strong.csv,0.025,3,1962547890
218,65,500,strong,grib_migration_matrix_4pop_strong.csv,0.025,3,1962547890
219,66,500,strong,grib_migration_matrix_4pop_strong.csv,0.025,3,1962547890
220,67,500,strong,grib_migration_matrix_4pop_strong.csv,0.025,3,1962547890
221,68,500,strong,grib_migration_matrix_4pop_strong.csv,0.025,3,1962547890
222,69,500,strong,grib_migration_matrix_4pop_strong.csv,0.025,3,1962547890
223,70,500,strong,grib_migration_matrix_4pop_strong.csv,0.025,3,1962547890
224,71,500,strong,grib_migration_matrix_4pop_strong.csv,0.025,3,1962547890
225,72,500,strong,grib_migration_matrix_4pop_strong.csv,0.025,3,1962547890
226,73,500,strong,grib_migration_matrix_4pop_strong.csv,0.025,3,1962547890
227,74,500,strong,grib_migration_matrix_4pop_strong.csv,0.025,3,1962547890
228,75,500,strong,grib_migration_matrix_4pop_strong.csv,0.025,3,1962547890
229,0,500,strong,grib_migration_matrix_4pop_strong.csv,0.025,4,879684961
230,1,500,strong,grib_migration_matrix_4pop_strong.csv,0.025,4,879684961
231,2,500,strong,grib_migration_matrix_4pop_strong.csv,0.025,4,879684961
232,3,500,strong,grib_migration_matrix_4pop_strong.csv,0.025,4,879684961
233,4,500,strong,grib_migration_matrix_4pop_strong.csv,0.025,4,879684961
234,5,500,strong,grib_migration_matrix_4pop_strong.csv,0.025,4,879684961
235,6,500,strong,grib_migration_matrix_4pop_strong.csv,0.025,4,879684961
236,7,500,strong,grib_migration_matrix_4pop_strong.csv,0.025,4,879684961
237,8,500,strong,grib_migration_matrix_4pop_strong.csv,0.025,4,879684961
238,9,500,strong,grib_migration_matrix_4pop_strong.csv,0.025,4,879684961
239,10,500,strong,grib_migration_matrix_4pop_strong.csv,0.025,4,879684961
240,11,500,strong,grib_migration_matrix_4pop_strong.csv,0.025,4,879684961
241,12,500,strong,grib_migration_matrix_4pop_strong.csv,0.025,4,879684961
242,13,500,strong,grib_migration_matrix_4pop_strong.csv,0.025,4,879684961
243,14,500,strong,grib_migration_matrix_4pop_strong.csv,0.025,4,879684961
244,15,500,strong,grib_migration_matrix_4pop_strong.csv,0.025,4,879684961
245,16,500,strong,grib_migration_matrix_4pop_strong.csv,0.025,4,879684961
246,17,500,strong,grib_migration_matrix_4pop_strong.csv,0.025,4,879684961
247,18,500,strong,grib_migration_matrix_4pop_strong.csv,0.025,4,879684961
248,19,500,strong,grib_migration_matrix_4pop_strong.csv,0.025,4,879684961
249,20,500,strong,grib_migration_matrix_4pop_strong.csv,0.025,4,879684961
250,21,500,strong,grib_migration_matrix_4pop_strong.csv,0.025,4,879684961
251,22,500,strong,grib_migration_matrix_4pop_strong.csv,0.025,4,879684961
252,23,500,strong,grib_migration_matrix_4pop_strong.csv,0.025,4,879684961
253,24,500,strong,grib_migration_matrix_4pop_strong.csv,0.025,4,879684961
254,25,500,strong,grib_migration_matrix_4pop_strong.csv,0.025,4,879684961
255,26,500,strong,grib_migration_matrix_4pop_strong.csv,0.025,4,879684961
256,27,500,strong,grib_migration_matrix_4pop_strong.csv,0.025,4,879684961
257,28,500,strong,grib_migration_matrix_4pop_strong.csv,0.025,4,879684961
258,29,500,strong,grib_migration_matrix_4pop_strong.csv,0.025,4,879684961
259,30,500,strong,grib_migration_matrix_4pop_strong.csv,0.025,4,879684961
260,31,500,strong,grib_migration_matrix_4pop_strong.csv,0.025,4,879684961
261,32,500,strong,grib_migration_matrix_4pop_strong.csv,0.025,4,879684961
262,33,500,strong,grib_migration_matrix_4pop_strong.csv,0.025,4,879684961
263,34,500,strong,grib_migration_matrix_4pop_strong.csv,0.025,4,879684961
264,35,500,strong,grib_migration_matrix_4pop_strong.csv,0.025,4,879684961
265,36,500,strong,grib_migration_matrix_4pop_strong.csv,0.025,4,879684961
266,37,500,strong,grib_migration_matrix_4pop_strong.csv,0.025,4,879684961
267,38,500,strong,grib_migration_matrix_4pop_strong.csv,0.025,4,879684961
268,39,500,strong,grib_migration_matrix_4pop_strong.csv,0.025,4,879684961
269,40,500,strong,grib_migration_matrix_4pop_strong.csv,0.025,4,879684961
270,41,500,strong,grib_migration_matrix_4pop_strong.csv,0.025,4,879684961
271,42,500,strong,grib_migration_matrix_4pop_strong.csv,0.025,4,879684961
272,43,500,strong,grib_migration_matrix_4pop_strong.csv,0.025,4,879684961
273,44,500,strong,grib_migration_matrix_4pop_strong.csv,0.025,4,879684961
274,45,500,strong,grib_migration_matrix_4pop_strong.csv,0.025,4,879684961
275,46,500,strong,grib_migration_matrix_4pop_strong.csv,0.025,4,879684961
276,47,500,strong,grib_migration_matrix_4pop_strong.csv,0.025,4,879684961
277,48,500,strong,grib_migration_matrix_4pop_strong.csv,0.025,4,879684961
278,49,500,strong,grib_migration_matrix_4pop_strong.csv,0.025,4,879684961
279,50,500,strong,grib_migration_matrix_4pop_strong.csv,0.025,4,879684961
280,51,500,strong,grib_migration_matrix_4pop_strong.csv,0.025,4,879684961
281,52,500,strong,grib_migration_matrix_4pop_strong.csv,0.025,4,879684961
282,53,500,strong,grib_migration_matrix_4pop_strong.csv,0.025,4,879684961
283,54,500,strong,grib_migration_matrix_4pop_strong.csv,0.025,4,879684961
284,55,500,strong,grib_migration_matrix_4pop_strong.csv,0.025,4,879684961
285,56,500,strong,grib_migration_matrix_4pop_strong.csv,0.025,4,879684961
286,57,500,strong,grib_migration_matrix_4pop_strong.csv,0.025,4,879684961
287,58,500,strong,grib_migration_matrix_4pop_strong.csv,0.025,4,879684961
288,59,500,strong,grib_migration_matrix_4pop_strong.csv,0.025,4,879684961
289,60,500,strong,grib_migration_matrix_4pop_strong.csv,0.025,4,879684961
290,61,500,strong,grib_migration_matrix_4pop_strong.csv,0.025,4,879684961
291,62,500,strong,grib_migration_matrix_4pop_strong.csv,0.025,4,879684961
292,63,500,strong,grib_migration_matrix_4pop_strong.csv,0.025,4,879684961
293,64,500,strong,grib_migration_matrix_4pop_strong.csv,0.025,4,879684961
294,65,500,strong,grib_migration_matrix_4pop_strong.csv,0.025,4,879684961
295,66,500,strong,grib_migration_matrix_4pop_strong.csv,0.025,4,879684961
296,67,500,strong,grib_migration_matrix_4pop_strong.csv,0.025,4,879684961
297,68,500,strong,grib_migration_matrix_4pop_strong.csv,0.025,4,879684961
298,69,500,strong,grib_migration_matrix_4pop_strong.csv,0.025,4,879684961
299,70,500,strong,grib_migration_matrix_4pop_strong.csv,0.025,4,879684961
300,71,500,strong,grib_migration_matrix_4pop_strong.csv,0.025,4,879684961
301,72,500,strong,grib_migration_matrix_4pop_strong.csv,0.025,4,879684961
302,73,500,strong,grib_migration_matrix_4pop_strong.csv,0.025,4,879684961
303,74,500,strong,grib_migration_matrix_4pop_strong.csv,0.025,4,879684961
304,75,500,strong,grib_migration_matrix_4pop_strong.csv,0.025,4,879684961
305,0,500,strong,grib_migration_matrix_4pop_strong.csv,0.025,5,578613194
306,1,500,strong,grib_migration_matrix_4pop_strong.csv,0.025,5,578613194
307,2,500,strong,grib_migration_matrix_4pop_strong.csv,0.025,5,578613194
308,3,500,strong,grib_migration_matrix_4pop_strong.csv,0.025,5,578613194
309,4,500,strong,grib_migration_matrix_4pop_strong.csv,0.025,5,578613194
310,5,500,strong,grib_migration_matrix_4pop_strong.csv,0.025,5,578613194
311,6,500,strong,grib_migration_matrix_4pop_strong.csv,0.025,5,578613194
312,7,500,strong,grib_migration_matrix_4pop_strong.csv,0.025,5,578613194
313,8,500,strong,grib_migration_matrix_4pop_strong.csv,0.025,5,578613194
314,9,500,strong,grib_migration_matrix_4pop_strong.csv,0.025,5,578613194
315,10,500,strong,grib_migration_matrix_4pop_strong.csv,0.025,5,578613194
316,11,500,strong,grib_migration_matrix_4pop_strong.csv,0.025,5,578613194
317,12,500,strong,grib_migration_matrix_4pop_strong.csv,0.025,5,578613194
318,13,500,strong,grib_migration_matrix_4pop_strong.csv,0.025,5,578613194
319,14,500,strong,grib_migration_matrix_4pop_strong.csv,0.025,5,578613194
320,15,500,strong,grib_migration_matrix_4pop_strong.csv,0.025,5,578613194
321,16,500,strong,grib_migration_matrix_4pop_strong.csv,0.025,5,578613194
322,17,500,strong,grib_migration_matrix_4pop_strong.csv,0.025,5,578613194
323,18,500,strong,grib_migration_matrix_4pop_strong.csv,0.025,5,578613194
324,19,500,strong,grib_migration_matrix_4pop_strong.csv,0.025,5,578613194
325,20,500,strong,grib_migration_matrix_4pop_strong.csv,0.025,5,578613194
326,21,500,strong,grib_migration_matrix_4pop_strong.csv,0.025,5,578613194
327,22,500,strong,grib_migration_matrix_4pop_strong.csv,0.025,5,578613194
328,23,500,strong,grib_migration_matrix_4pop_strong.csv,0.025,5,578613194
329,24,500,strong,grib_migration_matrix_4pop_strong.csv,0.025,5,578613194
330,25,500,strong,grib_migration_matrix_4pop_strong.csv,0.025,5,578613194
331,26,500,strong,grib_migration_matrix_4pop_strong.csv,0.025,5,578613194
332,27,500,strong,grib_migration_matrix_4pop_strong.csv,0.025,5,578613194
333,28,500,strong,grib_migration_matrix_4pop_strong.csv,0.025,5,578613194
334,29,500,strong,grib_migration_matrix_4pop_strong.csv,0.025,5,578613194
335,30,500,strong,grib_migration_matrix_4pop_strong.csv,0.025,5,578613194
336,31,500,strong,grib_migration_matrix_4pop_strong.csv,0.025,5,578613194
337,32,500,strong,grib_migration_matrix_4pop_strong.csv,0.025,5,578613194
338,33,500,strong,grib_migration_matrix_4pop_strong.csv,0.025,5,578613194
339,34,500,strong,grib_migration_matrix_4pop_strong.csv,0.025,5,578613194
340,35,500,strong,grib_migration_matrix_4pop_strong.csv,0.025,5,578613194
341,36,500,strong,grib_migration_matrix_4pop_strong.csv,0.025,5,578613194
342,37,500,strong,grib_migration_matrix_4pop_strong.csv,0.025,5,578613194
343,38,500,strong,grib_migration_matrix_4pop_strong.csv,0.025,5,578613194
344,39,500,strong,grib_migration_matrix_4pop_strong.csv,0.025,5,578613194
345,40,500,strong,grib_migration_matrix_4pop_strong.csv,0.025,5,578613194
346,41,500,strong,grib_migration_matrix_4pop_strong.csv,0.025,5,578613194
347,42,500,strong,grib_migration_matrix_4pop_strong.csv,0.025,5,578613194
348,43,500,strong,grib_migration_matrix_4pop_strong.csv,0.025,5,578613194
349,44,500,strong,grib_migration_matrix_4pop_strong.csv,0.025,5,578613194
350,45,500,strong,grib_migration_matrix_4pop_strong.csv,0.025,5,578613194
351,46,500,strong,grib_migration_matrix_4pop_strong.csv,0.025,5,578613194
352,47,500,strong,grib_migration_matrix_4pop_strong.csv,0.025,5,578613194
353,48,500,strong,grib_migration_matrix_4pop_strong.csv,0.025,5,578613194
354,49,500,strong,grib_migration_matrix_4pop_strong.csv,0.025,5,578613194
355,50,500,strong,grib_migration_matrix_4pop_strong.csv,0.025,5,578613194
356,51,500,strong,grib_migration_matrix_4pop_strong.csv,0.025,5,578613194
357,52,500,strong,grib_migration_matrix_4pop_strong.csv,0.025,5,578613194
358,53,500,strong,grib_migration_matrix_4pop_strong.csv,0.025,5,578613194
359,54,500,strong,grib_migration_matrix_4pop_strong.csv,0.025,5,578613194
360,55,500,strong,grib_migration_matrix_4pop_strong.csv,0.025,5,578613194
361,56,500,strong,grib_migration_matrix_4pop_strong.csv,0.025,5,578613194
362,57,500,strong,grib_migration_matrix_4pop_strong.csv,0.025,5,578613194
363,58,500,strong,grib_migration_matrix_4pop_strong.csv,0.025,5,578613194
364,59,500,strong,grib_migration_matrix_4pop_strong.csv,0.025,5,578613194
365,60,500,strong,grib_migration_matrix_4pop_strong.csv,0.025,5,578613194
366,61,500,strong,grib_migration_matrix_4pop_strong.csv,0.025,5,578613194
367,62,500,strong,grib_migration_matrix_4pop_strong.csv,0.025,5,578613194
368,63,500,strong,grib_migration_matrix_4pop_strong.csv,0.025,5,578613194
369,64,500,strong,grib_migration_matrix_4pop_strong.csv,0.025,5,578613194
370,65,500,strong,grib_migration_matrix_4pop_strong.csv,0.025,5,578613194
371,66,500,strong,grib_migration_matrix_4pop_strong.csv,0.025,5,578613194
372,67,500,strong,grib_migration_matrix_4pop_strong.csv,0.025,5,578613194
373,68,500,strong,grib_migration_matrix_4pop_strong.csv,0.025,5,578613194
374,69,500,strong,grib_migration_matrix_4pop_strong.csv,0.025,5,578613194
375,70,500,strong,grib_migration_matrix_4pop_strong.csv,0.025,5,578613194
376,71,500,strong,grib_migration_matrix_4pop_strong.csv,0.025,5,578613194
377,72,500,strong,grib_migration_matrix_4pop_strong.csv,0.025,5,578613194
378,73,500,strong,grib_migration_matrix_4pop_strong.csv,0.025,5,578613194
379,74,500,strong,grib_migration_matrix_4pop_strong.csv,0.025,5,578613194
380,75,500,strong,grib_migration_matrix_4pop_strong.csv,0.025,5,578613194
381,0,500,strong,grib_migration_matrix_4pop_strong.csv,0.025,6,286360744
382,1,500,strong,grib_migration_matrix_4pop_strong.csv,0.025,6,286360744
383,2,500,strong,grib_migration_matrix_4pop_strong.csv,0.025,6,286360744
384,3,500,strong,grib_migration_matrix_4pop_strong.csv,0.025,6,286360744
385,4,500,strong,grib_migration_matrix_4pop_strong.csv,0.025,6,286360744
386,5,500,strong,grib_migration_matrix_4pop_strong.csv,0.025,6,286360744
387,6,500,strong,grib_migration_matrix_4pop_strong.csv,0.025,6,286360744
388,7,500,strong,grib_migration_matrix_4pop_strong.csv,0.025,6,286360744
389,8,500,strong,grib_migration_matrix_4pop_strong.csv,0.025,6,286360744
390,9,500,strong,grib_migration_matrix_4pop_strong.csv,0.025,6,286360744
391,10,500,strong,grib_migration_matrix_4pop_strong.csv,0.025,6,286360744
392,11,500,strong,grib_migration_matrix_4pop_strong.csv,0.025,6,286360744
393,12,500,strong,grib_migration_matrix_4pop_strong.csv,0.025,6,286360744
394,13,500,strong,grib_migration_matrix_4pop_strong.csv,0.025,6,286360744
395,14,500,strong,grib_migration_matrix_4pop_strong.csv,0.025,6,286360744
396,15,500,strong,grib_migration_matrix_4pop_strong.csv,0.025,6,286360744
397,16,500,strong,grib_migration_matrix_4pop_strong.csv,0.025,6,286360744
398,17,500,strong,grib_migration_matrix_4pop_strong.csv,0.025,6,286360744
399,18,500,strong,grib_migration_matrix_4pop_strong.csv,0.025,6,286360744
400,19,500,strong,grib_migration_matrix_4pop_strong.csv,0.025,6,286360744
401,20,500,strong,grib_migration_matrix_4pop_strong.csv,0.025,6,286360744
402,21,500,strong,grib_migration_matrix_4pop_strong.csv,0.025,6,286360744
403,22,500,strong,grib_migration_matrix_4pop_strong.csv,0.025,6,286360744
404,23,500,strong,grib_migration_matrix_4pop_strong.csv,0.025,6,286360744
405,24,500,strong,grib_migration_matrix_4pop_strong.csv,0.025,6,286360744
406,25,500,strong,grib_migration_matrix_4pop_strong.csv,0.025,6,286360744
407,26,500,strong,grib_migration_matrix_4pop_strong.csv,0.025,6,286360744
408,27,500,strong,grib_migration_matrix_4pop_strong.csv,0.025,6,286360744
409,28,500,strong,grib_migration_matrix_4pop_strong.csv,0.025,6,286360744
410,29,500,strong,grib_migration_matrix_4pop_strong.csv,0.025,6,286360744
411,30,500,strong,grib_migration_matrix_4pop_strong.csv,0.025,6,286360744
412,31,500,strong,grib_migration_matrix_4pop_strong.csv,0.025,6,286360744
413,32,500,strong,grib_migration_matrix_4pop_strong.csv,0.025,6,286360744
414,33,500,strong,grib_migration_matrix_4pop_strong.csv,0.025,6,286360744
415,34,500,strong,grib_migration_matrix_4pop_strong.csv,0.025,6,286360744
416,35,500,strong,grib_migration_matrix_4pop_strong.csv,0.025,6,286360744
417,36,500,strong,grib_migration_matrix_4pop_strong.csv,0.025,6,286360744
418,37,500,strong,grib_migration_matrix_4pop_strong.csv,0.025,6,286360744
419,38,500,strong,grib_migration_matrix_4pop_strong.csv,0.025,6,286360744
420,39,500,strong,grib_migration_matrix_4pop_strong.csv,0.025,6,286360744
421,40,500,strong,grib_migration_matrix_4pop_strong.csv,0.025,6,286360744
422,41,500,strong,grib_migration_matrix_4pop_strong.csv,0.025,6,286360744
423,42,500,strong,grib_migration_matrix_4pop_strong.csv,0.025,6,286360744
424,43,500,strong,grib_migration_matrix_4pop_strong.csv,0.025,6,286360744
425,44,500,strong,grib_migration_matrix_4pop_strong.csv,0.025,6,286360744
426,45,500,strong,grib_migration_matrix_4pop_strong.csv,0.025,6,286360744
427,46,500,strong,grib_migration_matrix_4pop_strong.csv,0.025,6,286360744
428,47,500,strong,grib_migration_matrix_4pop_strong.csv,0.025,6,286360744
429,48,500,strong,grib_migration_matrix_4pop_strong.csv,0.025,6,286360744
430,49,500,strong,grib_migration_matrix_4pop_strong.csv,0.025,6,286360744
431,50,500,strong,grib_migration_matrix_4pop_strong.csv,0.025,6,286360744
432,51,500,strong,grib_migration_matrix_4pop_strong.csv,0.025,6,286360744
433,52,500,strong,grib_migration_matrix_4pop_strong.csv,0.025,6,286360744
434,53,500,strong,grib_migration_matrix_4pop_strong.csv,0.025,6,286360744
435,54,500,strong,grib_migration_matrix_4pop_strong.csv,0.025,6,286360744
436,55,500,strong,grib_migration_matrix_4pop_strong.csv,0.025,6,286360744
437,56,500,strong,grib_migration_matrix_4pop_strong.csv,0.025,6,286360744
438,57,500,strong,grib_migration_matrix_4pop_strong.csv,0.025,6,286360744
439,58,500,strong,grib_migration_matrix_4pop_strong.csv,0.025,6,286360744
440,59,500,strong,grib_migration_matrix_4pop_strong.csv,0.025,6,286360744
441,60,500,strong,grib_migration_matrix_4pop_strong.csv,0.025,6,286360744
442,61,500,strong,grib_migration_matrix_4pop_strong.csv,0.025,6,286360744
443,62,500,strong,grib_migration_matrix_4pop_strong.csv,0.025,6,286360744
444,63,500,strong,grib_migration_matrix_4pop_strong.csv,0.025,6,286360744
445,64,500,strong,grib_migration_matrix_4pop_strong.csv,0.025,6,286360744
446,65,500,strong,grib_migration_matrix_4pop_strong.csv,0.025,6,286360744
447,66,500,strong,grib_migration_matrix_4pop_strong.csv,0.025,6,286360744
448,67,500,strong,grib_migration_matrix_4pop_strong.csv,0.025,6,286360744
449,68,500,strong,grib_migration_matrix_4pop_strong.csv,0.025,6,286360744
450,69,500,strong,grib_migration_matrix_4pop_strong.csv,0.025,6,286360744
451,70,500,strong,grib_migration_matrix_4pop_strong.csv,0.025,6,286360744
452,71,500,strong,grib_migration_matrix_4pop_strong.csv,0.025,6,286360744
453,72,500,strong,grib_migration_matrix_4pop_strong.csv,0.025,6,286360744
454,73,500,strong,grib_migration_matrix_4pop_strong.csv,0.025,6,286360744
455,74,500,strong,grib_migration_matrix_4pop_strong.csv,0.025,6,286360744
456,75,500,strong,grib_migration_matrix_4pop_strong.csv,0.025,6,286360744
457,0,500,strong,grib_migration_matrix_4pop_strong.csv,0.025,7,1358644245
458,1,500,strong,grib_migration_matrix_4pop_strong.csv,0.025,7,1358644245
459,2,500,strong,grib_migration_matrix_4pop_strong.csv,0.025,7,1358644245
460,3,500,strong,grib_migration_matrix_4pop_strong.csv,0.025,7,1358644245
461,4,500,strong,grib_migration_matrix_4pop_strong.csv,0.025,7,1358644245
462,5,500,strong,grib_migration_matrix_4pop_strong.csv,0.025,7,1358644245
463,6,500,strong,grib_migration_matrix_4pop_strong.csv,0.025,7,1358644245
464,7,500,strong,grib_migration_matrix_4pop_strong.csv,0.025,7,1358644245
465,8,500,strong,grib_migration_matrix_4pop_strong.csv,0.025,7,1358644245
466,9,500,strong,grib_migration_matrix_4pop_strong.csv,0.025,7,1358644245
467,10,500,strong,grib_migration_matrix_4pop_strong.csv,0.025,7,1358644245
468,11,500,strong,grib_migration_matrix_4pop_strong.csv,0.025,7,1358644245
469,12,500,strong,grib_migration_matrix_4pop_strong.csv,0.025,7,1358644245
470,13,500,strong,grib_migration_matrix_4pop_strong.csv,0.025,7,1358644245
471,14,500,strong,grib_migration_matrix_4pop_strong.csv,0.025,7,1358644245
472,15,500,strong,grib_migration_matrix_4pop_strong.csv,0.025,7,1358644245
473,16,500,strong,grib_migration_matrix_4pop_strong.csv,0.025,7,1358644245
474,17,500,strong,grib_migration_matrix_4pop_strong.csv,0.025,7,1358644245
475,18,500,strong,grib_migration_matrix_4pop_strong.csv,0.025,7,1358644245
476,19,500,strong,grib_migration_matrix_4pop_strong.csv,0.025,7,1358644245
477,20,500,strong,grib_migration_matrix_4pop_strong.csv,0.025,7,1358644245
478,21,500,strong,grib_migration_matrix_4pop_strong.csv,0.025,7,1358644245
479,22,500,strong,grib_migration_matrix_4pop_strong.csv,0.025,7,1358644245
480,23,500,strong,grib_migration_matrix_4pop_strong.csv,0.025,7,1358644245
481,24,500,strong,grib_migration_matrix_4pop_strong.csv,0.025,7,1358644245
482,25,500,strong,grib_migration_matrix_4pop_strong.csv,0.025,7,1358644245
483,26,500,strong,grib_migration_matrix_4pop_strong.csv,0.025,7,1358644245
484,27,500,strong,grib_migration_matrix_4pop_strong.csv,0.025,7,1358644245
485,28,500,strong,grib_migration_matrix_4pop_strong.csv,0.025,7,1358644245
486,29,500,strong,grib_migration_matrix_4pop_strong.csv,0.025,7,1358644245
487,30,500,strong,grib_migration_matrix_4pop_strong.csv,0.025,7,1358644245
488,31,500,strong,grib_migration_matrix_4pop_strong.csv,0.025,7,1358644245
489,32,500,strong,grib_migration_matrix_4pop_strong.csv,0.025,7,1358644245
490,33,500,strong,grib_migration_matrix_4pop_strong.csv,0.025,7,1358644245
491,34,500,strong,grib_migration_matrix_4pop_strong.csv,0.025,7,1358644245
492,35,500,strong,grib_migration_matrix_4pop_strong.csv,0.025,7,1358644245
493,36,500,strong,grib_migration_matrix_4pop_strong.csv,0.025,7,1358644245
494,37,500,strong,grib_migration_matrix_4pop_strong.csv,0.025,7,1358644245
495,38,500,strong,grib_migration_matrix_4pop_strong.csv,0.025,7,1358644245
496,39,500,strong,grib_migration_matrix_4pop_strong.csv,0.025,7,1358644245
497,40,500,strong,grib_migration_matrix_4pop_strong.csv,0.025,7,1358644245
498,41,500,strong,grib_migration_matrix_4pop_strong.csv,0.025,7,1358644245
499,42,500,strong,grib_migration_matrix_4pop_strong.csv,0.025,7,1358644245
500,43,500,strong,grib_migration_matrix_4pop_strong.csv,0.025,7,1358644245
501,44,500,strong,grib_migration_matrix_4pop_strong.csv,0.025,7,1358644245
502,45,500,strong,grib_migration_matrix_4pop_strong.csv,0.025,7,1358644245
503,46,500,strong,grib_migration_matrix_4pop_strong.csv,0.025,7,1358644245
504,47,500,strong,grib_migration_matrix_4pop_strong.csv,0.025,7,1358644245
505,48,500,strong,grib_migration_matrix_4pop_strong.csv,0.025,7,1358644245
506,49,500,strong,grib_migration_matrix_4pop_strong.csv,0.025,7,1358644245
507,50,500,strong,grib_migration_matrix_4pop_strong.csv,0.025,7,1358644245
508,51,500,strong,grib_migration_matrix_4pop_strong.csv,0.025,7,1358644245
509,52,500,strong,grib_migration_matrix_4pop_strong.csv,0.025,7,1358644245
510,53,500,strong,grib_migration_matrix_4pop_strong.csv,0.025,7,1358644245
511,54,500,strong,grib_migration_matrix_4pop_strong.csv,0.025,7,1358644245
512,55,500,strong,grib_migration_matrix_4pop_strong.csv,0.025,7,1358644245
513,56,500,strong,grib_migration_matrix_4pop_strong.csv,0.025,7,1358644245
514,57,500,strong,grib_migration_matrix_4pop_strong.csv,0.025,7,1358644245
515,58,500,strong,grib_migration_matrix_4pop_strong.csv,0.025,7,1358644245
516,59,500,strong,grib_migration_matrix_4pop_strong.csv,0.025,7,1358644245
517,60,500,strong,grib_migration_matrix_4pop_strong.csv,0.025,7,1358644245
518,61,500,strong,grib_migration_matrix_4pop_strong.csv,0.025,7,1358644245
519,62,500,strong,grib_migration_matrix_4pop_strong.csv,0.025,7,1358644245
520,63,500,strong,grib_migration_matrix_4pop_strong.csv,0.025,7,1358644245
521,64,500,strong,grib_migration_matrix_4pop_strong.csv,0.025,7,1358644245
522,65,500,strong,grib_migration_matrix_4pop_strong.csv,0.025,7,1358644245
523,66,500,strong,grib_migration_matrix_4pop_strong.csv,0.025,7,1358644245
524,67,500,strong,grib_migration_matrix_4pop_strong.csv,0.025,7,1358644245
525,68,500,strong,grib_migration_matrix_4pop_strong.csv,0.025,7,1358644245
526,69,500,strong,grib_migration_matrix_4pop_strong.csv,0.025,7,1358644245
527,70,500,strong,grib_migration_matrix_4pop_strong.csv,0.025,7,1358644245
528,71,500,strong,grib_migration_matrix_4pop_strong.csv,0.025,7,1358644245
529,72,500,strong,grib_migration_matrix_4pop_strong.csv,0.025,7,1358644245
530,73,500,strong,grib_migration_matrix_4pop_strong.csv,0.025,7,1358644245
531,74,500,strong,grib_migration_matrix_4pop_strong.csv,0.025,7,1358644245
532,75,500,strong,grib_migration_matrix_4pop_strong.csv,0.025,7,1358644245
533,0,500,strong,grib_migration_matrix_4pop_strong.csv,0.025,8,489419186
534,1,500,strong,grib_migration_matrix_4pop_strong.csv,0.025,8,489419186
535,2,500,strong,grib_migration_matrix_4pop_strong.csv,0.025,8,489419186
536,3,500,strong,grib_migration_matrix_4pop_strong.csv,0.025,8,489419186
537,4,500,strong,grib_migration_matrix_4pop_strong.csv,0.025,8,489419186
538,5,500,strong,grib_migration_matrix_4pop_strong.csv,0.025,8,489419186
539,6,500,strong,grib_migration_matrix_4pop_strong.csv,0.025,8,489419186
540,7,500,strong,grib_migration_matrix_4pop_strong.csv,0.025,8,489419186
541,8,500,strong,grib_migration_matrix_4pop_strong.csv,0.025,8,489419186
542,9,500,strong,grib_migration_matrix_4pop_strong.csv,0.025,8,489419186
543,10,500,strong,grib_migration_matrix_4pop_strong.csv,0.025,8,489419186
544,11,500,strong,grib_migration_matrix_4pop_strong.csv,0.025,8,489419186
545,12,500,strong,grib_migration_matrix_4pop_strong.csv,0.025,8,489419186
546,13,500,strong,grib_migration_matrix_4pop_strong.csv,0.025,8,489419186
547,14,500,strong,grib_migration_matrix_4pop_strong.csv,0.025,8,489419186
548,15,500,strong,grib_migration_matrix_4pop_strong.csv,0.025,8,489419186
549,16,500,strong,grib_migration_matrix_4pop_strong.csv,0.025,8,489419186
550,17,500,strong,grib_migration_matrix_4pop_strong.csv,0.025,8,489419186
551,18,500,strong,grib_migration_matrix_4pop_strong.csv,0.025,8,489419186
552,19,500,strong,grib_migration_matrix_4pop_strong.csv,0.025,8,489419186
553,20,500,strong,grib_migration_matrix_4pop_strong.csv,0.025,8,489419186
554,21,500,strong,grib_migration_matrix_4pop_strong.csv,0.025,8,489419186
555,22,500,strong,grib_migration_matrix_4pop_strong.csv,0.025,8,489419186
556,23,500,strong,grib_migration_matrix_4pop_strong.csv,0.025,8,489419186
557,24,500,strong,grib_migration_matrix_4pop_strong.csv,0.025,8,489419186
558,25,500,strong,grib_migration_matrix_4pop_strong.csv,0.025,8,489419186
559,26,500,strong,grib_migration_matrix_4pop_strong.csv,0.025,8,489419186
560,27,500,strong,grib_migration_matrix_4pop_strong.csv,0.025,8,489419186
561,28,500,strong,grib_migration_matrix_4pop_strong.csv,0.025,8,489419186
562,29,500,strong,grib_migration_matrix_4pop_strong.csv,0.025,8,489419186
563,30,500,strong,grib_migration_matrix_4pop_strong.csv,0.025,8,489419186
564,31,500,strong,grib_migration_matrix_4pop_strong.csv,0.025,8,489419186
565,32,500,strong,grib_migration_matrix_4pop_strong.csv,0.025,8,489419186
566,33,500,strong,grib_migration_matrix_4pop_strong.csv,0.025,8,489419186
567,34,500,strong,grib_migration_matrix_4pop_strong.csv,0.025,8,489419186
568,35,500,strong,grib_migration_matrix_4pop_strong.csv,0.025,8,489419186
569,36,500,strong,grib_migration_matrix_4pop_strong.csv,0.025,8,489419186
570,37,500,strong,grib_migration_matrix_4pop_strong.csv,0.025,8,489419186
571,38,500,strong,grib_migration_matrix_4pop_strong.csv,0.025,8,489419186
572,39,500,strong,grib_migration_matrix_4pop_strong.csv,0.025,8,489419186
573,40,500,strong,grib_migration_matrix_4pop_strong.csv,0.025,8,489419186
574,41,500,strong,grib_migration_matrix_4pop_strong.csv,0.025,8,489419186
575,42,500,strong,grib_migration_matrix_4pop_strong.csv,0.025,8,489419186
576,43,500,strong,grib_migration_matrix_4pop_strong.csv,0.025,8,489419186
577,44,500,strong,grib_migration_matrix_4pop_strong.csv,0.025,8,489419186
578,45,500,strong,grib_migration_matrix_4pop_strong.csv,0.025,8,489419186
579,46,500,strong,grib_migration_matrix_4pop_strong.csv,0.025,8,489419186
580,47,500,strong,grib_migration_matrix_4pop_strong.csv,0.025,8,489419186
581,48,500,strong,grib_migration_matrix_4pop_strong.csv,0.025,8,489419186
582,49,500,strong,grib_migration_matrix_4pop_strong.csv,0.025,8,489419186
583,50,500,strong,grib_migration_matrix_4pop_strong.csv,0.025,8,489419186
584,51,500,strong,grib_migration_matrix_4pop_strong.csv,0.025,8,489419186
585,52,500,strong,grib_migration_matrix_4pop_strong.csv,0.025,8,489419186
586,53,500,strong,grib_migration_matrix_4pop_strong.csv,0.025,8,489419186
587,54,500,strong,grib_migration_matrix_4pop_strong.csv,0.025,8,489419186
588,55,500,strong,grib_migration_matrix_4pop_strong.csv,0.025,8,489419186
589,56,500,strong,grib_migration_matrix_4pop_strong.csv,0.025,8,489419186
590,57,500,strong,grib_migration_matrix_4pop_strong.csv,0.025,8,489419186
591,58,500,strong,grib_migration_matrix_4pop_strong.csv,0.025,8,489419186
592,59,500,strong,grib_migration_matrix_4pop_strong.csv,0.025,8,489419186
593,60,500,strong,grib_migration_matrix_4pop_strong.csv,0.025,8,489419186
594,61,500,strong,grib_migration_matrix_4pop_strong.csv,0.025,8,489419186
595,62,500,strong,grib_migration_matrix_4pop_strong.csv,0.025,8,489419186
596,63,500,strong,grib_migration_matrix_4pop_strong.csv,0.025,8,489419186
597,64,500,strong,grib_migration_matrix_4pop_strong.csv,0.025,8,489419186
598,65,500,strong,grib_migration_matrix_4pop_strong.csv,0.025,8,489419186
599,66,500,strong,grib_migration_matrix_4pop_strong.csv,0.025,8,489419186
600,67,500,strong,grib_migration_matrix_4pop_strong.csv,0.025,8,489419186
601,68,500,strong,grib_migration_matrix_4pop_strong.csv,0.025,8,489419186
602,69,500,strong,grib_migration_matrix_4pop_strong.csv,0.025,8,489419186
603,70,500,strong,grib_migration_matrix_4pop_strong.csv,0.025,8,489419186
604,71,500,strong,grib_migration_matrix_4pop_strong.csv,0.025,8,489419186
605,72,500,strong,grib_migration_matrix_4pop_strong.csv,0.025,8,489419186
606,73,500,strong,grib_migration_matrix_4pop_strong.csv,0.025,8,489419186
607,74,500,strong,grib_migration_matrix_4pop_strong.csv,0.025,8,489419186
608,75,500,strong,grib_migration_matrix_4pop_strong.csv,0.025,8,489419186
609,0,500,strong,grib_migration_matrix_4pop_strong.csv,0.025,9,698354397
610,1,500,strong,grib_migration_matrix_4pop_strong.csv,0.025,9,698354397
611,2,500,strong,grib_migration_matrix_4pop_strong.csv,0.025,9,698354397
612,3,500,strong,grib_migration_matrix_4pop_strong.csv,0.025,9,698354397
613,4,500,strong,grib_migration_matrix_4pop_strong.csv,0.025,9,698354397
614,5,500,strong,grib_migration_matrix_4pop_strong.csv,0.025,9,698354397
615,6,500,strong,grib_migration_matrix_4pop_strong.csv,0.025,9,698354397
616,7,500,strong,grib_migration_matrix_4pop_strong.csv,0.025,9,698354397
617,8,500,strong,grib_migration_matrix_4pop_strong.csv,0.025,9,698354397
618,9,500,strong,grib_migration_matrix_4pop_strong.csv,0.025,9,698354397
619,10,500,strong,grib_migration_matrix_4pop_strong.csv,0.025,9,698354397
620,11,500,strong,grib_migration_matrix_4pop_strong.csv,0.025,9,698354397
621,12,500,strong,grib_migration_matrix_4pop_strong.csv,0.025,9,698354397
622,13,500,strong,grib_migration_matrix_4pop_strong.csv,0.025,9,698354397
623,14,500,strong,grib_migration_matrix_4pop_strong.csv,0.025,9,698354397
624,15,500,strong,grib_migration_matrix_4pop_strong.csv,0.025,9,698354397
625,16,500,strong,grib_migration_matrix_4pop_strong.csv,0.025,9,698354397
626,17,500,strong,grib_migration_matrix_4pop_strong.csv,0.025,9,698354397
627,18,500,strong,grib_migration_matrix_4pop_strong.csv,0.025,9,698354397
628,19,500,strong,grib_migration_matrix_4pop_strong.csv,0.025,9,698354397
629,20,500,strong,grib_migration_matrix_4pop_strong.csv,0.025,9,698354397
630,21,500,strong,grib_migration_matrix_4pop_strong.csv,0.025,9,698354397
631,22,500,strong,grib_migration_matrix_4pop_strong.csv,0.025,9,698354397
632,23,500,strong,grib_migration_matrix_4pop_strong.csv,0.025,9,698354397
633,24,500,strong,grib_migration_matrix_4pop_strong.csv,0.025,9,698354397
634,25,500,strong,grib_migration_matrix_4pop_strong.csv,0.025,9,698354397
635,26,500,strong,grib_migration_matrix_4pop_strong.csv,0.025,9,698354397
636,27,500,strong,grib_migration_matrix_4pop_strong.csv,0.025,9,698354397
637,28,500,strong,grib_migration_matrix_4pop_strong.csv,0.025,9,698354397
638,29,500,strong,grib_migration_matrix_4pop_strong.csv,0.025,9,698354397
639,30,500,strong,grib_migration_matrix_4pop_strong.csv,0.025,9,698354397
640,31,500,strong,grib_migration_matrix_4pop_strong.csv,0.025,9,698354397
641,32,500,strong,grib_migration_matrix_4pop_strong.csv,0.025,9,698354397
642,33,500,strong,grib_migration_matrix_4pop_strong.csv,0.025,9,698354397
643,34,500,strong,grib_migration_matrix_4pop_strong.csv,0.025,9,698354397
644,35,500,strong,grib_migration_matrix_4pop_strong.csv,0.025,9,698354397
645,36,500,strong,grib_migration_matrix_4pop_strong.csv,0.025,9,698354397
646,37,500,strong,grib_migration_matrix_4pop_strong.csv,0.025,9,698354397
647,38,500,strong,grib_migration_matrix_4pop_strong.csv,0.025,9,698354397
648,39,500,strong,grib_migration_matrix_4pop_strong.csv,0.025,9,698354397
649,40,500,strong,grib_migration_matrix_4pop_strong.csv,0.025,9,698354397
650,41,500,strong,grib_migration_matrix_4pop_strong.csv,0.025,9,698354397
651,42,500,strong,grib_migration_matrix_4pop_strong.csv,0.025,9,698354397
652,43,500,strong,grib_migration_matrix_4pop_strong.csv,0.025,9,698354397
653,44,500,strong,grib_migration_matrix_4pop_strong.csv,0.025,9,698354397
654,45,500,strong,grib_migration_matrix_4pop_strong.csv,0.025,9,698354397
655,46,500,strong,grib_migration_matrix_4pop_strong.csv,0.025,9,698354397
656,47,500,strong,grib_migration_matrix_4pop_strong.csv,0.025,9,698354397
657,48,500,strong,grib_migration_matrix_4pop_strong.csv,0.025,9,698354397
658,49,500,strong,grib_migration_matrix_4pop_strong.csv,0.025,9,698354397
659,50,500,strong,grib_migration_matrix_4pop_strong.csv,0.025,9,698354397
660,51,500,strong,grib_migration_matrix_4pop_strong.csv,0.025,9,698354397
661,52,500,strong,grib_migration_matrix_4pop_strong.csv,0.025,9,698354397
662,53,500,strong,grib_migration_matrix_4pop_strong.csv,0.025,9,698354397
663,54,500,strong,grib_migration_matrix_4pop_strong.csv,0.025,9,698354397
664,55,500,strong,grib_migration_matrix_4pop_strong.csv,0.025,9,698354397
665,56,500,strong,grib_migration_matrix_4pop_strong.csv,0.025,9,698354397
666,57,500,strong,grib_migration_matrix_4pop_strong.csv,0.025,9,698354397
667,58,500,strong,grib_migration_matrix_4pop_strong.csv,0.025,9,698354397
668,59,500,strong,grib_migration_matrix_4pop_strong.csv,0.025,9,698354397
669,60,500,strong,grib_migration_matrix_4pop_strong.csv,0.025,9,698354397
670,61,500,strong,grib_migration_matrix_4pop_strong.csv,0.025,9,698354397
671,62,500,strong,grib_migration_matrix_4pop_strong.csv,0.025,9,698354397
672,63,500,strong,grib_migration_matrix_4pop_strong.csv,0.025,9,698354397
673,64,500,strong,grib_migration_matrix_4pop_strong.csv,0.025,9,698354397
674,65,500,strong,grib_migration_matrix_4pop_strong.csv,0.025,9,698354397
675,66,500,strong,grib_migration_matrix_4pop_strong.csv,0.025,9,698354397
676,67,500,strong,grib_migration_matrix_4pop_strong.csv,0.025,9,698354397
677,68,500,strong,grib_migration_matrix_4pop_strong.csv,0.025,9,698354397
678,69,500,strong,grib_migration_matrix_4pop_strong.csv,0.025,9,698354397
679,70,500,strong,grib_migration_matrix_4pop_strong.csv,0.025,9,698354397
680,71,500,strong,grib_migration_matrix_4pop_strong.csv,0.025,9,698354397
681,72,500,strong,grib_migration_matrix_4pop_strong.csv,0.025,9,698354397
682,73,500,strong,grib_migration_matrix_4pop_strong.csv,0.025,9,698354397
683,74,500,strong,grib_migration_matrix_4pop_strong.csv,0.025,9,698354397
684,75,500,strong,grib_migration_matrix_4pop_strong.csv,0.025,9,698354397
685,0,500,strong,grib_migration_matrix_4pop_strong.csv,0.025,10,414045252
686,1,500,strong,grib_migration_matrix_4pop_strong.csv,0.025,10,414045252
687,2,500,strong,grib_migration_matrix_4pop_strong.csv,0.025,10,414045252
688,3,500,strong,grib_migration_matrix_4pop_strong.csv,0.025,10,414045252
689,4,500,strong,grib_migration_matrix_4pop_strong.csv,0.025,10,414045252
690,5,500,strong,grib_migration_matrix_4pop_strong.csv,0.025,10,414045252
691,6,500,strong,grib_migration_matrix_4pop_strong.csv,0.025,10,414045252
692,7,500,strong,grib_migration_matrix_4pop_strong.csv,0.025,10,414045252
693,8,500,strong,grib_migration_matrix_4pop_strong.csv,0.025,10,414045252
694,9,500,strong,grib_migration_matrix_4pop_strong.csv,0.025,10,414045252
695,10,500,strong,grib_migration_matrix_4pop_strong.csv,0.025,10,414045252
696,11,500,strong,grib_migration_matrix_4pop_strong.csv,0.025,10,414045252
697,12,500,strong,grib_migration_matrix_4pop_strong.csv,0.025,10,414045252
698,13,500,strong,grib_migration_matrix_4pop_strong.csv,0.025,10,414045252
699,14,500,strong,grib_migration_matrix_4pop_strong.csv,0.025,10,414045252
700,15,500,strong,grib_migration_matrix_4pop_strong.csv,0.025,10,414045252
701,16,500,strong,grib_migration_matrix_4pop_strong.csv,0.025,10,414045252
702,17,500,strong,grib_migration_matrix_4pop_strong.csv,0.025,10,414045252
703,18,500,strong,grib_migration_matrix_4pop_strong.csv,0.025,10,414045252
704,19,500,strong,grib_migration_matrix_4pop_strong.csv,0.025,10,414045252
705,20,500,strong,grib_migration_matrix_4pop_strong.csv,0.025,10,414045252
706,21,500,strong,grib_migration_matrix_4pop_strong.csv,0.025,10,414045252
707,22,500,strong,grib_migration_matrix_4pop_strong.csv,0.025,10,414045252
708,23,500,strong,grib_migration_matrix_4pop_strong.csv,0.025,10,414045252
709,24,500,strong,grib_migration_matrix_4pop_strong.csv,0.025,10,414045252
710,25,500,strong,grib_migration_matrix_4pop_strong.csv,0.025,10,414045252
711,26,500,strong,grib_migration_matrix_4pop_strong.csv,0.025,10,414045252
712,27,500,strong,grib_migration_matrix_4pop_strong.csv,0.025,10,414045252
713,28,500,strong,grib_migration_matrix_4pop_strong.csv,0.025,10,414045252
714,29,500,strong,grib_migration_matrix_4pop_strong.csv,0.025,10,414045252
715,30,500,strong,grib_migration_matrix_4pop_strong.csv,0.025,10,414045252
716,31,500,strong,grib_migration_matrix_4pop_strong.csv,0.025,10,414045252
717,32,500,strong,grib_migration_matrix_4pop_strong.csv,0.025,10,414045252
718,33,500,strong,grib_migration_matrix_4pop_strong.csv,0.025,10,414045252
719,34,500,strong,grib_migration_matrix_4pop_strong.csv,0.025,10,414045252
720,35,500,strong,grib_migration_matrix_4pop_strong.csv,0.025,10,414045252
721,36,500,strong,grib_migration_matrix_4pop_strong.csv,0.025,10,414045252
722,37,500,strong,grib_migration_matrix_4pop_strong.csv,0.025,10,414045252
723,38,500,strong,grib_migration_matrix_4pop_strong.csv,0.025,10,414045252
724,39,500,strong,grib_migration_matrix_4pop_strong.csv,0.025,10,414045252
725,40,500,strong,grib_migration_matrix_4pop_strong.csv,0.025,10,414045252
726,41,500,strong,grib_migration_matrix_4pop_strong.csv,0.025,10,414045252
727,42,500,strong,grib_migration_matrix_4pop_strong.csv,0.025,10,414045252
728,43,500,strong,grib_migration_matrix_4pop_strong.csv,0.025,10,414045252
729,44,500,strong,grib_migration_matrix_4pop_strong.csv,0.025,10,414045252
730,45,500,strong,grib_migration_matrix_4pop_strong.csv,0.025,10,414045252
731,46,500,strong,grib_migration_matrix_4pop_strong.csv,0.025,10,414045252
732,47,500,strong,grib_migration_matrix_4pop_strong.csv,0.025,10,414045252
733,48,500,strong,grib_migration_matrix_4pop_strong.csv,0.025,10,414045252
734,49,500,strong,grib_migration_matrix_4pop_strong.csv,0.025,10,414045252
735,50,500,strong,grib_migration_matrix_4pop_strong.csv,0.025,10,414045252
736,51,500,strong,grib_migration_matrix_4pop_strong.csv,0.025,10,414045252
737,52,500,strong,grib_migration_matrix_4pop_strong.csv,0.025,10,414045252
738,53,500,strong,grib_migration_matrix_4pop_strong.csv,0.025,10,414045252
739,54,500,strong,grib_migration_matrix_4pop_strong.csv,0.025,10,414045252
740,55,500,strong,grib_migration_matrix_4pop_strong.csv,0.025,10,414045252
741,56,500,strong,grib_migration_matrix_4pop_strong.csv,0.025,10,414045252
742,57,500,strong,grib_migration_matrix_4pop_strong.csv,0.025,10,414045252
743,58,500,strong,grib_migration_matrix_4pop_strong.csv,0.025,10,414045252
744,59,500,strong,grib_migration_matrix_4pop_strong.csv,0.025,10,414045252
745,60,500,strong,grib_migration_matrix_4pop_strong.csv,0.025,10,414045252
746,61,500,strong,grib_migration_matrix_4pop_strong.csv,0.025,10,414045252
747,62,500,strong,grib_migration_matrix_4pop_strong.csv,0.025,10,414045252
748,63,500,strong,grib_migration_matrix_4pop_strong.csv,0.025,10,414045252
749,64,500,strong,grib_migration_matrix_4pop_strong.csv,0.025,10,414045252
750,65,500,strong,grib_migration_matrix_4pop_strong.csv,0.025,10,414045252
751,66,500,strong,grib_migration_matrix_4pop_strong.csv,0.025,10,414045252
752,67,500,strong,grib_migration_matrix_4pop_strong.csv,0.025,10,414045252
753,68,500,strong,grib_migration_matrix_4pop_strong.csv,0.025,10,414045252
754,69,500,strong,grib_migration_matrix_4pop_strong.csv,0.025,10,414045252
755,70,500,strong,grib_migration_matrix_4pop_strong.csv,0.025,10,414045252
756,71,500,strong,grib_migration_matrix_4pop_strong.csv,0.025,10,414045252
757,72,500,strong,grib_migration_matrix_4pop_strong.csv,0.025,10,414045252
758,73,500,strong,grib_migration_matrix_4pop_strong.csv,0.025,10,414045252
759,74,500,strong,grib_migration_matrix_4pop_strong.csv,0.025,10,414045252
760,75,500,strong,grib_migration_matrix_4pop_strong.csv,0.025,10,414045252
761,0,500,strong,grib_migration_matrix_4pop_strong.csv,0.05,1,246272763
762,1,500,strong,grib_migration_matrix_4pop_strong.csv,0.05,1,246272763
763,2,500,strong,grib_migration_matrix_4pop_strong.csv,0.05,1,246272763
764,3,500,strong,grib_migration_matrix_4pop_strong.csv,0.05,1,246272763
765,4,500,strong,grib_migration_matrix_4pop_strong.csv,0.05,1,246272763
766,5,500,strong,grib_migration_matrix_4pop_strong.csv,0.05,1,246272763
767,6,500,strong,grib_migration_matrix_4pop_strong.csv,0.05,1,246272763
768,7,500,strong,grib_migration_matrix_4pop_strong.csv,0.05,1,246272763
769,8,500,strong,grib_migration_matrix_4pop_strong.csv,0.05,1,246272763
770,9,500,strong,grib_migration_matrix_4pop_strong.csv,0.05,1,246272763
771,10,500,strong,grib_migration_matrix_4pop_strong.csv,0.05,1,246272763
772,11,500,strong,grib_migration_matrix_4pop_strong.csv,0.05,1,246272763
773,12,500,strong,grib_migration_matrix_4pop_strong.csv,0.05,1,246272763
774,13,500,strong,grib_migration_matrix_4pop_strong.csv,0.05,1,246272763
775,14,500,strong,grib_migration_matrix_4pop_strong.csv,0.05,1,246272763
776,15,500,strong,grib_migration_matrix_4pop_strong.csv,0.05,1,246272763
777,16,500,strong,grib_migration_matrix_4pop_strong.csv,0.05,1,246272763
778,17,500,strong,grib_migration_matrix_4pop_strong.csv,0.05,1,246272763
779,18,500,strong,grib_migration_matrix_4pop_strong.csv,0.05,1,246272763
780,19,500,strong,grib_migration_matrix_4pop_strong.csv,0.05,1,246272763
781,20,500,strong,grib_migration_matrix_4pop_strong.csv,0.05,1,246272763
782,21,500,strong,grib_migration_matrix_4pop_strong.csv,0.05,1,246272763
783,22,500,strong,grib_migration_matrix_4pop_strong.csv,0.05,1,246272763
784,23,500,strong,grib_migration_matrix_4pop_strong.csv,0.05,1,246272763
785,24,500,strong,grib_migration_matrix_4pop_strong.csv,0.05,1,246272763
786,25,500,strong,grib_migration_matrix_4pop_strong.csv,0.05,1,246272763
787,26,500,strong,grib_migration_matrix_4pop_strong.csv,0.05,1,246272763
788,27,500,strong,grib_migration_matrix_4pop_strong.csv,0.05,1,246272763
789,28,500,strong,grib_migration_matrix_4pop_strong.csv,0.05,1,246272763
790,29,500,strong,grib_migration_matrix_4pop_strong.csv,0.05,1,246272763
791,30,500,strong,grib_migration_matrix_4pop_strong.csv,0.05,1,246272763
792,31,500,strong,grib_migration_matrix_4pop_strong.csv,0.05,1,246272763
793,32,500,strong,grib_migration_matrix_4pop_strong.csv,0.05,1,246272763
794,33,500,strong,grib_migration_matrix_4pop_strong.csv,0.05,1,246272763
795,34,500,strong,grib_migration_matrix_4pop_strong.csv,0.05,1,246272763
796,35,500,strong,grib_migration_matrix_4pop_strong.csv,0.05,1,246272763
797,36,500,strong,grib_migration_matrix_4pop_strong.csv,0.05,1,246272763
798,37,500,strong,grib_migration_matrix_4pop_strong.csv,0.05,1,246272763
799,38,500,strong,grib_migration_matrix_4pop_strong.csv,0.05,1,246272763
800,39,500,strong,grib_migration_matrix_4pop_strong.csv,0.05,1,246272763
801,40,500,strong,grib_migration_matrix_4pop_strong.csv,0.05,1,246272763
802,41,500,strong,grib_migration_matrix_4pop_strong.csv,0.05,1,246272763
803,42,500,strong,grib_migration_matrix_4pop_strong.csv,0.05,1,246272763
804,43,500,strong,grib_migration_matrix_4pop_strong.csv,0.05,1,246272763
805,44,500,strong,grib_migration_matrix_4pop_strong.csv,0.05,1,246272763
806,45,500,strong,grib_migration_matrix_4pop_strong.csv,0.05,1,246272763
807,46,500,strong,grib_migration_matrix_4pop_strong.csv,0.05,1,246272763
808,47,500,strong,grib_migration_matrix_4pop_strong.csv,0.05,1,246272763
809,48,500,strong,grib_migration_matrix_4pop_strong.csv,0.05,1,246272763
810,49,500,strong,grib_migration_matrix_4pop_strong.csv,0.05,1,246272763
811,50,500,strong,grib_migration_matrix_4pop_strong.csv,0.05,1,246272763
812,51,500,strong,grib_migration_matrix_4pop_strong.csv,0.05,1,246272763
813,52,500,strong,grib_migration_matrix_4pop_strong.csv,0.05,1,246272763
814,53,500,strong,grib_migration_matrix_4pop_strong.csv,0.05,1,246272763
815,54,500,strong,grib_migration_matrix_4pop_strong.csv,0.05,1,246272763
816,55,500,strong,grib_migration_matrix_4pop_strong.csv,0.05,1,246272763
817,56,500,strong,grib_migration_matrix_4pop_strong.csv,0.05,1,246272763
818,57,500,strong,grib_migration_matrix_4pop_strong.csv,0.05,1,246272763
819,58,500,strong,grib_migration_matrix_4pop_strong.csv,0.05,1,246272763
820,59,500,strong,grib_migration_matrix_4pop_strong.csv,0.05,1,246272763
821,60,500,strong,grib_migration_matrix_4pop_strong.csv,0.05,1,246272763
822,61,500,strong,grib_migration_matrix_4pop_strong.csv,0.05,1,246272763
823,62,500,strong,grib_migration_matrix_4pop_strong.csv,0.05,1,246272763
824,63,500,strong,grib_migration_matrix_4pop_strong.csv,0.05,1,246272763
825,64,500,strong,grib_migration_matrix_4pop_strong.csv,0.05,1,246272763
826,65,500,strong,grib_migration_matrix_4pop_strong.csv,0.05,1,246272763
827,66,500,strong,grib_migration_matrix_4pop_strong.csv,0.05,1,246272763
828,67,500,strong,grib_migration_matrix_4pop_strong.csv,0.05,1,246272763
829,68,500,strong,grib_migration_matrix_4pop_strong.csv,0.05,1,246272763
830,69,500,strong,grib_migration_matrix_4pop_strong.csv,0.05,1,246272763
831,70,500,strong,grib_migration_matrix_4pop_strong.csv,0.05,1,246272763
832,71,500,strong,grib_migration_matrix_4pop_strong.csv,0.05,1,246272763
833,72,500,strong,grib_migration_matrix_4pop_strong.csv,0.05,1,246272763
834,73,500,strong,grib_migration_matrix_4pop_strong.csv,0.05,1,246272763
835,74,500,strong,grib_migration_matrix_4pop_strong.csv,0.05,1,246272763
836,75,500,strong,grib_migration_matrix_4pop_strong.csv,0.05,1,246272763
837,0,500,strong,grib_migration_matrix_4pop_strong.csv,0.05,2,1949987602
838,1,500,strong,grib_migration_matrix_4pop_strong.csv,0.05,2,1949987602
839,2,500,strong,grib_migration_matrix_4pop_strong.csv,0.05,2,1949987602
840,3,500,strong,grib_migration_matrix_4pop_strong.csv,0.05,2,1949987602
841,4,500,strong,grib_migration_matrix_4pop_strong.csv,0.05,2,1949987602
842,5,500,strong,grib_migration_matrix_4pop_strong.csv,0.05,2,1949987602
843,6,500,strong,grib_migration_matrix_4pop_strong.csv,0.05,2,1949987602
844,7,500,strong,grib_migration_matrix_4pop_strong.csv,0.05,2,1949987602
845,8,500,strong,grib_migration_matrix_4pop_strong.csv,0.05,2,1949987602
846,9,500,strong,grib_migration_matrix_4pop_strong.csv,0.05,2,1949987602
847,10,500,strong,grib_migration_matrix_4pop_strong.csv,0.05,2,1949987602
848,11,500,strong,grib_migration_matrix_4pop_strong.csv,0.05,2,1949987602
849,12,500,strong,grib_migration_matrix_4pop_strong.csv,0.05,2,1949987602
850,13,500,strong,grib_migration_matrix_4pop_strong.csv,0.05,2,1949987602
851,14,500,strong,grib_migration_matrix_4pop_strong.csv,0.05,2,1949987602
852,15,500,strong,grib_migration_matrix_4pop_strong.csv,0.05,2,1949987602
853,16,500,strong,grib_migration_matrix_4pop_strong.csv,0.05,2,1949987602
854,17,500,strong,grib_migration_matrix_4pop_strong.csv,0.05,2,1949987602
855,18,500,strong,grib_migration_matrix_4pop_strong.csv,0.05,2,1949987602
856,19,500,strong,grib_migration_matrix_4pop_strong.csv,0.05,2,1949987602
857,20,500,strong,grib_migration_matrix_4pop_strong.csv,0.05,2,1949987602
858,21,500,strong,grib_migration_matrix_4pop_strong.csv,0.05,2,1949987602
859,22,500,strong,grib_migration_matrix_4pop_strong.csv,0.05,2,1949987602
860,23,500,strong,grib_migration_matrix_4pop_strong.csv,0.05,2,1949987602
861,24,500,strong,grib_migration_matrix_4pop_strong.csv,0.05,2,1949987602
862,25,500,strong,grib_migration_matrix_4pop_strong.csv,0.05,2,1949987602
863,26,500,strong,grib_migration_matrix_4pop_strong.csv,0.05,2,1949987602
864,27,500,strong,grib_migration_matrix_4pop_strong.csv,0.05,2,1949987602
865,28,500,strong,grib_migration_matrix_4pop_strong.csv,0.05,2,1949987602
866,29,500,strong,grib_migration_matrix_4pop_strong.csv,0.05,2,1949987602
867,30,500,strong,grib_migration_matrix_4pop_strong.csv,0.05,2,1949987602
868,31,500,strong,grib_migration_matrix_4pop_strong.csv,0.05,2,1949987602
869,32,500,strong,grib_migration_matrix_4pop_strong.csv,0.05,2,1949987602
870,33,500,strong,grib_migration_matrix_4pop_strong.csv,0.05,2,1949987602
871,34,500,strong,grib_migration_matrix_4pop_strong.csv,0.05,2,1949987602
872,35,500,strong,grib_migration_matrix_4pop_strong.csv,0.05,2,1949987602
873,36,500,strong,grib_migration_matrix_4pop_strong.csv,0.05,2,1949987602
874,37,500,strong,grib_migration_matrix_4pop_strong.csv,0.05,2,1949987602
875,38,500,strong,grib_migration_matrix_4pop_strong.csv,0.05,2,1949987602
876,39,500,strong,grib_migration_matrix_4pop_strong.csv,0.05,2,1949987602
877,40,500,strong,grib_migration_matrix_4pop_strong.csv,0.05,2,1949987602
878,41,500,strong,grib_migration_matrix_4pop_strong.csv,0.05,2,1949987602
879,42,500,strong,grib_migration_matrix_4pop_strong.csv,0.05,2,1949987602
880,43,500,strong,grib_migration_matrix_4pop_strong.csv,0.05,2,1949987602
881,44,500,strong,grib_migration_matrix_4pop_strong.csv,0.05,2,1949987602
882,45,500,strong,grib_migration_matrix_4pop_strong.csv,0.05,2,1949987602
883,46,500,strong,grib_migration_matrix_4pop_strong.csv,0.05,2,1949987602
884,47,500,strong,grib_migration_matrix_4pop_strong.csv,0.05,2,1949987602
885,48,500,strong,grib_migration_matrix_4pop_strong.csv,0.05,2,1949987602
886,49,500,strong,grib_migration_matrix_4pop_strong.csv,0.05,2,1949987602
887,50,500,strong,grib_migration_matrix_4pop_strong.csv,0.05,2,1949987602
888,51,500,strong,grib_migration_matrix_4pop_strong.csv,0.05,2,1949987602
889,52,500,strong,grib_migration_matrix_4pop_strong.csv,0.05,2,1949987602
890,53,500,strong,grib_migration_matrix_4pop_strong.csv,0.05,2,1949987602
891,54,500,strong,grib_migration_matrix_4pop_strong.csv,0.05,2,1949987602
892,55,500,strong,grib_migration_matrix_4pop_strong.csv,0.05,2,1949987602
893,56,500,strong,grib_migration_matrix_4pop_strong.csv,0.05,2,1949987602
894,57,500,strong,grib_migration_matrix_4pop_strong.csv,0.05,2,1949987602
895,58,500,strong,grib_migration_matrix_4pop_strong.csv,0.05,2,1949987602
896,59,500,strong,grib_migration_matrix_4pop_strong.csv,0.05,2,1949987602
897,60,500,strong,grib_migration_matrix_4pop_strong.csv,0.05,2,1949987602
898,61,500,strong,grib_migration_matrix_4pop_strong.csv,0.05,2,1949987602
899,62,500,strong,grib_migration_matrix_4pop_strong.csv,0.05,2,1949987602
900,63,500,strong,grib_migration_matrix_4pop_strong.csv,0.05,2,1949987602
901,64,500,strong,grib_migration_matrix_4pop_strong.csv,0.05,2,1949987602
902,65,500,strong,grib_migration_matrix_4pop_strong.csv,0.05,2,1949987602
903,66,500,strong,grib_migration_matrix_4pop_strong.csv,0.05,2,1949987602
904,67,500,strong,grib_migration_matrix_4pop_strong.csv,0.05,2,1949987602
905,68,500,strong,grib_migration_matrix_4pop_strong.csv,0.05,2,1949987602
906,69,500,strong,grib_migration_matrix_4pop_strong.csv,0.05,2,1949987602
907,70,500,strong,grib_migration_matrix_4pop_strong.csv,0.05,2,1949987602
908,71,500,strong,grib_migration_matrix_4pop_strong.csv,0.05,2,1949987602
909,72,500,strong,grib_migration_matrix_4pop_strong.csv,0.05,2,1949987602
910,73,500,strong,grib_migration_matrix_4pop_strong.csv,0.05,2,1949987602
911,74,500,strong,grib_migration_matrix_4pop_strong.csv,0.05,2,1949987602
912,75,500,strong,grib_migration_matrix_4pop_strong.csv,0.05,2,1949987602
913,0,500,strong,grib_migration_matrix_4pop_strong.csv,0.05,3,1793989543
914,1,500,strong,grib_migration_matrix_4pop_strong.csv,0.05,3,1793989543
915,2,500,strong,grib_migration_matrix_4pop_strong.csv,0.05,3,1793989543
916,3,500,strong,grib_migration_matrix_4pop_strong.csv,0.05,3,1793989543
917,4,500,strong,grib_migration_matrix_4pop_strong.csv,0.05,3,1793989543
918,5,500,strong,grib_migration_matrix_4pop_strong.csv,0.05,3,1793989543
919,6,500,strong,grib_migration_matrix_4pop_strong.csv,0.05,3,1793989543
920,7,500,strong,grib_migration_matrix_4pop_strong.csv,0.05,3,1793989543
921,8,500,strong,grib_migration_matrix_4pop_strong.csv,0.05,3,1793989543
922,9,500,strong,grib_migration_matrix_4pop_strong.csv,0.05,3,1793989543
923,10,500,strong,grib_migration_matrix_4pop_strong.csv,0.05,3,1793989543
924,11,500,strong,grib_migration_matrix_4pop_strong.csv,0.05,3,1793989543
925,12,500,strong,grib_migration_matrix_4pop_strong.csv,0.05,3,1793989543
926,13,500,strong,grib_migration_matrix_4pop_strong.csv,0.05,3,1793989543
927,14,500,strong,grib_migration_matrix_4pop_strong.csv,0.05,3,1793989543
928,15,500,strong,grib_migration_matrix_4pop_strong.csv,0.05,3,1793989543
929,16,500,strong,grib_migration_matrix_4pop_strong.csv,0.05,3,1793989543
930,17,500,strong,grib_migration_matrix_4pop_strong.csv,0.05,3,1793989543
931,18,500,strong,grib_migration_matrix_4pop_strong.csv,0.05,3,1793989543
932,19,500,strong,grib_migration_matrix_4pop_strong.csv,0.05,3,1793989543
933,20,500,strong,grib_migration_matrix_4pop_strong.csv,0.05,3,1793989543
934,21,500,strong,grib_migration_matrix_4pop_strong.csv,0.05,3,1793989543
935,22,500,strong,grib_migration_matrix_4pop_strong.csv,0.05,3,1793989543
936,23,500,strong,grib_migration_matrix_4pop_strong.csv,0.05,3,1793989543
937,24,500,strong,grib_migration_matrix_4pop_strong.csv,0.05,3,1793989543
938,25,500,strong,grib_migration_matrix_4pop_strong.csv,0.05,3,1793989543
939,26,500,strong,grib_migration_matrix_4pop_strong.csv,0.05,3,1793989543
940,27,500,strong,grib_migration_matrix_4pop_strong.csv,0.05,3,1793989543
941,28,500,strong,grib_migration_matrix_4pop_strong.csv,0.05,3,1793989543
942,29,500,strong,grib_migration_matrix_4pop_strong.csv,0.05,3,1793989543
943,30,500,strong,grib_migration_matrix_4pop_strong.csv,0.05,3,1793989543
944,31,500,strong,grib_migration_matrix_4pop_strong.csv,0.05,3,1793989543
945,32,500,strong,grib_migration_matrix_4pop_strong.csv,0.05,3,1793989543
946,33,500,strong,grib_migration_matrix_4pop_strong.csv,0.05,3,1793989543
947,34,500,strong,grib_migration_matrix_4pop_strong.csv,0.05,3,1793989543
948,35,500,strong,grib_migration_matrix_4pop_strong.csv,0.05,3,1793989543
949,36,500,strong,grib_migration_matrix_4pop_strong.csv,0.05,3,1793989543
950,37,500,strong,grib_migration_matrix_4pop_strong.csv,0.05,3,1793989543
951,38,500,strong,grib_migration_matrix_4pop_strong.csv,0.05,3,1793989543
952,39,500,strong,grib_migration_matrix_4pop_strong.csv,0.05,3,1793989543
953,40,500,strong,grib_migration_matrix_4pop_strong.csv,0.05,3,1793989543
954,41,500,strong,grib_migration_matrix_4pop_strong.csv,0.05,3,1793989543
955,42,500,strong,grib_migration_matrix_4pop_strong.csv,0.05,3,1793989543
956,43,500,strong,grib_migration_matrix_4pop_strong.csv,0.05,3,1793989543
957,44,500,strong,grib_migration_matrix_4pop_strong.csv,0.05,3,1793989543
958,45,500,strong,grib_migration_matrix_4pop_strong.csv,0.05,3,1793989543
959,46,500,strong,grib_migration_matrix_4pop_strong.csv,0.05,3,1793989543
960,47,500,strong,grib_migration_matrix_4pop_strong.csv,0.05,3,1793989543
961,48,500,strong,grib_migration_matrix_4pop_strong.csv,0.05,3,1793989543
962,49,500,strong,grib_migration_matrix_4pop_strong.csv,0.05,3,1793989543
963,50,500,strong,grib_migration_matrix_4pop_strong.csv,0.05,3,1793989543
964,51,500,strong,grib_migration_matrix_4pop_strong.csv,0.05,3,1793989543
965,52,500,strong,grib_migration_matrix_4pop_strong.csv,0.05,3,1793989543
966,53,500,strong,grib_migration_matrix_4pop_strong.csv,0.05,3,1793989543
967,54,500,strong,grib_migration_matrix_4pop_strong.csv,0.05,3,1793989543
968,55,500,strong,grib_migration_matrix_4pop_strong.csv,0.05,3,1793989543
969,56,500,strong,grib_migration_matrix_4pop_strong.csv,0.05,3,1793989543
970,57,500,strong,grib_migration_matrix_4pop_strong.csv,0.05,3,1793989543
971,58,500,strong,grib_migration_matrix_4pop_strong.csv,0.05,3,1793989543
972,59,500,strong,grib_migration_matrix_4pop_strong.csv,0.05,3,1793989543
973,60,500,strong,grib_migration_matrix_4pop_strong.csv,0.05,3,1793989543
974,61,500,strong,grib_migration_matrix_4pop_strong.csv,0.05,3,1793989543
975,62,500,strong,grib_migration_matrix_4pop_strong.csv,0.05,3,1793989543
976,63,500,strong,grib_migration_matrix_4pop_strong.csv,0.05,3,1793989543
977,64,500,strong,grib_migration_matrix_4pop_strong.csv,0.05,3,1793989543
978,65,500,strong,grib_migration_matrix_4pop_strong.csv,0.05,3,1793989543
979,66,500,strong,grib_migration_matrix_4pop_strong.csv,0.05,3,1793989543
980,67,500,strong,grib_migration_matrix_4pop_strong.csv,0.05,3,1793989543
981,68,500,strong,grib_migration_matrix_4pop_strong.csv,0.05,3,1793989543
982,69,500,strong,grib_migration_matrix_4pop_strong.csv,0.05,3,1793989543
983,70,500,strong,grib_migration_matrix_4pop_strong.csv,0.05,3,1793989543
984,71,500,strong,grib_migration_matrix_4pop_strong.csv,0.05,3,1793989543
985,72,500,strong,grib_migration_matrix_4pop_strong.csv,0.05,3,1793989543
986,73,500,strong,grib_migration_matrix_4pop_strong.csv,0.05,3,1793989543
987,74,500,strong,grib_migration_matrix_4pop_strong.csv,0.05,3,1793989543
988,75,500,strong,grib_migration_matrix_4pop_strong.csv,0.05,3,1793989543
989,0,500,strong,grib_migration_matrix_4pop_strong.csv,0.05,4,203015528
990,1,500,strong,grib_migration_matrix_4pop_strong.csv,0.05,4,203015528
991,2,500,strong,grib_migration_matrix_4pop_strong.csv,0.05,4,203015528
992,3,500,strong,grib_migration_matrix_4pop_strong.csv,0.05,4,203015528
993,4,500,strong,grib_migration_matrix_4pop_strong.csv,0.05,4,203015528
994,5,500,strong,grib_migration_matrix_4pop_strong.csv,0.05,4,203015528
995,6,500,strong,grib_migration_matrix_4pop_strong.csv,0.05,4,203015528
996,7,500,strong,grib_migration_matrix_4pop_strong.csv,0.05,4,203015528
997,8,500,strong,grib_migration_matrix_4pop_strong.csv,0.05,4,203015528
998,9,500,strong,grib_migration_matrix_4pop_strong.csv,0.05,4,203015528
999,10,500,strong,grib_migration_matrix_4pop_strong.csv,0.05,4,203015528
1000,11,500,strong,grib_migration_matrix_4pop_strong.csv,0.05,4,203015528
1001,12,500,strong,grib_migration_matrix_4pop_strong.csv,0.05,4,203015528
1002,13,500,strong,grib_migration_matrix_4pop_strong.csv,0.05,4,203015528
1003,14,500,strong,grib_migration_matrix_4pop_strong.csv,0.05,4,203015528
1004,15,500,strong,grib_migration_matrix_4pop_strong.csv,0.05,4,203015528
1005,16,500,strong,grib_migration_matrix_4pop_strong.csv,0.05,4,203015528
1006,17,500,strong,grib_migration_matrix_4pop_strong.csv,0.05,4,203015528
1007,18,500,strong,grib_migration_matrix_4pop_strong.csv,0.05,4,203015528
1008,19,500,strong,grib_migration_matrix_4pop_strong.csv,0.05,4,203015528
1009,20,500,strong,grib_migration_matrix_4pop_strong.csv,0.05,4,203015528
1010,21,500,strong,grib_migration_matrix_4pop_strong.csv,0.05,4,203015528
1011,22,500,strong,grib_migration_matrix_4pop_strong.csv,0.05,4,203015528
1012,23,500,strong,grib_migration_matrix_4pop_strong.csv,0.05,4,203015528
1013,24,500,strong,grib_migration_matrix_4pop_strong.csv,0.05,4,203015528
1014,25,500,strong,grib_migration_matrix_4pop_strong.csv,0.05,4,203015528
1015,26,500,strong,grib_migration_matrix_4pop_strong.csv,0.05,4,203015528
1016,27,500,strong,grib_migration_matrix_4pop_strong.csv,0.05,4,203015528
1017,28,500,strong,grib_migration_matrix_4pop_strong.csv,0.05,4,203015528
1018,29,500,strong,grib_migration_matrix_4pop_strong.csv,0.05,4,203015528
1019,30,500,strong,grib_migration_matrix_4pop_strong.csv,0.05,4,203015528
1020,31,500,strong,grib_migration_matrix_4pop_strong.csv,0.05,4,203015528
1021,32,500,strong,grib_migration_matrix_4pop_strong.csv,0.05,4,203015528
1022,33,500,strong,grib_migration_matrix_4pop_strong.csv,0.05,4,203015528
1023,34,500,strong,grib_migration_matrix_4pop_strong.csv,0.05,4,203015528
1024,35,500,strong,grib_migration_matrix_4pop_strong.csv,0.05,4,203015528
1025,36,500,strong,grib_migration_matrix_4pop_strong.csv,0.05,4,203015528
1026,37,500,strong,grib_migration_matrix_4pop_strong.csv,0.05,4,203015528
1027,38,500,strong,grib_migration_matrix_4pop_strong.csv,0.05,4,203015528
1028,39,500,strong,grib_migration_matrix_4pop_strong.csv,0.05,4,203015528
1029,40,500,strong,grib_migration_matrix_4pop_strong.csv,0.05,4,203015528
1030,41,500,strong,grib_migration_matrix_4pop_strong.csv,0.05,4,203015528
1031,42,500,strong,grib_migration_matrix_4pop_strong.csv,0.05,4,203015528
1032,43,500,strong,grib_migration_matrix_4pop_strong.csv,0.05,4,203015528
1033,44,500,strong,grib_migration_matrix_4pop_strong.csv,0.05,4,203015528
1034,45,500,strong,grib_migration_matrix_4pop_strong.csv,0.05,4,203015528
1035,46,500,strong,grib_migration_matrix_4pop_strong.csv,0.05,4,203015528
1036,47,500,strong,grib_migration_matrix_4pop_strong.csv,0.05,4,203015528
1037,48,500,strong,grib_migration_matrix_4pop_strong.csv,0.05,4,203015528
1038,49,500,strong,grib_migration_matrix_4pop_strong.csv,0.05,4,203015528
1039,50,500,strong,grib_migration_matrix_4pop_strong.csv,0.05,4,203015528
1040,51,500,strong,grib_migration_matrix_4pop_strong.csv,0.05,4,203015528
1041,52,500,strong,grib_migration_matrix_4pop_strong.csv,0.05,4,203015528
1042,53,500,strong,grib_migration_matrix_4pop_strong.csv,0.05,4,203015528
1043,54,500,strong,grib_migration_matrix_4pop_strong.csv,0.05,4,203015528
1044,55,500,strong,grib_migration_matrix_4pop_strong.csv,0.05,4,203015528
1045,56,500,strong,grib_migration_matrix_4pop_strong.csv,0.05,4,203015528
1046,57,500,strong,grib_migration_matrix_4pop_strong.csv,0.05,4,203015528
1047,58,500,strong,grib_migration_matrix_4pop_strong.csv,0.05,4,203015528
1048,59,500,strong,grib_migration_matrix_4pop_strong.csv,0.05,4,203015528
1049,60,500,strong,grib_migration_matrix_4pop_strong.csv,0.05,4,203015528
1050,61,500,strong,grib_migration_matrix_4pop_strong.csv,0.05,4,203015528
1051,62,500,strong,grib_migration_matrix_4pop_strong.csv,0.05,4,203015528
1052,63,500,strong,grib_migration_matrix_4pop_strong.csv,0.05,4,203015528
1053,64,500,strong,grib_migration_matrix_4pop_strong.csv,0.05,4,203015528
1054,65,500,strong,grib_migration_matrix_4pop_strong.csv,0.05,4,203015528
1055,66,500,strong,grib_migration_matrix_4pop_strong.csv,0.05,4,203015528
1056,67,500,strong,grib_migration_matrix_4pop_strong.csv,0.05,4,203015528
1057,68,500,strong,grib_migration_matrix_4pop_strong.csv,0.05,4,203015528
1058,69,500,strong,grib_migration_matrix_4pop_strong.csv,0.05,4,203015528
1059,70,500,strong,grib_migration_matrix_4pop_strong.csv,0.05,4,203015528
1060,71,500,strong,grib_migration_matrix_4pop_strong.csv,0.05,4,203015528
1061,72,500,strong,grib_migration_matrix_4pop_strong.csv,0.05,4,203015528
1062,73,500,strong,grib_migration_matrix_4pop_strong.csv,0.05,4,203015528
1063,74,500,strong,grib_migration_matrix_4pop_strong.csv,0.05,4,203015528
1064,75,500,strong,grib_migration_matrix_4pop_strong.csv,0.05,4,203015528
1065,0,500,strong,grib_migration_matrix_4pop_strong.csv,0.05,5,1655143566
1066,1,500,strong,grib_migration_matrix_4pop_strong.csv,0.05,5,1655143566
1067,2,500,strong,grib_migration_matrix_4pop_strong.csv,0.05,5,1655143566
1068,3,500,strong,grib_migration_matrix_4pop_strong.csv,0.05,5,1655143566
1069,4,500,strong,grib_migration_matrix_4pop_strong.csv,0.05,5,1655143566
1070,5,500,strong,grib_migration_matrix_4pop_strong.csv,0.05,5,1655143566
1071,6,500,strong,grib_migration_matrix_4pop_strong.csv,0.05,5,1655143566
1072,7,500,strong,grib_migration_matrix_4pop_strong.csv,0.05,5,1655143566
1073,8,500,strong,grib_migration_matrix_4pop_strong.csv,0.05,5,1655143566
1074,9,500,strong,grib_migration_matrix_4pop_strong.csv,0.05,5,1655143566
1075,10,500,strong,grib_migration_matrix_4pop_strong.csv,0.05,5,1655143566
1076,11,500,strong,grib_migration_matrix_4pop_strong.csv,0.05,5,1655143566
1077,12,500,strong,grib_migration_matrix_4pop_strong.csv,0.05,5,1655143566
1078,13,500,strong,grib_migration_matrix_4pop_strong.csv,0.05,5,1655143566
1079,14,500,strong,grib_migration_matrix_4pop_strong.csv,0.05,5,1655143566
1080,15,500,strong,grib_migration_matrix_4pop_strong.csv,0.05,5,1655143566
1081,16,500,strong,grib_migration_matrix_4pop_strong.csv,0.05,5,1655143566
1082,17,500,strong,grib_migration_matrix_4pop_strong.csv,0.05,5,1655143566
1083,18,500,strong,grib_migration_matrix_4pop_strong.csv,0.05,5,1655143566
1084,19,500,strong,grib_migration_matrix_4pop_strong.csv,0.05,5,1655143566
1085,20,500,strong,grib_migration_matrix_4pop_strong.csv,0.05,5,1655143566
1086,21,500,strong,grib_migration_matrix_4pop_strong.csv,0.05,5,1655143566
1087,22,500,strong,grib_migration_matrix_4pop_strong.csv,0.05,5,1655143566
1088,23,500,strong,grib_migration_matrix_4pop_strong.csv,0.05,5,1655143566
1089,24,500,strong,grib_migration_matrix_4pop_strong.csv,0.05,5,1655143566
1090,25,500,strong,grib_migration_matrix_4pop_strong.csv,0.05,5,1655143566
1091,26,500,strong,grib_migration_matrix_4pop_strong.csv,0.05,5,1655143566
1092,27,500,strong,grib_migration_matrix_4pop_strong.csv,0.05,5,1655143566
1093,28,500,strong,grib_migration_matrix_4pop_strong.csv,0.05,5,1655143566
1094,29,500,strong,grib_migration_matrix_4pop_strong.csv,0.05,5,1655143566
1095,30,500,strong,grib_migration_matrix_4pop_strong.csv,0.05,5,1655143566
1096,31,500,strong,grib_migration_matrix_4pop_strong.csv,0.05,5,1655143566
1097,32,500,strong,grib_migration_matrix_4pop_strong.csv,0.05,5,1655143566
1098,33,500,strong,grib_migration_matrix_4pop_strong.csv,0.05,5,1655143566
1099,34,500,strong,grib_migration_matrix_4pop_strong.csv,0.05,5,1655143566
1100,35,500,strong,grib_migration_matrix_4pop_strong.csv,0.05,5,1655143566
1101,36,500,strong,grib_migration_matrix_4pop_strong.csv,0.05,5,1655143566
1102,37,500,strong,grib_migration_matrix_4pop_strong.csv,0.05,5,1655143566
1103,38,500,strong,grib_migration_matrix_4pop_strong.csv,0.05,5,1655143566
1104,39,500,strong,grib_migration_matrix_4pop_strong.csv,0.05,5,1655143566
1105,40,500,strong,grib_migration_matrix_4pop_strong.csv,0.05,5,1655143566
1106,41,500,strong,grib_migration_matrix_4pop_strong.csv,0.05,5,1655143566
1107,42,500,strong,grib_migration_matrix_4pop_strong.csv,0.05,5,1655143566
1108,43,500,strong,grib_migration_matrix_4pop_strong.csv,0.05,5,1655143566
1109,44,500,strong,grib_migration_matrix_4pop_strong.csv,0.05,5,1655143566
1110,45,500,strong,grib_migration_matrix_4pop_strong.csv,0.05,5,1655143566
1111,46,500,strong,grib_migration_matrix_4pop_strong.csv,0.05,5,1655143566
1112,47,500,strong,grib_migration_matrix_4pop_strong.csv,0.05,5,1655143566
1113,48,500,strong,grib_migration_matrix_4pop_strong.csv,0.05,5,1655143566
1114,49,500,strong,grib_migration_matrix_4pop_strong.csv,0.05,5,1655143566
1115,50,500,strong,grib_migration_matrix_4pop_strong.csv,0.05,5,1655143566
1116,51,500,strong,grib_migration_matrix_4pop_strong.csv,0.05,5,1655143566
1117,52,500,strong,grib_migration_matrix_4pop_strong.csv,0.05,5,1655143566
1118,53,500,strong,grib_migration_matrix_4pop_strong.csv,0.05,5,1655143566
1119,54,500,strong,grib_migration_matrix_4pop_strong.csv,0.05,5,1655143566
1120,55,500,strong,grib_migration_matrix_4pop_strong.csv,0.05,5,1655143566
1121,56,500,strong,grib_migration_matrix_4pop_strong.csv,0.05,5,1655143566
1122,57,500,strong,grib_migration_matrix_4pop_strong.csv,0.05,5,1655143566
1123,58,500,strong,grib_migration_matrix_4pop_strong.csv,0.05,5,1655143566
1124,59,500,strong,grib_migration_matrix_4pop_strong.csv,0.05,5,1655143566
1125,60,500,strong,grib_migration_matrix_4pop_strong.csv,0.05,5,1655143566
1126,61,500,strong,grib_migration_matrix_4pop_strong.csv,0.05,5,1655143566
1127,62,500,strong,grib_migration_matrix_4pop_strong.csv,0.05,5,1655143566
1128,63,500,strong,grib_migration_matrix_4pop_strong.csv,0.05,5,1655143566
1129,64,500,strong,grib_migration_matrix_4pop_strong.csv,0.05,5,1655143566
1130,65,500,strong,grib_migration_matrix_4pop_strong.csv,0.05,5,1655143566
1131,66,500,strong,grib_migration_matrix_4pop_strong.csv,0.05,5,1655143566
1132,67,500,strong,grib_migration_matrix_4pop_strong.csv,0.05,5,1655143566
1133,68,500,strong,grib_migration_matrix_4pop_strong.csv,0.05,5,1655143566
1134,69,500,strong,grib_migration_matrix_4pop_strong.csv,0.05,5,1655143566
1135,70,500,strong,grib_migration_matrix_4pop_strong.csv,0.05,5,1655143566
1136,71,500,strong,grib_migration_matrix_4pop_strong.csv,0.05,5,1655143566
1137,72,500,strong,grib_migration_matrix_4pop_strong.csv,0.05,5,1655143566
1138,73,500,strong,grib_migration_matrix_4pop_strong.csv,0.05,5,1655143566
1139,74,500,strong,grib_migration_matrix_4pop_strong.csv,0.05,5,1655143566
1140,75,500,strong,grib_migration_matrix_4pop_strong.csv,0.05,5,1655143566
1141,0,500,strong,grib_migration_matrix_4pop_strong.csv,0.05,6,710312512
1142,1,500,strong,grib_migration_matrix_4pop_strong.csv,0.05,6,710312512
1143,2,500,strong,grib_migration_matrix_4pop_strong.csv,0.05,6,710312512
1144,3,500,strong,grib_migration_matrix_4pop_strong.csv,0.05,6,710312512
1145,4,500,strong,grib_migration_matrix_4pop_strong.csv,0.05,6,710312512
1146,5,500,strong,grib_migration_matrix_4pop_strong.csv,0.05,6,710312512
1147,6,500,strong,grib_migration_matrix_4pop_strong.csv,0.05,6,710312512
1148,7,500,strong,grib_migration_matrix_4pop_strong.csv,0.05,6,710312512
1149,8,500,strong,grib_migration_matrix_4pop_strong.csv,0.05,6,710312512
1150,9,500,strong,grib_migration_matrix_4pop_strong.csv,0.05,6,710312512
1151,10,500,strong,grib_migration_matrix_4pop_strong.csv,0.05,6,710312512
1152,11,500,strong,grib_migration_matrix_4pop_strong.csv,0.05,6,710312512
1153,12,500,strong,grib_migration_matrix_4pop_strong.csv,0.05,6,710312512
1154,13,500,strong,grib_migration_matrix_4pop_strong.csv,0.05,6,710312512
1155,14,500,strong,grib_migration_matrix_4pop_strong.csv,0.05,6,710312512
1156,15,500,strong,grib_migration_matrix_4pop_strong.csv,0.05,6,710312512
1157,16,500,strong,grib_migration_matrix_4pop_strong.csv,0.05,6,710312512
1158,17,500,strong,grib_migration_matrix_4pop_strong.csv,0.05,6,710312512
1159,18,500,strong,grib_migration_matrix_4pop_strong.csv,0.05,6,710312512
1160,19,500,strong,grib_migration_matrix_4pop_strong.csv,0.05,6,710312512
1161,20,500,strong,grib_migration_matrix_4pop_strong.csv,0.05,6,710312512
1162,21,500,strong,grib_migration_matrix_4pop_strong.csv,0.05,6,710312512
1163,22,500,strong,grib_migration_matrix_4pop_strong.csv,0.05,6,710312512
1164,23,500,strong,grib_migration_matrix_4pop_strong.csv,0.05,6,710312512
1165,24,500,strong,grib_migration_matrix_4pop_strong.csv,0.05,6,710312512
1166,25,500,strong,grib_migration_matrix_4pop_strong.csv,0.05,6,710312512
1167,26,500,strong,grib_migration_matrix_4pop_strong.csv,0.05,6,710312512
1168,27,500,strong,grib_migration_matrix_4pop_strong.csv,0.05,6,710312512
1169,28,500,strong,grib_migration_matrix_4pop_strong.csv,0.05,6,710312512
1170,29,500,strong,grib_migration_matrix_4pop_strong.csv,0.05,6,710312512
1171,30,500,strong,grib_migration_matrix_4pop_strong.csv,0.05,6,710312512
1172,31,500,strong,grib_migration_matrix_4pop_strong.csv,0.05,6,710312512
1173,32,500,strong,grib_migration_matrix_4pop_strong.csv,0.05,6,710312512
1174,33,500,strong,grib_migration_matrix_4pop_strong.csv,0.05,6,710312512
1175,34,500,strong,grib_migration_matrix_4pop_strong.csv,0.05,6,710312512
1176,35,500,strong,grib_migration_matrix_4pop_strong.csv,0.05,6,710312512
1177,36,500,strong,grib_migration_matrix_4pop_strong.csv,0.05,6,710312512
1178,37,500,strong,grib_migration_matrix_4pop_strong.csv,0.05,6,710312512
1179,38,500,strong,grib_migration_matrix_4pop_strong.csv,0.05,6,710312512
1180,39,500,strong,grib_migration_matrix_4pop_strong.csv,0.05,6,710312512
1181,40,500,strong,grib_migration_matrix_4pop_strong.csv,0.05,6,710312512
1182,41,500,strong,grib_migration_matrix_4pop_strong.csv,0.05,6,710312512
1183,42,500,strong,grib_migration_matrix_4pop_strong.csv,0.05,6,710312512
1184,43,500,strong,grib_migration_matrix_4pop_strong.csv,0.05,6,710312512
1185,44,500,strong,grib_migration_matrix_4pop_strong.csv,0.05,6,710312512
1186,45,500,strong,grib_migration_matrix_4pop_strong.csv,0.05,6,710312512
1187,46,500,strong,grib_migration_matrix_4pop_strong.csv,0.05,6,710312512
1188,47,500,strong,grib_migration_matrix_4pop_strong.csv,0.05,6,710312512
1189,48,500,strong,grib_migration_matrix_4pop_strong.csv,0.05,6,710312512
1190,49,500,strong,grib_migration_matrix_4pop_strong.csv,0.05,6,710312512
1191,50,500,strong,grib_migration_matrix_4pop_strong.csv,0.05,6,710312512
1192,51,500,strong,grib_migration_matrix_4pop_strong.csv,0.05,6,710312512
1193,52,500,strong,grib_migration_matrix_4pop_strong.csv,0.05,6,710312512
1194,53,500,strong,grib_migration_matrix_4pop_strong.csv,0.05,6,710312512
1195,54,500,strong,grib_migration_matrix_4pop_strong.csv,0.05,6,710312512
1196,55,500,strong,grib_migration_matrix_4pop_strong.csv,0.05,6,710312512
1197,56,500,strong,grib_migration_matrix_4pop_strong.csv,0.05,6,710312512
1198,57,500,strong,grib_migration_matrix_4pop_strong.csv,0.05,6,710312512
1199,58,500,strong,grib_migration_matrix_4pop_strong.csv,0.05,6,710312512
1200,59,500,strong,grib_migration_matrix_4pop_strong.csv,0.05,6,710312512
1201,60,500,strong,grib_migration_matrix_4pop_strong.csv,0.05,6,710312512
1202,61,500,strong,grib_migration_matrix_4pop_strong.csv,0.05,6,710312512
1203,62,500,strong,grib_migration_matrix_4pop_strong.csv,0.05,6,710312512
1204,63,500,strong,grib_migration_matrix_4pop_strong.csv,0.05,6,710312512
1205,64,500,strong,grib_migration_matrix_4pop_strong.csv,0.05,6,710312512
1206,65,500,strong,grib_migration_matrix_4pop_strong.csv,0.05,6,710312512
1207,66,500,strong,grib_migration_matrix_4pop_strong.csv,0.05,6,710312512
1208,67,500,strong,grib_migration_matrix_4pop_strong.csv,0.05,6,710312512
1209,68,500,strong,grib_migration_matrix_4pop_strong.csv,0.05,6,710312512
1210,69,500,strong,grib_migration_matrix_4pop_strong.csv,0.05,6,710312512
1211,70,500,strong,grib_migration_matrix_4pop_strong.csv,0.05,6,710312512
1212,71,500,strong,grib_migration_matrix_4pop_strong.csv,0.05,6,710312512
1213,72,500,strong,grib_migration_matrix_4pop_strong.csv,0.05,6,710312512
1214,73,500,strong,grib_migration_matrix_4pop_strong.csv,0.05,6,710312512
1215,74,500,strong,grib_migration_matrix_4pop_strong.csv,0.05,6,710312512
1216,75,500,strong,grib_migration_matrix_4pop_strong.csv,0.05,6,710312512
1217,0,500,strong,grib_migration_matrix_4pop_strong.csv,0.05,7,786894041
1218,1,500,strong,grib_migration_matrix_4pop_strong.csv,0.05,7,786894041
1219,2,500,strong,grib_migration_matrix_4pop_strong.csv,0.05,7,786894041
1220,3,500,strong,grib_migration_matrix_4pop_strong.csv,0.05,7,786894041
1221,4,500,strong,grib_migration_matrix_4pop_strong.csv,0.05,7,786894041
1222,5,500,strong,grib_migration_matrix_4pop_strong.csv,0.05,7,786894041
1223,6,500,strong,grib_migration_matrix_4pop_strong.csv,0.05,7,786894041
1224,7,500,strong,grib_migration_matrix_4pop_strong.csv,0.05,7,786894041
1225,8,500,strong,grib_migration_matrix_4pop_strong.csv,0.05,7,786894041
1226,9,500,strong,grib_migration_matrix_4pop_strong.csv,0.05,7,786894041
1227,10,500,strong,grib_migration_matrix_4pop_strong.csv,0.05,7,786894041
1228,11,500,strong,grib_migration_matrix_4pop_strong.csv,0.05,7,786894041
1229,12,500,strong,grib_migration_matrix_4pop_strong.csv,0.05,7,786894041
1230,13,500,strong,grib_migration_matrix_4pop_strong.csv,0.05,7,786894041
1231,14,500,strong,grib_migration_matrix_4pop_strong.csv,0.05,7,786894041
1232,15,500,strong,grib_migration_matrix_4pop_strong.csv,0.05,7,786894041
1233,16,500,strong,grib_migration_matrix_4pop_strong.csv,0.05,7,786894041
1234,17,500,strong,grib_migration_matrix_4pop_strong.csv,0.05,7,786894041
1235,18,500,strong,grib_migration_matrix_4pop_strong.csv,0.05,7,786894041
1236,19,500,strong,grib_migration_matrix_4pop_strong.csv,0.05,7,786894041
1237,20,500,strong,grib_migration_matrix_4pop_strong.csv,0.05,7,786894041
1238,21,500,strong,grib_migration_matrix_4pop_strong.csv,0.05,7,786894041
1239,22,500,strong,grib_migration_matrix_4pop_strong.csv,0.05,7,786894041
1240,23,500,strong,grib_migration_matrix_4pop_strong.csv,0.05,7,786894041
1241,24,500,strong,grib_migration_matrix_4pop_strong.csv,0.05,7,786894041
1242,25,500,strong,grib_migration_matrix_4pop_strong.csv,0.05,7,786894041
1243,26,500,strong,grib_migration_matrix_4pop_strong.csv,0.05,7,786894041
1244,27,500,strong,grib_migration_matrix_4pop_strong.csv,0.05,7,786894041
1245,28,500,strong,grib_migration_matrix_4pop_strong.csv,0.05,7,786894041
1246,29,500,strong,grib_migration_matrix_4pop_strong.csv,0.05,7,786894041
1247,30,500,strong,grib_migration_matrix_4pop_strong.csv,0.05,7,786894041
1248,31,500,strong,grib_migration_matrix_4pop_strong.csv,0.05,7,786894041
1249,32,500,strong,grib_migration_matrix_4pop_strong.csv,0.05,7,786894041
1250,33,500,strong,grib_migration_matrix_4pop_strong.csv,0.05,7,786894041
1251,34,500,strong,grib_migration_matrix_4pop_strong.csv,0.05,7,786894041
1252,35,500,strong,grib_migration_matrix_4pop_strong.csv,0.05,7,786894041
1253,36,500,strong,grib_migration_matrix_4pop_strong.csv,0.05,7,786894041
1254,37,500,strong,grib_migration_matrix_4pop_strong.csv,0.05,7,786894041
1255,38,500,strong,grib_migration_matrix_4pop_strong.csv,0.05,7,786894041
1256,39,500,strong,grib_migration_matrix_4pop_strong.csv,0.05,7,786894041
1257,40,500,strong,grib_migration_matrix_4pop_strong.csv,0.05,7,786894041
1258,41,500,strong,grib_migration_matrix_4pop_strong.csv,0.05,7,786894041
1259,42,500,strong,grib_migration_matrix_4pop_strong.csv,0.05,7,786894041
1260,43,500,strong,grib_migration_matrix_4pop_strong.csv,0.05,7,786894041
1261,44,500,strong,grib_migration_matrix_4pop_strong.csv,0.05,7,786894041
1262,45,500,strong,grib_migration_matrix_4pop_strong.csv,0.05,7,786894041
1263,46,500,strong,grib_migration_matrix_4pop_strong.csv,0.05,7,786894041
1264,47,500,strong,grib_migration_matrix_4pop_strong.csv,0.05,7,786894041
1265,48,500,strong,grib_migration_matrix_4pop_strong.csv,0.05,7,786894041
1266,49,500,strong,grib_migration_matrix_4pop_strong.csv,0.05,7,786894041
1267,50,500,strong,grib_migration_matrix_4pop_strong.csv,0.05,7,786894041
1268,51,500,strong,grib_migration_matrix_4pop_strong.csv,0.05,7,786894041
1269,52,500,strong,grib_migration_matrix_4pop_strong.csv,0.05,7,786894041
1270,53,500,strong,grib_migration_matrix_4pop_strong.csv,0.05,7,786894041
1271,54,500,strong,grib_migration_matrix_4pop_strong.csv,0.05,7,786894041
1272,55,500,strong,grib_migration_matrix_4pop_strong.csv,0.05,7,786894041
1273,56,500,strong,grib_migration_matrix_4pop_strong.csv,0.05,7,786894041
1274,57,500,strong,grib_migration_matrix_4pop_strong.csv,0.05,7,786894041
1275,58,500,strong,grib_migration_matrix_4pop_strong.csv,0.05,7,786894041
1276,59,500,strong,grib_migration_matrix_4pop_strong.csv,0.05,7,786894041
1277,60,500,strong,grib_migration_matrix_4pop_strong.csv,0.05,7,786894041
1278,61,500,strong,grib_migration_matrix_4pop_strong.csv,0.05,7,786894041
1279,62,500,strong,grib_migration_matrix_4pop_strong.csv,0.05,7,786894041
1280,63,500,strong,grib_migration_matrix_4pop_strong.csv,0.05,7,786894041
1281,64,500,strong,grib_migration_matrix_4pop_strong.csv,0.05,7,786894041
1282,65,500,strong,grib_migration_matrix_4pop_strong.csv,0.05,7,786894041
1283,66,500,strong,grib_migration_matrix_4pop_strong.csv,0.05,7,786894041
1284,67,500,strong,grib_migration_matrix_4pop_strong.csv,0.05,7,786894041
1285,68,500,strong,grib_migration_matrix_4pop_strong.csv,0.05,7,786894041
1286,69,500,strong,grib_migration_matrix_4pop_strong.csv,0.05,7,786894041
1287,70,500,strong,grib_migration_matrix_4pop_strong.csv,0.05,7,786894041
1288,71,500,strong,grib_migration_matrix_4pop_strong.csv,0.05,7,786894041
1289,72,500,strong,grib_migration_matrix_4pop_strong.csv,0.05,7,786894041
1290,73,500,strong,grib_migration_matrix_4pop_strong.csv,0.05,7,786894041
1291,74,500,strong,grib_migration_matrix_4pop_strong.csv,0.05,7,786894041
1292,75,500,strong,grib_migration_matrix_4pop_strong.csv,0.05,7,786894041
1293,0,500,strong,grib_migration_matrix_4pop_strong.csv,0.05,8,111240673
1294,1,500,strong,grib_migration_matrix_4pop_strong.csv,0.05,8,111240673
1295,2,500,strong,grib_migration_matrix_4pop_strong.csv,0.05,8,111240673
1296,3,500,strong,grib_migration_matrix_4pop_strong.csv,0.05,8,111240673
1297,4,500,strong,grib_migration_matrix_4pop_strong.csv,0.05,8,111240673
1298,5,500,strong,grib_migration_matrix_4pop_strong.csv,0.05,8,111240673
1299,6,500,strong,grib_migration_matrix_4pop_strong.csv,0.05,8,111240673
1300,7,500,strong,grib_migration_matrix_4pop_strong.csv,0.05,8,111240673
1301,8,500,strong,grib_migration_matrix_4pop_strong.csv,0.05,8,111240673
1302,9,500,strong,grib_migration_matrix_4pop_strong.csv,0.05,8,111240673
1303,10,500,strong,grib_migration_matrix_4pop_strong.csv,0.05,8,111240673
1304,11,500,strong,grib_migration_matrix_4pop_strong.csv,0.05,8,111240673
1305,12,500,strong,grib_migration_matrix_4pop_strong.csv,0.05,8,111240673
1306,13,500,strong,grib_migration_matrix_4pop_strong.csv,0.05,8,111240673
1307,14,500,strong,grib_migration_matrix_4pop_strong.csv,0.05,8,111240673
1308,15,500,strong,grib_migration_matrix_4pop_strong.csv,0.05,8,111240673
1309,16,500,strong,grib_migration_matrix_4pop_strong.csv,0.05,8,111240673
1310,17,500,strong,grib_migration_matrix_4pop_strong.csv,0.05,8,111240673
1311,18,500,strong,grib_migration_matrix_4pop_strong.csv,0.05,8,111240673
1312,19,500,strong,grib_migration_matrix_4pop_strong.csv,0.05,8,111240673
1313,20,500,strong,grib_migration_matrix_4pop_strong.csv,0.05,8,111240673
1314,21,500,strong,grib_migration_matrix_4pop_strong.csv,0.05,8,111240673
1315,22,500,strong,grib_migration_matrix_4pop_strong.csv,0.05,8,111240673
1316,23,500,strong,grib_migration_matrix_4pop_strong.csv,0.05,8,111240673
1317,24,500,strong,grib_migration_matrix_4pop_strong.csv,0.05,8,111240673
1318,25,500,strong,grib_migration_matrix_4pop_strong.csv,0.05,8,111240673
1319,26,500,strong,grib_migration_matrix_4pop_strong.csv,0.05,8,111240673
1320,27,500,strong,grib_migration_matrix_4pop_strong.csv,0.05,8,111240673
1321,28,500,strong,grib_migration_matrix_4pop_strong.csv,0.05,8,111240673
1322,29,500,strong,grib_migration_matrix_4pop_strong.csv,0.05,8,111240673
1323,30,500,strong,grib_migration_matrix_4pop_strong.csv,0.05,8,111240673
1324,31,500,strong,grib_migration_matrix_4pop_strong.csv,0.05,8,111240673
1325,32,500,strong,grib_migration_matrix_4pop_strong.csv,0.05,8,111240673
1326,33,500,strong,grib_migration_matrix_4pop_strong.csv,0.05,8,111240673
1327,34,500,strong,grib_migration_matrix_4pop_strong.csv,0.05,8,111240673
1328,35,500,strong,grib_migration_matrix_4pop_strong.csv,0.05,8,111240673
1329,36,500,strong,grib_migration_matrix_4pop_strong.csv,0.05,8,111240673
1330,37,500,strong,grib_migration_matrix_4pop_strong.csv,0.05,8,111240673
1331,38,500,strong,grib_migration_matrix_4pop_strong.csv,0.05,8,111240673
1332,39,500,strong,grib_migration_matrix_4pop_strong.csv,0.05,8,111240673
1333,40,500,strong,grib_migration_matrix_4pop_strong.csv,0.05,8,111240673
1334,41,500,strong,grib_migration_matrix_4pop_strong.csv,0.05,8,111240673
1335,42,500,strong,grib_migration_matrix_4pop_strong.csv,0.05,8,111240673
1336,43,500,strong,grib_migration_matrix_4pop_strong.csv,0.05,8,111240673
1337,44,500,strong,grib_migration_matrix_4pop_strong.csv,0.05,8,111240673
1338,45,500,strong,grib_migration_matrix_4pop_strong.csv,0.05,8,111240673
1339,46,500,strong,grib_migration_matrix_4pop_strong.csv,0.05,8,111240673
1340,47,500,strong,grib_migration_matrix_4pop_strong.csv,0.05,8,111240673
1341,48,500,strong,grib_migration_matrix_4pop_strong.csv,0.05,8,111240673
1342,49,500,strong,grib_migration_matrix_4pop_strong.csv,0.05,8,111240673
1343,50,500,strong,grib_migration_matrix_4pop_strong.csv,0.05,8,111240673
1344,51,500,strong,grib_migration_matrix_4pop_strong.csv,0.05,8,111240673
1345,52,500,strong,grib_migration_matrix_4pop_strong.csv,0.05,8,111240673
1346,53,500,strong,grib_migration_matrix_4pop_strong.csv,0.05,8,111240673
1347,54,500,strong,grib_migration_matrix_4pop_strong.csv,0.05,8,111240673
1348,55,500,strong,grib_migration_matrix_4pop_strong.csv,0.05,8,111240673
1349,56,500,strong,grib_migration_matrix_4pop_strong.csv,0.05,8,111240673
1350,57,500,strong,grib_migration_matrix_4pop_strong.csv,0.05,8,111240673
1351,58,500,strong,grib_migration_matrix_4pop_strong.csv,0.05,8,111240673
1352,59,500,strong,grib_migration_matrix_4pop_strong.csv,0.05,8,111240673
1353,60,500,strong,grib_migration_matrix_4pop_strong.csv,0.05,8,111240673
1354,61,500,strong,grib_migration_matrix_4pop_strong.csv,0.05,8,111240673
1355,62,500,strong,grib_migration_matrix_4pop_strong.csv,0.05,8,111240673
1356,63,500,strong,grib_migration_matrix_4pop_strong.csv,0.05,8,111240673
1357,64,500,strong,grib_migration_matrix_4pop_strong.csv,0.05,8,111240673
1358,65,500,strong,grib_migration_matrix_4pop_strong.csv,0.05,8,111240673
1359,66,500,strong,grib_migration_matrix_4pop_strong.csv,0.05,8,111240673
1360,67,500,strong,grib_migration_matrix_4pop_strong.csv,0.05,8,111240673
1361,68,500,strong,grib_migration_matrix_4pop_strong.csv,0.05,8,111240673
1362,69,500,strong,grib_migration_matrix_4pop_strong.csv,0.05,8,111240673
1363,70,500,strong,grib_migration_matrix_4pop_strong.csv,0.05,8,111240673
1364,71,500,strong,grib_migration_matrix_4pop_strong.csv,0.05,8,111240673
1365,72,500,strong,grib_migration_matrix_4pop_strong.csv,0.05,8,111240673
1366,73,500,strong,grib_migration_matrix_4pop_strong.csv,0.05,8,111240673
1367,74,500,strong,grib_migration_matrix_4pop_strong.csv,0.05,8,111240673
1368,75,500,strong,grib_migration_matrix_4pop_strong.csv,0.05,8,111240673
1369,0,500,strong,grib_migration_matrix_4pop_strong.csv,0.05,9,735618950
1370,1,500,strong,grib_migration_matrix_4pop_strong.csv,0.05,9,735618950
1371,2,500,strong,grib_migration_matrix_4pop_strong.csv,0.05,9,735618950
1372,3,500,strong,grib_migration_matrix_4pop_strong.csv,0.05,9,735618950
1373,4,500,strong,grib_migration_matrix_4pop_strong.csv,0.05,9,735618950
1374,5,500,strong,grib_migration_matrix_4pop_strong.csv,0.05,9,735618950
1375,6,500,strong,grib_migration_matrix_4pop_strong.csv,0.05,9,735618950
1376,7,500,strong,grib_migration_matrix_4pop_strong.csv,0.05,9,735618950
1377,8,500,strong,grib_migration_matrix_4pop_strong.csv,0.05,9,735618950
1378,9,500,strong,grib_migration_matrix_4pop_strong.csv,0.05,9,735618950
1379,10,500,strong,grib_migration_matrix_4pop_strong.csv,0.05,9,735618950
1380,11,500,strong,grib_migration_matrix_4pop_strong.csv,0.05,9,735618950
1381,12,500,strong,grib_migration_matrix_4pop_strong.csv,0.05,9,735618950
1382,13,500,strong,grib_migration_matrix_4pop_strong.csv,0.05,9,735618950
1383,14,500,strong,grib_migration_matrix_4pop_strong.csv,0.05,9,735618950
1384,15,500,strong,grib_migration_matrix_4pop_strong.csv,0.05,9,735618950
1385,16,500,strong,grib_migration_matrix_4pop_strong.csv,0.05,9,735618950
1386,17,500,strong,grib_migration_matrix_4pop_strong.csv,0.05,9,735618950
1387,18,500,strong,grib_migration_matrix_4pop_strong.csv,0.05,9,735618950
1388,19,500,strong,grib_migration_matrix_4pop_strong.csv,0.05,9,735618950
1389,20,500,strong,grib_migration_matrix_4pop_strong.csv,0.05,9,735618950
1390,21,500,strong,grib_migration_matrix_4pop_strong.csv,0.05,9,735618950
1391,22,500,strong,grib_migration_matrix_4pop_strong.csv,0.05,9,735618950
1392,23,500,strong,grib_migration_matrix_4pop_strong.csv,0.05,9,735618950
1393,24,500,strong,grib_migration_matrix_4pop_strong.csv,0.05,9,735618950
1394,25,500,strong,grib_migration_matrix_4pop_strong.csv,0.05,9,735618950
1395,26,500,strong,grib_migration_matrix_4pop_strong.csv,0.05,9,735618950
1396,27,500,strong,grib_migration_matrix_4pop_strong.csv,0.05,9,735618950
1397,28,500,strong,grib_migration_matrix_4pop_strong.csv,0.05,9,735618950
1398,29,500,strong,grib_migration_matrix_4pop_strong.csv,0.05,9,735618950
1399,30,500,strong,grib_migration_matrix_4pop_strong.csv,0.05,9,735618950
1400,31,500,strong,grib_migration_matrix_4pop_strong.csv,0.05,9,735618950
1401,32,500,strong,grib_migration_matrix_4pop_strong.csv,0.05,9,735618950
1402,33,500,strong,grib_migration_matrix_4pop_strong.csv,0.05,9,735618950
1403,34,500,strong,grib_migration_matrix_4pop_strong.csv,0.05,9,735618950
1404,35,500,strong,grib_migration_matrix_4pop_strong.csv,0.05,9,735618950
1405,36,500,strong,grib_migration_matrix_4pop_strong.csv,0.05,9,735618950
1406,37,500,strong,grib_migration_matrix_4pop_strong.csv,0.05,9,735618950
1407,38,500,strong,grib_migration_matrix_4pop_strong.csv,0.05,9,735618950
1408,39,500,strong,grib_migration_matrix_4pop_strong.csv,0.05,9,735618950
1409,40,500,strong,grib_migration_matrix_4pop_strong.csv,0.05,9,735618950
1410,41,500,strong,grib_migration_matrix_4pop_strong.csv,0.05,9,735618950
1411,42,500,strong,grib_migration_matrix_4pop_strong.csv,0.05,9,735618950
1412,43,500,strong,grib_migration_matrix_4pop_strong.csv,0.05,9,735618950
1413,44,500,strong,grib_migration_matrix_4pop_strong.csv,0.05,9,735618950
1414,45,500,strong,grib_migration_matrix_4pop_strong.csv,0.05,9,735618950
1415,46,500,strong,grib_migration_matrix_4pop_strong.csv,0.05,9,735618950
1416,47,500,strong,grib_migration_matrix_4pop_strong.csv,0.05,9,735618950
1417,48,500,strong,grib_migration_matrix_4pop_strong.csv,0.05,9,735618950
1418,49,500,strong,grib_migration_matrix_4pop_strong.csv,0.05,9,735618950
1419,50,500,strong,grib_migration_matrix_4pop_strong.csv,0.05,9,735618950
1420,51,500,strong,grib_migration_matrix_4pop_strong.csv,0.05,9,735618950
1421,52,500,strong,grib_migration_matrix_4pop_strong.csv,0.05,9,735618950
1422,53,500,strong,grib_migration_matrix_4pop_strong.csv,0.05,9,735618950
1423,54,500,strong,grib_migration_matrix_4pop_strong.csv,0.05,9,735618950
1424,55,500,strong,grib_migration_matrix_4pop_strong.csv,0.05,9,735618950
1425,56,500,strong,grib_migration_matrix_4pop_strong.csv,0.05,9,735618950
1426,57,500,strong,grib_migration_matrix_4pop_strong.csv,0.05,9,735618950
1427,58,500,strong,grib_migration_matrix_4pop_strong.csv,0.05,9,735618950
1428,59,500,strong,grib_migration_matrix_4pop_strong.csv,0.05,9,735618950
1429,60,500,strong,grib_migration_matrix_4pop_strong.csv,0.05,9,735618950
1430,61,500,strong,grib_migration_matrix_4pop_strong.csv,0.05,9,735618950
1431,62,500,strong,grib_migration_matrix_4pop_strong.csv,0.05,9,735618950
1432,63,500,strong,grib_migration_matrix_4pop_strong.csv,0.05,9,735618950
1433,64,500,strong,grib_migration_matrix_4pop_strong.csv,0.05,9,735618950
1434,65,500,strong,grib_migration_matrix_4pop_strong.csv,0.05,9,735618950
1435,66,500,strong,grib_migration_matrix_4pop_strong.csv,0.05,9,735618950
1436,67,500,strong,grib_migration_matrix_4pop_strong.csv,0.05,9,735618950
1437,68,500,strong,grib_migration_matrix_4pop_strong.csv,0.05,9,735618950
1438,69,500,strong,grib_migration_matrix_4pop_strong.csv,0.05,9,735618950
1439,70,500,strong,grib_migration_matrix_4pop_strong.csv,0.05,9,735618950
1440,71,500,strong,grib_migration_matrix_4pop_strong.csv,0.05,9,735618950
1441,72,500,strong,grib_migration_matrix_4pop_strong.csv,0.05,9,735618950
1442,73,500,strong,grib_migration_matrix_4pop_strong.csv,0.05,9,735618950
1443,74,500,strong,grib_migration_matrix_4pop_strong.csv,0.05,9,735618950
1444,75,500,strong,grib_migration_matrix_4pop_strong.csv,0.05,9,735618950
1445,0,500,strong,grib_migration_matrix_4pop_strong.csv,0.05,10,1778603718
1446,1,500,strong,grib_migration_matrix_4pop_strong.csv,0.05,10,1778603718
1447,2,500,strong,grib_migration_matrix_4pop_strong.csv,0.05,10,1778603718
1448,3,500,strong,grib_migration_matrix_4pop_strong.csv,0.05,10,1778603718
1449,4,500,strong,grib_migration_matrix_4pop_strong.csv,0.05,10,1778603718
1450,5,500,strong,grib_migration_matrix_4pop_strong.csv,0.05,10,1778603718
1451,6,500,strong,grib_migration_matrix_4pop_strong.csv,0.05,10,1778603718
1452,7,500,strong,grib_migration_matrix_4pop_strong.csv,0.05,10,1778603718
1453,8,500,strong,grib_migration_matrix_4pop_strong.csv,0.05,10,1778603718
1454,9,500,strong,grib_migration_matrix_4pop_strong.csv,0.05,10,1778603718
1455,10,500,strong,grib_migration_matrix_4pop_strong.csv,0.05,10,1778603718
1456,11,500,strong,grib_migration_matrix_4pop_strong.csv,0.05,10,1778603718
1457,12,500,strong,grib_migration_matrix_4pop_strong.csv,0.05,10,1778603718
1458,13,500,strong,grib_migration_matrix_4pop_strong.csv,0.05,10,1778603718
1459,14,500,strong,grib_migration_matrix_4pop_strong.csv,0.05,10,1778603718
1460,15,500,strong,grib_migration_matrix_4pop_strong.csv,0.05,10,1778603718
1461,16,500,strong,grib_migration_matrix_4pop_strong.csv,0.05,10,1778603718
1462,17,500,strong,grib_migration_matrix_4pop_strong.csv,0.05,10,1778603718
1463,18,500,strong,grib_migration_matrix_4pop_strong.csv,0.05,10,1778603718
1464,19,500,strong,grib_migration_matrix_4pop_strong.csv,0.05,10,1778603718
1465,20,500,strong,grib_migration_matrix_4pop_strong.csv,0.05,10,1778603718
1466,21,500,strong,grib_migration_matrix_4pop_strong.csv,0.05,10,1778603718
1467,22,500,strong,grib_migration_matrix_4pop_strong.csv,0.05,10,1778603718
1468,23,500,strong,grib_migration_matrix_4pop_strong.csv,0.05,10,1778603718
1469,24,500,strong,grib_migration_matrix_4pop_strong.csv,0.05,10,1778603718
1470,25,500,strong,grib_migration_matrix_4pop_strong.csv,0.05,10,1778603718
1471,26,500,strong,grib_migration_matrix_4pop_strong.csv,0.05,10,1778603718
1472,27,500,strong,grib_migration_matrix_4pop_strong.csv,0.05,10,1778603718
1473,28,500,strong,grib_migration_matrix_4pop_strong.csv,0.05,10,1778603718
1474,29,500,strong,grib_migration_matrix_4pop_strong.csv,0.05,10,1778603718
1475,30,500,strong,grib_migration_matrix_4pop_strong.csv,0.05,10,1778603718
1476,31,500,strong,grib_migration_matrix_4pop_strong.csv,0.05,10,1778603718
1477,32,500,strong,grib_migration_matrix_4pop_strong.csv,0.05,10,1778603718
1478,33,500,strong,grib_migration_matrix_4pop_strong.csv,0.05,10,1778603718
1479,34,500,strong,grib_migration_matrix_4pop_strong.csv,0.05,10,1778603718
1480,35,500,strong,grib_migration_matrix_4pop_strong.csv,0.05,10,1778603718
1481,36,500,strong,grib_migration_matrix_4pop_strong.csv,0.05,10,1778603718
1482,37,500,strong,grib_migration_matrix_4pop_strong.csv,0.05,10,1778603718
1483,38,500,strong,grib_migration_matrix_4pop_strong.csv,0.05,10,1778603718
1484,39,500,strong,grib_migration_matrix_4pop_strong.csv,0.05,10,1778603718
1485,40,500,strong,grib_migration_matrix_4pop_strong.csv,0.05,10,1778603718
1486,41,500,strong,grib_migration_matrix_4pop_strong.csv,0.05,10,1778603718
1487,42,500,strong,grib_migration_matrix_4pop_strong.csv,0.05,10,1778603718
1488,43,500,strong,grib_migration_matrix_4pop_strong.csv,0.05,10,1778603718
1489,44,500,strong,grib_migration_matrix_4pop_strong.csv,0.05,10,1778603718
1490,45,500,strong,grib_migration_matrix_4pop_strong.csv,0.05,10,1778603718
1491,46,500,strong,grib_migration_matrix_4pop_strong.csv,0.05,10,1778603718
1492,47,500,strong,grib_migration_matrix_4pop_strong.csv,0.05,10,1778603718
1493,48,500,strong,grib_migration_matrix_4pop_strong.csv,0.05,10,1778603718
1494,49,500,strong,grib_migration_matrix_4pop_strong.csv,0.05,10,1778603718
1495,50,500,strong,grib_migration_matrix_4pop_strong.csv,0.05,10,1778603718
1496,51,500,strong,grib_migration_matrix_4pop_strong.csv,0.05,10,1778603718
1497,52,500,strong,grib_migration_matrix_4pop_strong.csv,0.05,10,1778603718
1498,53,500,strong,grib_migration_matrix_4pop_strong.csv,0.05,10,1778603718
1499,54,500,strong,grib_migration_matrix_4pop_strong.csv,0.05,10,1778603718
1500,55,500,strong,grib_migration_matrix_4pop_strong.csv,0.05,10,1778603718
1501,56,500,strong,grib_migration_matrix_4pop_strong.csv,0.05,10,1778603718
1502,57,500,strong,grib_migration_matrix_4pop_strong.csv,0.05,10,1778603718
1503,58,500,strong,grib_migration_matrix_4pop_strong.csv,0.05,10,1778603718
1504,59,500,strong,grib_migration_matrix_4pop_strong.csv,0.05,10,1778603718
1505,60,500,strong,grib_migration_matrix_4pop_strong.csv,0.05,10,1778603718
1506,61,500,strong,grib_migration_matrix_4pop_strong.csv,0.05,10,1778603718
1507,62,500,strong,grib_migration_matrix_4pop_strong.csv,0.05,10,1778603718
1508,63,500,strong,grib_migration_matrix_4pop_strong.csv,0.05,10,1778603718
1509,64,500,strong,grib_migration_matrix_4pop_strong.csv,0.05,10,1778603718
1510,65,500,strong,grib_migration_matrix_4pop_strong.csv,0.05,10,1778603718
1511,66,500,strong,grib_migration_matrix_4pop_strong.csv,0.05,10,1778603718
1512,67,500,strong,grib_migration_matrix_4pop_strong.csv,0.05,10,1778603718
1513,68,500,strong,grib_migration_matrix_4pop_strong.csv,0.05,10,1778603718
1514,69,500,strong,grib_migration_matrix_4pop_strong.csv,0.05,10,1778603718
1515,70,500,strong,grib_migration_matrix_4pop_strong.csv,0.05,10,1778603718
1516,71,500,strong,grib_migration_matrix_4pop_strong.csv,0.05,10,1778603718
1517,72,500,strong,grib_migration_matrix_4pop_strong.csv,0.05,10,1778603718
1518,73,500,strong,grib_migration_matrix_4pop_strong.csv,0.05,10,1778603718
1519,74,500,strong,grib_migration_matrix_4pop_strong.csv,0.05,10,1778603718
1520,75,500,strong,grib_migration_matrix_4pop_strong.csv,0.05,10,1778603718
1521,0,500,weak,grib_migration_matrix_4pop_weak.csv,0.025,1,133579196
1522,1,500,weak,grib_migration_matrix_4pop_weak.csv,0.025,1,133579196
1523,2,500,weak,grib_migration_matrix_4pop_weak.csv,0.025,1,133579196
1524,3,500,weak,grib_migration_matrix_4pop_weak.csv,0.025,1,133579196
1525,4,500,weak,grib_migration_matrix_4pop_weak.csv,0.025,1,133579196
1526,5,500,weak,grib_migration_matrix_4pop_weak.csv,0.025,1,133579196
1527,6,500,weak,grib_migration_matrix_4pop_weak.csv,0.025,1,133579196
1528,7,500,weak,grib_migration_matrix_4pop_weak.csv,0.025,1,133579196
1529,8,500,weak,grib_migration_matrix_4pop_weak.csv,0.025,1,133579196
1530,9,500,weak,grib_migration_matrix_4pop_weak.csv,0.025,1,133579196
1531,10,500,weak,grib_migration_matrix_4pop_weak.csv,0.025,1,133579196
1532,11,500,weak,grib_migration_matrix_4pop_weak.csv,0.025,1,133579196
1533,12,500,weak,grib_migration_matrix_4pop_weak.csv,0.025,1,133579196
1534,13,500,weak,grib_migration_matrix_4pop_weak.csv,0.025,1,133579196
1535,14,500,weak,grib_migration_matrix_4pop_weak.csv,0.025,1,133579196
1536,15,500,weak,grib_migration_matrix_4pop_weak.csv,0.025,1,133579196
1537,16,500,weak,grib_migration_matrix_4pop_weak.csv,0.025,1,133579196
1538,17,500,weak,grib_migration_matrix_4pop_weak.csv,0.025,1,133579196
1539,18,500,weak,grib_migration_matrix_4pop_weak.csv,0.025,1,133579196
1540,19,500,weak,grib_migration_matrix_4pop_weak.csv,0.025,1,133579196
1541,20,500,weak,grib_migration_matrix_4pop_weak.csv,0.025,1,133579196
1542,21,500,weak,grib_migration_matrix_4pop_weak.csv,0.025,1,133579196
1543,22,500,weak,grib_migration_matrix_4pop_weak.csv,0.025,1,133579196
1544,23,500,weak,grib_migration_matrix_4pop_weak.csv,0.025,1,133579196
1545,24,500,weak,grib_migration_matrix_4pop_weak.csv,0.025,1,133579196
1546,25,500,weak,grib_migration_matrix_4pop_weak.csv,0.025,1,133579196
1547,26,500,weak,grib_migration_matrix_4pop_weak.csv,0.025,1,133579196
1548,27,500,weak,grib_migration_matrix_4pop_weak.csv,0.025,1,133579196
1549,28,500,weak,grib_migration_matrix_4pop_weak.csv,0.025,1,133579196
1550,29,500,weak,grib_migration_matrix_4pop_weak.csv,0.025,1,133579196
1551,30,500,weak,grib_migration_matrix_4pop_weak.csv,0.025,1,133579196
1552,31,500,weak,grib_migration_matrix_4pop_weak.csv,0.025,1,133579196
1553,32,500,weak,grib_migration_matrix_4pop_weak.csv,0.025,1,133579196
1554,33,500,weak,grib_migration_matrix_4pop_weak.csv,0.025,1,133579196
1555,34,500,weak,grib_migration_matrix_4pop_weak.csv,0.025,1,133579196
1556,35,500,weak,grib_migration_matrix_4pop_weak.csv,0.025,1,133579196
1557,36,500,weak,grib_migration_matrix_4pop_weak.csv,0.025,1,133579196
1558,37,500,weak,grib_migration_matrix_4pop_weak.csv,0.025,1,133579196
1559,38,500,weak,grib_migration_matrix_4pop_weak.csv,0.025,1,133579196
1560,39,500,weak,grib_migration_matrix_4pop_weak.csv,0.025,1,133579196
1561,40,500,weak,grib_migration_matrix_4pop_weak.csv,0.025,1,133579196
1562,41,500,weak,grib_migration_matrix_4pop_weak.csv,0.025,1,133579196
1563,42,500,weak,grib_migration_matrix_4pop_weak.csv,0.025,1,133579196
1564,43,500,weak,grib_migration_matrix_4pop_weak.csv,0.025,1,133579196
1565,44,500,weak,grib_migration_matrix_4pop_weak.csv,0.025,1,133579196
1566,45,500,weak,grib_migration_matrix_4pop_weak.csv,0.025,1,133579196
1567,46,500,weak,grib_migration_matrix_4pop_weak.csv,0.025,1,133579196
1568,47,500,weak,grib_migration_matrix_4pop_weak.csv,0.025,1,133579196
1569,48,500,weak,grib_migration_matrix_4pop_weak.csv,0.025,1,133579196
1570,49,500,weak,grib_migration_matrix_4pop_weak.csv,0.025,1,133579196
1571,50,500,weak,grib_migration_matrix_4pop_weak.csv,0.025,1,133579196
1572,51,500,weak,grib_migration_matrix_4pop_weak.csv,0.025,1,133579196
1573,52,500,weak,grib_migration_matrix_4pop_weak.csv,0.025,1,133579196
1574,53,500,weak,grib_migration_matrix_4pop_weak.csv,0.025,1,133579196
1575,54,500,weak,grib_migration_matrix_4pop_weak.csv,0.025,1,133579196
1576,55,500,weak,grib_migration_matrix_4pop_weak.csv,0.025,1,133579196
1577,56,500,weak,grib_migration_matrix_4pop_weak.csv,0.025,1,133579196
1578,57,500,weak,grib_migration_matrix_4pop_weak.csv,0.025,1,133579196
1579,58,500,weak,grib_migration_matrix_4pop_weak.csv,0.025,1,133579196
1580,59,500,weak,grib_migration_matrix_4pop_weak.csv,0.025,1,133579196
1581,60,500,weak,grib_migration_matrix_4pop_weak.csv,0.025,1,133579196
1582,61,500,weak,grib_migration_matrix_4pop_weak.csv,0.025,1,133579196
1583,62,500,weak,grib_migration_matrix_4pop_weak.csv,0.025,1,133579196
1584,63,500,weak,grib_migration_matrix_4pop_weak.csv,0.025,1,133579196
1585,64,500,weak,grib_migration_matrix_4pop_weak.csv,0.025,1,133579196
1586,65,500,weak,grib_migration_matrix_4pop_weak.csv,0.025,1,133579196
1587,66,500,weak,grib_migration_matrix_4pop_weak.csv,0.025,1,133579196
1588,67,500,weak,grib_migration_matrix_4pop_weak.csv,0.025,1,133579196
1589,68,500,weak,grib_migration_matrix_4pop_weak.csv,0.025,1,133579196
1590,69,500,weak,grib_migration_matrix_4pop_weak.csv,0.025,1,133579196
1591,70,500,weak,grib_migration_matrix_4pop_weak.csv,0.025,1,133579196
1592,71,500,weak,grib_migration_matrix_4pop_weak.csv,0.025,1,133579196
1593,72,500,weak,grib_migration_matrix_4pop_weak.csv,0.025,1,133579196
1594,73,500,weak,grib_migration_matrix_4pop_weak.csv,0.025,1,133579196
1595,74,500,weak,grib_migration_matrix_4pop_weak.csv,0.025,1,133579196
1596,75,500,weak,grib_migration_matrix_4pop_weak.csv,0.025,1,133579196
1597,0,500,weak,grib_migration_matrix_4pop_weak.csv,0.025,2,618177467
1598,1,500,weak,grib_migration_matrix_4pop_weak.csv,0.025,2,618177467
1599,2,500,weak,grib_migration_matrix_4pop_weak.csv,0.025,2,618177467
1600,3,500,weak,grib_migration_matrix_4pop_weak.csv,0.025,2,618177467
1601,4,500,weak,grib_migration_matrix_4pop_weak.csv,0.025,2,618177467
1602,5,500,weak,grib_migration_matrix_4pop_weak.csv,0.025,2,618177467
1603,6,500,weak,grib_migration_matrix_4pop_weak.csv,0.025,2,618177467
1604,7,500,weak,grib_migration_matrix_4pop_weak.csv,0.025,2,618177467
1605,8,500,weak,grib_migration_matrix_4pop_weak.csv,0.025,2,618177467
1606,9,500,weak,grib_migration_matrix_4pop_weak.csv,0.025,2,618177467
1607,10,500,weak,grib_migration_matrix_4pop_weak.csv,0.025,2,618177467
1608,11,500,weak,grib_migration_matrix_4pop_weak.csv,0.025,2,618177467
1609,12,500,weak,grib_migration_matrix_4pop_weak.csv,0.025,2,618177467
1610,13,500,weak,grib_migration_matrix_4pop_weak.csv,0.025,2,618177467
1611,14,500,weak,grib_migration_matrix_4pop_weak.csv,0.025,2,618177467
1612,15,500,weak,grib_migration_matrix_4pop_weak.csv,0.025,2,618177467
1613,16,500,weak,grib_migration_matrix_4pop_weak.csv,0.025,2,618177467
1614,17,500,weak,grib_migration_matrix_4pop_weak.csv,0.025,2,618177467
1615,18,500,weak,grib_migration_matrix_4pop_weak.csv,0.025,2,618177467
1616,19,500,weak,grib_migration_matrix_4pop_weak.csv,0.025,2,618177467
1617,20,500,weak,grib_migration_matrix_4pop_weak.csv,0.025,2,618177467
1618,21,500,weak,grib_migration_matrix_4pop_weak.csv,0.025,2,618177467
1619,22,500,weak,grib_migration_matrix_4pop_weak.csv,0.025,2,618177467
1620,23,500,weak,grib_migration_matrix_4pop_weak.csv,0.025,2,618177467
1621,24,500,weak,grib_migration_matrix_4pop_weak.csv,0.025,2,618177467
1622,25,500,weak,grib_migration_matrix_4pop_weak.csv,0.025,2,618177467
1623,26,500,weak,grib_migration_matrix_4pop_weak.csv,0.025,2,618177467
1624,27,500,weak,grib_migration_matrix_4pop_weak.csv,0.025,2,618177467
1625,28,500,weak,grib_migration_matrix_4pop_weak.csv,0.025,2,618177467
1626,29,500,weak,grib_migration_matrix_4pop_weak.csv,0.025,2,618177467
1627,30,500,weak,grib_migration_matrix_4pop_weak.csv,0.025,2,618177467
1628,31,500,weak,grib_migration_matrix_4pop_weak.csv,0.025,2,618177467
1629,32,500,weak,grib_migration_matrix_4pop_weak.csv,0.025,2,618177467
1630,33,500,weak,grib_migration_matrix_4pop_weak.csv,0.025,2,618177467
1631,34,500,weak,grib_migration_matrix_4pop_weak.csv,0.025,2,618177467
1632,35,500,weak,grib_migration_matrix_4pop_weak.csv,0.025,2,618177467
1633,36,500,weak,grib_migration_matrix_4pop_weak.csv,0.025,2,618177467
1634,37,500,weak,grib_migration_matrix_4pop_weak.csv,0.025,2,618177467
1635,38,500,weak,grib_migration_matrix_4pop_weak.csv,0.025,2,618177467
1636,39,500,weak,grib_migration_matrix_4pop_weak.csv,0.025,2,618177467
1637,40,500,weak,grib_migration_matrix_4pop_weak.csv,0.025,2,618177467
1638,41,500,weak,grib_migration_matrix_4pop_weak.csv,0.025,2,618177467
1639,42,500,weak,grib_migration_matrix_4pop_weak.csv,0.025,2,618177467
1640,43,500,weak,grib_migration_matrix_4pop_weak.csv,0.025,2,618177467
1641,44,500,weak,grib_migration_matrix_4pop_weak.csv,0.025,2,618177467
1642,45,500,weak,grib_migration_matrix_4pop_weak.csv,0.025,2,618177467
1643,46,500,weak,grib_migration_matrix_4pop_weak.csv,0.025,2,618177467
1644,47,500,weak,grib_migration_matrix_4pop_weak.csv,0.025,2,618177467
1645,48,500,weak,grib_migration_matrix_4pop_weak.csv,0.025,2,618177467
1646,49,500,weak,grib_migration_matrix_4pop_weak.csv,0.025,2,618177467
1647,50,500,weak,grib_migration_matrix_4pop_weak.csv,0.025,2,618177467
1648,51,500,weak,grib_migration_matrix_4pop_weak.csv,0.025,2,618177467
1649,52,500,weak,grib_migration_matrix_4pop_weak.csv,0.025,2,618177467
1650,53,500,weak,grib_migration_matrix_4pop_weak.csv,0.025,2,618177467
1651,54,500,weak,grib_migration_matrix_4pop_weak.csv,0.025,2,618177467
1652,55,500,weak,grib_migration_matrix_4pop_weak.csv,0.025,2,618177467
1653,56,500,weak,grib_migration_matrix_4pop_weak.csv,0.025,2,618177467
1654,57,500,weak,grib_migration_matrix_4pop_weak.csv,0.025,2,618177467
1655,58,500,weak,grib_migration_matrix_4pop_weak.csv,0.025,2,618177467
1656,59,500,weak,grib_migration_matrix_4pop_weak.csv,0.025,2,618177467
1657,60,500,weak,grib_migration_matrix_4pop_weak.csv,0.025,2,618177467
1658,61,500,weak,grib_migration_matrix_4pop_weak.csv,0.025,2,618177467
1659,62,500,weak,grib_migration_matrix_4pop_weak.csv,0.025,2,618177467
1660,63,500,weak,grib_migration_matrix_4pop_weak.csv,0.025,2,618177467
1661,64,500,weak,grib_migration_matrix_4pop_weak.csv,0.025,2,618177467
1662,65,500,weak,grib_migration_matrix_4pop_weak.csv,0.025,2,618177467
1663,66,500,weak,grib_migration_matrix_4pop_weak.csv,0.025,2,618177467
1664,67,500,weak,grib_migration_matrix_4pop_weak.csv,0.025,2,618177467
1665,68,500,weak,grib_migration_matrix_4pop_weak.csv,0.025,2,618177467
1666,69,500,weak,grib_migration_matrix_4pop_weak.csv,0.025,2,618177467
1667,70,500,weak,grib_migration_matrix_4pop_weak.csv,0.025,2,618177467
1668,71,500,weak,grib_migration_matrix_4pop_weak.csv,0.025,2,618177467
1669,72,500,weak,grib_migration_matrix_4pop_weak.csv,0.025,2,618177467
1670,73,500,weak,grib_migration_matrix_4pop_weak.csv,0.025,2,618177467
1671,74,500,weak,grib_migration_matrix_4pop_weak.csv,0.025,2,618177467
1672,75,500,weak,grib_migration_matrix_4pop_weak.csv,0.025,2,618177467
1673,0,500,weak,grib_migration_matrix_4pop_weak.csv,0.025,3,939031886
1674,1,500,weak,grib_migration_matrix_4pop_weak.csv,0.025,3,939031886
1675,2,500,weak,grib_migration_matrix_4pop_weak.csv,0.025,3,939031886
1676,3,500,weak,grib_migration_matrix_4pop_weak.csv,0.025,3,939031886
1677,4,500,weak,grib_migration_matrix_4pop_weak.csv,0.025,3,939031886
1678,5,500,weak,grib_migration_matrix_4pop_weak.csv,0.025,3,939031886
1679,6,500,weak,grib_migration_matrix_4pop_weak.csv,0.025,3,939031886
1680,7,500,weak,grib_migration_matrix_4pop_weak.csv,0.025,3,939031886
1681,8,500,weak,grib_migration_matrix_4pop_weak.csv,0.025,3,939031886
1682,9,500,weak,grib_migration_matrix_4pop_weak.csv,0.025,3,939031886
1683,10,500,weak,grib_migration_matrix_4pop_weak.csv,0.025,3,939031886
1684,11,500,weak,grib_migration_matrix_4pop_weak.csv,0.025,3,939031886
1685,12,500,weak,grib_migration_matrix_4pop_weak.csv,0.025,3,939031886
1686,13,500,weak,grib_migration_matrix_4pop_weak.csv,0.025,3,939031886
1687,14,500,weak,grib_migration_matrix_4pop_weak.csv,0.025,3,939031886
1688,15,500,weak,grib_migration_matrix_4pop_weak.csv,0.025,3,939031886
1689,16,500,weak,grib_migration_matrix_4pop_weak.csv,0.025,3,939031886
1690,17,500,weak,grib_migration_matrix_4pop_weak.csv,0.025,3,939031886
1691,18,500,weak,grib_migration_matrix_4pop_weak.csv,0.025,3,939031886
1692,19,500,weak,grib_migration_matrix_4pop_weak.csv,0.025,3,939031886
1693,20,500,weak,grib_migration_matrix_4pop_weak.csv,0.025,3,939031886
1694,21,500,weak,grib_migration_matrix_4pop_weak.csv,0.025,3,939031886
1695,22,500,weak,grib_migration_matrix_4pop_weak.csv,0.025,3,939031886
1696,23,500,weak,grib_migration_matrix_4pop_weak.csv,0.025,3,939031886
1697,24,500,weak,grib_migration_matrix_4pop_weak.csv,0.025,3,939031886
1698,25,500,weak,grib_migration_matrix_4pop_weak.csv,0.025,3,939031886
1699,26,500,weak,grib_migration_matrix_4pop_weak.csv,0.025,3,939031886
1700,27,500,weak,grib_migration_matrix_4pop_weak.csv,0.025,3,939031886
1701,28,500,weak,grib_migration_matrix_4pop_weak.csv,0.025,3,939031886
1702,29,500,weak,grib_migration_matrix_4pop_weak.csv,0.025,3,939031886
1703,30,500,weak,grib_migration_matrix_4pop_weak.csv,0.025,3,939031886
1704,31,500,weak,grib_migration_matrix_4pop_weak.csv,0.025,3,939031886
1705,32,500,weak,grib_migration_matrix_4pop_weak.csv,0.025,3,939031886
1706,33,500,weak,grib_migration_matrix_4pop_weak.csv,0.025,3,939031886
1707,34,500,weak,grib_migration_matrix_4pop_weak.csv,0.025,3,939031886
1708,35,500,weak,grib_migration_matrix_4pop_weak.csv,0.025,3,939031886
1709,36,500,weak,grib_migration_matrix_4pop_weak.csv,0.025,3,939031886
1710,37,500,weak,grib_migration_matrix_4pop_weak.csv,0.025,3,939031886
1711,38,500,weak,grib_migration_matrix_4pop_weak.csv,0.025,3,939031886
1712,39,500,weak,grib_migration_matrix_4pop_weak.csv,0.025,3,939031886
1713,40,500,weak,grib_migration_matrix_4pop_weak.csv,0.025,3,939031886
1714,41,500,weak,grib_migration_matrix_4pop_weak.csv,0.025,3,939031886
1715,42,500,weak,grib_migration_matrix_4pop_weak.csv,0.025,3,939031886
1716,43,500,weak,grib_migration_matrix_4pop_weak.csv,0.025,3,939031886
1717,44,500,weak,grib_migration_matrix_4pop_weak.csv,0.025,3,939031886
1718,45,500,weak,grib_migration_matrix_4pop_weak.csv,0.025,3,939031886
1719,46,500,weak,grib_migration_matrix_4pop_weak.csv,0.025,3,939031886
1720,47,500,weak,grib_migration_matrix_4pop_weak.csv,0.025,3,939031886
1721,48,500,weak,grib_migration_matrix_4pop_weak.csv,0.025,3,939031886
1722,49,500,weak,grib_migration_matrix_4pop_weak.csv,0.025,3,939031886
1723,50,500,weak,grib_migration_matrix_4pop_weak.csv,0.025,3,939031886
1724,51,500,weak,grib_migration_matrix_4pop_weak.csv,0.025,3,939031886
1725,52,500,weak,grib_migration_matrix_4pop_weak.csv,0.025,3,939031886
1726,53,500,weak,grib_migration_matrix_4pop_weak.csv,0.025,3,939031886
1727,54,500,weak,grib_migration_matrix_4pop_weak.csv,0.025,3,939031886
1728,55,500,weak,grib_migration_matrix_4pop_weak.csv,0.025,3,939031886
1729,56,500,weak,grib_migration_matrix_4pop_weak.csv,0.025,3,939031886
1730,57,500,weak,grib_migration_matrix_4pop_weak.csv,0.025,3,939031886
1731,58,500,weak,grib_migration_matrix_4pop_weak.csv,0.025,3,939031886
1732,59,500,weak,grib_migration_matrix_4pop_weak.csv,0.025,3,939031886
1733,60,500,weak,grib_migration_matrix_4pop_weak.csv,0.025,3,939031886
1734,61,500,weak,grib_migration_matrix_4pop_weak.csv,0.025,3,939031886
1735,62,500,weak,grib_migration_matrix_4pop_weak.csv,0.025,3,939031886
1736,63,500,weak,grib_migration_matrix_4pop_weak.csv,0.025,3,939031886
1737,64,500,weak,grib_migration_matrix_4pop_weak.csv,0.025,3,939031886
1738,65,500,weak,grib_migration_matrix_4pop_weak.csv,0.025,3,939031886
1739,66,500,weak,grib_migration_matrix_4pop_weak.csv,0.025,3,939031886
1740,67,500,weak,grib_migration_matrix_4pop_weak.csv,0.025,3,939031886
1741,68,500,weak,grib_migration_matrix_4pop_weak.csv,0.025,3,939031886
1742,69,500,weak,grib_migration_matrix_4pop_weak.csv,0.025,3,939031886
1743,70,500,weak,grib_migration_matrix_4pop_weak.csv,0.025,3,939031886
1744,71,500,weak,grib_migration_matrix_4pop_weak.csv,0.025,3,939031886
1745,72,500,weak,grib_migration_matrix_4pop_weak.csv,0.025,3,939031886
1746,73,500,weak,grib_migration_matrix_4pop_weak.csv,0.025,3,939031886
1747,74,500,weak,grib_migration_matrix_4pop_weak.csv,0.025,3,939031886
1748,75,500,weak,grib_migration_matrix_4pop_weak.csv,0.025,3,939031886
1749,0,500,weak,grib_migration_matrix_4pop_weak.csv,0.025,4,1025082854
1750,1,500,weak,grib_migration_matrix_4pop_weak.csv,0.025,4,1025082854
1751,2,500,weak,grib_migration_matrix_4pop_weak.csv,0.025,4,1025082854
1752,3,500,weak,grib_migration_matrix_4pop_weak.csv,0.025,4,1025082854
1753,4,500,weak,grib_migration_matrix_4pop_weak.csv,0.025,4,1025082854
1754,5,500,weak,grib_migration_matrix_4pop_weak.csv,0.025,4,1025082854
1755,6,500,weak,grib_migration_matrix_4pop_weak.csv,0.025,4,1025082854
1756,7,500,weak,grib_migration_matrix_4pop_weak.csv,0.025,4,1025082854
1757,8,500,weak,grib_migration_matrix_4pop_weak.csv,0.025,4,1025082854
1758,9,500,weak,grib_migration_matrix_4pop_weak.csv,0.025,4,1025082854
1759,10,500,weak,grib_migration_matrix_4pop_weak.csv,0.025,4,1025082854
1760,11,500,weak,grib_migration_matrix_4pop_weak.csv,0.025,4,1025082854
1761,12,500,weak,grib_migration_matrix_4pop_weak.csv,0.025,4,1025082854
1762,13,500,weak,grib_migration_matrix_4pop_weak.csv,0.025,4,1025082854
1763,14,500,weak,grib_migration_matrix_4pop_weak.csv,0.025,4,1025082854
1764,15,500,weak,grib_migration_matrix_4pop_weak.csv,0.025,4,1025082854
1765,16,500,weak,grib_migration_matrix_4pop_weak.csv,0.025,4,1025082854
1766,17,500,weak,grib_migration_matrix_4pop_weak.csv,0.025,4,1025082854
1767,18,500,weak,grib_migration_matrix_4pop_weak.csv,0.025,4,1025082854
1768,19,500,weak,grib_migration_matrix_4pop_weak.csv,0.025,4,1025082854
1769,20,500,weak,grib_migration_matrix_4pop_weak.csv,0.025,4,1025082854
1770,21,500,weak,grib_migration_matrix_4pop_weak.csv,0.025,4,1025082854
1771,22,500,weak,grib_migration_matrix_4pop_weak.csv,0.025,4,1025082854
1772,23,500,weak,grib_migration_matrix_4pop_weak.csv,0.025,4,1025082854
1773,24,500,weak,grib_migration_matrix_4pop_weak.csv,0.025,4,1025082854
1774,25,500,weak,grib_migration_matrix_4pop_weak.csv,0.025,4,1025082854
1775,26,500,weak,grib_migration_matrix_4pop_weak.csv,0.025,4,1025082854
1776,27,500,weak,grib_migration_matrix_4pop_weak.csv,0.025,4,1025082854
1777,28,500,weak,grib_migration_matrix_4pop_weak.csv,0.025,4,1025082854
1778,29,500,weak,grib_migration_matrix_4pop_weak.csv,0.025,4,1025082854
1779,30,500,weak,grib_migration_matrix_4pop_weak.csv,0.025,4,1025082854
1780,31,500,weak,grib_migration_matrix_4pop_weak.csv,0.025,4,1025082854
1781,32,500,weak,grib_migration_matrix_4pop_weak.csv,0.025,4,1025082854
1782,33,500,weak,grib_migration_matrix_4pop_weak.csv,0.025,4,1025082854
1783,34,500,weak,grib_migration_matrix_4pop_weak.csv,0.025,4,1025082854
1784,35,500,weak,grib_migration_matrix_4pop_weak.csv,0.025,4,1025082854
1785,36,500,weak,grib_migration_matrix_4pop_weak.csv,0.025,4,1025082854
1786,37,500,weak,grib_migration_matrix_4pop_weak.csv,0.025,4,1025082854
1787,38,500,weak,grib_migration_matrix_4pop_weak.csv,0.025,4,1025082854
1788,39,500,weak,grib_migration_matrix_4pop_weak.csv,0.025,4,1025082854
1789,40,500,weak,grib_migration_matrix_4pop_weak.csv,0.025,4,1025082854
1790,41,500,weak,grib_migration_matrix_4pop_weak.csv,0.025,4,1025082854
1791,42,500,weak,grib_migration_matrix_4pop_weak.csv,0.025,4,1025082854
1792,43,500,weak,grib_migration_matrix_4pop_weak.csv,0.025,4,1025082854
1793,44,500,weak,grib_migration_matrix_4pop_weak.csv,0.025,4,1025082854
1794,45,500,weak,grib_migration_matrix_4pop_weak.csv,0.025,4,1025082854
1795,46,500,weak,grib_migration_matrix_4pop_weak.csv,0.025,4,1025082854
1796,47,500,weak,grib_migration_matrix_4pop_weak.csv,0.025,4,1025082854
1797,48,500,weak,grib_migration_matrix_4pop_weak.csv,0.025,4,1025082854
1798,49,500,weak,grib_migration_matrix_4pop_weak.csv,0.025,4,1025082854
1799,50,500,weak,grib_migration_matrix_4pop_weak.csv,0.025,4,1025082854
1800,51,500,weak,grib_migration_matrix_4pop_weak.csv,0.025,4,1025082854
1801,52,500,weak,grib_migration_matrix_4pop_weak.csv,0.025,4,1025082854
1802,53,500,weak,grib_migration_matrix_4pop_weak.csv,0.025,4,1025082854
1803,54,500,weak,grib_migration_matrix_4pop_weak.csv,0.025,4,1025082854
1804,55,500,weak,grib_migration_matrix_4pop_weak.csv,0.025,4,1025082854
1805,56,500,weak,grib_migration_matrix_4pop_weak.csv,0.025,4,1025082854
1806,57,500,weak,grib_migration_matrix_4pop_weak.csv,0.025,4,1025082854
1807,58,500,weak,grib_migration_matrix_4pop_weak.csv,0.025,4,1025082854
1808,59,500,weak,grib_migration_matrix_4pop_weak.csv,0.025,4,1025082854
1809,60,500,weak,grib_migration_matrix_4pop_weak.csv,0.025,4,1025082854
1810,61,500,weak,grib_migration_matrix_4pop_weak.csv,0.025,4,1025082854
1811,62,500,weak,grib_migration_matrix_4pop_weak.csv,0.025,4,1025082854
1812,63,500,weak,grib_migration_matrix_4pop_weak.csv,0.025,4,1025082854
1813,64,500,weak,grib_migration_matrix_4pop_weak.csv,0.025,4,1025082854
1814,65,500,weak,grib_migration_matrix_4pop_weak.csv,0.025,4,1025082854
1815,66,500,weak,grib_migration_matrix_4pop_weak.csv,0.025,4,1025082854
1816,67,500,weak,grib_migration_matrix_4pop_weak.csv,0.025,4,1025082854
1817,68,500,weak,grib_migration_matrix_4pop_weak.csv,0.025,4,1025082854
1818,69,500,weak,grib_migration_matrix_4pop_weak.csv,0.025,4,1025082854
1819,70,500,weak,grib_migration_matrix_4pop_weak.csv,0.025,4,1025082854
1820,71,500,weak,grib_migration_matrix_4pop_weak.csv,0.025,4,1025082854
1821,72,500,weak,grib_migration_matrix_4pop_weak.csv,0.025,4,1025082854
1822,73,500,weak,grib_migration_matrix_4pop_weak.csv,0.025,4,1025082854
1823,74,500,weak,grib_migration_matrix_4pop_weak.csv,0.025,4,1025082854
1824,75,500,weak,grib_migration_matrix_4pop_weak.csv,0.025,4,1025082854
1825,0,500,weak,grib_migration_matrix_4pop_weak.csv,0.025,5,669582534
1826,1,500,weak,grib_migration_matrix_4pop_weak.csv,0.025,5,669582534
1827,2,500,weak,grib_migration_matrix_4pop_weak.csv,0.025,5,669582534
1828,3,500,weak,grib_migration_matrix_4pop_weak.csv,0.025,5,669582534
1829,4,500,weak,grib_migration_matrix_4pop_weak.csv,0.025,5,669582534
1830,5,500,weak,grib_migration_matrix_4pop_weak.csv,0.025,5,669582534
1831,6,500,weak,grib_migration_matrix_4pop_weak.csv,0.025,5,669582534
1832,7,500,weak,grib_migration_matrix_4pop_weak.csv,0.025,5,669582534
1833,8,500,weak,grib_migration_matrix_4pop_weak.csv,0.025,5,669582534
1834,9,500,weak,grib_migration_matrix_4pop_weak.csv,0.025,5,669582534
1835,10,500,weak,grib_migration_matrix_4pop_weak.csv,0.025,5,669582534
1836,11,500,weak,grib_migration_matrix_4pop_weak.csv,0.025,5,669582534
1837,12,500,weak,grib_migration_matrix_4pop_weak.csv,0.025,5,669582534
1838,13,500,weak,grib_migration_matrix_4pop_weak.csv,0.025,5,669582534
1839,14,500,weak,grib_migration_matrix_4pop_weak.csv,0.025,5,669582534
1840,15,500,weak,grib_migration_matrix_4pop_weak.csv,0.025,5,669582534
1841,16,500,weak,grib_migration_matrix_4pop_weak.csv,0.025,5,669582534
1842,17,500,weak,grib_migration_matrix_4pop_weak.csv,0.025,5,669582534
1843,18,500,weak,grib_migration_matrix_4pop_weak.csv,0.025,5,669582534
1844,19,500,weak,grib_migration_matrix_4pop_weak.csv,0.025,5,669582534
1845,20,500,weak,grib_migration_matrix_4pop_weak.csv,0.025,5,669582534
1846,21,500,weak,grib_migration_matrix_4pop_weak.csv,0.025,5,669582534
1847,22,500,weak,grib_migration_matrix_4pop_weak.csv,0.025,5,669582534
1848,23,500,weak,grib_migration_matrix_4pop_weak.csv,0.025,5,669582534
1849,24,500,weak,grib_migration_matrix_4pop_weak.csv,0.025,5,669582534
1850,25,500,weak,grib_migration_matrix_4pop_weak.csv,0.025,5,669582534
1851,26,500,weak,grib_migration_matrix_4pop_weak.csv,0.025,5,669582534
1852,27,500,weak,grib_migration_matrix_4pop_weak.csv,0.025,5,669582534
1853,28,500,weak,grib_migration_matrix_4pop_weak.csv,0.025,5,669582534
1854,29,500,weak,grib_migration_matrix_4pop_weak.csv,0.025,5,669582534
1855,30,500,weak,grib_migration_matrix_4pop_weak.csv,0.025,5,669582534
1856,31,500,weak,grib_migration_matrix_4pop_weak.csv,0.025,5,669582534
1857,32,500,weak,grib_migration_matrix_4pop_weak.csv,0.025,5,669582534
1858,33,500,weak,grib_migration_matrix_4pop_weak.csv,0.025,5,669582534
1859,34,500,weak,grib_migration_matrix_4pop_weak.csv,0.025,5,669582534
1860,35,500,weak,grib_migration_matrix_4pop_weak.csv,0.025,5,669582534
1861,36,500,weak,grib_migration_matrix_4pop_weak.csv,0.025,5,669582534
1862,37,500,weak,grib_migration_matrix_4pop_weak.csv,0.025,5,669582534
1863,38,500,weak,grib_migration_matrix_4pop_weak.csv,0.025,5,669582534
1864,39,500,weak,grib_migration_matrix_4pop_weak.csv,0.025,5,669582534
1865,40,500,weak,grib_migration_matrix_4pop_weak.csv,0.025,5,669582534
1866,41,500,weak,grib_migration_matrix_4pop_weak.csv,0.025,5,669582534
1867,42,500,weak,grib_migration_matrix_4pop_weak.csv,0.025,5,669582534
1868,43,500,weak,grib_migration_matrix_4pop_weak.csv,0.025,5,669582534
1869,44,500,weak,grib_migration_matrix_4pop_weak.csv,0.025,5,669582534
1870,45,500,weak,grib_migration_matrix_4pop_weak.csv,0.025,5,669582534
1871,46,500,weak,grib_migration_matrix_4pop_weak.csv,0.025,5,669582534
1872,47,500,weak,grib_migration_matrix_4pop_weak.csv,0.025,5,669582534
1873,48,500,weak,grib_migration_matrix_4pop_weak.csv,0.025,5,669582534
1874,49,500,weak,grib_migration_matrix_4pop_weak.csv,0.025,5,669582534
1875,50,500,weak,grib_migration_matrix_4pop_weak.csv,0.025,5,669582534
1876,51,500,weak,grib_migration_matrix_4pop_weak.csv,0.025,5,669582534
1877,52,500,weak,grib_migration_matrix_4pop_weak.csv,0.025,5,669582534
1878,53,500,weak,grib_migration_matrix_4pop_weak.csv,0.025,5,669582534
1879,54,500,weak,grib_migration_matrix_4pop_weak.csv,0.025,5,669582534
1880,55,500,weak,grib_migration_matrix_4pop_weak.csv,0.025,5,669582534
1881,56,500,weak,grib_migration_matrix_4pop_weak.csv,0.025,5,669582534
1882,57,500,weak,grib_migration_matrix_4pop_weak.csv,0.025,5,669582534
1883,58,500,weak,grib_migration_matrix_4pop_weak.csv,0.025,5,669582534
1884,59,500,weak,grib_migration_matrix_4pop_weak.csv,0.025,5,669582534
1885,60,500,weak,grib_migration_matrix_4pop_weak.csv,0.025,5,669582534
1886,61,500,weak,grib_migration_matrix_4pop_weak.csv,0.025,5,669582534
1887,62,500,weak,grib_migration_matrix_4pop_weak.csv,0.025,5,669582534
1888,63,500,weak,grib_migration_matrix_4pop_weak.csv,0.025,5,669582534
1889,64,500,weak,grib_migration_matrix_4pop_weak.csv,0.025,5,669582534
1890,65,500,weak,grib_migration_matrix_4pop_weak.csv,0.025,5,669582534
1891,66,500,weak,grib_migration_matrix_4pop_weak.csv,0.025,5,669582534
1892,67,500,weak,grib_migration_matrix_4pop_weak.csv,0.025,5,669582534
1893,68,500,weak,grib_migration_matrix_4pop_weak.csv,0.025,5,669582534
1894,69,500,weak,grib_migration_matrix_4pop_weak.csv,0.025,5,669582534
1895,70,500,weak,grib_migration_matrix_4pop_weak.csv,0.025,5,669582534
1896,71,500,weak,grib_migration_matrix_4pop_weak.csv,0.025,5,669582534
1897,72,500,weak,grib_migration_matrix_4pop_weak.csv,0.025,5,669582534
1898,73,500,weak,grib_migration_matrix_4pop_weak.csv,0.025,5,669582534
1899,74,500,weak,grib_migration_matrix_4pop_weak.csv,0.025,5,669582534
1900,75,500,weak,grib_migration_matrix_4pop_weak.csv,0.025,5,669582534
1901,0,500,weak,grib_migration_matrix_4pop_weak.csv,0.025,6,750460743
1902,1,500,weak,grib_migration_matrix_4pop_weak.csv,0.025,6,750460743
1903,2,500,weak,grib_migration_matrix_4pop_weak.csv,0.025,6,750460743
1904,3,500,weak,grib_migration_matrix_4pop_weak.csv,0.025,6,750460743
1905,4,500,weak,grib_migration_matrix_4pop_weak.csv,0.025,6,750460743
1906,5,500,weak,grib_migration_matrix_4pop_weak.csv,0.025,6,750460743
1907,6,500,weak,grib_migration_matrix_4pop_weak.csv,0.025,6,750460743
1908,7,500,weak,grib_migration_matrix_4pop_weak.csv,0.025,6,750460743
1909,8,500,weak,grib_migration_matrix_4pop_weak.csv,0.025,6,750460743
1910,9,500,weak,grib_migration_matrix_4pop_weak.csv,0.025,6,750460743
1911,10,500,weak,grib_migration_matrix_4pop_weak.csv,0.025,6,750460743
1912,11,500,weak,grib_migration_matrix_4pop_weak.csv,0.025,6,750460743
1913,12,500,weak,grib_migration_matrix_4pop_weak.csv,0.025,6,750460743
1914,13,500,weak,grib_migration_matrix_4pop_weak.csv,0.025,6,750460743
1915,14,500,weak,grib_migration_matrix_4pop_weak.csv,0.025,6,750460743
1916,15,500,weak,grib_migration_matrix_4pop_weak.csv,0.025,6,750460743
1917,16,500,weak,grib_migration_matrix_4pop_weak.csv,0.025,6,750460743
1918,17,500,weak,grib_migration_matrix_4pop_weak.csv,0.025,6,750460743
1919,18,500,weak,grib_migration_matrix_4pop_weak.csv,0.025,6,750460743
1920,19,500,weak,grib_migration_matrix_4pop_weak.csv,0.025,6,750460743
1921,20,500,weak,grib_migration_matrix_4pop_weak.csv,0.025,6,750460743
1922,21,500,weak,grib_migration_matrix_4pop_weak.csv,0.025,6,750460743
1923,22,500,weak,grib_migration_matrix_4pop_weak.csv,0.025,6,750460743
1924,23,500,weak,grib_migration_matrix_4pop_weak.csv,0.025,6,750460743
1925,24,500,weak,grib_migration_matrix_4pop_weak.csv,0.025,6,750460743
1926,25,500,weak,grib_migration_matrix_4pop_weak.csv,0.025,6,750460743
1927,26,500,weak,grib_migration_matrix_4pop_weak.csv,0.025,6,750460743
1928,27,500,weak,grib_migration_matrix_4pop_weak.csv,0.025,6,750460743
1929,28,500,weak,grib_migration_matrix_4pop_weak.csv,0.025,6,750460743
1930,29,500,weak,grib_migration_matrix_4pop_weak.csv,0.025,6,750460743
1931,30,500,weak,grib_migration_matrix_4pop_weak.csv,0.025,6,750460743
1932,31,500,weak,grib_migration_matrix_4pop_weak.csv,0.025,6,750460743
1933,32,500,weak,grib_migration_matrix_4pop_weak.csv,0.025,6,750460743
1934,33,500,weak,grib_migration_matrix_4pop_weak.csv,0.025,6,750460743
1935,34,500,weak,grib_migration_matrix_4pop_weak.csv,0.025,6,750460743
1936,35,500,weak,grib_migration_matrix_4pop_weak.csv,0.025,6,750460743
1937,36,500,weak,grib_migration_matrix_4pop_weak.csv,0.025,6,750460743
1938,37,500,weak,grib_migration_matrix_4pop_weak.csv,0.025,6,750460743
1939,38,500,weak,grib_migration_matrix_4pop_weak.csv,0.025,6,750460743
1940,39,500,weak,grib_migration_matrix_4pop_weak.csv,0.025,6,750460743
1941,40,500,weak,grib_migration_matrix_4pop_weak.csv,0.025,6,750460743
1942,41,500,weak,grib_migration_matrix_4pop_weak.csv,0.025,6,750460743
1943,42,500,weak,grib_migration_matrix_4pop_weak.csv,0.025,6,750460743
1944,43,500,weak,grib_migration_matrix_4pop_weak.csv,0.025,6,750460743
1945,44,500,weak,grib_migration_matrix_4pop_weak.csv,0.025,6,750460743
1946,45,500,weak,grib_migration_matrix_4pop_weak.csv,0.025,6,750460743
1947,46,500,weak,grib_migration_matrix_4pop_weak.csv,0.025,6,750460743
1948,47,500,weak,grib_migration_matrix_4pop_weak.csv,0.025,6,750460743
1949,48,500,weak,grib_migration_matrix_4pop_weak.csv,0.025,6,750460743
1950,49,500,weak,grib_migration_matrix_4pop_weak.csv,0.025,6,750460743
1951,50,500,weak,grib_migration_matrix_4pop_weak.csv,0.025,6,750460743
1952,51,500,weak,grib_migration_matrix_4pop_weak.csv,0.025,6,750460743
1953,52,500,weak,grib_migration_matrix_4pop_weak.csv,0.025,6,750460743
1954,53,500,weak,grib_migration_matrix_4pop_weak.csv,0.025,6,750460743
1955,54,500,weak,grib_migration_matrix_4pop_weak.csv,0.025,6,750460743
1956,55,500,weak,grib_migration_matrix_4pop_weak.csv,0.025,6,750460743
1957,56,500,weak,grib_migration_matrix_4pop_weak.csv,0.025,6,750460743
1958,57,500,weak,grib_migration_matrix_4pop_weak.csv,0.025,6,750460743
1959,58,500,weak,grib_migration_matrix_4pop_weak.csv,0.025,6,750460743
1960,59,500,weak,grib_migration_matrix_4pop_weak.csv,0.025,6,750460743
1961,60,500,weak,grib_migration_matrix_4pop_weak.csv,0.025,6,750460743
1962,61,500,weak,grib_migration_matrix_4pop_weak.csv,0.025,6,750460743
1963,62,500,weak,grib_migration_matrix_4pop_weak.csv,0.025,6,750460743
1964,63,500,weak,grib_migration_matrix_4pop_weak.csv,0.025,6,750460743
1965,64,500,weak,grib_migration_matrix_4pop_weak.csv,0.025,6,750460743
1966,65,500,weak,grib_migration_matrix_4pop_weak.csv,0.025,6,750460743
1967,66,500,weak,grib_migration_matrix_4pop_weak.csv,0.025,6,750460743
1968,67,500,weak,grib_migration_matrix_4pop_weak.csv,0.025,6,750460743
1969,68,500,weak,grib_migration_matrix_4pop_weak.csv,0.025,6,750460743
1970,69,500,weak,grib_migration_matrix_4pop_weak.csv,0.025,6,750460743
1971,70,500,weak,grib_migration_matrix_4pop_weak.csv,0.025,6,750460743
1972,71,500,weak,grib_migration_matrix_4pop_weak.csv,0.025,6,750460743
1973,72,500,weak,grib_migration_matrix_4pop_weak.csv,0.025,6,750460743
1974,73,500,weak,grib_migration_matrix_4pop_weak.csv,0.025,6,750460743
1975,74,500,weak,grib_migration_matrix_4pop_weak.csv,0.025,6,750460743
1976,75,500,weak,grib_migration_matrix_4pop_weak.csv,0.025,6,750460743
1977,0,500,weak,grib_migration_matrix_4pop_weak.csv,0.025,7,1834965817
1978,1,500,weak,grib_migration_matrix_4pop_weak.csv,0.025,7,1834965817
1979,2,500,weak,grib_migration_matrix_4pop_weak.csv,0.025,7,1834965817
1980,3,500,weak,grib_migration_matrix_4pop_weak.csv,0.025,7,1834965817
1981,4,500,weak,grib_migration_matrix_4pop_weak.csv,0.025,7,1834965817
1982,5,500,weak,grib_migration_matrix_4pop_weak.csv,0.025,7,1834965817
1983,6,500,weak,grib_migration_matrix_4pop_weak.csv,0.025,7,1834965817
1984,7,500,weak,grib_migration_matrix_4pop_weak.csv,0.025,7,1834965817
1985,8,500,weak,grib_migration_matrix_4pop_weak.csv,0.025,7,1834965817
1986,9,500,weak,grib_migration_matrix_4pop_weak.csv,0.025,7,1834965817
1987,10,500,weak,grib_migration_matrix_4pop_weak.csv,0.025,7,1834965817
1988,11,500,weak,grib_migration_matrix_4pop_weak.csv,0.025,7,1834965817
1989,12,500,weak,grib_migration_matrix_4pop_weak.csv,0.025,7,1834965817
1990,13,500,weak,grib_migration_matrix_4pop_weak.csv,0.025,7,1834965817
1991,14,500,weak,grib_migration_matrix_4pop_weak.csv,0.025,7,1834965817
1992,15,500,weak,grib_migration_matrix_4pop_weak.csv,0.025,7,1834965817
1993,16,500,weak,grib_migration_matrix_4pop_weak.csv,0.025,7,1834965817
1994,17,500,weak,grib_migration_matrix_4pop_weak.csv,0.025,7,1834965817
1995,18,500,weak,grib_migration_matrix_4pop_weak.csv,0.025,7,1834965817
1996,19,500,weak,grib_migration_matrix_4pop_weak.csv,0.025,7,1834965817
1997,20,500,weak,grib_migration_matrix_4pop_weak.csv,0.025,7,1834965817
1998,21,500,weak,grib_migration_matrix_4pop_weak.csv,0.025,7,1834965817
1999,22,500,weak,grib_migration_matrix_4pop_weak.csv,0.025,7,1834965817
2000,23,500,weak,grib_migration_matrix_4pop_weak.csv,0.025,7,1834965817
2001,24,500,weak,grib_migration_matrix_4pop_weak.csv,0.025,7,1834965817
2002,25,500,weak,grib_migration_matrix_4pop_weak.csv,0.025,7,1834965817
2003,26,500,weak,grib_migration_matrix_4pop_weak.csv,0.025,7,1834965817
2004,27,500,weak,grib_migration_matrix_4pop_weak.csv,0.025,7,1834965817
2005,28,500,weak,grib_migration_matrix_4pop_weak.csv,0.025,7,1834965817
2006,29,500,weak,grib_migration_matrix_4pop_weak.csv,0.025,7,1834965817
2007,30,500,weak,grib_migration_matrix_4pop_weak.csv,0.025,7,1834965817
2008,31,500,weak,grib_migration_matrix_4pop_weak.csv,0.025,7,1834965817
2009,32,500,weak,grib_migration_matrix_4pop_weak.csv,0.025,7,1834965817
2010,33,500,weak,grib_migration_matrix_4pop_weak.csv,0.025,7,1834965817
2011,34,500,weak,grib_migration_matrix_4pop_weak.csv,0.025,7,1834965817
2012,35,500,weak,grib_migration_matrix_4pop_weak.csv,0.025,7,1834965817
2013,36,500,weak,grib_migration_matrix_4pop_weak.csv,0.025,7,1834965817
2014,37,500,weak,grib_migration_matrix_4pop_weak.csv,0.025,7,1834965817
2015,38,500,weak,grib_migration_matrix_4pop_weak.csv,0.025,7,1834965817
2016,39,500,weak,grib_migration_matrix_4pop_weak.csv,0.025,7,1834965817
2017,40,500,weak,grib_migration_matrix_4pop_weak.csv,0.025,7,1834965817
2018,41,500,weak,grib_migration_matrix_4pop_weak.csv,0.025,7,1834965817
2019,42,500,weak,grib_migration_matrix_4pop_weak.csv,0.025,7,1834965817
2020,43,500,weak,grib_migration_matrix_4pop_weak.csv,0.025,7,1834965817
2021,44,500,weak,grib_migration_matrix_4pop_weak.csv,0.025,7,1834965817
2022,45,500,weak,grib_migration_matrix_4pop_weak.csv,0.025,7,1834965817
2023,46,500,weak,grib_migration_matrix_4pop_weak.csv,0.025,7,1834965817
2024,47,500,weak,grib_migration_matrix_4pop_weak.csv,0.025,7,1834965817
2025,48,500,weak,grib_migration_matrix_4pop_weak.csv,0.025,7,1834965817
2026,49,500,weak,grib_migration_matrix_4pop_weak.csv,0.025,7,1834965817
2027,50,500,weak,grib_migration_matrix_4pop_weak.csv,0.025,7,1834965817
2028,51,500,weak,grib_migration_matrix_4pop_weak.csv,0.025,7,1834965817
2029,52,500,weak,grib_migration_matrix_4pop_weak.csv,0.025,7,1834965817
2030,53,500,weak,grib_migration_matrix_4pop_weak.csv,0.025,7,1834965817
2031,54,500,weak,grib_migration_matrix_4pop_weak.csv,0.025,7,1834965817
2032,55,500,weak,grib_migration_matrix_4pop_weak.csv,0.025,7,1834965817
2033,56,500,weak,grib_migration_matrix_4pop_weak.csv,0.025,7,1834965817
2034,57,500,weak,grib_migration_matrix_4pop_weak.csv,0.025,7,1834965817
2035,58,500,weak,grib_migration_matrix_4pop_weak.csv,0.025,7,1834965817
2036,59,500,weak,grib_migration_matrix_4pop_weak.csv,0.025,7,1834965817
2037,60,500,weak,grib_migration_matrix_4pop_weak.csv,0.025,7,1834965817
2038,61,500,weak,grib_migration_matrix_4pop_weak.csv,0.025,7,1834965817
2039,62,500,weak,grib_migration_matrix_4pop_weak.csv,0.025,7,1834965817
2040,63,500,weak,grib_migration_matrix_4pop_weak.csv,0.025,7,1834965817
2041,64,500,weak,grib_migration_matrix_4pop_weak.csv,0.025,7,1834965817
2042,65,500,weak,grib_migration_matrix_4pop_weak.csv,0.025,7,1834965817
2043,66,500,weak,grib_migration_matrix_4pop_weak.csv,0.025,7,1834965817
2044,67,500,weak,grib_migration_matrix_4pop_weak.csv,0.025,7,1834965817
2045,68,500,weak,grib_migration_matrix_4pop_weak.csv,0.025,7,1834965817
2046,69,500,weak,grib_migration_matrix_4pop_weak.csv,0.025,7,1834965817
2047,70,500,weak,grib_migration_matrix_4pop_weak.csv,0.025,7,1834965817
2048,71,500,weak,grib_migration_matrix_4pop_weak.csv,0.025,7,1834965817
2049,72,500,weak,grib_migration_matrix_4pop_weak.csv,0.025,7,1834965817
2050,73,500,weak,grib_migration_matrix_4pop_weak.csv,0.025,7,1834965817
2051,74,500,weak,grib_migration_matrix_4pop_weak.csv,0.025,7,1834965817
2052,75,500,weak,grib_migration_matrix_4pop_weak.csv,0.025,7,1834965817
2053,0,500,weak,grib_migration_matrix_4pop_weak.csv,0.025,8,1629863852
2054,1,500,weak,grib_migration_matrix_4pop_weak.csv,0.025,8,1629863852
2055,2,500,weak,grib_migration_matrix_4pop_weak.csv,0.025,8,1629863852
2056,3,500,weak,grib_migration_matrix_4pop_weak.csv,0.025,8,1629863852
2057,4,500,weak,grib_migration_matrix_4pop_weak.csv,0.025,8,1629863852
2058,5,500,weak,grib_migration_matrix_4pop_weak.csv,0.025,8,1629863852
2059,6,500,weak,grib_migration_matrix_4pop_weak.csv,0.025,8,1629863852
2060,7,500,weak,grib_migration_matrix_4pop_weak.csv,0.025,8,1629863852
2061,8,500,weak,grib_migration_matrix_4pop_weak.csv,0.025,8,1629863852
2062,9,500,weak,grib_migration_matrix_4pop_weak.csv,0.025,8,1629863852
2063,10,500,weak,grib_migration_matrix_4pop_weak.csv,0.025,8,1629863852
2064,11,500,weak,grib_migration_matrix_4pop_weak.csv,0.025,8,1629863852
2065,12,500,weak,grib_migration_matrix_4pop_weak.csv,0.025,8,1629863852
2066,13,500,weak,grib_migration_matrix_4pop_weak.csv,0.025,8,1629863852
2067,14,500,weak,grib_migration_matrix_4pop_weak.csv,0.025,8,1629863852
2068,15,500,weak,grib_migration_matrix_4pop_weak.csv,0.025,8,1629863852
2069,16,500,weak,grib_migration_matrix_4pop_weak.csv,0.025,8,1629863852
2070,17,500,weak,grib_migration_matrix_4pop_weak.csv,0.025,8,1629863852
2071,18,500,weak,grib_migration_matrix_4pop_weak.csv,0.025,8,1629863852
2072,19,500,weak,grib_migration_matrix_4pop_weak.csv,0.025,8,1629863852
2073,20,500,weak,grib_migration_matrix_4pop_weak.csv,0.025,8,1629863852
2074,21,500,weak,grib_migration_matrix_4pop_weak.csv,0.025,8,1629863852
2075,22,500,weak,grib_migration_matrix_4pop_weak.csv,0.025,8,1629863852
2076,23,500,weak,grib_migration_matrix_4pop_weak.csv,0.025,8,1629863852
2077,24,500,weak,grib_migration_matrix_4pop_weak.csv,0.025,8,1629863852
2078,25,500,weak,grib_migration_matrix_4pop_weak.csv,0.025,8,1629863852
2079,26,500,weak,grib_migration_matrix_4pop_weak.csv,0.025,8,1629863852
2080,27,500,weak,grib_migration_matrix_4pop_weak.csv,0.025,8,1629863852
2081,28,500,weak,grib_migration_matrix_4pop_weak.csv,0.025,8,1629863852
2082,29,500,weak,grib_migration_matrix_4pop_weak.csv,0.025,8,1629863852
2083,30,500,weak,grib_migration_matrix_4pop_weak.csv,0.025,8,1629863852
2084,31,500,weak,grib_migration_matrix_4pop_weak.csv,0.025,8,1629863852
2085,32,500,weak,grib_migration_matrix_4pop_weak.csv,0.025,8,1629863852
2086,33,500,weak,grib_migration_matrix_4pop_weak.csv,0.025,8,1629863852
2087,34,500,weak,grib_migration_matrix_4pop_weak.csv,0.025,8,1629863852
2088,35,500,weak,grib_migration_matrix_4pop_weak.csv,0.025,8,1629863852
2089,36,500,weak,grib_migration_matrix_4pop_weak.csv,0.025,8,1629863852
2090,37,500,weak,grib_migration_matrix_4pop_weak.csv,0.025,8,1629863852
2091,38,500,weak,grib_migration_matrix_4pop_weak.csv,0.025,8,1629863852
2092,39,500,weak,grib_migration_matrix_4pop_weak.csv,0.025,8,1629863852
2093,40,500,weak,grib_migration_matrix_4pop_weak.csv,0.025,8,1629863852
2094,41,500,weak,grib_migration_matrix_4pop_weak.csv,0.025,8,1629863852
2095,42,500,weak,grib_migration_matrix_4pop_weak.csv,0.025,8,1629863852
2096,43,500,weak,grib_migration_matrix_4pop_weak.csv,0.025,8,1629863852
2097,44,500,weak,grib_migration_matrix_4pop_weak.csv,0.025,8,1629863852
2098,45,500,weak,grib_migration_matrix_4pop_weak.csv,0.025,8,1629863852
2099,46,500,weak,grib_migration_matrix_4pop_weak.csv,0.025,8,1629863852
2100,47,500,weak,grib_migration_matrix_4pop_weak.csv,0.025,8,1629863852
2101,48,500,weak,grib_migration_matrix_4pop_weak.csv,0.025,8,1629863852
2102,49,500,weak,grib_migration_matrix_4pop_weak.csv,0.025,8,1629863852
2103,50,500,weak,grib_migration_matrix_4pop_weak.csv,0.025,8,1629863852
2104,51,500,weak,grib_migration_matrix_4pop_weak.csv,0.025,8,1629863852
2105,52,500,weak,grib_migration_matrix_4pop_weak.csv,0.025,8,1629863852
2106,53,500,weak,grib_migration_matrix_4pop_weak.csv,0.025,8,1629863852
2107,54,500,weak,grib_migration_matrix_4pop_weak.csv,0.025,8,1629863852
2108,55,500,weak,grib_migration_matrix_4pop_weak.csv,0.025,8,1629863852
2109,56,500,weak,grib_migration_matrix_4pop_weak.csv,0.025,8,1629863852
2110,57,500,weak,grib_migration_matrix_4pop_weak.csv,0.025,8,1629863852
2111,58,500,weak,grib_migration_matrix_4pop_weak.csv,0.025,8,1629863852
2112,59,500,weak,grib_migration_matrix_4pop_weak.csv,0.025,8,1629863852
2113,60,500,weak,grib_migration_matrix_4pop_weak.csv,0.025,8,1629863852
2114,61,500,weak,grib_migration_matrix_4pop_weak.csv,0.025,8,1629863852
2115,62,500,weak,grib_migration_matrix_4pop_weak.csv,0.025,8,1629863852
2116,63,500,weak,grib_migration_matrix_4pop_weak.csv,0.025,8,1629863852
2117,64,500,weak,grib_migration_matrix_4pop_weak.csv,0.025,8,1629863852
2118,65,500,weak,grib_migration_matrix_4pop_weak.csv,0.025,8,1629863852
2119,66,500,weak,grib_migration_matrix_4pop_weak.csv,0.025,8,1629863852
2120,67,500,weak,grib_migration_matrix_4pop_weak.csv,0.025,8,1629863852
2121,68,500,weak,grib_migration_matrix_4pop_weak.csv,0.025,8,1629863852
2122,69,500,weak,grib_migration_matrix_4pop_weak.csv,0.025,8,1629863852
2123,70,500,weak,grib_migration_matrix_4pop_weak.csv,0.025,8,1629863852
2124,71,500,weak,grib_migration_matrix_4pop_weak.csv,0.025,8,1629863852
2125,72,500,weak,grib_migration_matrix_4pop_weak.csv,0.025,8,1629863852
2126,73,500,weak,grib_migration_matrix_4pop_weak.csv,0.025,8,1629863852
2127,74,500,weak,grib_migration_matrix_4pop_weak.csv,0.025,8,1629863852
2128,75,500,weak,grib_migration_matrix_4pop_weak.csv,0.025,8,1629863852
2129,0,500,weak,grib_migration_matrix_4pop_weak.csv,0.025,9,919537168
2130,1,500,weak,grib_migration_matrix_4pop_weak.csv,0.025,9,919537168
2131,2,500,weak,grib_migration_matrix_4pop_weak.csv,0.025,9,919537168
2132,3,500,weak,grib_migration_matrix_4pop_weak.csv,0.025,9,919537168
2133,4,500,weak,grib_migration_matrix_4pop_weak.csv,0.025,9,919537168
2134,5,500,weak,grib_migration_matrix_4pop_weak.csv,0.025,9,919537168
2135,6,500,weak,grib_migration_matrix_4pop_weak.csv,0.025,9,919537168
2136,7,500,weak,grib_migration_matrix_4pop_weak.csv,0.025,9,919537168
2137,8,500,weak,grib_migration_matrix_4pop_weak.csv,0.025,9,919537168
2138,9,500,weak,grib_migration_matrix_4pop_weak.csv,0.025,9,919537168
2139,10,500,weak,grib_migration_matrix_4pop_weak.csv,0.025,9,919537168
2140,11,500,weak,grib_migration_matrix_4pop_weak.csv,0.025,9,919537168
2141,12,500,weak,grib_migration_matrix_4pop_weak.csv,0.025,9,919537168
2142,13,500,weak,grib_migration_matrix_4pop_weak.csv,0.025,9,919537168
2143,14,500,weak,grib_migration_matrix_4pop_weak.csv,0.025,9,919537168
2144,15,500,weak,grib_migration_matrix_4pop_weak.csv,0.025,9,919537168
2145,16,500,weak,grib_migration_matrix_4pop_weak.csv,0.025,9,919537168
2146,17,500,weak,grib_migration_matrix_4pop_weak.csv,0.025,9,919537168
2147,18,500,weak,grib_migration_matrix_4pop_weak.csv,0.025,9,919537168
2148,19,500,weak,grib_migration_matrix_4pop_weak.csv,0.025,9,919537168
2149,20,500,weak,grib_migration_matrix_4pop_weak.csv,0.025,9,919537168
2150,21,500,weak,grib_migration_matrix_4pop_weak.csv,0.025,9,919537168
2151,22,500,weak,grib_migration_matrix_4pop_weak.csv,0.025,9,919537168
2152,23,500,weak,grib_migration_matrix_4pop_weak.csv,0.025,9,919537168
2153,24,500,weak,grib_migration_matrix_4pop_weak.csv,0.025,9,919537168
2154,25,500,weak,grib_migration_matrix_4pop_weak.csv,0.025,9,919537168
2155,26,500,weak,grib_migration_matrix_4pop_weak.csv,0.025,9,919537168
2156,27,500,weak,grib_migration_matrix_4pop_weak.csv,0.025,9,919537168
2157,28,500,weak,grib_migration_matrix_4pop_weak.csv,0.025,9,919537168
2158,29,500,weak,grib_migration_matrix_4pop_weak.csv,0.025,9,919537168
2159,30,500,weak,grib_migration_matrix_4pop_weak.csv,0.025,9,919537168
2160,31,500,weak,grib_migration_matrix_4pop_weak.csv,0.025,9,919537168
2161,32,500,weak,grib_migration_matrix_4pop_weak.csv,0.025,9,919537168
2162,33,500,weak,grib_migration_matrix_4pop_weak.csv,0.025,9,919537168
2163,34,500,weak,grib_migration_matrix_4pop_weak.csv,0.025,9,919537168
2164,35,500,weak,grib_migration_matrix_4pop_weak.csv,0.025,9,919537168
2165,36,500,weak,grib_migration_matrix_4pop_weak.csv,0.025,9,919537168
2166,37,500,weak,grib_migration_matrix_4pop_weak.csv,0.025,9,919537168
2167,38,500,weak,grib_migration_matrix_4pop_weak.csv,0.025,9,919537168
2168,39,500,weak,grib_migration_matrix_4pop_weak.csv,0.025,9,919537168
2169,40,500,weak,grib_migration_matrix_4pop_weak.csv,0.025,9,919537168
2170,41,500,weak,grib_migration_matrix_4pop_weak.csv,0.025,9,919537168
2171,42,500,weak,grib_migration_matrix_4pop_weak.csv,0.025,9,919537168
2172,43,500,weak,grib_migration_matrix_4pop_weak.csv,0.025,9,919537168
2173,44,500,weak,grib_migration_matrix_4pop_weak.csv,0.025,9,919537168
2174,45,500,weak,grib_migration_matrix_4pop_weak.csv,0.025,9,919537168
2175,46,500,weak,grib_migration_matrix_4pop_weak.csv,0.025,9,919537168
2176,47,500,weak,grib_migration_matrix_4pop_weak.csv,0.025,9,919537168
2177,48,500,weak,grib_migration_matrix_4pop_weak.csv,0.025,9,919537168
2178,49,500,weak,grib_migration_matrix_4pop_weak.csv,0.025,9,919537168
2179,50,500,weak,grib_migration_matrix_4pop_weak.csv,0.025,9,919537168
2180,51,500,weak,grib_migration_matrix_4pop_weak.csv,0.025,9,919537168
2181,52,500,weak,grib_migration_matrix_4pop_weak.csv,0.025,9,919537168
2182,53,500,weak,grib_migration_matrix_4pop_weak.csv,0.025,9,919537168
2183,54,500,weak,grib_migration_matrix_4pop_weak.csv,0.025,9,919537168
2184,55,500,weak,grib_migration_matrix_4pop_weak.csv,0.025,9,919537168
2185,56,500,weak,grib_migration_matrix_4pop_weak.csv,0.025,9,919537168
2186,57,500,weak,grib_migration_matrix_4pop_weak.csv,0.025,9,919537168
2187,58,500,weak,grib_migration_matrix_4pop_weak.csv,0.025,9,919537168
2188,59,500,weak,grib_migration_matrix_4pop_weak.csv,0.025,9,919537168
2189,60,500,weak,grib_migration_matrix_4pop_weak.csv,0.025,9,919537168
2190,61,500,weak,grib_migration_matrix_4pop_weak.csv,0.025,9,919537168
2191,62,500,weak,grib_migration_matrix_4pop_weak.csv,0.025,9,919537168
2192,63,500,weak,grib_migration_matrix_4pop_weak.csv,0.025,9,919537168
2193,64,500,weak,grib_migration_matrix_4pop_weak.csv,0.025,9,919537168
2194,65,500,weak,grib_migration_matrix_4pop_weak.csv,0.025,9,919537168
2195,66,500,weak,grib_migration_matrix_4pop_weak.csv,0.025,9,919537168
2196,67,500,weak,grib_migration_matrix_4pop_weak.csv,0.025,9,919537168
2197,68,500,weak,grib_migration_matrix_4pop_weak.csv,0.025,9,919537168
2198,69,500,weak,grib_migration_matrix_4pop_weak.csv,0.025,9,919537168
2199,70,500,weak,grib_migration_matrix_4pop_weak.csv,0.025,9,919537168
2200,71,500,weak,grib_migration_matrix_4pop_weak.csv,0.025,9,919537168
2201,72,500,weak,grib_migration_matrix_4pop_weak.csv,0.025,9,919537168
2202,73,500,weak,grib_migration_matrix_4pop_weak.csv,0.025,9,919537168
2203,74,500,weak,grib_migration_matrix_4pop_weak.csv,0.025,9,919537168
2204,75,500,weak,grib_migration_matrix_4pop_weak.csv,0.025,9,919537168
2205,0,500,weak,grib_migration_matrix_4pop_weak.csv,0.025,10,138666174
2206,1,500,weak,grib_migration_matrix_4pop_weak.csv,0.025,10,138666174
2207,2,500,weak,grib_migration_matrix_4pop_weak.csv,0.025,10,138666174
2208,3,500,weak,grib_migration_matrix_4pop_weak.csv,0.025,10,138666174
2209,4,500,weak,grib_migration_matrix_4pop_weak.csv,0.025,10,138666174
2210,5,500,weak,grib_migration_matrix_4pop_weak.csv,0.025,10,138666174
2211,6,500,weak,grib_migration_matrix_4pop_weak.csv,0.025,10,138666174
2212,7,500,weak,grib_migration_matrix_4pop_weak.csv,0.025,10,138666174
2213,8,500,weak,grib_migration_matrix_4pop_weak.csv,0.025,10,138666174
2214,9,500,weak,grib_migration_matrix_4pop_weak.csv,0.025,10,138666174
2215,10,500,weak,grib_migration_matrix_4pop_weak.csv,0.025,10,138666174
2216,11,500,weak,grib_migration_matrix_4pop_weak.csv,0.025,10,138666174
2217,12,500,weak,grib_migration_matrix_4pop_weak.csv,0.025,10,138666174
2218,13,500,weak,grib_migration_matrix_4pop_weak.csv,0.025,10,138666174
2219,14,500,weak,grib_migration_matrix_4pop_weak.csv,0.025,10,138666174
2220,15,500,weak,grib_migration_matrix_4pop_weak.csv,0.025,10,138666174
2221,16,500,weak,grib_migration_matrix_4pop_weak.csv,0.025,10,138666174
2222,17,500,weak,grib_migration_matrix_4pop_weak.csv,0.025,10,138666174
2223,18,500,weak,grib_migration_matrix_4pop_weak.csv,0.025,10,138666174
2224,19,500,weak,grib_migration_matrix_4pop_weak.csv,0.025,10,138666174
2225,20,500,weak,grib_migration_matrix_4pop_weak.csv,0.025,10,138666174
2226,21,500,weak,grib_migration_matrix_4pop_weak.csv,0.025,10,138666174
2227,22,500,weak,grib_migration_matrix_4pop_weak.csv,0.025,10,138666174
2228,23,500,weak,grib_migration_matrix_4pop_weak.csv,0.025,10,138666174
2229,24,500,weak,grib_migration_matrix_4pop_weak.csv,0.025,10,138666174
2230,25,500,weak,grib_migration_matrix_4pop_weak.csv,0.025,10,138666174
2231,26,500,weak,grib_migration_matrix_4pop_weak.csv,0.025,10,138666174
2232,27,500,weak,grib_migration_matrix_4pop_weak.csv,0.025,10,138666174
2233,28,500,weak,grib_migration_matrix_4pop_weak.csv,0.025,10,138666174
2234,29,500,weak,grib_migration_matrix_4pop_weak.csv,0.025,10,138666174
2235,30,500,weak,grib_migration_matrix_4pop_weak.csv,0.025,10,138666174
2236,31,500,weak,grib_migration_matrix_4pop_weak.csv,0.025,10,138666174
2237,32,500,weak,grib_migration_matrix_4pop_weak.csv,0.025,10,138666174
2238,33,500,weak,grib_migration_matrix_4pop_weak.csv,0.025,10,138666174
2239,34,500,weak,grib_migration_matrix_4pop_weak.csv,0.025,10,138666174
2240,35,500,weak,grib_migration_matrix_4pop_weak.csv,0.025,10,138666174
2241,36,500,weak,grib_migration_matrix_4pop_weak.csv,0.025,10,138666174
2242,37,500,weak,grib_migration_matrix_4pop_weak.csv,0.025,10,138666174
2243,38,500,weak,grib_migration_matrix_4pop_weak.csv,0.025,10,138666174
2244,39,500,weak,grib_migration_matrix_4pop_weak.csv,0.025,10,138666174
2245,40,500,weak,grib_migration_matrix_4pop_weak.csv,0.025,10,138666174
2246,41,500,weak,grib_migration_matrix_4pop_weak.csv,0.025,10,138666174
2247,42,500,weak,grib_migration_matrix_4pop_weak.csv,0.025,10,138666174
2248,43,500,weak,grib_migration_matrix_4pop_weak.csv,0.025,10,138666174
2249,44,500,weak,grib_migration_matrix_4pop_weak.csv,0.025,10,138666174
2250,45,500,weak,grib_migration_matrix_4pop_weak.csv,0.025,10,138666174
2251,46,500,weak,grib_migration_matrix_4pop_weak.csv,0.025,10,138666174
2252,47,500,weak,grib_migration_matrix_4pop_weak.csv,0.025,10,138666174
2253,48,500,weak,grib_migration_matrix_4pop_weak.csv,0.025,10,138666174
2254,49,500,weak,grib_migration_matrix_4pop_weak.csv,0.025,10,138666174
2255,50,500,weak,grib_migration_matrix_4pop_weak.csv,0.025,10,138666174
2256,51,500,weak,grib_migration_matrix_4pop_weak.csv,0.025,10,138666174
2257,52,500,weak,grib_migration_matrix_4pop_weak.csv,0.025,10,138666174
2258,53,500,weak,grib_migration_matrix_4pop_weak.csv,0.025,10,138666174
2259,54,500,weak,grib_migration_matrix_4pop_weak.csv,0.025,10,138666174
2260,55,500,weak,grib_migration_matrix_4pop_weak.csv,0.025,10,138666174
2261,56,500,weak,grib_migration_matrix_4pop_weak.csv,0.025,10,138666174
2262,57,500,weak,grib_migration_matrix_4pop_weak.csv,0.025,10,138666174
2263,58,500,weak,grib_migration_matrix_4pop_weak.csv,0.025,10,138666174
2264,59,500,weak,grib_migration_matrix_4pop_weak.csv,0.025,10,138666174
2265,60,500,weak,grib_migration_matrix_4pop_weak.csv,0.025,10,138666174
2266,61,500,weak,grib_migration_matrix_4pop_weak.csv,0.025,10,138666174
2267,62,500,weak,grib_migration_matrix_4pop_weak.csv,0.025,10,138666174
2268,63,500,weak,grib_migration_matrix_4pop_weak.csv,0.025,10,138666174
2269,64,500,weak,grib_migration_matrix_4pop_weak.csv,0.025,10,138666174
2270,65,500,weak,grib_migration_matrix_4pop_weak.csv,0.025,10,138666174
2271,66,500,weak,grib_migration_matrix_4pop_weak.csv,0.025,10,138666174
2272,67,500,weak,grib_migration_matrix_4pop_weak.csv,0.025,10,138666174
2273,68,500,weak,grib_migration_matrix_4pop_weak.csv,0.025,10,138666174
2274,69,500,weak,grib_migration_matrix_4pop_weak.csv,0.025,10,138666174
2275,70,500,weak,grib_migration_matrix_4pop_weak.csv,0.025,10,138666174
2276,71,500,weak,grib_migration_matrix_4pop_weak.csv,0.025,10,138666174
2277,72,500,weak,grib_migration_matrix_4pop_weak.csv,0.025,10,138666174
2278,73,500,weak,grib_migration_matrix_4pop_weak.csv,0.025,10,138666174
2279,74,500,weak,grib_migration_matrix_4pop_weak.csv,0.025,10,138666174
2280,75,500,weak,grib_migration_matrix_4pop_weak.csv,0.025,10,138666174
2281,0,500,weak,grib_migration_matrix_4pop_weak.csv,0.05,1,921396352
2282,1,500,weak,grib_migration_matrix_4pop_weak.csv,0.05,1,921396352
2283,2,500,weak,grib_migration_matrix_4pop_weak.csv,0.05,1,921396352
2284,3,500,weak,grib_migration_matrix_4pop_weak.csv,0.05,1,921396352
2285,4,500,weak,grib_migration_matrix_4pop_weak.csv,0.05,1,921396352
2286,5,500,weak,grib_migration_matrix_4pop_weak.csv,0.05,1,921396352
2287,6,500,weak,grib_migration_matrix_4pop_weak.csv,0.05,1,921396352
2288,7,500,weak,grib_migration_matrix_4pop_weak.csv,0.05,1,921396352
2289,8,500,weak,grib_migration_matrix_4pop_weak.csv,0.05,1,921396352
2290,9,500,weak,grib_migration_matrix_4pop_weak.csv,0.05,1,921396352
2291,10,500,weak,grib_migration_matrix_4pop_weak.csv,0.05,1,921396352
2292,11,500,weak,grib_migration_matrix_4pop_weak.csv,0.05,1,921396352
2293,12,500,weak,grib_migration_matrix_4pop_weak.csv,0.05,1,921396352
2294,13,500,weak,grib_migration_matrix_4pop_weak.csv,0.05,1,921396352
2295,14,500,weak,grib_migration_matrix_4pop_weak.csv,0.05,1,921396352
2296,15,500,weak,grib_migration_matrix_4pop_weak.csv,0.05,1,921396352
2297,16,500,weak,grib_migration_matrix_4pop_weak.csv,0.05,1,921396352
2298,17,500,weak,grib_migration_matrix_4pop_weak.csv,0.05,1,921396352
2299,18,500,weak,grib_migration_matrix_4pop_weak.csv,0.05,1,921396352
2300,19,500,weak,grib_migration_matrix_4pop_weak.csv,0.05,1,921396352
2301,20,500,weak,grib_migration_matrix_4pop_weak.csv,0.05,1,921396352
2302,21,500,weak,grib_migration_matrix_4pop_weak.csv,0.05,1,921396352
2303,22,500,weak,grib_migration_matrix_4pop_weak.csv,0.05,1,921396352
2304,23,500,weak,grib_migration_matrix_4pop_weak.csv,0.05,1,921396352
2305,24,500,weak,grib_migration_matrix_4pop_weak.csv,0.05,1,921396352
2306,25,500,weak,grib_migration_matrix_4pop_weak.csv,0.05,1,921396352
2307,26,500,weak,grib_migration_matrix_4pop_weak.csv,0.05,1,921396352
2308,27,500,weak,grib_migration_matrix_4pop_weak.csv,0.05,1,921396352
2309,28,500,weak,grib_migration_matrix_4pop_weak.csv,0.05,1,921396352
2310,29,500,weak,grib_migration_matrix_4pop_weak.csv,0.05,1,921396352
2311,30,500,weak,grib_migration_matrix_4pop_weak.csv,0.05,1,921396352
2312,31,500,weak,grib_migration_matrix_4pop_weak.csv,0.05,1,921396352
2313,32,500,weak,grib_migration_matrix_4pop_weak.csv,0.05,1,921396352
2314,33,500,weak,grib_migration_matrix_4pop_weak.csv,0.05,1,921396352
2315,34,500,weak,grib_migration_matrix_4pop_weak.csv,0.05,1,921396352
2316,35,500,weak,grib_migration_matrix_4pop_weak.csv,0.05,1,921396352
2317,36,500,weak,grib_migration_matrix_4pop_weak.csv,0.05,1,921396352
2318,37,500,weak,grib_migration_matrix_4pop_weak.csv,0.05,1,921396352
2319,38,500,weak,grib_migration_matrix_4pop_weak.csv,0.05,1,921396352
2320,39,500,weak,grib_migration_matrix_4pop_weak.csv,0.05,1,921396352
2321,40,500,weak,grib_migration_matrix_4pop_weak.csv,0.05,1,921396352
2322,41,500,weak,grib_migration_matrix_4pop_weak.csv,0.05,1,921396352
2323,42,500,weak,grib_migration_matrix_4pop_weak.csv,0.05,1,921396352
2324,43,500,weak,grib_migration_matrix_4pop_weak.csv,0.05,1,921396352
2325,44,500,weak,grib_migration_matrix_4pop_weak.csv,0.05,1,921396352
2326,45,500,weak,grib_migration_matrix_4pop_weak.csv,0.05,1,921396352
2327,46,500,weak,grib_migration_matrix_4pop_weak.csv,0.05,1,921396352
2328,47,500,weak,grib_migration_matrix_4pop_weak.csv,0.05,1,921396352
2329,48,500,weak,grib_migration_matrix_4pop_weak.csv,0.05,1,921396352
2330,49,500,weak,grib_migration_matrix_4pop_weak.csv,0.05,1,921396352
2331,50,500,weak,grib_migration_matrix_4pop_weak.csv,0.05,1,921396352
2332,51,500,weak,grib_migration_matrix_4pop_weak.csv,0.05,1,921396352
2333,52,500,weak,grib_migration_matrix_4pop_weak.csv,0.05,1,921396352
2334,53,500,weak,grib_migration_matrix_4pop_weak.csv,0.05,1,921396352
2335,54,500,weak,grib_migration_matrix_4pop_weak.csv,0.05,1,921396352
2336,55,500,weak,grib_migration_matrix_4pop_weak.csv,0.05,1,921396352
2337,56,500,weak,grib_migration_matrix_4pop_weak.csv,0.05,1,921396352
2338,57,500,weak,grib_migration_matrix_4pop_weak.csv,0.05,1,921396352
2339,58,500,weak,grib_migration_matrix_4pop_weak.csv,0.05,1,921396352
2340,59,500,weak,grib_migration_matrix_4pop_weak.csv,0.05,1,921396352
2341,60,500,weak,grib_migration_matrix_4pop_weak.csv,0.05,1,921396352
2342,61,500,weak,grib_migration_matrix_4pop_weak.csv,0.05,1,921396352
2343,62,500,weak,grib_migration_matrix_4pop_weak.csv,0.05,1,921396352
2344,63,500,weak,grib_migration_matrix_4pop_weak.csv,0.05,1,921396352
2345,64,500,weak,grib_migration_matrix_4pop_weak.csv,0.05,1,921396352
2346,65,500,weak,grib_migration_matrix_4pop_weak.csv,0.05,1,921396352
2347,66,500,weak,grib_migration_matrix_4pop_weak.csv,0.05,1,921396352
2348,67,500,weak,grib_migration_matrix_4pop_weak.csv,0.05,1,921396352
2349,68,500,weak,grib_migration_matrix_4pop_weak.csv,0.05,1,921396352
2350,69,500,weak,grib_migration_matrix_4pop_weak.csv,0.05,1,921396352
2351,70,500,weak,grib_migration_matrix_4pop_weak.csv,0.05,1,921396352
2352,71,500,weak,grib_migration_matrix_4pop_weak.csv,0.05,1,921396352
2353,72,500,weak,grib_migration_matrix_4pop_weak.csv,0.05,1,921396352
2354,73,500,weak,grib_migration_matrix_4pop_weak.csv,0.05,1,921396352
2355,74,500,weak,grib_migration_matrix_4pop_weak.csv,0.05,1,921396352
2356,75,500,weak,grib_migration_matrix_4pop_weak.csv,0.05,1,921396352
2357,0,500,weak,grib_migration_matrix_4pop_weak.csv,0.05,2,1854398081
2358,1,500,weak,grib_migration_matrix_4pop_weak.csv,0.05,2,1854398081
2359,2,500,weak,grib_migration_matrix_4pop_weak.csv,0.05,2,1854398081
2360,3,500,weak,grib_migration_matrix_4pop_weak.csv,0.05,2,1854398081
2361,4,500,weak,grib_migration_matrix_4pop_weak.csv,0.05,2,1854398081
2362,5,500,weak,grib_migration_matrix_4pop_weak.csv,0.05,2,1854398081
2363,6,500,weak,grib_migration_matrix_4pop_weak.csv,0.05,2,1854398081
2364,7,500,weak,grib_migration_matrix_4pop_weak.csv,0.05,2,1854398081
2365,8,500,weak,grib_migration_matrix_4pop_weak.csv,0.05,2,1854398081
2366,9,500,weak,grib_migration_matrix_4pop_weak.csv,0.05,2,1854398081
2367,10,500,weak,grib_migration_matrix_4pop_weak.csv,0.05,2,1854398081
2368,11,500,weak,grib_migration_matrix_4pop_weak.csv,0.05,2,1854398081
2369,12,500,weak,grib_migration_matrix_4pop_weak.csv,0.05,2,1854398081
2370,13,500,weak,grib_migration_matrix_4pop_weak.csv,0.05,2,1854398081
2371,14,500,weak,grib_migration_matrix_4pop_weak.csv,0.05,2,1854398081
2372,15,500,weak,grib_migration_matrix_4pop_weak.csv,0.05,2,1854398081
2373,16,500,weak,grib_migration_matrix_4pop_weak.csv,0.05,2,1854398081
2374,17,500,weak,grib_migration_matrix_4pop_weak.csv,0.05,2,1854398081
2375,18,500,weak,grib_migration_matrix_4pop_weak.csv,0.05,2,1854398081
2376,19,500,weak,grib_migration_matrix_4pop_weak.csv,0.05,2,1854398081
2377,20,500,weak,grib_migration_matrix_4pop_weak.csv,0.05,2,1854398081
2378,21,500,weak,grib_migration_matrix_4pop_weak.csv,0.05,2,1854398081
2379,22,500,weak,grib_migration_matrix_4pop_weak.csv,0.05,2,1854398081
2380,23,500,weak,grib_migration_matrix_4pop_weak.csv,0.05,2,1854398081
2381,24,500,weak,grib_migration_matrix_4pop_weak.csv,0.05,2,1854398081
2382,25,500,weak,grib_migration_matrix_4pop_weak.csv,0.05,2,1854398081
2383,26,500,weak,grib_migration_matrix_4pop_weak.csv,0.05,2,1854398081
2384,27,500,weak,grib_migration_matrix_4pop_weak.csv,0.05,2,1854398081
2385,28,500,weak,grib_migration_matrix_4pop_weak.csv,0.05,2,1854398081
2386,29,500,weak,grib_migration_matrix_4pop_weak.csv,0.05,2,1854398081
2387,30,500,weak,grib_migration_matrix_4pop_weak.csv,0.05,2,1854398081
2388,31,500,weak,grib_migration_matrix_4pop_weak.csv,0.05,2,1854398081
2389,32,500,weak,grib_migration_matrix_4pop_weak.csv,0.05,2,1854398081
2390,33,500,weak,grib_migration_matrix_4pop_weak.csv,0.05,2,1854398081
2391,34,500,weak,grib_migration_matrix_4pop_weak.csv,0.05,2,1854398081
2392,35,500,weak,grib_migration_matrix_4pop_weak.csv,0.05,2,1854398081
2393,36,500,weak,grib_migration_matrix_4pop_weak.csv,0.05,2,1854398081
2394,37,500,weak,grib_migration_matrix_4pop_weak.csv,0.05,2,1854398081
2395,38,500,weak,grib_migration_matrix_4pop_weak.csv,0.05,2,1854398081
2396,39,500,weak,grib_migration_matrix_4pop_weak.csv,0.05,2,1854398081
2397,40,500,weak,grib_migration_matrix_4pop_weak.csv,0.05,2,1854398081
2398,41,500,weak,grib_migration_matrix_4pop_weak.csv,0.05,2,1854398081
2399,42,500,weak,grib_migration_matrix_4pop_weak.csv,0.05,2,1854398081
2400,43,500,weak,grib_migration_matrix_4pop_weak.csv,0.05,2,1854398081
2401,44,500,weak,grib_migration_matrix_4pop_weak.csv,0.05,2,1854398081
2402,45,500,weak,grib_migration_matrix_4pop_weak.csv,0.05,2,1854398081
2403,46,500,weak,grib_migration_matrix_4pop_weak.csv,0.05,2,1854398081
2404,47,500,weak,grib_migration_matrix_4pop_weak.csv,0.05,2,1854398081
2405,48,500,weak,grib_migration_matrix_4pop_weak.csv,0.05,2,1854398081
2406,49,500,weak,grib_migration_matrix_4pop_weak.csv,0.05,2,1854398081
2407,50,500,weak,grib_migration_matrix_4pop_weak.csv,0.05,2,1854398081
2408,51,500,weak,grib_migration_matrix_4pop_weak.csv,0.05,2,1854398081
2409,52,500,weak,grib_migration_matrix_4pop_weak.csv,0.05,2,1854398081
2410,53,500,weak,grib_migration_matrix_4pop_weak.csv,0.05,2,1854398081
2411,54,500,weak,grib_migration_matrix_4pop_weak.csv,0.05,2,1854398081
2412,55,500,weak,grib_migration_matrix_4pop_weak.csv,0.05,2,1854398081
2413,56,500,weak,grib_migration_matrix_4pop_weak.csv,0.05,2,1854398081
2414,57,500,weak,grib_migration_matrix_4pop_weak.csv,0.05,2,1854398081
2415,58,500,weak,grib_migration_matrix_4pop_weak.csv,0.05,2,1854398081
2416,59,500,weak,grib_migration_matrix_4pop_weak.csv,0.05,2,1854398081
2417,60,500,weak,grib_migration_matrix_4pop_weak.csv,0.05,2,1854398081
2418,61,500,weak,grib_migration_matrix_4pop_weak.csv,0.05,2,1854398081
2419,62,500,weak,grib_migration_matrix_4pop_weak.csv,0.05,2,1854398081
2420,63,500,weak,grib_migration_matrix_4pop_weak.csv,0.05,2,1854398081
2421,64,500,weak,grib_migration_matrix_4pop_weak.csv,0.05,2,1854398081
2422,65,500,weak,grib_migration_matrix_4pop_weak.csv,0.05,2,1854398081
2423,66,500,weak,grib_migration_matrix_4pop_weak.csv,0.05,2,1854398081
2424,67,500,weak,grib_migration_matrix_4pop_weak.csv,0.05,2,1854398081
2425,68,500,weak,grib_migration_matrix_4pop_weak.csv,0.05,2,1854398081
2426,69,500,weak,grib_migration_matrix_4pop_weak.csv,0.05,2,1854398081
2427,70,500,weak,grib_migration_matrix_4pop_weak.csv,0.05,2,1854398081
2428,71,500,weak,grib_migration_matrix_4pop_weak.csv,0.05,2,1854398081
2429,72,500,weak,grib_migration_matrix_4pop_weak.csv,0.05,2,1854398081
2430,73,500,weak,grib_migration_matrix_4pop_weak.csv,0.05,2,1854398081
2431,74,500,weak,grib_migration_matrix_4pop_weak.csv,0.05,2,1854398081
2432,75,500,weak,grib_migration_matrix_4pop_weak.csv,0.05,2,1854398081
2433,0,500,weak,grib_migration_matrix_4pop_weak.csv,0.05,3,1421170316
2434,1,500,weak,grib_migration_matrix_4pop_weak.csv,0.05,3,1421170316
2435,2,500,weak,grib_migration_matrix_4pop_weak.csv,0.05,3,1421170316
2436,3,500,weak,grib_migration_matrix_4pop_weak.csv,0.05,3,1421170316
2437,4,500,weak,grib_migration_matrix_4pop_weak.csv,0.05,3,1421170316
2438,5,500,weak,grib_migration_matrix_4pop_weak.csv,0.05,3,1421170316
2439,6,500,weak,grib_migration_matrix_4pop_weak.csv,0.05,3,1421170316
2440,7,500,weak,grib_migration_matrix_4pop_weak.csv,0.05,3,1421170316
2441,8,500,weak,grib_migration_matrix_4pop_weak.csv,0.05,3,1421170316
2442,9,500,weak,grib_migration_matrix_4pop_weak.csv,0.05,3,1421170316
2443,10,500,weak,grib_migration_matrix_4pop_weak.csv,0.05,3,1421170316
2444,11,500,weak,grib_migration_matrix_4pop_weak.csv,0.05,3,1421170316
2445,12,500,weak,grib_migration_matrix_4pop_weak.csv,0.05,3,1421170316
2446,13,500,weak,grib_migration_matrix_4pop_weak.csv,0.05,3,1421170316
2447,14,500,weak,grib_migration_matrix_4pop_weak.csv,0.05,3,1421170316
2448,15,500,weak,grib_migration_matrix_4pop_weak.csv,0.05,3,1421170316
2449,16,500,weak,grib_migration_matrix_4pop_weak.csv,0.05,3,1421170316
2450,17,500,weak,grib_migration_matrix_4pop_weak.csv,0.05,3,1421170316
2451,18,500,weak,grib_migration_matrix_4pop_weak.csv,0.05,3,1421170316
2452,19,500,weak,grib_migration_matrix_4pop_weak.csv,0.05,3,1421170316
2453,20,500,weak,grib_migration_matrix_4pop_weak.csv,0.05,3,1421170316
2454,21,500,weak,grib_migration_matrix_4pop_weak.csv,0.05,3,1421170316
2455,22,500,weak,grib_migration_matrix_4pop_weak.csv,0.05,3,1421170316
2456,23,500,weak,grib_migration_matrix_4pop_weak.csv,0.05,3,1421170316
2457,24,500,weak,grib_migration_matrix_4pop_weak.csv,0.05,3,1421170316
2458,25,500,weak,grib_migration_matrix_4pop_weak.csv,0.05,3,1421170316
2459,26,500,weak,grib_migration_matrix_4pop_weak.csv,0.05,3,1421170316
2460,27,500,weak,grib_migration_matrix_4pop_weak.csv,0.05,3,1421170316
2461,28,500,weak,grib_migration_matrix_4pop_weak.csv,0.05,3,1421170316
2462,29,500,weak,grib_migration_matrix_4pop_weak.csv,0.05,3,1421170316
2463,30,500,weak,grib_migration_matrix_4pop_weak.csv,0.05,3,1421170316
2464,31,500,weak,grib_migration_matrix_4pop_weak.csv,0.05,3,1421170316
2465,32,500,weak,grib_migration_matrix_4pop_weak.csv,0.05,3,1421170316
2466,33,500,weak,grib_migration_matrix_4pop_weak.csv,0.05,3,1421170316
2467,34,500,weak,grib_migration_matrix_4pop_weak.csv,0.05,3,1421170316
2468,35,500,weak,grib_migration_matrix_4pop_weak.csv,0.05,3,1421170316
2469,36,500,weak,grib_migration_matrix_4pop_weak.csv,0.05,3,1421170316
2470,37,500,weak,grib_migration_matrix_4pop_weak.csv,0.05,3,1421170316
2471,38,500,weak,grib_migration_matrix_4pop_weak.csv,0.05,3,1421170316
2472,39,500,weak,grib_migration_matrix_4pop_weak.csv,0.05,3,1421170316
2473,40,500,weak,grib_migration_matrix_4pop_weak.csv,0.05,3,1421170316
2474,41,500,weak,grib_migration_matrix_4pop_weak.csv,0.05,3,1421170316
2475,42,500,weak,grib_migration_matrix_4pop_weak.csv,0.05,3,1421170316
2476,43,500,weak,grib_migration_matrix_4pop_weak.csv,0.05,3,1421170316
2477,44,500,weak,grib_migration_matrix_4pop_weak.csv,0.05,3,1421170316
2478,45,500,weak,grib_migration_matrix_4pop_weak.csv,0.05,3,1421170316
2479,46,500,weak,grib_migration_matrix_4pop_weak.csv,0.05,3,1421170316
2480,47,500,weak,grib_migration_matrix_4pop_weak.csv,0.05,3,1421170316
2481,48,500,weak,grib_migration_matrix_4pop_weak.csv,0.05,3,1421170316
2482,49,500,weak,grib_migration_matrix_4pop_weak.csv,0.05,3,1421170316
2483,50,500,weak,grib_migration_matrix_4pop_weak.csv,0.05,3,1421170316
2484,51,500,weak,grib_migration_matrix_4pop_weak.csv,0.05,3,1421170316
2485,52,500,weak,grib_migration_matrix_4pop_weak.csv,0.05,3,1421170316
2486,53,500,weak,grib_migration_matrix_4pop_weak.csv,0.05,3,1421170316
2487,54,500,weak,grib_migration_matrix_4pop_weak.csv,0.05,3,1421170316
2488,55,500,weak,grib_migration_matrix_4pop_weak.csv,0.05,3,1421170316
2489,56,500,weak,grib_migration_matrix_4pop_weak.csv,0.05,3,1421170316
2490,57,500,weak,grib_migration_matrix_4pop_weak.csv,0.05,3,1421170316
2491,58,500,weak,grib_migration_matrix_4pop_weak.csv,0.05,3,1421170316
2492,59,500,weak,grib_migration_matrix_4pop_weak.csv,0.05,3,1421170316
2493,60,500,weak,grib_migration_matrix_4pop_weak.csv,0.05,3,1421170316
2494,61,500,weak,grib_migration_matrix_4pop_weak.csv,0.05,3,1421170316
2495,62,500,weak,grib_migration_matrix_4pop_weak.csv,0.05,3,1421170316
2496,63,500,weak,grib_migration_matrix_4pop_weak.csv,0.05,3,1421170316
2497,64,500,weak,grib_migration_matrix_4pop_weak.csv,0.05,3,1421170316
2498,65,500,weak,grib_migration_matrix_4pop_weak.csv,0.05,3,1421170316
2499,66,500,weak,grib_migration_matrix_4pop_weak.csv,0.05,3,1421170316
2500,67,500,weak,grib_migration_matrix_4pop_weak.csv,0.05,3,1421170316
2501,68,500,weak,grib_migration_matrix_4pop_weak.csv,0.05,3,1421170316
2502,69,500,weak,grib_migration_matrix_4pop_weak.csv,0.05,3,1421170316
2503,70,500,weak,grib_migration_matrix_4pop_weak.csv,0.05,3,1421170316
2504,71,500,weak,grib_migration_matrix_4pop_weak.csv,0.05,3,1421170316
2505,72,500,weak,grib_migration_matrix_4pop_weak.csv,0.05,3,1421170316
2506,73,500,weak,grib_migration_matrix_4pop_weak.csv,0.05,3,1421170316
2507,74,500,weak,grib_migration_matrix_4pop_weak.csv,0.05,3,1421170316
2508,75,500,weak,grib_migration_matrix_4pop_weak.csv,0.05,3,1421170316
2509,0,500,weak,grib_migration_matrix_4pop_weak.csv,0.05,4,1123340445
2510,1,500,weak,grib_migration_matrix_4pop_weak.csv,0.05,4,1123340445
2511,2,500,weak,grib_migration_matrix_4pop_weak.csv,0.05,4,1123340445
2512,3,500,weak,grib_migration_matrix_4pop_weak.csv,0.05,4,1123340445
2513,4,500,weak,grib_migration_matrix_4pop_weak.csv,0.05,4,1123340445
2514,5,500,weak,grib_migration_matrix_4pop_weak.csv,0.05,4,1123340445
2515,6,500,weak,grib_migration_matrix_4pop_weak.csv,0.05,4,1123340445
2516,7,500,weak,grib_migration_matrix_4pop_weak.csv,0.05,4,1123340445
2517,8,500,weak,grib_migration_matrix_4pop_weak.csv,0.05,4,1123340445
2518,9,500,weak,grib_migration_matrix_4pop_weak.csv,0.05,4,1123340445
2519,10,500,weak,grib_migration_matrix_4pop_weak.csv,0.05,4,1123340445
2520,11,500,weak,grib_migration_matrix_4pop_weak.csv,0.05,4,1123340445
2521,12,500,weak,grib_migration_matrix_4pop_weak.csv,0.05,4,1123340445
2522,13,500,weak,grib_migration_matrix_4pop_weak.csv,0.05,4,1123340445
2523,14,500,weak,grib_migration_matrix_4pop_weak.csv,0.05,4,1123340445
2524,15,500,weak,grib_migration_matrix_4pop_weak.csv,0.05,4,1123340445
2525,16,500,weak,grib_migration_matrix_4pop_weak.csv,0.05,4,1123340445
2526,17,500,weak,grib_migration_matrix_4pop_weak.csv,0.05,4,1123340445
2527,18,500,weak,grib_migration_matrix_4pop_weak.csv,0.05,4,1123340445
2528,19,500,weak,grib_migration_matrix_4pop_weak.csv,0.05,4,1123340445
2529,20,500,weak,grib_migration_matrix_4pop_weak.csv,0.05,4,1123340445
2530,21,500,weak,grib_migration_matrix_4pop_weak.csv,0.05,4,1123340445
2531,22,500,weak,grib_migration_matrix_4pop_weak.csv,0.05,4,1123340445
2532,23,500,weak,grib_migration_matrix_4pop_weak.csv,0.05,4,1123340445
2533,24,500,weak,grib_migration_matrix_4pop_weak.csv,0.05,4,1123340445
2534,25,500,weak,grib_migration_matrix_4pop_weak.csv,0.05,4,1123340445
2535,26,500,weak,grib_migration_matrix_4pop_weak.csv,0.05,4,1123340445
2536,27,500,weak,grib_migration_matrix_4pop_weak.csv,0.05,4,1123340445
2537,28,500,weak,grib_migration_matrix_4pop_weak.csv,0.05,4,1123340445
2538,29,500,weak,grib_migration_matrix_4pop_weak.csv,0.05,4,1123340445
2539,30,500,weak,grib_migration_matrix_4pop_weak.csv,0.05,4,1123340445
2540,31,500,weak,grib_migration_matrix_4pop_weak.csv,0.05,4,1123340445
2541,32,500,weak,grib_migration_matrix_4pop_weak.csv,0.05,4,1123340445
2542,33,500,weak,grib_migration_matrix_4pop_weak.csv,0.05,4,1123340445
2543,34,500,weak,grib_migration_matrix_4pop_weak.csv,0.05,4,1123340445
2544,35,500,weak,grib_migration_matrix_4pop_weak.csv,0.05,4,1123340445
2545,36,500,weak,grib_migration_matrix_4pop_weak.csv,0.05,4,1123340445
2546,37,500,weak,grib_migration_matrix_4pop_weak.csv,0.05,4,1123340445
2547,38,500,weak,grib_migration_matrix_4pop_weak.csv,0.05,4,1123340445
2548,39,500,weak,grib_migration_matrix_4pop_weak.csv,0.05,4,1123340445
2549,40,500,weak,grib_migration_matrix_4pop_weak.csv,0.05,4,1123340445
2550,41,500,weak,grib_migration_matrix_4pop_weak.csv,0.05,4,1123340445
2551,42,500,weak,grib_migration_matrix_4pop_weak.csv,0.05,4,1123340445
2552,43,500,weak,grib_migration_matrix_4pop_weak.csv,0.05,4,1123340445
2553,44,500,weak,grib_migration_matrix_4pop_weak.csv,0.05,4,1123340445
2554,45,500,weak,grib_migration_matrix_4pop_weak.csv,0.05,4,1123340445
2555,46,500,weak,grib_migration_matrix_4pop_weak.csv,0.05,4,1123340445
2556,47,500,weak,grib_migration_matrix_4pop_weak.csv,0.05,4,1123340445
2557,48,500,weak,grib_migration_matrix_4pop_weak.csv,0.05,4,1123340445
2558,49,500,weak,grib_migration_matrix_4pop_weak.csv,0.05,4,1123340445
2559,50,500,weak,grib_migration_matrix_4pop_weak.csv,0.05,4,1123340445
2560,51,500,weak,grib_migration_matrix_4pop_weak.csv,0.05,4,1123340445
2561,52,500,weak,grib_migration_matrix_4pop_weak.csv,0.05,4,1123340445
2562,53,500,weak,grib_migration_matrix_4pop_weak.csv,0.05,4,1123340445
2563,54,500,weak,grib_migration_matrix_4pop_weak.csv,0.05,4,1123340445
2564,55,500,weak,grib_migration_matrix_4pop_weak.csv,0.05,4,1123340445
2565,56,500,weak,grib_migration_matrix_4pop_weak.csv,0.05,4,1123340445
2566,57,500,weak,grib_migration_matrix_4pop_weak.csv,0.05,4,1123340445
2567,58,500,weak,grib_migration_matrix_4pop_weak.csv,0.05,4,1123340445
2568,59,500,weak,grib_migration_matrix_4pop_weak.csv,0.05,4,1123340445
2569,60,500,weak,grib_migration_matrix_4pop_weak.csv,0.05,4,1123340445
2570,61,500,weak,grib_migration_matrix_4pop_weak.csv,0.05,4,1123340445
2571,62,500,weak,grib_migration_matrix_4pop_weak.csv,0.05,4,1123340445
2572,63,500,weak,grib_migration_matrix_4pop_weak.csv,0.05,4,1123340445
2573,64,500,weak,grib_migration_matrix_4pop_weak.csv,0.05,4,1123340445
2574,65,500,weak,grib_migration_matrix_4pop_weak.csv,0.05,4,1123340445
2575,66,500,weak,grib_migration_matrix_4pop_weak.csv,0.05,4,1123340445
2576,67,500,weak,grib_migration_matrix_4pop_weak.csv,0.05,4,1123340445
2577,68,500,weak,grib_migration_matrix_4pop_weak.csv,0.05,4,1123340445
2578,69,500,weak,grib_migration_matrix_4pop_weak.csv,0.05,4,1123340445
2579,70,500,weak,grib_migration_matrix_4pop_weak.csv,0.05,4,1123340445
2580,71,500,weak,grib_migration_matrix_4pop_weak.csv,0.05,4,1123340445
2581,72,500,weak,grib_migration_matrix_4pop_weak.csv,0.05,4,1123340445
2582,73,500,weak,grib_migration_matrix_4pop_weak.csv,0.05,4,1123340445
2583,74,500,weak,grib_migration_matrix_4pop_weak.csv,0.05,4,1123340445
2584,75,500,weak,grib_migration_matrix_4pop_weak.csv,0.05,4,1123340445
2585,0,500,weak,grib_migration_matrix_4pop_weak.csv,0.05,5,1768626619
2586,1,500,weak,grib_migration_matrix_4pop_weak.csv,0.05,5,1768626619
2587,2,500,weak,grib_migration_matrix_4pop_weak.csv,0.05,5,1768626619
2588,3,500,weak,grib_migration_matrix_4pop_weak.csv,0.05,5,1768626619
2589,4,500,weak,grib_migration_matrix_4pop_weak.csv,0.05,5,1768626619
2590,5,500,weak,grib_migration_matrix_4pop_weak.csv,0.05,5,1768626619
2591,6,500,weak,grib_migration_matrix_4pop_weak.csv,0.05,5,1768626619
2592,7,500,weak,grib_migration_matrix_4pop_weak.csv,0.05,5,1768626619
2593,8,500,weak,grib_migration_matrix_4pop_weak.csv,0.05,5,1768626619
2594,9,500,weak,grib_migration_matrix_4pop_weak.csv,0.05,5,1768626619
2595,10,500,weak,grib_migration_matrix_4pop_weak.csv,0.05,5,1768626619
2596,11,500,weak,grib_migration_matrix_4pop_weak.csv,0.05,5,1768626619
2597,12,500,weak,grib_migration_matrix_4pop_weak.csv,0.05,5,1768626619
2598,13,500,weak,grib_migration_matrix_4pop_weak.csv,0.05,5,1768626619
2599,14,500,weak,grib_migration_matrix_4pop_weak.csv,0.05,5,1768626619
2600,15,500,weak,grib_migration_matrix_4pop_weak.csv,0.05,5,1768626619
2601,16,500,weak,grib_migration_matrix_4pop_weak.csv,0.05,5,1768626619
2602,17,500,weak,grib_migration_matrix_4pop_weak.csv,0.05,5,1768626619
2603,18,500,weak,grib_migration_matrix_4pop_weak.csv,0.05,5,1768626619
2604,19,500,weak,grib_migration_matrix_4pop_weak.csv,0.05,5,1768626619
2605,20,500,weak,grib_migration_matrix_4pop_weak.csv,0.05,5,1768626619
2606,21,500,weak,grib_migration_matrix_4pop_weak.csv,0.05,5,1768626619
2607,22,500,weak,grib_migration_matrix_4pop_weak.csv,0.05,5,1768626619
2608,23,500,weak,grib_migration_matrix_4pop_weak.csv,0.05,5,1768626619
2609,24,500,weak,grib_migration_matrix_4pop_weak.csv,0.05,5,1768626619
2610,25,500,weak,grib_migration_matrix_4pop_weak.csv,0.05,5,1768626619
2611,26,500,weak,grib_migration_matrix_4pop_weak.csv,0.05,5,1768626619
2612,27,500,weak,grib_migration_matrix_4pop_weak.csv,0.05,5,1768626619
2613,28,500,weak,grib_migration_matrix_4pop_weak.csv,0.05,5,1768626619
2614,29,500,weak,grib_migration_matrix_4pop_weak.csv,0.05,5,1768626619
2615,30,500,weak,grib_migration_matrix_4pop_weak.csv,0.05,5,1768626619
2616,31,500,weak,grib_migration_matrix_4pop_weak.csv,0.05,5,1768626619
2617,32,500,weak,grib_migration_matrix_4pop_weak.csv,0.05,5,1768626619
2618,33,500,weak,grib_migration_matrix_4pop_weak.csv,0.05,5,1768626619
2619,34,500,weak,grib_migration_matrix_4pop_weak.csv,0.05,5,1768626619
2620,35,500,weak,grib_migration_matrix_4pop_weak.csv,0.05,5,1768626619
2621,36,500,weak,grib_migration_matrix_4pop_weak.csv,0.05,5,1768626619
2622,37,500,weak,grib_migration_matrix_4pop_weak.csv,0.05,5,1768626619
2623,38,500,weak,grib_migration_matrix_4pop_weak.csv,0.05,5,1768626619
2624,39,500,weak,grib_migration_matrix_4pop_weak.csv,0.05,5,1768626619
2625,40,500,weak,grib_migration_matrix_4pop_weak.csv,0.05,5,1768626619
2626,41,500,weak,grib_migration_matrix_4pop_weak.csv,0.05,5,1768626619
2627,42,500,weak,grib_migration_matrix_4pop_weak.csv,0.05,5,1768626619
2628,43,500,weak,grib_migration_matrix_4pop_weak.csv,0.05,5,1768626619
2629,44,500,weak,grib_migration_matrix_4pop_weak.csv,0.05,5,1768626619
2630,45,500,weak,grib_migration_matrix_4pop_weak.csv,0.05,5,1768626619
2631,46,500,weak,grib_migration_matrix_4pop_weak.csv,0.05,5,1768626619
2632,47,500,weak,grib_migration_matrix_4pop_weak.csv,0.05,5,1768626619
2633,48,500,weak,grib_migration_matrix_4pop_weak.csv,0.05,5,1768626619
2634,49,500,weak,grib_migration_matrix_4pop_weak.csv,0.05,5,1768626619
2635,50,500,weak,grib_migration_matrix_4pop_weak.csv,0.05,5,1768626619
2636,51,500,weak,grib_migration_matrix_4pop_weak.csv,0.05,5,1768626619
2637,52,500,weak,grib_migration_matrix_4pop_weak.csv,0.05,5,1768626619
2638,53,500,weak,grib_migration_matrix_4pop_weak.csv,0.05,5,1768626619
2639,54,500,weak,grib_migration_matrix_4pop_weak.csv,0.05,5,1768626619
2640,55,500,weak,grib_migration_matrix_4pop_weak.csv,0.05,5,1768626619
2641,56,500,weak,grib_migration_matrix_4pop_weak.csv,0.05,5,1768626619
2642,57,500,weak,grib_migration_matrix_4pop_weak.csv,0.05,5,1768626619
2643,58,500,weak,grib_migration_matrix_4pop_weak.csv,0.05,5,1768626619
2644,59,500,weak,grib_migration_matrix_4pop_weak.csv,0.05,5,1768626619
2645,60,500,weak,grib_migration_matrix_4pop_weak.csv,0.05,5,1768626619
2646,61,500,weak,grib_migration_matrix_4pop_weak.csv,0.05,5,1768626619
2647,62,500,weak,grib_migration_matrix_4pop_weak.csv,0.05,5,1768626619
2648,63,500,weak,grib_migration_matrix_4pop_weak.csv,0.05,5,1768626619
2649,64,500,weak,grib_migration_matrix_4pop_weak.csv,0.05,5,1768626619
2650,65,500,weak,grib_migration_matrix_4pop_weak.csv,0.05,5,1768626619
2651,66,500,weak,grib_migration_matrix_4pop_weak.csv,0.05,5,1768626619
2652,67,500,weak,grib_migration_matrix_4pop_weak.csv,0.05,5,1768626619
2653,68,500,weak,grib_migration_matrix_4pop_weak.csv,0.05,5,1768626619
2654,69,500,weak,grib_migration_matrix_4pop_weak.csv,0.05,5,1768626619
2655,70,500,weak,grib_migration_matrix_4pop_weak.csv,0.05,5,1768626619
2656,71,500,weak,grib_migration_matrix_4pop_weak.csv,0.05,5,1768626619
2657,72,500,weak,grib_migration_matrix_4pop_weak.csv,0.05,5,1768626619
2658,73,500,weak,grib_migration_matrix_4pop_weak.csv,0.05,5,1768626619
2659,74,500,weak,grib_migration_matrix_4pop_weak.csv,0.05,5,1768626619
2660,75,500,weak,grib_migration_matrix_4pop_weak.csv,0.05,5,1768626619
2661,0,500,weak,grib_migration_matrix_4pop_weak.csv,0.05,6,1934496260
2662,1,500,weak,grib_migration_matrix_4pop_weak.csv,0.05,6,1934496260
2663,2,500,weak,grib_migration_matrix_4pop_weak.csv,0.05,6,1934496260
2664,3,500,weak,grib_migration_matrix_4pop_weak.csv,0.05,6,1934496260
2665,4,500,weak,grib_migration_matrix_4pop_weak.csv,0.05,6,1934496260
2666,5,500,weak,grib_migration_matrix_4pop_weak.csv,0.05,6,1934496260
2667,6,500,weak,grib_migration_matrix_4pop_weak.csv,0.05,6,1934496260
2668,7,500,weak,grib_migration_matrix_4pop_weak.csv,0.05,6,1934496260
2669,8,500,weak,grib_migration_matrix_4pop_weak.csv,0.05,6,1934496260
2670,9,500,weak,grib_migration_matrix_4pop_weak.csv,0.05,6,1934496260
2671,10,500,weak,grib_migration_matrix_4pop_weak.csv,0.05,6,1934496260
2672,11,500,weak,grib_migration_matrix_4pop_weak.csv,0.05,6,1934496260
2673,12,500,weak,grib_migration_matrix_4pop_weak.csv,0.05,6,1934496260
2674,13,500,weak,grib_migration_matrix_4pop_weak.csv,0.05,6,1934496260
2675,14,500,weak,grib_migration_matrix_4pop_weak.csv,0.05,6,1934496260
2676,15,500,weak,grib_migration_matrix_4pop_weak.csv,0.05,6,1934496260
2677,16,500,weak,grib_migration_matrix_4pop_weak.csv,0.05,6,1934496260
2678,17,500,weak,grib_migration_matrix_4pop_weak.csv,0.05,6,1934496260
2679,18,500,weak,grib_migration_matrix_4pop_weak.csv,0.05,6,1934496260
2680,19,500,weak,grib_migration_matrix_4pop_weak.csv,0.05,6,1934496260
2681,20,500,weak,grib_migration_matrix_4pop_weak.csv,0.05,6,1934496260
2682,21,500,weak,grib_migration_matrix_4pop_weak.csv,0.05,6,1934496260
2683,22,500,weak,grib_migration_matrix_4pop_weak.csv,0.05,6,1934496260
2684,23,500,weak,grib_migration_matrix_4pop_weak.csv,0.05,6,1934496260
2685,24,500,weak,grib_migration_matrix_4pop_weak.csv,0.05,6,1934496260
2686,25,500,weak,grib_migration_matrix_4pop_weak.csv,0.05,6,1934496260
2687,26,500,weak,grib_migration_matrix_4pop_weak.csv,0.05,6,1934496260
2688,27,500,weak,grib_migration_matrix_4pop_weak.csv,0.05,6,1934496260
2689,28,500,weak,grib_migration_matrix_4pop_weak.csv,0.05,6,1934496260
2690,29,500,weak,grib_migration_matrix_4pop_weak.csv,0.05,6,1934496260
2691,30,500,weak,grib_migration_matrix_4pop_weak.csv,0.05,6,1934496260
2692,31,500,weak,grib_migration_matrix_4pop_weak.csv,0.05,6,1934496260
2693,32,500,weak,grib_migration_matrix_4pop_weak.csv,0.05,6,1934496260
2694,33,500,weak,grib_migration_matrix_4pop_weak.csv,0.05,6,1934496260
2695,34,500,weak,grib_migration_matrix_4pop_weak.csv,0.05,6,1934496260
2696,35,500,weak,grib_migration_matrix_4pop_weak.csv,0.05,6,1934496260
2697,36,500,weak,grib_migration_matrix_4pop_weak.csv,0.05,6,1934496260
2698,37,500,weak,grib_migration_matrix_4pop_weak.csv,0.05,6,1934496260
2699,38,500,weak,grib_migration_matrix_4pop_weak.csv,0.05,6,1934496260
2700,39,500,weak,grib_migration_matrix_4pop_weak.csv,0.05,6,1934496260
2701,40,500,weak,grib_migration_matrix_4pop_weak.csv,0.05,6,1934496260
2702,41,500,weak,grib_migration_matrix_4pop_weak.csv,0.05,6,1934496260
2703,42,500,weak,grib_migration_matrix_4pop_weak.csv,0.05,6,1934496260
2704,43,500,weak,grib_migration_matrix_4pop_weak.csv,0.05,6,1934496260
2705,44,500,weak,grib_migration_matrix_4pop_weak.csv,0.05,6,1934496260
2706,45,500,weak,grib_migration_matrix_4pop_weak.csv,0.05,6,1934496260
2707,46,500,weak,grib_migration_matrix_4pop_weak.csv,0.05,6,1934496260
2708,47,500,weak,grib_migration_matrix_4pop_weak.csv,0.05,6,1934496260
2709,48,500,weak,grib_migration_matrix_4pop_weak.csv,0.05,6,1934496260
2710,49,500,weak,grib_migration_matrix_4pop_weak.csv,0.05,6,1934496260
2711,50,500,weak,grib_migration_matrix_4pop_weak.csv,0.05,6,1934496260
2712,51,500,weak,grib_migration_matrix_4pop_weak.csv,0.05,6,1934496260
2713,52,500,weak,grib_migration_matrix_4pop_weak.csv,0.05,6,1934496260
2714,53,500,weak,grib_migration_matrix_4pop_weak.csv,0.05,6,1934496260
2715,54,500,weak,grib_migration_matrix_4pop_weak.csv,0.05,6,1934496260
2716,55,500,weak,grib_migration_matrix_4pop_weak.csv,0.05,6,1934496260
2717,56,500,weak,grib_migration_matrix_4pop_weak.csv,0.05,6,1934496260
2718,57,500,weak,grib_migration_matrix_4pop_weak.csv,0.05,6,1934496260
2719,58,500,weak,grib_migration_matrix_4pop_weak.csv,0.05,6,1934496260
2720,59,500,weak,grib_migration_matrix_4pop_weak.csv,0.05,6,1934496260
2721,60,500,weak,grib_migration_matrix_4pop_weak.csv,0.05,6,1934496260
2722,61,500,weak,grib_migration_matrix_4pop_weak.csv,0.05,6,1934496260
2723,62,500,weak,grib_migration_matrix_4pop_weak.csv,0.05,6,1934496260
2724,63,500,weak,grib_migration_matrix_4pop_weak.csv,0.05,6,1934496260
2725,64,500,weak,grib_migration_matrix_4pop_weak.csv,0.05,6,1934496260
2726,65,500,weak,grib_migration_matrix_4pop_weak.csv,0.05,6,1934496260
2727,66,500,weak,grib_migration_matrix_4pop_weak.csv,0.05,6,1934496260
2728,67,500,weak,grib_migration_matrix_4pop_weak.csv,0.05,6,1934496260
2729,68,500,weak,grib_migration_matrix_4pop_weak.csv,0.05,6,1934496260
2730,69,500,weak,grib_migration_matrix_4pop_weak.csv,0.05,6,1934496260
2731,70,500,weak,grib_migration_matrix_4pop_weak.csv,0.05,6,1934496260
2732,71,500,weak,grib_migration_matrix_4pop_weak.csv,0.05,6,1934496260
2733,72,500,weak,grib_migration_matrix_4pop_weak.csv,0.05,6,1934496260
2734,73,500,weak,grib_migration_matrix_4pop_weak.csv,0.05,6,1934496260
2735,74,500,weak,grib_migration_matrix_4pop_weak.csv,0.05,6,1934496260
2736,75,500,weak,grib_migration_matrix_4pop_weak.csv,0.05,6,1934496260
2737,0,500,weak,grib_migration_matrix_4pop_weak.csv,0.05,7,527177038
2738,1,500,weak,grib_migration_matrix_4pop_weak.csv,0.05,7,527177038
2739,2,500,weak,grib_migration_matrix_4pop_weak.csv,0.05,7,527177038
2740,3,500,weak,grib_migration_matrix_4pop_weak.csv,0.05,7,527177038
2741,4,500,weak,grib_migration_matrix_4pop_weak.csv,0.05,7,527177038
2742,5,500,weak,grib_migration_matrix_4pop_weak.csv,0.05,7,527177038
2743,6,500,weak,grib_migration_matrix_4pop_weak.csv,0.05,7,527177038
2744,7,500,weak,grib_migration_matrix_4pop_weak.csv,0.05,7,527177038
2745,8,500,weak,grib_migration_matrix_4pop_weak.csv,0.05,7,527177038
2746,9,500,weak,grib_migration_matrix_4pop_weak.csv,0.05,7,527177038
2747,10,500,weak,grib_migration_matrix_4pop_weak.csv,0.05,7,527177038
2748,11,500,weak,grib_migration_matrix_4pop_weak.csv,0.05,7,527177038
2749,12,500,weak,grib_migration_matrix_4pop_weak.csv,0.05,7,527177038
2750,13,500,weak,grib_migration_matrix_4pop_weak.csv,0.05,7,527177038
2751,14,500,weak,grib_migration_matrix_4pop_weak.csv,0.05,7,527177038
2752,15,500,weak,grib_migration_matrix_4pop_weak.csv,0.05,7,527177038
2753,16,500,weak,grib_migration_matrix_4pop_weak.csv,0.05,7,527177038
2754,17,500,weak,grib_migration_matrix_4pop_weak.csv,0.05,7,527177038
2755,18,500,weak,grib_migration_matrix_4pop_weak.csv,0.05,7,527177038
2756,19,500,weak,grib_migration_matrix_4pop_weak.csv,0.05,7,527177038
2757,20,500,weak,grib_migration_matrix_4pop_weak.csv,0.05,7,527177038
2758,21,500,weak,grib_migration_matrix_4pop_weak.csv,0.05,7,527177038
2759,22,500,weak,grib_migration_matrix_4pop_weak.csv,0.05,7,527177038
2760,23,500,weak,grib_migration_matrix_4pop_weak.csv,0.05,7,527177038
2761,24,500,weak,grib_migration_matrix_4pop_weak.csv,0.05,7,527177038
2762,25,500,weak,grib_migration_matrix_4pop_weak.csv,0.05,7,527177038
2763,26,500,weak,grib_migration_matrix_4pop_weak.csv,0.05,7,527177038
2764,27,500,weak,grib_migration_matrix_4pop_weak.csv,0.05,7,527177038
2765,28,500,weak,grib_migration_matrix_4pop_weak.csv,0.05,7,527177038
2766,29,500,weak,grib_migration_matrix_4pop_weak.csv,0.05,7,527177038
2767,30,500,weak,grib_migration_matrix_4pop_weak.csv,0.05,7,527177038
2768,31,500,weak,grib_migration_matrix_4pop_weak.csv,0.05,7,527177038
2769,32,500,weak,grib_migration_matrix_4pop_weak.csv,0.05,7,527177038
2770,33,500,weak,grib_migration_matrix_4pop_weak.csv,0.05,7,527177038
2771,34,500,weak,grib_migration_matrix_4pop_weak.csv,0.05,7,527177038
2772,35,500,weak,grib_migration_matrix_4pop_weak.csv,0.05,7,527177038
2773,36,500,weak,grib_migration_matrix_4pop_weak.csv,0.05,7,527177038
2774,37,500,weak,grib_migration_matrix_4pop_weak.csv,0.05,7,527177038
2775,38,500,weak,grib_migration_matrix_4pop_weak.csv,0.05,7,527177038
2776,39,500,weak,grib_migration_matrix_4pop_weak.csv,0.05,7,527177038
2777,40,500,weak,grib_migration_matrix_4pop_weak.csv,0.05,7,527177038
2778,41,500,weak,grib_migration_matrix_4pop_weak.csv,0.05,7,527177038
2779,42,500,weak,grib_migration_matrix_4pop_weak.csv,0.05,7,527177038
2780,43,500,weak,grib_migration_matrix_4pop_weak.csv,0.05,7,527177038
2781,44,500,weak,grib_migration_matrix_4pop_weak.csv,0.05,7,527177038
2782,45,500,weak,grib_migration_matrix_4pop_weak.csv,0.05,7,527177038
2783,46,500,weak,grib_migration_matrix_4pop_weak.csv,0.05,7,527177038
2784,47,500,weak,grib_migration_matrix_4pop_weak.csv,0.05,7,527177038
2785,48,500,weak,grib_migration_matrix_4pop_weak.csv,0.05,7,527177038
2786,49,500,weak,grib_migration_matrix_4pop_weak.csv,0.05,7,527177038
2787,50,500,weak,grib_migration_matrix_4pop_weak.csv,0.05,7,527177038
2788,51,500,weak,grib_migration_matrix_4pop_weak.csv,0.05,7,527177038
2789,52,500,weak,grib_migration_matrix_4pop_weak.csv,0.05,7,527177038
2790,53,500,weak,grib_migration_matrix_4pop_weak.csv,0.05,7,527177038
2791,54,500,weak,grib_migration_matrix_4pop_weak.csv,0.05,7,527177038
2792,55,500,weak,grib_migration_matrix_4pop_weak.csv,0.05,7,527177038
2793,56,500,weak,grib_migration_matrix_4pop_weak.csv,0.05,7,527177038
2794,57,500,weak,grib_migration_matrix_4pop_weak.csv,0.05,7,527177038
2795,58,500,weak,grib_migration_matrix_4pop_weak.csv,0.05,7,527177038
2796,59,500,weak,grib_migration_matrix_4pop_weak.csv,0.05,7,527177038
2797,60,500,weak,grib_migration_matrix_4pop_weak.csv,0.05,7,527177038
2798,61,500,weak,grib_migration_matrix_4pop_weak.csv,0.05,7,527177038
2799,62,500,weak,grib_migration_matrix_4pop_weak.csv,0.05,7,527177038
2800,63,500,weak,grib_migration_matrix_4pop_weak.csv,0.05,7,527177038
2801,64,500,weak,grib_migration_matrix_4pop_weak.csv,0.05,7,527177038
2802,65,500,weak,grib_migration_matrix_4pop_weak.csv,0.05,7,527177038
2803,66,500,weak,grib_migration_matrix_4pop_weak.csv,0.05,7,527177038
2804,67,500,weak,grib_migration_matrix_4pop_weak.csv,0.05,7,527177038
2805,68,500,weak,grib_migration_matrix_4pop_weak.csv,0.05,7,527177038
2806,69,500,weak,grib_migration_matrix_4pop_weak.csv,0.05,7,527177038
2807,70,500,weak,grib_migration_matrix_4pop_weak.csv,0.05,7,527177038
2808,71,500,weak,grib_migration_matrix_4pop_weak.csv,0.05,7,527177038
2809,72,500,weak,grib_migration_matrix_4pop_weak.csv,0.05,7,527177038
2810,73,500,weak,grib_migration_matrix_4pop_weak.csv,0.05,7,527177038
2811,74,500,weak,grib_migration_matrix_4pop_weak.csv,0.05,7,527177038
2812,75,500,weak,grib_migration_matrix_4pop_weak.csv,0.05,7,527177038
2813,0,500,weak,grib_migration_matrix_4pop_weak.csv,0.05,8,1962311057
2814,1,500,weak,grib_migration_matrix_4pop_weak.csv,0.05,8,1962311057
2815,2,500,weak,grib_migration_matrix_4pop_weak.csv,0.05,8,1962311057
2816,3,500,weak,grib_migration_matrix_4pop_weak.csv,0.05,8,1962311057
2817,4,500,weak,grib_migration_matrix_4pop_weak.csv,0.05,8,1962311057
2818,5,500,weak,grib_migration_matrix_4pop_weak.csv,0.05,8,1962311057
2819,6,500,weak,grib_migration_matrix_4pop_weak.csv,0.05,8,1962311057
2820,7,500,weak,grib_migration_matrix_4pop_weak.csv,0.05,8,1962311057
2821,8,500,weak,grib_migration_matrix_4pop_weak.csv,0.05,8,1962311057
2822,9,500,weak,grib_migration_matrix_4pop_weak.csv,0.05,8,1962311057
2823,10,500,weak,grib_migration_matrix_4pop_weak.csv,0.05,8,1962311057
2824,11,500,weak,grib_migration_matrix_4pop_weak.csv,0.05,8,1962311057
2825,12,500,weak,grib_migration_matrix_4pop_weak.csv,0.05,8,1962311057
2826,13,500,weak,grib_migration_matrix_4pop_weak.csv,0.05,8,1962311057
2827,14,500,weak,grib_migration_matrix_4pop_weak.csv,0.05,8,1962311057
2828,15,500,weak,grib_migration_matrix_4pop_weak.csv,0.05,8,1962311057
2829,16,500,weak,grib_migration_matrix_4pop_weak.csv,0.05,8,1962311057
2830,17,500,weak,grib_migration_matrix_4pop_weak.csv,0.05,8,1962311057
2831,18,500,weak,grib_migration_matrix_4pop_weak.csv,0.05,8,1962311057
2832,19,500,weak,grib_migration_matrix_4pop_weak.csv,0.05,8,1962311057
2833,20,500,weak,grib_migration_matrix_4pop_weak.csv,0.05,8,1962311057
2834,21,500,weak,grib_migration_matrix_4pop_weak.csv,0.05,8,1962311057
2835,22,500,weak,grib_migration_matrix_4pop_weak.csv,0.05,8,1962311057
2836,23,500,weak,grib_migration_matrix_4pop_weak.csv,0.05,8,1962311057
2837,24,500,weak,grib_migration_matrix_4pop_weak.csv,0.05,8,1962311057
2838,25,500,weak,grib_migration_matrix_4pop_weak.csv,0.05,8,1962311057
2839,26,500,weak,grib_migration_matrix_4pop_weak.csv,0.05,8,1962311057
2840,27,500,weak,grib_migration_matrix_4pop_weak.csv,0.05,8,1962311057
2841,28,500,weak,grib_migration_matrix_4pop_weak.csv,0.05,8,1962311057
2842,29,500,weak,grib_migration_matrix_4pop_weak.csv,0.05,8,1962311057
2843,30,500,weak,grib_migration_matrix_4pop_weak.csv,0.05,8,1962311057
2844,31,500,weak,grib_migration_matrix_4pop_weak.csv,0.05,8,1962311057
2845,32,500,weak,grib_migration_matrix_4pop_weak.csv,0.05,8,1962311057
2846,33,500,weak,grib_migration_matrix_4pop_weak.csv,0.05,8,1962311057
2847,34,500,weak,grib_migration_matrix_4pop_weak.csv,0.05,8,1962311057
2848,35,500,weak,grib_migration_matrix_4pop_weak.csv,0.05,8,1962311057
2849,36,500,weak,grib_migration_matrix_4pop_weak.csv,0.05,8,1962311057
2850,37,500,weak,grib_migration_matrix_4pop_weak.csv,0.05,8,1962311057
2851,38,500,weak,grib_migration_matrix_4pop_weak.csv,0.05,8,1962311057
2852,39,500,weak,grib_migration_matrix_4pop_weak.csv,0.05,8,1962311057
2853,40,500,weak,grib_migration_matrix_4pop_weak.csv,0.05,8,1962311057
2854,41,500,weak,grib_migration_matrix_4pop_weak.csv,0.05,8,1962311057
2855,42,500,weak,grib_migration_matrix_4pop_weak.csv,0.05,8,1962311057
2856,43,500,weak,grib_migration_matrix_4pop_weak.csv,0.05,8,1962311057
2857,44,500,weak,grib_migration_matrix_4pop_weak.csv,0.05,8,1962311057
2858,45,500,weak,grib_migration_matrix_4pop_weak.csv,0.05,8,1962311057
2859,46,500,weak,grib_migration_matrix_4pop_weak.csv,0.05,8,1962311057
2860,47,500,weak,grib_migration_matrix_4pop_weak.csv,0.05,8,1962311057
2861,48,500,weak,grib_migration_matrix_4pop_weak.csv,0.05,8,1962311057
2862,49,500,weak,grib_migration_matrix_4pop_weak.csv,0.05,8,1962311057
2863,50,500,weak,grib_migration_matrix_4pop_weak.csv,0.05,8,1962311057
2864,51,500,weak,grib_migration_matrix_4pop_weak.csv,0.05,8,1962311057
2865,52,500,weak,grib_migration_matrix_4pop_weak.csv,0.05,8,1962311057
2866,53,500,weak,grib_migration_matrix_4pop_weak.csv,0.05,8,1962311057
2867,54,500,weak,grib_migration_matrix_4pop_weak.csv,0.05,8,1962311057
2868,55,500,weak,grib_migration_matrix_4pop_weak.csv,0.05,8,1962311057
2869,56,500,weak,grib_migration_matrix_4pop_weak.csv,0.05,8,1962311057
2870,57,500,weak,grib_migration_matrix_4pop_weak.csv,0.05,8,1962311057
2871,58,500,weak,grib_migration_matrix_4pop_weak.csv,0.05,8,1962311057
2872,59,500,weak,grib_migration_matrix_4pop_weak.csv,0.05,8,1962311057
2873,60,500,weak,grib_migration_matrix_4pop_weak.csv,0.05,8,1962311057
2874,61,500,weak,grib_migration_matrix_4pop_weak.csv,0.05,8,1962311057
2875,62,500,weak,grib_migration_matrix_4pop_weak.csv,0.05,8,1962311057
2876,63,500,weak,grib_migration_matrix_4pop_weak.csv,0.05,8,1962311057
2877,64,500,weak,grib_migration_matrix_4pop_weak.csv,0.05,8,1962311057
2878,65,500,weak,grib_migration_matrix_4pop_weak.csv,0.05,8,1962311057
2879,66,500,weak,grib_migration_matrix_4pop_weak.csv,0.05,8,1962311057
2880,67,500,weak,grib_migration_matrix_4pop_weak.csv,0.05,8,1962311057
2881,68,500,weak,grib_migration_matrix_4pop_weak.csv,0.05,8,1962311057
2882,69,500,weak,grib_migration_matrix_4pop_weak.csv,0.05,8,1962311057
2883,70,500,weak,grib_migration_matrix_4pop_weak.csv,0.05,8,1962311057
2884,71,500,weak,grib_migration_matrix_4pop_weak.csv,0.05,8,1962311057
2885,72,500,weak,grib_migration_matrix_4pop_weak.csv,0.05,8,1962311057
2886,73,500,weak,grib_migration_matrix_4pop_weak.csv,0.05,8,1962311057
2887,74,500,weak,grib_migration_matrix_4pop_weak.csv,0.05,8,1962311057
2888,75,500,weak,grib_migration_matrix_4pop_weak.csv,0.05,8,1962311057
2889,0,500,weak,grib_migration_matrix_4pop_weak.csv,0.05,9,747950537
2890,1,500,weak,grib_migration_matrix_4pop_weak.csv,0.05,9,747950537
2891,2,500,weak,grib_migration_matrix_4pop_weak.csv,0.05,9,747950537
2892,3,500,weak,grib_migration_matrix_4pop_weak.csv,0.05,9,747950537
2893,4,500,weak,grib_migration_matrix_4pop_weak.csv,0.05,9,747950537
2894,5,500,weak,grib_migration_matrix_4pop_weak.csv,0.05,9,747950537
2895,6,500,weak,grib_migration_matrix_4pop_weak.csv,0.05,9,747950537
2896,7,500,weak,grib_migration_matrix_4pop_weak.csv,0.05,9,747950537
2897,8,500,weak,grib_migration_matrix_4pop_weak.csv,0.05,9,747950537
2898,9,500,weak,grib_migration_matrix_4pop_weak.csv,0.05,9,747950537
2899,10,500,weak,grib_migration_matrix_4pop_weak.csv,0.05,9,747950537
2900,11,500,weak,grib_migration_matrix_4pop_weak.csv,0.05,9,747950537
2901,12,500,weak,grib_migration_matrix_4pop_weak.csv,0.05,9,747950537
2902,13,500,weak,grib_migration_matrix_4pop_weak.csv,0.05,9,747950537
2903,14,500,weak,grib_migration_matrix_4pop_weak.csv,0.05,9,747950537
2904,15,500,weak,grib_migration_matrix_4pop_weak.csv,0.05,9,747950537
2905,16,500,weak,grib_migration_matrix_4pop_weak.csv,0.05,9,747950537
2906,17,500,weak,grib_migration_matrix_4pop_weak.csv,0.05,9,747950537
2907,18,500,weak,grib_migration_matrix_4pop_weak.csv,0.05,9,747950537
2908,19,500,weak,grib_migration_matrix_4pop_weak.csv,0.05,9,747950537
2909,20,500,weak,grib_migration_matrix_4pop_weak.csv,0.05,9,747950537
2910,21,500,weak,grib_migration_matrix_4pop_weak.csv,0.05,9,747950537
2911,22,500,weak,grib_migration_matrix_4pop_weak.csv,0.05,9,747950537
2912,23,500,weak,grib_migration_matrix_4pop_weak.csv,0.05,9,747950537
2913,24,500,weak,grib_migration_matrix_4pop_weak.csv,0.05,9,747950537
2914,25,500,weak,grib_migration_matrix_4pop_weak.csv,0.05,9,747950537
2915,26,500,weak,grib_migration_matrix_4pop_weak.csv,0.05,9,747950537
2916,27,500,weak,grib_migration_matrix_4pop_weak.csv,0.05,9,747950537
2917,28,500,weak,grib_migration_matrix_4pop_weak.csv,0.05,9,747950537
2918,29,500,weak,grib_migration_matrix_4pop_weak.csv,0.05,9,747950537
2919,30,500,weak,grib_migration_matrix_4pop_weak.csv,0.05,9,747950537
2920,31,500,weak,grib_migration_matrix_4pop_weak.csv,0.05,9,747950537
2921,32,500,weak,grib_migration_matrix_4pop_weak.csv,0.05,9,747950537
2922,33,500,weak,grib_migration_matrix_4pop_weak.csv,0.05,9,747950537
2923,34,500,weak,grib_migration_matrix_4pop_weak.csv,0.05,9,747950537
2924,35,500,weak,grib_migration_matrix_4pop_weak.csv,0.05,9,747950537
2925,36,500,weak,grib_migration_matrix_4pop_weak.csv,0.05,9,747950537
2926,37,500,weak,grib_migration_matrix_4pop_weak.csv,0.05,9,747950537
2927,38,500,weak,grib_migration_matrix_4pop_weak.csv,0.05,9,747950537
2928,39,500,weak,grib_migration_matrix_4pop_weak.csv,0.05,9,747950537
2929,40,500,weak,grib_migration_matrix_4pop_weak.csv,0.05,9,747950537
2930,41,500,weak,grib_migration_matrix_4pop_weak.csv,0.05,9,747950537
2931,42,500,weak,grib_migration_matrix_4pop_weak.csv,0.05,9,747950537
2932,43,500,weak,grib_migration_matrix_4pop_weak.csv,0.05,9,747950537
2933,44,500,weak,grib_migration_matrix_4pop_weak.csv,0.05,9,747950537
2934,45,500,weak,grib_migration_matrix_4pop_weak.csv,0.05,9,747950537
2935,46,500,weak,grib_migration_matrix_4pop_weak.csv,0.05,9,747950537
2936,47,500,weak,grib_migration_matrix_4pop_weak.csv,0.05,9,747950537
2937,48,500,weak,grib_migration_matrix_4pop_weak.csv,0.05,9,747950537
2938,49,500,weak,grib_migration_matrix_4pop_weak.csv,0.05,9,747950537
2939,50,500,weak,grib_migration_matrix_4pop_weak.csv,0.05,9,747950537
2940,51,500,weak,grib_migration_matrix_4pop_weak.csv,0.05,9,747950537
2941,52,500,weak,grib_migration_matrix_4pop_weak.csv,0.05,9,747950537
2942,53,500,weak,grib_migration_matrix_4pop_weak.csv,0.05,9,747950537
2943,54,500,weak,grib_migration_matrix_4pop_weak.csv,0.05,9,747950537
2944,55,500,weak,grib_migration_matrix_4pop_weak.csv,0.05,9,747950537
2945,56,500,weak,grib_migration_matrix_4pop_weak.csv,0.05,9,747950537
2946,57,500,weak,grib_migration_matrix_4pop_weak.csv,0.05,9,747950537
2947,58,500,weak,grib_migration_matrix_4pop_weak.csv,0.05,9,747950537
2948,59,500,weak,grib_migration_matrix_4pop_weak.csv,0.05,9,747950537
2949,60,500,weak,grib_migration_matrix_4pop_weak.csv,0.05,9,747950537
2950,61,500,weak,grib_migration_matrix_4pop_weak.csv,0.05,9,747950537
2951,62,500,weak,grib_migration_matrix_4pop_weak.csv,0.05,9,747950537
2952,63,500,weak,grib_migration_matrix_4pop_weak.csv,0.05,9,747950537
2953,64,500,weak,grib_migration_matrix_4pop_weak.csv,0.05,9,747950537
2954,65,500,weak,grib_migration_matrix_4pop_weak.csv,0.05,9,747950537
2955,66,500,weak,grib_migration_matrix_4pop_weak.csv,0.05,9,747950537
2956,67,500,weak,grib_migration_matrix_4pop_weak.csv,0.05,9,747950537
2957,68,500,weak,grib_migration_matrix_4pop_weak.csv,0.05,9,747950537
2958,69,500,weak,grib_migration_matrix_4pop_weak.csv,0.05,9,747950537
2959,70,500,weak,grib_migration_matrix_4pop_weak.csv,0.05,9,747950537
2960,71,500,weak,grib_migration_matrix_4pop_weak.csv,0.05,9,747950537
2961,72,500,weak,grib_migration_matrix_4pop_weak.csv,0.05,9,747950537
2962,73,500,weak,grib_migration_matrix_4pop_weak.csv,0.05,9,747950537
2963,74,500,weak,grib_migration_matrix_4pop_weak.csv,0.05,9,747950537
2964,75,500,weak,grib_migration_matrix_4pop_weak.csv,0.05,9,747950537
2965,0,500,weak,grib_migration_matrix_4pop_weak.csv,0.05,10,892688111
2966,1,500,weak,grib_migration_matrix_4pop_weak.csv,0.05,10,892688111
2967,2,500,weak,grib_migration_matrix_4pop_weak.csv,0.05,10,892688111
2968,3,500,weak,grib_migration_matrix_4pop_weak.csv,0.05,10,892688111
2969,4,500,weak,grib_migration_matrix_4pop_weak.csv,0.05,10,892688111
2970,5,500,weak,grib_migration_matrix_4pop_weak.csv,0.05,10,892688111
2971,6,500,weak,grib_migration_matrix_4pop_weak.csv,0.05,10,892688111
2972,7,500,weak,grib_migration_matrix_4pop_weak.csv,0.05,10,892688111
2973,8,500,weak,grib_migration_matrix_4pop_weak.csv,0.05,10,892688111
2974,9,500,weak,grib_migration_matrix_4pop_weak.csv,0.05,10,892688111
2975,10,500,weak,grib_migration_matrix_4pop_weak.csv,0.05,10,892688111
2976,11,500,weak,grib_migration_matrix_4pop_weak.csv,0.05,10,892688111
2977,12,500,weak,grib_migration_matrix_4pop_weak.csv,0.05,10,892688111
2978,13,500,weak,grib_migration_matrix_4pop_weak.csv,0.05,10,892688111
2979,14,500,weak,grib_migration_matrix_4pop_weak.csv,0.05,10,892688111
2980,15,500,weak,grib_migration_matrix_4pop_weak.csv,0.05,10,892688111
2981,16,500,weak,grib_migration_matrix_4pop_weak.csv,0.05,10,892688111
2982,17,500,weak,grib_migration_matrix_4pop_weak.csv,0.05,10,892688111
2983,18,500,weak,grib_migration_matrix_4pop_weak.csv,0.05,10,892688111
2984,19,500,weak,grib_migration_matrix_4pop_weak.csv,0.05,10,892688111
2985,20,500,weak,grib_migration_matrix_4pop_weak.csv,0.05,10,892688111
2986,21,500,weak,grib_migration_matrix_4pop_weak.csv,0.05,10,892688111
2987,22,500,weak,grib_migration_matrix_4pop_weak.csv,0.05,10,892688111
2988,23,500,weak,grib_migration_matrix_4pop_weak.csv,0.05,10,892688111
2989,24,500,weak,grib_migration_matrix_4pop_weak.csv,0.05,10,892688111
2990,25,500,weak,grib_migration_matrix_4pop_weak.csv,0.05,10,892688111
2991,26,500,weak,grib_migration_matrix_4pop_weak.csv,0.05,10,892688111
2992,27,500,weak,grib_migration_matrix_4pop_weak.csv,0.05,10,892688111
2993,28,500,weak,grib_migration_matrix_4pop_weak.csv,0.05,10,892688111
2994,29,500,weak,grib_migration_matrix_4pop_weak.csv,0.05,10,892688111
2995,30,500,weak,grib_migration_matrix_4pop_weak.csv,0.05,10,892688111
2996,31,500,weak,grib_migration_matrix_4pop_weak.csv,0.05,10,892688111
2997,32,500,weak,grib_migration_matrix_4pop_weak.csv,0.05,10,892688111
2998,33,500,weak,grib_migration_matrix_4pop_weak.csv,0.05,10,892688111
2999,34,500,weak,grib_migration_matrix_4pop_weak.csv,0.05,10,892688111
3000,35,500,weak,grib_migration_matrix_4pop_weak.csv,0.05,10,892688111
3001,36,500,weak,grib_migration_matrix_4pop_weak.csv,0.05,10,892688111
3002,37,500,weak,grib_migration_matrix_4pop_weak.csv,0.05,10,892688111
3003,38,500,weak,grib_migration_matrix_4pop_weak.csv,0.05,10,892688111
3004,39,500,weak,grib_migration_matrix_4pop_weak.csv,0.05,10,892688111
3005,40,500,weak,grib_migration_matrix_4pop_weak.csv,0.05,10,892688111
3006,41,500,weak,grib_migration_matrix_4pop_weak.csv,0.05,10,892688111
3007,42,500,weak,grib_migration_matrix_4pop_weak.csv,0.05,10,892688111
3008,43,500,weak,grib_migration_matrix_4pop_weak.csv,0.05,10,892688111
3009,44,500,weak,grib_migration_matrix_4pop_weak.csv,0.05,10,892688111
3010,45,500,weak,grib_migration_matrix_4pop_weak.csv,0.05,10,892688111
3011,46,500,weak,grib_migration_matrix_4pop_weak.csv,0.05,10,892688111
3012,47,500,weak,grib_migration_matrix_4pop_weak.csv,0.05,10,892688111
3013,48,500,weak,grib_migration_matrix_4pop_weak.csv,0.05,10,892688111
3014,49,500,weak,grib_migration_matrix_4pop_weak.csv,0.05,10,892688111
3015,50,500,weak,grib_migration_matrix_4pop_weak.csv,0.05,10,892688111
3016,51,500,weak,grib_migration_matrix_4pop_weak.csv,0.05,10,892688111
3017,52,500,weak,grib_migration_matrix_4pop_weak.csv,0.05,10,892688111
3018,53,500,weak,grib_migration_matrix_4pop_weak.csv,0.05,10,892688111
3019,54,500,weak,grib_migration_matrix_4pop_weak.csv,0.05,10,892688111
3020,55,500,weak,grib_migration_matrix_4pop_weak.csv,0.05,10,892688111
3021,56,500,weak,grib_migration_matrix_4pop_weak.csv,0.05,10,892688111
3022,57,500,weak,grib_migration_matrix_4pop_weak.csv,0.05,10,892688111
3023,58,500,weak,grib_migration_matrix_4pop_weak.csv,0.05,10,892688111
3024,59,500,weak,grib_migration_matrix_4pop_weak.csv,0.05,10,892688111
3025,60,500,weak,grib_migration_matrix_4pop_weak.csv,0.05,10,892688111
3026,61,500,weak,grib_migration_matrix_4pop_weak.csv,0.05,10,892688111
3027,62,500,weak,grib_migration_matrix_4pop_weak.csv,0.05,10,892688111
3028,63,500,weak,grib_migration_matrix_4pop_weak.csv,0.05,10,892688111
3029,64,500,weak,grib_migration_matrix_4pop_weak.csv,0.05,10,892688111
3030,65,500,weak,grib_migration_matrix_4pop_weak.csv,0.05,10,892688111
3031,66,500,weak,grib_migration_matrix_4pop_weak.csv,0.05,10,892688111
3032,67,500,weak,grib_migration_matrix_4pop_weak.csv,0.05,10,892688111
3033,68,500,weak,grib_migration_matrix_4pop_weak.csv,0.05,10,892688111
3034,69,500,weak,grib_migration_matrix_4pop_weak.csv,0.05,10,892688111
3035,70,500,weak,grib_migration_matrix_4pop_weak.csv,0.05,10,892688111
3036,71,500,weak,grib_migration_matrix_4pop_weak.csv,0.05,10,892688111
3037,72,500,weak,grib_migration_matrix_4pop_weak.csv,0.05,10,892688111
3038,73,500,weak,grib_migration_matrix_4pop_weak.csv,0.05,10,892688111
3039,74,500,weak,grib_migration_matrix_4pop_weak.csv,0.05,10,892688111
3040,75,500,weak,grib_migration_matrix_4pop_weak.csv,0.05,10,892688111
3041,0,1000,strong,grib_migration_matrix_4pop_strong.csv,0.025,1,629002370
3042,1,1000,strong,grib_migration_matrix_4pop_strong.csv,0.025,1,629002370
3043,2,1000,strong,grib_migration_matrix_4pop_strong.csv,0.025,1,629002370
3044,3,1000,strong,grib_migration_matrix_4pop_strong.csv,0.025,1,629002370
3045,4,1000,strong,grib_migration_matrix_4pop_strong.csv,0.025,1,629002370
3046,5,1000,strong,grib_migration_matrix_4pop_strong.csv,0.025,1,629002370
3047,6,1000,strong,grib_migration_matrix_4pop_strong.csv,0.025,1,629002370
3048,7,1000,strong,grib_migration_matrix_4pop_strong.csv,0.025,1,629002370
3049,8,1000,strong,grib_migration_matrix_4pop_strong.csv,0.025,1,629002370
3050,9,1000,strong,grib_migration_matrix_4pop_strong.csv,0.025,1,629002370
3051,10,1000,strong,grib_migration_matrix_4pop_strong.csv,0.025,1,629002370
3052,11,1000,strong,grib_migration_matrix_4pop_strong.csv,0.025,1,629002370
3053,12,1000,strong,grib_migration_matrix_4pop_strong.csv,0.025,1,629002370
3054,13,1000,strong,grib_migration_matrix_4pop_strong.csv,0.025,1,629002370
3055,14,1000,strong,grib_migration_matrix_4pop_strong.csv,0.025,1,629002370
3056,15,1000,strong,grib_migration_matrix_4pop_strong.csv,0.025,1,629002370
3057,16,1000,strong,grib_migration_matrix_4pop_strong.csv,0.025,1,629002370
3058,17,1000,strong,grib_migration_matrix_4pop_strong.csv,0.025,1,629002370
3059,18,1000,strong,grib_migration_matrix_4pop_strong.csv,0.025,1,629002370
3060,19,1000,strong,grib_migration_matrix_4pop_strong.csv,0.025,1,629002370
3061,20,1000,strong,grib_migration_matrix_4pop_strong.csv,0.025,1,629002370
3062,21,1000,strong,grib_migration_matrix_4pop_strong.csv,0.025,1,629002370
3063,22,1000,strong,grib_migration_matrix_4pop_strong.csv,0.025,1,629002370
3064,23,1000,strong,grib_migration_matrix_4pop_strong.csv,0.025,1,629002370
3065,24,1000,strong,grib_migration_matrix_4pop_strong.csv,0.025,1,629002370
3066,25,1000,strong,grib_migration_matrix_4pop_strong.csv,0.025,1,629002370
3067,26,1000,strong,grib_migration_matrix_4pop_strong.csv,0.025,1,629002370
3068,27,1000,strong,grib_migration_matrix_4pop_strong.csv,0.025,1,629002370
3069,28,1000,strong,grib_migration_matrix_4pop_strong.csv,0.025,1,629002370
3070,29,1000,strong,grib_migration_matrix_4pop_strong.csv,0.025,1,629002370
3071,30,1000,strong,grib_migration_matrix_4pop_strong.csv,0.025,1,629002370
3072,31,1000,strong,grib_migration_matrix_4pop_strong.csv,0.025,1,629002370
3073,32,1000,strong,grib_migration_matrix_4pop_strong.csv,0.025,1,629002370
3074,33,1000,strong,grib_migration_matrix_4pop_strong.csv,0.025,1,629002370
3075,34,1000,strong,grib_migration_matrix_4pop_strong.csv,0.025,1,629002370
3076,35,1000,strong,grib_migration_matrix_4pop_strong.csv,0.025,1,629002370
3077,36,1000,strong,grib_migration_matrix_4pop_strong.csv,0.025,1,629002370
3078,37,1000,strong,grib_migration_matrix_4pop_strong.csv,0.025,1,629002370
3079,38,1000,strong,grib_migration_matrix_4pop_strong.csv,0.025,1,629002370
3080,39,1000,strong,grib_migration_matrix_4pop_strong.csv,0.025,1,629002370
3081,40,1000,strong,grib_migration_matrix_4pop_strong.csv,0.025,1,629002370
3082,41,1000,strong,grib_migration_matrix_4pop_strong.csv,0.025,1,629002370
3083,42,1000,strong,grib_migration_matrix_4pop_strong.csv,0.025,1,629002370
3084,43,1000,strong,grib_migration_matrix_4pop_strong.csv,0.025,1,629002370
3085,44,1000,strong,grib_migration_matrix_4pop_strong.csv,0.025,1,629002370
3086,45,1000,strong,grib_migration_matrix_4pop_strong.csv,0.025,1,629002370
3087,46,1000,strong,grib_migration_matrix_4pop_strong.csv,0.025,1,629002370
3088,47,1000,strong,grib_migration_matrix_4pop_strong.csv,0.025,1,629002370
3089,48,1000,strong,grib_migration_matrix_4pop_strong.csv,0.025,1,629002370
3090,49,1000,strong,grib_migration_matrix_4pop_strong.csv,0.025,1,629002370
3091,50,1000,strong,grib_migration_matrix_4pop_strong.csv,0.025,1,629002370
3092,51,1000,strong,grib_migration_matrix_4pop_strong.csv,0.025,1,629002370
3093,52,1000,strong,grib_migration_matrix_4pop_strong.csv,0.025,1,629002370
3094,53,1000,strong,grib_migration_matrix_4pop_strong.csv,0.025,1,629002370
3095,54,1000,strong,grib_migration_matrix_4pop_strong.csv,0.025,1,629002370
3096,55,1000,strong,grib_migration_matrix_4pop_strong.csv,0.025,1,629002370
3097,56,1000,strong,grib_migration_matrix_4pop_strong.csv,0.025,1,629002370
3098,57,1000,strong,grib_migration_matrix_4pop_strong.csv,0.025,1,629002370
3099,58,1000,strong,grib_migration_matrix_4pop_strong.csv,0.025,1,629002370
3100,59,1000,strong,grib_migration_matrix_4pop_strong.csv,0.025,1,629002370
3101,60,1000,strong,grib_migration_matrix_4pop_strong.csv,0.025,1,629002370
3102,61,1000,strong,grib_migration_matrix_4pop_strong.csv,0.025,1,629002370
3103,62,1000,strong,grib_migration_matrix_4pop_strong.csv,0.025,1,629002370
3104,63,1000,strong,grib_migration_matrix_4pop_strong.csv,0.025,1,629002370
3105,64,1000,strong,grib_migration_matrix_4pop_strong.csv,0.025,1,629002370
3106,65,1000,strong,grib_migration_matrix_4pop_strong.csv,0.025,1,629002370
3107,66,1000,strong,grib_migration_matrix_4pop_strong.csv,0.025,1,629002370
3108,67,1000,strong,grib_migration_matrix_4pop_strong.csv,0.025,1,629002370
3109,68,1000,strong,grib_migration_matrix_4pop_strong.csv,0.025,1,629002370
3110,69,1000,strong,grib_migration_matrix_4pop_strong.csv,0.025,1,629002370
3111,70,1000,strong,grib_migration_matrix_4pop_strong.csv,0.025,1,629002370
3112,71,1000,strong,grib_migration_matrix_4pop_strong.csv,0.025,1,629002370
3113,72,1000,strong,grib_migration_matrix_4pop_strong.csv,0.025,1,629002370
3114,73,1000,strong,grib_migration_matrix_4pop_strong.csv,0.025,1,629002370
3115,74,1000,strong,grib_migration_matrix_4pop_strong.csv,0.025,1,629002370
3116,75,1000,strong,grib_migration_matrix_4pop_strong.csv,0.025,1,629002370
3117,0,1000,strong,grib_migration_matrix_4pop_strong.csv,0.025,2,723950846
3118,1,1000,strong,grib_migration_matrix_4pop_strong.csv,0.025,2,723950846
3119,2,1000,strong,grib_migration_matrix_4pop_strong.csv,0.025,2,723950846
3120,3,1000,strong,grib_migration_matrix_4pop_strong.csv,0.025,2,723950846
3121,4,1000,strong,grib_migration_matrix_4pop_strong.csv,0.025,2,723950846
3122,5,1000,strong,grib_migration_matrix_4pop_strong.csv,0.025,2,723950846
3123,6,1000,strong,grib_migration_matrix_4pop_strong.csv,0.025,2,723950846
3124,7,1000,strong,grib_migration_matrix_4pop_strong.csv,0.025,2,723950846
3125,8,1000,strong,grib_migration_matrix_4pop_strong.csv,0.025,2,723950846
3126,9,1000,strong,grib_migration_matrix_4pop_strong.csv,0.025,2,723950846
3127,10,1000,strong,grib_migration_matrix_4pop_strong.csv,0.025,2,723950846
3128,11,1000,strong,grib_migration_matrix_4pop_strong.csv,0.025,2,723950846
3129,12,1000,strong,grib_migration_matrix_4pop_strong.csv,0.025,2,723950846
3130,13,1000,strong,grib_migration_matrix_4pop_strong.csv,0.025,2,723950846
3131,14,1000,strong,grib_migration_matrix_4pop_strong.csv,0.025,2,723950846
3132,15,1000,strong,grib_migration_matrix_4pop_strong.csv,0.025,2,723950846
3133,16,1000,strong,grib_migration_matrix_4pop_strong.csv,0.025,2,723950846
3134,17,1000,strong,grib_migration_matrix_4pop_strong.csv,0.025,2,723950846
3135,18,1000,strong,grib_migration_matrix_4pop_strong.csv,0.025,2,723950846
3136,19,1000,strong,grib_migration_matrix_4pop_strong.csv,0.025,2,723950846
3137,20,1000,strong,grib_migration_matrix_4pop_strong.csv,0.025,2,723950846
3138,21,1000,strong,grib_migration_matrix_4pop_strong.csv,0.025,2,723950846
3139,22,1000,strong,grib_migration_matrix_4pop_strong.csv,0.025,2,723950846
3140,23,1000,strong,grib_migration_matrix_4pop_strong.csv,0.025,2,723950846
3141,24,1000,strong,grib_migration_matrix_4pop_strong.csv,0.025,2,723950846
3142,25,1000,strong,grib_migration_matrix_4pop_strong.csv,0.025,2,723950846
3143,26,1000,strong,grib_migration_matrix_4pop_strong.csv,0.025,2,723950846
3144,27,1000,strong,grib_migration_matrix_4pop_strong.csv,0.025,2,723950846
3145,28,1000,strong,grib_migration_matrix_4pop_strong.csv,0.025,2,723950846
3146,29,1000,strong,grib_migration_matrix_4pop_strong.csv,0.025,2,723950846
3147,30,1000,strong,grib_migration_matrix_4pop_strong.csv,0.025,2,723950846
3148,31,1000,strong,grib_migration_matrix_4pop_strong.csv,0.025,2,723950846
3149,32,1000,strong,grib_migration_matrix_4pop_strong.csv,0.025,2,723950846
3150,33,1000,strong,grib_migration_matrix_4pop_strong.csv,0.025,2,723950846
3151,34,1000,strong,grib_migration_matrix_4pop_strong.csv,0.025,2,723950846
3152,35,1000,strong,grib_migration_matrix_4pop_strong.csv,0.025,2,723950846
3153,36,1000,strong,grib_migration_matrix_4pop_strong.csv,0.025,2,723950846
3154,37,1000,strong,grib_migration_matrix_4pop_strong.csv,0.025,2,723950846
3155,38,1000,strong,grib_migration_matrix_4pop_strong.csv,0.025,2,723950846
3156,39,1000,strong,grib_migration_matrix_4pop_strong.csv,0.025,2,723950846
3157,40,1000,strong,grib_migration_matrix_4pop_strong.csv,0.025,2,723950846
3158,41,1000,strong,grib_migration_matrix_4pop_strong.csv,0.025,2,723950846
3159,42,1000,strong,grib_migration_matrix_4pop_strong.csv,0.025,2,723950846
3160,43,1000,strong,grib_migration_matrix_4pop_strong.csv,0.025,2,723950846
3161,44,1000,strong,grib_migration_matrix_4pop_strong.csv,0.025,2,723950846
3162,45,1000,strong,grib_migration_matrix_4pop_strong.csv,0.025,2,723950846
3163,46,1000,strong,grib_migration_matrix_4pop_strong.csv,0.025,2,723950846
3164,47,1000,strong,grib_migration_matrix_4pop_strong.csv,0.025,2,723950846
3165,48,1000,strong,grib_migration_matrix_4pop_strong.csv,0.025,2,723950846
3166,49,1000,strong,grib_migration_matrix_4pop_strong.csv,0.025,2,723950846
3167,50,1000,strong,grib_migration_matrix_4pop_strong.csv,0.025,2,723950846
3168,51,1000,strong,grib_migration_matrix_4pop_strong.csv,0.025,2,723950846
3169,52,1000,strong,grib_migration_matrix_4pop_strong.csv,0.025,2,723950846
3170,53,1000,strong,grib_migration_matrix_4pop_strong.csv,0.025,2,723950846
3171,54,1000,strong,grib_migration_matrix_4pop_strong.csv,0.025,2,723950846
3172,55,1000,strong,grib_migration_matrix_4pop_strong.csv,0.025,2,723950846
3173,56,1000,strong,grib_migration_matrix_4pop_strong.csv,0.025,2,723950846
3174,57,1000,strong,grib_migration_matrix_4pop_strong.csv,0.025,2,723950846
3175,58,1000,strong,grib_migration_matrix_4pop_strong.csv,0.025,2,723950846
3176,59,1000,strong,grib_migration_matrix_4pop_strong.csv,0.025,2,723950846
3177,60,1000,strong,grib_migration_matrix_4pop_strong.csv,0.025,2,723950846
3178,61,1000,strong,grib_migration_matrix_4pop_strong.csv,0.025,2,723950846
3179,62,1000,strong,grib_migration_matrix_4pop_strong.csv,0.025,2,723950846
3180,63,1000,strong,grib_migration_matrix_4pop_strong.csv,0.025,2,723950846
3181,64,1000,strong,grib_migration_matrix_4pop_strong.csv,0.025,2,723950846
3182,65,1000,strong,grib_migration_matrix_4pop_strong.csv,0.025,2,723950846
3183,66,1000,strong,grib_migration_matrix_4pop_strong.csv,0.025,2,723950846
3184,67,1000,strong,grib_migration_matrix_4pop_strong.csv,0.025,2,723950846
3185,68,1000,strong,grib_migration_matrix_4pop_strong.csv,0.025,2,723950846
3186,69,1000,strong,grib_migration_matrix_4pop_strong.csv,0.025,2,723950846
3187,70,1000,strong,grib_migration_matrix_4pop_strong.csv,0.025,2,723950846
3188,71,1000,strong,grib_migration_matrix_4pop_strong.csv,0.025,2,723950846
3189,72,1000,strong,grib_migration_matrix_4pop_strong.csv,0.025,2,723950846
3190,73,1000,strong,grib_migration_matrix_4pop_strong.csv,0.025,2,723950846
3191,74,1000,strong,grib_migration_matrix_4pop_strong.csv,0.025,2,723950846
3192,75,1000,strong,grib_migration_matrix_4pop_strong.csv,0.025,2,723950846
3193,0,1000,strong,grib_migration_matrix_4pop_strong.csv,0.025,3,690930060
3194,1,1000,strong,grib_migration_matrix_4pop_strong.csv,0.025,3,690930060
3195,2,1000,strong,grib_migration_matrix_4pop_strong.csv,0.025,3,690930060
3196,3,1000,strong,grib_migration_matrix_4pop_strong.csv,0.025,3,690930060
3197,4,1000,strong,grib_migration_matrix_4pop_strong.csv,0.025,3,690930060
3198,5,1000,strong,grib_migration_matrix_4pop_strong.csv,0.025,3,690930060
3199,6,1000,strong,grib_migration_matrix_4pop_strong.csv,0.025,3,690930060
3200,7,1000,strong,grib_migration_matrix_4pop_strong.csv,0.025,3,690930060
3201,8,1000,strong,grib_migration_matrix_4pop_strong.csv,0.025,3,690930060
3202,9,1000,strong,grib_migration_matrix_4pop_strong.csv,0.025,3,690930060
3203,10,1000,strong,grib_migration_matrix_4pop_strong.csv,0.025,3,690930060
3204,11,1000,strong,grib_migration_matrix_4pop_strong.csv,0.025,3,690930060
3205,12,1000,strong,grib_migration_matrix_4pop_strong.csv,0.025,3,690930060
3206,13,1000,strong,grib_migration_matrix_4pop_strong.csv,0.025,3,690930060
3207,14,1000,strong,grib_migration_matrix_4pop_strong.csv,0.025,3,690930060
3208,15,1000,strong,grib_migration_matrix_4pop_strong.csv,0.025,3,690930060
3209,16,1000,strong,grib_migration_matrix_4pop_strong.csv,0.025,3,690930060
3210,17,1000,strong,grib_migration_matrix_4pop_strong.csv,0.025,3,690930060
3211,18,1000,strong,grib_migration_matrix_4pop_strong.csv,0.025,3,690930060
3212,19,1000,strong,grib_migration_matrix_4pop_strong.csv,0.025,3,690930060
3213,20,1000,strong,grib_migration_matrix_4pop_strong.csv,0.025,3,690930060
3214,21,1000,strong,grib_migration_matrix_4pop_strong.csv,0.025,3,690930060
3215,22,1000,strong,grib_migration_matrix_4pop_strong.csv,0.025,3,690930060
3216,23,1000,strong,grib_migration_matrix_4pop_strong.csv,0.025,3,690930060
3217,24,1000,strong,grib_migration_matrix_4pop_strong.csv,0.025,3,690930060
3218,25,1000,strong,grib_migration_matrix_4pop_strong.csv,0.025,3,690930060
3219,26,1000,strong,grib_migration_matrix_4pop_strong.csv,0.025,3,690930060
3220,27,1000,strong,grib_migration_matrix_4pop_strong.csv,0.025,3,690930060
3221,28,1000,strong,grib_migration_matrix_4pop_strong.csv,0.025,3,690930060
3222,29,1000,strong,grib_migration_matrix_4pop_strong.csv,0.025,3,690930060
3223,30,1000,strong,grib_migration_matrix_4pop_strong.csv,0.025,3,690930060
3224,31,1000,strong,grib_migration_matrix_4pop_strong.csv,0.025,3,690930060
3225,32,1000,strong,grib_migration_matrix_4pop_strong.csv,0.025,3,690930060
3226,33,1000,strong,grib_migration_matrix_4pop_strong.csv,0.025,3,690930060
3227,34,1000,strong,grib_migration_matrix_4pop_strong.csv,0.025,3,690930060
3228,35,1000,strong,grib_migration_matrix_4pop_strong.csv,0.025,3,690930060
3229,36,1000,strong,grib_migration_matrix_4pop_strong.csv,0.025,3,690930060
3230,37,1000,strong,grib_migration_matrix_4pop_strong.csv,0.025,3,690930060
3231,38,1000,strong,grib_migration_matrix_4pop_strong.csv,0.025,3,690930060
3232,39,1000,strong,grib_migration_matrix_4pop_strong.csv,0.025,3,690930060
3233,40,1000,strong,grib_migration_matrix_4pop_strong.csv,0.025,3,690930060
3234,41,1000,strong,grib_migration_matrix_4pop_strong.csv,0.025,3,690930060
3235,42,1000,strong,grib_migration_matrix_4pop_strong.csv,0.025,3,690930060
3236,43,1000,strong,grib_migration_matrix_4pop_strong.csv,0.025,3,690930060
3237,44,1000,strong,grib_migration_matrix_4pop_strong.csv,0.025,3,690930060
3238,45,1000,strong,grib_migration_matrix_4pop_strong.csv,0.025,3,690930060
3239,46,1000,strong,grib_migration_matrix_4pop_strong.csv,0.025,3,690930060
3240,47,1000,strong,grib_migration_matrix_4pop_strong.csv,0.025,3,690930060
3241,48,1000,strong,grib_migration_matrix_4pop_strong.csv,0.025,3,690930060
3242,49,1000,strong,grib_migration_matrix_4pop_strong.csv,0.025,3,690930060
3243,50,1000,strong,grib_migration_matrix_4pop_strong.csv,0.025,3,690930060
3244,51,1000,strong,grib_migration_matrix_4pop_strong.csv,0.025,3,690930060
3245,52,1000,strong,grib_migration_matrix_4pop_strong.csv,0.025,3,690930060
3246,53,1000,strong,grib_migration_matrix_4pop_strong.csv,0.025,3,690930060
3247,54,1000,strong,grib_migration_matrix_4pop_strong.csv,0.025,3,690930060
3248,55,1000,strong,grib_migration_matrix_4pop_strong.csv,0.025,3,690930060
3249,56,1000,strong,grib_migration_matrix_4pop_strong.csv,0.025,3,690930060
3250,57,1000,strong,grib_migration_matrix_4pop_strong.csv,0.025,3,690930060
3251,58,1000,strong,grib_migration_matrix_4pop_strong.csv,0.025,3,690930060
3252,59,1000,strong,grib_migration_matrix_4pop_strong.csv,0.025,3,690930060
3253,60,1000,strong,grib_migration_matrix_4pop_strong.csv,0.025,3,690930060
3254,61,1000,strong,grib_migration_matrix_4pop_strong.csv,0.025,3,690930060
3255,62,1000,strong,grib_migration_matrix_4pop_strong.csv,0.025,3,690930060
3256,63,1000,strong,grib_migration_matrix_4pop_strong.csv,0.025,3,690930060
3257,64,1000,strong,grib_migration_matrix_4pop_strong.csv,0.025,3,690930060
3258,65,1000,strong,grib_migration_matrix_4pop_strong.csv,0.025,3,690930060
3259,66,1000,strong,grib_migration_matrix_4pop_strong.csv,0.025,3,690930060
3260,67,1000,strong,grib_migration_matrix_4pop_strong.csv,0.025,3,690930060
3261,68,1000,strong,grib_migration_matrix_4pop_strong.csv,0.025,3,690930060
3262,69,1000,strong,grib_migration_matrix_4pop_strong.csv,0.025,3,690930060
3263,70,1000,strong,grib_migration_matrix_4pop_strong.csv,0.025,3,690930060
3264,71,1000,strong,grib_migration_matrix_4pop_strong.csv,0.025,3,690930060
3265,72,1000,strong,grib_migration_matrix_4pop_strong.csv,0.025,3,690930060
3266,73,1000,strong,grib_migration_matrix_4pop_strong.csv,0.025,3,690930060
3267,74,1000,strong,grib_migration_matrix_4pop_strong.csv,0.025,3,690930060
3268,75,1000,strong,grib_migration_matrix_4pop_strong.csv,0.025,3,690930060
3269,0,1000,strong,grib_migration_matrix_4pop_strong.csv,0.025,4,1297742384
3270,1,1000,strong,grib_migration_matrix_4pop_strong.csv,0.025,4,1297742384
3271,2,1000,strong,grib_migration_matrix_4pop_strong.csv,0.025,4,1297742384
3272,3,1000,strong,grib_migration_matrix_4pop_strong.csv,0.025,4,1297742384
3273,4,1000,strong,grib_migration_matrix_4pop_strong.csv,0.025,4,1297742384
3274,5,1000,strong,grib_migration_matrix_4pop_strong.csv,0.025,4,1297742384
3275,6,1000,strong,grib_migration_matrix_4pop_strong.csv,0.025,4,1297742384
3276,7,1000,strong,grib_migration_matrix_4pop_strong.csv,0.025,4,1297742384
3277,8,1000,strong,grib_migration_matrix_4pop_strong.csv,0.025,4,1297742384
3278,9,1000,strong,grib_migration_matrix_4pop_strong.csv,0.025,4,1297742384
3279,10,1000,strong,grib_migration_matrix_4pop_strong.csv,0.025,4,1297742384
3280,11,1000,strong,grib_migration_matrix_4pop_strong.csv,0.025,4,1297742384
3281,12,1000,strong,grib_migration_matrix_4pop_strong.csv,0.025,4,1297742384
3282,13,1000,strong,grib_migration_matrix_4pop_strong.csv,0.025,4,1297742384
3283,14,1000,strong,grib_migration_matrix_4pop_strong.csv,0.025,4,1297742384
3284,15,1000,strong,grib_migration_matrix_4pop_strong.csv,0.025,4,1297742384
3285,16,1000,strong,grib_migration_matrix_4pop_strong.csv,0.025,4,1297742384
3286,17,1000,strong,grib_migration_matrix_4pop_strong.csv,0.025,4,1297742384
3287,18,1000,strong,grib_migration_matrix_4pop_strong.csv,0.025,4,1297742384
3288,19,1000,strong,grib_migration_matrix_4pop_strong.csv,0.025,4,1297742384
3289,20,1000,strong,grib_migration_matrix_4pop_strong.csv,0.025,4,1297742384
3290,21,1000,strong,grib_migration_matrix_4pop_strong.csv,0.025,4,1297742384
3291,22,1000,strong,grib_migration_matrix_4pop_strong.csv,0.025,4,1297742384
3292,23,1000,strong,grib_migration_matrix_4pop_strong.csv,0.025,4,1297742384
3293,24,1000,strong,grib_migration_matrix_4pop_strong.csv,0.025,4,1297742384
3294,25,1000,strong,grib_migration_matrix_4pop_strong.csv,0.025,4,1297742384
3295,26,1000,strong,grib_migration_matrix_4pop_strong.csv,0.025,4,1297742384
3296,27,1000,strong,grib_migration_matrix_4pop_strong.csv,0.025,4,1297742384
3297,28,1000,strong,grib_migration_matrix_4pop_strong.csv,0.025,4,1297742384
3298,29,1000,strong,grib_migration_matrix_4pop_strong.csv,0.025,4,1297742384
3299,30,1000,strong,grib_migration_matrix_4pop_strong.csv,0.025,4,1297742384
3300,31,1000,strong,grib_migration_matrix_4pop_strong.csv,0.025,4,1297742384
3301,32,1000,strong,grib_migration_matrix_4pop_strong.csv,0.025,4,1297742384
3302,33,1000,strong,grib_migration_matrix_4pop_strong.csv,0.025,4,1297742384
3303,34,1000,strong,grib_migration_matrix_4pop_strong.csv,0.025,4,1297742384
3304,35,1000,strong,grib_migration_matrix_4pop_strong.csv,0.025,4,1297742384
3305,36,1000,strong,grib_migration_matrix_4pop_strong.csv,0.025,4,1297742384
3306,37,1000,strong,grib_migration_matrix_4pop_strong.csv,0.025,4,1297742384
3307,38,1000,strong,grib_migration_matrix_4pop_strong.csv,0.025,4,1297742384
3308,39,1000,strong,grib_migration_matrix_4pop_strong.csv,0.025,4,1297742384
3309,40,1000,strong,grib_migration_matrix_4pop_strong.csv,0.025,4,1297742384
3310,41,1000,strong,grib_migration_matrix_4pop_strong.csv,0.025,4,1297742384
3311,42,1000,strong,grib_migration_matrix_4pop_strong.csv,0.025,4,1297742384
3312,43,1000,strong,grib_migration_matrix_4pop_strong.csv,0.025,4,1297742384
3313,44,1000,strong,grib_migration_matrix_4pop_strong.csv,0.025,4,1297742384
3314,45,1000,strong,grib_migration_matrix_4pop_strong.csv,0.025,4,1297742384
3315,46,1000,strong,grib_migration_matrix_4pop_strong.csv,0.025,4,1297742384
3316,47,1000,strong,grib_migration_matrix_4pop_strong.csv,0.025,4,1297742384
3317,48,1000,strong,grib_migration_matrix_4pop_strong.csv,0.025,4,1297742384
3318,49,1000,strong,grib_migration_matrix_4pop_strong.csv,0.025,4,1297742384
3319,50,1000,strong,grib_migration_matrix_4pop_strong.csv,0.025,4,1297742384
3320,51,1000,strong,grib_migration_matrix_4pop_strong.csv,0.025,4,1297742384
3321,52,1000,strong,grib_migration_matrix_4pop_strong.csv,0.025,4,1297742384
3322,53,1000,strong,grib_migration_matrix_4pop_strong.csv,0.025,4,1297742384
3323,54,1000,strong,grib_migration_matrix_4pop_strong.csv,0.025,4,1297742384
3324,55,1000,strong,grib_migration_matrix_4pop_strong.csv,0.025,4,1297742384
3325,56,1000,strong,grib_migration_matrix_4pop_strong.csv,0.025,4,1297742384
3326,57,1000,strong,grib_migration_matrix_4pop_strong.csv,0.025,4,1297742384
3327,58,1000,strong,grib_migration_matrix_4pop_strong.csv,0.025,4,1297742384
3328,59,1000,strong,grib_migration_matrix_4pop_strong.csv,0.025,4,1297742384
3329,60,1000,strong,grib_migration_matrix_4pop_strong.csv,0.025,4,1297742384
3330,61,1000,strong,grib_migration_matrix_4pop_strong.csv,0.025,4,1297742384
3331,62,1000,strong,grib_migration_matrix_4pop_strong.csv,0.025,4,1297742384
3332,63,1000,strong,grib_migration_matrix_4pop_strong.csv,0.025,4,1297742384
3333,64,1000,strong,grib_migration_matrix_4pop_strong.csv,0.025,4,1297742384
3334,65,1000,strong,grib_migration_matrix_4pop_strong.csv,0.025,4,1297742384
3335,66,1000,strong,grib_migration_matrix_4pop_strong.csv,0.025,4,1297742384
3336,67,1000,strong,grib_migration_matrix_4pop_strong.csv,0.025,4,1297742384
3337,68,1000,strong,grib_migration_matrix_4pop_strong.csv,0.025,4,1297742384
3338,69,1000,strong,grib_migration_matrix_4pop_strong.csv,0.025,4,1297742384
3339,70,1000,strong,grib_migration_matrix_4pop_strong.csv,0.025,4,1297742384
3340,71,1000,strong,grib_migration_matrix_4pop_strong.csv,0.025,4,1297742384
3341,72,1000,strong,grib_migration_matrix_4pop_strong.csv,0.025,4,1297742384
3342,73,1000,strong,grib_migration_matrix_4pop_strong.csv,0.025,4,1297742384
3343,74,1000,strong,grib_migration_matrix_4pop_strong.csv,0.025,4,1297742384
3344,75,1000,strong,grib_migration_matrix_4pop_strong.csv,0.025,4,1297742384
3345,0,1000,strong,grib_migration_matrix_4pop_strong.csv,0.025,5,1435334908
3346,1,1000,strong,grib_migration_matrix_4pop_strong.csv,0.025,5,1435334908
3347,2,1000,strong,grib_migration_matrix_4pop_strong.csv,0.025,5,1435334908
3348,3,1000,strong,grib_migration_matrix_4pop_strong.csv,0.025,5,1435334908
3349,4,1000,strong,grib_migration_matrix_4pop_strong.csv,0.025,5,1435334908
3350,5,1000,strong,grib_migration_matrix_4pop_strong.csv,0.025,5,1435334908
3351,6,1000,strong,grib_migration_matrix_4pop_strong.csv,0.025,5,1435334908
3352,7,1000,strong,grib_migration_matrix_4pop_strong.csv,0.025,5,1435334908
3353,8,1000,strong,grib_migration_matrix_4pop_strong.csv,0.025,5,1435334908
3354,9,1000,strong,grib_migration_matrix_4pop_strong.csv,0.025,5,1435334908
3355,10,1000,strong,grib_migration_matrix_4pop_strong.csv,0.025,5,1435334908
3356,11,1000,strong,grib_migration_matrix_4pop_strong.csv,0.025,5,1435334908
3357,12,1000,strong,grib_migration_matrix_4pop_strong.csv,0.025,5,1435334908
3358,13,1000,strong,grib_migration_matrix_4pop_strong.csv,0.025,5,1435334908
3359,14,1000,strong,grib_migration_matrix_4pop_strong.csv,0.025,5,1435334908
3360,15,1000,strong,grib_migration_matrix_4pop_strong.csv,0.025,5,1435334908
3361,16,1000,strong,grib_migration_matrix_4pop_strong.csv,0.025,5,1435334908
3362,17,1000,strong,grib_migration_matrix_4pop_strong.csv,0.025,5,1435334908
3363,18,1000,strong,grib_migration_matrix_4pop_strong.csv,0.025,5,1435334908
3364,19,1000,strong,grib_migration_matrix_4pop_strong.csv,0.025,5,1435334908
3365,20,1000,strong,grib_migration_matrix_4pop_strong.csv,0.025,5,1435334908
3366,21,1000,strong,grib_migration_matrix_4pop_strong.csv,0.025,5,1435334908
3367,22,1000,strong,grib_migration_matrix_4pop_strong.csv,0.025,5,1435334908
3368,23,1000,strong,grib_migration_matrix_4pop_strong.csv,0.025,5,1435334908
3369,24,1000,strong,grib_migration_matrix_4pop_strong.csv,0.025,5,1435334908
3370,25,1000,strong,grib_migration_matrix_4pop_strong.csv,0.025,5,1435334908
3371,26,1000,strong,grib_migration_matrix_4pop_strong.csv,0.025,5,1435334908
3372,27,1000,strong,grib_migration_matrix_4pop_strong.csv,0.025,5,1435334908
3373,28,1000,strong,grib_migration_matrix_4pop_strong.csv,0.025,5,1435334908
3374,29,1000,strong,grib_migration_matrix_4pop_strong.csv,0.025,5,1435334908
3375,30,1000,strong,grib_migration_matrix_4pop_strong.csv,0.025,5,1435334908
3376,31,1000,strong,grib_migration_matrix_4pop_strong.csv,0.025,5,1435334908
3377,32,1000,strong,grib_migration_matrix_4pop_strong.csv,0.025,5,1435334908
3378,33,1000,strong,grib_migration_matrix_4pop_strong.csv,0.025,5,1435334908
3379,34,1000,strong,grib_migration_matrix_4pop_strong.csv,0.025,5,1435334908
3380,35,1000,strong,grib_migration_matrix_4pop_strong.csv,0.025,5,1435334908
3381,36,1000,strong,grib_migration_matrix_4pop_strong.csv,0.025,5,1435334908
3382,37,1000,strong,grib_migration_matrix_4pop_strong.csv,0.025,5,1435334908
3383,38,1000,strong,grib_migration_matrix_4pop_strong.csv,0.025,5,1435334908
3384,39,1000,strong,grib_migration_matrix_4pop_strong.csv,0.025,5,1435334908
3385,40,1000,strong,grib_migration_matrix_4pop_strong.csv,0.025,5,1435334908
3386,41,1000,strong,grib_migration_matrix_4pop_strong.csv,0.025,5,1435334908
3387,42,1000,strong,grib_migration_matrix_4pop_strong.csv,0.025,5,1435334908
3388,43,1000,strong,grib_migration_matrix_4pop_strong.csv,0.025,5,1435334908
3389,44,1000,strong,grib_migration_matrix_4pop_strong.csv,0.025,5,1435334908
3390,45,1000,strong,grib_migration_matrix_4pop_strong.csv,0.025,5,1435334908
3391,46,1000,strong,grib_migration_matrix_4pop_strong.csv,0.025,5,1435334908
3392,47,1000,strong,grib_migration_matrix_4pop_strong.csv,0.025,5,1435334908
3393,48,1000,strong,grib_migration_matrix_4pop_strong.csv,0.025,5,1435334908
3394,49,1000,strong,grib_migration_matrix_4pop_strong.csv,0.025,5,1435334908
3395,50,1000,strong,grib_migration_matrix_4pop_strong.csv,0.025,5,1435334908
3396,51,1000,strong,grib_migration_matrix_4pop_strong.csv,0.025,5,1435334908
3397,52,1000,strong,grib_migration_matrix_4pop_strong.csv,0.025,5,1435334908
3398,53,1000,strong,grib_migration_matrix_4pop_strong.csv,0.025,5,1435334908
3399,54,1000,strong,grib_migration_matrix_4pop_strong.csv,0.025,5,1435334908
3400,55,1000,strong,grib_migration_matrix_4pop_strong.csv,0.025,5,1435334908
3401,56,1000,strong,grib_migration_matrix_4pop_strong.csv,0.025,5,1435334908
3402,57,1000,strong,grib_migration_matrix_4pop_strong.csv,0.025,5,1435334908
3403,58,1000,strong,grib_migration_matrix_4pop_strong.csv,0.025,5,1435334908
3404,59,1000,strong,grib_migration_matrix_4pop_strong.csv,0.025,5,1435334908
3405,60,1000,strong,grib_migration_matrix_4pop_strong.csv,0.025,5,1435334908
3406,61,1000,strong,grib_migration_matrix_4pop_strong.csv,0.025,5,1435334908
3407,62,1000,strong,grib_migration_matrix_4pop_strong.csv,0.025,5,1435334908
3408,63,1000,strong,grib_migration_matrix_4pop_strong.csv,0.025,5,1435334908
3409,64,1000,strong,grib_migration_matrix_4pop_strong.csv,0.025,5,1435334908
3410,65,1000,strong,grib_migration_matrix_4pop_strong.csv,0.025,5,1435334908
3411,66,1000,strong,grib_migration_matrix_4pop_strong.csv,0.025,5,1435334908
3412,67,1000,strong,grib_migration_matrix_4pop_strong.csv,0.025,5,1435334908
3413,68,1000,strong,grib_migration_matrix_4pop_strong.csv,0.025,5,1435334908
3414,69,1000,strong,grib_migration_matrix_4pop_strong.csv,0.025,5,1435334908
3415,70,1000,strong,grib_migration_matrix_4pop_strong.csv,0.025,5,1435334908
3416,71,1000,strong,grib_migration_matrix_4pop_strong.csv,0.025,5,1435334908
3417,72,1000,strong,grib_migration_matrix_4pop_strong.csv,0.025,5,1435334908
3418,73,1000,strong,grib_migration_matrix_4pop_strong.csv,0.025,5,1435334908
3419,74,1000,strong,grib_migration_matrix_4pop_strong.csv,0.025,5,1435334908
3420,75,1000,strong,grib_migration_matrix_4pop_strong.csv,0.025,5,1435334908
3421,0,1000,strong,grib_migration_matrix_4pop_strong.csv,0.025,6,1448109921
3422,1,1000,strong,grib_migration_matrix_4pop_strong.csv,0.025,6,1448109921
3423,2,1000,strong,grib_migration_matrix_4pop_strong.csv,0.025,6,1448109921
3424,3,1000,strong,grib_migration_matrix_4pop_strong.csv,0.025,6,1448109921
3425,4,1000,strong,grib_migration_matrix_4pop_strong.csv,0.025,6,1448109921
3426,5,1000,strong,grib_migration_matrix_4pop_strong.csv,0.025,6,1448109921
3427,6,1000,strong,grib_migration_matrix_4pop_strong.csv,0.025,6,1448109921
3428,7,1000,strong,grib_migration_matrix_4pop_strong.csv,0.025,6,1448109921
3429,8,1000,strong,grib_migration_matrix_4pop_strong.csv,0.025,6,1448109921
3430,9,1000,strong,grib_migration_matrix_4pop_strong.csv,0.025,6,1448109921
3431,10,1000,strong,grib_migration_matrix_4pop_strong.csv,0.025,6,1448109921
3432,11,1000,strong,grib_migration_matrix_4pop_strong.csv,0.025,6,1448109921
3433,12,1000,strong,grib_migration_matrix_4pop_strong.csv,0.025,6,1448109921
3434,13,1000,strong,grib_migration_matrix_4pop_strong.csv,0.025,6,1448109921
3435,14,1000,strong,grib_migration_matrix_4pop_strong.csv,0.025,6,1448109921
3436,15,1000,strong,grib_migration_matrix_4pop_strong.csv,0.025,6,1448109921
3437,16,1000,strong,grib_migration_matrix_4pop_strong.csv,0.025,6,1448109921
3438,17,1000,strong,grib_migration_matrix_4pop_strong.csv,0.025,6,1448109921
3439,18,1000,strong,grib_migration_matrix_4pop_strong.csv,0.025,6,1448109921
3440,19,1000,strong,grib_migration_matrix_4pop_strong.csv,0.025,6,1448109921
3441,20,1000,strong,grib_migration_matrix_4pop_strong.csv,0.025,6,1448109921
3442,21,1000,strong,grib_migration_matrix_4pop_strong.csv,0.025,6,1448109921
3443,22,1000,strong,grib_migration_matrix_4pop_strong.csv,0.025,6,1448109921
3444,23,1000,strong,grib_migration_matrix_4pop_strong.csv,0.025,6,1448109921
3445,24,1000,strong,grib_migration_matrix_4pop_strong.csv,0.025,6,1448109921
3446,25,1000,strong,grib_migration_matrix_4pop_strong.csv,0.025,6,1448109921
3447,26,1000,strong,grib_migration_matrix_4pop_strong.csv,0.025,6,1448109921
3448,27,1000,strong,grib_migration_matrix_4pop_strong.csv,0.025,6,1448109921
3449,28,1000,strong,grib_migration_matrix_4pop_strong.csv,0.025,6,1448109921
3450,29,1000,strong,grib_migration_matrix_4pop_strong.csv,0.025,6,1448109921
3451,30,1000,strong,grib_migration_matrix_4pop_strong.csv,0.025,6,1448109921
3452,31,1000,strong,grib_migration_matrix_4pop_strong.csv,0.025,6,1448109921
3453,32,1000,strong,grib_migration_matrix_4pop_strong.csv,0.025,6,1448109921
3454,33,1000,strong,grib_migration_matrix_4pop_strong.csv,0.025,6,1448109921
3455,34,1000,strong,grib_migration_matrix_4pop_strong.csv,0.025,6,1448109921
3456,35,1000,strong,grib_migration_matrix_4pop_strong.csv,0.025,6,1448109921
3457,36,1000,strong,grib_migration_matrix_4pop_strong.csv,0.025,6,1448109921
3458,37,1000,strong,grib_migration_matrix_4pop_strong.csv,0.025,6,1448109921
3459,38,1000,strong,grib_migration_matrix_4pop_strong.csv,0.025,6,1448109921
3460,39,1000,strong,grib_migration_matrix_4pop_strong.csv,0.025,6,1448109921
3461,40,1000,strong,grib_migration_matrix_4pop_strong.csv,0.025,6,1448109921
3462,41,1000,strong,grib_migration_matrix_4pop_strong.csv,0.025,6,1448109921
3463,42,1000,strong,grib_migration_matrix_4pop_strong.csv,0.025,6,1448109921
3464,43,1000,strong,grib_migration_matrix_4pop_strong.csv,0.025,6,1448109921
3465,44,1000,strong,grib_migration_matrix_4pop_strong.csv,0.025,6,1448109921
3466,45,1000,strong,grib_migration_matrix_4pop_strong.csv,0.025,6,1448109921
3467,46,1000,strong,grib_migration_matrix_4pop_strong.csv,0.025,6,1448109921
3468,47,1000,strong,grib_migration_matrix_4pop_strong.csv,0.025,6,1448109921
3469,48,1000,strong,grib_migration_matrix_4pop_strong.csv,0.025,6,1448109921
3470,49,1000,strong,grib_migration_matrix_4pop_strong.csv,0.025,6,1448109921
3471,50,1000,strong,grib_migration_matrix_4pop_strong.csv,0.025,6,1448109921
3472,51,1000,strong,grib_migration_matrix_4pop_strong.csv,0.025,6,1448109921
3473,52,1000,strong,grib_migration_matrix_4pop_strong.csv,0.025,6,1448109921
3474,53,1000,strong,grib_migration_matrix_4pop_strong.csv,0.025,6,1448109921
3475,54,1000,strong,grib_migration_matrix_4pop_strong.csv,0.025,6,1448109921
3476,55,1000,strong,grib_migration_matrix_4pop_strong.csv,0.025,6,1448109921
3477,56,1000,strong,grib_migration_matrix_4pop_strong.csv,0.025,6,1448109921
3478,57,1000,strong,grib_migration_matrix_4pop_strong.csv,0.025,6,1448109921
3479,58,1000,strong,grib_migration_matrix_4pop_strong.csv,0.025,6,1448109921
3480,59,1000,strong,grib_migration_matrix_4pop_strong.csv,0.025,6,1448109921
3481,60,1000,strong,grib_migration_matrix_4pop_strong.csv,0.025,6,1448109921
3482,61,1000,strong,grib_migration_matrix_4pop_strong.csv,0.025,6,1448109921
3483,62,1000,strong,grib_migration_matrix_4pop_strong.csv,0.025,6,1448109921
3484,63,1000,strong,grib_migration_matrix_4pop_strong.csv,0.025,6,1448109921
3485,64,1000,strong,grib_migration_matrix_4pop_strong.csv,0.025,6,1448109921
3486,65,1000,strong,grib_migration_matrix_4pop_strong.csv,0.025,6,1448109921
3487,66,1000,strong,grib_migration_matrix_4pop_strong.csv,0.025,6,1448109921
3488,67,1000,strong,grib_migration_matrix_4pop_strong.csv,0.025,6,1448109921
3489,68,1000,strong,grib_migration_matrix_4pop_strong.csv,0.025,6,1448109921
3490,69,1000,strong,grib_migration_matrix_4pop_strong.csv,0.025,6,1448109921
3491,70,1000,strong,grib_migration_matrix_4pop_strong.csv,0.025,6,1448109921
3492,71,1000,strong,grib_migration_matrix_4pop_strong.csv,0.025,6,1448109921
3493,72,1000,strong,grib_migration_matrix_4pop_strong.csv,0.025,6,1448109921
3494,73,1000,strong,grib_migration_matrix_4pop_strong.csv,0.025,6,1448109921
3495,74,1000,strong,grib_migration_matrix_4pop_strong.csv,0.025,6,1448109921
3496,75,1000,strong,grib_migration_matrix_4pop_strong.csv,0.025,6,1448109921
3497,0,1000,strong,grib_migration_matrix_4pop_strong.csv,0.025,7,1876237068
3498,1,1000,strong,grib_migration_matrix_4pop_strong.csv,0.025,7,1876237068
3499,2,1000,strong,grib_migration_matrix_4pop_strong.csv,0.025,7,1876237068
3500,3,1000,strong,grib_migration_matrix_4pop_strong.csv,0.025,7,1876237068
3501,4,1000,strong,grib_migration_matrix_4pop_strong.csv,0.025,7,1876237068
3502,5,1000,strong,grib_migration_matrix_4pop_strong.csv,0.025,7,1876237068
3503,6,1000,strong,grib_migration_matrix_4pop_strong.csv,0.025,7,1876237068
3504,7,1000,strong,grib_migration_matrix_4pop_strong.csv,0.025,7,1876237068
3505,8,1000,strong,grib_migration_matrix_4pop_strong.csv,0.025,7,1876237068
3506,9,1000,strong,grib_migration_matrix_4pop_strong.csv,0.025,7,1876237068
3507,10,1000,strong,grib_migration_matrix_4pop_strong.csv,0.025,7,1876237068
3508,11,1000,strong,grib_migration_matrix_4pop_strong.csv,0.025,7,1876237068
3509,12,1000,strong,grib_migration_matrix_4pop_strong.csv,0.025,7,1876237068
3510,13,1000,strong,grib_migration_matrix_4pop_strong.csv,0.025,7,1876237068
3511,14,1000,strong,grib_migration_matrix_4pop_strong.csv,0.025,7,1876237068
3512,15,1000,strong,grib_migration_matrix_4pop_strong.csv,0.025,7,1876237068
3513,16,1000,strong,grib_migration_matrix_4pop_strong.csv,0.025,7,1876237068
3514,17,1000,strong,grib_migration_matrix_4pop_strong.csv,0.025,7,1876237068
3515,18,1000,strong,grib_migration_matrix_4pop_strong.csv,0.025,7,1876237068
3516,19,1000,strong,grib_migration_matrix_4pop_strong.csv,0.025,7,1876237068
3517,20,1000,strong,grib_migration_matrix_4pop_strong.csv,0.025,7,1876237068
3518,21,1000,strong,grib_migration_matrix_4pop_strong.csv,0.025,7,1876237068
3519,22,1000,strong,grib_migration_matrix_4pop_strong.csv,0.025,7,1876237068
3520,23,1000,strong,grib_migration_matrix_4pop_strong.csv,0.025,7,1876237068
3521,24,1000,strong,grib_migration_matrix_4pop_strong.csv,0.025,7,1876237068
3522,25,1000,strong,grib_migration_matrix_4pop_strong.csv,0.025,7,1876237068
3523,26,1000,strong,grib_migration_matrix_4pop_strong.csv,0.025,7,1876237068
3524,27,1000,strong,grib_migration_matrix_4pop_strong.csv,0.025,7,1876237068
3525,28,1000,strong,grib_migration_matrix_4pop_strong.csv,0.025,7,1876237068
3526,29,1000,strong,grib_migration_matrix_4pop_strong.csv,0.025,7,1876237068
3527,30,1000,strong,grib_migration_matrix_4pop_strong.csv,0.025,7,1876237068
3528,31,1000,strong,grib_migration_matrix_4pop_strong.csv,0.025,7,1876237068
3529,32,1000,strong,grib_migration_matrix_4pop_strong.csv,0.025,7,1876237068
3530,33,1000,strong,grib_migration_matrix_4pop_strong.csv,0.025,7,1876237068
3531,34,1000,strong,grib_migration_matrix_4pop_strong.csv,0.025,7,1876237068
3532,35,1000,strong,grib_migration_matrix_4pop_strong.csv,0.025,7,1876237068
3533,36,1000,strong,grib_migration_matrix_4pop_strong.csv,0.025,7,1876237068
3534,37,1000,strong,grib_migration_matrix_4pop_strong.csv,0.025,7,1876237068
3535,38,1000,strong,grib_migration_matrix_4pop_strong.csv,0.025,7,1876237068
3536,39,1000,strong,grib_migration_matrix_4pop_strong.csv,0.025,7,1876237068
3537,40,1000,strong,grib_migration_matrix_4pop_strong.csv,0.025,7,1876237068
3538,41,1000,strong,grib_migration_matrix_4pop_strong.csv,0.025,7,1876237068
3539,42,1000,strong,grib_migration_matrix_4pop_strong.csv,0.025,7,1876237068
3540,43,1000,strong,grib_migration_matrix_4pop_strong.csv,0.025,7,1876237068
3541,44,1000,strong,grib_migration_matrix_4pop_strong.csv,0.025,7,1876237068
3542,45,1000,strong,grib_migration_matrix_4pop_strong.csv,0.025,7,1876237068
3543,46,1000,strong,grib_migration_matrix_4pop_strong.csv,0.025,7,1876237068
3544,47,1000,strong,grib_migration_matrix_4pop_strong.csv,0.025,7,1876237068
3545,48,1000,strong,grib_migration_matrix_4pop_strong.csv,0.025,7,1876237068
3546,49,1000,strong,grib_migration_matrix_4pop_strong.csv,0.025,7,1876237068
3547,50,1000,strong,grib_migration_matrix_4pop_strong.csv,0.025,7,1876237068
3548,51,1000,strong,grib_migration_matrix_4pop_strong.csv,0.025,7,1876237068
3549,52,1000,strong,grib_migration_matrix_4pop_strong.csv,0.025,7,1876237068
3550,53,1000,strong,grib_migration_matrix_4pop_strong.csv,0.025,7,1876237068
3551,54,1000,strong,grib_migration_matrix_4pop_strong.csv,0.025,7,1876237068
3552,55,1000,strong,grib_migration_matrix_4pop_strong.csv,0.025,7,1876237068
3553,56,1000,strong,grib_migration_matrix_4pop_strong.csv,0.025,7,1876237068
3554,57,1000,strong,grib_migration_matrix_4pop_strong.csv,0.025,7,1876237068
3555,58,1000,strong,grib_migration_matrix_4pop_strong.csv,0.025,7,1876237068
3556,59,1000,strong,grib_migration_matrix_4pop_strong.csv,0.025,7,1876237068
3557,60,1000,strong,grib_migration_matrix_4pop_strong.csv,0.025,7,1876237068
3558,61,1000,strong,grib_migration_matrix_4pop_strong.csv,0.025,7,1876237068
3559,62,1000,strong,grib_migration_matrix_4pop_strong.csv,0.025,7,1876237068
3560,63,1000,strong,grib_migration_matrix_4pop_strong.csv,0.025,7,1876237068
3561,64,1000,strong,grib_migration_matrix_4pop_strong.csv,0.025,7,1876237068
3562,65,1000,strong,grib_migration_matrix_4pop_strong.csv,0.025,7,1876237068
3563,66,1000,strong,grib_migration_matrix_4pop_strong.csv,0.025,7,1876237068
3564,67,1000,strong,grib_migration_matrix_4pop_strong.csv,0.025,7,1876237068
3565,68,1000,strong,grib_migration_matrix_4pop_strong.csv,0.025,7,1876237068
3566,69,1000,strong,grib_migration_matrix_4pop_strong.csv,0.025,7,1876237068
3567,70,1000,strong,grib_migration_matrix_4pop_strong.csv,0.025,7,1876237068
3568,71,1000,strong,grib_migration_matrix_4pop_strong.csv,0.025,7,1876237068
3569,72,1000,strong,grib_migration_matrix_4pop_strong.csv,0.025,7,1876237068
3570,73,1000,strong,grib_migration_matrix_4pop_strong.csv,0.025,7,1876237068
3571,74,1000,strong,grib_migration_matrix_4pop_strong.csv,0.025,7,1876237068
3572,75,1000,strong,grib_migration_matrix_4pop_strong.csv,0.025,7,1876237068
3573,0,1000,strong,grib_migration_matrix_4pop_strong.csv,0.025,8,987616214
3574,1,1000,strong,grib_migration_matrix_4pop_strong.csv,0.025,8,987616214
3575,2,1000,strong,grib_migration_matrix_4pop_strong.csv,0.025,8,987616214
3576,3,1000,strong,grib_migration_matrix_4pop_strong.csv,0.025,8,987616214
3577,4,1000,strong,grib_migration_matrix_4pop_strong.csv,0.025,8,987616214
3578,5,1000,strong,grib_migration_matrix_4pop_strong.csv,0.025,8,987616214
3579,6,1000,strong,grib_migration_matrix_4pop_strong.csv,0.025,8,987616214
3580,7,1000,strong,grib_migration_matrix_4pop_strong.csv,0.025,8,987616214
3581,8,1000,strong,grib_migration_matrix_4pop_strong.csv,0.025,8,987616214
3582,9,1000,strong,grib_migration_matrix_4pop_strong.csv,0.025,8,987616214
3583,10,1000,strong,grib_migration_matrix_4pop_strong.csv,0.025,8,987616214
3584,11,1000,strong,grib_migration_matrix_4pop_strong.csv,0.025,8,987616214
3585,12,1000,strong,grib_migration_matrix_4pop_strong.csv,0.025,8,987616214
3586,13,1000,strong,grib_migration_matrix_4pop_strong.csv,0.025,8,987616214
3587,14,1000,strong,grib_migration_matrix_4pop_strong.csv,0.025,8,987616214
3588,15,1000,strong,grib_migration_matrix_4pop_strong.csv,0.025,8,987616214
3589,16,1000,strong,grib_migration_matrix_4pop_strong.csv,0.025,8,987616214
3590,17,1000,strong,grib_migration_matrix_4pop_strong.csv,0.025,8,987616214
3591,18,1000,strong,grib_migration_matrix_4pop_strong.csv,0.025,8,987616214
3592,19,1000,strong,grib_migration_matrix_4pop_strong.csv,0.025,8,987616214
3593,20,1000,strong,grib_migration_matrix_4pop_strong.csv,0.025,8,987616214
3594,21,1000,strong,grib_migration_matrix_4pop_strong.csv,0.025,8,987616214
3595,22,1000,strong,grib_migration_matrix_4pop_strong.csv,0.025,8,987616214
3596,23,1000,strong,grib_migration_matrix_4pop_strong.csv,0.025,8,987616214
3597,24,1000,strong,grib_migration_matrix_4pop_strong.csv,0.025,8,987616214
3598,25,1000,strong,grib_migration_matrix_4pop_strong.csv,0.025,8,987616214
3599,26,1000,strong,grib_migration_matrix_4pop_strong.csv,0.025,8,987616214
3600,27,1000,strong,grib_migration_matrix_4pop_strong.csv,0.025,8,987616214
3601,28,1000,strong,grib_migration_matrix_4pop_strong.csv,0.025,8,987616214
3602,29,1000,strong,grib_migration_matrix_4pop_strong.csv,0.025,8,987616214
3603,30,1000,strong,grib_migration_matrix_4pop_strong.csv,0.025,8,987616214
3604,31,1000,strong,grib_migration_matrix_4pop_strong.csv,0.025,8,987616214
3605,32,1000,strong,grib_migration_matrix_4pop_strong.csv,0.025,8,987616214
3606,33,1000,strong,grib_migration_matrix_4pop_strong.csv,0.025,8,987616214
3607,34,1000,strong,grib_migration_matrix_4pop_strong.csv,0.025,8,987616214
3608,35,1000,strong,grib_migration_matrix_4pop_strong.csv,0.025,8,987616214
3609,36,1000,strong,grib_migration_matrix_4pop_strong.csv,0.025,8,987616214
3610,37,1000,strong,grib_migration_matrix_4pop_strong.csv,0.025,8,987616214
3611,38,1000,strong,grib_migration_matrix_4pop_strong.csv,0.025,8,987616214
3612,39,1000,strong,grib_migration_matrix_4pop_strong.csv,0.025,8,987616214
3613,40,1000,strong,grib_migration_matrix_4pop_strong.csv,0.025,8,987616214
3614,41,1000,strong,grib_migration_matrix_4pop_strong.csv,0.025,8,987616214
3615,42,1000,strong,grib_migration_matrix_4pop_strong.csv,0.025,8,987616214
3616,43,1000,strong,grib_migration_matrix_4pop_strong.csv,0.025,8,987616214
3617,44,1000,strong,grib_migration_matrix_4pop_strong.csv,0.025,8,987616214
3618,45,1000,strong,grib_migration_matrix_4pop_strong.csv,0.025,8,987616214
3619,46,1000,strong,grib_migration_matrix_4pop_strong.csv,0.025,8,987616214
3620,47,1000,strong,grib_migration_matrix_4pop_strong.csv,0.025,8,987616214
3621,48,1000,strong,grib_migration_matrix_4pop_strong.csv,0.025,8,987616214
3622,49,1000,strong,grib_migration_matrix_4pop_strong.csv,0.025,8,987616214
3623,50,1000,strong,grib_migration_matrix_4pop_strong.csv,0.025,8,987616214
3624,51,1000,strong,grib_migration_matrix_4pop_strong.csv,0.025,8,987616214
3625,52,1000,strong,grib_migration_matrix_4pop_strong.csv,0.025,8,987616214
3626,53,1000,strong,grib_migration_matrix_4pop_strong.csv,0.025,8,987616214
3627,54,1000,strong,grib_migration_matrix_4pop_strong.csv,0.025,8,987616214
3628,55,1000,strong,grib_migration_matrix_4pop_strong.csv,0.025,8,987616214
3629,56,1000,strong,grib_migration_matrix_4pop_strong.csv,0.025,8,987616214
3630,57,1000,strong,grib_migration_matrix_4pop_strong.csv,0.025,8,987616214
3631,58,1000,strong,grib_migration_matrix_4pop_strong.csv,0.025,8,987616214
3632,59,1000,strong,grib_migration_matrix_4pop_strong.csv,0.025,8,987616214
3633,60,1000,strong,grib_migration_matrix_4pop_strong.csv,0.025,8,987616214
3634,61,1000,strong,grib_migration_matrix_4pop_strong.csv,0.025,8,987616214
3635,62,1000,strong,grib_migration_matrix_4pop_strong.csv,0.025,8,987616214
3636,63,1000,strong,grib_migration_matrix_4pop_strong.csv,0.025,8,987616214
3637,64,1000,strong,grib_migration_matrix_4pop_strong.csv,0.025,8,987616214
3638,65,1000,strong,grib_migration_matrix_4pop_strong.csv,0.025,8,987616214
3639,66,1000,strong,grib_migration_matrix_4pop_strong.csv,0.025,8,987616214
3640,67,1000,strong,grib_migration_matrix_4pop_strong.csv,0.025,8,987616214
3641,68,1000,strong,grib_migration_matrix_4pop_strong.csv,0.025,8,987616214
3642,69,1000,strong,grib_migration_matrix_4pop_strong.csv,0.025,8,987616214
3643,70,1000,strong,grib_migration_matrix_4pop_strong.csv,0.025,8,987616214
3644,71,1000,strong,grib_migration_matrix_4pop_strong.csv,0.025,8,987616214
3645,72,1000,strong,grib_migration_matrix_4pop_strong.csv,0.025,8,987616214
3646,73,1000,strong,grib_migration_matrix_4pop_strong.csv,0.025,8,987616214
3647,74,1000,strong,grib_migration_matrix_4pop_strong.csv,0.025,8,987616214
3648,75,1000,strong,grib_migration_matrix_4pop_strong.csv,0.025,8,987616214
3649,0,1000,strong,grib_migration_matrix_4pop_strong.csv,0.025,9,1838706485
3650,1,1000,strong,grib_migration_matrix_4pop_strong.csv,0.025,9,1838706485
3651,2,1000,strong,grib_migration_matrix_4pop_strong.csv,0.025,9,1838706485
3652,3,1000,strong,grib_migration_matrix_4pop_strong.csv,0.025,9,1838706485
3653,4,1000,strong,grib_migration_matrix_4pop_strong.csv,0.025,9,1838706485
3654,5,1000,strong,grib_migration_matrix_4pop_strong.csv,0.025,9,1838706485
3655,6,1000,strong,grib_migration_matrix_4pop_strong.csv,0.025,9,1838706485
3656,7,1000,strong,grib_migration_matrix_4pop_strong.csv,0.025,9,1838706485
3657,8,1000,strong,grib_migration_matrix_4pop_strong.csv,0.025,9,1838706485
3658,9,1000,strong,grib_migration_matrix_4pop_strong.csv,0.025,9,1838706485
3659,10,1000,strong,grib_migration_matrix_4pop_strong.csv,0.025,9,1838706485
3660,11,1000,strong,grib_migration_matrix_4pop_strong.csv,0.025,9,1838706485
3661,12,1000,strong,grib_migration_matrix_4pop_strong.csv,0.025,9,1838706485
3662,13,1000,strong,grib_migration_matrix_4pop_strong.csv,0.025,9,1838706485
3663,14,1000,strong,grib_migration_matrix_4pop_strong.csv,0.025,9,1838706485
3664,15,1000,strong,grib_migration_matrix_4pop_strong.csv,0.025,9,1838706485
3665,16,1000,strong,grib_migration_matrix_4pop_strong.csv,0.025,9,1838706485
3666,17,1000,strong,grib_migration_matrix_4pop_strong.csv,0.025,9,1838706485
3667,18,1000,strong,grib_migration_matrix_4pop_strong.csv,0.025,9,1838706485
3668,19,1000,strong,grib_migration_matrix_4pop_strong.csv,0.025,9,1838706485
3669,20,1000,strong,grib_migration_matrix_4pop_strong.csv,0.025,9,1838706485
3670,21,1000,strong,grib_migration_matrix_4pop_strong.csv,0.025,9,1838706485
3671,22,1000,strong,grib_migration_matrix_4pop_strong.csv,0.025,9,1838706485
3672,23,1000,strong,grib_migration_matrix_4pop_strong.csv,0.025,9,1838706485
3673,24,1000,strong,grib_migration_matrix_4pop_strong.csv,0.025,9,1838706485
3674,25,1000,strong,grib_migration_matrix_4pop_strong.csv,0.025,9,1838706485
3675,26,1000,strong,grib_migration_matrix_4pop_strong.csv,0.025,9,1838706485
3676,27,1000,strong,grib_migration_matrix_4pop_strong.csv,0.025,9,1838706485
3677,28,1000,strong,grib_migration_matrix_4pop_strong.csv,0.025,9,1838706485
3678,29,1000,strong,grib_migration_matrix_4pop_strong.csv,0.025,9,1838706485
3679,30,1000,strong,grib_migration_matrix_4pop_strong.csv,0.025,9,1838706485
3680,31,1000,strong,grib_migration_matrix_4pop_strong.csv,0.025,9,1838706485
3681,32,1000,strong,grib_migration_matrix_4pop_strong.csv,0.025,9,1838706485
3682,33,1000,strong,grib_migration_matrix_4pop_strong.csv,0.025,9,1838706485
3683,34,1000,strong,grib_migration_matrix_4pop_strong.csv,0.025,9,1838706485
3684,35,1000,strong,grib_migration_matrix_4pop_strong.csv,0.025,9,1838706485
3685,36,1000,strong,grib_migration_matrix_4pop_strong.csv,0.025,9,1838706485
3686,37,1000,strong,grib_migration_matrix_4pop_strong.csv,0.025,9,1838706485
3687,38,1000,strong,grib_migration_matrix_4pop_strong.csv,0.025,9,1838706485
3688,39,1000,strong,grib_migration_matrix_4pop_strong.csv,0.025,9,1838706485
3689,40,1000,strong,grib_migration_matrix_4pop_strong.csv,0.025,9,1838706485
3690,41,1000,strong,grib_migration_matrix_4pop_strong.csv,0.025,9,1838706485
3691,42,1000,strong,grib_migration_matrix_4pop_strong.csv,0.025,9,1838706485
3692,43,1000,strong,grib_migration_matrix_4pop_strong.csv,0.025,9,1838706485
3693,44,1000,strong,grib_migration_matrix_4pop_strong.csv,0.025,9,1838706485
3694,45,1000,strong,grib_migration_matrix_4pop_strong.csv,0.025,9,1838706485
3695,46,1000,strong,grib_migration_matrix_4pop_strong.csv,0.025,9,1838706485
3696,47,1000,strong,grib_migration_matrix_4pop_strong.csv,0.025,9,1838706485
3697,48,1000,strong,grib_migration_matrix_4pop_strong.csv,0.025,9,1838706485
3698,49,1000,strong,grib_migration_matrix_4pop_strong.csv,0.025,9,1838706485
3699,50,1000,strong,grib_migration_matrix_4pop_strong.csv,0.025,9,1838706485
3700,51,1000,strong,grib_migration_matrix_4pop_strong.csv,0.025,9,1838706485
3701,52,1000,strong,grib_migration_matrix_4pop_strong.csv,0.025,9,1838706485
3702,53,1000,strong,grib_migration_matrix_4pop_strong.csv,0.025,9,1838706485
3703,54,1000,strong,grib_migration_matrix_4pop_strong.csv,0.025,9,1838706485
3704,55,1000,strong,grib_migration_matrix_4pop_strong.csv,0.025,9,1838706485
3705,56,1000,strong,grib_migration_matrix_4pop_strong.csv,0.025,9,1838706485
3706,57,1000,strong,grib_migration_matrix_4pop_strong.csv,0.025,9,1838706485
3707,58,1000,strong,grib_migration_matrix_4pop_strong.csv,0.025,9,1838706485
3708,59,1000,strong,grib_migration_matrix_4pop_strong.csv,0.025,9,1838706485
3709,60,1000,strong,grib_migration_matrix_4pop_strong.csv,0.025,9,1838706485
3710,61,1000,strong,grib_migration_matrix_4pop_strong.csv,0.025,9,1838706485
3711,62,1000,strong,grib_migration_matrix_4pop_strong.csv,0.025,9,1838706485
3712,63,1000,strong,grib_migration_matrix_4pop_strong.csv,0.025,9,1838706485
3713,64,1000,strong,grib_migration_matrix_4pop_strong.csv,0.025,9,1838706485
3714,65,1000,strong,grib_migration_matrix_4pop_strong.csv,0.025,9,1838706485
3715,66,1000,strong,grib_migration_matrix_4pop_strong.csv,0.025,9,1838706485
3716,67,1000,strong,grib_migration_matrix_4pop_strong.csv,0.025,9,1838706485
3717,68,1000,strong,grib_migration_matrix_4pop_strong.csv,0.025,9,1838706485
3718,69,1000,strong,grib_migration_matrix_4pop_strong.csv,0.025,9,1838706485
3719,70,1000,strong,grib_migration_matrix_4pop_strong.csv,0.025,9,1838706485
3720,71,1000,strong,grib_migration_matrix_4pop_strong.csv,0.025,9,1838706485
3721,72,1000,strong,grib_migration_matrix_4pop_strong.csv,0.025,9,1838706485
3722,73,1000,strong,grib_migration_matrix_4pop_strong.csv,0.025,9,1838706485
3723,74,1000,strong,grib_migration_matrix_4pop_strong.csv,0.025,9,1838706485
3724,75,1000,strong,grib_migration_matrix_4pop_strong.csv,0.025,9,1838706485
3725,0,1000,strong,grib_migration_matrix_4pop_strong.csv,0.025,10,1334022570
3726,1,1000,strong,grib_migration_matrix_4pop_strong.csv,0.025,10,1334022570
3727,2,1000,strong,grib_migration_matrix_4pop_strong.csv,0.025,10,1334022570
3728,3,1000,strong,grib_migration_matrix_4pop_strong.csv,0.025,10,1334022570
3729,4,1000,strong,grib_migration_matrix_4pop_strong.csv,0.025,10,1334022570
3730,5,1000,strong,grib_migration_matrix_4pop_strong.csv,0.025,10,1334022570
3731,6,1000,strong,grib_migration_matrix_4pop_strong.csv,0.025,10,1334022570
3732,7,1000,strong,grib_migration_matrix_4pop_strong.csv,0.025,10,1334022570
3733,8,1000,strong,grib_migration_matrix_4pop_strong.csv,0.025,10,1334022570
3734,9,1000,strong,grib_migration_matrix_4pop_strong.csv,0.025,10,1334022570
3735,10,1000,strong,grib_migration_matrix_4pop_strong.csv,0.025,10,1334022570
3736,11,1000,strong,grib_migration_matrix_4pop_strong.csv,0.025,10,1334022570
3737,12,1000,strong,grib_migration_matrix_4pop_strong.csv,0.025,10,1334022570
3738,13,1000,strong,grib_migration_matrix_4pop_strong.csv,0.025,10,1334022570
3739,14,1000,strong,grib_migration_matrix_4pop_strong.csv,0.025,10,1334022570
3740,15,1000,strong,grib_migration_matrix_4pop_strong.csv,0.025,10,1334022570
3741,16,1000,strong,grib_migration_matrix_4pop_strong.csv,0.025,10,1334022570
3742,17,1000,strong,grib_migration_matrix_4pop_strong.csv,0.025,10,1334022570
3743,18,1000,strong,grib_migration_matrix_4pop_strong.csv,0.025,10,1334022570
3744,19,1000,strong,grib_migration_matrix_4pop_strong.csv,0.025,10,1334022570
3745,20,1000,strong,grib_migration_matrix_4pop_strong.csv,0.025,10,1334022570
3746,21,1000,strong,grib_migration_matrix_4pop_strong.csv,0.025,10,1334022570
3747,22,1000,strong,grib_migration_matrix_4pop_strong.csv,0.025,10,1334022570
3748,23,1000,strong,grib_migration_matrix_4pop_strong.csv,0.025,10,1334022570
3749,24,1000,strong,grib_migration_matrix_4pop_strong.csv,0.025,10,1334022570
3750,25,1000,strong,grib_migration_matrix_4pop_strong.csv,0.025,10,1334022570
3751,26,1000,strong,grib_migration_matrix_4pop_strong.csv,0.025,10,1334022570
3752,27,1000,strong,grib_migration_matrix_4pop_strong.csv,0.025,10,1334022570
3753,28,1000,strong,grib_migration_matrix_4pop_strong.csv,0.025,10,1334022570
3754,29,1000,strong,grib_migration_matrix_4pop_strong.csv,0.025,10,1334022570
3755,30,1000,strong,grib_migration_matrix_4pop_strong.csv,0.025,10,1334022570
3756,31,1000,strong,grib_migration_matrix_4pop_strong.csv,0.025,10,1334022570
3757,32,1000,strong,grib_migration_matrix_4pop_strong.csv,0.025,10,1334022570
3758,33,1000,strong,grib_migration_matrix_4pop_strong.csv,0.025,10,1334022570
3759,34,1000,strong,grib_migration_matrix_4pop_strong.csv,0.025,10,1334022570
3760,35,1000,strong,grib_migration_matrix_4pop_strong.csv,0.025,10,1334022570
3761,36,1000,strong,grib_migration_matrix_4pop_strong.csv,0.025,10,1334022570
3762,37,1000,strong,grib_migration_matrix_4pop_strong.csv,0.025,10,1334022570
3763,38,1000,strong,grib_migration_matrix_4pop_strong.csv,0.025,10,1334022570
3764,39,1000,strong,grib_migration_matrix_4pop_strong.csv,0.025,10,1334022570
3765,40,1000,strong,grib_migration_matrix_4pop_strong.csv,0.025,10,1334022570
3766,41,1000,strong,grib_migration_matrix_4pop_strong.csv,0.025,10,1334022570
3767,42,1000,strong,grib_migration_matrix_4pop_strong.csv,0.025,10,1334022570
3768,43,1000,strong,grib_migration_matrix_4pop_strong.csv,0.025,10,1334022570
3769,44,1000,strong,grib_migration_matrix_4pop_strong.csv,0.025,10,1334022570
3770,45,1000,strong,grib_migration_matrix_4pop_strong.csv,0.025,10,1334022570
3771,46,1000,strong,grib_migration_matrix_4pop_strong.csv,0.025,10,1334022570
3772,47,1000,strong,grib_migration_matrix_4pop_strong.csv,0.025,10,1334022570
3773,48,1000,strong,grib_migration_matrix_4pop_strong.csv,0.025,10,1334022570
3774,49,1000,strong,grib_migration_matrix_4pop_strong.csv,0.025,10,1334022570
3775,50,1000,strong,grib_migration_matrix_4pop_strong.csv,0.025,10,1334022570
3776,51,1000,strong,grib_migration_matrix_4pop_strong.csv,0.025,10,1334022570
3777,52,1000,strong,grib_migration_matrix_4pop_strong.csv,0.025,10,1334022570
3778,53,1000,strong,grib_migration_matrix_4pop_strong.csv,0.025,10,1334022570
3779,54,1000,strong,grib_migration_matrix_4pop_strong.csv,0.025,10,1334022570
3780,55,1000,strong,grib_migration_matrix_4pop_strong.csv,0.025,10,1334022570
3781,56,1000,strong,grib_migration_matrix_4pop_strong.csv,0.025,10,1334022570
3782,57,1000,strong,grib_migration_matrix_4pop_strong.csv,0.025,10,1334022570
3783,58,1000,strong,grib_migration_matrix_4pop_strong.csv,0.025,10,1334022570
3784,59,1000,strong,grib_migration_matrix_4pop_strong.csv,0.025,10,1334022570
3785,60,1000,strong,grib_migration_matrix_4pop_strong.csv,0.025,10,1334022570
3786,61,1000,strong,grib_migration_matrix_4pop_strong.csv,0.025,10,1334022570
3787,62,1000,strong,grib_migration_matrix_4pop_strong.csv,0.025,10,1334022570
3788,63,1000,strong,grib_migration_matrix_4pop_strong.csv,0.025,10,1334022570
3789,64,1000,strong,grib_migration_matrix_4pop_strong.csv,0.025,10,1334022570
3790,65,1000,strong,grib_migration_matrix_4pop_strong.csv,0.025,10,1334022570
3791,66,1000,strong,grib_migration_matrix_4pop_strong.csv,0.025,10,1334022570
3792,67,1000,strong,grib_migration_matrix_4pop_strong.csv,0.025,10,1334022570
3793,68,1000,strong,grib_migration_matrix_4pop_strong.csv,0.025,10,1334022570
3794,69,1000,strong,grib_migration_matrix_4pop_strong.csv,0.025,10,1334022570
3795,70,1000,strong,grib_migration_matrix_4pop_strong.csv,0.025,10,1334022570
3796,71,1000,strong,grib_migration_matrix_4pop_strong.csv,0.025,10,1334022570
3797,72,1000,strong,grib_migration_matrix_4pop_strong.csv,0.025,10,1334022570
3798,73,1000,strong,grib_migration_matrix_4pop_strong.csv,0.025,10,1334022570
3799,74,1000,strong,grib_migration_matrix_4pop_strong.csv,0.025,10,1334022570
3800,75,1000,strong,grib_migration_matrix_4pop_strong.csv,0.025,10,1334022570
3801,0,1000,strong,grib_migration_matrix_4pop_strong.csv,0.05,1,1325656942
3802,1,1000,strong,grib_migration_matrix_4pop_strong.csv,0.05,1,1325656942
3803,2,1000,strong,grib_migration_matrix_4pop_strong.csv,0.05,1,1325656942
3804,3,1000,strong,grib_migration_matrix_4pop_strong.csv,0.05,1,1325656942
3805,4,1000,strong,grib_migration_matrix_4pop_strong.csv,0.05,1,1325656942
3806,5,1000,strong,grib_migration_matrix_4pop_strong.csv,0.05,1,1325656942
3807,6,1000,strong,grib_migration_matrix_4pop_strong.csv,0.05,1,1325656942
3808,7,1000,strong,grib_migration_matrix_4pop_strong.csv,0.05,1,1325656942
3809,8,1000,strong,grib_migration_matrix_4pop_strong.csv,0.05,1,1325656942
3810,9,1000,strong,grib_migration_matrix_4pop_strong.csv,0.05,1,1325656942
3811,10,1000,strong,grib_migration_matrix_4pop_strong.csv,0.05,1,1325656942
3812,11,1000,strong,grib_migration_matrix_4pop_strong.csv,0.05,1,1325656942
3813,12,1000,strong,grib_migration_matrix_4pop_strong.csv,0.05,1,1325656942
3814,13,1000,strong,grib_migration_matrix_4pop_strong.csv,0.05,1,1325656942
3815,14,1000,strong,grib_migration_matrix_4pop_strong.csv,0.05,1,1325656942
3816,15,1000,strong,grib_migration_matrix_4pop_strong.csv,0.05,1,1325656942
3817,16,1000,strong,grib_migration_matrix_4pop_strong.csv,0.05,1,1325656942
3818,17,1000,strong,grib_migration_matrix_4pop_strong.csv,0.05,1,1325656942
3819,18,1000,strong,grib_migration_matrix_4pop_strong.csv,0.05,1,1325656942
3820,19,1000,strong,grib_migration_matrix_4pop_strong.csv,0.05,1,1325656942
3821,20,1000,strong,grib_migration_matrix_4pop_strong.csv,0.05,1,1325656942
3822,21,1000,strong,grib_migration_matrix_4pop_strong.csv,0.05,1,1325656942
3823,22,1000,strong,grib_migration_matrix_4pop_strong.csv,0.05,1,1325656942
3824,23,1000,strong,grib_migration_matrix_4pop_strong.csv,0.05,1,1325656942
3825,24,1000,strong,grib_migration_matrix_4pop_strong.csv,0.05,1,1325656942
3826,25,1000,strong,grib_migration_matrix_4pop_strong.csv,0.05,1,1325656942
3827,26,1000,strong,grib_migration_matrix_4pop_strong.csv,0.05,1,1325656942
3828,27,1000,strong,grib_migration_matrix_4pop_strong.csv,0.05,1,1325656942
3829,28,1000,strong,grib_migration_matrix_4pop_strong.csv,0.05,1,1325656942
3830,29,1000,strong,grib_migration_matrix_4pop_strong.csv,0.05,1,1325656942
3831,30,1000,strong,grib_migration_matrix_4pop_strong.csv,0.05,1,1325656942
3832,31,1000,strong,grib_migration_matrix_4pop_strong.csv,0.05,1,1325656942
3833,32,1000,strong,grib_migration_matrix_4pop_strong.csv,0.05,1,1325656942
3834,33,1000,strong,grib_migration_matrix_4pop_strong.csv,0.05,1,1325656942
3835,34,1000,strong,grib_migration_matrix_4pop_strong.csv,0.05,1,1325656942
3836,35,1000,strong,grib_migration_matrix_4pop_strong.csv,0.05,1,1325656942
3837,36,1000,strong,grib_migration_matrix_4pop_strong.csv,0.05,1,1325656942
3838,37,1000,strong,grib_migration_matrix_4pop_strong.csv,0.05,1,1325656942
3839,38,1000,strong,grib_migration_matrix_4pop_strong.csv,0.05,1,1325656942
3840,39,1000,strong,grib_migration_matrix_4pop_strong.csv,0.05,1,1325656942
3841,40,1000,strong,grib_migration_matrix_4pop_strong.csv,0.05,1,1325656942
3842,41,1000,strong,grib_migration_matrix_4pop_strong.csv,0.05,1,1325656942
3843,42,1000,strong,grib_migration_matrix_4pop_strong.csv,0.05,1,1325656942
3844,43,1000,strong,grib_migration_matrix_4pop_strong.csv,0.05,1,1325656942
3845,44,1000,strong,grib_migration_matrix_4pop_strong.csv,0.05,1,1325656942
3846,45,1000,strong,grib_migration_matrix_4pop_strong.csv,0.05,1,1325656942
3847,46,1000,strong,grib_migration_matrix_4pop_strong.csv,0.05,1,1325656942
3848,47,1000,strong,grib_migration_matrix_4pop_strong.csv,0.05,1,1325656942
3849,48,1000,strong,grib_migration_matrix_4pop_strong.csv,0.05,1,1325656942
3850,49,1000,strong,grib_migration_matrix_4pop_strong.csv,0.05,1,1325656942
3851,50,1000,strong,grib_migration_matrix_4pop_strong.csv,0.05,1,1325656942
3852,51,1000,strong,grib_migration_matrix_4pop_strong.csv,0.05,1,1325656942
3853,52,1000,strong,grib_migration_matrix_4pop_strong.csv,0.05,1,1325656942
3854,53,1000,strong,grib_migration_matrix_4pop_strong.csv,0.05,1,1325656942
3855,54,1000,strong,grib_migration_matrix_4pop_strong.csv,0.05,1,1325656942
3856,55,1000,strong,grib_migration_matrix_4pop_strong.csv,0.05,1,1325656942
3857,56,1000,strong,grib_migration_matrix_4pop_strong.csv,0.05,1,1325656942
3858,57,1000,strong,grib_migration_matrix_4pop_strong.csv,0.05,1,1325656942
3859,58,1000,strong,grib_migration_matrix_4pop_strong.csv,0.05,1,1325656942
3860,59,1000,strong,grib_migration_matrix_4pop_strong.csv,0.05,1,1325656942
3861,60,1000,strong,grib_migration_matrix_4pop_strong.csv,0.05,1,1325656942
3862,61,1000,strong,grib_migration_matrix_4pop_strong.csv,0.05,1,1325656942
3863,62,1000,strong,grib_migration_matrix_4pop_strong.csv,0.05,1,1325656942
3864,63,1000,strong,grib_migration_matrix_4pop_strong.csv,0.05,1,1325656942
3865,64,1000,strong,grib_migration_matrix_4pop_strong.csv,0.05,1,1325656942
3866,65,1000,strong,grib_migration_matrix_4pop_strong.csv,0.05,1,1325656942
3867,66,1000,strong,grib_migration_matrix_4pop_strong.csv,0.05,1,1325656942
3868,67,1000,strong,grib_migration_matrix_4pop_strong.csv,0.05,1,1325656942
3869,68,1000,strong,grib_migration_matrix_4pop_strong.csv,0.05,1,1325656942
3870,69,1000,strong,grib_migration_matrix_4pop_strong.csv,0.05,1,1325656942
3871,70,1000,strong,grib_migration_matrix_4pop_strong.csv,0.05,1,1325656942
3872,71,1000,strong,grib_migration_matrix_4pop_strong.csv,0.05,1,1325656942
3873,72,1000,strong,grib_migration_matrix_4pop_strong.csv,0.05,1,1325656942
3874,73,1000,strong,grib_migration_matrix_4pop_strong.csv,0.05,1,1325656942
3875,74,1000,strong,grib_migration_matrix_4pop_strong.csv,0.05,1,1325656942
3876,75,1000,strong,grib_migration_matrix_4pop_strong.csv,0.05,1,1325656942
3877,0,1000,strong,grib_migration_matrix_4pop_strong.csv,0.05,2,1728810448
3878,1,1000,strong,grib_migration_matrix_4pop_strong.csv,0.05,2,1728810448
3879,2,1000,strong,grib_migration_matrix_4pop_strong.csv,0.05,2,1728810448
3880,3,1000,strong,grib_migration_matrix_4pop_strong.csv,0.05,2,1728810448
3881,4,1000,strong,grib_migration_matrix_4pop_strong.csv,0.05,2,1728810448
3882,5,1000,strong,grib_migration_matrix_4pop_strong.csv,0.05,2,1728810448
3883,6,1000,strong,grib_migration_matrix_4pop_strong.csv,0.05,2,1728810448
3884,7,1000,strong,grib_migration_matrix_4pop_strong.csv,0.05,2,1728810448
3885,8,1000,strong,grib_migration_matrix_4pop_strong.csv,0.05,2,1728810448
3886,9,1000,strong,grib_migration_matrix_4pop_strong.csv,0.05,2,1728810448
3887,10,1000,strong,grib_migration_matrix_4pop_strong.csv,0.05,2,1728810448
3888,11,1000,strong,grib_migration_matrix_4pop_strong.csv,0.05,2,1728810448
3889,12,1000,strong,grib_migration_matrix_4pop_strong.csv,0.05,2,1728810448
3890,13,1000,strong,grib_migration_matrix_4pop_strong.csv,0.05,2,1728810448
3891,14,1000,strong,grib_migration_matrix_4pop_strong.csv,0.05,2,1728810448
3892,15,1000,strong,grib_migration_matrix_4pop_strong.csv,0.05,2,1728810448
3893,16,1000,strong,grib_migration_matrix_4pop_strong.csv,0.05,2,1728810448
3894,17,1000,strong,grib_migration_matrix_4pop_strong.csv,0.05,2,1728810448
3895,18,1000,strong,grib_migration_matrix_4pop_strong.csv,0.05,2,1728810448
3896,19,1000,strong,grib_migration_matrix_4pop_strong.csv,0.05,2,1728810448
3897,20,1000,strong,grib_migration_matrix_4pop_strong.csv,0.05,2,1728810448
3898,21,1000,strong,grib_migration_matrix_4pop_strong.csv,0.05,2,1728810448
3899,22,1000,strong,grib_migration_matrix_4pop_strong.csv,0.05,2,1728810448
3900,23,1000,strong,grib_migration_matrix_4pop_strong.csv,0.05,2,1728810448
3901,24,1000,strong,grib_migration_matrix_4pop_strong.csv,0.05,2,1728810448
3902,25,1000,strong,grib_migration_matrix_4pop_strong.csv,0.05,2,1728810448
3903,26,1000,strong,grib_migration_matrix_4pop_strong.csv,0.05,2,1728810448
3904,27,1000,strong,grib_migration_matrix_4pop_strong.csv,0.05,2,1728810448
3905,28,1000,strong,grib_migration_matrix_4pop_strong.csv,0.05,2,1728810448
3906,29,1000,strong,grib_migration_matrix_4pop_strong.csv,0.05,2,1728810448
3907,30,1000,strong,grib_migration_matrix_4pop_strong.csv,0.05,2,1728810448
3908,31,1000,strong,grib_migration_matrix_4pop_strong.csv,0.05,2,1728810448
3909,32,1000,strong,grib_migration_matrix_4pop_strong.csv,0.05,2,1728810448
3910,33,1000,strong,grib_migration_matrix_4pop_strong.csv,0.05,2,1728810448
3911,34,1000,strong,grib_migration_matrix_4pop_strong.csv,0.05,2,1728810448
3912,35,1000,strong,grib_migration_matrix_4pop_strong.csv,0.05,2,1728810448
3913,36,1000,strong,grib_migration_matrix_4pop_strong.csv,0.05,2,1728810448
3914,37,1000,strong,grib_migration_matrix_4pop_strong.csv,0.05,2,1728810448
3915,38,1000,strong,grib_migration_matrix_4pop_strong.csv,0.05,2,1728810448
3916,39,1000,strong,grib_migration_matrix_4pop_strong.csv,0.05,2,1728810448
3917,40,1000,strong,grib_migration_matrix_4pop_strong.csv,0.05,2,1728810448
3918,41,1000,strong,grib_migration_matrix_4pop_strong.csv,0.05,2,1728810448
3919,42,1000,strong,grib_migration_matrix_4pop_strong.csv,0.05,2,1728810448
3920,43,1000,strong,grib_migration_matrix_4pop_strong.csv,0.05,2,1728810448
3921,44,1000,strong,grib_migration_matrix_4pop_strong.csv,0.05,2,1728810448
3922,45,1000,strong,grib_migration_matrix_4pop_strong.csv,0.05,2,1728810448
3923,46,1000,strong,grib_migration_matrix_4pop_strong.csv,0.05,2,1728810448
3924,47,1000,strong,grib_migration_matrix_4pop_strong.csv,0.05,2,1728810448
3925,48,1000,strong,grib_migration_matrix_4pop_strong.csv,0.05,2,1728810448
3926,49,1000,strong,grib_migration_matrix_4pop_strong.csv,0.05,2,1728810448
3927,50,1000,strong,grib_migration_matrix_4pop_strong.csv,0.05,2,1728810448
3928,51,1000,strong,grib_migration_matrix_4pop_strong.csv,0.05,2,1728810448
3929,52,1000,strong,grib_migration_matrix_4pop_strong.csv,0.05,2,1728810448
3930,53,1000,strong,grib_migration_matrix_4pop_strong.csv,0.05,2,1728810448
3931,54,1000,strong,grib_migration_matrix_4pop_strong.csv,0.05,2,1728810448
3932,55,1000,strong,grib_migration_matrix_4pop_strong.csv,0.05,2,1728810448
3933,56,1000,strong,grib_migration_matrix_4pop_strong.csv,0.05,2,1728810448
3934,57,1000,strong,grib_migration_matrix_4pop_strong.csv,0.05,2,1728810448
3935,58,1000,strong,grib_migration_matrix_4pop_strong.csv,0.05,2,1728810448
3936,59,1000,strong,grib_migration_matrix_4pop_strong.csv,0.05,2,1728810448
3937,60,1000,strong,grib_migration_matrix_4pop_strong.csv,0.05,2,1728810448
3938,61,1000,strong,grib_migration_matrix_4pop_strong.csv,0.05,2,1728810448
3939,62,1000,strong,grib_migration_matrix_4pop_strong.csv,0.05,2,1728810448
3940,63,1000,strong,grib_migration_matrix_4pop_strong.csv,0.05,2,1728810448
3941,64,1000,strong,grib_migration_matrix_4pop_strong.csv,0.05,2,1728810448
3942,65,1000,strong,grib_migration_matrix_4pop_strong.csv,0.05,2,1728810448
3943,66,1000,strong,grib_migration_matrix_4pop_strong.csv,0.05,2,1728810448
3944,67,1000,strong,grib_migration_matrix_4pop_strong.csv,0.05,2,1728810448
3945,68,1000,strong,grib_migration_matrix_4pop_strong.csv,0.05,2,1728810448
3946,69,1000,strong,grib_migration_matrix_4pop_strong.csv,0.05,2,1728810448
3947,70,1000,strong,grib_migration_matrix_4pop_strong.csv,0.05,2,1728810448
3948,71,1000,strong,grib_migration_matrix_4pop_strong.csv,0.05,2,1728810448
3949,72,1000,strong,grib_migration_matrix_4pop_strong.csv,0.05,2,1728810448
3950,73,1000,strong,grib_migration_matrix_4pop_strong.csv,0.05,2,1728810448
3951,74,1000,strong,grib_migration_matrix_4pop_strong.csv,0.05,2,1728810448
3952,75,1000,strong,grib_migration_matrix_4pop_strong.csv,0.05,2,1728810448
3953,0,1000,strong,grib_migration_matrix_4pop_strong.csv,0.05,3,1628010046
3954,1,1000,strong,grib_migration_matrix_4pop_strong.csv,0.05,3,1628010046
3955,2,1000,strong,grib_migration_matrix_4pop_strong.csv,0.05,3,1628010046
3956,3,1000,strong,grib_migration_matrix_4pop_strong.csv,0.05,3,1628010046
3957,4,1000,strong,grib_migration_matrix_4pop_strong.csv,0.05,3,1628010046
3958,5,1000,strong,grib_migration_matrix_4pop_strong.csv,0.05,3,1628010046
3959,6,1000,strong,grib_migration_matrix_4pop_strong.csv,0.05,3,1628010046
3960,7,1000,strong,grib_migration_matrix_4pop_strong.csv,0.05,3,1628010046
3961,8,1000,strong,grib_migration_matrix_4pop_strong.csv,0.05,3,1628010046
3962,9,1000,strong,grib_migration_matrix_4pop_strong.csv,0.05,3,1628010046
3963,10,1000,strong,grib_migration_matrix_4pop_strong.csv,0.05,3,1628010046
3964,11,1000,strong,grib_migration_matrix_4pop_strong.csv,0.05,3,1628010046
3965,12,1000,strong,grib_migration_matrix_4pop_strong.csv,0.05,3,1628010046
3966,13,1000,strong,grib_migration_matrix_4pop_strong.csv,0.05,3,1628010046
3967,14,1000,strong,grib_migration_matrix_4pop_strong.csv,0.05,3,1628010046
3968,15,1000,strong,grib_migration_matrix_4pop_strong.csv,0.05,3,1628010046
3969,16,1000,strong,grib_migration_matrix_4pop_strong.csv,0.05,3,1628010046
3970,17,1000,strong,grib_migration_matrix_4pop_strong.csv,0.05,3,1628010046
3971,18,1000,strong,grib_migration_matrix_4pop_strong.csv,0.05,3,1628010046
3972,19,1000,strong,grib_migration_matrix_4pop_strong.csv,0.05,3,1628010046
3973,20,1000,strong,grib_migration_matrix_4pop_strong.csv,0.05,3,1628010046
3974,21,1000,strong,grib_migration_matrix_4pop_strong.csv,0.05,3,1628010046
3975,22,1000,strong,grib_migration_matrix_4pop_strong.csv,0.05,3,1628010046
3976,23,1000,strong,grib_migration_matrix_4pop_strong.csv,0.05,3,1628010046
3977,24,1000,strong,grib_migration_matrix_4pop_strong.csv,0.05,3,1628010046
3978,25,1000,strong,grib_migration_matrix_4pop_strong.csv,0.05,3,1628010046
3979,26,1000,strong,grib_migration_matrix_4pop_strong.csv,0.05,3,1628010046
3980,27,1000,strong,grib_migration_matrix_4pop_strong.csv,0.05,3,1628010046
3981,28,1000,strong,grib_migration_matrix_4pop_strong.csv,0.05,3,1628010046
3982,29,1000,strong,grib_migration_matrix_4pop_strong.csv,0.05,3,1628010046
3983,30,1000,strong,grib_migration_matrix_4pop_strong.csv,0.05,3,1628010046
3984,31,1000,strong,grib_migration_matrix_4pop_strong.csv,0.05,3,1628010046
3985,32,1000,strong,grib_migration_matrix_4pop_strong.csv,0.05,3,1628010046
3986,33,1000,strong,grib_migration_matrix_4pop_strong.csv,0.05,3,1628010046
3987,34,1000,strong,grib_migration_matrix_4pop_strong.csv,0.05,3,1628010046
3988,35,1000,strong,grib_migration_matrix_4pop_strong.csv,0.05,3,1628010046
3989,36,1000,strong,grib_migration_matrix_4pop_strong.csv,0.05,3,1628010046
3990,37,1000,strong,grib_migration_matrix_4pop_strong.csv,0.05,3,1628010046
3991,38,1000,strong,grib_migration_matrix_4pop_strong.csv,0.05,3,1628010046
3992,39,1000,strong,grib_migration_matrix_4pop_strong.csv,0.05,3,1628010046
3993,40,1000,strong,grib_migration_matrix_4pop_strong.csv,0.05,3,1628010046
3994,41,1000,strong,grib_migration_matrix_4pop_strong.csv,0.05,3,1628010046
3995,42,1000,strong,grib_migration_matrix_4pop_strong.csv,0.05,3,1628010046
3996,43,1000,strong,grib_migration_matrix_4pop_strong.csv,0.05,3,1628010046
3997,44,1000,strong,grib_migration_matrix_4pop_strong.csv,0.05,3,1628010046
3998,45,1000,strong,grib_migration_matrix_4pop_strong.csv,0.05,3,1628010046
3999,46,1000,strong,grib_migration_matrix_4pop_strong.csv,0.05,3,1628010046
4000,47,1000,strong,grib_migration_matrix_4pop_strong.csv,0.05,3,1628010046
4001,48,1000,strong,grib_migration_matrix_4pop_strong.csv,0.05,3,1628010046
4002,49,1000,strong,grib_migration_matrix_4pop_strong.csv,0.05,3,1628010046
4003,50,1000,strong,grib_migration_matrix_4pop_strong.csv,0.05,3,1628010046
4004,51,1000,strong,grib_migration_matrix_4pop_strong.csv,0.05,3,1628010046
4005,52,1000,strong,grib_migration_matrix_4pop_strong.csv,0.05,3,1628010046
4006,53,1000,strong,grib_migration_matrix_4pop_strong.csv,0.05,3,1628010046
4007,54,1000,strong,grib_migration_matrix_4pop_strong.csv,0.05,3,1628010046
4008,55,1000,strong,grib_migration_matrix_4pop_strong.csv,0.05,3,1628010046
4009,56,1000,strong,grib_migration_matrix_4pop_strong.csv,0.05,3,1628010046
4010,57,1000,strong,grib_migration_matrix_4pop_strong.csv,0.05,3,1628010046
4011,58,1000,strong,grib_migration_matrix_4pop_strong.csv,0.05,3,1628010046
4012,59,1000,strong,grib_migration_matrix_4pop_strong.csv,0.05,3,1628010046
4013,60,1000,strong,grib_migration_matrix_4pop_strong.csv,0.05,3,1628010046
4014,61,1000,strong,grib_migration_matrix_4pop_strong.csv,0.05,3,1628010046
4015,62,1000,strong,grib_migration_matrix_4pop_strong.csv,0.05,3,1628010046
4016,63,1000,strong,grib_migration_matrix_4pop_strong.csv,0.05,3,1628010046
4017,64,1000,strong,grib_migration_matrix_4pop_strong.csv,0.05,3,1628010046
4018,65,1000,strong,grib_migration_matrix_4pop_strong.csv,0.05,3,1628010046
4019,66,1000,strong,grib_migration_matrix_4pop_strong.csv,0.05,3,1628010046
4020,67,1000,strong,grib_migration_matrix_4pop_strong.csv,0.05,3,1628010046
4021,68,1000,strong,grib_migration_matrix_4pop_strong.csv,0.05,3,1628010046
4022,69,1000,strong,grib_migration_matrix_4pop_strong.csv,0.05,3,1628010046
4023,70,1000,strong,grib_migration_matrix_4pop_strong.csv,0.05,3,1628010046
4024,71,1000,strong,grib_migration_matrix_4pop_strong.csv,0.05,3,1628010046
4025,72,1000,strong,grib_migration_matrix_4pop_strong.csv,0.05,3,1628010046
4026,73,1000,strong,grib_migration_matrix_4pop_strong.csv,0.05,3,1628010046
4027,74,1000,strong,grib_migration_matrix_4pop_strong.csv,0.05,3,1628010046
4028,75,1000,strong,grib_migration_matrix_4pop_strong.csv,0.05,3,1628010046
4029,0,1000,strong,grib_migration_matrix_4pop_strong.csv,0.05,4,1896375325
4030,1,1000,strong,grib_migration_matrix_4pop_strong.csv,0.05,4,1896375325
4031,2,1000,strong,grib_migration_matrix_4pop_strong.csv,0.05,4,1896375325
4032,3,1000,strong,grib_migration_matrix_4pop_strong.csv,0.05,4,1896375325
4033,4,1000,strong,grib_migration_matrix_4pop_strong.csv,0.05,4,1896375325
4034,5,1000,strong,grib_migration_matrix_4pop_strong.csv,0.05,4,1896375325
4035,6,1000,strong,grib_migration_matrix_4pop_strong.csv,0.05,4,1896375325
4036,7,1000,strong,grib_migration_matrix_4pop_strong.csv,0.05,4,1896375325
4037,8,1000,strong,grib_migration_matrix_4pop_strong.csv,0.05,4,1896375325
4038,9,1000,strong,grib_migration_matrix_4pop_strong.csv,0.05,4,1896375325
4039,10,1000,strong,grib_migration_matrix_4pop_strong.csv,0.05,4,1896375325
4040,11,1000,strong,grib_migration_matrix_4pop_strong.csv,0.05,4,1896375325
4041,12,1000,strong,grib_migration_matrix_4pop_strong.csv,0.05,4,1896375325
4042,13,1000,strong,grib_migration_matrix_4pop_strong.csv,0.05,4,1896375325
4043,14,1000,strong,grib_migration_matrix_4pop_strong.csv,0.05,4,1896375325
4044,15,1000,strong,grib_migration_matrix_4pop_strong.csv,0.05,4,1896375325
4045,16,1000,strong,grib_migration_matrix_4pop_strong.csv,0.05,4,1896375325
4046,17,1000,strong,grib_migration_matrix_4pop_strong.csv,0.05,4,1896375325
4047,18,1000,strong,grib_migration_matrix_4pop_strong.csv,0.05,4,1896375325
4048,19,1000,strong,grib_migration_matrix_4pop_strong.csv,0.05,4,1896375325
4049,20,1000,strong,grib_migration_matrix_4pop_strong.csv,0.05,4,1896375325
4050,21,1000,strong,grib_migration_matrix_4pop_strong.csv,0.05,4,1896375325
4051,22,1000,strong,grib_migration_matrix_4pop_strong.csv,0.05,4,1896375325
4052,23,1000,strong,grib_migration_matrix_4pop_strong.csv,0.05,4,1896375325
4053,24,1000,strong,grib_migration_matrix_4pop_strong.csv,0.05,4,1896375325
4054,25,1000,strong,grib_migration_matrix_4pop_strong.csv,0.05,4,1896375325
4055,26,1000,strong,grib_migration_matrix_4pop_strong.csv,0.05,4,1896375325
4056,27,1000,strong,grib_migration_matrix_4pop_strong.csv,0.05,4,1896375325
4057,28,1000,strong,grib_migration_matrix_4pop_strong.csv,0.05,4,1896375325
4058,29,1000,strong,grib_migration_matrix_4pop_strong.csv,0.05,4,1896375325
4059,30,1000,strong,grib_migration_matrix_4pop_strong.csv,0.05,4,1896375325
4060,31,1000,strong,grib_migration_matrix_4pop_strong.csv,0.05,4,1896375325
4061,32,1000,strong,grib_migration_matrix_4pop_strong.csv,0.05,4,1896375325
4062,33,1000,strong,grib_migration_matrix_4pop_strong.csv,0.05,4,1896375325
4063,34,1000,strong,grib_migration_matrix_4pop_strong.csv,0.05,4,1896375325
4064,35,1000,strong,grib_migration_matrix_4pop_strong.csv,0.05,4,1896375325
4065,36,1000,strong,grib_migration_matrix_4pop_strong.csv,0.05,4,1896375325
4066,37,1000,strong,grib_migration_matrix_4pop_strong.csv,0.05,4,1896375325
4067,38,1000,strong,grib_migration_matrix_4pop_strong.csv,0.05,4,1896375325
4068,39,1000,strong,grib_migration_matrix_4pop_strong.csv,0.05,4,1896375325
4069,40,1000,strong,grib_migration_matrix_4pop_strong.csv,0.05,4,1896375325
4070,41,1000,strong,grib_migration_matrix_4pop_strong.csv,0.05,4,1896375325
4071,42,1000,strong,grib_migration_matrix_4pop_strong.csv,0.05,4,1896375325
4072,43,1000,strong,grib_migration_matrix_4pop_strong.csv,0.05,4,1896375325
4073,44,1000,strong,grib_migration_matrix_4pop_strong.csv,0.05,4,1896375325
4074,45,1000,strong,grib_migration_matrix_4pop_strong.csv,0.05,4,1896375325
4075,46,1000,strong,grib_migration_matrix_4pop_strong.csv,0.05,4,1896375325
4076,47,1000,strong,grib_migration_matrix_4pop_strong.csv,0.05,4,1896375325
4077,48,1000,strong,grib_migration_matrix_4pop_strong.csv,0.05,4,1896375325
4078,49,1000,strong,grib_migration_matrix_4pop_strong.csv,0.05,4,1896375325
4079,50,1000,strong,grib_migration_matrix_4pop_strong.csv,0.05,4,1896375325
4080,51,1000,strong,grib_migration_matrix_4pop_strong.csv,0.05,4,1896375325
4081,52,1000,strong,grib_migration_matrix_4pop_strong.csv,0.05,4,1896375325
4082,53,1000,strong,grib_migration_matrix_4pop_strong.csv,0.05,4,1896375325
4083,54,1000,strong,grib_migration_matrix_4pop_strong.csv,0.05,4,1896375325
4084,55,1000,strong,grib_migration_matrix_4pop_strong.csv,0.05,4,1896375325
4085,56,1000,strong,grib_migration_matrix_4pop_strong.csv,0.05,4,1896375325
4086,57,1000,strong,grib_migration_matrix_4pop_strong.csv,0.05,4,1896375325
4087,58,1000,strong,grib_migration_matrix_4pop_strong.csv,0.05,4,1896375325
4088,59,1000,strong,grib_migration_matrix_4pop_strong.csv,0.05,4,1896375325
4089,60,1000,strong,grib_migration_matrix_4pop_strong.csv,0.05,4,1896375325
4090,61,1000,strong,grib_migration_matrix_4pop_strong.csv,0.05,4,1896375325
4091,62,1000,strong,grib_migration_matrix_4pop_strong.csv,0.05,4,1896375325
4092,63,1000,strong,grib_migration_matrix_4pop_strong.csv,0.05,4,1896375325
4093,64,1000,strong,grib_migration_matrix_4pop_strong.csv,0.05,4,1896375325
4094,65,1000,strong,grib_migration_matrix_4pop_strong.csv,0.05,4,1896375325
4095,66,1000,strong,grib_migration_matrix_4pop_strong.csv,0.05,4,1896375325
4096,67,1000,strong,grib_migration_matrix_4pop_strong.csv,0.05,4,1896375325
4097,68,1000,strong,grib_migration_matrix_4pop_strong.csv,0.05,4,1896375325
4098,69,1000,strong,grib_migration_matrix_4pop_strong.csv,0.05,4,1896375325
4099,70,1000,strong,grib_migration_matrix_4pop_strong.csv,0.05,4,1896375325
4100,71,1000,strong,grib_migration_matrix_4pop_strong.csv,0.05,4,1896375325
4101,72,1000,strong,grib_migration_matrix_4pop_strong.csv,0.05,4,1896375325
4102,73,1000,strong,grib_migration_matrix_4pop_strong.csv,0.05,4,1896375325
4103,74,1000,strong,grib_migration_matrix_4pop_strong.csv,0.05,4,1896375325
4104,75,1000,strong,grib_migration_matrix_4pop_strong.csv,0.05,4,1896375325
4105,0,1000,strong,grib_migration_matrix_4pop_strong.csv,0.05,5,125609974
4106,1,1000,strong,grib_migration_matrix_4pop_strong.csv,0.05,5,125609974
4107,2,1000,strong,grib_migration_matrix_4pop_strong.csv,0.05,5,125609974
4108,3,1000,strong,grib_migration_matrix_4pop_strong.csv,0.05,5,125609974
4109,4,1000,strong,grib_migration_matrix_4pop_strong.csv,0.05,5,125609974
4110,5,1000,strong,grib_migration_matrix_4pop_strong.csv,0.05,5,125609974
4111,6,1000,strong,grib_migration_matrix_4pop_strong.csv,0.05,5,125609974
4112,7,1000,strong,grib_migration_matrix_4pop_strong.csv,0.05,5,125609974
4113,8,1000,strong,grib_migration_matrix_4pop_strong.csv,0.05,5,125609974
4114,9,1000,strong,grib_migration_matrix_4pop_strong.csv,0.05,5,125609974
4115,10,1000,strong,grib_migration_matrix_4pop_strong.csv,0.05,5,125609974
4116,11,1000,strong,grib_migration_matrix_4pop_strong.csv,0.05,5,125609974
4117,12,1000,strong,grib_migration_matrix_4pop_strong.csv,0.05,5,125609974
4118,13,1000,strong,grib_migration_matrix_4pop_strong.csv,0.05,5,125609974
4119,14,1000,strong,grib_migration_matrix_4pop_strong.csv,0.05,5,125609974
4120,15,1000,strong,grib_migration_matrix_4pop_strong.csv,0.05,5,125609974
4121,16,1000,strong,grib_migration_matrix_4pop_strong.csv,0.05,5,125609974
4122,17,1000,strong,grib_migration_matrix_4pop_strong.csv,0.05,5,125609974
4123,18,1000,strong,grib_migration_matrix_4pop_strong.csv,0.05,5,125609974
4124,19,1000,strong,grib_migration_matrix_4pop_strong.csv,0.05,5,125609974
4125,20,1000,strong,grib_migration_matrix_4pop_strong.csv,0.05,5,125609974
4126,21,1000,strong,grib_migration_matrix_4pop_strong.csv,0.05,5,125609974
4127,22,1000,strong,grib_migration_matrix_4pop_strong.csv,0.05,5,125609974
4128,23,1000,strong,grib_migration_matrix_4pop_strong.csv,0.05,5,125609974
4129,24,1000,strong,grib_migration_matrix_4pop_strong.csv,0.05,5,125609974
4130,25,1000,strong,grib_migration_matrix_4pop_strong.csv,0.05,5,125609974
4131,26,1000,strong,grib_migration_matrix_4pop_strong.csv,0.05,5,125609974
4132,27,1000,strong,grib_migration_matrix_4pop_strong.csv,0.05,5,125609974
4133,28,1000,strong,grib_migration_matrix_4pop_strong.csv,0.05,5,125609974
4134,29,1000,strong,grib_migration_matrix_4pop_strong.csv,0.05,5,125609974
4135,30,1000,strong,grib_migration_matrix_4pop_strong.csv,0.05,5,125609974
4136,31,1000,strong,grib_migration_matrix_4pop_strong.csv,0.05,5,125609974
4137,32,1000,strong,grib_migration_matrix_4pop_strong.csv,0.05,5,125609974
4138,33,1000,strong,grib_migration_matrix_4pop_strong.csv,0.05,5,125609974
4139,34,1000,strong,grib_migration_matrix_4pop_strong.csv,0.05,5,125609974
4140,35,1000,strong,grib_migration_matrix_4pop_strong.csv,0.05,5,125609974
4141,36,1000,strong,grib_migration_matrix_4pop_strong.csv,0.05,5,125609974
4142,37,1000,strong,grib_migration_matrix_4pop_strong.csv,0.05,5,125609974
4143,38,1000,strong,grib_migration_matrix_4pop_strong.csv,0.05,5,125609974
4144,39,1000,strong,grib_migration_matrix_4pop_strong.csv,0.05,5,125609974
4145,40,1000,strong,grib_migration_matrix_4pop_strong.csv,0.05,5,125609974
4146,41,1000,strong,grib_migration_matrix_4pop_strong.csv,0.05,5,125609974
4147,42,1000,strong,grib_migration_matrix_4pop_strong.csv,0.05,5,125609974
4148,43,1000,strong,grib_migration_matrix_4pop_strong.csv,0.05,5,125609974
4149,44,1000,strong,grib_migration_matrix_4pop_strong.csv,0.05,5,125609974
4150,45,1000,strong,grib_migration_matrix_4pop_strong.csv,0.05,5,125609974
4151,46,1000,strong,grib_migration_matrix_4pop_strong.csv,0.05,5,125609974
4152,47,1000,strong,grib_migration_matrix_4pop_strong.csv,0.05,5,125609974
4153,48,1000,strong,grib_migration_matrix_4pop_strong.csv,0.05,5,125609974
4154,49,1000,strong,grib_migration_matrix_4pop_strong.csv,0.05,5,125609974
4155,50,1000,strong,grib_migration_matrix_4pop_strong.csv,0.05,5,125609974
4156,51,1000,strong,grib_migration_matrix_4pop_strong.csv,0.05,5,125609974
4157,52,1000,strong,grib_migration_matrix_4pop_strong.csv,0.05,5,125609974
4158,53,1000,strong,grib_migration_matrix_4pop_strong.csv,0.05,5,125609974
4159,54,1000,strong,grib_migration_matrix_4pop_strong.csv,0.05,5,125609974
4160,55,1000,strong,grib_migration_matrix_4pop_strong.csv,0.05,5,125609974
4161,56,1000,strong,grib_migration_matrix_4pop_strong.csv,0.05,5,125609974
4162,57,1000,strong,grib_migration_matrix_4pop_strong.csv,0.05,5,125609974
4163,58,1000,strong,grib_migration_matrix_4pop_strong.csv,0.05,5,125609974
4164,59,1000,strong,grib_migration_matrix_4pop_strong.csv,0.05,5,125609974
4165,60,1000,strong,grib_migration_matrix_4pop_strong.csv,0.05,5,125609974
4166,61,1000,strong,grib_migration_matrix_4pop_strong.csv,0.05,5,125609974
4167,62,1000,strong,grib_migration_matrix_4pop_strong.csv,0.05,5,125609974
4168,63,1000,strong,grib_migration_matrix_4pop_strong.csv,0.05,5,125609974
4169,64,1000,strong,grib_migration_matrix_4pop_strong.csv,0.05,5,125609974
4170,65,1000,strong,grib_migration_matrix_4pop_strong.csv,0.05,5,125609974
4171,66,1000,strong,grib_migration_matrix_4pop_strong.csv,0.05,5,125609974
4172,67,1000,strong,grib_migration_matrix_4pop_strong.csv,0.05,5,125609974
4173,68,1000,strong,grib_migration_matrix_4pop_strong.csv,0.05,5,125609974
4174,69,1000,strong,grib_migration_matrix_4pop_strong.csv,0.05,5,125609974
4175,70,1000,strong,grib_migration_matrix_4pop_strong.csv,0.05,5,125609974
4176,71,1000,strong,grib_migration_matrix_4pop_strong.csv,0.05,5,125609974
4177,72,1000,strong,grib_migration_matrix_4pop_strong.csv,0.05,5,125609974
4178,73,1000,strong,grib_migration_matrix_4pop_strong.csv,0.05,5,125609974
4179,74,1000,strong,grib_migration_matrix_4pop_strong.csv,0.05,5,125609974
4180,75,1000,strong,grib_migration_matrix_4pop_strong.csv,0.05,5,125609974
4181,0,1000,strong,grib_migration_matrix_4pop_strong.csv,0.05,6,516176758
4182,1,1000,strong,grib_migration_matrix_4pop_strong.csv,0.05,6,516176758
4183,2,1000,strong,grib_migration_matrix_4pop_strong.csv,0.05,6,516176758
4184,3,1000,strong,grib_migration_matrix_4pop_strong.csv,0.05,6,516176758
4185,4,1000,strong,grib_migration_matrix_4pop_strong.csv,0.05,6,516176758
4186,5,1000,strong,grib_migration_matrix_4pop_strong.csv,0.05,6,516176758
4187,6,1000,strong,grib_migration_matrix_4pop_strong.csv,0.05,6,516176758
4188,7,1000,strong,grib_migration_matrix_4pop_strong.csv,0.05,6,516176758
4189,8,1000,strong,grib_migration_matrix_4pop_strong.csv,0.05,6,516176758
4190,9,1000,strong,grib_migration_matrix_4pop_strong.csv,0.05,6,516176758
4191,10,1000,strong,grib_migration_matrix_4pop_strong.csv,0.05,6,516176758
4192,11,1000,strong,grib_migration_matrix_4pop_strong.csv,0.05,6,516176758
4193,12,1000,strong,grib_migration_matrix_4pop_strong.csv,0.05,6,516176758
4194,13,1000,strong,grib_migration_matrix_4pop_strong.csv,0.05,6,516176758
4195,14,1000,strong,grib_migration_matrix_4pop_strong.csv,0.05,6,516176758
4196,15,1000,strong,grib_migration_matrix_4pop_strong.csv,0.05,6,516176758
4197,16,1000,strong,grib_migration_matrix_4pop_strong.csv,0.05,6,516176758
4198,17,1000,strong,grib_migration_matrix_4pop_strong.csv,0.05,6,516176758
4199,18,1000,strong,grib_migration_matrix_4pop_strong.csv,0.05,6,516176758
4200,19,1000,strong,grib_migration_matrix_4pop_strong.csv,0.05,6,516176758
4201,20,1000,strong,grib_migration_matrix_4pop_strong.csv,0.05,6,516176758
4202,21,1000,strong,grib_migration_matrix_4pop_strong.csv,0.05,6,516176758
4203,22,1000,strong,grib_migration_matrix_4pop_strong.csv,0.05,6,516176758
4204,23,1000,strong,grib_migration_matrix_4pop_strong.csv,0.05,6,516176758
4205,24,1000,strong,grib_migration_matrix_4pop_strong.csv,0.05,6,516176758
4206,25,1000,strong,grib_migration_matrix_4pop_strong.csv,0.05,6,516176758
4207,26,1000,strong,grib_migration_matrix_4pop_strong.csv,0.05,6,516176758
4208,27,1000,strong,grib_migration_matrix_4pop_strong.csv,0.05,6,516176758
4209,28,1000,strong,grib_migration_matrix_4pop_strong.csv,0.05,6,516176758
4210,29,1000,strong,grib_migration_matrix_4pop_strong.csv,0.05,6,516176758
4211,30,1000,strong,grib_migration_matrix_4pop_strong.csv,0.05,6,516176758
4212,31,1000,strong,grib_migration_matrix_4pop_strong.csv,0.05,6,516176758
4213,32,1000,strong,grib_migration_matrix_4pop_strong.csv,0.05,6,516176758
4214,33,1000,strong,grib_migration_matrix_4pop_strong.csv,0.05,6,516176758
4215,34,1000,strong,grib_migration_matrix_4pop_strong.csv,0.05,6,516176758
4216,35,1000,strong,grib_migration_matrix_4pop_strong.csv,0.05,6,516176758
4217,36,1000,strong,grib_migration_matrix_4pop_strong.csv,0.05,6,516176758
4218,37,1000,strong,grib_migration_matrix_4pop_strong.csv,0.05,6,516176758
4219,38,1000,strong,grib_migration_matrix_4pop_strong.csv,0.05,6,516176758
4220,39,1000,strong,grib_migration_matrix_4pop_strong.csv,0.05,6,516176758
4221,40,1000,strong,grib_migration_matrix_4pop_strong.csv,0.05,6,516176758
4222,41,1000,strong,grib_migration_matrix_4pop_strong.csv,0.05,6,516176758
4223,42,1000,strong,grib_migration_matrix_4pop_strong.csv,0.05,6,516176758
4224,43,1000,strong,grib_migration_matrix_4pop_strong.csv,0.05,6,516176758
4225,44,1000,strong,grib_migration_matrix_4pop_strong.csv,0.05,6,516176758
4226,45,1000,strong,grib_migration_matrix_4pop_strong.csv,0.05,6,516176758
4227,46,1000,strong,grib_migration_matrix_4pop_strong.csv,0.05,6,516176758
4228,47,1000,strong,grib_migration_matrix_4pop_strong.csv,0.05,6,516176758
4229,48,1000,strong,grib_migration_matrix_4pop_strong.csv,0.05,6,516176758
4230,49,1000,strong,grib_migration_matrix_4pop_strong.csv,0.05,6,516176758
4231,50,1000,strong,grib_migration_matrix_4pop_strong.csv,0.05,6,516176758
4232,51,1000,strong,grib_migration_matrix_4pop_strong.csv,0.05,6,516176758
4233,52,1000,strong,grib_migration_matrix_4pop_strong.csv,0.05,6,516176758
4234,53,1000,strong,grib_migration_matrix_4pop_strong.csv,0.05,6,516176758
4235,54,1000,strong,grib_migration_matrix_4pop_strong.csv,0.05,6,516176758
4236,55,1000,strong,grib_migration_matrix_4pop_strong.csv,0.05,6,516176758
4237,56,1000,strong,grib_migration_matrix_4pop_strong.csv,0.05,6,516176758
4238,57,1000,strong,grib_migration_matrix_4pop_strong.csv,0.05,6,516176758
4239,58,1000,strong,grib_migration_matrix_4pop_strong.csv,0.05,6,516176758
4240,59,1000,strong,grib_migration_matrix_4pop_strong.csv,0.05,6,516176758
4241,60,1000,strong,grib_migration_matrix_4pop_strong.csv,0.05,6,516176758
4242,61,1000,strong,grib_migration_matrix_4pop_strong.csv,0.05,6,516176758
4243,62,1000,strong,grib_migration_matrix_4pop_strong.csv,0.05,6,516176758
4244,63,1000,strong,grib_migration_matrix_4pop_strong.csv,0.05,6,516176758
4245,64,1000,strong,grib_migration_matrix_4pop_strong.csv,0.05,6,516176758
4246,65,1000,strong,grib_migration_matrix_4pop_strong.csv,0.05,6,516176758
4247,66,1000,strong,grib_migration_matrix_4pop_strong.csv,0.05,6,516176758
4248,67,1000,strong,grib_migration_matrix_4pop_strong.csv,0.05,6,516176758
4249,68,1000,strong,grib_migration_matrix_4pop_strong.csv,0.05,6,516176758
4250,69,1000,strong,grib_migration_matrix_4pop_strong.csv,0.05,6,516176758
4251,70,1000,strong,grib_migration_matrix_4pop_strong.csv,0.05,6,516176758
4252,71,1000,strong,grib_migration_matrix_4pop_strong.csv,0.05,6,516176758
4253,72,1000,strong,grib_migration_matrix_4pop_strong.csv,0.05,6,516176758
4254,73,1000,strong,grib_migration_matrix_4pop_strong.csv,0.05,6,516176758
4255,74,1000,strong,grib_migration_matrix_4pop_strong.csv,0.05,6,516176758
4256,75,1000,strong,grib_migration_matrix_4pop_strong.csv,0.05,6,516176758
4257,0,1000,strong,grib_migration_matrix_4pop_strong.csv,0.05,7,537372085
4258,1,1000,strong,grib_migration_matrix_4pop_strong.csv,0.05,7,537372085
4259,2,1000,strong,grib_migration_matrix_4pop_strong.csv,0.05,7,537372085
4260,3,1000,strong,grib_migration_matrix_4pop_strong.csv,0.05,7,537372085
4261,4,1000,strong,grib_migration_matrix_4pop_strong.csv,0.05,7,537372085
4262,5,1000,strong,grib_migration_matrix_4pop_strong.csv,0.05,7,537372085
4263,6,1000,strong,grib_migration_matrix_4pop_strong.csv,0.05,7,537372085
4264,7,1000,strong,grib_migration_matrix_4pop_strong.csv,0.05,7,537372085
4265,8,1000,strong,grib_migration_matrix_4pop_strong.csv,0.05,7,537372085
4266,9,1000,strong,grib_migration_matrix_4pop_strong.csv,0.05,7,537372085
4267,10,1000,strong,grib_migration_matrix_4pop_strong.csv,0.05,7,537372085
4268,11,1000,strong,grib_migration_matrix_4pop_strong.csv,0.05,7,537372085
4269,12,1000,strong,grib_migration_matrix_4pop_strong.csv,0.05,7,537372085
4270,13,1000,strong,grib_migration_matrix_4pop_strong.csv,0.05,7,537372085
4271,14,1000,strong,grib_migration_matrix_4pop_strong.csv,0.05,7,537372085
4272,15,1000,strong,grib_migration_matrix_4pop_strong.csv,0.05,7,537372085
4273,16,1000,strong,grib_migration_matrix_4pop_strong.csv,0.05,7,537372085
4274,17,1000,strong,grib_migration_matrix_4pop_strong.csv,0.05,7,537372085
4275,18,1000,strong,grib_migration_matrix_4pop_strong.csv,0.05,7,537372085
4276,19,1000,strong,grib_migration_matrix_4pop_strong.csv,0.05,7,537372085
4277,20,1000,strong,grib_migration_matrix_4pop_strong.csv,0.05,7,537372085
4278,21,1000,strong,grib_migration_matrix_4pop_strong.csv,0.05,7,537372085
4279,22,1000,strong,grib_migration_matrix_4pop_strong.csv,0.05,7,537372085
4280,23,1000,strong,grib_migration_matrix_4pop_strong.csv,0.05,7,537372085
4281,24,1000,strong,grib_migration_matrix_4pop_strong.csv,0.05,7,537372085
4282,25,1000,strong,grib_migration_matrix_4pop_strong.csv,0.05,7,537372085
4283,26,1000,strong,grib_migration_matrix_4pop_strong.csv,0.05,7,537372085
4284,27,1000,strong,grib_migration_matrix_4pop_strong.csv,0.05,7,537372085
4285,28,1000,strong,grib_migration_matrix_4pop_strong.csv,0.05,7,537372085
4286,29,1000,strong,grib_migration_matrix_4pop_strong.csv,0.05,7,537372085
4287,30,1000,strong,grib_migration_matrix_4pop_strong.csv,0.05,7,537372085
4288,31,1000,strong,grib_migration_matrix_4pop_strong.csv,0.05,7,537372085
4289,32,1000,strong,grib_migration_matrix_4pop_strong.csv,0.05,7,537372085
4290,33,1000,strong,grib_migration_matrix_4pop_strong.csv,0.05,7,537372085
4291,34,1000,strong,grib_migration_matrix_4pop_strong.csv,0.05,7,537372085
4292,35,1000,strong,grib_migration_matrix_4pop_strong.csv,0.05,7,537372085
4293,36,1000,strong,grib_migration_matrix_4pop_strong.csv,0.05,7,537372085
4294,37,1000,strong,grib_migration_matrix_4pop_strong.csv,0.05,7,537372085
4295,38,1000,strong,grib_migration_matrix_4pop_strong.csv,0.05,7,537372085
4296,39,1000,strong,grib_migration_matrix_4pop_strong.csv,0.05,7,537372085
4297,40,1000,strong,grib_migration_matrix_4pop_strong.csv,0.05,7,537372085
4298,41,1000,strong,grib_migration_matrix_4pop_strong.csv,0.05,7,537372085
4299,42,1000,strong,grib_migration_matrix_4pop_strong.csv,0.05,7,537372085
4300,43,1000,strong,grib_migration_matrix_4pop_strong.csv,0.05,7,537372085
4301,44,1000,strong,grib_migration_matrix_4pop_strong.csv,0.05,7,537372085
4302,45,1000,strong,grib_migration_matrix_4pop_strong.csv,0.05,7,537372085
4303,46,1000,strong,grib_migration_matrix_4pop_strong.csv,0.05,7,537372085
4304,47,1000,strong,grib_migration_matrix_4pop_strong.csv,0.05,7,537372085
4305,48,1000,strong,grib_migration_matrix_4pop_strong.csv,0.05,7,537372085
4306,49,1000,strong,grib_migration_matrix_4pop_strong.csv,0.05,7,537372085
4307,50,1000,strong,grib_migration_matrix_4pop_strong.csv,0.05,7,537372085
4308,51,1000,strong,grib_migration_matrix_4pop_strong.csv,0.05,7,537372085
4309,52,1000,strong,grib_migration_matrix_4pop_strong.csv,0.05,7,537372085
4310,53,1000,strong,grib_migration_matrix_4pop_strong.csv,0.05,7,537372085
4311,54,1000,strong,grib_migration_matrix_4pop_strong.csv,0.05,7,537372085
4312,55,1000,strong,grib_migration_matrix_4pop_strong.csv,0.05,7,537372085
4313,56,1000,strong,grib_migration_matrix_4pop_strong.csv,0.05,7,537372085
4314,57,1000,strong,grib_migration_matrix_4pop_strong.csv,0.05,7,537372085
4315,58,1000,strong,grib_migration_matrix_4pop_strong.csv,0.05,7,537372085
4316,59,1000,strong,grib_migration_matrix_4pop_strong.csv,0.05,7,537372085
4317,60,1000,strong,grib_migration_matrix_4pop_strong.csv,0.05,7,537372085
4318,61,1000,strong,grib_migration_matrix_4pop_strong.csv,0.05,7,537372085
4319,62,1000,strong,grib_migration_matrix_4pop_strong.csv,0.05,7,537372085
4320,63,1000,strong,grib_migration_matrix_4pop_strong.csv,0.05,7,537372085
4321,64,1000,strong,grib_migration_matrix_4pop_strong.csv,0.05,7,537372085
4322,65,1000,strong,grib_migration_matrix_4pop_strong.csv,0.05,7,537372085
4323,66,1000,strong,grib_migration_matrix_4pop_strong.csv,0.05,7,537372085
4324,67,1000,strong,grib_migration_matrix_4pop_strong.csv,0.05,7,537372085
4325,68,1000,strong,grib_migration_matrix_4pop_strong.csv,0.05,7,537372085
4326,69,1000,strong,grib_migration_matrix_4pop_strong.csv,0.05,7,537372085
4327,70,1000,strong,grib_migration_matrix_4pop_strong.csv,0.05,7,537372085
4328,71,1000,strong,grib_migration_matrix_4pop_strong.csv,0.05,7,537372085
4329,72,1000,strong,grib_migration_matrix_4pop_strong.csv,0.05,7,537372085
4330,73,1000,strong,grib_migration_matrix_4pop_strong.csv,0.05,7,537372085
4331,74,1000,strong,grib_migration_matrix_4pop_strong.csv,0.05,7,537372085
4332,75,1000,strong,grib_migration_matrix_4pop_strong.csv,0.05,7,537372085
4333,0,1000,strong,grib_migration_matrix_4pop_strong.csv,0.05,8,1290611483
4334,1,1000,strong,grib_migration_matrix_4pop_strong.csv,0.05,8,1290611483
4335,2,1000,strong,grib_migration_matrix_4pop_strong.csv,0.05,8,1290611483
4336,3,1000,strong,grib_migration_matrix_4pop_strong.csv,0.05,8,1290611483
4337,4,1000,strong,grib_migration_matrix_4pop_strong.csv,0.05,8,1290611483
4338,5,1000,strong,grib_migration_matrix_4pop_strong.csv,0.05,8,1290611483
4339,6,1000,strong,grib_migration_matrix_4pop_strong.csv,0.05,8,1290611483
4340,7,1000,strong,grib_migration_matrix_4pop_strong.csv,0.05,8,1290611483
4341,8,1000,strong,grib_migration_matrix_4pop_strong.csv,0.05,8,1290611483
4342,9,1000,strong,grib_migration_matrix_4pop_strong.csv,0.05,8,1290611483
4343,10,1000,strong,grib_migration_matrix_4pop_strong.csv,0.05,8,1290611483
4344,11,1000,strong,grib_migration_matrix_4pop_strong.csv,0.05,8,1290611483
4345,12,1000,strong,grib_migration_matrix_4pop_strong.csv,0.05,8,1290611483
4346,13,1000,strong,grib_migration_matrix_4pop_strong.csv,0.05,8,1290611483
4347,14,1000,strong,grib_migration_matrix_4pop_strong.csv,0.05,8,1290611483
4348,15,1000,strong,grib_migration_matrix_4pop_strong.csv,0.05,8,1290611483
4349,16,1000,strong,grib_migration_matrix_4pop_strong.csv,0.05,8,1290611483
4350,17,1000,strong,grib_migration_matrix_4pop_strong.csv,0.05,8,1290611483
4351,18,1000,strong,grib_migration_matrix_4pop_strong.csv,0.05,8,1290611483
4352,19,1000,strong,grib_migration_matrix_4pop_strong.csv,0.05,8,1290611483
4353,20,1000,strong,grib_migration_matrix_4pop_strong.csv,0.05,8,1290611483
4354,21,1000,strong,grib_migration_matrix_4pop_strong.csv,0.05,8,1290611483
4355,22,1000,strong,grib_migration_matrix_4pop_strong.csv,0.05,8,1290611483
4356,23,1000,strong,grib_migration_matrix_4pop_strong.csv,0.05,8,1290611483
4357,24,1000,strong,grib_migration_matrix_4pop_strong.csv,0.05,8,1290611483
4358,25,1000,strong,grib_migration_matrix_4pop_strong.csv,0.05,8,1290611483
4359,26,1000,strong,grib_migration_matrix_4pop_strong.csv,0.05,8,1290611483
4360,27,1000,strong,grib_migration_matrix_4pop_strong.csv,0.05,8,1290611483
4361,28,1000,strong,grib_migration_matrix_4pop_strong.csv,0.05,8,1290611483
4362,29,1000,strong,grib_migration_matrix_4pop_strong.csv,0.05,8,1290611483
4363,30,1000,strong,grib_migration_matrix_4pop_strong.csv,0.05,8,1290611483
4364,31,1000,strong,grib_migration_matrix_4pop_strong.csv,0.05,8,1290611483
4365,32,1000,strong,grib_migration_matrix_4pop_strong.csv,0.05,8,1290611483
4366,33,1000,strong,grib_migration_matrix_4pop_strong.csv,0.05,8,1290611483
4367,34,1000,strong,grib_migration_matrix_4pop_strong.csv,0.05,8,1290611483
4368,35,1000,strong,grib_migration_matrix_4pop_strong.csv,0.05,8,1290611483
4369,36,1000,strong,grib_migration_matrix_4pop_strong.csv,0.05,8,1290611483
4370,37,1000,strong,grib_migration_matrix_4pop_strong.csv,0.05,8,1290611483
4371,38,1000,strong,grib_migration_matrix_4pop_strong.csv,0.05,8,1290611483
4372,39,1000,strong,grib_migration_matrix_4pop_strong.csv,0.05,8,1290611483
4373,40,1000,strong,grib_migration_matrix_4pop_strong.csv,0.05,8,1290611483
4374,41,1000,strong,grib_migration_matrix_4pop_strong.csv,0.05,8,1290611483
4375,42,1000,strong,grib_migration_matrix_4pop_strong.csv,0.05,8,1290611483
4376,43,1000,strong,grib_migration_matrix_4pop_strong.csv,0.05,8,1290611483
4377,44,1000,strong,grib_migration_matrix_4pop_strong.csv,0.05,8,1290611483
4378,45,1000,strong,grib_migration_matrix_4pop_strong.csv,0.05,8,1290611483
4379,46,1000,strong,grib_migration_matrix_4pop_strong.csv,0.05,8,1290611483
4380,47,1000,strong,grib_migration_matrix_4pop_strong.csv,0.05,8,1290611483
4381,48,1000,strong,grib_migration_matrix_4pop_strong.csv,0.05,8,1290611483
4382,49,1000,strong,grib_migration_matrix_4pop_strong.csv,0.05,8,1290611483
4383,50,1000,strong,grib_migration_matrix_4pop_strong.csv,0.05,8,1290611483
4384,51,1000,strong,grib_migration_matrix_4pop_strong.csv,0.05,8,1290611483
4385,52,1000,strong,grib_migration_matrix_4pop_strong.csv,0.05,8,1290611483
4386,53,1000,strong,grib_migration_matrix_4pop_strong.csv,0.05,8,1290611483
4387,54,1000,strong,grib_migration_matrix_4pop_strong.csv,0.05,8,1290611483
4388,55,1000,strong,grib_migration_matrix_4pop_strong.csv,0.05,8,1290611483
4389,56,1000,strong,grib_migration_matrix_4pop_strong.csv,0.05,8,1290611483
4390,57,1000,strong,grib_migration_matrix_4pop_strong.csv,0.05,8,1290611483
4391,58,1000,strong,grib_migration_matrix_4pop_strong.csv,0.05,8,1290611483
4392,59,1000,strong,grib_migration_matrix_4pop_strong.csv,0.05,8,1290611483
4393,60,1000,strong,grib_migration_matrix_4pop_strong.csv,0.05,8,1290611483
4394,61,1000,strong,grib_migration_matrix_4pop_strong.csv,0.05,8,1290611483
4395,62,1000,strong,grib_migration_matrix_4pop_strong.csv,0.05,8,1290611483
4396,63,1000,strong,grib_migration_matrix_4pop_strong.csv,0.05,8,1290611483
4397,64,1000,strong,grib_migration_matrix_4pop_strong.csv,0.05,8,1290611483
4398,65,1000,strong,grib_migration_matrix_4pop_strong.csv,0.05,8,1290611483
4399,66,1000,strong,grib_migration_matrix_4pop_strong.csv,0.05,8,1290611483
4400,67,1000,strong,grib_migration_matrix_4pop_strong.csv,0.05,8,1290611483
4401,68,1000,strong,grib_migration_matrix_4pop_strong.csv,0.05,8,1290611483
4402,69,1000,strong,grib_migration_matrix_4pop_strong.csv,0.05,8,1290611483
4403,70,1000,strong,grib_migration_matrix_4pop_strong.csv,0.05,8,1290611483
4404,71,1000,strong,grib_migration_matrix_4pop_strong.csv,0.05,8,1290611483
4405,72,1000,strong,grib_migration_matrix_4pop_strong.csv,0.05,8,1290611483
4406,73,1000,strong,grib_migration_matrix_4pop_strong.csv,0.05,8,1290611483
4407,74,1000,strong,grib_migration_matrix_4pop_strong.csv,0.05,8,1290611483
4408,75,1000,strong,grib_migration_matrix_4pop_strong.csv,0.05,8,1290611483
4409,0,1000,strong,grib_migration_matrix_4pop_strong.csv,0.05,9,828725621
4410,1,1000,strong,grib_migration_matrix_4pop_strong.csv,0.05,9,828725621
4411,2,1000,strong,grib_migration_matrix_4pop_strong.csv,0.05,9,828725621
4412,3,1000,strong,grib_migration_matrix_4pop_strong.csv,0.05,9,828725621
4413,4,1000,strong,grib_migration_matrix_4pop_strong.csv,0.05,9,828725621
4414,5,1000,strong,grib_migration_matrix_4pop_strong.csv,0.05,9,828725621
4415,6,1000,strong,grib_migration_matrix_4pop_strong.csv,0.05,9,828725621
4416,7,1000,strong,grib_migration_matrix_4pop_strong.csv,0.05,9,828725621
4417,8,1000,strong,grib_migration_matrix_4pop_strong.csv,0.05,9,828725621
4418,9,1000,strong,grib_migration_matrix_4pop_strong.csv,0.05,9,828725621
4419,10,1000,strong,grib_migration_matrix_4pop_strong.csv,0.05,9,828725621
4420,11,1000,strong,grib_migration_matrix_4pop_strong.csv,0.05,9,828725621
4421,12,1000,strong,grib_migration_matrix_4pop_strong.csv,0.05,9,828725621
4422,13,1000,strong,grib_migration_matrix_4pop_strong.csv,0.05,9,828725621
4423,14,1000,strong,grib_migration_matrix_4pop_strong.csv,0.05,9,828725621
4424,15,1000,strong,grib_migration_matrix_4pop_strong.csv,0.05,9,828725621
4425,16,1000,strong,grib_migration_matrix_4pop_strong.csv,0.05,9,828725621
4426,17,1000,strong,grib_migration_matrix_4pop_strong.csv,0.05,9,828725621
4427,18,1000,strong,grib_migration_matrix_4pop_strong.csv,0.05,9,828725621
4428,19,1000,strong,grib_migration_matrix_4pop_strong.csv,0.05,9,828725621
4429,20,1000,strong,grib_migration_matrix_4pop_strong.csv,0.05,9,828725621
4430,21,1000,strong,grib_migration_matrix_4pop_strong.csv,0.05,9,828725621
4431,22,1000,strong,grib_migration_matrix_4pop_strong.csv,0.05,9,828725621
4432,23,1000,strong,grib_migration_matrix_4pop_strong.csv,0.05,9,828725621
4433,24,1000,strong,grib_migration_matrix_4pop_strong.csv,0.05,9,828725621
4434,25,1000,strong,grib_migration_matrix_4pop_strong.csv,0.05,9,828725621
4435,26,1000,strong,grib_migration_matrix_4pop_strong.csv,0.05,9,828725621
4436,27,1000,strong,grib_migration_matrix_4pop_strong.csv,0.05,9,828725621
4437,28,1000,strong,grib_migration_matrix_4pop_strong.csv,0.05,9,828725621
4438,29,1000,strong,grib_migration_matrix_4pop_strong.csv,0.05,9,828725621
4439,30,1000,strong,grib_migration_matrix_4pop_strong.csv,0.05,9,828725621
4440,31,1000,strong,grib_migration_matrix_4pop_strong.csv,0.05,9,828725621
4441,32,1000,strong,grib_migration_matrix_4pop_strong.csv,0.05,9,828725621
4442,33,1000,strong,grib_migration_matrix_4pop_strong.csv,0.05,9,828725621
4443,34,1000,strong,grib_migration_matrix_4pop_strong.csv,0.05,9,828725621
4444,35,1000,strong,grib_migration_matrix_4pop_strong.csv,0.05,9,828725621
4445,36,1000,strong,grib_migration_matrix_4pop_strong.csv,0.05,9,828725621
4446,37,1000,strong,grib_migration_matrix_4pop_strong.csv,0.05,9,828725621
4447,38,1000,strong,grib_migration_matrix_4pop_strong.csv,0.05,9,828725621
4448,39,1000,strong,grib_migration_matrix_4pop_strong.csv,0.05,9,828725621
4449,40,1000,strong,grib_migration_matrix_4pop_strong.csv,0.05,9,828725621
4450,41,1000,strong,grib_migration_matrix_4pop_strong.csv,0.05,9,828725621
4451,42,1000,strong,grib_migration_matrix_4pop_strong.csv,0.05,9,828725621
4452,43,1000,strong,grib_migration_matrix_4pop_strong.csv,0.05,9,828725621
4453,44,1000,strong,grib_migration_matrix_4pop_strong.csv,0.05,9,828725621
4454,45,1000,strong,grib_migration_matrix_4pop_strong.csv,0.05,9,828725621
4455,46,1000,strong,grib_migration_matrix_4pop_strong.csv,0.05,9,828725621
4456,47,1000,strong,grib_migration_matrix_4pop_strong.csv,0.05,9,828725621
4457,48,1000,strong,grib_migration_matrix_4pop_strong.csv,0.05,9,828725621
4458,49,1000,strong,grib_migration_matrix_4pop_strong.csv,0.05,9,828725621
4459,50,1000,strong,grib_migration_matrix_4pop_strong.csv,0.05,9,828725621
4460,51,1000,strong,grib_migration_matrix_4pop_strong.csv,0.05,9,828725621
4461,52,1000,strong,grib_migration_matrix_4pop_strong.csv,0.05,9,828725621
4462,53,1000,strong,grib_migration_matrix_4pop_strong.csv,0.05,9,828725621
4463,54,1000,strong,grib_migration_matrix_4pop_strong.csv,0.05,9,828725621
4464,55,1000,strong,grib_migration_matrix_4pop_strong.csv,0.05,9,828725621
4465,56,1000,strong,grib_migration_matrix_4pop_strong.csv,0.05,9,828725621
4466,57,1000,strong,grib_migration_matrix_4pop_strong.csv,0.05,9,828725621
4467,58,1000,strong,grib_migration_matrix_4pop_strong.csv,0.05,9,828725621
4468,59,1000,strong,grib_migration_matrix_4pop_strong.csv,0.05,9,828725621
4469,60,1000,strong,grib_migration_matrix_4pop_strong.csv,0.05,9,828725621
4470,61,1000,strong,grib_migration_matrix_4pop_strong.csv,0.05,9,828725621
4471,62,1000,strong,grib_migration_matrix_4pop_strong.csv,0.05,9,828725621
4472,63,1000,strong,grib_migration_matrix_4pop_strong.csv,0.05,9,828725621
4473,64,1000,strong,grib_migration_matrix_4pop_strong.csv,0.05,9,828725621
4474,65,1000,strong,grib_migration_matrix_4pop_strong.csv,0.05,9,828725621
4475,66,1000,strong,grib_migration_matrix_4pop_strong.csv,0.05,9,828725621
4476,67,1000,strong,grib_migration_matrix_4pop_strong.csv,0.05,9,828725621
4477,68,1000,strong,grib_migration_matrix_4pop_strong.csv,0.05,9,828725621
4478,69,1000,strong,grib_migration_matrix_4pop_strong.csv,0.05,9,828725621
4479,70,1000,strong,grib_migration_matrix_4pop_strong.csv,0.05,9,828725621
4480,71,1000,strong,grib_migration_matrix_4pop_strong.csv,0.05,9,828725621
4481,72,1000,strong,grib_migration_matrix_4pop_strong.csv,0.05,9,828725621
4482,73,1000,strong,grib_migration_matrix_4pop_strong.csv,0.05,9,828725621
4483,74,1000,strong,grib_migration_matrix_4pop_strong.csv,0.05,9,828725621
4484,75,1000,strong,grib_migration_matrix_4pop_strong.csv,0.05,9,828725621
4485,0,1000,strong,grib_migration_matrix_4pop_strong.csv,0.05,10,1256809246
4486,1,1000,strong,grib_migration_matrix_4pop_strong.csv,0.05,10,1256809246
4487,2,1000,strong,grib_migration_matrix_4pop_strong.csv,0.05,10,1256809246
4488,3,1000,strong,grib_migration_matrix_4pop_strong.csv,0.05,10,1256809246
4489,4,1000,strong,grib_migration_matrix_4pop_strong.csv,0.05,10,1256809246
4490,5,1000,strong,grib_migration_matrix_4pop_strong.csv,0.05,10,1256809246
4491,6,1000,strong,grib_migration_matrix_4pop_strong.csv,0.05,10,1256809246
4492,7,1000,strong,grib_migration_matrix_4pop_strong.csv,0.05,10,1256809246
4493,8,1000,strong,grib_migration_matrix_4pop_strong.csv,0.05,10,1256809246
4494,9,1000,strong,grib_migration_matrix_4pop_strong.csv,0.05,10,1256809246
4495,10,1000,strong,grib_migration_matrix_4pop_strong.csv,0.05,10,1256809246
4496,11,1000,strong,grib_migration_matrix_4pop_strong.csv,0.05,10,1256809246
4497,12,1000,strong,grib_migration_matrix_4pop_strong.csv,0.05,10,1256809246
4498,13,1000,strong,grib_migration_matrix_4pop_strong.csv,0.05,10,1256809246
4499,14,1000,strong,grib_migration_matrix_4pop_strong.csv,0.05,10,1256809246
4500,15,1000,strong,grib_migration_matrix_4pop_strong.csv,0.05,10,1256809246
4501,16,1000,strong,grib_migration_matrix_4pop_strong.csv,0.05,10,1256809246
4502,17,1000,strong,grib_migration_matrix_4pop_strong.csv,0.05,10,1256809246
4503,18,1000,strong,grib_migration_matrix_4pop_strong.csv,0.05,10,1256809246
4504,19,1000,strong,grib_migration_matrix_4pop_strong.csv,0.05,10,1256809246
4505,20,1000,strong,grib_migration_matrix_4pop_strong.csv,0.05,10,1256809246
4506,21,1000,strong,grib_migration_matrix_4pop_strong.csv,0.05,10,1256809246
4507,22,1000,strong,grib_migration_matrix_4pop_strong.csv,0.05,10,1256809246
4508,23,1000,strong,grib_migration_matrix_4pop_strong.csv,0.05,10,1256809246
4509,24,1000,strong,grib_migration_matrix_4pop_strong.csv,0.05,10,1256809246
4510,25,1000,strong,grib_migration_matrix_4pop_strong.csv,0.05,10,1256809246
4511,26,1000,strong,grib_migration_matrix_4pop_strong.csv,0.05,10,1256809246
4512,27,1000,strong,grib_migration_matrix_4pop_strong.csv,0.05,10,1256809246
4513,28,1000,strong,grib_migration_matrix_4pop_strong.csv,0.05,10,1256809246
4514,29,1000,strong,grib_migration_matrix_4pop_strong.csv,0.05,10,1256809246
4515,30,1000,strong,grib_migration_matrix_4pop_strong.csv,0.05,10,1256809246
4516,31,1000,strong,grib_migration_matrix_4pop_strong.csv,0.05,10,1256809246
4517,32,1000,strong,grib_migration_matrix_4pop_strong.csv,0.05,10,1256809246
4518,33,1000,strong,grib_migration_matrix_4pop_strong.csv,0.05,10,1256809246
4519,34,1000,strong,grib_migration_matrix_4pop_strong.csv,0.05,10,1256809246
4520,35,1000,strong,grib_migration_matrix_4pop_strong.csv,0.05,10,1256809246
4521,36,1000,strong,grib_migration_matrix_4pop_strong.csv,0.05,10,1256809246
4522,37,1000,strong,grib_migration_matrix_4pop_strong.csv,0.05,10,1256809246
4523,38,1000,strong,grib_migration_matrix_4pop_strong.csv,0.05,10,1256809246
4524,39,1000,strong,grib_migration_matrix_4pop_strong.csv,0.05,10,1256809246
4525,40,1000,strong,grib_migration_matrix_4pop_strong.csv,0.05,10,1256809246
4526,41,1000,strong,grib_migration_matrix_4pop_strong.csv,0.05,10,1256809246
4527,42,1000,strong,grib_migration_matrix_4pop_strong.csv,0.05,10,1256809246
4528,43,1000,strong,grib_migration_matrix_4pop_strong.csv,0.05,10,1256809246
4529,44,1000,strong,grib_migration_matrix_4pop_strong.csv,0.05,10,1256809246
4530,45,1000,strong,grib_migration_matrix_4pop_strong.csv,0.05,10,1256809246
4531,46,1000,strong,grib_migration_matrix_4pop_strong.csv,0.05,10,1256809246
4532,47,1000,strong,grib_migration_matrix_4pop_strong.csv,0.05,10,1256809246
4533,48,1000,strong,grib_migration_matrix_4pop_strong.csv,0.05,10,1256809246
4534,49,1000,strong,grib_migration_matrix_4pop_strong.csv,0.05,10,1256809246
4535,50,1000,strong,grib_migration_matrix_4pop_strong.csv,0.05,10,1256809246
4536,51,1000,strong,grib_migration_matrix_4pop_strong.csv,0.05,10,1256809246
4537,52,1000,strong,grib_migration_matrix_4pop_strong.csv,0.05,10,1256809246
4538,53,1000,strong,grib_migration_matrix_4pop_strong.csv,0.05,10,1256809246
4539,54,1000,strong,grib_migration_matrix_4pop_strong.csv,0.05,10,1256809246
4540,55,1000,strong,grib_migration_matrix_4pop_strong.csv,0.05,10,1256809246
4541,56,1000,strong,grib_migration_matrix_4pop_strong.csv,0.05,10,1256809246
4542,57,1000,strong,grib_migration_matrix_4pop_strong.csv,0.05,10,1256809246
4543,58,1000,strong,grib_migration_matrix_4pop_strong.csv,0.05,10,1256809246
4544,59,1000,strong,grib_migration_matrix_4pop_strong.csv,0.05,10,1256809246
4545,60,1000,strong,grib_migration_matrix_4pop_strong.csv,0.05,10,1256809246
4546,61,1000,strong,grib_migration_matrix_4pop_strong.csv,0.05,10,1256809246
4547,62,1000,strong,grib_migration_matrix_4pop_strong.csv,0.05,10,1256809246
4548,63,1000,strong,grib_migration_matrix_4pop_strong.csv,0.05,10,1256809246
4549,64,1000,strong,grib_migration_matrix_4pop_strong.csv,0.05,10,1256809246
4550,65,1000,strong,grib_migration_matrix_4pop_strong.csv,0.05,10,1256809246
4551,66,1000,strong,grib_migration_matrix_4pop_strong.csv,0.05,10,1256809246
4552,67,1000,strong,grib_migration_matrix_4pop_strong.csv,0.05,10,1256809246
4553,68,1000,strong,grib_migration_matrix_4pop_strong.csv,0.05,10,1256809246
4554,69,1000,strong,grib_migration_matrix_4pop_strong.csv,0.05,10,1256809246
4555,70,1000,strong,grib_migration_matrix_4pop_strong.csv,0.05,10,1256809246
4556,71,1000,strong,grib_migration_matrix_4pop_strong.csv,0.05,10,1256809246
4557,72,1000,strong,grib_migration_matrix_4pop_strong.csv,0.05,10,1256809246
4558,73,1000,strong,grib_migration_matrix_4pop_strong.csv,0.05,10,1256809246
4559,74,1000,strong,grib_migration_matrix_4pop_strong.csv,0.05,10,1256809246
4560,75,1000,strong,grib_migration_matrix_4pop_strong.csv,0.05,10,1256809246
4561,0,1000,weak,grib_migration_matrix_4pop_weak.csv,0.025,1,1436598880
4562,1,1000,weak,grib_migration_matrix_4pop_weak.csv,0.025,1,1436598880
4563,2,1000,weak,grib_migration_matrix_4pop_weak.csv,0.025,1,1436598880
4564,3,1000,weak,grib_migration_matrix_4pop_weak.csv,0.025,1,1436598880
4565,4,1000,weak,grib_migration_matrix_4pop_weak.csv,0.025,1,1436598880
4566,5,1000,weak,grib_migration_matrix_4pop_weak.csv,0.025,1,1436598880
4567,6,1000,weak,grib_migration_matrix_4pop_weak.csv,0.025,1,1436598880
4568,7,1000,weak,grib_migration_matrix_4pop_weak.csv,0.025,1,1436598880
4569,8,1000,weak,grib_migration_matrix_4pop_weak.csv,0.025,1,1436598880
4570,9,1000,weak,grib_migration_matrix_4pop_weak.csv,0.025,1,1436598880
4571,10,1000,weak,grib_migration_matrix_4pop_weak.csv,0.025,1,1436598880
4572,11,1000,weak,grib_migration_matrix_4pop_weak.csv,0.025,1,1436598880
4573,12,1000,weak,grib_migration_matrix_4pop_weak.csv,0.025,1,1436598880
4574,13,1000,weak,grib_migration_matrix_4pop_weak.csv,0.025,1,1436598880
4575,14,1000,weak,grib_migration_matrix_4pop_weak.csv,0.025,1,1436598880
4576,15,1000,weak,grib_migration_matrix_4pop_weak.csv,0.025,1,1436598880
4577,16,1000,weak,grib_migration_matrix_4pop_weak.csv,0.025,1,1436598880
4578,17,1000,weak,grib_migration_matrix_4pop_weak.csv,0.025,1,1436598880
4579,18,1000,weak,grib_migration_matrix_4pop_weak.csv,0.025,1,1436598880
4580,19,1000,weak,grib_migration_matrix_4pop_weak.csv,0.025,1,1436598880
4581,20,1000,weak,grib_migration_matrix_4pop_weak.csv,0.025,1,1436598880
4582,21,1000,weak,grib_migration_matrix_4pop_weak.csv,0.025,1,1436598880
4583,22,1000,weak,grib_migration_matrix_4pop_weak.csv,0.025,1,1436598880
4584,23,1000,weak,grib_migration_matrix_4pop_weak.csv,0.025,1,1436598880
4585,24,1000,weak,grib_migration_matrix_4pop_weak.csv,0.025,1,1436598880
4586,25,1000,weak,grib_migration_matrix_4pop_weak.csv,0.025,1,1436598880
4587,26,1000,weak,grib_migration_matrix_4pop_weak.csv,0.025,1,1436598880
4588,27,1000,weak,grib_migration_matrix_4pop_weak.csv,0.025,1,1436598880
4589,28,1000,weak,grib_migration_matrix_4pop_weak.csv,0.025,1,1436598880
4590,29,1000,weak,grib_migration_matrix_4pop_weak.csv,0.025,1,1436598880
4591,30,1000,weak,grib_migration_matrix_4pop_weak.csv,0.025,1,1436598880
4592,31,1000,weak,grib_migration_matrix_4pop_weak.csv,0.025,1,1436598880
4593,32,1000,weak,grib_migration_matrix_4pop_weak.csv,0.025,1,1436598880
4594,33,1000,weak,grib_migration_matrix_4pop_weak.csv,0.025,1,1436598880
4595,34,1000,weak,grib_migration_matrix_4pop_weak.csv,0.025,1,1436598880
4596,35,1000,weak,grib_migration_matrix_4pop_weak.csv,0.025,1,1436598880
4597,36,1000,weak,grib_migration_matrix_4pop_weak.csv,0.025,1,1436598880
4598,37,1000,weak,grib_migration_matrix_4pop_weak.csv,0.025,1,1436598880
4599,38,1000,weak,grib_migration_matrix_4pop_weak.csv,0.025,1,1436598880
4600,39,1000,weak,grib_migration_matrix_4pop_weak.csv,0.025,1,1436598880
4601,40,1000,weak,grib_migration_matrix_4pop_weak.csv,0.025,1,1436598880
4602,41,1000,weak,grib_migration_matrix_4pop_weak.csv,0.025,1,1436598880
4603,42,1000,weak,grib_migration_matrix_4pop_weak.csv,0.025,1,1436598880
4604,43,1000,weak,grib_migration_matrix_4pop_weak.csv,0.025,1,1436598880
4605,44,1000,weak,grib_migration_matrix_4pop_weak.csv,0.025,1,1436598880
4606,45,1000,weak,grib_migration_matrix_4pop_weak.csv,0.025,1,1436598880
4607,46,1000,weak,grib_migration_matrix_4pop_weak.csv,0.025,1,1436598880
4608,47,1000,weak,grib_migration_matrix_4pop_weak.csv,0.025,1,1436598880
4609,48,1000,weak,grib_migration_matrix_4pop_weak.csv,0.025,1,1436598880
4610,49,1000,weak,grib_migration_matrix_4pop_weak.csv,0.025,1,1436598880
4611,50,1000,weak,grib_migration_matrix_4pop_weak.csv,0.025,1,1436598880
4612,51,1000,weak,grib_migration_matrix_4pop_weak.csv,0.025,1,1436598880
4613,52,1000,weak,grib_migration_matrix_4pop_weak.csv,0.025,1,1436598880
4614,53,1000,weak,grib_migration_matrix_4pop_weak.csv,0.025,1,1436598880
4615,54,1000,weak,grib_migration_matrix_4pop_weak.csv,0.025,1,1436598880
4616,55,1000,weak,grib_migration_matrix_4pop_weak.csv,0.025,1,1436598880
4617,56,1000,weak,grib_migration_matrix_4pop_weak.csv,0.025,1,1436598880
4618,57,1000,weak,grib_migration_matrix_4pop_weak.csv,0.025,1,1436598880
4619,58,1000,weak,grib_migration_matrix_4pop_weak.csv,0.025,1,1436598880
4620,59,1000,weak,grib_migration_matrix_4pop_weak.csv,0.025,1,1436598880
4621,60,1000,weak,grib_migration_matrix_4pop_weak.csv,0.025,1,1436598880
4622,61,1000,weak,grib_migration_matrix_4pop_weak.csv,0.025,1,1436598880
4623,62,1000,weak,grib_migration_matrix_4pop_weak.csv,0.025,1,1436598880
4624,63,1000,weak,grib_migration_matrix_4pop_weak.csv,0.025,1,1436598880
4625,64,1000,weak,grib_migration_matrix_4pop_weak.csv,0.025,1,1436598880
4626,65,1000,weak,grib_migration_matrix_4pop_weak.csv,0.025,1,1436598880
4627,66,1000,weak,grib_migration_matrix_4pop_weak.csv,0.025,1,1436598880
4628,67,1000,weak,grib_migration_matrix_4pop_weak.csv,0.025,1,1436598880
4629,68,1000,weak,grib_migration_matrix_4pop_weak.csv,0.025,1,1436598880
4630,69,1000,weak,grib_migration_matrix_4pop_weak.csv,0.025,1,1436598880
4631,70,1000,weak,grib_migration_matrix_4pop_weak.csv,0.025,1,1436598880
4632,71,1000,weak,grib_migration_matrix_4pop_weak.csv,0.025,1,1436598880
4633,72,1000,weak,grib_migration_matrix_4pop_weak.csv,0.025,1,1436598880
4634,73,1000,weak,grib_migration_matrix_4pop_weak.csv,0.025,1,1436598880
4635,74,1000,weak,grib_migration_matrix_4pop_weak.csv,0.025,1,1436598880
4636,75,1000,weak,grib_migration_matrix_4pop_weak.csv,0.025,1,1436598880
4637,0,1000,weak,grib_migration_matrix_4pop_weak.csv,0.025,2,1310890599
4638,1,1000,weak,grib_migration_matrix_4pop_weak.csv,0.025,2,1310890599
4639,2,1000,weak,grib_migration_matrix_4pop_weak.csv,0.025,2,1310890599
4640,3,1000,weak,grib_migration_matrix_4pop_weak.csv,0.025,2,1310890599
4641,4,1000,weak,grib_migration_matrix_4pop_weak.csv,0.025,2,1310890599
4642,5,1000,weak,grib_migration_matrix_4pop_weak.csv,0.025,2,1310890599
4643,6,1000,weak,grib_migration_matrix_4pop_weak.csv,0.025,2,1310890599
4644,7,1000,weak,grib_migration_matrix_4pop_weak.csv,0.025,2,1310890599
4645,8,1000,weak,grib_migration_matrix_4pop_weak.csv,0.025,2,1310890599
4646,9,1000,weak,grib_migration_matrix_4pop_weak.csv,0.025,2,1310890599
4647,10,1000,weak,grib_migration_matrix_4pop_weak.csv,0.025,2,1310890599
4648,11,1000,weak,grib_migration_matrix_4pop_weak.csv,0.025,2,1310890599
4649,12,1000,weak,grib_migration_matrix_4pop_weak.csv,0.025,2,1310890599
4650,13,1000,weak,grib_migration_matrix_4pop_weak.csv,0.025,2,1310890599
4651,14,1000,weak,grib_migration_matrix_4pop_weak.csv,0.025,2,1310890599
4652,15,1000,weak,grib_migration_matrix_4pop_weak.csv,0.025,2,1310890599
4653,16,1000,weak,grib_migration_matrix_4pop_weak.csv,0.025,2,1310890599
4654,17,1000,weak,grib_migration_matrix_4pop_weak.csv,0.025,2,1310890599
4655,18,1000,weak,grib_migration_matrix_4pop_weak.csv,0.025,2,1310890599
4656,19,1000,weak,grib_migration_matrix_4pop_weak.csv,0.025,2,1310890599
4657,20,1000,weak,grib_migration_matrix_4pop_weak.csv,0.025,2,1310890599
4658,21,1000,weak,grib_migration_matrix_4pop_weak.csv,0.025,2,1310890599
4659,22,1000,weak,grib_migration_matrix_4pop_weak.csv,0.025,2,1310890599
4660,23,1000,weak,grib_migration_matrix_4pop_weak.csv,0.025,2,1310890599
4661,24,1000,weak,grib_migration_matrix_4pop_weak.csv,0.025,2,1310890599
4662,25,1000,weak,grib_migration_matrix_4pop_weak.csv,0.025,2,1310890599
4663,26,1000,weak,grib_migration_matrix_4pop_weak.csv,0.025,2,1310890599
4664,27,1000,weak,grib_migration_matrix_4pop_weak.csv,0.025,2,1310890599
4665,28,1000,weak,grib_migration_matrix_4pop_weak.csv,0.025,2,1310890599
4666,29,1000,weak,grib_migration_matrix_4pop_weak.csv,0.025,2,1310890599
4667,30,1000,weak,grib_migration_matrix_4pop_weak.csv,0.025,2,1310890599
4668,31,1000,weak,grib_migration_matrix_4pop_weak.csv,0.025,2,1310890599
4669,32,1000,weak,grib_migration_matrix_4pop_weak.csv,0.025,2,1310890599
4670,33,1000,weak,grib_migration_matrix_4pop_weak.csv,0.025,2,1310890599
4671,34,1000,weak,grib_migration_matrix_4pop_weak.csv,0.025,2,1310890599
4672,35,1000,weak,grib_migration_matrix_4pop_weak.csv,0.025,2,1310890599
4673,36,1000,weak,grib_migration_matrix_4pop_weak.csv,0.025,2,1310890599
4674,37,1000,weak,grib_migration_matrix_4pop_weak.csv,0.025,2,1310890599
4675,38,1000,weak,grib_migration_matrix_4pop_weak.csv,0.025,2,1310890599
4676,39,1000,weak,grib_migration_matrix_4pop_weak.csv,0.025,2,1310890599
4677,40,1000,weak,grib_migration_matrix_4pop_weak.csv,0.025,2,1310890599
4678,41,1000,weak,grib_migration_matrix_4pop_weak.csv,0.025,2,1310890599
4679,42,1000,weak,grib_migration_matrix_4pop_weak.csv,0.025,2,1310890599
4680,43,1000,weak,grib_migration_matrix_4pop_weak.csv,0.025,2,1310890599
4681,44,1000,weak,grib_migration_matrix_4pop_weak.csv,0.025,2,1310890599
4682,45,1000,weak,grib_migration_matrix_4pop_weak.csv,0.025,2,1310890599
4683,46,1000,weak,grib_migration_matrix_4pop_weak.csv,0.025,2,1310890599
4684,47,1000,weak,grib_migration_matrix_4pop_weak.csv,0.025,2,1310890599
4685,48,1000,weak,grib_migration_matrix_4pop_weak.csv,0.025,2,1310890599
4686,49,1000,weak,grib_migration_matrix_4pop_weak.csv,0.025,2,1310890599
4687,50,1000,weak,grib_migration_matrix_4pop_weak.csv,0.025,2,1310890599
4688,51,1000,weak,grib_migration_matrix_4pop_weak.csv,0.025,2,1310890599
4689,52,1000,weak,grib_migration_matrix_4pop_weak.csv,0.025,2,1310890599
4690,53,1000,weak,grib_migration_matrix_4pop_weak.csv,0.025,2,1310890599
4691,54,1000,weak,grib_migration_matrix_4pop_weak.csv,0.025,2,1310890599
4692,55,1000,weak,grib_migration_matrix_4pop_weak.csv,0.025,2,1310890599
4693,56,1000,weak,grib_migration_matrix_4pop_weak.csv,0.025,2,1310890599
4694,57,1000,weak,grib_migration_matrix_4pop_weak.csv,0.025,2,1310890599
4695,58,1000,weak,grib_migration_matrix_4pop_weak.csv,0.025,2,1310890599
4696,59,1000,weak,grib_migration_matrix_4pop_weak.csv,0.025,2,1310890599
4697,60,1000,weak,grib_migration_matrix_4pop_weak.csv,0.025,2,1310890599
4698,61,1000,weak,grib_migration_matrix_4pop_weak.csv,0.025,2,1310890599
4699,62,1000,weak,grib_migration_matrix_4pop_weak.csv,0.025,2,1310890599
4700,63,1000,weak,grib_migration_matrix_4pop_weak.csv,0.025,2,1310890599
4701,64,1000,weak,grib_migration_matrix_4pop_weak.csv,0.025,2,1310890599
4702,65,1000,weak,grib_migration_matrix_4pop_weak.csv,0.025,2,1310890599
4703,66,1000,weak,grib_migration_matrix_4pop_weak.csv,0.025,2,1310890599
4704,67,1000,weak,grib_migration_matrix_4pop_weak.csv,0.025,2,1310890599
4705,68,1000,weak,grib_migration_matrix_4pop_weak.csv,0.025,2,1310890599
4706,69,1000,weak,grib_migration_matrix_4pop_weak.csv,0.025,2,1310890599
4707,70,1000,weak,grib_migration_matrix_4pop_weak.csv,0.025,2,1310890599
4708,71,1000,weak,grib_migration_matrix_4pop_weak.csv,0.025,2,1310890599
4709,72,1000,weak,grib_migration_matrix_4pop_weak.csv,0.025,2,1310890599
4710,73,1000,weak,grib_migration_matrix_4pop_weak.csv,0.025,2,1310890599
4711,74,1000,weak,grib_migration_matrix_4pop_weak.csv,0.025,2,1310890599
4712,75,1000,weak,grib_migration_matrix_4pop_weak.csv,0.025,2,1310890599
4713,0,1000,weak,grib_migration_matrix_4pop_weak.csv,0.025,3,558777849
4714,1,1000,weak,grib_migration_matrix_4pop_weak.csv,0.025,3,558777849
4715,2,1000,weak,grib_migration_matrix_4pop_weak.csv,0.025,3,558777849
4716,3,1000,weak,grib_migration_matrix_4pop_weak.csv,0.025,3,558777849
4717,4,1000,weak,grib_migration_matrix_4pop_weak.csv,0.025,3,558777849
4718,5,1000,weak,grib_migration_matrix_4pop_weak.csv,0.025,3,558777849
4719,6,1000,weak,grib_migration_matrix_4pop_weak.csv,0.025,3,558777849
4720,7,1000,weak,grib_migration_matrix_4pop_weak.csv,0.025,3,558777849
4721,8,1000,weak,grib_migration_matrix_4pop_weak.csv,0.025,3,558777849
4722,9,1000,weak,grib_migration_matrix_4pop_weak.csv,0.025,3,558777849
4723,10,1000,weak,grib_migration_matrix_4pop_weak.csv,0.025,3,558777849
4724,11,1000,weak,grib_migration_matrix_4pop_weak.csv,0.025,3,558777849
4725,12,1000,weak,grib_migration_matrix_4pop_weak.csv,0.025,3,558777849
4726,13,1000,weak,grib_migration_matrix_4pop_weak.csv,0.025,3,558777849
4727,14,1000,weak,grib_migration_matrix_4pop_weak.csv,0.025,3,558777849
4728,15,1000,weak,grib_migration_matrix_4pop_weak.csv,0.025,3,558777849
4729,16,1000,weak,grib_migration_matrix_4pop_weak.csv,0.025,3,558777849
4730,17,1000,weak,grib_migration_matrix_4pop_weak.csv,0.025,3,558777849
4731,18,1000,weak,grib_migration_matrix_4pop_weak.csv,0.025,3,558777849
4732,19,1000,weak,grib_migration_matrix_4pop_weak.csv,0.025,3,558777849
4733,20,1000,weak,grib_migration_matrix_4pop_weak.csv,0.025,3,558777849
4734,21,1000,weak,grib_migration_matrix_4pop_weak.csv,0.025,3,558777849
4735,22,1000,weak,grib_migration_matrix_4pop_weak.csv,0.025,3,558777849
4736,23,1000,weak,grib_migration_matrix_4pop_weak.csv,0.025,3,558777849
4737,24,1000,weak,grib_migration_matrix_4pop_weak.csv,0.025,3,558777849
4738,25,1000,weak,grib_migration_matrix_4pop_weak.csv,0.025,3,558777849
4739,26,1000,weak,grib_migration_matrix_4pop_weak.csv,0.025,3,558777849
4740,27,1000,weak,grib_migration_matrix_4pop_weak.csv,0.025,3,558777849
4741,28,1000,weak,grib_migration_matrix_4pop_weak.csv,0.025,3,558777849
4742,29,1000,weak,grib_migration_matrix_4pop_weak.csv,0.025,3,558777849
4743,30,1000,weak,grib_migration_matrix_4pop_weak.csv,0.025,3,558777849
4744,31,1000,weak,grib_migration_matrix_4pop_weak.csv,0.025,3,558777849
4745,32,1000,weak,grib_migration_matrix_4pop_weak.csv,0.025,3,558777849
4746,33,1000,weak,grib_migration_matrix_4pop_weak.csv,0.025,3,558777849
4747,34,1000,weak,grib_migration_matrix_4pop_weak.csv,0.025,3,558777849
4748,35,1000,weak,grib_migration_matrix_4pop_weak.csv,0.025,3,558777849
4749,36,1000,weak,grib_migration_matrix_4pop_weak.csv,0.025,3,558777849
4750,37,1000,weak,grib_migration_matrix_4pop_weak.csv,0.025,3,558777849
4751,38,1000,weak,grib_migration_matrix_4pop_weak.csv,0.025,3,558777849
4752,39,1000,weak,grib_migration_matrix_4pop_weak.csv,0.025,3,558777849
4753,40,1000,weak,grib_migration_matrix_4pop_weak.csv,0.025,3,558777849
4754,41,1000,weak,grib_migration_matrix_4pop_weak.csv,0.025,3,558777849
4755,42,1000,weak,grib_migration_matrix_4pop_weak.csv,0.025,3,558777849
4756,43,1000,weak,grib_migration_matrix_4pop_weak.csv,0.025,3,558777849
4757,44,1000,weak,grib_migration_matrix_4pop_weak.csv,0.025,3,558777849
4758,45,1000,weak,grib_migration_matrix_4pop_weak.csv,0.025,3,558777849
4759,46,1000,weak,grib_migration_matrix_4pop_weak.csv,0.025,3,558777849
4760,47,1000,weak,grib_migration_matrix_4pop_weak.csv,0.025,3,558777849
4761,48,1000,weak,grib_migration_matrix_4pop_weak.csv,0.025,3,558777849
4762,49,1000,weak,grib_migration_matrix_4pop_weak.csv,0.025,3,558777849
4763,50,1000,weak,grib_migration_matrix_4pop_weak.csv,0.025,3,558777849
4764,51,1000,weak,grib_migration_matrix_4pop_weak.csv,0.025,3,558777849
4765,52,1000,weak,grib_migration_matrix_4pop_weak.csv,0.025,3,558777849
4766,53,1000,weak,grib_migration_matrix_4pop_weak.csv,0.025,3,558777849
4767,54,1000,weak,grib_migration_matrix_4pop_weak.csv,0.025,3,558777849
4768,55,1000,weak,grib_migration_matrix_4pop_weak.csv,0.025,3,558777849
4769,56,1000,weak,grib_migration_matrix_4pop_weak.csv,0.025,3,558777849
4770,57,1000,weak,grib_migration_matrix_4pop_weak.csv,0.025,3,558777849
4771,58,1000,weak,grib_migration_matrix_4pop_weak.csv,0.025,3,558777849
4772,59,1000,weak,grib_migration_matrix_4pop_weak.csv,0.025,3,558777849
4773,60,1000,weak,grib_migration_matrix_4pop_weak.csv,0.025,3,558777849
4774,61,1000,weak,grib_migration_matrix_4pop_weak.csv,0.025,3,558777849
4775,62,1000,weak,grib_migration_matrix_4pop_weak.csv,0.025,3,558777849
4776,63,1000,weak,grib_migration_matrix_4pop_weak.csv,0.025,3,558777849
4777,64,1000,weak,grib_migration_matrix_4pop_weak.csv,0.025,3,558777849
4778,65,1000,weak,grib_migration_matrix_4pop_weak.csv,0.025,3,558777849
4779,66,1000,weak,grib_migration_matrix_4pop_weak.csv,0.025,3,558777849
4780,67,1000,weak,grib_migration_matrix_4pop_weak.csv,0.025,3,558777849
4781,68,1000,weak,grib_migration_matrix_4pop_weak.csv,0.025,3,558777849
4782,69,1000,weak,grib_migration_matrix_4pop_weak.csv,0.025,3,558777849
4783,70,1000,weak,grib_migration_matrix_4pop_weak.csv,0.025,3,558777849
4784,71,1000,weak,grib_migration_matrix_4pop_weak.csv,0.025,3,558777849
4785,72,1000,weak,grib_migration_matrix_4pop_weak.csv,0.025,3,558777849
4786,73,1000,weak,grib_migration_matrix_4pop_weak.csv,0.025,3,558777849
4787,74,1000,weak,grib_migration_matrix_4pop_weak.csv,0.025,3,558777849
4788,75,1000,weak,grib_migration_matrix_4pop_weak.csv,0.025,3,558777849
4789,0,1000,weak,grib_migration_matrix_4pop_weak.csv,0.025,4,1201056339
4790,1,1000,weak,grib_migration_matrix_4pop_weak.csv,0.025,4,1201056339
4791,2,1000,weak,grib_migration_matrix_4pop_weak.csv,0.025,4,1201056339
4792,3,1000,weak,grib_migration_matrix_4pop_weak.csv,0.025,4,1201056339
4793,4,1000,weak,grib_migration_matrix_4pop_weak.csv,0.025,4,1201056339
4794,5,1000,weak,grib_migration_matrix_4pop_weak.csv,0.025,4,1201056339
4795,6,1000,weak,grib_migration_matrix_4pop_weak.csv,0.025,4,1201056339
4796,7,1000,weak,grib_migration_matrix_4pop_weak.csv,0.025,4,1201056339
4797,8,1000,weak,grib_migration_matrix_4pop_weak.csv,0.025,4,1201056339
4798,9,1000,weak,grib_migration_matrix_4pop_weak.csv,0.025,4,1201056339
4799,10,1000,weak,grib_migration_matrix_4pop_weak.csv,0.025,4,1201056339
4800,11,1000,weak,grib_migration_matrix_4pop_weak.csv,0.025,4,1201056339
4801,12,1000,weak,grib_migration_matrix_4pop_weak.csv,0.025,4,1201056339
4802,13,1000,weak,grib_migration_matrix_4pop_weak.csv,0.025,4,1201056339
4803,14,1000,weak,grib_migration_matrix_4pop_weak.csv,0.025,4,1201056339
4804,15,1000,weak,grib_migration_matrix_4pop_weak.csv,0.025,4,1201056339
4805,16,1000,weak,grib_migration_matrix_4pop_weak.csv,0.025,4,1201056339
4806,17,1000,weak,grib_migration_matrix_4pop_weak.csv,0.025,4,1201056339
4807,18,1000,weak,grib_migration_matrix_4pop_weak.csv,0.025,4,1201056339
4808,19,1000,weak,grib_migration_matrix_4pop_weak.csv,0.025,4,1201056339
4809,20,1000,weak,grib_migration_matrix_4pop_weak.csv,0.025,4,1201056339
4810,21,1000,weak,grib_migration_matrix_4pop_weak.csv,0.025,4,1201056339
4811,22,1000,weak,grib_migration_matrix_4pop_weak.csv,0.025,4,1201056339
4812,23,1000,weak,grib_migration_matrix_4pop_weak.csv,0.025,4,1201056339
4813,24,1000,weak,grib_migration_matrix_4pop_weak.csv,0.025,4,1201056339
4814,25,1000,weak,grib_migration_matrix_4pop_weak.csv,0.025,4,1201056339
4815,26,1000,weak,grib_migration_matrix_4pop_weak.csv,0.025,4,1201056339
4816,27,1000,weak,grib_migration_matrix_4pop_weak.csv,0.025,4,1201056339
4817,28,1000,weak,grib_migration_matrix_4pop_weak.csv,0.025,4,1201056339
4818,29,1000,weak,grib_migration_matrix_4pop_weak.csv,0.025,4,1201056339
4819,30,1000,weak,grib_migration_matrix_4pop_weak.csv,0.025,4,1201056339
4820,31,1000,weak,grib_migration_matrix_4pop_weak.csv,0.025,4,1201056339
4821,32,1000,weak,grib_migration_matrix_4pop_weak.csv,0.025,4,1201056339
4822,33,1000,weak,grib_migration_matrix_4pop_weak.csv,0.025,4,1201056339
4823,34,1000,weak,grib_migration_matrix_4pop_weak.csv,0.025,4,1201056339
4824,35,1000,weak,grib_migration_matrix_4pop_weak.csv,0.025,4,1201056339
4825,36,1000,weak,grib_migration_matrix_4pop_weak.csv,0.025,4,1201056339
4826,37,1000,weak,grib_migration_matrix_4pop_weak.csv,0.025,4,1201056339
4827,38,1000,weak,grib_migration_matrix_4pop_weak.csv,0.025,4,1201056339
4828,39,1000,weak,grib_migration_matrix_4pop_weak.csv,0.025,4,1201056339
4829,40,1000,weak,grib_migration_matrix_4pop_weak.csv,0.025,4,1201056339
4830,41,1000,weak,grib_migration_matrix_4pop_weak.csv,0.025,4,1201056339
4831,42,1000,weak,grib_migration_matrix_4pop_weak.csv,0.025,4,1201056339
4832,43,1000,weak,grib_migration_matrix_4pop_weak.csv,0.025,4,1201056339
4833,44,1000,weak,grib_migration_matrix_4pop_weak.csv,0.025,4,1201056339
4834,45,1000,weak,grib_migration_matrix_4pop_weak.csv,0.025,4,1201056339
4835,46,1000,weak,grib_migration_matrix_4pop_weak.csv,0.025,4,1201056339
4836,47,1000,weak,grib_migration_matrix_4pop_weak.csv,0.025,4,1201056339
4837,48,1000,weak,grib_migration_matrix_4pop_weak.csv,0.025,4,1201056339
4838,49,1000,weak,grib_migration_matrix_4pop_weak.csv,0.025,4,1201056339
4839,50,1000,weak,grib_migration_matrix_4pop_weak.csv,0.025,4,1201056339
4840,51,1000,weak,grib_migration_matrix_4pop_weak.csv,0.025,4,1201056339
4841,52,1000,weak,grib_migration_matrix_4pop_weak.csv,0.025,4,1201056339
4842,53,1000,weak,grib_migration_matrix_4pop_weak.csv,0.025,4,1201056339
4843,54,1000,weak,grib_migration_matrix_4pop_weak.csv,0.025,4,1201056339
4844,55,1000,weak,grib_migration_matrix_4pop_weak.csv,0.025,4,1201056339
4845,56,1000,weak,grib_migration_matrix_4pop_weak.csv,0.025,4,1201056339
4846,57,1000,weak,grib_migration_matrix_4pop_weak.csv,0.025,4,1201056339
4847,58,1000,weak,grib_migration_matrix_4pop_weak.csv,0.025,4,1201056339
4848,59,1000,weak,grib_migration_matrix_4pop_weak.csv,0.025,4,1201056339
4849,60,1000,weak,grib_migration_matrix_4pop_weak.csv,0.025,4,1201056339
4850,61,1000,weak,grib_migration_matrix_4pop_weak.csv,0.025,4,1201056339
4851,62,1000,weak,grib_migration_matrix_4pop_weak.csv,0.025,4,1201056339
4852,63,1000,weak,grib_migration_matrix_4pop_weak.csv,0.025,4,1201056339
4853,64,1000,weak,grib_migration_matrix_4pop_weak.csv,0.025,4,1201056339
4854,65,1000,weak,grib_migration_matrix_4pop_weak.csv,0.025,4,1201056339
4855,66,1000,weak,grib_migration_matrix_4pop_weak.csv,0.025,4,1201056339
4856,67,1000,weak,grib_migration_matrix_4pop_weak.csv,0.025,4,1201056339
4857,68,1000,weak,grib_migration_matrix_4pop_weak.csv,0.025,4,1201056339
4858,69,1000,weak,grib_migration_matrix_4pop_weak.csv,0.025,4,1201056339
4859,70,1000,weak,grib_migration_matrix_4pop_weak.csv,0.025,4,1201056339
4860,71,1000,weak,grib_migration_matrix_4pop_weak.csv,0.025,4,1201056339
4861,72,1000,weak,grib_migration_matrix_4pop_weak.csv,0.025,4,1201056339
4862,73,1000,weak,grib_migration_matrix_4pop_weak.csv,0.025,4,1201056339
4863,74,1000,weak,grib_migration_matrix_4pop_weak.csv,0.025,4,1201056339
4864,75,1000,weak,grib_migration_matrix_4pop_weak.csv,0.025,4,1201056339
4865,0,1000,weak,grib_migration_matrix_4pop_weak.csv,0.025,5,419751697
4866,1,1000,weak,grib_migration_matrix_4pop_weak.csv,0.025,5,419751697
4867,2,1000,weak,grib_migration_matrix_4pop_weak.csv,0.025,5,419751697
4868,3,1000,weak,grib_migration_matrix_4pop_weak.csv,0.025,5,419751697
4869,4,1000,weak,grib_migration_matrix_4pop_weak.csv,0.025,5,419751697
4870,5,1000,weak,grib_migration_matrix_4pop_weak.csv,0.025,5,419751697
4871,6,1000,weak,grib_migration_matrix_4pop_weak.csv,0.025,5,419751697
4872,7,1000,weak,grib_migration_matrix_4pop_weak.csv,0.025,5,419751697
4873,8,1000,weak,grib_migration_matrix_4pop_weak.csv,0.025,5,419751697
4874,9,1000,weak,grib_migration_matrix_4pop_weak.csv,0.025,5,419751697
4875,10,1000,weak,grib_migration_matrix_4pop_weak.csv,0.025,5,419751697
4876,11,1000,weak,grib_migration_matrix_4pop_weak.csv,0.025,5,419751697
4877,12,1000,weak,grib_migration_matrix_4pop_weak.csv,0.025,5,419751697
4878,13,1000,weak,grib_migration_matrix_4pop_weak.csv,0.025,5,419751697
4879,14,1000,weak,grib_migration_matrix_4pop_weak.csv,0.025,5,419751697
4880,15,1000,weak,grib_migration_matrix_4pop_weak.csv,0.025,5,419751697
4881,16,1000,weak,grib_migration_matrix_4pop_weak.csv,0.025,5,419751697
4882,17,1000,weak,grib_migration_matrix_4pop_weak.csv,0.025,5,419751697
4883,18,1000,weak,grib_migration_matrix_4pop_weak.csv,0.025,5,419751697
4884,19,1000,weak,grib_migration_matrix_4pop_weak.csv,0.025,5,419751697
4885,20,1000,weak,grib_migration_matrix_4pop_weak.csv,0.025,5,419751697
4886,21,1000,weak,grib_migration_matrix_4pop_weak.csv,0.025,5,419751697
4887,22,1000,weak,grib_migration_matrix_4pop_weak.csv,0.025,5,419751697
4888,23,1000,weak,grib_migration_matrix_4pop_weak.csv,0.025,5,419751697
4889,24,1000,weak,grib_migration_matrix_4pop_weak.csv,0.025,5,419751697
4890,25,1000,weak,grib_migration_matrix_4pop_weak.csv,0.025,5,419751697
4891,26,1000,weak,grib_migration_matrix_4pop_weak.csv,0.025,5,419751697
4892,27,1000,weak,grib_migration_matrix_4pop_weak.csv,0.025,5,419751697
4893,28,1000,weak,grib_migration_matrix_4pop_weak.csv,0.025,5,419751697
4894,29,1000,weak,grib_migration_matrix_4pop_weak.csv,0.025,5,419751697
4895,30,1000,weak,grib_migration_matrix_4pop_weak.csv,0.025,5,419751697
4896,31,1000,weak,grib_migration_matrix_4pop_weak.csv,0.025,5,419751697
4897,32,1000,weak,grib_migration_matrix_4pop_weak.csv,0.025,5,419751697
4898,33,1000,weak,grib_migration_matrix_4pop_weak.csv,0.025,5,419751697
4899,34,1000,weak,grib_migration_matrix_4pop_weak.csv,0.025,5,419751697
4900,35,1000,weak,grib_migration_matrix_4pop_weak.csv,0.025,5,419751697
4901,36,1000,weak,grib_migration_matrix_4pop_weak.csv,0.025,5,419751697
4902,37,1000,weak,grib_migration_matrix_4pop_weak.csv,0.025,5,419751697
4903,38,1000,weak,grib_migration_matrix_4pop_weak.csv,0.025,5,419751697
4904,39,1000,weak,grib_migration_matrix_4pop_weak.csv,0.025,5,419751697
4905,40,1000,weak,grib_migration_matrix_4pop_weak.csv,0.025,5,419751697
4906,41,1000,weak,grib_migration_matrix_4pop_weak.csv,0.025,5,419751697
4907,42,1000,weak,grib_migration_matrix_4pop_weak.csv,0.025,5,419751697
4908,43,1000,weak,grib_migration_matrix_4pop_weak.csv,0.025,5,419751697
4909,44,1000,weak,grib_migration_matrix_4pop_weak.csv,0.025,5,419751697
4910,45,1000,weak,grib_migration_matrix_4pop_weak.csv,0.025,5,419751697
4911,46,1000,weak,grib_migration_matrix_4pop_weak.csv,0.025,5,419751697
4912,47,1000,weak,grib_migration_matrix_4pop_weak.csv,0.025,5,419751697
4913,48,1000,weak,grib_migration_matrix_4pop_weak.csv,0.025,5,419751697
4914,49,1000,weak,grib_migration_matrix_4pop_weak.csv,0.025,5,419751697
4915,50,1000,weak,grib_migration_matrix_4pop_weak.csv,0.025,5,419751697
4916,51,1000,weak,grib_migration_matrix_4pop_weak.csv,0.025,5,419751697
4917,52,1000,weak,grib_migration_matrix_4pop_weak.csv,0.025,5,419751697
4918,53,1000,weak,grib_migration_matrix_4pop_weak.csv,0.025,5,419751697
4919,54,1000,weak,grib_migration_matrix_4pop_weak.csv,0.025,5,419751697
4920,55,1000,weak,grib_migration_matrix_4pop_weak.csv,0.025,5,419751697
4921,56,1000,weak,grib_migration_matrix_4pop_weak.csv,0.025,5,419751697
4922,57,1000,weak,grib_migration_matrix_4pop_weak.csv,0.025,5,419751697
4923,58,1000,weak,grib_migration_matrix_4pop_weak.csv,0.025,5,419751697
4924,59,1000,weak,grib_migration_matrix_4pop_weak.csv,0.025,5,419751697
4925,60,1000,weak,grib_migration_matrix_4pop_weak.csv,0.025,5,419751697
4926,61,1000,weak,grib_migration_matrix_4pop_weak.csv,0.025,5,419751697
4927,62,1000,weak,grib_migration_matrix_4pop_weak.csv,0.025,5,419751697
4928,63,1000,weak,grib_migration_matrix_4pop_weak.csv,0.025,5,419751697
4929,64,1000,weak,grib_migration_matrix_4pop_weak.csv,0.025,5,419751697
4930,65,1000,weak,grib_migration_matrix_4pop_weak.csv,0.025,5,419751697
4931,66,1000,weak,grib_migration_matrix_4pop_weak.csv,0.025,5,419751697
4932,67,1000,weak,grib_migration_matrix_4pop_weak.csv,0.025,5,419751697
4933,68,1000,weak,grib_migration_matrix_4pop_weak.csv,0.025,5,419751697
4934,69,1000,weak,grib_migration_matrix_4pop_weak.csv,0.025,5,419751697
4935,70,1000,weak,grib_migration_matrix_4pop_weak.csv,0.025,5,419751697
4936,71,1000,weak,grib_migration_matrix_4pop_weak.csv,0.025,5,419751697
4937,72,1000,weak,grib_migration_matrix_4pop_weak.csv,0.025,5,419751697
4938,73,1000,weak,grib_migration_matrix_4pop_weak.csv,0.025,5,419751697
4939,74,1000,weak,grib_migration_matrix_4pop_weak.csv,0.025,5,419751697
4940,75,1000,weak,grib_migration_matrix_4pop_weak.csv,0.025,5,419751697
4941,0,1000,weak,grib_migration_matrix_4pop_weak.csv,0.025,6,1681307426
4942,1,1000,weak,grib_migration_matrix_4pop_weak.csv,0.025,6,1681307426
4943,2,1000,weak,grib_migration_matrix_4pop_weak.csv,0.025,6,1681307426
4944,3,1000,weak,grib_migration_matrix_4pop_weak.csv,0.025,6,1681307426
4945,4,1000,weak,grib_migration_matrix_4pop_weak.csv,0.025,6,1681307426
4946,5,1000,weak,grib_migration_matrix_4pop_weak.csv,0.025,6,1681307426
4947,6,1000,weak,grib_migration_matrix_4pop_weak.csv,0.025,6,1681307426
4948,7,1000,weak,grib_migration_matrix_4pop_weak.csv,0.025,6,1681307426
4949,8,1000,weak,grib_migration_matrix_4pop_weak.csv,0.025,6,1681307426
4950,9,1000,weak,grib_migration_matrix_4pop_weak.csv,0.025,6,1681307426
4951,10,1000,weak,grib_migration_matrix_4pop_weak.csv,0.025,6,1681307426
4952,11,1000,weak,grib_migration_matrix_4pop_weak.csv,0.025,6,1681307426
4953,12,1000,weak,grib_migration_matrix_4pop_weak.csv,0.025,6,1681307426
4954,13,1000,weak,grib_migration_matrix_4pop_weak.csv,0.025,6,1681307426
4955,14,1000,weak,grib_migration_matrix_4pop_weak.csv,0.025,6,1681307426
4956,15,1000,weak,grib_migration_matrix_4pop_weak.csv,0.025,6,1681307426
4957,16,1000,weak,grib_migration_matrix_4pop_weak.csv,0.025,6,1681307426
4958,17,1000,weak,grib_migration_matrix_4pop_weak.csv,0.025,6,1681307426
4959,18,1000,weak,grib_migration_matrix_4pop_weak.csv,0.025,6,1681307426
4960,19,1000,weak,grib_migration_matrix_4pop_weak.csv,0.025,6,1681307426
4961,20,1000,weak,grib_migration_matrix_4pop_weak.csv,0.025,6,1681307426
4962,21,1000,weak,grib_migration_matrix_4pop_weak.csv,0.025,6,1681307426
4963,22,1000,weak,grib_migration_matrix_4pop_weak.csv,0.025,6,1681307426
4964,23,1000,weak,grib_migration_matrix_4pop_weak.csv,0.025,6,1681307426
4965,24,1000,weak,grib_migration_matrix_4pop_weak.csv,0.025,6,1681307426
4966,25,1000,weak,grib_migration_matrix_4pop_weak.csv,0.025,6,1681307426
4967,26,1000,weak,grib_migration_matrix_4pop_weak.csv,0.025,6,1681307426
4968,27,1000,weak,grib_migration_matrix_4pop_weak.csv,0.025,6,1681307426
4969,28,1000,weak,grib_migration_matrix_4pop_weak.csv,0.025,6,1681307426
4970,29,1000,weak,grib_migration_matrix_4pop_weak.csv,0.025,6,1681307426
4971,30,1000,weak,grib_migration_matrix_4pop_weak.csv,0.025,6,1681307426
4972,31,1000,weak,grib_migration_matrix_4pop_weak.csv,0.025,6,1681307426
4973,32,1000,weak,grib_migration_matrix_4pop_weak.csv,0.025,6,1681307426
4974,33,1000,weak,grib_migration_matrix_4pop_weak.csv,0.025,6,1681307426
4975,34,1000,weak,grib_migration_matrix_4pop_weak.csv,0.025,6,1681307426
4976,35,1000,weak,grib_migration_matrix_4pop_weak.csv,0.025,6,1681307426
4977,36,1000,weak,grib_migration_matrix_4pop_weak.csv,0.025,6,1681307426
4978,37,1000,weak,grib_migration_matrix_4pop_weak.csv,0.025,6,1681307426
4979,38,1000,weak,grib_migration_matrix_4pop_weak.csv,0.025,6,1681307426
4980,39,1000,weak,grib_migration_matrix_4pop_weak.csv,0.025,6,1681307426
4981,40,1000,weak,grib_migration_matrix_4pop_weak.csv,0.025,6,1681307426
4982,41,1000,weak,grib_migration_matrix_4pop_weak.csv,0.025,6,1681307426
4983,42,1000,weak,grib_migration_matrix_4pop_weak.csv,0.025,6,1681307426
4984,43,1000,weak,grib_migration_matrix_4pop_weak.csv,0.025,6,1681307426
4985,44,1000,weak,grib_migration_matrix_4pop_weak.csv,0.025,6,1681307426
4986,45,1000,weak,grib_migration_matrix_4pop_weak.csv,0.025,6,1681307426
4987,46,1000,weak,grib_migration_matrix_4pop_weak.csv,0.025,6,1681307426
4988,47,1000,weak,grib_migration_matrix_4pop_weak.csv,0.025,6,1681307426
4989,48,1000,weak,grib_migration_matrix_4pop_weak.csv,0.025,6,1681307426
4990,49,1000,weak,grib_migration_matrix_4pop_weak.csv,0.025,6,1681307426
4991,50,1000,weak,grib_migration_matrix_4pop_weak.csv,0.025,6,1681307426
4992,51,1000,weak,grib_migration_matrix_4pop_weak.csv,0.025,6,1681307426
4993,52,1000,weak,grib_migration_matrix_4pop_weak.csv,0.025,6,1681307426
4994,53,1000,weak,grib_migration_matrix_4pop_weak.csv,0.025,6,1681307426
4995,54,1000,weak,grib_migration_matrix_4pop_weak.csv,0.025,6,1681307426
4996,55,1000,weak,grib_migration_matrix_4pop_weak.csv,0.025,6,1681307426
4997,56,1000,weak,grib_migration_matrix_4pop_weak.csv,0.025,6,1681307426
4998,57,1000,weak,grib_migration_matrix_4pop_weak.csv,0.025,6,1681307426
4999,58,1000,weak,grib_migration_matrix_4pop_weak.csv,0.025,6,1681307426
5000,59,1000,weak,grib_migration_matrix_4pop_weak.csv,0.025,6,1681307426
5001,60,1000,weak,grib_migration_matrix_4pop_weak.csv,0.025,6,1681307426
5002,61,1000,weak,grib_migration_matrix_4pop_weak.csv,0.025,6,1681307426
5003,62,1000,weak,grib_migration_matrix_4pop_weak.csv,0.025,6,1681307426
5004,63,1000,weak,grib_migration_matrix_4pop_weak.csv,0.025,6,1681307426
5005,64,1000,weak,grib_migration_matrix_4pop_weak.csv,0.025,6,1681307426
5006,65,1000,weak,grib_migration_matrix_4pop_weak.csv,0.025,6,1681307426
5007,66,1000,weak,grib_migration_matrix_4pop_weak.csv,0.025,6,1681307426
5008,67,1000,weak,grib_migration_matrix_4pop_weak.csv,0.025,6,1681307426
5009,68,1000,weak,grib_migration_matrix_4pop_weak.csv,0.025,6,1681307426
5010,69,1000,weak,grib_migration_matrix_4pop_weak.csv,0.025,6,1681307426
5011,70,1000,weak,grib_migration_matrix_4pop_weak.csv,0.025,6,1681307426
5012,71,1000,weak,grib_migration_matrix_4pop_weak.csv,0.025,6,1681307426
5013,72,1000,weak,grib_migration_matrix_4pop_weak.csv,0.025,6,1681307426
5014,73,1000,weak,grib_migration_matrix_4pop_weak.csv,0.025,6,1681307426
5015,74,1000,weak,grib_migration_matrix_4pop_weak.csv,0.025,6,1681307426
5016,75,1000,weak,grib_migration_matrix_4pop_weak.csv,0.025,6,1681307426
5017,0,1000,weak,grib_migration_matrix_4pop_weak.csv,0.025,7,1436118460
5018,1,1000,weak,grib_migration_matrix_4pop_weak.csv,0.025,7,1436118460
5019,2,1000,weak,grib_migration_matrix_4pop_weak.csv,0.025,7,1436118460
5020,3,1000,weak,grib_migration_matrix_4pop_weak.csv,0.025,7,1436118460
5021,4,1000,weak,grib_migration_matrix_4pop_weak.csv,0.025,7,1436118460
5022,5,1000,weak,grib_migration_matrix_4pop_weak.csv,0.025,7,1436118460
5023,6,1000,weak,grib_migration_matrix_4pop_weak.csv,0.025,7,1436118460
5024,7,1000,weak,grib_migration_matrix_4pop_weak.csv,0.025,7,1436118460
5025,8,1000,weak,grib_migration_matrix_4pop_weak.csv,0.025,7,1436118460
5026,9,1000,weak,grib_migration_matrix_4pop_weak.csv,0.025,7,1436118460
5027,10,1000,weak,grib_migration_matrix_4pop_weak.csv,0.025,7,1436118460
5028,11,1000,weak,grib_migration_matrix_4pop_weak.csv,0.025,7,1436118460
5029,12,1000,weak,grib_migration_matrix_4pop_weak.csv,0.025,7,1436118460
5030,13,1000,weak,grib_migration_matrix_4pop_weak.csv,0.025,7,1436118460
5031,14,1000,weak,grib_migration_matrix_4pop_weak.csv,0.025,7,1436118460
5032,15,1000,weak,grib_migration_matrix_4pop_weak.csv,0.025,7,1436118460
5033,16,1000,weak,grib_migration_matrix_4pop_weak.csv,0.025,7,1436118460
5034,17,1000,weak,grib_migration_matrix_4pop_weak.csv,0.025,7,1436118460
5035,18,1000,weak,grib_migration_matrix_4pop_weak.csv,0.025,7,1436118460
5036,19,1000,weak,grib_migration_matrix_4pop_weak.csv,0.025,7,1436118460
5037,20,1000,weak,grib_migration_matrix_4pop_weak.csv,0.025,7,1436118460
5038,21,1000,weak,grib_migration_matrix_4pop_weak.csv,0.025,7,1436118460
5039,22,1000,weak,grib_migration_matrix_4pop_weak.csv,0.025,7,1436118460
5040,23,1000,weak,grib_migration_matrix_4pop_weak.csv,0.025,7,1436118460
5041,24,1000,weak,grib_migration_matrix_4pop_weak.csv,0.025,7,1436118460
5042,25,1000,weak,grib_migration_matrix_4pop_weak.csv,0.025,7,1436118460
5043,26,1000,weak,grib_migration_matrix_4pop_weak.csv,0.025,7,1436118460
5044,27,1000,weak,grib_migration_matrix_4pop_weak.csv,0.025,7,1436118460
5045,28,1000,weak,grib_migration_matrix_4pop_weak.csv,0.025,7,1436118460
5046,29,1000,weak,grib_migration_matrix_4pop_weak.csv,0.025,7,1436118460
5047,30,1000,weak,grib_migration_matrix_4pop_weak.csv,0.025,7,1436118460
5048,31,1000,weak,grib_migration_matrix_4pop_weak.csv,0.025,7,1436118460
5049,32,1000,weak,grib_migration_matrix_4pop_weak.csv,0.025,7,1436118460
5050,33,1000,weak,grib_migration_matrix_4pop_weak.csv,0.025,7,1436118460
5051,34,1000,weak,grib_migration_matrix_4pop_weak.csv,0.025,7,1436118460
5052,35,1000,weak,grib_migration_matrix_4pop_weak.csv,0.025,7,1436118460
5053,36,1000,weak,grib_migration_matrix_4pop_weak.csv,0.025,7,1436118460
5054,37,1000,weak,grib_migration_matrix_4pop_weak.csv,0.025,7,1436118460
5055,38,1000,weak,grib_migration_matrix_4pop_weak.csv,0.025,7,1436118460
5056,39,1000,weak,grib_migration_matrix_4pop_weak.csv,0.025,7,1436118460
5057,40,1000,weak,grib_migration_matrix_4pop_weak.csv,0.025,7,1436118460
5058,41,1000,weak,grib_migration_matrix_4pop_weak.csv,0.025,7,1436118460
5059,42,1000,weak,grib_migration_matrix_4pop_weak.csv,0.025,7,1436118460
5060,43,1000,weak,grib_migration_matrix_4pop_weak.csv,0.025,7,1436118460
5061,44,1000,weak,grib_migration_matrix_4pop_weak.csv,0.025,7,1436118460
5062,45,1000,weak,grib_migration_matrix_4pop_weak.csv,0.025,7,1436118460
5063,46,1000,weak,grib_migration_matrix_4pop_weak.csv,0.025,7,1436118460
5064,47,1000,weak,grib_migration_matrix_4pop_weak.csv,0.025,7,1436118460
5065,48,1000,weak,grib_migration_matrix_4pop_weak.csv,0.025,7,1436118460
5066,49,1000,weak,grib_migration_matrix_4pop_weak.csv,0.025,7,1436118460
5067,50,1000,weak,grib_migration_matrix_4pop_weak.csv,0.025,7,1436118460
5068,51,1000,weak,grib_migration_matrix_4pop_weak.csv,0.025,7,1436118460
5069,52,1000,weak,grib_migration_matrix_4pop_weak.csv,0.025,7,1436118460
5070,53,1000,weak,grib_migration_matrix_4pop_weak.csv,0.025,7,1436118460
5071,54,1000,weak,grib_migration_matrix_4pop_weak.csv,0.025,7,1436118460
5072,55,1000,weak,grib_migration_matrix_4pop_weak.csv,0.025,7,1436118460
5073,56,1000,weak,grib_migration_matrix_4pop_weak.csv,0.025,7,1436118460
5074,57,1000,weak,grib_migration_matrix_4pop_weak.csv,0.025,7,1436118460
5075,58,1000,weak,grib_migration_matrix_4pop_weak.csv,0.025,7,1436118460
5076,59,1000,weak,grib_migration_matrix_4pop_weak.csv,0.025,7,1436118460
5077,60,1000,weak,grib_migration_matrix_4pop_weak.csv,0.025,7,1436118460
5078,61,1000,weak,grib_migration_matrix_4pop_weak.csv,0.025,7,1436118460
5079,62,1000,weak,grib_migration_matrix_4pop_weak.csv,0.025,7,1436118460
5080,63,1000,weak,grib_migration_matrix_4pop_weak.csv,0.025,7,1436118460
5081,64,1000,weak,grib_migration_matrix_4pop_weak.csv,0.025,7,1436118460
5082,65,1000,weak,grib_migration_matrix_4pop_weak.csv,0.025,7,1436118460
5083,66,1000,weak,grib_migration_matrix_4pop_weak.csv,0.025,7,1436118460
5084,67,1000,weak,grib_migration_matrix_4pop_weak.csv,0.025,7,1436118460
5085,68,1000,weak,grib_migration_matrix_4pop_weak.csv,0.025,7,1436118460
5086,69,1000,weak,grib_migration_matrix_4pop_weak.csv,0.025,7,1436118460
5087,70,1000,weak,grib_migration_matrix_4pop_weak.csv,0.025,7,1436118460
5088,71,1000,weak,grib_migration_matrix_4pop_weak.csv,0.025,7,1436118460
5089,72,1000,weak,grib_migration_matrix_4pop_weak.csv,0.025,7,1436118460
5090,73,1000,weak,grib_migration_matrix_4pop_weak.csv,0.025,7,1436118460
5091,74,1000,weak,grib_migration_matrix_4pop_weak.csv,0.025,7,1436118460
5092,75,1000,weak,grib_migration_matrix_4pop_weak.csv,0.025,7,1436118460
5093,0,1000,weak,grib_migration_matrix_4pop_weak.csv,0.025,8,312763551
5094,1,1000,weak,grib_migration_matrix_4pop_weak.csv,0.025,8,312763551
5095,2,1000,weak,grib_migration_matrix_4pop_weak.csv,0.025,8,312763551
5096,3,1000,weak,grib_migration_matrix_4pop_weak.csv,0.025,8,312763551
5097,4,1000,weak,grib_migration_matrix_4pop_weak.csv,0.025,8,312763551
5098,5,1000,weak,grib_migration_matrix_4pop_weak.csv,0.025,8,312763551
5099,6,1000,weak,grib_migration_matrix_4pop_weak.csv,0.025,8,312763551
5100,7,1000,weak,grib_migration_matrix_4pop_weak.csv,0.025,8,312763551
5101,8,1000,weak,grib_migration_matrix_4pop_weak.csv,0.025,8,312763551
5102,9,1000,weak,grib_migration_matrix_4pop_weak.csv,0.025,8,312763551
5103,10,1000,weak,grib_migration_matrix_4pop_weak.csv,0.025,8,312763551
5104,11,1000,weak,grib_migration_matrix_4pop_weak.csv,0.025,8,312763551
5105,12,1000,weak,grib_migration_matrix_4pop_weak.csv,0.025,8,312763551
5106,13,1000,weak,grib_migration_matrix_4pop_weak.csv,0.025,8,312763551
5107,14,1000,weak,grib_migration_matrix_4pop_weak.csv,0.025,8,312763551
5108,15,1000,weak,grib_migration_matrix_4pop_weak.csv,0.025,8,312763551
5109,16,1000,weak,grib_migration_matrix_4pop_weak.csv,0.025,8,312763551
5110,17,1000,weak,grib_migration_matrix_4pop_weak.csv,0.025,8,312763551
5111,18,1000,weak,grib_migration_matrix_4pop_weak.csv,0.025,8,312763551
5112,19,1000,weak,grib_migration_matrix_4pop_weak.csv,0.025,8,312763551
5113,20,1000,weak,grib_migration_matrix_4pop_weak.csv,0.025,8,312763551
5114,21,1000,weak,grib_migration_matrix_4pop_weak.csv,0.025,8,312763551
5115,22,1000,weak,grib_migration_matrix_4pop_weak.csv,0.025,8,312763551
5116,23,1000,weak,grib_migration_matrix_4pop_weak.csv,0.025,8,312763551
5117,24,1000,weak,grib_migration_matrix_4pop_weak.csv,0.025,8,312763551
5118,25,1000,weak,grib_migration_matrix_4pop_weak.csv,0.025,8,312763551
5119,26,1000,weak,grib_migration_matrix_4pop_weak.csv,0.025,8,312763551
5120,27,1000,weak,grib_migration_matrix_4pop_weak.csv,0.025,8,312763551
5121,28,1000,weak,grib_migration_matrix_4pop_weak.csv,0.025,8,312763551
5122,29,1000,weak,grib_migration_matrix_4pop_weak.csv,0.025,8,312763551
5123,30,1000,weak,grib_migration_matrix_4pop_weak.csv,0.025,8,312763551
5124,31,1000,weak,grib_migration_matrix_4pop_weak.csv,0.025,8,312763551
5125,32,1000,weak,grib_migration_matrix_4pop_weak.csv,0.025,8,312763551
5126,33,1000,weak,grib_migration_matrix_4pop_weak.csv,0.025,8,312763551
5127,34,1000,weak,grib_migration_matrix_4pop_weak.csv,0.025,8,312763551
5128,35,1000,weak,grib_migration_matrix_4pop_weak.csv,0.025,8,312763551
5129,36,1000,weak,grib_migration_matrix_4pop_weak.csv,0.025,8,312763551
5130,37,1000,weak,grib_migration_matrix_4pop_weak.csv,0.025,8,312763551
5131,38,1000,weak,grib_migration_matrix_4pop_weak.csv,0.025,8,312763551
5132,39,1000,weak,grib_migration_matrix_4pop_weak.csv,0.025,8,312763551
5133,40,1000,weak,grib_migration_matrix_4pop_weak.csv,0.025,8,312763551
5134,41,1000,weak,grib_migration_matrix_4pop_weak.csv,0.025,8,312763551
5135,42,1000,weak,grib_migration_matrix_4pop_weak.csv,0.025,8,312763551
5136,43,1000,weak,grib_migration_matrix_4pop_weak.csv,0.025,8,312763551
5137,44,1000,weak,grib_migration_matrix_4pop_weak.csv,0.025,8,312763551
5138,45,1000,weak,grib_migration_matrix_4pop_weak.csv,0.025,8,312763551
5139,46,1000,weak,grib_migration_matrix_4pop_weak.csv,0.025,8,312763551
5140,47,1000,weak,grib_migration_matrix_4pop_weak.csv,0.025,8,312763551
5141,48,1000,weak,grib_migration_matrix_4pop_weak.csv,0.025,8,312763551
5142,49,1000,weak,grib_migration_matrix_4pop_weak.csv,0.025,8,312763551
5143,50,1000,weak,grib_migration_matrix_4pop_weak.csv,0.025,8,312763551
5144,51,1000,weak,grib_migration_matrix_4pop_weak.csv,0.025,8,312763551
5145,52,1000,weak,grib_migration_matrix_4pop_weak.csv,0.025,8,312763551
5146,53,1000,weak,grib_migration_matrix_4pop_weak.csv,0.025,8,312763551
5147,54,1000,weak,grib_migration_matrix_4pop_weak.csv,0.025,8,312763551
5148,55,1000,weak,grib_migration_matrix_4pop_weak.csv,0.025,8,312763551
5149,56,1000,weak,grib_migration_matrix_4pop_weak.csv,0.025,8,312763551
5150,57,1000,weak,grib_migration_matrix_4pop_weak.csv,0.025,8,312763551
5151,58,1000,weak,grib_migration_matrix_4pop_weak.csv,0.025,8,312763551
5152,59,1000,weak,grib_migration_matrix_4pop_weak.csv,0.025,8,312763551
5153,60,1000,weak,grib_migration_matrix_4pop_weak.csv,0.025,8,312763551
5154,61,1000,weak,grib_migration_matrix_4pop_weak.csv,0.025,8,312763551
5155,62,1000,weak,grib_migration_matrix_4pop_weak.csv,0.025,8,312763551
5156,63,1000,weak,grib_migration_matrix_4pop_weak.csv,0.025,8,312763551
5157,64,1000,weak,grib_migration_matrix_4pop_weak.csv,0.025,8,312763551
5158,65,1000,weak,grib_migration_matrix_4pop_weak.csv,0.025,8,312763551
5159,66,1000,weak,grib_migration_matrix_4pop_weak.csv,0.025,8,312763551
5160,67,1000,weak,grib_migration_matrix_4pop_weak.csv,0.025,8,312763551
5161,68,1000,weak,grib_migration_matrix_4pop_weak.csv,0.025,8,312763551
5162,69,1000,weak,grib_migration_matrix_4pop_weak.csv,0.025,8,312763551
5163,70,1000,weak,grib_migration_matrix_4pop_weak.csv,0.025,8,312763551
5164,71,1000,weak,grib_migration_matrix_4pop_weak.csv,0.025,8,312763551
5165,72,1000,weak,grib_migration_matrix_4pop_weak.csv,0.025,8,312763551
5166,73,1000,weak,grib_migration_matrix_4pop_weak.csv,0.025,8,312763551
5167,74,1000,weak,grib_migration_matrix_4pop_weak.csv,0.025,8,312763551
5168,75,1000,weak,grib_migration_matrix_4pop_weak.csv,0.025,8,312763551
5169,0,1000,weak,grib_migration_matrix_4pop_weak.csv,0.025,9,1463307472
5170,1,1000,weak,grib_migration_matrix_4pop_weak.csv,0.025,9,1463307472
5171,2,1000,weak,grib_migration_matrix_4pop_weak.csv,0.025,9,1463307472
5172,3,1000,weak,grib_migration_matrix_4pop_weak.csv,0.025,9,1463307472
5173,4,1000,weak,grib_migration_matrix_4pop_weak.csv,0.025,9,1463307472
5174,5,1000,weak,grib_migration_matrix_4pop_weak.csv,0.025,9,1463307472
5175,6,1000,weak,grib_migration_matrix_4pop_weak.csv,0.025,9,1463307472
5176,7,1000,weak,grib_migration_matrix_4pop_weak.csv,0.025,9,1463307472
5177,8,1000,weak,grib_migration_matrix_4pop_weak.csv,0.025,9,1463307472
5178,9,1000,weak,grib_migration_matrix_4pop_weak.csv,0.025,9,1463307472
5179,10,1000,weak,grib_migration_matrix_4pop_weak.csv,0.025,9,1463307472
5180,11,1000,weak,grib_migration_matrix_4pop_weak.csv,0.025,9,1463307472
5181,12,1000,weak,grib_migration_matrix_4pop_weak.csv,0.025,9,1463307472
5182,13,1000,weak,grib_migration_matrix_4pop_weak.csv,0.025,9,1463307472
5183,14,1000,weak,grib_migration_matrix_4pop_weak.csv,0.025,9,1463307472
5184,15,1000,weak,grib_migration_matrix_4pop_weak.csv,0.025,9,1463307472
5185,16,1000,weak,grib_migration_matrix_4pop_weak.csv,0.025,9,1463307472
5186,17,1000,weak,grib_migration_matrix_4pop_weak.csv,0.025,9,1463307472
5187,18,1000,weak,grib_migration_matrix_4pop_weak.csv,0.025,9,1463307472
5188,19,1000,weak,grib_migration_matrix_4pop_weak.csv,0.025,9,1463307472
5189,20,1000,weak,grib_migration_matrix_4pop_weak.csv,0.025,9,1463307472
5190,21,1000,weak,grib_migration_matrix_4pop_weak.csv,0.025,9,1463307472
5191,22,1000,weak,grib_migration_matrix_4pop_weak.csv,0.025,9,1463307472
5192,23,1000,weak,grib_migration_matrix_4pop_weak.csv,0.025,9,1463307472
5193,24,1000,weak,grib_migration_matrix_4pop_weak.csv,0.025,9,1463307472
5194,25,1000,weak,grib_migration_matrix_4pop_weak.csv,0.025,9,1463307472
5195,26,1000,weak,grib_migration_matrix_4pop_weak.csv,0.025,9,1463307472
5196,27,1000,weak,grib_migration_matrix_4pop_weak.csv,0.025,9,1463307472
5197,28,1000,weak,grib_migration_matrix_4pop_weak.csv,0.025,9,1463307472
5198,29,1000,weak,grib_migration_matrix_4pop_weak.csv,0.025,9,1463307472
5199,30,1000,weak,grib_migration_matrix_4pop_weak.csv,0.025,9,1463307472
5200,31,1000,weak,grib_migration_matrix_4pop_weak.csv,0.025,9,1463307472
5201,32,1000,weak,grib_migration_matrix_4pop_weak.csv,0.025,9,1463307472
5202,33,1000,weak,grib_migration_matrix_4pop_weak.csv,0.025,9,1463307472
5203,34,1000,weak,grib_migration_matrix_4pop_weak.csv,0.025,9,1463307472
5204,35,1000,weak,grib_migration_matrix_4pop_weak.csv,0.025,9,1463307472
5205,36,1000,weak,grib_migration_matrix_4pop_weak.csv,0.025,9,1463307472
5206,37,1000,weak,grib_migration_matrix_4pop_weak.csv,0.025,9,1463307472
5207,38,1000,weak,grib_migration_matrix_4pop_weak.csv,0.025,9,1463307472
5208,39,1000,weak,grib_migration_matrix_4pop_weak.csv,0.025,9,1463307472
5209,40,1000,weak,grib_migration_matrix_4pop_weak.csv,0.025,9,1463307472
5210,41,1000,weak,grib_migration_matrix_4pop_weak.csv,0.025,9,1463307472
5211,42,1000,weak,grib_migration_matrix_4pop_weak.csv,0.025,9,1463307472
5212,43,1000,weak,grib_migration_matrix_4pop_weak.csv,0.025,9,1463307472
5213,44,1000,weak,grib_migration_matrix_4pop_weak.csv,0.025,9,1463307472
5214,45,1000,weak,grib_migration_matrix_4pop_weak.csv,0.025,9,1463307472
5215,46,1000,weak,grib_migration_matrix_4pop_weak.csv,0.025,9,1463307472
5216,47,1000,weak,grib_migration_matrix_4pop_weak.csv,0.025,9,1463307472
5217,48,1000,weak,grib_migration_matrix_4pop_weak.csv,0.025,9,1463307472
5218,49,1000,weak,grib_migration_matrix_4pop_weak.csv,0.025,9,1463307472
5219,50,1000,weak,grib_migration_matrix_4pop_weak.csv,0.025,9,1463307472
5220,51,1000,weak,grib_migration_matrix_4pop_weak.csv,0.025,9,1463307472
5221,52,1000,weak,grib_migration_matrix_4pop_weak.csv,0.025,9,1463307472
5222,53,1000,weak,grib_migration_matrix_4pop_weak.csv,0.025,9,1463307472
5223,54,1000,weak,grib_migration_matrix_4pop_weak.csv,0.025,9,1463307472
5224,55,1000,weak,grib_migration_matrix_4pop_weak.csv,0.025,9,1463307472
5225,56,1000,weak,grib_migration_matrix_4pop_weak.csv,0.025,9,1463307472
5226,57,1000,weak,grib_migration_matrix_4pop_weak.csv,0.025,9,1463307472
5227,58,1000,weak,grib_migration_matrix_4pop_weak.csv,0.025,9,1463307472
5228,59,1000,weak,grib_migration_matrix_4pop_weak.csv,0.025,9,1463307472
5229,60,1000,weak,grib_migration_matrix_4pop_weak.csv,0.025,9,1463307472
5230,61,1000,weak,grib_migration_matrix_4pop_weak.csv,0.025,9,1463307472
5231,62,1000,weak,grib_migration_matrix_4pop_weak.csv,0.025,9,1463307472
5232,63,1000,weak,grib_migration_matrix_4pop_weak.csv,0.025,9,1463307472
5233,64,1000,weak,grib_migration_matrix_4pop_weak.csv,0.025,9,1463307472
5234,65,1000,weak,grib_migration_matrix_4pop_weak.csv,0.025,9,1463307472
5235,66,1000,weak,grib_migration_matrix_4pop_weak.csv,0.025,9,1463307472
5236,67,1000,weak,grib_migration_matrix_4pop_weak.csv,0.025,9,1463307472
5237,68,1000,weak,grib_migration_matrix_4pop_weak.csv,0.025,9,1463307472
5238,69,1000,weak,grib_migration_matrix_4pop_weak.csv,0.025,9,1463307472
5239,70,1000,weak,grib_migration_matrix_4pop_weak.csv,0.025,9,1463307472
5240,71,1000,weak,grib_migration_matrix_4pop_weak.csv,0.025,9,1463307472
5241,72,1000,weak,grib_migration_matrix_4pop_weak.csv,0.025,9,1463307472
5242,73,1000,weak,grib_migration_matrix_4pop_weak.csv,0.025,9,1463307472
5243,74,1000,weak,grib_migration_matrix_4pop_weak.csv,0.025,9,1463307472
5244,75,1000,weak,grib_migration_matrix_4pop_weak.csv,0.025,9,1463307472
5245,0,1000,weak,grib_migration_matrix_4pop_weak.csv,0.025,10,1695872784
5246,1,1000,weak,grib_migration_matrix_4pop_weak.csv,0.025,10,1695872784
5247,2,1000,weak,grib_migration_matrix_4pop_weak.csv,0.025,10,1695872784
5248,3,1000,weak,grib_migration_matrix_4pop_weak.csv,0.025,10,1695872784
5249,4,1000,weak,grib_migration_matrix_4pop_weak.csv,0.025,10,1695872784
5250,5,1000,weak,grib_migration_matrix_4pop_weak.csv,0.025,10,1695872784
5251,6,1000,weak,grib_migration_matrix_4pop_weak.csv,0.025,10,1695872784
5252,7,1000,weak,grib_migration_matrix_4pop_weak.csv,0.025,10,1695872784
5253,8,1000,weak,grib_migration_matrix_4pop_weak.csv,0.025,10,1695872784
5254,9,1000,weak,grib_migration_matrix_4pop_weak.csv,0.025,10,1695872784
5255,10,1000,weak,grib_migration_matrix_4pop_weak.csv,0.025,10,1695872784
5256,11,1000,weak,grib_migration_matrix_4pop_weak.csv,0.025,10,1695872784
5257,12,1000,weak,grib_migration_matrix_4pop_weak.csv,0.025,10,1695872784
5258,13,1000,weak,grib_migration_matrix_4pop_weak.csv,0.025,10,1695872784
5259,14,1000,weak,grib_migration_matrix_4pop_weak.csv,0.025,10,1695872784
5260,15,1000,weak,grib_migration_matrix_4pop_weak.csv,0.025,10,1695872784
5261,16,1000,weak,grib_migration_matrix_4pop_weak.csv,0.025,10,1695872784
5262,17,1000,weak,grib_migration_matrix_4pop_weak.csv,0.025,10,1695872784
5263,18,1000,weak,grib_migration_matrix_4pop_weak.csv,0.025,10,1695872784
5264,19,1000,weak,grib_migration_matrix_4pop_weak.csv,0.025,10,1695872784
5265,20,1000,weak,grib_migration_matrix_4pop_weak.csv,0.025,10,1695872784
5266,21,1000,weak,grib_migration_matrix_4pop_weak.csv,0.025,10,1695872784
5267,22,1000,weak,grib_migration_matrix_4pop_weak.csv,0.025,10,1695872784
5268,23,1000,weak,grib_migration_matrix_4pop_weak.csv,0.025,10,1695872784
5269,24,1000,weak,grib_migration_matrix_4pop_weak.csv,0.025,10,1695872784
5270,25,1000,weak,grib_migration_matrix_4pop_weak.csv,0.025,10,1695872784
5271,26,1000,weak,grib_migration_matrix_4pop_weak.csv,0.025,10,1695872784
5272,27,1000,weak,grib_migration_matrix_4pop_weak.csv,0.025,10,1695872784
5273,28,1000,weak,grib_migration_matrix_4pop_weak.csv,0.025,10,1695872784
5274,29,1000,weak,grib_migration_matrix_4pop_weak.csv,0.025,10,1695872784
5275,30,1000,weak,grib_migration_matrix_4pop_weak.csv,0.025,10,1695872784
5276,31,1000,weak,grib_migration_matrix_4pop_weak.csv,0.025,10,1695872784
5277,32,1000,weak,grib_migration_matrix_4pop_weak.csv,0.025,10,1695872784
5278,33,1000,weak,grib_migration_matrix_4pop_weak.csv,0.025,10,1695872784
5279,34,1000,weak,grib_migration_matrix_4pop_weak.csv,0.025,10,1695872784
5280,35,1000,weak,grib_migration_matrix_4pop_weak.csv,0.025,10,1695872784
5281,36,1000,weak,grib_migration_matrix_4pop_weak.csv,0.025,10,1695872784
5282,37,1000,weak,grib_migration_matrix_4pop_weak.csv,0.025,10,1695872784
5283,38,1000,weak,grib_migration_matrix_4pop_weak.csv,0.025,10,1695872784
5284,39,1000,weak,grib_migration_matrix_4pop_weak.csv,0.025,10,1695872784
5285,40,1000,weak,grib_migration_matrix_4pop_weak.csv,0.025,10,1695872784
5286,41,1000,weak,grib_migration_matrix_4pop_weak.csv,0.025,10,1695872784
5287,42,1000,weak,grib_migration_matrix_4pop_weak.csv,0.025,10,1695872784
5288,43,1000,weak,grib_migration_matrix_4pop_weak.csv,0.025,10,1695872784
5289,44,1000,weak,grib_migration_matrix_4pop_weak.csv,0.025,10,1695872784
5290,45,1000,weak,grib_migration_matrix_4pop_weak.csv,0.025,10,1695872784
5291,46,1000,weak,grib_migration_matrix_4pop_weak.csv,0.025,10,1695872784
5292,47,1000,weak,grib_migration_matrix_4pop_weak.csv,0.025,10,1695872784
5293,48,1000,weak,grib_migration_matrix_4pop_weak.csv,0.025,10,1695872784
5294,49,1000,weak,grib_migration_matrix_4pop_weak.csv,0.025,10,1695872784
5295,50,1000,weak,grib_migration_matrix_4pop_weak.csv,0.025,10,1695872784
5296,51,1000,weak,grib_migration_matrix_4pop_weak.csv,0.025,10,1695872784
5297,52,1000,weak,grib_migration_matrix_4pop_weak.csv,0.025,10,1695872784
5298,53,1000,weak,grib_migration_matrix_4pop_weak.csv,0.025,10,1695872784
5299,54,1000,weak,grib_migration_matrix_4pop_weak.csv,0.025,10,1695872784
5300,55,1000,weak,grib_migration_matrix_4pop_weak.csv,0.025,10,1695872784
5301,56,1000,weak,grib_migration_matrix_4pop_weak.csv,0.025,10,1695872784
5302,57,1000,weak,grib_migration_matrix_4pop_weak.csv,0.025,10,1695872784
5303,58,1000,weak,grib_migration_matrix_4pop_weak.csv,0.025,10,1695872784
5304,59,1000,weak,grib_migration_matrix_4pop_weak.csv,0.025,10,1695872784
5305,60,1000,weak,grib_migration_matrix_4pop_weak.csv,0.025,10,1695872784
5306,61,1000,weak,grib_migration_matrix_4pop_weak.csv,0.025,10,1695872784
5307,62,1000,weak,grib_migration_matrix_4pop_weak.csv,0.025,10,1695872784
5308,63,1000,weak,grib_migration_matrix_4pop_weak.csv,0.025,10,1695872784
5309,64,1000,weak,grib_migration_matrix_4pop_weak.csv,0.025,10,1695872784
5310,65,1000,weak,grib_migration_matrix_4pop_weak.csv,0.025,10,1695872784
5311,66,1000,weak,grib_migration_matrix_4pop_weak.csv,0.025,10,1695872784
5312,67,1000,weak,grib_migration_matrix_4pop_weak.csv,0.025,10,1695872784
5313,68,1000,weak,grib_migration_matrix_4pop_weak.csv,0.025,10,1695872784
5314,69,1000,weak,grib_migration_matrix_4pop_weak.csv,0.025,10,1695872784
5315,70,1000,weak,grib_migration_matrix_4pop_weak.csv,0.025,10,1695872784
5316,71,1000,weak,grib_migration_matrix_4pop_weak.csv,0.025,10,1695872784
5317,72,1000,weak,grib_migration_matrix_4pop_weak.csv,0.025,10,1695872784
5318,73,1000,weak,grib_migration_matrix_4pop_weak.csv,0.025,10,1695872784
5319,74,1000,weak,grib_migration_matrix_4pop_weak.csv,0.025,10,1695872784
5320,75,1000,weak,grib_migration_matrix_4pop_weak.csv,0.025,10,1695872784
5321,0,1000,weak,grib_migration_matrix_4pop_weak.csv,0.05,1,1053650615
5322,1,1000,weak,grib_migration_matrix_4pop_weak.csv,0.05,1,1053650615
5323,2,1000,weak,grib_migration_matrix_4pop_weak.csv,0.05,1,1053650615
5324,3,1000,weak,grib_migration_matrix_4pop_weak.csv,0.05,1,1053650615
5325,4,1000,weak,grib_migration_matrix_4pop_weak.csv,0.05,1,1053650615
5326,5,1000,weak,grib_migration_matrix_4pop_weak.csv,0.05,1,1053650615
5327,6,1000,weak,grib_migration_matrix_4pop_weak.csv,0.05,1,1053650615
5328,7,1000,weak,grib_migration_matrix_4pop_weak.csv,0.05,1,1053650615
5329,8,1000,weak,grib_migration_matrix_4pop_weak.csv,0.05,1,1053650615
5330,9,1000,weak,grib_migration_matrix_4pop_weak.csv,0.05,1,1053650615
5331,10,1000,weak,grib_migration_matrix_4pop_weak.csv,0.05,1,1053650615
5332,11,1000,weak,grib_migration_matrix_4pop_weak.csv,0.05,1,1053650615
5333,12,1000,weak,grib_migration_matrix_4pop_weak.csv,0.05,1,1053650615
5334,13,1000,weak,grib_migration_matrix_4pop_weak.csv,0.05,1,1053650615
5335,14,1000,weak,grib_migration_matrix_4pop_weak.csv,0.05,1,1053650615
5336,15,1000,weak,grib_migration_matrix_4pop_weak.csv,0.05,1,1053650615
5337,16,1000,weak,grib_migration_matrix_4pop_weak.csv,0.05,1,1053650615
5338,17,1000,weak,grib_migration_matrix_4pop_weak.csv,0.05,1,1053650615
5339,18,1000,weak,grib_migration_matrix_4pop_weak.csv,0.05,1,1053650615
5340,19,1000,weak,grib_migration_matrix_4pop_weak.csv,0.05,1,1053650615
5341,20,1000,weak,grib_migration_matrix_4pop_weak.csv,0.05,1,1053650615
5342,21,1000,weak,grib_migration_matrix_4pop_weak.csv,0.05,1,1053650615
5343,22,1000,weak,grib_migration_matrix_4pop_weak.csv,0.05,1,1053650615
5344,23,1000,weak,grib_migration_matrix_4pop_weak.csv,0.05,1,1053650615
5345,24,1000,weak,grib_migration_matrix_4pop_weak.csv,0.05,1,1053650615
5346,25,1000,weak,grib_migration_matrix_4pop_weak.csv,0.05,1,1053650615
5347,26,1000,weak,grib_migration_matrix_4pop_weak.csv,0.05,1,1053650615
5348,27,1000,weak,grib_migration_matrix_4pop_weak.csv,0.05,1,1053650615
5349,28,1000,weak,grib_migration_matrix_4pop_weak.csv,0.05,1,1053650615
5350,29,1000,weak,grib_migration_matrix_4pop_weak.csv,0.05,1,1053650615
5351,30,1000,weak,grib_migration_matrix_4pop_weak.csv,0.05,1,1053650615
5352,31,1000,weak,grib_migration_matrix_4pop_weak.csv,0.05,1,1053650615
5353,32,1000,weak,grib_migration_matrix_4pop_weak.csv,0.05,1,1053650615
5354,33,1000,weak,grib_migration_matrix_4pop_weak.csv,0.05,1,1053650615
5355,34,1000,weak,grib_migration_matrix_4pop_weak.csv,0.05,1,1053650615
5356,35,1000,weak,grib_migration_matrix_4pop_weak.csv,0.05,1,1053650615
5357,36,1000,weak,grib_migration_matrix_4pop_weak.csv,0.05,1,1053650615
5358,37,1000,weak,grib_migration_matrix_4pop_weak.csv,0.05,1,1053650615
5359,38,1000,weak,grib_migration_matrix_4pop_weak.csv,0.05,1,1053650615
5360,39,1000,weak,grib_migration_matrix_4pop_weak.csv,0.05,1,1053650615
5361,40,1000,weak,grib_migration_matrix_4pop_weak.csv,0.05,1,1053650615
5362,41,1000,weak,grib_migration_matrix_4pop_weak.csv,0.05,1,1053650615
5363,42,1000,weak,grib_migration_matrix_4pop_weak.csv,0.05,1,1053650615
5364,43,1000,weak,grib_migration_matrix_4pop_weak.csv,0.05,1,1053650615
5365,44,1000,weak,grib_migration_matrix_4pop_weak.csv,0.05,1,1053650615
5366,45,1000,weak,grib_migration_matrix_4pop_weak.csv,0.05,1,1053650615
5367,46,1000,weak,grib_migration_matrix_4pop_weak.csv,0.05,1,1053650615
5368,47,1000,weak,grib_migration_matrix_4pop_weak.csv,0.05,1,1053650615
5369,48,1000,weak,grib_migration_matrix_4pop_weak.csv,0.05,1,1053650615
5370,49,1000,weak,grib_migration_matrix_4pop_weak.csv,0.05,1,1053650615
5371,50,1000,weak,grib_migration_matrix_4pop_weak.csv,0.05,1,1053650615
5372,51,1000,weak,grib_migration_matrix_4pop_weak.csv,0.05,1,1053650615
5373,52,1000,weak,grib_migration_matrix_4pop_weak.csv,0.05,1,1053650615
5374,53,1000,weak,grib_migration_matrix_4pop_weak.csv,0.05,1,1053650615
5375,54,1000,weak,grib_migration_matrix_4pop_weak.csv,0.05,1,1053650615
5376,55,1000,weak,grib_migration_matrix_4pop_weak.csv,0.05,1,1053650615
5377,56,1000,weak,grib_migration_matrix_4pop_weak.csv,0.05,1,1053650615
5378,57,1000,weak,grib_migration_matrix_4pop_weak.csv,0.05,1,1053650615
5379,58,1000,weak,grib_migration_matrix_4pop_weak.csv,0.05,1,1053650615
5380,59,1000,weak,grib_migration_matrix_4pop_weak.csv,0.05,1,1053650615
5381,60,1000,weak,grib_migration_matrix_4pop_weak.csv,0.05,1,1053650615
5382,61,1000,weak,grib_migration_matrix_4pop_weak.csv,0.05,1,1053650615
5383,62,1000,weak,grib_migration_matrix_4pop_weak.csv,0.05,1,1053650615
5384,63,1000,weak,grib_migration_matrix_4pop_weak.csv,0.05,1,1053650615
5385,64,1000,weak,grib_migration_matrix_4pop_weak.csv,0.05,1,1053650615
5386,65,1000,weak,grib_migration_matrix_4pop_weak.csv,0.05,1,1053650615
5387,66,1000,weak,grib_migration_matrix_4pop_weak.csv,0.05,1,1053650615
5388,67,1000,weak,grib_migration_matrix_4pop_weak.csv,0.05,1,1053650615
5389,68,1000,weak,grib_migration_matrix_4pop_weak.csv,0.05,1,1053650615
5390,69,1000,weak,grib_migration_matrix_4pop_weak.csv,0.05,1,1053650615
5391,70,1000,weak,grib_migration_matrix_4pop_weak.csv,0.05,1,1053650615
5392,71,1000,weak,grib_migration_matrix_4pop_weak.csv,0.05,1,1053650615
5393,72,1000,weak,grib_migration_matrix_4pop_weak.csv,0.05,1,1053650615
5394,73,1000,weak,grib_migration_matrix_4pop_weak.csv,0.05,1,1053650615
5395,74,1000,weak,grib_migration_matrix_4pop_weak.csv,0.05,1,1053650615
5396,75,1000,weak,grib_migration_matrix_4pop_weak.csv,0.05,1,1053650615
5397,0,1000,weak,grib_migration_matrix_4pop_weak.csv,0.05,2,916929314
5398,1,1000,weak,grib_migration_matrix_4pop_weak.csv,0.05,2,916929314
5399,2,1000,weak,grib_migration_matrix_4pop_weak.csv,0.05,2,916929314
5400,3,1000,weak,grib_migration_matrix_4pop_weak.csv,0.05,2,916929314
5401,4,1000,weak,grib_migration_matrix_4pop_weak.csv,0.05,2,916929314
5402,5,1000,weak,grib_migration_matrix_4pop_weak.csv,0.05,2,916929314
5403,6,1000,weak,grib_migration_matrix_4pop_weak.csv,0.05,2,916929314
5404,7,1000,weak,grib_migration_matrix_4pop_weak.csv,0.05,2,916929314
5405,8,1000,weak,grib_migration_matrix_4pop_weak.csv,0.05,2,916929314
5406,9,1000,weak,grib_migration_matrix_4pop_weak.csv,0.05,2,916929314
5407,10,1000,weak,grib_migration_matrix_4pop_weak.csv,0.05,2,916929314
5408,11,1000,weak,grib_migration_matrix_4pop_weak.csv,0.05,2,916929314
5409,12,1000,weak,grib_migration_matrix_4pop_weak.csv,0.05,2,916929314
5410,13,1000,weak,grib_migration_matrix_4pop_weak.csv,0.05,2,916929314
5411,14,1000,weak,grib_migration_matrix_4pop_weak.csv,0.05,2,916929314
5412,15,1000,weak,grib_migration_matrix_4pop_weak.csv,0.05,2,916929314
5413,16,1000,weak,grib_migration_matrix_4pop_weak.csv,0.05,2,916929314
5414,17,1000,weak,grib_migration_matrix_4pop_weak.csv,0.05,2,916929314
5415,18,1000,weak,grib_migration_matrix_4pop_weak.csv,0.05,2,916929314
5416,19,1000,weak,grib_migration_matrix_4pop_weak.csv,0.05,2,916929314
5417,20,1000,weak,grib_migration_matrix_4pop_weak.csv,0.05,2,916929314
5418,21,1000,weak,grib_migration_matrix_4pop_weak.csv,0.05,2,916929314
5419,22,1000,weak,grib_migration_matrix_4pop_weak.csv,0.05,2,916929314
5420,23,1000,weak,grib_migration_matrix_4pop_weak.csv,0.05,2,916929314
5421,24,1000,weak,grib_migration_matrix_4pop_weak.csv,0.05,2,916929314
5422,25,1000,weak,grib_migration_matrix_4pop_weak.csv,0.05,2,916929314
5423,26,1000,weak,grib_migration_matrix_4pop_weak.csv,0.05,2,916929314
5424,27,1000,weak,grib_migration_matrix_4pop_weak.csv,0.05,2,916929314
5425,28,1000,weak,grib_migration_matrix_4pop_weak.csv,0.05,2,916929314
5426,29,1000,weak,grib_migration_matrix_4pop_weak.csv,0.05,2,916929314
5427,30,1000,weak,grib_migration_matrix_4pop_weak.csv,0.05,2,916929314
5428,31,1000,weak,grib_migration_matrix_4pop_weak.csv,0.05,2,916929314
5429,32,1000,weak,grib_migration_matrix_4pop_weak.csv,0.05,2,916929314
5430,33,1000,weak,grib_migration_matrix_4pop_weak.csv,0.05,2,916929314
5431,34,1000,weak,grib_migration_matrix_4pop_weak.csv,0.05,2,916929314
5432,35,1000,weak,grib_migration_matrix_4pop_weak.csv,0.05,2,916929314
5433,36,1000,weak,grib_migration_matrix_4pop_weak.csv,0.05,2,916929314
5434,37,1000,weak,grib_migration_matrix_4pop_weak.csv,0.05,2,916929314
5435,38,1000,weak,grib_migration_matrix_4pop_weak.csv,0.05,2,916929314
5436,39,1000,weak,grib_migration_matrix_4pop_weak.csv,0.05,2,916929314
5437,40,1000,weak,grib_migration_matrix_4pop_weak.csv,0.05,2,916929314
5438,41,1000,weak,grib_migration_matrix_4pop_weak.csv,0.05,2,916929314
5439,42,1000,weak,grib_migration_matrix_4pop_weak.csv,0.05,2,916929314
5440,43,1000,weak,grib_migration_matrix_4pop_weak.csv,0.05,2,916929314
5441,44,1000,weak,grib_migration_matrix_4pop_weak.csv,0.05,2,916929314
5442,45,1000,weak,grib_migration_matrix_4pop_weak.csv,0.05,2,916929314
5443,46,1000,weak,grib_migration_matrix_4pop_weak.csv,0.05,2,916929314
5444,47,1000,weak,grib_migration_matrix_4pop_weak.csv,0.05,2,916929314
5445,48,1000,weak,grib_migration_matrix_4pop_weak.csv,0.05,2,916929314
5446,49,1000,weak,grib_migration_matrix_4pop_weak.csv,0.05,2,916929314
5447,50,1000,weak,grib_migration_matrix_4pop_weak.csv,0.05,2,916929314
5448,51,1000,weak,grib_migration_matrix_4pop_weak.csv,0.05,2,916929314
5449,52,1000,weak,grib_migration_matrix_4pop_weak.csv,0.05,2,916929314
5450,53,1000,weak,grib_migration_matrix_4pop_weak.csv,0.05,2,916929314
5451,54,1000,weak,grib_migration_matrix_4pop_weak.csv,0.05,2,916929314
5452,55,1000,weak,grib_migration_matrix_4pop_weak.csv,0.05,2,916929314
5453,56,1000,weak,grib_migration_matrix_4pop_weak.csv,0.05,2,916929314
5454,57,1000,weak,grib_migration_matrix_4pop_weak.csv,0.05,2,916929314
5455,58,1000,weak,grib_migration_matrix_4pop_weak.csv,0.05,2,916929314
5456,59,1000,weak,grib_migration_matrix_4pop_weak.csv,0.05,2,916929314
5457,60,1000,weak,grib_migration_matrix_4pop_weak.csv,0.05,2,916929314
5458,61,1000,weak,grib_migration_matrix_4pop_weak.csv,0.05,2,916929314
5459,62,1000,weak,grib_migration_matrix_4pop_weak.csv,0.05,2,916929314
5460,63,1000,weak,grib_migration_matrix_4pop_weak.csv,0.05,2,916929314
5461,64,1000,weak,grib_migration_matrix_4pop_weak.csv,0.05,2,916929314
5462,65,1000,weak,grib_migration_matrix_4pop_weak.csv,0.05,2,916929314
5463,66,1000,weak,grib_migration_matrix_4pop_weak.csv,0.05,2,916929314
5464,67,1000,weak,grib_migration_matrix_4pop_weak.csv,0.05,2,916929314
5465,68,1000,weak,grib_migration_matrix_4pop_weak.csv,0.05,2,916929314
5466,69,1000,weak,grib_migration_matrix_4pop_weak.csv,0.05,2,916929314
5467,70,1000,weak,grib_migration_matrix_4pop_weak.csv,0.05,2,916929314
5468,71,1000,weak,grib_migration_matrix_4pop_weak.csv,0.05,2,916929314
5469,72,1000,weak,grib_migration_matrix_4pop_weak.csv,0.05,2,916929314
5470,73,1000,weak,grib_migration_matrix_4pop_weak.csv,0.05,2,916929314
5471,74,1000,weak,grib_migration_matrix_4pop_weak.csv,0.05,2,916929314
5472,75,1000,weak,grib_migration_matrix_4pop_weak.csv,0.05,2,916929314
5473,0,1000,weak,grib_migration_matrix_4pop_weak.csv,0.05,3,446634984
5474,1,1000,weak,grib_migration_matrix_4pop_weak.csv,0.05,3,446634984
5475,2,1000,weak,grib_migration_matrix_4pop_weak.csv,0.05,3,446634984
5476,3,1000,weak,grib_migration_matrix_4pop_weak.csv,0.05,3,446634984
5477,4,1000,weak,grib_migration_matrix_4pop_weak.csv,0.05,3,446634984
5478,5,1000,weak,grib_migration_matrix_4pop_weak.csv,0.05,3,446634984
5479,6,1000,weak,grib_migration_matrix_4pop_weak.csv,0.05,3,446634984
5480,7,1000,weak,grib_migration_matrix_4pop_weak.csv,0.05,3,446634984
5481,8,1000,weak,grib_migration_matrix_4pop_weak.csv,0.05,3,446634984
5482,9,1000,weak,grib_migration_matrix_4pop_weak.csv,0.05,3,446634984
5483,10,1000,weak,grib_migration_matrix_4pop_weak.csv,0.05,3,446634984
5484,11,1000,weak,grib_migration_matrix_4pop_weak.csv,0.05,3,446634984
5485,12,1000,weak,grib_migration_matrix_4pop_weak.csv,0.05,3,446634984
5486,13,1000,weak,grib_migration_matrix_4pop_weak.csv,0.05,3,446634984
5487,14,1000,weak,grib_migration_matrix_4pop_weak.csv,0.05,3,446634984
5488,15,1000,weak,grib_migration_matrix_4pop_weak.csv,0.05,3,446634984
5489,16,1000,weak,grib_migration_matrix_4pop_weak.csv,0.05,3,446634984
5490,17,1000,weak,grib_migration_matrix_4pop_weak.csv,0.05,3,446634984
5491,18,1000,weak,grib_migration_matrix_4pop_weak.csv,0.05,3,446634984
5492,19,1000,weak,grib_migration_matrix_4pop_weak.csv,0.05,3,446634984
5493,20,1000,weak,grib_migration_matrix_4pop_weak.csv,0.05,3,446634984
5494,21,1000,weak,grib_migration_matrix_4pop_weak.csv,0.05,3,446634984
5495,22,1000,weak,grib_migration_matrix_4pop_weak.csv,0.05,3,446634984
5496,23,1000,weak,grib_migration_matrix_4pop_weak.csv,0.05,3,446634984
5497,24,1000,weak,grib_migration_matrix_4pop_weak.csv,0.05,3,446634984
5498,25,1000,weak,grib_migration_matrix_4pop_weak.csv,0.05,3,446634984
5499,26,1000,weak,grib_migration_matrix_4pop_weak.csv,0.05,3,446634984
5500,27,1000,weak,grib_migration_matrix_4pop_weak.csv,0.05,3,446634984
5501,28,1000,weak,grib_migration_matrix_4pop_weak.csv,0.05,3,446634984
5502,29,1000,weak,grib_migration_matrix_4pop_weak.csv,0.05,3,446634984
5503,30,1000,weak,grib_migration_matrix_4pop_weak.csv,0.05,3,446634984
5504,31,1000,weak,grib_migration_matrix_4pop_weak.csv,0.05,3,446634984
5505,32,1000,weak,grib_migration_matrix_4pop_weak.csv,0.05,3,446634984
5506,33,1000,weak,grib_migration_matrix_4pop_weak.csv,0.05,3,446634984
5507,34,1000,weak,grib_migration_matrix_4pop_weak.csv,0.05,3,446634984
5508,35,1000,weak,grib_migration_matrix_4pop_weak.csv,0.05,3,446634984
5509,36,1000,weak,grib_migration_matrix_4pop_weak.csv,0.05,3,446634984
5510,37,1000,weak,grib_migration_matrix_4pop_weak.csv,0.05,3,446634984
5511,38,1000,weak,grib_migration_matrix_4pop_weak.csv,0.05,3,446634984
5512,39,1000,weak,grib_migration_matrix_4pop_weak.csv,0.05,3,446634984
5513,40,1000,weak,grib_migration_matrix_4pop_weak.csv,0.05,3,446634984
5514,41,1000,weak,grib_migration_matrix_4pop_weak.csv,0.05,3,446634984
5515,42,1000,weak,grib_migration_matrix_4pop_weak.csv,0.05,3,446634984
5516,43,1000,weak,grib_migration_matrix_4pop_weak.csv,0.05,3,446634984
5517,44,1000,weak,grib_migration_matrix_4pop_weak.csv,0.05,3,446634984
5518,45,1000,weak,grib_migration_matrix_4pop_weak.csv,0.05,3,446634984
5519,46,1000,weak,grib_migration_matrix_4pop_weak.csv,0.05,3,446634984
5520,47,1000,weak,grib_migration_matrix_4pop_weak.csv,0.05,3,446634984
5521,48,1000,weak,grib_migration_matrix_4pop_weak.csv,0.05,3,446634984
5522,49,1000,weak,grib_migration_matrix_4pop_weak.csv,0.05,3,446634984
5523,50,1000,weak,grib_migration_matrix_4pop_weak.csv,0.05,3,446634984
5524,51,1000,weak,grib_migration_matrix_4pop_weak.csv,0.05,3,446634984
5525,52,1000,weak,grib_migration_matrix_4pop_weak.csv,0.05,3,446634984
5526,53,1000,weak,grib_migration_matrix_4pop_weak.csv,0.05,3,446634984
5527,54,1000,weak,grib_migration_matrix_4pop_weak.csv,0.05,3,446634984
5528,55,1000,weak,grib_migration_matrix_4pop_weak.csv,0.05,3,446634984
5529,56,1000,weak,grib_migration_matrix_4pop_weak.csv,0.05,3,446634984
5530,57,1000,weak,grib_migration_matrix_4pop_weak.csv,0.05,3,446634984
5531,58,1000,weak,grib_migration_matrix_4pop_weak.csv,0.05,3,446634984
5532,59,1000,weak,grib_migration_matrix_4pop_weak.csv,0.05,3,446634984
5533,60,1000,weak,grib_migration_matrix_4pop_weak.csv,0.05,3,446634984
5534,61,1000,weak,grib_migration_matrix_4pop_weak.csv,0.05,3,446634984
5535,62,1000,weak,grib_migration_matrix_4pop_weak.csv,0.05,3,446634984
5536,63,1000,weak,grib_migration_matrix_4pop_weak.csv,0.05,3,446634984
5537,64,1000,weak,grib_migration_matrix_4pop_weak.csv,0.05,3,446634984
5538,65,1000,weak,grib_migration_matrix_4pop_weak.csv,0.05,3,446634984
5539,66,1000,weak,grib_migration_matrix_4pop_weak.csv,0.05,3,446634984
5540,67,1000,weak,grib_migration_matrix_4pop_weak.csv,0.05,3,446634984
5541,68,1000,weak,grib_migration_matrix_4pop_weak.csv,0.05,3,446634984
5542,69,1000,weak,grib_migration_matrix_4pop_weak.csv,0.05,3,446634984
5543,70,1000,weak,grib_migration_matrix_4pop_weak.csv,0.05,3,446634984
5544,71,1000,weak,grib_migration_matrix_4pop_weak.csv,0.05,3,446634984
5545,72,1000,weak,grib_migration_matrix_4pop_weak.csv,0.05,3,446634984
5546,73,1000,weak,grib_migration_matrix_4pop_weak.csv,0.05,3,446634984
5547,74,1000,weak,grib_migration_matrix_4pop_weak.csv,0.05,3,446634984
5548,75,1000,weak,grib_migration_matrix_4pop_weak.csv,0.05,3,446634984
5549,0,1000,weak,grib_migration_matrix_4pop_weak.csv,0.05,4,861914769
5550,1,1000,weak,grib_migration_matrix_4pop_weak.csv,0.05,4,861914769
5551,2,1000,weak,grib_migration_matrix_4pop_weak.csv,0.05,4,861914769
5552,3,1000,weak,grib_migration_matrix_4pop_weak.csv,0.05,4,861914769
5553,4,1000,weak,grib_migration_matrix_4pop_weak.csv,0.05,4,861914769
5554,5,1000,weak,grib_migration_matrix_4pop_weak.csv,0.05,4,861914769
5555,6,1000,weak,grib_migration_matrix_4pop_weak.csv,0.05,4,861914769
5556,7,1000,weak,grib_migration_matrix_4pop_weak.csv,0.05,4,861914769
5557,8,1000,weak,grib_migration_matrix_4pop_weak.csv,0.05,4,861914769
5558,9,1000,weak,grib_migration_matrix_4pop_weak.csv,0.05,4,861914769
5559,10,1000,weak,grib_migration_matrix_4pop_weak.csv,0.05,4,861914769
5560,11,1000,weak,grib_migration_matrix_4pop_weak.csv,0.05,4,861914769
5561,12,1000,weak,grib_migration_matrix_4pop_weak.csv,0.05,4,861914769
5562,13,1000,weak,grib_migration_matrix_4pop_weak.csv,0.05,4,861914769
5563,14,1000,weak,grib_migration_matrix_4pop_weak.csv,0.05,4,861914769
5564,15,1000,weak,grib_migration_matrix_4pop_weak.csv,0.05,4,861914769
5565,16,1000,weak,grib_migration_matrix_4pop_weak.csv,0.05,4,861914769
5566,17,1000,weak,grib_migration_matrix_4pop_weak.csv,0.05,4,861914769
5567,18,1000,weak,grib_migration_matrix_4pop_weak.csv,0.05,4,861914769
5568,19,1000,weak,grib_migration_matrix_4pop_weak.csv,0.05,4,861914769
5569,20,1000,weak,grib_migration_matrix_4pop_weak.csv,0.05,4,861914769
5570,21,1000,weak,grib_migration_matrix_4pop_weak.csv,0.05,4,861914769
5571,22,1000,weak,grib_migration_matrix_4pop_weak.csv,0.05,4,861914769
5572,23,1000,weak,grib_migration_matrix_4pop_weak.csv,0.05,4,861914769
5573,24,1000,weak,grib_migration_matrix_4pop_weak.csv,0.05,4,861914769
5574,25,1000,weak,grib_migration_matrix_4pop_weak.csv,0.05,4,861914769
5575,26,1000,weak,grib_migration_matrix_4pop_weak.csv,0.05,4,861914769
5576,27,1000,weak,grib_migration_matrix_4pop_weak.csv,0.05,4,861914769
5577,28,1000,weak,grib_migration_matrix_4pop_weak.csv,0.05,4,861914769
5578,29,1000,weak,grib_migration_matrix_4pop_weak.csv,0.05,4,861914769
5579,30,1000,weak,grib_migration_matrix_4pop_weak.csv,0.05,4,861914769
5580,31,1000,weak,grib_migration_matrix_4pop_weak.csv,0.05,4,861914769
5581,32,1000,weak,grib_migration_matrix_4pop_weak.csv,0.05,4,861914769
5582,33,1000,weak,grib_migration_matrix_4pop_weak.csv,0.05,4,861914769
5583,34,1000,weak,grib_migration_matrix_4pop_weak.csv,0.05,4,861914769
5584,35,1000,weak,grib_migration_matrix_4pop_weak.csv,0.05,4,861914769
5585,36,1000,weak,grib_migration_matrix_4pop_weak.csv,0.05,4,861914769
5586,37,1000,weak,grib_migration_matrix_4pop_weak.csv,0.05,4,861914769
5587,38,1000,weak,grib_migration_matrix_4pop_weak.csv,0.05,4,861914769
5588,39,1000,weak,grib_migration_matrix_4pop_weak.csv,0.05,4,861914769
5589,40,1000,weak,grib_migration_matrix_4pop_weak.csv,0.05,4,861914769
5590,41,1000,weak,grib_migration_matrix_4pop_weak.csv,0.05,4,861914769
5591,42,1000,weak,grib_migration_matrix_4pop_weak.csv,0.05,4,861914769
5592,43,1000,weak,grib_migration_matrix_4pop_weak.csv,0.05,4,861914769
5593,44,1000,weak,grib_migration_matrix_4pop_weak.csv,0.05,4,861914769
5594,45,1000,weak,grib_migration_matrix_4pop_weak.csv,0.05,4,861914769
5595,46,1000,weak,grib_migration_matrix_4pop_weak.csv,0.05,4,861914769
5596,47,1000,weak,grib_migration_matrix_4pop_weak.csv,0.05,4,861914769
5597,48,1000,weak,grib_migration_matrix_4pop_weak.csv,0.05,4,861914769
5598,49,1000,weak,grib_migration_matrix_4pop_weak.csv,0.05,4,861914769
5599,50,1000,weak,grib_migration_matrix_4pop_weak.csv,0.05,4,861914769
5600,51,1000,weak,grib_migration_matrix_4pop_weak.csv,0.05,4,861914769
5601,52,1000,weak,grib_migration_matrix_4pop_weak.csv,0.05,4,861914769
5602,53,1000,weak,grib_migration_matrix_4pop_weak.csv,0.05,4,861914769
5603,54,1000,weak,grib_migration_matrix_4pop_weak.csv,0.05,4,861914769
5604,55,1000,weak,grib_migration_matrix_4pop_weak.csv,0.05,4,861914769
5605,56,1000,weak,grib_migration_matrix_4pop_weak.csv,0.05,4,861914769
5606,57,1000,weak,grib_migration_matrix_4pop_weak.csv,0.05,4,861914769
5607,58,1000,weak,grib_migration_matrix_4pop_weak.csv,0.05,4,861914769
5608,59,1000,weak,grib_migration_matrix_4pop_weak.csv,0.05,4,861914769
5609,60,1000,weak,grib_migration_matrix_4pop_weak.csv,0.05,4,861914769
5610,61,1000,weak,grib_migration_matrix_4pop_weak.csv,0.05,4,861914769
5611,62,1000,weak,grib_migration_matrix_4pop_weak.csv,0.05,4,861914769
5612,63,1000,weak,grib_migration_matrix_4pop_weak.csv,0.05,4,861914769
5613,64,1000,weak,grib_migration_matrix_4pop_weak.csv,0.05,4,861914769
5614,65,1000,weak,grib_migration_matrix_4pop_weak.csv,0.05,4,861914769
5615,66,1000,weak,grib_migration_matrix_4pop_weak.csv,0.05,4,861914769
5616,67,1000,weak,grib_migration_matrix_4pop_weak.csv,0.05,4,861914769
5617,68,1000,weak,grib_migration_matrix_4pop_weak.csv,0.05,4,861914769
5618,69,1000,weak,grib_migration_matrix_4pop_weak.csv,0.05,4,861914769
5619,70,1000,weak,grib_migration_matrix_4pop_weak.csv,0.05,4,861914769
5620,71,1000,weak,grib_migration_matrix_4pop_weak.csv,0.05,4,861914769
5621,72,1000,weak,grib_migration_matrix_4pop_weak.csv,0.05,4,861914769
5622,73,1000,weak,grib_migration_matrix_4pop_weak.csv,0.05,4,861914769
5623,74,1000,weak,grib_migration_matrix_4pop_weak.csv,0.05,4,861914769
5624,75,1000,weak,grib_migration_matrix_4pop_weak.csv,0.05,4,861914769
5625,0,1000,weak,grib_migration_matrix_4pop_weak.csv,0.05,5,1566465715
5626,1,1000,weak,grib_migration_matrix_4pop_weak.csv,0.05,5,1566465715
5627,2,1000,weak,grib_migration_matrix_4pop_weak.csv,0.05,5,1566465715
5628,3,1000,weak,grib_migration_matrix_4pop_weak.csv,0.05,5,1566465715
5629,4,1000,weak,grib_migration_matrix_4pop_weak.csv,0.05,5,1566465715
5630,5,1000,weak,grib_migration_matrix_4pop_weak.csv,0.05,5,1566465715
5631,6,1000,weak,grib_migration_matrix_4pop_weak.csv,0.05,5,1566465715
5632,7,1000,weak,grib_migration_matrix_4pop_weak.csv,0.05,5,1566465715
5633,8,1000,weak,grib_migration_matrix_4pop_weak.csv,0.05,5,1566465715
5634,9,1000,weak,grib_migration_matrix_4pop_weak.csv,0.05,5,1566465715
5635,10,1000,weak,grib_migration_matrix_4pop_weak.csv,0.05,5,1566465715
5636,11,1000,weak,grib_migration_matrix_4pop_weak.csv,0.05,5,1566465715
5637,12,1000,weak,grib_migration_matrix_4pop_weak.csv,0.05,5,1566465715
5638,13,1000,weak,grib_migration_matrix_4pop_weak.csv,0.05,5,1566465715
5639,14,1000,weak,grib_migration_matrix_4pop_weak.csv,0.05,5,1566465715
5640,15,1000,weak,grib_migration_matrix_4pop_weak.csv,0.05,5,1566465715
5641,16,1000,weak,grib_migration_matrix_4pop_weak.csv,0.05,5,1566465715
5642,17,1000,weak,grib_migration_matrix_4pop_weak.csv,0.05,5,1566465715
5643,18,1000,weak,grib_migration_matrix_4pop_weak.csv,0.05,5,1566465715
5644,19,1000,weak,grib_migration_matrix_4pop_weak.csv,0.05,5,1566465715
5645,20,1000,weak,grib_migration_matrix_4pop_weak.csv,0.05,5,1566465715
5646,21,1000,weak,grib_migration_matrix_4pop_weak.csv,0.05,5,1566465715
5647,22,1000,weak,grib_migration_matrix_4pop_weak.csv,0.05,5,1566465715
5648,23,1000,weak,grib_migration_matrix_4pop_weak.csv,0.05,5,1566465715
5649,24,1000,weak,grib_migration_matrix_4pop_weak.csv,0.05,5,1566465715
5650,25,1000,weak,grib_migration_matrix_4pop_weak.csv,0.05,5,1566465715
5651,26,1000,weak,grib_migration_matrix_4pop_weak.csv,0.05,5,1566465715
5652,27,1000,weak,grib_migration_matrix_4pop_weak.csv,0.05,5,1566465715
5653,28,1000,weak,grib_migration_matrix_4pop_weak.csv,0.05,5,1566465715
5654,29,1000,weak,grib_migration_matrix_4pop_weak.csv,0.05,5,1566465715
5655,30,1000,weak,grib_migration_matrix_4pop_weak.csv,0.05,5,1566465715
5656,31,1000,weak,grib_migration_matrix_4pop_weak.csv,0.05,5,1566465715
5657,32,1000,weak,grib_migration_matrix_4pop_weak.csv,0.05,5,1566465715
5658,33,1000,weak,grib_migration_matrix_4pop_weak.csv,0.05,5,1566465715
5659,34,1000,weak,grib_migration_matrix_4pop_weak.csv,0.05,5,1566465715
5660,35,1000,weak,grib_migration_matrix_4pop_weak.csv,0.05,5,1566465715
5661,36,1000,weak,grib_migration_matrix_4pop_weak.csv,0.05,5,1566465715
5662,37,1000,weak,grib_migration_matrix_4pop_weak.csv,0.05,5,1566465715
5663,38,1000,weak,grib_migration_matrix_4pop_weak.csv,0.05,5,1566465715
5664,39,1000,weak,grib_migration_matrix_4pop_weak.csv,0.05,5,1566465715
5665,40,1000,weak,grib_migration_matrix_4pop_weak.csv,0.05,5,1566465715
5666,41,1000,weak,grib_migration_matrix_4pop_weak.csv,0.05,5,1566465715
5667,42,1000,weak,grib_migration_matrix_4pop_weak.csv,0.05,5,1566465715
5668,43,1000,weak,grib_migration_matrix_4pop_weak.csv,0.05,5,1566465715
5669,44,1000,weak,grib_migration_matrix_4pop_weak.csv,0.05,5,1566465715
5670,45,1000,weak,grib_migration_matrix_4pop_weak.csv,0.05,5,1566465715
5671,46,1000,weak,grib_migration_matrix_4pop_weak.csv,0.05,5,1566465715
5672,47,1000,weak,grib_migration_matrix_4pop_weak.csv,0.05,5,1566465715
5673,48,1000,weak,grib_migration_matrix_4pop_weak.csv,0.05,5,1566465715
5674,49,1000,weak,grib_migration_matrix_4pop_weak.csv,0.05,5,1566465715
5675,50,1000,weak,grib_migration_matrix_4pop_weak.csv,0.05,5,1566465715
5676,51,1000,weak,grib_migration_matrix_4pop_weak.csv,0.05,5,1566465715
5677,52,1000,weak,grib_migration_matrix_4pop_weak.csv,0.05,5,1566465715
5678,53,1000,weak,grib_migration_matrix_4pop_weak.csv,0.05,5,1566465715
5679,54,1000,weak,grib_migration_matrix_4pop_weak.csv,0.05,5,1566465715
5680,55,1000,weak,grib_migration_matrix_4pop_weak.csv,0.05,5,1566465715
5681,56,1000,weak,grib_migration_matrix_4pop_weak.csv,0.05,5,1566465715
5682,57,1000,weak,grib_migration_matrix_4pop_weak.csv,0.05,5,1566465715
5683,58,1000,weak,grib_migration_matrix_4pop_weak.csv,0.05,5,1566465715
5684,59,1000,weak,grib_migration_matrix_4pop_weak.csv,0.05,5,1566465715
5685,60,1000,weak,grib_migration_matrix_4pop_weak.csv,0.05,5,1566465715
5686,61,1000,weak,grib_migration_matrix_4pop_weak.csv,0.05,5,1566465715
5687,62,1000,weak,grib_migration_matrix_4pop_weak.csv,0.05,5,1566465715
5688,63,1000,weak,grib_migration_matrix_4pop_weak.csv,0.05,5,1566465715
5689,64,1000,weak,grib_migration_matrix_4pop_weak.csv,0.05,5,1566465715
5690,65,1000,weak,grib_migration_matrix_4pop_weak.csv,0.05,5,1566465715
5691,66,1000,weak,grib_migration_matrix_4pop_weak.csv,0.05,5,1566465715
5692,67,1000,weak,grib_migration_matrix_4pop_weak.csv,0.05,5,1566465715
5693,68,1000,weak,grib_migration_matrix_4pop_weak.csv,0.05,5,1566465715
5694,69,1000,weak,grib_migration_matrix_4pop_weak.csv,0.05,5,1566465715
5695,70,1000,weak,grib_migration_matrix_4pop_weak.csv,0.05,5,1566465715
5696,71,1000,weak,grib_migration_matrix_4pop_weak.csv,0.05,5,1566465715
5697,72,1000,weak,grib_migration_matrix_4pop_weak.csv,0.05,5,1566465715
5698,73,1000,weak,grib_migration_matrix_4pop_weak.csv,0.05,5,1566465715
5699,74,1000,weak,grib_migration_matrix_4pop_weak.csv,0.05,5,1566465715
5700,75,1000,weak,grib_migration_matrix_4pop_weak.csv,0.05,5,1566465715
5701,0,1000,weak,grib_migration_matrix_4pop_weak.csv,0.05,6,1422048164
5702,1,1000,weak,grib_migration_matrix_4pop_weak.csv,0.05,6,1422048164
5703,2,1000,weak,grib_migration_matrix_4pop_weak.csv,0.05,6,1422048164
5704,3,1000,weak,grib_migration_matrix_4pop_weak.csv,0.05,6,1422048164
5705,4,1000,weak,grib_migration_matrix_4pop_weak.csv,0.05,6,1422048164
5706,5,1000,weak,grib_migration_matrix_4pop_weak.csv,0.05,6,1422048164
5707,6,1000,weak,grib_migration_matrix_4pop_weak.csv,0.05,6,1422048164
5708,7,1000,weak,grib_migration_matrix_4pop_weak.csv,0.05,6,1422048164
5709,8,1000,weak,grib_migration_matrix_4pop_weak.csv,0.05,6,1422048164
5710,9,1000,weak,grib_migration_matrix_4pop_weak.csv,0.05,6,1422048164
5711,10,1000,weak,grib_migration_matrix_4pop_weak.csv,0.05,6,1422048164
5712,11,1000,weak,grib_migration_matrix_4pop_weak.csv,0.05,6,1422048164
5713,12,1000,weak,grib_migration_matrix_4pop_weak.csv,0.05,6,1422048164
5714,13,1000,weak,grib_migration_matrix_4pop_weak.csv,0.05,6,1422048164
5715,14,1000,weak,grib_migration_matrix_4pop_weak.csv,0.05,6,1422048164
5716,15,1000,weak,grib_migration_matrix_4pop_weak.csv,0.05,6,1422048164
5717,16,1000,weak,grib_migration_matrix_4pop_weak.csv,0.05,6,1422048164
5718,17,1000,weak,grib_migration_matrix_4pop_weak.csv,0.05,6,1422048164
5719,18,1000,weak,grib_migration_matrix_4pop_weak.csv,0.05,6,1422048164
5720,19,1000,weak,grib_migration_matrix_4pop_weak.csv,0.05,6,1422048164
5721,20,1000,weak,grib_migration_matrix_4pop_weak.csv,0.05,6,1422048164
5722,21,1000,weak,grib_migration_matrix_4pop_weak.csv,0.05,6,1422048164
5723,22,1000,weak,grib_migration_matrix_4pop_weak.csv,0.05,6,1422048164
5724,23,1000,weak,grib_migration_matrix_4pop_weak.csv,0.05,6,1422048164
5725,24,1000,weak,grib_migration_matrix_4pop_weak.csv,0.05,6,1422048164
5726,25,1000,weak,grib_migration_matrix_4pop_weak.csv,0.05,6,1422048164
5727,26,1000,weak,grib_migration_matrix_4pop_weak.csv,0.05,6,1422048164
5728,27,1000,weak,grib_migration_matrix_4pop_weak.csv,0.05,6,1422048164
5729,28,1000,weak,grib_migration_matrix_4pop_weak.csv,0.05,6,1422048164
5730,29,1000,weak,grib_migration_matrix_4pop_weak.csv,0.05,6,1422048164
5731,30,1000,weak,grib_migration_matrix_4pop_weak.csv,0.05,6,1422048164
5732,31,1000,weak,grib_migration_matrix_4pop_weak.csv,0.05,6,1422048164
5733,32,1000,weak,grib_migration_matrix_4pop_weak.csv,0.05,6,1422048164
5734,33,1000,weak,grib_migration_matrix_4pop_weak.csv,0.05,6,1422048164
5735,34,1000,weak,grib_migration_matrix_4pop_weak.csv,0.05,6,1422048164
5736,35,1000,weak,grib_migration_matrix_4pop_weak.csv,0.05,6,1422048164
5737,36,1000,weak,grib_migration_matrix_4pop_weak.csv,0.05,6,1422048164
5738,37,1000,weak,grib_migration_matrix_4pop_weak.csv,0.05,6,1422048164
5739,38,1000,weak,grib_migration_matrix_4pop_weak.csv,0.05,6,1422048164
5740,39,1000,weak,grib_migration_matrix_4pop_weak.csv,0.05,6,1422048164
5741,40,1000,weak,grib_migration_matrix_4pop_weak.csv,0.05,6,1422048164
5742,41,1000,weak,grib_migration_matrix_4pop_weak.csv,0.05,6,1422048164
5743,42,1000,weak,grib_migration_matrix_4pop_weak.csv,0.05,6,1422048164
5744,43,1000,weak,grib_migration_matrix_4pop_weak.csv,0.05,6,1422048164
5745,44,1000,weak,grib_migration_matrix_4pop_weak.csv,0.05,6,1422048164
5746,45,1000,weak,grib_migration_matrix_4pop_weak.csv,0.05,6,1422048164
5747,46,1000,weak,grib_migration_matrix_4pop_weak.csv,0.05,6,1422048164
5748,47,1000,weak,grib_migration_matrix_4pop_weak.csv,0.05,6,1422048164
5749,48,1000,weak,grib_migration_matrix_4pop_weak.csv,0.05,6,1422048164
5750,49,1000,weak,grib_migration_matrix_4pop_weak.csv,0.05,6,1422048164
5751,50,1000,weak,grib_migration_matrix_4pop_weak.csv,0.05,6,1422048164
5752,51,1000,weak,grib_migration_matrix_4pop_weak.csv,0.05,6,1422048164
5753,52,1000,weak,grib_migration_matrix_4pop_weak.csv,0.05,6,1422048164
5754,53,1000,weak,grib_migration_matrix_4pop_weak.csv,0.05,6,1422048164
5755,54,1000,weak,grib_migration_matrix_4pop_weak.csv,0.05,6,1422048164
5756,55,1000,weak,grib_migration_matrix_4pop_weak.csv,0.05,6,1422048164
5757,56,1000,weak,grib_migration_matrix_4pop_weak.csv,0.05,6,1422048164
5758,57,1000,weak,grib_migration_matrix_4pop_weak.csv,0.05,6,1422048164
5759,58,1000,weak,grib_migration_matrix_4pop_weak.csv,0.05,6,1422048164
5760,59,1000,weak,grib_migration_matrix_4pop_weak.csv,0.05,6,1422048164
5761,60,1000,weak,grib_migration_matrix_4pop_weak.csv,0.05,6,1422048164
5762,61,1000,weak,grib_migration_matrix_4pop_weak.csv,0.05,6,1422048164
5763,62,1000,weak,grib_migration_matrix_4pop_weak.csv,0.05,6,1422048164
5764,63,1000,weak,grib_migration_matrix_4pop_weak.csv,0.05,6,1422048164
5765,64,1000,weak,grib_migration_matrix_4pop_weak.csv,0.05,6,1422048164
5766,65,1000,weak,grib_migration_matrix_4pop_weak.csv,0.05,6,1422048164
5767,66,1000,weak,grib_migration_matrix_4pop_weak.csv,0.05,6,1422048164
5768,67,1000,weak,grib_migration_matrix_4pop_weak.csv,0.05,6,1422048164
5769,68,1000,weak,grib_migration_matrix_4pop_weak.csv,0.05,6,1422048164
5770,69,1000,weak,grib_migration_matrix_4pop_weak.csv,0.05,6,1422048164
5771,70,1000,weak,grib_migration_matrix_4pop_weak.csv,0.05,6,1422048164
5772,71,1000,weak,grib_migration_matrix_4pop_weak.csv,0.05,6,1422048164
5773,72,1000,weak,grib_migration_matrix_4pop_weak.csv,0.05,6,1422048164
5774,73,1000,weak,grib_migration_matrix_4pop_weak.csv,0.05,6,1422048164
5775,74,1000,weak,grib_migration_matrix_4pop_weak.csv,0.05,6,1422048164
5776,75,1000,weak,grib_migration_matrix_4pop_weak.csv,0.05,6,1422048164
5777,0,1000,weak,grib_migration_matrix_4pop_weak.csv,0.05,7,1298117564
5778,1,1000,weak,grib_migration_matrix_4pop_weak.csv,0.05,7,1298117564
5779,2,1000,weak,grib_migration_matrix_4pop_weak.csv,0.05,7,1298117564
5780,3,1000,weak,grib_migration_matrix_4pop_weak.csv,0.05,7,1298117564
5781,4,1000,weak,grib_migration_matrix_4pop_weak.csv,0.05,7,1298117564
5782,5,1000,weak,grib_migration_matrix_4pop_weak.csv,0.05,7,1298117564
5783,6,1000,weak,grib_migration_matrix_4pop_weak.csv,0.05,7,1298117564
5784,7,1000,weak,grib_migration_matrix_4pop_weak.csv,0.05,7,1298117564
5785,8,1000,weak,grib_migration_matrix_4pop_weak.csv,0.05,7,1298117564
5786,9,1000,weak,grib_migration_matrix_4pop_weak.csv,0.05,7,1298117564
5787,10,1000,weak,grib_migration_matrix_4pop_weak.csv,0.05,7,1298117564
5788,11,1000,weak,grib_migration_matrix_4pop_weak.csv,0.05,7,1298117564
5789,12,1000,weak,grib_migration_matrix_4pop_weak.csv,0.05,7,1298117564
5790,13,1000,weak,grib_migration_matrix_4pop_weak.csv,0.05,7,1298117564
5791,14,1000,weak,grib_migration_matrix_4pop_weak.csv,0.05,7,1298117564
5792,15,1000,weak,grib_migration_matrix_4pop_weak.csv,0.05,7,1298117564
5793,16,1000,weak,grib_migration_matrix_4pop_weak.csv,0.05,7,1298117564
5794,17,1000,weak,grib_migration_matrix_4pop_weak.csv,0.05,7,1298117564
5795,18,1000,weak,grib_migration_matrix_4pop_weak.csv,0.05,7,1298117564
5796,19,1000,weak,grib_migration_matrix_4pop_weak.csv,0.05,7,1298117564
5797,20,1000,weak,grib_migration_matrix_4pop_weak.csv,0.05,7,1298117564
5798,21,1000,weak,grib_migration_matrix_4pop_weak.csv,0.05,7,1298117564
5799,22,1000,weak,grib_migration_matrix_4pop_weak.csv,0.05,7,1298117564
5800,23,1000,weak,grib_migration_matrix_4pop_weak.csv,0.05,7,1298117564
5801,24,1000,weak,grib_migration_matrix_4pop_weak.csv,0.05,7,1298117564
5802,25,1000,weak,grib_migration_matrix_4pop_weak.csv,0.05,7,1298117564
5803,26,1000,weak,grib_migration_matrix_4pop_weak.csv,0.05,7,1298117564
5804,27,1000,weak,grib_migration_matrix_4pop_weak.csv,0.05,7,1298117564
5805,28,1000,weak,grib_migration_matrix_4pop_weak.csv,0.05,7,1298117564
5806,29,1000,weak,grib_migration_matrix_4pop_weak.csv,0.05,7,1298117564
5807,30,1000,weak,grib_migration_matrix_4pop_weak.csv,0.05,7,1298117564
5808,31,1000,weak,grib_migration_matrix_4pop_weak.csv,0.05,7,1298117564
5809,32,1000,weak,grib_migration_matrix_4pop_weak.csv,0.05,7,1298117564
5810,33,1000,weak,grib_migration_matrix_4pop_weak.csv,0.05,7,1298117564
5811,34,1000,weak,grib_migration_matrix_4pop_weak.csv,0.05,7,1298117564
5812,35,1000,weak,grib_migration_matrix_4pop_weak.csv,0.05,7,1298117564
5813,36,1000,weak,grib_migration_matrix_4pop_weak.csv,0.05,7,1298117564
5814,37,1000,weak,grib_migration_matrix_4pop_weak.csv,0.05,7,1298117564
5815,38,1000,weak,grib_migration_matrix_4pop_weak.csv,0.05,7,1298117564
5816,39,1000,weak,grib_migration_matrix_4pop_weak.csv,0.05,7,1298117564
5817,40,1000,weak,grib_migration_matrix_4pop_weak.csv,0.05,7,1298117564
5818,41,1000,weak,grib_migration_matrix_4pop_weak.csv,0.05,7,1298117564
5819,42,1000,weak,grib_migration_matrix_4pop_weak.csv,0.05,7,1298117564
5820,43,1000,weak,grib_migration_matrix_4pop_weak.csv,0.05,7,1298117564
5821,44,1000,weak,grib_migration_matrix_4pop_weak.csv,0.05,7,1298117564
5822,45,1000,weak,grib_migration_matrix_4pop_weak.csv,0.05,7,1298117564
5823,46,1000,weak,grib_migration_matrix_4pop_weak.csv,0.05,7,1298117564
5824,47,1000,weak,grib_migration_matrix_4pop_weak.csv,0.05,7,1298117564
5825,48,1000,weak,grib_migration_matrix_4pop_weak.csv,0.05,7,1298117564
5826,49,1000,weak,grib_migration_matrix_4pop_weak.csv,0.05,7,1298117564
5827,50,1000,weak,grib_migration_matrix_4pop_weak.csv,0.05,7,1298117564
5828,51,1000,weak,grib_migration_matrix_4pop_weak.csv,0.05,7,1298117564
5829,52,1000,weak,grib_migration_matrix_4pop_weak.csv,0.05,7,1298117564
5830,53,1000,weak,grib_migration_matrix_4pop_weak.csv,0.05,7,1298117564
5831,54,1000,weak,grib_migration_matrix_4pop_weak.csv,0.05,7,1298117564
5832,55,1000,weak,grib_migration_matrix_4pop_weak.csv,0.05,7,1298117564
5833,56,1000,weak,grib_migration_matrix_4pop_weak.csv,0.05,7,1298117564
5834,57,1000,weak,grib_migration_matrix_4pop_weak.csv,0.05,7,1298117564
5835,58,1000,weak,grib_migration_matrix_4pop_weak.csv,0.05,7,1298117564
5836,59,1000,weak,grib_migration_matrix_4pop_weak.csv,0.05,7,1298117564
5837,60,1000,weak,grib_migration_matrix_4pop_weak.csv,0.05,7,1298117564
5838,61,1000,weak,grib_migration_matrix_4pop_weak.csv,0.05,7,1298117564
5839,62,1000,weak,grib_migration_matrix_4pop_weak.csv,0.05,7,1298117564
5840,63,1000,weak,grib_migration_matrix_4pop_weak.csv,0.05,7,1298117564
5841,64,1000,weak,grib_migration_matrix_4pop_weak.csv,0.05,7,1298117564
5842,65,1000,weak,grib_migration_matrix_4pop_weak.csv,0.05,7,1298117564
5843,66,1000,weak,grib_migration_matrix_4pop_weak.csv,0.05,7,1298117564
5844,67,1000,weak,grib_migration_matrix_4pop_weak.csv,0.05,7,1298117564
5845,68,1000,weak,grib_migration_matrix_4pop_weak.csv,0.05,7,1298117564
5846,69,1000,weak,grib_migration_matrix_4pop_weak.csv,0.05,7,1298117564
5847,70,1000,weak,grib_migration_matrix_4pop_weak.csv,0.05,7,1298117564
5848,71,1000,weak,grib_migration_matrix_4pop_weak.csv,0.05,7,1298117564
5849,72,1000,weak,grib_migration_matrix_4pop_weak.csv,0.05,7,1298117564
5850,73,1000,weak,grib_migration_matrix_4pop_weak.csv,0.05,7,1298117564
5851,74,1000,weak,grib_migration_matrix_4pop_weak.csv,0.05,7,1298117564
5852,75,1000,weak,grib_migration_matrix_4pop_weak.csv,0.05,7,1298117564
5853,0,1000,weak,grib_migration_matrix_4pop_weak.csv,0.05,8,589677759
5854,1,1000,weak,grib_migration_matrix_4pop_weak.csv,0.05,8,589677759
5855,2,1000,weak,grib_migration_matrix_4pop_weak.csv,0.05,8,589677759
5856,3,1000,weak,grib_migration_matrix_4pop_weak.csv,0.05,8,589677759
5857,4,1000,weak,grib_migration_matrix_4pop_weak.csv,0.05,8,589677759
5858,5,1000,weak,grib_migration_matrix_4pop_weak.csv,0.05,8,589677759
5859,6,1000,weak,grib_migration_matrix_4pop_weak.csv,0.05,8,589677759
5860,7,1000,weak,grib_migration_matrix_4pop_weak.csv,0.05,8,589677759
5861,8,1000,weak,grib_migration_matrix_4pop_weak.csv,0.05,8,589677759
5862,9,1000,weak,grib_migration_matrix_4pop_weak.csv,0.05,8,589677759
5863,10,1000,weak,grib_migration_matrix_4pop_weak.csv,0.05,8,589677759
5864,11,1000,weak,grib_migration_matrix_4pop_weak.csv,0.05,8,589677759
5865,12,1000,weak,grib_migration_matrix_4pop_weak.csv,0.05,8,589677759
5866,13,1000,weak,grib_migration_matrix_4pop_weak.csv,0.05,8,589677759
5867,14,1000,weak,grib_migration_matrix_4pop_weak.csv,0.05,8,589677759
5868,15,1000,weak,grib_migration_matrix_4pop_weak.csv,0.05,8,589677759
5869,16,1000,weak,grib_migration_matrix_4pop_weak.csv,0.05,8,589677759
5870,17,1000,weak,grib_migration_matrix_4pop_weak.csv,0.05,8,589677759
5871,18,1000,weak,grib_migration_matrix_4pop_weak.csv,0.05,8,589677759
5872,19,1000,weak,grib_migration_matrix_4pop_weak.csv,0.05,8,589677759
5873,20,1000,weak,grib_migration_matrix_4pop_weak.csv,0.05,8,589677759
5874,21,1000,weak,grib_migration_matrix_4pop_weak.csv,0.05,8,589677759
5875,22,1000,weak,grib_migration_matrix_4pop_weak.csv,0.05,8,589677759
5876,23,1000,weak,grib_migration_matrix_4pop_weak.csv,0.05,8,589677759
5877,24,1000,weak,grib_migration_matrix_4pop_weak.csv,0.05,8,589677759
5878,25,1000,weak,grib_migration_matrix_4pop_weak.csv,0.05,8,589677759
5879,26,1000,weak,grib_migration_matrix_4pop_weak.csv,0.05,8,589677759
5880,27,1000,weak,grib_migration_matrix_4pop_weak.csv,0.05,8,589677759
5881,28,1000,weak,grib_migration_matrix_4pop_weak.csv,0.05,8,589677759
5882,29,1000,weak,grib_migration_matrix_4pop_weak.csv,0.05,8,589677759
5883,30,1000,weak,grib_migration_matrix_4pop_weak.csv,0.05,8,589677759
5884,31,1000,weak,grib_migration_matrix_4pop_weak.csv,0.05,8,589677759
5885,32,1000,weak,grib_migration_matrix_4pop_weak.csv,0.05,8,589677759
5886,33,1000,weak,grib_migration_matrix_4pop_weak.csv,0.05,8,589677759
5887,34,1000,weak,grib_migration_matrix_4pop_weak.csv,0.05,8,589677759
5888,35,1000,weak,grib_migration_matrix_4pop_weak.csv,0.05,8,589677759
5889,36,1000,weak,grib_migration_matrix_4pop_weak.csv,0.05,8,589677759
5890,37,1000,weak,grib_migration_matrix_4pop_weak.csv,0.05,8,589677759
5891,38,1000,weak,grib_migration_matrix_4pop_weak.csv,0.05,8,589677759
5892,39,1000,weak,grib_migration_matrix_4pop_weak.csv,0.05,8,589677759
5893,40,1000,weak,grib_migration_matrix_4pop_weak.csv,0.05,8,589677759
5894,41,1000,weak,grib_migration_matrix_4pop_weak.csv,0.05,8,589677759
5895,42,1000,weak,grib_migration_matrix_4pop_weak.csv,0.05,8,589677759
5896,43,1000,weak,grib_migration_matrix_4pop_weak.csv,0.05,8,589677759
5897,44,1000,weak,grib_migration_matrix_4pop_weak.csv,0.05,8,589677759
5898,45,1000,weak,grib_migration_matrix_4pop_weak.csv,0.05,8,589677759
5899,46,1000,weak,grib_migration_matrix_4pop_weak.csv,0.05,8,589677759
5900,47,1000,weak,grib_migration_matrix_4pop_weak.csv,0.05,8,589677759
5901,48,1000,weak,grib_migration_matrix_4pop_weak.csv,0.05,8,589677759
5902,49,1000,weak,grib_migration_matrix_4pop_weak.csv,0.05,8,589677759
5903,50,1000,weak,grib_migration_matrix_4pop_weak.csv,0.05,8,589677759
5904,51,1000,weak,grib_migration_matrix_4pop_weak.csv,0.05,8,589677759
5905,52,1000,weak,grib_migration_matrix_4pop_weak.csv,0.05,8,589677759
5906,53,1000,weak,grib_migration_matrix_4pop_weak.csv,0.05,8,589677759
5907,54,1000,weak,grib_migration_matrix_4pop_weak.csv,0.05,8,589677759
5908,55,1000,weak,grib_migration_matrix_4pop_weak.csv,0.05,8,589677759
5909,56,1000,weak,grib_migration_matrix_4pop_weak.csv,0.05,8,589677759
5910,57,1000,weak,grib_migration_matrix_4pop_weak.csv,0.05,8,589677759
5911,58,1000,weak,grib_migration_matrix_4pop_weak.csv,0.05,8,589677759
5912,59,1000,weak,grib_migration_matrix_4pop_weak.csv,0.05,8,589677759
5913,60,1000,weak,grib_migration_matrix_4pop_weak.csv,0.05,8,589677759
5914,61,1000,weak,grib_migration_matrix_4pop_weak.csv,0.05,8,589677759
5915,62,1000,weak,grib_migration_matrix_4pop_weak.csv,0.05,8,589677759
5916,63,1000,weak,grib_migration_matrix_4pop_weak.csv,0.05,8,589677759
5917,64,1000,weak,grib_migration_matrix_4pop_weak.csv,0.05,8,589677759
5918,65,1000,weak,grib_migration_matrix_4pop_weak.csv,0.05,8,589677759
5919,66,1000,weak,grib_migration_matrix_4pop_weak.csv,0.05,8,589677759
5920,67,1000,weak,grib_migration_matrix_4pop_weak.csv,0.05,8,589677759
5921,68,1000,weak,grib_migration_matrix_4pop_weak.csv,0.05,8,589677759
5922,69,1000,weak,grib_migration_matrix_4pop_weak.csv,0.05,8,589677759
5923,70,1000,weak,grib_migration_matrix_4pop_weak.csv,0.05,8,589677759
5924,71,1000,weak,grib_migration_matrix_4pop_weak.csv,0.05,8,589677759
5925,72,1000,weak,grib_migration_matrix_4pop_weak.csv,0.05,8,589677759
5926,73,1000,weak,grib_migration_matrix_4pop_weak.csv,0.05,8,589677759
5927,74,1000,weak,grib_migration_matrix_4pop_weak.csv,0.05,8,589677759
5928,75,1000,weak,grib_migration_matrix_4pop_weak.csv,0.05,8,589677759
5929,0,1000,weak,grib_migration_matrix_4pop_weak.csv,0.05,9,1351626163
5930,1,1000,weak,grib_migration_matrix_4pop_weak.csv,0.05,9,1351626163
5931,2,1000,weak,grib_migration_matrix_4pop_weak.csv,0.05,9,1351626163
5932,3,1000,weak,grib_migration_matrix_4pop_weak.csv,0.05,9,1351626163
5933,4,1000,weak,grib_migration_matrix_4pop_weak.csv,0.05,9,1351626163
5934,5,1000,weak,grib_migration_matrix_4pop_weak.csv,0.05,9,1351626163
5935,6,1000,weak,grib_migration_matrix_4pop_weak.csv,0.05,9,1351626163
5936,7,1000,weak,grib_migration_matrix_4pop_weak.csv,0.05,9,1351626163
5937,8,1000,weak,grib_migration_matrix_4pop_weak.csv,0.05,9,1351626163
5938,9,1000,weak,grib_migration_matrix_4pop_weak.csv,0.05,9,1351626163
5939,10,1000,weak,grib_migration_matrix_4pop_weak.csv,0.05,9,1351626163
5940,11,1000,weak,grib_migration_matrix_4pop_weak.csv,0.05,9,1351626163
5941,12,1000,weak,grib_migration_matrix_4pop_weak.csv,0.05,9,1351626163
5942,13,1000,weak,grib_migration_matrix_4pop_weak.csv,0.05,9,1351626163
5943,14,1000,weak,grib_migration_matrix_4pop_weak.csv,0.05,9,1351626163
5944,15,1000,weak,grib_migration_matrix_4pop_weak.csv,0.05,9,1351626163
5945,16,1000,weak,grib_migration_matrix_4pop_weak.csv,0.05,9,1351626163
5946,17,1000,weak,grib_migration_matrix_4pop_weak.csv,0.05,9,1351626163
5947,18,1000,weak,grib_migration_matrix_4pop_weak.csv,0.05,9,1351626163
5948,19,1000,weak,grib_migration_matrix_4pop_weak.csv,0.05,9,1351626163
5949,20,1000,weak,grib_migration_matrix_4pop_weak.csv,0.05,9,1351626163
5950,21,1000,weak,grib_migration_matrix_4pop_weak.csv,0.05,9,1351626163
5951,22,1000,weak,grib_migration_matrix_4pop_weak.csv,0.05,9,1351626163
5952,23,1000,weak,grib_migration_matrix_4pop_weak.csv,0.05,9,1351626163
5953,24,1000,weak,grib_migration_matrix_4pop_weak.csv,0.05,9,1351626163
5954,25,1000,weak,grib_migration_matrix_4pop_weak.csv,0.05,9,1351626163
5955,26,1000,weak,grib_migration_matrix_4pop_weak.csv,0.05,9,1351626163
5956,27,1000,weak,grib_migration_matrix_4pop_weak.csv,0.05,9,1351626163
5957,28,1000,weak,grib_migration_matrix_4pop_weak.csv,0.05,9,1351626163
5958,29,1000,weak,grib_migration_matrix_4pop_weak.csv,0.05,9,1351626163
5959,30,1000,weak,grib_migration_matrix_4pop_weak.csv,0.05,9,1351626163
5960,31,1000,weak,grib_migration_matrix_4pop_weak.csv,0.05,9,1351626163
5961,32,1000,weak,grib_migration_matrix_4pop_weak.csv,0.05,9,1351626163
5962,33,1000,weak,grib_migration_matrix_4pop_weak.csv,0.05,9,1351626163
5963,34,1000,weak,grib_migration_matrix_4pop_weak.csv,0.05,9,1351626163
5964,35,1000,weak,grib_migration_matrix_4pop_weak.csv,0.05,9,1351626163
5965,36,1000,weak,grib_migration_matrix_4pop_weak.csv,0.05,9,1351626163
5966,37,1000,weak,grib_migration_matrix_4pop_weak.csv,0.05,9,1351626163
5967,38,1000,weak,grib_migration_matrix_4pop_weak.csv,0.05,9,1351626163
5968,39,1000,weak,grib_migration_matrix_4pop_weak.csv,0.05,9,1351626163
5969,40,1000,weak,grib_migration_matrix_4pop_weak.csv,0.05,9,1351626163
5970,41,1000,weak,grib_migration_matrix_4pop_weak.csv,0.05,9,1351626163
5971,42,1000,weak,grib_migration_matrix_4pop_weak.csv,0.05,9,1351626163
5972,43,1000,weak,grib_migration_matrix_4pop_weak.csv,0.05,9,1351626163
5973,44,1000,weak,grib_migration_matrix_4pop_weak.csv,0.05,9,1351626163
5974,45,1000,weak,grib_migration_matrix_4pop_weak.csv,0.05,9,1351626163
5975,46,1000,weak,grib_migration_matrix_4pop_weak.csv,0.05,9,1351626163
5976,47,1000,weak,grib_migration_matrix_4pop_weak.csv,0.05,9,1351626163
5977,48,1000,weak,grib_migration_matrix_4pop_weak.csv,0.05,9,1351626163
5978,49,1000,weak,grib_migration_matrix_4pop_weak.csv,0.05,9,1351626163
5979,50,1000,weak,grib_migration_matrix_4pop_weak.csv,0.05,9,1351626163
5980,51,1000,weak,grib_migration_matrix_4pop_weak.csv,0.05,9,1351626163
5981,52,1000,weak,grib_migration_matrix_4pop_weak.csv,0.05,9,1351626163
5982,53,1000,weak,grib_migration_matrix_4pop_weak.csv,0.05,9,1351626163
5983,54,1000,weak,grib_migration_matrix_4pop_weak.csv,0.05,9,1351626163
5984,55,1000,weak,grib_migration_matrix_4pop_weak.csv,0.05,9,1351626163
5985,56,1000,weak,grib_migration_matrix_4pop_weak.csv,0.05,9,1351626163
5986,57,1000,weak,grib_migration_matrix_4pop_weak.csv,0.05,9,1351626163
5987,58,1000,weak,grib_migration_matrix_4pop_weak.csv,0.05,9,1351626163
5988,59,1000,weak,grib_migration_matrix_4pop_weak.csv,0.05,9,1351626163
5989,60,1000,weak,grib_migration_matrix_4pop_weak.csv,0.05,9,1351626163
5990,61,1000,weak,grib_migration_matrix_4pop_weak.csv,0.05,9,1351626163
5991,62,1000,weak,grib_migration_matrix_4pop_weak.csv,0.05,9,1351626163
5992,63,1000,weak,grib_migration_matrix_4pop_weak.csv,0.05,9,1351626163
5993,64,1000,weak,grib_migration_matrix_4pop_weak.csv,0.05,9,1351626163
5994,65,1000,weak,grib_migration_matrix_4pop_weak.csv,0.05,9,1351626163
5995,66,1000,weak,grib_migration_matrix_4pop_weak.csv,0.05,9,1351626163
5996,67,1000,weak,grib_migration_matrix_4pop_weak.csv,0.05,9,1351626163
5997,68,1000,weak,grib_migration_matrix_4pop_weak.csv,0.05,9,1351626163
5998,69,1000,weak,grib_migration_matrix_4pop_weak.csv,0.05,9,1351626163
5999,70,1000,weak,grib_migration_matrix_4pop_weak.csv,0.05,9,1351626163
6000,71,1000,weak,grib_migration_matrix_4pop_weak.csv,0.05,9,1351626163
6001,72,1000,weak,grib_migration_matrix_4pop_weak.csv,0.05,9,1351626163
6002,73,1000,weak,grib_migration_matrix_4pop_weak.csv,0.05,9,1351626163
6003,74,1000,weak,grib_migration_matrix_4pop_weak.csv,0.05,9,1351626163
6004,75,1000,weak,grib_migration_matrix_4pop_weak.csv,0.05,9,1351626163
6005,0,1000,weak,grib_migration_matrix_4pop_weak.csv,0.05,10,271395413
6006,1,1000,weak,grib_migration_matrix_4pop_weak.csv,0.05,10,271395413
6007,2,1000,weak,grib_migration_matrix_4pop_weak.csv,0.05,10,271395413
6008,3,1000,weak,grib_migration_matrix_4pop_weak.csv,0.05,10,271395413
6009,4,1000,weak,grib_migration_matrix_4pop_weak.csv,0.05,10,271395413
6010,5,1000,weak,grib_migration_matrix_4pop_weak.csv,0.05,10,271395413
6011,6,1000,weak,grib_migration_matrix_4pop_weak.csv,0.05,10,271395413
6012,7,1000,weak,grib_migration_matrix_4pop_weak.csv,0.05,10,271395413
6013,8,1000,weak,grib_migration_matrix_4pop_weak.csv,0.05,10,271395413
6014,9,1000,weak,grib_migration_matrix_4pop_weak.csv,0.05,10,271395413
6015,10,1000,weak,grib_migration_matrix_4pop_weak.csv,0.05,10,271395413
6016,11,1000,weak,grib_migration_matrix_4pop_weak.csv,0.05,10,271395413
6017,12,1000,weak,grib_migration_matrix_4pop_weak.csv,0.05,10,271395413
6018,13,1000,weak,grib_migration_matrix_4pop_weak.csv,0.05,10,271395413
6019,14,1000,weak,grib_migration_matrix_4pop_weak.csv,0.05,10,271395413
6020,15,1000,weak,grib_migration_matrix_4pop_weak.csv,0.05,10,271395413
6021,16,1000,weak,grib_migration_matrix_4pop_weak.csv,0.05,10,271395413
6022,17,1000,weak,grib_migration_matrix_4pop_weak.csv,0.05,10,271395413
6023,18,1000,weak,grib_migration_matrix_4pop_weak.csv,0.05,10,271395413
6024,19,1000,weak,grib_migration_matrix_4pop_weak.csv,0.05,10,271395413
6025,20,1000,weak,grib_migration_matrix_4pop_weak.csv,0.05,10,271395413
6026,21,1000,weak,grib_migration_matrix_4pop_weak.csv,0.05,10,271395413
6027,22,1000,weak,grib_migration_matrix_4pop_weak.csv,0.05,10,271395413
6028,23,1000,weak,grib_migration_matrix_4pop_weak.csv,0.05,10,271395413
6029,24,1000,weak,grib_migration_matrix_4pop_weak.csv,0.05,10,271395413
6030,25,1000,weak,grib_migration_matrix_4pop_weak.csv,0.05,10,271395413
6031,26,1000,weak,grib_migration_matrix_4pop_weak.csv,0.05,10,271395413
6032,27,1000,weak,grib_migration_matrix_4pop_weak.csv,0.05,10,271395413
6033,28,1000,weak,grib_migration_matrix_4pop_weak.csv,0.05,10,271395413
6034,29,1000,weak,grib_migration_matrix_4pop_weak.csv,0.05,10,271395413
6035,30,1000,weak,grib_migration_matrix_4pop_weak.csv,0.05,10,271395413
6036,31,1000,weak,grib_migration_matrix_4pop_weak.csv,0.05,10,271395413
6037,32,1000,weak,grib_migration_matrix_4pop_weak.csv,0.05,10,271395413
6038,33,1000,weak,grib_migration_matrix_4pop_weak.csv,0.05,10,271395413
6039,34,1000,weak,grib_migration_matrix_4pop_weak.csv,0.05,10,271395413
6040,35,1000,weak,grib_migration_matrix_4pop_weak.csv,0.05,10,271395413
6041,36,1000,weak,grib_migration_matrix_4pop_weak.csv,0.05,10,271395413
6042,37,1000,weak,grib_migration_matrix_4pop_weak.csv,0.05,10,271395413
6043,38,1000,weak,grib_migration_matrix_4pop_weak.csv,0.05,10,271395413
6044,39,1000,weak,grib_migration_matrix_4pop_weak.csv,0.05,10,271395413
6045,40,1000,weak,grib_migration_matrix_4pop_weak.csv,0.05,10,271395413
6046,41,1000,weak,grib_migration_matrix_4pop_weak.csv,0.05,10,271395413
6047,42,1000,weak,grib_migration_matrix_4pop_weak.csv,0.05,10,271395413
6048,43,1000,weak,grib_migration_matrix_4pop_weak.csv,0.05,10,271395413
6049,44,1000,weak,grib_migration_matrix_4pop_weak.csv,0.05,10,271395413
6050,45,1000,weak,grib_migration_matrix_4pop_weak.csv,0.05,10,271395413
6051,46,1000,weak,grib_migration_matrix_4pop_weak.csv,0.05,10,271395413
6052,47,1000,weak,grib_migration_matrix_4pop_weak.csv,0.05,10,271395413
6053,48,1000,weak,grib_migration_matrix_4pop_weak.csv,0.05,10,271395413
6054,49,1000,weak,grib_migration_matrix_4pop_weak.csv,0.05,10,271395413
6055,50,1000,weak,grib_migration_matrix_4pop_weak.csv,0.05,10,271395413
6056,51,1000,weak,grib_migration_matrix_4pop_weak.csv,0.05,10,271395413
6057,52,1000,weak,grib_migration_matrix_4pop_weak.csv,0.05,10,271395413
6058,53,1000,weak,grib_migration_matrix_4pop_weak.csv,0.05,10,271395413
6059,54,1000,weak,grib_migration_matrix_4pop_weak.csv,0.05,10,271395413
6060,55,1000,weak,grib_migration_matrix_4pop_weak.csv,0.05,10,271395413
6061,56,1000,weak,grib_migration_matrix_4pop_weak.csv,0.05,10,271395413
6062,57,1000,weak,grib_migration_matrix_4pop_weak.csv,0.05,10,271395413
6063,58,1000,weak,grib_migration_matrix_4pop_weak.csv,0.05,10,271395413
6064,59,1000,weak,grib_migration_matrix_4pop_weak.csv,0.05,10,271395413
6065,60,1000,weak,grib_migration_matrix_4pop_weak.csv,0.05,10,271395413
6066,61,1000,weak,grib_migration_matrix_4pop_weak.csv,0.05,10,271395413
6067,62,1000,weak,grib_migration_matrix_4pop_weak.csv,0.05,10,271395413
6068,63,1000,weak,grib_migration_matrix_4pop_weak.csv,0.05,10,271395413
6069,64,1000,weak,grib_migration_matrix_4pop_weak.csv,0.05,10,271395413
6070,65,1000,weak,grib_migration_matrix_4pop_weak.csv,0.05,10,271395413
6071,66,1000,weak,grib_migration_matrix_4pop_weak.csv,0.05,10,271395413
6072,67,1000,weak,grib_migration_matrix_4pop_weak.csv,0.05,10,271395413
6073,68,1000,weak,grib_migration_matrix_4pop_weak.csv,0.05,10,271395413
6074,69,1000,weak,grib_migration_matrix_4pop_weak.csv,0.05,10,271395413
6075,70,1000,weak,grib_migration_matrix_4pop_weak.csv,0.05,10,271395413
6076,71,1000,weak,grib_migration_matrix_4pop_weak.csv,0.05,10,271395413
6077,72,1000,weak,grib_migration_matrix_4pop_weak.csv,0.05,10,271395413
6078,73,1000,weak,grib_migration_matrix_4pop_weak.csv,0.05,10,271395413
6079,74,1000,weak,grib_migration_matrix_4pop_weak.csv,0.05,10,271395413
6080,75,1000,weak,grib_migration_matrix_4pop_weak.csv,0.05,10,271395413
6081,0,5000,strong,grib_migration_matrix_4pop_strong.csv,0.025,1,902710996
6082,1,5000,strong,grib_migration_matrix_4pop_strong.csv,0.025,1,902710996
6083,2,5000,strong,grib_migration_matrix_4pop_strong.csv,0.025,1,902710996
6084,3,5000,strong,grib_migration_matrix_4pop_strong.csv,0.025,1,902710996
6085,4,5000,strong,grib_migration_matrix_4pop_strong.csv,0.025,1,902710996
6086,5,5000,strong,grib_migration_matrix_4pop_strong.csv,0.025,1,902710996
6087,6,5000,strong,grib_migration_matrix_4pop_strong.csv,0.025,1,902710996
6088,7,5000,strong,grib_migration_matrix_4pop_strong.csv,0.025,1,902710996
6089,8,5000,strong,grib_migration_matrix_4pop_strong.csv,0.025,1,902710996
6090,9,5000,strong,grib_migration_matrix_4pop_strong.csv,0.025,1,902710996
6091,10,5000,strong,grib_migration_matrix_4pop_strong.csv,0.025,1,902710996
6092,11,5000,strong,grib_migration_matrix_4pop_strong.csv,0.025,1,902710996
6093,12,5000,strong,grib_migration_matrix_4pop_strong.csv,0.025,1,902710996
6094,13,5000,strong,grib_migration_matrix_4pop_strong.csv,0.025,1,902710996
6095,14,5000,strong,grib_migration_matrix_4pop_strong.csv,0.025,1,902710996
6096,15,5000,strong,grib_migration_matrix_4pop_strong.csv,0.025,1,902710996
6097,16,5000,strong,grib_migration_matrix_4pop_strong.csv,0.025,1,902710996
6098,17,5000,strong,grib_migration_matrix_4pop_strong.csv,0.025,1,902710996
6099,18,5000,strong,grib_migration_matrix_4pop_strong.csv,0.025,1,902710996
6100,19,5000,strong,grib_migration_matrix_4pop_strong.csv,0.025,1,902710996
6101,20,5000,strong,grib_migration_matrix_4pop_strong.csv,0.025,1,902710996
6102,21,5000,strong,grib_migration_matrix_4pop_strong.csv,0.025,1,902710996
6103,22,5000,strong,grib_migration_matrix_4pop_strong.csv,0.025,1,902710996
6104,23,5000,strong,grib_migration_matrix_4pop_strong.csv,0.025,1,902710996
6105,24,5000,strong,grib_migration_matrix_4pop_strong.csv,0.025,1,902710996
6106,25,5000,strong,grib_migration_matrix_4pop_strong.csv,0.025,1,902710996
6107,26,5000,strong,grib_migration_matrix_4pop_strong.csv,0.025,1,902710996
6108,27,5000,strong,grib_migration_matrix_4pop_strong.csv,0.025,1,902710996
6109,28,5000,strong,grib_migration_matrix_4pop_strong.csv,0.025,1,902710996
6110,29,5000,strong,grib_migration_matrix_4pop_strong.csv,0.025,1,902710996
6111,30,5000,strong,grib_migration_matrix_4pop_strong.csv,0.025,1,902710996
6112,31,5000,strong,grib_migration_matrix_4pop_strong.csv,0.025,1,902710996
6113,32,5000,strong,grib_migration_matrix_4pop_strong.csv,0.025,1,902710996
6114,33,5000,strong,grib_migration_matrix_4pop_strong.csv,0.025,1,902710996
6115,34,5000,strong,grib_migration_matrix_4pop_strong.csv,0.025,1,902710996
6116,35,5000,strong,grib_migration_matrix_4pop_strong.csv,0.025,1,902710996
6117,36,5000,strong,grib_migration_matrix_4pop_strong.csv,0.025,1,902710996
6118,37,5000,strong,grib_migration_matrix_4pop_strong.csv,0.025,1,902710996
6119,38,5000,strong,grib_migration_matrix_4pop_strong.csv,0.025,1,902710996
6120,39,5000,strong,grib_migration_matrix_4pop_strong.csv,0.025,1,902710996
6121,40,5000,strong,grib_migration_matrix_4pop_strong.csv,0.025,1,902710996
6122,41,5000,strong,grib_migration_matrix_4pop_strong.csv,0.025,1,902710996
6123,42,5000,strong,grib_migration_matrix_4pop_strong.csv,0.025,1,902710996
6124,43,5000,strong,grib_migration_matrix_4pop_strong.csv,0.025,1,902710996
6125,44,5000,strong,grib_migration_matrix_4pop_strong.csv,0.025,1,902710996
6126,45,5000,strong,grib_migration_matrix_4pop_strong.csv,0.025,1,902710996
6127,46,5000,strong,grib_migration_matrix_4pop_strong.csv,0.025,1,902710996
6128,47,5000,strong,grib_migration_matrix_4pop_strong.csv,0.025,1,902710996
6129,48,5000,strong,grib_migration_matrix_4pop_strong.csv,0.025,1,902710996
6130,49,5000,strong,grib_migration_matrix_4pop_strong.csv,0.025,1,902710996
6131,50,5000,strong,grib_migration_matrix_4pop_strong.csv,0.025,1,902710996
6132,51,5000,strong,grib_migration_matrix_4pop_strong.csv,0.025,1,902710996
6133,52,5000,strong,grib_migration_matrix_4pop_strong.csv,0.025,1,902710996
6134,53,5000,strong,grib_migration_matrix_4pop_strong.csv,0.025,1,902710996
6135,54,5000,strong,grib_migration_matrix_4pop_strong.csv,0.025,1,902710996
6136,55,5000,strong,grib_migration_matrix_4pop_strong.csv,0.025,1,902710996
6137,56,5000,strong,grib_migration_matrix_4pop_strong.csv,0.025,1,902710996
6138,57,5000,strong,grib_migration_matrix_4pop_strong.csv,0.025,1,902710996
6139,58,5000,strong,grib_migration_matrix_4pop_strong.csv,0.025,1,902710996
6140,59,5000,strong,grib_migration_matrix_4pop_strong.csv,0.025,1,902710996
6141,60,5000,strong,grib_migration_matrix_4pop_strong.csv,0.025,1,902710996
6142,61,5000,strong,grib_migration_matrix_4pop_strong.csv,0.025,1,902710996
6143,62,5000,strong,grib_migration_matrix_4pop_strong.csv,0.025,1,902710996
6144,63,5000,strong,grib_migration_matrix_4pop_strong.csv,0.025,1,902710996
6145,64,5000,strong,grib_migration_matrix_4pop_strong.csv,0.025,1,902710996
6146,65,5000,strong,grib_migration_matrix_4pop_strong.csv,0.025,1,902710996
6147,66,5000,strong,grib_migration_matrix_4pop_strong.csv,0.025,1,902710996
6148,67,5000,strong,grib_migration_matrix_4pop_strong.csv,0.025,1,902710996
6149,68,5000,strong,grib_migration_matrix_4pop_strong.csv,0.025,1,902710996
6150,69,5000,strong,grib_migration_matrix_4pop_strong.csv,0.025,1,902710996
6151,70,5000,strong,grib_migration_matrix_4pop_strong.csv,0.025,1,902710996
6152,71,5000,strong,grib_migration_matrix_4pop_strong.csv,0.025,1,902710996
6153,72,5000,strong,grib_migration_matrix_4pop_strong.csv,0.025,1,902710996
6154,73,5000,strong,grib_migration_matrix_4pop_strong.csv,0.025,1,902710996
6155,74,5000,strong,grib_migration_matrix_4pop_strong.csv,0.025,1,902710996
6156,75,5000,strong,grib_migration_matrix_4pop_strong.csv,0.025,1,902710996
6157,0,5000,strong,grib_migration_matrix_4pop_strong.csv,0.025,2,281762061
6158,1,5000,strong,grib_migration_matrix_4pop_strong.csv,0.025,2,281762061
6159,2,5000,strong,grib_migration_matrix_4pop_strong.csv,0.025,2,281762061
6160,3,5000,strong,grib_migration_matrix_4pop_strong.csv,0.025,2,281762061
6161,4,5000,strong,grib_migration_matrix_4pop_strong.csv,0.025,2,281762061
6162,5,5000,strong,grib_migration_matrix_4pop_strong.csv,0.025,2,281762061
6163,6,5000,strong,grib_migration_matrix_4pop_strong.csv,0.025,2,281762061
6164,7,5000,strong,grib_migration_matrix_4pop_strong.csv,0.025,2,281762061
6165,8,5000,strong,grib_migration_matrix_4pop_strong.csv,0.025,2,281762061
6166,9,5000,strong,grib_migration_matrix_4pop_strong.csv,0.025,2,281762061
6167,10,5000,strong,grib_migration_matrix_4pop_strong.csv,0.025,2,281762061
6168,11,5000,strong,grib_migration_matrix_4pop_strong.csv,0.025,2,281762061
6169,12,5000,strong,grib_migration_matrix_4pop_strong.csv,0.025,2,281762061
6170,13,5000,strong,grib_migration_matrix_4pop_strong.csv,0.025,2,281762061
6171,14,5000,strong,grib_migration_matrix_4pop_strong.csv,0.025,2,281762061
6172,15,5000,strong,grib_migration_matrix_4pop_strong.csv,0.025,2,281762061
6173,16,5000,strong,grib_migration_matrix_4pop_strong.csv,0.025,2,281762061
6174,17,5000,strong,grib_migration_matrix_4pop_strong.csv,0.025,2,281762061
6175,18,5000,strong,grib_migration_matrix_4pop_strong.csv,0.025,2,281762061
6176,19,5000,strong,grib_migration_matrix_4pop_strong.csv,0.025,2,281762061
6177,20,5000,strong,grib_migration_matrix_4pop_strong.csv,0.025,2,281762061
6178,21,5000,strong,grib_migration_matrix_4pop_strong.csv,0.025,2,281762061
6179,22,5000,strong,grib_migration_matrix_4pop_strong.csv,0.025,2,281762061
6180,23,5000,strong,grib_migration_matrix_4pop_strong.csv,0.025,2,281762061
6181,24,5000,strong,grib_migration_matrix_4pop_strong.csv,0.025,2,281762061
6182,25,5000,strong,grib_migration_matrix_4pop_strong.csv,0.025,2,281762061
6183,26,5000,strong,grib_migration_matrix_4pop_strong.csv,0.025,2,281762061
6184,27,5000,strong,grib_migration_matrix_4pop_strong.csv,0.025,2,281762061
6185,28,5000,strong,grib_migration_matrix_4pop_strong.csv,0.025,2,281762061
6186,29,5000,strong,grib_migration_matrix_4pop_strong.csv,0.025,2,281762061
6187,30,5000,strong,grib_migration_matrix_4pop_strong.csv,0.025,2,281762061
6188,31,5000,strong,grib_migration_matrix_4pop_strong.csv,0.025,2,281762061
6189,32,5000,strong,grib_migration_matrix_4pop_strong.csv,0.025,2,281762061
6190,33,5000,strong,grib_migration_matrix_4pop_strong.csv,0.025,2,281762061
6191,34,5000,strong,grib_migration_matrix_4pop_strong.csv,0.025,2,281762061
6192,35,5000,strong,grib_migration_matrix_4pop_strong.csv,0.025,2,281762061
6193,36,5000,strong,grib_migration_matrix_4pop_strong.csv,0.025,2,281762061
6194,37,5000,strong,grib_migration_matrix_4pop_strong.csv,0.025,2,281762061
6195,38,5000,strong,grib_migration_matrix_4pop_strong.csv,0.025,2,281762061
6196,39,5000,strong,grib_migration_matrix_4pop_strong.csv,0.025,2,281762061
6197,40,5000,strong,grib_migration_matrix_4pop_strong.csv,0.025,2,281762061
6198,41,5000,strong,grib_migration_matrix_4pop_strong.csv,0.025,2,281762061
6199,42,5000,strong,grib_migration_matrix_4pop_strong.csv,0.025,2,281762061
6200,43,5000,strong,grib_migration_matrix_4pop_strong.csv,0.025,2,281762061
6201,44,5000,strong,grib_migration_matrix_4pop_strong.csv,0.025,2,281762061
6202,45,5000,strong,grib_migration_matrix_4pop_strong.csv,0.025,2,281762061
6203,46,5000,strong,grib_migration_matrix_4pop_strong.csv,0.025,2,281762061
6204,47,5000,strong,grib_migration_matrix_4pop_strong.csv,0.025,2,281762061
6205,48,5000,strong,grib_migration_matrix_4pop_strong.csv,0.025,2,281762061
6206,49,5000,strong,grib_migration_matrix_4pop_strong.csv,0.025,2,281762061
6207,50,5000,strong,grib_migration_matrix_4pop_strong.csv,0.025,2,281762061
6208,51,5000,strong,grib_migration_matrix_4pop_strong.csv,0.025,2,281762061
6209,52,5000,strong,grib_migration_matrix_4pop_strong.csv,0.025,2,281762061
6210,53,5000,strong,grib_migration_matrix_4pop_strong.csv,0.025,2,281762061
6211,54,5000,strong,grib_migration_matrix_4pop_strong.csv,0.025,2,281762061
6212,55,5000,strong,grib_migration_matrix_4pop_strong.csv,0.025,2,281762061
6213,56,5000,strong,grib_migration_matrix_4pop_strong.csv,0.025,2,281762061
6214,57,5000,strong,grib_migration_matrix_4pop_strong.csv,0.025,2,281762061
6215,58,5000,strong,grib_migration_matrix_4pop_strong.csv,0.025,2,281762061
6216,59,5000,strong,grib_migration_matrix_4pop_strong.csv,0.025,2,281762061
6217,60,5000,strong,grib_migration_matrix_4pop_strong.csv,0.025,2,281762061
6218,61,5000,strong,grib_migration_matrix_4pop_strong.csv,0.025,2,281762061
6219,62,5000,strong,grib_migration_matrix_4pop_strong.csv,0.025,2,281762061
6220,63,5000,strong,grib_migration_matrix_4pop_strong.csv,0.025,2,281762061
6221,64,5000,strong,grib_migration_matrix_4pop_strong.csv,0.025,2,281762061
6222,65,5000,strong,grib_migration_matrix_4pop_strong.csv,0.025,2,281762061
6223,66,5000,strong,grib_migration_matrix_4pop_strong.csv,0.025,2,281762061
6224,67,5000,strong,grib_migration_matrix_4pop_strong.csv,0.025,2,281762061
6225,68,5000,strong,grib_migration_matrix_4pop_strong.csv,0.025,2,281762061
6226,69,5000,strong,grib_migration_matrix_4pop_strong.csv,0.025,2,281762061
6227,70,5000,strong,grib_migration_matrix_4pop_strong.csv,0.025,2,281762061
6228,71,5000,strong,grib_migration_matrix_4pop_strong.csv,0.025,2,281762061
6229,72,5000,strong,grib_migration_matrix_4pop_strong.csv,0.025,2,281762061
6230,73,5000,strong,grib_migration_matrix_4pop_strong.csv,0.025,2,281762061
6231,74,5000,strong,grib_migration_matrix_4pop_strong.csv,0.025,2,281762061
6232,75,5000,strong,grib_migration_matrix_4pop_strong.csv,0.025,2,281762061
6233,0,5000,strong,grib_migration_matrix_4pop_strong.csv,0.025,3,1641799000
6234,1,5000,strong,grib_migration_matrix_4pop_strong.csv,0.025,3,1641799000
6235,2,5000,strong,grib_migration_matrix_4pop_strong.csv,0.025,3,1641799000
6236,3,5000,strong,grib_migration_matrix_4pop_strong.csv,0.025,3,1641799000
6237,4,5000,strong,grib_migration_matrix_4pop_strong.csv,0.025,3,1641799000
6238,5,5000,strong,grib_migration_matrix_4pop_strong.csv,0.025,3,1641799000
6239,6,5000,strong,grib_migration_matrix_4pop_strong.csv,0.025,3,1641799000
6240,7,5000,strong,grib_migration_matrix_4pop_strong.csv,0.025,3,1641799000
6241,8,5000,strong,grib_migration_matrix_4pop_strong.csv,0.025,3,1641799000
6242,9,5000,strong,grib_migration_matrix_4pop_strong.csv,0.025,3,1641799000
6243,10,5000,strong,grib_migration_matrix_4pop_strong.csv,0.025,3,1641799000
6244,11,5000,strong,grib_migration_matrix_4pop_strong.csv,0.025,3,1641799000
6245,12,5000,strong,grib_migration_matrix_4pop_strong.csv,0.025,3,1641799000
6246,13,5000,strong,grib_migration_matrix_4pop_strong.csv,0.025,3,1641799000
6247,14,5000,strong,grib_migration_matrix_4pop_strong.csv,0.025,3,1641799000
6248,15,5000,strong,grib_migration_matrix_4pop_strong.csv,0.025,3,1641799000
6249,16,5000,strong,grib_migration_matrix_4pop_strong.csv,0.025,3,1641799000
6250,17,5000,strong,grib_migration_matrix_4pop_strong.csv,0.025,3,1641799000
6251,18,5000,strong,grib_migration_matrix_4pop_strong.csv,0.025,3,1641799000
6252,19,5000,strong,grib_migration_matrix_4pop_strong.csv,0.025,3,1641799000
6253,20,5000,strong,grib_migration_matrix_4pop_strong.csv,0.025,3,1641799000
6254,21,5000,strong,grib_migration_matrix_4pop_strong.csv,0.025,3,1641799000
6255,22,5000,strong,grib_migration_matrix_4pop_strong.csv,0.025,3,1641799000
6256,23,5000,strong,grib_migration_matrix_4pop_strong.csv,0.025,3,1641799000
6257,24,5000,strong,grib_migration_matrix_4pop_strong.csv,0.025,3,1641799000
6258,25,5000,strong,grib_migration_matrix_4pop_strong.csv,0.025,3,1641799000
6259,26,5000,strong,grib_migration_matrix_4pop_strong.csv,0.025,3,1641799000
6260,27,5000,strong,grib_migration_matrix_4pop_strong.csv,0.025,3,1641799000
6261,28,5000,strong,grib_migration_matrix_4pop_strong.csv,0.025,3,1641799000
6262,29,5000,strong,grib_migration_matrix_4pop_strong.csv,0.025,3,1641799000
6263,30,5000,strong,grib_migration_matrix_4pop_strong.csv,0.025,3,1641799000
6264,31,5000,strong,grib_migration_matrix_4pop_strong.csv,0.025,3,1641799000
6265,32,5000,strong,grib_migration_matrix_4pop_strong.csv,0.025,3,1641799000
6266,33,5000,strong,grib_migration_matrix_4pop_strong.csv,0.025,3,1641799000
6267,34,5000,strong,grib_migration_matrix_4pop_strong.csv,0.025,3,1641799000
6268,35,5000,strong,grib_migration_matrix_4pop_strong.csv,0.025,3,1641799000
6269,36,5000,strong,grib_migration_matrix_4pop_strong.csv,0.025,3,1641799000
6270,37,5000,strong,grib_migration_matrix_4pop_strong.csv,0.025,3,1641799000
6271,38,5000,strong,grib_migration_matrix_4pop_strong.csv,0.025,3,1641799000
6272,39,5000,strong,grib_migration_matrix_4pop_strong.csv,0.025,3,1641799000
6273,40,5000,strong,grib_migration_matrix_4pop_strong.csv,0.025,3,1641799000
6274,41,5000,strong,grib_migration_matrix_4pop_strong.csv,0.025,3,1641799000
6275,42,5000,strong,grib_migration_matrix_4pop_strong.csv,0.025,3,1641799000
6276,43,5000,strong,grib_migration_matrix_4pop_strong.csv,0.025,3,1641799000
6277,44,5000,strong,grib_migration_matrix_4pop_strong.csv,0.025,3,1641799000
6278,45,5000,strong,grib_migration_matrix_4pop_strong.csv,0.025,3,1641799000
6279,46,5000,strong,grib_migration_matrix_4pop_strong.csv,0.025,3,1641799000
6280,47,5000,strong,grib_migration_matrix_4pop_strong.csv,0.025,3,1641799000
6281,48,5000,strong,grib_migration_matrix_4pop_strong.csv,0.025,3,1641799000
6282,49,5000,strong,grib_migration_matrix_4pop_strong.csv,0.025,3,1641799000
6283,50,5000,strong,grib_migration_matrix_4pop_strong.csv,0.025,3,1641799000
6284,51,5000,strong,grib_migration_matrix_4pop_strong.csv,0.025,3,1641799000
6285,52,5000,strong,grib_migration_matrix_4pop_strong.csv,0.025,3,1641799000
6286,53,5000,strong,grib_migration_matrix_4pop_strong.csv,0.025,3,1641799000
6287,54,5000,strong,grib_migration_matrix_4pop_strong.csv,0.025,3,1641799000
6288,55,5000,strong,grib_migration_matrix_4pop_strong.csv,0.025,3,1641799000
6289,56,5000,strong,grib_migration_matrix_4pop_strong.csv,0.025,3,1641799000
6290,57,5000,strong,grib_migration_matrix_4pop_strong.csv,0.025,3,1641799000
6291,58,5000,strong,grib_migration_matrix_4pop_strong.csv,0.025,3,1641799000
6292,59,5000,strong,grib_migration_matrix_4pop_strong.csv,0.025,3,1641799000
6293,60,5000,strong,grib_migration_matrix_4pop_strong.csv,0.025,3,1641799000
6294,61,5000,strong,grib_migration_matrix_4pop_strong.csv,0.025,3,1641799000
6295,62,5000,strong,grib_migration_matrix_4pop_strong.csv,0.025,3,1641799000
6296,63,5000,strong,grib_migration_matrix_4pop_strong.csv,0.025,3,1641799000
6297,64,5000,strong,grib_migration_matrix_4pop_strong.csv,0.025,3,1641799000
6298,65,5000,strong,grib_migration_matrix_4pop_strong.csv,0.025,3,1641799000
6299,66,5000,strong,grib_migration_matrix_4pop_strong.csv,0.025,3,1641799000
6300,67,5000,strong,grib_migration_matrix_4pop_strong.csv,0.025,3,1641799000
6301,68,5000,strong,grib_migration_matrix_4pop_strong.csv,0.025,3,1641799000
6302,69,5000,strong,grib_migration_matrix_4pop_strong.csv,0.025,3,1641799000
6303,70,5000,strong,grib_migration_matrix_4pop_strong.csv,0.025,3,1641799000
6304,71,5000,strong,grib_migration_matrix_4pop_strong.csv,0.025,3,1641799000
6305,72,5000,strong,grib_migration_matrix_4pop_strong.csv,0.025,3,1641799000
6306,73,5000,strong,grib_migration_matrix_4pop_strong.csv,0.025,3,1641799000
6307,74,5000,strong,grib_migration_matrix_4pop_strong.csv,0.025,3,1641799000
6308,75,5000,strong,grib_migration_matrix_4pop_strong.csv,0.025,3,1641799000
6309,0,5000,strong,grib_migration_matrix_4pop_strong.csv,0.025,4,534697285
6310,1,5000,strong,grib_migration_matrix_4pop_strong.csv,0.025,4,534697285
6311,2,5000,strong,grib_migration_matrix_4pop_strong.csv,0.025,4,534697285
6312,3,5000,strong,grib_migration_matrix_4pop_strong.csv,0.025,4,534697285
6313,4,5000,strong,grib_migration_matrix_4pop_strong.csv,0.025,4,534697285
6314,5,5000,strong,grib_migration_matrix_4pop_strong.csv,0.025,4,534697285
6315,6,5000,strong,grib_migration_matrix_4pop_strong.csv,0.025,4,534697285
6316,7,5000,strong,grib_migration_matrix_4pop_strong.csv,0.025,4,534697285
6317,8,5000,strong,grib_migration_matrix_4pop_strong.csv,0.025,4,534697285
6318,9,5000,strong,grib_migration_matrix_4pop_strong.csv,0.025,4,534697285
6319,10,5000,strong,grib_migration_matrix_4pop_strong.csv,0.025,4,534697285
6320,11,5000,strong,grib_migration_matrix_4pop_strong.csv,0.025,4,534697285
6321,12,5000,strong,grib_migration_matrix_4pop_strong.csv,0.025,4,534697285
6322,13,5000,strong,grib_migration_matrix_4pop_strong.csv,0.025,4,534697285
6323,14,5000,strong,grib_migration_matrix_4pop_strong.csv,0.025,4,534697285
6324,15,5000,strong,grib_migration_matrix_4pop_strong.csv,0.025,4,534697285
6325,16,5000,strong,grib_migration_matrix_4pop_strong.csv,0.025,4,534697285
6326,17,5000,strong,grib_migration_matrix_4pop_strong.csv,0.025,4,534697285
6327,18,5000,strong,grib_migration_matrix_4pop_strong.csv,0.025,4,534697285
6328,19,5000,strong,grib_migration_matrix_4pop_strong.csv,0.025,4,534697285
6329,20,5000,strong,grib_migration_matrix_4pop_strong.csv,0.025,4,534697285
6330,21,5000,strong,grib_migration_matrix_4pop_strong.csv,0.025,4,534697285
6331,22,5000,strong,grib_migration_matrix_4pop_strong.csv,0.025,4,534697285
6332,23,5000,strong,grib_migration_matrix_4pop_strong.csv,0.025,4,534697285
6333,24,5000,strong,grib_migration_matrix_4pop_strong.csv,0.025,4,534697285
6334,25,5000,strong,grib_migration_matrix_4pop_strong.csv,0.025,4,534697285
6335,26,5000,strong,grib_migration_matrix_4pop_strong.csv,0.025,4,534697285
6336,27,5000,strong,grib_migration_matrix_4pop_strong.csv,0.025,4,534697285
6337,28,5000,strong,grib_migration_matrix_4pop_strong.csv,0.025,4,534697285
6338,29,5000,strong,grib_migration_matrix_4pop_strong.csv,0.025,4,534697285
6339,30,5000,strong,grib_migration_matrix_4pop_strong.csv,0.025,4,534697285
6340,31,5000,strong,grib_migration_matrix_4pop_strong.csv,0.025,4,534697285
6341,32,5000,strong,grib_migration_matrix_4pop_strong.csv,0.025,4,534697285
6342,33,5000,strong,grib_migration_matrix_4pop_strong.csv,0.025,4,534697285
6343,34,5000,strong,grib_migration_matrix_4pop_strong.csv,0.025,4,534697285
6344,35,5000,strong,grib_migration_matrix_4pop_strong.csv,0.025,4,534697285
6345,36,5000,strong,grib_migration_matrix_4pop_strong.csv,0.025,4,534697285
6346,37,5000,strong,grib_migration_matrix_4pop_strong.csv,0.025,4,534697285
6347,38,5000,strong,grib_migration_matrix_4pop_strong.csv,0.025,4,534697285
6348,39,5000,strong,grib_migration_matrix_4pop_strong.csv,0.025,4,534697285
6349,40,5000,strong,grib_migration_matrix_4pop_strong.csv,0.025,4,534697285
6350,41,5000,strong,grib_migration_matrix_4pop_strong.csv,0.025,4,534697285
6351,42,5000,strong,grib_migration_matrix_4pop_strong.csv,0.025,4,534697285
6352,43,5000,strong,grib_migration_matrix_4pop_strong.csv,0.025,4,534697285
6353,44,5000,strong,grib_migration_matrix_4pop_strong.csv,0.025,4,534697285
6354,45,5000,strong,grib_migration_matrix_4pop_strong.csv,0.025,4,534697285
6355,46,5000,strong,grib_migration_matrix_4pop_strong.csv,0.025,4,534697285
6356,47,5000,strong,grib_migration_matrix_4pop_strong.csv,0.025,4,534697285
6357,48,5000,strong,grib_migration_matrix_4pop_strong.csv,0.025,4,534697285
6358,49,5000,strong,grib_migration_matrix_4pop_strong.csv,0.025,4,534697285
6359,50,5000,strong,grib_migration_matrix_4pop_strong.csv,0.025,4,534697285
6360,51,5000,strong,grib_migration_matrix_4pop_strong.csv,0.025,4,534697285
6361,52,5000,strong,grib_migration_matrix_4pop_strong.csv,0.025,4,534697285
6362,53,5000,strong,grib_migration_matrix_4pop_strong.csv,0.025,4,534697285
6363,54,5000,strong,grib_migration_matrix_4pop_strong.csv,0.025,4,534697285
6364,55,5000,strong,grib_migration_matrix_4pop_strong.csv,0.025,4,534697285
6365,56,5000,strong,grib_migration_matrix_4pop_strong.csv,0.025,4,534697285
6366,57,5000,strong,grib_migration_matrix_4pop_strong.csv,0.025,4,534697285
6367,58,5000,strong,grib_migration_matrix_4pop_strong.csv,0.025,4,534697285
6368,59,5000,strong,grib_migration_matrix_4pop_strong.csv,0.025,4,534697285
6369,60,5000,strong,grib_migration_matrix_4pop_strong.csv,0.025,4,534697285
6370,61,5000,strong,grib_migration_matrix_4pop_strong.csv,0.025,4,534697285
6371,62,5000,strong,grib_migration_matrix_4pop_strong.csv,0.025,4,534697285
6372,63,5000,strong,grib_migration_matrix_4pop_strong.csv,0.025,4,534697285
6373,64,5000,strong,grib_migration_matrix_4pop_strong.csv,0.025,4,534697285
6374,65,5000,strong,grib_migration_matrix_4pop_strong.csv,0.025,4,534697285
6375,66,5000,strong,grib_migration_matrix_4pop_strong.csv,0.025,4,534697285
6376,67,5000,strong,grib_migration_matrix_4pop_strong.csv,0.025,4,534697285
6377,68,5000,strong,grib_migration_matrix_4pop_strong.csv,0.025,4,534697285
6378,69,5000,strong,grib_migration_matrix_4pop_strong.csv,0.025,4,534697285
6379,70,5000,strong,grib_migration_matrix_4pop_strong.csv,0.025,4,534697285
6380,71,5000,strong,grib_migration_matrix_4pop_strong.csv,0.025,4,534697285
6381,72,5000,strong,grib_migration_matrix_4pop_strong.csv,0.025,4,534697285
6382,73,5000,strong,grib_migration_matrix_4pop_strong.csv,0.025,4,534697285
6383,74,5000,strong,grib_migration_matrix_4pop_strong.csv,0.025,4,534697285
6384,75,5000,strong,grib_migration_matrix_4pop_strong.csv,0.025,4,534697285
6385,0,5000,strong,grib_migration_matrix_4pop_strong.csv,0.025,5,1136064429
6386,1,5000,strong,grib_migration_matrix_4pop_strong.csv,0.025,5,1136064429
6387,2,5000,strong,grib_migration_matrix_4pop_strong.csv,0.025,5,1136064429
6388,3,5000,strong,grib_migration_matrix_4pop_strong.csv,0.025,5,1136064429
6389,4,5000,strong,grib_migration_matrix_4pop_strong.csv,0.025,5,1136064429
6390,5,5000,strong,grib_migration_matrix_4pop_strong.csv,0.025,5,1136064429
6391,6,5000,strong,grib_migration_matrix_4pop_strong.csv,0.025,5,1136064429
6392,7,5000,strong,grib_migration_matrix_4pop_strong.csv,0.025,5,1136064429
6393,8,5000,strong,grib_migration_matrix_4pop_strong.csv,0.025,5,1136064429
6394,9,5000,strong,grib_migration_matrix_4pop_strong.csv,0.025,5,1136064429
6395,10,5000,strong,grib_migration_matrix_4pop_strong.csv,0.025,5,1136064429
6396,11,5000,strong,grib_migration_matrix_4pop_strong.csv,0.025,5,1136064429
6397,12,5000,strong,grib_migration_matrix_4pop_strong.csv,0.025,5,1136064429
6398,13,5000,strong,grib_migration_matrix_4pop_strong.csv,0.025,5,1136064429
6399,14,5000,strong,grib_migration_matrix_4pop_strong.csv,0.025,5,1136064429
6400,15,5000,strong,grib_migration_matrix_4pop_strong.csv,0.025,5,1136064429
6401,16,5000,strong,grib_migration_matrix_4pop_strong.csv,0.025,5,1136064429
6402,17,5000,strong,grib_migration_matrix_4pop_strong.csv,0.025,5,1136064429
6403,18,5000,strong,grib_migration_matrix_4pop_strong.csv,0.025,5,1136064429
6404,19,5000,strong,grib_migration_matrix_4pop_strong.csv,0.025,5,1136064429
6405,20,5000,strong,grib_migration_matrix_4pop_strong.csv,0.025,5,1136064429
6406,21,5000,strong,grib_migration_matrix_4pop_strong.csv,0.025,5,1136064429
6407,22,5000,strong,grib_migration_matrix_4pop_strong.csv,0.025,5,1136064429
6408,23,5000,strong,grib_migration_matrix_4pop_strong.csv,0.025,5,1136064429
6409,24,5000,strong,grib_migration_matrix_4pop_strong.csv,0.025,5,1136064429
6410,25,5000,strong,grib_migration_matrix_4pop_strong.csv,0.025,5,1136064429
6411,26,5000,strong,grib_migration_matrix_4pop_strong.csv,0.025,5,1136064429
6412,27,5000,strong,grib_migration_matrix_4pop_strong.csv,0.025,5,1136064429
6413,28,5000,strong,grib_migration_matrix_4pop_strong.csv,0.025,5,1136064429
6414,29,5000,strong,grib_migration_matrix_4pop_strong.csv,0.025,5,1136064429
6415,30,5000,strong,grib_migration_matrix_4pop_strong.csv,0.025,5,1136064429
6416,31,5000,strong,grib_migration_matrix_4pop_strong.csv,0.025,5,1136064429
6417,32,5000,strong,grib_migration_matrix_4pop_strong.csv,0.025,5,1136064429
6418,33,5000,strong,grib_migration_matrix_4pop_strong.csv,0.025,5,1136064429
6419,34,5000,strong,grib_migration_matrix_4pop_strong.csv,0.025,5,1136064429
6420,35,5000,strong,grib_migration_matrix_4pop_strong.csv,0.025,5,1136064429
6421,36,5000,strong,grib_migration_matrix_4pop_strong.csv,0.025,5,1136064429
6422,37,5000,strong,grib_migration_matrix_4pop_strong.csv,0.025,5,1136064429
6423,38,5000,strong,grib_migration_matrix_4pop_strong.csv,0.025,5,1136064429
6424,39,5000,strong,grib_migration_matrix_4pop_strong.csv,0.025,5,1136064429
6425,40,5000,strong,grib_migration_matrix_4pop_strong.csv,0.025,5,1136064429
6426,41,5000,strong,grib_migration_matrix_4pop_strong.csv,0.025,5,1136064429
6427,42,5000,strong,grib_migration_matrix_4pop_strong.csv,0.025,5,1136064429
6428,43,5000,strong,grib_migration_matrix_4pop_strong.csv,0.025,5,1136064429
6429,44,5000,strong,grib_migration_matrix_4pop_strong.csv,0.025,5,1136064429
6430,45,5000,strong,grib_migration_matrix_4pop_strong.csv,0.025,5,1136064429
6431,46,5000,strong,grib_migration_matrix_4pop_strong.csv,0.025,5,1136064429
6432,47,5000,strong,grib_migration_matrix_4pop_strong.csv,0.025,5,1136064429
6433,48,5000,strong,grib_migration_matrix_4pop_strong.csv,0.025,5,1136064429
6434,49,5000,strong,grib_migration_matrix_4pop_strong.csv,0.025,5,1136064429
6435,50,5000,strong,grib_migration_matrix_4pop_strong.csv,0.025,5,1136064429
6436,51,5000,strong,grib_migration_matrix_4pop_strong.csv,0.025,5,1136064429
6437,52,5000,strong,grib_migration_matrix_4pop_strong.csv,0.025,5,1136064429
6438,53,5000,strong,grib_migration_matrix_4pop_strong.csv,0.025,5,1136064429
6439,54,5000,strong,grib_migration_matrix_4pop_strong.csv,0.025,5,1136064429
6440,55,5000,strong,grib_migration_matrix_4pop_strong.csv,0.025,5,1136064429
6441,56,5000,strong,grib_migration_matrix_4pop_strong.csv,0.025,5,1136064429
6442,57,5000,strong,grib_migration_matrix_4pop_strong.csv,0.025,5,1136064429
6443,58,5000,strong,grib_migration_matrix_4pop_strong.csv,0.025,5,1136064429
6444,59,5000,strong,grib_migration_matrix_4pop_strong.csv,0.025,5,1136064429
6445,60,5000,strong,grib_migration_matrix_4pop_strong.csv,0.025,5,1136064429
6446,61,5000,strong,grib_migration_matrix_4pop_strong.csv,0.025,5,1136064429
6447,62,5000,strong,grib_migration_matrix_4pop_strong.csv,0.025,5,1136064429
6448,63,5000,strong,grib_migration_matrix_4pop_strong.csv,0.025,5,1136064429
6449,64,5000,strong,grib_migration_matrix_4pop_strong.csv,0.025,5,1136064429
6450,65,5000,strong,grib_migration_matrix_4pop_strong.csv,0.025,5,1136064429
6451,66,5000,strong,grib_migration_matrix_4pop_strong.csv,0.025,5,1136064429
6452,67,5000,strong,grib_migration_matrix_4pop_strong.csv,0.025,5,1136064429
6453,68,5000,strong,grib_migration_matrix_4pop_strong.csv,0.025,5,1136064429
6454,69,5000,strong,grib_migration_matrix_4pop_strong.csv,0.025,5,1136064429
6455,70,5000,strong,grib_migration_matrix_4pop_strong.csv,0.025,5,1136064429
6456,71,5000,strong,grib_migration_matrix_4pop_strong.csv,0.025,5,1136064429
6457,72,5000,strong,grib_migration_matrix_4pop_strong.csv,0.025,5,1136064429
6458,73,5000,strong,grib_migration_matrix_4pop_strong.csv,0.025,5,1136064429
6459,74,5000,strong,grib_migration_matrix_4pop_strong.csv,0.025,5,1136064429
6460,75,5000,strong,grib_migration_matrix_4pop_strong.csv,0.025,5,1136064429
6461,0,5000,strong,grib_migration_matrix_4pop_strong.csv,0.025,6,1174889720
6462,1,5000,strong,grib_migration_matrix_4pop_strong.csv,0.025,6,1174889720
6463,2,5000,strong,grib_migration_matrix_4pop_strong.csv,0.025,6,1174889720
6464,3,5000,strong,grib_migration_matrix_4pop_strong.csv,0.025,6,1174889720
6465,4,5000,strong,grib_migration_matrix_4pop_strong.csv,0.025,6,1174889720
6466,5,5000,strong,grib_migration_matrix_4pop_strong.csv,0.025,6,1174889720
6467,6,5000,strong,grib_migration_matrix_4pop_strong.csv,0.025,6,1174889720
6468,7,5000,strong,grib_migration_matrix_4pop_strong.csv,0.025,6,1174889720
6469,8,5000,strong,grib_migration_matrix_4pop_strong.csv,0.025,6,1174889720
6470,9,5000,strong,grib_migration_matrix_4pop_strong.csv,0.025,6,1174889720
6471,10,5000,strong,grib_migration_matrix_4pop_strong.csv,0.025,6,1174889720
6472,11,5000,strong,grib_migration_matrix_4pop_strong.csv,0.025,6,1174889720
6473,12,5000,strong,grib_migration_matrix_4pop_strong.csv,0.025,6,1174889720
6474,13,5000,strong,grib_migration_matrix_4pop_strong.csv,0.025,6,1174889720
6475,14,5000,strong,grib_migration_matrix_4pop_strong.csv,0.025,6,1174889720
6476,15,5000,strong,grib_migration_matrix_4pop_strong.csv,0.025,6,1174889720
6477,16,5000,strong,grib_migration_matrix_4pop_strong.csv,0.025,6,1174889720
6478,17,5000,strong,grib_migration_matrix_4pop_strong.csv,0.025,6,1174889720
6479,18,5000,strong,grib_migration_matrix_4pop_strong.csv,0.025,6,1174889720
6480,19,5000,strong,grib_migration_matrix_4pop_strong.csv,0.025,6,1174889720
6481,20,5000,strong,grib_migration_matrix_4pop_strong.csv,0.025,6,1174889720
6482,21,5000,strong,grib_migration_matrix_4pop_strong.csv,0.025,6,1174889720
6483,22,5000,strong,grib_migration_matrix_4pop_strong.csv,0.025,6,1174889720
6484,23,5000,strong,grib_migration_matrix_4pop_strong.csv,0.025,6,1174889720
6485,24,5000,strong,grib_migration_matrix_4pop_strong.csv,0.025,6,1174889720
6486,25,5000,strong,grib_migration_matrix_4pop_strong.csv,0.025,6,1174889720
6487,26,5000,strong,grib_migration_matrix_4pop_strong.csv,0.025,6,1174889720
6488,27,5000,strong,grib_migration_matrix_4pop_strong.csv,0.025,6,1174889720
6489,28,5000,strong,grib_migration_matrix_4pop_strong.csv,0.025,6,1174889720
6490,29,5000,strong,grib_migration_matrix_4pop_strong.csv,0.025,6,1174889720
6491,30,5000,strong,grib_migration_matrix_4pop_strong.csv,0.025,6,1174889720
6492,31,5000,strong,grib_migration_matrix_4pop_strong.csv,0.025,6,1174889720
6493,32,5000,strong,grib_migration_matrix_4pop_strong.csv,0.025,6,1174889720
6494,33,5000,strong,grib_migration_matrix_4pop_strong.csv,0.025,6,1174889720
6495,34,5000,strong,grib_migration_matrix_4pop_strong.csv,0.025,6,1174889720
6496,35,5000,strong,grib_migration_matrix_4pop_strong.csv,0.025,6,1174889720
6497,36,5000,strong,grib_migration_matrix_4pop_strong.csv,0.025,6,1174889720
6498,37,5000,strong,grib_migration_matrix_4pop_strong.csv,0.025,6,1174889720
6499,38,5000,strong,grib_migration_matrix_4pop_strong.csv,0.025,6,1174889720
6500,39,5000,strong,grib_migration_matrix_4pop_strong.csv,0.025,6,1174889720
6501,40,5000,strong,grib_migration_matrix_4pop_strong.csv,0.025,6,1174889720
6502,41,5000,strong,grib_migration_matrix_4pop_strong.csv,0.025,6,1174889720
6503,42,5000,strong,grib_migration_matrix_4pop_strong.csv,0.025,6,1174889720
6504,43,5000,strong,grib_migration_matrix_4pop_strong.csv,0.025,6,1174889720
6505,44,5000,strong,grib_migration_matrix_4pop_strong.csv,0.025,6,1174889720
6506,45,5000,strong,grib_migration_matrix_4pop_strong.csv,0.025,6,1174889720
6507,46,5000,strong,grib_migration_matrix_4pop_strong.csv,0.025,6,1174889720
6508,47,5000,strong,grib_migration_matrix_4pop_strong.csv,0.025,6,1174889720
6509,48,5000,strong,grib_migration_matrix_4pop_strong.csv,0.025,6,1174889720
6510,49,5000,strong,grib_migration_matrix_4pop_strong.csv,0.025,6,1174889720
6511,50,5000,strong,grib_migration_matrix_4pop_strong.csv,0.025,6,1174889720
6512,51,5000,strong,grib_migration_matrix_4pop_strong.csv,0.025,6,1174889720
6513,52,5000,strong,grib_migration_matrix_4pop_strong.csv,0.025,6,1174889720
6514,53,5000,strong,grib_migration_matrix_4pop_strong.csv,0.025,6,1174889720
6515,54,5000,strong,grib_migration_matrix_4pop_strong.csv,0.025,6,1174889720
6516,55,5000,strong,grib_migration_matrix_4pop_strong.csv,0.025,6,1174889720
6517,56,5000,strong,grib_migration_matrix_4pop_strong.csv,0.025,6,1174889720
6518,57,5000,strong,grib_migration_matrix_4pop_strong.csv,0.025,6,1174889720
6519,58,5000,strong,grib_migration_matrix_4pop_strong.csv,0.025,6,1174889720
6520,59,5000,strong,grib_migration_matrix_4pop_strong.csv,0.025,6,1174889720
6521,60,5000,strong,grib_migration_matrix_4pop_strong.csv,0.025,6,1174889720
6522,61,5000,strong,grib_migration_matrix_4pop_strong.csv,0.025,6,1174889720
6523,62,5000,strong,grib_migration_matrix_4pop_strong.csv,0.025,6,1174889720
6524,63,5000,strong,grib_migration_matrix_4pop_strong.csv,0.025,6,1174889720
6525,64,5000,strong,grib_migration_matrix_4pop_strong.csv,0.025,6,1174889720
6526,65,5000,strong,grib_migration_matrix_4pop_strong.csv,0.025,6,1174889720
6527,66,5000,strong,grib_migration_matrix_4pop_strong.csv,0.025,6,1174889720
6528,67,5000,strong,grib_migration_matrix_4pop_strong.csv,0.025,6,1174889720
6529,68,5000,strong,grib_migration_matrix_4pop_strong.csv,0.025,6,1174889720
6530,69,5000,strong,grib_migration_matrix_4pop_strong.csv,0.025,6,1174889720
6531,70,5000,strong,grib_migration_matrix_4pop_strong.csv,0.025,6,1174889720
6532,71,5000,strong,grib_migration_matrix_4pop_strong.csv,0.025,6,1174889720
6533,72,5000,strong,grib_migration_matrix_4pop_strong.csv,0.025,6,1174889720
6534,73,5000,strong,grib_migration_matrix_4pop_strong.csv,0.025,6,1174889720
6535,74,5000,strong,grib_migration_matrix_4pop_strong.csv,0.025,6,1174889720
6536,75,5000,strong,grib_migration_matrix_4pop_strong.csv,0.025,6,1174889720
6537,0,5000,strong,grib_migration_matrix_4pop_strong.csv,0.025,7,149701191
6538,1,5000,strong,grib_migration_matrix_4pop_strong.csv,0.025,7,149701191
6539,2,5000,strong,grib_migration_matrix_4pop_strong.csv,0.025,7,149701191
6540,3,5000,strong,grib_migration_matrix_4pop_strong.csv,0.025,7,149701191
6541,4,5000,strong,grib_migration_matrix_4pop_strong.csv,0.025,7,149701191
6542,5,5000,strong,grib_migration_matrix_4pop_strong.csv,0.025,7,149701191
6543,6,5000,strong,grib_migration_matrix_4pop_strong.csv,0.025,7,149701191
6544,7,5000,strong,grib_migration_matrix_4pop_strong.csv,0.025,7,149701191
6545,8,5000,strong,grib_migration_matrix_4pop_strong.csv,0.025,7,149701191
6546,9,5000,strong,grib_migration_matrix_4pop_strong.csv,0.025,7,149701191
6547,10,5000,strong,grib_migration_matrix_4pop_strong.csv,0.025,7,149701191
6548,11,5000,strong,grib_migration_matrix_4pop_strong.csv,0.025,7,149701191
6549,12,5000,strong,grib_migration_matrix_4pop_strong.csv,0.025,7,149701191
6550,13,5000,strong,grib_migration_matrix_4pop_strong.csv,0.025,7,149701191
6551,14,5000,strong,grib_migration_matrix_4pop_strong.csv,0.025,7,149701191
6552,15,5000,strong,grib_migration_matrix_4pop_strong.csv,0.025,7,149701191
6553,16,5000,strong,grib_migration_matrix_4pop_strong.csv,0.025,7,149701191
6554,17,5000,strong,grib_migration_matrix_4pop_strong.csv,0.025,7,149701191
6555,18,5000,strong,grib_migration_matrix_4pop_strong.csv,0.025,7,149701191
6556,19,5000,strong,grib_migration_matrix_4pop_strong.csv,0.025,7,149701191
6557,20,5000,strong,grib_migration_matrix_4pop_strong.csv,0.025,7,149701191
6558,21,5000,strong,grib_migration_matrix_4pop_strong.csv,0.025,7,149701191
6559,22,5000,strong,grib_migration_matrix_4pop_strong.csv,0.025,7,149701191
6560,23,5000,strong,grib_migration_matrix_4pop_strong.csv,0.025,7,149701191
6561,24,5000,strong,grib_migration_matrix_4pop_strong.csv,0.025,7,149701191
6562,25,5000,strong,grib_migration_matrix_4pop_strong.csv,0.025,7,149701191
6563,26,5000,strong,grib_migration_matrix_4pop_strong.csv,0.025,7,149701191
6564,27,5000,strong,grib_migration_matrix_4pop_strong.csv,0.025,7,149701191
6565,28,5000,strong,grib_migration_matrix_4pop_strong.csv,0.025,7,149701191
6566,29,5000,strong,grib_migration_matrix_4pop_strong.csv,0.025,7,149701191
6567,30,5000,strong,grib_migration_matrix_4pop_strong.csv,0.025,7,149701191
6568,31,5000,strong,grib_migration_matrix_4pop_strong.csv,0.025,7,149701191
6569,32,5000,strong,grib_migration_matrix_4pop_strong.csv,0.025,7,149701191
6570,33,5000,strong,grib_migration_matrix_4pop_strong.csv,0.025,7,149701191
6571,34,5000,strong,grib_migration_matrix_4pop_strong.csv,0.025,7,149701191
6572,35,5000,strong,grib_migration_matrix_4pop_strong.csv,0.025,7,149701191
6573,36,5000,strong,grib_migration_matrix_4pop_strong.csv,0.025,7,149701191
6574,37,5000,strong,grib_migration_matrix_4pop_strong.csv,0.025,7,149701191
6575,38,5000,strong,grib_migration_matrix_4pop_strong.csv,0.025,7,149701191
6576,39,5000,strong,grib_migration_matrix_4pop_strong.csv,0.025,7,149701191
6577,40,5000,strong,grib_migration_matrix_4pop_strong.csv,0.025,7,149701191
6578,41,5000,strong,grib_migration_matrix_4pop_strong.csv,0.025,7,149701191
6579,42,5000,strong,grib_migration_matrix_4pop_strong.csv,0.025,7,149701191
6580,43,5000,strong,grib_migration_matrix_4pop_strong.csv,0.025,7,149701191
6581,44,5000,strong,grib_migration_matrix_4pop_strong.csv,0.025,7,149701191
6582,45,5000,strong,grib_migration_matrix_4pop_strong.csv,0.025,7,149701191
6583,46,5000,strong,grib_migration_matrix_4pop_strong.csv,0.025,7,149701191
6584,47,5000,strong,grib_migration_matrix_4pop_strong.csv,0.025,7,149701191
6585,48,5000,strong,grib_migration_matrix_4pop_strong.csv,0.025,7,149701191
6586,49,5000,strong,grib_migration_matrix_4pop_strong.csv,0.025,7,149701191
6587,50,5000,strong,grib_migration_matrix_4pop_strong.csv,0.025,7,149701191
6588,51,5000,strong,grib_migration_matrix_4pop_strong.csv,0.025,7,149701191
6589,52,5000,strong,grib_migration_matrix_4pop_strong.csv,0.025,7,149701191
6590,53,5000,strong,grib_migration_matrix_4pop_strong.csv,0.025,7,149701191
6591,54,5000,strong,grib_migration_matrix_4pop_strong.csv,0.025,7,149701191
6592,55,5000,strong,grib_migration_matrix_4pop_strong.csv,0.025,7,149701191
6593,56,5000,strong,grib_migration_matrix_4pop_strong.csv,0.025,7,149701191
6594,57,5000,strong,grib_migration_matrix_4pop_strong.csv,0.025,7,149701191
6595,58,5000,strong,grib_migration_matrix_4pop_strong.csv,0.025,7,149701191
6596,59,5000,strong,grib_migration_matrix_4pop_strong.csv,0.025,7,149701191
6597,60,5000,strong,grib_migration_matrix_4pop_strong.csv,0.025,7,149701191
6598,61,5000,strong,grib_migration_matrix_4pop_strong.csv,0.025,7,149701191
6599,62,5000,strong,grib_migration_matrix_4pop_strong.csv,0.025,7,149701191
6600,63,5000,strong,grib_migration_matrix_4pop_strong.csv,0.025,7,149701191
6601,64,5000,strong,grib_migration_matrix_4pop_strong.csv,0.025,7,149701191
6602,65,5000,strong,grib_migration_matrix_4pop_strong.csv,0.025,7,149701191
6603,66,5000,strong,grib_migration_matrix_4pop_strong.csv,0.025,7,149701191
6604,67,5000,strong,grib_migration_matrix_4pop_strong.csv,0.025,7,149701191
6605,68,5000,strong,grib_migration_matrix_4pop_strong.csv,0.025,7,149701191
6606,69,5000,strong,grib_migration_matrix_4pop_strong.csv,0.025,7,149701191
6607,70,5000,strong,grib_migration_matrix_4pop_strong.csv,0.025,7,149701191
6608,71,5000,strong,grib_migration_matrix_4pop_strong.csv,0.025,7,149701191
6609,72,5000,strong,grib_migration_matrix_4pop_strong.csv,0.025,7,149701191
6610,73,5000,strong,grib_migration_matrix_4pop_strong.csv,0.025,7,149701191
6611,74,5000,strong,grib_migration_matrix_4pop_strong.csv,0.025,7,149701191
6612,75,5000,strong,grib_migration_matrix_4pop_strong.csv,0.025,7,149701191
6613,0,5000,strong,grib_migration_matrix_4pop_strong.csv,0.025,8,1896412081
6614,1,5000,strong,grib_migration_matrix_4pop_strong.csv,0.025,8,1896412081
6615,2,5000,strong,grib_migration_matrix_4pop_strong.csv,0.025,8,1896412081
6616,3,5000,strong,grib_migration_matrix_4pop_strong.csv,0.025,8,1896412081
6617,4,5000,strong,grib_migration_matrix_4pop_strong.csv,0.025,8,1896412081
6618,5,5000,strong,grib_migration_matrix_4pop_strong.csv,0.025,8,1896412081
6619,6,5000,strong,grib_migration_matrix_4pop_strong.csv,0.025,8,1896412081
6620,7,5000,strong,grib_migration_matrix_4pop_strong.csv,0.025,8,1896412081
6621,8,5000,strong,grib_migration_matrix_4pop_strong.csv,0.025,8,1896412081
6622,9,5000,strong,grib_migration_matrix_4pop_strong.csv,0.025,8,1896412081
6623,10,5000,strong,grib_migration_matrix_4pop_strong.csv,0.025,8,1896412081
6624,11,5000,strong,grib_migration_matrix_4pop_strong.csv,0.025,8,1896412081
6625,12,5000,strong,grib_migration_matrix_4pop_strong.csv,0.025,8,1896412081
6626,13,5000,strong,grib_migration_matrix_4pop_strong.csv,0.025,8,1896412081
6627,14,5000,strong,grib_migration_matrix_4pop_strong.csv,0.025,8,1896412081
6628,15,5000,strong,grib_migration_matrix_4pop_strong.csv,0.025,8,1896412081
6629,16,5000,strong,grib_migration_matrix_4pop_strong.csv,0.025,8,1896412081
6630,17,5000,strong,grib_migration_matrix_4pop_strong.csv,0.025,8,1896412081
6631,18,5000,strong,grib_migration_matrix_4pop_strong.csv,0.025,8,1896412081
6632,19,5000,strong,grib_migration_matrix_4pop_strong.csv,0.025,8,1896412081
6633,20,5000,strong,grib_migration_matrix_4pop_strong.csv,0.025,8,1896412081
6634,21,5000,strong,grib_migration_matrix_4pop_strong.csv,0.025,8,1896412081
6635,22,5000,strong,grib_migration_matrix_4pop_strong.csv,0.025,8,1896412081
6636,23,5000,strong,grib_migration_matrix_4pop_strong.csv,0.025,8,1896412081
6637,24,5000,strong,grib_migration_matrix_4pop_strong.csv,0.025,8,1896412081
6638,25,5000,strong,grib_migration_matrix_4pop_strong.csv,0.025,8,1896412081
6639,26,5000,strong,grib_migration_matrix_4pop_strong.csv,0.025,8,1896412081
6640,27,5000,strong,grib_migration_matrix_4pop_strong.csv,0.025,8,1896412081
6641,28,5000,strong,grib_migration_matrix_4pop_strong.csv,0.025,8,1896412081
6642,29,5000,strong,grib_migration_matrix_4pop_strong.csv,0.025,8,1896412081
6643,30,5000,strong,grib_migration_matrix_4pop_strong.csv,0.025,8,1896412081
6644,31,5000,strong,grib_migration_matrix_4pop_strong.csv,0.025,8,1896412081
6645,32,5000,strong,grib_migration_matrix_4pop_strong.csv,0.025,8,1896412081
6646,33,5000,strong,grib_migration_matrix_4pop_strong.csv,0.025,8,1896412081
6647,34,5000,strong,grib_migration_matrix_4pop_strong.csv,0.025,8,1896412081
6648,35,5000,strong,grib_migration_matrix_4pop_strong.csv,0.025,8,1896412081
6649,36,5000,strong,grib_migration_matrix_4pop_strong.csv,0.025,8,1896412081
6650,37,5000,strong,grib_migration_matrix_4pop_strong.csv,0.025,8,1896412081
6651,38,5000,strong,grib_migration_matrix_4pop_strong.csv,0.025,8,1896412081
6652,39,5000,strong,grib_migration_matrix_4pop_strong.csv,0.025,8,1896412081
6653,40,5000,strong,grib_migration_matrix_4pop_strong.csv,0.025,8,1896412081
6654,41,5000,strong,grib_migration_matrix_4pop_strong.csv,0.025,8,1896412081
6655,42,5000,strong,grib_migration_matrix_4pop_strong.csv,0.025,8,1896412081
6656,43,5000,strong,grib_migration_matrix_4pop_strong.csv,0.025,8,1896412081
6657,44,5000,strong,grib_migration_matrix_4pop_strong.csv,0.025,8,1896412081
6658,45,5000,strong,grib_migration_matrix_4pop_strong.csv,0.025,8,1896412081
6659,46,5000,strong,grib_migration_matrix_4pop_strong.csv,0.025,8,1896412081
6660,47,5000,strong,grib_migration_matrix_4pop_strong.csv,0.025,8,1896412081
6661,48,5000,strong,grib_migration_matrix_4pop_strong.csv,0.025,8,1896412081
6662,49,5000,strong,grib_migration_matrix_4pop_strong.csv,0.025,8,1896412081
6663,50,5000,strong,grib_migration_matrix_4pop_strong.csv,0.025,8,1896412081
6664,51,5000,strong,grib_migration_matrix_4pop_strong.csv,0.025,8,1896412081
6665,52,5000,strong,grib_migration_matrix_4pop_strong.csv,0.025,8,1896412081
6666,53,5000,strong,grib_migration_matrix_4pop_strong.csv,0.025,8,1896412081
6667,54,5000,strong,grib_migration_matrix_4pop_strong.csv,0.025,8,1896412081
6668,55,5000,strong,grib_migration_matrix_4pop_strong.csv,0.025,8,1896412081
6669,56,5000,strong,grib_migration_matrix_4pop_strong.csv,0.025,8,1896412081
6670,57,5000,strong,grib_migration_matrix_4pop_strong.csv,0.025,8,1896412081
6671,58,5000,strong,grib_migration_matrix_4pop_strong.csv,0.025,8,1896412081
6672,59,5000,strong,grib_migration_matrix_4pop_strong.csv,0.025,8,1896412081
6673,60,5000,strong,grib_migration_matrix_4pop_strong.csv,0.025,8,1896412081
6674,61,5000,strong,grib_migration_matrix_4pop_strong.csv,0.025,8,1896412081
6675,62,5000,strong,grib_migration_matrix_4pop_strong.csv,0.025,8,1896412081
6676,63,5000,strong,grib_migration_matrix_4pop_strong.csv,0.025,8,1896412081
6677,64,5000,strong,grib_migration_matrix_4pop_strong.csv,0.025,8,1896412081
6678,65,5000,strong,grib_migration_matrix_4pop_strong.csv,0.025,8,1896412081
6679,66,5000,strong,grib_migration_matrix_4pop_strong.csv,0.025,8,1896412081
6680,67,5000,strong,grib_migration_matrix_4pop_strong.csv,0.025,8,1896412081
6681,68,5000,strong,grib_migration_matrix_4pop_strong.csv,0.025,8,1896412081
6682,69,5000,strong,grib_migration_matrix_4pop_strong.csv,0.025,8,1896412081
6683,70,5000,strong,grib_migration_matrix_4pop_strong.csv,0.025,8,1896412081
6684,71,5000,strong,grib_migration_matrix_4pop_strong.csv,0.025,8,1896412081
6685,72,5000,strong,grib_migration_matrix_4pop_strong.csv,0.025,8,1896412081
6686,73,5000,strong,grib_migration_matrix_4pop_strong.csv,0.025,8,1896412081
6687,74,5000,strong,grib_migration_matrix_4pop_strong.csv,0.025,8,1896412081
6688,75,5000,strong,grib_migration_matrix_4pop_strong.csv,0.025,8,1896412081
6689,0,5000,strong,grib_migration_matrix_4pop_strong.csv,0.025,9,1675960434
6690,1,5000,strong,grib_migration_matrix_4pop_strong.csv,0.025,9,1675960434
6691,2,5000,strong,grib_migration_matrix_4pop_strong.csv,0.025,9,1675960434
6692,3,5000,strong,grib_migration_matrix_4pop_strong.csv,0.025,9,1675960434
6693,4,5000,strong,grib_migration_matrix_4pop_strong.csv,0.025,9,1675960434
6694,5,5000,strong,grib_migration_matrix_4pop_strong.csv,0.025,9,1675960434
6695,6,5000,strong,grib_migration_matrix_4pop_strong.csv,0.025,9,1675960434
6696,7,5000,strong,grib_migration_matrix_4pop_strong.csv,0.025,9,1675960434
6697,8,5000,strong,grib_migration_matrix_4pop_strong.csv,0.025,9,1675960434
6698,9,5000,strong,grib_migration_matrix_4pop_strong.csv,0.025,9,1675960434
6699,10,5000,strong,grib_migration_matrix_4pop_strong.csv,0.025,9,1675960434
6700,11,5000,strong,grib_migration_matrix_4pop_strong.csv,0.025,9,1675960434
6701,12,5000,strong,grib_migration_matrix_4pop_strong.csv,0.025,9,1675960434
6702,13,5000,strong,grib_migration_matrix_4pop_strong.csv,0.025,9,1675960434
6703,14,5000,strong,grib_migration_matrix_4pop_strong.csv,0.025,9,1675960434
6704,15,5000,strong,grib_migration_matrix_4pop_strong.csv,0.025,9,1675960434
6705,16,5000,strong,grib_migration_matrix_4pop_strong.csv,0.025,9,1675960434
6706,17,5000,strong,grib_migration_matrix_4pop_strong.csv,0.025,9,1675960434
6707,18,5000,strong,grib_migration_matrix_4pop_strong.csv,0.025,9,1675960434
6708,19,5000,strong,grib_migration_matrix_4pop_strong.csv,0.025,9,1675960434
6709,20,5000,strong,grib_migration_matrix_4pop_strong.csv,0.025,9,1675960434
6710,21,5000,strong,grib_migration_matrix_4pop_strong.csv,0.025,9,1675960434
6711,22,5000,strong,grib_migration_matrix_4pop_strong.csv,0.025,9,1675960434
6712,23,5000,strong,grib_migration_matrix_4pop_strong.csv,0.025,9,1675960434
6713,24,5000,strong,grib_migration_matrix_4pop_strong.csv,0.025,9,1675960434
6714,25,5000,strong,grib_migration_matrix_4pop_strong.csv,0.025,9,1675960434
6715,26,5000,strong,grib_migration_matrix_4pop_strong.csv,0.025,9,1675960434
6716,27,5000,strong,grib_migration_matrix_4pop_strong.csv,0.025,9,1675960434
6717,28,5000,strong,grib_migration_matrix_4pop_strong.csv,0.025,9,1675960434
6718,29,5000,strong,grib_migration_matrix_4pop_strong.csv,0.025,9,1675960434
6719,30,5000,strong,grib_migration_matrix_4pop_strong.csv,0.025,9,1675960434
6720,31,5000,strong,grib_migration_matrix_4pop_strong.csv,0.025,9,1675960434
6721,32,5000,strong,grib_migration_matrix_4pop_strong.csv,0.025,9,1675960434
6722,33,5000,strong,grib_migration_matrix_4pop_strong.csv,0.025,9,1675960434
6723,34,5000,strong,grib_migration_matrix_4pop_strong.csv,0.025,9,1675960434
6724,35,5000,strong,grib_migration_matrix_4pop_strong.csv,0.025,9,1675960434
6725,36,5000,strong,grib_migration_matrix_4pop_strong.csv,0.025,9,1675960434
6726,37,5000,strong,grib_migration_matrix_4pop_strong.csv,0.025,9,1675960434
6727,38,5000,strong,grib_migration_matrix_4pop_strong.csv,0.025,9,1675960434
6728,39,5000,strong,grib_migration_matrix_4pop_strong.csv,0.025,9,1675960434
6729,40,5000,strong,grib_migration_matrix_4pop_strong.csv,0.025,9,1675960434
6730,41,5000,strong,grib_migration_matrix_4pop_strong.csv,0.025,9,1675960434
6731,42,5000,strong,grib_migration_matrix_4pop_strong.csv,0.025,9,1675960434
6732,43,5000,strong,grib_migration_matrix_4pop_strong.csv,0.025,9,1675960434
6733,44,5000,strong,grib_migration_matrix_4pop_strong.csv,0.025,9,1675960434
6734,45,5000,strong,grib_migration_matrix_4pop_strong.csv,0.025,9,1675960434
6735,46,5000,strong,grib_migration_matrix_4pop_strong.csv,0.025,9,1675960434
6736,47,5000,strong,grib_migration_matrix_4pop_strong.csv,0.025,9,1675960434
6737,48,5000,strong,grib_migration_matrix_4pop_strong.csv,0.025,9,1675960434
6738,49,5000,strong,grib_migration_matrix_4pop_strong.csv,0.025,9,1675960434
6739,50,5000,strong,grib_migration_matrix_4pop_strong.csv,0.025,9,1675960434
6740,51,5000,strong,grib_migration_matrix_4pop_strong.csv,0.025,9,1675960434
6741,52,5000,strong,grib_migration_matrix_4pop_strong.csv,0.025,9,1675960434
6742,53,5000,strong,grib_migration_matrix_4pop_strong.csv,0.025,9,1675960434
6743,54,5000,strong,grib_migration_matrix_4pop_strong.csv,0.025,9,1675960434
6744,55,5000,strong,grib_migration_matrix_4pop_strong.csv,0.025,9,1675960434
6745,56,5000,strong,grib_migration_matrix_4pop_strong.csv,0.025,9,1675960434
6746,57,5000,strong,grib_migration_matrix_4pop_strong.csv,0.025,9,1675960434
6747,58,5000,strong,grib_migration_matrix_4pop_strong.csv,0.025,9,1675960434
6748,59,5000,strong,grib_migration_matrix_4pop_strong.csv,0.025,9,1675960434
6749,60,5000,strong,grib_migration_matrix_4pop_strong.csv,0.025,9,1675960434
6750,61,5000,strong,grib_migration_matrix_4pop_strong.csv,0.025,9,1675960434
6751,62,5000,strong,grib_migration_matrix_4pop_strong.csv,0.025,9,1675960434
6752,63,5000,strong,grib_migration_matrix_4pop_strong.csv,0.025,9,1675960434
6753,64,5000,strong,grib_migration_matrix_4pop_strong.csv,0.025,9,1675960434
6754,65,5000,strong,grib_migration_matrix_4pop_strong.csv,0.025,9,1675960434
6755,66,5000,strong,grib_migration_matrix_4pop_strong.csv,0.025,9,1675960434
6756,67,5000,strong,grib_migration_matrix_4pop_strong.csv,0.025,9,1675960434
6757,68,5000,strong,grib_migration_matrix_4pop_strong.csv,0.025,9,1675960434
6758,69,5000,strong,grib_migration_matrix_4pop_strong.csv,0.025,9,1675960434
6759,70,5000,strong,grib_migration_matrix_4pop_strong.csv,0.025,9,1675960434
6760,71,5000,strong,grib_migration_matrix_4pop_strong.csv,0.025,9,1675960434
6761,72,5000,strong,grib_migration_matrix_4pop_strong.csv,0.025,9,1675960434
6762,73,5000,strong,grib_migration_matrix_4pop_strong.csv,0.025,9,1675960434
6763,74,5000,strong,grib_migration_matrix_4pop_strong.csv,0.025,9,1675960434
6764,75,5000,strong,grib_migration_matrix_4pop_strong.csv,0.025,9,1675960434
6765,0,5000,strong,grib_migration_matrix_4pop_strong.csv,0.025,10,1396837010
6766,1,5000,strong,grib_migration_matrix_4pop_strong.csv,0.025,10,1396837010
6767,2,5000,strong,grib_migration_matrix_4pop_strong.csv,0.025,10,1396837010
6768,3,5000,strong,grib_migration_matrix_4pop_strong.csv,0.025,10,1396837010
6769,4,5000,strong,grib_migration_matrix_4pop_strong.csv,0.025,10,1396837010
6770,5,5000,strong,grib_migration_matrix_4pop_strong.csv,0.025,10,1396837010
6771,6,5000,strong,grib_migration_matrix_4pop_strong.csv,0.025,10,1396837010
6772,7,5000,strong,grib_migration_matrix_4pop_strong.csv,0.025,10,1396837010
6773,8,5000,strong,grib_migration_matrix_4pop_strong.csv,0.025,10,1396837010
6774,9,5000,strong,grib_migration_matrix_4pop_strong.csv,0.025,10,1396837010
6775,10,5000,strong,grib_migration_matrix_4pop_strong.csv,0.025,10,1396837010
6776,11,5000,strong,grib_migration_matrix_4pop_strong.csv,0.025,10,1396837010
6777,12,5000,strong,grib_migration_matrix_4pop_strong.csv,0.025,10,1396837010
6778,13,5000,strong,grib_migration_matrix_4pop_strong.csv,0.025,10,1396837010
6779,14,5000,strong,grib_migration_matrix_4pop_strong.csv,0.025,10,1396837010
6780,15,5000,strong,grib_migration_matrix_4pop_strong.csv,0.025,10,1396837010
6781,16,5000,strong,grib_migration_matrix_4pop_strong.csv,0.025,10,1396837010
6782,17,5000,strong,grib_migration_matrix_4pop_strong.csv,0.025,10,1396837010
6783,18,5000,strong,grib_migration_matrix_4pop_strong.csv,0.025,10,1396837010
6784,19,5000,strong,grib_migration_matrix_4pop_strong.csv,0.025,10,1396837010
6785,20,5000,strong,grib_migration_matrix_4pop_strong.csv,0.025,10,1396837010
6786,21,5000,strong,grib_migration_matrix_4pop_strong.csv,0.025,10,1396837010
6787,22,5000,strong,grib_migration_matrix_4pop_strong.csv,0.025,10,1396837010
6788,23,5000,strong,grib_migration_matrix_4pop_strong.csv,0.025,10,1396837010
6789,24,5000,strong,grib_migration_matrix_4pop_strong.csv,0.025,10,1396837010
6790,25,5000,strong,grib_migration_matrix_4pop_strong.csv,0.025,10,1396837010
6791,26,5000,strong,grib_migration_matrix_4pop_strong.csv,0.025,10,1396837010
6792,27,5000,strong,grib_migration_matrix_4pop_strong.csv,0.025,10,1396837010
6793,28,5000,strong,grib_migration_matrix_4pop_strong.csv,0.025,10,1396837010
6794,29,5000,strong,grib_migration_matrix_4pop_strong.csv,0.025,10,1396837010
6795,30,5000,strong,grib_migration_matrix_4pop_strong.csv,0.025,10,1396837010
6796,31,5000,strong,grib_migration_matrix_4pop_strong.csv,0.025,10,1396837010
6797,32,5000,strong,grib_migration_matrix_4pop_strong.csv,0.025,10,1396837010
6798,33,5000,strong,grib_migration_matrix_4pop_strong.csv,0.025,10,1396837010
6799,34,5000,strong,grib_migration_matrix_4pop_strong.csv,0.025,10,1396837010
6800,35,5000,strong,grib_migration_matrix_4pop_strong.csv,0.025,10,1396837010
6801,36,5000,strong,grib_migration_matrix_4pop_strong.csv,0.025,10,1396837010
6802,37,5000,strong,grib_migration_matrix_4pop_strong.csv,0.025,10,1396837010
6803,38,5000,strong,grib_migration_matrix_4pop_strong.csv,0.025,10,1396837010
6804,39,5000,strong,grib_migration_matrix_4pop_strong.csv,0.025,10,1396837010
6805,40,5000,strong,grib_migration_matrix_4pop_strong.csv,0.025,10,1396837010
6806,41,5000,strong,grib_migration_matrix_4pop_strong.csv,0.025,10,1396837010
6807,42,5000,strong,grib_migration_matrix_4pop_strong.csv,0.025,10,1396837010
6808,43,5000,strong,grib_migration_matrix_4pop_strong.csv,0.025,10,1396837010
6809,44,5000,strong,grib_migration_matrix_4pop_strong.csv,0.025,10,1396837010
6810,45,5000,strong,grib_migration_matrix_4pop_strong.csv,0.025,10,1396837010
6811,46,5000,strong,grib_migration_matrix_4pop_strong.csv,0.025,10,1396837010
6812,47,5000,strong,grib_migration_matrix_4pop_strong.csv,0.025,10,1396837010
6813,48,5000,strong,grib_migration_matrix_4pop_strong.csv,0.025,10,1396837010
6814,49,5000,strong,grib_migration_matrix_4pop_strong.csv,0.025,10,1396837010
6815,50,5000,strong,grib_migration_matrix_4pop_strong.csv,0.025,10,1396837010
6816,51,5000,strong,grib_migration_matrix_4pop_strong.csv,0.025,10,1396837010
6817,52,5000,strong,grib_migration_matrix_4pop_strong.csv,0.025,10,1396837010
6818,53,5000,strong,grib_migration_matrix_4pop_strong.csv,0.025,10,1396837010
6819,54,5000,strong,grib_migration_matrix_4pop_strong.csv,0.025,10,1396837010
6820,55,5000,strong,grib_migration_matrix_4pop_strong.csv,0.025,10,1396837010
6821,56,5000,strong,grib_migration_matrix_4pop_strong.csv,0.025,10,1396837010
6822,57,5000,strong,grib_migration_matrix_4pop_strong.csv,0.025,10,1396837010
6823,58,5000,strong,grib_migration_matrix_4pop_strong.csv,0.025,10,1396837010
6824,59,5000,strong,grib_migration_matrix_4pop_strong.csv,0.025,10,1396837010
6825,60,5000,strong,grib_migration_matrix_4pop_strong.csv,0.025,10,1396837010
6826,61,5000,strong,grib_migration_matrix_4pop_strong.csv,0.025,10,1396837010
6827,62,5000,strong,grib_migration_matrix_4pop_strong.csv,0.025,10,1396837010
6828,63,5000,strong,grib_migration_matrix_4pop_strong.csv,0.025,10,1396837010
6829,64,5000,strong,grib_migration_matrix_4pop_strong.csv,0.025,10,1396837010
6830,65,5000,strong,grib_migration_matrix_4pop_strong.csv,0.025,10,1396837010
6831,66,5000,strong,grib_migration_matrix_4pop_strong.csv,0.025,10,1396837010
6832,67,5000,strong,grib_migration_matrix_4pop_strong.csv,0.025,10,1396837010
6833,68,5000,strong,grib_migration_matrix_4pop_strong.csv,0.025,10,1396837010
6834,69,5000,strong,grib_migration_matrix_4pop_strong.csv,0.025,10,1396837010
6835,70,5000,strong,grib_migration_matrix_4pop_strong.csv,0.025,10,1396837010
6836,71,5000,strong,grib_migration_matrix_4pop_strong.csv,0.025,10,1396837010
6837,72,5000,strong,grib_migration_matrix_4pop_strong.csv,0.025,10,1396837010
6838,73,5000,strong,grib_migration_matrix_4pop_strong.csv,0.025,10,1396837010
6839,74,5000,strong,grib_migration_matrix_4pop_strong.csv,0.025,10,1396837010
6840,75,5000,strong,grib_migration_matrix_4pop_strong.csv,0.025,10,1396837010
6841,0,5000,strong,grib_migration_matrix_4pop_strong.csv,0.05,1,1839982226
6842,1,5000,strong,grib_migration_matrix_4pop_strong.csv,0.05,1,1839982226
6843,2,5000,strong,grib_migration_matrix_4pop_strong.csv,0.05,1,1839982226
6844,3,5000,strong,grib_migration_matrix_4pop_strong.csv,0.05,1,1839982226
6845,4,5000,strong,grib_migration_matrix_4pop_strong.csv,0.05,1,1839982226
6846,5,5000,strong,grib_migration_matrix_4pop_strong.csv,0.05,1,1839982226
6847,6,5000,strong,grib_migration_matrix_4pop_strong.csv,0.05,1,1839982226
6848,7,5000,strong,grib_migration_matrix_4pop_strong.csv,0.05,1,1839982226
6849,8,5000,strong,grib_migration_matrix_4pop_strong.csv,0.05,1,1839982226
6850,9,5000,strong,grib_migration_matrix_4pop_strong.csv,0.05,1,1839982226
6851,10,5000,strong,grib_migration_matrix_4pop_strong.csv,0.05,1,1839982226
6852,11,5000,strong,grib_migration_matrix_4pop_strong.csv,0.05,1,1839982226
6853,12,5000,strong,grib_migration_matrix_4pop_strong.csv,0.05,1,1839982226
6854,13,5000,strong,grib_migration_matrix_4pop_strong.csv,0.05,1,1839982226
6855,14,5000,strong,grib_migration_matrix_4pop_strong.csv,0.05,1,1839982226
6856,15,5000,strong,grib_migration_matrix_4pop_strong.csv,0.05,1,1839982226
6857,16,5000,strong,grib_migration_matrix_4pop_strong.csv,0.05,1,1839982226
6858,17,5000,strong,grib_migration_matrix_4pop_strong.csv,0.05,1,1839982226
6859,18,5000,strong,grib_migration_matrix_4pop_strong.csv,0.05,1,1839982226
6860,19,5000,strong,grib_migration_matrix_4pop_strong.csv,0.05,1,1839982226
6861,20,5000,strong,grib_migration_matrix_4pop_strong.csv,0.05,1,1839982226
6862,21,5000,strong,grib_migration_matrix_4pop_strong.csv,0.05,1,1839982226
6863,22,5000,strong,grib_migration_matrix_4pop_strong.csv,0.05,1,1839982226
6864,23,5000,strong,grib_migration_matrix_4pop_strong.csv,0.05,1,1839982226
6865,24,5000,strong,grib_migration_matrix_4pop_strong.csv,0.05,1,1839982226
6866,25,5000,strong,grib_migration_matrix_4pop_strong.csv,0.05,1,1839982226
6867,26,5000,strong,grib_migration_matrix_4pop_strong.csv,0.05,1,1839982226
6868,27,5000,strong,grib_migration_matrix_4pop_strong.csv,0.05,1,1839982226
6869,28,5000,strong,grib_migration_matrix_4pop_strong.csv,0.05,1,1839982226
6870,29,5000,strong,grib_migration_matrix_4pop_strong.csv,0.05,1,1839982226
6871,30,5000,strong,grib_migration_matrix_4pop_strong.csv,0.05,1,1839982226
6872,31,5000,strong,grib_migration_matrix_4pop_strong.csv,0.05,1,1839982226
6873,32,5000,strong,grib_migration_matrix_4pop_strong.csv,0.05,1,1839982226
6874,33,5000,strong,grib_migration_matrix_4pop_strong.csv,0.05,1,1839982226
6875,34,5000,strong,grib_migration_matrix_4pop_strong.csv,0.05,1,1839982226
6876,35,5000,strong,grib_migration_matrix_4pop_strong.csv,0.05,1,1839982226
6877,36,5000,strong,grib_migration_matrix_4pop_strong.csv,0.05,1,1839982226
6878,37,5000,strong,grib_migration_matrix_4pop_strong.csv,0.05,1,1839982226
6879,38,5000,strong,grib_migration_matrix_4pop_strong.csv,0.05,1,1839982226
6880,39,5000,strong,grib_migration_matrix_4pop_strong.csv,0.05,1,1839982226
6881,40,5000,strong,grib_migration_matrix_4pop_strong.csv,0.05,1,1839982226
6882,41,5000,strong,grib_migration_matrix_4pop_strong.csv,0.05,1,1839982226
6883,42,5000,strong,grib_migration_matrix_4pop_strong.csv,0.05,1,1839982226
6884,43,5000,strong,grib_migration_matrix_4pop_strong.csv,0.05,1,1839982226
6885,44,5000,strong,grib_migration_matrix_4pop_strong.csv,0.05,1,1839982226
6886,45,5000,strong,grib_migration_matrix_4pop_strong.csv,0.05,1,1839982226
6887,46,5000,strong,grib_migration_matrix_4pop_strong.csv,0.05,1,1839982226
6888,47,5000,strong,grib_migration_matrix_4pop_strong.csv,0.05,1,1839982226
6889,48,5000,strong,grib_migration_matrix_4pop_strong.csv,0.05,1,1839982226
6890,49,5000,strong,grib_migration_matrix_4pop_strong.csv,0.05,1,1839982226
6891,50,5000,strong,grib_migration_matrix_4pop_strong.csv,0.05,1,1839982226
6892,51,5000,strong,grib_migration_matrix_4pop_strong.csv,0.05,1,1839982226
6893,52,5000,strong,grib_migration_matrix_4pop_strong.csv,0.05,1,1839982226
6894,53,5000,strong,grib_migration_matrix_4pop_strong.csv,0.05,1,1839982226
6895,54,5000,strong,grib_migration_matrix_4pop_strong.csv,0.05,1,1839982226
6896,55,5000,strong,grib_migration_matrix_4pop_strong.csv,0.05,1,1839982226
6897,56,5000,strong,grib_migration_matrix_4pop_strong.csv,0.05,1,1839982226
6898,57,5000,strong,grib_migration_matrix_4pop_strong.csv,0.05,1,1839982226
6899,58,5000,strong,grib_migration_matrix_4pop_strong.csv,0.05,1,1839982226
6900,59,5000,strong,grib_migration_matrix_4pop_strong.csv,0.05,1,1839982226
6901,60,5000,strong,grib_migration_matrix_4pop_strong.csv,0.05,1,1839982226
6902,61,5000,strong,grib_migration_matrix_4pop_strong.csv,0.05,1,1839982226
6903,62,5000,strong,grib_migration_matrix_4pop_strong.csv,0.05,1,1839982226
6904,63,5000,strong,grib_migration_matrix_4pop_strong.csv,0.05,1,1839982226
6905,64,5000,strong,grib_migration_matrix_4pop_strong.csv,0.05,1,1839982226
6906,65,5000,strong,grib_migration_matrix_4pop_strong.csv,0.05,1,1839982226
6907,66,5000,strong,grib_migration_matrix_4pop_strong.csv,0.05,1,1839982226
6908,67,5000,strong,grib_migration_matrix_4pop_strong.csv,0.05,1,1839982226
6909,68,5000,strong,grib_migration_matrix_4pop_strong.csv,0.05,1,1839982226
6910,69,5000,strong,grib_migration_matrix_4pop_strong.csv,0.05,1,1839982226
6911,70,5000,strong,grib_migration_matrix_4pop_strong.csv,0.05,1,1839982226
6912,71,5000,strong,grib_migration_matrix_4pop_strong.csv,0.05,1,1839982226
6913,72,5000,strong,grib_migration_matrix_4pop_strong.csv,0.05,1,1839982226
6914,73,5000,strong,grib_migration_matrix_4pop_strong.csv,0.05,1,1839982226
6915,74,5000,strong,grib_migration_matrix_4pop_strong.csv,0.05,1,1839982226
6916,75,5000,strong,grib_migration_matrix_4pop_strong.csv,0.05,1,1839982226
6917,0,5000,strong,grib_migration_matrix_4pop_strong.csv,0.05,2,654433980
6918,1,5000,strong,grib_migration_matrix_4pop_strong.csv,0.05,2,654433980
6919,2,5000,strong,grib_migration_matrix_4pop_strong.csv,0.05,2,654433980
6920,3,5000,strong,grib_migration_matrix_4pop_strong.csv,0.05,2,654433980
6921,4,5000,strong,grib_migration_matrix_4pop_strong.csv,0.05,2,654433980
6922,5,5000,strong,grib_migration_matrix_4pop_strong.csv,0.05,2,654433980
6923,6,5000,strong,grib_migration_matrix_4pop_strong.csv,0.05,2,654433980
6924,7,5000,strong,grib_migration_matrix_4pop_strong.csv,0.05,2,654433980
6925,8,5000,strong,grib_migration_matrix_4pop_strong.csv,0.05,2,654433980
6926,9,5000,strong,grib_migration_matrix_4pop_strong.csv,0.05,2,654433980
6927,10,5000,strong,grib_migration_matrix_4pop_strong.csv,0.05,2,654433980
6928,11,5000,strong,grib_migration_matrix_4pop_strong.csv,0.05,2,654433980
6929,12,5000,strong,grib_migration_matrix_4pop_strong.csv,0.05,2,654433980
6930,13,5000,strong,grib_migration_matrix_4pop_strong.csv,0.05,2,654433980
6931,14,5000,strong,grib_migration_matrix_4pop_strong.csv,0.05,2,654433980
6932,15,5000,strong,grib_migration_matrix_4pop_strong.csv,0.05,2,654433980
6933,16,5000,strong,grib_migration_matrix_4pop_strong.csv,0.05,2,654433980
6934,17,5000,strong,grib_migration_matrix_4pop_strong.csv,0.05,2,654433980
6935,18,5000,strong,grib_migration_matrix_4pop_strong.csv,0.05,2,654433980
6936,19,5000,strong,grib_migration_matrix_4pop_strong.csv,0.05,2,654433980
6937,20,5000,strong,grib_migration_matrix_4pop_strong.csv,0.05,2,654433980
6938,21,5000,strong,grib_migration_matrix_4pop_strong.csv,0.05,2,654433980
6939,22,5000,strong,grib_migration_matrix_4pop_strong.csv,0.05,2,654433980
6940,23,5000,strong,grib_migration_matrix_4pop_strong.csv,0.05,2,654433980
6941,24,5000,strong,grib_migration_matrix_4pop_strong.csv,0.05,2,654433980
6942,25,5000,strong,grib_migration_matrix_4pop_strong.csv,0.05,2,654433980
6943,26,5000,strong,grib_migration_matrix_4pop_strong.csv,0.05,2,654433980
6944,27,5000,strong,grib_migration_matrix_4pop_strong.csv,0.05,2,654433980
6945,28,5000,strong,grib_migration_matrix_4pop_strong.csv,0.05,2,654433980
6946,29,5000,strong,grib_migration_matrix_4pop_strong.csv,0.05,2,654433980
6947,30,5000,strong,grib_migration_matrix_4pop_strong.csv,0.05,2,654433980
6948,31,5000,strong,grib_migration_matrix_4pop_strong.csv,0.05,2,654433980
6949,32,5000,strong,grib_migration_matrix_4pop_strong.csv,0.05,2,654433980
6950,33,5000,strong,grib_migration_matrix_4pop_strong.csv,0.05,2,654433980
6951,34,5000,strong,grib_migration_matrix_4pop_strong.csv,0.05,2,654433980
6952,35,5000,strong,grib_migration_matrix_4pop_strong.csv,0.05,2,654433980
6953,36,5000,strong,grib_migration_matrix_4pop_strong.csv,0.05,2,654433980
6954,37,5000,strong,grib_migration_matrix_4pop_strong.csv,0.05,2,654433980
6955,38,5000,strong,grib_migration_matrix_4pop_strong.csv,0.05,2,654433980
6956,39,5000,strong,grib_migration_matrix_4pop_strong.csv,0.05,2,654433980
6957,40,5000,strong,grib_migration_matrix_4pop_strong.csv,0.05,2,654433980
6958,41,5000,strong,grib_migration_matrix_4pop_strong.csv,0.05,2,654433980
6959,42,5000,strong,grib_migration_matrix_4pop_strong.csv,0.05,2,654433980
6960,43,5000,strong,grib_migration_matrix_4pop_strong.csv,0.05,2,654433980
6961,44,5000,strong,grib_migration_matrix_4pop_strong.csv,0.05,2,654433980
6962,45,5000,strong,grib_migration_matrix_4pop_strong.csv,0.05,2,654433980
6963,46,5000,strong,grib_migration_matrix_4pop_strong.csv,0.05,2,654433980
6964,47,5000,strong,grib_migration_matrix_4pop_strong.csv,0.05,2,654433980
6965,48,5000,strong,grib_migration_matrix_4pop_strong.csv,0.05,2,654433980
6966,49,5000,strong,grib_migration_matrix_4pop_strong.csv,0.05,2,654433980
6967,50,5000,strong,grib_migration_matrix_4pop_strong.csv,0.05,2,654433980
6968,51,5000,strong,grib_migration_matrix_4pop_strong.csv,0.05,2,654433980
6969,52,5000,strong,grib_migration_matrix_4pop_strong.csv,0.05,2,654433980
6970,53,5000,strong,grib_migration_matrix_4pop_strong.csv,0.05,2,654433980
6971,54,5000,strong,grib_migration_matrix_4pop_strong.csv,0.05,2,654433980
6972,55,5000,strong,grib_migration_matrix_4pop_strong.csv,0.05,2,654433980
6973,56,5000,strong,grib_migration_matrix_4pop_strong.csv,0.05,2,654433980
6974,57,5000,strong,grib_migration_matrix_4pop_strong.csv,0.05,2,654433980
6975,58,5000,strong,grib_migration_matrix_4pop_strong.csv,0.05,2,654433980
6976,59,5000,strong,grib_migration_matrix_4pop_strong.csv,0.05,2,654433980
6977,60,5000,strong,grib_migration_matrix_4pop_strong.csv,0.05,2,654433980
6978,61,5000,strong,grib_migration_matrix_4pop_strong.csv,0.05,2,654433980
6979,62,5000,strong,grib_migration_matrix_4pop_strong.csv,0.05,2,654433980
6980,63,5000,strong,grib_migration_matrix_4pop_strong.csv,0.05,2,654433980
6981,64,5000,strong,grib_migration_matrix_4pop_strong.csv,0.05,2,654433980
6982,65,5000,strong,grib_migration_matrix_4pop_strong.csv,0.05,2,654433980
6983,66,5000,strong,grib_migration_matrix_4pop_strong.csv,0.05,2,654433980
6984,67,5000,strong,grib_migration_matrix_4pop_strong.csv,0.05,2,654433980
6985,68,5000,strong,grib_migration_matrix_4pop_strong.csv,0.05,2,654433980
6986,69,5000,strong,grib_migration_matrix_4pop_strong.csv,0.05,2,654433980
6987,70,5000,strong,grib_migration_matrix_4pop_strong.csv,0.05,2,654433980
6988,71,5000,strong,grib_migration_matrix_4pop_strong.csv,0.05,2,654433980
6989,72,5000,strong,grib_migration_matrix_4pop_strong.csv,0.05,2,654433980
6990,73,5000,strong,grib_migration_matrix_4pop_strong.csv,0.05,2,654433980
6991,74,5000,strong,grib_migration_matrix_4pop_strong.csv,0.05,2,654433980
6992,75,5000,strong,grib_migration_matrix_4pop_strong.csv,0.05,2,654433980
6993,0,5000,strong,grib_migration_matrix_4pop_strong.csv,0.05,3,853871933
6994,1,5000,strong,grib_migration_matrix_4pop_strong.csv,0.05,3,853871933
6995,2,5000,strong,grib_migration_matrix_4pop_strong.csv,0.05,3,853871933
6996,3,5000,strong,grib_migration_matrix_4pop_strong.csv,0.05,3,853871933
6997,4,5000,strong,grib_migration_matrix_4pop_strong.csv,0.05,3,853871933
6998,5,5000,strong,grib_migration_matrix_4pop_strong.csv,0.05,3,853871933
6999,6,5000,strong,grib_migration_matrix_4pop_strong.csv,0.05,3,853871933
7000,7,5000,strong,grib_migration_matrix_4pop_strong.csv,0.05,3,853871933
7001,8,5000,strong,grib_migration_matrix_4pop_strong.csv,0.05,3,853871933
7002,9,5000,strong,grib_migration_matrix_4pop_strong.csv,0.05,3,853871933
7003,10,5000,strong,grib_migration_matrix_4pop_strong.csv,0.05,3,853871933
7004,11,5000,strong,grib_migration_matrix_4pop_strong.csv,0.05,3,853871933
7005,12,5000,strong,grib_migration_matrix_4pop_strong.csv,0.05,3,853871933
7006,13,5000,strong,grib_migration_matrix_4pop_strong.csv,0.05,3,853871933
7007,14,5000,strong,grib_migration_matrix_4pop_strong.csv,0.05,3,853871933
7008,15,5000,strong,grib_migration_matrix_4pop_strong.csv,0.05,3,853871933
7009,16,5000,strong,grib_migration_matrix_4pop_strong.csv,0.05,3,853871933
7010,17,5000,strong,grib_migration_matrix_4pop_strong.csv,0.05,3,853871933
7011,18,5000,strong,grib_migration_matrix_4pop_strong.csv,0.05,3,853871933
7012,19,5000,strong,grib_migration_matrix_4pop_strong.csv,0.05,3,853871933
7013,20,5000,strong,grib_migration_matrix_4pop_strong.csv,0.05,3,853871933
7014,21,5000,strong,grib_migration_matrix_4pop_strong.csv,0.05,3,853871933
7015,22,5000,strong,grib_migration_matrix_4pop_strong.csv,0.05,3,853871933
7016,23,5000,strong,grib_migration_matrix_4pop_strong.csv,0.05,3,853871933
7017,24,5000,strong,grib_migration_matrix_4pop_strong.csv,0.05,3,853871933
7018,25,5000,strong,grib_migration_matrix_4pop_strong.csv,0.05,3,853871933
7019,26,5000,strong,grib_migration_matrix_4pop_strong.csv,0.05,3,853871933
7020,27,5000,strong,grib_migration_matrix_4pop_strong.csv,0.05,3,853871933
7021,28,5000,strong,grib_migration_matrix_4pop_strong.csv,0.05,3,853871933
7022,29,5000,strong,grib_migration_matrix_4pop_strong.csv,0.05,3,853871933
7023,30,5000,strong,grib_migration_matrix_4pop_strong.csv,0.05,3,853871933
7024,31,5000,strong,grib_migration_matrix_4pop_strong.csv,0.05,3,853871933
7025,32,5000,strong,grib_migration_matrix_4pop_strong.csv,0.05,3,853871933
7026,33,5000,strong,grib_migration_matrix_4pop_strong.csv,0.05,3,853871933
7027,34,5000,strong,grib_migration_matrix_4pop_strong.csv,0.05,3,853871933
7028,35,5000,strong,grib_migration_matrix_4pop_strong.csv,0.05,3,853871933
7029,36,5000,strong,grib_migration_matrix_4pop_strong.csv,0.05,3,853871933
7030,37,5000,strong,grib_migration_matrix_4pop_strong.csv,0.05,3,853871933
7031,38,5000,strong,grib_migration_matrix_4pop_strong.csv,0.05,3,853871933
7032,39,5000,strong,grib_migration_matrix_4pop_strong.csv,0.05,3,853871933
7033,40,5000,strong,grib_migration_matrix_4pop_strong.csv,0.05,3,853871933
7034,41,5000,strong,grib_migration_matrix_4pop_strong.csv,0.05,3,853871933
7035,42,5000,strong,grib_migration_matrix_4pop_strong.csv,0.05,3,853871933
7036,43,5000,strong,grib_migration_matrix_4pop_strong.csv,0.05,3,853871933
7037,44,5000,strong,grib_migration_matrix_4pop_strong.csv,0.05,3,853871933
7038,45,5000,strong,grib_migration_matrix_4pop_strong.csv,0.05,3,853871933
7039,46,5000,strong,grib_migration_matrix_4pop_strong.csv,0.05,3,853871933
7040,47,5000,strong,grib_migration_matrix_4pop_strong.csv,0.05,3,853871933
7041,48,5000,strong,grib_migration_matrix_4pop_strong.csv,0.05,3,853871933
7042,49,5000,strong,grib_migration_matrix_4pop_strong.csv,0.05,3,853871933
7043,50,5000,strong,grib_migration_matrix_4pop_strong.csv,0.05,3,853871933
7044,51,5000,strong,grib_migration_matrix_4pop_strong.csv,0.05,3,853871933
7045,52,5000,strong,grib_migration_matrix_4pop_strong.csv,0.05,3,853871933
7046,53,5000,strong,grib_migration_matrix_4pop_strong.csv,0.05,3,853871933
7047,54,5000,strong,grib_migration_matrix_4pop_strong.csv,0.05,3,853871933
7048,55,5000,strong,grib_migration_matrix_4pop_strong.csv,0.05,3,853871933
7049,56,5000,strong,grib_migration_matrix_4pop_strong.csv,0.05,3,853871933
7050,57,5000,strong,grib_migration_matrix_4pop_strong.csv,0.05,3,853871933
7051,58,5000,strong,grib_migration_matrix_4pop_strong.csv,0.05,3,853871933
7052,59,5000,strong,grib_migration_matrix_4pop_strong.csv,0.05,3,853871933
7053,60,5000,strong,grib_migration_matrix_4pop_strong.csv,0.05,3,853871933
7054,61,5000,strong,grib_migration_matrix_4pop_strong.csv,0.05,3,853871933
7055,62,5000,strong,grib_migration_matrix_4pop_strong.csv,0.05,3,853871933
7056,63,5000,strong,grib_migration_matrix_4pop_strong.csv,0.05,3,853871933
7057,64,5000,strong,grib_migration_matrix_4pop_strong.csv,0.05,3,853871933
7058,65,5000,strong,grib_migration_matrix_4pop_strong.csv,0.05,3,853871933
7059,66,5000,strong,grib_migration_matrix_4pop_strong.csv,0.05,3,853871933
7060,67,5000,strong,grib_migration_matrix_4pop_strong.csv,0.05,3,853871933
7061,68,5000,strong,grib_migration_matrix_4pop_strong.csv,0.05,3,853871933
7062,69,5000,strong,grib_migration_matrix_4pop_strong.csv,0.05,3,853871933
7063,70,5000,strong,grib_migration_matrix_4pop_strong.csv,0.05,3,853871933
7064,71,5000,strong,grib_migration_matrix_4pop_strong.csv,0.05,3,853871933
7065,72,5000,strong,grib_migration_matrix_4pop_strong.csv,0.05,3,853871933
7066,73,5000,strong,grib_migration_matrix_4pop_strong.csv,0.05,3,853871933
7067,74,5000,strong,grib_migration_matrix_4pop_strong.csv,0.05,3,853871933
7068,75,5000,strong,grib_migration_matrix_4pop_strong.csv,0.05,3,853871933
7069,0,5000,strong,grib_migration_matrix_4pop_strong.csv,0.05,4,372219122
7070,1,5000,strong,grib_migration_matrix_4pop_strong.csv,0.05,4,372219122
7071,2,5000,strong,grib_migration_matrix_4pop_strong.csv,0.05,4,372219122
7072,3,5000,strong,grib_migration_matrix_4pop_strong.csv,0.05,4,372219122
7073,4,5000,strong,grib_migration_matrix_4pop_strong.csv,0.05,4,372219122
7074,5,5000,strong,grib_migration_matrix_4pop_strong.csv,0.05,4,372219122
7075,6,5000,strong,grib_migration_matrix_4pop_strong.csv,0.05,4,372219122
7076,7,5000,strong,grib_migration_matrix_4pop_strong.csv,0.05,4,372219122
7077,8,5000,strong,grib_migration_matrix_4pop_strong.csv,0.05,4,372219122
7078,9,5000,strong,grib_migration_matrix_4pop_strong.csv,0.05,4,372219122
7079,10,5000,strong,grib_migration_matrix_4pop_strong.csv,0.05,4,372219122
7080,11,5000,strong,grib_migration_matrix_4pop_strong.csv,0.05,4,372219122
7081,12,5000,strong,grib_migration_matrix_4pop_strong.csv,0.05,4,372219122
7082,13,5000,strong,grib_migration_matrix_4pop_strong.csv,0.05,4,372219122
7083,14,5000,strong,grib_migration_matrix_4pop_strong.csv,0.05,4,372219122
7084,15,5000,strong,grib_migration_matrix_4pop_strong.csv,0.05,4,372219122
7085,16,5000,strong,grib_migration_matrix_4pop_strong.csv,0.05,4,372219122
7086,17,5000,strong,grib_migration_matrix_4pop_strong.csv,0.05,4,372219122
7087,18,5000,strong,grib_migration_matrix_4pop_strong.csv,0.05,4,372219122
7088,19,5000,strong,grib_migration_matrix_4pop_strong.csv,0.05,4,372219122
7089,20,5000,strong,grib_migration_matrix_4pop_strong.csv,0.05,4,372219122
7090,21,5000,strong,grib_migration_matrix_4pop_strong.csv,0.05,4,372219122
7091,22,5000,strong,grib_migration_matrix_4pop_strong.csv,0.05,4,372219122
7092,23,5000,strong,grib_migration_matrix_4pop_strong.csv,0.05,4,372219122
7093,24,5000,strong,grib_migration_matrix_4pop_strong.csv,0.05,4,372219122
7094,25,5000,strong,grib_migration_matrix_4pop_strong.csv,0.05,4,372219122
7095,26,5000,strong,grib_migration_matrix_4pop_strong.csv,0.05,4,372219122
7096,27,5000,strong,grib_migration_matrix_4pop_strong.csv,0.05,4,372219122
7097,28,5000,strong,grib_migration_matrix_4pop_strong.csv,0.05,4,372219122
7098,29,5000,strong,grib_migration_matrix_4pop_strong.csv,0.05,4,372219122
7099,30,5000,strong,grib_migration_matrix_4pop_strong.csv,0.05,4,372219122
7100,31,5000,strong,grib_migration_matrix_4pop_strong.csv,0.05,4,372219122
7101,32,5000,strong,grib_migration_matrix_4pop_strong.csv,0.05,4,372219122
7102,33,5000,strong,grib_migration_matrix_4pop_strong.csv,0.05,4,372219122
7103,34,5000,strong,grib_migration_matrix_4pop_strong.csv,0.05,4,372219122
7104,35,5000,strong,grib_migration_matrix_4pop_strong.csv,0.05,4,372219122
7105,36,5000,strong,grib_migration_matrix_4pop_strong.csv,0.05,4,372219122
7106,37,5000,strong,grib_migration_matrix_4pop_strong.csv,0.05,4,372219122
7107,38,5000,strong,grib_migration_matrix_4pop_strong.csv,0.05,4,372219122
7108,39,5000,strong,grib_migration_matrix_4pop_strong.csv,0.05,4,372219122
7109,40,5000,strong,grib_migration_matrix_4pop_strong.csv,0.05,4,372219122
7110,41,5000,strong,grib_migration_matrix_4pop_strong.csv,0.05,4,372219122
7111,42,5000,strong,grib_migration_matrix_4pop_strong.csv,0.05,4,372219122
7112,43,5000,strong,grib_migration_matrix_4pop_strong.csv,0.05,4,372219122
7113,44,5000,strong,grib_migration_matrix_4pop_strong.csv,0.05,4,372219122
7114,45,5000,strong,grib_migration_matrix_4pop_strong.csv,0.05,4,372219122
7115,46,5000,strong,grib_migration_matrix_4pop_strong.csv,0.05,4,372219122
7116,47,5000,strong,grib_migration_matrix_4pop_strong.csv,0.05,4,372219122
7117,48,5000,strong,grib_migration_matrix_4pop_strong.csv,0.05,4,372219122
7118,49,5000,strong,grib_migration_matrix_4pop_strong.csv,0.05,4,372219122
7119,50,5000,strong,grib_migration_matrix_4pop_strong.csv,0.05,4,372219122
7120,51,5000,strong,grib_migration_matrix_4pop_strong.csv,0.05,4,372219122
7121,52,5000,strong,grib_migration_matrix_4pop_strong.csv,0.05,4,372219122
7122,53,5000,strong,grib_migration_matrix_4pop_strong.csv,0.05,4,372219122
7123,54,5000,strong,grib_migration_matrix_4pop_strong.csv,0.05,4,372219122
7124,55,5000,strong,grib_migration_matrix_4pop_strong.csv,0.05,4,372219122
7125,56,5000,strong,grib_migration_matrix_4pop_strong.csv,0.05,4,372219122
7126,57,5000,strong,grib_migration_matrix_4pop_strong.csv,0.05,4,372219122
7127,58,5000,strong,grib_migration_matrix_4pop_strong.csv,0.05,4,372219122
7128,59,5000,strong,grib_migration_matrix_4pop_strong.csv,0.05,4,372219122
7129,60,5000,strong,grib_migration_matrix_4pop_strong.csv,0.05,4,372219122
7130,61,5000,strong,grib_migration_matrix_4pop_strong.csv,0.05,4,372219122
7131,62,5000,strong,grib_migration_matrix_4pop_strong.csv,0.05,4,372219122
7132,63,5000,strong,grib_migration_matrix_4pop_strong.csv,0.05,4,372219122
7133,64,5000,strong,grib_migration_matrix_4pop_strong.csv,0.05,4,372219122
7134,65,5000,strong,grib_migration_matrix_4pop_strong.csv,0.05,4,372219122
7135,66,5000,strong,grib_migration_matrix_4pop_strong.csv,0.05,4,372219122
7136,67,5000,strong,grib_migration_matrix_4pop_strong.csv,0.05,4,372219122
7137,68,5000,strong,grib_migration_matrix_4pop_strong.csv,0.05,4,372219122
7138,69,5000,strong,grib_migration_matrix_4pop_strong.csv,0.05,4,372219122
7139,70,5000,strong,grib_migration_matrix_4pop_strong.csv,0.05,4,372219122
7140,71,5000,strong,grib_migration_matrix_4pop_strong.csv,0.05,4,372219122
7141,72,5000,strong,grib_migration_matrix_4pop_strong.csv,0.05,4,372219122
7142,73,5000,strong,grib_migration_matrix_4pop_strong.csv,0.05,4,372219122
7143,74,5000,strong,grib_migration_matrix_4pop_strong.csv,0.05,4,372219122
7144,75,5000,strong,grib_migration_matrix_4pop_strong.csv,0.05,4,372219122
7145,0,5000,strong,grib_migration_matrix_4pop_strong.csv,0.05,5,1242548828
7146,1,5000,strong,grib_migration_matrix_4pop_strong.csv,0.05,5,1242548828
7147,2,5000,strong,grib_migration_matrix_4pop_strong.csv,0.05,5,1242548828
7148,3,5000,strong,grib_migration_matrix_4pop_strong.csv,0.05,5,1242548828
7149,4,5000,strong,grib_migration_matrix_4pop_strong.csv,0.05,5,1242548828
7150,5,5000,strong,grib_migration_matrix_4pop_strong.csv,0.05,5,1242548828
7151,6,5000,strong,grib_migration_matrix_4pop_strong.csv,0.05,5,1242548828
7152,7,5000,strong,grib_migration_matrix_4pop_strong.csv,0.05,5,1242548828
7153,8,5000,strong,grib_migration_matrix_4pop_strong.csv,0.05,5,1242548828
7154,9,5000,strong,grib_migration_matrix_4pop_strong.csv,0.05,5,1242548828
7155,10,5000,strong,grib_migration_matrix_4pop_strong.csv,0.05,5,1242548828
7156,11,5000,strong,grib_migration_matrix_4pop_strong.csv,0.05,5,1242548828
7157,12,5000,strong,grib_migration_matrix_4pop_strong.csv,0.05,5,1242548828
7158,13,5000,strong,grib_migration_matrix_4pop_strong.csv,0.05,5,1242548828
7159,14,5000,strong,grib_migration_matrix_4pop_strong.csv,0.05,5,1242548828
7160,15,5000,strong,grib_migration_matrix_4pop_strong.csv,0.05,5,1242548828
7161,16,5000,strong,grib_migration_matrix_4pop_strong.csv,0.05,5,1242548828
7162,17,5000,strong,grib_migration_matrix_4pop_strong.csv,0.05,5,1242548828
7163,18,5000,strong,grib_migration_matrix_4pop_strong.csv,0.05,5,1242548828
7164,19,5000,strong,grib_migration_matrix_4pop_strong.csv,0.05,5,1242548828
7165,20,5000,strong,grib_migration_matrix_4pop_strong.csv,0.05,5,1242548828
7166,21,5000,strong,grib_migration_matrix_4pop_strong.csv,0.05,5,1242548828
7167,22,5000,strong,grib_migration_matrix_4pop_strong.csv,0.05,5,1242548828
7168,23,5000,strong,grib_migration_matrix_4pop_strong.csv,0.05,5,1242548828
7169,24,5000,strong,grib_migration_matrix_4pop_strong.csv,0.05,5,1242548828
7170,25,5000,strong,grib_migration_matrix_4pop_strong.csv,0.05,5,1242548828
7171,26,5000,strong,grib_migration_matrix_4pop_strong.csv,0.05,5,1242548828
7172,27,5000,strong,grib_migration_matrix_4pop_strong.csv,0.05,5,1242548828
7173,28,5000,strong,grib_migration_matrix_4pop_strong.csv,0.05,5,1242548828
7174,29,5000,strong,grib_migration_matrix_4pop_strong.csv,0.05,5,1242548828
7175,30,5000,strong,grib_migration_matrix_4pop_strong.csv,0.05,5,1242548828
7176,31,5000,strong,grib_migration_matrix_4pop_strong.csv,0.05,5,1242548828
7177,32,5000,strong,grib_migration_matrix_4pop_strong.csv,0.05,5,1242548828
7178,33,5000,strong,grib_migration_matrix_4pop_strong.csv,0.05,5,1242548828
7179,34,5000,strong,grib_migration_matrix_4pop_strong.csv,0.05,5,1242548828
7180,35,5000,strong,grib_migration_matrix_4pop_strong.csv,0.05,5,1242548828
7181,36,5000,strong,grib_migration_matrix_4pop_strong.csv,0.05,5,1242548828
7182,37,5000,strong,grib_migration_matrix_4pop_strong.csv,0.05,5,1242548828
7183,38,5000,strong,grib_migration_matrix_4pop_strong.csv,0.05,5,1242548828
7184,39,5000,strong,grib_migration_matrix_4pop_strong.csv,0.05,5,1242548828
7185,40,5000,strong,grib_migration_matrix_4pop_strong.csv,0.05,5,1242548828
7186,41,5000,strong,grib_migration_matrix_4pop_strong.csv,0.05,5,1242548828
7187,42,5000,strong,grib_migration_matrix_4pop_strong.csv,0.05,5,1242548828
7188,43,5000,strong,grib_migration_matrix_4pop_strong.csv,0.05,5,1242548828
7189,44,5000,strong,grib_migration_matrix_4pop_strong.csv,0.05,5,1242548828
7190,45,5000,strong,grib_migration_matrix_4pop_strong.csv,0.05,5,1242548828
7191,46,5000,strong,grib_migration_matrix_4pop_strong.csv,0.05,5,1242548828
7192,47,5000,strong,grib_migration_matrix_4pop_strong.csv,0.05,5,1242548828
7193,48,5000,strong,grib_migration_matrix_4pop_strong.csv,0.05,5,1242548828
7194,49,5000,strong,grib_migration_matrix_4pop_strong.csv,0.05,5,1242548828
7195,50,5000,strong,grib_migration_matrix_4pop_strong.csv,0.05,5,1242548828
7196,51,5000,strong,grib_migration_matrix_4pop_strong.csv,0.05,5,1242548828
7197,52,5000,strong,grib_migration_matrix_4pop_strong.csv,0.05,5,1242548828
7198,53,5000,strong,grib_migration_matrix_4pop_strong.csv,0.05,5,1242548828
7199,54,5000,strong,grib_migration_matrix_4pop_strong.csv,0.05,5,1242548828
7200,55,5000,strong,grib_migration_matrix_4pop_strong.csv,0.05,5,1242548828
7201,56,5000,strong,grib_migration_matrix_4pop_strong.csv,0.05,5,1242548828
7202,57,5000,strong,grib_migration_matrix_4pop_strong.csv,0.05,5,1242548828
7203,58,5000,strong,grib_migration_matrix_4pop_strong.csv,0.05,5,1242548828
7204,59,5000,strong,grib_migration_matrix_4pop_strong.csv,0.05,5,1242548828
7205,60,5000,strong,grib_migration_matrix_4pop_strong.csv,0.05,5,1242548828
7206,61,5000,strong,grib_migration_matrix_4pop_strong.csv,0.05,5,1242548828
7207,62,5000,strong,grib_migration_matrix_4pop_strong.csv,0.05,5,1242548828
7208,63,5000,strong,grib_migration_matrix_4pop_strong.csv,0.05,5,1242548828
7209,64,5000,strong,grib_migration_matrix_4pop_strong.csv,0.05,5,1242548828
7210,65,5000,strong,grib_migration_matrix_4pop_strong.csv,0.05,5,1242548828
7211,66,5000,strong,grib_migration_matrix_4pop_strong.csv,0.05,5,1242548828
7212,67,5000,strong,grib_migration_matrix_4pop_strong.csv,0.05,5,1242548828
7213,68,5000,strong,grib_migration_matrix_4pop_strong.csv,0.05,5,1242548828
7214,69,5000,strong,grib_migration_matrix_4pop_strong.csv,0.05,5,1242548828
7215,70,5000,strong,grib_migration_matrix_4pop_strong.csv,0.05,5,1242548828
7216,71,5000,strong,grib_migration_matrix_4pop_strong.csv,0.05,5,1242548828
7217,72,5000,strong,grib_migration_matrix_4pop_strong.csv,0.05,5,1242548828
7218,73,5000,strong,grib_migration_matrix_4pop_strong.csv,0.05,5,1242548828
7219,74,5000,strong,grib_migration_matrix_4pop_strong.csv,0.05,5,1242548828
7220,75,5000,strong,grib_migration_matrix_4pop_strong.csv,0.05,5,1242548828
7221,0,5000,strong,grib_migration_matrix_4pop_strong.csv,0.05,6,393906540
7222,1,5000,strong,grib_migration_matrix_4pop_strong.csv,0.05,6,393906540
7223,2,5000,strong,grib_migration_matrix_4pop_strong.csv,0.05,6,393906540
7224,3,5000,strong,grib_migration_matrix_4pop_strong.csv,0.05,6,393906540
7225,4,5000,strong,grib_migration_matrix_4pop_strong.csv,0.05,6,393906540
7226,5,5000,strong,grib_migration_matrix_4pop_strong.csv,0.05,6,393906540
7227,6,5000,strong,grib_migration_matrix_4pop_strong.csv,0.05,6,393906540
7228,7,5000,strong,grib_migration_matrix_4pop_strong.csv,0.05,6,393906540
7229,8,5000,strong,grib_migration_matrix_4pop_strong.csv,0.05,6,393906540
7230,9,5000,strong,grib_migration_matrix_4pop_strong.csv,0.05,6,393906540
7231,10,5000,strong,grib_migration_matrix_4pop_strong.csv,0.05,6,393906540
7232,11,5000,strong,grib_migration_matrix_4pop_strong.csv,0.05,6,393906540
7233,12,5000,strong,grib_migration_matrix_4pop_strong.csv,0.05,6,393906540
7234,13,5000,strong,grib_migration_matrix_4pop_strong.csv,0.05,6,393906540
7235,14,5000,strong,grib_migration_matrix_4pop_strong.csv,0.05,6,393906540
7236,15,5000,strong,grib_migration_matrix_4pop_strong.csv,0.05,6,393906540
7237,16,5000,strong,grib_migration_matrix_4pop_strong.csv,0.05,6,393906540
7238,17,5000,strong,grib_migration_matrix_4pop_strong.csv,0.05,6,393906540
7239,18,5000,strong,grib_migration_matrix_4pop_strong.csv,0.05,6,393906540
7240,19,5000,strong,grib_migration_matrix_4pop_strong.csv,0.05,6,393906540
7241,20,5000,strong,grib_migration_matrix_4pop_strong.csv,0.05,6,393906540
7242,21,5000,strong,grib_migration_matrix_4pop_strong.csv,0.05,6,393906540
7243,22,5000,strong,grib_migration_matrix_4pop_strong.csv,0.05,6,393906540
7244,23,5000,strong,grib_migration_matrix_4pop_strong.csv,0.05,6,393906540
7245,24,5000,strong,grib_migration_matrix_4pop_strong.csv,0.05,6,393906540
7246,25,5000,strong,grib_migration_matrix_4pop_strong.csv,0.05,6,393906540
7247,26,5000,strong,grib_migration_matrix_4pop_strong.csv,0.05,6,393906540
7248,27,5000,strong,grib_migration_matrix_4pop_strong.csv,0.05,6,393906540
7249,28,5000,strong,grib_migration_matrix_4pop_strong.csv,0.05,6,393906540
7250,29,5000,strong,grib_migration_matrix_4pop_strong.csv,0.05,6,393906540
7251,30,5000,strong,grib_migration_matrix_4pop_strong.csv,0.05,6,393906540
7252,31,5000,strong,grib_migration_matrix_4pop_strong.csv,0.05,6,393906540
7253,32,5000,strong,grib_migration_matrix_4pop_strong.csv,0.05,6,393906540
7254,33,5000,strong,grib_migration_matrix_4pop_strong.csv,0.05,6,393906540
7255,34,5000,strong,grib_migration_matrix_4pop_strong.csv,0.05,6,393906540
7256,35,5000,strong,grib_migration_matrix_4pop_strong.csv,0.05,6,393906540
7257,36,5000,strong,grib_migration_matrix_4pop_strong.csv,0.05,6,393906540
7258,37,5000,strong,grib_migration_matrix_4pop_strong.csv,0.05,6,393906540
7259,38,5000,strong,grib_migration_matrix_4pop_strong.csv,0.05,6,393906540
7260,39,5000,strong,grib_migration_matrix_4pop_strong.csv,0.05,6,393906540
7261,40,5000,strong,grib_migration_matrix_4pop_strong.csv,0.05,6,393906540
7262,41,5000,strong,grib_migration_matrix_4pop_strong.csv,0.05,6,393906540
7263,42,5000,strong,grib_migration_matrix_4pop_strong.csv,0.05,6,393906540
7264,43,5000,strong,grib_migration_matrix_4pop_strong.csv,0.05,6,393906540
7265,44,5000,strong,grib_migration_matrix_4pop_strong.csv,0.05,6,393906540
7266,45,5000,strong,grib_migration_matrix_4pop_strong.csv,0.05,6,393906540
7267,46,5000,strong,grib_migration_matrix_4pop_strong.csv,0.05,6,393906540
7268,47,5000,strong,grib_migration_matrix_4pop_strong.csv,0.05,6,393906540
7269,48,5000,strong,grib_migration_matrix_4pop_strong.csv,0.05,6,393906540
7270,49,5000,strong,grib_migration_matrix_4pop_strong.csv,0.05,6,393906540
7271,50,5000,strong,grib_migration_matrix_4pop_strong.csv,0.05,6,393906540
7272,51,5000,strong,grib_migration_matrix_4pop_strong.csv,0.05,6,393906540
7273,52,5000,strong,grib_migration_matrix_4pop_strong.csv,0.05,6,393906540
7274,53,5000,strong,grib_migration_matrix_4pop_strong.csv,0.05,6,393906540
7275,54,5000,strong,grib_migration_matrix_4pop_strong.csv,0.05,6,393906540
7276,55,5000,strong,grib_migration_matrix_4pop_strong.csv,0.05,6,393906540
7277,56,5000,strong,grib_migration_matrix_4pop_strong.csv,0.05,6,393906540
7278,57,5000,strong,grib_migration_matrix_4pop_strong.csv,0.05,6,393906540
7279,58,5000,strong,grib_migration_matrix_4pop_strong.csv,0.05,6,393906540
7280,59,5000,strong,grib_migration_matrix_4pop_strong.csv,0.05,6,393906540
7281,60,5000,strong,grib_migration_matrix_4pop_strong.csv,0.05,6,393906540
7282,61,5000,strong,grib_migration_matrix_4pop_strong.csv,0.05,6,393906540
7283,62,5000,strong,grib_migration_matrix_4pop_strong.csv,0.05,6,393906540
7284,63,5000,strong,grib_migration_matrix_4pop_strong.csv,0.05,6,393906540
7285,64,5000,strong,grib_migration_matrix_4pop_strong.csv,0.05,6,393906540
7286,65,5000,strong,grib_migration_matrix_4pop_strong.csv,0.05,6,393906540
7287,66,5000,strong,grib_migration_matrix_4pop_strong.csv,0.05,6,393906540
7288,67,5000,strong,grib_migration_matrix_4pop_strong.csv,0.05,6,393906540
7289,68,5000,strong,grib_migration_matrix_4pop_strong.csv,0.05,6,393906540
7290,69,5000,strong,grib_migration_matrix_4pop_strong.csv,0.05,6,393906540
7291,70,5000,strong,grib_migration_matrix_4pop_strong.csv,0.05,6,393906540
7292,71,5000,strong,grib_migration_matrix_4pop_strong.csv,0.05,6,393906540
7293,72,5000,strong,grib_migration_matrix_4pop_strong.csv,0.05,6,393906540
7294,73,5000,strong,grib_migration_matrix_4pop_strong.csv,0.05,6,393906540
7295,74,5000,strong,grib_migration_matrix_4pop_strong.csv,0.05,6,393906540
7296,75,5000,strong,grib_migration_matrix_4pop_strong.csv,0.05,6,393906540
7297,0,5000,strong,grib_migration_matrix_4pop_strong.csv,0.05,7,1306522849
7298,1,5000,strong,grib_migration_matrix_4pop_strong.csv,0.05,7,1306522849
7299,2,5000,strong,grib_migration_matrix_4pop_strong.csv,0.05,7,1306522849
7300,3,5000,strong,grib_migration_matrix_4pop_strong.csv,0.05,7,1306522849
7301,4,5000,strong,grib_migration_matrix_4pop_strong.csv,0.05,7,1306522849
7302,5,5000,strong,grib_migration_matrix_4pop_strong.csv,0.05,7,1306522849
7303,6,5000,strong,grib_migration_matrix_4pop_strong.csv,0.05,7,1306522849
7304,7,5000,strong,grib_migration_matrix_4pop_strong.csv,0.05,7,1306522849
7305,8,5000,strong,grib_migration_matrix_4pop_strong.csv,0.05,7,1306522849
7306,9,5000,strong,grib_migration_matrix_4pop_strong.csv,0.05,7,1306522849
7307,10,5000,strong,grib_migration_matrix_4pop_strong.csv,0.05,7,1306522849
7308,11,5000,strong,grib_migration_matrix_4pop_strong.csv,0.05,7,1306522849
7309,12,5000,strong,grib_migration_matrix_4pop_strong.csv,0.05,7,1306522849
7310,13,5000,strong,grib_migration_matrix_4pop_strong.csv,0.05,7,1306522849
7311,14,5000,strong,grib_migration_matrix_4pop_strong.csv,0.05,7,1306522849
7312,15,5000,strong,grib_migration_matrix_4pop_strong.csv,0.05,7,1306522849
7313,16,5000,strong,grib_migration_matrix_4pop_strong.csv,0.05,7,1306522849
7314,17,5000,strong,grib_migration_matrix_4pop_strong.csv,0.05,7,1306522849
7315,18,5000,strong,grib_migration_matrix_4pop_strong.csv,0.05,7,1306522849
7316,19,5000,strong,grib_migration_matrix_4pop_strong.csv,0.05,7,1306522849
7317,20,5000,strong,grib_migration_matrix_4pop_strong.csv,0.05,7,1306522849
7318,21,5000,strong,grib_migration_matrix_4pop_strong.csv,0.05,7,1306522849
7319,22,5000,strong,grib_migration_matrix_4pop_strong.csv,0.05,7,1306522849
7320,23,5000,strong,grib_migration_matrix_4pop_strong.csv,0.05,7,1306522849
7321,24,5000,strong,grib_migration_matrix_4pop_strong.csv,0.05,7,1306522849
7322,25,5000,strong,grib_migration_matrix_4pop_strong.csv,0.05,7,1306522849
7323,26,5000,strong,grib_migration_matrix_4pop_strong.csv,0.05,7,1306522849
7324,27,5000,strong,grib_migration_matrix_4pop_strong.csv,0.05,7,1306522849
7325,28,5000,strong,grib_migration_matrix_4pop_strong.csv,0.05,7,1306522849
7326,29,5000,strong,grib_migration_matrix_4pop_strong.csv,0.05,7,1306522849
7327,30,5000,strong,grib_migration_matrix_4pop_strong.csv,0.05,7,1306522849
7328,31,5000,strong,grib_migration_matrix_4pop_strong.csv,0.05,7,1306522849
7329,32,5000,strong,grib_migration_matrix_4pop_strong.csv,0.05,7,1306522849
7330,33,5000,strong,grib_migration_matrix_4pop_strong.csv,0.05,7,1306522849
7331,34,5000,strong,grib_migration_matrix_4pop_strong.csv,0.05,7,1306522849
7332,35,5000,strong,grib_migration_matrix_4pop_strong.csv,0.05,7,1306522849
7333,36,5000,strong,grib_migration_matrix_4pop_strong.csv,0.05,7,1306522849
7334,37,5000,strong,grib_migration_matrix_4pop_strong.csv,0.05,7,1306522849
7335,38,5000,strong,grib_migration_matrix_4pop_strong.csv,0.05,7,1306522849
7336,39,5000,strong,grib_migration_matrix_4pop_strong.csv,0.05,7,1306522849
7337,40,5000,strong,grib_migration_matrix_4pop_strong.csv,0.05,7,1306522849
7338,41,5000,strong,grib_migration_matrix_4pop_strong.csv,0.05,7,1306522849
7339,42,5000,strong,grib_migration_matrix_4pop_strong.csv,0.05,7,1306522849
7340,43,5000,strong,grib_migration_matrix_4pop_strong.csv,0.05,7,1306522849
7341,44,5000,strong,grib_migration_matrix_4pop_strong.csv,0.05,7,1306522849
7342,45,5000,strong,grib_migration_matrix_4pop_strong.csv,0.05,7,1306522849
7343,46,5000,strong,grib_migration_matrix_4pop_strong.csv,0.05,7,1306522849
7344,47,5000,strong,grib_migration_matrix_4pop_strong.csv,0.05,7,1306522849
7345,48,5000,strong,grib_migration_matrix_4pop_strong.csv,0.05,7,1306522849
7346,49,5000,strong,grib_migration_matrix_4pop_strong.csv,0.05,7,1306522849
7347,50,5000,strong,grib_migration_matrix_4pop_strong.csv,0.05,7,1306522849
7348,51,5000,strong,grib_migration_matrix_4pop_strong.csv,0.05,7,1306522849
7349,52,5000,strong,grib_migration_matrix_4pop_strong.csv,0.05,7,1306522849
7350,53,5000,strong,grib_migration_matrix_4pop_strong.csv,0.05,7,1306522849
7351,54,5000,strong,grib_migration_matrix_4pop_strong.csv,0.05,7,1306522849
7352,55,5000,strong,grib_migration_matrix_4pop_strong.csv,0.05,7,1306522849
7353,56,5000,strong,grib_migration_matrix_4pop_strong.csv,0.05,7,1306522849
7354,57,5000,strong,grib_migration_matrix_4pop_strong.csv,0.05,7,1306522849
7355,58,5000,strong,grib_migration_matrix_4pop_strong.csv,0.05,7,1306522849
7356,59,5000,strong,grib_migration_matrix_4pop_strong.csv,0.05,7,1306522849
7357,60,5000,strong,grib_migration_matrix_4pop_strong.csv,0.05,7,1306522849
7358,61,5000,strong,grib_migration_matrix_4pop_strong.csv,0.05,7,1306522849
7359,62,5000,strong,grib_migration_matrix_4pop_strong.csv,0.05,7,1306522849
7360,63,5000,strong,grib_migration_matrix_4pop_strong.csv,0.05,7,1306522849
7361,64,5000,strong,grib_migration_matrix_4pop_strong.csv,0.05,7,1306522849
7362,65,5000,strong,grib_migration_matrix_4pop_strong.csv,0.05,7,1306522849
7363,66,5000,strong,grib_migration_matrix_4pop_strong.csv,0.05,7,1306522849
7364,67,5000,strong,grib_migration_matrix_4pop_strong.csv,0.05,7,1306522849
7365,68,5000,strong,grib_migration_matrix_4pop_strong.csv,0.05,7,1306522849
7366,69,5000,strong,grib_migration_matrix_4pop_strong.csv,0.05,7,1306522849
7367,70,5000,strong,grib_migration_matrix_4pop_strong.csv,0.05,7,1306522849
7368,71,5000,strong,grib_migration_matrix_4pop_strong.csv,0.05,7,1306522849
7369,72,5000,strong,grib_migration_matrix_4pop_strong.csv,0.05,7,1306522849
7370,73,5000,strong,grib_migration_matrix_4pop_strong.csv,0.05,7,1306522849
7371,74,5000,strong,grib_migration_matrix_4pop_strong.csv,0.05,7,1306522849
7372,75,5000,strong,grib_migration_matrix_4pop_strong.csv,0.05,7,1306522849
7373,0,5000,strong,grib_migration_matrix_4pop_strong.csv,0.05,8,912273668
7374,1,5000,strong,grib_migration_matrix_4pop_strong.csv,0.05,8,912273668
7375,2,5000,strong,grib_migration_matrix_4pop_strong.csv,0.05,8,912273668
7376,3,5000,strong,grib_migration_matrix_4pop_strong.csv,0.05,8,912273668
7377,4,5000,strong,grib_migration_matrix_4pop_strong.csv,0.05,8,912273668
7378,5,5000,strong,grib_migration_matrix_4pop_strong.csv,0.05,8,912273668
7379,6,5000,strong,grib_migration_matrix_4pop_strong.csv,0.05,8,912273668
7380,7,5000,strong,grib_migration_matrix_4pop_strong.csv,0.05,8,912273668
7381,8,5000,strong,grib_migration_matrix_4pop_strong.csv,0.05,8,912273668
7382,9,5000,strong,grib_migration_matrix_4pop_strong.csv,0.05,8,912273668
7383,10,5000,strong,grib_migration_matrix_4pop_strong.csv,0.05,8,912273668
7384,11,5000,strong,grib_migration_matrix_4pop_strong.csv,0.05,8,912273668
7385,12,5000,strong,grib_migration_matrix_4pop_strong.csv,0.05,8,912273668
7386,13,5000,strong,grib_migration_matrix_4pop_strong.csv,0.05,8,912273668
7387,14,5000,strong,grib_migration_matrix_4pop_strong.csv,0.05,8,912273668
7388,15,5000,strong,grib_migration_matrix_4pop_strong.csv,0.05,8,912273668
7389,16,5000,strong,grib_migration_matrix_4pop_strong.csv,0.05,8,912273668
7390,17,5000,strong,grib_migration_matrix_4pop_strong.csv,0.05,8,912273668
7391,18,5000,strong,grib_migration_matrix_4pop_strong.csv,0.05,8,912273668
7392,19,5000,strong,grib_migration_matrix_4pop_strong.csv,0.05,8,912273668
7393,20,5000,strong,grib_migration_matrix_4pop_strong.csv,0.05,8,912273668
7394,21,5000,strong,grib_migration_matrix_4pop_strong.csv,0.05,8,912273668
7395,22,5000,strong,grib_migration_matrix_4pop_strong.csv,0.05,8,912273668
7396,23,5000,strong,grib_migration_matrix_4pop_strong.csv,0.05,8,912273668
7397,24,5000,strong,grib_migration_matrix_4pop_strong.csv,0.05,8,912273668
7398,25,5000,strong,grib_migration_matrix_4pop_strong.csv,0.05,8,912273668
7399,26,5000,strong,grib_migration_matrix_4pop_strong.csv,0.05,8,912273668
7400,27,5000,strong,grib_migration_matrix_4pop_strong.csv,0.05,8,912273668
7401,28,5000,strong,grib_migration_matrix_4pop_strong.csv,0.05,8,912273668
7402,29,5000,strong,grib_migration_matrix_4pop_strong.csv,0.05,8,912273668
7403,30,5000,strong,grib_migration_matrix_4pop_strong.csv,0.05,8,912273668
7404,31,5000,strong,grib_migration_matrix_4pop_strong.csv,0.05,8,912273668
7405,32,5000,strong,grib_migration_matrix_4pop_strong.csv,0.05,8,912273668
7406,33,5000,strong,grib_migration_matrix_4pop_strong.csv,0.05,8,912273668
7407,34,5000,strong,grib_migration_matrix_4pop_strong.csv,0.05,8,912273668
7408,35,5000,strong,grib_migration_matrix_4pop_strong.csv,0.05,8,912273668
7409,36,5000,strong,grib_migration_matrix_4pop_strong.csv,0.05,8,912273668
7410,37,5000,strong,grib_migration_matrix_4pop_strong.csv,0.05,8,912273668
7411,38,5000,strong,grib_migration_matrix_4pop_strong.csv,0.05,8,912273668
7412,39,5000,strong,grib_migration_matrix_4pop_strong.csv,0.05,8,912273668
7413,40,5000,strong,grib_migration_matrix_4pop_strong.csv,0.05,8,912273668
7414,41,5000,strong,grib_migration_matrix_4pop_strong.csv,0.05,8,912273668
7415,42,5000,strong,grib_migration_matrix_4pop_strong.csv,0.05,8,912273668
7416,43,5000,strong,grib_migration_matrix_4pop_strong.csv,0.05,8,912273668
7417,44,5000,strong,grib_migration_matrix_4pop_strong.csv,0.05,8,912273668
7418,45,5000,strong,grib_migration_matrix_4pop_strong.csv,0.05,8,912273668
7419,46,5000,strong,grib_migration_matrix_4pop_strong.csv,0.05,8,912273668
7420,47,5000,strong,grib_migration_matrix_4pop_strong.csv,0.05,8,912273668
7421,48,5000,strong,grib_migration_matrix_4pop_strong.csv,0.05,8,912273668
7422,49,5000,strong,grib_migration_matrix_4pop_strong.csv,0.05,8,912273668
7423,50,5000,strong,grib_migration_matrix_4pop_strong.csv,0.05,8,912273668
7424,51,5000,strong,grib_migration_matrix_4pop_strong.csv,0.05,8,912273668
7425,52,5000,strong,grib_migration_matrix_4pop_strong.csv,0.05,8,912273668
7426,53,5000,strong,grib_migration_matrix_4pop_strong.csv,0.05,8,912273668
7427,54,5000,strong,grib_migration_matrix_4pop_strong.csv,0.05,8,912273668
7428,55,5000,strong,grib_migration_matrix_4pop_strong.csv,0.05,8,912273668
7429,56,5000,strong,grib_migration_matrix_4pop_strong.csv,0.05,8,912273668
7430,57,5000,strong,grib_migration_matrix_4pop_strong.csv,0.05,8,912273668
7431,58,5000,strong,grib_migration_matrix_4pop_strong.csv,0.05,8,912273668
7432,59,5000,strong,grib_migration_matrix_4pop_strong.csv,0.05,8,912273668
7433,60,5000,strong,grib_migration_matrix_4pop_strong.csv,0.05,8,912273668
7434,61,5000,strong,grib_migration_matrix_4pop_strong.csv,0.05,8,912273668
7435,62,5000,strong,grib_migration_matrix_4pop_strong.csv,0.05,8,912273668
7436,63,5000,strong,grib_migration_matrix_4pop_strong.csv,0.05,8,912273668
7437,64,5000,strong,grib_migration_matrix_4pop_strong.csv,0.05,8,912273668
7438,65,5000,strong,grib_migration_matrix_4pop_strong.csv,0.05,8,912273668
7439,66,5000,strong,grib_migration_matrix_4pop_strong.csv,0.05,8,912273668
7440,67,5000,strong,grib_migration_matrix_4pop_strong.csv,0.05,8,912273668
7441,68,5000,strong,grib_migration_matrix_4pop_strong.csv,0.05,8,912273668
7442,69,5000,strong,grib_migration_matrix_4pop_strong.csv,0.05,8,912273668
7443,70,5000,strong,grib_migration_matrix_4pop_strong.csv,0.05,8,912273668
7444,71,5000,strong,grib_migration_matrix_4pop_strong.csv,0.05,8,912273668
7445,72,5000,strong,grib_migration_matrix_4pop_strong.csv,0.05,8,912273668
7446,73,5000,strong,grib_migration_matrix_4pop_strong.csv,0.05,8,912273668
7447,74,5000,strong,grib_migration_matrix_4pop_strong.csv,0.05,8,912273668
7448,75,5000,strong,grib_migration_matrix_4pop_strong.csv,0.05,8,912273668
7449,0,5000,strong,grib_migration_matrix_4pop_strong.csv,0.05,9,1950144131
7450,1,5000,strong,grib_migration_matrix_4pop_strong.csv,0.05,9,1950144131
7451,2,5000,strong,grib_migration_matrix_4pop_strong.csv,0.05,9,1950144131
7452,3,5000,strong,grib_migration_matrix_4pop_strong.csv,0.05,9,1950144131
7453,4,5000,strong,grib_migration_matrix_4pop_strong.csv,0.05,9,1950144131
7454,5,5000,strong,grib_migration_matrix_4pop_strong.csv,0.05,9,1950144131
7455,6,5000,strong,grib_migration_matrix_4pop_strong.csv,0.05,9,1950144131
7456,7,5000,strong,grib_migration_matrix_4pop_strong.csv,0.05,9,1950144131
7457,8,5000,strong,grib_migration_matrix_4pop_strong.csv,0.05,9,1950144131
7458,9,5000,strong,grib_migration_matrix_4pop_strong.csv,0.05,9,1950144131
7459,10,5000,strong,grib_migration_matrix_4pop_strong.csv,0.05,9,1950144131
7460,11,5000,strong,grib_migration_matrix_4pop_strong.csv,0.05,9,1950144131
7461,12,5000,strong,grib_migration_matrix_4pop_strong.csv,0.05,9,1950144131
7462,13,5000,strong,grib_migration_matrix_4pop_strong.csv,0.05,9,1950144131
7463,14,5000,strong,grib_migration_matrix_4pop_strong.csv,0.05,9,1950144131
7464,15,5000,strong,grib_migration_matrix_4pop_strong.csv,0.05,9,1950144131
7465,16,5000,strong,grib_migration_matrix_4pop_strong.csv,0.05,9,1950144131
7466,17,5000,strong,grib_migration_matrix_4pop_strong.csv,0.05,9,1950144131
7467,18,5000,strong,grib_migration_matrix_4pop_strong.csv,0.05,9,1950144131
7468,19,5000,strong,grib_migration_matrix_4pop_strong.csv,0.05,9,1950144131
7469,20,5000,strong,grib_migration_matrix_4pop_strong.csv,0.05,9,1950144131
7470,21,5000,strong,grib_migration_matrix_4pop_strong.csv,0.05,9,1950144131
7471,22,5000,strong,grib_migration_matrix_4pop_strong.csv,0.05,9,1950144131
7472,23,5000,strong,grib_migration_matrix_4pop_strong.csv,0.05,9,1950144131
7473,24,5000,strong,grib_migration_matrix_4pop_strong.csv,0.05,9,1950144131
7474,25,5000,strong,grib_migration_matrix_4pop_strong.csv,0.05,9,1950144131
7475,26,5000,strong,grib_migration_matrix_4pop_strong.csv,0.05,9,1950144131
7476,27,5000,strong,grib_migration_matrix_4pop_strong.csv,0.05,9,1950144131
7477,28,5000,strong,grib_migration_matrix_4pop_strong.csv,0.05,9,1950144131
7478,29,5000,strong,grib_migration_matrix_4pop_strong.csv,0.05,9,1950144131
7479,30,5000,strong,grib_migration_matrix_4pop_strong.csv,0.05,9,1950144131
7480,31,5000,strong,grib_migration_matrix_4pop_strong.csv,0.05,9,1950144131
7481,32,5000,strong,grib_migration_matrix_4pop_strong.csv,0.05,9,1950144131
7482,33,5000,strong,grib_migration_matrix_4pop_strong.csv,0.05,9,1950144131
7483,34,5000,strong,grib_migration_matrix_4pop_strong.csv,0.05,9,1950144131
7484,35,5000,strong,grib_migration_matrix_4pop_strong.csv,0.05,9,1950144131
7485,36,5000,strong,grib_migration_matrix_4pop_strong.csv,0.05,9,1950144131
7486,37,5000,strong,grib_migration_matrix_4pop_strong.csv,0.05,9,1950144131
7487,38,5000,strong,grib_migration_matrix_4pop_strong.csv,0.05,9,1950144131
7488,39,5000,strong,grib_migration_matrix_4pop_strong.csv,0.05,9,1950144131
7489,40,5000,strong,grib_migration_matrix_4pop_strong.csv,0.05,9,1950144131
7490,41,5000,strong,grib_migration_matrix_4pop_strong.csv,0.05,9,1950144131
7491,42,5000,strong,grib_migration_matrix_4pop_strong.csv,0.05,9,1950144131
7492,43,5000,strong,grib_migration_matrix_4pop_strong.csv,0.05,9,1950144131
7493,44,5000,strong,grib_migration_matrix_4pop_strong.csv,0.05,9,1950144131
7494,45,5000,strong,grib_migration_matrix_4pop_strong.csv,0.05,9,1950144131
7495,46,5000,strong,grib_migration_matrix_4pop_strong.csv,0.05,9,1950144131
7496,47,5000,strong,grib_migration_matrix_4pop_strong.csv,0.05,9,1950144131
7497,48,5000,strong,grib_migration_matrix_4pop_strong.csv,0.05,9,1950144131
7498,49,5000,strong,grib_migration_matrix_4pop_strong.csv,0.05,9,1950144131
7499,50,5000,strong,grib_migration_matrix_4pop_strong.csv,0.05,9,1950144131
7500,51,5000,strong,grib_migration_matrix_4pop_strong.csv,0.05,9,1950144131
7501,52,5000,strong,grib_migration_matrix_4pop_strong.csv,0.05,9,1950144131
7502,53,5000,strong,grib_migration_matrix_4pop_strong.csv,0.05,9,1950144131
7503,54,5000,strong,grib_migration_matrix_4pop_strong.csv,0.05,9,1950144131
7504,55,5000,strong,grib_migration_matrix_4pop_strong.csv,0.05,9,1950144131
7505,56,5000,strong,grib_migration_matrix_4pop_strong.csv,0.05,9,1950144131
7506,57,5000,strong,grib_migration_matrix_4pop_strong.csv,0.05,9,1950144131
7507,58,5000,strong,grib_migration_matrix_4pop_strong.csv,0.05,9,1950144131
7508,59,5000,strong,grib_migration_matrix_4pop_strong.csv,0.05,9,1950144131
7509,60,5000,strong,grib_migration_matrix_4pop_strong.csv,0.05,9,1950144131
7510,61,5000,strong,grib_migration_matrix_4pop_strong.csv,0.05,9,1950144131
7511,62,5000,strong,grib_migration_matrix_4pop_strong.csv,0.05,9,1950144131
7512,63,5000,strong,grib_migration_matrix_4pop_strong.csv,0.05,9,1950144131
7513,64,5000,strong,grib_migration_matrix_4pop_strong.csv,0.05,9,1950144131
7514,65,5000,strong,grib_migration_matrix_4pop_strong.csv,0.05,9,1950144131
7515,66,5000,strong,grib_migration_matrix_4pop_strong.csv,0.05,9,1950144131
7516,67,5000,strong,grib_migration_matrix_4pop_strong.csv,0.05,9,1950144131
7517,68,5000,strong,grib_migration_matrix_4pop_strong.csv,0.05,9,1950144131
7518,69,5000,strong,grib_migration_matrix_4pop_strong.csv,0.05,9,1950144131
7519,70,5000,strong,grib_migration_matrix_4pop_strong.csv,0.05,9,1950144131
7520,71,5000,strong,grib_migration_matrix_4pop_strong.csv,0.05,9,1950144131
7521,72,5000,strong,grib_migration_matrix_4pop_strong.csv,0.05,9,1950144131
7522,73,5000,strong,grib_migration_matrix_4pop_strong.csv,0.05,9,1950144131
7523,74,5000,strong,grib_migration_matrix_4pop_strong.csv,0.05,9,1950144131
7524,75,5000,strong,grib_migration_matrix_4pop_strong.csv,0.05,9,1950144131
7525,0,5000,strong,grib_migration_matrix_4pop_strong.csv,0.05,10,1286628716
7526,1,5000,strong,grib_migration_matrix_4pop_strong.csv,0.05,10,1286628716
7527,2,5000,strong,grib_migration_matrix_4pop_strong.csv,0.05,10,1286628716
7528,3,5000,strong,grib_migration_matrix_4pop_strong.csv,0.05,10,1286628716
7529,4,5000,strong,grib_migration_matrix_4pop_strong.csv,0.05,10,1286628716
7530,5,5000,strong,grib_migration_matrix_4pop_strong.csv,0.05,10,1286628716
7531,6,5000,strong,grib_migration_matrix_4pop_strong.csv,0.05,10,1286628716
7532,7,5000,strong,grib_migration_matrix_4pop_strong.csv,0.05,10,1286628716
7533,8,5000,strong,grib_migration_matrix_4pop_strong.csv,0.05,10,1286628716
7534,9,5000,strong,grib_migration_matrix_4pop_strong.csv,0.05,10,1286628716
7535,10,5000,strong,grib_migration_matrix_4pop_strong.csv,0.05,10,1286628716
7536,11,5000,strong,grib_migration_matrix_4pop_strong.csv,0.05,10,1286628716
7537,12,5000,strong,grib_migration_matrix_4pop_strong.csv,0.05,10,1286628716
7538,13,5000,strong,grib_migration_matrix_4pop_strong.csv,0.05,10,1286628716
7539,14,5000,strong,grib_migration_matrix_4pop_strong.csv,0.05,10,1286628716
7540,15,5000,strong,grib_migration_matrix_4pop_strong.csv,0.05,10,1286628716
7541,16,5000,strong,grib_migration_matrix_4pop_strong.csv,0.05,10,1286628716
7542,17,5000,strong,grib_migration_matrix_4pop_strong.csv,0.05,10,1286628716
7543,18,5000,strong,grib_migration_matrix_4pop_strong.csv,0.05,10,1286628716
7544,19,5000,strong,grib_migration_matrix_4pop_strong.csv,0.05,10,1286628716
7545,20,5000,strong,grib_migration_matrix_4pop_strong.csv,0.05,10,1286628716
7546,21,5000,strong,grib_migration_matrix_4pop_strong.csv,0.05,10,1286628716
7547,22,5000,strong,grib_migration_matrix_4pop_strong.csv,0.05,10,1286628716
7548,23,5000,strong,grib_migration_matrix_4pop_strong.csv,0.05,10,1286628716
7549,24,5000,strong,grib_migration_matrix_4pop_strong.csv,0.05,10,1286628716
7550,25,5000,strong,grib_migration_matrix_4pop_strong.csv,0.05,10,1286628716
7551,26,5000,strong,grib_migration_matrix_4pop_strong.csv,0.05,10,1286628716
7552,27,5000,strong,grib_migration_matrix_4pop_strong.csv,0.05,10,1286628716
7553,28,5000,strong,grib_migration_matrix_4pop_strong.csv,0.05,10,1286628716
7554,29,5000,strong,grib_migration_matrix_4pop_strong.csv,0.05,10,1286628716
7555,30,5000,strong,grib_migration_matrix_4pop_strong.csv,0.05,10,1286628716
7556,31,5000,strong,grib_migration_matrix_4pop_strong.csv,0.05,10,1286628716
7557,32,5000,strong,grib_migration_matrix_4pop_strong.csv,0.05,10,1286628716
7558,33,5000,strong,grib_migration_matrix_4pop_strong.csv,0.05,10,1286628716
7559,34,5000,strong,grib_migration_matrix_4pop_strong.csv,0.05,10,1286628716
7560,35,5000,strong,grib_migration_matrix_4pop_strong.csv,0.05,10,1286628716
7561,36,5000,strong,grib_migration_matrix_4pop_strong.csv,0.05,10,1286628716
7562,37,5000,strong,grib_migration_matrix_4pop_strong.csv,0.05,10,1286628716
7563,38,5000,strong,grib_migration_matrix_4pop_strong.csv,0.05,10,1286628716
7564,39,5000,strong,grib_migration_matrix_4pop_strong.csv,0.05,10,1286628716
7565,40,5000,strong,grib_migration_matrix_4pop_strong.csv,0.05,10,1286628716
7566,41,5000,strong,grib_migration_matrix_4pop_strong.csv,0.05,10,1286628716
7567,42,5000,strong,grib_migration_matrix_4pop_strong.csv,0.05,10,1286628716
7568,43,5000,strong,grib_migration_matrix_4pop_strong.csv,0.05,10,1286628716
7569,44,5000,strong,grib_migration_matrix_4pop_strong.csv,0.05,10,1286628716
7570,45,5000,strong,grib_migration_matrix_4pop_strong.csv,0.05,10,1286628716
7571,46,5000,strong,grib_migration_matrix_4pop_strong.csv,0.05,10,1286628716
7572,47,5000,strong,grib_migration_matrix_4pop_strong.csv,0.05,10,1286628716
7573,48,5000,strong,grib_migration_matrix_4pop_strong.csv,0.05,10,1286628716
7574,49,5000,strong,grib_migration_matrix_4pop_strong.csv,0.05,10,1286628716
7575,50,5000,strong,grib_migration_matrix_4pop_strong.csv,0.05,10,1286628716
7576,51,5000,strong,grib_migration_matrix_4pop_strong.csv,0.05,10,1286628716
7577,52,5000,strong,grib_migration_matrix_4pop_strong.csv,0.05,10,1286628716
7578,53,5000,strong,grib_migration_matrix_4pop_strong.csv,0.05,10,1286628716
7579,54,5000,strong,grib_migration_matrix_4pop_strong.csv,0.05,10,1286628716
7580,55,5000,strong,grib_migration_matrix_4pop_strong.csv,0.05,10,1286628716
7581,56,5000,strong,grib_migration_matrix_4pop_strong.csv,0.05,10,1286628716
7582,57,5000,strong,grib_migration_matrix_4pop_strong.csv,0.05,10,1286628716
7583,58,5000,strong,grib_migration_matrix_4pop_strong.csv,0.05,10,1286628716
7584,59,5000,strong,grib_migration_matrix_4pop_strong.csv,0.05,10,1286628716
7585,60,5000,strong,grib_migration_matrix_4pop_strong.csv,0.05,10,1286628716
7586,61,5000,strong,grib_migration_matrix_4pop_strong.csv,0.05,10,1286628716
7587,62,5000,strong,grib_migration_matrix_4pop_strong.csv,0.05,10,1286628716
7588,63,5000,strong,grib_migration_matrix_4pop_strong.csv,0.05,10,1286628716
7589,64,5000,strong,grib_migration_matrix_4pop_strong.csv,0.05,10,1286628716
7590,65,5000,strong,grib_migration_matrix_4pop_strong.csv,0.05,10,1286628716
7591,66,5000,strong,grib_migration_matrix_4pop_strong.csv,0.05,10,1286628716
7592,67,5000,strong,grib_migration_matrix_4pop_strong.csv,0.05,10,1286628716
7593,68,5000,strong,grib_migration_matrix_4pop_strong.csv,0.05,10,1286628716
7594,69,5000,strong,grib_migration_matrix_4pop_strong.csv,0.05,10,1286628716
7595,70,5000,strong,grib_migration_matrix_4pop_strong.csv,0.05,10,1286628716
7596,71,5000,strong,grib_migration_matrix_4pop_strong.csv,0.05,10,1286628716
7597,72,5000,strong,grib_migration_matrix_4pop_strong.csv,0.05,10,1286628716
7598,73,5000,strong,grib_migration_matrix_4pop_strong.csv,0.05,10,1286628716
7599,74,5000,strong,grib_migration_matrix_4pop_strong.csv,0.05,10,1286628716
7600,75,5000,strong,grib_migration_matrix_4pop_strong.csv,0.05,10,1286628716
7601,0,5000,weak,grib_migration_matrix_4pop_weak.csv,0.025,1,542736451
7602,1,5000,weak,grib_migration_matrix_4pop_weak.csv,0.025,1,542736451
7603,2,5000,weak,grib_migration_matrix_4pop_weak.csv,0.025,1,542736451
7604,3,5000,weak,grib_migration_matrix_4pop_weak.csv,0.025,1,542736451
7605,4,5000,weak,grib_migration_matrix_4pop_weak.csv,0.025,1,542736451
7606,5,5000,weak,grib_migration_matrix_4pop_weak.csv,0.025,1,542736451
7607,6,5000,weak,grib_migration_matrix_4pop_weak.csv,0.025,1,542736451
7608,7,5000,weak,grib_migration_matrix_4pop_weak.csv,0.025,1,542736451
7609,8,5000,weak,grib_migration_matrix_4pop_weak.csv,0.025,1,542736451
7610,9,5000,weak,grib_migration_matrix_4pop_weak.csv,0.025,1,542736451
7611,10,5000,weak,grib_migration_matrix_4pop_weak.csv,0.025,1,542736451
7612,11,5000,weak,grib_migration_matrix_4pop_weak.csv,0.025,1,542736451
7613,12,5000,weak,grib_migration_matrix_4pop_weak.csv,0.025,1,542736451
7614,13,5000,weak,grib_migration_matrix_4pop_weak.csv,0.025,1,542736451
7615,14,5000,weak,grib_migration_matrix_4pop_weak.csv,0.025,1,542736451
7616,15,5000,weak,grib_migration_matrix_4pop_weak.csv,0.025,1,542736451
7617,16,5000,weak,grib_migration_matrix_4pop_weak.csv,0.025,1,542736451
7618,17,5000,weak,grib_migration_matrix_4pop_weak.csv,0.025,1,542736451
7619,18,5000,weak,grib_migration_matrix_4pop_weak.csv,0.025,1,542736451
7620,19,5000,weak,grib_migration_matrix_4pop_weak.csv,0.025,1,542736451
7621,20,5000,weak,grib_migration_matrix_4pop_weak.csv,0.025,1,542736451
7622,21,5000,weak,grib_migration_matrix_4pop_weak.csv,0.025,1,542736451
7623,22,5000,weak,grib_migration_matrix_4pop_weak.csv,0.025,1,542736451
7624,23,5000,weak,grib_migration_matrix_4pop_weak.csv,0.025,1,542736451
7625,24,5000,weak,grib_migration_matrix_4pop_weak.csv,0.025,1,542736451
7626,25,5000,weak,grib_migration_matrix_4pop_weak.csv,0.025,1,542736451
7627,26,5000,weak,grib_migration_matrix_4pop_weak.csv,0.025,1,542736451
7628,27,5000,weak,grib_migration_matrix_4pop_weak.csv,0.025,1,542736451
7629,28,5000,weak,grib_migration_matrix_4pop_weak.csv,0.025,1,542736451
7630,29,5000,weak,grib_migration_matrix_4pop_weak.csv,0.025,1,542736451
7631,30,5000,weak,grib_migration_matrix_4pop_weak.csv,0.025,1,542736451
7632,31,5000,weak,grib_migration_matrix_4pop_weak.csv,0.025,1,542736451
7633,32,5000,weak,grib_migration_matrix_4pop_weak.csv,0.025,1,542736451
7634,33,5000,weak,grib_migration_matrix_4pop_weak.csv,0.025,1,542736451
7635,34,5000,weak,grib_migration_matrix_4pop_weak.csv,0.025,1,542736451
7636,35,5000,weak,grib_migration_matrix_4pop_weak.csv,0.025,1,542736451
7637,36,5000,weak,grib_migration_matrix_4pop_weak.csv,0.025,1,542736451
7638,37,5000,weak,grib_migration_matrix_4pop_weak.csv,0.025,1,542736451
7639,38,5000,weak,grib_migration_matrix_4pop_weak.csv,0.025,1,542736451
7640,39,5000,weak,grib_migration_matrix_4pop_weak.csv,0.025,1,542736451
7641,40,5000,weak,grib_migration_matrix_4pop_weak.csv,0.025,1,542736451
7642,41,5000,weak,grib_migration_matrix_4pop_weak.csv,0.025,1,542736451
7643,42,5000,weak,grib_migration_matrix_4pop_weak.csv,0.025,1,542736451
7644,43,5000,weak,grib_migration_matrix_4pop_weak.csv,0.025,1,542736451
7645,44,5000,weak,grib_migration_matrix_4pop_weak.csv,0.025,1,542736451
7646,45,5000,weak,grib_migration_matrix_4pop_weak.csv,0.025,1,542736451
7647,46,5000,weak,grib_migration_matrix_4pop_weak.csv,0.025,1,542736451
7648,47,5000,weak,grib_migration_matrix_4pop_weak.csv,0.025,1,542736451
7649,48,5000,weak,grib_migration_matrix_4pop_weak.csv,0.025,1,542736451
7650,49,5000,weak,grib_migration_matrix_4pop_weak.csv,0.025,1,542736451
7651,50,5000,weak,grib_migration_matrix_4pop_weak.csv,0.025,1,542736451
7652,51,5000,weak,grib_migration_matrix_4pop_weak.csv,0.025,1,542736451
7653,52,5000,weak,grib_migration_matrix_4pop_weak.csv,0.025,1,542736451
7654,53,5000,weak,grib_migration_matrix_4pop_weak.csv,0.025,1,542736451
7655,54,5000,weak,grib_migration_matrix_4pop_weak.csv,0.025,1,542736451
7656,55,5000,weak,grib_migration_matrix_4pop_weak.csv,0.025,1,542736451
7657,56,5000,weak,grib_migration_matrix_4pop_weak.csv,0.025,1,542736451
7658,57,5000,weak,grib_migration_matrix_4pop_weak.csv,0.025,1,542736451
7659,58,5000,weak,grib_migration_matrix_4pop_weak.csv,0.025,1,542736451
7660,59,5000,weak,grib_migration_matrix_4pop_weak.csv,0.025,1,542736451
7661,60,5000,weak,grib_migration_matrix_4pop_weak.csv,0.025,1,542736451
7662,61,5000,weak,grib_migration_matrix_4pop_weak.csv,0.025,1,542736451
7663,62,5000,weak,grib_migration_matrix_4pop_weak.csv,0.025,1,542736451
7664,63,5000,weak,grib_migration_matrix_4pop_weak.csv,0.025,1,542736451
7665,64,5000,weak,grib_migration_matrix_4pop_weak.csv,0.025,1,542736451
7666,65,5000,weak,grib_migration_matrix_4pop_weak.csv,0.025,1,542736451
7667,66,5000,weak,grib_migration_matrix_4pop_weak.csv,0.025,1,542736451
7668,67,5000,weak,grib_migration_matrix_4pop_weak.csv,0.025,1,542736451
7669,68,5000,weak,grib_migration_matrix_4pop_weak.csv,0.025,1,542736451
7670,69,5000,weak,grib_migration_matrix_4pop_weak.csv,0.025,1,542736451
7671,70,5000,weak,grib_migration_matrix_4pop_weak.csv,0.025,1,542736451
7672,71,5000,weak,grib_migration_matrix_4pop_weak.csv,0.025,1,542736451
7673,72,5000,weak,grib_migration_matrix_4pop_weak.csv,0.025,1,542736451
7674,73,5000,weak,grib_migration_matrix_4pop_weak.csv,0.025,1,542736451
7675,74,5000,weak,grib_migration_matrix_4pop_weak.csv,0.025,1,542736451
7676,75,5000,weak,grib_migration_matrix_4pop_weak.csv,0.025,1,542736451
7677,0,5000,weak,grib_migration_matrix_4pop_weak.csv,0.025,2,779711639
7678,1,5000,weak,grib_migration_matrix_4pop_weak.csv,0.025,2,779711639
7679,2,5000,weak,grib_migration_matrix_4pop_weak.csv,0.025,2,779711639
7680,3,5000,weak,grib_migration_matrix_4pop_weak.csv,0.025,2,779711639
7681,4,5000,weak,grib_migration_matrix_4pop_weak.csv,0.025,2,779711639
7682,5,5000,weak,grib_migration_matrix_4pop_weak.csv,0.025,2,779711639
7683,6,5000,weak,grib_migration_matrix_4pop_weak.csv,0.025,2,779711639
7684,7,5000,weak,grib_migration_matrix_4pop_weak.csv,0.025,2,779711639
7685,8,5000,weak,grib_migration_matrix_4pop_weak.csv,0.025,2,779711639
7686,9,5000,weak,grib_migration_matrix_4pop_weak.csv,0.025,2,779711639
7687,10,5000,weak,grib_migration_matrix_4pop_weak.csv,0.025,2,779711639
7688,11,5000,weak,grib_migration_matrix_4pop_weak.csv,0.025,2,779711639
7689,12,5000,weak,grib_migration_matrix_4pop_weak.csv,0.025,2,779711639
7690,13,5000,weak,grib_migration_matrix_4pop_weak.csv,0.025,2,779711639
7691,14,5000,weak,grib_migration_matrix_4pop_weak.csv,0.025,2,779711639
7692,15,5000,weak,grib_migration_matrix_4pop_weak.csv,0.025,2,779711639
7693,16,5000,weak,grib_migration_matrix_4pop_weak.csv,0.025,2,779711639
7694,17,5000,weak,grib_migration_matrix_4pop_weak.csv,0.025,2,779711639
7695,18,5000,weak,grib_migration_matrix_4pop_weak.csv,0.025,2,779711639
7696,19,5000,weak,grib_migration_matrix_4pop_weak.csv,0.025,2,779711639
7697,20,5000,weak,grib_migration_matrix_4pop_weak.csv,0.025,2,779711639
7698,21,5000,weak,grib_migration_matrix_4pop_weak.csv,0.025,2,779711639
7699,22,5000,weak,grib_migration_matrix_4pop_weak.csv,0.025,2,779711639
7700,23,5000,weak,grib_migration_matrix_4pop_weak.csv,0.025,2,779711639
7701,24,5000,weak,grib_migration_matrix_4pop_weak.csv,0.025,2,779711639
7702,25,5000,weak,grib_migration_matrix_4pop_weak.csv,0.025,2,779711639
7703,26,5000,weak,grib_migration_matrix_4pop_weak.csv,0.025,2,779711639
7704,27,5000,weak,grib_migration_matrix_4pop_weak.csv,0.025,2,779711639
7705,28,5000,weak,grib_migration_matrix_4pop_weak.csv,0.025,2,779711639
7706,29,5000,weak,grib_migration_matrix_4pop_weak.csv,0.025,2,779711639
7707,30,5000,weak,grib_migration_matrix_4pop_weak.csv,0.025,2,779711639
7708,31,5000,weak,grib_migration_matrix_4pop_weak.csv,0.025,2,779711639
7709,32,5000,weak,grib_migration_matrix_4pop_weak.csv,0.025,2,779711639
7710,33,5000,weak,grib_migration_matrix_4pop_weak.csv,0.025,2,779711639
7711,34,5000,weak,grib_migration_matrix_4pop_weak.csv,0.025,2,779711639
7712,35,5000,weak,grib_migration_matrix_4pop_weak.csv,0.025,2,779711639
7713,36,5000,weak,grib_migration_matrix_4pop_weak.csv,0.025,2,779711639
7714,37,5000,weak,grib_migration_matrix_4pop_weak.csv,0.025,2,779711639
7715,38,5000,weak,grib_migration_matrix_4pop_weak.csv,0.025,2,779711639
7716,39,5000,weak,grib_migration_matrix_4pop_weak.csv,0.025,2,779711639
7717,40,5000,weak,grib_migration_matrix_4pop_weak.csv,0.025,2,779711639
7718,41,5000,weak,grib_migration_matrix_4pop_weak.csv,0.025,2,779711639
7719,42,5000,weak,grib_migration_matrix_4pop_weak.csv,0.025,2,779711639
7720,43,5000,weak,grib_migration_matrix_4pop_weak.csv,0.025,2,779711639
7721,44,5000,weak,grib_migration_matrix_4pop_weak.csv,0.025,2,779711639
7722,45,5000,weak,grib_migration_matrix_4pop_weak.csv,0.025,2,779711639
7723,46,5000,weak,grib_migration_matrix_4pop_weak.csv,0.025,2,779711639
7724,47,5000,weak,grib_migration_matrix_4pop_weak.csv,0.025,2,779711639
7725,48,5000,weak,grib_migration_matrix_4pop_weak.csv,0.025,2,779711639
7726,49,5000,weak,grib_migration_matrix_4pop_weak.csv,0.025,2,779711639
7727,50,5000,weak,grib_migration_matrix_4pop_weak.csv,0.025,2,779711639
7728,51,5000,weak,grib_migration_matrix_4pop_weak.csv,0.025,2,779711639
7729,52,5000,weak,grib_migration_matrix_4pop_weak.csv,0.025,2,779711639
7730,53,5000,weak,grib_migration_matrix_4pop_weak.csv,0.025,2,779711639
7731,54,5000,weak,grib_migration_matrix_4pop_weak.csv,0.025,2,779711639
7732,55,5000,weak,grib_migration_matrix_4pop_weak.csv,0.025,2,779711639
7733,56,5000,weak,grib_migration_matrix_4pop_weak.csv,0.025,2,779711639
7734,57,5000,weak,grib_migration_matrix_4pop_weak.csv,0.025,2,779711639
7735,58,5000,weak,grib_migration_matrix_4pop_weak.csv,0.025,2,779711639
7736,59,5000,weak,grib_migration_matrix_4pop_weak.csv,0.025,2,779711639
7737,60,5000,weak,grib_migration_matrix_4pop_weak.csv,0.025,2,779711639
7738,61,5000,weak,grib_migration_matrix_4pop_weak.csv,0.025,2,779711639
7739,62,5000,weak,grib_migration_matrix_4pop_weak.csv,0.025,2,779711639
7740,63,5000,weak,grib_migration_matrix_4pop_weak.csv,0.025,2,779711639
7741,64,5000,weak,grib_migration_matrix_4pop_weak.csv,0.025,2,779711639
7742,65,5000,weak,grib_migration_matrix_4pop_weak.csv,0.025,2,779711639
7743,66,5000,weak,grib_migration_matrix_4pop_weak.csv,0.025,2,779711639
7744,67,5000,weak,grib_migration_matrix_4pop_weak.csv,0.025,2,779711639
7745,68,5000,weak,grib_migration_matrix_4pop_weak.csv,0.025,2,779711639
7746,69,5000,weak,grib_migration_matrix_4pop_weak.csv,0.025,2,779711639
7747,70,5000,weak,grib_migration_matrix_4pop_weak.csv,0.025,2,779711639
7748,71,5000,weak,grib_migration_matrix_4pop_weak.csv,0.025,2,779711639
7749,72,5000,weak,grib_migration_matrix_4pop_weak.csv,0.025,2,779711639
7750,73,5000,weak,grib_migration_matrix_4pop_weak.csv,0.025,2,779711639
7751,74,5000,weak,grib_migration_matrix_4pop_weak.csv,0.025,2,779711639
7752,75,5000,weak,grib_migration_matrix_4pop_weak.csv,0.025,2,779711639
7753,0,5000,weak,grib_migration_matrix_4pop_weak.csv,0.025,3,1804736463
7754,1,5000,weak,grib_migration_matrix_4pop_weak.csv,0.025,3,1804736463
7755,2,5000,weak,grib_migration_matrix_4pop_weak.csv,0.025,3,1804736463
7756,3,5000,weak,grib_migration_matrix_4pop_weak.csv,0.025,3,1804736463
7757,4,5000,weak,grib_migration_matrix_4pop_weak.csv,0.025,3,1804736463
7758,5,5000,weak,grib_migration_matrix_4pop_weak.csv,0.025,3,1804736463
7759,6,5000,weak,grib_migration_matrix_4pop_weak.csv,0.025,3,1804736463
7760,7,5000,weak,grib_migration_matrix_4pop_weak.csv,0.025,3,1804736463
7761,8,5000,weak,grib_migration_matrix_4pop_weak.csv,0.025,3,1804736463
7762,9,5000,weak,grib_migration_matrix_4pop_weak.csv,0.025,3,1804736463
7763,10,5000,weak,grib_migration_matrix_4pop_weak.csv,0.025,3,1804736463
7764,11,5000,weak,grib_migration_matrix_4pop_weak.csv,0.025,3,1804736463
7765,12,5000,weak,grib_migration_matrix_4pop_weak.csv,0.025,3,1804736463
7766,13,5000,weak,grib_migration_matrix_4pop_weak.csv,0.025,3,1804736463
7767,14,5000,weak,grib_migration_matrix_4pop_weak.csv,0.025,3,1804736463
7768,15,5000,weak,grib_migration_matrix_4pop_weak.csv,0.025,3,1804736463
7769,16,5000,weak,grib_migration_matrix_4pop_weak.csv,0.025,3,1804736463
7770,17,5000,weak,grib_migration_matrix_4pop_weak.csv,0.025,3,1804736463
7771,18,5000,weak,grib_migration_matrix_4pop_weak.csv,0.025,3,1804736463
7772,19,5000,weak,grib_migration_matrix_4pop_weak.csv,0.025,3,1804736463
7773,20,5000,weak,grib_migration_matrix_4pop_weak.csv,0.025,3,1804736463
7774,21,5000,weak,grib_migration_matrix_4pop_weak.csv,0.025,3,1804736463
7775,22,5000,weak,grib_migration_matrix_4pop_weak.csv,0.025,3,1804736463
7776,23,5000,weak,grib_migration_matrix_4pop_weak.csv,0.025,3,1804736463
7777,24,5000,weak,grib_migration_matrix_4pop_weak.csv,0.025,3,1804736463
7778,25,5000,weak,grib_migration_matrix_4pop_weak.csv,0.025,3,1804736463
7779,26,5000,weak,grib_migration_matrix_4pop_weak.csv,0.025,3,1804736463
7780,27,5000,weak,grib_migration_matrix_4pop_weak.csv,0.025,3,1804736463
7781,28,5000,weak,grib_migration_matrix_4pop_weak.csv,0.025,3,1804736463
7782,29,5000,weak,grib_migration_matrix_4pop_weak.csv,0.025,3,1804736463
7783,30,5000,weak,grib_migration_matrix_4pop_weak.csv,0.025,3,1804736463
7784,31,5000,weak,grib_migration_matrix_4pop_weak.csv,0.025,3,1804736463
7785,32,5000,weak,grib_migration_matrix_4pop_weak.csv,0.025,3,1804736463
7786,33,5000,weak,grib_migration_matrix_4pop_weak.csv,0.025,3,1804736463
7787,34,5000,weak,grib_migration_matrix_4pop_weak.csv,0.025,3,1804736463
7788,35,5000,weak,grib_migration_matrix_4pop_weak.csv,0.025,3,1804736463
7789,36,5000,weak,grib_migration_matrix_4pop_weak.csv,0.025,3,1804736463
7790,37,5000,weak,grib_migration_matrix_4pop_weak.csv,0.025,3,1804736463
7791,38,5000,weak,grib_migration_matrix_4pop_weak.csv,0.025,3,1804736463
7792,39,5000,weak,grib_migration_matrix_4pop_weak.csv,0.025,3,1804736463
7793,40,5000,weak,grib_migration_matrix_4pop_weak.csv,0.025,3,1804736463
7794,41,5000,weak,grib_migration_matrix_4pop_weak.csv,0.025,3,1804736463
7795,42,5000,weak,grib_migration_matrix_4pop_weak.csv,0.025,3,1804736463
7796,43,5000,weak,grib_migration_matrix_4pop_weak.csv,0.025,3,1804736463
7797,44,5000,weak,grib_migration_matrix_4pop_weak.csv,0.025,3,1804736463
7798,45,5000,weak,grib_migration_matrix_4pop_weak.csv,0.025,3,1804736463
7799,46,5000,weak,grib_migration_matrix_4pop_weak.csv,0.025,3,1804736463
7800,47,5000,weak,grib_migration_matrix_4pop_weak.csv,0.025,3,1804736463
7801,48,5000,weak,grib_migration_matrix_4pop_weak.csv,0.025,3,1804736463
7802,49,5000,weak,grib_migration_matrix_4pop_weak.csv,0.025,3,1804736463
7803,50,5000,weak,grib_migration_matrix_4pop_weak.csv,0.025,3,1804736463
7804,51,5000,weak,grib_migration_matrix_4pop_weak.csv,0.025,3,1804736463
7805,52,5000,weak,grib_migration_matrix_4pop_weak.csv,0.025,3,1804736463
7806,53,5000,weak,grib_migration_matrix_4pop_weak.csv,0.025,3,1804736463
7807,54,5000,weak,grib_migration_matrix_4pop_weak.csv,0.025,3,1804736463
7808,55,5000,weak,grib_migration_matrix_4pop_weak.csv,0.025,3,1804736463
7809,56,5000,weak,grib_migration_matrix_4pop_weak.csv,0.025,3,1804736463
7810,57,5000,weak,grib_migration_matrix_4pop_weak.csv,0.025,3,1804736463
7811,58,5000,weak,grib_migration_matrix_4pop_weak.csv,0.025,3,1804736463
7812,59,5000,weak,grib_migration_matrix_4pop_weak.csv,0.025,3,1804736463
7813,60,5000,weak,grib_migration_matrix_4pop_weak.csv,0.025,3,1804736463
7814,61,5000,weak,grib_migration_matrix_4pop_weak.csv,0.025,3,1804736463
7815,62,5000,weak,grib_migration_matrix_4pop_weak.csv,0.025,3,1804736463
7816,63,5000,weak,grib_migration_matrix_4pop_weak.csv,0.025,3,1804736463
7817,64,5000,weak,grib_migration_matrix_4pop_weak.csv,0.025,3,1804736463
7818,65,5000,weak,grib_migration_matrix_4pop_weak.csv,0.025,3,1804736463
7819,66,5000,weak,grib_migration_matrix_4pop_weak.csv,0.025,3,1804736463
7820,67,5000,weak,grib_migration_matrix_4pop_weak.csv,0.025,3,1804736463
7821,68,5000,weak,grib_migration_matrix_4pop_weak.csv,0.025,3,1804736463
7822,69,5000,weak,grib_migration_matrix_4pop_weak.csv,0.025,3,1804736463
7823,70,5000,weak,grib_migration_matrix_4pop_weak.csv,0.025,3,1804736463
7824,71,5000,weak,grib_migration_matrix_4pop_weak.csv,0.025,3,1804736463
7825,72,5000,weak,grib_migration_matrix_4pop_weak.csv,0.025,3,1804736463
7826,73,5000,weak,grib_migration_matrix_4pop_weak.csv,0.025,3,1804736463
7827,74,5000,weak,grib_migration_matrix_4pop_weak.csv,0.025,3,1804736463
7828,75,5000,weak,grib_migration_matrix_4pop_weak.csv,0.025,3,1804736463
7829,0,5000,weak,grib_migration_matrix_4pop_weak.csv,0.025,4,1404102989
7830,1,5000,weak,grib_migration_matrix_4pop_weak.csv,0.025,4,1404102989
7831,2,5000,weak,grib_migration_matrix_4pop_weak.csv,0.025,4,1404102989
7832,3,5000,weak,grib_migration_matrix_4pop_weak.csv,0.025,4,1404102989
7833,4,5000,weak,grib_migration_matrix_4pop_weak.csv,0.025,4,1404102989
7834,5,5000,weak,grib_migration_matrix_4pop_weak.csv,0.025,4,1404102989
7835,6,5000,weak,grib_migration_matrix_4pop_weak.csv,0.025,4,1404102989
7836,7,5000,weak,grib_migration_matrix_4pop_weak.csv,0.025,4,1404102989
7837,8,5000,weak,grib_migration_matrix_4pop_weak.csv,0.025,4,1404102989
7838,9,5000,weak,grib_migration_matrix_4pop_weak.csv,0.025,4,1404102989
7839,10,5000,weak,grib_migration_matrix_4pop_weak.csv,0.025,4,1404102989
7840,11,5000,weak,grib_migration_matrix_4pop_weak.csv,0.025,4,1404102989
7841,12,5000,weak,grib_migration_matrix_4pop_weak.csv,0.025,4,1404102989
7842,13,5000,weak,grib_migration_matrix_4pop_weak.csv,0.025,4,1404102989
7843,14,5000,weak,grib_migration_matrix_4pop_weak.csv,0.025,4,1404102989
7844,15,5000,weak,grib_migration_matrix_4pop_weak.csv,0.025,4,1404102989
7845,16,5000,weak,grib_migration_matrix_4pop_weak.csv,0.025,4,1404102989
7846,17,5000,weak,grib_migration_matrix_4pop_weak.csv,0.025,4,1404102989
7847,18,5000,weak,grib_migration_matrix_4pop_weak.csv,0.025,4,1404102989
7848,19,5000,weak,grib_migration_matrix_4pop_weak.csv,0.025,4,1404102989
7849,20,5000,weak,grib_migration_matrix_4pop_weak.csv,0.025,4,1404102989
7850,21,5000,weak,grib_migration_matrix_4pop_weak.csv,0.025,4,1404102989
7851,22,5000,weak,grib_migration_matrix_4pop_weak.csv,0.025,4,1404102989
7852,23,5000,weak,grib_migration_matrix_4pop_weak.csv,0.025,4,1404102989
7853,24,5000,weak,grib_migration_matrix_4pop_weak.csv,0.025,4,1404102989
7854,25,5000,weak,grib_migration_matrix_4pop_weak.csv,0.025,4,1404102989
7855,26,5000,weak,grib_migration_matrix_4pop_weak.csv,0.025,4,1404102989
7856,27,5000,weak,grib_migration_matrix_4pop_weak.csv,0.025,4,1404102989
7857,28,5000,weak,grib_migration_matrix_4pop_weak.csv,0.025,4,1404102989
7858,29,5000,weak,grib_migration_matrix_4pop_weak.csv,0.025,4,1404102989
7859,30,5000,weak,grib_migration_matrix_4pop_weak.csv,0.025,4,1404102989
7860,31,5000,weak,grib_migration_matrix_4pop_weak.csv,0.025,4,1404102989
7861,32,5000,weak,grib_migration_matrix_4pop_weak.csv,0.025,4,1404102989
7862,33,5000,weak,grib_migration_matrix_4pop_weak.csv,0.025,4,1404102989
7863,34,5000,weak,grib_migration_matrix_4pop_weak.csv,0.025,4,1404102989
7864,35,5000,weak,grib_migration_matrix_4pop_weak.csv,0.025,4,1404102989
7865,36,5000,weak,grib_migration_matrix_4pop_weak.csv,0.025,4,1404102989
7866,37,5000,weak,grib_migration_matrix_4pop_weak.csv,0.025,4,1404102989
7867,38,5000,weak,grib_migration_matrix_4pop_weak.csv,0.025,4,1404102989
7868,39,5000,weak,grib_migration_matrix_4pop_weak.csv,0.025,4,1404102989
7869,40,5000,weak,grib_migration_matrix_4pop_weak.csv,0.025,4,1404102989
7870,41,5000,weak,grib_migration_matrix_4pop_weak.csv,0.025,4,1404102989
7871,42,5000,weak,grib_migration_matrix_4pop_weak.csv,0.025,4,1404102989
7872,43,5000,weak,grib_migration_matrix_4pop_weak.csv,0.025,4,1404102989
7873,44,5000,weak,grib_migration_matrix_4pop_weak.csv,0.025,4,1404102989
7874,45,5000,weak,grib_migration_matrix_4pop_weak.csv,0.025,4,1404102989
7875,46,5000,weak,grib_migration_matrix_4pop_weak.csv,0.025,4,1404102989
7876,47,5000,weak,grib_migration_matrix_4pop_weak.csv,0.025,4,1404102989
7877,48,5000,weak,grib_migration_matrix_4pop_weak.csv,0.025,4,1404102989
7878,49,5000,weak,grib_migration_matrix_4pop_weak.csv,0.025,4,1404102989
7879,50,5000,weak,grib_migration_matrix_4pop_weak.csv,0.025,4,1404102989
7880,51,5000,weak,grib_migration_matrix_4pop_weak.csv,0.025,4,1404102989
7881,52,5000,weak,grib_migration_matrix_4pop_weak.csv,0.025,4,1404102989
7882,53,5000,weak,grib_migration_matrix_4pop_weak.csv,0.025,4,1404102989
7883,54,5000,weak,grib_migration_matrix_4pop_weak.csv,0.025,4,1404102989
7884,55,5000,weak,grib_migration_matrix_4pop_weak.csv,0.025,4,1404102989
7885,56,5000,weak,grib_migration_matrix_4pop_weak.csv,0.025,4,1404102989
7886,57,5000,weak,grib_migration_matrix_4pop_weak.csv,0.025,4,1404102989
7887,58,5000,weak,grib_migration_matrix_4pop_weak.csv,0.025,4,1404102989
7888,59,5000,weak,grib_migration_matrix_4pop_weak.csv,0.025,4,1404102989
7889,60,5000,weak,grib_migration_matrix_4pop_weak.csv,0.025,4,1404102989
7890,61,5000,weak,grib_migration_matrix_4pop_weak.csv,0.025,4,1404102989
7891,62,5000,weak,grib_migration_matrix_4pop_weak.csv,0.025,4,1404102989
7892,63,5000,weak,grib_migration_matrix_4pop_weak.csv,0.025,4,1404102989
7893,64,5000,weak,grib_migration_matrix_4pop_weak.csv,0.025,4,1404102989
7894,65,5000,weak,grib_migration_matrix_4pop_weak.csv,0.025,4,1404102989
7895,66,5000,weak,grib_migration_matrix_4pop_weak.csv,0.025,4,1404102989
7896,67,5000,weak,grib_migration_matrix_4pop_weak.csv,0.025,4,1404102989
7897,68,5000,weak,grib_migration_matrix_4pop_weak.csv,0.025,4,1404102989
7898,69,5000,weak,grib_migration_matrix_4pop_weak.csv,0.025,4,1404102989
7899,70,5000,weak,grib_migration_matrix_4pop_weak.csv,0.025,4,1404102989
7900,71,5000,weak,grib_migration_matrix_4pop_weak.csv,0.025,4,1404102989
7901,72,5000,weak,grib_migration_matrix_4pop_weak.csv,0.025,4,1404102989
7902,73,5000,weak,grib_migration_matrix_4pop_weak.csv,0.025,4,1404102989
7903,74,5000,weak,grib_migration_matrix_4pop_weak.csv,0.025,4,1404102989
7904,75,5000,weak,grib_migration_matrix_4pop_weak.csv,0.025,4,1404102989
7905,0,5000,weak,grib_migration_matrix_4pop_weak.csv,0.025,5,1404843701
7906,1,5000,weak,grib_migration_matrix_4pop_weak.csv,0.025,5,1404843701
7907,2,5000,weak,grib_migration_matrix_4pop_weak.csv,0.025,5,1404843701
7908,3,5000,weak,grib_migration_matrix_4pop_weak.csv,0.025,5,1404843701
7909,4,5000,weak,grib_migration_matrix_4pop_weak.csv,0.025,5,1404843701
7910,5,5000,weak,grib_migration_matrix_4pop_weak.csv,0.025,5,1404843701
7911,6,5000,weak,grib_migration_matrix_4pop_weak.csv,0.025,5,1404843701
7912,7,5000,weak,grib_migration_matrix_4pop_weak.csv,0.025,5,1404843701
7913,8,5000,weak,grib_migration_matrix_4pop_weak.csv,0.025,5,1404843701
7914,9,5000,weak,grib_migration_matrix_4pop_weak.csv,0.025,5,1404843701
7915,10,5000,weak,grib_migration_matrix_4pop_weak.csv,0.025,5,1404843701
7916,11,5000,weak,grib_migration_matrix_4pop_weak.csv,0.025,5,1404843701
7917,12,5000,weak,grib_migration_matrix_4pop_weak.csv,0.025,5,1404843701
7918,13,5000,weak,grib_migration_matrix_4pop_weak.csv,0.025,5,1404843701
7919,14,5000,weak,grib_migration_matrix_4pop_weak.csv,0.025,5,1404843701
7920,15,5000,weak,grib_migration_matrix_4pop_weak.csv,0.025,5,1404843701
7921,16,5000,weak,grib_migration_matrix_4pop_weak.csv,0.025,5,1404843701
7922,17,5000,weak,grib_migration_matrix_4pop_weak.csv,0.025,5,1404843701
7923,18,5000,weak,grib_migration_matrix_4pop_weak.csv,0.025,5,1404843701
7924,19,5000,weak,grib_migration_matrix_4pop_weak.csv,0.025,5,1404843701
7925,20,5000,weak,grib_migration_matrix_4pop_weak.csv,0.025,5,1404843701
7926,21,5000,weak,grib_migration_matrix_4pop_weak.csv,0.025,5,1404843701
7927,22,5000,weak,grib_migration_matrix_4pop_weak.csv,0.025,5,1404843701
7928,23,5000,weak,grib_migration_matrix_4pop_weak.csv,0.025,5,1404843701
7929,24,5000,weak,grib_migration_matrix_4pop_weak.csv,0.025,5,1404843701
7930,25,5000,weak,grib_migration_matrix_4pop_weak.csv,0.025,5,1404843701
7931,26,5000,weak,grib_migration_matrix_4pop_weak.csv,0.025,5,1404843701
7932,27,5000,weak,grib_migration_matrix_4pop_weak.csv,0.025,5,1404843701
7933,28,5000,weak,grib_migration_matrix_4pop_weak.csv,0.025,5,1404843701
7934,29,5000,weak,grib_migration_matrix_4pop_weak.csv,0.025,5,1404843701
7935,30,5000,weak,grib_migration_matrix_4pop_weak.csv,0.025,5,1404843701
7936,31,5000,weak,grib_migration_matrix_4pop_weak.csv,0.025,5,1404843701
7937,32,5000,weak,grib_migration_matrix_4pop_weak.csv,0.025,5,1404843701
7938,33,5000,weak,grib_migration_matrix_4pop_weak.csv,0.025,5,1404843701
7939,34,5000,weak,grib_migration_matrix_4pop_weak.csv,0.025,5,1404843701
7940,35,5000,weak,grib_migration_matrix_4pop_weak.csv,0.025,5,1404843701
7941,36,5000,weak,grib_migration_matrix_4pop_weak.csv,0.025,5,1404843701
7942,37,5000,weak,grib_migration_matrix_4pop_weak.csv,0.025,5,1404843701
7943,38,5000,weak,grib_migration_matrix_4pop_weak.csv,0.025,5,1404843701
7944,39,5000,weak,grib_migration_matrix_4pop_weak.csv,0.025,5,1404843701
7945,40,5000,weak,grib_migration_matrix_4pop_weak.csv,0.025,5,1404843701
7946,41,5000,weak,grib_migration_matrix_4pop_weak.csv,0.025,5,1404843701
7947,42,5000,weak,grib_migration_matrix_4pop_weak.csv,0.025,5,1404843701
7948,43,5000,weak,grib_migration_matrix_4pop_weak.csv,0.025,5,1404843701
7949,44,5000,weak,grib_migration_matrix_4pop_weak.csv,0.025,5,1404843701
7950,45,5000,weak,grib_migration_matrix_4pop_weak.csv,0.025,5,1404843701
7951,46,5000,weak,grib_migration_matrix_4pop_weak.csv,0.025,5,1404843701
7952,47,5000,weak,grib_migration_matrix_4pop_weak.csv,0.025,5,1404843701
7953,48,5000,weak,grib_migration_matrix_4pop_weak.csv,0.025,5,1404843701
7954,49,5000,weak,grib_migration_matrix_4pop_weak.csv,0.025,5,1404843701
7955,50,5000,weak,grib_migration_matrix_4pop_weak.csv,0.025,5,1404843701
7956,51,5000,weak,grib_migration_matrix_4pop_weak.csv,0.025,5,1404843701
7957,52,5000,weak,grib_migration_matrix_4pop_weak.csv,0.025,5,1404843701
7958,53,5000,weak,grib_migration_matrix_4pop_weak.csv,0.025,5,1404843701
7959,54,5000,weak,grib_migration_matrix_4pop_weak.csv,0.025,5,1404843701
7960,55,5000,weak,grib_migration_matrix_4pop_weak.csv,0.025,5,1404843701
7961,56,5000,weak,grib_migration_matrix_4pop_weak.csv,0.025,5,1404843701
7962,57,5000,weak,grib_migration_matrix_4pop_weak.csv,0.025,5,1404843701
7963,58,5000,weak,grib_migration_matrix_4pop_weak.csv,0.025,5,1404843701
7964,59,5000,weak,grib_migration_matrix_4pop_weak.csv,0.025,5,1404843701
7965,60,5000,weak,grib_migration_matrix_4pop_weak.csv,0.025,5,1404843701
7966,61,5000,weak,grib_migration_matrix_4pop_weak.csv,0.025,5,1404843701
7967,62,5000,weak,grib_migration_matrix_4pop_weak.csv,0.025,5,1404843701
7968,63,5000,weak,grib_migration_matrix_4pop_weak.csv,0.025,5,1404843701
7969,64,5000,weak,grib_migration_matrix_4pop_weak.csv,0.025,5,1404843701
7970,65,5000,weak,grib_migration_matrix_4pop_weak.csv,0.025,5,1404843701
7971,66,5000,weak,grib_migration_matrix_4pop_weak.csv,0.025,5,1404843701
7972,67,5000,weak,grib_migration_matrix_4pop_weak.csv,0.025,5,1404843701
7973,68,5000,weak,grib_migration_matrix_4pop_weak.csv,0.025,5,1404843701
7974,69,5000,weak,grib_migration_matrix_4pop_weak.csv,0.025,5,1404843701
7975,70,5000,weak,grib_migration_matrix_4pop_weak.csv,0.025,5,1404843701
7976,71,5000,weak,grib_migration_matrix_4pop_weak.csv,0.025,5,1404843701
7977,72,5000,weak,grib_migration_matrix_4pop_weak.csv,0.025,5,1404843701
7978,73,5000,weak,grib_migration_matrix_4pop_weak.csv,0.025,5,1404843701
7979,74,5000,weak,grib_migration_matrix_4pop_weak.csv,0.025,5,1404843701
7980,75,5000,weak,grib_migration_matrix_4pop_weak.csv,0.025,5,1404843701
7981,0,5000,weak,grib_migration_matrix_4pop_weak.csv,0.025,6,538005166
7982,1,5000,weak,grib_migration_matrix_4pop_weak.csv,0.025,6,538005166
7983,2,5000,weak,grib_migration_matrix_4pop_weak.csv,0.025,6,538005166
7984,3,5000,weak,grib_migration_matrix_4pop_weak.csv,0.025,6,538005166
7985,4,5000,weak,grib_migration_matrix_4pop_weak.csv,0.025,6,538005166
7986,5,5000,weak,grib_migration_matrix_4pop_weak.csv,0.025,6,538005166
7987,6,5000,weak,grib_migration_matrix_4pop_weak.csv,0.025,6,538005166
7988,7,5000,weak,grib_migration_matrix_4pop_weak.csv,0.025,6,538005166
7989,8,5000,weak,grib_migration_matrix_4pop_weak.csv,0.025,6,538005166
7990,9,5000,weak,grib_migration_matrix_4pop_weak.csv,0.025,6,538005166
7991,10,5000,weak,grib_migration_matrix_4pop_weak.csv,0.025,6,538005166
7992,11,5000,weak,grib_migration_matrix_4pop_weak.csv,0.025,6,538005166
7993,12,5000,weak,grib_migration_matrix_4pop_weak.csv,0.025,6,538005166
7994,13,5000,weak,grib_migration_matrix_4pop_weak.csv,0.025,6,538005166
7995,14,5000,weak,grib_migration_matrix_4pop_weak.csv,0.025,6,538005166
7996,15,5000,weak,grib_migration_matrix_4pop_weak.csv,0.025,6,538005166
7997,16,5000,weak,grib_migration_matrix_4pop_weak.csv,0.025,6,538005166
7998,17,5000,weak,grib_migration_matrix_4pop_weak.csv,0.025,6,538005166
7999,18,5000,weak,grib_migration_matrix_4pop_weak.csv,0.025,6,538005166
8000,19,5000,weak,grib_migration_matrix_4pop_weak.csv,0.025,6,538005166
8001,20,5000,weak,grib_migration_matrix_4pop_weak.csv,0.025,6,538005166
8002,21,5000,weak,grib_migration_matrix_4pop_weak.csv,0.025,6,538005166
8003,22,5000,weak,grib_migration_matrix_4pop_weak.csv,0.025,6,538005166
8004,23,5000,weak,grib_migration_matrix_4pop_weak.csv,0.025,6,538005166
8005,24,5000,weak,grib_migration_matrix_4pop_weak.csv,0.025,6,538005166
8006,25,5000,weak,grib_migration_matrix_4pop_weak.csv,0.025,6,538005166
8007,26,5000,weak,grib_migration_matrix_4pop_weak.csv,0.025,6,538005166
8008,27,5000,weak,grib_migration_matrix_4pop_weak.csv,0.025,6,538005166
8009,28,5000,weak,grib_migration_matrix_4pop_weak.csv,0.025,6,538005166
8010,29,5000,weak,grib_migration_matrix_4pop_weak.csv,0.025,6,538005166
8011,30,5000,weak,grib_migration_matrix_4pop_weak.csv,0.025,6,538005166
8012,31,5000,weak,grib_migration_matrix_4pop_weak.csv,0.025,6,538005166
8013,32,5000,weak,grib_migration_matrix_4pop_weak.csv,0.025,6,538005166
8014,33,5000,weak,grib_migration_matrix_4pop_weak.csv,0.025,6,538005166
8015,34,5000,weak,grib_migration_matrix_4pop_weak.csv,0.025,6,538005166
8016,35,5000,weak,grib_migration_matrix_4pop_weak.csv,0.025,6,538005166
8017,36,5000,weak,grib_migration_matrix_4pop_weak.csv,0.025,6,538005166
8018,37,5000,weak,grib_migration_matrix_4pop_weak.csv,0.025,6,538005166
8019,38,5000,weak,grib_migration_matrix_4pop_weak.csv,0.025,6,538005166
8020,39,5000,weak,grib_migration_matrix_4pop_weak.csv,0.025,6,538005166
8021,40,5000,weak,grib_migration_matrix_4pop_weak.csv,0.025,6,538005166
8022,41,5000,weak,grib_migration_matrix_4pop_weak.csv,0.025,6,538005166
8023,42,5000,weak,grib_migration_matrix_4pop_weak.csv,0.025,6,538005166
8024,43,5000,weak,grib_migration_matrix_4pop_weak.csv,0.025,6,538005166
8025,44,5000,weak,grib_migration_matrix_4pop_weak.csv,0.025,6,538005166
8026,45,5000,weak,grib_migration_matrix_4pop_weak.csv,0.025,6,538005166
8027,46,5000,weak,grib_migration_matrix_4pop_weak.csv,0.025,6,538005166
8028,47,5000,weak,grib_migration_matrix_4pop_weak.csv,0.025,6,538005166
8029,48,5000,weak,grib_migration_matrix_4pop_weak.csv,0.025,6,538005166
8030,49,5000,weak,grib_migration_matrix_4pop_weak.csv,0.025,6,538005166
8031,50,5000,weak,grib_migration_matrix_4pop_weak.csv,0.025,6,538005166
8032,51,5000,weak,grib_migration_matrix_4pop_weak.csv,0.025,6,538005166
8033,52,5000,weak,grib_migration_matrix_4pop_weak.csv,0.025,6,538005166
8034,53,5000,weak,grib_migration_matrix_4pop_weak.csv,0.025,6,538005166
8035,54,5000,weak,grib_migration_matrix_4pop_weak.csv,0.025,6,538005166
8036,55,5000,weak,grib_migration_matrix_4pop_weak.csv,0.025,6,538005166
8037,56,5000,weak,grib_migration_matrix_4pop_weak.csv,0.025,6,538005166
8038,57,5000,weak,grib_migration_matrix_4pop_weak.csv,0.025,6,538005166
8039,58,5000,weak,grib_migration_matrix_4pop_weak.csv,0.025,6,538005166
8040,59,5000,weak,grib_migration_matrix_4pop_weak.csv,0.025,6,538005166
8041,60,5000,weak,grib_migration_matrix_4pop_weak.csv,0.025,6,538005166
8042,61,5000,weak,grib_migration_matrix_4pop_weak.csv,0.025,6,538005166
8043,62,5000,weak,grib_migration_matrix_4pop_weak.csv,0.025,6,538005166
8044,63,5000,weak,grib_migration_matrix_4pop_weak.csv,0.025,6,538005166
8045,64,5000,weak,grib_migration_matrix_4pop_weak.csv,0.025,6,538005166
8046,65,5000,weak,grib_migration_matrix_4pop_weak.csv,0.025,6,538005166
8047,66,5000,weak,grib_migration_matrix_4pop_weak.csv,0.025,6,538005166
8048,67,5000,weak,grib_migration_matrix_4pop_weak.csv,0.025,6,538005166
8049,68,5000,weak,grib_migration_matrix_4pop_weak.csv,0.025,6,538005166
8050,69,5000,weak,grib_migration_matrix_4pop_weak.csv,0.025,6,538005166
8051,70,5000,weak,grib_migration_matrix_4pop_weak.csv,0.025,6,538005166
8052,71,5000,weak,grib_migration_matrix_4pop_weak.csv,0.025,6,538005166
8053,72,5000,weak,grib_migration_matrix_4pop_weak.csv,0.025,6,538005166
8054,73,5000,weak,grib_migration_matrix_4pop_weak.csv,0.025,6,538005166
8055,74,5000,weak,grib_migration_matrix_4pop_weak.csv,0.025,6,538005166
8056,75,5000,weak,grib_migration_matrix_4pop_weak.csv,0.025,6,538005166
8057,0,5000,weak,grib_migration_matrix_4pop_weak.csv,0.025,7,550885744
8058,1,5000,weak,grib_migration_matrix_4pop_weak.csv,0.025,7,550885744
8059,2,5000,weak,grib_migration_matrix_4pop_weak.csv,0.025,7,550885744
8060,3,5000,weak,grib_migration_matrix_4pop_weak.csv,0.025,7,550885744
8061,4,5000,weak,grib_migration_matrix_4pop_weak.csv,0.025,7,550885744
8062,5,5000,weak,grib_migration_matrix_4pop_weak.csv,0.025,7,550885744
8063,6,5000,weak,grib_migration_matrix_4pop_weak.csv,0.025,7,550885744
8064,7,5000,weak,grib_migration_matrix_4pop_weak.csv,0.025,7,550885744
8065,8,5000,weak,grib_migration_matrix_4pop_weak.csv,0.025,7,550885744
8066,9,5000,weak,grib_migration_matrix_4pop_weak.csv,0.025,7,550885744
8067,10,5000,weak,grib_migration_matrix_4pop_weak.csv,0.025,7,550885744
8068,11,5000,weak,grib_migration_matrix_4pop_weak.csv,0.025,7,550885744
8069,12,5000,weak,grib_migration_matrix_4pop_weak.csv,0.025,7,550885744
8070,13,5000,weak,grib_migration_matrix_4pop_weak.csv,0.025,7,550885744
8071,14,5000,weak,grib_migration_matrix_4pop_weak.csv,0.025,7,550885744
8072,15,5000,weak,grib_migration_matrix_4pop_weak.csv,0.025,7,550885744
8073,16,5000,weak,grib_migration_matrix_4pop_weak.csv,0.025,7,550885744
8074,17,5000,weak,grib_migration_matrix_4pop_weak.csv,0.025,7,550885744
8075,18,5000,weak,grib_migration_matrix_4pop_weak.csv,0.025,7,550885744
8076,19,5000,weak,grib_migration_matrix_4pop_weak.csv,0.025,7,550885744
8077,20,5000,weak,grib_migration_matrix_4pop_weak.csv,0.025,7,550885744
8078,21,5000,weak,grib_migration_matrix_4pop_weak.csv,0.025,7,550885744
8079,22,5000,weak,grib_migration_matrix_4pop_weak.csv,0.025,7,550885744
8080,23,5000,weak,grib_migration_matrix_4pop_weak.csv,0.025,7,550885744
8081,24,5000,weak,grib_migration_matrix_4pop_weak.csv,0.025,7,550885744
8082,25,5000,weak,grib_migration_matrix_4pop_weak.csv,0.025,7,550885744
8083,26,5000,weak,grib_migration_matrix_4pop_weak.csv,0.025,7,550885744
8084,27,5000,weak,grib_migration_matrix_4pop_weak.csv,0.025,7,550885744
8085,28,5000,weak,grib_migration_matrix_4pop_weak.csv,0.025,7,550885744
8086,29,5000,weak,grib_migration_matrix_4pop_weak.csv,0.025,7,550885744
8087,30,5000,weak,grib_migration_matrix_4pop_weak.csv,0.025,7,550885744
8088,31,5000,weak,grib_migration_matrix_4pop_weak.csv,0.025,7,550885744
8089,32,5000,weak,grib_migration_matrix_4pop_weak.csv,0.025,7,550885744
8090,33,5000,weak,grib_migration_matrix_4pop_weak.csv,0.025,7,550885744
8091,34,5000,weak,grib_migration_matrix_4pop_weak.csv,0.025,7,550885744
8092,35,5000,weak,grib_migration_matrix_4pop_weak.csv,0.025,7,550885744
8093,36,5000,weak,grib_migration_matrix_4pop_weak.csv,0.025,7,550885744
8094,37,5000,weak,grib_migration_matrix_4pop_weak.csv,0.025,7,550885744
8095,38,5000,weak,grib_migration_matrix_4pop_weak.csv,0.025,7,550885744
8096,39,5000,weak,grib_migration_matrix_4pop_weak.csv,0.025,7,550885744
8097,40,5000,weak,grib_migration_matrix_4pop_weak.csv,0.025,7,550885744
8098,41,5000,weak,grib_migration_matrix_4pop_weak.csv,0.025,7,550885744
8099,42,5000,weak,grib_migration_matrix_4pop_weak.csv,0.025,7,550885744
8100,43,5000,weak,grib_migration_matrix_4pop_weak.csv,0.025,7,550885744
8101,44,5000,weak,grib_migration_matrix_4pop_weak.csv,0.025,7,550885744
8102,45,5000,weak,grib_migration_matrix_4pop_weak.csv,0.025,7,550885744
8103,46,5000,weak,grib_migration_matrix_4pop_weak.csv,0.025,7,550885744
8104,47,5000,weak,grib_migration_matrix_4pop_weak.csv,0.025,7,550885744
8105,48,5000,weak,grib_migration_matrix_4pop_weak.csv,0.025,7,550885744
8106,49,5000,weak,grib_migration_matrix_4pop_weak.csv,0.025,7,550885744
8107,50,5000,weak,grib_migration_matrix_4pop_weak.csv,0.025,7,550885744
8108,51,5000,weak,grib_migration_matrix_4pop_weak.csv,0.025,7,550885744
8109,52,5000,weak,grib_migration_matrix_4pop_weak.csv,0.025,7,550885744
8110,53,5000,weak,grib_migration_matrix_4pop_weak.csv,0.025,7,550885744
8111,54,5000,weak,grib_migration_matrix_4pop_weak.csv,0.025,7,550885744
8112,55,5000,weak,grib_migration_matrix_4pop_weak.csv,0.025,7,550885744
8113,56,5000,weak,grib_migration_matrix_4pop_weak.csv,0.025,7,550885744
8114,57,5000,weak,grib_migration_matrix_4pop_weak.csv,0.025,7,550885744
8115,58,5000,weak,grib_migration_matrix_4pop_weak.csv,0.025,7,550885744
8116,59,5000,weak,grib_migration_matrix_4pop_weak.csv,0.025,7,550885744
8117,60,5000,weak,grib_migration_matrix_4pop_weak.csv,0.025,7,550885744
8118,61,5000,weak,grib_migration_matrix_4pop_weak.csv,0.025,7,550885744
8119,62,5000,weak,grib_migration_matrix_4pop_weak.csv,0.025,7,550885744
8120,63,5000,weak,grib_migration_matrix_4pop_weak.csv,0.025,7,550885744
8121,64,5000,weak,grib_migration_matrix_4pop_weak.csv,0.025,7,550885744
8122,65,5000,weak,grib_migration_matrix_4pop_weak.csv,0.025,7,550885744
8123,66,5000,weak,grib_migration_matrix_4pop_weak.csv,0.025,7,550885744
8124,67,5000,weak,grib_migration_matrix_4pop_weak.csv,0.025,7,550885744
8125,68,5000,weak,grib_migration_matrix_4pop_weak.csv,0.025,7,550885744
8126,69,5000,weak,grib_migration_matrix_4pop_weak.csv,0.025,7,550885744
8127,70,5000,weak,grib_migration_matrix_4pop_weak.csv,0.025,7,550885744
8128,71,5000,weak,grib_migration_matrix_4pop_weak.csv,0.025,7,550885744
8129,72,5000,weak,grib_migration_matrix_4pop_weak.csv,0.025,7,550885744
8130,73,5000,weak,grib_migration_matrix_4pop_weak.csv,0.025,7,550885744
8131,74,5000,weak,grib_migration_matrix_4pop_weak.csv,0.025,7,550885744
8132,75,5000,weak,grib_migration_matrix_4pop_weak.csv,0.025,7,550885744
8133,0,5000,weak,grib_migration_matrix_4pop_weak.csv,0.025,8,1234915717
8134,1,5000,weak,grib_migration_matrix_4pop_weak.csv,0.025,8,1234915717
8135,2,5000,weak,grib_migration_matrix_4pop_weak.csv,0.025,8,1234915717
8136,3,5000,weak,grib_migration_matrix_4pop_weak.csv,0.025,8,1234915717
8137,4,5000,weak,grib_migration_matrix_4pop_weak.csv,0.025,8,1234915717
8138,5,5000,weak,grib_migration_matrix_4pop_weak.csv,0.025,8,1234915717
8139,6,5000,weak,grib_migration_matrix_4pop_weak.csv,0.025,8,1234915717
8140,7,5000,weak,grib_migration_matrix_4pop_weak.csv,0.025,8,1234915717
8141,8,5000,weak,grib_migration_matrix_4pop_weak.csv,0.025,8,1234915717
8142,9,5000,weak,grib_migration_matrix_4pop_weak.csv,0.025,8,1234915717
8143,10,5000,weak,grib_migration_matrix_4pop_weak.csv,0.025,8,1234915717
8144,11,5000,weak,grib_migration_matrix_4pop_weak.csv,0.025,8,1234915717
8145,12,5000,weak,grib_migration_matrix_4pop_weak.csv,0.025,8,1234915717
8146,13,5000,weak,grib_migration_matrix_4pop_weak.csv,0.025,8,1234915717
8147,14,5000,weak,grib_migration_matrix_4pop_weak.csv,0.025,8,1234915717
8148,15,5000,weak,grib_migration_matrix_4pop_weak.csv,0.025,8,1234915717
8149,16,5000,weak,grib_migration_matrix_4pop_weak.csv,0.025,8,1234915717
8150,17,5000,weak,grib_migration_matrix_4pop_weak.csv,0.025,8,1234915717
8151,18,5000,weak,grib_migration_matrix_4pop_weak.csv,0.025,8,1234915717
8152,19,5000,weak,grib_migration_matrix_4pop_weak.csv,0.025,8,1234915717
8153,20,5000,weak,grib_migration_matrix_4pop_weak.csv,0.025,8,1234915717
8154,21,5000,weak,grib_migration_matrix_4pop_weak.csv,0.025,8,1234915717
8155,22,5000,weak,grib_migration_matrix_4pop_weak.csv,0.025,8,1234915717
8156,23,5000,weak,grib_migration_matrix_4pop_weak.csv,0.025,8,1234915717
8157,24,5000,weak,grib_migration_matrix_4pop_weak.csv,0.025,8,1234915717
8158,25,5000,weak,grib_migration_matrix_4pop_weak.csv,0.025,8,1234915717
8159,26,5000,weak,grib_migration_matrix_4pop_weak.csv,0.025,8,1234915717
8160,27,5000,weak,grib_migration_matrix_4pop_weak.csv,0.025,8,1234915717
8161,28,5000,weak,grib_migration_matrix_4pop_weak.csv,0.025,8,1234915717
8162,29,5000,weak,grib_migration_matrix_4pop_weak.csv,0.025,8,1234915717
8163,30,5000,weak,grib_migration_matrix_4pop_weak.csv,0.025,8,1234915717
8164,31,5000,weak,grib_migration_matrix_4pop_weak.csv,0.025,8,1234915717
8165,32,5000,weak,grib_migration_matrix_4pop_weak.csv,0.025,8,1234915717
8166,33,5000,weak,grib_migration_matrix_4pop_weak.csv,0.025,8,1234915717
8167,34,5000,weak,grib_migration_matrix_4pop_weak.csv,0.025,8,1234915717
8168,35,5000,weak,grib_migration_matrix_4pop_weak.csv,0.025,8,1234915717
8169,36,5000,weak,grib_migration_matrix_4pop_weak.csv,0.025,8,1234915717
8170,37,5000,weak,grib_migration_matrix_4pop_weak.csv,0.025,8,1234915717
8171,38,5000,weak,grib_migration_matrix_4pop_weak.csv,0.025,8,1234915717
8172,39,5000,weak,grib_migration_matrix_4pop_weak.csv,0.025,8,1234915717
8173,40,5000,weak,grib_migration_matrix_4pop_weak.csv,0.025,8,1234915717
8174,41,5000,weak,grib_migration_matrix_4pop_weak.csv,0.025,8,1234915717
8175,42,5000,weak,grib_migration_matrix_4pop_weak.csv,0.025,8,1234915717
8176,43,5000,weak,grib_migration_matrix_4pop_weak.csv,0.025,8,1234915717
8177,44,5000,weak,grib_migration_matrix_4pop_weak.csv,0.025,8,1234915717
8178,45,5000,weak,grib_migration_matrix_4pop_weak.csv,0.025,8,1234915717
8179,46,5000,weak,grib_migration_matrix_4pop_weak.csv,0.025,8,1234915717
8180,47,5000,weak,grib_migration_matrix_4pop_weak.csv,0.025,8,1234915717
8181,48,5000,weak,grib_migration_matrix_4pop_weak.csv,0.025,8,1234915717
8182,49,5000,weak,grib_migration_matrix_4pop_weak.csv,0.025,8,1234915717
8183,50,5000,weak,grib_migration_matrix_4pop_weak.csv,0.025,8,1234915717
8184,51,5000,weak,grib_migration_matrix_4pop_weak.csv,0.025,8,1234915717
8185,52,5000,weak,grib_migration_matrix_4pop_weak.csv,0.025,8,1234915717
8186,53,5000,weak,grib_migration_matrix_4pop_weak.csv,0.025,8,1234915717
8187,54,5000,weak,grib_migration_matrix_4pop_weak.csv,0.025,8,1234915717
8188,55,5000,weak,grib_migration_matrix_4pop_weak.csv,0.025,8,1234915717
8189,56,5000,weak,grib_migration_matrix_4pop_weak.csv,0.025,8,1234915717
8190,57,5000,weak,grib_migration_matrix_4pop_weak.csv,0.025,8,1234915717
8191,58,5000,weak,grib_migration_matrix_4pop_weak.csv,0.025,8,1234915717
8192,59,5000,weak,grib_migration_matrix_4pop_weak.csv,0.025,8,1234915717
8193,60,5000,weak,grib_migration_matrix_4pop_weak.csv,0.025,8,1234915717
8194,61,5000,weak,grib_migration_matrix_4pop_weak.csv,0.025,8,1234915717
8195,62,5000,weak,grib_migration_matrix_4pop_weak.csv,0.025,8,1234915717
8196,63,5000,weak,grib_migration_matrix_4pop_weak.csv,0.025,8,1234915717
8197,64,5000,weak,grib_migration_matrix_4pop_weak.csv,0.025,8,1234915717
8198,65,5000,weak,grib_migration_matrix_4pop_weak.csv,0.025,8,1234915717
8199,66,5000,weak,grib_migration_matrix_4pop_weak.csv,0.025,8,1234915717
8200,67,5000,weak,grib_migration_matrix_4pop_weak.csv,0.025,8,1234915717
8201,68,5000,weak,grib_migration_matrix_4pop_weak.csv,0.025,8,1234915717
8202,69,5000,weak,grib_migration_matrix_4pop_weak.csv,0.025,8,1234915717
8203,70,5000,weak,grib_migration_matrix_4pop_weak.csv,0.025,8,1234915717
8204,71,5000,weak,grib_migration_matrix_4pop_weak.csv,0.025,8,1234915717
8205,72,5000,weak,grib_migration_matrix_4pop_weak.csv,0.025,8,1234915717
8206,73,5000,weak,grib_migration_matrix_4pop_weak.csv,0.025,8,1234915717
8207,74,5000,weak,grib_migration_matrix_4pop_weak.csv,0.025,8,1234915717
8208,75,5000,weak,grib_migration_matrix_4pop_weak.csv,0.025,8,1234915717
8209,0,5000,weak,grib_migration_matrix_4pop_weak.csv,0.025,9,1626134624
8210,1,5000,weak,grib_migration_matrix_4pop_weak.csv,0.025,9,1626134624
8211,2,5000,weak,grib_migration_matrix_4pop_weak.csv,0.025,9,1626134624
8212,3,5000,weak,grib_migration_matrix_4pop_weak.csv,0.025,9,1626134624
8213,4,5000,weak,grib_migration_matrix_4pop_weak.csv,0.025,9,1626134624
8214,5,5000,weak,grib_migration_matrix_4pop_weak.csv,0.025,9,1626134624
8215,6,5000,weak,grib_migration_matrix_4pop_weak.csv,0.025,9,1626134624
8216,7,5000,weak,grib_migration_matrix_4pop_weak.csv,0.025,9,1626134624
8217,8,5000,weak,grib_migration_matrix_4pop_weak.csv,0.025,9,1626134624
8218,9,5000,weak,grib_migration_matrix_4pop_weak.csv,0.025,9,1626134624
8219,10,5000,weak,grib_migration_matrix_4pop_weak.csv,0.025,9,1626134624
8220,11,5000,weak,grib_migration_matrix_4pop_weak.csv,0.025,9,1626134624
8221,12,5000,weak,grib_migration_matrix_4pop_weak.csv,0.025,9,1626134624
8222,13,5000,weak,grib_migration_matrix_4pop_weak.csv,0.025,9,1626134624
8223,14,5000,weak,grib_migration_matrix_4pop_weak.csv,0.025,9,1626134624
8224,15,5000,weak,grib_migration_matrix_4pop_weak.csv,0.025,9,1626134624
8225,16,5000,weak,grib_migration_matrix_4pop_weak.csv,0.025,9,1626134624
8226,17,5000,weak,grib_migration_matrix_4pop_weak.csv,0.025,9,1626134624
8227,18,5000,weak,grib_migration_matrix_4pop_weak.csv,0.025,9,1626134624
8228,19,5000,weak,grib_migration_matrix_4pop_weak.csv,0.025,9,1626134624
8229,20,5000,weak,grib_migration_matrix_4pop_weak.csv,0.025,9,1626134624
8230,21,5000,weak,grib_migration_matrix_4pop_weak.csv,0.025,9,1626134624
8231,22,5000,weak,grib_migration_matrix_4pop_weak.csv,0.025,9,1626134624
8232,23,5000,weak,grib_migration_matrix_4pop_weak.csv,0.025,9,1626134624
8233,24,5000,weak,grib_migration_matrix_4pop_weak.csv,0.025,9,1626134624
8234,25,5000,weak,grib_migration_matrix_4pop_weak.csv,0.025,9,1626134624
8235,26,5000,weak,grib_migration_matrix_4pop_weak.csv,0.025,9,1626134624
8236,27,5000,weak,grib_migration_matrix_4pop_weak.csv,0.025,9,1626134624
8237,28,5000,weak,grib_migration_matrix_4pop_weak.csv,0.025,9,1626134624
8238,29,5000,weak,grib_migration_matrix_4pop_weak.csv,0.025,9,1626134624
8239,30,5000,weak,grib_migration_matrix_4pop_weak.csv,0.025,9,1626134624
8240,31,5000,weak,grib_migration_matrix_4pop_weak.csv,0.025,9,1626134624
8241,32,5000,weak,grib_migration_matrix_4pop_weak.csv,0.025,9,1626134624
8242,33,5000,weak,grib_migration_matrix_4pop_weak.csv,0.025,9,1626134624
8243,34,5000,weak,grib_migration_matrix_4pop_weak.csv,0.025,9,1626134624
8244,35,5000,weak,grib_migration_matrix_4pop_weak.csv,0.025,9,1626134624
8245,36,5000,weak,grib_migration_matrix_4pop_weak.csv,0.025,9,1626134624
8246,37,5000,weak,grib_migration_matrix_4pop_weak.csv,0.025,9,1626134624
8247,38,5000,weak,grib_migration_matrix_4pop_weak.csv,0.025,9,1626134624
8248,39,5000,weak,grib_migration_matrix_4pop_weak.csv,0.025,9,1626134624
8249,40,5000,weak,grib_migration_matrix_4pop_weak.csv,0.025,9,1626134624
8250,41,5000,weak,grib_migration_matrix_4pop_weak.csv,0.025,9,1626134624
8251,42,5000,weak,grib_migration_matrix_4pop_weak.csv,0.025,9,1626134624
8252,43,5000,weak,grib_migration_matrix_4pop_weak.csv,0.025,9,1626134624
8253,44,5000,weak,grib_migration_matrix_4pop_weak.csv,0.025,9,1626134624
8254,45,5000,weak,grib_migration_matrix_4pop_weak.csv,0.025,9,1626134624
8255,46,5000,weak,grib_migration_matrix_4pop_weak.csv,0.025,9,1626134624
8256,47,5000,weak,grib_migration_matrix_4pop_weak.csv,0.025,9,1626134624
8257,48,5000,weak,grib_migration_matrix_4pop_weak.csv,0.025,9,1626134624
8258,49,5000,weak,grib_migration_matrix_4pop_weak.csv,0.025,9,1626134624
8259,50,5000,weak,grib_migration_matrix_4pop_weak.csv,0.025,9,1626134624
8260,51,5000,weak,grib_migration_matrix_4pop_weak.csv,0.025,9,1626134624
8261,52,5000,weak,grib_migration_matrix_4pop_weak.csv,0.025,9,1626134624
8262,53,5000,weak,grib_migration_matrix_4pop_weak.csv,0.025,9,1626134624
8263,54,5000,weak,grib_migration_matrix_4pop_weak.csv,0.025,9,1626134624
8264,55,5000,weak,grib_migration_matrix_4pop_weak.csv,0.025,9,1626134624
8265,56,5000,weak,grib_migration_matrix_4pop_weak.csv,0.025,9,1626134624
8266,57,5000,weak,grib_migration_matrix_4pop_weak.csv,0.025,9,1626134624
8267,58,5000,weak,grib_migration_matrix_4pop_weak.csv,0.025,9,1626134624
8268,59,5000,weak,grib_migration_matrix_4pop_weak.csv,0.025,9,1626134624
8269,60,5000,weak,grib_migration_matrix_4pop_weak.csv,0.025,9,1626134624
8270,61,5000,weak,grib_migration_matrix_4pop_weak.csv,0.025,9,1626134624
8271,62,5000,weak,grib_migration_matrix_4pop_weak.csv,0.025,9,1626134624
8272,63,5000,weak,grib_migration_matrix_4pop_weak.csv,0.025,9,1626134624
8273,64,5000,weak,grib_migration_matrix_4pop_weak.csv,0.025,9,1626134624
8274,65,5000,weak,grib_migration_matrix_4pop_weak.csv,0.025,9,1626134624
8275,66,5000,weak,grib_migration_matrix_4pop_weak.csv,0.025,9,1626134624
8276,67,5000,weak,grib_migration_matrix_4pop_weak.csv,0.025,9,1626134624
8277,68,5000,weak,grib_migration_matrix_4pop_weak.csv,0.025,9,1626134624
8278,69,5000,weak,grib_migration_matrix_4pop_weak.csv,0.025,9,1626134624
8279,70,5000,weak,grib_migration_matrix_4pop_weak.csv,0.025,9,1626134624
8280,71,5000,weak,grib_migration_matrix_4pop_weak.csv,0.025,9,1626134624
8281,72,5000,weak,grib_migration_matrix_4pop_weak.csv,0.025,9,1626134624
8282,73,5000,weak,grib_migration_matrix_4pop_weak.csv,0.025,9,1626134624
8283,74,5000,weak,grib_migration_matrix_4pop_weak.csv,0.025,9,1626134624
8284,75,5000,weak,grib_migration_matrix_4pop_weak.csv,0.025,9,1626134624
8285,0,5000,weak,grib_migration_matrix_4pop_weak.csv,0.025,10,1261514168
8286,1,5000,weak,grib_migration_matrix_4pop_weak.csv,0.025,10,1261514168
8287,2,5000,weak,grib_migration_matrix_4pop_weak.csv,0.025,10,1261514168
8288,3,5000,weak,grib_migration_matrix_4pop_weak.csv,0.025,10,1261514168
8289,4,5000,weak,grib_migration_matrix_4pop_weak.csv,0.025,10,1261514168
8290,5,5000,weak,grib_migration_matrix_4pop_weak.csv,0.025,10,1261514168
8291,6,5000,weak,grib_migration_matrix_4pop_weak.csv,0.025,10,1261514168
8292,7,5000,weak,grib_migration_matrix_4pop_weak.csv,0.025,10,1261514168
8293,8,5000,weak,grib_migration_matrix_4pop_weak.csv,0.025,10,1261514168
8294,9,5000,weak,grib_migration_matrix_4pop_weak.csv,0.025,10,1261514168
8295,10,5000,weak,grib_migration_matrix_4pop_weak.csv,0.025,10,1261514168
8296,11,5000,weak,grib_migration_matrix_4pop_weak.csv,0.025,10,1261514168
8297,12,5000,weak,grib_migration_matrix_4pop_weak.csv,0.025,10,1261514168
8298,13,5000,weak,grib_migration_matrix_4pop_weak.csv,0.025,10,1261514168
8299,14,5000,weak,grib_migration_matrix_4pop_weak.csv,0.025,10,1261514168
8300,15,5000,weak,grib_migration_matrix_4pop_weak.csv,0.025,10,1261514168
8301,16,5000,weak,grib_migration_matrix_4pop_weak.csv,0.025,10,1261514168
8302,17,5000,weak,grib_migration_matrix_4pop_weak.csv,0.025,10,1261514168
8303,18,5000,weak,grib_migration_matrix_4pop_weak.csv,0.025,10,1261514168
8304,19,5000,weak,grib_migration_matrix_4pop_weak.csv,0.025,10,1261514168
8305,20,5000,weak,grib_migration_matrix_4pop_weak.csv,0.025,10,1261514168
8306,21,5000,weak,grib_migration_matrix_4pop_weak.csv,0.025,10,1261514168
8307,22,5000,weak,grib_migration_matrix_4pop_weak.csv,0.025,10,1261514168
8308,23,5000,weak,grib_migration_matrix_4pop_weak.csv,0.025,10,1261514168
8309,24,5000,weak,grib_migration_matrix_4pop_weak.csv,0.025,10,1261514168
8310,25,5000,weak,grib_migration_matrix_4pop_weak.csv,0.025,10,1261514168
8311,26,5000,weak,grib_migration_matrix_4pop_weak.csv,0.025,10,1261514168
8312,27,5000,weak,grib_migration_matrix_4pop_weak.csv,0.025,10,1261514168
8313,28,5000,weak,grib_migration_matrix_4pop_weak.csv,0.025,10,1261514168
8314,29,5000,weak,grib_migration_matrix_4pop_weak.csv,0.025,10,1261514168
8315,30,5000,weak,grib_migration_matrix_4pop_weak.csv,0.025,10,1261514168
8316,31,5000,weak,grib_migration_matrix_4pop_weak.csv,0.025,10,1261514168
8317,32,5000,weak,grib_migration_matrix_4pop_weak.csv,0.025,10,1261514168
8318,33,5000,weak,grib_migration_matrix_4pop_weak.csv,0.025,10,1261514168
8319,34,5000,weak,grib_migration_matrix_4pop_weak.csv,0.025,10,1261514168
8320,35,5000,weak,grib_migration_matrix_4pop_weak.csv,0.025,10,1261514168
8321,36,5000,weak,grib_migration_matrix_4pop_weak.csv,0.025,10,1261514168
8322,37,5000,weak,grib_migration_matrix_4pop_weak.csv,0.025,10,1261514168
8323,38,5000,weak,grib_migration_matrix_4pop_weak.csv,0.025,10,1261514168
8324,39,5000,weak,grib_migration_matrix_4pop_weak.csv,0.025,10,1261514168
8325,40,5000,weak,grib_migration_matrix_4pop_weak.csv,0.025,10,1261514168
8326,41,5000,weak,grib_migration_matrix_4pop_weak.csv,0.025,10,1261514168
8327,42,5000,weak,grib_migration_matrix_4pop_weak.csv,0.025,10,1261514168
8328,43,5000,weak,grib_migration_matrix_4pop_weak.csv,0.025,10,1261514168
8329,44,5000,weak,grib_migration_matrix_4pop_weak.csv,0.025,10,1261514168
8330,45,5000,weak,grib_migration_matrix_4pop_weak.csv,0.025,10,1261514168
8331,46,5000,weak,grib_migration_matrix_4pop_weak.csv,0.025,10,1261514168
8332,47,5000,weak,grib_migration_matrix_4pop_weak.csv,0.025,10,1261514168
8333,48,5000,weak,grib_migration_matrix_4pop_weak.csv,0.025,10,1261514168
8334,49,5000,weak,grib_migration_matrix_4pop_weak.csv,0.025,10,1261514168
8335,50,5000,weak,grib_migration_matrix_4pop_weak.csv,0.025,10,1261514168
8336,51,5000,weak,grib_migration_matrix_4pop_weak.csv,0.025,10,1261514168
8337,52,5000,weak,grib_migration_matrix_4pop_weak.csv,0.025,10,1261514168
8338,53,5000,weak,grib_migration_matrix_4pop_weak.csv,0.025,10,1261514168
8339,54,5000,weak,grib_migration_matrix_4pop_weak.csv,0.025,10,1261514168
8340,55,5000,weak,grib_migration_matrix_4pop_weak.csv,0.025,10,1261514168
8341,56,5000,weak,grib_migration_matrix_4pop_weak.csv,0.025,10,1261514168
8342,57,5000,weak,grib_migration_matrix_4pop_weak.csv,0.025,10,1261514168
8343,58,5000,weak,grib_migration_matrix_4pop_weak.csv,0.025,10,1261514168
8344,59,5000,weak,grib_migration_matrix_4pop_weak.csv,0.025,10,1261514168
8345,60,5000,weak,grib_migration_matrix_4pop_weak.csv,0.025,10,1261514168
8346,61,5000,weak,grib_migration_matrix_4pop_weak.csv,0.025,10,1261514168
8347,62,5000,weak,grib_migration_matrix_4pop_weak.csv,0.025,10,1261514168
8348,63,5000,weak,grib_migration_matrix_4pop_weak.csv,0.025,10,1261514168
8349,64,5000,weak,grib_migration_matrix_4pop_weak.csv,0.025,10,1261514168
8350,65,5000,weak,grib_migration_matrix_4pop_weak.csv,0.025,10,1261514168
8351,66,5000,weak,grib_migration_matrix_4pop_weak.csv,0.025,10,1261514168
8352,67,5000,weak,grib_migration_matrix_4pop_weak.csv,0.025,10,1261514168
8353,68,5000,weak,grib_migration_matrix_4pop_weak.csv,0.025,10,1261514168
8354,69,5000,weak,grib_migration_matrix_4pop_weak.csv,0.025,10,1261514168
8355,70,5000,weak,grib_migration_matrix_4pop_weak.csv,0.025,10,1261514168
8356,71,5000,weak,grib_migration_matrix_4pop_weak.csv,0.025,10,1261514168
8357,72,5000,weak,grib_migration_matrix_4pop_weak.csv,0.025,10,1261514168
8358,73,5000,weak,grib_migration_matrix_4pop_weak.csv,0.025,10,1261514168
8359,74,5000,weak,grib_migration_matrix_4pop_weak.csv,0.025,10,1261514168
8360,75,5000,weak,grib_migration_matrix_4pop_weak.csv,0.025,10,1261514168
8361,0,5000,weak,grib_migration_matrix_4pop_weak.csv,0.05,1,311600846
8362,1,5000,weak,grib_migration_matrix_4pop_weak.csv,0.05,1,311600846
8363,2,5000,weak,grib_migration_matrix_4pop_weak.csv,0.05,1,311600846
8364,3,5000,weak,grib_migration_matrix_4pop_weak.csv,0.05,1,311600846
8365,4,5000,weak,grib_migration_matrix_4pop_weak.csv,0.05,1,311600846
8366,5,5000,weak,grib_migration_matrix_4pop_weak.csv,0.05,1,311600846
8367,6,5000,weak,grib_migration_matrix_4pop_weak.csv,0.05,1,311600846
8368,7,5000,weak,grib_migration_matrix_4pop_weak.csv,0.05,1,311600846
8369,8,5000,weak,grib_migration_matrix_4pop_weak.csv,0.05,1,311600846
8370,9,5000,weak,grib_migration_matrix_4pop_weak.csv,0.05,1,311600846
8371,10,5000,weak,grib_migration_matrix_4pop_weak.csv,0.05,1,311600846
8372,11,5000,weak,grib_migration_matrix_4pop_weak.csv,0.05,1,311600846
8373,12,5000,weak,grib_migration_matrix_4pop_weak.csv,0.05,1,311600846
8374,13,5000,weak,grib_migration_matrix_4pop_weak.csv,0.05,1,311600846
8375,14,5000,weak,grib_migration_matrix_4pop_weak.csv,0.05,1,311600846
8376,15,5000,weak,grib_migration_matrix_4pop_weak.csv,0.05,1,311600846
8377,16,5000,weak,grib_migration_matrix_4pop_weak.csv,0.05,1,311600846
8378,17,5000,weak,grib_migration_matrix_4pop_weak.csv,0.05,1,311600846
8379,18,5000,weak,grib_migration_matrix_4pop_weak.csv,0.05,1,311600846
8380,19,5000,weak,grib_migration_matrix_4pop_weak.csv,0.05,1,311600846
8381,20,5000,weak,grib_migration_matrix_4pop_weak.csv,0.05,1,311600846
8382,21,5000,weak,grib_migration_matrix_4pop_weak.csv,0.05,1,311600846
8383,22,5000,weak,grib_migration_matrix_4pop_weak.csv,0.05,1,311600846
8384,23,5000,weak,grib_migration_matrix_4pop_weak.csv,0.05,1,311600846
8385,24,5000,weak,grib_migration_matrix_4pop_weak.csv,0.05,1,311600846
8386,25,5000,weak,grib_migration_matrix_4pop_weak.csv,0.05,1,311600846
8387,26,5000,weak,grib_migration_matrix_4pop_weak.csv,0.05,1,311600846
8388,27,5000,weak,grib_migration_matrix_4pop_weak.csv,0.05,1,311600846
8389,28,5000,weak,grib_migration_matrix_4pop_weak.csv,0.05,1,311600846
8390,29,5000,weak,grib_migration_matrix_4pop_weak.csv,0.05,1,311600846
8391,30,5000,weak,grib_migration_matrix_4pop_weak.csv,0.05,1,311600846
8392,31,5000,weak,grib_migration_matrix_4pop_weak.csv,0.05,1,311600846
8393,32,5000,weak,grib_migration_matrix_4pop_weak.csv,0.05,1,311600846
8394,33,5000,weak,grib_migration_matrix_4pop_weak.csv,0.05,1,311600846
8395,34,5000,weak,grib_migration_matrix_4pop_weak.csv,0.05,1,311600846
8396,35,5000,weak,grib_migration_matrix_4pop_weak.csv,0.05,1,311600846
8397,36,5000,weak,grib_migration_matrix_4pop_weak.csv,0.05,1,311600846
8398,37,5000,weak,grib_migration_matrix_4pop_weak.csv,0.05,1,311600846
8399,38,5000,weak,grib_migration_matrix_4pop_weak.csv,0.05,1,311600846
8400,39,5000,weak,grib_migration_matrix_4pop_weak.csv,0.05,1,311600846
8401,40,5000,weak,grib_migration_matrix_4pop_weak.csv,0.05,1,311600846
8402,41,5000,weak,grib_migration_matrix_4pop_weak.csv,0.05,1,311600846
8403,42,5000,weak,grib_migration_matrix_4pop_weak.csv,0.05,1,311600846
8404,43,5000,weak,grib_migration_matrix_4pop_weak.csv,0.05,1,311600846
8405,44,5000,weak,grib_migration_matrix_4pop_weak.csv,0.05,1,311600846
8406,45,5000,weak,grib_migration_matrix_4pop_weak.csv,0.05,1,311600846
8407,46,5000,weak,grib_migration_matrix_4pop_weak.csv,0.05,1,311600846
8408,47,5000,weak,grib_migration_matrix_4pop_weak.csv,0.05,1,311600846
8409,48,5000,weak,grib_migration_matrix_4pop_weak.csv,0.05,1,311600846
8410,49,5000,weak,grib_migration_matrix_4pop_weak.csv,0.05,1,311600846
8411,50,5000,weak,grib_migration_matrix_4pop_weak.csv,0.05,1,311600846
8412,51,5000,weak,grib_migration_matrix_4pop_weak.csv,0.05,1,311600846
8413,52,5000,weak,grib_migration_matrix_4pop_weak.csv,0.05,1,311600846
8414,53,5000,weak,grib_migration_matrix_4pop_weak.csv,0.05,1,311600846
8415,54,5000,weak,grib_migration_matrix_4pop_weak.csv,0.05,1,311600846
8416,55,5000,weak,grib_migration_matrix_4pop_weak.csv,0.05,1,311600846
8417,56,5000,weak,grib_migration_matrix_4pop_weak.csv,0.05,1,311600846
8418,57,5000,weak,grib_migration_matrix_4pop_weak.csv,0.05,1,311600846
8419,58,5000,weak,grib_migration_matrix_4pop_weak.csv,0.05,1,311600846
8420,59,5000,weak,grib_migration_matrix_4pop_weak.csv,0.05,1,311600846
8421,60,5000,weak,grib_migration_matrix_4pop_weak.csv,0.05,1,311600846
8422,61,5000,weak,grib_migration_matrix_4pop_weak.csv,0.05,1,311600846
8423,62,5000,weak,grib_migration_matrix_4pop_weak.csv,0.05,1,311600846
8424,63,5000,weak,grib_migration_matrix_4pop_weak.csv,0.05,1,311600846
8425,64,5000,weak,grib_migration_matrix_4pop_weak.csv,0.05,1,311600846
8426,65,5000,weak,grib_migration_matrix_4pop_weak.csv,0.05,1,311600846
8427,66,5000,weak,grib_migration_matrix_4pop_weak.csv,0.05,1,311600846
8428,67,5000,weak,grib_migration_matrix_4pop_weak.csv,0.05,1,311600846
8429,68,5000,weak,grib_migration_matrix_4pop_weak.csv,0.05,1,311600846
8430,69,5000,weak,grib_migration_matrix_4pop_weak.csv,0.05,1,311600846
8431,70,5000,weak,grib_migration_matrix_4pop_weak.csv,0.05,1,311600846
8432,71,5000,weak,grib_migration_matrix_4pop_weak.csv,0.05,1,311600846
8433,72,5000,weak,grib_migration_matrix_4pop_weak.csv,0.05,1,311600846
8434,73,5000,weak,grib_migration_matrix_4pop_weak.csv,0.05,1,311600846
8435,74,5000,weak,grib_migration_matrix_4pop_weak.csv,0.05,1,311600846
8436,75,5000,weak,grib_migration_matrix_4pop_weak.csv,0.05,1,311600846
8437,0,5000,weak,grib_migration_matrix_4pop_weak.csv,0.05,2,1097699868
8438,1,5000,weak,grib_migration_matrix_4pop_weak.csv,0.05,2,1097699868
8439,2,5000,weak,grib_migration_matrix_4pop_weak.csv,0.05,2,1097699868
8440,3,5000,weak,grib_migration_matrix_4pop_weak.csv,0.05,2,1097699868
8441,4,5000,weak,grib_migration_matrix_4pop_weak.csv,0.05,2,1097699868
8442,5,5000,weak,grib_migration_matrix_4pop_weak.csv,0.05,2,1097699868
8443,6,5000,weak,grib_migration_matrix_4pop_weak.csv,0.05,2,1097699868
8444,7,5000,weak,grib_migration_matrix_4pop_weak.csv,0.05,2,1097699868
8445,8,5000,weak,grib_migration_matrix_4pop_weak.csv,0.05,2,1097699868
8446,9,5000,weak,grib_migration_matrix_4pop_weak.csv,0.05,2,1097699868
8447,10,5000,weak,grib_migration_matrix_4pop_weak.csv,0.05,2,1097699868
8448,11,5000,weak,grib_migration_matrix_4pop_weak.csv,0.05,2,1097699868
8449,12,5000,weak,grib_migration_matrix_4pop_weak.csv,0.05,2,1097699868
8450,13,5000,weak,grib_migration_matrix_4pop_weak.csv,0.05,2,1097699868
8451,14,5000,weak,grib_migration_matrix_4pop_weak.csv,0.05,2,1097699868
8452,15,5000,weak,grib_migration_matrix_4pop_weak.csv,0.05,2,1097699868
8453,16,5000,weak,grib_migration_matrix_4pop_weak.csv,0.05,2,1097699868
8454,17,5000,weak,grib_migration_matrix_4pop_weak.csv,0.05,2,1097699868
8455,18,5000,weak,grib_migration_matrix_4pop_weak.csv,0.05,2,1097699868
8456,19,5000,weak,grib_migration_matrix_4pop_weak.csv,0.05,2,1097699868
8457,20,5000,weak,grib_migration_matrix_4pop_weak.csv,0.05,2,1097699868
8458,21,5000,weak,grib_migration_matrix_4pop_weak.csv,0.05,2,1097699868
8459,22,5000,weak,grib_migration_matrix_4pop_weak.csv,0.05,2,1097699868
8460,23,5000,weak,grib_migration_matrix_4pop_weak.csv,0.05,2,1097699868
8461,24,5000,weak,grib_migration_matrix_4pop_weak.csv,0.05,2,1097699868
8462,25,5000,weak,grib_migration_matrix_4pop_weak.csv,0.05,2,1097699868
8463,26,5000,weak,grib_migration_matrix_4pop_weak.csv,0.05,2,1097699868
8464,27,5000,weak,grib_migration_matrix_4pop_weak.csv,0.05,2,1097699868
8465,28,5000,weak,grib_migration_matrix_4pop_weak.csv,0.05,2,1097699868
8466,29,5000,weak,grib_migration_matrix_4pop_weak.csv,0.05,2,1097699868
8467,30,5000,weak,grib_migration_matrix_4pop_weak.csv,0.05,2,1097699868
8468,31,5000,weak,grib_migration_matrix_4pop_weak.csv,0.05,2,1097699868
8469,32,5000,weak,grib_migration_matrix_4pop_weak.csv,0.05,2,1097699868
8470,33,5000,weak,grib_migration_matrix_4pop_weak.csv,0.05,2,1097699868
8471,34,5000,weak,grib_migration_matrix_4pop_weak.csv,0.05,2,1097699868
8472,35,5000,weak,grib_migration_matrix_4pop_weak.csv,0.05,2,1097699868
8473,36,5000,weak,grib_migration_matrix_4pop_weak.csv,0.05,2,1097699868
8474,37,5000,weak,grib_migration_matrix_4pop_weak.csv,0.05,2,1097699868
8475,38,5000,weak,grib_migration_matrix_4pop_weak.csv,0.05,2,1097699868
8476,39,5000,weak,grib_migration_matrix_4pop_weak.csv,0.05,2,1097699868
8477,40,5000,weak,grib_migration_matrix_4pop_weak.csv,0.05,2,1097699868
8478,41,5000,weak,grib_migration_matrix_4pop_weak.csv,0.05,2,1097699868
8479,42,5000,weak,grib_migration_matrix_4pop_weak.csv,0.05,2,1097699868
8480,43,5000,weak,grib_migration_matrix_4pop_weak.csv,0.05,2,1097699868
8481,44,5000,weak,grib_migration_matrix_4pop_weak.csv,0.05,2,1097699868
8482,45,5000,weak,grib_migration_matrix_4pop_weak.csv,0.05,2,1097699868
8483,46,5000,weak,grib_migration_matrix_4pop_weak.csv,0.05,2,1097699868
8484,47,5000,weak,grib_migration_matrix_4pop_weak.csv,0.05,2,1097699868
8485,48,5000,weak,grib_migration_matrix_4pop_weak.csv,0.05,2,1097699868
8486,49,5000,weak,grib_migration_matrix_4pop_weak.csv,0.05,2,1097699868
8487,50,5000,weak,grib_migration_matrix_4pop_weak.csv,0.05,2,1097699868
8488,51,5000,weak,grib_migration_matrix_4pop_weak.csv,0.05,2,1097699868
8489,52,5000,weak,grib_migration_matrix_4pop_weak.csv,0.05,2,1097699868
8490,53,5000,weak,grib_migration_matrix_4pop_weak.csv,0.05,2,1097699868
8491,54,5000,weak,grib_migration_matrix_4pop_weak.csv,0.05,2,1097699868
8492,55,5000,weak,grib_migration_matrix_4pop_weak.csv,0.05,2,1097699868
8493,56,5000,weak,grib_migration_matrix_4pop_weak.csv,0.05,2,1097699868
8494,57,5000,weak,grib_migration_matrix_4pop_weak.csv,0.05,2,1097699868
8495,58,5000,weak,grib_migration_matrix_4pop_weak.csv,0.05,2,1097699868
8496,59,5000,weak,grib_migration_matrix_4pop_weak.csv,0.05,2,1097699868
8497,60,5000,weak,grib_migration_matrix_4pop_weak.csv,0.05,2,1097699868
8498,61,5000,weak,grib_migration_matrix_4pop_weak.csv,0.05,2,1097699868
8499,62,5000,weak,grib_migration_matrix_4pop_weak.csv,0.05,2,1097699868
8500,63,5000,weak,grib_migration_matrix_4pop_weak.csv,0.05,2,1097699868
8501,64,5000,weak,grib_migration_matrix_4pop_weak.csv,0.05,2,1097699868
8502,65,5000,weak,grib_migration_matrix_4pop_weak.csv,0.05,2,1097699868
8503,66,5000,weak,grib_migration_matrix_4pop_weak.csv,0.05,2,1097699868
8504,67,5000,weak,grib_migration_matrix_4pop_weak.csv,0.05,2,1097699868
8505,68,5000,weak,grib_migration_matrix_4pop_weak.csv,0.05,2,1097699868
8506,69,5000,weak,grib_migration_matrix_4pop_weak.csv,0.05,2,1097699868
8507,70,5000,weak,grib_migration_matrix_4pop_weak.csv,0.05,2,1097699868
8508,71,5000,weak,grib_migration_matrix_4pop_weak.csv,0.05,2,1097699868
8509,72,5000,weak,grib_migration_matrix_4pop_weak.csv,0.05,2,1097699868
8510,73,5000,weak,grib_migration_matrix_4pop_weak.csv,0.05,2,1097699868
8511,74,5000,weak,grib_migration_matrix_4pop_weak.csv,0.05,2,1097699868
8512,75,5000,weak,grib_migration_matrix_4pop_weak.csv,0.05,2,1097699868
8513,0,5000,weak,grib_migration_matrix_4pop_weak.csv,0.05,3,1368595686
8514,1,5000,weak,grib_migration_matrix_4pop_weak.csv,0.05,3,1368595686
8515,2,5000,weak,grib_migration_matrix_4pop_weak.csv,0.05,3,1368595686
8516,3,5000,weak,grib_migration_matrix_4pop_weak.csv,0.05,3,1368595686
8517,4,5000,weak,grib_migration_matrix_4pop_weak.csv,0.05,3,1368595686
8518,5,5000,weak,grib_migration_matrix_4pop_weak.csv,0.05,3,1368595686
8519,6,5000,weak,grib_migration_matrix_4pop_weak.csv,0.05,3,1368595686
8520,7,5000,weak,grib_migration_matrix_4pop_weak.csv,0.05,3,1368595686
8521,8,5000,weak,grib_migration_matrix_4pop_weak.csv,0.05,3,1368595686
8522,9,5000,weak,grib_migration_matrix_4pop_weak.csv,0.05,3,1368595686
8523,10,5000,weak,grib_migration_matrix_4pop_weak.csv,0.05,3,1368595686
8524,11,5000,weak,grib_migration_matrix_4pop_weak.csv,0.05,3,1368595686
8525,12,5000,weak,grib_migration_matrix_4pop_weak.csv,0.05,3,1368595686
8526,13,5000,weak,grib_migration_matrix_4pop_weak.csv,0.05,3,1368595686
8527,14,5000,weak,grib_migration_matrix_4pop_weak.csv,0.05,3,1368595686
8528,15,5000,weak,grib_migration_matrix_4pop_weak.csv,0.05,3,1368595686
8529,16,5000,weak,grib_migration_matrix_4pop_weak.csv,0.05,3,1368595686
8530,17,5000,weak,grib_migration_matrix_4pop_weak.csv,0.05,3,1368595686
8531,18,5000,weak,grib_migration_matrix_4pop_weak.csv,0.05,3,1368595686
8532,19,5000,weak,grib_migration_matrix_4pop_weak.csv,0.05,3,1368595686
8533,20,5000,weak,grib_migration_matrix_4pop_weak.csv,0.05,3,1368595686
8534,21,5000,weak,grib_migration_matrix_4pop_weak.csv,0.05,3,1368595686
8535,22,5000,weak,grib_migration_matrix_4pop_weak.csv,0.05,3,1368595686
8536,23,5000,weak,grib_migration_matrix_4pop_weak.csv,0.05,3,1368595686
8537,24,5000,weak,grib_migration_matrix_4pop_weak.csv,0.05,3,1368595686
8538,25,5000,weak,grib_migration_matrix_4pop_weak.csv,0.05,3,1368595686
8539,26,5000,weak,grib_migration_matrix_4pop_weak.csv,0.05,3,1368595686
8540,27,5000,weak,grib_migration_matrix_4pop_weak.csv,0.05,3,1368595686
8541,28,5000,weak,grib_migration_matrix_4pop_weak.csv,0.05,3,1368595686
8542,29,5000,weak,grib_migration_matrix_4pop_weak.csv,0.05,3,1368595686
8543,30,5000,weak,grib_migration_matrix_4pop_weak.csv,0.05,3,1368595686
8544,31,5000,weak,grib_migration_matrix_4pop_weak.csv,0.05,3,1368595686
8545,32,5000,weak,grib_migration_matrix_4pop_weak.csv,0.05,3,1368595686
8546,33,5000,weak,grib_migration_matrix_4pop_weak.csv,0.05,3,1368595686
8547,34,5000,weak,grib_migration_matrix_4pop_weak.csv,0.05,3,1368595686
8548,35,5000,weak,grib_migration_matrix_4pop_weak.csv,0.05,3,1368595686
8549,36,5000,weak,grib_migration_matrix_4pop_weak.csv,0.05,3,1368595686
8550,37,5000,weak,grib_migration_matrix_4pop_weak.csv,0.05,3,1368595686
8551,38,5000,weak,grib_migration_matrix_4pop_weak.csv,0.05,3,1368595686
8552,39,5000,weak,grib_migration_matrix_4pop_weak.csv,0.05,3,1368595686
8553,40,5000,weak,grib_migration_matrix_4pop_weak.csv,0.05,3,1368595686
8554,41,5000,weak,grib_migration_matrix_4pop_weak.csv,0.05,3,1368595686
8555,42,5000,weak,grib_migration_matrix_4pop_weak.csv,0.05,3,1368595686
8556,43,5000,weak,grib_migration_matrix_4pop_weak.csv,0.05,3,1368595686
8557,44,5000,weak,grib_migration_matrix_4pop_weak.csv,0.05,3,1368595686
8558,45,5000,weak,grib_migration_matrix_4pop_weak.csv,0.05,3,1368595686
8559,46,5000,weak,grib_migration_matrix_4pop_weak.csv,0.05,3,1368595686
8560,47,5000,weak,grib_migration_matrix_4pop_weak.csv,0.05,3,1368595686
8561,48,5000,weak,grib_migration_matrix_4pop_weak.csv,0.05,3,1368595686
8562,49,5000,weak,grib_migration_matrix_4pop_weak.csv,0.05,3,1368595686
8563,50,5000,weak,grib_migration_matrix_4pop_weak.csv,0.05,3,1368595686
8564,51,5000,weak,grib_migration_matrix_4pop_weak.csv,0.05,3,1368595686
8565,52,5000,weak,grib_migration_matrix_4pop_weak.csv,0.05,3,1368595686
8566,53,5000,weak,grib_migration_matrix_4pop_weak.csv,0.05,3,1368595686
8567,54,5000,weak,grib_migration_matrix_4pop_weak.csv,0.05,3,1368595686
8568,55,5000,weak,grib_migration_matrix_4pop_weak.csv,0.05,3,1368595686
8569,56,5000,weak,grib_migration_matrix_4pop_weak.csv,0.05,3,1368595686
8570,57,5000,weak,grib_migration_matrix_4pop_weak.csv,0.05,3,1368595686
8571,58,5000,weak,grib_migration_matrix_4pop_weak.csv,0.05,3,1368595686
8572,59,5000,weak,grib_migration_matrix_4pop_weak.csv,0.05,3,1368595686
8573,60,5000,weak,grib_migration_matrix_4pop_weak.csv,0.05,3,1368595686
8574,61,5000,weak,grib_migration_matrix_4pop_weak.csv,0.05,3,1368595686
8575,62,5000,weak,grib_migration_matrix_4pop_weak.csv,0.05,3,1368595686
8576,63,5000,weak,grib_migration_matrix_4pop_weak.csv,0.05,3,1368595686
8577,64,5000,weak,grib_migration_matrix_4pop_weak.csv,0.05,3,1368595686
8578,65,5000,weak,grib_migration_matrix_4pop_weak.csv,0.05,3,1368595686
8579,66,5000,weak,grib_migration_matrix_4pop_weak.csv,0.05,3,1368595686
8580,67,5000,weak,grib_migration_matrix_4pop_weak.csv,0.05,3,1368595686
8581,68,5000,weak,grib_migration_matrix_4pop_weak.csv,0.05,3,1368595686
8582,69,5000,weak,grib_migration_matrix_4pop_weak.csv,0.05,3,1368595686
8583,70,5000,weak,grib_migration_matrix_4pop_weak.csv,0.05,3,1368595686
8584,71,5000,weak,grib_migration_matrix_4pop_weak.csv,0.05,3,1368595686
8585,72,5000,weak,grib_migration_matrix_4pop_weak.csv,0.05,3,1368595686
8586,73,5000,weak,grib_migration_matrix_4pop_weak.csv,0.05,3,1368595686
8587,74,5000,weak,grib_migration_matrix_4pop_weak.csv,0.05,3,1368595686
8588,75,5000,weak,grib_migration_matrix_4pop_weak.csv,0.05,3,1368595686
8589,0,5000,weak,grib_migration_matrix_4pop_weak.csv,0.05,4,146012454
8590,1,5000,weak,grib_migration_matrix_4pop_weak.csv,0.05,4,146012454
8591,2,5000,weak,grib_migration_matrix_4pop_weak.csv,0.05,4,146012454
8592,3,5000,weak,grib_migration_matrix_4pop_weak.csv,0.05,4,146012454
8593,4,5000,weak,grib_migration_matrix_4pop_weak.csv,0.05,4,146012454
8594,5,5000,weak,grib_migration_matrix_4pop_weak.csv,0.05,4,146012454
8595,6,5000,weak,grib_migration_matrix_4pop_weak.csv,0.05,4,146012454
8596,7,5000,weak,grib_migration_matrix_4pop_weak.csv,0.05,4,146012454
8597,8,5000,weak,grib_migration_matrix_4pop_weak.csv,0.05,4,146012454
8598,9,5000,weak,grib_migration_matrix_4pop_weak.csv,0.05,4,146012454
8599,10,5000,weak,grib_migration_matrix_4pop_weak.csv,0.05,4,146012454
8600,11,5000,weak,grib_migration_matrix_4pop_weak.csv,0.05,4,146012454
8601,12,5000,weak,grib_migration_matrix_4pop_weak.csv,0.05,4,146012454
8602,13,5000,weak,grib_migration_matrix_4pop_weak.csv,0.05,4,146012454
8603,14,5000,weak,grib_migration_matrix_4pop_weak.csv,0.05,4,146012454
8604,15,5000,weak,grib_migration_matrix_4pop_weak.csv,0.05,4,146012454
8605,16,5000,weak,grib_migration_matrix_4pop_weak.csv,0.05,4,146012454
8606,17,5000,weak,grib_migration_matrix_4pop_weak.csv,0.05,4,146012454
8607,18,5000,weak,grib_migration_matrix_4pop_weak.csv,0.05,4,146012454
8608,19,5000,weak,grib_migration_matrix_4pop_weak.csv,0.05,4,146012454
8609,20,5000,weak,grib_migration_matrix_4pop_weak.csv,0.05,4,146012454
8610,21,5000,weak,grib_migration_matrix_4pop_weak.csv,0.05,4,146012454
8611,22,5000,weak,grib_migration_matrix_4pop_weak.csv,0.05,4,146012454
8612,23,5000,weak,grib_migration_matrix_4pop_weak.csv,0.05,4,146012454
8613,24,5000,weak,grib_migration_matrix_4pop_weak.csv,0.05,4,146012454
8614,25,5000,weak,grib_migration_matrix_4pop_weak.csv,0.05,4,146012454
8615,26,5000,weak,grib_migration_matrix_4pop_weak.csv,0.05,4,146012454
8616,27,5000,weak,grib_migration_matrix_4pop_weak.csv,0.05,4,146012454
8617,28,5000,weak,grib_migration_matrix_4pop_weak.csv,0.05,4,146012454
8618,29,5000,weak,grib_migration_matrix_4pop_weak.csv,0.05,4,146012454
8619,30,5000,weak,grib_migration_matrix_4pop_weak.csv,0.05,4,146012454
8620,31,5000,weak,grib_migration_matrix_4pop_weak.csv,0.05,4,146012454
8621,32,5000,weak,grib_migration_matrix_4pop_weak.csv,0.05,4,146012454
8622,33,5000,weak,grib_migration_matrix_4pop_weak.csv,0.05,4,146012454
8623,34,5000,weak,grib_migration_matrix_4pop_weak.csv,0.05,4,146012454
8624,35,5000,weak,grib_migration_matrix_4pop_weak.csv,0.05,4,146012454
8625,36,5000,weak,grib_migration_matrix_4pop_weak.csv,0.05,4,146012454
8626,37,5000,weak,grib_migration_matrix_4pop_weak.csv,0.05,4,146012454
8627,38,5000,weak,grib_migration_matrix_4pop_weak.csv,0.05,4,146012454
8628,39,5000,weak,grib_migration_matrix_4pop_weak.csv,0.05,4,146012454
8629,40,5000,weak,grib_migration_matrix_4pop_weak.csv,0.05,4,146012454
8630,41,5000,weak,grib_migration_matrix_4pop_weak.csv,0.05,4,146012454
8631,42,5000,weak,grib_migration_matrix_4pop_weak.csv,0.05,4,146012454
8632,43,5000,weak,grib_migration_matrix_4pop_weak.csv,0.05,4,146012454
8633,44,5000,weak,grib_migration_matrix_4pop_weak.csv,0.05,4,146012454
8634,45,5000,weak,grib_migration_matrix_4pop_weak.csv,0.05,4,146012454
8635,46,5000,weak,grib_migration_matrix_4pop_weak.csv,0.05,4,146012454
8636,47,5000,weak,grib_migration_matrix_4pop_weak.csv,0.05,4,146012454
8637,48,5000,weak,grib_migration_matrix_4pop_weak.csv,0.05,4,146012454
8638,49,5000,weak,grib_migration_matrix_4pop_weak.csv,0.05,4,146012454
8639,50,5000,weak,grib_migration_matrix_4pop_weak.csv,0.05,4,146012454
8640,51,5000,weak,grib_migration_matrix_4pop_weak.csv,0.05,4,146012454
8641,52,5000,weak,grib_migration_matrix_4pop_weak.csv,0.05,4,146012454
8642,53,5000,weak,grib_migration_matrix_4pop_weak.csv,0.05,4,146012454
8643,54,5000,weak,grib_migration_matrix_4pop_weak.csv,0.05,4,146012454
8644,55,5000,weak,grib_migration_matrix_4pop_weak.csv,0.05,4,146012454
8645,56,5000,weak,grib_migration_matrix_4pop_weak.csv,0.05,4,146012454
8646,57,5000,weak,grib_migration_matrix_4pop_weak.csv,0.05,4,146012454
8647,58,5000,weak,grib_migration_matrix_4pop_weak.csv,0.05,4,146012454
8648,59,5000,weak,grib_migration_matrix_4pop_weak.csv,0.05,4,146012454
8649,60,5000,weak,grib_migration_matrix_4pop_weak.csv,0.05,4,146012454
8650,61,5000,weak,grib_migration_matrix_4pop_weak.csv,0.05,4,146012454
8651,62,5000,weak,grib_migration_matrix_4pop_weak.csv,0.05,4,146012454
8652,63,5000,weak,grib_migration_matrix_4pop_weak.csv,0.05,4,146012454
8653,64,5000,weak,grib_migration_matrix_4pop_weak.csv,0.05,4,146012454
8654,65,5000,weak,grib_migration_matrix_4pop_weak.csv,0.05,4,146012454
8655,66,5000,weak,grib_migration_matrix_4pop_weak.csv,0.05,4,146012454
8656,67,5000,weak,grib_migration_matrix_4pop_weak.csv,0.05,4,146012454
8657,68,5000,weak,grib_migration_matrix_4pop_weak.csv,0.05,4,146012454
8658,69,5000,weak,grib_migration_matrix_4pop_weak.csv,0.05,4,146012454
8659,70,5000,weak,grib_migration_matrix_4pop_weak.csv,0.05,4,146012454
8660,71,5000,weak,grib_migration_matrix_4pop_weak.csv,0.05,4,146012454
8661,72,5000,weak,grib_migration_matrix_4pop_weak.csv,0.05,4,146012454
8662,73,5000,weak,grib_migration_matrix_4pop_weak.csv,0.05,4,146012454
8663,74,5000,weak,grib_migration_matrix_4pop_weak.csv,0.05,4,146012454
8664,75,5000,weak,grib_migration_matrix_4pop_weak.csv,0.05,4,146012454
8665,0,5000,weak,grib_migration_matrix_4pop_weak.csv,0.05,5,469638219
8666,1,5000,weak,grib_migration_matrix_4pop_weak.csv,0.05,5,469638219
8667,2,5000,weak,grib_migration_matrix_4pop_weak.csv,0.05,5,469638219
8668,3,5000,weak,grib_migration_matrix_4pop_weak.csv,0.05,5,469638219
8669,4,5000,weak,grib_migration_matrix_4pop_weak.csv,0.05,5,469638219
8670,5,5000,weak,grib_migration_matrix_4pop_weak.csv,0.05,5,469638219
8671,6,5000,weak,grib_migration_matrix_4pop_weak.csv,0.05,5,469638219
8672,7,5000,weak,grib_migration_matrix_4pop_weak.csv,0.05,5,469638219
8673,8,5000,weak,grib_migration_matrix_4pop_weak.csv,0.05,5,469638219
8674,9,5000,weak,grib_migration_matrix_4pop_weak.csv,0.05,5,469638219
8675,10,5000,weak,grib_migration_matrix_4pop_weak.csv,0.05,5,469638219
8676,11,5000,weak,grib_migration_matrix_4pop_weak.csv,0.05,5,469638219
8677,12,5000,weak,grib_migration_matrix_4pop_weak.csv,0.05,5,469638219
8678,13,5000,weak,grib_migration_matrix_4pop_weak.csv,0.05,5,469638219
8679,14,5000,weak,grib_migration_matrix_4pop_weak.csv,0.05,5,469638219
8680,15,5000,weak,grib_migration_matrix_4pop_weak.csv,0.05,5,469638219
8681,16,5000,weak,grib_migration_matrix_4pop_weak.csv,0.05,5,469638219
8682,17,5000,weak,grib_migration_matrix_4pop_weak.csv,0.05,5,469638219
8683,18,5000,weak,grib_migration_matrix_4pop_weak.csv,0.05,5,469638219
8684,19,5000,weak,grib_migration_matrix_4pop_weak.csv,0.05,5,469638219
8685,20,5000,weak,grib_migration_matrix_4pop_weak.csv,0.05,5,469638219
8686,21,5000,weak,grib_migration_matrix_4pop_weak.csv,0.05,5,469638219
8687,22,5000,weak,grib_migration_matrix_4pop_weak.csv,0.05,5,469638219
8688,23,5000,weak,grib_migration_matrix_4pop_weak.csv,0.05,5,469638219
8689,24,5000,weak,grib_migration_matrix_4pop_weak.csv,0.05,5,469638219
8690,25,5000,weak,grib_migration_matrix_4pop_weak.csv,0.05,5,469638219
8691,26,5000,weak,grib_migration_matrix_4pop_weak.csv,0.05,5,469638219
8692,27,5000,weak,grib_migration_matrix_4pop_weak.csv,0.05,5,469638219
8693,28,5000,weak,grib_migration_matrix_4pop_weak.csv,0.05,5,469638219
8694,29,5000,weak,grib_migration_matrix_4pop_weak.csv,0.05,5,469638219
8695,30,5000,weak,grib_migration_matrix_4pop_weak.csv,0.05,5,469638219
8696,31,5000,weak,grib_migration_matrix_4pop_weak.csv,0.05,5,469638219
8697,32,5000,weak,grib_migration_matrix_4pop_weak.csv,0.05,5,469638219
8698,33,5000,weak,grib_migration_matrix_4pop_weak.csv,0.05,5,469638219
8699,34,5000,weak,grib_migration_matrix_4pop_weak.csv,0.05,5,469638219
8700,35,5000,weak,grib_migration_matrix_4pop_weak.csv,0.05,5,469638219
8701,36,5000,weak,grib_migration_matrix_4pop_weak.csv,0.05,5,469638219
8702,37,5000,weak,grib_migration_matrix_4pop_weak.csv,0.05,5,469638219
8703,38,5000,weak,grib_migration_matrix_4pop_weak.csv,0.05,5,469638219
8704,39,5000,weak,grib_migration_matrix_4pop_weak.csv,0.05,5,469638219
8705,40,5000,weak,grib_migration_matrix_4pop_weak.csv,0.05,5,469638219
8706,41,5000,weak,grib_migration_matrix_4pop_weak.csv,0.05,5,469638219
8707,42,5000,weak,grib_migration_matrix_4pop_weak.csv,0.05,5,469638219
8708,43,5000,weak,grib_migration_matrix_4pop_weak.csv,0.05,5,469638219
8709,44,5000,weak,grib_migration_matrix_4pop_weak.csv,0.05,5,469638219
8710,45,5000,weak,grib_migration_matrix_4pop_weak.csv,0.05,5,469638219
8711,46,5000,weak,grib_migration_matrix_4pop_weak.csv,0.05,5,469638219
8712,47,5000,weak,grib_migration_matrix_4pop_weak.csv,0.05,5,469638219
8713,48,5000,weak,grib_migration_matrix_4pop_weak.csv,0.05,5,469638219
8714,49,5000,weak,grib_migration_matrix_4pop_weak.csv,0.05,5,469638219
8715,50,5000,weak,grib_migration_matrix_4pop_weak.csv,0.05,5,469638219
8716,51,5000,weak,grib_migration_matrix_4pop_weak.csv,0.05,5,469638219
8717,52,5000,weak,grib_migration_matrix_4pop_weak.csv,0.05,5,469638219
8718,53,5000,weak,grib_migration_matrix_4pop_weak.csv,0.05,5,469638219
8719,54,5000,weak,grib_migration_matrix_4pop_weak.csv,0.05,5,469638219
8720,55,5000,weak,grib_migration_matrix_4pop_weak.csv,0.05,5,469638219
8721,56,5000,weak,grib_migration_matrix_4pop_weak.csv,0.05,5,469638219
8722,57,5000,weak,grib_migration_matrix_4pop_weak.csv,0.05,5,469638219
8723,58,5000,weak,grib_migration_matrix_4pop_weak.csv,0.05,5,469638219
8724,59,5000,weak,grib_migration_matrix_4pop_weak.csv,0.05,5,469638219
8725,60,5000,weak,grib_migration_matrix_4pop_weak.csv,0.05,5,469638219
8726,61,5000,weak,grib_migration_matrix_4pop_weak.csv,0.05,5,469638219
8727,62,5000,weak,grib_migration_matrix_4pop_weak.csv,0.05,5,469638219
8728,63,5000,weak,grib_migration_matrix_4pop_weak.csv,0.05,5,469638219
8729,64,5000,weak,grib_migration_matrix_4pop_weak.csv,0.05,5,469638219
8730,65,5000,weak,grib_migration_matrix_4pop_weak.csv,0.05,5,469638219
8731,66,5000,weak,grib_migration_matrix_4pop_weak.csv,0.05,5,469638219
8732,67,5000,weak,grib_migration_matrix_4pop_weak.csv,0.05,5,469638219
8733,68,5000,weak,grib_migration_matrix_4pop_weak.csv,0.05,5,469638219
8734,69,5000,weak,grib_migration_matrix_4pop_weak.csv,0.05,5,469638219
8735,70,5000,weak,grib_migration_matrix_4pop_weak.csv,0.05,5,469638219
8736,71,5000,weak,grib_migration_matrix_4pop_weak.csv,0.05,5,469638219
8737,72,5000,weak,grib_migration_matrix_4pop_weak.csv,0.05,5,469638219
8738,73,5000,weak,grib_migration_matrix_4pop_weak.csv,0.05,5,469638219
8739,74,5000,weak,grib_migration_matrix_4pop_weak.csv,0.05,5,469638219
8740,75,5000,weak,grib_migration_matrix_4pop_weak.csv,0.05,5,469638219
8741,0,5000,weak,grib_migration_matrix_4pop_weak.csv,0.05,6,393795493
8742,1,5000,weak,grib_migration_matrix_4pop_weak.csv,0.05,6,393795493
8743,2,5000,weak,grib_migration_matrix_4pop_weak.csv,0.05,6,393795493
8744,3,5000,weak,grib_migration_matrix_4pop_weak.csv,0.05,6,393795493
8745,4,5000,weak,grib_migration_matrix_4pop_weak.csv,0.05,6,393795493
8746,5,5000,weak,grib_migration_matrix_4pop_weak.csv,0.05,6,393795493
8747,6,5000,weak,grib_migration_matrix_4pop_weak.csv,0.05,6,393795493
8748,7,5000,weak,grib_migration_matrix_4pop_weak.csv,0.05,6,393795493
8749,8,5000,weak,grib_migration_matrix_4pop_weak.csv,0.05,6,393795493
8750,9,5000,weak,grib_migration_matrix_4pop_weak.csv,0.05,6,393795493
8751,10,5000,weak,grib_migration_matrix_4pop_weak.csv,0.05,6,393795493
8752,11,5000,weak,grib_migration_matrix_4pop_weak.csv,0.05,6,393795493
8753,12,5000,weak,grib_migration_matrix_4pop_weak.csv,0.05,6,393795493
8754,13,5000,weak,grib_migration_matrix_4pop_weak.csv,0.05,6,393795493
8755,14,5000,weak,grib_migration_matrix_4pop_weak.csv,0.05,6,393795493
8756,15,5000,weak,grib_migration_matrix_4pop_weak.csv,0.05,6,393795493
8757,16,5000,weak,grib_migration_matrix_4pop_weak.csv,0.05,6,393795493
8758,17,5000,weak,grib_migration_matrix_4pop_weak.csv,0.05,6,393795493
8759,18,5000,weak,grib_migration_matrix_4pop_weak.csv,0.05,6,393795493
8760,19,5000,weak,grib_migration_matrix_4pop_weak.csv,0.05,6,393795493
8761,20,5000,weak,grib_migration_matrix_4pop_weak.csv,0.05,6,393795493
8762,21,5000,weak,grib_migration_matrix_4pop_weak.csv,0.05,6,393795493
8763,22,5000,weak,grib_migration_matrix_4pop_weak.csv,0.05,6,393795493
8764,23,5000,weak,grib_migration_matrix_4pop_weak.csv,0.05,6,393795493
8765,24,5000,weak,grib_migration_matrix_4pop_weak.csv,0.05,6,393795493
8766,25,5000,weak,grib_migration_matrix_4pop_weak.csv,0.05,6,393795493
8767,26,5000,weak,grib_migration_matrix_4pop_weak.csv,0.05,6,393795493
8768,27,5000,weak,grib_migration_matrix_4pop_weak.csv,0.05,6,393795493
8769,28,5000,weak,grib_migration_matrix_4pop_weak.csv,0.05,6,393795493
8770,29,5000,weak,grib_migration_matrix_4pop_weak.csv,0.05,6,393795493
8771,30,5000,weak,grib_migration_matrix_4pop_weak.csv,0.05,6,393795493
8772,31,5000,weak,grib_migration_matrix_4pop_weak.csv,0.05,6,393795493
8773,32,5000,weak,grib_migration_matrix_4pop_weak.csv,0.05,6,393795493
8774,33,5000,weak,grib_migration_matrix_4pop_weak.csv,0.05,6,393795493
8775,34,5000,weak,grib_migration_matrix_4pop_weak.csv,0.05,6,393795493
8776,35,5000,weak,grib_migration_matrix_4pop_weak.csv,0.05,6,393795493
8777,36,5000,weak,grib_migration_matrix_4pop_weak.csv,0.05,6,393795493
8778,37,5000,weak,grib_migration_matrix_4pop_weak.csv,0.05,6,393795493
8779,38,5000,weak,grib_migration_matrix_4pop_weak.csv,0.05,6,393795493
8780,39,5000,weak,grib_migration_matrix_4pop_weak.csv,0.05,6,393795493
8781,40,5000,weak,grib_migration_matrix_4pop_weak.csv,0.05,6,393795493
8782,41,5000,weak,grib_migration_matrix_4pop_weak.csv,0.05,6,393795493
8783,42,5000,weak,grib_migration_matrix_4pop_weak.csv,0.05,6,393795493
8784,43,5000,weak,grib_migration_matrix_4pop_weak.csv,0.05,6,393795493
8785,44,5000,weak,grib_migration_matrix_4pop_weak.csv,0.05,6,393795493
8786,45,5000,weak,grib_migration_matrix_4pop_weak.csv,0.05,6,393795493
8787,46,5000,weak,grib_migration_matrix_4pop_weak.csv,0.05,6,393795493
8788,47,5000,weak,grib_migration_matrix_4pop_weak.csv,0.05,6,393795493
8789,48,5000,weak,grib_migration_matrix_4pop_weak.csv,0.05,6,393795493
8790,49,5000,weak,grib_migration_matrix_4pop_weak.csv,0.05,6,393795493
8791,50,5000,weak,grib_migration_matrix_4pop_weak.csv,0.05,6,393795493
8792,51,5000,weak,grib_migration_matrix_4pop_weak.csv,0.05,6,393795493
8793,52,5000,weak,grib_migration_matrix_4pop_weak.csv,0.05,6,393795493
8794,53,5000,weak,grib_migration_matrix_4pop_weak.csv,0.05,6,393795493
8795,54,5000,weak,grib_migration_matrix_4pop_weak.csv,0.05,6,393795493
8796,55,5000,weak,grib_migration_matrix_4pop_weak.csv,0.05,6,393795493
8797,56,5000,weak,grib_migration_matrix_4pop_weak.csv,0.05,6,393795493
8798,57,5000,weak,grib_migration_matrix_4pop_weak.csv,0.05,6,393795493
8799,58,5000,weak,grib_migration_matrix_4pop_weak.csv,0.05,6,393795493
8800,59,5000,weak,grib_migration_matrix_4pop_weak.csv,0.05,6,393795493
8801,60,5000,weak,grib_migration_matrix_4pop_weak.csv,0.05,6,393795493
8802,61,5000,weak,grib_migration_matrix_4pop_weak.csv,0.05,6,393795493
8803,62,5000,weak,grib_migration_matrix_4pop_weak.csv,0.05,6,393795493
8804,63,5000,weak,grib_migration_matrix_4pop_weak.csv,0.05,6,393795493
8805,64,5000,weak,grib_migration_matrix_4pop_weak.csv,0.05,6,393795493
8806,65,5000,weak,grib_migration_matrix_4pop_weak.csv,0.05,6,393795493
8807,66,5000,weak,grib_migration_matrix_4pop_weak.csv,0.05,6,393795493
8808,67,5000,weak,grib_migration_matrix_4pop_weak.csv,0.05,6,393795493
8809,68,5000,weak,grib_migration_matrix_4pop_weak.csv,0.05,6,393795493
8810,69,5000,weak,grib_migration_matrix_4pop_weak.csv,0.05,6,393795493
8811,70,5000,weak,grib_migration_matrix_4pop_weak.csv,0.05,6,393795493
8812,71,5000,weak,grib_migration_matrix_4pop_weak.csv,0.05,6,393795493
8813,72,5000,weak,grib_migration_matrix_4pop_weak.csv,0.05,6,393795493
8814,73,5000,weak,grib_migration_matrix_4pop_weak.csv,0.05,6,393795493
8815,74,5000,weak,grib_migration_matrix_4pop_weak.csv,0.05,6,393795493
8816,75,5000,weak,grib_migration_matrix_4pop_weak.csv,0.05,6,393795493
8817,0,5000,weak,grib_migration_matrix_4pop_weak.csv,0.05,7,1432719682
8818,1,5000,weak,grib_migration_matrix_4pop_weak.csv,0.05,7,1432719682
8819,2,5000,weak,grib_migration_matrix_4pop_weak.csv,0.05,7,1432719682
8820,3,5000,weak,grib_migration_matrix_4pop_weak.csv,0.05,7,1432719682
8821,4,5000,weak,grib_migration_matrix_4pop_weak.csv,0.05,7,1432719682
8822,5,5000,weak,grib_migration_matrix_4pop_weak.csv,0.05,7,1432719682
8823,6,5000,weak,grib_migration_matrix_4pop_weak.csv,0.05,7,1432719682
8824,7,5000,weak,grib_migration_matrix_4pop_weak.csv,0.05,7,1432719682
8825,8,5000,weak,grib_migration_matrix_4pop_weak.csv,0.05,7,1432719682
8826,9,5000,weak,grib_migration_matrix_4pop_weak.csv,0.05,7,1432719682
8827,10,5000,weak,grib_migration_matrix_4pop_weak.csv,0.05,7,1432719682
8828,11,5000,weak,grib_migration_matrix_4pop_weak.csv,0.05,7,1432719682
8829,12,5000,weak,grib_migration_matrix_4pop_weak.csv,0.05,7,1432719682
8830,13,5000,weak,grib_migration_matrix_4pop_weak.csv,0.05,7,1432719682
8831,14,5000,weak,grib_migration_matrix_4pop_weak.csv,0.05,7,1432719682
8832,15,5000,weak,grib_migration_matrix_4pop_weak.csv,0.05,7,1432719682
8833,16,5000,weak,grib_migration_matrix_4pop_weak.csv,0.05,7,1432719682
8834,17,5000,weak,grib_migration_matrix_4pop_weak.csv,0.05,7,1432719682
8835,18,5000,weak,grib_migration_matrix_4pop_weak.csv,0.05,7,1432719682
8836,19,5000,weak,grib_migration_matrix_4pop_weak.csv,0.05,7,1432719682
8837,20,5000,weak,grib_migration_matrix_4pop_weak.csv,0.05,7,1432719682
8838,21,5000,weak,grib_migration_matrix_4pop_weak.csv,0.05,7,1432719682
8839,22,5000,weak,grib_migration_matrix_4pop_weak.csv,0.05,7,1432719682
8840,23,5000,weak,grib_migration_matrix_4pop_weak.csv,0.05,7,1432719682
8841,24,5000,weak,grib_migration_matrix_4pop_weak.csv,0.05,7,1432719682
8842,25,5000,weak,grib_migration_matrix_4pop_weak.csv,0.05,7,1432719682
8843,26,5000,weak,grib_migration_matrix_4pop_weak.csv,0.05,7,1432719682
8844,27,5000,weak,grib_migration_matrix_4pop_weak.csv,0.05,7,1432719682
8845,28,5000,weak,grib_migration_matrix_4pop_weak.csv,0.05,7,1432719682
8846,29,5000,weak,grib_migration_matrix_4pop_weak.csv,0.05,7,1432719682
8847,30,5000,weak,grib_migration_matrix_4pop_weak.csv,0.05,7,1432719682
8848,31,5000,weak,grib_migration_matrix_4pop_weak.csv,0.05,7,1432719682
8849,32,5000,weak,grib_migration_matrix_4pop_weak.csv,0.05,7,1432719682
8850,33,5000,weak,grib_migration_matrix_4pop_weak.csv,0.05,7,1432719682
8851,34,5000,weak,grib_migration_matrix_4pop_weak.csv,0.05,7,1432719682
8852,35,5000,weak,grib_migration_matrix_4pop_weak.csv,0.05,7,1432719682
8853,36,5000,weak,grib_migration_matrix_4pop_weak.csv,0.05,7,1432719682
8854,37,5000,weak,grib_migration_matrix_4pop_weak.csv,0.05,7,1432719682
8855,38,5000,weak,grib_migration_matrix_4pop_weak.csv,0.05,7,1432719682
8856,39,5000,weak,grib_migration_matrix_4pop_weak.csv,0.05,7,1432719682
8857,40,5000,weak,grib_migration_matrix_4pop_weak.csv,0.05,7,1432719682
8858,41,5000,weak,grib_migration_matrix_4pop_weak.csv,0.05,7,1432719682
8859,42,5000,weak,grib_migration_matrix_4pop_weak.csv,0.05,7,1432719682
8860,43,5000,weak,grib_migration_matrix_4pop_weak.csv,0.05,7,1432719682
8861,44,5000,weak,grib_migration_matrix_4pop_weak.csv,0.05,7,1432719682
8862,45,5000,weak,grib_migration_matrix_4pop_weak.csv,0.05,7,1432719682
8863,46,5000,weak,grib_migration_matrix_4pop_weak.csv,0.05,7,1432719682
8864,47,5000,weak,grib_migration_matrix_4pop_weak.csv,0.05,7,1432719682
8865,48,5000,weak,grib_migration_matrix_4pop_weak.csv,0.05,7,1432719682
8866,49,5000,weak,grib_migration_matrix_4pop_weak.csv,0.05,7,1432719682
8867,50,5000,weak,grib_migration_matrix_4pop_weak.csv,0.05,7,1432719682
8868,51,5000,weak,grib_migration_matrix_4pop_weak.csv,0.05,7,1432719682
8869,52,5000,weak,grib_migration_matrix_4pop_weak.csv,0.05,7,1432719682
8870,53,5000,weak,grib_migration_matrix_4pop_weak.csv,0.05,7,1432719682
8871,54,5000,weak,grib_migration_matrix_4pop_weak.csv,0.05,7,1432719682
8872,55,5000,weak,grib_migration_matrix_4pop_weak.csv,0.05,7,1432719682
8873,56,5000,weak,grib_migration_matrix_4pop_weak.csv,0.05,7,1432719682
8874,57,5000,weak,grib_migration_matrix_4pop_weak.csv,0.05,7,1432719682
8875,58,5000,weak,grib_migration_matrix_4pop_weak.csv,0.05,7,1432719682
8876,59,5000,weak,grib_migration_matrix_4pop_weak.csv,0.05,7,1432719682
8877,60,5000,weak,grib_migration_matrix_4pop_weak.csv,0.05,7,1432719682
8878,61,5000,weak,grib_migration_matrix_4pop_weak.csv,0.05,7,1432719682
8879,62,5000,weak,grib_migration_matrix_4pop_weak.csv,0.05,7,1432719682
8880,63,5000,weak,grib_migration_matrix_4pop_weak.csv,0.05,7,1432719682
8881,64,5000,weak,grib_migration_matrix_4pop_weak.csv,0.05,7,1432719682
8882,65,5000,weak,grib_migration_matrix_4pop_weak.csv,0.05,7,1432719682
8883,66,5000,weak,grib_migration_matrix_4pop_weak.csv,0.05,7,1432719682
8884,67,5000,weak,grib_migration_matrix_4pop_weak.csv,0.05,7,1432719682
8885,68,5000,weak,grib_migration_matrix_4pop_weak.csv,0.05,7,1432719682
8886,69,5000,weak,grib_migration_matrix_4pop_weak.csv,0.05,7,1432719682
8887,70,5000,weak,grib_migration_matrix_4pop_weak.csv,0.05,7,1432719682
8888,71,5000,weak,grib_migration_matrix_4pop_weak.csv,0.05,7,1432719682
8889,72,5000,weak,grib_migration_matrix_4pop_weak.csv,0.05,7,1432719682
8890,73,5000,weak,grib_migration_matrix_4pop_weak.csv,0.05,7,1432719682
8891,74,5000,weak,grib_migration_matrix_4pop_weak.csv,0.05,7,1432719682
8892,75,5000,weak,grib_migration_matrix_4pop_weak.csv,0.05,7,1432719682
8893,0,5000,weak,grib_migration_matrix_4pop_weak.csv,0.05,8,781875271
8894,1,5000,weak,grib_migration_matrix_4pop_weak.csv,0.05,8,781875271
8895,2,5000,weak,grib_migration_matrix_4pop_weak.csv,0.05,8,781875271
8896,3,5000,weak,grib_migration_matrix_4pop_weak.csv,0.05,8,781875271
8897,4,5000,weak,grib_migration_matrix_4pop_weak.csv,0.05,8,781875271
8898,5,5000,weak,grib_migration_matrix_4pop_weak.csv,0.05,8,781875271
8899,6,5000,weak,grib_migration_matrix_4pop_weak.csv,0.05,8,781875271
8900,7,5000,weak,grib_migration_matrix_4pop_weak.csv,0.05,8,781875271
8901,8,5000,weak,grib_migration_matrix_4pop_weak.csv,0.05,8,781875271
8902,9,5000,weak,grib_migration_matrix_4pop_weak.csv,0.05,8,781875271
8903,10,5000,weak,grib_migration_matrix_4pop_weak.csv,0.05,8,781875271
8904,11,5000,weak,grib_migration_matrix_4pop_weak.csv,0.05,8,781875271
8905,12,5000,weak,grib_migration_matrix_4pop_weak.csv,0.05,8,781875271
8906,13,5000,weak,grib_migration_matrix_4pop_weak.csv,0.05,8,781875271
8907,14,5000,weak,grib_migration_matrix_4pop_weak.csv,0.05,8,781875271
8908,15,5000,weak,grib_migration_matrix_4pop_weak.csv,0.05,8,781875271
8909,16,5000,weak,grib_migration_matrix_4pop_weak.csv,0.05,8,781875271
8910,17,5000,weak,grib_migration_matrix_4pop_weak.csv,0.05,8,781875271
8911,18,5000,weak,grib_migration_matrix_4pop_weak.csv,0.05,8,781875271
8912,19,5000,weak,grib_migration_matrix_4pop_weak.csv,0.05,8,781875271
8913,20,5000,weak,grib_migration_matrix_4pop_weak.csv,0.05,8,781875271
8914,21,5000,weak,grib_migration_matrix_4pop_weak.csv,0.05,8,781875271
8915,22,5000,weak,grib_migration_matrix_4pop_weak.csv,0.05,8,781875271
8916,23,5000,weak,grib_migration_matrix_4pop_weak.csv,0.05,8,781875271
8917,24,5000,weak,grib_migration_matrix_4pop_weak.csv,0.05,8,781875271
8918,25,5000,weak,grib_migration_matrix_4pop_weak.csv,0.05,8,781875271
8919,26,5000,weak,grib_migration_matrix_4pop_weak.csv,0.05,8,781875271
8920,27,5000,weak,grib_migration_matrix_4pop_weak.csv,0.05,8,781875271
8921,28,5000,weak,grib_migration_matrix_4pop_weak.csv,0.05,8,781875271
8922,29,5000,weak,grib_migration_matrix_4pop_weak.csv,0.05,8,781875271
8923,30,5000,weak,grib_migration_matrix_4pop_weak.csv,0.05,8,781875271
8924,31,5000,weak,grib_migration_matrix_4pop_weak.csv,0.05,8,781875271
8925,32,5000,weak,grib_migration_matrix_4pop_weak.csv,0.05,8,781875271
8926,33,5000,weak,grib_migration_matrix_4pop_weak.csv,0.05,8,781875271
8927,34,5000,weak,grib_migration_matrix_4pop_weak.csv,0.05,8,781875271
8928,35,5000,weak,grib_migration_matrix_4pop_weak.csv,0.05,8,781875271
8929,36,5000,weak,grib_migration_matrix_4pop_weak.csv,0.05,8,781875271
8930,37,5000,weak,grib_migration_matrix_4pop_weak.csv,0.05,8,781875271
8931,38,5000,weak,grib_migration_matrix_4pop_weak.csv,0.05,8,781875271
8932,39,5000,weak,grib_migration_matrix_4pop_weak.csv,0.05,8,781875271
8933,40,5000,weak,grib_migration_matrix_4pop_weak.csv,0.05,8,781875271
8934,41,5000,weak,grib_migration_matrix_4pop_weak.csv,0.05,8,781875271
8935,42,5000,weak,grib_migration_matrix_4pop_weak.csv,0.05,8,781875271
8936,43,5000,weak,grib_migration_matrix_4pop_weak.csv,0.05,8,781875271
8937,44,5000,weak,grib_migration_matrix_4pop_weak.csv,0.05,8,781875271
8938,45,5000,weak,grib_migration_matrix_4pop_weak.csv,0.05,8,781875271
8939,46,5000,weak,grib_migration_matrix_4pop_weak.csv,0.05,8,781875271
8940,47,5000,weak,grib_migration_matrix_4pop_weak.csv,0.05,8,781875271
8941,48,5000,weak,grib_migration_matrix_4pop_weak.csv,0.05,8,781875271
8942,49,5000,weak,grib_migration_matrix_4pop_weak.csv,0.05,8,781875271
8943,50,5000,weak,grib_migration_matrix_4pop_weak.csv,0.05,8,781875271
8944,51,5000,weak,grib_migration_matrix_4pop_weak.csv,0.05,8,781875271
8945,52,5000,weak,grib_migration_matrix_4pop_weak.csv,0.05,8,781875271
8946,53,5000,weak,grib_migration_matrix_4pop_weak.csv,0.05,8,781875271
8947,54,5000,weak,grib_migration_matrix_4pop_weak.csv,0.05,8,781875271
8948,55,5000,weak,grib_migration_matrix_4pop_weak.csv,0.05,8,781875271
8949,56,5000,weak,grib_migration_matrix_4pop_weak.csv,0.05,8,781875271
8950,57,5000,weak,grib_migration_matrix_4pop_weak.csv,0.05,8,781875271
8951,58,5000,weak,grib_migration_matrix_4pop_weak.csv,0.05,8,781875271
8952,59,5000,weak,grib_migration_matrix_4pop_weak.csv,0.05,8,781875271
8953,60,5000,weak,grib_migration_matrix_4pop_weak.csv,0.05,8,781875271
8954,61,5000,weak,grib_migration_matrix_4pop_weak.csv,0.05,8,781875271
8955,62,5000,weak,grib_migration_matrix_4pop_weak.csv,0.05,8,781875271
8956,63,5000,weak,grib_migration_matrix_4pop_weak.csv,0.05,8,781875271
8957,64,5000,weak,grib_migration_matrix_4pop_weak.csv,0.05,8,781875271
8958,65,5000,weak,grib_migration_matrix_4pop_weak.csv,0.05,8,781875271
8959,66,5000,weak,grib_migration_matrix_4pop_weak.csv,0.05,8,781875271
8960,67,5000,weak,grib_migration_matrix_4pop_weak.csv,0.05,8,781875271
8961,68,5000,weak,grib_migration_matrix_4pop_weak.csv,0.05,8,781875271
8962,69,5000,weak,grib_migration_matrix_4pop_weak.csv,0.05,8,781875271
8963,70,5000,weak,grib_migration_matrix_4pop_weak.csv,0.05,8,781875271
8964,71,5000,weak,grib_migration_matrix_4pop_weak.csv,0.05,8,781875271
8965,72,5000,weak,grib_migration_matrix_4pop_weak.csv,0.05,8,781875271
8966,73,5000,weak,grib_migration_matrix_4pop_weak.csv,0.05,8,781875271
8967,74,5000,weak,grib_migration_matrix_4pop_weak.csv,0.05,8,781875271
8968,75,5000,weak,grib_migration_matrix_4pop_weak.csv,0.05,8,781875271
8969,0,5000,weak,grib_migration_matrix_4pop_weak.csv,0.05,9,562101424
8970,1,5000,weak,grib_migration_matrix_4pop_weak.csv,0.05,9,562101424
8971,2,5000,weak,grib_migration_matrix_4pop_weak.csv,0.05,9,562101424
8972,3,5000,weak,grib_migration_matrix_4pop_weak.csv,0.05,9,562101424
8973,4,5000,weak,grib_migration_matrix_4pop_weak.csv,0.05,9,562101424
8974,5,5000,weak,grib_migration_matrix_4pop_weak.csv,0.05,9,562101424
8975,6,5000,weak,grib_migration_matrix_4pop_weak.csv,0.05,9,562101424
8976,7,5000,weak,grib_migration_matrix_4pop_weak.csv,0.05,9,562101424
8977,8,5000,weak,grib_migration_matrix_4pop_weak.csv,0.05,9,562101424
8978,9,5000,weak,grib_migration_matrix_4pop_weak.csv,0.05,9,562101424
8979,10,5000,weak,grib_migration_matrix_4pop_weak.csv,0.05,9,562101424
8980,11,5000,weak,grib_migration_matrix_4pop_weak.csv,0.05,9,562101424
8981,12,5000,weak,grib_migration_matrix_4pop_weak.csv,0.05,9,562101424
8982,13,5000,weak,grib_migration_matrix_4pop_weak.csv,0.05,9,562101424
8983,14,5000,weak,grib_migration_matrix_4pop_weak.csv,0.05,9,562101424
8984,15,5000,weak,grib_migration_matrix_4pop_weak.csv,0.05,9,562101424
8985,16,5000,weak,grib_migration_matrix_4pop_weak.csv,0.05,9,562101424
8986,17,5000,weak,grib_migration_matrix_4pop_weak.csv,0.05,9,562101424
8987,18,5000,weak,grib_migration_matrix_4pop_weak.csv,0.05,9,562101424
8988,19,5000,weak,grib_migration_matrix_4pop_weak.csv,0.05,9,562101424
8989,20,5000,weak,grib_migration_matrix_4pop_weak.csv,0.05,9,562101424
8990,21,5000,weak,grib_migration_matrix_4pop_weak.csv,0.05,9,562101424
8991,22,5000,weak,grib_migration_matrix_4pop_weak.csv,0.05,9,562101424
8992,23,5000,weak,grib_migration_matrix_4pop_weak.csv,0.05,9,562101424
8993,24,5000,weak,grib_migration_matrix_4pop_weak.csv,0.05,9,562101424
8994,25,5000,weak,grib_migration_matrix_4pop_weak.csv,0.05,9,562101424
8995,26,5000,weak,grib_migration_matrix_4pop_weak.csv,0.05,9,562101424
8996,27,5000,weak,grib_migration_matrix_4pop_weak.csv,0.05,9,562101424
8997,28,5000,weak,grib_migration_matrix_4pop_weak.csv,0.05,9,562101424
8998,29,5000,weak,grib_migration_matrix_4pop_weak.csv,0.05,9,562101424
8999,30,5000,weak,grib_migration_matrix_4pop_weak.csv,0.05,9,562101424
9000,31,5000,weak,grib_migration_matrix_4pop_weak.csv,0.05,9,562101424
9001,32,5000,weak,grib_migration_matrix_4pop_weak.csv,0.05,9,562101424
9002,33,5000,weak,grib_migration_matrix_4pop_weak.csv,0.05,9,562101424
9003,34,5000,weak,grib_migration_matrix_4pop_weak.csv,0.05,9,562101424
9004,35,5000,weak,grib_migration_matrix_4pop_weak.csv,0.05,9,562101424
9005,36,5000,weak,grib_migration_matrix_4pop_weak.csv,0.05,9,562101424
9006,37,5000,weak,grib_migration_matrix_4pop_weak.csv,0.05,9,562101424
9007,38,5000,weak,grib_migration_matrix_4pop_weak.csv,0.05,9,562101424
9008,39,5000,weak,grib_migration_matrix_4pop_weak.csv,0.05,9,562101424
9009,40,5000,weak,grib_migration_matrix_4pop_weak.csv,0.05,9,562101424
9010,41,5000,weak,grib_migration_matrix_4pop_weak.csv,0.05,9,562101424
9011,42,5000,weak,grib_migration_matrix_4pop_weak.csv,0.05,9,562101424
9012,43,5000,weak,grib_migration_matrix_4pop_weak.csv,0.05,9,562101424
9013,44,5000,weak,grib_migration_matrix_4pop_weak.csv,0.05,9,562101424
9014,45,5000,weak,grib_migration_matrix_4pop_weak.csv,0.05,9,562101424
9015,46,5000,weak,grib_migration_matrix_4pop_weak.csv,0.05,9,562101424
9016,47,5000,weak,grib_migration_matrix_4pop_weak.csv,0.05,9,562101424
9017,48,5000,weak,grib_migration_matrix_4pop_weak.csv,0.05,9,562101424
9018,49,5000,weak,grib_migration_matrix_4pop_weak.csv,0.05,9,562101424
9019,50,5000,weak,grib_migration_matrix_4pop_weak.csv,0.05,9,562101424
9020,51,5000,weak,grib_migration_matrix_4pop_weak.csv,0.05,9,562101424
9021,52,5000,weak,grib_migration_matrix_4pop_weak.csv,0.05,9,562101424
9022,53,5000,weak,grib_migration_matrix_4pop_weak.csv,0.05,9,562101424
9023,54,5000,weak,grib_migration_matrix_4pop_weak.csv,0.05,9,562101424
9024,55,5000,weak,grib_migration_matrix_4pop_weak.csv,0.05,9,562101424
9025,56,5000,weak,grib_migration_matrix_4pop_weak.csv,0.05,9,562101424
9026,57,5000,weak,grib_migration_matrix_4pop_weak.csv,0.05,9,562101424
9027,58,5000,weak,grib_migration_matrix_4pop_weak.csv,0.05,9,562101424
9028,59,5000,weak,grib_migration_matrix_4pop_weak.csv,0.05,9,562101424
9029,60,5000,weak,grib_migration_matrix_4pop_weak.csv,0.05,9,562101424
9030,61,5000,weak,grib_migration_matrix_4pop_weak.csv,0.05,9,562101424
9031,62,5000,weak,grib_migration_matrix_4pop_weak.csv,0.05,9,562101424
9032,63,5000,weak,grib_migration_matrix_4pop_weak.csv,0.05,9,562101424
9033,64,5000,weak,grib_migration_matrix_4pop_weak.csv,0.05,9,562101424
9034,65,5000,weak,grib_migration_matrix_4pop_weak.csv,0.05,9,562101424
9035,66,5000,weak,grib_migration_matrix_4pop_weak.csv,0.05,9,562101424
9036,67,5000,weak,grib_migration_matrix_4pop_weak.csv,0.05,9,562101424
9037,68,5000,weak,grib_migration_matrix_4pop_weak.csv,0.05,9,562101424
9038,69,5000,weak,grib_migration_matrix_4pop_weak.csv,0.05,9,562101424
9039,70,5000,weak,grib_migration_matrix_4pop_weak.csv,0.05,9,562101424
9040,71,5000,weak,grib_migration_matrix_4pop_weak.csv,0.05,9,562101424
9041,72,5000,weak,grib_migration_matrix_4pop_weak.csv,0.05,9,562101424
9042,73,5000,weak,grib_migration_matrix_4pop_weak.csv,0.05,9,562101424
9043,74,5000,weak,grib_migration_matrix_4pop_weak.csv,0.05,9,562101424
9044,75,5000,weak,grib_migration_matrix_4pop_weak.csv,0.05,9,562101424
9045,0,5000,weak,grib_migration_matrix_4pop_weak.csv,0.05,10,1175233605
9046,1,5000,weak,grib_migration_matrix_4pop_weak.csv,0.05,10,1175233605
9047,2,5000,weak,grib_migration_matrix_4pop_weak.csv,0.05,10,1175233605
9048,3,5000,weak,grib_migration_matrix_4pop_weak.csv,0.05,10,1175233605
9049,4,5000,weak,grib_migration_matrix_4pop_weak.csv,0.05,10,1175233605
9050,5,5000,weak,grib_migration_matrix_4pop_weak.csv,0.05,10,1175233605
9051,6,5000,weak,grib_migration_matrix_4pop_weak.csv,0.05,10,1175233605
9052,7,5000,weak,grib_migration_matrix_4pop_weak.csv,0.05,10,1175233605
9053,8,5000,weak,grib_migration_matrix_4pop_weak.csv,0.05,10,1175233605
9054,9,5000,weak,grib_migration_matrix_4pop_weak.csv,0.05,10,1175233605
9055,10,5000,weak,grib_migration_matrix_4pop_weak.csv,0.05,10,1175233605
9056,11,5000,weak,grib_migration_matrix_4pop_weak.csv,0.05,10,1175233605
9057,12,5000,weak,grib_migration_matrix_4pop_weak.csv,0.05,10,1175233605
9058,13,5000,weak,grib_migration_matrix_4pop_weak.csv,0.05,10,1175233605
9059,14,5000,weak,grib_migration_matrix_4pop_weak.csv,0.05,10,1175233605
9060,15,5000,weak,grib_migration_matrix_4pop_weak.csv,0.05,10,1175233605
9061,16,5000,weak,grib_migration_matrix_4pop_weak.csv,0.05,10,1175233605
9062,17,5000,weak,grib_migration_matrix_4pop_weak.csv,0.05,10,1175233605
9063,18,5000,weak,grib_migration_matrix_4pop_weak.csv,0.05,10,1175233605
9064,19,5000,weak,grib_migration_matrix_4pop_weak.csv,0.05,10,1175233605
9065,20,5000,weak,grib_migration_matrix_4pop_weak.csv,0.05,10,1175233605
9066,21,5000,weak,grib_migration_matrix_4pop_weak.csv,0.05,10,1175233605
9067,22,5000,weak,grib_migration_matrix_4pop_weak.csv,0.05,10,1175233605
9068,23,5000,weak,grib_migration_matrix_4pop_weak.csv,0.05,10,1175233605
9069,24,5000,weak,grib_migration_matrix_4pop_weak.csv,0.05,10,1175233605
9070,25,5000,weak,grib_migration_matrix_4pop_weak.csv,0.05,10,1175233605
9071,26,5000,weak,grib_migration_matrix_4pop_weak.csv,0.05,10,1175233605
9072,27,5000,weak,grib_migration_matrix_4pop_weak.csv,0.05,10,1175233605
9073,28,5000,weak,grib_migration_matrix_4pop_weak.csv,0.05,10,1175233605
9074,29,5000,weak,grib_migration_matrix_4pop_weak.csv,0.05,10,1175233605
9075,30,5000,weak,grib_migration_matrix_4pop_weak.csv,0.05,10,1175233605
9076,31,5000,weak,grib_migration_matrix_4pop_weak.csv,0.05,10,1175233605
9077,32,5000,weak,grib_migration_matrix_4pop_weak.csv,0.05,10,1175233605
9078,33,5000,weak,grib_migration_matrix_4pop_weak.csv,0.05,10,1175233605
9079,34,5000,weak,grib_migration_matrix_4pop_weak.csv,0.05,10,1175233605
9080,35,5000,weak,grib_migration_matrix_4pop_weak.csv,0.05,10,1175233605
9081,36,5000,weak,grib_migration_matrix_4pop_weak.csv,0.05,10,1175233605
9082,37,5000,weak,grib_migration_matrix_4pop_weak.csv,0.05,10,1175233605
9083,38,5000,weak,grib_migration_matrix_4pop_weak.csv,0.05,10,1175233605
9084,39,5000,weak,grib_migration_matrix_4pop_weak.csv,0.05,10,1175233605
9085,40,5000,weak,grib_migration_matrix_4pop_weak.csv,0.05,10,1175233605
9086,41,5000,weak,grib_migration_matrix_4pop_weak.csv,0.05,10,1175233605
9087,42,5000,weak,grib_migration_matrix_4pop_weak.csv,0.05,10,1175233605
9088,43,5000,weak,grib_migration_matrix_4pop_weak.csv,0.05,10,1175233605
9089,44,5000,weak,grib_migration_matrix_4pop_weak.csv,0.05,10,1175233605
9090,45,5000,weak,grib_migration_matrix_4pop_weak.csv,0.05,10,1175233605
9091,46,5000,weak,grib_migration_matrix_4pop_weak.csv,0.05,10,1175233605
9092,47,5000,weak,grib_migration_matrix_4pop_weak.csv,0.05,10,1175233605
9093,48,5000,weak,grib_migration_matrix_4pop_weak.csv,0.05,10,1175233605
9094,49,5000,weak,grib_migration_matrix_4pop_weak.csv,0.05,10,1175233605
9095,50,5000,weak,grib_migration_matrix_4pop_weak.csv,0.05,10,1175233605
9096,51,5000,weak,grib_migration_matrix_4pop_weak.csv,0.05,10,1175233605
9097,52,5000,weak,grib_migration_matrix_4pop_weak.csv,0.05,10,1175233605
9098,53,5000,weak,grib_migration_matrix_4pop_weak.csv,0.05,10,1175233605
9099,54,5000,weak,grib_migration_matrix_4pop_weak.csv,0.05,10,1175233605
9100,55,5000,weak,grib_migration_matrix_4pop_weak.csv,0.05,10,1175233605
9101,56,5000,weak,grib_migration_matrix_4pop_weak.csv,0.05,10,1175233605
9102,57,5000,weak,grib_migration_matrix_4pop_weak.csv,0.05,10,1175233605
9103,58,5000,weak,grib_migration_matrix_4pop_weak.csv,0.05,10,1175233605
9104,59,5000,weak,grib_migration_matrix_4pop_weak.csv,0.05,10,1175233605
9105,60,5000,weak,grib_migration_matrix_4pop_weak.csv,0.05,10,1175233605
9106,61,5000,weak,grib_migration_matrix_4pop_weak.csv,0.05,10,1175233605
9107,62,5000,weak,grib_migration_matrix_4pop_weak.csv,0.05,10,1175233605
9108,63,5000,weak,grib_migration_matrix_4pop_weak.csv,0.05,10,1175233605
9109,64,5000,weak,grib_migration_matrix_4pop_weak.csv,0.05,10,1175233605
9110,65,5000,weak,grib_migration_matrix_4pop_weak.csv,0.05,10,1175233605
9111,66,5000,weak,grib_migration_matrix_4pop_weak.csv,0.05,10,1175233605
9112,67,5000,weak,grib_migration_matrix_4pop_weak.csv,0.05,10,1175233605
9113,68,5000,weak,grib_migration_matrix_4pop_weak.csv,0.05,10,1175233605
9114,69,5000,weak,grib_migration_matrix_4pop_weak.csv,0.05,10,1175233605
9115,70,5000,weak,grib_migration_matrix_4pop_weak.csv,0.05,10,1175233605
9116,71,5000,weak,grib_migration_matrix_4pop_weak.csv,0.05,10,1175233605
9117,72,5000,weak,grib_migration_matrix_4pop_weak.csv,0.05,10,1175233605
9118,73,5000,weak,grib_migration_matrix_4pop_weak.csv,0.05,10,1175233605
9119,74,5000,weak,grib_migration_matrix_4pop_weak.csv,0.05,10,1175233605
9120,75,5000,weak,grib_migration_matrix_4pop_weak.csv,0.05,10,1175233605
