15.9184,15.8811,15.8438,15.8065,15.7692,15.732,15.6947,15.6575,15.6203,15.5839,15.5569,15.5299,15.5029,15.4759,15.449,15.422,15.395,15.3681,15.3412,15.2708,15.1814,15.092,15.0027,14.9133,14.8239,14.7345,14.6451,14.5557,14.514,14.5732,14.6325,14.6919,14.7514,14.811,14.8705,14.93,14.9895,15.049,15.0948,15.1398,15.1847,15.2297,15.2747,15.3197,15.3647,15.4097,15.4547,15.4975,15.5386,15.5797,15.6209,15.662,15.7031,15.7443,15.7854,15.8265,15.84,15.7418,15.6436,15.5454,15.4472,15.3489,15.2507,15.1525,15.0543,14.9561,14.8112,14.6564,14.5016,14.3468,14.192,14.0372,13.8824,13.7277,13.5729,13.5011,13.5307,13.5606,13.5905,13.6205,13.6505,13.6806,13.7106,13.7407,13.7693,13.7789,13.7886,13.7982,13.8079,13.8176,13.8274,13.8372,13.847,13.8569,13.8934,13.9412,13.9889,14.0364,14.0839,14.1312,14.1784,14.2254,14.2723,14.2861,14.2311,14.1761,14.1212,14.0662,14.0112,13.9562,13.9013,13.8463,13.7914,13.7652,13.7405,13.7157,13.6908,13.6657,13.6406,13.6154,13.5901,13.5646,13.5618,13.5762,13.5907,13.6053,13.6199,13.6345,13.6492,13.664,13.6788,13.6862,13.6622,13.6381,13.614,13.5899,13.5659,13.5418,13.5177,13.4936,13.4695,13.4397,13.4078,13.3753,13.3422,13.3084,13.2739,13.2387,13.2027,13.1661,13.1211,13.0653,13.0092,12.9527,12.8958,12.8386,12.7809,12.7229,12.6646,12.606,12.5515,12.497,12.4424,12.3878,12.3332,12.2785,12.2237,12.1689,12.1141
15.9419,15.9043,15.8667,15.8292,15.7917,15.7541,15.7166,15.6792,15.6417,15.6052,15.5782,15.5512,15.5242,15.4972,15.4703,15.4433,15.4163,15.3894,15.3625,15.2917,15.2028,15.1139,15.025,14.936,14.8471,14.7582,14.6693,14.5804,14.5379,14.5899,14.6421,14.6944,14.7469,14.7994,14.852,14.9047,14.9575,15.0103,15.0559,15.1011,15.1463,15.1915,15.2367,15.2818,15.327,15.3721,15.4172,15.4589,15.498,15.5372,15.5763,15.6155,15.6546,15.6937,15.7328,15.7719,15.7852,15.6944,15.6035,15.5127,15.4218,15.331,15.2403,15.1495,15.0589,14.9683,14.827,14.6746,14.5222,14.3699,14.2176,14.0654,13.9132,13.761,13.6089,13.538,13.5689,13.6,13.631,13.6621,13.6932,13.7243,13.7555,13.7867,13.8166,13.8269,13.8373,13.8477,13.8582,13.8687,13.8792,13.8898,13.9004,13.911,13.9442,13.9874,14.0306,14.0736,14.1166,14.1593,14.202,14.2445,14.2869,14.2992,14.2443,14.1893,14.1343,14.0793,14.0243,13.9694,13.9144,13.8594,13.8045,13.7754,13.7482,13.7209,13.6936,13.6661,13.6385,13.6108,13.583,13.5551,13.5509,13.5665,13.5821,13.5978,13.6135,13.6293,13.6451,13.661,13.677,13.6864,13.6623,13.6383,13.6142,13.5901,13.566,13.542,13.5179,13.4938,13.4697,13.4317,13.3891,13.3459,13.3021,13.2575,13.2123,13.1664,13.1198,13.0724,13.0196,12.959,12.898,12.8367,12.775,12.7129,12.6505,12.5877,12.5245,12.4609,12.4065,12.3519,12.2974,12.2428,12.1881,12.1334,12.0787,12.0239,11.969
15.9653,15.9275,15.8897,15.8519,15.8141,15.7763,15.7385,15.7008,15.6631,15.6264,15.5994,15.5725,15.5455,15.5185,15.4915,15.4646,15.4376,15.4107,15.3838,15.3126,15.2241,15.1357,15.0473,14.9588,14.8704,14.7819,14.6935,14.605,14.5617,14.6066,14.6517,14.6968,14.7421,14.7875,14.833,14.8786,14.9242,14.9699,15.0152,15.0604,15.1056,15.1508,15.196,15.2411,15.2863,15.3314,15.3765,15.4169,15.4538,15.4907,15.5277,15.5646,15.6014,15.6383,15.6752,15.712,15.7253,15.6425,15.5597,15.477,15.3943,15.3116,15.2289,15.1463,15.0637,14.9812,14.8436,14.6937,14.5439,14.3941,14.2443,14.0945,13.9448,13.7951,13.6455,13.5751,13.6072,13.6393,13.6714,13.7036,13.7358,13.768,13.8003,13.8326,13.8638,13.8749,13.8861,13.8973,13.9085,13.9197,13.931,13.9424,13.9538,13.9652,13.9951,14.0338,14.0724,14.111,14.1494,14.1876,14.2258,14.2638,14.3017,14.3124,14.2574,14.2024,14.1474,14.0924,14.0374,13.9825,13.9275,13.8725,13.8176,13.7857,13.756,13.7263,13.6965,13.6665,13.6365,13.6063,13.5761,13.5457,13.5399,13.5566,13.5734,13.5902,13.6071,13.624,13.641,13.658,13.6751,13.6866,13.6625,13.6385,13.6144,13.5903,13.5662,13.5421,13.518,13.494,13.4699,13.4243,13.3711,13.3172,13.2626,13.2074,13.1514,13.0948,13.0375,12.9794,12.9184,12.853,12.7872,12.721,12.6545,12.5876,12.5204,12.4527,12.3847,12.3163,12.2614,12.2069,12.1523,12.0977,12.0431,11.9884,11.9337,11.8789,11.824
15.9888,15.9507,15.9126,15.8745,15.8365,15.7984,15.7604,15.7224,15.6844,15.6477,15.6207,15.5937,15.5668,15.5398,15.5128,15.4859,15.4589,15.432,15.4051,15.3335,15.2455,15.1576,15.0696,14.9816,14.8936,14.8057,14.7177,14.6297,14.5854,14.6232,14.6611,14.6991,14.7373,14.7755,14.8139,14.8523,14.8909,14.9295,14.9745,15.0197,15.0649,15.1101,15.1553,15.2004,15.2456,15.2907,15.3358,15.3749,15.4096,15.4443,15.479,15.5136,15.5483,15.5829,15.6175,15.6521,15.6653,15.5906,15.516,15.4413,15.3667,15.292,15.2175,15.1429,15.0684,14.994,14.8603,14.7129,14.5655,14.4182,14.2709,14.1236,13.9764,13.8292,13.6821,13.6123,13.6455,13.6787,13.7119,13.7451,13.7784,13.8118,13.8451,13.8785,13.911,13.9229,13.9348,13.9468,13.9588,13.9708,13.9828,13.995,14.0071,14.0193,14.0461,14.0803,14.1144,14.1484,14.1823,14.2161,14.2497,14.2832,14.3165,14.3255,14.2705,14.2155,14.1605,14.1055,14.0506,13.9956,13.9406,13.8856,13.8306,13.7961,13.764,13.7318,13.6995,13.6671,13.6346,13.602,13.5693,13.5364,13.5289,13.5467,13.5646,13.5826,13.6006,13.6187,13.6368,13.655,13.6732,13.6868,13.6627,13.6386,13.6145,13.5905,13.5664,13.5423,13.5182,13.4941,13.4701,13.4176,13.3537,13.2891,13.2238,13.1578,13.0912,13.0239,12.9559,12.8871,12.8175,12.7473,12.6767,12.6057,12.5344,12.4627,12.3906,12.3181,12.2453,12.1721,12.1163,12.0618,12.0073,11.9527,11.8981,11.8434,11.7886,11.7338,11.679
16.0122,15.9739,15.9355,15.8972,15.8589,15.8206,15.7823,15.744,15.7058,15.669,15.642,15.615,15.5881,15.5611,15.5341,15.5072,15.4802,15.4533,15.4264,15.3544,15.2669,15.1794,15.0919,15.0044,14.9169,14.8294,14.7419,14.6544,14.6089,14.6396,14.6704,14.7013,14.7324,14.7635,14.7947,14.826,14.8574,14.8889,14.9337,14.9789,15.0242,15.0694,15.1146,15.1597,15.2049,15.25,15.2952,15.3329,15.3654,15.3978,15.4303,15.4627,15.4951,15.5275,15.5599,15.5923,15.6053,15.5387,15.4721,15.4056,15.339,15.2725,15.206,15.1395,15.0731,15.0068,14.8769,14.732,14.5871,14.4423,14.2975,14.1527,14.008,13.8633,13.7186,13.6494,13.6837,13.718,13.7523,13.7866,13.821,13.8554,13.8899,13.9244,13.9582,13.9708,13.9835,13.9962,14.009,14.0218,14.0346,14.0475,14.0604,14.0734,14.0972,14.1269,14.1565,14.186,14.2154,14.2446,14.2737,14.3027,14.3316,14.3387,14.2837,14.2287,14.1737,14.1187,14.0637,14.0087,13.9537,13.8987,13.8437,13.8066,13.772,13.7374,13.7026,13.6678,13.6328,13.5977,13.5625,13.5272,13.5178,13.5368,13.5558,13.5749,13.5941,13.6133,13.6325,13.6519,13.6712,13.687,13.6629,13.6388,13.6147,13.5906,13.5666,13.5425,13.5184,13.4943,13.4702,13.4116,13.3369,13.2616,13.1856,13.109,13.0317,12.9537,12.8749,12.7955,12.717,12.6419,12.5665,12.4907,12.4146,12.3381,12.2612,12.1839,12.1062,12.0282,11.9713,11.9168,11.8622,11.8077,11.753,11.6983,11.6436,11.5888,11.5339
16.0357,15.997,15.9584,15.9198,15.8813,15.8427,15.8041,15.7656,15.7271,15.6903,15.6633,15.6363,15.6093,15.5824,15.5554,15.5285,15.5015,15.4746,15.4477,15.3753,15.2883,15.2013,15.1143,15.0272,14.9402,14.8532,14.7661,14.6791,14.6323,14.6559,14.6796,14.7034,14.7273,14.7513,14.7754,14.7996,14.8239,14.8483,14.893,14.9382,14.9834,15.0287,15.0739,15.119,15.1642,15.2094,15.2545,15.2909,15.3212,15.3514,15.3816,15.4118,15.442,15.4721,15.5023,15.5324,15.5453,15.4868,15.4283,15.3698,15.3113,15.2529,15.1945,15.1361,15.0778,15.0195,14.8935,14.7511,14.6087,14.4664,14.324,14.1817,14.0395,13.8973,13.7551,13.6866,13.7219,13.7573,13.7927,13.8281,13.8636,13.8991,13.9347,13.9702,14.0053,14.0187,14.0322,14.0457,14.0592,14.0728,14.0864,14.1,14.1137,14.1274,14.1485,14.1737,14.1988,14.2237,14.2486,14.2733,14.2979,14.3224,14.3467,14.3518,14.2968,14.2418,14.1868,14.1318,14.0768,14.0218,13.9668,13.9118,13.8568,13.8172,13.7802,13.743,13.7058,13.6685,13.6311,13.5936,13.5559,13.5182,13.5066,13.5268,13.547,13.5672,13.5875,13.6078,13.6282,13.6487,13.6692,13.6872,13.6631,13.639,13.6149,13.5908,13.5667,13.5427,13.5186,13.4945,13.4704,13.4062,13.3208,13.2348,13.1482,13.0608,12.9728,12.8841,12.7947,12.7046,12.6168,12.5369,12.4566,12.376,12.2951,12.2138,12.132,12.05,11.9675,11.8846,11.8262,11.7717,11.7172,11.6626,11.608,11.5533,11.4985,11.4438,11.3889
16.0591,16.0202,15.9813,15.9425,15.9036,15.8648,15.826,15.7872,15.7484,15.7116,15.6846,15.6576,15.6306,15.6037,15.5767,15.5498,15.5228,15.4959,15.469,15.3963,15.3097,15.2232,15.1366,15.05,14.9635,14.8769,14.7904,14.7038,14.6557,14.6721,14.6887,14.7054,14.7222,14.7391,14.7561,14.7731,14.7903,14.8075,14.8522,14.8975,14.9427,14.9879,15.0332,15.0784,15.1235,15.1687,15.2139,15.2489,15.2769,15.3049,15.3329,15.3609,15.3888,15.4167,15.4447,15.4726,15.4853,15.4348,15.3844,15.334,15.2836,15.2332,15.1829,15.1326,15.0824,15.0322,14.9101,14.7702,14.6303,14.4904,14.3506,14.2108,14.071,13.9313,13.7916,13.7237,13.7601,13.7966,13.8331,13.8696,13.9062,13.9428,13.9794,14.0161,14.0525,14.0667,14.0809,14.0951,14.1094,14.1238,14.1381,14.1525,14.167,14.1815,14.1999,14.2206,14.2411,14.2616,14.282,14.3022,14.3223,14.3422,14.3621,14.365,14.31,14.2549,14.1999,14.1449,14.0899,14.0349,13.9799,13.9249,13.8699,13.8279,13.7884,13.7488,13.7092,13.6694,13.6295,13.5895,13.5494,13.5092,13.4955,13.5167,13.538,13.5594,13.5808,13.6023,13.6239,13.6455,13.6671,13.6873,13.6633,13.6392,13.6151,13.591,13.5669,13.5428,13.5187,13.4947,13.4706,13.4014,13.3053,13.2087,13.1113,13.0133,12.9146,12.8152,12.7152,12.6144,12.5168,12.4321,12.3471,12.2617,12.1759,12.0898,12.0033,11.9164,11.8291,11.7414,11.6812,11.6267,11.5721,11.5176,11.4629,11.4082,11.3535,11.2987,11.2439
16.0825,16.0434,16.0042,15.9651,15.926,15.8869,15.8478,15.8088,15.7697,15.7329,15.7059,15.6789,15.6519,15.625,15.598,15.5711,15.5441,15.5172,15.4903,15.4172,15.3311,15.2451,15.159,15.0729,14.9868,14.9007,14.8146,14.7285,14.6788,14.6882,14.6976,14.7072,14.7169,14.7267,14.7366,14.7466,14.7566,14.7667,14.8115,14.8568,14.902,14.9472,14.9925,15.0377,15.0828,15.128,15.1732,15.2069,15.2327,15.2584,15.2842,15.3099,15.3356,15.3613,15.387,15.4127,15.4252,15.3829,15.3405,15.2982,15.2559,15.2136,15.1713,15.1291,15.0869,15.0448,14.9267,14.7892,14.6518,14.5144,14.3771,14.2397,14.1025,13.9652,13.828,13.7608,13.7983,13.8359,13.8734,13.9111,13.9487,13.9864,14.0241,14.0619,14.0996,14.1146,14.1296,14.1446,14.1596,14.1747,14.1899,14.205,14.2203,14.2355,14.2514,14.2676,14.2836,14.2996,14.3154,14.3312,14.3468,14.3622,14.3775,14.3781,14.3231,14.2681,14.2131,14.158,14.103,14.048,13.993,13.938,13.883,13.8387,13.7967,13.7547,13.7126,13.6704,13.628,13.5856,13.5431,13.5004,13.4842,13.5066,13.5291,13.5516,13.5742,13.5968,13.6194,13.6422,13.665,13.6875,13.6634,13.6394,13.6153,13.5912,13.5671,13.543,13.5189,13.4948,13.4707,13.3972,13.2905,13.1831,13.0751,12.9665,12.8571,12.747,12.6363,12.5248,12.4172,12.3277,12.2379,12.1477,12.0571,11.9661,11.8748,11.7831,11.6911,11.5986,11.5361,11.4816,11.4271,11.3725,11.3179,11.2632,11.2085,11.1537,11.0988
16.1059,16.0665,16.0271,15.9877,15.9484,15.909,15.8697,15.8304,15.7911,15.7541,15.7272,15.7002,15.6732,15.6463,15.6193,15.5924,15.5654,15.5385,15.5116,15.4382,15.3526,15.267,15.1813,15.0957,15.0101,14.9245,14.8388,14.7532,14.7019,14.7041,14.7065,14.709,14.7115,14.7142,14.717,14.7199,14.7228,14.7258,14.7708,14.816,14.8613,14.9065,14.9517,14.997,15.0422,15.0873,15.1325,15.1649,15.1884,15.212,15.2355,15.259,15.2825,15.3059,15.3294,15.3528,15.3652,15.3309,15.2966,15.2623,15.2281,15.1938,15.1596,15.1255,15.0914,15.0573,14.9433,14.8083,14.6733,14.5384,14.4035,14.2687,14.1339,13.9991,13.8644,13.7979,13.8365,13.8751,13.9138,13.9525,13.9912,14.03,14.0688,14.1077,14.1466,14.1624,14.1782,14.194,14.2098,14.2257,14.2416,14.2575,14.2735,14.2895,14.303,14.3147,14.3263,14.3377,14.3491,14.3603,14.3714,14.3823,14.3931,14.3913,14.3363,14.2812,14.2262,14.1712,14.1161,14.0611,14.0061,13.9511,13.8961,13.8495,13.8052,13.7607,13.7161,13.6715,13.6267,13.5818,13.5368,13.4917,13.4729,13.4965,13.5201,13.5437,13.5674,13.5912,13.615,13.6388,13.6627,13.6867,13.6636,13.6395,13.6154,13.5914,13.5673,13.5432,13.5191,13.495,13.4709,13.3937,13.2763,13.1583,13.0396,12.9203,12.8002,12.6795,12.5581,12.436,12.3179,12.2236,12.129,12.034,11.9386,11.8428,11.7467,11.6502,11.5533,11.4561,11.391,11.3366,11.282,11.2275,11.1728,11.1181,11.0634,11.0086,10.9538
16.1293,16.0896,16.05,16.0103,15.9707,15.9311,15.8915,15.8519,15.8124,15.7754,15.7484,15.7215,15.6945,15.6675,15.6406,15.6136,15.5867,15.5598,15.5329,15.4592,15.374,15.2889,15.2037,15.1186,15.0334,14.9482,14.8631,14.7779,14.7248,14.72,14.7152,14.7106,14.7061,14.7017,14.6974,14.6931,14.689,14.6849,14.73,14.7753,14.8206,14.8658,14.911,14.9563,15.0015,15.0467,15.0919,15.1228,15.1442,15.1655,15.1868,15.208,15.2293,15.2506,15.2718,15.293,15.3051,15.2789,15.2527,15.2264,15.2002,15.1741,15.1479,15.1218,15.0958,15.0698,14.9598,14.8273,14.6948,14.5624,14.43,14.2976,14.1653,14.033,13.9008,13.8349,13.8746,13.9144,13.9541,13.9939,14.0337,14.0736,14.1135,14.1534,14.1934,14.2103,14.2268,14.2434,14.26,14.2766,14.2933,14.31,14.3267,14.3435,14.3548,14.362,14.369,14.376,14.3828,14.3896,14.3961,14.4026,14.4089,14.4044,14.3494,14.2944,14.2393,14.1843,14.1293,14.0742,14.0192,13.9642,13.9092,13.8605,13.8137,13.7668,13.7198,13.6727,13.6254,13.5781,13.5306,13.4831,13.4616,13.4862,13.511,13.5358,13.5606,13.5855,13.6104,13.6354,13.6605,13.6856,13.6638,13.6397,13.6156,13.5915,13.5674,13.5434,13.5193,13.4952,13.4711,13.3908,13.2628,13.1341,13.0047,12.8747,12.7441,12.6127,12.4806,12.3478,12.2189,12.1198,12.0204,11.9206,11.8204,11.7199,11.6189,11.5177,11.416,11.3139,11.246,11.1915,11.137,11.0824,11.0278,10.9731,10.9184,10.8636,10.8088
16.1527,16.1128,16.0728,16.0329,15.9931,15.9532,15.9133,15.8735,15.8337,15.7967,15.7697,15.7428,15.7158,15.6888,15.6619,15.6349,15.608,15.5811,15.5542,15.4801,15.3955,15.3108,15.2261,15.1414,15.0567,14.972,14.8874,14.8027,14.7477,14.7357,14.7239,14.7121,14.7005,14.689,14.6776,14.6663,14.655,14.644,14.6893,14.7346,14.7798,14.8251,14.8703,14.9156,14.9608,15.006,15.0512,15.0808,15.0999,15.119,15.138,15.1571,15.1761,15.1952,15.2142,15.2331,15.245,15.2269,15.2087,15.1905,15.1724,15.1543,15.1362,15.1181,15.1002,15.0822,14.9763,14.8463,14.7163,14.5863,14.4564,14.3265,14.1967,14.0669,13.9371,13.872,13.9128,13.9536,13.9944,14.0353,14.0762,14.1172,14.1582,14.1992,14.2402,14.2582,14.2754,14.2928,14.3101,14.3275,14.3449,14.3624,14.3799,14.3975,14.4067,14.4093,14.4119,14.4144,14.4167,14.419,14.4211,14.423,14.4248,14.4176,14.3625,14.3075,14.2525,14.1974,14.1424,14.0874,14.0323,13.9773,13.9223,13.8716,13.8224,13.773,13.7235,13.674,13.6243,13.5745,13.5246,13.4746,13.4502,13.476,13.5018,13.5278,13.5537,13.5797,13.6058,13.632,13.6581,13.6844,13.664,13.6399,13.6158,13.5917,13.5676,13.5435,13.5194,13.4953,13.4713,13.3885,13.2498,13.1105,12.9705,12.8299,12.6885,12.5465,12.4038,12.2604,12.1203,12.0164,11.9121,11.8075,11.7026,11.5972,11.4915,11.3854,11.279,11.1721,11.1009,11.0464,10.9919,10.9373,10.8827,10.828,10.7733,10.7186,10.6637
16.1761,16.1359,16.0957,16.0555,16.0154,15.9753,15.9351,15.895,15.855,15.818,15.791,15.764,15.7371,15.7101,15.6832,15.6562,15.6293,15.6024,15.5755,15.5011,15.4169,15.3327,15.2485,15.1643,15.0801,14.9958,14.9116,14.8274,14.7704,14.7513,14.7324,14.7136,14.6949,14.6763,14.6577,14.6393,14.621,14.6032,14.6485,14.6938,14.7391,14.7844,14.8296,14.8749,14.9201,14.9653,15.0105,15.0387,15.0556,15.0725,15.0893,15.1061,15.1229,15.1397,15.1565,15.1733,15.1849,15.1748,15.1647,15.1546,15.1445,15.1344,15.1244,15.1144,15.1045,15.0946,14.9928,14.8652,14.7377,14.6102,14.4828,14.3554,14.228,14.1007,13.9734,13.909,13.9509,13.9928,14.0347,14.0767,14.1187,14.1607,14.2028,14.2449,14.2871,14.306,14.324,14.3421,14.3603,14.3784,14.3966,14.4148,14.4331,14.4514,14.4587,14.4569,14.4549,14.4529,14.4508,14.4485,14.4461,14.4436,14.4409,14.4307,14.3757,14.3206,14.2656,14.2105,14.1555,14.1005,14.0454,13.9904,13.9354,13.8828,13.8311,13.7793,13.7274,13.6754,13.6232,13.571,13.5187,13.4662,13.4387,13.4657,13.4927,13.5197,13.5468,13.574,13.6012,13.6284,13.6558,13.6831,13.6642,13.6401,13.616,13.5919,13.5678,13.5437,13.5196,13.4955,13.4714,13.3869,13.2376,13.0876,12.937,12.7857,12.6337,12.481,12.3277,12.1736,12.0219,11.9132,11.8042,11.6948,11.585,11.4749,11.3644,11.2535,11.1423,11.0306,10.9559,10.9014,10.8469,10.7923,10.7377,10.683,10.6283,10.5735,10.5187
16.1995,16.159,16.1186,16.0781,16.0377,15.9973,15.9569,15.9166,15.8762,15.8393,15.8123,15.7853,15.7584,15.7314,15.7045,15.6775,15.6506,15.6237,15.5968,15.5221,15.4384,15.3547,15.2709,15.1872,15.1034,15.0197,14.9359,14.8522,14.7929,14.7668,14.7408,14.7149,14.6891,14.6634,14.6378,14.6123,14.5869,14.5625,14.6078,14.6531,14.6984,14.7437,14.7889,14.8342,14.8794,14.9246,14.9699,14.9967,15.0113,15.0259,15.0406,15.0552,15.0698,15.0843,15.0989,15.1135,15.1248,15.1228,15.1207,15.1186,15.1166,15.1145,15.1125,15.1106,15.1087,15.1069,15.0093,14.8842,14.7591,14.6341,14.5092,14.3842,14.2593,14.1345,14.0096,13.946,13.989,14.032,14.075,14.118,14.1611,14.2043,14.2474,14.2906,14.3338,14.3538,14.3726,14.3915,14.4104,14.4293,14.4482,14.4672,14.4863,14.5053,14.5108,14.5045,14.4981,14.4916,14.4849,14.4782,14.4713,14.4643,14.4571,14.4439,14.3888,14.3338,14.2787,14.2237,14.1686,14.1136,14.0585,14.0035,13.9485,13.8941,13.8399,13.7857,13.7313,13.6769,13.6223,13.5676,13.5128,13.4579,13.4272,13.4553,13.4834,13.5116,13.5398,13.5681,13.5965,13.6249,13.6533,13.6818,13.6643,13.6403,13.6162,13.5921,13.568,13.5439,13.5198,13.4957,13.4716,13.3859,13.2259,13.0653,12.9041,12.7421,12.5795,12.4162,12.2522,12.0875,11.9239,11.8104,11.6966,11.5824,11.4678,11.3529,11.2376,11.122,11.0059,10.8895,10.8108,10.7563,10.7016,10.6458,10.5897,10.5335,10.4771,10.4205,10.3637
16.2228,16.1821,16.1414,16.1007,16.06,16.0194,15.9787,15.9381,15.8975,15.8606,15.8336,15.8066,15.7797,15.7527,15.7258,15.6988,15.6719,15.645,15.6181,15.5432,15.4599,15.3766,15.2933,15.2101,15.1268,15.0435,14.9602,14.8769,14.8154,14.7822,14.7491,14.7161,14.6832,14.6504,14.6178,14.5852,14.5527,14.5217,14.5671,14.6124,14.6577,14.703,14.7482,14.7935,14.8387,14.884,14.9292,14.9546,14.967,14.9794,14.9918,15.0042,15.0166,15.0289,15.0413,15.0536,15.0647,15.0707,15.0766,15.0826,15.0886,15.0946,15.1007,15.1067,15.1129,15.1191,15.0257,14.9031,14.7805,14.658,14.5355,14.413,14.2906,14.1682,14.0459,13.983,14.0271,14.0711,14.1153,14.1594,14.2036,14.2478,14.292,14.3363,14.3806,14.4016,14.4212,14.4408,14.4605,14.4801,14.4999,14.5196,14.5394,14.5592,14.5631,14.5523,14.5414,14.5304,14.5192,14.508,14.4966,14.4851,14.4735,14.457,14.402,14.3469,14.2918,14.2368,14.1817,14.1267,14.0716,14.0166,13.9616,13.9055,13.8489,13.7922,13.7354,13.6785,13.6215,13.5643,13.5071,13.4498,13.4156,13.4449,13.4741,13.5034,13.5328,13.5622,13.5917,13.6212,13.6505,13.6778,13.6592,13.632,13.6046,13.5767,13.5485,13.5199,13.491,13.4617,13.432,13.3416,13.1695,12.9971,12.8246,12.6518,12.4788,12.3057,12.1322,11.9586,11.7848,11.667,11.5491,11.4312,11.3132,11.195,11.0769,10.9586,10.8402,10.7218,10.6386,10.5814,10.524,10.4664,10.4087,10.3507,10.2926,10.2342,10.1757
16.2266,16.186,16.1455,16.1049,16.0644,16.0239,15.9835,15.943,15.9026,15.8656,15.8374,15.8093,15.7814,15.7536,15.726,15.6985,15.6711,15.6439,15.6168,15.5426,15.4609,15.3792,15.2975,15.2157,15.1339,15.052,14.9701,14.8882,14.8255,14.7868,14.7482,14.7095,14.6707,14.632,14.5932,14.5544,14.5156,14.4788,14.5244,14.57,14.6155,14.661,14.7065,14.7519,14.7973,14.8427,14.888,14.9121,14.9224,14.9326,14.9429,14.9531,14.9633,14.9735,14.9837,14.9938,15.0046,15.0185,15.0323,15.0462,15.06,15.0738,15.0876,15.1013,15.115,15.1288,15.0394,14.9192,14.7991,14.679,14.559,14.439,14.3192,14.1994,14.0797,14.0177,14.0623,14.1069,14.1515,14.1961,14.2406,14.2851,14.3295,14.3739,14.4183,14.4396,14.4592,14.4788,14.4984,14.518,14.5377,14.5573,14.5769,14.5965,14.5972,14.5798,14.5622,14.5443,14.5261,14.5077,14.4889,14.4699,14.4506,14.4275,14.3699,14.3122,14.2544,14.1965,14.1385,14.0804,14.0222,13.9639,13.9055,13.8461,13.7863,13.7264,13.6664,13.6065,13.5465,13.4864,13.4263,13.3662,13.3279,13.3564,13.3849,13.4134,13.442,13.4706,13.4993,13.528,13.5568,13.5856,13.5639,13.5309,13.4976,13.4639,13.4299,13.3955,13.3607,13.3256,13.29,13.1993,13.0245,12.8496,12.6744,12.499,12.3234,12.1476,11.9716,11.7953,11.6188,11.4988,11.3807,11.2624,11.144,11.0256,10.9071,10.7885,10.6698,10.5511,10.4646,10.4057,10.3465,10.2873,10.2278,10.1681,10.1082,10.0481,9.9879
16.2108,16.1693,16.1278,16.0864,16.045,16.0036,15.9622,15.9208,15.8795,15.8403,15.8062,15.7723,15.7385,15.7049,15.6714,15.6381,15.6049,15.5718,15.5389,15.4636,15.3822,15.3008,15.2194,15.138,15.0565,14.975,14.8934,14.8118,14.7496,14.7107,14.6719,14.633,14.5941,14.5551,14.5162,14.4772,14.4382,14.4018,14.4489,14.4959,14.543,14.5899,14.6369,14.6838,14.7307,14.7775,14.8243,14.8493,14.8602,14.8712,14.8821,14.8929,14.9038,14.9146,14.9255,14.9362,14.9476,14.9615,14.9753,14.9892,15.003,15.0168,15.0306,15.0443,15.0581,15.0718,14.9887,14.876,14.7633,14.6506,14.5381,14.4256,14.3132,14.2008,14.0886,14.0296,14.0722,14.1148,14.1574,14.1999,14.2424,14.2848,14.3272,14.3696,14.412,14.4334,14.453,14.4726,14.4922,14.5118,14.5314,14.551,14.5707,14.5903,14.5872,14.5612,14.5349,14.5084,14.4816,14.4545,14.4271,14.3995,14.3715,14.341,14.2815,14.2219,14.1622,14.1024,14.0425,13.9825,13.9224,13.8622,13.8019,13.7419,13.682,13.6221,13.5622,13.5022,13.4422,13.3822,13.3221,13.2619,13.2219,13.2519,13.2819,13.312,13.3421,13.3723,13.4025,13.4327,13.463,13.4933,13.4689,13.4301,13.391,13.3515,13.3116,13.2714,13.2308,13.1898,13.1484,13.0571,12.8797,12.7021,12.5244,12.3464,12.1681,11.9897,11.811,11.6322,11.4531,11.3307,11.2122,11.0936,10.9749,10.8562,10.7373,10.6184,10.4994,10.3804,10.2907,10.23,10.1692,10.1082,10.047,9.9856,9.924,9.8622,9.8002
16.195,16.1525,16.1102,16.0678,16.0255,15.9832,15.9409,15.8986,15.8564,15.8148,15.7749,15.7351,15.6955,15.6561,15.6167,15.5776,15.5385,15.4996,15.4608,15.3846,15.3035,15.2225,15.1414,15.0602,14.9791,14.8979,14.8167,14.7354,14.6736,14.6346,14.5956,14.5565,14.5174,14.4783,14.4392,14.4,14.3608,14.3248,14.3734,14.4219,14.4704,14.5189,14.5673,14.6157,14.664,14.7123,14.7606,14.7865,14.7981,14.8097,14.8212,14.8328,14.8443,14.8558,14.8672,14.8787,14.8906,14.9045,14.9183,14.9322,14.946,14.9598,14.9736,14.9873,15.0011,15.0148,14.9379,14.8326,14.7274,14.6222,14.517,14.412,14.307,14.2022,14.0974,14.0415,14.0821,14.1227,14.1632,14.2037,14.2442,14.2846,14.325,14.3654,14.4057,14.4271,14.4468,14.4664,14.486,14.5056,14.5252,14.5448,14.5644,14.5841,14.5775,14.5428,14.5079,14.4728,14.4373,14.4016,14.3656,14.3294,14.2928,14.2545,14.1931,14.1316,14.0701,14.0084,13.9466,13.8847,13.8227,13.7606,13.6984,13.6377,13.5778,13.5179,13.4579,13.398,13.3379,13.2779,13.2178,13.1577,13.1158,13.1473,13.1789,13.2105,13.2422,13.2738,13.3056,13.3373,13.3692,13.401,13.3743,13.3297,13.2847,13.2393,13.1937,13.1476,13.1012,13.0544,13.0072,12.9151,12.7351,12.5549,12.3745,12.1939,12.013,11.832,11.6507,11.4692,11.2875,11.1626,11.0438,10.9248,10.8059,10.6868,10.5676,10.4484,10.3291,10.2097,10.1169,10.0546,9.992,9.9292,9.8663,9.8032,9.7399,9.6763,9.6126
16.1791,16.1357,16.0925,16.0492,16.006,15.9627,15.9195,15.8764,15.8332,15.7892,15.7434,15.6978,15.6524,15.6071,15.5619,15.5169,15.472,15.4272,15.3826,15.3055,15.2248,15.1441,15.0633,14.9825,14.9017,14.8208,14.7399,14.659,14.5977,14.5585,14.5193,14.48,14.4407,14.4015,14.3621,14.3228,14.2834,14.2478,14.2978,14.3479,14.3978,14.4478,14.4977,14.5476,14.5974,14.6472,14.697,14.7237,14.736,14.7482,14.7604,14.7726,14.7848,14.7969,14.809,14.8212,14.8336,14.8475,14.8613,14.8752,14.889,14.9028,14.9166,14.9304,14.9441,14.9578,14.887,14.7892,14.6914,14.5936,14.4959,14.3983,14.3008,14.2034,14.1061,14.0535,14.0921,14.1306,14.1691,14.2076,14.246,14.2844,14.3228,14.3611,14.3994,14.4209,14.4405,14.4602,14.4798,14.4994,14.519,14.5386,14.5582,14.5779,14.5679,14.5247,14.4811,14.4374,14.3933,14.349,14.3044,14.2595,14.2143,14.1681,14.1048,14.0415,13.978,13.9144,13.8507,13.787,13.7231,13.6591,13.595,13.5335,13.4736,13.4136,13.3537,13.2937,13.2337,13.1736,13.1135,13.0534,13.0097,13.0427,13.0758,13.1089,13.1421,13.1753,13.2086,13.2419,13.2752,13.3086,13.2799,13.2295,13.1787,13.1275,13.076,13.0241,12.9719,12.9193,12.8663,12.7732,12.5906,12.4078,12.2248,12.0415,11.8581,11.6744,11.4905,11.3064,11.1221,10.9945,10.8753,10.7561,10.6368,10.5174,10.3979,10.2784,10.1587,10.039,9.9433,9.8792,9.8149,9.7504,9.6858,9.6209,9.5559,9.4906,9.4252
16.1631,16.1189,16.0747,16.0305,15.9864,15.9423,15.8982,15.8541,15.81,15.7634,15.7118,15.6603,15.609,15.5579,15.5069,15.456,15.4053,15.3547,15.3042,15.2265,15.1462,15.0657,14.9853,14.9048,14.8243,14.7438,14.6632,14.5826,14.5217,14.4823,14.4429,14.4035,14.3641,14.3246,14.2851,14.2456,14.2061,14.1708,14.2223,14.2738,14.3253,14.3767,14.4281,14.4795,14.5308,14.5821,14.6333,14.661,14.6739,14.6867,14.6996,14.7125,14.7253,14.7381,14.7508,14.7636,14.7766,14.7904,14.8043,14.8182,14.832,14.8458,14.8596,14.8734,14.8871,14.9009,14.8361,14.7457,14.6553,14.565,14.4748,14.3846,14.2945,14.2045,14.1146,14.0655,14.102,14.1386,14.175,14.2115,14.2479,14.2843,14.3207,14.357,14.3932,14.4147,14.4343,14.4539,14.4736,14.4932,14.5128,14.5324,14.552,14.5716,14.5587,14.5068,14.4546,14.4022,14.3496,14.2967,14.2434,14.1899,14.1361,14.0818,14.0166,13.9513,13.886,13.8205,13.7549,13.6893,13.6235,13.5576,13.4916,13.4292,13.3693,13.3094,13.2494,13.1894,13.1294,13.0693,13.0092,12.9491,12.9035,12.938,12.9727,13.0073,13.042,13.0767,13.1115,13.1463,13.1812,13.2161,13.1859,13.1296,13.073,13.016,12.9587,12.901,12.8429,12.7845,12.7257,12.6315,12.4463,12.2609,12.0752,11.8894,11.7033,11.517,11.3305,11.1438,10.9568,10.8264,10.7069,10.5874,10.4678,10.348,10.2282,10.1084,9.9884,9.8684,9.7698,9.7039,9.6379,9.5717,9.5054,9.4388,9.372,9.3051,9.2379
16.1472,16.1021,16.0569,16.0119,15.9668,15.9218,15.8768,15.8318,15.7868,15.7374,15.6799,15.6226,15.5655,15.5085,15.4517,15.395,15.3385,15.282,15.2257,15.1475,15.0675,14.9874,14.9073,14.8271,14.7469,14.6667,14.5865,14.5062,14.4458,14.4062,14.3666,14.327,14.2874,14.2478,14.2081,14.1684,14.1287,14.0939,14.1469,14.1998,14.2528,14.3057,14.3585,14.4114,14.4642,14.5169,14.5697,14.5982,14.6117,14.6253,14.6388,14.6523,14.6658,14.6792,14.6926,14.706,14.7195,14.7334,14.7473,14.7612,14.775,14.7888,14.8026,14.8164,14.8301,14.8439,14.7851,14.7021,14.6192,14.5363,14.4535,14.3708,14.2881,14.2056,14.1231,14.0775,14.112,14.1465,14.181,14.2154,14.2498,14.2842,14.3185,14.3528,14.3871,14.4085,14.4281,14.4477,14.4673,14.487,14.5066,14.5262,14.5458,14.5654,14.5496,14.4891,14.4284,14.3674,14.3061,14.2446,14.1828,14.1206,14.0582,13.9955,13.9284,13.8613,13.794,13.7267,13.6592,13.5917,13.524,13.4562,13.3884,13.325,13.2651,13.2052,13.1452,13.0852,13.0251,12.9651,12.9049,12.8448,12.7972,12.8333,12.8694,12.9056,12.9418,12.9781,13.0144,13.0507,13.0871,13.1236,13.0922,13.0301,12.9677,12.9049,12.8417,12.7782,12.7143,12.6501,12.5854,12.4899,12.3021,12.1141,11.9258,11.7373,11.5487,11.3598,11.1707,10.9813,10.7917,10.6584,10.5386,10.4187,10.2987,10.1787,10.0586,9.9384,9.8181,9.6977,9.5964,9.5288,9.4611,9.3932,9.3251,9.2568,9.1883,9.1196,9.0507
16.1312,16.0852,16.0391,15.9932,15.9472,15.9013,15.8553,15.8095,15.7636,15.7112,15.6479,15.5848,15.5219,15.4591,15.3964,15.3339,15.2715,15.2092,15.1471,15.0685,14.9888,14.909,14.8292,14.7494,14.6696,14.5897,14.5097,14.4298,14.3698,14.3301,14.2903,14.2505,14.2107,14.1709,14.1311,14.0912,14.0513,14.0169,14.0714,14.1259,14.1803,14.2347,14.289,14.3433,14.3976,14.4518,14.506,14.5354,14.5496,14.5638,14.578,14.5921,14.6062,14.6204,14.6344,14.6485,14.6625,14.6764,14.6903,14.7042,14.718,14.7318,14.7456,14.7594,14.7732,14.7869,14.734,14.6585,14.583,14.5075,14.4322,14.3569,14.2816,14.2065,14.1315,14.0896,14.1221,14.1545,14.187,14.2194,14.2518,14.2841,14.3165,14.3487,14.381,14.4022,14.4219,14.4415,14.4611,14.4808,14.5004,14.52,14.5396,14.5592,14.5408,14.4717,14.4023,14.3327,14.2629,14.1927,14.1223,14.0516,13.9806,13.9093,13.8403,13.7713,13.7021,13.6329,13.5636,13.4941,13.4246,13.3549,13.2852,13.2208,13.1609,13.1009,13.0409,12.9809,12.9209,12.8608,12.8007,12.7405,12.6908,12.7284,12.7661,12.8038,12.8416,12.8793,12.9172,12.955,12.9929,13.0309,12.9988,12.9309,12.8626,12.794,12.7251,12.6557,12.586,12.516,12.4455,12.3485,12.1581,11.9674,11.7766,11.5855,11.3942,11.2027,11.011,10.819,10.6268,10.4903,10.3702,10.25,10.1297,10.0094,9.8889,9.7684,9.6478,9.5271,9.4231,9.3538,9.2844,9.2147,9.1449,9.0749,9.0047,8.9343,8.8637
16.1152,16.0682,16.0213,15.9744,15.9276,15.8807,15.8339,15.7871,15.7403,15.6848,15.6157,15.5468,15.478,15.4094,15.3409,15.2726,15.2044,15.1363,15.0683,14.9895,14.9101,14.8307,14.7512,14.6717,14.5922,14.5126,14.433,14.3534,14.2938,14.2539,14.214,14.174,14.1341,14.0941,14.054,14.014,13.9739,13.94,13.996,14.0519,14.1078,14.1636,14.2195,14.2752,14.331,14.3867,14.4424,14.4726,14.4875,14.5024,14.5172,14.532,14.5467,14.5615,14.5762,14.5909,14.6055,14.6194,14.6333,14.6471,14.661,14.6748,14.6886,14.7024,14.7162,14.7299,14.6829,14.6148,14.5467,14.4787,14.4107,14.3428,14.2751,14.2073,14.1397,14.1016,14.1321,14.1626,14.193,14.2234,14.2538,14.2841,14.3144,14.3447,14.3749,14.396,14.4156,14.4353,14.4549,14.4745,14.4942,14.5138,14.5334,14.553,14.5322,14.4545,14.3766,14.2984,14.2199,14.1412,14.0622,13.9829,13.9033,13.8234,13.7523,13.6813,13.6103,13.5392,13.468,13.3966,13.3252,13.2537,13.182,13.1166,13.0566,12.9967,12.9367,12.8767,12.8166,12.7565,12.6964,12.6362,12.5844,12.6235,12.6627,12.702,12.7412,12.7805,12.8199,12.8593,12.8987,12.9382,12.9057,12.8319,12.7579,12.6835,12.6087,12.5336,12.4581,12.3822,12.306,12.2073,12.0142,11.821,11.6275,11.4338,11.2399,11.0458,10.8515,10.6569,10.4621,10.3223,10.2019,10.0814,9.9608,9.8401,9.7193,9.5985,9.4776,9.3566,9.2499,9.179,9.1078,9.0364,8.9649,8.8932,8.8212,8.7491,8.6768
16.0991,16.0513,16.0034,15.9556,15.9079,15.8601,15.8124,15.7647,15.717,15.6583,15.5834,15.5086,15.434,15.3596,15.2853,15.2111,15.1371,15.0632,14.9894,14.9106,14.8315,14.7524,14.6732,14.594,14.5148,14.4356,14.3563,14.277,14.2179,14.1778,14.1377,14.0975,14.0574,14.0172,13.977,13.9368,13.8965,13.8631,13.9205,13.9779,14.0353,14.0926,14.1499,14.2072,14.2644,14.3216,14.3788,14.4099,14.4254,14.4409,14.4564,14.4718,14.4872,14.5026,14.518,14.5334,14.5485,14.5624,14.5763,14.5901,14.604,14.6178,14.6316,14.6454,14.6592,14.6729,14.6317,14.571,14.5104,14.4498,14.3892,14.3288,14.2684,14.2081,14.1479,14.1138,14.1422,14.1707,14.1991,14.2275,14.2558,14.2841,14.3124,14.3406,14.3688,14.3898,14.4094,14.4291,14.4487,14.4683,14.488,14.5076,14.5272,14.5468,14.5239,14.4376,14.351,14.2643,14.1772,14.0899,14.0023,13.9144,13.8262,13.7377,13.6643,13.5915,13.5186,13.4456,13.3724,13.2992,13.2259,13.1525,13.079,13.0123,12.9524,12.8924,12.8324,12.7724,12.7123,12.6522,12.5921,12.5319,12.4779,12.5186,12.5593,12.6,12.6408,12.6816,12.7225,12.7634,12.8044,12.8454,12.8129,12.7333,12.6535,12.5733,12.4927,12.4118,12.3305,12.2488,12.1667,12.0662,11.8705,11.6747,11.4786,11.2823,11.0858,10.889,10.6921,10.4949,10.2975,10.1543,10.0336,9.9127,9.7918,9.6708,9.5497,9.4286,9.3073,9.186,9.0769,9.0042,8.9313,8.8583,8.785,8.7115,8.6379,8.5641,8.49
16.083,16.0343,15.9855,15.9368,15.8882,15.8395,15.7909,15.7423,15.6937,15.6316,15.5509,15.4703,15.3899,15.3096,15.2295,15.1495,15.0697,14.9899,14.9103,14.8316,14.7528,14.674,14.5952,14.5164,14.4375,14.3586,14.2796,14.2006,14.1419,14.1016,14.0613,14.021,13.9807,13.9403,13.9,13.8596,13.8191,13.7862,13.8451,13.904,13.9628,14.0216,14.0804,14.1391,14.1978,14.2565,14.3151,14.3471,14.3633,14.3794,14.3955,14.4116,14.4277,14.4438,14.4598,14.4758,14.4915,14.5054,14.5193,14.5331,14.547,14.5608,14.5746,14.5884,14.6022,14.616,14.5805,14.5272,14.4739,14.4208,14.3676,14.3146,14.2616,14.2087,14.1559,14.1259,14.1524,14.1788,14.2052,14.2315,14.2579,14.2842,14.3104,14.3367,14.3628,14.3835,14.4032,14.4228,14.4425,14.4621,14.4817,14.5014,14.521,14.5406,14.5157,14.4209,14.3258,14.2304,14.1348,14.0389,13.9427,13.8462,13.7494,13.6523,13.5764,13.5017,13.4269,13.352,13.277,13.2019,13.1267,13.0514,12.976,12.9081,12.8482,12.7882,12.7282,12.6682,12.6081,12.548,12.4878,12.4276,12.3713,12.4135,12.4557,12.498,12.5403,12.5827,12.625,12.6675,12.71,12.7525,12.7204,12.635,12.5494,12.4634,12.377,12.2903,12.2032,12.1157,12.0279,11.9253,11.727,11.5285,11.3298,11.1309,10.9318,10.7325,10.5329,10.3331,10.1331,9.9864,9.8653,9.7441,9.6229,9.5016,9.3802,9.2587,9.1371,9.0155,8.904,8.8296,8.755,8.6802,8.6052,8.5301,8.4547,8.3792,8.3034
16.0669,16.0172,15.9676,15.918,15.8684,15.8189,15.7694,15.7198,15.6704,15.6047,15.5182,15.4318,15.3456,15.2595,15.1736,15.0878,15.0021,14.9166,14.8311,14.7526,14.6742,14.5957,14.5172,14.4387,14.3601,14.2815,14.2029,14.1243,14.0659,14.0255,13.985,13.9445,13.904,13.8635,13.8229,13.7824,13.7417,13.7093,13.7697,13.8301,13.8904,13.9507,14.0109,14.0711,14.1313,14.1914,14.2515,14.2844,14.3012,14.318,14.3347,14.3515,14.3682,14.3849,14.4016,14.4183,14.4344,14.4484,14.4623,14.4761,14.49,14.5038,14.5176,14.5314,14.5452,14.559,14.5292,14.4833,14.4375,14.3917,14.346,14.3003,14.2547,14.2093,14.1639,14.1381,14.1625,14.1869,14.2113,14.2357,14.26,14.2843,14.3085,14.3327,14.3569,14.3773,14.397,14.4166,14.4363,14.4559,14.4755,14.4952,14.5148,14.5344,14.5079,14.4044,14.3007,14.1968,14.0926,13.9881,13.8833,13.7783,13.6729,13.5673,13.4885,13.4119,13.3353,13.2585,13.1816,13.1046,13.0275,12.9504,12.8731,12.8039,12.7439,12.684,12.6239,12.5639,12.5038,12.4437,12.3835,12.3233,12.2647,12.3084,12.3521,12.3959,12.4397,12.4836,12.5275,12.5715,12.6155,12.6595,12.6282,12.5371,12.4456,12.3538,12.2616,12.1691,12.0762,11.9829,11.8893,11.7845,11.5836,11.3825,11.1812,10.9797,10.778,10.5761,10.3739,10.1715,9.9689,9.8184,9.697,9.5755,9.454,9.3323,9.2106,9.0888,8.9669,8.845,8.7312,8.6551,8.5788,8.5023,8.4256,8.3487,8.2716,8.1944,8.1169
16.0507,16.0002,15.9497,15.8992,15.8487,15.7982,15.7478,15.6974,15.647,15.5776,15.4853,15.3931,15.3011,15.2092,15.1175,15.0259,14.9344,14.843,14.7518,14.6737,14.5956,14.5174,14.4392,14.361,14.2828,14.2045,14.1262,14.0479,13.9899,13.9493,13.9087,13.868,13.8273,13.7866,13.7459,13.7051,13.6644,13.6324,13.6943,13.7561,13.8179,13.8797,13.9414,14.0031,14.0647,14.1263,14.1879,14.2216,14.2391,14.2565,14.2739,14.2913,14.3087,14.3261,14.3434,14.3607,14.3774,14.3913,14.4052,14.4191,14.433,14.4468,14.4607,14.4745,14.4882,14.502,14.4778,14.4393,14.4009,14.3625,14.3242,14.286,14.2478,14.2097,14.1718,14.1503,14.1727,14.1951,14.2175,14.2398,14.2621,14.2844,14.3066,14.3288,14.351,14.3711,14.3907,14.4104,14.43,14.4497,14.4693,14.489,14.5086,14.5282,14.5002,14.3882,14.2759,14.1634,14.0506,13.9376,13.8242,13.7106,13.5967,13.4825,13.4007,13.3223,13.2437,13.1651,13.0863,13.0074,12.9285,12.8494,12.7702,12.6997,12.6397,12.5797,12.5197,12.4596,12.3995,12.3394,12.2793,12.219,12.1588,12.2032,12.2485,12.2938,12.3391,12.3845,12.4299,12.4754,12.5209,12.5665,12.5363,12.4394,12.3421,12.2445,12.1466,12.0483,11.9496,11.8505,11.7511,11.6438,11.4404,11.2367,11.0328,10.8287,10.6243,10.4198,10.215,10.0101,9.8049,9.6505,9.5288,9.407,9.2851,9.1631,9.0411,8.919,8.7968,8.6745,8.5586,8.4807,8.4027,8.3245,8.2461,8.1675,8.0887,8.0097,7.9305
16.0346,15.9831,15.9317,15.8803,15.8289,15.7775,15.7262,15.6749,15.6236,15.5504,15.4523,15.3543,15.2564,15.1587,15.0612,14.9638,14.8665,14.7694,14.6725,14.5947,14.5169,14.4391,14.3613,14.2834,14.2055,14.1275,14.0495,13.9715,13.914,13.8732,13.8323,13.7915,13.7506,13.7098,13.6688,13.6279,13.587,13.5556,13.6189,13.6822,13.7455,13.8087,13.8719,13.9351,13.9982,14.0613,14.1243,14.1588,14.177,14.1951,14.2131,14.2312,14.2492,14.2672,14.2852,14.3032,14.3204,14.3343,14.3482,14.3621,14.376,14.3898,14.4037,14.4175,14.4313,14.445,14.4264,14.3953,14.3643,14.3333,14.3024,14.2715,14.2407,14.2101,14.1795,14.1625,14.1829,14.2033,14.2237,14.244,14.2643,14.2846,14.3048,14.325,14.3451,14.3649,14.3845,14.4042,14.4238,14.4435,14.4631,14.4828,14.5024,14.522,14.4928,14.3722,14.2514,14.1303,14.009,13.8873,13.7654,13.6432,13.5208,13.398,13.313,13.2327,13.1522,13.0717,12.991,12.9103,12.8295,12.7485,12.6675,12.5954,12.5355,12.4755,12.4154,12.3554,12.2953,12.2351,12.175,12.1148,12.0545,12.0979,12.1447,12.1915,12.2384,12.2853,12.3322,12.3792,12.4263,12.4733,12.4447,12.342,12.239,12.1356,12.0319,11.9278,11.8233,11.7184,11.6132,11.5034,11.2973,11.091,10.8845,10.6778,10.4709,10.2637,10.0564,9.8488,9.641,9.4826,9.3605,9.2384,9.1162,8.9939,8.8716,8.7491,8.6266,8.504,8.3874,8.3098,8.2322,8.1546,8.0769,7.9992,7.9214,7.8436,7.7658
16.0183,15.966,15.9136,15.8613,15.809,15.7568,15.7045,15.6523,15.6001,15.523,15.4191,15.3153,15.2116,15.1081,15.0048,14.9016,14.7985,14.6955,14.5932,14.5158,14.4383,14.3608,14.2833,14.2057,14.1281,14.0505,13.9728,13.8952,13.838,13.797,13.756,13.715,13.6739,13.6329,13.5918,13.5507,13.5096,13.4788,13.5436,13.6083,13.6731,13.7378,13.8024,13.8671,13.9316,13.9962,14.0607,14.0961,14.1149,14.1336,14.1523,14.171,14.1897,14.2084,14.227,14.2456,14.2634,14.2773,14.2912,14.3051,14.319,14.3328,14.3467,14.3605,14.3743,14.3881,14.3749,14.3512,14.3275,14.304,14.2804,14.257,14.2336,14.2103,14.1872,14.1747,14.1932,14.2115,14.2299,14.2482,14.2665,14.2847,14.303,14.3211,14.3393,14.3586,14.3783,14.3979,14.4176,14.4372,14.4569,14.4765,14.4962,14.5158,14.4856,14.3565,14.2271,14.0974,13.9675,13.8374,13.7069,13.5761,13.4451,13.3138,13.2254,13.1431,13.0608,12.9784,12.8959,12.8133,12.7305,12.6477,12.5648,12.4912,12.4312,12.3712,12.3112,12.2511,12.191,12.1309,12.0707,12.0105,11.9502,11.9926,12.0409,12.0892,12.1376,12.1843,12.231,12.2777,12.3244,12.3711,12.3429,12.2336,12.1243,12.0149,11.9055,11.796,11.6865,11.5769,11.4672,11.3563,11.1485,10.9408,10.733,10.5253,10.3175,10.1097,9.902,9.6942,9.4864,9.3269,9.208,9.0894,8.9709,8.8526,8.7346,8.6167,8.4991,8.3816,8.2673,8.1897,8.1122,8.0345,7.9569,7.8792,7.8014,7.7236,7.6458
15.9595,15.9058,15.8521,15.7986,15.7452,15.6918,15.6386,15.5854,15.5324,15.4532,15.3473,15.2414,15.1355,15.0295,14.9235,14.8174,14.7113,14.6052,14.5,14.4253,14.3504,14.2753,14.2,14.1246,14.049,13.9733,13.8974,13.8214,13.7659,13.726,13.686,13.6459,13.6056,13.5653,13.5249,13.4844,13.4438,13.4141,13.4801,13.546,13.6119,13.6778,13.7437,13.8096,13.8754,13.9413,14.0071,14.0433,14.0628,14.0822,14.1017,14.1212,14.1406,14.1601,14.1796,14.1991,14.2175,14.2302,14.243,14.2558,14.2685,14.2811,14.2938,14.3063,14.3188,14.3311,14.322,14.3043,14.2865,14.2686,14.2508,14.2329,14.2149,14.1969,14.1788,14.169,14.1843,14.1995,14.2146,14.2296,14.2445,14.2593,14.274,14.2886,14.303,14.3188,14.3347,14.3504,14.3659,14.3811,14.3961,14.4108,14.4252,14.4394,14.4044,14.266,14.1274,13.9887,13.8498,13.7107,13.5715,13.432,13.2924,13.1525,13.0595,12.9743,12.8891,12.8038,12.7184,12.633,12.5475,12.462,12.3764,12.3016,12.2437,12.186,12.1285,12.0711,12.014,11.9571,11.9004,11.8438,11.7875,11.8271,11.8746,11.9221,11.9696,12.0171,12.0645,12.112,12.1594,12.2067,12.1831,12.0738,11.9644,11.8551,11.7456,11.6361,11.5266,11.4169,11.3073,11.1976,10.9922,10.7852,10.5782,10.3712,10.1641,9.9571,9.7501,9.543,9.336,9.1758,9.0605,8.9455,8.8307,8.716,8.6016,8.4873,8.3733,8.2595,8.1472,8.0697,7.9921,7.9145,7.8369,7.7592,7.6815,7.6037,7.5259
15.872,15.8144,15.7568,15.6994,15.642,15.5848,15.5276,15.4706,15.4136,15.3317,15.2257,15.1198,15.0138,14.9077,14.8017,14.6955,14.5894,14.4832,14.3786,14.3101,14.2414,14.1726,14.1036,14.0344,13.9651,13.8956,13.8259,13.7562,13.7073,13.6737,13.64,13.6062,13.5722,13.5382,13.5041,13.4699,13.4356,13.4124,13.4803,13.5482,13.6161,13.6839,13.7518,13.8196,13.8874,13.9553,14.0231,14.0614,14.0833,14.1052,14.1271,14.1491,14.171,14.1929,14.2148,14.2368,14.2553,14.2576,14.2599,14.2622,14.2644,14.2666,14.2687,14.2708,14.2727,14.2746,14.2611,14.2412,14.2213,14.2014,14.1814,14.1614,14.1413,14.1212,14.101,14.0884,14.0996,14.1106,14.1216,14.1325,14.1433,14.154,14.1645,14.175,14.1853,14.1937,14.2013,14.2087,14.2158,14.2227,14.2294,14.2358,14.2419,14.2478,14.2078,14.0657,13.9235,13.781,13.6384,13.4955,13.3525,13.2093,13.0659,12.9223,12.8283,12.7437,12.659,12.5743,12.4896,12.4047,12.3199,12.2349,12.1499,12.0772,12.0255,11.9739,11.9225,11.8714,11.8204,11.7696,11.719,11.6687,11.6185,11.6569,11.7052,11.7534,11.8016,11.8498,11.898,11.9461,11.9943,12.0424,12.0232,11.9139,11.8046,11.6952,11.5857,11.4762,11.3666,11.257,11.1473,11.0376,10.8358,10.6296,10.4233,10.217,10.0107,9.8044,9.5981,9.3918,9.1855,9.0244,8.9128,8.8014,8.6902,8.5791,8.4683,8.3577,8.2473,8.137,8.0271,7.9496,7.872,7.7944,7.7168,7.6392,7.5615,7.4837,7.4059
15.7844,15.7228,15.6614,15.6,15.5388,15.4776,15.4166,15.3556,15.2947,15.2101,15.1042,14.9981,14.8921,14.786,14.6798,14.5736,14.4674,14.3612,14.2573,14.1951,14.1326,14.07,14.0073,13.9443,13.8812,13.818,13.7546,13.6911,13.6487,13.6215,13.5941,13.5666,13.5389,13.5112,13.4834,13.4555,13.4275,13.4107,13.4805,13.5504,13.6202,13.6901,13.7599,13.8297,13.8995,13.9693,14.039,14.0795,14.1039,14.1282,14.1526,14.1769,14.2013,14.2257,14.2501,14.2745,14.2932,14.285,14.2768,14.2686,14.2603,14.2521,14.2437,14.2353,14.2268,14.2182,14.2002,14.1782,14.1562,14.1342,14.1121,14.0899,14.0677,14.0455,14.0232,14.0078,14.0149,14.0218,14.0287,14.0355,14.0421,14.0487,14.0552,14.0615,14.0677,14.0688,14.0681,14.0671,14.066,14.0646,14.0629,14.061,14.0588,14.0563,14.0114,13.8656,13.7196,13.5734,13.427,13.2804,13.1337,12.9868,12.8396,12.6923,12.5971,12.5131,12.429,12.3449,12.2607,12.1764,12.0922,12.0078,11.9234,11.8525,11.807,11.7616,11.7163,11.6713,11.6265,11.5819,11.5374,11.4932,11.4492,11.4868,11.5357,11.5847,11.6336,11.6825,11.7314,11.7803,11.8291,11.8779,11.8633,11.754,11.6447,11.5353,11.4258,11.3163,11.2067,11.0971,10.9874,10.8777,10.6794,10.4739,10.2684,10.0628,9.8573,9.6517,9.4462,9.2406,9.035,8.8729,8.7649,8.6571,8.5495,8.442,8.3348,8.2278,8.121,8.0144,7.908,7.8295,7.752,7.6744,7.5968,7.5192,7.4415,7.3638,7.286
15.6966,15.6311,15.5658,15.5005,15.4354,15.3703,15.3054,15.2405,15.1757,15.0886,14.9826,14.8765,14.7704,14.6642,14.558,14.4517,14.3455,14.2391,14.1362,14.0802,14.024,13.9676,13.9111,13.8544,13.7975,13.7405,13.6833,13.626,13.5903,13.5694,13.5483,13.527,13.5057,13.4843,13.4628,13.4412,13.4195,13.409,13.4808,13.5526,13.6244,13.6962,13.768,13.8398,13.9115,13.9833,14.055,14.0976,14.1244,14.1512,14.178,14.2048,14.2316,14.2585,14.2853,14.3121,14.331,14.3124,14.2937,14.2751,14.2563,14.2376,14.2188,14.1999,14.1809,14.1619,14.1393,14.1152,14.0911,14.0669,14.0427,14.0185,13.9942,13.9698,13.9454,13.9273,13.9302,13.9331,13.9358,13.9385,13.9411,13.9435,13.9459,13.9481,13.9502,13.944,13.935,13.9258,13.9163,13.9066,13.8966,13.8864,13.8759,13.8651,13.8151,13.6656,13.5158,13.3659,13.2158,13.0655,12.915,12.7643,12.6134,12.4624,12.3659,12.2824,12.1989,12.1154,12.0318,11.9481,11.8644,11.7807,11.6968,11.6276,11.5882,11.5489,11.5099,11.471,11.4323,11.3938,11.3556,11.3175,11.2797,11.3166,11.3662,11.4159,11.4656,11.5152,11.5648,11.6144,11.6639,11.7135,11.7035,11.5942,11.4848,11.3754,11.2659,11.1564,11.0468,10.9372,10.8275,10.7177,10.5229,10.3182,10.1134,9.9086,9.7038,9.499,9.2941,9.0893,8.8845,8.7211,8.6167,8.5125,8.4085,8.3047,8.201,8.0976,7.9944,7.8914,7.7886,7.7094,7.6319,7.5544,7.4768,7.3992,7.3215,7.2438,7.1661
15.6087,15.5393,15.4701,15.4009,15.3319,15.2629,15.1941,15.1253,15.0566,14.9671,14.861,14.7548,14.6486,14.5424,14.4361,14.3298,14.2235,14.1171,14.0152,13.9654,13.9154,13.8653,13.815,13.7645,13.7139,13.6631,13.6122,13.5612,13.532,13.5173,13.5025,13.4876,13.4726,13.4575,13.4422,13.4269,13.4115,13.4073,13.4811,13.5549,13.6287,13.7024,13.7761,13.8499,13.9236,13.9973,14.071,14.1158,14.145,14.1743,14.2035,14.2327,14.262,14.2912,14.3205,14.3498,14.3689,14.3398,14.3107,14.2816,14.2524,14.2232,14.1939,14.1645,14.1351,14.1056,14.0784,14.0522,14.026,13.9997,13.9734,13.9471,13.9207,13.8942,13.8677,13.8468,13.8456,13.8444,13.843,13.8416,13.8401,13.8384,13.8367,13.8348,13.8328,13.8195,13.8022,13.7846,13.7668,13.7488,13.7305,13.712,13.6932,13.6741,13.6189,13.4656,13.3121,13.1585,13.0046,12.8506,12.6964,12.542,12.3874,12.2326,12.1346,12.0518,11.9689,11.8859,11.8029,11.7198,11.6367,11.5535,11.4703,11.4025,11.3692,11.3361,11.3032,11.2704,11.2379,11.2055,11.1734,11.1415,11.1098,11.1463,11.1967,11.2471,11.2975,11.3478,11.3981,11.4484,11.4987,11.549,11.5436,11.4343,11.3249,11.2155,11.106,10.9965,10.8869,10.7772,10.6675,10.5578,10.3664,10.1624,9.9584,9.7543,9.5502,9.3462,9.1421,8.938,8.7339,8.569,8.4683,8.3677,8.2673,8.167,8.067,7.9672,7.8676,7.7682,7.669,7.5893,7.5118,7.4343,7.3567,7.2791,7.2015,7.1238,7.0461
15.5206,15.4474,15.3742,15.3012,15.2282,15.1554,15.0826,15.0099,14.9373,14.8456,14.7394,14.6332,14.5269,14.4206,14.3143,14.2079,14.1015,13.9951,13.8943,13.8508,13.807,13.7631,13.7191,13.6748,13.6304,13.5859,13.5412,13.4964,13.4738,13.4654,13.4569,13.4483,13.4396,13.4307,13.4218,13.4128,13.4037,13.4056,13.4814,13.5572,13.6329,13.7086,13.7843,13.86,13.9356,14.0113,14.087,14.1339,14.1656,14.1973,14.229,14.2606,14.2923,14.324,14.3557,14.3874,14.4068,14.3673,14.3277,14.2881,14.2485,14.2088,14.1691,14.1293,14.0894,14.0494,14.0176,13.9893,13.9609,13.9326,13.9042,13.8757,13.8472,13.8186,13.79,13.7664,13.7611,13.7558,13.7503,13.7448,13.7391,13.7334,13.7275,13.7215,13.7154,13.6951,13.6695,13.6436,13.6176,13.5912,13.5647,13.5378,13.5107,13.4834,13.4228,13.2658,13.1086,12.9512,12.7936,12.6358,12.4779,12.3198,12.1614,12.0029,11.9033,11.8211,11.7387,11.6564,11.5739,11.4914,11.4089,11.3263,11.2437,11.1771,11.1499,11.123,11.0962,11.0696,11.0432,11.017,10.991,10.9652,10.9396,10.976,11.0272,11.0783,11.1293,11.1804,11.2314,11.2825,11.3335,11.3845,11.3838,11.2744,11.1651,11.0556,10.9461,10.8366,10.727,10.6173,10.5076,10.3978,10.2099,10.0066,9.8033,9.6,9.3966,9.1933,8.99,8.7866,8.5833,8.4168,8.3196,8.2226,8.1258,8.0292,7.9328,7.8366,7.7406,7.6448,7.5492,7.4692,7.3917,7.3142,7.2367,7.1591,7.0815,7.0039,6.9262
15.4324,15.3553,15.2782,15.2013,15.1245,15.0477,14.971,14.8945,14.818,14.7241,14.6178,14.5115,14.4052,14.2989,14.1925,14.086,13.9795,13.873,13.7736,13.7363,13.6988,13.6611,13.6233,13.5853,13.5471,13.5088,13.4703,13.4317,13.4157,13.4136,13.4114,13.4091,13.4066,13.4041,13.4014,13.3987,13.3959,13.404,13.4817,13.5594,13.6371,13.7148,13.7924,13.8701,13.9477,14.0253,14.103,14.1521,14.1862,14.2203,14.2544,14.2886,14.3227,14.3568,14.3909,14.4251,14.4448,14.3948,14.3447,14.2947,14.2446,14.1945,14.1443,14.0941,14.0437,13.9933,13.9567,13.9263,13.8959,13.8654,13.8349,13.8043,13.7737,13.743,13.7123,13.686,13.6767,13.6672,13.6577,13.648,13.6383,13.6284,13.6185,13.6084,13.5982,13.5709,13.537,13.5029,13.4685,13.4339,13.399,13.3639,13.3285,13.2928,13.2268,13.0661,12.9051,12.744,12.5827,12.4212,12.2595,12.0977,11.9356,11.7733,11.672,11.5904,11.5086,11.4268,11.345,11.2631,11.1811,11.0991,11.017,10.9514,10.9304,10.9096,10.8889,10.8685,10.8482,10.8282,10.8083,10.7886,10.7692,10.8057,10.8576,10.9094,10.9612,11.013,11.0647,11.1165,11.1682,11.2199,11.2239,11.1146,11.0052,10.8957,10.7862,10.6767,10.5671,10.4574,10.3477,10.2379,10.0533,9.8507,9.6482,9.4456,9.243,9.0404,8.8378,8.6352,8.4326,8.2643,8.1707,8.0773,7.9841,7.8911,7.7983,7.7057,7.6133,7.5211,7.4291,7.3491,7.2717,7.1942,7.1167,7.0391,6.9615,6.8839,6.8062
15.3441,15.2631,15.1821,15.1013,15.0205,14.9399,14.8593,14.7789,14.6985,14.6025,14.4962,14.3899,14.2835,14.1771,14.0706,13.9641,13.8576,13.751,13.6531,13.622,13.5907,13.5592,13.5276,13.4958,13.4639,13.4318,13.3995,13.3671,13.3578,13.3619,13.366,13.3699,13.3738,13.3775,13.3811,13.3847,13.3881,13.4024,13.4821,13.5618,13.6414,13.721,13.8006,13.8802,13.9598,14.0394,14.119,14.1703,14.2068,14.2434,14.2799,14.3165,14.353,14.3896,14.4262,14.4627,14.4827,14.4223,14.3618,14.3013,14.2408,14.1802,14.1196,14.0589,13.9982,13.9373,13.8959,13.8634,13.8309,13.7983,13.7657,13.733,13.7003,13.6675,13.6347,13.6057,13.5923,13.5787,13.5651,13.5513,13.5375,13.5235,13.5095,13.4953,13.481,13.4469,13.4047,13.3622,13.3196,13.2767,13.2335,13.1901,13.1464,13.1025,13.031,12.8664,12.7018,12.5369,12.3719,12.2067,12.0413,11.8757,11.7099,11.5439,11.4407,11.3596,11.2785,11.1973,11.116,11.0347,10.9533,10.8719,10.7904,10.7255,10.7107,10.696,10.6814,10.6671,10.653,10.639,10.6253,10.6118,10.5985,10.6354,10.6879,10.7405,10.793,10.8455,10.898,10.9504,11.0029,11.0553,11.064,10.9547,10.8453,10.7358,10.6263,10.5168,10.4071,10.2975,10.1877,10.078,9.8967,9.6948,9.493,9.2912,9.0893,8.8874,8.6856,8.4837,8.2818,8.1115,8.0215,7.9317,7.8421,7.7527,7.6635,7.5745,7.4857,7.3971,7.3087,7.229,7.1516,7.0741,6.9966,6.9191,6.8415,6.7639,6.6863
15.2556,15.1707,15.0859,15.0011,14.9165,14.832,14.7475,14.6632,14.5789,14.481,14.3746,14.2682,14.1618,14.0553,13.9488,13.8422,13.7356,13.6289,13.5327,13.5078,13.4827,13.4575,13.4321,13.4065,13.3808,13.3549,13.3289,13.3027,13.2999,13.3103,13.3207,13.3309,13.341,13.351,13.3609,13.3708,13.3805,13.4008,13.4825,13.5641,13.6457,13.7273,13.8088,13.8904,13.9719,14.0534,14.135,14.1884,14.2274,14.2664,14.3054,14.3444,14.3834,14.4224,14.4614,14.5004,14.5207,14.4498,14.3789,14.308,14.237,14.166,14.095,14.0239,13.9527,13.8814,13.8351,13.8005,13.7659,13.7312,13.6965,13.6617,13.6269,13.592,13.5571,13.5255,13.5079,13.4903,13.4725,13.4547,13.4368,13.4187,13.4006,13.3823,13.3639,13.323,13.2725,13.2218,13.1709,13.1197,13.0683,13.0166,12.9646,12.9124,12.8352,12.6669,12.4985,12.3299,12.1612,11.9923,11.8231,11.6538,11.4843,11.3146,11.2094,11.1289,11.0483,10.9677,10.887,10.8062,10.7254,10.6446,10.5637,10.4994,10.4907,10.4821,10.4737,10.4655,10.4575,10.4497,10.4421,10.4347,10.4275,10.465,10.5183,10.5715,10.6248,10.678,10.7312,10.7843,10.8375,10.8906,10.9042,10.7948,10.6854,10.576,10.4664,10.3569,10.2472,10.1375,10.0278,9.918,9.74,9.5389,9.3378,9.1367,8.9356,8.7344,8.5333,8.3322,8.131,7.9585,7.8721,7.7859,7.6999,7.6141,7.5285,7.4431,7.3579,7.2729,7.1881,7.1089,7.0315,6.9541,6.8766,6.7991,6.7215,6.6439,6.5663
15.167,15.0782,14.9895,14.9009,14.8123,14.7239,14.6356,14.5473,14.4592,14.3595,14.253,14.1466,14.0401,13.9335,13.8269,13.7203,13.6136,13.5069,13.4124,13.3937,13.3749,13.3559,13.3367,13.3173,13.2978,13.2781,13.2583,13.2383,13.2421,13.2589,13.2755,13.292,13.3083,13.3246,13.3408,13.3569,13.3729,13.3993,13.4829,13.5664,13.65,13.7335,13.817,13.9005,13.984,14.0675,14.151,14.2066,14.2481,14.2895,14.3309,14.3723,14.4137,14.4552,14.4966,14.5381,14.5587,14.4774,14.396,14.3147,14.2333,14.1519,14.0704,13.9888,13.9072,13.8255,13.7743,13.7376,13.7009,13.6641,13.6273,13.5904,13.5535,13.5165,13.4795,13.4453,13.4236,13.4019,13.3801,13.3582,13.3361,13.314,13.2917,13.2694,13.2469,13.1994,13.1406,13.0816,13.0224,12.9629,12.9032,12.8432,12.783,12.7225,12.6395,12.4675,12.2954,12.1231,11.9506,11.778,11.6051,11.4321,11.2588,11.0854,10.978,10.8981,10.8181,10.7381,10.658,10.5778,10.4976,10.4173,10.337,10.273,10.2704,10.2679,10.2657,10.2636,10.2617,10.26,10.2585,10.2573,10.2562,10.2946,10.3486,10.4025,10.4565,10.5104,10.5643,10.6182,10.6721,10.7259,10.7443,10.635,10.5255,10.4161,10.3065,10.197,10.0873,9.9776,9.8679,9.7581,9.5832,9.3829,9.1825,8.9822,8.7818,8.5814,8.381,8.1806,7.9802,7.8053,7.7225,7.6399,7.5575,7.4753,7.3932,7.3114,7.2298,7.1484,7.0672,6.9888,6.9114,6.834,6.7566,6.6791,6.6015,6.524,6.4463
15.0783,14.9856,14.8929,14.8004,14.708,14.6157,14.5235,14.4314,14.3393,14.238,14.1314,14.0249,13.9183,13.8117,13.7051,13.5984,13.4916,13.3849,13.2923,13.2798,13.2672,13.2544,13.2414,13.2282,13.2149,13.2015,13.1879,13.1741,13.1845,13.2075,13.2303,13.2531,13.2758,13.2983,13.3208,13.3431,13.3654,13.3977,13.4833,13.5688,13.6543,13.7398,13.8253,13.9107,13.9962,14.0816,14.167,14.2248,14.2687,14.3125,14.3564,14.4002,14.4441,14.4879,14.5318,14.5757,14.5967,14.5049,14.4132,14.3214,14.2296,14.1378,14.0459,13.9539,13.8619,13.7697,13.7135,13.6747,13.6359,13.597,13.5581,13.5191,13.4801,13.4411,13.4019,13.3652,13.3394,13.3136,13.2877,13.2617,13.2355,13.2093,13.183,13.1565,13.13,13.0758,13.0088,12.9415,12.8741,12.8063,12.7383,12.6701,12.6016,12.5328,12.4439,12.2682,12.0924,11.9163,11.7401,11.5638,11.3872,11.2105,11.0335,10.8564,10.7466,10.6673,10.5879,10.5084,10.4289,10.3493,10.2697,10.19,10.1103,10.0464,10.0499,10.0536,10.0574,10.0615,10.0657,10.0701,10.0747,10.0796,10.0847,10.1241,10.1788,10.2335,10.2882,10.3428,10.3975,10.4521,10.5066,10.5612,10.5845,10.4751,10.3657,10.2562,10.1466,10.037,9.9274,9.8177,9.7079,9.5981,9.4265,9.2269,9.0272,8.8276,8.628,8.4283,8.2287,8.029,7.8293,7.6518,7.5726,7.4936,7.4148,7.3362,7.2577,7.1795,7.1015,7.0237,6.9461,6.8687,6.7913,6.7139,6.6365,6.559,6.4815,6.404,6.3264
14.9894,14.8928,14.7963,14.6999,14.6036,14.5074,14.4113,14.3153,14.2194,14.1164,14.0099,13.9032,13.7966,13.6899,13.5832,13.4764,13.3696,13.2628,13.1723,13.1661,13.1596,13.153,13.1462,13.1393,13.1322,13.1249,13.1175,13.11,13.1269,13.1562,13.1853,13.2144,13.2433,13.2721,13.3008,13.3294,13.358,13.3962,13.4837,13.5712,13.6586,13.7461,13.8335,13.9209,14.0083,14.0957,14.1831,14.2431,14.2893,14.3356,14.3819,14.4282,14.4744,14.5207,14.567,14.6133,14.6347,14.5325,14.4304,14.3282,14.226,14.1237,14.0214,13.919,13.8166,13.714,13.6528,13.6119,13.571,13.53,13.489,13.4479,13.4068,13.3656,13.3244,13.2851,13.2553,13.2254,13.1954,13.1653,13.135,13.1047,13.0743,13.0438,13.0131,12.9525,12.8772,12.8017,12.7259,12.6499,12.5737,12.4972,12.4204,12.3433,12.2484,12.069,11.8894,11.7097,11.5298,11.3497,11.1694,10.9889,10.8083,10.6274,10.5152,10.4365,10.3576,10.2788,10.1998,10.1208,10.0418,9.9627,9.8835,9.8195,9.8291,9.8389,9.8489,9.859,9.8694,9.8799,9.8907,9.9016,9.9128,9.9536,10.0091,10.0645,10.1199,10.1752,10.2305,10.2859,10.3412,10.3964,10.4246,10.3152,10.2058,10.0963,9.9867,9.8771,9.7675,9.6578,9.548,9.4382,9.2697,9.0708,8.8719,8.673,8.4741,8.2752,8.0762,7.8773,7.6784,7.4981,7.4225,7.3471,7.2719,7.1968,7.122,7.0474,6.9729,6.8987,6.8247,6.7486,6.6713,6.5939,6.5165,6.439,6.3615,6.284,6.2064
14.9003,14.7999,14.6995,14.5992,14.4991,14.399,14.299,14.1991,14.0993,13.9949,13.8883,13.7816,13.6749,13.5681,13.4613,13.3545,13.2477,13.1408,13.0525,13.0525,13.0522,13.0518,13.0512,13.0505,13.0496,13.0485,13.0473,13.046,13.0695,13.105,13.1404,13.1757,13.2109,13.246,13.2809,13.3158,13.3506,13.3947,13.4842,13.5736,13.663,13.7524,13.8417,13.9311,14.0205,14.1098,14.1991,14.2613,14.31,14.3587,14.4074,14.4561,14.5048,14.5535,14.6022,14.651,14.6727,14.5602,14.4476,14.335,14.2224,14.1097,13.997,13.8842,13.7714,13.6584,13.5921,13.5491,13.506,13.463,13.4199,13.3767,13.3335,13.2902,13.2469,13.2051,13.1712,13.1372,13.1031,13.0689,13.0346,13.0002,12.9657,12.9311,12.8963,12.8294,12.7458,12.662,12.578,12.4937,12.4092,12.3244,12.2394,12.1541,12.053,11.8699,11.6866,11.5032,11.3195,11.1357,10.9517,10.7676,10.5832,10.3986,10.2838,10.2056,10.1274,10.0491,9.9707,9.8923,9.8139,9.7353,9.6568,9.5924,9.6081,9.624,9.6401,9.6564,9.6728,9.6895,9.7063,9.7234,9.7407,9.7831,9.8393,9.8954,9.9515,10.0075,10.0636,10.1196,10.1756,10.2316,10.2647,10.1553,10.0459,9.9364,9.8268,9.7172,9.6076,9.4978,9.3881,9.2782,9.1128,8.9147,8.7165,8.5183,8.3202,8.122,7.9238,7.7256,7.5274,7.3442,7.2722,7.2004,7.1287,7.0573,6.986,6.9152,6.8448,6.7745,6.7043,6.63,6.5532,6.4765,6.3997,6.3229,6.2462,6.1695,6.0928
14.8112,14.7068,14.6026,14.4984,14.3944,14.2904,14.1865,14.0828,13.9791,13.8733,13.7666,13.6599,13.5531,13.4463,13.3395,13.2326,13.1257,13.0187,12.9329,12.939,12.945,12.9507,12.9564,12.9618,12.9671,12.9722,12.9772,12.9821,13.0121,13.0539,13.0956,13.1371,13.1786,13.2199,13.2611,13.3023,13.3434,13.3932,13.4846,13.576,13.6674,13.7587,13.85,13.9413,14.0326,14.1239,14.2152,14.2795,14.3306,14.3818,14.4329,14.484,14.5352,14.5863,14.6375,14.6886,14.7108,14.5878,14.4649,14.3419,14.2189,14.0958,13.9727,13.8495,13.7262,13.6029,13.5313,13.4863,13.4411,13.396,13.3508,13.3055,13.2602,13.2148,13.1694,13.1252,13.0872,13.0491,13.0109,12.9726,12.9343,12.8958,12.8572,12.8185,12.7797,12.7064,12.6146,12.5225,12.4302,12.3377,12.2449,12.1519,12.0586,11.9651,11.8577,11.6709,11.4839,11.2967,11.1094,10.9219,10.7342,10.5463,10.3582,10.1699,10.0524,9.9748,9.8971,9.8194,9.7416,9.6638,9.5859,9.508,9.43,9.365,9.3869,9.4089,9.4311,9.4534,9.476,9.4988,9.5217,9.5449,9.5684,9.613,9.67,9.7268,9.7834,9.8399,9.8961,9.9521,10.0079,10.0636,10.1005,9.9908,9.8811,9.7714,9.6617,9.552,9.4422,9.3324,9.2226,9.1128,8.9515,8.7561,8.561,8.3661,8.1715,7.977,7.7829,7.589,7.3954,7.2127,7.1435,7.0744,7.0054,6.9365,6.8676,6.7987,6.73,6.6613,6.5927,6.5199,6.4439,6.3678,6.2918,6.2159,6.1399,6.0639,5.988
14.6998,14.6,14.5,14.3996,14.299,14.198,14.0968,13.9953,13.8936,13.7908,13.6875,13.5839,13.48,13.376,13.2717,13.1671,13.0624,12.9575,12.8754,12.886,12.8965,12.9069,12.9172,12.9273,12.9373,12.9473,12.9571,12.9669,12.9995,13.0426,13.0858,13.1291,13.1726,13.2161,13.2597,13.3034,13.3472,13.3994,13.489,13.5788,13.6687,13.7587,13.8488,13.9389,14.0292,14.1195,14.2098,14.2738,14.3251,14.3764,14.4277,14.479,14.5302,14.5814,14.6326,14.6837,14.7044,14.5723,14.4401,14.3079,14.1756,14.0432,13.9107,13.7782,13.6456,13.5128,13.4343,13.3839,13.3332,13.2824,13.2313,13.1801,13.1285,13.0767,13.0247,12.9735,12.9287,12.8837,12.8385,12.793,12.7473,12.7013,12.655,12.6086,12.5618,12.4815,12.3826,12.2836,12.1844,12.0852,11.9859,11.8865,11.7871,11.6875,11.5764,11.3897,11.2031,11.0166,10.8303,10.6441,10.458,10.2721,10.0864,9.9009,9.7867,9.7159,9.6454,9.5753,9.5054,9.4359,9.3667,9.2979,9.2295,9.172,9.1985,9.225,9.2517,9.2784,9.3052,9.3321,9.3591,9.3862,9.4134,9.4569,9.511,9.5649,9.6187,9.6722,9.7256,9.7787,9.8317,9.8844,9.9231,9.8142,9.7052,9.5962,9.4872,9.3781,9.2691,9.16,9.0509,8.9418,8.7861,8.5956,8.4052,8.2151,8.0253,7.8357,7.6463,7.4572,7.2684,7.0863,7.0188,6.9513,6.884,6.8166,6.7494,6.6822,6.6151,6.5481,6.4811,6.4097,6.3344,6.2592,6.1839,6.1087,6.0335,5.9583,5.8832
14.5792,14.4872,14.3948,14.3022,14.2093,14.1161,14.0226,13.9288,13.8348,13.7401,13.645,13.5497,13.4541,13.3583,13.2623,13.166,13.0695,12.9728,12.9,12.9168,12.9335,12.9501,12.9665,12.9829,12.9991,13.0152,13.0313,13.0472,13.0781,13.1156,13.1532,13.1909,13.2287,13.2666,13.3046,13.3427,13.3808,13.4265,13.5045,13.5826,13.6608,13.7391,13.8175,13.896,13.9746,14.0532,14.1319,14.1863,14.229,14.2717,14.3144,14.3571,14.3998,14.4424,14.485,14.5275,14.5405,14.4045,14.2685,14.1324,13.9962,13.86,13.7236,13.5872,13.4507,13.3141,13.2256,13.1625,13.0992,13.0357,12.972,12.9081,12.8439,12.7795,12.7148,12.6517,12.5997,12.5475,12.495,12.4423,12.3894,12.3362,12.2827,12.229,12.175,12.0938,11.9966,11.8994,11.802,11.7046,11.6071,11.5095,11.4118,11.314,11.2066,11.0284,10.8503,10.6724,10.4946,10.3169,10.1394,9.962,9.7848,9.6078,9.5019,9.4425,9.3834,9.3246,9.2661,9.2079,9.1501,9.0926,9.0356,8.9868,9.0166,9.0465,9.0765,9.1066,9.1367,9.167,9.1973,9.2277,9.2583,9.3009,9.3521,9.4032,9.454,9.5047,9.5552,9.6055,9.6556,9.7054,9.7457,9.6375,9.5292,9.4209,9.3126,9.2043,9.096,8.9876,8.8792,8.7708,8.6205,8.4347,8.2492,8.0639,7.8788,7.694,7.5095,7.3252,7.1411,6.9598,6.8939,6.8281,6.7624,6.6967,6.6311,6.5655,6.5001,6.4347,6.3694,6.2995,6.225,6.1505,6.076,6.0015,5.9271,5.8527,5.7783
14.4588,14.3745,14.2899,14.205,14.1198,14.0344,13.9486,13.8626,13.7763,13.6897,13.6029,13.5158,13.4285,13.3409,13.2531,13.1651,13.0768,12.9884,12.9247,12.9477,12.9706,12.9934,13.016,13.0386,13.061,13.0833,13.1055,13.1277,13.1566,13.1885,13.2204,13.2525,13.2847,13.317,13.3494,13.3818,13.4144,13.4535,13.5198,13.5863,13.6528,13.7195,13.7862,13.8531,13.92,13.9869,14.0539,14.0986,14.1328,14.1669,14.2011,14.2352,14.2693,14.3034,14.3374,14.3713,14.3767,14.2368,14.0969,13.9569,13.8169,13.6767,13.5365,13.3962,13.2558,13.1154,13.017,12.9413,12.8654,12.7892,12.7129,12.6363,12.5595,12.4824,12.4051,12.33,12.2708,12.2113,12.1517,12.0917,12.0316,11.9712,11.9105,11.8496,11.7884,11.706,11.6106,11.5151,11.4195,11.3239,11.2281,11.1323,11.0364,10.9404,10.8366,10.6669,10.4974,10.3279,10.1586,9.9895,9.8205,9.6516,9.4829,9.3144,9.2168,9.1687,9.1209,9.0735,9.0263,8.9795,8.933,8.8869,8.8412,8.8014,8.8346,8.8678,8.9012,8.9346,8.9681,9.0017,9.0353,9.0691,9.103,9.145,9.1934,9.2416,9.2896,9.3374,9.385,9.4324,9.4796,9.5266,9.5683,9.4607,9.3532,9.2456,9.138,9.0304,8.9228,8.8151,8.7075,8.5998,8.4545,8.2735,8.0928,7.9123,7.732,7.552,7.3723,7.1928,7.0135,6.8346,6.769,6.7048,6.6407,6.5766,6.5127,6.4488,6.3849,6.3212,6.2575,6.1892,6.1154,6.0417,5.968,5.8943,5.8206,5.7469,5.6733
14.3388,14.2622,14.1853,14.1081,14.0307,13.9529,13.8749,13.7966,13.718,13.6395,13.5609,13.4821,13.403,13.3237,13.2441,13.1643,13.0844,13.0042,12.9496,12.9788,13.0079,13.0368,13.0657,13.0944,13.123,13.1515,13.1799,13.2083,13.235,13.2612,13.2876,13.3141,13.3406,13.3673,13.3941,13.4209,13.4479,13.4803,13.535,13.5898,13.6447,13.6997,13.7548,13.81,13.8653,13.9206,13.9759,14.011,14.0366,14.0622,14.0877,14.1133,14.1388,14.1643,14.1898,14.2152,14.2128,14.0691,13.9253,13.7815,13.6375,13.4935,13.3494,13.2053,13.061,12.9167,12.8086,12.7202,12.6316,12.5428,12.4539,12.3646,12.2752,12.1855,12.0955,12.0084,11.942,11.8753,11.8084,11.7413,11.6739,11.6063,11.5385,11.4704,11.402,11.3182,11.2245,11.1308,11.037,10.9432,10.8492,10.7551,10.661,10.5668,10.4664,10.3052,10.1442,9.9832,9.8225,9.6618,9.5013,9.341,9.1808,9.0208,8.9313,8.8945,8.8581,8.8219,8.7861,8.7507,8.7155,8.6807,8.6463,8.6159,8.6524,8.689,8.7257,8.7625,8.7993,8.8362,8.8732,8.9103,8.9475,8.9893,9.0348,9.0801,9.1252,9.1702,9.2149,9.2594,9.3038,9.3479,9.3908,9.284,9.1771,9.0703,8.9634,8.8565,8.7496,8.6426,8.5357,8.4287,8.2883,8.1121,7.9361,7.7604,7.585,7.4098,7.2348,7.0601,6.8856,6.7115,6.6439,6.5814,6.5189,6.4565,6.3941,6.3319,6.2697,6.2076,6.1455,6.0788,6.0058,5.9329,5.8599,5.787,5.7141,5.6412,5.5683
14.219,14.1501,14.081,14.0115,13.9417,13.8717,13.8014,13.7308,13.6599,13.5896,13.5192,13.4486,13.3778,13.3067,13.2354,13.1638,13.0921,13.0201,12.9746,13.01,13.0452,13.0804,13.1154,13.1503,13.1851,13.2198,13.2544,13.289,13.3133,13.3339,13.3547,13.3755,13.3965,13.4176,13.4387,13.46,13.4813,13.5071,13.5501,13.5932,13.6365,13.6799,13.7233,13.7669,13.8105,13.8541,13.8978,13.9233,13.9403,13.9573,13.9744,13.9914,14.0083,14.0253,14.0422,14.059,14.049,13.9014,13.7537,13.606,13.4582,13.3103,13.1624,13.0143,12.8662,12.718,12.6002,12.4992,12.398,12.2966,12.195,12.0931,11.9911,11.8887,11.7862,11.6869,11.6132,11.5394,11.4653,11.391,11.3164,11.2416,11.1666,11.0913,11.0157,10.9303,10.8385,10.7465,10.6545,10.5624,10.4702,10.3779,10.2856,10.1931,10.0959,9.9432,9.7907,9.6383,9.486,9.3339,9.1819,9.03,8.8784,8.7269,8.6454,8.62,8.5948,8.57,8.5455,8.5214,8.4976,8.4741,8.451,8.4303,8.4702,8.5101,8.5501,8.5902,8.6304,8.6706,8.711,8.7514,8.7919,8.8337,8.8763,8.9188,8.961,9.0031,9.045,9.0866,9.1281,9.1694,9.2104,9.1072,9.001,8.8949,8.7887,8.6825,8.5763,8.4701,8.3638,8.2576,8.1217,7.9504,7.7792,7.6083,7.4376,7.2672,7.097,6.9271,6.7574,6.588,6.5187,6.4578,6.397,6.3362,6.2755,6.2149,6.1543,6.0938,6.0334,5.9684,5.8962,5.824,5.7518,5.6796,5.6075,5.5353,5.4632
14.0995,14.0383,13.9769,13.9151,13.8531,13.7907,13.7281,13.6652,13.6021,13.5399,13.4778,13.4154,13.3528,13.2899,13.2269,13.1635,13.1,13.0363,12.9997,13.0413,13.0828,13.1241,13.1653,13.2064,13.2474,13.2883,13.3291,13.3698,13.3915,13.4065,13.4217,13.4369,13.4523,13.4677,13.4833,13.4989,13.5146,13.5337,13.5651,13.5966,13.6282,13.6599,13.6917,13.7236,13.7556,13.7876,13.8197,13.8356,13.844,13.8525,13.861,13.8694,13.8778,13.8862,13.8945,13.9028,13.8852,13.7337,13.5822,13.4306,13.2789,13.1272,12.9753,12.8234,12.6714,12.5193,12.3919,12.2783,12.1645,12.0504,11.9362,11.8218,11.7071,11.5922,11.477,11.3655,11.2846,11.2036,11.1223,11.0408,10.959,10.877,10.7948,10.7123,10.6295,10.5424,10.4523,10.3622,10.2719,10.1816,10.0912,10.0007,9.9101,9.8194,9.7252,9.581,9.437,9.2931,9.1493,9.0057,8.8622,8.7188,8.5757,8.4327,8.3591,8.345,8.3312,8.3177,8.3045,8.2917,8.2792,8.2671,8.2553,8.2446,8.2878,8.331,8.3744,8.4178,8.4613,8.5049,8.5486,8.5923,8.6362,8.6782,8.718,8.7576,8.797,8.8362,8.8752,8.914,8.9526,8.991,9.0292,8.9303,8.8249,8.7194,8.614,8.5085,8.403,8.2975,8.192,8.0864,7.9549,7.7883,7.622,7.4558,7.29,7.1243,6.9589,6.7938,6.6289,6.4643,6.3934,6.3342,6.275,6.2158,6.1568,6.0978,6.0388,5.98,5.9212,5.858,5.7865,5.715,5.6436,5.5722,5.5008,5.4294,5.3581
13.9803,13.9268,13.8731,13.819,13.7647,13.71,13.6551,13.6,13.5445,13.4905,13.4366,13.3824,13.328,13.2734,13.2185,13.1635,13.1082,13.0527,13.025,13.0728,13.1204,13.1679,13.2153,13.2626,13.3098,13.3568,13.4038,13.4507,13.4696,13.479,13.4886,13.4982,13.508,13.5178,13.5278,13.5378,13.5479,13.5601,13.5799,13.5998,13.6198,13.6399,13.6601,13.6803,13.7007,13.721,13.7415,13.7478,13.7477,13.7476,13.7476,13.7475,13.7473,13.7472,13.7469,13.7467,13.7213,13.566,13.4106,13.2552,13.0996,12.944,12.7883,12.6326,12.4767,12.3207,12.1837,12.0575,11.9311,11.8044,11.6776,11.5506,11.4233,11.2957,11.1679,11.0442,10.9561,10.8679,10.7794,10.6907,10.6018,10.5126,10.4232,10.3335,10.2435,10.1544,10.0661,9.9778,9.8893,9.8007,9.7121,9.6233,9.5345,9.4456,9.3543,9.2186,9.0831,8.9476,8.8123,8.6772,8.5422,8.4074,8.2727,8.1382,8.0724,8.0696,8.0671,8.065,8.0631,8.0616,8.0604,8.0596,8.0591,8.0591,8.1052,8.1518,8.1985,8.2452,8.2921,8.339,8.386,8.4331,8.4803,8.5229,8.5598,8.5965,8.633,8.6694,8.7055,8.7415,8.7772,8.8127,8.8481,8.7534,8.6487,8.544,8.4392,8.3345,8.2297,8.1249,8.02,7.9152,7.7878,7.626,7.4644,7.3031,7.142,6.9811,6.8205,6.6602,6.5001,6.3403,6.268,6.2104,6.1528,6.0953,6.0379,5.9805,5.9232,5.866,5.8089,5.7474,5.6767,5.606,5.5354,5.4647,5.3941,5.3235,5.2529
13.8613,13.8156,13.7695,13.7232,13.6765,13.6296,13.5824,13.5349,13.4872,13.4413,13.3956,13.3497,13.3035,13.2571,13.2105,13.1636,13.1165,13.0693,13.0505,13.1044,13.1582,13.2119,13.2655,13.3189,13.3723,13.4255,13.4786,13.5317,13.5476,13.5515,13.5554,13.5594,13.5636,13.5678,13.5722,13.5766,13.5811,13.5865,13.5946,13.6029,13.6113,13.6197,13.6283,13.6369,13.6456,13.6544,13.6632,13.66,13.6514,13.6428,13.6341,13.6255,13.6168,13.6081,13.5993,13.5905,13.5575,13.3983,13.2391,13.0798,12.9204,12.7609,12.6013,12.4417,12.282,12.1222,11.9756,11.8368,11.6978,11.5586,11.4192,11.2795,11.1396,10.9995,10.8591,10.723,10.6277,10.5323,10.4367,10.3408,10.2446,10.1483,10.0517,9.9548,9.8576,9.7665,9.6799,9.5933,9.5066,9.4198,9.3329,9.246,9.1589,9.0718,8.9831,8.8559,8.7289,8.6019,8.4751,8.3485,8.222,8.0956,7.9694,7.8434,7.7853,7.7939,7.8027,7.8118,7.8213,7.8311,7.8412,7.8517,7.8625,7.8737,7.9225,7.9724,8.0224,8.0725,8.1227,8.1729,8.2233,8.2737,8.3242,8.3677,8.4017,8.4356,8.4692,8.5027,8.536,8.5691,8.602,8.6346,8.6671,8.5765,8.4725,8.3685,8.2644,8.1604,8.0563,7.9522,7.8481,7.7439,7.6205,7.4634,7.3066,7.1501,6.9937,6.8377,6.6818,6.5263,6.371,6.2159,6.1425,6.0865,6.0306,5.9747,5.9189,5.8632,5.8075,5.7519,5.6964,5.6369,5.5669,5.497,5.4271,5.3572,5.2873,5.2175,5.1476
13.7426,13.7046,13.6662,13.6276,13.5886,13.5494,13.5099,13.4701,13.43,13.3923,13.3549,13.3171,13.2792,13.241,13.2026,13.1639,13.1251,13.086,13.0761,13.1362,13.1962,13.256,13.3158,13.3754,13.4349,13.4943,13.5536,13.6128,13.6256,13.6238,13.6221,13.6206,13.6191,13.6178,13.6165,13.6154,13.6143,13.6127,13.6092,13.6059,13.6026,13.5995,13.5964,13.5935,13.5906,13.5877,13.5849,13.5722,13.555,13.5378,13.5207,13.5035,13.4863,13.469,13.4517,13.4344,13.3937,13.2307,13.0675,12.9044,12.7411,12.5778,12.4144,12.2509,12.0873,11.9236,11.7677,11.6163,11.4646,11.3128,11.1608,11.0086,10.8561,10.7034,10.5504,10.4018,10.2995,10.1968,10.094,9.9909,9.8876,9.7841,9.6803,9.5762,9.4719,9.3784,9.2937,9.2088,9.1239,9.0389,8.9538,8.8686,8.7833,8.6979,8.6117,8.493,8.3744,8.256,8.1377,8.0195,7.9015,7.7836,7.6659,7.5483,7.4979,7.5177,7.5379,7.5583,7.579,7.6001,7.6215,7.6433,7.6655,7.688,7.7397,7.793,7.8463,7.8997,7.9532,8.0068,8.0604,8.1142,8.168,8.2126,8.2438,8.2748,8.3056,8.3362,8.3666,8.3969,8.4269,8.4567,8.4863,8.3995,8.2962,8.1929,8.0896,7.9862,7.8829,7.7795,7.6761,7.5726,7.4528,7.3005,7.1485,6.9967,6.8452,6.6939,6.5428,6.392,6.2415,6.0912,6.0169,5.9626,5.9082,5.854,5.7998,5.7457,5.6917,5.6377,5.5839,5.5262,5.457,5.3879,5.3187,5.2496,5.1805,5.1114,5.0423
13.6242,13.5939,13.5632,13.5322,13.501,13.4694,13.4376,13.4055,13.3732,13.3436,13.3144,13.2849,13.2551,13.2251,13.1949,13.1645,13.1339,13.103,13.1019,13.1681,13.2343,13.3003,13.3662,13.432,13.4976,13.5632,13.6287,13.6941,13.7034,13.696,13.6888,13.6816,13.6746,13.6677,13.6608,13.6541,13.6474,13.6388,13.6237,13.6087,13.5939,13.5791,13.5645,13.5499,13.5354,13.5209,13.5065,13.4843,13.4586,13.4329,13.4072,13.3815,13.3557,13.33,13.3041,13.2783,13.2299,13.063,12.896,12.729,12.5619,12.3947,12.2274,12.0601,11.8926,11.7251,11.5598,11.3958,11.2316,11.0672,10.9026,10.7378,10.5727,10.4074,10.2418,10.0808,9.9713,9.8615,9.7515,9.6412,9.5308,9.42,9.309,9.1978,9.0863,8.9904,8.9074,8.8243,8.7411,8.6579,8.5746,8.4911,8.4076,8.324,8.2401,8.1299,8.0198,7.9098,7.8,7.6903,7.5807,7.4713,7.3621,7.253,7.2101,7.2412,7.2726,7.3043,7.3364,7.3688,7.4015,7.4345,7.468,7.5018,7.5567,7.6133,7.67,7.7267,7.7835,7.8404,7.8974,7.9545,8.0117,8.0577,8.086,8.1141,8.1421,8.1698,8.1974,8.2248,8.2519,8.2789,8.3056,8.2225,8.12,8.0173,7.9147,7.8121,7.7094,7.6067,7.504,7.4013,7.2849,7.1374,6.9901,6.8431,6.6964,6.5498,6.4035,6.2575,6.1118,5.9662,5.8912,5.8385,5.7858,5.7332,5.6806,5.6282,5.5758,5.5234,5.4712,5.4155,5.3471,5.2787,5.2103,5.1419,5.0736,5.0053,4.937
13.5061,13.4834,13.4604,13.4371,13.4136,13.3897,13.3656,13.3412,13.3165,13.2952,13.2741,13.2528,13.2313,13.2095,13.1875,13.1653,13.1428,13.1202,13.1278,13.2002,13.2725,13.3447,13.4167,13.4887,13.5605,13.6322,13.7039,13.7754,13.7811,13.7682,13.7553,13.7426,13.73,13.7174,13.705,13.6927,13.6804,13.6647,13.6381,13.6115,13.5851,13.5587,13.5324,13.5063,13.4802,13.4541,13.4281,13.3964,13.3621,13.3279,13.2937,13.2595,13.2252,13.1909,13.1565,13.1221,13.0661,12.8953,12.7245,12.5536,12.3827,12.2116,12.0405,11.8693,11.698,11.5266,11.352,11.1755,10.9987,10.8217,10.6446,10.4672,10.2895,10.1116,9.9335,9.7599,9.6432,9.5263,9.4091,9.2917,9.174,9.0561,8.9379,8.8195,8.7009,8.6023,8.5211,8.4398,8.3584,8.2769,8.1953,8.1136,8.0319,7.9501,7.8682,7.7665,7.6649,7.5634,7.462,7.3608,7.2597,7.1587,7.058,6.9574,6.9219,6.9643,7.007,7.05,7.0933,7.137,7.181,7.2253,7.27,7.3151,7.3737,7.4336,7.4935,7.5536,7.6137,7.6739,7.7343,7.7947,7.8552,7.9029,7.9283,7.9536,7.9787,8.0036,8.0283,8.0528,8.0771,8.1012,8.1251,8.0455,7.9436,7.8417,7.7398,7.6379,7.5359,7.4339,7.3319,7.2299,7.1166,6.9739,6.8314,6.6892,6.5472,6.4055,6.2639,6.1227,5.9817,5.841,5.7654,5.7143,5.6632,5.6122,5.5613,5.5105,5.4597,5.409,5.3584,5.3048,5.2371,5.1695,5.1019,5.0342,4.9666,4.8991,4.8315
13.3882,13.3732,13.3579,13.3423,13.3264,13.3103,13.2938,13.2771,13.2601,13.2469,13.2341,13.221,13.2076,13.1941,13.1803,13.1662,13.152,13.1376,13.1538,13.2324,13.3109,13.3892,13.4674,13.5455,13.6235,13.7014,13.7792,13.8569,13.8587,13.8402,13.8218,13.8035,13.7853,13.7672,13.7491,13.7312,13.7134,13.6906,13.6523,13.6141,13.5761,13.5382,13.5003,13.4626,13.4249,13.3872,13.3496,13.3084,13.2657,13.2229,13.1802,13.1374,13.0946,13.0518,13.0089,12.966,12.9023,12.7277,12.553,12.3783,12.2034,12.0286,11.8536,11.6785,11.5034,11.3281,11.1444,10.9553,10.7659,10.5764,10.3867,10.1967,10.0065,9.816,9.6253,9.4392,9.3152,9.1911,9.0668,8.9422,8.8174,8.6923,8.567,8.4414,8.3156,8.2141,8.1347,8.0551,7.9755,7.8958,7.816,7.7361,7.6561,7.5761,7.4959,7.4029,7.3097,7.2167,7.1238,7.031,6.9384,6.8459,6.7536,6.6615,6.6333,6.687,6.741,6.7952,6.8498,6.9048,6.96,7.0157,7.0716,7.128,7.1904,7.2536,7.3169,7.3803,7.4438,7.5073,7.571,7.6347,7.6985,7.7482,7.7708,7.7932,7.8155,7.8375,7.8594,7.881,7.9025,7.9237,7.9448,7.8684,7.7673,7.6661,7.5649,7.4636,7.3624,7.2611,7.1598,7.0585,6.9481,6.8102,6.6725,6.535,6.3978,6.2608,6.124,5.9876,5.8513,5.7154,5.6395,5.59,5.5405,5.4912,5.4419,5.3927,5.3435,5.2945,5.2455,5.194,5.1271,5.0602,4.9933,4.9265,4.8596,4.7928,4.726
13.2706,13.2633,13.2557,13.2478,13.2395,13.231,13.2223,13.2132,13.2039,13.199,13.1943,13.1894,13.1843,13.1789,13.1733,13.1674,13.1614,13.1551,13.18,13.2647,13.3494,13.4338,13.5182,13.6024,13.6866,13.7706,13.8546,13.9384,13.9363,13.9122,13.8882,13.8643,13.8405,13.8168,13.7932,13.7697,13.7463,13.7163,13.6664,13.6167,13.5671,13.5175,13.4681,13.4188,13.3695,13.3202,13.2711,13.2204,13.1692,13.1179,13.0667,13.0154,12.9641,12.9127,12.8614,12.8099,12.7385,12.5601,12.3815,12.2029,12.0243,11.8455,11.6667,11.4878,11.3088,11.1297,10.9368,10.7351,10.5333,10.3312,10.1289,9.9264,9.7236,9.5206,9.3173,9.1185,8.9874,8.8561,8.7246,8.5928,8.4609,8.3286,8.1962,8.0634,7.9304,7.826,7.7483,7.6705,7.5926,7.5147,7.4366,7.3585,7.2803,7.202,7.1236,7.039,6.9543,6.8697,6.7853,6.701,6.6168,6.5328,6.449,6.3653,6.3443,6.4093,6.4745,6.5401,6.6059,6.6721,6.7387,6.8056,6.8728,6.9404,7.0071,7.0736,7.1402,7.2069,7.2737,7.3406,7.4075,7.4746,7.5417,7.5937,7.6134,7.633,7.6524,7.6716,7.6906,7.7094,7.728,7.7464,7.7646,7.6913,7.5908,7.4904,7.3899,7.2893,7.1888,7.0882,6.9876,6.887,6.7793,6.6462,6.5132,6.3805,6.248,6.1158,5.9838,5.8521,5.7206,5.5894,5.5134,5.4655,5.4187,5.3748,5.331,5.2872,5.2435,5.1999,5.1563,5.1107,5.0482,4.9857,4.9231,4.8606,4.798,4.7353,4.6727
13.1533,13.1537,13.1537,13.1535,13.1529,13.1521,13.151,13.1496,13.148,13.1512,13.1548,13.158,13.1611,13.1639,13.1665,13.1688,13.171,13.1729,13.2063,13.2972,13.388,13.4786,13.5691,13.6595,13.7498,13.84,13.9301,14.0201,14.0137,13.984,13.9544,13.925,13.8956,13.8664,13.8372,13.8081,13.7791,13.7419,13.6804,13.6191,13.5579,13.4968,13.4358,13.3749,13.314,13.2532,13.1924,13.1324,13.0726,13.0129,12.9531,12.8933,12.8335,12.7737,12.7138,12.6538,12.5747,12.3924,12.2101,12.0276,11.8451,11.6625,11.4798,11.2971,11.1142,10.9313,10.7294,10.5151,10.3007,10.0861,9.8712,9.6562,9.4409,9.2253,9.0095,8.7979,8.6596,8.5212,8.3825,8.2436,8.1045,7.9651,7.8255,7.6856,7.5454,7.4378,7.3618,7.2858,7.2097,7.1335,7.0572,6.9809,6.9044,6.8279,6.7513,6.6749,6.5987,6.5226,6.4466,6.3707,6.295,6.2195,6.1441,6.0688,6.055,6.1312,6.2077,6.2845,6.3616,6.4391,6.5169,6.595,6.6735,6.7524,6.8236,6.8934,6.9634,7.0334,7.1056,7.1784,7.251,7.3235,7.3957,7.452,7.4709,7.4896,7.508,7.5261,7.544,7.5616,7.579,7.596,7.6128,7.544,7.4457,7.3474,7.249,7.1506,7.052,6.9534,6.8547,6.7559,6.6525,6.5297,6.4075,6.2858,6.1648,6.0444,5.9246,5.8054,5.6869,5.569,5.4983,5.455,5.4119,5.3687,5.3256,5.2826,5.2396,5.1967,5.1538,5.1096,5.0468,4.9839,4.9211,4.8582,4.7953,4.7323,4.6694
13.1133,13.117,13.1206,13.1241,13.1273,13.1305,13.1335,13.1363,13.139,13.1445,13.1503,13.156,13.1617,13.1675,13.1732,13.1789,13.1847,13.1904,13.227,13.3171,13.4073,13.4977,13.5883,13.679,13.7699,13.8609,13.952,14.0433,14.0319,13.997,13.9623,13.9276,13.893,13.8585,13.824,13.7897,13.7553,13.7116,13.6412,13.5708,13.5004,13.43,13.3596,13.2892,13.2188,13.1484,13.078,13.009,12.9406,12.8722,12.8037,12.7351,12.6665,12.5978,12.5291,12.4602,12.3729,12.1858,11.9985,11.8112,11.6237,11.436,11.2483,11.0604,10.8723,10.6841,10.4758,10.2544,10.0329,9.8113,9.5897,9.368,9.1463,8.9244,8.7026,8.4847,8.3436,8.2023,8.061,7.9197,7.7783,7.6368,7.4953,7.3538,7.2123,7.1073,7.0397,6.9722,6.9049,6.8379,6.771,6.7044,6.638,6.5719,6.506,6.4435,6.3814,6.3196,6.2582,6.1971,6.1364,6.076,6.016,5.9564,5.953,6.0375,6.1221,6.2067,6.2913,6.3761,6.4608,6.5457,6.6306,6.7155,6.7881,6.8581,6.9279,6.9975,7.067,7.1363,7.2055,7.2745,7.3434,7.397,7.411,7.4247,7.4382,7.4515,7.4644,7.4771,7.4896,7.5017,7.5136,7.4459,7.3469,7.2478,7.1486,7.0494,6.9501,6.8507,6.7513,6.6517,6.55,6.4374,6.3254,6.214,6.1032,5.993,5.8835,5.7745,5.6662,5.5586,5.4899,5.4474,5.405,5.3626,5.3202,5.2779,5.2357,5.1935,5.1513,5.1085,5.0454,4.9822,4.919,4.8559,4.7926,4.7294,4.6661
13.0925,13.1006,13.1086,13.1164,13.1241,13.1316,13.139,13.1462,13.1534,13.1594,13.1655,13.1715,13.1775,13.1835,13.1895,13.1955,13.2015,13.2075,13.2425,13.3251,13.4079,13.4909,13.5741,13.6574,13.7408,13.8244,13.9081,13.9919,13.9721,13.9299,13.8878,13.8458,13.8039,13.7621,13.7203,13.6786,13.637,13.5859,13.5087,13.4316,13.3545,13.2774,13.2003,13.1232,13.046,12.9689,12.8918,12.814,12.7359,12.6578,12.5797,12.5015,12.4233,12.345,12.2666,12.1881,12.0917,11.8981,11.7043,11.5104,11.3164,11.1222,10.928,10.7335,10.539,10.3442,10.136,9.9189,9.7016,9.4843,9.267,9.0495,8.832,8.6145,8.3969,8.1827,8.0443,7.9059,7.7674,7.6289,7.4903,7.3517,7.213,7.0743,6.9356,6.8373,6.782,6.7268,6.6718,6.617,6.5624,6.5081,6.454,6.4001,6.3465,6.2966,6.2472,6.1982,6.1495,6.1011,6.0531,6.0054,5.9581,5.9113,5.9141,6.0004,6.0868,6.1732,6.2597,6.3462,6.4328,6.5195,6.6062,6.693,6.7634,6.8299,6.8963,6.9625,7.0285,7.0944,7.1602,7.2257,7.2911,7.3422,7.3513,7.3601,7.3687,7.3771,7.3851,7.3929,7.4004,7.4077,7.4146,7.3478,7.248,7.1482,7.0483,6.9483,6.8482,6.7481,6.6479,6.5476,6.4469,6.3446,6.2428,6.1416,6.041,5.9411,5.8417,5.743,5.6449,5.5474,5.4816,5.4398,5.3981,5.3564,5.3148,5.2732,5.2317,5.1902,5.1487,5.1073,5.044,4.9805,4.917,4.8535,4.79,4.7264,4.6629
13.0719,13.0844,13.0967,13.109,13.121,13.1329,13.1447,13.1563,13.1678,13.1744,13.1807,13.1869,13.1932,13.1995,13.2058,13.2121,13.2184,13.2246,13.2578,13.333,13.4084,13.484,13.5597,13.6355,13.7116,13.7877,13.864,13.9404,13.9121,13.8626,13.8132,13.7639,13.7147,13.6656,13.6165,13.5675,13.5185,13.4601,13.3762,13.2924,13.2085,13.1247,13.0409,12.957,12.8732,12.7893,12.7055,12.6189,12.5312,12.4435,12.3557,12.2679,12.18,12.0921,12.0041,11.916,11.8105,11.6104,11.4101,11.2097,11.0091,10.8085,10.6077,10.4067,10.2057,10.0044,9.7962,9.5833,9.3703,9.1573,8.9442,8.731,8.5178,8.3045,8.0911,7.8806,7.745,7.6094,7.4738,7.3381,7.2023,7.0665,6.9307,6.7948,6.6589,6.5671,6.524,6.4811,6.4384,6.3958,6.3535,6.3114,6.2696,6.228,6.1867,6.1494,6.1128,6.0764,6.0404,6.0047,5.9694,5.9345,5.8999,5.8657,5.8752,5.9633,6.0515,6.1397,6.228,6.3163,6.4048,6.4932,6.5817,6.6703,6.7388,6.8019,6.8648,6.9276,6.9902,7.0527,7.1149,7.1771,7.239,7.2876,7.2918,7.2958,7.2995,7.3029,7.3061,7.3089,7.3116,7.3139,7.316,7.2498,7.1492,7.0486,6.948,6.8472,6.7464,6.6455,6.5445,6.4435,6.3432,6.2511,6.1595,6.0686,5.9782,5.8884,5.7993,5.7108,5.6229,5.5357,5.4732,5.4321,5.3911,5.3502,5.3093,5.2684,5.2276,5.1868,5.1461,5.1055,5.0426,4.9788,4.9151,4.8512,4.7874,4.7235,4.6596
13.0514,13.0683,13.085,13.1016,13.1181,13.1344,13.1505,13.1665,13.1824,13.1893,13.1959,13.2024,13.209,13.2155,13.2221,13.2287,13.2352,13.2418,13.2729,13.3407,13.4087,13.4768,13.5451,13.6136,13.6822,13.7509,13.8198,13.8887,13.8521,13.7953,13.7386,13.682,13.6254,13.569,13.5126,13.4563,13.4,13.3343,13.2437,13.1531,13.0625,12.972,12.8814,12.7909,12.7003,12.6097,12.5191,12.4238,12.3265,12.2291,12.1317,12.0343,11.9368,11.8392,11.7416,11.6438,11.5294,11.3227,11.1159,10.909,10.7019,10.4948,10.2874,10.08,9.8724,9.6646,9.4563,9.2477,9.039,8.8302,8.6213,8.4124,8.2034,7.9944,7.7853,7.5784,7.4457,7.3129,7.1801,7.0472,6.9143,6.7813,6.6483,6.5152,6.3821,6.2966,6.2658,6.2351,6.2046,6.1744,6.1443,6.1145,6.0849,6.0556,6.0266,6.0019,5.9779,5.9543,5.9309,5.908,5.8853,5.8631,5.8412,5.8197,5.8361,5.9261,6.0161,6.1061,6.1962,6.2864,6.3766,6.4669,6.5572,6.6476,6.7143,6.774,6.8335,6.8928,6.952,7.011,7.0699,7.1286,7.1871,7.2333,7.2326,7.2316,7.2304,7.229,7.2272,7.2252,7.2229,7.2204,7.2175,7.1518,7.0505,6.9491,6.8477,6.7462,6.6446,6.543,6.4412,6.3394,6.2389,6.157,6.0756,5.9949,5.9147,5.8352,5.7562,5.6779,5.6002,5.5232,5.4647,5.4244,5.3841,5.3439,5.3037,5.2636,5.2235,5.1834,5.1435,5.1035,5.0413,4.9772,4.9131,4.849,4.7848,4.7206,4.6564
13.031,13.0523,13.0735,13.0944,13.1153,13.1359,13.1565,13.1769,13.1972,13.2042,13.2111,13.2179,13.2248,13.2316,13.2384,13.2452,13.2521,13.2589,13.2879,13.3483,13.4088,13.4695,13.5304,13.5915,13.6527,13.714,13.7754,13.837,13.7919,13.7278,13.6638,13.5999,13.536,13.4723,13.4086,13.345,13.2814,13.2083,13.111,13.0137,12.9164,12.8192,12.7219,12.6246,12.5274,12.4301,12.3328,12.2286,12.1217,12.0147,11.9077,11.8007,11.6935,11.5864,11.4791,11.3717,11.2482,11.035,10.8217,10.6083,10.3947,10.1811,9.9672,9.7533,9.5392,9.3249,9.1164,8.912,8.7076,8.503,8.2984,8.0938,7.8891,7.6843,7.4795,7.2762,7.1463,7.0164,6.8863,6.7563,6.6262,6.496,6.3658,6.2356,6.1053,6.0258,6.0072,5.9888,5.9706,5.9526,5.9348,5.9173,5.9,5.8829,5.8661,5.854,5.8427,5.8317,5.8211,5.8108,5.8009,5.7913,5.7821,5.7733,5.7971,5.8888,5.9806,6.0725,6.1644,6.2564,6.3484,6.4405,6.5326,6.6248,6.69,6.7462,6.8023,6.8582,6.914,6.9696,7.025,7.0803,7.1353,7.1792,7.1736,7.1677,7.1616,7.1553,7.1486,7.1417,7.1346,7.1271,7.1194,7.0538,6.9518,6.8497,6.7475,6.6452,6.5429,6.4405,6.338,6.2354,6.134,6.0623,5.9911,5.9206,5.8506,5.7813,5.7125,5.6444,5.5769,5.5101,5.4562,5.4166,5.3771,5.3376,5.2981,5.2587,5.2193,5.18,5.1407,5.1015,5.0399,4.9756,4.9111,4.8467,4.7823,4.7178,4.6533
13.0109,13.0365,13.0621,13.0874,13.1126,13.1377,13.1626,13.1874,13.212,13.2192,13.2263,13.2334,13.2405,13.2476,13.2547,13.2618,13.2689,13.276,13.3026,13.3556,13.4088,13.4621,13.5156,13.5692,13.623,13.6769,13.7309,13.7851,13.7315,13.6601,13.5889,13.5177,13.4465,13.3755,13.3045,13.2336,13.1627,13.0823,12.9783,12.8743,12.7703,12.6663,12.5623,12.4584,12.3544,12.2504,12.1464,12.0334,11.9168,11.8003,11.6837,11.567,11.4503,11.3335,11.2166,11.0996,10.967,10.7473,10.5275,10.3076,10.0876,9.8674,9.6471,9.4266,9.206,8.9852,8.7765,8.5763,8.3761,8.1759,7.9755,7.7751,7.5746,7.3741,7.1735,6.974,6.8469,6.7198,6.5926,6.4653,6.338,6.2107,6.0833,5.9559,5.8284,5.7548,5.7485,5.7423,5.7363,5.7306,5.725,5.7197,5.7147,5.7098,5.7053,5.7057,5.7071,5.7089,5.7109,5.7133,5.716,5.7191,5.7226,5.7265,5.758,5.8515,5.9451,6.0388,6.1325,6.2263,6.3201,6.414,6.508,6.602,6.6659,6.7186,6.7713,6.8237,6.8761,6.9282,6.9802,7.0321,7.0837,7.1253,7.1148,7.1041,7.0931,7.0818,7.0703,7.0585,7.0464,7.0341,7.0215,6.9559,6.8531,6.7502,6.6473,6.5443,6.4412,6.338,6.2348,6.1315,6.0285,5.967,5.906,5.8456,5.7859,5.7267,5.6682,5.6102,5.553,5.4963,5.4477,5.4088,5.37,5.3312,5.2924,5.2537,5.2151,5.1765,5.138,5.0995,5.0386,4.9739,4.9092,4.8445,4.7797,4.7149,4.6501
12.9909,13.0209,13.0508,13.0805,13.1101,13.1395,13.1688,13.198,13.2268,13.2342,13.2415,13.2489,13.2563,13.2637,13.2711,13.2784,13.2858,13.2932,13.3172,13.3628,13.4086,13.4545,13.5006,13.5468,13.5932,13.6397,13.6863,13.733,13.6711,13.5924,13.5138,13.4353,13.3569,13.2786,13.2003,13.1221,13.0439,12.9562,12.8455,12.7348,12.6241,12.5134,12.4027,12.2921,12.1814,12.0707,11.96,11.8381,11.712,11.5858,11.4596,11.3333,11.207,11.0806,10.9541,10.8275,10.6859,10.4597,10.2334,10.007,9.7804,9.5538,9.3269,9.1,8.8729,8.6456,8.4365,8.2406,8.0447,7.8486,7.6525,7.4564,7.2601,7.0639,6.8675,6.6717,6.5474,6.4231,6.2987,6.1743,6.0498,5.9253,5.8007,5.6761,5.5514,5.4835,5.4894,5.4955,5.5018,5.5083,5.515,5.5219,5.529,5.5365,5.5441,5.5571,5.5712,5.5856,5.6003,5.6154,5.6308,5.6466,5.6627,5.6793,5.7188,5.8141,5.9096,6.005,6.1006,6.1961,6.2918,6.3875,6.4832,6.579,6.6418,6.6912,6.7404,6.7894,6.8383,6.8871,6.9356,6.984,7.0323,7.0716,7.0563,7.0406,7.0247,7.0086,6.9922,6.9755,6.9585,6.9413,6.9238,6.858,6.7545,6.6509,6.5472,6.4434,6.3395,6.2356,6.1316,6.0275,5.9234,5.871,5.8203,5.7701,5.7205,5.6715,5.6232,5.5754,5.5283,5.4819,5.4391,5.4009,5.3628,5.3247,5.2867,5.2488,5.2108,5.173,5.1352,5.0974,5.0374,4.9724,4.9073,4.8423,4.7772,4.7121,4.647
12.971,13.0054,13.0397,13.0738,13.1077,13.1416,13.1752,13.2088,13.2415,13.2491,13.2568,13.2644,13.2721,13.2797,13.2874,13.295,13.3027,13.3103,13.3317,13.3698,13.4082,13.4467,13.4854,13.5242,13.5632,13.6023,13.6415,13.6809,13.6105,13.5246,13.4387,13.3529,13.2672,13.1816,13.096,13.0105,12.9251,12.8301,12.7126,12.5952,12.4778,12.3605,12.2431,12.1257,12.0083,11.8909,11.7735,11.6428,11.5071,11.3713,11.2355,11.0996,10.9637,10.8277,10.6916,10.5555,10.4048,10.1721,9.9393,9.7064,9.4733,9.2402,9.0068,8.7734,8.5398,8.306,8.0965,7.9049,7.7131,7.5213,7.3295,7.1376,6.9456,6.7536,6.5615,6.3694,6.2479,6.1264,6.0048,5.8832,5.7616,5.6398,5.5181,5.3963,5.2744,5.212,5.2301,5.2484,5.2669,5.2856,5.3046,5.3237,5.3431,5.3628,5.3827,5.4082,5.4349,5.462,5.4894,5.5171,5.5452,5.5736,5.6024,5.6316,5.6795,5.7767,5.8739,5.9712,6.0685,6.1659,6.2634,6.3609,6.4584,6.556,6.6179,6.6638,6.7096,6.7553,6.8007,6.846,6.8912,6.9362,6.981,7.0182,6.9979,6.9774,6.9567,6.9356,6.9143,6.8928,6.8709,6.8488,6.8264,6.7602,6.6559,6.5515,6.4471,6.3425,6.2379,6.1333,6.0285,5.9236,5.8187,5.7745,5.7339,5.6939,5.6545,5.6157,5.5775,5.54,5.5031,5.4668,5.4304,5.393,5.3556,5.3183,5.281,5.2437,5.2065,5.1694,5.1323,5.0952,5.0361,4.9708,4.9055,4.8401,4.7747,4.7093,4.6439
12.9513,12.9901,13.0287,13.0672,13.1055,13.1437,13.1817,13.2197,13.2562,13.2641,13.272,13.28,13.2879,13.2958,13.3037,13.3116,13.3196,13.3275,13.3459,13.3767,13.4077,13.4388,13.4701,13.5015,13.5331,13.5648,13.5966,13.6286,13.5498,13.4566,13.3634,13.2704,13.1774,13.0845,12.9916,12.8989,12.8061,12.7038,12.5797,12.4556,12.3315,12.2074,12.0834,11.9593,11.8352,11.7111,11.587,11.4475,11.3021,11.1568,11.0114,10.8659,10.7204,10.5748,10.4291,10.2834,10.1236,9.8845,9.6452,9.4058,9.1662,8.9266,8.6868,8.4469,8.2068,7.9665,7.7564,7.569,7.3816,7.194,7.0064,6.8187,6.631,6.4432,6.2554,6.0675,5.9484,5.8297,5.7109,5.5921,5.4733,5.3544,5.2354,5.1164,4.9974,4.9402,4.9705,5.0011,5.0318,5.0627,5.0939,5.1253,5.1569,5.1887,5.2209,5.2589,5.2983,5.338,5.378,5.4184,5.4591,5.5002,5.5417,5.5835,5.6402,5.7392,5.8382,5.9373,6.0364,6.1356,6.2349,6.3342,6.4335,6.533,6.5942,6.6367,6.679,6.7212,6.7633,6.8052,6.8469,6.8885,6.9298,6.965,6.9399,6.9145,6.8888,6.8629,6.8367,6.8103,6.7835,6.7565,6.7293,6.6624,6.5574,6.4522,6.347,6.2417,6.1364,6.0309,5.9254,5.8198,5.7141,5.6774,5.647,5.6171,5.5879,5.5593,5.5313,5.5039,5.4771,5.451,5.4217,5.385,5.3484,5.3117,5.2752,5.2386,5.2022,5.1657,5.1294,5.093,5.0349,4.9693,4.9036,4.8379,4.7722,4.7065,4.6408
12.9318,12.9749,13.0179,13.0608,13.1035,13.146,13.1884,13.2307,13.2709,13.2791,13.2873,13.2955,13.3037,13.3119,13.3201,13.3283,13.3365,13.3446,13.36,13.3834,13.407,13.4307,13.4546,13.4786,13.5028,13.5271,13.5516,13.5762,13.489,13.3885,13.2881,13.1877,13.0875,12.9873,12.8872,12.7871,12.6871,12.5775,12.4467,12.3159,12.1851,12.0544,11.9236,11.7928,11.6621,11.5313,11.4005,11.2521,11.0972,10.9422,10.7872,10.6322,10.4771,10.3219,10.1667,10.0113,9.8425,9.5969,9.3511,9.1052,8.8592,8.613,8.3668,8.1203,7.8738,7.6271,7.4164,7.2332,7.05,6.8667,6.6833,6.4999,6.3164,6.1328,5.9492,5.7656,5.6488,5.5329,5.417,5.301,5.1849,5.0688,4.9527,4.8365,4.7203,4.6681,4.7107,4.7535,4.7964,4.8395,4.8829,4.9265,4.9703,5.0144,5.0587,5.1092,5.1613,5.2136,5.2663,5.3193,5.3727,5.4264,5.4806,5.5351,5.6008,5.7016,5.8025,5.9033,6.0043,6.1053,6.2063,6.3074,6.4086,6.5098,6.5705,6.6096,6.6486,6.6873,6.726,6.7644,6.8027,6.8409,6.8789,6.912,6.882,6.8517,6.8212,6.7904,6.7593,6.728,6.6964,6.6645,6.6324,6.5647,6.4589,6.353,6.247,6.141,6.0348,5.9286,5.8224,5.716,5.6096,5.5796,5.5594,5.5397,5.5207,5.5022,5.4844,5.4671,5.4506,5.4346,5.413,5.377,5.3411,5.3052,5.2693,5.2335,5.1978,5.162,5.1264,5.0908,5.0337,4.9677,4.9018,4.8358,4.7698,4.7038,4.6377
12.9124,12.9599,13.0073,13.0545,13.1015,13.1484,13.1952,13.2418,13.2856,13.2941,13.3025,13.311,13.3195,13.328,13.3364,13.3449,13.3534,13.3618,13.3739,13.3899,13.4061,13.4224,13.439,13.4556,13.4724,13.4894,13.5064,13.5236,13.4281,13.3203,13.2126,13.105,12.9974,12.89,12.7826,12.6753,12.568,12.4512,12.3136,12.1762,12.0387,11.9012,11.7638,11.6263,11.4889,11.3514,11.2139,11.0567,10.8922,10.7276,10.5631,10.3985,10.2338,10.069,9.9042,9.7393,9.5614,9.3093,9.057,8.8047,8.5522,8.2995,8.0468,7.7939,7.5408,7.2876,7.0762,6.8973,6.7183,6.5393,6.3601,6.1809,6.0017,5.8224,5.643,5.4636,5.3492,5.2361,5.1229,5.0097,4.8965,4.7832,4.6699,4.5565,4.4431,4.3958,4.4506,4.5056,4.5607,4.6161,4.6716,4.7274,4.7835,4.8397,4.8963,4.9592,5.0239,5.0889,5.1542,5.2199,5.2859,5.3523,5.419,5.4861,5.5614,5.664,5.7666,5.8693,5.9721,6.0748,6.1777,6.2806,6.3836,6.4866,6.547,6.5827,6.6182,6.6536,6.6888,6.7239,6.7587,6.7935,6.828,6.8593,6.8244,6.7892,6.7538,6.7181,6.6822,6.646,6.6095,6.5728,6.5357,6.467,6.3604,6.2537,6.147,6.0402,5.9334,5.8264,5.7194,5.6123,5.5051,5.4813,5.4712,5.4617,5.4528,5.4445,5.4368,5.4297,5.4233,5.4175,5.4042,5.3689,5.3337,5.2985,5.2634,5.2283,5.1933,5.1583,5.1234,5.0885,5.0325,4.9662,4.9,4.8337,4.7674,4.701,4.6347
12.8931,12.945,12.9967,13.0483,13.0997,13.151,13.2021,13.2531,13.3003,13.3091,13.3178,13.3266,13.3353,13.344,13.3528,13.3615,13.3703,13.379,13.3876,13.3963,13.4051,13.414,13.4232,13.4325,13.4419,13.4514,13.4611,13.4709,13.367,13.2519,13.137,13.0221,12.9073,12.7926,12.6779,12.5633,12.4488,12.3247,12.1805,12.0363,11.8922,11.748,11.6039,11.4598,11.3156,11.1715,11.0273,10.8612,10.6871,10.513,10.3389,10.1647,9.9904,9.8161,9.6417,9.4672,9.2803,9.0217,8.763,8.5041,8.2452,7.9861,7.7268,7.4675,7.2079,6.9482,6.7361,6.5614,6.3866,6.2118,6.0369,5.8619,5.6869,5.5119,5.3367,5.1616,5.0495,4.9392,4.8289,4.7185,4.6081,4.4976,4.387,4.2765,4.1659,4.1232,4.1902,4.2574,4.3247,4.3923,4.4601,4.528,4.5963,4.6648,4.7335,4.8089,4.8862,4.9638,5.0418,5.1201,5.1987,5.2777,5.3571,5.4368,5.5219,5.6263,5.7307,5.8352,5.9398,6.0444,6.149,6.2537,6.3585,6.4633,6.5237,6.5559,6.588,6.62,6.6518,6.6834,6.7149,6.7462,6.7774,6.8068,6.767,6.7269,6.6867,6.6461,6.6053,6.5642,6.5229,6.4813,6.4393,6.3693,6.262,6.1546,6.0471,5.9395,5.8319,5.7242,5.6164,5.5086,5.4006,5.3823,5.3824,5.3831,5.3843,5.3862,5.3886,5.3917,5.3954,5.3998,5.3954,5.3608,5.3263,5.2919,5.2575,5.2231,5.1888,5.1545,5.1203,5.0861,5.0313,4.9648,4.8982,4.8316,4.765,4.6983,4.6317
12.8741,12.9303,12.9864,13.0423,13.0981,13.1537,13.2092,13.2646,13.3151,13.3241,13.3331,13.3421,13.3511,13.3601,13.3692,13.3782,13.3872,13.3962,13.4012,13.4024,13.4039,13.4055,13.4072,13.4091,13.4112,13.4134,13.4157,13.4181,13.3058,13.1835,13.0613,12.9391,12.8171,12.6951,12.5732,12.4513,12.3295,12.1982,12.0473,11.8965,11.7456,11.5948,11.444,11.2932,11.1424,10.9915,10.8407,10.6657,10.482,10.2984,10.1147,9.9309,9.7471,9.5632,9.3793,9.1952,8.9992,8.7341,8.4689,8.2036,7.9382,7.6726,7.4069,7.1411,6.8751,6.6089,6.3959,6.2254,6.0549,5.8843,5.7136,5.5429,5.3721,5.2013,5.0304,4.8595,4.7498,4.6423,4.5348,4.4272,4.3196,4.2119,4.1041,3.9964,3.8886,3.8504,3.9296,4.009,4.0885,4.1682,4.2482,4.3284,4.4088,4.4894,4.5704,4.6582,4.7481,4.8384,4.9289,5.0198,5.1111,5.2027,5.2947,5.3871,5.4824,5.5885,5.6948,5.8011,5.9074,6.0138,6.1203,6.2268,6.3333,6.44,6.5005,6.5293,6.558,6.5865,6.6149,6.6432,6.6712,6.6991,6.7268,6.7544,6.7098,6.6649,6.6197,6.5743,6.5287,6.4827,6.4365,6.39,6.3432,6.2717,6.1636,6.0554,5.9472,5.8389,5.7305,5.6221,5.5135,5.4049,5.2962,5.2828,5.293,5.3038,5.3152,5.3272,5.3398,5.353,5.3669,5.383,5.397,5.3718,5.3464,5.3208,5.295,5.2689,5.2427,5.2162,5.1894,5.1625,5.1149,5.0535,4.9917,4.9296,4.867,4.8039,4.7405
12.8551,12.9157,12.9762,13.0365,13.0966,13.1566,13.2164,13.2761,13.3298,13.3391,13.3484,13.3577,13.367,13.3762,13.3855,13.3948,13.4041,13.4134,13.4145,13.4084,13.4025,13.3967,13.3911,13.3857,13.3803,13.3752,13.3701,13.3652,13.2445,13.1149,12.9854,12.856,12.7267,12.5975,12.4683,12.3392,12.2101,12.0716,11.914,11.7565,11.599,11.4415,11.284,11.1265,10.969,10.8115,10.654,10.4701,10.2769,10.0837,9.8904,9.6971,9.5038,9.3103,9.1168,8.9232,8.7182,8.4466,8.1749,7.9032,7.6312,7.3592,7.087,6.8147,6.5423,6.2696,6.0557,5.8894,5.7231,5.5568,5.3903,5.2238,5.0573,4.8907,4.724,4.5573,4.45,4.3453,4.2406,4.1358,4.031,3.9261,3.8212,3.7162,3.6112,3.5774,3.6687,3.7602,3.852,3.9439,4.036,4.1284,4.221,4.3138,4.4069,4.5071,4.6097,4.7125,4.8157,4.9192,5.0231,5.1273,5.232,5.3369,5.4427,5.5507,5.6588,5.7669,5.875,5.9832,6.0914,6.1998,6.3081,6.4228,6.4921,6.5259,6.5596,6.5932,6.6266,6.6598,6.6929,6.7259,6.7587,6.7913,6.7529,6.7127,6.6725,6.6321,6.5917,6.5512,6.5106,6.4699,6.4291,6.3665,6.2679,6.1694,6.0709,5.9723,5.8738,5.7753,5.6768,5.5783,5.4798,5.4747,5.4967,5.5187,5.5405,5.5624,5.5841,5.6058,5.6275,5.649,5.6618,5.6322,5.6024,5.5724,5.5421,5.5117,5.481,5.4501,5.419,5.3877,5.3358,5.268,5.1998,5.1311,5.0621,4.9927,4.9229
12.958,13.0131,13.0685,13.124,13.1797,13.2355,13.2915,13.3477,13.3967,13.3981,13.3998,13.4018,13.4041,13.4067,13.4095,13.4125,13.4158,13.4194,13.4116,13.394,13.3767,13.3598,13.3431,13.3268,13.3107,13.2948,13.2792,13.2638,13.139,13.0068,12.8745,12.7421,12.6097,12.4773,12.3448,12.2122,12.0796,11.9378,11.778,11.618,11.458,11.298,11.1379,10.9777,10.8174,10.6571,10.4968,10.3095,10.1129,9.9161,9.7194,9.5226,9.3257,9.1288,8.9319,8.735,8.5273,8.2561,7.9849,7.7137,7.4425,7.1713,6.9002,6.6292,6.3581,6.0872,5.8792,5.7233,5.5676,5.412,5.2566,5.1013,4.9463,4.7914,4.6368,4.4825,4.3893,4.2998,4.2106,4.1218,4.0334,3.9455,3.8579,3.7709,3.6843,3.6665,3.7743,3.8825,3.991,4.0998,4.2089,4.3184,4.4282,4.5383,4.6489,4.7632,4.8788,4.9946,5.1107,5.2269,5.3434,5.46,5.5769,5.694,5.8107,5.9236,6.0365,6.1494,6.2623,6.3752,6.4881,6.601,6.7139,6.8267,6.8923,6.9197,6.947,6.9741,7.0011,7.0279,7.0546,7.0812,7.1075,7.1337,7.0929,7.0487,7.0045,6.9601,6.9157,6.8712,6.8265,6.7818,6.737,6.6728,6.5726,6.4724,6.3722,6.2721,6.1719,6.0718,5.9716,5.8715,5.7713,5.7604,5.78,5.7995,5.8189,5.8383,5.8576,5.8769,5.896,5.9152,5.9268,5.8929,5.8587,5.8242,5.7896,5.7548,5.7197,5.6844,5.6489,5.6132,5.5571,5.4828,5.4082,5.3332,5.2578,5.182,5.1057
13.0737,13.1248,13.1762,13.2277,13.2793,13.3312,13.3832,13.4353,13.4787,13.471,13.4636,13.4564,13.4496,13.443,13.4367,13.4306,13.4248,13.4192,13.3991,13.3671,13.3354,13.3041,13.2731,13.2423,13.2118,13.1815,13.1515,13.1217,12.9952,12.8632,12.731,12.5988,12.4666,12.3343,12.202,12.0696,11.9371,11.7961,11.6388,11.4813,11.3239,11.1663,11.0087,10.851,10.6932,10.5354,10.3776,10.1945,10.0027,9.8109,9.619,9.4271,9.2351,9.0431,8.8511,8.659,8.4568,8.1946,7.9323,7.67,7.4078,7.1456,6.8834,6.6212,6.3592,6.0971,5.9005,5.7588,5.6172,5.4759,5.3346,5.1936,5.0527,4.9121,4.7717,4.6315,4.5573,4.4874,4.4179,4.3487,4.28,4.2117,4.1438,4.0765,4.0096,4.0055,4.122,4.2387,4.3558,4.4732,4.5909,4.7089,4.8273,4.946,5.0651,5.1832,5.3011,5.4193,5.5376,5.6561,5.7749,5.8938,6.013,6.1324,6.2505,6.3594,6.4683,6.5773,6.6862,6.7951,6.9041,7.013,7.1219,7.2308,7.2927,7.3137,7.3346,7.3553,7.3759,7.3963,7.4166,7.4367,7.4567,7.4764,7.4331,7.3849,7.3366,7.2883,7.2399,7.1913,7.1427,7.094,7.0452,6.9791,6.8773,6.7755,6.6737,6.5719,6.4701,6.3683,6.2665,6.1647,6.0629,6.0463,6.0634,6.0804,6.0974,6.1144,6.1312,6.148,6.1648,6.1815,6.1922,6.1538,6.1152,6.0764,6.0374,5.9982,5.9587,5.919,5.8791,5.839,5.7788,5.6982,5.6172,5.5358,5.4539,5.3717,5.289
13.1892,13.2364,13.2837,13.3312,13.3789,13.4267,13.4747,13.5229,13.5605,13.5436,13.5271,13.5108,13.4948,13.4791,13.4636,13.4484,13.4335,13.4187,13.3862,13.3399,13.2938,13.2481,13.2027,13.1575,13.1126,13.0679,13.0235,12.9793,12.8515,12.7196,12.5876,12.4555,12.3235,12.1913,12.0592,11.9269,11.7946,11.6545,11.4996,11.3447,11.1897,11.0346,10.8795,10.7243,10.5691,10.4138,10.2584,10.0795,9.8926,9.7057,9.5187,9.3316,9.1445,8.9574,8.7702,8.583,8.3864,8.133,7.8797,7.6263,7.373,7.1197,6.8665,6.6133,6.3601,6.107,5.9216,5.7941,5.6668,5.5396,5.4125,5.2857,5.159,5.0326,4.9063,4.7804,4.7249,4.6747,4.6248,4.5753,4.5262,4.4776,4.4294,4.3816,4.3344,4.3445,4.4695,4.5948,4.7204,4.8463,4.9726,5.0992,5.2261,5.3534,5.4811,5.6033,5.7234,5.8438,5.9644,6.0852,6.2063,6.3275,6.449,6.5706,6.6905,6.7954,6.9004,7.0053,7.1103,7.2152,7.3202,7.4251,7.5301,7.635,7.6935,7.708,7.7225,7.7368,7.751,7.765,7.7789,7.7926,7.8061,7.8195,7.7734,7.7213,7.669,7.6167,7.5642,7.5117,7.4591,7.4064,7.3536,7.2856,7.1821,7.0787,6.9752,6.8718,6.7683,6.6649,6.5615,6.4581,6.3546,6.3323,6.347,6.3616,6.3761,6.3906,6.405,6.4194,6.4337,6.4479,6.4579,6.4151,6.3721,6.3289,6.2855,6.2419,6.198,6.1539,6.1096,6.0651,6.001,5.914,5.8266,5.7388,5.6505,5.5619,5.4728
13.3047,13.3478,13.3911,13.4346,13.4783,13.5221,13.5661,13.6103,13.642,13.616,13.5903,13.5649,13.5398,13.515,13.4904,13.466,13.4419,13.418,13.3731,13.3123,13.2519,13.1918,13.132,13.0724,13.0131,12.9541,12.8953,12.8367,12.7077,12.576,12.4441,12.3123,12.1803,12.0484,11.9163,11.7843,11.6521,11.5128,11.3605,11.208,11.0555,10.903,10.7504,10.5977,10.4449,10.2921,10.1393,9.9646,9.7826,9.6005,9.4183,9.2361,9.0539,8.8717,8.6894,8.5071,8.3159,8.0715,7.827,7.5826,7.3382,7.0939,6.8495,6.6052,6.361,6.1168,5.9427,5.8294,5.7162,5.6032,5.4903,5.3776,5.2651,5.1529,5.0408,4.929,4.8923,4.8617,4.8314,4.8016,4.7721,4.7431,4.7145,4.6864,4.6588,4.6832,4.8168,4.9506,5.0848,5.2193,5.3541,5.4893,5.6248,5.7607,5.8969,6.0232,6.1457,6.2684,6.3912,6.5143,6.6376,6.7611,6.8849,7.0088,7.1305,7.2315,7.3325,7.4335,7.5345,7.6355,7.7365,7.8374,7.9384,8.0393,8.0944,8.1026,8.1107,8.1186,8.1263,8.1339,8.1414,8.1487,8.1558,8.1628,8.114,8.0578,8.0016,7.9452,7.8888,7.8323,7.7757,7.7189,7.6621,7.5922,7.487,7.3819,7.2768,7.1718,7.0667,6.9616,6.8566,6.7515,6.6464,6.6184,6.6307,6.6428,6.6549,6.667,6.679,6.6909,6.7027,6.7145,6.7238,6.6767,6.6293,6.5817,6.5339,6.4858,6.4376,6.3891,6.3404,6.2915,6.2237,6.1303,6.0365,5.9423,5.8476,5.7526,5.6571
13.4199,13.4591,13.4984,13.5379,13.5776,13.6174,13.6574,13.6975,13.7232,13.6881,13.6533,13.6188,13.5845,13.5506,13.5168,13.4834,13.4501,13.4172,13.3595,13.2844,13.2096,13.1352,13.061,12.9871,12.9134,12.84,12.7668,12.6939,12.564,12.4324,12.3007,12.169,12.0372,11.9054,11.7735,11.6416,11.5096,11.3712,11.2214,11.0714,10.9214,10.7714,10.6212,10.471,10.3208,10.1705,10.0201,9.8497,9.6725,9.4953,9.318,9.1407,8.9633,8.786,8.6085,8.4311,8.2454,8.0099,7.7744,7.5389,7.3034,7.0679,6.8325,6.5971,6.3618,6.1265,5.9636,5.8644,5.7654,5.6666,5.5679,5.4694,5.3711,5.273,5.1751,5.0774,5.0594,5.0484,5.0378,5.0275,5.0177,5.0083,4.9993,4.9908,4.9828,5.0217,5.1639,5.3063,5.449,5.5921,5.7355,5.8792,6.0232,6.1676,6.3124,6.4431,6.5679,6.6928,6.818,6.9433,7.0689,7.1947,7.3207,7.4469,7.5708,7.6678,7.7648,7.8618,7.9588,8.0559,8.1529,8.2499,8.3469,8.4439,8.4957,8.4974,8.4991,8.5006,8.5019,8.5032,8.5042,8.5051,8.5058,8.5064,8.4547,8.3946,8.3343,8.274,8.2136,8.153,8.0924,8.0317,7.9709,7.8988,7.792,7.6853,7.5786,7.4718,7.3651,7.2584,7.1517,7.045,6.9383,6.9047,6.9145,6.9242,6.9339,6.9435,6.953,6.9625,6.972,6.9813,6.9901,6.9385,6.8867,6.8348,6.7826,6.7301,6.6775,6.6246,6.5716,6.5182,6.4469,6.3471,6.2468,6.1462,6.0452,5.9438,5.8419
13.5351,13.5702,13.6056,13.6411,13.6767,13.7126,13.7485,13.7847,13.8041,13.7599,13.716,13.6724,13.629,13.5859,13.5431,13.5005,13.4582,13.416,13.3457,13.2562,13.1671,13.0782,12.9897,12.9014,12.8134,12.7256,12.6381,12.5508,12.4202,12.2888,12.1573,12.0257,11.8941,11.7624,11.6307,11.499,11.3672,11.2296,11.0823,10.9348,10.7873,10.6398,10.4921,10.3444,10.1967,10.0489,9.901,9.7347,9.5625,9.3901,9.2177,9.0453,8.8728,8.7002,8.5277,8.3551,8.1749,7.9483,7.7217,7.4951,7.2685,7.042,6.8155,6.589,6.3626,6.1362,5.9844,5.8994,5.8146,5.7299,5.6453,5.561,5.4768,5.3929,5.3092,5.2257,5.2261,5.2348,5.2437,5.2531,5.2629,5.2731,5.2838,5.2949,5.3065,5.3601,5.5108,5.6618,5.8131,5.9647,6.1166,6.2688,6.4215,6.5744,6.7277,6.8629,6.99,7.1172,7.2446,7.3723,7.5001,7.6282,7.7564,7.8849,8.0111,8.1042,8.1972,8.2903,8.3833,8.4764,8.5694,8.6625,8.7555,8.8485,8.8972,8.8925,8.8878,8.8829,8.8778,8.8727,8.8673,8.8618,8.8561,8.8503,8.7957,8.7315,8.6672,8.6029,8.5385,8.474,8.4094,8.3447,8.2799,8.2055,8.0971,7.9888,7.8804,7.772,7.6637,7.5553,7.447,7.3386,7.2303,7.1912,7.1985,7.2058,7.213,7.2202,7.2273,7.2343,7.2413,7.2482,7.2551,7.2007,7.1445,7.0881,7.0315,6.9747,6.9177,6.8605,6.803,6.7453,6.6705,6.5643,6.4577,6.3507,6.2433,6.1354,6.0272
13.6501,13.6812,13.7126,13.7441,13.7757,13.8076,13.8396,13.8717,13.8848,13.8314,13.7784,13.7257,13.6732,13.621,13.5691,13.5174,13.4659,13.4147,13.3315,13.2277,13.1242,13.021,12.9181,12.8154,12.7131,12.611,12.5091,12.4074,12.2765,12.1452,12.0138,11.8824,11.751,11.6195,11.4879,11.3563,11.2247,11.0881,10.9432,10.7983,10.6533,10.5082,10.363,10.2178,10.0726,9.9273,9.7819,9.6199,9.4524,9.2849,9.1174,8.9498,8.7822,8.6145,8.4468,8.2791,8.1044,7.8867,7.669,7.4513,7.2336,7.016,6.7983,6.5808,6.3632,6.1458,6.0051,5.9342,5.8636,5.793,5.7226,5.6524,5.5824,5.5126,5.4431,5.3737,5.3926,5.4208,5.4494,5.4784,5.5078,5.5376,5.5678,5.5985,5.6297,5.6983,5.8575,6.0171,6.1769,6.337,6.4975,6.6583,6.8194,6.9809,7.1428,7.2827,7.412,7.5415,7.6712,7.8011,7.9312,8.0616,8.1921,8.3229,8.4516,8.5407,8.6298,8.7189,8.808,8.8971,8.9862,9.0752,9.1643,9.2534,9.2989,9.2879,9.2767,9.2655,9.254,9.2424,9.2307,9.2188,9.2067,9.1945,9.1368,9.0686,9.0004,8.9321,8.8637,8.7952,8.7266,8.6579,8.5891,8.5123,8.4023,8.2923,8.1823,8.0723,7.9623,7.8523,7.7423,7.6324,7.5224,7.4777,7.4826,7.4875,7.4923,7.497,7.5017,7.5063,7.5109,7.5153,7.5198,7.4631,7.4025,7.3418,7.2808,7.2196,7.1582,7.0966,7.0347,6.9727,6.8946,6.782,6.669,6.5556,6.4418,6.3276,6.2129
13.7649,13.7921,13.8194,13.8469,13.8746,13.9025,13.9305,13.9586,13.9651,13.9027,13.8406,13.7788,13.7172,13.6559,13.5948,13.534,13.4735,13.4132,13.317,13.1988,13.081,12.9634,12.8462,12.7292,12.6125,12.496,12.3798,12.2638,12.1327,12.0016,11.8704,11.7392,11.6079,11.4765,11.3451,11.2137,11.0822,10.9466,10.8042,10.6617,10.5192,10.3766,10.234,10.0913,9.9485,9.8057,9.6628,9.505,9.3424,9.1798,9.0171,8.8544,8.6916,8.5288,8.366,8.2031,8.0339,7.8251,7.6163,7.4075,7.1987,6.9899,6.7812,6.5725,6.3639,6.1553,6.0257,5.969,5.9124,5.856,5.7998,5.7437,5.6879,5.6322,5.5768,5.5216,5.5588,5.6066,5.6548,5.7033,5.7523,5.8017,5.8515,5.9018,5.9526,6.0363,6.2041,6.3721,6.5405,6.7092,6.8782,7.0475,7.2172,7.3873,7.5577,7.7024,7.834,7.9658,8.0977,8.2299,8.3623,8.4949,8.6277,8.7608,8.8922,8.9773,9.0625,9.1476,9.2328,9.3179,9.403,9.4881,9.5733,9.6583,9.7009,9.6835,9.666,9.6483,9.6305,9.6125,9.5944,9.5761,9.5576,9.539,9.4781,9.4059,9.3337,9.2614,9.189,9.1165,9.044,8.9713,8.8985,8.8192,8.7076,8.5959,8.4843,8.3726,8.261,8.1494,8.0378,7.9262,7.8146,7.7645,7.7669,7.7693,7.7717,7.774,7.7762,7.7784,7.7805,7.7826,7.7846,7.7258,7.6609,7.5957,7.5304,7.4648,7.399,7.333,7.2668,7.2003,7.1191,7.0001,6.8807,6.761,6.6408,6.5202,6.3992
13.8797,13.9028,13.9262,13.9497,13.9734,13.9972,14.0212,14.0454,14.0453,13.9737,13.9025,13.8316,13.7609,13.6905,13.6204,13.5505,13.4808,13.4114,13.3021,13.1696,13.0374,12.9056,12.774,12.6427,12.5116,12.3808,12.2503,12.1199,11.989,11.858,11.727,11.5959,11.4647,11.3335,11.2023,11.071,10.9397,10.8051,10.6652,10.5252,10.3852,10.2451,10.1049,9.9647,9.8244,9.6841,9.5437,9.3901,9.2324,9.0746,8.9168,8.759,8.6011,8.4431,8.2851,8.1272,7.9633,7.7634,7.5635,7.3636,7.1637,6.9638,6.764,6.5642,6.3645,6.1648,6.0461,6.0035,5.9611,5.9189,5.8768,5.8348,5.7931,5.7516,5.7103,5.6692,5.7247,5.7921,5.8598,5.9279,5.9965,6.0654,6.1348,6.2047,6.275,6.3742,6.5505,6.7271,6.904,7.0812,7.2587,7.4366,7.6148,7.7934,7.9723,8.1221,8.2559,8.3899,8.5242,8.6586,8.7933,8.9282,9.0633,9.1986,9.333,9.4141,9.4953,9.5765,9.6577,9.7389,9.82,9.9012,9.9823,10.0635,10.1032,10.0794,10.0555,10.0314,10.0072,9.9828,9.9583,9.9336,9.9088,9.8838,9.8196,9.7434,9.6672,9.5909,9.5146,9.4381,9.3616,9.2849,9.2082,9.1262,9.0129,8.8996,8.7864,8.6731,8.5598,8.4466,8.3333,8.2201,8.1068,8.0513,8.0514,8.0513,8.0513,8.0511,8.0509,8.0507,8.0504,8.05,8.0495,7.9888,7.9195,7.85,7.7803,7.7103,7.6402,7.5698,7.4992,7.4283,7.3441,7.2187,7.093,6.9668,6.8403,6.7133,6.5859
13.9942,14.0134,14.0328,14.0523,14.072,14.0919,14.1119,14.1321,14.1251,14.0445,13.9642,13.8841,13.8044,13.7249,13.6457,13.5667,13.4879,13.4094,13.2869,13.1401,12.9936,12.8474,12.7015,12.5559,12.4105,12.2654,12.1205,11.976,11.8453,11.7144,11.5835,11.4526,11.3216,11.1906,11.0595,10.9284,10.7972,10.6636,10.5262,10.3887,10.2512,10.1136,9.9759,9.8382,9.7004,9.5625,9.4246,9.2753,9.1224,8.9695,8.8166,8.6636,8.5105,8.3574,8.2043,8.0512,7.8928,7.7017,7.5107,7.3197,7.1287,6.9377,6.7467,6.5558,6.365,6.1742,6.0664,6.038,6.0097,5.9816,5.9536,5.9258,5.8982,5.8708,5.8436,5.8167,5.8903,5.9772,6.0645,6.1522,6.2403,6.3288,6.4177,6.5072,6.5971,6.7118,6.8966,7.0818,7.2672,7.4529,7.639,7.8254,8.0121,8.1992,8.3867,8.5417,8.6778,8.8141,8.9506,9.0873,9.2242,9.3614,9.4987,9.6363,9.7739,9.8511,9.9283,10.0055,10.0827,10.16,10.2372,10.3144,10.3916,10.4688,10.5057,10.4755,10.4452,10.4148,10.3842,10.3534,10.3225,10.2915,10.2603,10.2289,10.1612,10.0811,10.0009,9.9207,9.8403,9.7599,9.6794,9.5987,9.518,9.4333,9.3184,9.2034,9.0885,8.9736,8.8587,8.7438,8.629,8.5141,8.3992,8.3383,8.3359,8.3335,8.331,8.3284,8.3258,8.3231,8.3204,8.3176,8.3147,8.2521,8.1784,8.1045,8.0304,7.9561,7.8816,7.8068,7.7319,7.6566,7.5695,7.4378,7.3057,7.1732,7.0402,6.9069,6.7731
14.1087,14.1239,14.1392,14.1548,14.1705,14.1864,14.2024,14.2186,14.2046,14.115,14.0256,13.9364,13.8476,13.759,13.6707,13.5826,13.4948,13.4072,13.2713,13.1102,12.9494,12.7889,12.6287,12.4688,12.3091,12.1496,11.9904,11.8322,11.7015,11.5708,11.4401,11.3093,11.1785,11.0476,10.9167,10.7857,10.6547,10.5221,10.3872,10.2522,10.1172,9.9821,9.8469,9.7116,9.5763,9.441,9.3055,9.1605,9.0125,8.8644,8.7163,8.5681,8.4199,8.2717,8.1234,7.9752,7.8222,7.64,7.4579,7.2757,7.0936,6.9115,6.7294,6.5474,6.3654,6.1835,6.0867,6.0723,6.0582,6.0441,6.0303,6.0166,6.0031,5.9898,5.9767,5.9639,6.0556,6.1621,6.2689,6.3761,6.4838,6.5918,6.7003,6.8093,6.9187,7.0493,7.2427,7.4363,7.6302,7.8245,8.0191,8.214,8.4093,8.6049,8.8008,8.9612,9.0995,9.2381,9.3769,9.5159,9.6551,9.7945,9.9341,10.074,10.214,10.2881,10.3614,10.4347,10.508,10.5812,10.6545,10.7278,10.801,10.8742,10.9085,10.8719,10.8352,10.7984,10.7614,10.7243,10.6871,10.6496,10.612,10.5743,10.5031,10.419,10.3348,10.2506,10.1663,10.0818,9.9973,9.9127,9.828,9.7405,9.6239,9.5073,9.3908,9.2742,9.1577,9.0412,8.9247,8.8082,8.6917,8.6255,8.6207,8.6158,8.6108,8.6059,8.6008,8.5957,8.5905,8.5853,8.58,8.5157,8.4376,8.3594,8.2809,8.2022,8.1233,8.0442,7.9648,7.8853,7.7954,7.6573,7.5188,7.3799,7.2407,7.1009,6.9608
14.223,14.2342,14.2456,14.2571,14.2689,14.2808,14.2928,14.305,14.2839,14.1852,14.0867,13.9885,13.8906,13.7929,13.6955,13.5984,13.5014,13.4047,13.2555,13.08,12.9049,12.7301,12.5556,12.3814,12.2074,12.0336,11.8601,11.6883,11.5578,11.4273,11.2967,11.1661,11.0354,10.9047,10.7739,10.6431,10.5122,10.3807,10.2483,10.1158,9.9832,9.8506,9.7179,9.5851,9.4523,9.3194,9.1865,9.0457,8.9026,8.7593,8.6161,8.4727,8.3294,8.186,8.0426,7.8991,7.7516,7.5783,7.405,7.2318,7.0585,6.8853,6.7121,6.5389,6.3658,6.1928,6.1068,6.1065,6.1065,6.1065,6.1068,6.1072,6.1078,6.1086,6.1097,6.1109,6.2206,6.3466,6.473,6.5998,6.7269,6.8545,6.9825,7.111,7.24,7.3866,7.5885,7.7906,7.9931,8.1959,8.399,8.6024,8.8062,9.0103,9.2148,9.3806,9.5213,9.6621,9.8032,9.9444,10.0859,10.2276,10.3694,10.5116,10.6539,10.7253,10.7947,10.864,10.9333,11.0026,11.072,11.1413,11.2106,11.2798,11.3115,11.2686,11.2255,11.1823,11.139,11.0955,11.0518,11.008,10.9641,10.9199,10.8451,10.7571,10.6689,10.5807,10.4924,10.404,10.3155,10.227,10.1383,10.0477,9.9295,9.8113,9.6931,9.575,9.4568,9.3386,9.2205,9.1024,8.9842,8.9128,8.9055,8.8982,8.8909,8.8834,8.876,8.8684,8.8608,8.8532,8.8454,8.7796,8.6971,8.6145,8.5317,8.4486,8.3654,8.2819,8.1981,8.1142,8.0218,7.8773,7.7325,7.5872,7.4416,7.2955,7.149
14.3371,14.3443,14.3518,14.3593,14.3671,14.375,14.3831,14.3913,14.3629,14.2551,14.1476,14.0403,13.9333,13.8266,13.7201,13.6139,13.5079,13.4021,13.2392,13.0495,12.8601,12.671,12.4822,12.2937,12.1054,11.9174,11.7296,11.5444,11.4141,11.2837,11.1533,11.0228,10.8923,10.7617,10.6311,10.5005,10.3697,10.2393,10.1094,9.9794,9.8493,9.7191,9.5889,9.4586,9.3283,9.1979,9.0674,8.931,8.7926,8.6543,8.5158,8.3774,8.2389,8.1003,7.9617,7.8231,7.681,7.5166,7.3522,7.1878,7.0234,6.859,6.6947,6.5304,6.3661,6.2019,6.1268,6.1406,6.1546,6.1688,6.1831,6.1977,6.2124,6.2273,6.2424,6.2578,6.3854,6.5309,6.6768,6.823,6.9697,7.1168,7.2644,7.4124,7.5608,7.7237,7.9341,8.1448,8.3558,8.567,8.7786,8.9906,9.2029,9.4155,9.6285,9.8,9.9429,10.086,10.2293,10.3729,10.5166,10.6605,10.8047,10.9491,11.0937,11.1627,11.228,11.2934,11.3588,11.4242,11.4896,11.5549,11.6203,11.6856,11.7148,11.6655,11.6161,11.5665,11.5168,11.4669,11.4169,11.3667,11.3164,11.2659,11.1873,11.0953,11.0032,10.911,10.8187,10.7264,10.6339,10.5414,10.4487,10.355,10.2352,10.1154,9.9956,9.8758,9.756,9.6362,9.5164,9.3966,9.2769,9.2002,9.1905,9.1808,9.171,9.1612,9.1506,9.1378,9.125,9.1121,9.0991,9.0296,8.9411,8.8528,8.7646,8.6765,8.5886,8.5008,8.4131,8.3256,8.2324,8.0868,7.9417,7.7972,7.6532,7.5097,7.3668
14.4506,14.4544,14.4578,14.4614,14.4652,14.4691,14.4732,14.4775,14.4417,14.3248,14.2082,14.0918,13.9758,13.86,13.7444,13.6291,13.5141,13.3992,13.2227,13.0187,12.815,12.6116,12.4085,12.2057,12.0031,11.8008,11.5987,11.4005,11.2703,11.1401,11.0099,10.8796,10.7492,10.6188,10.4883,10.3578,10.2273,10.098,9.9705,9.843,9.7154,9.5877,9.46,9.3322,9.2043,9.0764,8.9484,8.8162,8.6827,8.5492,8.4156,8.282,8.1483,8.0146,7.8809,7.7471,7.6104,7.4548,7.2993,7.1437,6.9882,6.8327,6.6772,6.5218,6.3664,6.2111,6.1466,6.1746,6.2027,6.2309,6.2594,6.288,6.3167,6.3457,6.3749,6.4044,6.5498,6.7148,6.8802,7.046,7.2122,7.3788,7.5458,7.7133,7.8813,8.0607,8.2796,8.4987,8.7182,8.938,9.1581,9.3786,9.5993,9.8205,10.042,10.2194,10.3645,10.5099,10.6555,10.8012,10.9472,11.0934,11.2399,11.3865,11.5334,11.6001,11.6616,11.7224,11.781,11.8395,11.8979,11.9561,12.0141,12.072,12.0954,12.0369,11.9785,11.92,11.8614,11.8029,11.7443,11.6857,11.6271,11.5684,11.4842,11.3865,11.2888,11.1912,11.0936,10.996,10.8985,10.8011,10.7037,10.6061,10.4826,10.3592,10.2357,10.1123,9.9889,9.8656,9.7422,9.6189,9.4957,9.4118,9.3971,9.3823,9.3674,9.3525,9.3374,9.3223,9.3071,9.2918,9.2764,9.2096,9.1222,9.035,8.9479,8.861,8.7742,8.6875,8.601,8.5146,8.4249,8.2856,8.1468,8.0085,7.8707,7.7335,7.5968
14.4695,14.4622,14.4553,14.4489,14.4428,14.4372,14.4319,14.427,14.3826,14.2631,14.1436,14.0242,13.9049,13.7858,13.6667,13.5476,13.4287,13.3098,13.1246,12.9114,12.6984,12.4855,12.2728,12.0602,11.8477,11.6354,11.4231,11.2158,11.0843,10.9528,10.8213,10.6897,10.5581,10.4265,10.2949,10.1632,10.0315,9.9018,9.7749,9.648,9.5209,9.3939,9.2667,9.1395,9.0122,8.8849,8.7575,8.6257,8.4926,8.3595,8.2262,8.0929,7.9595,7.8261,7.6925,7.5588,7.4235,7.2781,7.1327,6.9872,6.8417,6.6961,6.5506,6.405,6.2594,6.1138,6.0588,6.0972,6.1357,6.1742,6.2127,6.2513,6.29,6.3287,6.3675,6.4064,6.5739,6.7644,6.9555,7.147,7.3391,7.5318,7.7251,7.919,8.1136,8.3152,8.5409,8.7668,8.993,9.2194,9.4461,9.6731,9.9004,10.128,10.3558,10.5364,10.6803,10.8244,10.9685,11.1128,11.2572,11.4016,11.5462,11.6909,11.8356,11.8955,11.9478,12,12.0521,12.1041,12.1559,12.2075,12.2589,12.3102,12.3305,12.2697,12.2088,12.1479,12.087,12.0261,11.9651,11.9041,11.843,11.782,11.6975,11.5993,11.5011,11.403,11.305,11.2069,11.109,11.011,10.9132,10.8153,10.6916,10.5674,10.4433,10.3191,10.1951,10.071,9.947,9.8229,9.699,9.6106,9.5935,9.5764,9.5591,9.5418,9.5244,9.507,9.4894,9.4717,9.454,9.3895,9.3032,9.2172,9.1312,9.0454,8.9597,8.8742,8.7888,8.7035,8.617,8.4839,8.3513,8.2193,8.0878,7.9568,7.8263
14.488,14.4684,14.4492,14.4304,14.412,14.3941,14.3765,14.3592,14.3037,14.1798,14.056,13.9323,13.8087,13.6851,13.5617,13.4383,13.3151,13.1918,12.9978,12.7756,12.5536,12.3317,12.1099,11.8883,11.6668,11.4454,11.2241,11.0089,10.8744,10.7399,10.6053,10.4708,10.3362,10.2015,10.0669,9.9322,9.7974,9.6653,9.5367,9.408,9.2793,9.1505,9.0216,8.8927,8.7637,8.6346,8.5055,8.3703,8.2332,8.0961,7.9589,7.8216,7.6843,7.5468,7.4093,7.2717,7.1345,7.0009,6.8672,6.7335,6.5997,6.4659,6.3321,6.1983,6.0645,5.9307,5.8854,5.9329,5.9805,6.0281,6.0758,6.1235,6.1713,6.2192,6.2671,6.3151,6.5098,6.7323,6.9553,7.1787,7.4028,7.6274,7.8526,8.0785,8.305,8.5334,8.767,9.0008,9.2348,9.4692,9.7038,9.9386,10.1738,10.4093,10.645,10.8303,10.9744,11.1187,11.263,11.4074,11.5519,11.6966,11.8413,11.9861,12.1311,12.1865,12.2323,12.278,12.3235,12.3688,12.4141,12.4591,12.504,12.5487,12.5657,12.5025,12.4392,12.376,12.3127,12.2493,12.186,12.1226,12.0591,11.9957,11.9108,11.8121,11.7135,11.6149,11.5164,11.4179,11.3194,11.221,11.1226,11.0243,10.9006,10.7757,10.6508,10.526,10.4012,10.2764,10.1517,10.027,9.9023,9.8095,9.7901,9.7706,9.751,9.7313,9.7116,9.6917,9.6718,9.6518,9.6317,9.5693,9.4842,9.3992,9.3144,9.2297,9.1452,9.0608,8.9765,8.8924,8.8084,8.6818,8.5555,8.4297,8.3044,8.1796,8.0554
14.5061,14.4741,14.4426,14.4115,14.3808,14.3505,14.3206,14.2911,14.2246,14.0963,13.9682,13.8402,13.7122,13.5844,13.4566,13.3289,13.2013,13.0738,12.8708,12.6396,12.4085,12.1776,11.9468,11.7162,11.4857,11.2553,11.025,10.8019,10.6644,10.5269,10.3893,10.2517,10.1141,9.9765,9.8388,9.7011,9.5634,9.4288,9.2985,9.1681,9.0376,8.9071,8.7765,8.6459,8.5152,8.3844,8.2535,8.1148,7.9738,7.8327,7.6916,7.5503,7.409,7.2676,7.1261,6.9846,6.8455,6.7237,6.6017,6.4798,6.3577,6.2357,6.1136,5.9915,5.8695,5.7474,5.7119,5.7686,5.8253,5.882,5.9388,5.9956,6.0525,6.1095,6.1665,6.2237,6.4453,6.6997,6.9546,7.2099,7.4659,7.7224,7.9795,8.2373,8.4957,8.7515,8.9929,9.2346,9.4765,9.7187,9.9612,10.204,10.447,10.6903,10.934,11.1243,11.2685,11.4129,11.5574,11.702,11.8467,11.9915,12.1364,12.2814,12.4265,12.4778,12.517,12.5561,12.5951,12.6339,12.6725,12.711,12.7493,12.7875,12.801,12.7354,12.6698,12.6041,12.5384,12.4727,12.4069,12.3412,12.2753,12.2095,12.1242,12.025,11.9259,11.8268,11.7278,11.6288,11.5299,11.431,11.3322,11.2334,11.1096,10.984,10.8585,10.7329,10.6074,10.4819,10.3565,10.231,10.1056,10.0086,9.9868,9.965,9.943,9.921,9.8989,9.8767,9.8544,9.832,9.8095,9.7491,9.6651,9.5813,9.4976,9.414,9.3306,9.2473,9.1641,9.0811,8.9982,8.8793,8.7591,8.6396,8.5205,8.402,8.284
14.5237,14.4795,14.4356,14.3922,14.3492,14.3066,14.2644,14.2226,14.1454,14.0128,13.8803,13.748,13.6157,13.4835,13.3514,13.2194,13.0875,12.9556,12.7436,12.5034,12.2633,12.0233,11.7835,11.5439,11.3044,11.0649,10.8256,10.5949,10.4544,10.3138,10.1733,10.0327,9.8921,9.7514,9.6107,9.47,9.3293,9.1923,9.0602,8.9281,8.796,8.6637,8.5314,8.3991,8.2666,8.1341,8.0015,7.8593,7.7143,7.5693,7.4242,7.279,7.1338,6.9884,6.843,6.6974,6.5565,6.4464,6.3362,6.226,6.1157,6.0054,5.895,5.7847,5.6744,5.5641,5.5383,5.6041,5.6699,5.7358,5.8017,5.8676,5.9336,5.9997,6.0659,6.1321,6.3803,6.6666,6.9533,7.2406,7.5284,7.8168,8.1058,8.3954,8.6858,8.9693,9.2187,9.4682,9.7181,9.9681,10.2185,10.4691,10.72,10.9712,11.2227,11.4182,11.5626,11.7072,11.8519,11.9966,12.1415,12.2864,12.4315,12.5767,12.722,12.7693,12.802,12.8345,12.8669,12.8991,12.9312,12.9631,12.9949,13.0265,13.0364,12.9684,12.9004,12.8324,12.7643,12.6962,12.628,12.5599,12.4917,12.4234,12.3376,12.2379,12.1383,12.0388,11.9393,11.8398,11.7404,11.641,11.5417,11.4424,11.3187,11.1924,11.0661,10.9399,10.8137,10.6875,10.5613,10.4352,10.309,10.2079,10.1837,10.1595,10.1352,10.1108,10.0863,10.0618,10.0371,10.0124,9.9875,9.9287,9.8459,9.7632,9.6806,9.5982,9.5159,9.4337,9.3517,9.2698,9.188,9.0762,8.9624,8.849,8.7362,8.6238,8.5121
14.5409,14.4844,14.4282,14.3725,14.3172,14.2623,14.2078,14.1537,14.066,13.9291,13.7923,13.6557,13.5191,13.3826,13.2461,13.1098,12.9735,12.8373,12.6162,12.3669,12.1178,11.8689,11.6201,11.3714,11.1229,10.8745,10.6261,10.3878,10.2443,10.1007,9.9572,9.8136,9.67,9.5263,9.3826,9.2389,9.0951,8.9558,8.822,8.6882,8.5543,8.4203,8.2863,8.1522,8.0181,7.8838,7.7495,7.6038,7.4549,7.3059,7.1569,7.0077,6.8585,6.7092,6.5598,6.4103,6.2674,6.1691,6.0706,5.9721,5.8736,5.775,5.6764,5.5778,5.4792,5.3807,5.3647,5.4396,5.5145,5.5894,5.6644,5.7395,5.8146,5.8898,5.965,6.0404,6.3148,6.633,6.9516,7.2707,7.5904,7.9106,8.2315,8.553,8.8752,9.1871,9.4443,9.7017,9.9594,10.2173,10.4756,10.734,10.9928,11.2519,11.5112,11.7121,11.8567,12.0015,12.1463,12.2912,12.4362,12.5814,12.7266,12.872,13.0174,13.0611,13.0872,13.1131,13.1389,13.1646,13.1902,13.2155,13.2407,13.2657,13.2719,13.2016,13.1311,13.0607,12.9902,12.9197,12.8492,12.7787,12.7081,12.6375,12.551,12.4508,12.3508,12.2507,12.1507,12.0508,11.9509,11.8511,11.7513,11.6515,11.5278,11.4008,11.2738,11.1469,11.0199,10.893,10.7662,10.6393,10.5125,10.4073,10.3807,10.3542,10.3275,10.3007,10.2739,10.247,10.22,10.1929,10.1657,10.1084,10.0266,9.945,9.8636,9.7823,9.7011,9.6201,9.5392,9.4584,9.3778,9.2728,9.1651,9.058,8.9514,8.8453,8.7397
14.5577,14.4888,14.4204,14.3524,14.2848,14.2176,14.1508,14.0844,13.9865,13.8453,13.7042,13.5632,13.4223,13.2815,13.1407,13,12.8594,12.7189,12.4886,12.2303,11.9722,11.7142,11.4564,11.1988,10.9412,10.6838,10.4265,10.1807,10.0342,9.8876,9.741,9.5944,9.4478,9.3011,9.1544,9.0077,8.8609,8.7192,8.5837,8.4482,8.3126,8.1769,8.0412,7.9054,7.7695,7.6335,7.4975,7.3483,7.1954,7.0425,6.8895,6.7364,6.5832,6.43,6.2766,6.1232,5.9784,5.8917,5.805,5.7182,5.6314,5.5446,5.4577,5.3708,5.284,5.1971,5.191,5.2749,5.359,5.443,5.5271,5.6113,5.6955,5.7797,5.8641,5.9486,6.2489,6.5989,6.9493,7.3003,7.6518,8.0039,8.3566,8.71,9.064,9.4046,9.6697,9.935,10.2005,10.4664,10.7324,10.9988,11.2654,11.5323,11.7996,12.006,12.1508,12.2957,12.4407,12.5858,12.731,12.8763,13.0217,13.1672,13.3128,13.353,13.3726,13.392,13.4112,13.4304,13.4493,13.4682,13.4868,13.5053,13.5075,13.4348,13.362,13.2891,13.2163,13.1434,13.0705,12.9976,12.9246,12.8516,12.7644,12.6638,12.5632,12.4627,12.3622,12.2618,12.1615,12.0611,11.9608,11.8606,11.737,11.6092,11.4816,11.3539,11.2263,11.0987,10.9711,10.8435,10.716,10.6068,10.5779,10.549,10.5199,10.4908,10.4616,10.4324,10.403,10.3735,10.344,10.2879,10.2073,10.1268,10.0465,9.9663,9.8862,9.8063,9.7265,9.6469,9.5674,9.4689,9.3674,9.2665,9.1661,9.0662,8.9669
14.574,14.4929,14.4122,14.3319,14.252,14.1726,14.0935,14.0147,13.9069,13.7614,13.616,13.4706,13.3254,13.1803,13.0352,12.8902,12.7453,12.6004,12.3607,12.0935,11.8264,11.5594,11.2926,11.0259,10.7594,10.493,10.2267,9.9735,9.824,9.6744,9.5248,9.3752,9.2256,9.0759,8.9262,8.7765,8.6267,8.4826,8.3454,8.2082,8.0709,7.9335,7.796,7.6585,7.5209,7.3832,7.2455,7.0928,6.9359,6.7791,6.6221,6.4651,6.308,6.1508,5.9935,5.8361,5.6893,5.6143,5.5394,5.4643,5.3892,5.3141,5.2389,5.1638,5.0887,5.0135,5.0172,5.1102,5.2034,5.2965,5.3897,5.4829,5.5762,5.6696,5.7631,5.8566,6.1825,6.5643,6.9465,7.3293,7.7127,8.0966,8.4811,8.8663,9.2521,9.6221,9.895,10.1681,10.4415,10.7152,10.9891,11.2633,11.5378,11.8126,12.0877,12.2999,12.4449,12.59,12.7351,12.8804,13.0257,13.1712,13.3168,13.4625,13.6082,13.6452,13.6582,13.6711,13.6838,13.6963,13.7088,13.721,13.7331,13.7451,13.7432,13.6681,13.5929,13.5177,13.4425,13.3672,13.2919,13.2166,13.1412,13.0658,12.9778,12.8767,12.7757,12.6747,12.5738,12.4729,12.372,12.2712,12.1705,12.0697,11.9462,11.8177,11.6893,11.561,11.4326,11.3043,11.176,11.0478,10.9195,10.8064,10.7752,10.7439,10.7125,10.6811,10.6495,10.6179,10.5862,10.5544,10.5225,10.4674,10.3879,10.3085,10.2293,10.1503,10.0713,9.9925,9.9139,9.8353,9.757,9.6645,9.5693,9.4746,9.3804,9.2867,9.1936
14.5899,14.4965,14.4035,14.311,14.2188,14.1271,14.0357,13.9447,13.8272,13.6774,13.5276,13.378,13.2284,13.0789,12.9295,12.7802,12.631,12.4818,12.2327,11.9564,11.6803,11.4044,11.1286,10.8529,10.5774,10.302,10.0267,9.7663,9.6138,9.4612,9.3086,9.156,9.0034,8.8507,8.698,8.5453,8.3925,8.246,8.1071,7.9682,7.8291,7.69,7.5509,7.4116,7.2723,7.1329,6.9935,6.8372,6.6765,6.5156,6.3547,6.1938,6.0327,5.8716,5.7103,5.549,5.4002,5.337,5.2737,5.2103,5.147,5.0835,5.0201,4.9567,4.8933,4.8298,4.8433,4.9455,5.0477,5.1499,5.2522,5.3545,5.4569,5.5593,5.6619,5.7645,6.1156,6.5292,6.9433,7.3578,7.773,8.1887,8.605,9.022,9.4396,9.8393,10.1201,10.4011,10.6823,10.9638,11.2456,11.5277,11.81,12.0926,12.3756,12.5939,12.739,12.8842,13.0295,13.175,13.3205,13.4661,13.6119,13.7577,13.9037,13.9376,13.9441,13.9504,13.9565,13.9626,13.9684,13.9742,13.9797,13.9851,13.979,13.9015,13.8239,13.7463,13.6687,13.5911,13.5134,13.4357,13.358,13.2802,13.1913,13.0897,12.9882,12.8867,12.7853,12.6839,12.5826,12.4813,12.3801,12.2789,12.1554,12.0263,11.8971,11.7681,11.639,11.51,11.381,11.252,11.1231,11.0062,10.9726,10.939,10.9053,10.8714,10.8375,10.8036,10.7695,10.7353,10.7011,10.6467,10.5684,10.4902,10.4121,10.3341,10.2563,10.1786,10.1011,10.0237,9.9464,9.8597,9.7707,9.6822,9.5942,9.5067,9.4198
14.6053,14.4997,14.3945,14.2896,14.1852,14.0812,13.9775,13.8743,13.7473,13.5932,13.4391,13.2852,13.1313,12.9775,12.8238,12.6702,12.5166,12.3631,12.1044,11.8192,11.5341,11.2492,10.9644,10.6797,10.3952,10.1108,9.8265,9.559,9.4035,9.2479,9.0923,8.9367,8.7811,8.6254,8.4697,8.314,8.1582,8.0094,7.8688,7.7281,7.5874,7.4466,7.3057,7.1647,7.0237,6.8826,6.7415,6.5816,6.4169,6.2522,6.0873,5.9224,5.7574,5.5923,5.4272,5.2619,5.1111,5.0595,5.008,4.9563,4.9046,4.8529,4.8012,4.7495,4.6978,4.6461,4.6694,4.7806,4.8919,5.0032,5.1145,5.226,5.3374,5.449,5.5606,5.6723,6.0482,6.4936,6.9395,7.3858,7.8327,8.2802,8.7283,9.1771,9.6265,10.0564,10.345,10.6338,10.9229,11.2123,11.5019,11.7918,12.082,12.3725,12.6633,12.8878,13.0331,13.1784,13.3239,13.4695,13.6152,13.761,13.9069,14.053,14.1991,14.2302,14.2301,14.2299,14.2295,14.229,14.2284,14.2275,14.2265,14.2254,14.2149,14.135,14.055,13.9751,13.8951,13.8151,13.735,13.6549,13.5748,13.4947,13.4048,13.3027,13.2007,13.0988,12.9969,12.895,12.7932,12.6915,12.5898,12.4881,12.3647,12.2348,12.105,11.9752,11.8455,11.7157,11.586,11.4564,11.3267,11.2062,11.1702,11.1342,11.0981,11.062,11.0257,10.9894,10.953,10.9164,10.8798,10.8261,10.7488,10.6717,10.5948,10.5179,10.4412,10.3647,10.2883,10.212,10.1358,10.0544,9.9716,9.8893,9.8075,9.7263,9.6456
14.6204,14.5025,14.385,14.2679,14.1512,14.0349,13.919,13.8035,13.6673,13.5089,13.3505,13.1922,13.034,12.8759,12.7179,12.56,12.4021,12.2443,11.9759,11.6817,11.3876,11.0937,10.8,10.5064,10.2129,9.9195,9.6262,9.3517,9.1932,9.0346,8.876,8.7174,8.5588,8.4001,8.2414,8.0827,7.9239,7.7728,7.6305,7.4881,7.3456,7.2031,7.0605,6.9178,6.7751,6.6323,6.4894,6.326,6.1574,5.9887,5.8199,5.6511,5.4821,5.3131,5.144,4.9748,4.8219,4.7821,4.7422,4.7023,4.6623,4.6223,4.5823,4.5422,4.5022,4.4622,4.4953,4.6157,4.736,4.8564,4.9768,5.0973,5.2179,5.3385,5.4592,5.5799,5.9804,6.4575,6.9351,7.4133,7.8919,8.3712,8.851,9.3315,9.8127,10.2733,10.5697,10.8664,11.1634,11.4606,11.7581,12.0558,12.3538,12.6521,12.9508,13.1817,13.3271,13.4727,13.6183,13.7641,13.91,14.0559,14.202,14.3482,14.4945,14.5231,14.5165,14.5097,14.5028,14.4957,14.4885,14.4812,14.4736,14.4659,14.4509,14.3686,14.2863,14.2039,14.1216,14.0392,13.9567,13.8743,13.7918,13.7093,13.6183,13.5158,13.4133,13.3109,13.2085,13.1062,13.0039,12.9016,12.7994,12.6973,12.574,12.4434,12.3129,12.1824,12.0519,11.9215,11.7911,11.6607,11.5304,11.4062,11.3679,11.3296,11.2912,11.2526,11.214,11.1753,11.1366,11.0977,11.0588,11.0053,10.9292,10.8532,10.7774,10.7016,10.6261,10.5506,10.4753,10.4002,10.3251,10.2487,10.1721,10.096,10.0204,9.9454,9.8709
14.635,14.5048,14.3751,14.2457,14.1168,13.9883,13.8601,13.7323,13.5872,13.4244,13.2618,13.0992,12.9367,12.7743,12.612,12.4497,12.2875,12.1254,11.8472,11.544,11.241,10.9381,10.6354,10.3328,10.0303,9.728,9.4257,9.1443,8.9828,8.8212,8.6596,8.498,8.3364,8.1747,8.013,7.8513,7.6895,7.5362,7.3921,7.248,7.1038,6.9596,6.8153,6.6709,6.5265,6.382,6.2374,6.0704,5.8979,5.7252,5.5525,5.3797,5.2069,5.0339,4.8608,4.6877,4.5328,4.5046,4.4764,4.4482,4.4199,4.3916,4.3632,4.3349,4.3065,4.2782,4.3212,4.4506,4.5801,4.7095,4.839,4.9686,5.0982,5.2279,5.3576,5.4875,5.9121,6.421,6.9303,7.4402,7.9506,8.4616,8.9732,9.4854,9.9983,10.49,10.7943,11.0989,11.4036,11.7087,12.014,12.3196,12.6254,12.9316,13.238,13.4756,13.6212,13.7669,13.9127,14.0587,14.2047,14.3508,14.4971,14.6434,14.7899,14.8162,14.803,14.7897,14.7762,14.7627,14.7489,14.735,14.721,14.7067,14.687,14.6023,14.5176,14.4329,14.3481,14.2634,14.1785,14.0937,14.0089,13.9239,13.8318,13.7288,13.6259,13.523,13.4201,13.3173,13.2145,13.1118,13.0091,12.9065,12.7833,12.652,12.5208,12.3896,12.2584,12.1273,11.9962,11.8651,11.734,11.6064,11.5658,11.5251,11.4843,11.4434,11.4025,11.3615,11.3203,11.2791,11.2378,11.1845,11.1095,11.0346,10.9599,10.8853,10.8108,10.7365,10.6623,10.5883,10.5144,10.4426,10.3721,10.3022,10.2329,10.164,10.0957
14.6491,14.5067,14.3647,14.2232,14.082,13.9412,13.8008,13.6608,13.507,13.3399,13.1729,13.006,12.8392,12.6725,12.5059,12.3393,12.1728,12.0064,11.7183,11.4062,11.0942,10.7823,10.4706,10.1591,9.8476,9.5363,9.2251,8.9369,8.7723,8.6078,8.4432,8.2786,8.114,7.9493,7.7846,7.6199,7.4552,7.2995,7.1537,7.0079,6.862,6.7161,6.5701,6.424,6.2778,6.1316,5.9853,5.8148,5.6383,5.4618,5.2851,5.1084,4.9316,4.7547,4.5777,4.4006,4.2436,4.2271,4.2106,4.194,4.1774,4.1608,4.1441,4.1275,4.1108,4.0942,4.1471,4.2855,4.424,4.5625,4.7011,4.8397,4.9784,5.1171,5.256,5.3949,5.8433,6.3839,6.925,7.4666,8.0087,8.5514,9.0947,9.6386,10.1832,10.7066,11.0187,11.3311,11.6437,11.9566,12.2697,12.5831,12.8968,13.2108,13.5251,13.7694,13.9152,14.0611,14.2071,14.3532,14.4994,14.6457,14.7921,14.9386,15.0853,15.1095,15.0898,15.0699,15.0499,15.0298,15.0096,14.9891,14.9686,14.9478,14.9231,14.8361,14.749,14.6619,14.5748,14.4876,14.4005,14.3133,14.226,14.1387,14.0454,13.9419,13.8385,13.7351,13.6318,13.5285,13.4252,13.322,13.2189,13.1158,12.9927,12.8607,12.7288,12.5969,12.465,12.3332,12.2013,12.0695,11.9378,11.8068,11.7638,11.7208,11.6776,11.6344,11.5911,11.5477,11.5043,11.4607,11.417,11.3636,11.2897,11.2159,11.1423,11.0689,10.9955,10.9223,10.8492,10.7763,10.7035,10.6359,10.5717,10.508,10.4448,10.3822,10.32
