13.5787,13.5373,13.4959,13.4545,13.4131,13.3718,13.3304,13.289,13.2477,13.2072,13.1771,13.1471,13.117,13.087,13.057,13.027,12.997,12.967,12.937,12.8606,12.7638,12.667,12.5702,12.4734,12.3766,12.2797,12.1829,12.0861,12.0375,12.0914,12.1454,12.1995,12.2537,12.3079,12.362,12.4162,12.4704,12.5246,12.5611,12.5966,12.632,12.6675,12.703,12.7385,12.7739,12.8094,12.8449,12.8789,12.9118,12.9446,12.9775,13.0104,13.0433,13.0762,13.1091,13.1419,13.1491,13.0525,12.9559,12.8594,12.7628,12.6662,12.5696,12.473,12.3764,12.2798,12.1507,12.0148,11.8788,11.7428,11.6068,11.4709,11.3349,11.1989,11.0629,11.0066,11.0475,11.0886,11.1298,11.171,11.2123,11.2536,11.2949,11.3363,11.3759,11.3925,11.4092,11.4259,11.4426,11.4594,11.4762,11.4931,11.51,11.5269,11.5698,11.6237,11.6775,11.7311,11.7847,11.8381,11.8914,11.9445,11.9975,12.0177,11.9697,11.9218,11.8738,11.8259,11.778,11.7301,11.6821,11.6342,11.5863,11.5788,11.5733,11.5676,11.5618,11.5557,11.5494,11.5429,11.5362,11.5292,11.5336,11.5467,11.5598,11.5729,11.586,11.5992,11.6124,11.6257,11.639,11.6423,11.603,11.5637,11.5244,11.485,11.4457,11.4064,11.367,11.3277,11.2883,11.2386,11.186,11.1327,11.0789,11.0245,10.9696,10.914,10.8578,10.801,10.7448,10.69,10.635,10.5797,10.524,10.4681,10.412,10.3555,10.2987,10.2418,10.1897,10.1376,10.0854,10.0332,9.9809,9.9286,9.8762,9.8238,9.7713
13.5996,13.5581,13.5166,13.4751,13.4336,13.3921,13.3507,13.3092,13.2678,13.2273,13.1973,13.1673,13.1372,13.1072,13.0772,13.0472,13.0172,12.9872,12.9572,12.8805,12.7846,12.6886,12.5926,12.4966,12.4005,12.3045,12.2085,12.1125,12.0635,12.1104,12.1575,12.2047,12.252,12.2993,12.3468,12.3944,12.442,12.4897,12.526,12.5617,12.5973,12.633,12.6686,12.7042,12.7398,12.7754,12.811,12.8441,12.8753,12.9065,12.9377,12.9689,13,13.0312,13.0623,13.0934,13.1007,13.0113,12.922,12.8326,12.7432,12.6539,12.5646,12.4754,12.3862,12.2971,12.1713,12.0376,11.9039,11.7702,11.6366,11.503,11.3694,11.2359,11.1024,11.0468,11.0891,11.1313,11.1736,11.2159,11.2583,11.3006,11.3431,11.3855,11.4264,11.4438,11.4613,11.4788,11.4964,11.514,11.5316,11.5492,11.5669,11.5847,11.6242,11.6736,11.7228,11.7719,11.821,11.8698,11.9186,11.9672,12.0157,12.0344,11.9864,11.9385,11.8905,11.8426,11.7947,11.7467,11.6988,11.6509,11.603,11.5901,11.5798,11.5694,11.5587,11.5478,11.5367,11.5254,11.5139,11.5022,11.5043,11.5182,11.5321,11.546,11.5599,11.5739,11.5879,11.6019,11.616,11.6214,11.5821,11.5428,11.5035,11.4641,11.4248,11.3855,11.3461,11.3068,11.2674,11.2109,11.1491,11.0867,11.0237,10.9602,10.896,10.8313,10.7659,10.6999,10.6367,10.5783,10.5197,10.4608,10.4016,10.3421,10.2823,10.2222,10.1619,10.1012,10.0492,9.997,9.9448,9.8926,9.8403,9.788,9.7357,9.6832,9.6308
13.6204,13.5788,13.5372,13.4956,13.4541,13.4125,13.371,13.3294,13.2879,13.2475,13.2175,13.1875,13.1574,13.1274,13.0974,13.0674,13.0374,13.0074,12.9774,12.9005,12.8053,12.7102,12.615,12.5198,12.4246,12.3293,12.2341,12.1389,12.0894,12.1294,12.1695,12.2098,12.2501,12.2906,12.3311,12.3718,12.4125,12.4533,12.4892,12.5249,12.5605,12.5962,12.6318,12.6675,12.7031,12.7387,12.7743,12.8062,12.8355,12.8648,12.8941,12.9234,12.9526,12.9819,13.0111,13.0403,13.0477,12.9662,12.8848,12.8034,12.722,12.6406,12.5592,12.4779,12.3967,12.3155,12.1932,12.0618,11.9304,11.799,11.6676,11.5363,11.405,11.2737,11.1425,11.0874,11.1307,11.174,11.2174,11.2608,11.3042,11.3477,11.3912,11.4347,11.4769,11.4951,11.5134,11.5317,11.5501,11.5685,11.5869,11.6054,11.6239,11.6425,11.6788,11.7236,11.7683,11.8129,11.8574,11.9017,11.946,11.9901,12.034,12.0511,12.0031,11.9552,11.9072,11.8593,11.8113,11.7634,11.7154,11.6675,11.6196,11.6017,11.5866,11.5713,11.5558,11.5402,11.5243,11.5082,11.4919,11.4753,11.475,11.4897,11.5043,11.519,11.5338,11.5485,11.5633,11.5782,11.593,11.6005,11.5612,11.5219,11.4826,11.4432,11.4039,11.3646,11.3252,11.2859,11.2465,11.1838,11.1128,11.0412,10.9691,10.8964,10.8231,10.7491,10.6746,10.5995,10.5288,10.4669,10.4046,10.3421,10.2794,10.2163,10.1529,10.0893,10.0253,9.9611,9.9086,9.8565,9.8043,9.7521,9.6998,9.6475,9.5951,9.5427,9.4902
13.6412,13.5996,13.5579,13.5162,13.4745,13.4329,13.3912,13.3496,13.308,13.2677,13.2377,13.2077,13.1776,13.1476,13.1176,13.0876,13.0576,13.0276,12.9976,12.9205,12.8262,12.7318,12.6374,12.543,12.4486,12.3541,12.2597,12.1653,12.1151,12.1482,12.1814,12.2147,12.2482,12.2817,12.3154,12.3491,12.3829,12.4168,12.4524,12.4881,12.5238,12.5594,12.5951,12.6307,12.6663,12.702,12.7376,12.7684,12.7958,12.8231,12.8505,12.8779,12.9052,12.9325,12.9598,12.9871,12.9946,12.9211,12.8476,12.7741,12.7006,12.6272,12.5538,12.4804,12.4071,12.3338,12.2151,12.0859,11.9568,11.8276,11.6985,11.5695,11.4405,11.3115,11.1826,11.128,11.1723,11.2168,11.2612,11.3057,11.3502,11.3947,11.4393,11.4839,11.5274,11.5464,11.5655,11.5846,11.6038,11.623,11.6422,11.6615,11.6808,11.7002,11.7334,11.7737,11.8139,11.854,11.8939,11.9338,11.9735,12.013,12.0525,12.0678,12.0198,11.9719,11.9239,11.876,11.828,11.7801,11.7321,11.6842,11.6362,11.6134,11.5935,11.5735,11.5532,11.5327,11.512,11.4912,11.47,11.4487,11.4457,11.4611,11.4766,11.4921,11.5076,11.5232,11.5387,11.5544,11.57,11.5796,11.5403,11.501,11.4617,11.4223,11.383,11.3437,11.3043,11.265,11.2256,11.1572,11.077,10.9963,10.915,10.8331,10.7507,10.6676,10.5839,10.4996,10.4212,10.3556,10.2898,10.2237,10.1574,10.0907,10.0238,9.9565,9.889,9.8212,9.768,9.7159,9.6637,9.6115,9.5592,9.5069,9.4546,9.4021,9.3497
13.6621,13.6203,13.5785,13.5367,13.495,13.4533,13.4115,13.3698,13.3281,13.2879,13.2579,13.2278,13.1978,13.1678,13.1378,13.1078,13.0778,13.0478,13.0178,12.9406,12.847,12.7534,12.6598,12.5662,12.4726,12.379,12.2854,12.1917,12.1407,12.1669,12.1932,12.2196,12.2461,12.2728,12.2995,12.3263,12.3532,12.3802,12.4156,12.4513,12.487,12.5227,12.5583,12.594,12.6296,12.6652,12.7008,12.7305,12.756,12.7815,12.8069,12.8324,12.8578,12.8832,12.9086,12.934,12.9416,12.876,12.8104,12.7449,12.6793,12.6138,12.5483,12.4828,12.4174,12.3521,12.237,12.11,11.9832,11.8563,11.7295,11.6027,11.476,11.3492,11.2226,11.1685,11.214,11.2594,11.305,11.3505,11.3961,11.4417,11.4873,11.533,11.5778,11.5977,11.6176,11.6375,11.6575,11.6775,11.6975,11.7176,11.7377,11.7579,11.7882,11.824,11.8597,11.8952,11.9306,11.966,12.0011,12.0362,12.0711,12.0845,12.0366,11.9886,11.9406,11.8926,11.8447,11.7967,11.7488,11.7008,11.6529,11.6253,11.6006,11.5758,11.5507,11.5255,11.5,11.4743,11.4484,11.4223,11.4163,11.4325,11.4488,11.4651,11.4814,11.4977,11.5141,11.5305,11.547,11.5587,11.5194,11.4801,11.4408,11.4014,11.3621,11.3228,11.2834,11.2441,11.2047,11.1312,11.0418,10.952,10.8615,10.7705,10.6789,10.5866,10.4938,10.4003,10.3137,10.2446,10.1752,10.1056,10.0356,9.9654,9.8949,9.8241,9.753,9.6815,9.6275,9.5753,9.5232,9.471,9.4187,9.3664,9.314,9.2616,9.2091
13.6829,13.641,13.5992,13.5573,13.5155,13.4736,13.4318,13.39,13.3482,13.3081,13.2781,13.248,13.218,13.188,13.158,13.128,13.098,13.068,13.038,12.9606,12.8678,12.775,12.6823,12.5895,12.4966,12.4038,12.311,12.2182,12.1662,12.1855,12.2049,12.2244,12.244,12.2637,12.2835,12.3034,12.3234,12.3435,12.3788,12.4145,12.4502,12.4859,12.5215,12.5572,12.5928,12.6285,12.6641,12.6927,12.7162,12.7398,12.7633,12.7869,12.8104,12.8339,12.8574,12.8809,12.8885,12.8309,12.7732,12.7155,12.6579,12.6003,12.5427,12.4852,12.4277,12.3703,12.2588,12.1342,12.0095,11.8849,11.7604,11.6359,11.5114,11.387,11.2626,11.2091,11.2556,11.3021,11.3487,11.3953,11.442,11.4887,11.5354,11.5821,11.6283,11.649,11.6697,11.6904,11.7112,11.732,11.7528,11.7737,11.7946,11.8156,11.8431,11.8744,11.9055,11.9366,11.9675,11.9983,12.0289,12.0595,12.0898,12.1012,12.0533,12.0053,11.9573,11.9093,11.8613,11.8134,11.7654,11.7175,11.6695,11.6374,11.608,11.5783,11.5485,11.5184,11.4882,11.4577,11.427,11.3961,11.3869,11.4039,11.4209,11.438,11.4551,11.4723,11.4894,11.5066,11.5238,11.5378,11.4985,11.4592,11.4199,11.3805,11.3412,11.3019,11.2625,11.2232,11.1838,11.1057,11.0072,10.9082,10.8086,10.7084,10.6076,10.5062,10.4043,10.3017,10.2066,10.1339,10.0609,9.9877,9.9142,9.8403,9.7662,9.6919,9.6172,9.5422,9.4869,9.4348,9.3826,9.3304,9.2781,9.2258,9.1735,9.1211,9.0686
13.7037,13.6617,13.6198,13.5778,13.5359,13.494,13.4521,13.4102,13.3683,13.3283,13.2983,13.2682,13.2382,13.2082,13.1782,13.1482,13.1182,13.0882,13.0582,12.9807,12.8887,12.7967,12.7047,12.6127,12.5207,12.4287,12.3367,12.2446,12.1916,12.2039,12.2164,12.2291,12.2418,12.2546,12.2675,12.2805,12.2936,12.3067,12.342,12.3777,12.4134,12.4491,12.4848,12.5204,12.5561,12.5917,12.6274,12.6548,12.6764,12.6981,12.7197,12.7414,12.763,12.7846,12.8062,12.8277,12.8354,12.7857,12.7359,12.6862,12.6365,12.5868,12.5372,12.4875,12.438,12.3885,12.2806,12.1582,12.0359,11.9136,11.7913,11.669,11.5468,11.4247,11.3025,11.2496,11.2972,11.3448,11.3924,11.4401,11.4879,11.5356,11.5834,11.6312,11.6788,11.7002,11.7217,11.7433,11.7648,11.7864,11.8081,11.8298,11.8515,11.8733,11.8982,11.9249,11.9516,11.9781,12.0045,12.0307,12.0569,12.0829,12.1088,12.118,12.07,12.022,11.974,11.926,11.878,11.8301,11.7821,11.7341,11.6862,11.6497,11.6155,11.5811,11.5464,11.5116,11.4766,11.4413,11.4059,11.3702,11.3574,11.3752,11.3931,11.4109,11.4288,11.4468,11.4647,11.4827,11.5007,11.5169,11.4776,11.4383,11.399,11.3596,11.3203,11.281,11.2416,11.2023,11.1629,11.0807,10.9731,10.8649,10.7562,10.6469,10.5369,10.4264,10.3153,10.2036,10.0996,10.0233,9.9468,9.87,9.7929,9.7155,9.6379,9.5599,9.4816,9.4031,9.3463,9.2942,9.2421,9.1898,9.1376,9.0853,9.0329,8.9805,8.9281
13.7245,13.6825,13.6404,13.5984,13.5564,13.5143,13.4723,13.4303,13.3884,13.3485,13.3185,13.2884,13.2584,13.2284,13.1984,13.1684,13.1384,13.1084,13.0784,13.0007,12.9096,12.8184,12.7272,12.636,12.5448,12.4536,12.3624,12.2711,12.2168,12.2223,12.2279,12.2336,12.2394,12.2453,12.2514,12.2575,12.2636,12.2699,12.3052,12.3409,12.3766,12.4123,12.448,12.4837,12.5194,12.555,12.5906,12.6169,12.6367,12.6564,12.6761,12.6958,12.7156,12.7352,12.7549,12.7746,12.7824,12.7405,12.6987,12.6568,12.615,12.5733,12.5315,12.4898,12.4482,12.4066,12.3024,12.1823,12.0622,11.9422,11.8221,11.7022,11.5822,11.4623,11.3424,11.2901,11.3387,11.3874,11.4362,11.4849,11.5337,11.5826,11.6314,11.6803,11.7292,11.7514,11.7738,11.7961,11.8185,11.8409,11.8633,11.8858,11.9084,11.9309,11.9534,11.9756,11.9977,12.0197,12.0416,12.0633,12.085,12.1065,12.1278,12.1347,12.0867,12.0387,11.9907,11.9427,11.8947,11.8467,11.7987,11.7508,11.7028,11.6622,11.6232,11.584,11.5446,11.505,11.4652,11.4252,11.3849,11.3444,11.3279,11.3465,11.3652,11.3838,11.4025,11.4212,11.4399,11.4587,11.4775,11.496,11.4567,11.4174,11.3781,11.3387,11.2994,11.2601,11.2207,11.1814,11.142,11.0563,10.9395,10.8222,10.7044,10.5859,10.4669,10.3472,10.227,10.1061,9.9929,9.9131,9.8329,9.7526,9.6719,9.5909,9.5097,9.4282,9.3463,9.2642,9.2058,9.1537,9.1015,9.0493,8.997,8.9447,8.8924,8.84,8.7875
13.7453,13.7032,13.6611,13.6189,13.5768,13.5347,13.4926,13.4505,13.4084,13.3687,13.3387,13.3086,13.2786,13.2486,13.2186,13.1886,13.1586,13.1286,13.0986,13.0209,12.9305,12.8401,12.7497,12.6593,12.5689,12.4785,12.388,12.2976,12.242,12.2405,12.2392,12.2381,12.237,12.236,12.2351,12.2343,12.2336,12.233,12.2684,12.3041,12.3398,12.3756,12.4113,12.4469,12.4826,12.5183,12.5539,12.579,12.5969,12.6147,12.6325,12.6503,12.6681,12.6859,12.7037,12.7214,12.7292,12.6953,12.6614,12.6275,12.5936,12.5597,12.5258,12.492,12.4583,12.4246,12.3242,12.2063,12.0885,11.9707,11.853,11.7353,11.6176,11.4999,11.3823,11.3306,11.3803,11.4301,11.4799,11.5297,11.5796,11.6295,11.6794,11.7294,11.7794,11.8027,11.8258,11.8489,11.8721,11.8953,11.9186,11.9419,11.9652,11.9886,12.0086,12.0264,12.044,12.0615,12.0788,12.0961,12.1132,12.1302,12.147,12.1514,12.1034,12.0554,12.0074,11.9594,11.9114,11.8634,11.8154,11.7674,11.7195,11.6749,11.6311,11.5871,11.543,11.4986,11.454,11.4092,11.3642,11.3189,11.2984,11.3178,11.3372,11.3566,11.3761,11.3956,11.4151,11.4347,11.4543,11.4739,11.4358,11.3965,11.3572,11.3179,11.2785,11.2392,11.1998,11.1605,11.1211,11.0324,10.9065,10.7801,10.6531,10.5255,10.3973,10.2686,10.1392,10.0092,9.8864,9.803,9.7193,9.6354,9.5511,9.4666,9.3818,9.2967,9.2113,9.1256,9.0652,9.0131,8.9609,8.9087,8.8565,8.8042,8.7518,8.6994,8.647
13.7661,13.7239,13.6817,13.6395,13.5973,13.5551,13.5129,13.4707,13.4285,13.3889,13.3588,13.3288,13.2988,13.2688,13.2388,13.2088,13.1788,13.1488,13.1188,13.041,12.9514,12.8618,12.7722,12.6826,12.593,12.5034,12.4138,12.3241,12.267,12.2587,12.2505,12.2424,12.2344,12.2266,12.2188,12.2111,12.2035,12.196,12.2316,12.2673,12.3031,12.3388,12.3745,12.4102,12.4459,12.4815,12.5172,12.5411,12.5571,12.573,12.5889,12.6048,12.6207,12.6366,12.6525,12.6683,12.6761,12.6501,12.6241,12.598,12.572,12.5461,12.5201,12.4942,12.4684,12.4426,12.3459,12.2304,12.1148,11.9993,11.8838,11.7683,11.6529,11.5375,11.4222,11.371,11.4218,11.4727,11.5236,11.5745,11.6254,11.6764,11.7274,11.7784,11.8295,11.8539,11.8778,11.9017,11.9257,11.9497,11.9738,11.9979,12.022,12.0462,12.0641,12.0773,12.0904,12.1033,12.1162,12.1289,12.1416,12.154,12.1664,12.1681,12.1201,12.0721,12.0241,11.9761,11.9281,11.8801,11.8321,11.7841,11.7361,11.6878,11.6392,11.5905,11.5415,11.4924,11.443,11.3934,11.3436,11.2936,11.2689,11.289,11.3092,11.3294,11.3497,11.37,11.3903,11.4106,11.431,11.4514,11.4149,11.3756,11.3363,11.297,11.2576,11.2183,11.1789,11.1395,11.1002,11.0091,10.8741,10.7385,10.6024,10.4657,10.3284,10.1905,10.052,9.9129,9.7802,9.6932,9.6059,9.5184,9.4306,9.3425,9.2541,9.1655,9.0765,8.9873,8.9246,8.8725,8.8204,8.7682,8.7159,8.6636,8.6113,8.5589,8.5064
13.787,13.7446,13.7023,13.66,13.6177,13.5754,13.5331,13.4909,13.4486,13.4091,13.379,13.349,13.319,13.289,13.259,13.229,13.199,13.169,13.139,13.0611,12.9723,12.8836,12.7948,12.7059,12.6171,12.5283,12.4395,12.3507,12.2919,12.2767,12.2616,12.2467,12.2318,12.2171,12.2024,12.1878,12.1733,12.159,12.1948,12.2305,12.2663,12.302,12.3377,12.3734,12.4091,12.4448,12.4804,12.5032,12.5172,12.5313,12.5453,12.5593,12.5733,12.5873,12.6012,12.6152,12.623,12.6048,12.5867,12.5686,12.5505,12.5324,12.5143,12.4963,12.4784,12.4605,12.3677,12.2544,12.1411,12.0278,11.9146,11.8014,11.6882,11.5751,11.462,11.4115,11.4634,11.5153,11.5672,11.6192,11.6712,11.7232,11.7753,11.8274,11.8796,11.905,11.9297,11.9545,11.9793,12.0041,12.029,12.0538,12.0788,12.1038,12.1196,12.1283,12.1369,12.1454,12.1537,12.162,12.1701,12.1781,12.1859,12.1848,12.1368,12.0888,12.0408,11.9927,11.9447,11.8967,11.8487,11.8007,11.7527,11.7009,11.6475,11.594,11.5403,11.4864,11.4322,11.3779,11.3233,11.2685,11.2393,11.2602,11.2812,11.3022,11.3232,11.3443,11.3654,11.3866,11.4077,11.4289,11.394,11.3547,11.3154,11.2761,11.2367,11.1974,11.158,11.1186,11.0793,10.9863,10.8422,10.6975,10.5523,10.4064,10.26,10.113,9.9654,9.8172,9.6741,9.5836,9.4928,9.4017,9.3103,9.2187,9.1267,9.0345,8.942,8.8492,8.7841,8.732,8.6798,8.6276,8.5753,8.523,8.4707,8.4183,8.3659
13.8078,13.7653,13.7229,13.6805,13.6381,13.5958,13.5534,13.511,13.4687,13.4293,13.3992,13.3692,13.3392,13.3092,13.2792,13.2492,13.2192,13.1892,13.1592,13.0813,12.9933,12.9053,12.8173,12.7293,12.6413,12.5533,12.4652,12.3772,12.3166,12.2946,12.2726,12.2508,12.2291,12.2074,12.1859,12.1644,12.1431,12.1222,12.158,12.1938,12.2295,12.2652,12.301,12.3367,12.3724,12.408,12.4437,12.4653,12.4774,12.4895,12.5017,12.5138,12.5259,12.5379,12.55,12.5621,12.5698,12.5596,12.5493,12.5391,12.5289,12.5187,12.5085,12.4984,12.4883,12.4783,12.3894,12.2783,12.1673,12.0563,11.9453,11.8344,11.7235,11.6127,11.5018,11.4519,11.5049,11.5579,11.6109,11.6639,11.717,11.7701,11.8233,11.8764,11.9297,11.9562,11.9817,12.0073,12.0328,12.0585,12.0841,12.1098,12.1356,12.1613,12.1753,12.1795,12.1835,12.1875,12.1914,12.1951,12.1987,12.2022,12.2055,12.2015,12.1535,12.1055,12.0574,12.0094,11.9614,11.9134,11.8654,11.8174,11.7694,11.7142,11.6561,11.5978,11.5393,11.4806,11.4217,11.3626,11.3032,11.2437,11.2096,11.2314,11.2531,11.2749,11.2968,11.3186,11.3405,11.3624,11.3844,11.4064,11.3731,11.3338,11.2945,11.2552,11.2158,11.1765,11.1371,11.0977,11.0584,10.964,10.8108,10.657,10.5027,10.3477,10.1922,10.0361,9.8794,9.722,9.5683,9.4743,9.3799,9.2852,9.1903,9.0951,8.9996,8.9038,8.8077,8.7113,8.6435,8.5914,8.5392,8.487,8.4348,8.3825,8.3301,8.2777,8.2253
13.8286,13.786,13.7435,13.7011,13.6586,13.6161,13.5736,13.5312,13.4888,13.4495,13.4194,13.3894,13.3594,13.3294,13.2994,13.2694,13.2394,13.2094,13.1794,13.1015,13.0143,12.9271,12.8399,12.7527,12.6654,12.5782,12.491,12.4037,12.3413,12.3124,12.2835,12.2548,12.2262,12.1977,12.1693,12.141,12.1127,12.0854,12.1212,12.157,12.1927,12.2285,12.2642,12.2999,12.3356,12.3713,12.407,12.4274,12.4376,12.4478,12.458,12.4682,12.4784,12.4886,12.4988,12.5089,12.5167,12.5143,12.5119,12.5096,12.5072,12.5049,12.5027,12.5004,12.4982,12.4961,12.4111,12.3023,12.1935,12.0848,11.9761,11.8674,11.7588,11.6502,11.5416,11.4923,11.5464,11.6004,11.6545,11.7086,11.7628,11.8169,11.8712,11.9254,11.9797,12.0073,12.0337,12.06,12.0864,12.1128,12.1393,12.1658,12.1923,12.2189,12.231,12.2307,12.2303,12.2298,12.2292,12.2284,12.2275,12.2265,12.2253,12.2183,12.1702,12.1222,12.0741,12.0261,11.9781,11.9301,11.8821,11.834,11.786,11.7276,11.6648,11.6017,11.5384,11.475,11.4113,11.3474,11.2833,11.219,11.1799,11.2025,11.225,11.2476,11.2702,11.2929,11.3155,11.3382,11.361,11.3837,11.3522,11.3129,11.2736,11.2343,11.1949,11.1556,11.1162,11.0768,11.0375,10.9423,10.78,10.6171,10.4536,10.2896,10.125,9.9598,9.7939,9.6275,9.4628,9.3651,9.2672,9.169,9.0705,8.9717,8.8727,8.7733,8.6737,8.5737,8.5029,8.4508,8.3985,8.3451,8.2915,8.2377,8.1838,8.1297,8.0754
13.8494,13.8068,13.7642,13.7216,13.679,13.6364,13.5939,13.5514,13.5088,13.4697,13.4396,13.4096,13.3796,13.3496,13.3196,13.2896,13.2596,13.2296,13.1996,13.1217,13.0353,12.9489,12.8625,12.776,12.6896,12.6032,12.5168,12.4303,12.3658,12.33,12.2943,12.2588,12.2233,12.1879,12.1526,12.1174,12.0823,12.0486,12.0844,12.1202,12.1559,12.1917,12.2274,12.2631,12.2989,12.3346,12.3703,12.3894,12.3978,12.4061,12.4144,12.4227,12.431,12.4393,12.4475,12.4558,12.4635,12.469,12.4745,12.48,12.4856,12.4912,12.4968,12.5024,12.5081,12.5138,12.4328,12.3262,12.2197,12.1132,12.0068,11.9004,11.794,11.6876,11.5813,11.5328,11.5878,11.643,11.6981,11.7533,11.8085,11.8638,11.919,11.9744,12.0297,12.0585,12.0856,12.1127,12.1399,12.1671,12.1944,12.2217,12.249,12.2764,12.287,12.2822,12.2773,12.2722,12.2671,12.2618,12.2565,12.2509,12.2453,12.235,12.1869,12.1389,12.0908,12.0428,11.9948,11.9467,11.8987,11.8507,11.8027,11.7413,11.6736,11.6058,11.5378,11.4696,11.4012,11.3325,11.2637,11.1946,11.1502,11.1735,11.1969,11.2203,11.2437,11.2671,11.2905,11.314,11.3373,11.3589,11.327,11.2852,11.243,11.2005,11.1576,11.1144,11.0708,11.0269,10.9826,10.8836,10.7108,10.5379,10.3648,10.1915,10.018,9.8444,9.6705,9.4964,9.3222,9.2212,9.1201,9.0189,8.9176,8.8163,8.7149,8.6135,8.512,8.4104,8.3359,8.2814,8.2266,8.1717,8.1167,8.0614,8.006,7.9505,7.8947
13.8543,13.8118,13.7693,13.7269,13.6844,13.642,13.5996,13.5573,13.5149,13.4757,13.4444,13.4132,13.3821,13.3513,13.3205,13.2899,13.2595,13.2291,13.1989,13.1218,13.0372,12.9526,12.8679,12.7832,12.6985,12.6137,12.5289,12.4441,12.3787,12.3376,12.2964,12.2553,12.2141,12.1729,12.1317,12.0904,12.0492,12.0098,12.0459,12.0819,12.1179,12.1538,12.1898,12.2256,12.2615,12.2973,12.3331,12.3511,12.3577,12.3641,12.3706,12.3771,12.3835,12.3899,12.3963,12.4027,12.4104,12.4236,12.4369,12.4501,12.4633,12.4765,12.4897,12.5028,12.516,12.5291,12.4518,12.3474,12.2431,12.1389,12.0347,11.9305,11.8265,11.7225,11.6186,11.5707,11.6263,11.6818,11.7373,11.7928,11.8482,11.9036,11.959,12.0143,12.0695,12.0985,12.1256,12.1527,12.1798,12.2069,12.234,12.2611,12.2882,12.3152,12.3227,12.3111,12.2994,12.2873,12.275,12.2624,12.2495,12.2363,12.2229,12.2058,12.1552,12.1045,12.0537,12.0029,11.952,11.9009,11.8498,11.7986,11.7472,11.6822,11.6104,11.5385,11.4666,11.3947,11.3227,11.2506,11.1786,11.1065,11.0577,11.0804,11.1032,11.126,11.1488,11.1716,11.1945,11.2174,11.2403,11.2633,11.2288,11.1814,11.1337,11.0857,11.0374,10.9887,10.9396,10.8902,10.8404,10.741,10.566,10.3909,10.2155,10.04,9.8643,9.6884,9.5123,9.336,9.1595,9.0559,8.9547,8.8534,8.752,8.6506,8.5491,8.4475,8.3459,8.2442,8.1671,8.1111,8.0549,7.9985,7.942,7.8853,7.8284,7.7713,7.7141
13.8434,13.7999,13.7565,13.7132,13.6698,13.6265,13.5832,13.5399,13.4967,13.4553,13.4182,13.3813,13.3445,13.3079,13.2714,13.2351,13.1989,13.1628,13.1269,13.0488,12.9646,12.8804,12.7962,12.712,12.6277,12.5434,12.459,12.3747,12.3098,12.2685,12.2272,12.1859,12.1446,12.1032,12.0618,12.0204,11.979,11.94,11.9777,12.0154,12.053,12.0907,12.1283,12.1658,12.2033,12.2408,12.2783,12.2972,12.3042,12.3112,12.3181,12.3251,12.332,12.3389,12.3458,12.3527,12.3607,12.374,12.3872,12.4005,12.4137,12.4269,12.4401,12.4532,12.4664,12.4795,12.4079,12.3104,12.2129,12.1155,12.0181,11.9208,11.8236,11.7264,11.6294,11.5839,11.6369,11.6899,11.7428,11.7958,11.8486,11.9014,11.9542,12.0069,12.0596,12.0887,12.1158,12.1429,12.17,12.1971,12.2242,12.2513,12.2784,12.3054,12.3091,12.2889,12.2684,12.2477,12.2267,12.2054,12.1838,12.162,12.1398,12.1152,12.063,12.0107,11.9583,11.9059,11.8534,11.8007,11.748,11.6952,11.6422,11.577,11.5051,11.4332,11.3612,11.2892,11.2172,11.1451,11.073,11.0008,10.9501,10.9741,10.9982,11.0223,11.0465,11.0706,11.0948,11.1191,11.1433,11.1676,11.1308,11.078,11.0248,10.9713,10.9175,10.8633,10.8087,10.7538,10.6986,10.5985,10.4213,10.2439,10.0664,9.8886,9.7107,9.5326,9.3542,9.1757,8.997,8.8907,8.7893,8.6879,8.5864,8.4848,8.3832,8.2815,8.1797,8.0779,7.9984,7.9409,7.8832,7.8254,7.7674,7.7092,7.6509,7.5923,7.5337
13.8324,13.788,13.7437,13.6994,13.6552,13.611,13.5668,13.5226,13.4784,13.4347,13.3919,13.3492,13.3067,13.2644,13.2222,13.1801,13.1382,13.0964,13.0547,12.9758,12.8921,12.8083,12.7246,12.6408,12.5569,12.473,12.3891,12.3052,12.2409,12.1994,12.158,12.1165,12.075,12.0335,11.992,11.9504,11.9088,11.8701,11.9095,11.9489,11.9882,12.0275,12.0668,12.106,12.1452,12.1843,12.2235,12.2433,12.2507,12.2582,12.2657,12.2731,12.2805,12.2879,12.2953,12.3027,12.3111,12.3244,12.3376,12.3509,12.3641,12.3773,12.3904,12.4036,12.4168,12.4299,12.3639,12.2732,12.1826,12.092,12.0014,11.911,11.8206,11.7303,11.6401,11.5972,11.6476,11.698,11.7484,11.7987,11.849,11.8993,11.9495,11.9996,12.0497,12.0789,12.106,12.1331,12.1602,12.1873,12.2144,12.2415,12.2686,12.2956,12.2957,12.2668,12.2377,12.2083,12.1786,12.1486,12.1184,12.0879,12.057,12.0246,11.9708,11.917,11.863,11.809,11.7548,11.7006,11.6463,11.5918,11.5373,11.4718,11.3999,11.3279,11.2559,11.1838,11.1117,11.0395,10.9674,10.8951,10.8424,10.8678,10.8932,10.9186,10.9441,10.9696,10.9951,11.0207,11.0463,11.0719,11.0332,10.9748,10.9162,10.8572,10.7979,10.7382,10.6782,10.6178,10.557,10.4561,10.2767,10.0971,9.9174,9.7374,9.5572,9.3769,9.1963,9.0156,8.8346,8.7255,8.624,8.5224,8.4208,8.3191,8.2173,8.1155,8.0136,7.9116,7.8298,7.7708,7.7117,7.6524,7.5929,7.5333,7.4734,7.4135,7.3533
13.8213,13.7761,13.7309,13.6857,13.6405,13.5954,13.5503,13.5052,13.4601,13.4139,13.3654,13.317,13.2688,13.2207,13.1728,13.125,13.0774,13.0298,12.9824,12.9028,12.8195,12.7362,12.6529,12.5695,12.4861,12.4027,12.3193,12.2358,12.172,12.1304,12.0888,12.0471,12.0055,11.9638,11.9221,11.8804,11.8386,11.8003,11.8414,11.8824,11.9234,11.9644,12.0053,12.0462,12.087,12.1278,12.1686,12.1893,12.1973,12.2053,12.2132,12.2211,12.229,12.2369,12.2448,12.2526,12.2615,12.2747,12.288,12.3012,12.3145,12.3277,12.3408,12.354,12.3672,12.3803,12.3199,12.236,12.1522,12.0684,11.9847,11.9011,11.8175,11.734,11.6506,11.6105,11.6584,11.7062,11.754,11.8018,11.8495,11.8972,11.9448,11.9924,12.0399,12.0691,12.0962,12.1233,12.1504,12.1775,12.2046,12.2317,12.2588,12.2858,12.2826,12.245,12.2072,12.1691,12.1308,12.0922,12.0533,12.0141,11.9746,11.9341,11.8787,11.8233,11.7677,11.7121,11.6563,11.6005,11.5446,11.4886,11.4324,11.3666,11.2946,11.2226,11.1505,11.0784,11.0062,10.934,10.8618,10.7895,10.7347,10.7614,10.7881,10.8149,10.8416,10.8685,10.8953,10.9222,10.9491,10.9761,10.9358,10.872,10.8079,10.7434,10.6786,10.6134,10.5479,10.482,10.4158,10.3139,10.1323,9.9505,9.7685,9.5863,9.4039,9.2213,9.0386,8.8556,8.6724,8.5603,8.4586,8.3569,8.2552,8.1534,8.0515,7.9495,7.8475,7.7454,7.6613,7.6009,7.5402,7.4795,7.4185,7.3574,7.2961,7.2347,7.173
13.8103,13.7641,13.718,13.6719,13.6258,13.5798,13.5338,13.4878,13.4418,13.393,13.3387,13.2846,13.2307,13.1769,13.1232,13.0697,13.0164,12.9631,12.91,12.8298,12.747,12.6641,12.5813,12.4983,12.4154,12.3324,12.2494,12.1663,12.1031,12.0613,12.0195,11.9777,11.9359,11.8941,11.8522,11.8103,11.7684,11.7305,11.7733,11.8159,11.8586,11.9012,11.9438,11.9864,12.0289,12.0714,12.1138,12.1354,12.1438,12.1523,12.1607,12.1691,12.1775,12.1859,12.1943,12.2026,12.2118,12.2251,12.2384,12.2516,12.2648,12.278,12.2912,12.3044,12.3175,12.3307,12.2758,12.1988,12.1218,12.0448,11.9679,11.8911,11.8144,11.7377,11.6611,11.6238,11.6691,11.7144,11.7597,11.8049,11.85,11.8951,11.9402,11.9852,12.0302,12.0592,12.0864,12.1135,12.1406,12.1677,12.1948,12.2219,12.249,12.276,12.2697,12.2235,12.177,12.1302,12.0832,12.036,11.9884,11.9405,11.8924,11.8437,11.7867,11.7296,11.6725,11.6152,11.5579,11.5005,11.443,11.3853,11.3276,11.2614,11.1894,11.1173,11.0451,10.9729,10.9007,10.8285,10.7562,10.6838,10.6269,10.6549,10.683,10.711,10.7391,10.7673,10.7955,10.8237,10.8519,10.8802,10.8387,10.7695,10.6998,10.6299,10.5596,10.489,10.418,10.3466,10.2749,10.1718,9.988,9.8039,9.6197,9.4353,9.2507,9.0659,8.8809,8.6957,8.5104,8.3951,8.2933,8.1915,8.0896,7.9876,7.8856,7.7835,7.6814,7.5792,7.4929,7.431,7.3689,7.3067,7.2443,7.1817,7.1189,7.056,6.9929
13.7992,13.7521,13.7051,13.6581,13.6111,13.5642,13.5172,13.4703,13.4235,13.3718,13.3119,13.2521,13.1924,13.1329,13.0735,13.0143,12.9552,12.8963,12.8374,12.7569,12.6745,12.5921,12.5096,12.4271,12.3446,12.2621,12.1795,12.0969,12.0341,11.9922,11.9503,11.9083,11.8664,11.8244,11.7823,11.7403,11.6982,11.6607,11.7051,11.7495,11.7938,11.8381,11.8824,11.9266,11.9708,12.0149,12.059,12.0814,12.0904,12.0993,12.1082,12.1171,12.126,12.1349,12.1437,12.1526,12.1622,12.1755,12.1887,12.202,12.2152,12.2284,12.2416,12.2548,12.2679,12.2811,12.2317,12.1615,12.0913,12.0211,11.9511,11.881,11.8111,11.7413,11.6715,11.6372,11.68,11.7227,11.7654,11.808,11.8506,11.8931,11.9356,11.9781,12.0205,12.0494,12.0765,12.1036,12.1308,12.1579,12.185,12.2121,12.2391,12.2662,12.257,12.2022,12.147,12.0916,12.036,11.98,11.9238,11.8673,11.8105,11.7533,11.6947,11.6361,11.5773,11.5185,11.4595,11.4005,11.3414,11.2822,11.2229,11.1563,11.0841,11.012,10.9398,10.8675,10.7952,10.7229,10.6506,10.5782,10.519,10.5484,10.5777,10.6071,10.6366,10.666,10.6955,10.7251,10.7546,10.7842,10.742,10.6672,10.5921,10.5167,10.4409,10.3648,10.2883,10.2115,10.1343,10.0299,9.8438,9.6575,9.4711,9.2845,9.0977,8.9106,8.7234,8.536,8.3484,8.2299,8.128,8.026,7.924,7.8219,7.7198,7.6176,7.5153,7.4129,7.3246,7.2612,7.1977,7.134,7.0701,7.0061,6.9418,6.8775,6.8129
13.788,13.7401,13.6921,13.6442,13.5964,13.5485,13.5007,13.4529,13.4051,13.3506,13.2849,13.2194,13.154,13.0888,13.0237,12.9588,12.8939,12.8293,12.7647,12.6839,12.602,12.52,12.438,12.356,12.2739,12.1918,12.1096,12.0275,11.9652,11.9231,11.8811,11.8389,11.7968,11.7546,11.7125,11.6703,11.6281,11.591,11.637,11.6831,11.7291,11.775,11.8209,11.8668,11.9126,11.9585,12.0043,12.0275,12.0369,12.0464,12.0558,12.0652,12.0745,12.0839,12.0932,12.1025,12.1126,12.1259,12.1391,12.1524,12.1656,12.1788,12.192,12.2052,12.2183,12.2315,12.1875,12.1241,12.0607,11.9974,11.9341,11.8709,11.8078,11.7448,11.6818,11.6506,11.6908,11.731,11.7711,11.8112,11.8512,11.8912,11.9311,11.971,12.0108,12.0396,12.0667,12.0938,12.1209,12.148,12.1751,12.2022,12.2293,12.2564,12.2446,12.1811,12.1173,12.0532,11.9889,11.9243,11.8595,11.7943,11.7288,11.663,11.6028,11.5425,11.4822,11.4218,11.3612,11.3006,11.2399,11.1791,11.1182,11.0511,10.9789,10.9067,10.8344,10.7621,10.6898,10.6174,10.545,10.4725,10.4111,10.4418,10.4725,10.5032,10.5339,10.5647,10.5955,10.6264,10.6573,10.6882,10.6455,10.5652,10.4847,10.4038,10.3225,10.241,10.159,10.0767,9.9941,9.888,9.6998,9.5113,9.3226,9.1338,8.9447,8.7555,8.5661,8.3765,8.1867,8.0647,7.9627,7.8606,7.7584,7.6562,7.554,7.4516,7.3492,7.2467,7.1564,7.0916,7.0266,6.9614,6.8961,6.8305,6.7649,6.699,6.633
13.7769,13.728,13.6792,13.6304,13.5816,13.5328,13.4841,13.4354,13.3867,13.3291,13.2577,13.1865,13.1154,13.0445,12.9737,12.903,12.8325,12.7621,12.6918,12.611,12.5295,12.4479,12.3664,12.2848,12.2031,12.1215,12.0398,11.9581,11.8963,11.8541,11.8118,11.7695,11.7272,11.6849,11.6426,11.6002,11.5579,11.5212,11.569,11.6167,11.6643,11.7119,11.7595,11.807,11.8545,11.902,11.9495,11.9736,11.9835,11.9934,12.0033,12.0132,12.023,12.0329,12.0427,12.0525,12.0629,12.0762,12.0895,12.1027,12.116,12.1292,12.1424,12.1556,12.1687,12.1819,12.1433,12.0866,12.0301,11.9735,11.9171,11.8607,11.8044,11.7482,11.692,11.6641,11.7017,11.7393,11.7769,11.8144,11.8518,11.8893,11.9266,11.964,12.0012,12.0298,12.0569,12.084,12.1111,12.1382,12.1653,12.1924,12.2195,12.2466,12.2324,12.1603,12.0878,12.0151,11.9422,11.8689,11.7954,11.7216,11.6475,11.573,11.5109,11.4491,11.3871,11.3251,11.263,11.2008,11.1385,11.0761,11.0136,10.9459,10.8736,10.8014,10.729,10.6567,10.5843,10.5118,10.4394,10.3669,10.3031,10.3351,10.3671,10.3992,10.4312,10.4633,10.4955,10.5276,10.5598,10.5921,10.5493,10.4636,10.3775,10.2912,10.2045,10.1174,10.03,9.9423,9.8541,9.7464,9.5558,9.3652,9.1743,8.9832,8.792,8.6005,8.4089,8.2171,8.025,7.8995,7.7973,7.6951,7.5929,7.4905,7.3881,7.2857,7.1831,7.0805,6.9884,6.922,6.8556,6.7889,6.7221,6.6551,6.588,6.5207,6.4532
13.7657,13.7159,13.6662,13.6164,13.5668,13.5171,13.4674,13.4178,13.3682,13.3075,13.2304,13.1534,13.0767,13,12.9235,12.8472,12.7709,12.6948,12.6188,12.538,12.457,12.3759,12.2948,12.2136,12.1324,12.0512,11.9699,11.8887,11.8274,11.785,11.7426,11.7001,11.6577,11.6152,11.5727,11.5302,11.4877,11.4515,11.5009,11.5503,11.5996,11.6488,11.6981,11.7473,11.7965,11.8456,11.8947,11.9196,11.93,11.9404,11.9508,11.9612,11.9715,11.9819,11.9922,12.0025,12.0133,12.0266,12.0399,12.0531,12.0663,12.0796,12.0928,12.1059,12.1191,12.1323,12.0989,12.0491,11.9994,11.9496,11.9,11.8504,11.8009,11.7515,11.7021,11.6776,11.7127,11.7477,11.7827,11.8176,11.8525,11.8874,11.9222,11.957,11.9917,12.02,12.0471,12.0742,12.1013,12.1284,12.1555,12.1826,12.2097,12.2368,12.2205,12.1397,12.0586,11.9773,11.8957,11.8138,11.7316,11.6492,11.5664,11.4833,11.4191,11.3557,11.2921,11.2285,11.1648,11.101,11.0371,10.9731,10.909,10.8407,10.7684,10.6961,10.6237,10.5513,10.4788,10.4063,10.3338,10.2612,10.1951,10.2284,10.2617,10.2951,10.3285,10.3619,10.3953,10.4288,10.4623,10.4959,10.4534,10.3622,10.2707,10.1789,10.0867,9.9942,9.9013,9.8081,9.7145,9.6048,9.4121,9.2192,9.0261,8.8328,8.6393,8.4457,8.2518,8.0578,7.8635,7.7343,7.632,7.5297,7.4273,7.3248,7.2223,7.1197,7.0171,6.9143,6.8204,6.7526,6.6847,6.6166,6.5483,6.4798,6.4112,6.3425,6.2735
13.7545,13.7038,13.6531,13.6025,13.5519,13.5013,13.4508,13.4003,13.3498,13.2857,13.2029,13.1202,13.0377,12.9554,12.8732,12.7912,12.7092,12.6274,12.5457,12.4651,12.3845,12.3038,12.2232,12.1424,12.0617,11.9809,11.9001,11.8193,11.7584,11.7159,11.6733,11.6307,11.5881,11.5455,11.5028,11.4602,11.4175,11.3818,11.4329,11.4839,11.5348,11.5858,11.6367,11.6875,11.7384,11.7892,11.8399,11.8657,11.8766,11.8875,11.8984,11.9092,11.9201,11.9309,11.9417,11.9525,11.9637,11.977,11.9902,12.0035,12.0167,12.0299,12.0432,12.0563,12.0695,12.0827,12.0546,12.0116,11.9686,11.9257,11.8828,11.84,11.7973,11.7547,11.7122,11.6911,11.7236,11.7561,11.7885,11.8209,11.8533,11.8856,11.9178,11.9501,11.9822,12.0101,12.0373,12.0644,12.0915,12.1186,12.1457,12.1728,12.1999,12.227,12.2088,12.1193,12.0296,11.9396,11.8494,11.7589,11.6681,11.577,11.4856,11.3939,11.3274,11.2623,11.1972,11.132,11.0667,11.0013,10.9358,10.8702,10.8045,10.7355,10.6632,10.5908,10.5183,10.4458,10.3733,10.3008,10.2282,10.1555,10.087,10.1216,10.1563,10.1909,10.2256,10.2604,10.2951,10.33,10.3648,10.3997,10.3577,10.2611,10.1641,10.0669,9.9692,9.8713,9.7729,9.6743,9.5752,9.4634,9.2684,9.0733,8.878,8.6825,8.4868,8.291,8.0949,7.8986,7.7022,7.5691,7.4667,7.3643,7.2618,7.1592,7.0565,6.9538,6.851,6.7481,6.6525,6.5833,6.5139,6.4443,6.3746,6.3047,6.2346,6.1643,6.0939
13.7432,13.6916,13.6401,13.5885,13.537,13.4856,13.4341,13.3827,13.3313,13.2637,13.1752,13.0869,12.9987,12.9106,12.8227,12.735,12.6474,12.5599,12.4725,12.3922,12.312,12.2318,12.1516,12.0713,11.991,11.9106,11.8303,11.7499,11.6895,11.6468,11.6041,11.5613,11.5186,11.4758,11.4329,11.3901,11.3473,11.3121,11.3648,11.4175,11.4701,11.5227,11.5753,11.6278,11.6803,11.7328,11.7852,11.8118,11.8232,11.8345,11.8459,11.8572,11.8686,11.8799,11.8911,11.9024,11.914,11.9273,11.9406,11.9539,11.9671,11.9803,11.9935,12.0067,12.0199,12.0331,12.0102,11.9739,11.9377,11.9016,11.8656,11.8296,11.7936,11.7578,11.7221,11.7047,11.7347,11.7646,11.7944,11.8243,11.8541,11.8838,11.9135,11.9432,11.9728,12.0003,12.0274,12.0546,12.0817,12.1088,12.1359,12.163,12.1901,12.2172,12.1973,12.0992,12.0009,11.9023,11.8034,11.7043,11.6049,11.5051,11.4051,11.3048,11.2356,11.169,11.1023,11.0355,10.9686,10.9016,10.8345,10.7674,10.7001,10.6304,10.5579,10.4855,10.413,10.3404,10.2679,10.1952,10.1226,10.0499,9.9788,10.0148,10.0507,10.0867,10.1227,10.1588,10.1949,10.231,10.2672,10.3033,10.2624,10.1603,10.0579,9.9552,9.8521,9.7486,9.6449,9.5407,9.4362,9.3221,9.1249,8.9276,8.7301,8.5324,8.3345,8.1364,7.9381,7.7396,7.541,7.404,7.3015,7.1989,7.0962,6.9935,6.8907,6.7879,6.6849,6.582,6.4847,6.414,6.3432,6.2722,6.201,6.1296,6.0581,5.9863,5.9145
13.7319,13.6794,13.627,13.5745,13.5221,13.4697,13.4174,13.3651,13.3128,13.2415,13.1474,13.0533,12.9594,12.8657,12.7721,12.6787,12.5854,12.4921,12.3991,12.3193,12.2396,12.1598,12.08,12.0002,11.9203,11.8404,11.7604,11.6805,11.6206,11.5777,11.5348,11.4919,11.449,11.406,11.3631,11.3201,11.2771,11.2425,11.2968,11.3511,11.4054,11.4597,11.5139,11.5681,11.6222,11.6764,11.7304,11.7578,11.7697,11.7816,11.7934,11.8053,11.8171,11.8289,11.8406,11.8524,11.8644,11.8777,11.891,11.9042,11.9175,11.9307,11.9439,11.9571,11.9703,11.9835,11.9657,11.9362,11.9068,11.8775,11.8482,11.819,11.7899,11.7609,11.7319,11.7183,11.7457,11.7731,11.8004,11.8277,11.8549,11.8821,11.9092,11.9363,11.9634,11.9905,12.0176,12.0447,12.0719,12.099,12.1261,12.1532,12.1803,12.2074,12.1861,12.0794,11.9724,11.8652,11.7577,11.6499,11.5419,11.4335,11.3249,11.2159,11.144,11.0758,11.0075,10.9391,10.8706,10.802,10.7333,10.6646,10.5957,10.5252,10.4527,10.3802,10.3076,10.235,10.1624,10.0897,10.017,9.9443,9.8715,9.9078,9.9451,9.9824,10.0198,10.0572,10.0946,10.132,10.1695,10.207,10.1674,10.0598,9.9519,9.8437,9.7352,9.6263,9.5171,9.4075,9.2976,9.1809,8.9815,8.782,8.5823,8.3823,8.1822,7.982,7.7815,7.5808,7.3799,7.2388,7.1362,7.0335,6.9307,6.8278,6.7249,6.6219,6.5189,6.4158,6.3171,6.2449,6.1726,6.1001,6.0275,5.9546,5.8816,5.8085,5.7351
13.7206,13.6672,13.6138,13.5605,13.5072,13.4539,13.4007,13.3474,13.2942,13.2192,13.1193,13.0196,12.9201,12.8206,12.7214,12.6222,12.5232,12.4243,12.3257,12.2464,12.1671,12.0878,12.0084,11.929,11.8496,11.7701,11.6906,11.6111,11.5516,11.5086,11.4656,11.4225,11.3794,11.3363,11.2932,11.25,11.2069,11.1728,11.2288,11.2848,11.3408,11.3967,11.4525,11.5084,11.5642,11.62,11.6757,11.7039,11.7163,11.7286,11.741,11.7533,11.7656,11.7778,11.7901,11.8024,11.8148,11.8281,11.8413,11.8546,11.8679,11.8811,11.8943,11.9075,11.9207,11.9338,11.9211,11.8985,11.8759,11.8533,11.8308,11.8084,11.7861,11.7638,11.7416,11.732,11.7568,11.7816,11.8064,11.8311,11.8558,11.8804,11.905,11.9296,11.9541,11.9807,12.0078,12.0349,12.0621,12.0892,12.1163,12.1434,12.1705,12.1976,12.1751,12.0598,11.9442,11.8283,11.7122,11.5958,11.4792,11.3622,11.245,11.1274,11.0524,10.9826,10.9127,10.8427,10.7726,10.7025,10.6322,10.5618,10.4914,10.42,10.3475,10.2749,10.2023,10.1296,10.0569,9.9842,9.9114,9.8386,9.7658,9.8009,9.8395,9.8781,9.9168,9.9554,9.9942,10.0329,10.0717,10.1105,10.0726,9.9596,9.8463,9.7326,9.6187,9.5043,9.3896,9.2746,9.1592,9.0398,8.8383,8.6365,8.4346,8.2325,8.0302,7.8277,7.625,7.4221,7.219,7.0737,6.9709,6.8681,6.7651,6.6622,6.5591,6.456,6.3528,6.2496,6.1506,6.0786,6.0065,5.9344,5.8622,5.79,5.7178,5.6455,5.5732
13.7092,13.6549,13.6007,13.5464,13.4922,13.438,13.3839,13.3298,13.2756,13.1967,13.0912,12.9858,12.8805,12.7754,12.6704,12.5656,12.4609,12.3563,12.2523,12.1735,12.0947,12.0158,11.9369,11.8579,11.7789,11.6999,11.6208,11.5417,11.4827,11.4395,11.3963,11.3531,11.3098,11.2666,11.2233,11.18,11.1366,11.1032,11.1608,11.2185,11.2761,11.3337,11.3912,11.4487,11.5061,11.5636,11.621,11.65,11.6628,11.6757,11.6885,11.7013,11.7141,11.7268,11.7396,11.7523,11.7651,11.7784,11.7917,11.805,11.8182,11.8315,11.8447,11.8579,11.8711,11.8842,11.8765,11.8607,11.8448,11.8291,11.8134,11.7977,11.7822,11.7667,11.7513,11.7457,11.7679,11.7902,11.8124,11.8346,11.8567,11.8788,11.9008,11.9228,11.9448,11.9708,11.998,12.0251,12.0522,12.0794,12.1065,12.1336,12.1607,12.1878,12.1643,12.0404,11.9162,11.7917,11.667,11.542,11.4167,11.2912,11.1653,11.0391,10.9608,10.8894,10.818,10.7464,10.6747,10.603,10.5311,10.4592,10.3871,10.3148,10.2422,10.1696,10.0969,10.0242,9.9515,9.8787,9.8058,9.733,9.6601,9.6938,9.7338,9.7737,9.8136,9.8523,9.8909,9.9294,9.9678,10.0061,9.9689,9.8498,9.7307,9.6115,9.4922,9.373,9.2536,9.1342,9.0148,8.8942,8.6912,8.4881,8.285,8.0819,7.8787,7.6755,7.4723,7.269,7.0657,6.9184,6.8183,6.7183,6.6185,6.5188,6.4192,6.3198,6.2206,6.1215,6.0246,5.9526,5.8805,5.8084,5.7363,5.6641,5.5918,5.5196,5.4473
13.658,13.6022,13.5465,13.4909,13.4354,13.3801,13.3248,13.2696,13.2145,13.1335,13.0261,12.9186,12.811,12.7034,12.5958,12.4882,12.3805,12.2728,12.166,12.0899,12.0136,11.9371,11.8604,11.7836,11.7067,11.6296,11.5523,11.4749,11.4175,11.3754,11.3331,11.2907,11.2482,11.2056,11.163,11.1202,11.0774,11.045,11.104,11.163,11.2219,11.2809,11.3398,11.3987,11.4576,11.5165,11.5754,11.6052,11.6185,11.6319,11.6453,11.6586,11.672,11.6854,11.6988,11.7122,11.7254,11.7376,11.7497,11.7619,11.774,11.7861,11.7981,11.81,11.8219,11.8336,11.8296,11.8192,11.8087,11.7982,11.7877,11.7771,11.7665,11.7558,11.7451,11.7417,11.7604,11.779,11.7975,11.8159,11.8342,11.8524,11.8704,11.8884,11.9062,11.9285,11.9518,11.975,11.9978,12.0204,12.0428,12.0649,12.0867,12.1082,12.0798,11.9466,11.8133,11.6797,11.546,11.4121,11.278,11.1437,11.0093,10.8746,10.792,10.7181,10.6442,10.5702,10.4962,10.4222,10.3481,10.274,10.1998,10.1275,10.0582,9.9891,9.9203,9.8518,9.7835,9.7155,9.6478,9.5803,9.5132,9.5434,9.5817,9.6199,9.6581,9.6961,9.7341,9.772,9.8098,9.8475,9.814,9.6949,9.5758,9.4566,9.3373,9.2181,9.0987,8.9793,8.8598,8.7403,8.539,8.3362,8.1334,7.9306,7.7277,7.5248,7.3219,7.1189,6.916,6.767,6.6698,6.5727,6.4758,6.3791,6.2825,6.186,6.0897,5.9936,5.8985,5.8265,5.7545,5.6824,5.6103,5.5381,5.4659,5.3936,5.3213
13.5799,13.5201,13.4604,13.4008,13.3414,13.282,13.2227,13.1636,13.1045,13.0207,12.9132,12.8056,12.698,12.5904,12.4827,12.375,12.2673,12.1595,12.0533,11.9832,11.9129,11.8425,11.7719,11.7011,11.6302,11.5591,11.4879,11.4166,11.3655,11.3292,11.2928,11.2563,11.2197,11.183,11.1462,11.1093,11.0724,11.046,11.1069,11.1678,11.2287,11.2895,11.3504,11.4112,11.472,11.5328,11.5936,11.6251,11.6404,11.6556,11.6709,11.6862,11.7014,11.7167,11.732,11.7473,11.7603,11.7623,11.7642,11.7662,11.7681,11.77,11.7718,11.7736,11.7753,11.7768,11.7687,11.7565,11.7443,11.7321,11.7198,11.7075,11.6952,11.6828,11.6703,11.6644,11.6787,11.6929,11.707,11.7209,11.7348,11.7486,11.7623,11.7758,11.7892,11.8038,11.8184,11.8329,11.847,11.861,11.8747,11.8881,11.9012,11.914,11.8806,11.7437,11.6066,11.4693,11.3319,11.1942,11.0564,10.9184,10.7802,10.6418,10.5585,10.4858,10.413,10.3402,10.2673,10.1944,10.1214,10.0485,9.9755,9.9066,9.845,9.7837,9.7226,9.6618,9.6012,9.5409,9.4809,9.4212,9.3617,9.3897,9.4274,9.465,9.5025,9.54,9.5773,9.6146,9.6518,9.6889,9.6592,9.5401,9.4209,9.3017,9.1824,9.0631,8.9438,8.8244,8.7049,8.5854,8.3868,8.1843,7.9818,7.7793,7.5767,7.3741,7.1715,6.9688,6.7662,6.6153,6.521,6.4269,6.333,6.2392,6.1455,6.052,5.9587,5.8655,5.7725,5.7005,5.6285,5.5564,5.4843,5.4122,5.34,5.2677,5.1954
13.5016,13.4379,13.3742,13.3106,13.2472,13.1838,13.1206,13.0574,12.9943,12.9079,12.8003,12.6927,12.585,12.4773,12.3696,12.2618,12.154,12.0461,11.9407,11.8766,11.8124,11.748,11.6834,11.6187,11.5538,11.4888,11.4237,11.3584,11.3135,11.2831,11.2526,11.222,11.1912,11.1604,11.1295,11.0985,11.0675,11.0471,11.1099,11.1727,11.2355,11.2982,11.3609,11.4237,11.4864,11.5491,11.6118,11.6451,11.6623,11.6794,11.6966,11.7137,11.7309,11.748,11.7652,11.7824,11.7952,11.787,11.7788,11.7706,11.7623,11.754,11.7457,11.7372,11.7287,11.7201,11.7078,11.6939,11.68,11.666,11.652,11.638,11.6239,11.6098,11.5956,11.5871,11.5969,11.6067,11.6165,11.6261,11.6355,11.6449,11.6542,11.6633,11.6724,11.6792,11.6852,11.691,11.6965,11.7017,11.7067,11.7115,11.7159,11.7201,11.6814,11.5408,11.4,11.259,11.1178,10.9765,10.8349,10.6932,10.5513,10.4092,10.3251,10.2535,10.1818,10.1101,10.0384,9.9666,9.8948,9.8229,9.7511,9.6854,9.6315,9.5779,9.5245,9.4714,9.4185,9.366,9.3136,9.2616,9.2099,9.2361,9.2731,9.3101,9.347,9.3838,9.4206,9.4572,9.4938,9.5303,9.5043,9.3852,9.266,9.1468,9.0275,8.9082,8.7888,8.6694,8.5499,8.4304,8.2345,8.0324,7.8302,7.628,7.4257,7.2234,7.0211,6.8187,6.6163,6.4634,6.3721,6.2809,6.1899,6.0991,6.0084,5.9178,5.8274,5.7372,5.6471,5.5745,5.5025,5.4304,5.3583,5.2862,5.214,5.1418,5.0695
13.4233,13.3555,13.2878,13.2203,13.1529,13.0855,13.0183,12.9511,12.8841,12.7951,12.6874,12.5797,12.472,12.3642,12.2564,12.1486,12.0407,11.9328,11.8282,11.7702,11.712,11.6536,11.5951,11.5364,11.4776,11.4186,11.3595,11.3002,11.2616,11.2371,11.2125,11.1877,11.1629,11.1379,11.1129,11.0878,11.0626,11.0482,11.1129,11.1776,11.2422,11.3069,11.3715,11.4362,11.5008,11.5654,11.63,11.6651,11.6842,11.7032,11.7222,11.7413,11.7603,11.7794,11.7984,11.8175,11.8301,11.8117,11.7934,11.775,11.7565,11.7381,11.7195,11.7009,11.6823,11.6635,11.647,11.6313,11.6157,11.6,11.5842,11.5685,11.5526,11.5368,11.5208,11.5098,11.5153,11.5207,11.526,11.5312,11.5363,11.5413,11.5462,11.5509,11.5556,11.5548,11.5521,11.5492,11.5461,11.5427,11.539,11.5351,11.5309,11.5264,11.4824,11.3381,11.1935,11.0488,10.9039,10.7588,10.6136,10.4681,10.3225,10.1766,10.0916,10.0211,9.9505,9.88,9.8094,9.7387,9.6681,9.5973,9.5266,9.4639,9.4177,9.3718,9.3261,9.2807,9.2355,9.1907,9.1461,9.1017,9.0577,9.0825,9.1189,9.1553,9.1915,9.2277,9.2639,9.2999,9.3359,9.3717,9.3494,9.2303,9.1112,8.9919,8.8726,8.7533,8.6339,8.5145,8.395,8.2754,8.0823,7.8804,7.6785,7.4766,7.2747,7.0727,6.8706,6.6686,6.4665,6.3113,6.223,6.1347,6.0467,5.9588,5.871,5.7834,5.6959,5.6086,5.5215,5.4485,5.3765,5.3044,5.2324,5.1602,5.0881,5.0159,4.9436
13.3447,13.273,13.2013,13.1298,13.0584,12.9871,12.9158,12.8447,12.7737,12.6822,12.5745,12.4668,12.359,12.2511,12.1433,12.0354,11.9274,11.8195,11.7159,11.6639,11.6117,11.5594,11.5069,11.4543,11.4015,11.3485,11.2954,11.2422,11.2098,11.1912,11.1724,11.1536,11.1346,11.1155,11.0964,11.0772,11.0578,11.0493,11.1159,11.1825,11.2491,11.3156,11.3822,11.4487,11.5152,11.5817,11.6482,11.6851,11.7061,11.727,11.7479,11.7688,11.7898,11.8107,11.8317,11.8526,11.865,11.8365,11.808,11.7794,11.7508,11.7222,11.6935,11.6647,11.6359,11.607,11.5861,11.5688,11.5514,11.5339,11.5165,11.4989,11.4814,11.4638,11.4461,11.4326,11.4337,11.4348,11.4357,11.4365,11.4372,11.4378,11.4383,11.4386,11.4389,11.4306,11.4193,11.4077,11.3959,11.3839,11.3715,11.3589,11.3461,11.3329,11.2835,11.1354,10.9871,10.8387,10.6901,10.5413,10.3923,10.2432,10.0938,9.9442,9.858,9.7886,9.7192,9.6498,9.5803,9.5108,9.4413,9.3717,9.3021,9.2421,9.2036,9.1654,9.1274,9.0897,9.0522,9.015,8.9781,8.9415,8.9052,8.9288,8.9647,9.0004,9.0361,9.0717,9.1072,9.1426,9.178,9.2132,9.1946,9.0755,8.9563,8.837,8.7177,8.5984,8.479,8.3595,8.24,8.1205,7.93,7.7284,7.5269,7.3252,7.1236,6.9219,6.7202,6.5184,6.3166,6.1591,6.0736,5.9884,5.9032,5.8183,5.7334,5.6487,5.5642,5.4799,5.3957,5.3225,5.2505,5.1785,5.1064,5.0343,4.9621,4.8899,4.8177
13.2661,13.1903,13.1147,13.0392,12.9638,12.8885,12.8133,12.7382,12.6631,12.5694,12.4616,12.3538,12.2459,12.1381,12.0301,11.9222,11.8142,11.7061,11.6037,11.5578,11.5116,11.4653,11.4189,11.3722,11.3255,11.2785,11.2315,11.1843,11.1581,11.1454,11.1325,11.1195,11.1064,11.0932,11.0799,11.0666,11.0531,11.0504,11.1189,11.1874,11.2559,11.3243,11.3928,11.4612,11.5296,11.5981,11.6665,11.7051,11.728,11.7508,11.7736,11.7964,11.8192,11.842,11.8649,11.8877,11.8999,11.8613,11.8226,11.7839,11.7451,11.7063,11.6675,11.6286,11.5896,11.5505,11.5253,11.5062,11.4871,11.4679,11.4487,11.4295,11.4102,11.3908,11.3715,11.3555,11.3522,11.3489,11.3454,11.3418,11.3381,11.3343,11.3304,11.3264,11.3223,11.3066,11.2866,11.2664,11.2459,11.2252,11.2042,11.183,11.1615,11.1397,11.0847,10.9329,10.7809,10.6287,10.4764,10.3239,10.1712,10.0183,9.8652,9.7119,9.6244,9.5562,9.4879,9.4196,9.3513,9.2829,9.2145,9.146,9.0776,9.02,8.9892,8.9587,8.9284,8.8983,8.8686,8.8391,8.8098,8.7809,8.7523,8.7753,8.8105,8.8456,8.8807,8.9157,8.9505,8.9854,9.0201,9.0547,9.0397,8.9206,8.8014,8.6822,8.5628,8.4435,8.3241,8.2046,8.0851,7.9655,7.7777,7.5764,7.3752,7.1738,6.9725,6.7711,6.5697,6.3682,6.1668,6.0066,5.9241,5.8418,5.7596,5.6775,5.5957,5.5139,5.4323,5.3509,5.2697,5.1964,5.1245,5.0525,4.9804,4.9083,4.8362,4.764,4.6918
13.1873,13.1076,13.028,12.9485,12.8691,12.7898,12.7106,12.6315,12.5525,12.4566,12.3487,12.2408,12.1329,12.025,11.917,11.8089,11.7009,11.5928,11.4917,11.4517,11.4116,11.3714,11.3309,11.2903,11.2496,11.2087,11.1676,11.1265,11.1066,11.0997,11.0926,11.0855,11.0783,11.071,11.0636,11.0561,11.0485,11.0516,11.122,11.1924,11.2627,11.3331,11.4034,11.4738,11.5441,11.6144,11.6847,11.7252,11.7499,11.7746,11.7993,11.824,11.8487,11.8734,11.8981,11.9228,11.9349,11.8861,11.8373,11.7884,11.7395,11.6905,11.6415,11.5925,11.5433,11.4941,11.4645,11.4436,11.4228,11.4019,11.381,11.36,11.339,11.3179,11.2968,11.2784,11.2708,11.263,11.2552,11.2472,11.2392,11.231,11.2227,11.2143,11.2058,11.1828,11.1541,11.1253,11.0962,11.0668,11.0372,11.0073,10.9771,10.9467,10.8859,10.7304,10.5747,10.4189,10.2628,10.1066,9.9502,9.7936,9.6368,9.4798,9.3908,9.3237,9.2565,9.1894,9.1222,9.0549,8.9876,8.9203,8.853,8.7976,8.7745,8.7516,8.729,8.7067,8.6846,8.6628,8.6412,8.62,8.599,8.6217,8.6563,8.6909,8.7253,8.7597,8.7939,8.8281,8.8622,8.8963,8.8849,8.7657,8.6465,8.5273,8.4079,8.2886,8.1692,8.0497,7.9301,7.8106,7.6254,7.4244,7.2235,7.0224,6.8214,6.6203,6.4192,6.218,6.0169,5.854,5.7744,5.695,5.6157,5.5366,5.4577,5.3789,5.3002,5.2218,5.1434,5.0704,4.9985,4.9265,4.8544,4.7824,4.7102,4.6381,4.5659
13.1083,13.0246,12.9411,12.8576,12.7742,12.6909,12.6078,12.5247,12.4417,12.3437,12.2358,12.1279,12.0199,11.9119,11.8038,11.6957,11.5876,11.4794,11.3798,11.3459,11.3118,11.2775,11.2431,11.2085,11.1738,11.1389,11.1039,11.0688,11.0551,11.0541,11.0529,11.0516,11.0503,11.0488,11.0473,11.0456,11.0439,11.0527,11.125,11.1973,11.2696,11.3418,11.4141,11.4863,11.5585,11.6308,11.703,11.7452,11.7718,11.7984,11.8249,11.8515,11.8781,11.9047,11.9313,11.9579,11.9699,11.9109,11.8519,11.7929,11.7339,11.6748,11.6157,11.5564,11.4972,11.4378,11.4037,11.3811,11.3585,11.3359,11.3132,11.2905,11.2678,11.245,11.2222,11.2014,11.1894,11.1773,11.165,11.1527,11.1403,11.1277,11.115,11.1022,11.0893,11.0591,11.0218,10.9843,10.9466,10.9086,10.8703,10.8318,10.793,10.7539,10.6873,10.5281,10.3687,10.2091,10.0493,9.8894,9.7293,9.569,9.4085,9.2477,9.1571,9.0911,9.0251,8.9591,8.893,8.8269,8.7607,8.6946,8.6283,8.5748,8.5594,8.5442,8.5293,8.5146,8.5002,8.4861,8.4722,8.4587,8.4454,8.4682,8.5022,8.5361,8.5699,8.6037,8.6373,8.6709,8.7044,8.7378,8.73,8.6109,8.4917,8.3724,8.253,8.1337,8.0142,7.8947,7.7752,7.6556,7.473,7.2724,7.0717,6.871,6.6703,6.4695,6.2687,6.0678,5.8669,5.7011,5.6245,5.548,5.4717,5.3955,5.3195,5.2436,5.1679,5.0924,5.017,4.9444,4.8724,4.8005,4.7285,4.6564,4.5843,4.5122,4.44
13.0292,12.9416,12.854,12.7666,12.6792,12.592,12.5048,12.4178,12.3308,12.2309,12.1229,12.0149,11.9069,11.7988,11.6907,11.5825,11.4743,11.3661,11.268,11.2401,11.2121,11.1838,11.1554,11.1269,11.0982,11.0693,11.0403,11.0112,11.0037,11.0085,11.0132,11.0178,11.0223,11.0267,11.031,11.0353,11.0394,11.0539,11.1281,11.2023,11.2765,11.3506,11.4248,11.4989,11.573,11.6471,11.7212,11.7652,11.7937,11.8222,11.8506,11.8791,11.9076,11.936,11.9645,11.993,12.0049,11.9358,11.8667,11.7975,11.7283,11.6591,11.5898,11.5205,11.4511,11.3815,11.3429,11.3186,11.2943,11.2699,11.2455,11.2211,11.1966,11.1721,11.1475,11.1245,11.1081,11.0916,11.075,11.0583,11.0414,11.0245,11.0074,10.9903,10.973,10.9357,10.8897,10.8436,10.7972,10.7506,10.7037,10.6565,10.609,10.5613,10.4888,10.3258,10.1627,9.9994,9.836,9.6723,9.5085,9.3445,9.1802,9.0158,8.9234,8.8585,8.7937,8.7288,8.6638,8.5988,8.5338,8.4687,8.4037,8.3518,8.344,8.3365,8.3293,8.3223,8.3156,8.3091,8.3029,8.297,8.2914,8.3147,8.3481,8.3814,8.4146,8.4477,8.4808,8.5138,8.5467,8.5795,8.5752,8.456,8.3368,8.2175,8.0981,7.9788,7.8593,7.7398,7.6202,7.5006,7.3207,7.1203,6.92,6.7196,6.5191,6.3186,6.1181,5.9176,5.717,5.5481,5.4744,5.4009,5.3275,5.2542,5.1811,5.1082,5.0354,4.9628,4.8903,4.8183,4.7464,4.6745,4.6025,4.5304,4.4583,4.3862,4.3141
12.95,12.8584,12.7668,12.6754,12.5841,12.4929,12.4018,12.3107,12.2198,12.1181,12.01,11.902,11.7938,11.6857,11.5775,11.4693,11.361,11.2527,11.1564,11.1346,11.1125,11.0903,11.0679,11.0453,11.0226,10.9998,10.9768,10.9537,10.9524,10.9631,10.9737,10.9841,10.9945,11.0047,11.0149,11.025,11.035,11.0551,11.1312,11.2073,11.2834,11.3594,11.4355,11.5115,11.5875,11.6635,11.7395,11.7853,11.8156,11.846,11.8763,11.9067,11.937,11.9674,11.9978,12.0281,12.0399,11.9607,11.8814,11.8021,11.7228,11.6435,11.5641,11.4846,11.405,11.3254,11.2821,11.2561,11.2301,11.204,11.1779,11.1517,11.1255,11.0992,11.0729,11.0476,11.0269,11.006,10.985,10.9639,10.9427,10.9214,10.8999,10.8784,10.8567,10.8124,10.7578,10.703,10.648,10.5927,10.5372,10.4814,10.4253,10.369,10.2903,10.1237,9.9569,9.7899,9.6227,9.4554,9.2878,9.1201,8.9522,8.784,8.6896,8.6259,8.5622,8.4984,8.4346,8.3707,8.3068,8.2429,8.1789,8.1284,8.1284,8.1285,8.129,8.1296,8.1306,8.1318,8.1333,8.1351,8.1371,8.1612,8.194,8.2267,8.2593,8.2918,8.3243,8.3566,8.3889,8.4211,8.4203,8.3012,8.1819,8.0626,7.9432,7.8238,7.7044,7.5849,7.4653,7.3457,7.1683,6.9683,6.7682,6.5681,6.368,6.1678,5.9676,5.7673,5.567,5.3948,5.3241,5.2535,5.183,5.1127,5.0425,4.9725,4.9027,4.833,4.7635,4.6923,4.6204,4.5485,4.4765,4.4045,4.3324,4.2603,4.1881
12.8706,12.775,12.6795,12.5841,12.4888,12.3937,12.2986,12.2036,12.1087,12.0052,11.8971,11.789,11.6808,11.5726,11.4644,11.3561,11.2477,11.1394,11.045,11.0291,11.0131,10.9968,10.9805,10.9639,10.9472,10.9304,10.9134,10.8963,10.9013,10.9178,10.9342,10.9505,10.9667,10.9828,10.9988,11.0148,11.0306,11.0564,11.1343,11.2123,11.2903,11.3682,11.4462,11.5241,11.602,11.6799,11.7578,11.8054,11.8376,11.8698,11.902,11.9342,11.9665,11.9987,12.031,12.0632,12.0749,11.9856,11.8962,11.8068,11.7174,11.6279,11.5383,11.4487,11.3591,11.2693,11.2213,11.1936,11.1658,11.138,11.1102,11.0823,11.0544,11.0264,10.9984,10.9708,10.9457,10.9204,10.895,10.8696,10.844,10.8183,10.7925,10.7666,10.7406,10.6893,10.6261,10.5627,10.499,10.4351,10.371,10.3066,10.2418,10.1769,10.092,9.9217,9.7511,9.5804,9.4096,9.2385,9.0673,8.8958,8.7242,8.5524,8.4558,8.3933,8.3306,8.268,8.2053,8.1426,8.0798,8.017,7.9542,7.9048,7.9124,7.9202,7.9283,7.9366,7.9452,7.9541,7.9633,7.9727,7.9825,8.0078,8.04,8.072,8.104,8.1359,8.1678,8.1995,8.2312,8.2628,8.2655,8.1463,8.027,7.9077,7.7883,7.6689,7.5495,7.4299,7.3103,7.1907,7.0159,6.8162,6.6164,6.4166,6.2168,6.0169,5.817,5.617,5.4171,5.2414,5.1736,5.1059,5.0384,4.971,4.9038,4.8367,4.7698,4.703,4.6364,4.5663,4.4944,4.4225,4.3505,4.2785,4.2064,4.1344,4.0622
12.7911,12.6915,12.5921,12.4927,12.3934,12.2943,12.1952,12.0963,11.9974,11.8924,11.7842,11.676,11.5678,11.4595,11.3512,11.2428,11.1345,11.026,10.9337,10.9238,10.9137,10.9035,10.8932,10.8826,10.8719,10.8611,10.8501,10.8391,10.8502,10.8726,10.8948,10.917,10.939,10.961,10.9829,11.0046,11.0263,11.0576,11.1375,11.2174,11.2972,11.3771,11.4569,11.5367,11.6165,11.6963,11.7761,11.8254,11.8595,11.8936,11.9277,11.9618,11.9959,12.0301,12.0642,12.0983,12.11,12.0105,11.911,11.8115,11.7119,11.6123,11.5127,11.413,11.3132,11.2133,11.1606,11.1311,11.1017,11.0721,11.0426,11.0129,10.9833,10.9536,10.9238,10.8941,10.8646,10.8349,10.8052,10.7754,10.7454,10.7154,10.6852,10.6549,10.6245,10.5664,10.4946,10.4225,10.3503,10.2777,10.205,10.1319,10.0586,9.985,9.8938,9.7197,9.5455,9.3711,9.1965,9.0218,8.8468,8.6717,8.4963,8.3208,8.222,8.1606,8.0991,8.0375,7.976,7.9144,7.8527,7.7911,7.7293,7.6808,7.6961,7.7116,7.7273,7.7433,7.7596,7.7761,7.7929,7.81,7.8274,7.8544,7.8859,7.9174,7.9488,7.9801,8.0113,8.0424,8.0735,8.1045,8.1106,7.9914,7.8722,7.7528,7.6335,7.514,7.3945,7.275,7.1554,7.0358,6.8635,6.6641,6.4646,6.2651,6.0656,5.866,5.6664,5.4667,5.2671,5.0878,5.0229,4.9582,4.8935,4.8291,4.7648,4.7006,4.6366,4.5728,4.5091,4.4402,4.3684,4.2965,4.2245,4.1525,4.0805,4.0084,3.9363
12.7114,12.6079,12.5045,12.4011,12.2979,12.1948,12.0918,11.9889,11.886,11.7796,11.6713,11.5631,11.4547,11.3464,11.238,11.1296,11.0212,10.9127,10.8225,10.8186,10.8146,10.8104,10.806,10.8015,10.7968,10.7919,10.787,10.7819,10.7992,10.8274,10.8555,10.8835,10.9114,10.9392,10.9669,10.9946,11.0221,11.0589,11.1407,11.2224,11.3042,11.3859,11.4676,11.5493,11.631,11.7127,11.7944,11.8455,11.8815,11.9174,11.9534,11.9894,12.0254,12.0614,12.0974,12.1334,12.1451,12.0355,11.9259,11.8162,11.7066,11.5969,11.4871,11.3773,11.2674,11.1574,11.0999,11.0687,11.0375,11.0062,10.9749,10.9436,10.9122,10.8808,10.8493,10.8174,10.7835,10.7495,10.7154,10.6812,10.6469,10.6125,10.578,10.5433,10.5085,10.4436,10.3632,10.2826,10.2017,10.1205,10.0391,9.9575,9.8756,9.7933,9.6957,9.5179,9.34,9.1619,8.9836,8.8051,8.6265,8.4477,8.2686,8.0894,7.9881,7.9278,7.8674,7.807,7.7466,7.6861,7.6256,7.5651,7.5045,7.4565,7.4794,7.5026,7.526,7.5497,7.5736,7.5978,7.6223,7.647,7.6721,7.701,7.732,7.7628,7.7936,7.8243,7.8549,7.8854,7.9158,7.9462,7.9558,7.8366,7.7173,7.5979,7.4786,7.3591,7.2396,7.1201,7.0005,6.8808,6.7111,6.512,6.3128,6.1136,5.9143,5.7151,5.5158,5.3164,5.1171,4.934,4.872,4.8102,4.7485,4.687,4.6256,4.5644,4.5034,4.4424,4.3815,4.3141,4.2423,4.1706,4.0989,4.0272,3.9555,3.8838,3.8122
12.6316,12.5241,12.4167,12.3094,12.2023,12.0952,11.9882,11.8813,11.7745,11.6667,11.5584,11.4501,11.3417,11.2333,11.1249,11.0164,10.9079,10.7993,10.7115,10.7136,10.7155,10.7173,10.7189,10.7204,10.7217,10.7229,10.7239,10.7248,10.7484,10.7824,10.8163,10.8502,10.8839,10.9176,10.9511,10.9846,11.018,11.0602,11.1438,11.2275,11.3111,11.3948,11.4784,11.562,11.6455,11.7291,11.8127,11.8656,11.9034,11.9413,11.9791,12.017,12.0549,12.0927,12.1306,12.1685,12.1801,12.0604,11.9407,11.821,11.7012,11.5814,11.4616,11.3416,11.2216,11.1015,11.0392,11.0063,10.9733,10.9403,10.9073,10.8743,10.8412,10.808,10.7748,10.7408,10.7025,10.6642,10.6257,10.5871,10.5485,10.5097,10.4708,10.4318,10.3926,10.3211,10.232,10.1428,10.0533,9.9635,9.8735,9.7833,9.6927,9.6019,9.4976,9.3162,9.1346,8.9528,8.7708,8.5886,8.4063,8.2237,8.041,7.8581,7.7542,7.695,7.6358,7.5765,7.5172,7.4578,7.3985,7.339,7.2796,7.2319,7.2625,7.2933,7.3244,7.3557,7.3873,7.4191,7.4512,7.4836,7.5163,7.5473,7.5772,7.6069,7.6364,7.6658,7.695,7.7239,7.7527,7.7813,7.7931,7.6732,7.5532,7.4332,7.3131,7.193,7.0728,6.9526,6.8324,6.7121,6.5456,6.3484,6.1514,5.9546,5.7581,5.5618,5.3657,5.1698,4.9742,4.7905,4.7306,4.6708,4.6109,4.5512,4.4915,4.4318,4.3722,4.3127,4.2532,4.1872,4.1162,4.0452,3.9742,3.9033,3.8323,3.7614,3.6905
12.5307,12.4275,12.3241,12.2204,12.1164,12.0121,11.9076,11.8028,11.6977,11.5928,11.4877,11.3824,11.2768,11.1711,11.0651,10.9589,10.8524,10.7458,10.6615,10.6677,10.6738,10.6798,10.6857,10.6915,10.6972,10.7028,10.7083,10.7137,10.7396,10.7747,10.8099,10.8453,10.8807,10.9162,10.9519,10.9876,11.0234,11.0677,11.1496,11.2316,11.3138,11.3961,11.4784,11.5608,11.6433,11.7259,11.8085,11.8607,11.8982,11.9357,11.9731,12.0106,12.048,12.0854,12.1228,12.1601,12.1698,12.0411,11.9124,11.7836,11.6548,11.5258,11.3968,11.2677,11.1385,11.0092,10.9401,10.9023,10.8642,10.826,10.7875,10.7488,10.7099,10.6708,10.6314,10.5909,10.5457,10.5003,10.4546,10.4087,10.3626,10.3163,10.2697,10.2229,10.1757,10.097,10.0007,9.9042,9.8077,9.7111,9.6144,9.5176,9.4207,9.3237,9.2155,9.0341,8.8527,8.6715,8.4904,8.3095,8.1287,7.948,7.7675,7.5871,7.4862,7.4336,7.3813,7.3292,7.2774,7.226,7.1749,7.1241,7.0736,7.033,7.0679,7.1029,7.1379,7.173,7.2082,7.2434,7.2787,7.3141,7.3495,7.3802,7.4075,7.4347,7.4617,7.4885,7.5151,7.5415,7.5677,7.5938,7.6072,7.4876,7.3681,7.2484,7.1288,7.0091,6.8894,6.7696,6.6498,6.5299,6.3684,6.1757,5.9832,5.791,5.5989,5.4071,5.2156,5.0242,4.8331,4.6493,4.5908,4.5324,4.474,4.4157,4.3574,4.2992,4.241,4.1829,4.1248,4.0602,3.99,3.9197,3.8495,3.7793,3.7091,3.6389,3.5688
12.4209,12.3253,12.2293,12.1331,12.0365,11.9397,11.8427,11.7453,11.6478,11.5507,11.4536,11.3563,11.2587,11.161,11.063,10.9648,10.8663,10.7677,10.6922,10.7038,10.7153,10.7267,10.7379,10.7491,10.7602,10.7712,10.7821,10.7929,10.8166,10.846,10.8755,10.9051,10.9348,10.9646,10.9945,11.0245,11.0546,11.0923,11.1625,11.2329,11.3034,11.374,11.4447,11.5155,11.5864,11.6573,11.7282,11.7704,11.7987,11.8271,11.8555,11.8838,11.9121,11.9404,11.9687,11.9968,11.9984,11.8657,11.733,11.6002,11.4674,11.3344,11.2014,11.0683,10.9351,10.8018,10.7231,10.6733,10.6233,10.5731,10.5226,10.472,10.4211,10.3699,10.3185,10.2669,10.2148,10.1626,10.1101,10.0574,10.0045,9.9513,9.8979,9.8442,9.7903,9.7107,9.6161,9.5214,9.4266,9.3318,9.2368,9.1418,9.0466,8.9515,8.8469,8.6737,8.5006,8.3276,8.1547,7.982,7.8094,7.637,7.4647,7.2925,7.1992,7.1573,7.1157,7.0743,7.0333,6.9925,6.9521,6.912,6.8723,6.84,6.8778,6.9157,6.9536,6.9916,7.0297,7.0678,7.106,7.1442,7.1826,7.2132,7.238,7.2626,7.287,7.3113,7.3353,7.3592,7.3829,7.4064,7.4212,7.3021,7.1829,7.0637,6.9445,6.8252,6.7059,6.5865,6.4671,6.3477,6.1909,6.0028,5.8148,5.627,5.4395,5.2522,5.0651,4.8783,4.6917,4.5081,4.451,4.394,4.337,4.2801,4.2232,4.1664,4.1096,4.0529,3.9963,3.9332,3.8637,3.7942,3.7248,3.6553,3.5858,3.5164,3.447
12.3114,12.2232,12.1348,12.046,11.9569,11.8676,11.778,11.6881,11.598,11.5088,11.4197,11.3304,11.2409,11.1511,11.0611,10.9709,10.8804,10.7898,10.7231,10.7401,10.7569,10.7737,10.7903,10.8069,10.8233,10.8397,10.856,10.8722,10.8936,10.9173,10.941,10.9649,10.9889,11.0129,11.0371,11.0614,11.0857,11.1167,11.1753,11.2341,11.293,11.3519,11.411,11.4701,11.5293,11.5886,11.6479,11.68,11.6993,11.7185,11.7378,11.757,11.7762,11.7954,11.8145,11.8336,11.827,11.6903,11.5536,11.4169,11.28,11.1431,11.006,10.8689,10.7317,10.5944,10.5063,10.4445,10.3825,10.3203,10.2579,10.1952,10.1324,10.0693,10.0059,9.9429,9.8841,9.825,9.7657,9.7062,9.6465,9.5865,9.5263,9.4658,9.405,9.3243,9.2315,9.1385,9.0455,8.9524,8.8592,8.7659,8.6726,8.5791,8.4781,8.3131,8.1482,7.9834,7.8188,7.6543,7.4899,7.3257,7.1616,6.9977,6.9119,6.8807,6.8497,6.8191,6.7887,6.7587,6.729,6.6996,6.6705,6.6468,6.6875,6.7283,6.7691,6.81,6.851,6.892,6.9331,6.9743,7.0155,7.0463,7.0686,7.0906,7.1125,7.1342,7.1557,7.177,7.1982,7.2191,7.2352,7.1165,6.9977,6.879,6.7601,6.6413,6.5223,6.4034,6.2844,6.1654,6.0132,5.8295,5.6461,5.4628,5.2798,5.097,4.9144,4.7321,4.55,4.3682,4.3111,4.2554,4.1999,4.1444,4.0889,4.0335,3.9782,3.9229,3.8676,3.8062,3.7374,3.6687,3.5999,3.5312,3.4625,3.3938,3.3252
12.2022,12.1215,12.0405,11.9591,11.8775,11.7957,11.7135,11.6311,11.5485,11.4672,11.3861,11.3047,11.2232,11.1414,11.0594,10.9772,10.8948,10.8121,10.7541,10.7764,10.7986,10.8208,10.8428,10.8647,10.8866,10.9083,10.93,10.9516,10.9705,10.9884,11.0064,11.0246,11.0428,11.0612,11.0796,11.0981,11.1168,11.141,11.188,11.2352,11.2824,11.3297,11.3771,11.4246,11.4722,11.5198,11.5675,11.5896,11.5998,11.6099,11.6201,11.6302,11.6403,11.6504,11.6604,11.6704,11.6556,11.515,11.3743,11.2335,11.0926,10.9517,10.8107,10.6696,10.5284,10.3871,10.2895,10.2157,10.1417,10.0676,9.9932,9.9186,9.8438,9.7687,9.6934,9.6191,9.5535,9.4876,9.4215,9.3551,9.2886,9.2218,9.1547,9.0874,9.0199,8.9379,8.8468,8.7556,8.6644,8.573,8.4816,8.39,8.2984,8.2067,8.109,7.9522,7.7956,7.639,7.4826,7.3263,7.1701,7.0141,6.8582,6.7025,6.6242,6.6036,6.5834,6.5634,6.5438,6.5244,6.5054,6.4867,6.4683,6.4535,6.4971,6.5408,6.5846,6.6284,6.6722,6.7161,6.7601,6.8042,6.8483,6.8796,6.8993,6.9188,6.9381,6.9573,6.9762,6.995,7.0136,7.0319,7.0492,6.9309,6.8125,6.6942,6.5758,6.4573,6.3388,6.2203,6.1017,5.9831,5.8352,5.656,5.4771,5.2983,5.1198,4.9415,4.7635,4.5856,4.408,4.2307,4.171,4.1168,4.0627,4.0086,3.9545,3.9006,3.8466,3.7927,3.7389,3.679,3.611,3.543,3.4751,3.4071,3.3391,3.2712,3.2033
12.0933,12.02,11.9464,11.8726,11.7984,11.724,11.6493,11.5744,11.4992,11.4257,11.3527,11.2793,11.2057,11.1319,11.0579,10.9837,10.9093,10.8346,10.7852,10.8129,10.8405,10.868,10.8954,10.9227,10.9499,10.9771,11.0041,11.0311,11.0473,11.0594,11.0717,11.0842,11.0967,11.1093,11.122,11.1348,11.1477,11.1652,11.2006,11.2361,11.2717,11.3074,11.3432,11.3791,11.415,11.451,11.4871,11.4992,11.5002,11.5013,11.5023,11.5034,11.5044,11.5053,11.5063,11.5071,11.4842,11.3396,11.1949,11.0501,10.9053,10.7604,10.6153,10.4703,10.3251,10.1798,10.0728,9.9871,9.9012,9.815,9.7287,9.6422,9.5554,9.4684,9.3811,9.2954,9.2229,9.1502,9.0773,9.0042,8.9308,8.8572,8.7833,8.7092,8.6348,8.5514,8.4621,8.3727,8.2832,8.1936,8.1039,8.0141,7.9243,7.8343,7.7397,7.5911,7.4427,7.2943,7.1461,6.998,6.8501,6.7023,6.5546,6.4071,6.3361,6.3263,6.3167,6.3074,6.2985,6.2898,6.2814,6.2734,6.2657,6.2601,6.3066,6.3532,6.3999,6.4466,6.4933,6.5401,6.587,6.634,6.681,6.713,6.7301,6.7471,6.7638,6.7804,6.7968,6.8131,6.8291,6.8449,6.8606,6.7453,6.6273,6.5094,6.3914,6.2733,6.1552,6.0371,5.9189,5.8007,5.6569,5.4822,5.3078,5.1336,4.9596,4.7858,4.6122,4.4389,4.2658,4.0929,4.0309,3.9781,3.9254,3.8727,3.8201,3.7675,3.715,3.6625,3.6101,3.5519,3.4846,3.4174,3.3501,3.2829,3.2157,3.1485,3.0813
11.9846,11.9188,11.8526,11.7862,11.7195,11.6526,11.5853,11.5179,11.4501,11.3846,11.3195,11.2541,11.1885,11.1227,11.0567,10.9904,10.924,10.8573,10.8164,10.8495,10.8825,10.9153,10.9481,10.9808,11.0134,11.0459,11.0783,11.1107,11.1239,11.1304,11.137,11.1437,11.1505,11.1574,11.1644,11.1715,11.1786,11.1893,11.2131,11.2369,11.2609,11.285,11.3092,11.3334,11.3578,11.3821,11.4065,11.4087,11.4007,11.3926,11.3846,11.3765,11.3684,11.3603,11.3521,11.3439,11.3129,11.1642,11.0156,10.8668,10.718,10.569,10.42,10.271,10.1218,9.9725,9.8562,9.7585,9.6607,9.5626,9.4643,9.3658,9.2671,9.1682,9.0689,8.9718,8.8925,8.813,8.7333,8.6533,8.5731,8.4927,8.4121,8.3311,8.2499,8.165,8.0774,7.9897,7.9019,7.8141,7.7262,7.6381,7.55,7.4619,7.3702,7.2298,7.0896,6.9494,6.8094,6.6695,6.5298,6.3902,6.2507,6.1115,6.0476,6.0485,6.0496,6.051,6.0527,6.0547,6.0571,6.0597,6.0627,6.0666,6.116,6.1655,6.215,6.2646,6.3143,6.364,6.4138,6.4636,6.5136,6.5465,6.5611,6.5755,6.5897,6.6037,6.6176,6.6313,6.6447,6.658,6.6711,6.5596,6.4421,6.3245,6.2069,6.0893,5.9716,5.8539,5.7362,5.6184,5.4784,5.3082,5.1383,4.9685,4.799,4.6297,4.4606,4.2918,4.1232,3.9549,3.8907,3.8393,3.788,3.7367,3.6855,3.6343,3.5832,3.5322,3.4812,3.4247,3.3581,3.2916,3.2251,3.1587,3.0922,3.0257,2.9593
11.8762,11.8178,11.7591,11.7001,11.6409,11.5814,11.5216,11.4616,11.4013,11.3437,11.2865,11.2291,11.1715,11.1137,11.0556,10.9974,10.9389,10.8802,10.8477,10.8862,10.9246,10.9628,11.0009,11.039,11.077,11.1148,11.1526,11.1903,11.2005,11.2013,11.2021,11.2031,11.2042,11.2054,11.2066,11.208,11.2095,11.2133,11.2254,11.2377,11.25,11.2625,11.2751,11.2877,11.3004,11.3132,11.326,11.3182,11.3011,11.2839,11.2668,11.2497,11.2325,11.2153,11.198,11.1807,11.1415,10.9889,10.8362,10.6835,10.5306,10.3777,10.2248,10.0717,9.9185,9.7653,9.6397,9.5301,9.4203,9.3103,9.2001,9.0897,8.979,8.8681,8.7569,8.6482,8.5622,8.4759,8.3893,8.3026,8.2156,8.1284,8.0409,7.9532,7.8652,7.7784,7.6926,7.6067,7.5207,7.4346,7.3484,7.2621,7.1758,7.0893,7.0005,6.8683,6.7363,6.6043,6.4725,6.3408,6.2092,6.0778,5.9466,5.8155,5.7589,5.7704,5.7822,5.7942,5.8066,5.8193,5.8323,5.8456,5.8593,5.8733,5.9253,5.9777,6.0301,6.0826,6.1351,6.1877,6.2404,6.2932,6.346,6.3801,6.3921,6.404,6.4157,6.4272,6.4385,6.4496,6.4605,6.4713,6.4818,6.3739,6.2568,6.1397,6.0225,5.9053,5.788,5.6707,5.5534,5.436,5.2995,5.1339,4.9684,4.8032,4.6382,4.4734,4.3088,4.1445,3.9804,3.8165,3.7503,3.7004,3.6505,3.6006,3.5508,3.5011,3.4514,3.4017,3.3521,3.2974,3.2316,3.1659,3.1001,3.0344,2.9686,2.9029,2.8372
11.768,11.7171,11.6658,11.6143,11.5625,11.5104,11.4581,11.4055,11.3527,11.303,11.2538,11.2044,11.1548,11.1049,11.0548,11.0045,10.954,10.9033,10.8792,10.9231,10.9668,11.0104,11.0539,11.0973,11.1406,11.1839,11.227,11.2701,11.277,11.272,11.2672,11.2624,11.2578,11.2533,11.2488,11.2445,11.2402,11.2371,11.2376,11.2383,11.239,11.2399,11.2409,11.2419,11.243,11.2442,11.2454,11.2276,11.2014,11.1752,11.149,11.1228,11.0965,11.0702,11.0439,11.0175,10.9701,10.8135,10.6569,10.5002,10.3433,10.1865,10.0295,9.8724,9.7153,9.558,9.4234,9.3018,9.1801,9.0581,8.936,8.8136,8.691,8.5682,8.4451,8.3248,8.2319,8.1388,8.0455,7.952,7.8582,7.7642,7.6699,7.5754,7.4806,7.3919,7.3078,7.2236,7.1394,7.055,6.9706,6.886,6.8014,6.7168,6.6305,6.5066,6.3827,6.2589,6.1353,6.0118,5.8884,5.7652,5.6422,5.5193,5.4697,5.4919,5.5143,5.5371,5.5601,5.5834,5.6071,5.6311,5.6554,5.6801,5.7345,5.7897,5.845,5.9004,5.9558,6.0113,6.0669,6.1226,6.1783,6.2138,6.2233,6.2326,6.2418,6.2507,6.2595,6.2681,6.2765,6.2847,6.2927,6.1882,6.0715,5.9548,5.8381,5.7212,5.6044,5.4875,5.3706,5.2536,5.1205,4.9593,4.7983,4.6376,4.4771,4.3168,4.1567,3.9968,3.8372,3.6779,3.6099,3.5614,3.5129,3.4644,3.416,3.3677,3.3194,3.2712,3.223,3.1701,3.105,3.04,2.975,2.91,2.845,2.7801,2.7151
11.6601,11.6166,11.5728,11.5287,11.4844,11.4397,11.3948,11.3497,11.3043,11.2625,11.2213,11.1799,11.1382,11.0963,11.0542,11.0118,10.9693,10.9266,10.9108,10.96,11.0091,11.0581,11.1069,11.1557,11.2044,11.253,11.3015,11.35,11.3534,11.3427,11.3321,11.3217,11.3114,11.3011,11.291,11.2809,11.2709,11.2608,11.2497,11.2388,11.2279,11.2172,11.2066,11.196,11.1855,11.1751,11.1647,11.137,11.1018,11.0665,11.0312,10.9959,10.9605,10.9252,10.8898,10.8543,10.7988,10.6382,10.4776,10.3169,10.1561,9.9952,9.8343,9.6732,9.5121,9.3509,9.2071,9.0736,8.9399,8.8061,8.672,8.5377,8.4032,8.2684,8.1334,8.0015,7.9018,7.8019,7.7018,7.6014,7.5009,7.4001,7.299,7.1977,7.0961,7.0053,6.9229,6.8405,6.758,6.6754,6.5927,6.5099,6.4271,6.3442,6.2603,6.1446,6.0289,5.9133,5.7979,5.6826,5.5674,5.4524,5.3375,5.2228,5.1802,5.213,5.2461,5.2795,5.3132,5.3472,5.3815,5.4162,5.4511,5.4865,5.5435,5.6016,5.6598,5.7181,5.7764,5.8348,5.8933,5.9518,6.0104,6.0477,6.0546,6.0614,6.068,6.0744,6.0806,6.0867,6.0925,6.0982,6.1036,6.0025,5.8862,5.7699,5.6536,5.5372,5.4207,5.3043,5.1877,5.0712,4.9411,4.7844,4.628,4.4717,4.3157,4.1599,4.0043,3.8489,3.6938,3.5389,3.4694,3.4223,3.3752,3.3282,3.2812,3.2342,3.1874,3.1405,3.0938,3.0427,2.9784,2.9141,2.8499,2.7856,2.7214,2.6571,2.5929
11.5525,11.5164,11.4801,11.4434,11.4065,11.3693,11.3318,11.2941,11.2561,11.2223,11.1891,11.1556,11.1219,11.0879,11.0538,11.0194,10.9848,10.95,10.9426,10.9971,11.0516,11.1059,11.1601,11.2142,11.2683,11.3222,11.3761,11.4299,11.4296,11.4133,11.397,11.3809,11.3648,11.3489,11.333,11.3173,11.3016,11.2843,11.2617,11.2391,11.2167,11.1944,11.1722,11.15,11.1279,11.1059,11.0839,11.0464,11.002,10.9577,10.9133,10.869,10.8246,10.7801,10.7356,10.6911,10.6274,10.4629,10.2983,10.1336,9.9688,9.804,9.639,9.474,9.3089,9.1437,8.9909,8.8455,8.6999,8.5541,8.4082,8.262,8.1155,7.9688,7.8219,7.6782,7.5718,7.4651,7.3582,7.2511,7.1437,7.0361,6.9282,6.8202,6.7118,6.6186,6.538,6.4574,6.3766,6.2957,6.2148,6.1338,6.0527,5.9715,5.8899,5.7823,5.6748,5.5675,5.4602,5.3531,5.2461,5.1392,5.0325,4.926,4.8903,4.9338,4.9775,5.0216,5.0659,5.1106,5.1555,5.2008,5.2464,5.2924,5.3524,5.4134,5.4745,5.5357,5.5969,5.6582,5.7195,5.7809,5.8424,5.8817,5.8861,5.8903,5.8943,5.8982,5.9019,5.9054,5.9087,5.9118,5.9147,5.8168,5.7009,5.585,5.4691,5.3531,5.237,5.121,5.0049,4.8887,4.7615,4.6093,4.4573,4.3056,4.154,4.0027,3.8516,3.7007,3.5501,3.3997,3.3288,3.2831,3.2374,3.1918,3.1462,3.1007,3.0552,3.0098,2.9644,2.9153,2.8517,2.7882,2.7246,2.6611,2.5976,2.5341,2.4707
11.4452,11.4165,11.3876,11.3583,11.3288,11.2991,11.269,11.2387,11.2082,11.1823,11.157,11.1315,11.1058,11.0798,11.0536,11.0271,11.0005,10.9737,10.9744,11.0343,11.0941,11.1538,11.2134,11.2729,11.3323,11.3916,11.4508,11.51,11.5058,11.4838,11.4618,11.4399,11.4182,11.3965,11.375,11.3535,11.3322,11.3077,11.2735,11.2394,11.2054,11.1715,11.1377,11.104,11.0703,11.0367,11.0031,10.9557,10.9023,10.8489,10.7955,10.742,10.6886,10.6351,10.5815,10.5279,10.4561,10.2876,10.119,9.9503,9.7816,9.6127,9.4438,9.2748,9.1058,8.9366,8.7748,8.6175,8.46,8.3023,8.1444,7.9863,7.828,7.6694,7.5106,7.3551,7.2418,7.1284,7.0147,6.9008,6.7866,6.6722,6.5576,6.4427,6.3276,6.2319,6.1531,6.0742,5.9952,5.9161,5.8369,5.7576,5.6782,5.5988,5.5193,5.4199,5.3206,5.2214,5.1223,5.0233,4.9245,4.8258,4.7273,4.629,4.6,4.6542,4.7086,4.7633,4.8183,4.8735,4.9291,4.9851,5.0413,5.0979,5.1612,5.2251,5.2891,5.3531,5.4172,5.4814,5.5456,5.6099,5.6743,5.7157,5.7176,5.7193,5.7208,5.7221,5.7233,5.7242,5.725,5.7256,5.726,5.631,5.5156,5.4001,5.2845,5.169,5.0533,4.9377,4.822,4.7063,4.5816,4.4339,4.2864,4.1392,3.9921,3.8452,3.6986,3.5522,3.4061,3.2601,3.1881,3.1438,3.0995,3.0553,3.0112,2.967,2.923,2.879,2.835,2.7878,2.725,2.6622,2.5994,2.5366,2.4739,2.4111,2.3484
11.3381,11.3168,11.2953,11.2735,11.2514,11.2291,11.2065,11.1836,11.1605,11.1426,11.1253,11.1077,11.0899,11.0718,11.0536,11.0351,11.0164,10.9976,11.0064,11.0717,11.1368,11.2019,11.2668,11.3316,11.3964,11.461,11.5256,11.5901,11.5819,11.5541,11.5265,11.4989,11.4715,11.4441,11.4169,11.3897,11.3627,11.3311,11.2852,11.2396,11.194,11.1485,11.1031,11.0578,11.0126,10.9674,10.9223,10.865,10.8025,10.7401,10.6776,10.6151,10.5526,10.49,10.4274,10.3648,10.2848,10.1123,9.9397,9.7671,9.5943,9.4215,9.2487,9.0757,8.9026,8.7295,8.5588,8.3896,8.2202,8.0506,7.8809,7.7108,7.5406,7.3701,7.1994,7.032,6.912,6.7918,6.6713,6.5506,6.4297,6.3085,6.1871,6.0655,5.9435,5.8452,5.7681,5.691,5.6137,5.5363,5.4589,5.3813,5.3037,5.226,5.1483,5.0572,4.9661,4.875,4.7841,4.6933,4.6027,4.5122,4.4218,4.3317,4.3094,4.3742,4.4393,4.5046,4.5702,4.6361,4.7023,4.7689,4.8358,4.9031,4.9699,5.0367,5.1036,5.1705,5.2375,5.3045,5.3716,5.4388,5.5061,5.55,5.5493,5.5484,5.5474,5.5462,5.5448,5.5432,5.5414,5.5395,5.5373,5.4452,5.3302,5.2151,5.1,4.9848,4.8696,4.7544,4.6391,4.5238,4.4015,4.2583,4.1153,3.9725,3.8299,3.6875,3.5454,3.4034,3.2618,3.1203,3.0473,3.0044,2.9616,2.9188,2.876,2.8333,2.7906,2.748,2.7055,2.6602,2.5982,2.5361,2.4741,2.412,2.35,2.288,2.226
11.2312,11.2174,11.2033,11.189,11.1743,11.1593,11.1441,11.1287,11.113,11.1031,11.0937,11.0841,11.0742,11.0641,11.0538,11.0433,11.0325,11.0216,11.0386,11.1092,11.1796,11.25,11.3203,11.3905,11.4606,11.5306,11.6005,11.6704,11.6579,11.6244,11.5911,11.5578,11.5247,11.4917,11.4587,11.4259,11.3931,11.3542,11.2969,11.2396,11.1825,11.1254,11.0685,11.0116,10.9548,10.8981,10.8414,10.7742,10.7027,10.6312,10.5597,10.4881,10.4166,10.345,10.2733,10.2016,10.1134,9.937,9.7604,9.5838,9.4071,9.2304,9.0535,8.8766,8.6995,8.5224,8.3429,8.1618,7.9806,7.7991,7.6174,7.4355,7.2534,7.071,6.8884,6.7091,6.5823,6.4553,6.328,6.2006,6.0729,5.9449,5.8167,5.6883,5.5596,5.4585,5.3831,5.3077,5.2322,5.1565,5.0808,5.0051,4.9292,4.8532,4.7772,4.6943,4.6113,4.5285,4.4457,4.3631,4.2806,4.1983,4.1161,4.0341,4.0185,4.0939,4.1696,4.2455,4.3217,4.3983,4.4752,4.5523,4.6299,4.7077,4.7784,4.8481,4.9179,4.9877,5.0576,5.1275,5.1975,5.2676,5.3377,5.3843,5.3811,5.3777,5.3741,5.3704,5.3664,5.3623,5.358,5.3535,5.3488,5.2594,5.1448,5.0301,4.9154,4.8006,4.6859,4.571,4.4561,4.3412,4.2211,4.0823,3.9438,3.8055,3.6674,3.5295,3.3918,3.2544,3.1172,2.9802,2.9065,2.865,2.8243,2.7862,2.7481,2.71,2.672,2.6339,2.5959,2.5558,2.4976,2.4394,2.3812,2.323,2.2648,2.2066,2.1483
11.1247,11.1183,11.1116,11.1046,11.0974,11.0898,11.0821,11.074,11.0657,11.0638,11.0624,11.0607,11.0587,11.0566,11.0542,11.0516,11.0488,11.0459,11.0708,11.1467,11.2226,11.2983,11.3739,11.4494,11.5249,11.6002,11.6755,11.7507,11.7338,11.6947,11.6556,11.6167,11.5778,11.5391,11.5005,11.4619,11.4235,11.3773,11.3083,11.2395,11.1708,11.1022,11.0337,10.9653,10.897,10.8286,10.7604,10.6834,10.6029,10.5223,10.4418,10.3612,10.2806,10.1999,10.1192,10.0385,9.9421,9.7617,9.5812,9.4006,9.2199,9.0392,8.8584,8.6775,8.4965,8.3154,8.1271,7.9342,7.741,7.5476,7.3541,7.1603,6.9663,6.772,6.5775,6.3862,6.2527,6.1189,5.9849,5.8506,5.7162,5.5814,5.4465,5.3113,5.1758,5.0717,4.9981,4.9244,4.8506,4.7767,4.7028,4.6287,4.5546,4.4804,4.4061,4.3312,4.2564,4.1817,4.1071,4.0326,3.9583,3.8841,3.8101,3.7362,3.7272,3.8132,3.8995,3.986,4.0729,4.1601,4.2476,4.3354,4.4235,4.512,4.5869,4.6595,4.7321,4.8048,4.8795,4.9545,5.0293,5.1039,5.1782,5.229,5.2248,5.2203,5.2156,5.2107,5.2054,5.1999,5.1942,5.1881,5.1818,5.0958,4.9825,4.869,4.7554,4.6417,4.5279,4.4139,4.2998,4.1856,4.0685,3.9396,3.8112,3.6835,3.5563,3.4298,3.304,3.1787,3.0541,2.9302,2.8607,2.823,2.7853,2.7476,2.71,2.6724,2.6348,2.5972,2.5596,2.5206,2.4625,2.4043,2.3462,2.288,2.2298,2.1716,2.1134
11.0862,11.0829,11.0796,11.0761,11.0724,11.0686,11.0647,11.0607,11.0566,11.057,11.0578,11.0586,11.0594,11.0602,11.061,11.0618,11.0626,11.0634,11.0916,11.1671,11.2428,11.3187,11.3946,11.4707,11.5469,11.6233,11.6997,11.7762,11.7541,11.7095,11.665,11.6205,11.5762,11.532,11.4878,11.4437,11.3996,11.3467,11.2686,11.1906,11.1125,11.0345,10.9565,10.8784,10.8004,10.7224,10.6443,10.5583,10.4689,10.3795,10.2901,10.2006,10.1111,10.0214,9.9318,9.842,9.7373,9.5518,9.3661,9.1804,8.9946,8.8086,8.6225,8.4362,8.2498,8.0632,7.8684,7.6682,7.4678,7.2674,7.0669,6.8664,6.6657,6.465,6.2642,6.0666,5.9301,5.7936,5.6571,5.5205,5.3838,5.2471,5.1103,4.9735,4.8366,4.735,4.6693,4.6038,4.5384,4.4733,4.4083,4.3435,4.279,4.2147,4.1507,4.0893,4.0284,3.9677,3.9074,3.8475,3.7879,3.7286,3.6697,3.6113,3.6121,3.7058,3.7996,3.8934,3.9872,4.0811,4.175,4.2689,4.3629,4.457,4.5322,4.6034,4.6744,4.7452,4.8158,4.8861,4.9562,5.0261,5.0958,5.1437,5.1348,5.1257,5.1163,5.1067,5.0968,5.0866,5.0762,5.0655,5.0545,4.969,4.8543,4.7395,4.6246,4.5095,4.3943,4.279,4.1636,4.048,3.9319,3.8135,3.6957,3.5785,3.4619,3.346,3.2307,3.116,3.0019,2.8886,2.8208,2.7835,2.7463,2.7091,2.6719,2.6347,2.5975,2.5603,2.5232,2.4854,2.4273,2.3692,2.3111,2.253,2.1948,2.1367,2.0786
11.0646,11.0653,11.0658,11.0662,11.0665,11.0666,11.0666,11.0665,11.0663,11.0672,11.0682,11.0692,11.0702,11.0712,11.0722,11.0732,11.0742,11.0752,11.1021,11.1716,11.2412,11.3109,11.3808,11.4508,11.5209,11.5911,11.6614,11.7319,11.7013,11.649,11.5967,11.5446,11.4926,11.4406,11.3887,11.3369,11.2852,11.2246,11.1393,11.0541,10.9689,10.8837,10.7985,10.7134,10.6282,10.543,10.4578,10.3633,10.2651,10.1668,10.0684,9.97,9.8715,9.773,9.6744,9.5757,9.4624,9.2699,9.0773,8.8845,8.6917,8.4987,8.3055,8.1123,7.9188,7.7252,7.5293,7.3318,7.1342,6.9365,6.7388,6.5409,6.343,6.145,5.9469,5.7516,5.6178,5.484,5.3502,5.2163,5.0823,4.9483,4.8142,4.6801,4.5459,4.4508,4.397,4.3433,4.2898,4.2366,4.1835,4.1306,4.078,4.0256,3.9734,3.9248,3.8767,3.8289,3.7814,3.7343,3.6876,3.6411,3.5951,3.5495,3.5564,3.6517,3.747,3.8424,3.9377,4.0332,4.1286,4.2241,4.3197,4.4153,4.4874,4.5539,4.6203,4.6864,4.7523,4.8179,4.8834,4.9486,5.0135,5.0585,5.045,5.0312,5.0172,5.0029,4.9883,4.9735,4.9584,4.9431,4.9274,4.8423,4.7263,4.6101,4.4938,4.3774,4.2608,4.1442,4.0274,3.9105,3.7946,3.6868,3.5796,3.4729,3.3669,3.2615,3.1567,3.0526,2.9491,2.8463,2.7808,2.744,2.7072,2.6704,2.6337,2.5969,2.5602,2.5235,2.4868,2.4501,2.3921,2.3341,2.276,2.2179,2.1599,2.1018,2.0437
11.0431,11.0477,11.0522,11.0565,11.0607,11.0647,11.0687,11.0725,11.0762,11.0775,11.0787,11.0799,11.0811,11.0823,11.0835,11.0847,11.0858,11.087,11.1125,11.1758,11.2394,11.303,11.3668,11.4307,11.4947,11.5588,11.6231,11.6874,11.6483,11.5883,11.5284,11.4686,11.4088,11.3492,11.2896,11.2301,11.1706,11.1023,11.0099,10.9175,10.8252,10.7329,10.6406,10.5482,10.4559,10.3636,10.2713,10.1684,10.0612,9.9539,9.8467,9.7394,9.632,9.5246,9.417,9.3094,9.1876,8.9881,8.7884,8.5887,8.3888,8.1888,7.9887,7.7884,7.5879,7.3873,7.1902,6.9954,6.8005,6.6056,6.4105,6.2154,6.0202,5.825,5.6296,5.4365,5.3055,5.1744,5.0432,4.912,4.7808,4.6494,4.5181,4.3867,4.2552,4.1663,4.1244,4.0826,4.041,3.9996,3.9584,3.9174,3.8766,3.8361,3.7958,3.7599,3.7246,3.6897,3.6551,3.6208,3.5869,3.5533,3.5201,3.4873,3.5007,3.5976,3.6944,3.7913,3.8882,3.9852,4.0822,4.1793,4.2764,4.3736,4.4428,4.5047,4.5663,4.6277,4.689,4.7499,4.8107,4.8712,4.9315,4.9736,4.9554,4.937,4.9183,4.8994,4.8801,4.8607,4.8409,4.8209,4.8006,4.7157,4.5983,4.4807,4.3631,4.2453,4.1274,4.0094,3.8913,3.773,3.6567,3.5594,3.4628,3.3667,3.2712,3.1763,3.0821,2.9885,2.8955,2.8033,2.7409,2.7045,2.6682,2.6318,2.5955,2.5592,2.5229,2.4866,2.4503,2.4141,2.357,2.299,2.2409,2.1829,2.1249,2.0669,2.0088
11.0218,11.0304,11.0387,11.0469,11.055,11.063,11.0708,11.0785,11.0861,11.0877,11.0891,11.0905,11.0919,11.0933,11.0947,11.0961,11.0975,11.0989,11.1227,11.18,11.2374,11.295,11.3527,11.4105,11.4684,11.5265,11.5846,11.6428,11.5953,11.5275,11.4599,11.3924,11.325,11.2576,11.1904,11.1232,11.056,10.9799,10.8804,10.7809,10.6814,10.582,10.4825,10.3831,10.2836,10.1842,10.0847,9.9733,9.8572,9.7411,9.625,9.5087,9.3925,9.2761,9.1597,9.0431,8.9128,8.7063,8.4996,8.2929,8.086,7.879,7.6718,7.4645,7.2571,7.0495,6.851,6.659,6.4668,6.2746,6.0823,5.8899,5.6974,5.5049,5.3123,5.1214,4.9931,4.8647,4.7363,4.6077,4.4792,4.3506,4.2219,4.0932,3.9644,3.8815,3.8515,3.8216,3.7918,3.7623,3.733,3.7039,3.675,3.6463,3.6179,3.5946,3.5722,3.5501,3.5283,3.5069,3.4858,3.465,3.4447,3.4247,3.445,3.5433,3.6418,3.7402,3.8387,3.9372,4.0358,4.1344,4.233,4.3317,4.3985,4.4556,4.5126,4.5693,4.6259,4.6822,4.7382,4.7941,4.8497,4.8889,4.8661,4.843,4.8196,4.796,4.7722,4.748,4.7236,4.699,4.674,4.5891,4.4703,4.3514,4.2325,4.1133,3.9941,3.8747,3.7553,3.6357,3.5182,3.4315,3.3453,3.2598,3.1748,3.0905,3.0068,2.9237,2.8413,2.7596,2.7009,2.665,2.629,2.5931,2.5573,2.5214,2.4855,2.4497,2.4139,2.3781,2.3218,2.2638,2.2059,2.1479,2.0899,2.0319,1.9739
11.0007,11.0131,11.0254,11.0375,11.0495,11.0614,11.0731,11.0847,11.0962,11.098,11.0996,11.1012,11.1028,11.1044,11.1059,11.1075,11.1091,11.1107,11.1328,11.184,11.2353,11.2868,11.3384,11.3902,11.442,11.494,11.546,11.5982,11.542,11.4666,11.3913,11.3161,11.241,11.166,11.091,11.0161,10.9413,10.8575,10.7508,10.6442,10.5376,10.431,10.3244,10.2179,10.1113,10.0047,9.8981,9.7783,9.6533,9.5283,9.4032,9.2781,9.1529,9.0276,8.9023,8.7769,8.638,8.4245,8.2108,7.9971,7.7832,7.5692,7.355,7.1407,6.9263,6.7117,6.5119,6.3225,6.1331,5.9436,5.754,5.5644,5.3746,5.1848,4.9949,4.8063,4.6807,4.555,4.4292,4.3034,4.1775,4.0516,3.9256,3.7996,3.6735,3.5965,3.5783,3.5603,3.5424,3.5248,3.5073,3.49,3.473,3.4562,3.4396,3.429,3.4194,3.4101,3.4012,3.3925,3.3843,3.3763,3.3688,3.3616,3.3892,3.4891,3.589,3.689,3.7891,3.8891,3.9893,4.0894,4.1896,4.2899,4.3543,4.4068,4.459,4.5111,4.563,4.6146,4.666,4.7171,4.7681,4.8044,4.7769,4.7492,4.7212,4.693,4.6644,4.6357,4.6066,4.5773,4.5477,4.4626,4.3425,4.2222,4.1019,3.9814,3.8609,3.7401,3.6193,3.4984,3.3791,3.3029,3.2273,3.1522,3.0778,3.004,2.9309,2.8583,2.7864,2.7152,2.6609,2.6254,2.5899,2.5544,2.519,2.4836,2.4481,2.4127,2.3774,2.342,2.2866,2.2287,2.1708,2.1129,2.0549,1.997,1.939
10.9797,10.996,11.0122,11.0282,11.0441,11.0599,11.0755,11.091,11.1064,11.1083,11.11,11.1118,11.1136,11.1154,11.1172,11.119,11.1208,11.1225,11.1428,11.1879,11.2331,11.2785,11.3241,11.3697,11.4155,11.4613,11.5073,11.5534,11.4887,11.4056,11.3226,11.2397,11.1569,11.0742,10.9916,10.909,10.8265,10.735,10.6212,10.5074,10.3937,10.28,10.1663,10.0526,9.9389,9.8252,9.7114,9.5832,9.4493,9.3154,9.1814,9.0474,8.9133,8.7792,8.645,8.5106,8.3632,8.1427,7.922,7.7013,7.4804,7.2594,7.0382,6.8169,6.5955,6.3739,6.1727,5.9861,5.7994,5.6126,5.4257,5.2388,5.0517,4.8646,4.6775,4.4911,4.3682,4.2452,4.1221,3.999,3.8759,3.7526,3.6293,3.506,3.3826,3.3113,3.305,3.2988,3.2928,3.2869,3.2813,3.2759,3.2707,3.2658,3.2611,3.2631,3.2663,3.2698,3.2736,3.2778,3.2824,3.2873,3.2925,3.2982,3.3333,3.4348,3.5363,3.6378,3.7394,3.841,3.9427,4.0444,4.1462,4.248,4.3103,4.3581,4.4057,4.4531,4.5003,4.5472,4.5939,4.6404,4.6867,4.7202,4.688,4.6556,4.623,4.5901,4.5569,4.5235,4.4898,4.4558,4.4216,4.3361,4.2147,4.0931,3.9714,3.8496,3.7277,3.6056,3.4835,3.3612,3.2393,3.1737,3.1086,3.0441,2.9802,2.9169,2.8543,2.7922,2.7309,2.6702,2.6208,2.5858,2.5507,2.5157,2.4807,2.4457,2.4107,2.3758,2.3408,2.3059,2.2514,2.1936,2.1357,2.0778,2.0199,1.962,1.9041
10.9588,10.979,10.9991,11.019,11.0388,11.0585,11.078,11.0974,11.1165,11.1185,11.1205,11.1225,11.1245,11.1265,11.1284,11.1304,11.1324,11.1344,11.1526,11.1916,11.2308,11.2701,11.3096,11.3491,11.3888,11.4286,11.4685,11.5085,11.4352,11.3444,11.2538,11.1632,11.0727,10.9824,10.892,10.8018,10.7116,10.6124,10.4915,10.3706,10.2498,10.1289,10.0081,9.8873,9.7664,9.6456,9.5247,9.3881,9.2453,9.1025,8.9596,8.8167,8.6738,8.5307,8.3876,8.2444,8.0884,7.8609,7.6333,7.4055,7.1777,6.9497,6.7215,6.4932,6.2648,6.0362,5.8335,5.6496,5.4656,5.2815,5.0974,4.9132,4.7288,4.5445,4.36,4.1759,4.0557,3.9354,3.815,3.6946,3.5741,3.4536,3.333,3.2124,3.0917,3.0258,3.0313,3.037,3.0428,3.0488,3.0551,3.0615,3.0682,3.0751,3.0822,3.0968,3.1128,3.1291,3.1458,3.1627,3.1801,3.1978,3.2158,3.2343,3.2774,3.3804,3.4834,3.5865,3.6897,3.7928,3.8961,3.9993,4.1026,4.206,4.2665,4.3096,4.3525,4.3953,4.4378,4.48,4.5221,4.5639,4.6055,4.6361,4.5993,4.5623,4.525,4.4875,4.4497,4.4116,4.3732,4.3346,4.2957,4.2098,4.087,3.9641,3.841,3.7179,3.5946,3.4712,3.3477,3.224,3.1003,3.0438,2.9892,2.9353,2.8819,2.8291,2.777,2.7255,2.6746,2.6244,2.5808,2.5462,2.5115,2.477,2.4424,2.4078,2.3733,2.3388,2.3042,2.2698,2.2162,2.1584,2.1006,2.0428,1.9849,1.9271,1.8693
10.938,10.9621,10.9861,11.01,11.0337,11.0572,11.0807,11.104,11.1266,11.1288,11.131,11.1332,11.1353,11.1375,11.1397,11.1419,11.144,11.1462,11.1622,11.1952,11.2283,11.2616,11.2949,11.3284,11.362,11.3958,11.4296,11.4635,11.3816,11.2831,11.1848,11.0866,10.9884,10.8904,10.7924,10.6945,10.5966,10.4897,10.3617,10.2337,10.1057,9.9778,9.8498,9.7219,9.5939,9.466,9.338,9.1929,9.0412,8.8895,8.7378,8.586,8.4342,8.2822,8.1302,7.9782,7.8137,7.5791,7.3445,7.1098,6.8749,6.64,6.4048,6.1696,5.9341,5.6985,5.4942,5.3131,5.1318,4.9505,4.769,4.5875,4.4059,4.2242,4.0425,3.8607,3.7432,3.6255,3.5079,3.3901,3.2723,3.1545,3.0366,2.9187,2.8007,2.7401,2.7574,2.7749,2.7926,2.8104,2.8285,2.8468,2.8653,2.884,2.903,2.9301,2.9589,2.988,3.0175,3.0473,3.0774,3.1079,3.1387,3.17,3.2214,3.326,3.4306,3.5352,3.6399,3.7446,3.8494,3.9542,4.059,4.1639,4.2229,4.2613,4.2996,4.3376,4.3755,4.4131,4.4505,4.4876,4.5245,4.5523,4.5109,4.4692,4.4273,4.3851,4.3426,4.2999,4.2569,4.2137,4.1701,4.0835,3.9593,3.8351,3.7107,3.5862,3.4616,3.3368,3.212,3.087,2.9619,2.9133,2.8693,2.8258,2.7829,2.7407,2.699,2.658,2.6177,2.578,2.5407,2.5065,2.4723,2.4382,2.404,2.3699,2.3358,2.3017,2.2676,2.2336,2.181,2.1233,2.0655,2.0077,1.9499,1.8922,1.8344
10.9174,10.9454,10.9733,11.001,11.0286,11.0561,11.0834,11.1107,11.1367,11.1391,11.1415,11.1438,11.1462,11.1486,11.151,11.1533,11.1557,11.1581,11.1717,11.1986,11.2257,11.2529,11.2802,11.3076,11.3352,11.3628,11.3906,11.4184,11.3278,11.2217,11.1157,11.0098,10.904,10.7983,10.6927,10.5871,10.4815,10.367,10.2319,10.0968,9.9617,9.8266,9.6915,9.5565,9.4214,9.2863,9.1512,8.9977,8.8371,8.6766,8.516,8.3553,8.1946,8.0338,7.8729,7.7119,7.5389,7.2974,7.0558,6.8141,6.5723,6.3303,6.0882,5.8459,5.6035,5.361,5.155,4.9765,4.798,4.6193,4.4406,4.2618,4.0829,3.904,3.725,3.5459,3.4306,3.3156,3.2007,3.0856,2.9705,2.8554,2.7401,2.6249,2.5096,2.4541,2.4832,2.5126,2.5421,2.5718,2.6017,2.6318,2.6621,2.6927,2.7235,2.7631,2.8047,2.8466,2.8888,2.9314,2.9743,3.0176,3.0612,3.1053,3.1654,3.2715,3.3776,3.4838,3.59,3.6963,3.8026,3.909,4.0154,4.1218,4.1794,4.2132,4.2468,4.2802,4.3134,4.3463,4.379,4.4115,4.4438,4.4687,4.4226,4.3763,4.3297,4.2829,4.2358,4.1884,4.1408,4.0929,4.0447,3.9573,3.8318,3.7062,3.5804,3.4546,3.3286,3.2025,3.0763,2.95,2.8235,2.7822,2.7487,2.7157,2.6833,2.6516,2.6204,2.5899,2.5601,2.5309,2.5005,2.4668,2.4331,2.3993,2.3656,2.332,2.2983,2.2646,2.231,2.1974,2.1458,2.0881,2.0304,1.9727,1.9149,1.8572,1.7994
10.897,10.9289,10.9606,10.9922,11.0237,11.0551,11.0863,11.1174,11.1468,11.1494,11.152,11.1545,11.1571,11.1597,11.1622,11.1648,11.1674,11.1699,11.1811,11.202,11.2229,11.2441,11.2653,11.2867,11.3081,11.3297,11.3514,11.3732,11.274,11.1602,11.0465,10.933,10.8195,10.7061,10.5928,10.4796,10.3664,10.2442,10.1019,9.9597,9.8175,9.6753,9.5332,9.391,9.2488,9.1067,8.9644,8.8024,8.633,8.4636,8.2941,8.1246,7.955,7.7853,7.6156,7.4457,7.2642,7.0157,6.7671,6.5184,6.2696,6.0207,5.7716,5.5223,5.273,5.0234,4.8157,4.64,4.4641,4.2882,4.1122,3.9361,3.7599,3.5837,3.4074,3.231,3.1179,3.0057,2.8934,2.781,2.6686,2.5562,2.4436,2.3311,2.2185,2.1678,2.2088,2.25,2.2913,2.3328,2.3745,2.4165,2.4586,2.501,2.5436,2.5957,2.6501,2.7048,2.7598,2.8151,2.8708,2.9269,2.9833,3.0401,3.1093,3.2169,3.3246,3.4324,3.5401,3.648,3.7558,3.8637,3.9716,4.0796,4.1362,4.1653,4.1943,4.223,4.2515,4.2798,4.3078,4.3356,4.3632,4.3853,4.3346,4.2836,4.2324,4.1809,4.1292,4.0772,4.025,3.9724,3.9196,3.8311,3.7043,3.5773,3.4502,3.3231,3.1957,3.0683,2.9408,2.8131,2.6853,2.6505,2.6274,2.605,2.5831,2.5618,2.5412,2.5212,2.5018,2.4831,2.4604,2.4271,2.3938,2.3605,2.3272,2.294,2.2608,2.2275,2.1944,2.1612,2.1106,2.053,1.9953,1.9376,1.8799,1.8222,1.7645
10.8766,10.9124,10.9481,10.9836,11.019,11.0542,11.0893,11.1243,11.1569,11.1597,11.1624,11.1652,11.168,11.1707,11.1735,11.1763,11.179,11.1818,11.1903,11.2051,11.22,11.2351,11.2503,11.2656,11.281,11.2965,11.3122,11.3279,11.22,11.0985,10.9772,10.856,10.7349,10.6138,10.4929,10.372,10.2511,10.1213,9.9719,9.8226,9.6733,9.524,9.3748,9.2255,9.0762,8.9269,8.7776,8.6071,8.4289,8.2506,8.0722,7.8938,7.7154,7.5368,7.3582,7.1795,6.9894,6.734,6.4784,6.2228,5.967,5.7111,5.455,5.1988,4.9424,4.6859,4.4764,4.3034,4.1302,3.957,3.7837,3.6104,3.4369,3.2634,3.0898,2.9161,2.8053,2.6957,2.5861,2.4764,2.3667,2.2569,2.1471,2.0372,1.9273,1.8814,1.9342,1.9871,2.0403,2.0936,2.1471,2.2009,2.2548,2.309,2.3635,2.428,2.4951,2.5626,2.6304,2.6985,2.7669,2.8358,2.905,2.9745,3.0532,3.1624,3.2716,3.3809,3.4902,3.5995,3.7089,3.8184,3.9279,4.0374,4.0931,4.1176,4.1419,4.1659,4.1898,4.2134,4.2368,4.26,4.2829,4.3021,4.2467,4.1911,4.1353,4.0792,4.0229,3.9662,3.9093,3.8522,3.7947,3.705,3.5768,3.4485,3.3201,3.1916,3.0629,2.9342,2.8053,2.6763,2.5471,2.5181,2.5056,2.4936,2.4822,2.4714,2.4613,2.4517,2.4429,2.4347,2.4202,2.3873,2.3545,2.3216,2.2888,2.256,2.2232,2.1904,2.1577,2.1249,2.0754,2.0178,1.9602,1.9026,1.8449,1.7873,1.7296
10.8565,10.8961,10.9357,10.9751,11.0143,11.0535,11.0925,11.1314,11.167,11.17,11.1729,11.1759,11.1789,11.1818,11.1848,11.1877,11.1907,11.1937,11.1994,11.2082,11.217,11.226,11.2352,11.2444,11.2538,11.2632,11.2728,11.2825,11.1658,11.0368,10.9078,10.7789,10.6501,10.5214,10.3928,10.2643,10.1358,9.9983,9.8418,9.6854,9.529,9.3727,9.2163,9.0599,8.9035,8.7472,8.5908,8.4118,8.2247,8.0375,7.8503,7.6631,7.4757,7.2883,7.1009,6.9133,6.7147,6.4523,6.1898,5.9271,5.6644,5.4015,5.1385,4.8753,4.612,4.3485,4.1371,3.9668,3.7963,3.6258,3.4553,3.2846,3.1138,2.943,2.7721,2.6012,2.4926,2.3857,2.2788,2.1718,2.0647,1.9576,1.8505,1.7433,1.6361,1.5946,1.6592,1.724,1.789,1.8541,1.9194,1.985,2.0507,2.1168,2.183,2.2599,2.3398,2.42,2.5006,2.5815,2.6627,2.7443,2.8262,2.9085,2.997,3.1077,3.2185,3.3293,3.4402,3.5511,3.662,3.773,3.884,3.9951,4.0503,4.0701,4.0897,4.1091,4.1283,4.1472,4.166,4.1845,4.2028,4.2191,4.1591,4.0989,4.0384,3.9777,3.9167,3.8555,3.794,3.7322,3.6701,3.579,3.4495,3.3198,3.1901,3.0602,2.9302,2.8001,2.6699,2.5395,2.409,2.3852,2.3831,2.3816,2.3807,2.3804,2.3807,2.3816,2.3833,2.3855,2.38,2.3475,2.3151,2.2827,2.2503,2.218,2.1856,2.1533,2.1209,2.0886,2.0402,1.9827,1.9251,1.8675,1.8099,1.7523,1.6947
10.8364,10.88,10.9234,10.9667,11.0098,11.0528,11.0957,11.1385,11.1771,11.1803,11.1834,11.1866,11.1898,11.1929,11.1961,11.1992,11.2024,11.2055,11.2084,11.2111,11.2139,11.2168,11.2199,11.2231,11.2264,11.2298,11.2333,11.237,11.1116,10.9748,10.8382,10.7017,10.5653,10.429,10.2927,10.1565,10.0203,9.8752,9.7117,9.5482,9.3847,9.2212,9.0578,8.8943,8.7308,8.5673,8.4038,8.2164,8.0205,7.8244,7.6284,7.4323,7.2361,7.0399,6.8435,6.6471,6.44,6.1706,5.9011,5.6315,5.3618,5.092,4.822,4.5518,4.2815,4.0111,3.7977,3.6301,3.4624,3.2946,3.1267,2.9588,2.7907,2.6226,2.4545,2.2862,2.1798,2.0756,1.9714,1.8671,1.7627,1.6583,1.5538,1.4493,1.3448,1.3076,1.384,1.4606,1.5374,1.6143,1.6914,1.7688,1.8464,1.9242,2.0022,2.0915,2.1842,2.2771,2.3704,2.464,2.558,2.6523,2.747,2.8421,2.9407,3.053,3.1654,3.2777,3.3901,3.5026,3.615,3.7276,3.8401,3.9528,4.0076,4.0227,4.0377,4.0525,4.067,4.0813,4.0954,4.1092,4.1229,4.1363,4.0717,4.0069,3.9418,3.8764,3.8108,3.745,3.6788,3.6124,3.5457,3.4531,3.3222,3.1912,3.0601,2.9289,2.7976,2.6661,2.5346,2.4029,2.271,2.2515,2.2599,2.2689,2.2785,2.2887,2.2995,2.3109,2.323,2.3374,2.3509,2.3281,2.305,2.2816,2.258,2.234,2.2097,2.1851,2.1602,2.135,2.094,2.0423,1.9903,1.9379,1.8851,1.8319,1.7784
10.8165,10.8639,10.9112,10.9584,11.0054,11.0523,11.0991,11.1458,11.1872,11.1906,11.1939,11.1973,11.2007,11.204,11.2074,11.2107,11.2141,11.2174,11.2172,11.2138,11.2106,11.2075,11.2045,11.2016,11.1989,11.1963,11.1938,11.1913,11.0572,10.9128,10.7686,10.6244,10.4803,10.3364,10.1924,10.0486,9.9048,9.7521,9.5815,9.4109,9.2403,9.0697,8.8992,8.7286,8.5581,8.3875,8.2169,8.021,7.8162,7.6113,7.4064,7.2015,6.9965,6.7914,6.5862,6.3809,6.1653,5.889,5.6125,5.336,5.0593,4.7825,4.5055,4.2284,3.9512,3.6738,3.4584,3.2935,3.1285,2.9634,2.7982,2.6329,2.4676,2.3022,2.1367,1.9712,1.867,1.7655,1.6639,1.5623,1.4606,1.3589,1.2571,1.1553,1.0534,1.0204,1.1086,1.197,1.2855,1.3742,1.4632,1.5523,1.6417,1.7313,1.8211,1.9227,2.0281,2.1338,2.2399,2.3462,2.453,2.56,2.6675,2.7753,2.8845,2.9983,3.1122,3.2261,3.34,3.454,3.568,3.6821,3.7962,3.9172,3.9812,4.0011,4.0208,4.0403,4.0598,4.079,4.0982,4.1171,4.1359,4.1545,4.0976,4.0388,3.9799,3.9209,3.8618,3.8026,3.7432,3.6838,3.6243,3.5417,3.421,3.3003,3.1796,3.0589,2.9382,2.8174,2.6966,2.5758,2.455,2.4431,2.4626,2.4819,2.501,2.5199,2.5385,2.557,2.5752,2.5932,2.603,2.5747,2.5461,2.5173,2.4881,2.4586,2.4289,2.3988,2.3684,2.3377,2.2917,2.2341,2.176,2.1176,2.0587,1.9995,1.9399
10.9118,10.9533,10.9949,11.0368,11.0789,11.1211,11.1635,11.2061,11.2425,11.2377,11.2332,11.229,11.2251,11.2215,11.2181,11.215,11.2121,11.2095,11.2005,11.1861,11.1719,11.1581,11.1446,11.1314,11.1184,11.1057,11.0932,11.081,10.9429,10.7963,10.6496,10.5028,10.356,10.2091,10.0621,9.9151,9.768,9.6121,9.439,9.2658,9.0925,8.9192,8.7458,8.5723,8.3988,8.2252,8.0516,7.8523,7.6441,7.4358,7.2274,7.0191,6.8106,6.6021,6.3936,6.1851,5.9668,5.6908,5.4148,5.1389,4.8629,4.587,4.3111,4.0352,3.7594,3.4837,3.2739,3.1188,2.9638,2.809,2.6543,2.4999,2.3456,2.1915,2.0377,1.8841,1.7944,1.7084,1.6228,1.5376,1.4528,1.3684,1.2845,1.2011,1.1182,1.102,1.208,1.3145,1.4212,1.5283,1.6359,1.7438,1.8521,1.9608,2.07,2.187,2.3067,2.4266,2.5468,2.6672,2.7879,2.9088,3.03,3.1514,3.2727,3.3918,3.5109,3.63,3.7491,3.8681,3.9872,4.1063,4.2253,4.3443,4.4047,4.418,4.4311,4.444,4.4568,4.4695,4.482,4.4944,4.5065,4.5185,4.459,4.3958,4.3325,4.2691,4.2056,4.142,4.0783,4.0145,3.9506,3.866,3.7431,3.6203,3.4974,3.3744,3.2515,3.1286,3.0056,2.8826,2.7596,2.7392,2.7537,2.768,2.7821,2.7959,2.8096,2.823,2.8362,2.8492,2.8555,2.8217,2.7876,2.7532,2.7186,2.6836,2.6484,2.6128,2.5769,2.5407,2.4899,2.4262,2.3621,2.2976,2.2328,2.1675,2.1018
11.0192,11.056,11.093,11.1302,11.1675,11.2051,11.2428,11.2807,11.3109,11.2964,11.2823,11.2684,11.2548,11.2414,11.2284,11.2156,11.203,11.1907,11.1691,11.1398,11.1109,11.0823,11.0539,11.0259,10.9981,10.9706,10.9433,10.9162,10.7769,10.631,10.4851,10.339,10.193,10.0468,9.9006,9.7543,9.608,9.4532,9.2825,9.1117,8.9408,8.7699,8.5989,8.4278,8.2566,8.0854,7.9141,7.7184,7.5142,7.3099,7.1056,6.9013,6.6968,6.4924,6.2879,6.0834,5.87,5.6037,5.3374,5.0712,4.8049,4.5387,4.2725,4.0063,3.7402,3.4741,3.2765,3.1363,2.9963,2.8565,2.7168,2.5774,2.4381,2.299,2.1601,2.0215,1.9515,1.886,1.8209,1.7561,1.6918,1.6279,1.5644,1.5015,1.439,1.4381,1.555,1.6723,1.7899,1.9078,2.0262,2.1449,2.2641,2.3837,2.5037,2.6257,2.7486,2.8718,2.9952,3.1188,3.2427,3.3668,3.4912,3.6159,3.7393,3.854,3.9688,4.0835,4.1982,4.3129,4.4276,4.5423,4.6569,4.7716,4.8285,4.8351,4.8416,4.848,4.8542,4.8603,4.8662,4.8719,4.8775,4.8829,4.8205,4.7529,4.6853,4.6175,4.5497,4.4817,4.4137,4.3455,4.2772,4.1905,4.0654,3.9403,3.8152,3.6901,3.565,3.4399,3.3147,3.1895,3.0643,3.0356,3.0451,3.0544,3.0635,3.0723,3.081,3.0894,3.0976,3.1055,3.1083,3.069,3.0294,2.9896,2.9494,2.909,2.8683,2.8272,2.7858,2.7442,2.6886,2.6188,2.5487,2.4782,2.4073,2.336,2.2643
11.1265,11.1586,11.1909,11.2234,11.256,11.2889,11.3219,11.3551,11.379,11.3549,11.331,11.3074,11.2841,11.2611,11.2384,11.2159,11.1937,11.1717,11.1373,11.0932,11.0495,11.0061,10.9629,10.9201,10.8775,10.8352,10.7931,10.7512,10.6109,10.4657,10.3205,10.1753,10.03,9.8846,9.7391,9.5936,9.448,9.2945,9.1261,8.9577,8.7892,8.6206,8.4519,8.2832,8.1144,7.9456,7.7767,7.5845,7.3843,7.1841,6.9838,6.7835,6.5831,6.3826,6.1822,5.9817,5.7732,5.5166,5.26,5.0034,4.7468,4.4903,4.2338,3.9773,3.7209,3.4645,3.2789,3.1538,3.0287,2.9039,2.7792,2.6547,2.5304,2.4062,2.2824,2.1587,2.1083,2.0633,2.0186,1.9743,1.9304,1.887,1.844,1.8015,1.7595,1.774,1.9017,2.0298,2.1583,2.2871,2.4163,2.5459,2.6758,2.8062,2.9371,3.0644,3.1905,3.3169,3.4435,3.5703,3.6974,3.8247,3.9523,4.0802,4.2061,4.3165,4.4268,4.5372,4.6475,4.7578,4.8681,4.9784,5.0887,5.199,5.2526,5.2526,5.2525,5.2522,5.2519,5.2513,5.2506,5.2498,5.2487,5.2475,5.1823,5.1103,5.0383,4.9662,4.894,4.8216,4.7492,4.6767,4.604,4.5151,4.3878,4.2605,4.1332,4.0059,3.8786,3.7513,3.6239,3.4965,3.3691,3.3323,3.3368,3.3411,3.3452,3.349,3.3527,3.3561,3.3593,3.3622,3.3615,3.3167,3.2716,3.2263,3.1807,3.1348,3.0885,3.042,2.9952,2.948,2.8877,2.8119,2.7357,2.6592,2.5822,2.5049,2.4272
11.2336,11.261,11.2886,11.3164,11.3444,11.3726,11.4009,11.4294,11.4469,11.413,11.3795,11.3462,11.3133,11.2806,11.2482,11.216,11.1841,11.1524,11.1052,11.0463,10.9878,10.9296,10.8716,10.814,10.7566,10.6995,10.6426,10.5859,10.4449,10.3005,10.156,10.0115,9.867,9.7223,9.5776,9.4329,9.288,9.1357,8.9697,8.8036,8.6375,8.4713,8.305,8.1387,7.9723,7.8058,7.6393,7.4506,7.2544,7.0582,6.862,6.6657,6.4693,6.2729,6.0765,5.88,5.6763,5.4294,5.1825,4.9356,4.6888,4.4419,4.1951,3.9483,3.7015,3.4549,3.2812,3.1711,3.061,2.9511,2.8414,2.7318,2.6225,2.5133,2.4044,2.2957,2.2648,2.2402,2.2159,2.1921,2.1687,2.1457,2.1232,2.1011,2.0795,2.1097,2.2482,2.3871,2.5264,2.666,2.8061,2.9465,3.0873,3.2285,3.3702,3.503,3.6323,3.7619,3.8917,4.0217,4.152,4.2826,4.4134,4.5444,4.6731,4.779,4.885,4.991,5.0969,5.2029,5.3089,5.4148,5.5207,5.6266,5.6769,5.6703,5.6636,5.6568,5.6498,5.6427,5.6354,5.6279,5.6203,5.6125,5.5442,5.4679,5.3915,5.315,5.2385,5.1618,5.085,5.0081,4.9311,4.8398,4.7103,4.5808,4.4514,4.3219,4.1923,4.0628,3.9332,3.8037,3.6741,3.6294,3.6288,3.6281,3.6272,3.626,3.6247,3.6231,3.6213,3.6192,3.615,3.5647,3.5142,3.4634,3.4123,3.3609,3.3092,3.2572,3.2049,3.1522,3.0872,3.0054,2.9232,2.8406,2.7576,2.6743,2.5905
11.3406,11.3633,11.3862,11.4093,11.4326,11.4561,11.4797,11.5035,11.5144,11.4709,11.4277,11.3847,11.3421,11.2998,11.2577,11.2159,11.1743,11.1329,11.0727,10.9991,10.9257,10.8527,10.78,10.7076,10.6354,10.5635,10.4918,10.4203,10.2789,10.1352,9.9915,9.8478,9.704,9.5601,9.4162,9.2722,9.1281,8.9769,8.8133,8.6496,8.4859,8.322,8.1581,7.9942,7.8301,7.666,7.5019,7.3167,7.1246,6.9324,6.7402,6.5479,6.3555,6.1632,5.9707,5.7783,5.5795,5.3423,5.105,4.8678,4.6306,4.3934,4.1563,3.9192,3.6821,3.4451,3.2834,3.1882,3.0931,2.9982,2.9034,2.8088,2.7144,2.6202,2.5262,2.4325,2.421,2.4168,2.413,2.4096,2.4066,2.404,2.4019,2.4003,2.3992,2.4451,2.5945,2.7442,2.8943,3.0448,3.1956,3.3469,3.4985,3.6506,3.803,3.9415,4.074,4.2068,4.3398,4.473,4.6065,4.7403,4.8743,5.0085,5.1401,5.2417,5.3433,5.445,5.5466,5.6481,5.7497,5.8513,5.9528,6.0544,6.1015,6.0883,6.075,6.0616,6.048,6.0343,6.0204,6.0063,5.9921,5.9777,5.9064,5.8257,5.745,5.6641,5.5832,5.5021,5.421,5.3397,5.2584,5.1646,5.0329,4.9013,4.7696,4.6379,4.5062,4.3745,4.2427,4.1109,3.9791,3.9267,3.9212,3.9154,3.9095,3.9034,3.897,3.8904,3.8836,3.8766,3.8689,3.8132,3.7571,3.7009,3.6443,3.5874,3.5302,3.4727,3.415,3.3568,3.2871,3.1993,3.1111,3.0225,2.9335,2.8441,2.7544
11.4474,11.4654,11.4836,11.502,11.5206,11.5394,11.5584,11.5775,11.5816,11.5284,11.4756,11.423,11.3707,11.3187,11.2669,11.2155,11.1642,11.1132,11.0399,10.9515,10.8634,10.7756,10.6881,10.6009,10.5139,10.4272,10.3408,10.2545,10.1129,9.97,9.8271,9.6841,9.541,9.3979,9.2547,9.1114,8.9681,8.8182,8.657,8.4957,8.3343,8.1728,8.0113,7.8497,7.688,7.5263,7.3645,7.1829,6.9948,6.8066,6.6184,6.4301,6.2418,6.0534,5.865,5.6766,5.4826,5.2551,5.0275,4.8,4.5725,4.3449,4.1175,3.89,3.6626,3.4353,3.2855,3.2052,3.1251,3.0451,2.9652,2.8856,2.8061,2.7269,2.6479,2.5691,2.5769,2.5931,2.6097,2.6267,2.6441,2.662,2.6803,2.6991,2.7184,2.7803,2.9405,3.101,3.262,3.4232,3.5849,3.747,3.9094,4.0723,4.2356,4.3799,4.5156,4.6516,4.7878,4.9242,5.0609,5.1979,5.3351,5.4725,5.6074,5.7046,5.8018,5.8991,5.9963,6.0935,6.1908,6.288,6.3851,6.4823,6.5263,6.5066,6.4867,6.4667,6.4465,6.4262,6.4057,6.3851,6.3643,6.3433,6.2687,6.1837,6.0986,6.0134,5.9281,5.8427,5.7572,5.6716,5.5859,5.4895,5.3557,5.2218,5.088,4.9541,4.8202,4.6863,4.5523,4.4184,4.2844,4.2243,4.2138,4.2031,4.1921,4.181,4.1696,4.1581,4.1463,4.1342,4.1219,4.0619,4.0004,3.9387,3.8766,3.8143,3.7516,3.6887,3.6254,3.5618,3.4875,3.3937,3.2994,3.2048,3.1098,3.0144,2.9186
11.554,11.5673,11.5809,11.5946,11.6085,11.6226,11.6369,11.6514,11.6485,11.5857,11.5232,11.461,11.399,11.3374,11.276,11.2148,11.1539,11.0932,11.0067,10.9035,10.8007,10.6981,10.5959,10.4939,10.3922,10.2907,10.1895,10.0885,9.9469,9.8048,9.6626,9.5204,9.378,9.2357,9.0932,8.9507,8.8082,8.6595,8.5007,8.3417,8.1827,8.0236,7.8644,7.7052,7.5459,7.3865,7.2271,7.0491,6.865,6.6808,6.4966,6.3123,6.128,5.9437,5.7593,5.5749,5.3857,5.1679,4.95,4.7321,4.5142,4.2964,4.0786,3.8608,3.6431,3.4254,3.2875,3.2221,3.1569,3.0918,3.0269,2.9622,2.8977,2.8334,2.7693,2.7054,2.7324,2.7691,2.8061,2.8435,2.8813,2.9196,2.9583,2.9975,3.0372,3.1153,3.2863,3.4576,3.6294,3.8015,3.9739,4.1468,4.32,4.4937,4.6678,4.8182,4.9571,5.0963,5.2357,5.3754,5.5153,5.6554,5.7958,5.9365,6.0748,6.1676,6.2605,6.3534,6.4462,6.5391,6.632,6.7248,6.8176,6.9104,6.9514,6.9251,6.8986,6.872,6.8453,6.8184,6.7913,6.7641,6.7367,6.7092,6.6313,6.5419,6.4525,6.3629,6.2733,6.1835,6.0936,6.0037,5.9136,5.8146,5.6785,5.5425,5.4064,5.2704,5.1343,4.9982,4.862,4.7259,4.5897,4.5222,4.5067,4.491,4.4751,4.4589,4.4426,4.426,4.4092,4.3922,4.3749,4.3111,4.2441,4.1769,4.1094,4.0416,3.9734,3.905,3.8363,3.7672,3.6884,3.5885,3.4882,3.3876,3.2866,3.1852,3.0834
11.6604,11.6691,11.678,11.687,11.6963,11.7057,11.7153,11.7251,11.7152,11.6427,11.5705,11.4987,11.4271,11.3558,11.2847,11.2139,11.1434,11.0731,10.9732,10.8553,10.7376,10.6203,10.5033,10.3866,10.2701,10.1539,10.0379,9.9222,9.7809,9.6396,9.4981,9.3567,9.2151,9.0735,8.9318,8.79,8.6482,8.5009,8.3444,8.1878,8.0311,7.8744,7.7176,7.5607,7.4038,7.2468,7.0897,6.9152,6.7352,6.555,6.3748,6.1946,6.0143,5.8339,5.6536,5.4732,5.2889,5.0806,4.8724,4.6642,4.456,4.2478,4.0396,3.8315,3.6235,3.4155,3.2893,3.2389,3.1886,3.1384,3.0884,3.0386,2.989,2.9396,2.8905,2.8416,2.8877,2.9447,3.0022,3.06,3.1182,3.1768,3.2359,3.2955,3.3556,3.45,3.6318,3.814,3.9965,4.1794,4.3627,4.5463,4.7304,4.9149,5.0998,5.2565,5.3986,5.5409,5.6835,5.8264,5.9695,6.1128,6.2564,6.4003,6.5423,6.6308,6.7193,6.8078,6.8963,6.9848,7.0733,7.1618,7.2503,7.3387,7.3768,7.3439,7.3108,7.2776,7.2443,7.2108,7.1772,7.1434,7.1095,7.0753,6.9941,6.9003,6.8065,6.7126,6.6186,6.5245,6.4303,6.336,6.2415,6.1397,6.0015,5.8633,5.725,5.5868,5.4485,5.3102,5.1719,5.0335,4.8952,4.8204,4.7999,4.7792,4.7583,4.7372,4.7159,4.6943,4.6725,4.6505,4.6282,4.5606,4.4881,4.4155,4.3425,4.2692,4.1956,4.1217,4.0475,3.973,3.8896,3.7837,3.6775,3.5708,3.4638,3.3564,3.2485
11.7667,11.7707,11.7749,11.7793,11.7838,11.7886,11.7935,11.7986,11.7816,11.6994,11.6176,11.5361,11.4549,11.3739,11.2932,11.2128,11.1326,11.0526,10.9393,10.8066,10.6743,10.5422,10.4105,10.279,10.1478,10.0168,9.8861,9.7555,9.615,9.4744,9.3337,9.193,9.0522,8.9113,8.7704,8.6294,8.4883,8.3422,8.1881,8.0339,7.8796,7.7252,7.5708,7.4163,7.2617,7.1071,6.9524,6.7814,6.6054,6.4292,6.253,6.0768,5.9005,5.7242,5.5478,5.3714,5.1919,4.9934,4.7948,4.5962,4.3977,4.1991,4.0006,3.8022,3.6038,3.4054,3.291,3.2555,3.2201,3.1849,3.1498,3.1149,3.0802,3.0457,3.0115,2.9775,3.0427,3.1201,3.1979,3.2761,3.3547,3.4337,3.5132,3.5931,3.6736,3.7846,3.9772,4.1701,4.3634,4.5571,4.7512,4.9456,5.1405,5.3358,5.5314,5.6946,5.8399,5.9855,6.1313,6.2773,6.4236,6.5701,6.7169,6.864,7.0099,7.0941,7.1783,7.2624,7.3466,7.4307,7.5149,7.599,7.6831,7.7672,7.8024,7.7629,7.7233,7.6836,7.6437,7.6036,7.5634,7.523,7.4825,7.4418,7.3571,7.259,7.1608,7.0625,6.9642,6.8657,6.7672,6.6685,6.5697,6.465,6.3246,6.1842,6.0438,5.9033,5.7629,5.6224,5.4819,5.3413,5.2008,5.1189,5.0934,5.0678,5.0419,5.0158,4.9894,4.9629,4.9361,4.9091,4.8819,4.8104,4.7325,4.6544,4.5759,4.4972,4.4182,4.3388,4.2592,4.1792,4.0913,3.9794,3.8671,3.7545,3.6414,3.528,3.4142
11.8729,11.8722,11.8717,11.8714,11.8713,11.8713,11.8716,11.872,11.8476,11.7559,11.6644,11.5733,11.4824,11.3918,11.3015,11.2114,11.1216,11.032,10.9051,10.7577,10.6106,10.4638,10.3173,10.1711,10.0252,9.8795,9.734,9.5888,9.449,9.3092,9.1693,9.0293,8.8892,8.7491,8.6089,8.4687,8.3284,8.1836,8.0318,7.88,7.728,7.576,7.424,7.2718,7.1196,6.9674,6.815,6.6477,6.4756,6.3035,6.1313,5.9591,5.7868,5.6145,5.4421,5.2697,5.095,4.9061,4.7172,4.5283,4.3393,4.1505,3.9616,3.7728,3.584,3.3953,3.2926,3.272,3.2515,3.2312,3.211,3.191,3.1712,3.1517,3.1323,3.1132,3.1973,3.2951,3.3933,3.4918,3.5908,3.6902,3.79,3.8904,3.9912,4.1189,4.3223,4.526,4.7301,4.9346,5.1394,5.3447,5.5503,5.7564,5.9628,6.1327,6.2812,6.4299,6.5789,6.7281,6.8776,7.0273,7.1773,7.3276,7.4778,7.5576,7.6374,7.7172,7.797,7.8768,7.9565,8.0363,8.1161,8.1958,8.2283,8.1823,8.1361,8.0897,8.0433,7.9967,7.9499,7.9029,7.8558,7.8086,7.7202,7.6178,7.5153,7.4127,7.31,7.2072,7.1043,7.0013,6.8981,6.7904,6.6478,6.5052,6.3626,6.22,6.0773,5.9347,5.792,5.6492,5.5065,5.4177,5.3873,5.3566,5.3257,5.2946,5.2633,5.2318,5.2,5.1681,5.1358,5.0606,4.9773,4.8937,4.8098,4.7256,4.6411,4.5563,4.4712,4.3858,4.2934,4.1755,4.0572,3.9386,3.8195,3.7001,3.5803
11.9788,11.9735,11.9683,11.9633,11.9586,11.954,11.9495,11.9453,11.9134,11.812,11.7109,11.6102,11.5096,11.4094,11.3095,11.2097,11.1103,11.0111,10.8705,10.7084,10.5466,10.3851,10.2239,10.0629,9.9022,9.7418,9.5816,9.4221,9.2831,9.144,9.0048,8.8656,8.7263,8.5869,8.4475,8.308,8.1685,8.025,7.8756,7.7261,7.5765,7.4269,7.2772,7.1274,6.9776,6.8277,6.6777,6.5139,6.3458,6.1777,6.0095,5.8413,5.673,5.5047,5.3364,5.168,4.9981,4.8188,4.6395,4.4602,4.281,4.1017,3.9225,3.7433,3.5642,3.3851,3.294,3.2883,3.2827,3.2773,3.272,3.2669,3.2621,3.2574,3.2529,3.2487,3.3517,3.4698,3.5883,3.7072,3.8265,3.9463,4.0665,4.1872,4.3083,4.4529,4.6671,4.8816,5.0965,5.3118,5.5274,5.7434,5.9598,6.1767,6.3939,6.5706,6.7223,6.8743,7.0264,7.1789,7.3315,7.4844,7.6376,7.791,7.9447,8.0212,8.0966,8.1721,8.2475,8.323,8.3984,8.4738,8.5492,8.6246,8.6545,8.6019,8.5491,8.4962,8.4432,8.39,8.3367,8.2831,8.2295,8.1756,8.0836,7.9768,7.87,7.763,7.656,7.5488,7.4416,7.3342,7.2268,7.1159,6.9712,6.8264,6.6816,6.5367,6.3919,6.2471,6.1022,5.9573,5.8124,5.7168,5.6814,5.6457,5.6099,5.5738,5.5375,5.501,5.4643,5.4273,5.3901,5.3112,5.2224,5.1334,5.044,4.9544,4.8644,4.7742,4.6836,4.5927,4.496,4.3721,4.2478,4.1231,3.9981,3.8727,3.7468
12.0846,12.0746,12.0648,12.0551,12.0457,12.0364,12.0273,12.0184,11.9789,11.8679,11.7572,11.6468,11.5366,11.4268,11.3172,11.2079,11.0988,10.9899,10.8356,10.6588,10.4822,10.306,10.1301,9.9544,9.779,9.6039,9.429,9.2555,9.1172,8.9788,8.8404,8.7019,8.5634,8.4248,8.2861,8.1474,8.0086,7.8665,7.7194,7.5723,7.425,7.2778,7.1304,6.983,6.8355,6.688,6.5404,6.3802,6.2161,6.052,5.8878,5.7236,5.5593,5.395,5.2306,5.0663,4.9011,4.7315,4.5618,4.3922,4.2225,4.0529,3.8833,3.7138,3.5443,3.3749,3.2954,3.3045,3.3138,3.3233,3.3329,3.3427,3.3527,3.3629,3.3733,3.384,3.5058,3.6442,3.7831,3.9223,4.062,4.202,4.3426,4.4836,4.6251,4.7868,5.0117,5.237,5.4627,5.6887,5.9151,6.1419,6.3691,6.5967,6.8247,7.0085,7.1634,7.3185,7.4739,7.6295,7.7854,7.9415,8.0978,8.2544,8.4113,8.4849,8.556,8.6271,8.6982,8.7693,8.8404,8.9115,8.9825,9.0536,9.0809,9.0217,8.9624,8.903,8.8434,8.7836,8.7237,8.6636,8.6034,8.543,8.4472,8.3361,8.2249,8.1136,8.0022,7.8907,7.7791,7.6674,7.5556,7.4416,7.2946,7.1476,7.0006,6.8536,6.7066,6.5596,6.4125,6.2655,6.1183,6.0162,5.9758,5.9352,5.8943,5.8533,5.812,5.7706,5.7288,5.6869,5.6447,5.5621,5.4679,5.3734,5.2786,5.1835,5.0881,4.9924,4.8964,4.8001,4.6989,4.569,4.4388,4.3081,4.1771,4.0457,3.9139
12.1902,12.1755,12.1611,12.1468,12.1326,12.1187,12.105,12.0914,12.0441,11.9235,11.8031,11.6831,11.5634,11.4439,11.3247,11.2057,11.087,10.9686,10.8004,10.6088,10.4176,10.2267,10.036,9.8456,9.6555,9.4657,9.2761,9.0888,8.9513,8.8137,8.676,8.5383,8.4005,8.2626,8.1247,7.9867,7.8487,7.7079,7.5632,7.4184,7.2736,7.1287,6.9837,6.8386,6.6935,6.5483,6.4031,6.2464,6.0864,5.9262,5.7661,5.6058,5.4456,5.2853,5.1249,4.9645,4.8042,4.6441,4.4841,4.3241,4.1641,4.0041,3.8441,3.6842,3.5243,3.3645,3.2966,3.3206,3.3448,3.3691,3.3936,3.4183,3.4432,3.4682,3.4935,3.5191,3.6595,3.8183,3.9775,4.137,4.297,4.4574,4.6183,4.7796,4.9414,5.1204,5.3561,5.5922,5.8286,6.0654,6.3026,6.5401,6.7781,7.0164,7.2552,7.4463,7.6044,7.7627,7.9212,8.08,8.2391,8.3984,8.5579,8.7177,8.8778,8.9488,9.0156,9.0823,9.1491,9.2158,9.2826,9.3493,9.416,9.4827,9.5076,9.4419,9.376,9.31,9.2438,9.1775,9.1111,9.0444,8.9776,8.9107,8.811,8.6955,8.58,8.4644,8.3486,8.2328,8.1169,8.0008,7.8847,7.7673,7.6182,7.469,7.3198,7.1707,7.0215,6.8722,6.723,6.5737,6.4245,6.3159,6.2705,6.2249,6.1791,6.1331,6.0863,6.0376,5.989,5.9405,5.8922,5.8052,5.7053,5.6057,5.5062,5.4068,5.3077,5.2087,5.11,5.0114,4.9098,4.7805,4.6516,4.5231,4.3952,4.2678,4.1408
12.2951,12.2763,12.2572,12.2382,12.2195,12.2009,12.1825,12.1642,12.109,11.9788,11.8488,11.7192,11.5898,11.4608,11.3319,11.2034,11.0751,10.947,10.7648,10.5585,10.3526,10.147,9.9416,9.7366,9.5318,9.3272,9.1229,8.9222,8.7854,8.6486,8.5116,8.3747,8.2376,8.1005,7.9633,7.8261,7.6888,7.5494,7.4071,7.2646,7.1221,6.9796,6.8369,6.6942,6.5515,6.4087,6.2658,6.1127,5.9567,5.8005,5.6443,5.4881,5.3318,5.1755,5.0192,4.8628,4.7072,4.5568,4.4064,4.256,4.1056,3.9552,3.8049,3.6546,3.5043,3.3541,3.2977,3.3366,3.3756,3.4148,3.4542,3.4937,3.5334,3.5734,3.6135,3.654,3.813,3.9921,4.1716,4.3514,4.5317,4.7124,4.8936,5.0752,5.2574,5.4538,5.7003,5.9471,6.1943,6.4419,6.6898,6.9381,7.1868,7.4359,7.6855,7.884,8.0453,8.2068,8.3685,8.5305,8.6927,8.8552,9.0179,9.1809,9.3441,9.4129,9.4753,9.5369,9.5961,9.655,9.7139,9.7725,9.8309,9.8892,9.9077,9.832,9.7562,9.6804,9.6046,9.5287,9.4527,9.3767,9.3006,9.2244,9.1183,8.9962,8.8741,8.7521,8.6301,8.5082,8.3863,8.2645,8.1427,8.0207,7.8672,7.7139,7.5605,7.4072,7.254,7.1009,6.9478,6.7947,6.6417,6.5265,6.4778,6.4292,6.3807,6.3323,6.284,6.2358,6.1876,6.1396,6.0916,6.0077,5.9095,5.8115,5.7137,5.616,5.5185,5.4213,5.3242,5.2272,5.1287,5.0049,4.8816,4.7587,4.6364,4.5145,4.3931
12.3033,12.2743,12.2458,12.2176,12.1899,12.1624,12.1353,12.1086,12.0454,11.9127,11.7801,11.6476,11.5151,11.3828,11.2505,11.1182,10.9861,10.8539,10.6636,10.4486,10.2338,10.0191,9.8045,9.59,9.3757,9.1614,8.9473,8.7377,8.5992,8.4608,8.3223,8.1838,8.0453,7.9068,7.7683,7.6297,7.4911,7.3511,7.2092,7.0672,6.9252,6.7831,6.6409,6.4987,6.3564,6.214,6.0716,5.9189,5.7631,5.6072,5.4513,5.2953,5.1392,4.9831,4.8268,4.6705,4.5164,4.3774,4.2384,4.0993,3.9601,3.821,3.6819,3.5427,3.4036,3.2645,3.2184,3.2681,3.3179,3.3677,3.4176,3.4675,3.5175,3.5676,3.6178,3.668,3.8482,4.0518,4.2557,4.4602,4.6652,4.8707,5.0767,5.2834,5.4907,5.7081,5.962,6.2162,6.4706,6.7253,6.9802,7.2354,7.4909,7.7467,8.0028,8.2046,8.3644,8.5243,8.6843,8.8444,9.0046,9.1649,9.3253,9.4857,9.6463,9.7075,9.7599,9.8122,9.8643,9.9163,9.9681,10.0197,10.0711,10.1224,10.1377,10.059,9.9804,9.9016,9.8229,9.744,9.6651,9.5862,9.5072,9.4281,9.3216,9.1991,9.0766,8.9541,8.8317,8.7093,8.587,8.4647,8.3424,8.2202,8.0671,7.9136,7.7601,7.6066,7.4532,7.2999,7.1466,6.9934,6.8402,6.722,6.6737,6.6256,6.5775,6.5295,6.4817,6.4339,6.3862,6.3386,6.2911,6.2101,6.1136,6.0172,5.9211,5.8251,5.7293,5.6337,5.5382,5.443,5.3473,5.229,5.1112,4.9939,4.8771,4.7608,4.645
12.311,12.2707,12.2308,12.1913,12.1521,12.1133,12.0749,12.0367,11.9633,11.8268,11.6903,11.554,11.4177,11.2815,11.1454,11.0093,10.8733,10.7374,10.5393,10.3164,10.0937,9.8711,9.6487,9.4263,9.2041,8.9819,8.7599,8.5434,8.4015,8.2597,8.1178,7.976,7.8341,7.6921,7.5502,7.4082,7.2662,7.1236,6.98,6.8364,6.6927,6.5489,6.4051,6.2612,6.1173,5.9733,5.8292,5.6734,5.5143,5.3552,5.1959,5.0366,4.8772,4.7178,4.5582,4.3985,4.2433,4.1176,3.9918,3.866,3.7402,3.6143,3.4884,3.3626,3.2367,3.111,3.0751,3.1337,3.1923,3.2509,3.3096,3.3683,3.4272,3.4861,3.545,3.6041,3.8093,4.042,4.2753,4.509,4.7432,4.9779,5.2132,5.4491,5.6857,5.9276,6.1893,6.4512,6.7134,6.9758,7.2385,7.5015,7.7648,8.0283,8.2922,8.4987,8.6585,8.8184,8.9784,9.1385,9.2987,9.459,9.6193,9.7798,9.9404,9.997,10.0424,10.0877,10.1328,10.1778,10.2226,10.2672,10.3116,10.3558,10.3678,10.2862,10.2046,10.123,10.0413,9.9595,9.8777,9.7959,9.7139,9.6319,9.525,9.402,9.279,9.1561,9.0332,8.9104,8.7876,8.6648,8.5421,8.4195,8.267,8.1133,7.9596,7.806,7.6525,7.4989,7.3455,7.1921,7.0387,6.9174,6.8696,6.8219,6.7743,6.7268,6.6793,6.632,6.5847,6.5376,6.4905,6.4124,6.3175,6.2228,6.1284,6.034,5.9399,5.846,5.7522,5.6586,5.5652,5.4527,5.3405,5.2287,5.1175,5.0067,4.8965
12.3183,12.2667,12.2154,12.1645,12.114,12.0638,12.014,11.9645,11.881,11.7407,11.6004,11.4603,11.3202,11.1801,11.0402,10.9003,10.7605,10.6207,10.4148,10.1841,9.9535,9.723,9.4927,9.2624,9.0323,8.8023,8.5724,8.349,8.2038,8.0585,7.9133,7.768,7.6227,7.4774,7.3321,7.1867,7.0414,6.896,6.7508,6.6055,6.4602,6.3148,6.1693,6.0237,5.8781,5.7325,5.5867,5.428,5.2656,5.1031,4.9406,4.7779,4.6152,4.4524,4.2896,4.1266,3.9702,3.8578,3.7453,3.6327,3.5201,3.4075,3.2949,3.1824,3.0698,2.9573,2.9318,2.9992,3.0666,3.134,3.2015,3.2691,3.3367,3.4044,3.4722,3.5401,3.7699,4.0319,4.2943,4.5572,4.8207,5.0846,5.3492,5.6143,5.8801,6.147,6.4164,6.6861,6.956,7.2262,7.4967,7.7674,8.0384,8.3097,8.5813,8.7929,8.9527,9.1126,9.2725,9.4326,9.5928,9.7531,9.9134,10.0739,10.2345,10.2868,10.3252,10.3635,10.4016,10.4395,10.4773,10.5149,10.5523,10.5896,10.598,10.5135,10.429,10.3444,10.2598,10.1751,10.0904,10.0056,9.9208,9.8359,9.7284,9.605,9.4815,9.3582,9.2348,9.1115,8.9883,8.865,8.7419,8.6187,8.467,8.3131,8.1592,8.0054,7.8517,7.698,7.5444,7.3908,7.2373,7.1128,7.0655,7.0182,6.971,6.924,6.877,6.8301,6.7833,6.7366,6.6899,6.6145,6.5214,6.4284,6.3355,6.2429,6.1504,6.0581,5.966,5.8741,5.7824,5.6759,5.5693,5.4631,5.3574,5.2522,5.1475
12.3252,12.2622,12.1996,12.1374,12.0755,12.014,11.9528,11.892,11.7987,11.6545,11.5104,11.3664,11.2225,11.0787,10.9349,10.7912,10.6475,10.5039,10.2901,10.0515,9.813,9.5747,9.3365,9.0984,8.8604,8.6225,8.3847,8.1546,8.006,7.8574,7.7087,7.5601,7.4114,7.2627,7.114,6.9652,6.8164,6.6685,6.5216,6.3746,6.2276,6.0806,5.9334,5.7862,5.639,5.4917,5.3443,5.1826,5.0168,4.851,4.6852,4.5192,4.3532,4.1871,4.0209,3.8546,3.6971,3.5979,3.4987,3.3994,3.3001,3.2007,3.1014,3.0021,2.9027,2.8035,2.7884,2.8646,2.9408,3.0171,3.0934,3.1697,3.2461,3.3226,3.3992,3.4759,3.73,4.0212,4.3129,4.605,4.8977,5.1908,5.4846,5.7789,6.0739,6.3662,6.6434,6.9208,7.1985,7.4764,7.7546,8.0331,8.3119,8.5909,8.8703,9.0871,9.2468,9.4067,9.5667,9.7267,9.8869,10.0472,10.2075,10.368,10.5285,10.5768,10.6082,10.6395,10.6706,10.7016,10.7323,10.7629,10.7933,10.8236,10.8283,10.7409,10.6535,10.566,10.4785,10.3909,10.3032,10.2155,10.1278,10.04,9.9319,9.808,9.6841,9.5602,9.4364,9.3127,9.189,9.0653,8.9416,8.8181,8.6669,8.5128,8.3588,8.2048,8.0509,7.8971,7.7433,7.5895,7.4358,7.3082,7.2613,7.2145,7.1678,7.1211,7.0746,7.0281,6.9818,6.9355,6.8893,6.8166,6.7251,6.6337,6.5426,6.4516,6.3608,6.2702,6.1797,6.0895,5.9994,5.8988,5.7977,5.6971,5.5969,5.4973,5.3981
12.3318,12.2574,12.1834,12.1098,12.0366,11.9638,11.8913,11.8191,11.7162,11.5682,11.4203,11.2725,11.1248,10.9771,10.8295,10.6819,10.5345,10.3871,10.1652,9.9188,9.6724,9.4262,9.1802,8.9342,8.6883,8.4426,8.1969,7.9601,7.8081,7.6561,7.5041,7.352,7.2,7.0479,6.8958,6.7436,6.5914,6.4409,6.2923,6.1437,5.9951,5.8464,5.6976,5.5487,5.3998,5.2508,5.1018,4.9371,4.7681,4.599,4.4298,4.2605,4.0912,3.9218,3.7523,3.5827,3.4239,3.338,3.252,3.166,3.0799,2.9938,2.9077,2.8217,2.7356,2.6496,2.645,2.73,2.815,2.9,2.9851,3.0702,3.1555,3.2408,3.3261,3.4116,3.6897,4.0101,4.331,4.6523,4.9741,5.2965,5.6194,5.9429,6.2671,6.5852,6.8701,7.1553,7.4408,7.7265,8.0124,8.2986,8.5852,8.8719,9.159,9.3812,9.541,9.7009,9.8608,10.0209,10.181,10.3413,10.5016,10.6621,10.8226,10.8671,10.8915,10.9158,10.9399,10.9638,10.9876,11.0112,11.0346,11.0579,11.0587,10.9684,10.8781,10.7877,10.6972,10.6067,10.5162,10.4256,10.3349,10.2442,10.1353,10.011,9.8866,9.7623,9.638,9.5138,9.3897,9.2655,9.1414,9.0174,8.8668,8.7126,8.5584,8.4042,8.2502,8.0961,7.9422,7.7882,7.6344,7.5036,7.4571,7.4107,7.3645,7.3183,7.2722,7.2261,7.1802,7.1344,7.0886,7.0186,6.9287,6.839,6.7495,6.6602,6.5711,6.4821,6.3933,6.3048,6.2164,6.1213,6.0257,5.9306,5.836,5.7419,5.6483
12.3379,12.2522,12.1669,12.0819,11.9974,11.9132,11.8293,11.7458,11.6336,11.4818,11.3301,11.1785,11.0269,10.8754,10.724,10.5726,10.4213,10.2701,10.0402,9.7859,9.5317,9.2776,9.0237,8.7698,8.5161,8.2625,8.0089,7.7656,7.6102,7.4548,7.2994,7.144,6.9885,6.833,6.6775,6.522,6.3664,6.2133,6.0631,5.9128,5.7625,5.6122,5.4617,5.3112,5.1607,5.01,4.8593,4.6916,4.5193,4.3469,4.1744,4.0018,3.8292,3.6564,3.4836,3.3107,3.1508,3.0781,3.0053,2.9325,2.8597,2.7869,2.714,2.6412,2.5684,2.4956,2.5015,2.5952,2.689,2.7828,2.8767,2.9707,3.0647,3.1588,3.2529,3.3472,3.649,3.9986,4.3486,4.6991,5.0501,5.4016,5.7537,6.1064,6.4597,6.8041,7.0968,7.3897,7.6829,7.9763,8.27,8.564,8.8582,9.1528,9.4476,9.6754,9.8351,9.995,10.1549,10.315,10.4751,10.6354,10.7957,10.9561,11.1167,11.1575,11.175,11.1923,11.2094,11.2263,11.2431,11.2598,11.2762,11.2924,11.2893,11.196,11.1028,11.0095,10.9161,10.8227,10.7293,10.6358,10.5422,10.4485,10.3388,10.214,10.0892,9.9644,9.8397,9.715,9.5904,9.4658,9.3413,9.2168,9.0668,8.9123,8.758,8.6037,8.4494,8.2952,8.1411,7.987,7.8329,7.6989,7.6529,7.607,7.5611,7.5154,7.4697,7.4241,7.3786,7.3333,7.288,7.2204,7.1322,7.0442,6.9564,6.8687,6.7812,6.6939,6.6068,6.5199,6.4332,6.3433,6.2533,6.1638,6.0747,5.9862,5.8981
12.3436,12.2466,12.1499,12.0537,11.9578,11.8623,11.7671,11.6722,11.5509,11.3953,11.2398,11.0843,10.9289,10.7736,10.6184,10.4632,10.3081,10.1531,9.915,9.6528,9.3907,9.1288,8.867,8.6053,8.3437,8.0822,7.8208,7.571,7.4122,7.2535,7.0946,6.9358,6.777,6.6181,6.4592,6.3003,6.1414,5.9857,5.8338,5.6819,5.53,5.3779,5.2258,5.0737,4.9215,4.7692,4.6168,4.4461,4.2705,4.0948,3.919,3.7431,3.5671,3.3911,3.215,3.0388,2.8776,2.8181,2.7586,2.699,2.6394,2.5798,2.5202,2.4606,2.4011,2.3415,2.3579,2.4604,2.563,2.6656,2.7683,2.871,2.9738,3.0767,3.1796,3.2827,3.6079,3.9866,4.3658,4.7454,5.1256,5.5062,5.8875,6.2693,6.6518,7.0228,7.3232,7.6239,7.9248,8.2259,8.5274,8.8291,9.1311,9.4334,9.7359,9.9696,10.1293,10.2891,10.4491,10.6091,10.7692,10.9295,11.0898,11.2502,11.4107,11.4483,11.4587,11.469,11.4791,11.4891,11.4989,11.5086,11.518,11.5273,11.5199,11.4238,11.3276,11.2314,11.1352,11.0389,10.9425,10.8461,10.7496,10.653,10.5423,10.417,10.2918,10.1665,10.0414,9.9162,9.7912,9.6661,9.5411,9.4161,9.2667,9.1121,8.9576,8.8031,8.6487,8.4943,8.34,8.1857,8.0315,7.8943,7.8487,7.8032,7.7578,7.7124,7.6672,7.6221,7.577,7.5321,7.4872,7.4221,7.3356,7.2492,7.1631,7.0771,6.9913,6.9056,6.8202,6.7349,6.6499,6.565,6.4805,6.3965,6.313,6.23,6.1475
12.3489,12.2406,12.1326,12.025,11.9178,11.8109,11.7044,11.5983,11.4681,11.3087,11.1493,10.9901,10.8309,10.6718,10.5127,10.3537,10.1948,10.0359,9.7896,9.5195,9.2496,8.9798,8.7102,8.4406,8.1712,7.9019,7.6326,7.3764,7.2142,7.052,6.8899,6.7277,6.5654,6.4032,6.2409,6.0786,5.9163,5.758,5.6045,5.451,5.2974,5.1437,4.99,4.8362,4.6823,4.5284,4.3743,4.2006,4.0217,3.8426,3.6635,3.4844,3.3051,3.1258,2.9464,2.7668,2.6044,2.5581,2.5118,2.4655,2.4191,2.3728,2.3264,2.28,2.2336,2.1873,2.2142,2.3255,2.4369,2.5483,2.6597,2.7712,2.8828,2.9944,3.1062,3.218,3.5663,3.9742,4.3825,4.7912,5.2005,5.6103,6.0207,6.4316,6.8432,7.2413,7.5495,7.8579,8.1665,8.4754,8.7846,9.094,9.4037,9.7138,10.0241,10.2637,10.4234,10.5833,10.7432,10.9032,11.0633,11.2236,11.3839,11.5443,11.7048,11.7392,11.7427,11.746,11.7492,11.7522,11.755,11.7576,11.7601,11.7624,11.7507,11.6517,11.5526,11.4535,11.3543,11.2551,11.1558,11.0565,10.9571,10.8576,10.7458,10.6201,10.4944,10.3687,10.2431,10.1175,9.9919,9.8664,9.741,9.6156,9.4667,9.3119,9.1572,9.0026,8.8479,8.6934,8.5389,8.3845,8.2301,8.0896,8.0444,7.9993,7.9544,7.9095,7.8647,7.82,7.7754,7.7309,7.6865,7.6237,7.5389,7.4542,7.3697,7.2853,7.2012,7.1172,7.0334,6.9499,6.8664,6.7862,6.7073,6.6288,6.5509,6.4734,6.3964
12.3538,12.2342,12.1149,11.996,11.8775,11.7593,11.6415,11.524,11.3852,11.222,11.0588,10.8957,10.7327,10.5698,10.4069,10.2441,10.0814,9.9187,9.664,9.3861,9.1083,8.8307,8.5532,8.2758,7.9985,7.7213,7.4442,7.1817,7.0161,6.8506,6.685,6.5194,6.3538,6.1882,6.0226,5.8569,5.6912,5.5304,5.3752,5.22,5.0648,4.9094,4.7541,4.5986,4.4431,4.2875,4.1319,3.9551,3.7728,3.5905,3.4081,3.2256,3.0431,2.8604,2.6777,2.4949,2.3311,2.2981,2.265,2.2319,2.1988,2.1656,2.1324,2.0993,2.0661,2.033,2.0705,2.1906,2.3107,2.4309,2.5511,2.6713,2.7917,2.9121,3.0326,3.1532,3.5243,3.9613,4.3987,4.8366,5.2749,5.7139,6.1533,6.5934,7.0341,7.4597,7.7756,8.0917,8.4081,8.7247,9.0416,9.3588,9.6762,9.9939,10.312,10.5579,10.7176,10.8774,11.0373,11.1973,11.3575,11.5177,11.678,11.8384,11.9989,12.0304,12.0269,12.0232,12.0194,12.0154,12.0113,12.007,12.0025,11.9978,11.9816,11.8797,11.7777,11.6757,11.5736,11.4715,11.3693,11.2671,11.1648,11.0624,10.9494,10.8232,10.697,10.5709,10.4448,10.3187,10.1927,10.0668,9.9409,9.815,9.6667,9.5117,9.3568,9.202,9.0472,8.8925,8.7378,8.5832,8.4287,8.2848,8.2401,8.1955,8.151,8.1065,8.0622,8.0179,7.9738,7.9297,7.8857,7.8253,7.7421,7.659,7.5762,7.4935,7.411,7.3287,7.2466,7.1646,7.0829,7.0071,6.9337,6.8608,6.7883,6.7164,6.6449
12.3584,12.2274,12.0968,11.9666,11.8367,11.7073,11.5781,11.4493,11.3022,11.1351,10.9681,10.8012,10.6344,10.4677,10.301,10.1344,9.9679,9.8014,9.5382,9.2525,8.9669,8.6814,8.3961,8.1108,7.8257,7.5407,7.2557,6.9869,6.818,6.6491,6.4801,6.3112,6.1422,5.9732,5.8041,5.6351,5.466,5.3027,5.1459,4.989,4.8321,4.6752,4.5181,4.361,4.2039,4.0466,3.8893,3.7096,3.524,3.3384,3.1527,2.9669,2.781,2.5951,2.4091,2.223,2.0579,2.0381,2.0182,1.9983,1.9783,1.9584,1.9384,1.9185,1.8986,1.8787,1.9267,2.0555,2.1844,2.3133,2.4423,2.5714,2.7005,2.8297,2.9589,3.0883,3.4819,3.9479,4.4144,4.8814,5.3489,5.8169,6.2854,6.7546,7.2244,7.6779,8.0015,8.3254,8.6495,8.9738,9.2984,9.6233,9.9485,10.2739,10.5997,10.852,11.0117,11.1716,11.3315,11.4915,11.6516,11.8118,11.9721,12.1324,12.2929,12.3219,12.3114,12.3007,12.2899,12.279,12.2679,12.2566,12.2451,12.2334,12.2126,12.1078,12.0029,11.898,11.793,11.688,11.5829,11.4777,11.3725,11.2673,11.1529,11.0263,10.8996,10.7731,10.6465,10.52,10.3936,10.2671,10.1408,10.0144,9.8666,9.7115,9.5565,9.4015,9.2465,9.0916,8.9368,8.782,8.6273,8.4801,8.4358,8.3916,8.3475,8.3035,8.2596,8.2158,8.1721,8.1285,8.0849,8.0267,7.9451,7.8637,7.7826,7.7015,7.6207,7.5401,7.4596,7.3793,7.2992,7.2275,7.1597,7.0923,7.0254,6.9589,6.893
12.3625,12.2202,12.0783,11.9368,11.7957,11.6549,11.5144,11.3743,11.219,11.0481,10.8774,10.7067,10.536,10.3655,10.195,10.0246,9.8543,9.684,9.4122,9.1187,8.8252,8.5319,8.2387,7.9457,7.6527,7.3598,7.067,6.7921,6.6198,6.4475,6.2752,6.1028,5.9305,5.7581,5.5857,5.4133,5.2408,5.075,4.9166,4.7581,4.5995,4.4409,4.2822,4.1235,3.9647,3.8058,3.6468,3.464,3.2752,3.0862,2.8972,2.7082,2.519,2.3298,2.1405,1.951,1.7846,1.778,1.7713,1.7646,1.7579,1.7511,1.7443,1.7376,1.7309,1.7242,1.7828,1.9204,2.0581,2.1957,2.3335,2.4713,2.6092,2.7471,2.8852,3.0233,3.439,3.9342,4.4297,4.9257,5.4223,5.9194,6.417,6.9152,7.4141,7.896,8.2273,8.5589,8.8907,9.2228,9.5551,9.8877,10.2206,10.5537,10.8872,11.1462,11.3059,11.4657,11.6256,11.7856,11.9457,12.1059,12.2661,12.4265,12.587,12.6135,12.5961,12.5785,12.5607,12.5428,12.5247,12.5064,12.488,12.4694,12.4437,12.336,12.2282,12.1204,12.0125,11.9046,11.7966,11.6886,11.5805,11.4723,11.3565,11.2294,11.1023,10.9753,10.8483,10.7213,10.5944,10.4675,10.3407,10.2139,10.0666,9.9113,9.7561,9.6009,9.4458,9.2908,9.1357,8.9808,8.8259,8.6753,8.6314,8.5877,8.5441,8.5005,8.457,8.4137,8.3704,8.3272,8.2841,8.2279,8.1481,8.0684,7.9888,7.9095,7.8303,7.7513,7.6725,7.5939,7.5154,7.4476,7.3852,7.3234,7.262,7.2011,7.1407
12.3662,12.2126,12.0594,11.9066,11.7542,11.6021,11.4504,11.299,11.1357,10.9611,10.7865,10.612,10.4376,10.2632,10.0889,9.9147,9.7406,9.5665,9.2861,8.9847,8.6834,8.3823,8.0813,7.7804,7.4796,7.1789,6.8782,6.5972,6.4215,6.2459,6.0702,5.8945,5.7187,5.543,5.3672,5.1914,5.0156,4.8473,4.6872,4.5271,4.3669,4.2066,4.0463,3.8859,3.7254,3.5649,3.4043,3.2185,3.0263,2.8341,2.6418,2.4494,2.257,2.0644,1.8718,1.6791,1.5113,1.5179,1.5244,1.5309,1.5373,1.5438,1.5502,1.5566,1.5631,1.5696,1.6388,1.7852,1.9316,2.0781,2.2246,2.3711,2.5177,2.6644,2.8112,2.9581,3.3957,3.9199,4.4445,4.9696,5.4952,6.0213,6.548,7.0753,7.6032,8.1139,8.4529,8.7922,9.1317,9.4715,9.8116,10.1519,10.4925,10.8333,11.1745,11.4404,11.6,11.7598,11.9197,12.0797,12.2398,12.4,12.5602,12.7206,12.8811,12.9054,12.881,12.8565,12.8317,12.8068,12.7818,12.7566,12.7312,12.7056,12.675,12.5643,12.4536,12.3429,12.2321,12.1213,12.0104,11.8995,11.7885,11.6774,11.5601,11.4325,11.305,11.1775,11.0501,10.9226,10.7953,10.668,10.5407,10.4134,10.2666,10.1112,9.9558,9.8004,9.6451,9.4899,9.3347,9.1796,9.0245,8.8704,8.8271,8.7838,8.7406,8.6974,8.6544,8.6115,8.5686,8.5259,8.4832,8.4291,8.3509,8.2729,8.195,8.1173,8.0398,7.9624,7.8853,7.8083,7.7315,7.6672,7.6104,7.5541,7.4982,7.4428,7.388
