13.7474,13.7013,13.6552,13.6092,13.5631,13.5171,13.4711,13.4251,13.3791,13.3339,13.2992,13.2646,13.2299,13.1952,13.1606,13.126,13.0913,13.0567,13.0221,12.9428,12.8439,12.745,12.6461,12.5472,12.4483,12.3493,12.2504,12.1515,12.0999,12.1489,12.1979,12.2471,12.2964,12.3456,12.3949,12.4441,12.4934,12.5427,12.5718,12.5998,12.6277,12.6557,12.6837,12.7116,12.7396,12.7676,12.7955,12.8222,12.8479,12.8736,12.8993,12.925,12.9507,12.9764,13.0021,13.0278,13.0298,12.9362,12.8426,12.749,12.6554,12.5618,12.4681,12.3745,12.2809,12.1873,12.0717,11.9515,11.8312,11.7109,11.5907,11.4704,11.3502,11.2299,11.1097,11.0626,11.1049,11.1476,11.1903,11.2331,11.2759,11.3187,11.3616,11.4045,11.4456,11.4637,11.4818,11.5,11.5182,11.5364,11.5547,11.573,11.5913,11.6097,11.6462,11.6904,11.7345,11.7785,11.8224,11.8662,11.9098,11.9533,11.9967,12.0083,11.9541,11.8999,11.8457,11.7915,11.7373,11.6832,11.629,11.5748,11.5207,11.5042,11.4897,11.475,11.4601,11.445,11.4298,11.4143,11.3987,11.3829,11.383,11.3952,11.4075,11.4197,11.432,11.4442,11.4565,11.4688,11.4811,11.4841,11.4472,11.4102,11.3733,11.3364,11.2995,11.2626,11.2256,11.1887,11.1518,11.108,11.0619,11.0152,10.9678,10.9196,10.8707,10.821,10.7706,10.7194,10.6662,10.611,10.5554,10.4996,10.4435,10.3871,10.3303,10.2733,10.216,10.1583,10.0991,10.0399,9.9806,9.9212,9.8618,9.8024,9.7429,9.6833,9.6237
13.7696,13.7232,13.6769,13.6305,13.5842,13.5379,13.4916,13.4453,13.3991,13.3538,13.3192,13.2845,13.2498,13.2152,13.1805,13.1459,13.1113,13.0766,13.042,12.9626,12.8646,12.7666,12.6686,12.5706,12.4725,12.3745,12.2765,12.1784,12.1266,12.1689,12.2114,12.2539,12.2966,12.3394,12.3822,12.4252,12.4682,12.5113,12.5402,12.5683,12.5964,12.6246,12.6527,12.6808,12.7089,12.7369,12.765,12.7909,12.8153,12.8397,12.8641,12.8884,12.9128,12.9371,12.9614,12.9857,12.9881,12.9018,12.8154,12.7291,12.6428,12.5566,12.4703,12.3841,12.298,12.2119,12.0996,11.9815,11.8634,11.7453,11.6273,11.5093,11.3914,11.2735,11.1556,11.1094,11.1531,11.1969,11.2407,11.2845,11.3284,11.3723,11.4162,11.4602,11.5025,11.5212,11.54,11.5587,11.5776,11.5964,11.6153,11.6342,11.6531,11.6721,11.7055,11.7453,11.7849,11.8245,11.8639,11.9033,11.9425,11.9815,12.0205,12.0306,11.9764,11.9222,11.868,11.8138,11.7597,11.7055,11.6513,11.5972,11.543,11.5219,11.5031,11.4842,11.4652,11.4459,11.4265,11.4069,11.3871,11.3671,11.3648,11.3773,11.3899,11.4024,11.415,11.4275,11.4401,11.4527,11.4653,11.4698,11.4329,11.396,11.3591,11.3222,11.2853,11.2483,11.2114,11.1745,11.1375,11.0851,11.0276,10.9694,10.9106,10.851,10.7907,10.7296,10.6678,10.6052,10.5437,10.4848,10.4257,10.3662,10.3064,10.2464,10.186,10.1254,10.0644,10.0032,9.944,9.8848,9.8255,9.7661,9.7067,9.6473,9.5878,9.5282,9.4686
13.7917,13.7451,13.6985,13.6519,13.6053,13.5587,13.5121,13.4656,13.4191,13.3738,13.3391,13.3044,13.2698,13.2351,13.2005,13.1658,13.1312,13.0966,13.062,12.9824,12.8853,12.7882,12.6911,12.594,12.4968,12.3997,12.3025,12.2053,12.1531,12.1889,12.2247,12.2607,12.2968,12.3329,12.3692,12.4055,12.442,12.4785,12.507,12.5351,12.5633,12.5914,12.6195,12.6476,12.6757,12.7038,12.7319,12.7569,12.7798,12.8027,12.8255,12.8484,12.8712,12.894,12.9168,12.9396,12.9425,12.8641,12.7858,12.7074,12.6291,12.5508,12.4726,12.3944,12.3163,12.2382,12.1292,12.0132,11.8972,11.7813,11.6654,11.5496,11.4338,11.318,11.2023,11.1566,11.2014,11.2462,11.291,11.3359,11.3808,11.4258,11.4708,11.5158,11.5594,11.5788,11.5981,11.6175,11.6369,11.6564,11.6759,11.6954,11.715,11.7346,11.7648,11.8002,11.8354,11.8706,11.9056,11.9405,11.9753,12.0099,12.0444,12.053,11.9988,11.9446,11.8904,11.8362,11.782,11.7278,11.6736,11.6195,11.5653,11.5397,11.5167,11.4937,11.4704,11.447,11.4234,11.3996,11.3756,11.3514,11.3465,11.3594,11.3722,11.3851,11.3979,11.4108,11.4237,11.4366,11.4495,11.4556,11.4187,11.3818,11.3449,11.3079,11.271,11.2341,11.1971,11.1602,11.1233,11.0628,10.994,10.9244,10.8541,10.7831,10.7114,10.6389,10.5656,10.4916,10.4214,10.3589,10.2961,10.233,10.1696,10.106,10.042,9.9777,9.9132,9.8483,9.7889,9.7297,9.6704,9.6111,9.5517,9.4922,9.4327,9.3732,9.3136
13.8139,13.767,13.7201,13.6732,13.6263,13.5795,13.5327,13.4859,13.4391,13.3937,13.359,13.3244,13.2897,13.2551,13.2204,13.1858,13.1512,13.1165,13.0819,13.0023,12.9061,12.8098,12.7136,12.6174,12.5211,12.4249,12.3286,12.2323,12.1795,12.2087,12.238,12.2673,12.2968,12.3264,12.3561,12.3858,12.4157,12.4455,12.4738,12.5019,12.5301,12.5582,12.5864,12.6145,12.6426,12.6707,12.6987,12.7229,12.7443,12.7656,12.787,12.8083,12.8296,12.8509,12.8722,12.8935,12.8968,12.8264,12.7561,12.6857,12.6154,12.5451,12.4749,12.4047,12.3345,12.2644,12.1588,12.0449,11.9311,11.8173,11.7036,11.5899,11.4762,11.3625,11.249,11.2038,11.2496,11.2955,11.3414,11.3873,11.4333,11.4793,11.5253,11.5714,11.6164,11.6363,11.6563,11.6762,11.6963,11.7163,11.7364,11.7566,11.7767,11.797,11.8243,11.8552,11.8861,11.9168,11.9474,11.9778,12.0082,12.0384,12.0685,12.0754,12.0212,11.967,11.9127,11.8585,11.8043,11.7502,11.696,11.6418,11.5876,11.5576,11.5305,11.5033,11.4758,11.4482,11.4204,11.3925,11.3643,11.3359,11.3283,11.3414,11.3546,11.3677,11.3809,11.3941,11.4073,11.4205,11.4337,11.4413,11.4044,11.3675,11.3306,11.2937,11.2568,11.2198,11.1829,11.146,11.109,11.0413,10.961,10.88,10.7983,10.7159,10.6328,10.5489,10.4643,10.3788,10.2994,10.2332,10.1668,10.1001,10.0331,9.9658,9.8982,9.8303,9.7621,9.6936,9.6338,9.5746,9.5153,9.456,9.3966,9.3371,9.2776,9.2181,9.1585
13.836,13.7888,13.7416,13.6945,13.6474,13.6003,13.5532,13.5061,13.4591,13.4136,13.379,13.3443,13.3097,13.275,13.2404,13.2057,13.1711,13.1365,13.1019,13.0221,12.9268,12.8315,12.7362,12.6408,12.5454,12.4501,12.3547,12.2593,12.2059,12.2284,12.2511,12.2739,12.2968,12.3198,12.3429,12.366,12.3893,12.4126,12.4406,12.4688,12.4969,12.5251,12.5532,12.5813,12.6094,12.6375,12.6656,12.6889,12.7087,12.7286,12.7484,12.7682,12.788,12.8078,12.8276,12.8474,12.8511,12.7887,12.7263,12.664,12.6016,12.5393,12.4771,12.4148,12.3527,12.2906,12.1883,12.0766,11.9649,11.8533,11.7417,11.6301,11.5185,11.407,11.2956,11.2509,11.2978,11.3447,11.3917,11.4387,11.4857,11.5328,11.5799,11.627,11.6733,11.6938,11.7144,11.735,11.7556,11.7763,11.797,11.8177,11.8385,11.8593,11.8839,11.9104,11.9368,11.9631,11.9893,12.0154,12.0413,12.0671,12.0928,12.0978,12.0435,11.9893,11.9351,11.8809,11.8267,11.7725,11.7183,11.6641,11.6099,11.5758,11.5445,11.5131,11.4815,11.4497,11.4177,11.3855,11.3532,11.3207,11.31,11.3234,11.3369,11.3504,11.3638,11.3773,11.3908,11.4043,11.4178,11.4271,11.3902,11.3533,11.3164,11.2794,11.2425,11.2056,11.1686,11.1317,11.0948,11.0204,10.9287,10.8363,10.7433,10.6495,10.5549,10.4596,10.3636,10.2668,10.1776,10.1078,10.0378,9.9674,9.8968,9.8259,9.7547,9.6832,9.6114,9.5392,9.4787,9.4195,9.3602,9.3009,9.2415,9.182,9.1226,9.063,9.0034
13.8581,13.8107,13.7632,13.7158,13.6684,13.6211,13.5737,13.5264,13.479,13.4336,13.3989,13.3642,13.3296,13.2949,13.2603,13.2257,13.191,13.1564,13.1218,13.042,12.9476,12.8532,12.7587,12.6642,12.5698,12.4753,12.3808,12.2863,12.2321,12.248,12.2641,12.2803,12.2967,12.3131,12.3296,12.3461,12.3628,12.3795,12.4074,12.4356,12.4638,12.4919,12.52,12.5482,12.5763,12.6044,12.6325,12.6549,12.6732,12.6915,12.7099,12.7282,12.7465,12.7648,12.783,12.8013,12.8054,12.751,12.6966,12.6422,12.5878,12.5335,12.4792,12.425,12.3708,12.3166,12.2179,12.1083,11.9987,11.8892,11.7797,11.6703,11.5609,11.4515,11.3422,11.2981,11.346,11.394,11.442,11.49,11.5381,11.5862,11.6344,11.6826,11.7302,11.7513,11.7725,11.7937,11.8149,11.8362,11.8575,11.8789,11.9003,11.9217,11.9436,11.9657,11.9877,12.0096,12.0313,12.053,12.0745,12.0959,12.1172,12.1201,12.0659,12.0117,11.9575,11.9032,11.849,11.7948,11.7406,11.6864,11.6323,11.5941,11.5586,11.523,11.4872,11.4513,11.4151,11.3788,11.3423,11.3056,11.2917,11.3054,11.3192,11.333,11.3468,11.3606,11.3744,11.3882,11.402,11.4129,11.376,11.339,11.3021,11.2652,11.2283,11.1913,11.1544,11.1174,11.0805,11.0002,10.8971,10.7934,10.6889,10.5837,10.4778,10.3711,10.2637,10.1555,10.056,9.9826,9.9089,9.835,9.7608,9.6862,9.6114,9.5363,9.4608,9.3851,9.3236,9.2644,9.2051,9.1458,9.0864,9.027,8.9675,8.9079,8.8483
13.8802,13.8325,13.7848,13.7371,13.6895,13.6418,13.5942,13.5466,13.499,13.4535,13.4188,13.3842,13.3495,13.3149,13.2802,13.2456,13.211,13.1764,13.1418,13.0619,12.9684,12.8748,12.7813,12.6877,12.5941,12.5005,12.4069,12.3133,12.2581,12.2675,12.2771,12.2867,12.2964,12.3063,12.3162,12.3262,12.3363,12.3464,12.3742,12.4024,12.4306,12.4587,12.4869,12.515,12.5431,12.5713,12.5994,12.6208,12.6377,12.6545,12.6713,12.6881,12.7049,12.7217,12.7384,12.7552,12.7597,12.7132,12.6668,12.6204,12.574,12.5276,12.4813,12.435,12.3888,12.3427,12.2474,12.1399,12.0325,11.9251,11.8178,11.7105,11.6032,11.4959,11.3887,11.3452,11.3942,11.4432,11.4923,11.5414,11.5905,11.6397,11.6889,11.7381,11.787,11.8088,11.8306,11.8524,11.8743,11.8961,11.9181,11.94,11.962,11.9841,12.0035,12.0211,12.0387,12.0562,12.0735,12.0908,12.1079,12.1249,12.1417,12.1425,12.0883,12.034,11.9798,11.9256,11.8714,11.8172,11.763,11.7088,11.6546,11.6126,11.573,11.5332,11.4932,11.4531,11.4127,11.3722,11.3316,11.2907,11.2734,11.2874,11.3015,11.3156,11.3297,11.3438,11.3579,11.372,11.3861,11.3986,11.3617,11.3248,11.2879,11.251,11.214,11.1771,11.1401,11.1032,11.0662,10.9807,10.8662,10.7511,10.6352,10.5186,10.4013,10.2833,10.1645,10.0449,9.9346,9.8576,9.7804,9.7028,9.625,9.5468,9.4684,9.3896,9.3106,9.2312,9.1685,9.1093,9.05,8.9907,8.9313,8.8719,8.8124,8.7528,8.6932
13.9023,13.8543,13.8064,13.7584,13.7105,13.6626,13.6147,13.5668,13.5189,13.4734,13.4388,13.4041,13.3695,13.3348,13.3002,13.2656,13.2309,13.1963,13.1617,13.0819,12.9892,12.8966,12.8039,12.7112,12.6185,12.5258,12.4331,12.3404,12.2841,12.2869,12.2899,12.2929,12.2961,12.2994,12.3027,12.3061,12.3096,12.3132,12.341,12.3692,12.3974,12.4256,12.4537,12.4819,12.51,12.5381,12.5662,12.5868,12.6021,12.6174,12.6327,12.648,12.6633,12.6786,12.6938,12.7091,12.7139,12.6755,12.637,12.5985,12.5601,12.5217,12.4834,12.4451,12.4068,12.3686,12.2769,12.1716,12.0663,11.961,11.8558,11.7506,11.6454,11.5403,11.4353,11.3923,11.4424,11.4924,11.5425,11.5927,11.6429,11.6931,11.7434,11.7937,11.8439,11.8663,11.8887,11.9111,11.9336,11.9561,11.9786,12.0012,12.0238,12.0464,12.0634,12.0767,12.0899,12.1029,12.1159,12.1287,12.1414,12.154,12.1664,12.1649,12.1106,12.0564,12.0022,11.9479,11.8937,11.8395,11.7853,11.7311,11.6769,11.6312,11.5874,11.5435,11.4993,11.455,11.4106,11.3659,11.321,11.276,11.2551,11.2694,11.2838,11.2982,11.3126,11.327,11.3414,11.3558,11.3702,11.3844,11.3475,11.3106,11.2736,11.2367,11.1998,11.1628,11.1259,11.0889,11.052,10.9618,10.836,10.7095,10.5822,10.4543,10.3256,10.1962,10.066,9.9351,9.8135,9.7329,9.652,9.5709,9.4894,9.4076,9.3256,9.2432,9.1606,9.0776,9.0134,8.9542,8.8949,8.8356,8.7762,8.7168,8.6573,8.5978,8.5382
13.9244,13.8761,13.8279,13.7797,13.7315,13.6833,13.6352,13.587,13.5389,13.4934,13.4587,13.4241,13.3894,13.3548,13.3201,13.2855,13.2509,13.2163,13.1817,13.1018,13.0101,12.9183,12.8265,12.7347,12.6429,12.5511,12.4592,12.3674,12.31,12.3062,12.3026,12.2991,12.2957,12.2924,12.2891,12.286,12.2829,12.2799,12.3079,12.3361,12.3642,12.3924,12.4206,12.4487,12.4769,12.505,12.5331,12.5528,12.5666,12.5804,12.5942,12.608,12.6217,12.6355,12.6492,12.663,12.6682,12.6377,12.6072,12.5767,12.5462,12.5158,12.4854,12.455,12.4247,12.3945,12.3064,12.2032,12.1,11.9969,11.8938,11.7907,11.6877,11.5847,11.4818,11.4394,11.4905,11.5416,11.5928,11.644,11.6952,11.7465,11.7978,11.8492,11.9006,11.9237,11.9467,11.9698,11.9928,12.0159,12.0391,12.0623,12.0855,12.1087,12.1235,12.1324,12.1411,12.1498,12.1583,12.1667,12.175,12.1832,12.1912,12.1873,12.133,12.0788,12.0245,11.9703,11.9161,11.8618,11.8076,11.7534,11.6992,11.65,11.6021,11.554,11.5057,11.4572,11.4085,11.3597,11.3107,11.2615,11.2367,11.2514,11.2661,11.2808,11.2955,11.3102,11.3249,11.3396,11.3543,11.3691,11.3332,11.2963,11.2594,11.2225,11.1855,11.1486,11.1116,11.0747,11.0377,10.9437,10.8065,10.6686,10.53,10.3907,10.2506,10.1098,9.9683,9.826,9.6927,9.6084,9.5239,9.4392,9.3541,9.2687,9.1831,9.0971,9.0108,8.9242,8.8583,8.7991,8.7398,8.6805,8.6211,8.5617,8.5022,8.4427,8.3831
13.9464,13.8979,13.8494,13.801,13.7525,13.7041,13.6556,13.6072,13.5588,13.5133,13.4786,13.444,13.4093,13.3747,13.3401,13.3054,13.2708,13.2362,13.2016,13.1218,13.0309,12.94,12.8491,12.7582,12.6673,12.5764,12.4854,12.3945,12.3357,12.3254,12.3152,12.3051,12.2952,12.2853,12.2755,12.2658,12.2561,12.2466,12.2747,12.3029,12.3311,12.3593,12.3874,12.4156,12.4437,12.4719,12.5,12.5187,12.531,12.5433,12.5556,12.5679,12.5801,12.5924,12.6046,12.6169,12.6224,12.5999,12.5773,12.5548,12.5323,12.5098,12.4874,12.465,12.4426,12.4203,12.3359,12.2348,12.1338,12.0328,11.9318,11.8308,11.7299,11.6291,11.5282,11.4865,11.5386,11.5908,11.643,11.6953,11.7476,11.7999,11.8523,11.9047,11.9571,11.9812,12.0048,12.0284,12.0521,12.0758,12.0996,12.1234,12.1472,12.171,12.1837,12.1882,12.1925,12.1968,12.2009,12.2049,12.2088,12.2126,12.2162,12.2097,12.1554,12.1011,12.0469,11.9926,11.9384,11.8842,11.8299,11.7757,11.7215,11.669,11.6169,11.5646,11.5122,11.4595,11.4067,11.3537,11.3005,11.2471,11.2184,11.2334,11.2483,11.2633,11.2783,11.2933,11.3084,11.3234,11.3384,11.3535,11.319,11.2821,11.2452,11.2082,11.1713,11.1343,11.0974,11.0604,11.0235,10.9262,10.7776,10.6284,10.4784,10.3277,10.1763,10.0242,9.8713,9.7176,9.572,9.4842,9.3961,9.3077,9.219,9.13,9.0408,8.9512,8.8613,8.7711,8.7032,8.644,8.5847,8.5254,8.466,8.4066,8.3471,8.2876,8.228
13.9685,13.9197,13.871,13.8222,13.7735,13.7248,13.6761,13.6274,13.5788,13.5332,13.4986,13.4639,13.4293,13.3946,13.36,13.3254,13.2908,13.2562,13.2216,13.1418,13.0518,12.9618,12.8718,12.7818,12.6917,12.6017,12.5116,12.4215,12.3614,12.3445,12.3277,12.3111,12.2946,12.2781,12.2618,12.2455,12.2293,12.2133,12.2415,12.2697,12.2979,12.3261,12.3543,12.3824,12.4106,12.4387,12.4669,12.4847,12.4954,12.5062,12.517,12.5278,12.5386,12.5493,12.56,12.5708,12.5766,12.562,12.5474,12.5329,12.5183,12.5038,12.4893,12.4748,12.4604,12.4461,12.3653,12.2664,12.1675,12.0686,11.9697,11.8709,11.7721,11.6734,11.5747,11.5336,11.5868,11.64,11.6933,11.7466,11.7999,11.8533,11.9067,11.9601,12.0136,12.0386,12.0628,12.0871,12.1114,12.1357,12.16,12.1844,12.2089,12.2333,12.244,12.2441,12.2441,12.2439,12.2436,12.2432,12.2427,12.2421,12.2413,12.232,12.1778,12.1235,12.0692,12.015,11.9607,11.9065,11.8523,11.7981,11.7438,11.6882,11.6319,11.5754,11.5188,11.462,11.4051,11.3479,11.2905,11.233,11.2,11.2153,11.2306,11.2459,11.2612,11.2765,11.2918,11.3072,11.3225,11.3379,11.3048,11.2678,11.2309,11.194,11.157,11.1201,11.0831,11.0462,11.0092,10.9094,10.7494,10.5888,10.4275,10.2655,10.1027,9.9392,9.775,9.61,9.4516,9.3602,9.2685,9.1765,9.0842,8.9916,8.8987,8.8056,8.7121,8.6183,8.5481,8.4889,8.4296,8.3703,8.3109,8.2515,8.192,8.1325,8.0729
13.9906,13.9415,13.8925,13.8435,13.7945,13.7455,13.6966,13.6476,13.5987,13.5532,13.5185,13.4839,13.4492,13.4146,13.38,13.3453,13.3107,13.2761,13.2415,13.1618,13.0727,12.9836,12.8945,12.8053,12.7162,12.627,12.5378,12.4486,12.3869,12.3635,12.3401,12.3169,12.2938,12.2708,12.2479,12.2251,12.2024,12.1801,12.2083,12.2365,12.2647,12.2929,12.3211,12.3493,12.3774,12.4056,12.4337,12.4506,12.4599,12.4692,12.4784,12.4877,12.497,12.5062,12.5155,12.5247,12.5309,12.5242,12.5175,12.5109,12.5043,12.4977,12.4912,12.4847,12.4782,12.4718,12.3948,12.298,12.2012,12.1044,12.0077,11.911,11.8143,11.7177,11.6211,11.5806,11.6349,11.6891,11.7435,11.7978,11.8522,11.9066,11.9611,12.0156,12.0701,12.096,12.1209,12.1457,12.1706,12.1955,12.2205,12.2455,12.2705,12.2956,12.3045,12.3001,12.2957,12.2912,12.2865,12.2817,12.2768,12.2718,12.2666,12.2544,12.2001,12.1459,12.0916,12.0373,11.9831,11.9288,11.8746,11.8204,11.7662,11.7075,11.6471,11.5864,11.5257,11.4647,11.4036,11.3423,11.2808,11.2191,11.1816,11.1972,11.2128,11.2284,11.244,11.2596,11.2753,11.2909,11.3066,11.3222,11.2905,11.2536,11.2167,11.1797,11.1428,11.1058,11.0689,11.0319,10.995,10.8932,10.7219,10.55,10.3773,10.204,10.0299,9.855,9.6794,9.5031,9.3315,9.2364,9.1411,9.0455,8.9496,8.8534,8.757,8.6602,8.5631,8.4657,8.393,8.3337,8.2745,8.2152,8.1558,8.0964,8.0369,7.9774,7.9178
14.0126,13.9633,13.914,13.8647,13.8155,13.7662,13.717,13.6678,13.6186,13.5731,13.5385,13.5038,13.4692,13.4345,13.3999,13.3653,13.3307,13.2961,13.2615,13.1819,13.0936,13.0054,12.9171,12.8289,12.7406,12.6523,12.5641,12.4758,12.4123,12.3823,12.3524,12.3227,12.293,12.2635,12.234,12.2046,12.1753,12.1469,12.1751,12.2033,12.2316,12.2598,12.288,12.3161,12.3443,12.3725,12.4006,12.4165,12.4243,12.4321,12.4399,12.4476,12.4554,12.4631,12.4709,12.4786,12.4851,12.4863,12.4876,12.4889,12.4902,12.4916,12.493,12.4944,12.4959,12.4975,12.4242,12.3295,12.2348,12.1402,12.0456,11.951,11.8564,11.7619,11.6675,11.6276,11.6829,11.7383,11.7936,11.849,11.9045,11.9599,12.0155,12.071,12.1266,12.1534,12.1789,12.2043,12.2298,12.2554,12.2809,12.3065,12.3322,12.3578,12.3651,12.3563,12.3475,12.3385,12.3295,12.3203,12.311,12.3016,12.292,12.2768,12.2225,12.1682,12.114,12.0597,12.0054,11.9512,11.8969,11.8427,11.7885,11.727,11.6624,11.5976,11.5327,11.4676,11.4023,11.3368,11.2712,11.2053,11.1632,11.1791,11.195,11.2109,11.2268,11.2428,11.2587,11.2746,11.2906,11.3066,11.2763,11.2394,11.2024,11.1655,11.1285,11.0916,11.0546,11.0177,10.9807,10.8777,10.6951,10.5118,10.3278,10.1431,9.9577,9.7715,9.5846,9.3969,9.2115,9.1129,9.014,8.9148,8.8153,8.7155,8.6154,8.515,8.4144,8.3134,8.2378,8.1786,8.1192,8.0584,7.9976,7.9366,7.8754,7.8142,7.7528
14.0347,13.9851,13.9355,13.886,13.8365,13.7869,13.7375,13.688,13.6385,13.593,13.5584,13.5237,13.4891,13.4545,13.4198,13.3852,13.3506,13.316,13.2814,13.2019,13.1146,13.0272,12.9399,12.8525,12.7651,12.6777,12.5903,12.5029,12.4376,12.401,12.3646,12.3283,12.2921,12.256,12.22,12.1841,12.1482,12.1137,12.1419,12.1702,12.1984,12.2266,12.2548,12.283,12.3112,12.3393,12.3675,12.3824,12.3887,12.395,12.4013,12.4075,12.4138,12.42,12.4263,12.4325,12.4392,12.4485,12.4577,12.4669,12.4762,12.4855,12.4948,12.5041,12.5136,12.5231,12.4536,12.361,12.2685,12.1759,12.0834,11.991,11.8986,11.8062,11.7138,11.6747,11.731,11.7874,11.8438,11.9003,11.9567,12.0133,12.0698,12.1264,12.183,12.2108,12.2369,12.2629,12.2891,12.3152,12.3414,12.3676,12.3938,12.4201,12.4257,12.4126,12.3994,12.386,12.3726,12.359,12.3453,12.3315,12.3176,12.2992,12.2449,12.1906,12.1363,12.082,12.0278,11.9735,11.9193,11.865,11.8108,11.7467,11.6779,11.609,11.5399,11.4706,11.4012,11.3316,11.2618,11.1918,11.1448,11.161,11.1772,11.1934,11.2097,11.2259,11.2421,11.2584,11.2743,11.2882,11.2566,11.2166,11.1761,11.1353,11.0941,11.0525,11.0105,10.9681,10.9252,10.8174,10.622,10.4263,10.2305,10.0344,9.8381,9.6416,9.4448,9.2478,9.0506,8.9484,8.8461,8.7437,8.6413,8.5388,8.4362,8.3336,8.2309,8.1282,8.0492,7.9879,7.9264,7.8649,7.8031,7.7413,7.6793,7.6172,7.5549
14.0407,13.9911,13.9416,13.8921,13.8426,13.7931,13.7436,13.6942,13.6448,13.5992,13.5633,13.5275,13.4919,13.4564,13.4211,13.3859,13.3508,13.3158,13.281,13.2024,13.1169,13.0314,12.9458,12.8602,12.7746,12.6889,12.6032,12.5175,12.4514,12.4098,12.3682,12.3267,12.285,12.2434,12.2018,12.1601,12.1184,12.0784,12.107,12.1355,12.164,12.1924,12.2208,12.2492,12.2775,12.3058,12.334,12.3481,12.353,12.3578,12.3626,12.3674,12.3722,12.377,12.3818,12.3865,12.3935,12.4106,12.4276,12.4446,12.4616,12.4786,12.4955,12.5125,12.5294,12.5463,12.4806,12.39,12.2994,12.209,12.1185,12.0282,11.9379,11.8477,11.7575,11.7189,11.7757,11.8325,11.8892,11.9459,12.0025,12.0591,12.1156,12.1721,12.2286,12.2565,12.2823,12.3081,12.334,12.3598,12.3856,12.4114,12.4372,12.463,12.4656,12.4457,12.4255,12.4051,12.3845,12.3635,12.3423,12.3207,12.2988,12.2735,12.2163,12.1589,12.1014,12.0438,11.9861,11.9282,11.8703,11.8122,11.7539,11.6858,11.6129,11.5399,11.4668,11.3937,11.3206,11.2474,11.1742,11.1009,11.0493,11.0639,11.0785,11.0931,11.1078,11.1224,11.137,11.1516,11.1662,11.1809,11.1457,11.0993,11.0525,11.0054,10.9579,10.9099,10.8616,10.8129,10.7637,10.6554,10.4573,10.2589,10.0604,9.8616,9.6626,9.4633,9.2638,9.0641,8.8641,8.7589,8.6566,8.5543,8.4519,8.3495,8.247,8.1444,8.0418,7.9391,7.8583,7.7961,7.7338,7.6713,7.6087,7.546,7.4832,7.4202,7.3571
14.0307,13.9802,13.9297,13.8793,13.8289,13.7785,13.7281,13.6778,13.6275,13.5797,13.5382,13.4969,13.4557,13.4146,13.3737,13.3329,13.2922,13.2517,13.2113,13.1318,13.0467,12.9616,12.8765,12.7913,12.7061,12.6209,12.5356,12.4503,12.3847,12.3431,12.3013,12.2596,12.2179,12.1761,12.1343,12.0925,12.0506,12.011,12.0419,12.0728,12.1037,12.1345,12.1653,12.196,12.2267,12.2573,12.288,12.3035,12.3092,12.3149,12.3207,12.3264,12.332,12.3377,12.3434,12.349,12.3568,12.3738,12.3908,12.4078,12.4248,12.4418,12.4588,12.4757,12.4927,12.5096,12.4487,12.364,12.2793,12.1946,12.11,12.0255,11.9411,11.8567,11.7724,11.7356,11.7897,11.8438,11.8978,11.9518,12.0058,12.0597,12.1135,12.1673,12.2211,12.2491,12.2749,12.3007,12.3266,12.3524,12.3782,12.404,12.4298,12.4556,12.4544,12.4257,12.3967,12.3674,12.3379,12.3081,12.278,12.2475,12.2168,12.1837,12.1241,12.0643,12.0044,11.9445,11.8844,11.8241,11.7638,11.7033,11.6427,11.574,11.501,11.428,11.3549,11.2817,11.2086,11.1354,11.0621,10.9888,10.9353,10.9506,10.966,10.9814,10.9967,11.0121,11.0274,11.0428,11.0582,11.0735,11.035,10.9823,10.9293,10.8758,10.822,10.7677,10.7131,10.658,10.6025,10.4936,10.2928,10.0917,9.8904,9.6889,9.4872,9.2852,9.083,8.8806,8.6779,8.5693,8.4671,8.3649,8.2626,8.1602,8.0578,7.9553,7.8527,7.7501,7.6674,7.6044,7.5412,7.4779,7.4144,7.3509,7.2871,7.2233,7.1593
14.0207,13.9692,13.9178,13.8665,13.8151,13.7638,13.7125,13.6613,13.61,13.5601,13.513,13.4661,13.4193,13.3726,13.3261,13.2798,13.2335,13.1874,13.1414,13.0612,12.9765,12.8918,12.8071,12.7224,12.6376,12.5528,12.468,12.3831,12.3181,12.2763,12.2344,12.1926,12.1507,12.1088,12.0668,12.0249,11.9829,11.9436,11.9769,12.0102,12.0434,12.0766,12.1097,12.1428,12.1759,12.2089,12.2419,12.2588,12.2654,12.2721,12.2787,12.2853,12.2919,12.2984,12.305,12.3115,12.32,12.337,12.3541,12.3711,12.3881,12.4051,12.422,12.439,12.4559,12.4729,12.4168,12.3379,12.259,12.1802,12.1015,12.0228,11.9442,11.8656,11.7871,11.7524,11.8038,11.8552,11.9065,11.9578,12.0091,12.0603,12.1114,12.1626,12.2136,12.2417,12.2675,12.2934,12.3192,12.345,12.3708,12.3967,12.4225,12.4483,12.4435,12.4059,12.368,12.3299,12.2915,12.2529,12.2139,12.1747,12.1351,12.094,12.0319,11.9698,11.9076,11.8452,11.7827,11.7201,11.6574,11.5945,11.5315,11.4622,11.3891,11.3161,11.2429,11.1698,11.0966,11.0233,10.95,10.8767,10.8212,10.8373,10.8534,10.8695,10.8856,10.9017,10.9178,10.9339,10.95,10.9662,10.9247,10.8657,10.8063,10.7466,10.6864,10.6258,10.5649,10.5035,10.4417,10.3319,10.1284,9.9246,9.7207,9.5164,9.312,9.1073,8.9024,8.6973,8.4919,8.3798,8.2777,8.1755,8.0733,7.9709,7.8686,7.7661,7.6637,7.5611,7.4766,7.4127,7.3487,7.2845,7.2202,7.1557,7.0912,7.0265,6.9616
14.0106,13.9582,13.9059,13.8536,13.8014,13.7491,13.6969,13.6448,13.5926,13.5403,13.4876,13.4351,13.3827,13.3305,13.2784,13.2265,13.1747,13.123,13.0714,12.9905,12.9063,12.8221,12.7378,12.6535,12.5692,12.4848,12.4004,12.316,12.2515,12.2095,12.1675,12.1255,12.0835,12.0414,11.9993,11.9572,11.9151,11.8762,11.9119,11.9475,11.9831,12.0187,12.0542,12.0896,12.1251,12.1605,12.1958,12.2141,12.2217,12.2292,12.2367,12.2442,12.2517,12.2591,12.2666,12.274,12.2832,12.3003,12.3173,12.3343,12.3513,12.3683,12.3853,12.4022,12.4192,12.4361,12.3849,12.3118,12.2388,12.1658,12.0928,12.02,11.9472,11.8745,11.8018,11.7691,11.8179,11.8666,11.9152,11.9638,12.0124,12.061,12.1094,12.1579,12.2062,12.2343,12.2601,12.286,12.3118,12.3376,12.3635,12.3893,12.4151,12.4409,12.4328,12.3864,12.3397,12.2927,12.2455,12.198,12.1502,12.1021,12.0537,12.0043,11.9399,11.8754,11.8108,11.746,11.6812,11.6162,11.5511,11.4858,11.4205,11.3504,11.2773,11.2042,11.131,11.0578,10.9846,10.9113,10.8379,10.7646,10.7071,10.724,10.7408,10.7577,10.7745,10.7914,10.8082,10.825,10.8419,10.8587,10.8148,10.7495,10.6838,10.6177,10.5512,10.4843,10.417,10.3494,10.2812,10.1705,9.9642,9.7577,9.551,9.3441,9.137,8.9296,8.722,8.5141,8.3061,8.1903,8.0882,7.9861,7.8839,7.7817,7.6794,7.577,7.4746,7.3721,7.2859,7.2211,7.1562,7.0911,7.026,6.9607,6.8953,6.8297,6.764
14.0005,13.9472,13.894,13.8408,13.7876,13.7344,13.6813,13.6282,13.5751,13.5203,13.462,13.404,13.346,13.2882,13.2306,13.1731,13.1157,13.0585,13.0013,12.9199,12.8362,12.7523,12.6685,12.5846,12.5007,12.4168,12.3328,12.2488,12.1849,12.1427,12.1006,12.0584,12.0163,11.9741,11.9319,11.8896,11.8474,11.8089,11.8469,11.8849,11.9229,11.9608,11.9986,12.0365,12.0743,12.112,12.1498,12.1695,12.1779,12.1863,12.1947,12.2031,12.2115,12.2199,12.2282,12.2365,12.2465,12.2635,12.2805,12.2976,12.3146,12.3315,12.3485,12.3655,12.3824,12.3994,12.3529,12.2856,12.2184,12.1513,12.0842,12.0171,11.9501,11.8832,11.8164,11.786,11.832,11.878,11.924,11.9699,12.0158,12.0617,12.1075,12.1532,12.1989,12.2269,12.2528,12.2786,12.3044,12.3302,12.3561,12.3819,12.4077,12.4335,12.4224,12.3671,12.3116,12.2558,12.1997,12.1433,12.0867,12.0298,11.9725,11.9147,11.848,11.7811,11.7141,11.6469,11.5797,11.5123,11.4448,11.3772,11.3095,11.2385,11.1654,11.0923,11.0191,10.9458,10.8725,10.7992,10.7259,10.6525,10.593,10.6106,10.6282,10.6458,10.6634,10.6809,10.6985,10.7161,10.7337,10.7513,10.7052,10.6335,10.5615,10.4891,10.4163,10.3432,10.2696,10.1956,10.1212,10.0091,9.8002,9.591,9.3816,9.172,8.9621,8.752,8.5417,8.3312,8.1204,8.0007,7.8987,7.7967,7.6946,7.5924,7.4901,7.3878,7.2855,7.183,7.0952,7.0295,6.9638,6.8979,6.8319,6.7657,6.6994,6.633,6.5665
13.9903,13.9361,13.882,13.8279,13.7738,13.7197,13.6657,13.6116,13.5576,13.5001,13.4363,13.3727,13.3092,13.2458,13.1826,13.1195,13.0566,12.9938,12.9311,12.8493,12.766,12.6826,12.5992,12.5157,12.4323,12.3488,12.2652,12.1816,12.1182,12.076,12.0337,11.9914,11.9491,11.9067,11.8644,11.822,11.7796,11.7415,11.782,11.8223,11.8626,11.9029,11.9431,11.9833,12.0235,12.0636,12.1037,12.1248,12.1342,12.1435,12.1528,12.1621,12.1713,12.1806,12.1898,12.199,12.2097,12.2267,12.2438,12.2608,12.2778,12.2948,12.3118,12.3287,12.3457,12.3626,12.3208,12.2594,12.198,12.1367,12.0754,12.0142,11.953,11.8919,11.8309,11.8028,11.8462,11.8895,11.9328,11.9761,12.0193,12.0624,12.1055,12.1486,12.1916,12.2195,12.2454,12.2712,12.297,12.3229,12.3487,12.3745,12.4004,12.4262,12.4122,12.3481,12.2837,12.2191,12.1542,12.089,12.0235,11.9577,11.8916,11.8252,11.7561,11.6868,11.6174,11.5479,11.4783,11.4086,11.3387,11.2687,11.1986,11.1267,11.0536,10.9804,10.9071,10.8339,10.7605,10.6872,10.6138,10.5404,10.4789,10.4972,10.5155,10.5339,10.5522,10.5705,10.5888,10.6071,10.6255,10.6438,10.5959,10.5179,10.4396,10.3609,10.2818,10.2024,10.1225,10.0422,9.9615,9.848,9.6363,9.4244,9.2123,9,8.7874,8.5746,8.3616,8.1484,7.9349,7.8112,7.7093,7.6073,7.5052,7.4031,7.3009,7.1987,7.0964,6.994,6.9045,6.838,6.7714,6.7047,6.6378,6.5708,6.5036,6.4364,6.369
13.9801,13.925,13.87,13.8149,13.7599,13.7049,13.65,13.595,13.5401,13.4798,13.4104,13.3412,13.2722,13.2032,13.1345,13.0658,12.9973,12.9289,12.8607,12.7787,12.6958,12.6129,12.5299,12.4469,12.3638,12.2807,12.1976,12.1145,12.0516,12.0092,11.9668,11.9243,11.8819,11.8394,11.7969,11.7544,11.7118,11.6742,11.717,11.7597,11.8024,11.8451,11.8877,11.9302,11.9728,12.0152,12.0577,12.0802,12.0904,12.1006,12.1108,12.121,12.1311,12.1413,12.1514,12.1615,12.1729,12.19,12.207,12.224,12.241,12.258,12.275,12.292,12.309,12.3259,12.2887,12.2331,12.1776,12.122,12.0666,12.0112,11.9558,11.9006,11.8454,11.8197,11.8604,11.9011,11.9417,11.9822,12.0228,12.0633,12.1037,12.1441,12.1844,12.2121,12.238,12.2638,12.2897,12.3155,12.3413,12.3672,12.393,12.4188,12.4022,12.3293,12.2561,12.1826,12.1089,12.0349,11.9606,11.886,11.8111,11.7359,11.6643,11.5926,11.5209,11.449,11.377,11.3049,11.2327,11.1603,11.0878,11.0149,10.9417,10.8685,10.7952,10.7219,10.6485,10.5751,10.5017,10.4282,10.3647,10.3838,10.4028,10.4219,10.4409,10.46,10.4791,10.4981,10.5172,10.5362,10.4869,10.4027,10.3181,10.2331,10.1477,10.0619,9.9757,9.8891,9.8021,9.6869,9.4726,9.258,9.0432,8.8282,8.6129,8.3974,8.1817,7.9657,7.7495,7.6216,7.5198,7.4178,7.3158,7.2138,7.1117,7.0095,6.9073,6.805,6.714,6.6466,6.5791,6.5115,6.4438,6.3759,6.3079,6.2398,6.1715
13.9699,13.9139,13.8579,13.802,13.746,13.6901,13.6343,13.5784,13.5226,13.4593,13.3844,13.3096,13.235,13.1605,13.0862,13.012,12.9379,12.864,12.7901,12.7082,12.6257,12.5431,12.4606,12.378,12.2954,12.2127,12.1301,12.0474,11.9849,11.9424,11.8998,11.8573,11.8147,11.772,11.7294,11.6867,11.6441,11.607,11.6521,11.6972,11.7422,11.7872,11.8322,11.8771,11.922,11.9669,12.0117,12.0355,12.0466,12.0578,12.0688,12.0799,12.091,12.102,12.113,12.124,12.1362,12.1532,12.1702,12.1873,12.2043,12.2213,12.2383,12.2553,12.2722,12.2892,12.2566,12.2068,12.157,12.1073,12.0577,12.0081,11.9586,11.9091,11.8597,11.8367,11.8747,11.9126,11.9506,11.9885,12.0263,12.0641,12.1019,12.1396,12.1772,12.2047,12.2306,12.2564,12.2823,12.3081,12.3339,12.3598,12.3856,12.4114,12.3925,12.3108,12.2287,12.1465,12.0639,11.9811,11.8979,11.8145,11.7308,11.6467,11.5726,11.4986,11.4244,11.3502,11.2758,11.2013,11.1267,11.052,10.9771,10.9031,10.8299,10.7566,10.6833,10.6099,10.5365,10.4631,10.3896,10.3161,10.2505,10.2703,10.2901,10.3099,10.3297,10.3495,10.3693,10.3891,10.4089,10.4287,10.3783,10.2878,10.1969,10.1056,10.0139,9.9218,9.8293,9.7365,9.6432,9.5261,9.309,9.0917,8.8742,8.6565,8.4385,8.2204,8.0019,7.7833,7.5644,7.4321,7.3303,7.2284,7.1265,7.0245,6.9224,6.8203,6.7181,6.6159,6.5234,6.4552,6.3869,6.3184,6.2499,6.1811,6.1123,6.0433,5.9742
13.9597,13.9028,13.8459,13.789,13.7321,13.6753,13.6185,13.5617,13.505,13.4386,13.3581,13.2778,13.1977,13.1176,13.0378,12.958,12.8784,12.7989,12.7195,12.6376,12.5555,12.4734,12.3913,12.3092,12.227,12.1448,12.0625,11.9802,11.9183,11.8756,11.8329,11.7902,11.7475,11.7047,11.6619,11.6191,11.5763,11.5397,11.5872,11.6347,11.6821,11.7294,11.7768,11.824,11.8713,11.9185,11.9657,11.9909,12.0029,12.0149,12.0269,12.0388,12.0508,12.0627,12.0746,12.0865,12.0994,12.1164,12.1335,12.1505,12.1675,12.1845,12.2015,12.2185,12.2355,12.2524,12.2244,12.1804,12.1365,12.0926,12.0487,12.0049,11.9612,11.9176,11.874,11.8536,11.889,11.9243,11.9595,11.9947,12.0299,12.065,12.1001,12.1351,12.1701,12.1973,12.2232,12.249,12.2749,12.3007,12.3266,12.3524,12.3782,12.4041,12.3831,12.2925,12.2016,12.1105,12.0192,11.9275,11.8356,11.7433,11.6508,11.5579,11.4809,11.4046,11.3281,11.2514,11.1747,11.0978,11.0209,10.9438,10.8665,10.7913,10.718,10.6447,10.5714,10.498,10.4245,10.3511,10.2776,10.204,10.1362,10.1568,10.1773,10.1978,10.2184,10.2389,10.2594,10.28,10.3005,10.3211,10.27,10.1732,10.076,9.9784,9.8804,9.7821,9.6833,9.5841,9.4845,9.3654,9.1456,8.9257,8.7054,8.485,8.2644,8.0435,7.8224,7.601,7.3794,7.2425,7.1408,7.039,6.9371,6.8352,6.7332,6.6311,6.529,6.4268,6.333,6.2639,6.1947,6.1254,6.056,5.9864,5.9167,5.8469,5.7769
13.9494,13.8916,13.8337,13.776,13.7182,13.6604,13.6027,13.545,13.4874,13.4178,13.3318,13.2459,13.1602,13.0746,12.9892,12.9039,12.8187,12.7336,12.6487,12.567,12.4854,12.4037,12.322,12.2403,12.1586,12.0768,11.9949,11.9131,11.8517,11.8088,11.766,11.7231,11.6802,11.6373,11.5944,11.5515,11.5085,11.4725,11.5224,11.5722,11.6219,11.6716,11.7213,11.771,11.8206,11.8702,11.9197,11.9462,11.9592,11.972,11.9849,11.9978,12.0106,12.0234,12.0362,12.049,12.0626,12.0797,12.0967,12.1137,12.1308,12.1478,12.1648,12.1818,12.1987,12.2157,12.1922,12.154,12.1158,12.0777,12.0397,12.0017,11.9638,11.926,11.8882,11.8707,11.9033,11.9359,11.9685,12.0011,12.0336,12.066,12.0984,12.1308,12.1631,12.1899,12.2158,12.2417,12.2675,12.2933,12.3192,12.345,12.3709,12.3967,12.3738,12.2744,12.1748,12.0749,11.9747,11.8742,11.7735,11.6724,11.5711,11.4694,11.3894,11.3106,11.2318,11.1528,11.0737,10.9944,10.9151,10.8356,10.756,10.6794,10.6061,10.5328,10.4594,10.386,10.3125,10.239,10.1655,10.0919,10.0219,10.0432,10.0645,10.0858,10.107,10.1283,10.1496,10.1709,10.1921,10.2134,10.1621,10.059,9.9555,9.8516,9.7473,9.6427,9.5376,9.4322,9.3263,9.2049,8.9824,8.7597,8.5368,8.3137,8.0903,7.8668,7.6429,7.4189,7.1946,7.053,6.9513,6.8495,6.7477,6.6459,6.5439,6.4419,6.3399,6.2378,6.1426,6.0727,6.0026,5.9325,5.8622,5.7917,5.7212,5.6505,5.5796
13.9391,13.8803,13.8216,13.7629,13.7042,13.6456,13.5869,13.5283,13.4697,13.3968,13.3052,13.2138,13.1225,13.0314,12.9404,12.8496,12.7589,12.6683,12.5778,12.4965,12.4153,12.334,12.2528,12.1715,12.0901,12.0088,11.9274,11.846,11.785,11.742,11.6991,11.6561,11.613,11.57,11.5269,11.4838,11.4407,11.4053,11.4575,11.5097,11.5618,11.6139,11.6659,11.7179,11.7699,11.8218,11.8737,11.9016,11.9154,11.9292,11.943,11.9567,11.9704,11.9842,11.9979,12.0115,12.0258,12.0429,12.0599,12.077,12.094,12.111,12.128,12.145,12.162,12.1789,12.1599,12.1275,12.0952,12.0629,12.0306,11.9984,11.9663,11.9343,11.9023,11.8877,11.9177,11.9476,11.9776,12.0074,12.0372,12.067,12.0968,12.1264,12.1561,12.1826,12.2084,12.2343,12.2601,12.286,12.3118,12.3377,12.3635,12.3893,12.3648,12.2566,12.1482,12.0395,11.9305,11.8212,11.7117,11.6018,11.4917,11.3812,11.2979,11.2168,11.1356,11.0542,10.9727,10.8911,10.8094,10.7276,10.6456,10.5676,10.4943,10.4209,10.3475,10.274,10.2005,10.127,10.0534,9.9798,9.9076,9.9296,9.9516,9.9736,9.9957,10.0177,10.0397,10.0617,10.0837,10.1057,10.0544,9.9451,9.8353,9.7251,9.6146,9.5037,9.3923,9.2806,9.1684,9.0445,8.8193,8.594,8.3684,8.1425,7.9165,7.6902,7.4637,7.237,7.01,6.8634,6.7618,6.6601,6.5584,6.4565,6.3547,6.2528,6.1508,6.0487,5.9523,5.8815,5.8106,5.7396,5.6684,5.5971,5.5257,5.4542,5.3825
13.9288,13.8691,13.8094,13.7498,13.6902,13.6306,13.5711,13.5116,13.4521,13.3756,13.2785,13.1815,13.0847,12.9881,12.8916,12.7952,12.6989,12.6028,12.5067,12.4259,12.3452,12.2644,12.1835,12.1026,12.0217,11.9408,11.8599,11.7789,11.7184,11.6752,11.6321,11.589,11.5458,11.5026,11.4594,11.4162,11.3729,11.3381,11.3927,11.4472,11.5017,11.5561,11.6105,11.6649,11.7192,11.7735,11.8278,11.857,11.8717,11.8863,11.901,11.9156,11.9303,11.9449,11.9595,11.974,11.9891,12.0061,12.0232,12.0402,12.0573,12.0743,12.0913,12.1083,12.1252,12.1422,12.1275,12.101,12.0744,12.0479,12.0215,11.9951,11.9688,11.9425,11.9164,11.9048,11.9321,11.9594,11.9866,12.0138,12.041,12.0681,12.0952,12.1222,12.1491,12.1752,12.201,12.2269,12.2527,12.2786,12.3044,12.3303,12.3561,12.382,12.3561,12.2391,12.1218,12.0043,11.8865,11.7685,11.6501,11.5315,11.4125,11.2933,11.2065,11.123,11.0394,10.9557,10.8719,10.7879,10.7038,10.6196,10.5353,10.4558,10.3824,10.309,10.2356,10.1621,10.0885,10.015,9.9414,9.8677,9.794,9.816,9.8387,9.8615,9.8842,9.907,9.9297,9.9525,9.9752,9.998,9.9472,9.8315,9.7154,9.599,9.4822,9.365,9.2474,9.1294,9.0109,8.8843,8.6564,8.4283,8.2001,7.9715,7.7428,7.5138,7.2846,7.0552,6.8255,6.6738,6.5723,6.4706,6.369,6.2672,6.1654,6.0636,5.9616,5.8596,5.762,5.6904,5.6186,5.5467,5.4747,5.4026,5.3303,5.2579,5.1854
13.9184,13.8578,13.7972,13.7367,13.6762,13.6157,13.5552,13.4948,13.4344,13.3543,13.2516,13.1491,13.0468,12.9446,12.8425,12.7406,12.6388,12.5371,12.4357,12.3554,12.275,12.1947,12.1143,12.0338,11.9534,11.8729,11.7923,11.7118,11.6517,11.6085,11.5652,11.5219,11.4786,11.4353,11.3919,11.3486,11.3052,11.271,11.3279,11.3848,11.4416,11.4984,11.5552,11.6119,11.6685,11.7252,11.7818,11.8124,11.8279,11.8435,11.859,11.8746,11.8901,11.9056,11.9211,11.9365,11.9523,11.9694,11.9864,12.0035,12.0205,12.0375,12.0545,12.0715,12.0885,12.1055,12.0952,12.0744,12.0536,12.0329,12.0123,11.9917,11.9712,11.9507,11.9303,11.9219,11.9466,11.9712,11.9958,12.0203,12.0448,12.0692,12.0936,12.1179,12.1422,12.1678,12.1936,12.2195,12.2453,12.2712,12.2971,12.3229,12.3488,12.3746,12.3476,12.2218,12.0957,11.9694,11.8429,11.716,11.5889,11.4614,11.3337,11.2056,11.1152,11.0294,10.9434,10.8573,10.7711,10.6848,10.5983,10.5117,10.425,10.344,10.2706,10.1971,10.1236,10.0501,9.9765,9.9029,9.8293,9.7556,9.6819,9.7023,9.7258,9.7493,9.7728,9.7963,9.8198,9.8432,9.8667,9.8902,9.8402,9.7183,9.5959,9.4732,9.3501,9.2267,9.1028,8.9785,8.8538,8.7242,8.4937,8.2629,8.0319,7.8007,7.5693,7.3376,7.1057,6.8736,6.6412,6.4843,6.3828,6.2812,6.1796,6.0779,5.9762,5.8744,5.7725,5.6706,5.5732,5.5028,5.4323,5.3618,5.2913,5.2207,5.15,5.0793,5.0086
13.908,13.8465,13.785,13.7235,13.6621,13.6007,13.5393,13.478,13.4167,13.3328,13.2246,13.1166,13.0087,12.901,12.7934,12.6859,12.5785,12.4713,12.3647,12.2849,12.205,12.125,12.045,11.965,11.885,11.8049,11.7248,11.6447,11.585,11.5417,11.4983,11.4548,11.4114,11.3679,11.3244,11.2809,11.2374,11.2039,11.2632,11.3224,11.3816,11.4407,11.4998,11.5589,11.6179,11.6769,11.7359,11.7677,11.7842,11.8007,11.8171,11.8335,11.8499,11.8663,11.8827,11.899,11.9155,11.9326,11.9497,11.9667,11.9837,12.0008,12.0178,12.0348,12.0518,12.0687,12.0627,12.0477,12.0328,12.0178,12.003,11.9882,11.9735,11.9588,11.9442,11.9391,11.9611,11.983,12.0049,12.0268,12.0486,12.0704,12.0921,12.1138,12.1354,12.1604,12.1862,12.2121,12.238,12.2638,12.2897,12.3155,12.3414,12.3672,12.3393,12.2047,12.0699,11.9348,11.7995,11.6638,11.5279,11.3917,11.2551,11.1183,11.024,10.9358,10.8474,10.759,10.6704,10.5817,10.4929,10.404,10.3149,10.2322,10.1587,10.0852,10.0117,9.9382,9.8645,9.7909,9.7172,9.6435,9.5697,9.5886,9.6129,9.6371,9.6613,9.6837,9.7061,9.7284,9.7507,9.7728,9.7224,9.5934,9.4643,9.3351,9.2059,9.0767,8.9473,8.8179,8.6885,8.5577,8.326,8.0944,7.8629,7.6314,7.4001,7.1687,6.9375,6.7063,6.4752,6.3163,6.218,6.1198,6.0217,5.9238,5.8261,5.7285,5.631,5.5337,5.4385,5.3681,5.2977,5.2272,5.1566,5.086,5.0154,4.9447,4.874
13.856,13.7932,13.7306,13.6681,13.6056,13.5433,13.481,13.4188,13.3567,13.2709,13.1609,13.0508,12.9408,12.8307,12.7205,12.6103,12.5001,12.3899,12.2806,12.2034,12.126,12.0484,11.9707,11.8928,11.8148,11.7366,11.6583,11.5799,11.5219,11.4796,11.4371,11.3946,11.352,11.3092,11.2664,11.2235,11.1805,11.1482,11.2093,11.2705,11.3317,11.3928,11.4539,11.515,11.5761,11.6372,11.6983,11.7314,11.7487,11.7661,11.7834,11.8008,11.8182,11.8355,11.8529,11.8703,11.8875,11.9033,11.9192,11.935,11.9508,11.9665,11.9822,11.9978,12.0133,12.0287,12.0257,12.0152,12.0046,11.9941,11.9834,11.9728,11.9621,11.9513,11.9405,11.9369,11.9551,11.9732,11.9912,12.0091,12.0268,12.0445,12.062,12.0794,12.0967,12.1178,12.1398,12.1615,12.183,12.2042,12.2251,12.2458,12.2662,12.2863,12.2533,12.1091,11.9646,11.82,11.6751,11.5301,11.3848,11.2394,11.0937,10.9478,10.8485,10.757,10.6654,10.5738,10.4821,10.3904,10.2986,10.2068,10.1149,10.031,9.9598,9.8888,9.818,9.7474,9.677,9.6068,9.5369,9.4671,9.3976,9.413,9.4353,9.4576,9.4798,9.502,9.524,9.546,9.5679,9.5897,9.5431,9.414,9.285,9.1558,9.0266,8.8973,8.768,8.6386,8.5092,8.3796,8.1517,7.9222,7.6927,7.4634,7.234,7.0048,6.7756,6.5465,6.3175,6.1567,6.0612,5.9659,5.8708,5.7758,5.6809,5.5862,5.4916,5.3972,5.3038,5.2335,5.163,5.0925,5.022,4.9514,4.8808,4.8101,4.7394
13.776,13.7097,13.6435,13.5774,13.5114,13.4454,13.3796,13.3138,13.2482,13.1598,13.0498,12.9397,12.8295,12.7194,12.6092,12.4989,12.3886,12.2783,12.1697,12.0984,12.027,11.9554,11.8836,11.8117,11.7396,11.6674,11.5951,11.5226,11.4709,11.4346,11.3982,11.3616,11.325,11.2882,11.2514,11.2145,11.1775,11.1513,11.2144,11.2775,11.3406,11.4037,11.4667,11.5298,11.5928,11.6558,11.7189,11.7538,11.7731,11.7925,11.8118,11.8311,11.8504,11.8698,11.8891,11.9085,11.9254,11.9303,11.9352,11.9401,11.945,11.9498,11.9546,11.9593,11.9639,11.9684,11.9609,11.9484,11.936,11.9234,11.9109,11.8983,11.8856,11.8729,11.8602,11.8538,11.8675,11.8811,11.8945,11.9079,11.9212,11.9343,11.9473,11.9602,11.973,11.9862,11.9994,12.0124,12.0251,12.0375,12.0497,12.0616,12.0732,12.0846,12.0465,11.898,11.7493,11.6004,11.4514,11.3021,11.1526,11.0029,10.853,10.7029,10.6026,10.5118,10.421,10.3301,10.2392,10.1482,10.0571,9.966,9.8748,9.7934,9.7288,9.6643,9.6001,9.536,9.4722,9.4085,9.3451,9.282,9.219,9.2326,9.2546,9.2766,9.2984,9.3202,9.3419,9.3636,9.3851,9.4066,9.3637,9.2347,9.1056,8.9765,8.8473,8.718,8.5887,8.4593,8.3298,8.2003,7.9773,7.7499,7.5225,7.2951,7.0679,6.8407,6.6136,6.3865,6.1596,5.9969,5.9043,5.8119,5.7197,5.6275,5.5355,5.4437,5.352,5.2605,5.1691,5.0988,5.0283,4.9579,4.8874,4.8168,4.7462,4.6756,4.6049
13.6959,13.626,13.5562,13.4866,13.417,13.3475,13.2781,13.2087,13.1395,13.0488,12.9386,12.8285,12.7183,12.6081,12.4978,12.3875,12.2771,12.1668,12.0589,11.9936,11.9281,11.8624,11.7966,11.7307,11.6646,11.5983,11.5319,11.4654,11.42,11.3897,11.3593,11.3287,11.298,11.2673,11.2365,11.2055,11.1745,11.1545,11.2195,11.2846,11.3496,11.4146,11.4796,11.5446,11.6095,11.6745,11.7395,11.7763,11.7975,11.8188,11.8401,11.8614,11.8827,11.904,11.9254,11.9467,11.9633,11.9573,11.9513,11.9453,11.9393,11.9332,11.9271,11.9208,11.9145,11.9081,11.8961,11.8817,11.8673,11.8529,11.8384,11.8238,11.8092,11.7946,11.7799,11.7708,11.7799,11.789,11.798,11.8068,11.8156,11.8242,11.8327,11.8411,11.8493,11.8548,11.8592,11.8634,11.8674,11.8711,11.8745,11.8776,11.8805,11.8831,11.8397,11.687,11.5341,11.381,11.2277,11.0742,10.9205,10.7666,10.6124,10.4581,10.3567,10.2666,10.1765,10.0864,9.9962,9.9059,9.8156,9.7252,9.6347,9.5556,9.4975,9.4396,9.3819,9.3244,9.2671,9.21,9.1531,9.0965,9.0401,9.0522,9.0739,9.0955,9.1171,9.1385,9.1599,9.1812,9.2024,9.2236,9.1844,9.0554,8.9263,8.7972,8.6679,8.5387,8.4093,8.28,8.1505,8.021,7.8028,7.5774,7.3521,7.1268,6.9016,6.6765,6.4514,6.2264,6.0015,5.8369,5.7472,5.6577,5.5683,5.4791,5.39,5.301,5.2122,5.1236,5.0351,4.9641,4.8937,4.8232,4.7527,4.6822,4.6116,4.541,4.4703
13.6156,13.5422,13.4689,13.3956,13.3225,13.2494,13.1764,13.1035,13.0307,12.9377,12.8275,12.7173,12.607,12.4967,12.3864,12.2761,12.1657,12.0552,11.9482,11.8888,11.8293,11.7696,11.7098,11.6498,11.5896,11.5293,11.4689,11.4083,11.3693,11.3449,11.3205,11.2959,11.2712,11.2465,11.2216,11.1967,11.1717,11.1576,11.2246,11.2916,11.3586,11.4255,11.4924,11.5594,11.6263,11.6932,11.7601,11.7987,11.822,11.8452,11.8685,11.8917,11.915,11.9383,11.9616,11.9849,12.0012,11.9843,11.9674,11.9505,11.9336,11.9166,11.8996,11.8825,11.8653,11.848,11.8314,11.8151,11.7987,11.7823,11.7659,11.7494,11.7328,11.7162,11.6996,11.6878,11.6925,11.697,11.7015,11.7058,11.71,11.7142,11.7182,11.722,11.7258,11.7236,11.7192,11.7147,11.7099,11.7048,11.6995,11.6939,11.688,11.6818,11.6331,11.4762,11.319,11.1617,11.0042,10.8465,10.6885,10.5304,10.372,10.2135,10.1108,10.0214,9.9321,9.8426,9.7531,9.6636,9.574,9.4843,9.3946,9.3174,9.2659,9.2145,9.1634,9.1124,9.0617,9.0111,8.9608,8.9107,8.8609,8.8719,8.8932,8.9145,8.9357,8.9568,8.9778,8.9988,9.0197,9.0405,9.0051,8.8761,8.747,8.6178,8.4886,8.3593,8.23,8.1006,7.9712,7.8416,7.6281,7.4048,7.1815,6.9583,6.7352,6.5121,6.2891,6.0662,5.8434,5.6767,5.5899,5.5033,5.4168,5.3304,5.2442,5.1581,5.0722,4.9864,4.9008,4.8294,4.759,4.6886,4.6181,4.5476,4.477,4.4064,4.3357
13.5353,13.4583,13.3814,13.3046,13.2279,13.1512,13.0747,12.9982,12.9218,12.8266,12.7164,12.6061,12.4958,12.3854,12.275,12.1646,12.0542,11.9437,11.8377,11.7843,11.7307,11.6769,11.623,11.569,11.5148,11.4604,11.406,11.3513,11.3186,11.3002,11.2817,11.2632,11.2445,11.2257,11.2068,11.1879,11.1689,11.1608,11.2298,11.2987,11.3676,11.4365,11.5053,11.5742,11.643,11.7119,11.7807,11.8212,11.8464,11.8716,11.8968,11.9221,11.9473,11.9725,11.9978,12.023,12.0391,12.0114,11.9836,11.9558,11.928,11.9001,11.8722,11.8442,11.8161,11.7879,11.7666,11.7484,11.7301,11.7118,11.6934,11.6749,11.6565,11.6379,11.6194,11.6049,11.6051,11.6051,11.605,11.6049,11.6046,11.6042,11.6037,11.6031,11.6023,11.5925,11.5794,11.5661,11.5526,11.5388,11.5247,11.5104,11.4957,11.4808,11.4266,11.2654,11.1041,10.9425,10.7808,10.6189,10.4567,10.2943,10.1318,9.969,9.8648,9.7762,9.6875,9.5988,9.5101,9.4212,9.3324,9.2434,9.1544,9.0791,9.0341,8.9892,8.9446,8.9002,8.856,8.812,8.7682,8.7247,8.6813,8.6915,8.7125,8.7335,8.7543,8.7751,8.7958,8.8164,8.837,8.8574,8.8258,8.6967,8.5676,8.4385,8.3093,8.18,8.0507,7.9213,7.7918,7.6623,7.4533,7.2321,7.0109,6.7897,6.5687,6.3477,6.1267,5.9059,5.6851,5.5164,5.4325,5.3487,5.2651,5.1816,5.0982,5.015,4.932,4.8491,4.7664,4.6947,4.6243,4.5539,4.4834,4.4129,4.3424,4.2718,4.2011
13.4548,13.3742,13.2938,13.2134,13.1331,13.0529,12.9728,12.8928,12.8128,12.7156,12.6053,12.4949,12.3845,12.2741,12.1637,12.0532,11.9427,11.8321,11.7273,11.6798,11.6322,11.5844,11.5364,11.4883,11.4401,11.3917,11.3431,11.2945,11.268,11.2556,11.2431,11.2305,11.2178,11.205,11.1922,11.1792,11.1662,11.1641,11.2349,11.3058,11.3766,11.4474,11.5182,11.589,11.6598,11.7305,11.8013,11.8437,11.8708,11.898,11.9252,11.9524,11.9796,12.0068,12.034,12.0612,12.077,12.0384,11.9998,11.9611,11.9224,11.8836,11.8448,11.8059,11.767,11.7279,11.7019,11.6817,11.6615,11.6412,11.6209,11.6005,11.5801,11.5597,11.5391,11.5221,11.5177,11.5133,11.5087,11.504,11.4992,11.4943,11.4893,11.4842,11.4789,11.4616,11.4398,11.4178,11.3955,11.373,11.3501,11.3271,11.3037,11.2801,11.2202,11.0548,10.8893,10.7235,10.5575,10.3914,10.225,10.0584,9.8916,9.7246,9.6188,9.5309,9.443,9.355,9.267,9.1789,9.0907,9.0025,8.9143,8.8404,8.8019,8.7637,8.7256,8.6877,8.65,8.6125,8.5753,8.5383,8.5015,8.5112,8.5319,8.5525,8.573,8.5934,8.6138,8.6341,8.6543,8.6744,8.6464,8.5174,8.3883,8.2592,8.13,8.0007,7.8713,7.742,7.6125,7.483,7.2784,7.0592,6.8401,6.621,6.402,6.183,5.9642,5.7454,5.5267,5.3558,5.2748,5.1939,5.1131,5.0325,4.952,4.8717,4.7916,4.7115,4.6317,4.56,4.4897,4.4192,4.3488,4.2783,4.2078,4.1372,4.0665
13.3742,13.2901,13.206,13.1221,13.0383,12.9545,12.8708,12.7873,12.7037,12.6045,12.4941,12.3837,12.2733,12.1628,12.0523,11.9417,11.8312,11.7205,11.617,11.5755,11.5338,11.492,11.45,11.4078,11.3655,11.323,11.2804,11.2377,11.2175,11.2111,11.2046,11.198,11.1913,11.1845,11.1776,11.1706,11.1635,11.1673,11.2401,11.3129,11.3856,11.4584,11.5311,11.6038,11.6765,11.7492,11.8219,11.8661,11.8953,11.9244,11.9536,11.9827,12.0119,12.041,12.0702,12.0994,12.115,12.0655,12.016,11.9664,11.9169,11.8672,11.8175,11.7678,11.7179,11.668,11.6372,11.6151,11.5929,11.5707,11.5485,11.5262,11.5038,11.4814,11.459,11.4393,11.4304,11.4215,11.4124,11.4032,11.394,11.3846,11.375,11.3654,11.3556,11.3309,11.3004,11.2696,11.2386,11.2073,11.1758,11.144,11.1119,11.0795,11.0139,10.8443,10.6745,10.5046,10.3344,10.164,9.9934,9.8226,9.6516,9.4804,9.3728,9.2856,9.1984,9.1112,9.0239,8.9365,8.8491,8.7616,8.674,8.6015,8.5696,8.5378,8.5063,8.4749,8.4438,8.4128,8.3821,8.3516,8.3214,8.3309,8.3512,8.3715,8.3917,8.4118,8.4318,8.4517,8.4716,8.4914,8.4671,8.3381,8.209,8.0798,7.9506,7.8214,7.692,7.5626,7.4332,7.3036,7.1034,6.8863,6.6692,6.4521,6.2352,6.0183,5.8015,5.5848,5.3681,5.1951,5.1169,5.0389,4.961,4.8833,4.8057,4.7282,4.6509,4.5738,4.4968,4.4253,4.355,4.2846,4.2142,4.1437,4.0731,4.0026,3.932
13.2934,13.2057,13.1182,13.0307,12.9433,12.856,12.7687,12.6816,12.5945,12.4934,12.383,12.2725,12.162,12.0515,11.9409,11.8303,11.7197,11.609,11.5069,11.4714,11.4356,11.3997,11.3636,11.3274,11.291,11.2545,11.2178,11.1811,11.1672,11.1667,11.1662,11.1656,11.1648,11.164,11.163,11.162,11.1609,11.1706,11.2453,11.32,11.3947,11.4694,11.544,11.6187,11.6933,11.768,11.8426,11.8886,11.9197,11.9508,11.9819,12.013,12.0441,12.0753,12.1064,12.1375,12.153,12.0926,12.0322,11.9718,11.9114,11.8509,11.7903,11.7297,11.669,11.6082,11.5726,11.5485,11.5244,11.5002,11.476,11.4518,11.4275,11.4032,11.3788,11.3566,11.3432,11.3298,11.3162,11.3025,11.2888,11.2749,11.2608,11.2467,11.2324,11.2004,11.1612,11.1217,11.0819,11.0419,11.0017,10.9611,10.9203,10.8792,10.8077,10.6339,10.4599,10.2858,10.1114,9.9368,9.762,9.587,9.4118,9.2363,9.1267,9.0403,8.9538,8.8673,8.7807,8.6941,8.6074,8.5206,8.4338,8.3623,8.3369,8.3117,8.2867,8.2618,8.2372,8.2128,8.1886,8.1647,8.1409,8.1506,8.1706,8.1905,8.2104,8.2301,8.2498,8.2694,8.289,8.3084,8.2878,8.1587,8.0297,7.9005,7.7713,7.642,7.5127,7.3833,7.2538,7.1243,6.9282,6.7132,6.4981,6.2832,6.0683,5.8534,5.6387,5.424,5.2094,5.0342,4.9589,4.8837,4.8087,4.7338,4.6591,4.5845,4.5101,4.4358,4.3617,4.2906,4.2203,4.1499,4.0795,4.009,3.9385,3.868,3.7974
13.2126,13.1213,13.0302,12.9391,12.8482,12.7573,12.6665,12.5758,12.4852,12.3824,12.2719,12.1613,12.0508,11.9402,11.8295,11.7189,11.6082,11.4974,11.397,11.3673,11.3375,11.3075,11.2774,11.2471,11.2167,11.1861,11.1554,11.1245,11.1169,11.1224,11.1279,11.1332,11.1384,11.1435,11.1486,11.1535,11.1584,11.1739,11.2505,11.3272,11.4038,11.4804,11.557,11.6336,11.7101,11.7867,11.8633,11.9111,11.9442,11.9772,12.0103,12.0434,12.0764,12.1095,12.1426,12.1757,12.191,12.1198,12.0485,11.9773,11.9059,11.8346,11.7632,11.6917,11.6201,11.5484,11.5079,11.4819,11.4558,11.4298,11.4036,11.3775,11.3513,11.325,11.2987,11.274,11.2561,11.2381,11.2201,11.2019,11.1836,11.1652,11.1467,11.1281,11.1093,11.0701,11.0221,10.9739,10.9254,10.8767,10.8277,10.7785,10.7289,10.6791,10.6017,10.4237,10.2455,10.0671,9.8885,9.7097,9.5307,9.3515,9.1721,8.9924,8.8807,8.795,8.7092,8.6234,8.5375,8.4516,8.3656,8.2796,8.1935,8.1229,8.104,8.0853,8.0668,8.0485,8.0304,8.0125,7.9949,7.9774,7.9602,7.9703,7.99,8.0096,8.0291,8.0485,8.0678,8.0871,8.1063,8.1254,8.1084,7.9794,7.8503,7.7212,7.592,7.4627,7.3333,7.2039,7.0745,6.945,6.753,6.5399,6.327,6.1141,5.9012,5.6884,5.4757,5.2631,5.0506,4.873,4.8006,4.7283,4.6562,4.5842,4.5123,4.4406,4.3691,4.2977,4.2264,4.1559,4.0856,4.0153,3.9449,3.8744,3.8039,3.7334,3.6628
13.1315,13.0368,12.9421,12.8475,12.753,12.6586,12.5642,12.47,12.3758,12.2713,12.1607,12.0501,11.9395,11.8288,11.7182,11.6074,11.4967,11.3859,11.2871,11.2634,11.2396,11.2155,11.1913,11.1669,11.1424,11.1178,11.093,11.0681,11.0667,11.0782,11.0896,11.1009,11.1121,11.1232,11.1342,11.1451,11.156,11.1772,11.2558,11.3343,11.4129,11.4914,11.5699,11.6484,11.7269,11.8054,11.8839,11.9336,11.9686,12.0037,12.0387,12.0737,12.1087,12.1438,12.1788,12.2139,12.229,12.1469,12.0648,11.9827,11.9005,11.8183,11.736,11.6537,11.5713,11.4887,11.4432,11.4153,11.3873,11.3593,11.3313,11.3032,11.275,11.2468,11.2186,11.1914,11.169,11.1466,11.124,11.1014,11.0786,11.0557,11.0327,11.0096,10.9863,10.94,10.8833,10.8263,10.7692,10.7117,10.654,10.596,10.5378,10.4792,10.3957,10.2135,10.0311,9.8485,9.6657,9.4827,9.2995,9.1161,8.9325,8.7486,8.6346,8.5496,8.4646,8.3795,8.2943,8.2091,8.1239,8.0386,7.9532,7.8832,7.8708,7.8587,7.8467,7.8349,7.8233,7.8119,7.8008,7.7899,7.7792,7.79,7.8094,7.8286,7.8478,7.8669,7.8859,7.9048,7.9237,7.9425,7.9291,7.8001,7.671,7.5418,7.4126,7.2833,7.154,7.0246,6.8952,6.7656,6.5776,6.3666,6.1557,5.9448,5.734,5.5233,5.3127,5.1021,4.8916,4.7117,4.6422,4.5728,4.5035,4.4344,4.3654,4.2965,4.2278,4.1593,4.0909,4.0212,3.9509,3.8806,3.8102,3.7398,3.6693,3.5988,3.5282
13.0504,12.9521,12.8538,12.7557,12.6576,12.5597,12.4618,12.364,12.2662,12.1602,12.0496,11.9389,11.8282,11.7175,11.6068,11.496,11.3851,11.2743,11.1775,11.1597,11.1417,11.1236,11.1053,11.0869,11.0683,11.0496,11.0307,11.0117,11.0167,11.0341,11.0515,11.0687,11.0859,11.1029,11.1199,11.1368,11.1536,11.1805,11.261,11.3415,11.422,11.5024,11.5829,11.6633,11.7438,11.8242,11.9046,11.9562,11.9931,12.0301,12.0671,12.104,12.141,12.178,12.215,12.252,12.2671,12.1741,12.0812,11.9882,11.8952,11.8021,11.709,11.6158,11.5225,11.4292,11.3786,11.3487,11.3188,11.2889,11.2589,11.2289,11.1988,11.1687,11.1385,11.1089,11.082,11.0551,11.028,11.0009,10.9736,10.9463,10.9188,10.8912,10.8634,10.81,10.7446,10.679,10.6131,10.5469,10.4805,10.4138,10.3469,10.2796,10.1899,10.0035,9.8169,9.6301,9.4431,9.2559,9.0685,8.8808,8.693,8.505,8.3885,8.3042,8.2199,8.1355,8.0511,7.9666,7.8821,7.7975,7.7129,7.6432,7.6374,7.6317,7.6263,7.621,7.6159,7.6111,7.6064,7.602,7.5978,7.6098,7.6288,7.6477,7.6665,7.6853,7.704,7.7226,7.7411,7.7595,7.7498,7.6207,7.4917,7.3625,7.2333,7.104,6.9747,6.8453,6.7158,6.5863,6.402,6.1931,5.9843,5.7755,5.5667,5.3581,5.1495,4.9409,4.7325,4.5502,4.4836,4.417,4.3506,4.2843,4.2182,4.1522,4.0864,4.0207,3.9552,3.8865,3.8163,3.7459,3.6756,3.6051,3.5347,3.4642,3.3936
12.9692,12.8673,12.7655,12.6638,12.5622,12.4607,12.3592,12.2579,12.1566,12.0491,11.9384,11.8277,11.717,11.6062,11.4954,11.3845,11.2736,11.1627,11.0679,11.0561,11.044,11.0318,11.0195,11.007,10.9943,10.9815,10.9686,10.9555,10.9667,10.9901,11.0134,11.0367,11.0598,11.0828,11.1057,11.1285,11.1513,11.1839,11.2663,11.3487,11.4311,11.5135,11.5959,11.6782,11.7606,11.8429,11.9253,11.9787,12.0176,12.0565,12.0954,12.1344,12.1733,12.2123,12.2512,12.2902,12.3051,12.2014,12.0976,11.9938,11.8899,11.786,11.682,11.578,11.4739,11.3697,11.314,11.2822,11.2504,11.2185,11.1866,11.1546,11.1226,11.0905,11.0584,11.0264,10.9951,10.9637,10.9321,10.9005,10.8688,10.8369,10.8049,10.7728,10.7406,10.6803,10.6062,10.5318,10.4572,10.3823,10.3072,10.2318,10.1562,10.0802,9.9842,9.7936,9.6028,9.4118,9.2206,9.0292,8.8375,8.6457,8.4537,8.2615,8.1423,8.0588,7.9752,7.8916,7.8079,7.7241,7.6403,7.5564,7.4725,7.403,7.4037,7.4045,7.4056,7.4068,7.4082,7.4099,7.4118,7.4139,7.4162,7.4295,7.4482,7.4668,7.4853,7.5037,7.522,7.5403,7.5585,7.5766,7.5704,7.4414,7.3123,7.1832,7.054,6.9247,6.7953,6.6659,6.5365,6.407,6.2264,6.0195,5.8127,5.606,5.3993,5.1927,4.9861,4.7797,4.5733,4.3886,4.3247,4.2611,4.1975,4.1341,4.0709,4.0077,3.9448,3.882,3.8193,3.7518,3.6816,3.6113,3.5409,3.4705,3.4001,3.3296,3.259
12.8878,12.7823,12.677,12.5718,12.4666,12.3615,12.2566,12.1517,12.0468,11.938,11.8273,11.7165,11.6057,11.4949,11.384,11.2731,11.1621,11.0511,10.9585,10.9526,10.9465,10.9402,10.9338,10.9272,10.9204,10.9135,10.9065,10.8994,10.9168,10.9462,10.9755,11.0047,11.0337,11.0627,11.0916,11.1204,11.1491,11.1872,11.2716,11.3559,11.4403,11.5246,11.6089,11.6932,11.7774,11.8617,11.946,12.0012,12.0421,12.083,12.1238,12.1647,12.2056,12.2465,12.2874,12.3284,12.3432,12.2286,12.114,11.9993,11.8846,11.7699,11.6551,11.5402,11.4253,11.3103,11.2494,11.2157,11.1819,11.1481,11.1143,11.0804,11.0464,11.0124,10.9784,10.944,10.9082,10.8723,10.8363,10.8002,10.7639,10.7276,10.6911,10.6546,10.6178,10.5507,10.4679,10.3848,10.3015,10.218,10.1341,10.0501,9.9657,9.881,9.7786,9.5838,9.3888,9.1936,8.9982,8.8026,8.6068,8.4107,8.2145,8.0181,7.8962,7.8134,7.7305,7.6476,7.5646,7.4816,7.3985,7.3153,7.2321,7.1626,7.1697,7.1771,7.1846,7.1924,7.2003,7.2085,7.2168,7.2254,7.2343,7.2493,7.2676,7.2859,7.304,7.3221,7.3401,7.3581,7.3759,7.3937,7.3911,7.2621,7.133,7.0038,6.8746,6.7453,6.616,6.4866,6.3571,6.2276,6.0506,5.8458,5.641,5.4364,5.2317,5.0272,4.8227,4.6182,4.4139,4.2267,4.1657,4.1049,4.0442,3.9837,3.9233,3.8635,3.8043,3.7451,3.6861,3.6209,3.5517,3.4827,3.4136,3.3446,3.2757,3.2068,3.138
12.8063,12.6973,12.5884,12.4796,12.3709,12.2623,12.1538,12.0453,11.937,11.827,11.7162,11.6053,11.4944,11.3835,11.2726,11.1616,11.0506,10.9396,10.8493,10.8492,10.8491,10.8487,10.8482,10.8475,10.8467,10.8457,10.8446,10.8434,10.8671,10.9024,10.9376,10.9727,11.0078,11.0427,11.0775,11.1123,11.1469,11.1906,11.2769,11.3632,11.4494,11.5357,11.6219,11.7081,11.7943,11.8805,11.9667,12.0238,12.0666,12.1094,12.1522,12.1951,12.2379,12.2808,12.3236,12.3665,12.3813,12.2559,12.1304,12.005,11.8794,11.7539,11.6283,11.5026,11.3768,11.2509,11.1848,11.1492,11.1135,11.0777,11.042,11.0061,10.9703,10.9344,10.8984,10.8617,10.8214,10.781,10.7405,10.6999,10.6592,10.6184,10.5775,10.5364,10.4952,10.4213,10.3298,10.238,10.146,10.0538,9.9613,9.8685,9.7754,9.6821,9.5731,9.3741,9.1749,8.9755,8.7759,8.5761,8.3761,8.1759,7.9755,7.7748,7.65,7.5679,7.4857,7.4035,7.3213,7.239,7.1566,7.0742,6.9917,6.9218,6.9355,6.9493,6.9634,6.9776,6.9921,7.0067,7.0216,7.0367,7.0522,7.0698,7.0882,7.1065,7.1245,7.1424,7.1601,7.1775,7.1948,7.2118,7.2124,7.0836,6.9548,6.826,6.6971,6.5683,6.4394,6.3105,6.1816,6.0527,5.8805,5.6796,5.479,5.2787,5.0786,4.8787,4.6791,4.4798,4.2808,4.0941,4.036,3.978,3.9201,3.8622,3.8044,3.7466,3.6889,3.6313,3.5737,3.5102,3.4423,3.3744,3.3066,3.2388,3.1711,3.1035,3.0359
12.7016,12.5972,12.4925,12.3876,12.2823,12.1767,12.0709,11.9648,11.8585,11.7515,11.6441,11.5364,11.4285,11.3203,11.212,11.1034,10.9946,10.8856,10.799,10.8034,10.8076,10.8116,10.8156,10.8195,10.8232,10.8269,10.8304,10.8339,10.86,10.8963,10.9328,10.9694,11.0061,11.0429,11.0798,11.1168,11.1539,11.1997,11.2842,11.3689,11.4537,11.5386,11.6235,11.7086,11.7937,11.8789,11.9641,12.0204,12.0627,12.105,12.1474,12.1897,12.2319,12.2742,12.3163,12.3585,12.3711,12.2361,12.101,11.9659,11.8306,11.6953,11.5599,11.4244,11.2887,11.153,11.0798,11.039,10.9979,10.9567,10.9152,10.8735,10.8316,10.7894,10.7469,10.7035,10.6562,10.6086,10.5607,10.5127,10.4644,10.4158,10.367,10.318,10.2687,10.1875,10.0887,9.9897,9.8907,9.7916,9.6924,9.5931,9.4938,9.3943,9.2817,9.0829,8.8843,8.6859,8.4876,8.2894,8.0914,7.8937,7.6961,7.4987,7.3775,7.3028,7.2284,7.1543,7.0805,7.0071,6.934,6.8613,6.789,6.7272,6.7458,6.7644,6.7832,6.802,6.8209,6.8398,6.8589,6.878,6.8973,6.9144,6.93,6.9454,6.9606,6.9756,6.9904,7.0049,7.0193,7.0335,7.0353,6.9073,6.7792,6.6511,6.523,6.3948,6.2667,6.1385,6.0103,5.8821,5.7152,5.5192,5.3235,5.1281,4.9329,4.738,4.5433,4.3489,4.1547,3.9682,3.9117,3.8551,3.7987,3.7423,3.6859,3.6296,3.5734,3.5173,3.4612,3.3994,3.3327,3.2661,3.1995,3.133,3.0665,3.0001,2.9337
12.5874,12.4905,12.3933,12.2958,12.198,12.1,12.0017,11.9031,11.8043,11.7052,11.6059,11.5063,11.4065,11.3065,11.2062,11.1058,11.0051,10.9042,10.8266,10.837,10.8473,10.8574,10.8674,10.8773,10.8871,10.8968,10.9064,10.9159,10.9398,10.9701,11.0006,11.0311,11.0618,11.0926,11.1235,11.1544,11.1855,11.2244,11.2972,11.3701,11.4431,11.5162,11.5894,11.6627,11.736,11.8094,11.8829,11.9285,11.9607,11.993,12.0253,12.0575,12.0898,12.1219,12.1541,12.1862,12.1899,12.0506,11.9113,11.7719,11.6324,11.4928,11.3531,11.2134,11.0735,10.9335,10.8505,10.7975,10.7442,10.6908,10.6371,10.5832,10.5291,10.4747,10.4201,10.3653,10.311,10.2566,10.2019,10.147,10.0919,10.0365,9.9808,9.9249,9.8687,9.7869,9.6901,9.5932,9.4963,9.3992,9.3021,9.2049,9.1076,9.0102,8.9018,8.7124,8.5231,8.334,8.145,7.9562,7.7676,7.5791,7.3908,7.2028,7.0904,7.0274,6.9647,6.9024,6.8403,6.7787,6.7173,6.6564,6.5958,6.5432,6.565,6.5869,6.6088,6.6308,6.653,6.6751,6.6974,6.7198,6.7423,6.7592,6.7719,6.7844,6.7967,6.8089,6.8208,6.8325,6.844,6.8554,6.8582,6.7309,6.6035,6.4762,6.3488,6.2213,6.0939,5.9665,5.839,5.7115,5.5495,5.3585,5.1677,4.9772,4.7869,4.5969,4.4071,4.2176,4.0284,3.8423,3.7872,3.7321,3.6772,3.6222,3.5674,3.5126,3.4579,3.4032,3.3486,3.2886,3.2231,3.1577,3.0923,3.027,2.9617,2.8965,2.8314
12.4733,12.384,12.2943,12.2043,12.114,12.0235,11.9327,11.8416,11.7503,11.6591,11.5679,11.4765,11.3848,11.2929,11.2007,11.1083,11.0158,10.923,10.8544,10.8708,10.8871,10.9033,10.9193,10.9352,10.951,10.9668,10.9824,10.9979,11.0196,11.0439,11.0683,11.0928,11.1174,11.1421,11.167,11.1919,11.2169,11.2489,11.31,11.3711,11.4323,11.4937,11.5551,11.6166,11.6782,11.7399,11.8016,11.8365,11.8587,11.8809,11.9032,11.9254,11.9476,11.9697,11.9918,12.0138,12.0086,11.8651,11.7215,11.5779,11.4341,11.2903,11.1464,11.0024,10.8583,10.7141,10.6213,10.5561,10.4906,10.425,10.3591,10.2931,10.2267,10.1602,10.0933,10.0271,9.966,9.9047,9.8432,9.7814,9.7194,9.6572,9.5947,9.532,9.4689,9.3862,9.2915,9.1967,9.1018,9.0068,8.9117,8.8166,8.7214,8.6261,8.5217,8.3417,8.1617,7.9819,7.8022,7.6227,7.4434,7.2643,7.0853,6.9066,6.8029,6.7516,6.7006,6.65,6.5997,6.5498,6.5002,6.451,6.4022,6.359,6.3841,6.4092,6.4343,6.4596,6.4849,6.5103,6.5358,6.5614,6.5871,6.6041,6.6139,6.6236,6.633,6.6423,6.6514,6.6602,6.6689,6.6774,6.6811,6.5545,6.4279,6.3012,6.1745,6.0478,5.9211,5.7944,5.6676,5.5408,5.3836,5.1975,5.0116,4.826,4.6407,4.4555,4.2707,4.0861,3.9018,3.7177,3.6626,3.609,3.5556,3.5021,3.4487,3.3954,3.3422,3.289,3.2359,3.1776,3.1134,3.0492,2.985,2.9209,2.8569,2.7929,2.729
12.3596,12.2777,12.1955,12.113,12.0303,11.9472,11.8639,11.7803,11.6965,11.6133,11.5302,11.4469,11.3633,11.2794,11.1954,11.1111,11.0266,10.942,10.8823,10.9048,10.9271,10.9493,10.9713,10.9933,11.0151,11.0369,11.0586,11.0801,11.0992,11.1175,11.1358,11.1543,11.1729,11.1916,11.2104,11.2293,11.2483,11.2734,11.3226,11.372,11.4215,11.4711,11.5208,11.5706,11.6204,11.6703,11.7202,11.7445,11.7566,11.7688,11.781,11.7932,11.8054,11.8175,11.8295,11.8416,11.8273,11.6796,11.5318,11.3839,11.2359,11.0878,10.9397,10.7914,10.6431,10.4946,10.3922,10.3148,10.2371,10.1593,10.0813,10.003,9.9245,9.8458,9.7668,9.689,9.6211,9.5529,9.4846,9.416,9.3471,9.2781,9.2087,9.1391,9.0693,8.9855,8.8928,8.8001,8.7072,8.6143,8.5213,8.4282,8.3351,8.2418,8.1414,7.9706,7.8,7.6295,7.4591,7.289,7.119,6.9491,6.7795,6.6101,6.5149,6.4754,6.4362,6.3973,6.3587,6.3205,6.2827,6.2452,6.2081,6.1747,6.203,6.2313,6.2597,6.2882,6.3167,6.3453,6.374,6.4028,6.4317,6.4491,6.4561,6.4629,6.4695,6.4759,6.4821,6.4881,6.4939,6.4995,6.504,6.3781,6.2521,6.1262,6.0002,5.8742,5.7482,5.6222,5.4962,5.3701,5.2174,5.0362,4.8552,4.6745,4.4941,4.3139,4.1339,3.9542,3.7748,3.5957,3.5379,3.4858,3.4338,3.3819,3.33,3.2782,3.2264,3.1747,3.1231,3.0666,3.0036,2.9406,2.8777,2.8148,2.752,2.6892,2.6265
12.2461,12.1717,12.097,12.022,11.9467,11.8712,11.7954,11.7193,11.6429,11.5678,11.4927,11.4175,11.342,11.2662,11.1903,11.1141,11.0377,10.9612,10.9104,10.9389,10.9672,10.9954,11.0235,11.0515,11.0793,11.1071,11.1348,11.1624,11.1788,11.191,11.2033,11.2158,11.2284,11.241,11.2538,11.2667,11.2796,11.2977,11.3352,11.3728,11.4106,11.4484,11.4864,11.5244,11.5625,11.6006,11.6388,11.6524,11.6545,11.6567,11.6589,11.661,11.6632,11.6652,11.6673,11.6693,11.6461,11.4941,11.342,11.1899,11.0377,10.8854,10.733,10.5805,10.4279,10.2752,10.1632,10.0736,9.9838,9.8938,9.8036,9.7132,9.6225,9.5316,9.4404,9.351,9.2762,9.2013,9.1261,9.0506,8.975,8.8991,8.8229,8.7465,8.6698,8.5847,8.4941,8.4034,8.3126,8.2218,8.1308,8.0398,7.9487,7.8575,7.7608,7.5993,7.438,7.2768,7.1158,6.9549,6.7942,6.6337,6.4734,6.3132,6.2266,6.1988,6.1713,6.1441,6.1173,6.0908,6.0647,6.0389,6.0135,5.9903,6.0218,6.0533,6.0849,6.1166,6.1484,6.1802,6.2121,6.2441,6.2763,6.2943,6.2984,6.3023,6.3061,6.3096,6.3129,6.3161,6.319,6.3218,6.3243,6.2016,6.0764,5.9511,5.8259,5.7006,5.5753,5.45,5.3247,5.1994,5.0509,4.8746,4.6985,4.5227,4.3472,4.1719,3.9968,3.822,3.6475,3.4733,3.4131,3.3625,3.312,3.2616,3.2111,3.1608,3.1105,3.0603,3.0101,2.9554,2.8936,2.8319,2.7702,2.7085,2.647,2.5854,2.5239
12.1329,12.066,11.9988,11.9313,11.8635,11.7954,11.7271,11.6585,11.5896,11.5224,11.4555,11.3883,11.3209,11.2533,11.1854,11.1173,11.049,10.9805,10.9386,10.9731,11.0074,11.0417,11.0758,11.1098,11.1437,11.1775,11.2112,11.2448,11.2582,11.2644,11.2707,11.2772,11.2837,11.2904,11.2971,11.304,11.3109,11.3218,11.3476,11.3735,11.3995,11.4256,11.4518,11.4781,11.5045,11.5309,11.5573,11.5603,11.5524,11.5446,11.5367,11.5288,11.5209,11.513,11.505,11.497,11.4649,11.3086,11.1523,10.996,10.8395,10.683,10.5263,10.3696,10.2128,10.0559,9.9342,9.8325,9.7305,9.6284,9.526,9.4234,9.3206,9.2175,9.1142,9.0131,8.9315,8.8497,8.7677,8.6854,8.6029,8.5202,8.4372,8.3539,8.2704,8.1839,8.0953,8.0067,7.918,7.8292,7.7403,7.6514,7.5623,7.4732,7.3799,7.2278,7.0757,6.9239,6.7721,6.6206,6.4692,6.318,6.1669,6.0161,5.9379,5.9218,5.906,5.8905,5.8754,5.8606,5.8462,5.8322,5.8185,5.8058,5.8405,5.8752,5.91,5.9449,5.9799,6.0149,6.0501,6.0853,6.1206,6.1396,6.1408,6.1419,6.1428,6.1435,6.1439,6.1442,6.1443,6.1442,6.1439,6.0251,5.9006,5.7761,5.6515,5.527,5.4024,5.2778,5.1532,5.0286,4.8841,4.7127,4.5415,4.3706,4.2,4.0296,3.8594,3.6895,3.5199,3.3506,3.2883,3.2392,3.1901,3.1411,3.0922,3.0433,2.9945,2.9458,2.8971,2.8442,2.7836,2.7231,2.6626,2.6022,2.5418,2.4815,2.4213
12.02,11.9606,11.9008,11.8408,11.7805,11.7199,11.659,11.5979,11.5365,11.4773,11.4185,11.3594,11.3001,11.2405,11.1807,11.1207,11.0605,11.0001,10.967,11.0075,11.0478,11.0881,11.1282,11.1682,11.2081,11.248,11.2877,11.3273,11.3376,11.3377,11.338,11.3384,11.339,11.3396,11.3403,11.3412,11.3421,11.3459,11.3599,11.3741,11.3884,11.4027,11.4172,11.4318,11.4464,11.4611,11.4758,11.4681,11.4502,11.4324,11.4145,11.3966,11.3787,11.3608,11.3428,11.3247,11.2836,11.1232,10.9626,10.802,10.6413,10.4806,10.3197,10.1587,9.9977,9.8365,9.7054,9.5915,9.4774,9.3631,9.2486,9.1338,9.0188,8.9036,8.7881,8.6753,8.5869,8.4982,8.4094,8.3203,8.231,8.1414,8.0516,7.9615,7.8712,7.783,7.6965,7.61,7.5233,7.4366,7.3497,7.2628,7.1759,7.0888,6.9988,6.856,6.7132,6.5707,6.4282,6.286,6.1439,6.0019,5.8602,5.7187,5.6487,5.6444,5.6403,5.6365,5.6331,5.63,5.6273,5.625,5.623,5.6214,5.659,5.697,5.735,5.7731,5.8113,5.8495,5.8879,5.9263,5.9648,5.985,5.9834,5.9816,5.9796,5.9775,5.9751,5.9725,5.9698,5.9668,5.9636,5.8485,5.7247,5.6009,5.4771,5.3533,5.2294,5.1055,4.9816,4.8577,4.717,4.5505,4.3842,4.2182,4.0525,3.887,3.7217,3.5567,3.392,3.2275,3.1633,3.1157,3.0681,3.0206,2.9731,2.9258,2.8784,2.8312,2.784,2.7329,2.6736,2.6143,2.555,2.4958,2.4366,2.3775,2.3185
11.9073,11.8554,11.8031,11.7505,11.6977,11.6446,11.5912,11.5376,11.4837,11.4325,11.3817,11.3307,11.2795,11.228,11.1763,11.1244,11.0722,11.0199,10.9955,11.042,11.0883,11.1346,11.1807,11.2268,11.2727,11.3185,11.3643,11.4099,11.4168,11.4109,11.4052,11.3996,11.3941,11.3888,11.3835,11.3783,11.3732,11.3698,11.3721,11.3745,11.3771,11.3798,11.3825,11.3854,11.3883,11.3912,11.3942,11.3759,11.348,11.3202,11.2923,11.2644,11.2365,11.2085,11.1805,11.1525,11.1024,10.9377,10.7729,10.6081,10.4432,10.2782,10.1131,9.9479,9.7826,9.6172,9.4767,9.3506,9.2244,9.0979,8.9713,8.8444,8.7172,8.5899,8.4622,8.3376,8.2424,8.1469,8.0512,7.9553,7.8592,7.7628,7.6661,7.5692,7.4721,7.3821,7.2977,7.2132,7.1286,7.0439,6.9591,6.8743,6.7894,6.7044,6.6174,6.4839,6.3505,6.2172,6.084,5.9511,5.8182,5.6856,5.5532,5.4209,5.3592,5.3665,5.3742,5.3821,5.3904,5.399,5.408,5.4173,5.4271,5.4372,5.4774,5.5186,5.5598,5.6011,5.6425,5.684,5.7255,5.7672,5.8089,5.8305,5.8261,5.8214,5.8166,5.8116,5.8064,5.801,5.7953,5.7895,5.7835,5.6719,5.5489,5.4258,5.3027,5.1795,5.0564,4.9332,4.8101,4.6869,4.5496,4.388,4.2266,4.0655,3.9047,3.744,3.5837,3.4236,3.2638,3.1042,3.0382,2.9921,2.946,2.8999,2.854,2.8081,2.7622,2.7165,2.6707,2.6215,2.5634,2.5053,2.4473,2.3893,2.3313,2.2735,2.2157
11.7949,11.7504,11.7056,11.6605,11.6152,11.5695,11.5236,11.4774,11.431,11.3879,11.3452,11.3022,11.2591,11.2157,11.172,11.1282,11.0841,11.0399,11.0241,11.0766,11.129,11.1813,11.2334,11.2855,11.3374,11.3892,11.441,11.4927,11.4959,11.4841,11.4723,11.4607,11.4492,11.4378,11.4265,11.4153,11.4042,11.3935,11.3841,11.3749,11.3657,11.3567,11.3477,11.3388,11.33,11.3213,11.3126,11.2836,11.2458,11.2079,11.17,11.1321,11.0942,11.0563,11.0183,10.9802,10.9212,10.7523,10.5833,10.4142,10.2451,10.0758,9.9065,9.7371,9.5676,9.398,9.2481,9.1099,8.9715,8.8329,8.6941,8.5551,8.4158,8.2763,8.1365,8,7.8979,7.7957,7.6932,7.5904,7.4875,7.3843,7.2808,7.1771,7.0731,6.9811,6.8988,6.8163,6.7338,6.6512,6.5685,6.4857,6.4028,6.3199,6.2358,6.1116,5.9874,5.8634,5.7396,5.6159,5.4923,5.369,5.2458,5.1229,5.0693,5.0883,5.1076,5.1273,5.1472,5.1675,5.1882,5.2093,5.2307,5.2525,5.2957,5.3401,5.3845,5.429,5.4736,5.5183,5.5631,5.6079,5.6528,5.6762,5.6689,5.6614,5.6537,5.6459,5.6378,5.6295,5.6211,5.6124,5.6035,5.4953,5.3729,5.2506,5.1282,5.0058,4.8833,4.7609,4.6384,4.5159,4.3819,4.2252,4.0688,3.9125,3.7566,3.6008,3.4454,3.2901,3.1352,2.9805,2.913,2.8684,2.8238,2.7792,2.7347,2.6903,2.6459,2.6016,2.5574,2.51,2.4531,2.3963,2.3394,2.2827,2.226,2.1693,2.1127
11.6828,11.6458,11.6084,11.5708,11.5329,11.4947,11.4563,11.4176,11.3786,11.3435,11.3089,11.274,11.2389,11.2036,11.168,11.1322,11.0963,11.0601,11.0529,11.1114,11.1698,11.2281,11.2862,11.3443,11.4022,11.4601,11.5178,11.5755,11.575,11.5571,11.5394,11.5217,11.5042,11.4868,11.4695,11.4523,11.4352,11.4172,11.3961,11.3751,11.3543,11.3335,11.3128,11.2923,11.2717,11.2513,11.2309,11.1913,11.1435,11.0956,11.0478,10.9999,10.952,10.904,10.856,10.808,10.74,10.5668,10.3936,10.2203,10.0469,9.8735,9.6999,9.5263,9.3526,9.1787,9.0196,8.8693,8.7187,8.568,8.4171,8.2659,8.1145,7.9628,7.8109,7.6625,7.5536,7.4445,7.3352,7.2257,7.1159,7.0059,6.8956,6.7851,6.6743,6.5801,6.4998,6.4194,6.339,6.2584,6.1777,6.097,6.0162,5.9353,5.854,5.739,5.6241,5.5094,5.3948,5.2804,5.1661,5.0521,4.9382,4.8245,4.779,4.8097,4.8407,4.872,4.9036,4.9356,4.968,5.0007,5.0338,5.0673,5.1139,5.1614,5.2091,5.2568,5.3046,5.3525,5.4004,5.4485,5.4966,5.522,5.5119,5.5015,5.491,5.4803,5.4694,5.4583,5.4469,5.4354,5.4237,5.3186,5.197,5.0753,4.9536,4.8319,4.7102,4.5885,4.4667,4.345,4.214,4.0622,3.9106,3.7592,3.6081,3.4573,3.3067,3.1564,3.0063,2.8566,2.7878,2.7446,2.7014,2.6584,2.6154,2.5724,2.5295,2.4867,2.4439,2.3985,2.3428,2.2871,2.2315,2.176,2.1205,2.065,2.0097
11.5709,11.5414,11.5115,11.4813,11.4509,11.4202,11.3892,11.3579,11.3264,11.2994,11.2728,11.246,11.219,11.1917,11.1642,11.1365,11.1086,11.0805,11.0818,11.1463,11.2107,11.275,11.3391,11.4032,11.4671,11.531,11.5947,11.6584,11.6539,11.63,11.6063,11.5827,11.5591,11.5357,11.5124,11.4892,11.4661,11.4407,11.4079,11.3752,11.3427,11.3102,11.2779,11.2456,11.2134,11.1812,11.1491,11.099,11.0412,10.9833,10.9255,10.8676,10.8097,10.7518,10.6938,10.6357,10.5587,10.3814,10.2039,10.0264,9.8488,9.6712,9.4934,9.3155,9.1376,8.9595,8.7912,8.6287,8.4661,8.3032,8.1402,7.9769,7.8133,7.6496,7.4855,7.3251,7.2094,7.0935,6.9774,6.861,6.7444,6.6276,6.5105,6.3932,6.2756,6.1791,6.1008,6.0225,5.9441,5.8656,5.787,5.7083,5.6295,5.5507,5.4718,5.3661,5.2605,5.1551,5.0498,4.9446,4.8397,4.7349,4.6303,4.5259,4.4883,4.5307,4.5733,4.6163,4.6596,4.7033,4.7473,4.7917,4.8365,4.8817,4.9319,4.9827,5.0335,5.0844,5.1354,5.1865,5.2377,5.2889,5.3403,5.368,5.355,5.3418,5.3284,5.3149,5.3011,5.2871,5.273,5.2586,5.244,5.1419,5.021,4.9,4.7791,4.6581,4.5371,4.4161,4.295,4.174,4.0457,3.8988,3.7521,3.6056,3.4594,3.3135,3.1678,3.0223,2.8772,2.7323,2.6624,2.6207,2.579,2.5374,2.4959,2.4544,2.413,2.3717,2.3304,2.2868,2.2323,2.1779,2.1235,2.0692,2.0149,1.9607,1.9065
11.4593,11.4372,11.4148,11.3921,11.3691,11.3458,11.3223,11.2985,11.2745,11.2555,11.237,11.2182,11.1992,11.18,11.1606,11.1409,11.1211,11.101,11.1108,11.1814,11.2518,11.322,11.3922,11.4622,11.5322,11.602,11.6718,11.7415,11.7327,11.7028,11.6731,11.6435,11.614,11.5846,11.5553,11.526,11.4969,11.4641,11.4196,11.3752,11.331,11.2868,11.2428,11.1988,11.1549,11.1111,11.0673,11.0066,10.9388,10.871,10.8031,10.7353,10.6674,10.5995,10.5315,10.4635,10.3775,10.196,10.0143,9.8326,9.6508,9.4689,9.2869,9.1048,8.9226,8.7403,8.5629,8.3883,8.2135,8.0386,7.8634,7.688,7.5123,7.3365,7.1603,6.9877,6.8653,6.7426,6.6196,6.4965,6.3731,6.2495,6.1256,6.0014,5.877,5.778,5.7018,5.6255,5.5491,5.4727,5.3961,5.3195,5.2428,5.166,5.0891,4.993,4.8967,4.8005,4.7045,4.6086,4.5129,4.4174,4.322,4.2269,4.1972,4.2512,4.3056,4.3602,4.4152,4.4705,4.5262,4.5823,4.6387,4.6955,4.7498,4.8038,4.8578,4.9119,4.9661,5.0204,5.0748,5.1292,5.1838,5.2141,5.1982,5.1822,5.166,5.1496,5.1329,5.1161,5.0991,5.0819,5.0645,4.9652,4.845,4.7247,4.6045,4.4842,4.3639,4.2436,4.1233,4.0029,3.8772,3.7351,3.5933,3.4517,3.3104,3.1693,3.0285,2.888,2.7477,2.6076,2.5369,2.4967,2.4565,2.4164,2.3763,2.3363,2.2964,2.2565,2.2167,2.1751,2.1218,2.0686,2.0154,1.9623,1.9092,1.8562,1.8033
11.348,11.3333,11.3184,11.3031,11.2876,11.2718,11.2557,11.2393,11.2227,11.2118,11.2014,11.1907,11.1797,11.1686,11.1572,11.1456,11.1338,11.1218,11.1401,11.2166,11.2929,11.3692,11.4454,11.5214,11.5973,11.6732,11.7489,11.8246,11.8114,11.7756,11.7398,11.7042,11.6687,11.6333,11.598,11.5628,11.5277,11.4873,11.4312,11.3751,11.3192,11.2634,11.2076,11.152,11.0964,11.0409,10.9854,10.9142,10.8364,10.7586,10.6808,10.603,10.5251,10.4472,10.3693,10.2913,10.1963,10.0105,9.8247,9.6387,9.4527,9.2666,9.0804,8.8941,8.7077,8.5212,8.3346,8.148,7.9611,7.774,7.5867,7.3992,7.2115,7.0235,6.8352,6.6505,6.5212,6.3918,6.262,6.1321,6.0019,5.8715,5.7408,5.6098,5.4786,5.3769,5.3027,5.2285,5.1542,5.0797,5.0052,4.9307,4.856,4.7813,4.7065,4.6196,4.5326,4.4457,4.3589,4.2723,4.1858,4.0996,4.0135,3.9276,3.9057,3.9714,4.0374,4.1037,4.1703,4.2373,4.3047,4.3724,4.4405,4.509,4.5676,4.6247,4.682,4.7393,4.7967,4.8541,4.9117,4.9694,5.0271,5.0603,5.0416,5.0227,5.0037,4.9844,4.9649,4.9453,4.9254,4.9054,4.8851,4.7884,4.6689,4.5494,4.4298,4.3103,4.1907,4.0711,3.9515,3.8318,3.7083,3.5712,3.4342,3.2975,3.1611,3.0249,2.889,2.7533,2.6178,2.4827,2.4114,2.3726,2.3347,2.2991,2.2637,2.2283,2.1929,2.1576,2.1223,2.0857,2.0367,1.9877,1.9387,1.8898,1.8409,1.7921,1.7433
11.237,11.2297,11.2222,11.2144,11.2063,11.1979,11.1893,11.1804,11.1712,11.1684,11.166,11.1634,11.1605,11.1574,11.154,11.1505,11.1467,11.1428,11.1694,11.2519,11.3343,11.4165,11.4987,11.5807,11.6626,11.7445,11.8262,11.9079,11.8901,11.8482,11.8065,11.7649,11.7234,11.682,11.6407,11.5995,11.5584,11.5105,11.4426,11.3749,11.3073,11.2398,11.1724,11.1051,11.0378,10.9706,10.9034,10.8217,10.734,10.6462,10.5584,10.4706,10.3828,10.295,10.2071,10.1191,10.0152,9.8251,9.6351,9.4449,9.2546,9.0643,8.8739,8.6834,8.4928,8.3021,8.1065,7.9078,7.7088,7.5096,7.3102,7.1106,6.9108,6.7107,6.5103,6.3134,6.1773,6.041,5.9045,5.7678,5.6308,5.4936,5.3561,5.2183,5.0803,4.9757,4.9036,4.8314,4.7591,4.6868,4.6143,4.5418,4.4692,4.3965,4.3237,4.246,4.1682,4.0906,4.013,3.9357,3.8585,3.7815,3.7046,3.628,3.6138,3.6911,3.7688,3.8468,3.9251,4.0037,4.0827,4.1621,4.2418,4.3219,4.3852,4.4455,4.506,4.5665,4.629,4.6918,4.7543,4.8167,4.8787,4.9161,4.8961,4.8759,4.8554,4.8347,4.8137,4.7926,4.7711,4.7494,4.7275,4.634,4.516,4.3978,4.2795,4.1611,4.0425,3.9238,3.805,3.6861,3.5655,3.4381,3.3114,3.1853,3.0598,2.9349,2.8106,2.687,2.5641,2.4418,2.3747,2.34,2.3054,2.2708,2.2362,2.2017,2.1673,2.1329,2.0985,2.0633,2.0148,1.9664,1.918,1.8697,1.8213,1.7731,1.7248
11.1977,11.1937,11.1896,11.1854,11.181,11.1765,11.1718,11.167,11.1621,11.1615,11.1612,11.161,11.1607,11.1605,11.1602,11.16,11.1597,11.1595,11.1893,11.2713,11.3534,11.4356,11.518,11.6005,11.6832,11.766,11.8489,11.9319,11.9086,11.8609,11.8133,11.7658,11.7184,11.6711,11.6239,11.5767,11.5296,11.4748,11.3977,11.3207,11.2437,11.1667,11.0898,11.0128,10.9358,10.8588,10.7818,10.6908,10.5941,10.4974,10.4006,10.3038,10.2068,10.1098,10.0128,9.9156,9.8031,9.6076,9.4121,9.2164,9.0206,8.8246,8.6285,8.4323,8.2359,8.0393,7.8369,7.6307,7.4243,7.2179,7.0114,6.8048,6.5981,6.3914,6.1846,5.9811,5.8422,5.7033,5.5643,5.4252,5.2861,5.147,5.0078,4.8685,4.7292,4.6275,4.5641,4.5009,4.4378,4.375,4.3124,4.25,4.1879,4.1261,4.0645,4.0013,3.9382,3.8755,3.8131,3.751,3.6893,3.628,3.5671,3.5066,3.5031,3.5887,3.6743,3.76,3.8458,3.9316,4.0174,4.1033,4.1893,4.2753,4.3388,4.3975,4.456,4.5142,4.5723,4.6301,4.6876,4.745,4.802,4.8365,4.8123,4.7879,4.7632,4.7383,4.7131,4.6877,4.6621,4.6362,4.61,4.5169,4.3974,4.2777,4.158,4.0381,3.9181,3.798,3.6778,3.5574,3.4374,3.3207,3.2045,3.0889,2.9739,2.8596,2.7459,2.6328,2.5204,2.4086,2.3436,2.3098,2.276,2.2423,2.2087,2.1751,2.1416,2.1081,2.0747,2.0408,1.9929,1.9451,1.8972,1.8494,1.8017,1.754,1.7063
11.1763,11.1765,11.1766,11.1765,11.1762,11.1758,11.1753,11.1747,11.1739,11.1737,11.1736,11.1734,11.1733,11.1731,11.173,11.1729,11.1727,11.1726,11.2009,11.2758,11.3509,11.4262,11.5016,11.5772,11.6528,11.7287,11.8046,11.8807,11.848,11.7918,11.7358,11.6799,11.6241,11.5684,11.5127,11.4571,11.4016,11.3385,11.2542,11.17,11.0858,11.0016,10.9173,10.8331,10.7489,10.6647,10.5804,10.482,10.3778,10.2735,10.1692,10.0648,9.9604,9.8559,9.7513,9.6466,9.5266,9.3235,9.1202,8.9168,8.7133,8.5096,8.3058,8.1019,7.8978,7.6935,7.4895,7.2858,7.082,6.8781,6.6741,6.47,6.2658,6.0616,5.8572,5.6558,5.5198,5.3837,5.2475,5.1113,4.975,4.8387,4.7023,4.5659,4.4294,4.3347,4.2843,4.2341,4.184,4.1342,4.0846,4.0352,3.9861,3.9372,3.8887,3.8387,3.7889,3.7395,3.6904,3.6416,3.5932,3.5452,3.4976,3.4504,3.4535,3.5409,3.6283,3.7159,3.8034,3.891,3.9787,4.0664,4.1542,4.242,4.3023,4.356,4.4095,4.4627,4.5158,4.5686,4.6212,4.6735,4.7256,4.7571,4.7287,4.7001,4.6712,4.6421,4.6127,4.5831,4.5533,4.5232,4.4928,4.3998,4.2789,4.1578,4.0366,3.9153,3.7938,3.6723,3.5506,3.4288,3.3088,3.2026,3.0969,2.9919,2.8875,2.7837,2.6805,2.5779,2.4761,2.3748,2.3123,2.2794,2.2466,2.2138,2.1811,2.1484,2.1158,2.0832,2.0507,2.0183,1.971,1.9237,1.8764,1.8292,1.782,1.7348,1.6877
11.1551,11.1595,11.1637,11.1677,11.1716,11.1754,11.179,11.1825,11.1858,11.186,11.1859,11.1859,11.1859,11.1858,11.1858,11.1858,11.1857,11.1857,11.2122,11.2802,11.3483,11.4166,11.4851,11.5536,11.6224,11.6912,11.7602,11.8292,11.7872,11.7227,11.6582,11.5939,11.5297,11.4655,11.4014,11.3375,11.2735,11.2021,11.1107,11.0192,10.9277,10.8363,10.7449,10.6534,10.562,10.4705,10.3791,10.2732,10.1614,10.0496,9.9378,9.8259,9.714,9.6019,9.4898,9.3776,9.2502,9.0393,8.8283,8.6172,8.406,8.1947,7.9832,7.7715,7.5597,7.3477,7.1421,6.9409,6.7396,6.5382,6.3367,6.1351,5.9335,5.7317,5.5299,5.3305,5.1973,5.064,4.9307,4.7973,4.6639,4.5304,4.3968,4.2632,4.1296,4.0417,4.0042,3.967,3.9299,3.8931,3.8564,3.8201,3.7839,3.7481,3.7125,3.6758,3.6393,3.6032,3.5673,3.5319,3.4967,3.462,3.4277,3.3938,3.4038,3.493,3.5823,3.6716,3.761,3.8504,3.9399,4.0294,4.119,4.2086,4.266,4.3147,4.3632,4.4115,4.4595,4.5073,4.5549,4.6022,4.6493,4.6779,4.6453,4.6125,4.5794,4.5461,4.5125,4.4787,4.4447,4.4104,4.3758,4.2828,4.1604,4.0379,3.9153,3.7925,3.6696,3.5466,3.4235,3.3002,3.1795,3.0838,2.9887,2.8942,2.8003,2.707,2.6144,2.5224,2.431,2.3403,2.281,2.2491,2.2171,2.1853,2.1535,2.1217,2.09,2.0583,2.0267,1.9952,1.949,1.9023,1.8556,1.8089,1.7623,1.7156,1.6691
11.1341,11.1426,11.1509,11.1591,11.1671,11.175,11.1828,11.1904,11.1979,11.1982,11.1983,11.1984,11.1984,11.1985,11.1986,11.1987,11.1987,11.1988,11.2234,11.2844,11.3456,11.4069,11.4684,11.53,11.5917,11.6536,11.7156,11.7777,11.7263,11.6534,11.5805,11.5078,11.4351,11.3626,11.2901,11.2177,11.1453,11.0657,10.967,10.8683,10.7696,10.671,10.5723,10.4737,10.375,10.2763,10.1776,10.0643,9.945,9.8257,9.7064,9.587,9.4675,9.348,9.2283,9.1086,8.9737,8.7552,8.5365,8.3177,8.0988,7.8798,7.6606,7.4412,7.2217,7.002,6.7947,6.596,6.3972,6.1983,5.9993,5.8002,5.6011,5.4018,5.2025,5.0051,4.8747,4.7443,4.6138,4.4832,4.3526,4.222,4.0913,3.9605,3.8297,3.7483,3.7239,3.6996,3.6755,3.6516,3.628,3.6046,3.5814,3.5585,3.5359,3.5125,3.4893,3.4664,3.4439,3.4217,3.3998,3.3784,3.3573,3.3367,3.354,3.4451,3.5361,3.6273,3.7185,3.8097,3.901,3.9923,4.0837,4.1752,4.2299,4.2736,4.3171,4.3604,4.4035,4.4463,4.4889,4.5312,4.5733,4.5989,4.5621,4.5251,4.4878,4.4503,4.4125,4.3745,4.3363,4.2978,4.259,4.1659,4.0421,3.9181,3.794,3.6698,3.5455,3.421,3.2964,3.1717,3.0497,2.9645,2.8799,2.7959,2.7125,2.6298,2.5476,2.4662,2.3853,2.3051,2.2497,2.2186,2.1876,2.1567,2.1257,2.0949,2.0641,2.0333,2.0027,1.972,1.927,1.8808,1.8347,1.7885,1.7425,1.6964,1.6504
11.1132,11.1258,11.1383,11.1506,11.1628,11.1748,11.1867,11.1985,11.2101,11.2105,11.2107,11.2109,11.211,11.2112,11.2114,11.2116,11.2117,11.2119,11.2344,11.2884,11.3427,11.397,11.4515,11.5062,11.561,11.6159,11.6709,11.7261,11.6653,11.5839,11.5027,11.4215,11.3404,11.2595,11.1786,11.0978,11.017,10.9292,10.8233,10.7174,10.6115,10.5056,10.3997,10.2939,10.188,10.0821,9.9762,9.8553,9.7286,9.6018,9.4749,9.348,9.2211,9.094,8.9669,8.8396,8.6973,8.471,8.2447,8.0182,7.7916,7.5649,7.338,7.111,6.8838,6.6564,6.4473,6.2511,6.0548,5.8584,5.6619,5.4653,5.2686,5.0719,4.8751,4.6797,4.5521,4.4245,4.2969,4.1692,4.0414,3.9135,3.7856,3.6577,3.5297,3.4547,3.4432,3.4319,3.4208,3.4099,3.3992,3.3888,3.3786,3.3687,3.359,3.3489,3.3389,3.3293,3.32,3.3111,3.3025,3.2943,3.2865,3.2791,3.3042,3.3971,3.49,3.5829,3.6759,3.7689,3.862,3.9552,4.0484,4.1417,4.194,4.2328,4.2713,4.3096,4.3476,4.3855,4.4231,4.4604,4.4975,4.5201,4.4791,4.4379,4.3964,4.3547,4.3127,4.2705,4.2281,4.1854,4.1425,4.0491,3.9238,3.7984,3.6728,3.5472,3.4214,3.2955,3.1695,3.0434,2.9192,2.8445,2.7704,2.697,2.6241,2.5519,2.4802,2.4093,2.3389,2.2693,2.2183,2.1881,2.158,2.128,2.098,2.068,2.0381,2.0083,1.9785,1.9488,1.9049,1.8593,1.8137,1.7682,1.7226,1.6772,1.6317
11.0924,11.1092,11.1258,11.1422,11.1585,11.1747,11.1908,11.2067,11.2224,11.2228,11.2231,11.2233,11.2236,11.2239,11.2242,11.2245,11.2247,11.225,11.2452,11.2923,11.3396,11.387,11.4345,11.4822,11.5301,11.578,11.6261,11.6743,11.6041,11.5143,11.4247,11.3351,11.2457,11.1563,11.067,10.9778,10.8886,10.7926,10.6794,10.5663,10.4532,10.3402,10.2271,10.114,10.0009,9.8878,9.7747,9.6464,9.5121,9.3778,9.2435,9.1091,8.9746,8.84,8.7054,8.5707,8.4209,8.1869,7.9529,7.7187,7.4845,7.25,7.0155,6.7808,6.5459,6.3108,6.0999,5.9062,5.7123,5.5184,5.3244,5.1304,4.9362,4.7419,4.5476,4.3542,4.2295,4.1047,3.9799,3.855,3.7301,3.605,3.48,3.3549,3.2297,3.1609,3.1623,3.164,3.1658,3.1679,3.1702,3.1727,3.1755,3.1785,3.1818,3.1849,3.1882,3.1918,3.1958,3.2001,3.2048,3.2098,3.2153,3.2212,3.2543,3.349,3.4437,3.5384,3.6333,3.7281,3.823,3.918,4.013,4.1081,4.1583,4.1921,4.2256,4.2589,4.292,4.3249,4.3575,4.3899,4.422,4.4415,4.3963,4.3509,4.3052,4.2593,4.2131,4.1668,4.1201,4.0733,4.0261,3.9323,3.8056,3.6787,3.5517,3.4247,3.2974,3.1701,3.0426,2.9151,2.788,2.7239,2.6603,2.5974,2.535,2.4733,2.4122,2.3517,2.2919,2.2327,2.1868,2.1576,2.1284,2.0992,2.0701,2.0411,2.0121,1.9832,1.9543,1.9255,1.8828,1.8378,1.7927,1.7477,1.7028,1.6579,1.613
11.0718,11.0927,11.1134,11.134,11.1545,11.1748,11.1949,11.215,11.2347,11.235,11.2354,11.2358,11.2362,11.2366,11.237,11.2374,11.2378,11.2381,11.2559,11.2961,11.3364,11.3768,11.4174,11.4582,11.499,11.54,11.5812,11.6224,11.5428,11.4446,11.3466,11.2486,11.1508,11.053,10.9553,10.8577,10.7601,10.6559,10.5356,10.4152,10.2949,10.1747,10.0544,9.9341,9.8138,9.6935,9.5732,9.4374,9.2956,9.1538,9.012,8.8701,8.7281,8.5861,8.4439,8.3017,8.1445,7.9028,7.6611,7.4193,7.1773,6.9352,6.693,6.4506,6.2081,5.9653,5.7524,5.5612,5.3699,5.1785,4.987,4.7954,4.6037,4.412,4.2201,4.0287,3.9068,3.7849,3.6629,3.5408,3.4187,3.2965,3.1743,3.052,2.9297,2.8667,2.8811,2.8957,2.9105,2.9255,2.9408,2.9562,2.972,2.9879,3.0042,3.0205,3.037,3.0539,3.0711,3.0887,3.1066,3.1249,3.1436,3.1627,3.2044,3.3009,3.3974,3.4939,3.5905,3.6872,3.7839,3.8807,3.9775,4.0744,4.1229,4.1516,4.1802,4.2085,4.2366,4.2645,4.2921,4.3195,4.3467,4.3631,4.3137,4.2641,4.2142,4.1641,4.1138,4.0632,4.0124,3.9613,3.91,3.8156,3.6874,3.5591,3.4307,3.3022,3.1736,3.0448,2.9159,2.7868,2.6577,2.6026,2.5496,2.4971,2.4453,2.394,2.3434,2.2935,2.2441,2.1955,2.1553,2.1269,2.0986,2.0704,2.0422,2.0141,1.986,1.958,1.9301,1.9022,1.8607,1.8162,1.7717,1.7273,1.6829,1.6385,1.5942
11.0513,11.0764,11.1012,11.1259,11.1505,11.1749,11.1993,11.2234,11.2468,11.2473,11.2478,11.2483,11.2488,11.2493,11.2498,11.2503,11.2508,11.2513,11.2664,11.2996,11.333,11.3665,11.4001,11.4339,11.4679,11.5019,11.5361,11.5704,11.4813,11.3748,11.2683,11.162,11.0557,10.9496,10.8435,10.7375,10.6315,10.5191,10.3916,10.2641,10.1366,10.0091,9.8816,9.7541,9.6266,9.4991,9.3716,9.2284,9.0791,8.9298,8.7805,8.6311,8.4816,8.3321,8.1825,8.0328,7.8681,7.6188,7.3694,7.1199,6.8702,6.6205,6.3706,6.1205,5.8703,5.6199,5.4049,5.2162,5.0274,4.8385,4.6495,4.4604,4.2712,4.0819,3.8926,3.7032,3.5841,3.465,3.3458,3.2266,3.1073,2.9879,2.8685,2.749,2.6295,2.5723,2.5997,2.6272,2.6549,2.6829,2.7111,2.7395,2.7681,2.7971,2.8263,2.8558,2.8855,2.9157,2.9461,2.9769,3.0081,3.0396,3.0716,3.1039,3.1544,3.2527,3.351,3.4494,3.5478,3.6462,3.7448,3.8434,3.942,4.0407,4.0876,4.1114,4.1349,4.1583,4.1814,4.2043,4.227,4.2494,4.2716,4.2849,4.2313,4.1775,4.1234,4.0691,4.0146,3.9599,3.9049,3.8496,3.7941,3.699,3.5694,3.4396,3.3098,3.1798,3.0497,2.9195,2.7892,2.6587,2.5281,2.4808,2.4382,2.3963,2.3549,2.3142,2.274,2.2346,2.1957,2.1576,2.1237,2.0962,2.0689,2.0416,2.0143,1.9871,1.9599,1.9328,1.9057,1.8787,1.8385,1.7945,1.7506,1.7068,1.6629,1.6191,1.5754
11.031,11.0602,11.0892,11.118,11.1467,11.1753,11.2037,11.232,11.259,11.2596,11.2602,11.2608,11.2614,11.262,11.2626,11.2632,11.2638,11.2644,11.2768,11.303,11.3295,11.356,11.3827,11.4096,11.4365,11.4637,11.4909,11.5182,11.4197,11.3048,11.1899,11.0752,10.9606,10.846,10.7316,10.6172,10.5028,10.3823,10.2476,10.1129,9.9782,9.8435,9.7088,9.5741,9.4394,9.3047,9.17,9.0193,8.8626,8.7058,8.549,8.3921,8.2351,8.0781,7.921,7.7638,7.5917,7.3347,7.0777,6.8205,6.5632,6.3057,6.0482,5.7904,5.5325,5.2745,5.0574,4.8712,4.6849,4.4984,4.3119,4.1253,3.9386,3.7519,3.565,3.3781,3.2614,3.1451,3.0287,2.9123,2.7958,2.6793,2.5627,2.446,2.3293,2.2776,2.3179,2.3584,2.399,2.4399,2.481,2.5224,2.564,2.6058,2.648,2.6906,2.7337,2.777,2.8207,2.8647,2.9091,2.9539,2.999,3.0446,3.1043,3.2044,3.3045,3.4047,3.5049,3.6052,3.7055,3.8059,3.9064,4.0069,4.0525,4.0713,4.0899,4.1083,4.1264,4.1444,4.1621,4.1795,4.1967,4.2068,4.1491,4.0911,4.0328,3.9744,3.9157,3.8567,3.7975,3.7381,3.6784,3.5825,3.4514,3.3202,3.1889,3.0575,2.926,2.7944,2.6626,2.5307,2.3986,2.3583,2.3262,2.2947,2.2639,2.2336,2.204,2.175,2.1466,2.119,2.092,2.0655,2.039,2.0126,1.9863,1.96,1.9337,1.9075,1.8814,1.8553,1.8163,1.7729,1.7295,1.6862,1.6429,1.5997,1.5565
11.0108,11.0441,11.0772,11.1102,11.143,11.1757,11.2083,11.2407,11.2712,11.2719,11.2726,11.2733,11.274,11.2747,11.2754,11.2761,11.2768,11.2775,11.287,11.3063,11.3258,11.3454,11.3652,11.3851,11.4051,11.4253,11.4456,11.466,11.358,11.2347,11.1114,10.9883,10.8653,10.7424,10.6195,10.4968,10.374,10.2454,10.1035,9.9616,9.8197,9.6778,9.5359,9.3941,9.2522,9.1103,8.9684,8.8102,8.646,8.4817,8.3174,8.1531,7.9886,7.8241,7.6595,7.4949,7.3153,7.0507,6.786,6.5211,6.2562,5.9911,5.7258,5.4604,5.1949,4.9291,4.7099,4.5262,4.3423,4.1584,3.9744,3.7902,3.6061,3.4218,3.2374,3.053,2.9386,2.8251,2.7115,2.5979,2.4843,2.3706,2.2568,2.143,2.0291,1.9826,2.0359,2.0893,2.1429,2.1967,2.2507,2.305,2.3595,2.4143,2.4693,2.5252,2.5814,2.638,2.6949,2.7521,2.8097,2.8677,2.9261,2.9849,3.0542,3.1561,3.258,3.36,3.462,3.5641,3.6663,3.7684,3.8707,3.973,4.0176,4.0315,4.0451,4.0585,4.0717,4.0846,4.0973,4.1098,4.122,4.129,4.067,4.0049,3.9424,3.8798,3.8169,3.7538,3.6904,3.6268,3.5629,3.466,3.3335,3.2009,3.0682,2.9353,2.8024,2.6693,2.5361,2.4027,2.2692,2.2352,2.2136,2.1926,2.1722,2.1524,2.1333,2.1148,2.0969,2.0797,2.0603,2.0347,2.0091,1.9836,1.9582,1.9328,1.9074,1.8821,1.8569,1.8317,1.794,1.7512,1.7084,1.6656,1.6229,1.5802,1.5376
10.9908,11.0282,11.0654,11.1025,11.1395,11.1763,11.213,11.2495,11.2834,11.2842,11.285,11.2858,11.2866,11.2874,11.2882,11.289,11.2898,11.2906,11.297,11.3094,11.3219,11.3346,11.3474,11.3604,11.3735,11.3867,11.4001,11.4136,11.2961,11.1644,11.0328,10.9013,10.7699,10.6386,10.5074,10.3762,10.2451,10.1084,9.9593,9.8102,9.6611,9.5121,9.363,9.214,9.0649,8.9158,8.7667,8.6011,8.4294,8.2577,8.0859,7.914,7.7421,7.5701,7.3981,7.2259,7.0389,6.7667,6.4943,6.2218,5.9492,5.6764,5.4035,5.1305,4.8572,4.5839,4.3624,4.1811,3.9997,3.8183,3.6368,3.4551,3.2734,3.0917,2.9098,2.7279,2.6157,2.5051,2.3943,2.2836,2.1727,2.0618,1.9508,1.8398,1.7288,1.6874,1.7535,1.8199,1.8864,1.9531,2.0201,2.0872,2.1547,2.2224,2.2903,2.3593,2.4288,2.4986,2.5687,2.6391,2.71,2.7812,2.8527,2.9247,3.004,3.1077,3.2115,3.3152,3.4191,3.523,3.6269,3.7309,3.8349,3.9391,3.9829,3.9918,4.0005,4.0089,4.0171,4.0251,4.0329,4.0404,4.0476,4.0513,3.9852,3.9188,3.8523,3.7854,3.7184,3.6511,3.5835,3.5157,3.4477,3.3496,3.2157,3.0816,2.9475,2.8132,2.6788,2.5443,2.4096,2.2748,2.1399,2.1114,2.1003,2.0898,2.0799,2.0706,2.0619,2.0538,2.0464,2.0397,2.0285,2.0038,1.9792,1.9546,1.93,1.9055,1.8811,1.8567,1.8324,1.8081,1.7717,1.7294,1.6872,1.645,1.6028,1.5607,1.5186
10.9709,11.0125,11.0538,11.095,11.1361,11.177,11.2178,11.2585,11.2956,11.2965,11.2974,11.2983,11.2992,11.3001,11.301,11.3019,11.3028,11.3038,11.3069,11.3123,11.3179,11.3237,11.3296,11.3356,11.3418,11.3481,11.3545,11.361,11.2341,11.094,10.954,10.8142,10.6744,10.5347,10.3951,10.2556,10.1162,9.9713,9.815,9.6587,9.5025,9.3463,9.19,9.0338,8.8775,8.7213,8.565,8.3919,8.2128,8.0336,7.8543,7.675,7.4956,7.3162,7.1366,6.957,6.7626,6.4827,6.2026,5.9225,5.6422,5.3618,5.0812,4.8005,4.5197,4.2386,4.0148,3.836,3.6571,3.4782,3.2991,3.12,2.9408,2.7615,2.5821,2.4027,2.2929,2.185,2.0771,1.9691,1.8611,1.753,1.6449,1.5367,1.4284,1.3919,1.4709,1.5502,1.6296,1.7092,1.7891,1.8692,1.9495,2.0301,2.111,2.1931,2.2758,2.3588,2.4421,2.5257,2.6098,2.6942,2.779,2.8642,2.9538,3.0593,3.1648,3.2704,3.376,3.4817,3.5875,3.6933,3.7991,3.905,3.9484,3.9524,3.9561,3.9595,3.9628,3.9658,3.9686,3.9711,3.9734,3.9739,3.9036,3.833,3.7623,3.6913,3.62,3.5486,3.4768,3.4049,3.3327,3.2333,3.0979,2.9625,2.8269,2.6911,2.5553,2.4193,2.2832,2.147,2.0107,1.987,1.9864,1.9864,1.9869,1.9881,1.9899,1.9923,1.9953,1.9991,1.9967,1.9729,1.9492,1.9255,1.9018,1.8782,1.8547,1.8312,1.8078,1.7844,1.7493,1.7076,1.666,1.6243,1.5827,1.5411,1.4996
10.9512,10.9968,11.0423,11.0876,11.1328,11.1779,11.2228,11.2676,11.3077,11.3088,11.3098,11.3108,11.3118,11.3128,11.3138,11.3149,11.3159,11.3169,11.3166,11.3151,11.3138,11.3126,11.3116,11.3107,11.3099,11.3093,11.3088,11.3084,11.1719,11.0235,10.8751,10.7269,10.5788,10.4307,10.2828,10.1349,9.9871,9.8342,9.6707,9.5072,9.3438,9.1804,9.017,8.8536,8.6902,8.5267,8.3633,8.1827,7.9961,7.8095,7.6227,7.4359,7.2491,7.0622,6.8752,6.6881,6.4862,6.1987,5.911,5.6232,5.3353,5.0472,4.759,4.4707,4.1822,3.8935,3.6672,3.4909,3.3145,3.1381,2.9615,2.7849,2.6081,2.4313,2.2544,2.0775,1.9699,1.8649,1.7598,1.6546,1.5494,1.4441,1.3388,1.2334,1.128,1.0961,1.1881,1.2802,1.3725,1.4651,1.5578,1.6508,1.744,1.8376,1.9313,2.0266,2.1224,2.2186,2.3151,2.4119,2.5092,2.6068,2.7047,2.8031,2.9035,3.0108,3.1181,3.2255,3.3329,3.4404,3.548,3.6556,3.7632,3.8709,3.9142,3.9131,3.9119,3.9104,3.9087,3.9067,3.9045,3.9021,3.8995,3.8966,3.8221,3.7474,3.6725,3.5973,3.5219,3.4463,3.3704,3.2942,3.2178,3.1171,2.9803,2.8433,2.7063,2.5692,2.4319,2.2945,2.157,2.0193,1.8815,1.8621,1.8719,1.8823,1.8933,1.9049,1.9172,1.93,1.9436,1.9595,1.9757,1.9618,1.9476,1.9331,1.9183,1.9033,1.8879,1.8723,1.8564,1.8401,1.8122,1.7764,1.7403,1.7038,1.6669,1.6296,1.592
10.9316,10.9814,11.0309,11.0804,11.1297,11.1789,11.2279,11.2768,11.3199,11.3211,11.3222,11.3233,11.3244,11.3255,11.3267,11.3278,11.3289,11.33,11.3261,11.3177,11.3095,11.3014,11.2934,11.2856,11.2779,11.2704,11.263,11.2557,11.1096,10.9528,10.7961,10.6395,10.483,10.3266,10.1703,10.0141,9.8579,9.6969,9.5263,9.3557,9.1851,9.0145,8.8439,8.6733,8.5027,8.3321,8.1615,7.9735,7.7794,7.5853,7.3911,7.1969,7.0026,6.8082,6.6137,6.4192,6.2099,5.9147,5.6194,5.3239,5.0284,4.7327,4.4368,4.1408,3.8447,3.5484,3.3196,3.1458,2.9719,2.7979,2.6238,2.4497,2.2754,2.1011,1.9267,1.7522,1.647,1.5447,1.4425,1.3401,1.2377,1.1352,1.0327,0.9302,0.8275,0.8001,0.9049,1.0099,1.1151,1.2206,1.3262,1.4321,1.5382,1.6446,1.7513,1.8596,1.9687,2.078,2.1877,2.2978,2.4082,2.5189,2.6301,2.7417,2.8531,2.9622,3.0714,3.1805,3.2898,3.3991,3.5084,3.6178,3.7273,3.8431,3.8949,3.8975,3.8999,3.9022,3.9044,3.9064,3.9083,3.9099,3.9114,3.9127,3.8456,3.7767,3.7078,3.6388,3.5698,3.5007,3.4315,3.3623,3.293,3.2021,3.0757,2.9493,2.823,2.6968,2.5707,2.4446,2.3187,2.1928,2.067,2.055,2.0759,2.0966,2.1171,2.1374,2.1574,2.1773,2.197,2.2165,2.2291,2.2099,2.1904,2.1706,2.1506,2.1303,2.1096,2.0887,2.0675,2.046,2.0131,1.9715,1.9294,1.887,1.8443,1.8011,1.7576
11.0242,11.0677,11.1113,11.1551,11.1992,11.2434,11.2879,11.3325,11.3703,11.3631,11.3562,11.3496,11.3432,11.3372,11.3314,11.3259,11.3207,11.3157,11.3027,11.2828,11.2632,11.244,11.2251,11.2064,11.188,11.1699,11.152,11.1343,10.9851,10.8269,10.6685,10.5101,10.3515,10.1928,10.0341,9.8752,9.7163,9.5525,9.3794,9.2062,9.0329,8.8595,8.6861,8.5126,8.3391,8.1655,7.9918,7.8005,7.6031,7.4057,7.2081,7.0106,6.813,6.6154,6.4177,6.22,6.0082,5.7133,5.4185,5.1237,4.8288,4.534,4.2393,3.9446,3.6499,3.3553,3.1323,2.9684,2.8047,2.6412,2.4779,2.3147,2.1518,1.989,1.8265,1.6643,1.5738,1.4873,1.4013,1.3156,1.2304,1.1456,1.0613,0.9775,0.8941,0.8834,1.0055,1.128,1.2507,1.3738,1.4973,1.621,1.7451,1.8696,1.9945,2.1174,2.2396,2.3621,2.4848,2.6077,2.7308,2.8541,2.9776,3.1013,3.2236,3.3368,3.45,3.5631,3.6763,3.7893,3.9024,4.0153,4.1282,4.2411,4.2892,4.2853,4.2813,4.2771,4.2728,4.2683,4.2637,4.2589,4.2539,4.2487,4.1797,4.1074,4.0351,3.9627,3.8903,3.8178,3.7453,3.6726,3.6,3.5083,3.3815,3.2548,3.1282,3.0016,2.8752,2.7488,2.6225,2.4963,2.3702,2.3502,2.3664,2.3823,2.3981,2.4136,2.429,2.4441,2.4591,2.4738,2.4829,2.4584,2.4336,2.4085,2.3832,2.3576,2.3317,2.3055,2.279,2.2522,2.2145,2.1669,2.119,2.0707,2.022,1.973,1.9236
11.1286,11.1669,11.2053,11.244,11.2829,11.322,11.3612,11.4007,11.4318,11.4145,11.3974,11.3807,11.3643,11.3481,11.3323,11.3167,11.3013,11.2862,11.2602,11.2252,11.1905,11.1561,11.122,11.0882,11.0546,11.0213,10.9883,10.9555,10.8069,10.6516,10.4961,10.3405,10.1849,10.0291,9.8732,9.7173,9.5613,9.4002,9.2298,9.0592,8.8886,8.7179,8.5472,8.3764,8.2055,8.0346,7.8636,7.6748,7.4799,7.2849,7.0899,6.8948,6.6997,6.5045,6.3093,6.1141,5.9061,5.6219,5.3376,5.0534,4.7692,4.485,4.2008,3.9167,3.6327,3.3487,3.1384,2.9901,2.8419,2.6939,2.5461,2.3985,2.251,2.1038,1.9568,1.8101,1.7394,1.6736,1.6082,1.5431,1.4785,1.4144,1.3507,1.2875,1.2248,1.2286,1.3596,1.4909,1.6226,1.7546,1.8869,2.0195,2.1525,2.2859,2.4197,2.5462,2.6704,2.7947,2.9193,3.044,3.1689,3.2941,3.4194,3.545,3.6683,3.7763,3.8843,3.9923,4.1003,4.2082,4.316,4.4238,4.5316,4.6392,4.6839,4.6735,4.663,4.6523,4.6415,4.6305,4.6194,4.6081,4.5966,4.585,4.5139,4.4382,4.3625,4.2868,4.211,4.1351,4.0592,3.9832,3.9071,3.8145,3.6874,3.5603,3.4334,3.3065,3.1797,3.053,2.9264,2.7999,2.6734,2.6458,2.6572,2.6684,2.6794,2.6902,2.7008,2.7112,2.7214,2.7314,2.737,2.7072,2.6771,2.6468,2.6162,2.5853,2.5541,2.5227,2.4909,2.4588,2.4162,2.3628,2.309,2.2548,2.2003,2.1453,2.09
11.2329,11.2659,11.2992,11.3327,11.3664,11.4003,11.4344,11.4687,11.4929,11.4655,11.4384,11.4116,11.3851,11.3588,11.3329,11.3072,11.2818,11.2566,11.2174,11.1672,11.1173,11.0678,11.0186,10.9696,10.9209,10.8725,10.8243,10.7763,10.6288,10.4763,10.3237,10.1711,10.0183,9.8654,9.7125,9.5594,9.4063,9.248,9.0802,8.9123,8.7444,8.5764,8.4083,8.2401,8.0719,7.9037,7.7353,7.549,7.3566,7.1641,6.9716,6.779,6.5864,6.3937,6.201,6.0083,5.804,5.5303,5.2567,4.9831,4.7095,4.4359,4.1624,3.8889,3.6154,3.342,3.1445,3.0117,2.879,2.7465,2.6142,2.482,2.3501,2.2184,2.0869,1.9557,1.9047,1.8595,1.8147,1.7703,1.7263,1.6828,1.6397,1.5971,1.5551,1.5736,1.7135,1.8537,1.9942,2.1351,2.2763,2.4178,2.5597,2.702,2.8446,2.9751,3.1011,3.2272,3.3536,3.4802,3.607,3.734,3.8611,3.9885,4.1131,4.216,4.3189,4.4217,4.5245,4.6272,4.7299,4.8325,4.9351,5.0376,5.0787,5.0619,5.0449,5.0277,5.0104,4.993,4.9754,4.9576,4.9397,4.9216,4.8482,4.7692,4.6902,4.611,4.5318,4.4526,4.3733,4.2939,4.2145,4.1207,3.9932,3.8659,3.7386,3.6114,3.4843,3.3572,3.2303,3.1034,2.9766,2.9416,2.9482,2.9547,2.961,2.9671,2.9729,2.9786,2.9841,2.9893,2.9914,2.9563,2.921,2.8854,2.8495,2.8134,2.7769,2.7402,2.7032,2.6658,2.6184,2.5591,2.4994,2.4394,2.3789,2.3181,2.2569
11.3369,11.3648,11.3929,11.4212,11.4498,11.4785,11.5074,11.5365,11.5538,11.5163,11.4791,11.4422,11.4056,11.3693,11.3332,11.2974,11.2619,11.2267,11.1742,11.1089,11.0439,10.9792,10.9148,10.8508,10.7869,10.7234,10.66,10.5969,10.4507,10.3011,10.1514,10.0016,9.8518,9.7018,9.5517,9.4015,9.2513,9.0957,8.9306,8.7654,8.6002,8.4348,8.2694,8.1039,7.9384,7.7728,7.6071,7.4233,7.2334,7.0434,6.8533,6.6632,6.4731,6.2829,6.0927,5.9024,5.7018,5.4388,5.1758,4.9127,4.6497,4.3868,4.1238,3.8609,3.5981,3.3353,3.1504,3.0331,2.9159,2.7989,2.6821,2.5654,2.449,2.3328,2.2168,2.1011,2.0697,2.0451,2.0209,1.9971,1.9737,1.9508,1.9284,1.9064,1.8849,1.9183,2.0671,2.2162,2.3656,2.5154,2.6655,2.8159,2.9666,3.1178,3.2693,3.4039,3.5317,3.6597,3.7879,3.9163,4.045,4.1738,4.3028,4.4321,4.5582,4.6559,4.7536,4.8513,4.9489,5.0464,5.144,5.2414,5.3388,5.4362,5.4739,5.4505,5.4271,5.4034,5.3797,5.3558,5.3317,5.3074,5.283,5.2584,5.1828,5.1004,5.0179,4.9354,4.8529,4.7702,4.6875,4.6048,4.522,4.4269,4.2991,4.1714,4.0438,3.9163,3.7889,3.6615,3.5342,3.407,3.2799,3.2377,3.2396,3.2413,3.2429,3.2442,3.2454,3.2463,3.247,3.2475,3.2462,3.2058,3.1652,3.1244,3.0832,3.0418,3.0001,2.9581,2.9158,2.8732,2.821,2.7558,2.6903,2.6243,2.558,2.4914,2.4243
11.4408,11.4635,11.4865,11.5096,11.533,11.5565,11.5802,11.6042,11.6143,11.5667,11.5195,11.4725,11.4258,11.3794,11.3333,11.2874,11.2418,11.1965,11.1306,11.0502,10.9701,10.8903,10.8108,10.7316,10.6526,10.574,10.4955,10.4173,10.2726,10.1259,9.9792,9.8323,9.6853,9.5382,9.391,9.2437,9.0964,8.9435,8.7811,8.6185,8.456,8.2933,8.1305,7.9677,7.8049,7.6419,7.479,7.2976,7.1101,6.9226,6.7351,6.5474,6.3598,6.1721,5.9844,5.7966,5.5997,5.3472,5.0948,4.8424,4.59,4.3376,4.0852,3.8329,3.5806,3.3284,3.1562,3.0543,2.9527,2.8511,2.7498,2.6486,2.5477,2.447,2.3465,2.2463,2.2344,2.2304,2.2268,2.2236,2.2208,2.2185,2.2166,2.2152,2.2143,2.263,2.4206,2.5786,2.7369,2.8955,3.0544,3.2137,3.3734,3.5334,3.6937,3.8326,3.9623,4.0921,4.2222,4.3524,4.4829,4.6136,4.7444,4.8755,5.0034,5.096,5.1885,5.281,5.3735,5.4659,5.5582,5.6505,5.7428,5.835,5.8693,5.8394,5.8095,5.7794,5.7492,5.7188,5.6883,5.6575,5.6267,5.5956,5.5175,5.4317,5.3459,5.26,5.1741,5.0881,5.002,4.9159,4.8297,4.7331,4.605,4.477,4.3491,4.2212,4.0934,3.9658,3.8381,3.7106,3.5832,3.534,3.5312,3.5282,3.5251,3.5217,3.5181,3.5143,3.5103,3.5061,3.5013,3.4557,3.4098,3.3637,3.3173,3.2706,3.2236,3.1764,3.1288,3.0809,3.024,2.953,2.8816,2.8098,2.7376,2.665,2.5921
11.5445,11.562,11.5798,11.5978,11.616,11.6344,11.6529,11.6717,11.6746,11.6169,11.5595,11.5025,11.4458,11.3893,11.3331,11.2772,11.2215,11.1661,11.0867,10.9912,10.896,10.801,10.7064,10.6121,10.5181,10.4242,10.3307,10.2373,10.0946,9.9508,9.8069,9.6629,9.5188,9.3746,9.2303,9.0859,8.9415,8.7913,8.6316,8.4717,8.3118,8.1518,7.9917,7.8316,7.6714,7.5111,7.3508,7.1719,6.9869,6.8019,6.6168,6.4317,6.2465,6.0613,5.876,5.6908,5.4975,5.2557,5.0138,4.7719,4.5301,4.2883,4.0465,3.8048,3.5631,3.3215,3.1618,3.0755,2.9893,2.9032,2.8174,2.7317,2.6462,2.561,2.476,2.3912,2.3988,2.4154,2.4323,2.4497,2.4675,2.4857,2.5044,2.5236,2.5433,2.6074,2.7739,2.9407,3.1079,3.2754,3.4432,3.6113,3.7798,3.9487,4.118,4.2613,4.3928,4.5245,4.6564,4.7885,4.9208,5.0533,5.186,5.3189,5.4488,5.5362,5.6236,5.7109,5.7982,5.8855,5.9727,6.0598,6.1469,6.2339,6.2649,6.2286,6.1922,6.1557,6.119,6.0821,6.0451,6.0079,5.9706,5.9331,5.8523,5.7632,5.674,5.5847,5.4954,5.406,5.3166,5.2271,5.1375,5.0394,4.911,4.7826,4.6543,4.5262,4.3981,4.27,4.1421,4.0142,3.8864,3.8307,3.8232,3.8154,3.8075,3.7994,3.7911,3.7826,3.7739,3.7649,3.7558,3.7059,3.6548,3.6034,3.5517,3.4998,3.4475,3.395,3.3422,3.2891,3.2275,3.1506,3.0733,2.9956,2.9176,2.8392,2.7604
11.648,11.6604,11.673,11.6858,11.6988,11.712,11.7254,11.739,11.7345,11.6668,11.5993,11.5322,11.4654,11.3989,11.3326,11.2667,11.2009,11.1354,11.0425,10.9318,10.8215,10.7115,10.6018,10.4923,10.3832,10.2743,10.1656,10.0571,9.9167,9.7758,9.6347,9.4936,9.3524,9.2111,9.0697,8.9282,8.7866,8.6392,8.4821,8.3249,8.1676,8.0103,7.8529,7.6954,7.5379,7.3803,7.2226,7.0462,6.8637,6.6811,6.4985,6.3159,6.1332,5.9505,5.7677,5.5849,5.3953,5.164,4.9328,4.7015,4.4702,4.239,4.0078,3.7767,3.5456,3.3145,3.1673,3.0965,3.0257,2.9551,2.8847,2.8145,2.7445,2.6747,2.6052,2.5359,2.5629,2.6,2.6376,2.6755,2.7138,2.7526,2.7919,2.8317,2.8719,2.9516,3.127,3.3027,3.4787,3.6551,3.8317,4.0087,4.1861,4.3638,4.5419,4.6899,4.8233,4.9568,5.0905,5.2245,5.3586,5.493,5.6275,5.7623,5.8944,5.9766,6.0588,6.141,6.2232,6.3053,6.3873,6.4693,6.5513,6.6331,6.6608,6.6181,6.5752,6.5322,6.489,6.4457,6.4023,6.3586,6.3148,6.2708,6.1873,6.0948,6.0022,5.9096,5.8169,5.7242,5.6314,5.5385,5.4456,5.3457,5.2169,5.0882,4.9596,4.8311,4.7027,4.5743,4.4461,4.3179,4.1898,4.1276,4.1154,4.1029,4.0903,4.0775,4.0644,4.0512,4.0377,4.0241,4.0102,3.9565,3.9001,3.8434,3.7865,3.7293,3.6718,3.614,3.5559,3.4976,3.4314,3.3486,3.2654,3.1819,3.098,3.0137,2.9291
11.7513,11.7585,11.766,11.7736,11.7815,11.7896,11.7978,11.8062,11.7941,11.7163,11.6389,11.5617,11.4848,11.4082,11.3319,11.2559,11.1801,11.1045,10.9978,10.8721,10.7467,10.6216,10.4968,10.3722,10.248,10.124,10.0002,9.8767,9.7388,9.6007,9.4626,9.3244,9.186,9.0476,8.9091,8.7705,8.6318,8.4871,8.3326,8.1781,8.0235,7.8688,7.7141,7.5593,7.4044,7.2495,7.0945,6.9205,6.7405,6.5604,6.3803,6.2001,6.0199,5.8397,5.6594,5.4791,5.2931,5.0724,4.8517,4.631,4.4103,4.1896,3.969,3.7484,3.5279,3.3075,3.1727,3.1173,3.062,3.0069,2.952,2.8972,2.8427,2.7883,2.7342,2.6804,2.7267,2.7844,2.8424,2.9009,2.9598,3.0192,3.079,3.1393,3.2001,3.2957,3.4799,3.6645,3.8493,4.0345,4.2201,4.4059,4.5921,4.7787,4.9657,5.1185,5.2537,5.3891,5.5246,5.6604,5.7964,5.9326,6.069,6.2055,6.3401,6.4172,6.4943,6.5713,6.6483,6.7253,6.8022,6.879,6.9558,7.0325,7.057,7.0078,6.9585,6.909,6.8594,6.8096,6.7597,6.7096,6.6593,6.6089,6.5225,6.4266,6.3307,6.2347,6.1386,6.0425,5.9463,5.8501,5.7538,5.652,5.5229,5.3939,5.2649,5.1361,5.0073,4.8786,4.75,4.6215,4.4931,4.4248,4.4079,4.3907,4.3733,4.3558,4.338,4.3201,4.3019,4.2835,4.2649,4.2073,4.1457,4.0838,4.0216,3.9592,3.8964,3.8334,3.7701,3.7064,3.6357,3.547,3.458,3.3686,3.2789,3.1887,3.0982
11.8544,11.8565,11.8588,11.8613,11.864,11.8669,11.87,11.8733,11.8534,11.7656,11.6781,11.5909,11.5039,11.4173,11.3309,11.2448,11.159,11.0734,10.9529,10.812,10.6715,10.5314,10.3915,10.2519,10.1125,9.9734,9.8346,9.6959,9.5609,9.4258,9.2905,9.1552,9.0197,8.8841,8.7485,8.6128,8.477,8.335,8.1832,8.0313,7.8794,7.7274,7.5753,7.4231,7.2709,7.1187,6.9663,6.7948,6.6173,6.4397,6.2621,6.0844,5.9066,5.7289,5.5511,5.3732,5.1909,4.9807,4.7706,4.5605,4.3503,4.1402,3.9302,3.7202,3.5102,3.3003,3.178,3.138,3.0982,3.0585,3.019,2.9797,2.9406,2.9017,2.8631,2.8247,2.8901,2.9684,3.047,3.126,3.2054,3.2853,3.3657,3.4465,3.5278,3.6396,3.8326,4.026,4.2198,4.4138,4.6082,4.8029,4.998,5.1934,5.3892,5.547,5.684,5.8213,5.9587,6.0963,6.2341,6.3721,6.5103,6.6488,6.786,6.858,6.9299,7.0018,7.0736,7.1454,7.2172,7.2889,7.3605,7.4321,7.4534,7.3978,7.342,7.2861,7.23,7.1738,7.1174,7.0609,7.0041,6.9472,6.8578,6.7586,6.6593,6.5599,6.4605,6.361,6.2615,6.1619,6.0622,5.9583,5.8289,5.6995,5.5703,5.4411,5.312,5.183,5.0541,4.9252,4.7964,4.7223,4.7006,4.6788,4.6567,4.6344,4.6119,4.5893,4.5664,4.5433,4.52,4.4586,4.3917,4.3245,4.2571,4.1894,4.1214,4.0531,3.9846,3.9157,3.8404,3.7459,3.651,3.5558,3.4602,3.3642,3.2678
11.9573,11.9543,11.9514,11.9488,11.9463,11.9441,11.942,11.9402,11.9124,11.8146,11.717,11.6197,11.5228,11.4261,11.3297,11.2335,11.1377,11.042,10.9075,10.7516,10.5961,10.4408,10.2858,10.1312,9.9767,9.8226,9.6686,9.5153,9.3831,9.2508,9.1185,8.986,8.8534,8.7207,8.588,8.4551,8.3222,8.1829,8.0338,7.8846,7.7353,7.586,7.4365,7.287,7.1375,6.9879,6.8382,6.6692,6.4941,6.319,6.1438,5.9686,5.7934,5.6181,5.4427,5.2674,5.0886,4.8891,4.6895,4.4899,4.2903,4.0908,3.8913,3.6918,3.4924,3.2931,3.1832,3.1586,3.1342,3.11,3.0859,3.062,3.0384,3.0149,2.9917,2.9687,3.0533,3.1521,3.2512,3.3507,3.4507,3.5511,3.652,3.7533,3.8552,3.9832,4.1852,4.3874,4.59,4.7929,4.9961,5.1996,5.4035,5.6078,5.8124,5.9755,6.1144,6.2534,6.3927,6.5321,6.6718,6.8116,6.9517,7.0919,7.2321,7.2989,7.3657,7.4324,7.4991,7.5658,7.6324,7.699,7.7655,7.8319,7.8501,7.788,7.7258,7.6634,7.6009,7.5382,7.4754,7.4124,7.3492,7.2859,7.1933,7.0907,6.988,6.8853,6.7825,6.6797,6.5768,6.4738,6.3707,6.2646,6.1349,6.0052,5.8756,5.7461,5.6167,5.4873,5.3581,5.2289,5.0998,5.0201,4.9937,4.9671,4.9403,4.9133,4.8861,4.8587,4.8311,4.8033,4.7753,4.7102,4.638,4.5656,4.493,4.42,4.3468,4.2732,4.1994,4.1253,4.0455,3.9452,3.8444,3.7433,3.6419,3.54,3.4378
12.0601,12.0519,12.0439,12.0361,12.0285,12.0211,12.0139,12.0069,11.9712,11.8632,11.7556,11.6484,11.5414,11.4346,11.3282,11.222,11.1161,11.0104,10.8619,10.6909,10.5203,10.3499,10.1799,10.0102,9.8407,9.6714,9.5024,9.3346,9.2053,9.0759,8.9465,8.8169,8.6872,8.5574,8.4275,8.2975,8.1675,8.0309,7.8844,7.7379,7.5912,7.4446,7.2978,7.151,7.0041,6.8571,6.7101,6.5435,6.3709,6.1983,6.0256,5.8529,5.6801,5.5073,5.3344,5.1615,4.9864,4.7973,4.6083,4.4193,4.2303,4.0413,3.8523,3.6634,3.4745,3.2858,3.1882,3.1791,3.1701,3.1613,3.1526,3.1442,3.1359,3.1279,3.1201,3.1126,3.2162,3.3354,3.4551,3.5751,3.6956,3.8165,3.9379,4.0597,4.1821,4.3267,4.5375,4.7486,4.96,5.1717,5.3838,5.5961,5.8089,6.022,6.2355,6.4039,6.5446,6.6855,6.8266,6.9679,7.1094,7.251,7.3929,7.535,7.6773,7.74,7.8016,7.8633,7.9248,7.9863,8.0478,8.1092,8.1706,8.2319,8.2471,8.1785,8.1098,8.041,7.9721,7.903,7.8337,7.7642,7.6946,7.6248,7.5289,7.4229,7.3169,7.2108,7.1047,6.9985,6.8922,6.7859,6.6795,6.571,6.4409,6.3109,6.181,6.0511,5.9214,5.7917,5.6621,5.5326,5.4032,5.3182,5.287,5.2557,5.2242,5.1925,5.1606,5.1285,5.0962,5.0637,5.031,4.9621,4.8847,4.8071,4.7292,4.651,4.5725,4.4937,4.4146,4.3353,4.2511,4.1449,4.0383,3.9314,3.8241,3.7164,3.6083
12.1627,12.1493,12.1362,12.1232,12.1105,12.098,12.0856,12.0734,12.0296,11.9116,11.794,11.6767,11.5596,11.4429,11.3264,11.2102,11.0942,10.9785,10.8158,10.6298,10.4441,10.2587,10.0737,9.8889,9.7043,9.52,9.336,9.154,9.0276,8.9011,8.7745,8.6478,8.521,8.394,8.267,8.1399,8.0128,7.8789,7.7351,7.5912,7.4472,7.3032,7.1591,7.0149,6.8707,6.7264,6.582,6.4179,6.2478,6.0776,5.9074,5.7371,5.5668,5.3964,5.2261,5.0556,4.8841,4.7056,4.5271,4.3486,4.1702,3.9917,3.8133,3.6349,3.4566,3.2784,3.1931,3.1994,3.2058,3.2124,3.2192,3.2261,3.2333,3.2407,3.2483,3.2562,3.3787,3.5185,3.6586,3.7992,3.9401,4.0815,4.2234,4.3658,4.5086,4.6701,4.8897,5.1096,5.3298,5.5503,5.7712,5.9925,6.214,6.436,6.6583,6.8323,6.9748,7.1176,7.2605,7.4036,7.5469,7.6904,7.8341,7.9781,8.1222,8.1813,8.2378,8.2943,8.3507,8.4071,8.4634,8.5197,8.5759,8.6321,8.6443,8.5693,8.4942,8.4189,8.3435,8.268,8.1922,8.1164,8.0403,7.9641,7.8647,7.7554,7.646,7.5365,7.427,7.3175,7.2079,7.0982,6.9884,6.8773,6.7469,6.6166,6.4863,6.3562,6.2261,6.0961,5.9662,5.8364,5.7066,5.6165,5.5807,5.5446,5.5084,5.472,5.4354,5.3986,5.3616,5.3244,5.2869,5.2144,5.1318,5.0489,4.9657,4.8823,4.7986,4.7146,4.6302,4.5456,4.4571,4.345,4.2326,4.1198,4.0067,3.8931,3.7792
12.2651,12.2466,12.2283,12.2102,12.1923,12.1746,12.1572,12.1398,12.0877,11.9597,11.8321,11.7047,11.5777,11.4509,11.3244,11.1981,11.0721,10.9464,10.7694,10.5684,10.3676,10.1672,9.9671,9.7672,9.5677,9.3683,9.1692,8.9735,8.85,8.7263,8.6026,8.4787,8.3548,8.2308,8.1066,7.9824,7.8581,7.7269,7.5858,7.4445,7.3032,7.1618,7.0204,6.8789,6.7373,6.5956,6.4539,6.2923,6.1246,5.9569,5.7892,5.6214,5.4535,5.2856,5.1177,4.9498,4.7818,4.6139,4.4459,4.2779,4.11,3.9421,3.7742,3.6064,3.4386,3.2709,3.1978,3.2195,3.2414,3.2634,3.2855,3.3079,3.3305,3.3533,3.3763,3.3996,3.541,3.7012,3.8618,4.0229,4.1843,4.3462,4.5085,4.6714,4.8347,5.0132,5.2416,5.4704,5.6994,5.9288,6.1585,6.3885,6.6189,6.8497,7.0808,7.2606,7.405,7.5496,7.6943,7.8392,7.9844,8.1297,8.2753,8.421,8.567,8.6228,8.6741,8.7255,8.7768,8.828,8.8792,8.9304,8.9815,9.0325,9.0417,8.9603,8.8788,8.7971,8.7152,8.6332,8.5511,8.4688,8.3863,8.3036,8.2007,8.088,7.9752,7.8624,7.7496,7.6366,7.5237,7.4106,7.2975,7.1837,7.053,6.9223,6.7917,6.6612,6.5308,6.4005,6.2703,6.1401,6.01,5.9151,5.8746,5.8338,5.7929,5.7518,5.7099,5.6662,5.6224,5.5787,5.535,5.4578,5.3695,5.2813,5.1932,5.1053,5.0175,4.9299,4.8424,4.7551,4.6654,4.5532,4.4414,4.33,4.219,4.1085,3.9984
12.3667,12.3437,12.3202,12.297,12.274,12.2512,12.2285,12.2061,12.1455,12.0075,11.8698,11.7325,11.5954,11.4586,11.3221,11.1858,11.0498,10.914,10.7227,10.5066,10.2908,10.0754,9.8602,9.6453,9.4307,9.2163,9.0022,8.793,8.6724,8.5516,8.4307,8.3097,8.1887,8.0675,7.9462,7.8249,7.7035,7.575,7.4365,7.2979,7.1592,7.0205,6.8817,6.7428,6.6039,6.4649,6.3259,6.1666,6.0015,5.8362,5.6709,5.5056,5.3402,5.1748,5.0094,4.8439,4.6795,4.5221,4.3646,4.2072,4.0498,3.8924,3.7351,3.5778,3.4205,3.2633,3.2025,3.2396,3.2768,3.3142,3.3518,3.3895,3.4275,3.4657,3.5041,3.5428,3.7029,3.8836,4.0647,4.2462,4.4281,4.6105,4.7933,4.9766,5.1604,5.3561,5.5934,5.8309,6.0688,6.307,6.5455,6.7844,7.0236,7.2632,7.5031,7.6889,7.8351,7.9815,8.1281,8.2748,8.4218,8.569,8.7164,8.864,9.0118,9.0644,9.1106,9.1562,9.1997,9.2431,9.2863,9.3293,9.3722,9.4149,9.4182,9.3279,9.2376,9.1473,9.0571,8.9668,8.8765,8.7862,8.6959,8.6056,8.4975,8.3799,8.2623,8.1448,8.0273,7.9098,7.7924,7.6751,7.5578,7.4404,7.3063,7.1722,7.0381,6.904,6.7699,6.6358,6.5016,6.3674,6.2333,6.1315,6.0869,6.0423,5.9978,5.9533,5.9088,5.8643,5.8198,5.7754,5.7309,5.6559,5.5688,5.4818,5.395,5.3083,5.2217,5.1354,5.0491,4.9631,4.8757,4.7684,4.6614,4.5549,4.4488,4.3432,4.238
12.3681,12.334,12.3004,12.2672,12.2343,12.2019,12.1698,12.1381,12.069,11.9288,11.7887,11.6486,11.5086,11.3686,11.2288,11.0889,10.9491,10.8094,10.6107,10.387,10.1635,9.94,9.7166,9.4933,9.27,9.0468,8.8237,8.6066,8.4841,8.3617,8.2392,8.1168,7.9944,7.8719,7.7495,7.627,7.5045,7.3755,7.2373,7.099,6.9607,6.8223,6.6839,6.5454,6.4068,6.2681,6.1294,5.9694,5.8032,5.6368,5.4705,5.304,5.1374,4.9708,4.8041,4.6373,4.4732,4.3281,4.1828,4.0375,3.8922,3.7469,3.6015,3.4562,3.3109,3.1656,3.1156,3.1641,3.2125,3.2611,3.3096,3.3583,3.407,3.4558,3.5046,3.5536,3.736,3.9424,4.1493,4.3567,4.5646,4.7731,4.9822,5.1919,5.4023,5.6202,5.8643,6.1086,6.3532,6.598,6.8431,7.0885,7.3341,7.5801,7.8263,8.0154,8.1602,8.3051,8.4502,8.5953,8.7405,8.8859,9.0313,9.1769,9.3226,9.3683,9.4052,9.442,9.4786,9.5151,9.5514,9.5876,9.6235,9.6593,9.6598,9.5677,9.4756,9.3835,9.2914,9.1993,9.1072,9.0151,8.923,8.8309,8.7223,8.6041,8.486,8.3679,8.2498,8.1318,8.0138,7.8959,7.778,7.6602,7.5249,7.3893,7.2537,7.1181,6.9824,6.8468,6.7111,6.5754,6.4397,6.334,6.2887,6.2434,6.1981,6.1529,6.1076,6.0624,6.0172,5.9721,5.9269,5.8539,5.768,5.6822,5.5966,5.5112,5.4259,5.3408,5.2558,5.1709,5.0857,4.9832,4.8811,4.7795,4.6783,4.5775,4.4772
12.369,12.3227,12.2768,12.2313,12.1862,12.1414,12.0971,12.0531,11.9732,11.8294,11.6856,11.5419,11.3983,11.2547,11.1112,10.9677,10.8243,10.681,10.4758,10.2459,10.0161,9.7865,9.5569,9.3273,9.0979,8.8685,8.6392,8.4169,8.2899,8.1629,8.0359,7.9089,7.7819,7.6548,7.5278,7.4008,7.2738,7.1411,7.0006,6.8601,6.7196,6.579,6.4383,6.2976,6.1568,6.0159,5.8749,5.7108,5.5399,5.369,5.1981,5.027,4.8558,4.6846,4.5133,4.3419,4.1757,4.0446,3.9135,3.7823,3.6511,3.5198,3.3886,3.2573,3.1261,2.9949,2.956,3.0139,3.0719,3.1298,3.1878,3.2459,3.3041,3.3623,3.4207,3.4791,3.6883,3.926,4.1642,4.403,4.6422,4.8821,5.1225,5.3636,5.6054,5.8496,6.1013,6.3533,6.6056,6.8581,7.1109,7.364,7.6173,7.8709,8.1249,8.3188,8.4637,8.6087,8.7538,8.8991,9.0444,9.1898,9.3353,9.481,9.6267,9.668,9.6981,9.728,9.7577,9.7873,9.8168,9.8461,9.8752,9.9041,9.9015,9.8075,9.7136,9.6197,9.5258,9.4319,9.3379,9.244,9.1501,9.0562,8.9471,8.8284,8.7097,8.591,8.4724,8.3538,8.2352,8.1167,7.9983,7.8799,7.7436,7.6065,7.4693,7.3322,7.195,7.0578,6.9206,6.7834,6.6462,6.5366,6.4905,6.4445,6.3985,6.3525,6.3066,6.2606,6.2147,6.1688,6.1229,6.0518,5.9671,5.8826,5.7982,5.714,5.63,5.546,5.4623,5.3787,5.2952,5.1977,5.1005,5.0037,4.9074,4.8114,4.716
12.3695,12.3109,12.2527,12.195,12.1376,12.0806,12.024,11.9677,11.8773,11.7299,11.5825,11.4351,11.2879,11.1407,10.9935,10.8464,10.6994,10.5524,10.3407,10.1047,9.8687,9.6328,9.397,9.1613,8.9257,8.6901,8.4546,8.2271,8.0955,7.964,7.8324,7.7008,7.5693,7.4377,7.3061,7.1745,7.0429,6.9066,6.7639,6.6212,6.4784,6.3356,6.1927,6.0497,5.9067,5.7636,5.6205,5.4521,5.2767,5.1012,4.9256,4.75,4.5742,4.3984,4.2225,4.0465,3.8782,3.7612,3.6441,3.527,3.4099,3.2927,3.1756,3.0584,2.9413,2.8242,2.7964,2.8637,2.9311,2.9985,3.066,3.1335,3.2011,3.2688,3.3365,3.4044,3.6401,3.9091,4.1787,4.4487,4.7193,4.9905,5.2623,5.5347,5.8078,6.0788,6.3382,6.5979,6.8579,7.1181,7.3785,7.6393,7.9003,8.1616,8.4232,8.6222,8.7672,8.9123,9.0575,9.2028,9.3482,9.4937,9.6393,9.785,9.9309,9.968,9.9912,10.0142,10.0371,10.0598,10.0824,10.1048,10.127,10.1491,10.1432,10.0475,9.9517,9.856,9.7603,9.6645,9.5688,9.473,9.3773,9.2815,9.172,9.0527,8.9334,8.8141,8.6949,8.5758,8.4567,8.3376,8.2186,8.0996,7.9624,7.8237,7.6851,7.5464,7.4077,7.269,7.1303,6.9916,6.8528,6.7392,6.6924,6.6457,6.599,6.5522,6.5056,6.4589,6.4122,6.3656,6.319,6.2496,6.1662,6.0829,5.9998,5.9168,5.8339,5.7513,5.6687,5.5864,5.5041,5.4118,5.3195,5.2276,5.1361,5.045,4.9544
12.3695,12.2987,12.2283,12.1582,12.0886,12.0194,11.9505,11.882,11.7813,11.6302,11.4792,11.3282,11.1774,11.0265,10.8758,10.7251,10.5744,10.4238,10.2055,9.9633,9.7211,9.479,9.2371,8.9951,8.7533,8.5115,8.2698,8.0372,7.9011,7.765,7.6289,7.4927,7.3566,7.2205,7.0844,6.9482,6.8121,6.6721,6.5272,6.3823,6.2373,6.0922,5.9471,5.8019,5.6567,5.5113,5.366,5.1935,5.0135,4.8334,4.6532,4.473,4.2926,4.1122,3.9317,3.7511,3.5806,3.4777,3.3747,3.2717,3.1686,3.0656,2.9625,2.8594,2.7564,2.6533,2.6367,2.7134,2.7902,2.8671,2.944,3.0209,3.098,3.1751,3.2523,3.3296,3.5914,3.8917,4.1926,4.494,4.7959,5.0983,5.4014,5.7051,6.0095,6.3078,6.575,6.8423,7.11,7.3778,7.646,7.9144,8.1831,8.4521,8.7214,8.9257,9.0708,9.2159,9.3612,9.5066,9.6521,9.7976,9.9433,10.0891,10.235,10.2682,10.2845,10.3007,10.3167,10.3326,10.3483,10.3638,10.3792,10.3943,10.385,10.2875,10.1899,10.0924,9.9948,9.8973,9.7997,9.7022,9.6046,9.507,9.3969,9.277,9.1571,9.0373,8.9176,8.7978,8.6781,8.5585,8.4389,8.3194,8.1812,8.041,7.9009,7.7607,7.6205,7.4803,7.34,7.1998,7.0595,6.9419,6.8944,6.8469,6.7994,6.752,6.7046,6.6572,6.6098,6.5624,6.5151,6.4474,6.3652,6.2831,6.2012,6.1194,6.0378,5.9564,5.8751,5.7939,5.713,5.6256,5.5381,5.4511,5.3644,5.2782,5.1925
12.3692,12.2861,12.2034,12.1211,12.0392,11.9577,11.8766,11.7959,11.6852,11.5305,11.3758,11.2213,11.0668,10.9123,10.7579,10.6036,10.4493,10.2951,10.0701,9.8217,9.5734,9.3251,9.077,8.8289,8.5808,8.3329,8.085,7.8473,7.7066,7.5659,7.4253,7.2846,7.1439,7.0032,6.8626,6.7219,6.5811,6.4376,6.2905,6.1433,5.9961,5.8488,5.7015,5.5541,5.4066,5.2591,5.1114,4.9348,4.7502,4.5655,4.3808,4.1959,4.011,3.826,3.6409,3.4557,3.283,3.1942,3.1053,3.0163,2.9273,2.8383,2.7493,2.6603,2.5713,2.4824,2.4768,2.563,2.6493,2.7356,2.8219,2.9083,2.9947,3.0813,3.1679,3.2546,3.5422,3.8739,4.206,4.5387,4.8719,5.2056,5.54,5.875,6.2107,6.5367,6.8115,7.0866,7.3619,7.6374,7.9132,8.1893,8.4657,8.7424,9.0194,9.2291,9.3743,9.5195,9.6649,9.8103,9.9559,10.1015,10.2473,10.3932,10.5391,10.5687,10.5781,10.5874,10.5966,10.6056,10.6144,10.6231,10.6316,10.6399,10.6269,10.5276,10.4282,10.3288,10.2295,10.1301,10.0307,9.9313,9.832,9.7326,9.6218,9.5014,9.3809,9.2605,9.1402,9.0199,8.8996,8.7794,8.6593,8.5392,8.4001,8.2585,8.1168,7.975,7.8333,7.6916,7.5498,7.4081,7.2663,7.1446,7.0963,7.0481,6.9999,6.9518,6.9036,6.8555,6.8074,6.7593,6.7113,6.645,6.564,6.4832,6.4025,6.322,6.2417,6.1614,6.0814,6.0014,5.9217,5.839,5.7564,5.6742,5.5924,5.5111,5.4302
12.3684,12.273,12.1781,12.0836,11.9895,11.8957,11.8024,11.7094,11.589,11.4306,11.2724,11.1142,10.9561,10.798,10.64,10.482,10.3242,10.1663,9.9346,9.68,9.4255,9.1711,8.9167,8.6625,8.4083,8.1541,7.9,7.6573,7.512,7.3668,7.2216,7.0764,6.9311,6.7859,6.6407,6.4954,6.3502,6.2031,6.0538,5.9044,5.7549,5.6054,5.4559,5.3062,5.1565,5.0068,4.8569,4.6761,4.4869,4.2977,4.1083,3.9189,3.7294,3.5398,3.3501,3.1603,2.9854,2.9106,2.8358,2.7609,2.686,2.611,2.5361,2.4611,2.3862,2.3113,2.317,2.4126,2.5082,2.6039,2.6997,2.7955,2.8914,2.9874,3.0834,3.1796,3.4926,3.8555,4.2189,4.5829,4.9473,5.3123,5.678,6.0442,6.4112,6.7655,7.0479,7.3306,7.6136,7.8968,8.1803,8.4641,8.7481,9.0325,9.3171,9.5326,9.6778,9.8231,9.9685,10.1141,10.2597,10.4054,10.5513,10.6972,10.8433,10.8694,10.872,10.8744,10.8767,10.8788,10.8808,10.8826,10.8842,10.8857,10.8689,10.7677,10.6665,10.5654,10.4642,10.363,10.2618,10.1606,10.0594,9.9582,9.8468,9.7257,9.6047,9.4838,9.3629,9.242,9.1212,9.0004,8.8797,8.759,8.6191,8.4759,8.3327,8.1895,8.0463,7.903,7.7597,7.6164,7.4731,7.3473,7.2983,7.2494,7.2005,7.1516,7.1028,7.0539,7.0051,6.9563,6.9075,6.8426,6.7629,6.6833,6.6038,6.5245,6.4454,6.3664,6.2875,6.2089,6.1303,6.0521,5.9743,5.897,5.8201,5.7436,5.6675
12.3671,12.2595,12.1524,12.0456,11.9393,11.8333,11.7277,11.6225,11.4926,11.3307,11.1688,11.007,10.8452,10.6836,10.522,10.3604,10.1989,10.0374,9.799,9.5382,9.2775,9.0169,8.7564,8.4959,8.2355,7.9752,7.715,7.4672,7.3174,7.1676,7.0178,6.8681,6.7183,6.5685,6.4187,6.2689,6.1191,5.9685,5.817,5.6654,5.5137,5.362,5.2102,5.0583,4.9064,4.7544,4.6024,4.4174,4.2236,4.0298,3.8358,3.6418,3.4477,3.2536,3.0593,2.8649,2.6877,2.627,2.5662,2.5054,2.4445,2.3836,2.3227,2.2619,2.201,2.1402,2.157,2.262,2.3671,2.4722,2.5774,2.6826,2.7879,2.8933,2.9988,3.1044,3.4425,3.8367,4.2313,4.6265,5.0222,5.4185,5.8154,6.2129,6.611,6.994,7.2842,7.5745,7.8652,8.1561,8.4472,8.7387,9.0304,9.3224,9.6147,9.836,9.9813,10.1267,10.2722,10.4178,10.5635,10.7093,10.8553,11.0013,11.1474,11.1703,11.166,11.1616,11.157,11.1523,11.1474,11.1424,11.1372,11.1318,11.111,11.008,10.905,10.802,10.699,10.596,10.493,10.3899,10.2869,10.1839,10.0717,9.9501,9.8286,9.707,9.5856,9.4641,9.3427,9.2214,9.1001,8.9788,8.8382,8.6935,8.5488,8.404,8.2593,8.1145,7.9697,7.8249,7.6801,7.5501,7.5004,7.4507,7.4011,7.3515,7.3019,7.2523,7.2028,7.1532,7.1037,7.0401,6.9616,6.8832,6.805,6.7269,6.649,6.5713,6.4936,6.4162,6.3389,6.2648,6.1919,6.1194,6.0473,5.9757,5.9045
12.3654,12.2456,12.1263,12.0073,11.8887,11.7705,11.6527,11.5353,11.3962,11.2306,11.0651,10.8997,10.7343,10.5691,10.4038,10.2386,10.0735,9.9084,9.6632,9.3962,9.1294,8.8626,8.5959,8.3293,8.0627,7.7962,7.5298,7.277,7.1226,6.9683,6.814,6.6597,6.5054,6.3511,6.1967,6.0424,5.8881,5.734,5.5802,5.4264,5.2725,5.1185,4.9645,4.8105,4.6563,4.5021,4.3478,4.1587,3.9603,3.7619,3.5634,3.3648,3.1661,2.9674,2.7685,2.5696,2.3901,2.3434,2.2966,2.2499,2.203,2.1562,2.1093,2.0625,2.0157,1.9689,1.997,2.1114,2.2259,2.3404,2.455,2.5696,2.6843,2.7991,2.914,3.029,3.392,3.8174,4.2433,4.6696,5.0966,5.5241,5.9522,6.3809,6.8103,7.2224,7.5202,7.8183,8.1166,8.4151,8.7139,9.013,9.3124,9.612,9.912,10.1394,10.2848,10.4303,10.5759,10.7216,10.8674,11.0132,11.1592,11.3054,11.4516,11.4715,11.4603,11.4491,11.4376,11.4261,11.4143,11.4024,11.3904,11.3781,11.3531,11.2483,11.1434,11.0386,10.9338,10.829,10.7242,10.6194,10.5146,10.4097,10.2967,10.1746,10.0524,9.9303,9.8083,9.6863,9.5643,9.4424,9.3205,9.1987,9.0574,8.9112,8.7649,8.6187,8.4724,8.3261,8.1798,8.0335,7.8871,7.7529,7.7025,7.6521,7.6018,7.5514,7.5011,7.4508,7.4005,7.3503,7.3,7.2375,7.1602,7.0831,7.0061,6.9293,6.8526,6.776,6.6997,6.6234,6.5473,6.4772,6.4091,6.3415,6.2743,6.2075,6.1411
12.3633,12.2313,12.0997,11.9685,11.8377,11.7073,11.5773,11.4476,11.2996,11.1304,10.9613,10.7923,10.6233,10.4544,10.2856,10.1168,9.9481,9.7794,9.5273,9.2541,8.9811,8.7081,8.4353,8.1625,7.8898,7.6171,7.3445,7.0867,6.9278,6.769,6.6101,6.4513,6.2924,6.1336,5.9747,5.8158,5.6569,5.4994,5.3434,5.1873,5.0312,4.8751,4.7188,4.5626,4.4062,4.2498,4.0933,3.8999,3.697,3.494,3.2909,3.0877,2.8845,2.6811,2.4777,2.2742,2.0924,2.0597,2.027,1.9943,1.9615,1.9287,1.8959,1.863,1.8303,1.7975,1.8368,1.9607,2.0846,2.2085,2.3325,2.4565,2.5807,2.7049,2.8291,2.9535,3.341,3.7976,4.2547,4.7123,5.1704,5.6291,6.0884,6.5483,7.0089,7.4507,7.7562,8.0618,8.3678,8.674,8.9805,9.2872,9.5942,9.9015,10.2091,10.4429,10.5883,10.7339,10.8795,11.0253,11.1712,11.3171,11.4632,11.6094,11.7557,11.7728,11.7549,11.7367,11.7185,11.7001,11.6815,11.6627,11.6438,11.6247,11.5953,11.4886,11.382,11.2754,11.1688,11.0621,10.9555,10.8489,10.7422,10.6356,10.5218,10.399,10.2763,10.1537,10.031,9.9085,9.7859,9.6634,9.541,9.4186,9.2767,9.1289,8.9811,8.8334,8.6856,8.5378,8.39,8.2421,8.0943,7.9558,7.9046,7.8535,7.8025,7.7514,7.7004,7.6493,7.5983,7.5473,7.4964,7.4348,7.3588,7.2829,7.2071,7.1315,7.056,6.9807,6.9056,6.8306,6.7557,6.6892,6.626,6.5632,6.5008,6.4389,6.3774
12.3608,12.2166,12.0728,11.9294,11.7864,11.6438,11.5015,11.3596,11.203,11.0302,10.8575,10.6848,10.5122,10.3397,10.1673,9.9949,9.8225,9.6502,9.3912,9.1119,8.8327,8.5536,8.2745,7.9956,7.7167,7.4379,7.1591,6.8964,6.733,6.5696,6.4062,6.2428,6.0794,5.916,5.7526,5.5892,5.4257,5.2647,5.1065,4.9483,4.79,4.6316,4.4731,4.3146,4.1561,3.9974,3.8387,3.6411,3.4336,3.2261,3.0184,2.8107,2.6028,2.3949,2.1869,1.9788,1.7947,1.7761,1.7574,1.7386,1.7199,1.7011,1.6823,1.6635,1.6447,1.626,1.6767,1.8099,1.9432,2.0765,2.2099,2.3433,2.4769,2.6104,2.7441,2.8779,3.2895,3.7773,4.2656,4.7543,5.2436,5.7335,6.224,6.7151,7.2069,7.6788,7.9919,8.3052,8.6188,8.9327,9.2468,9.5612,9.8758,10.1908,10.5061,10.7463,10.8918,11.0375,11.1832,11.329,11.475,11.621,11.7672,11.9135,12.0598,12.0745,12.0496,12.0247,11.9996,11.9743,11.9489,11.9233,11.8975,11.8716,11.8375,11.7291,11.6207,11.5122,11.4038,11.2953,11.1869,11.0785,10.97,10.8616,10.7468,10.6235,10.5002,10.377,10.2538,10.1307,10.0076,9.8845,9.7615,9.6385,9.496,9.3467,9.1975,9.0482,8.8989,8.7495,8.6002,8.4509,8.3015,8.1587,8.1068,8.055,8.0032,7.9514,7.8996,7.8479,7.7962,7.7445,7.6928,7.6321,7.5573,7.4826,7.408,7.3337,7.2594,7.1853,7.1114,7.0376,6.964,6.9009,6.8425,6.7845,6.727,6.6699,6.6132
12.3578,12.2014,12.0454,11.8898,11.7346,11.5798,11.4253,11.2713,11.1062,10.9298,10.7535,10.5772,10.401,10.2249,10.0489,9.8729,9.6969,9.521,9.255,8.9695,8.6841,8.3989,8.1137,7.8285,7.5435,7.2585,6.9736,6.7059,6.538,6.3701,6.2021,6.0342,5.8663,5.6984,5.5304,5.3625,5.1945,5.0301,4.8697,4.7092,4.5487,4.3881,4.2274,4.0667,3.9059,3.7451,3.5841,3.3824,3.1703,2.9581,2.7459,2.5336,2.3212,2.1087,1.8961,1.6835,1.497,1.4923,1.4877,1.483,1.4782,1.4734,1.4687,1.4639,1.4591,1.4544,1.5164,1.659,1.8017,1.9444,2.0872,2.23,2.3729,2.5159,2.659,2.8022,3.2376,3.7565,4.276,4.7959,5.3164,5.8374,6.3591,6.8813,7.4043,7.9067,8.2275,8.5485,8.8697,9.1912,9.5129,9.835,10.1573,10.4799,10.8028,11.0497,11.1953,11.341,11.4869,11.6328,11.7788,11.9249,12.0712,12.2175,12.3639,12.3763,12.3447,12.3129,12.2809,12.2488,12.2166,12.1841,12.1515,12.1188,12.0799,11.9696,11.8594,11.7491,11.6389,11.5286,11.4184,11.3081,11.1979,11.0876,10.9719,10.848,10.7242,10.6004,10.4766,10.3529,10.2292,10.1056,9.982,9.8585,9.7154,9.5646,9.4138,9.263,9.1122,8.9614,8.8105,8.6597,8.5088,8.3616,8.3091,8.2565,8.204,8.1515,8.099,8.0465,7.9941,7.9416,7.8892,7.8293,7.7557,7.6822,7.6089,7.5357,7.4627,7.3899,7.3172,7.2446,7.1722,7.1122,7.0587,7.0055,6.9528,6.9006,6.8487
12.3544,12.1858,12.0176,11.8498,11.6824,11.5154,11.3488,11.1825,11.0093,10.8293,10.6494,10.4695,10.2897,10.11,9.9304,9.7508,9.5712,9.3917,9.1186,8.827,8.5355,8.244,7.9527,7.6614,7.3702,7.079,6.788,6.5154,6.343,6.1705,5.998,5.8256,5.6531,5.4807,5.3082,5.1357,4.9632,4.7954,4.6328,4.4701,4.3074,4.1446,3.9817,3.8188,3.6558,3.4927,3.3296,3.1235,2.9069,2.6902,2.4734,2.2565,2.0395,1.8225,1.6054,1.3881,1.1992,1.2086,1.2179,1.2272,1.2365,1.2457,1.2549,1.2642,1.2734,1.2827,1.356,1.5081,1.6601,1.8122,1.9644,2.1166,2.2689,2.4213,2.5737,2.7263,3.1852,3.7353,4.2859,4.8369,5.3886,5.9407,6.4935,7.0469,7.601,8.1345,8.4629,8.7915,9.1204,9.4495,9.7789,10.1086,10.4385,10.7688,11.0993,11.3531,11.4988,11.6446,11.7905,11.9365,12.0826,12.2288,12.3751,12.5215,12.6681,12.6784,12.6399,12.6013,12.5625,12.5236,12.4845,12.4452,12.4058,12.3662,12.3223,12.2102,12.0982,11.9861,11.8741,11.762,11.6499,11.5379,11.4258,11.3137,11.197,11.0725,10.9481,10.8238,10.6995,10.5752,10.4509,10.3268,10.2026,10.0785,9.9349,9.7826,9.6303,9.478,9.3257,9.1733,9.021,8.8686,8.7162,8.5646,8.5113,8.4581,8.4048,8.3516,8.2984,8.2452,8.192,8.1388,8.0857,8.0264,7.954,7.8817,7.8097,7.7377,7.6659,7.5943,7.5228,7.4515,7.3803,7.3232,7.2745,7.2262,7.1783,7.1309,7.0839
