14.4046,14.3628,14.3211,14.2794,14.2377,14.196,14.1543,14.1127,14.0711,14.0297,13.9922,13.9546,13.9171,13.8796,13.842,13.8045,13.767,13.7295,13.692,13.6094,13.5072,13.4049,13.3026,13.2003,13.0979,12.9956,12.8933,12.7909,12.731,12.7608,12.7908,12.8208,12.851,12.8811,12.9112,12.9414,12.9715,13.0017,13.0248,13.0476,13.0703,13.0931,13.1158,13.1386,13.1613,13.1841,13.2068,13.234,13.2646,13.2951,13.3256,13.3561,13.3867,13.4172,13.4477,13.4783,13.4874,13.4099,13.3324,13.255,13.1775,13.1,13.0225,12.9451,12.8676,12.7901,12.6855,12.5751,12.4648,12.3544,12.244,12.1336,12.0232,11.9129,11.8025,11.7558,11.7869,11.8183,11.8497,11.8812,11.9127,11.9442,11.9758,12.0074,12.0376,12.0506,12.0637,12.0768,12.0899,12.1031,12.1163,12.1296,12.1429,12.1563,12.1882,12.2278,12.2674,12.3069,12.3462,12.3855,12.4247,12.4637,12.5026,12.5082,12.4445,12.3809,12.3172,12.2536,12.19,12.1263,12.0627,11.9991,11.9355,11.9104,11.8873,11.864,11.8407,11.8172,11.7936,11.7699,11.746,11.722,11.7187,11.7312,11.7438,11.7563,11.769,11.7816,11.7943,11.8071,11.8199,11.8275,11.813,11.7984,11.7838,11.7693,11.7547,11.7401,11.7255,11.711,11.6964,11.6707,11.6418,11.6122,11.5819,11.551,11.5193,11.4869,11.4538,11.42,11.3805,11.3339,11.2869,11.2397,11.1921,11.1442,11.096,11.0475,10.9986,10.9493,10.8991,10.8489,10.7986,10.7482,10.6978,10.6474,10.5969,10.5463,10.4957
14.4258,14.3837,14.3417,14.2996,14.2576,14.2156,14.1736,14.1317,14.0897,14.0481,14.0106,13.9731,13.9355,13.898,13.8605,13.8229,13.7854,13.7479,13.7104,13.6276,13.5261,13.4246,13.323,13.2215,13.1199,13.0183,12.9168,12.8152,12.7551,12.7795,12.8041,12.8287,12.8534,12.8782,12.9031,12.928,12.953,12.978,13.001,13.0239,13.0468,13.0697,13.0925,13.1154,13.1382,13.1611,13.1839,13.2103,13.2393,13.2684,13.2974,13.3264,13.3555,13.3845,13.4135,13.4425,13.4516,13.38,13.3084,13.2368,13.1653,13.0937,13.0222,12.9508,12.8794,12.808,12.7061,12.5976,12.4892,12.3807,12.2723,12.1639,12.0555,11.9472,11.8389,11.793,11.8255,11.858,11.8905,11.9231,11.9557,11.9884,12.021,12.0538,12.0853,12.0994,12.1135,12.1277,12.1419,12.1562,12.1705,12.1848,12.1992,12.2137,12.2428,12.2785,12.3142,12.3497,12.3852,12.4205,12.4557,12.4908,12.5258,12.5304,12.4667,12.4031,12.3394,12.2758,12.2121,12.1485,12.0849,12.0213,11.9577,11.929,11.9029,11.8767,11.8504,11.824,11.7974,11.7707,11.7439,11.7169,11.712,11.7254,11.7388,11.7523,11.7658,11.7794,11.793,11.8066,11.8204,11.8295,11.8149,11.8003,11.7857,11.7712,11.7566,11.742,11.7274,11.7129,11.6983,11.6645,11.6246,11.5841,11.5428,11.5009,11.4583,11.415,11.371,11.3262,11.2789,11.2282,11.1772,11.1258,11.0742,11.0223,10.97,10.9174,10.8645,10.8112,10.761,10.7107,10.6604,10.6101,10.5597,10.5092,10.4588,10.4082,10.3576
14.447,14.4046,14.3622,14.3199,14.2775,14.2352,14.1929,14.1506,14.1083,14.0666,14.029,13.9915,13.9539,13.9164,13.8789,13.8413,13.8038,13.7663,13.7288,13.6458,13.5451,13.4443,13.3435,13.2427,13.1419,13.0411,12.9403,12.8395,12.7791,12.7982,12.8173,12.8365,12.8558,12.8752,12.8946,12.9141,12.9337,12.9533,12.9761,12.999,13.0219,13.0448,13.0676,13.0905,13.1133,13.1362,13.159,13.1845,13.2118,13.2392,13.2666,13.2939,13.3213,13.3486,13.3759,13.4032,13.4123,13.3472,13.2821,13.217,13.152,13.0869,13.0219,12.9569,12.8919,12.8271,12.7281,12.6214,12.5148,12.4083,12.3017,12.1952,12.0887,11.9823,11.8759,11.8305,11.8641,11.8977,11.9314,11.965,11.9988,12.0325,12.0663,12.1001,12.133,12.1481,12.1633,12.1786,12.1939,12.2092,12.2246,12.24,12.2555,12.271,12.2976,12.3294,12.3611,12.3927,12.4242,12.4556,12.4869,12.5181,12.5492,12.5526,12.4889,12.4253,12.3616,12.298,12.2343,12.1707,12.1071,12.0434,11.9798,11.9477,11.9187,11.8895,11.8602,11.8309,11.8013,11.7717,11.7419,11.712,11.7052,11.7195,11.7338,11.7482,11.7626,11.7771,11.7916,11.8061,11.8208,11.8314,11.8168,11.8022,11.7877,11.7731,11.7585,11.7439,11.7294,11.7148,11.7002,11.6589,11.6081,11.5566,11.5045,11.4516,11.3981,11.3438,11.2889,11.2332,11.1775,11.1227,11.0677,11.0123,10.9566,10.9006,10.8443,10.7876,10.7306,10.6733,10.6229,10.5726,10.5223,10.472,10.4216,10.3711,10.3206,10.2701,10.2195
14.4682,14.4255,14.3828,14.3401,14.2974,14.2548,14.2122,14.1695,14.1269,14.085,14.0474,14.0099,13.9723,13.9348,13.8973,13.8598,13.8222,13.7847,13.7472,13.664,13.564,13.464,13.364,13.264,13.1639,13.0639,12.9638,12.8637,12.8031,12.8167,12.8304,12.8442,12.8581,12.8721,12.8861,12.9002,12.9144,12.9286,12.9512,12.9741,12.997,13.0198,13.0427,13.0656,13.0884,13.1113,13.1341,13.1586,13.1843,13.21,13.2357,13.2614,13.2871,13.3127,13.3384,13.364,13.3731,13.3145,13.2558,13.1972,13.1386,13.08,13.0215,12.963,12.9045,12.8461,12.75,12.6452,12.5405,12.4358,12.3311,12.2265,12.1219,12.0173,11.9128,11.868,11.9027,11.9374,11.9722,12.007,12.0418,12.0766,12.1115,12.1465,12.1806,12.1969,12.2131,12.2295,12.2458,12.2623,12.2787,12.2952,12.3118,12.3284,12.3525,12.3803,12.4081,12.4358,12.4634,12.4909,12.5182,12.5455,12.5727,12.5748,12.5111,12.4474,12.3838,12.3201,12.2565,12.1928,12.1292,12.0656,12.002,11.9665,11.9345,11.9024,11.8702,11.8379,11.8054,11.7728,11.7401,11.7072,11.6983,11.7135,11.7287,11.744,11.7594,11.7747,11.7901,11.8056,11.8211,11.8333,11.8187,11.8042,11.7896,11.775,11.7604,11.7459,11.7313,11.7167,11.7021,11.654,11.5922,11.5298,11.4668,11.403,11.3385,11.2733,11.2075,11.1408,11.0764,11.0176,10.9585,10.899,10.8393,10.7792,10.7188,10.6581,10.5971,10.5357,10.4847,10.4345,10.3842,10.3339,10.2835,10.233,10.1825,10.132,10.0814
14.4894,14.4464,14.4033,14.3603,14.3173,14.2744,14.2314,14.1885,14.1456,14.1034,14.0658,14.0283,13.9907,13.9532,13.9157,13.8782,13.8407,13.8032,13.7657,13.6823,13.583,13.4838,13.3845,13.2852,13.1859,13.0866,12.9873,12.888,12.827,12.8352,12.8435,12.8518,12.8603,12.8689,12.8775,12.8862,12.895,12.9038,12.9262,12.9492,12.9721,12.9949,13.0178,13.0407,13.0636,13.0864,13.1093,13.1328,13.1568,13.1808,13.2049,13.2289,13.2529,13.2769,13.3008,13.3248,13.3339,13.2817,13.2295,13.1774,13.1252,13.0731,13.021,12.969,12.917,12.865,12.7719,12.669,12.5661,12.4633,12.3605,12.2578,12.155,12.0524,11.9497,11.9054,11.9413,11.9771,12.013,12.0489,12.0848,12.1208,12.1568,12.1928,12.2282,12.2456,12.2629,12.2803,12.2978,12.3152,12.3328,12.3504,12.368,12.3856,12.4074,12.4314,12.4553,12.479,12.5027,12.5262,12.5497,12.573,12.5963,12.597,12.5333,12.4696,12.406,12.3423,12.2787,12.215,12.1514,12.0877,12.0241,11.9855,11.9505,11.9155,11.8803,11.845,11.8096,11.774,11.7383,11.7025,11.6914,11.7075,11.7237,11.7398,11.7561,11.7723,11.7886,11.805,11.8214,11.8352,11.8207,11.8061,11.7915,11.7769,11.7623,11.7478,11.7332,11.7186,11.704,11.6497,11.5771,11.5037,11.4297,11.355,11.2796,11.2035,11.1267,11.0492,10.9756,10.9127,10.8495,10.786,10.7222,10.6581,10.5937,10.5289,10.4638,10.3984,10.3466,10.2964,10.2461,10.1957,10.1453,10.0949,10.0444,9.9939,9.9433
14.5106,14.4672,14.4239,14.3805,14.3372,14.2939,14.2507,14.2074,14.1642,14.1218,14.0842,14.0467,14.0091,13.9716,13.9341,13.8966,13.8591,13.8216,13.7841,13.7005,13.602,13.5035,13.405,13.3065,13.208,13.1094,13.0109,12.9124,12.8507,12.8535,12.8564,12.8594,12.8625,12.8656,12.8688,12.8721,12.8755,12.8789,12.9013,12.9242,12.9471,12.97,12.9929,13.0158,13.0387,13.0615,13.0844,13.107,13.1293,13.1517,13.174,13.1963,13.2187,13.241,13.2633,13.2856,13.2947,13.2489,13.2032,13.1575,13.1118,13.0662,13.0206,12.975,12.9294,12.8839,12.7937,12.6927,12.5918,12.4908,12.3899,12.289,12.1882,12.0874,11.9866,11.9429,11.9798,12.0168,12.0537,12.0907,12.1278,12.1649,12.202,12.2391,12.2758,12.2942,12.3127,12.3311,12.3497,12.3682,12.3868,12.4055,12.4242,12.4429,12.4625,12.4826,12.5025,12.5223,12.5421,12.5617,12.5813,12.6007,12.62,12.6192,12.5555,12.4918,12.4282,12.3645,12.3008,12.2372,12.1735,12.1099,12.0463,12.0046,11.9667,11.9287,11.8905,11.8523,11.8139,11.7754,11.7368,11.698,11.6845,11.7015,11.7185,11.7356,11.7527,11.7699,11.7871,11.8044,11.8217,11.8372,11.8226,11.808,11.7934,11.7788,11.7643,11.7497,11.7351,11.7205,11.706,11.6461,11.5625,11.4783,11.3933,11.3077,11.2214,11.1344,11.0467,10.9583,10.875,10.8081,10.7409,10.6733,10.6055,10.5373,10.4688,10.4,10.3309,10.2614,10.2085,10.1582,10.1079,10.0576,10.0072,9.9568,9.9063,9.8558,9.8052
14.5318,14.4881,14.4444,14.4007,14.3571,14.3135,14.2699,14.2263,14.1827,14.1402,14.1026,14.0651,14.0275,13.99,13.9525,13.915,13.8775,13.84,13.8025,13.7188,13.621,13.5233,13.4256,13.3278,13.23,13.1322,13.0345,12.9367,12.8744,12.8718,12.8693,12.8669,12.8645,12.8623,12.8601,12.858,12.8559,12.854,12.8764,12.8993,12.9222,12.9451,12.968,12.9909,13.0138,13.0367,13.0595,13.0811,13.1018,13.1225,13.1431,13.1638,13.1845,13.2051,13.2258,13.2464,13.2554,13.2161,13.1769,13.1376,13.0984,13.0592,13.02,12.9809,12.9418,12.9028,12.8156,12.7165,12.6174,12.5183,12.4193,12.3203,12.2213,12.1223,12.0234,11.9803,12.0184,12.0564,12.0945,12.1326,12.1707,12.2089,12.2471,12.2854,12.3234,12.3429,12.3624,12.3819,12.4015,12.4212,12.4408,12.4606,12.4803,12.5001,12.5177,12.5338,12.5499,12.5658,12.5816,12.5973,12.613,12.6285,12.6438,12.6414,12.5777,12.514,12.4503,12.3867,12.323,12.2594,12.1957,12.1321,12.0684,12.0237,11.9829,11.9419,11.9009,11.8597,11.8183,11.7769,11.7353,11.6936,11.6775,11.6954,11.7133,11.7313,11.7493,11.7674,11.7855,11.8037,11.8219,11.8391,11.8245,11.8099,11.7953,11.7808,11.7662,11.7516,11.737,11.7224,11.7079,11.6431,11.5486,11.4535,11.3577,11.2611,11.1639,11.066,10.9674,10.868,10.7747,10.7037,10.6325,10.5609,10.489,10.4168,10.3442,10.2714,10.1982,10.1247,10.0704,10.0201,9.9698,9.9195,9.8691,9.8187,9.7682,9.7177,9.6671
14.5529,14.5089,14.4649,14.4209,14.377,14.333,14.2891,14.2452,14.2013,14.1586,14.121,14.0835,14.046,14.0084,13.9709,13.9334,13.8959,13.8584,13.8209,13.7371,13.6401,13.5431,13.4461,13.3491,13.2521,13.1551,13.058,12.961,12.898,12.89,12.8821,12.8743,12.8665,12.8589,12.8513,12.8438,12.8363,12.829,12.8515,12.8744,12.8973,12.9202,12.9431,12.966,12.9889,13.0118,13.0346,13.0552,13.0743,13.0933,13.1123,13.1313,13.1503,13.1692,13.1882,13.2072,13.2161,13.1833,13.1505,13.1177,13.085,13.0522,13.0195,12.9868,12.9542,12.9216,12.8374,12.7402,12.643,12.5458,12.4486,12.3515,12.2544,12.1573,12.0603,12.0178,12.0569,12.096,12.1352,12.1744,12.2137,12.253,12.2923,12.3317,12.371,12.3915,12.4121,12.4327,12.4534,12.4741,12.4948,12.5156,12.5365,12.5573,12.573,12.5852,12.5973,12.6094,12.6213,12.6331,12.6448,12.6564,12.6678,12.6636,12.5999,12.5362,12.4725,12.4089,12.3452,12.2815,12.2179,12.1542,12.0906,12.0431,11.9993,11.9554,11.9113,11.8672,11.8229,11.7785,11.734,11.6893,11.6705,11.6893,11.7081,11.727,11.7459,11.7649,11.7839,11.8029,11.822,11.841,11.8264,11.8118,11.7973,11.7827,11.7681,11.7535,11.7389,11.7244,11.7098,11.6408,11.5354,11.4294,11.3226,11.2152,11.1071,10.9983,10.8888,10.7785,10.6747,10.5997,10.5243,10.4487,10.3728,10.2965,10.2199,10.143,10.0658,9.9882,9.9322,9.882,9.8317,9.7814,9.731,9.6806,9.6301,9.5796,9.529
14.5741,14.5297,14.4854,14.4411,14.3968,14.3526,14.3083,14.2641,14.2199,14.177,14.1394,14.1019,14.0644,14.0268,13.9893,13.9518,13.9143,13.8768,13.8393,13.7554,13.6592,13.5629,13.4667,13.3704,13.2742,13.1779,13.0816,12.9854,12.9215,12.9081,12.8948,12.8816,12.8684,12.8554,12.8424,12.8295,12.8167,12.8039,12.8265,12.8495,12.8724,12.8953,12.9182,12.9411,12.964,12.9869,13.0098,13.0294,13.0467,13.0641,13.0814,13.0987,13.1161,13.1334,13.1507,13.168,13.1769,13.1505,13.1241,13.0978,13.0715,13.0452,13.0189,12.9927,12.9665,12.9403,12.8593,12.7639,12.6685,12.5732,12.4779,12.3827,12.2874,12.1922,12.0971,12.0552,12.0954,12.1356,12.1759,12.2163,12.2566,12.297,12.3374,12.3779,12.4184,12.4401,12.4618,12.4835,12.5052,12.527,12.5488,12.5707,12.5926,12.6145,12.6284,12.6367,12.6449,12.653,12.661,12.6689,12.6767,12.6844,12.692,12.6858,12.6221,12.5584,12.4947,12.431,12.3674,12.3037,12.24,12.1764,12.1127,12.0625,12.0157,11.9689,11.9219,11.8748,11.8276,11.7803,11.7328,11.6852,11.6634,11.6831,11.7028,11.7226,11.7424,11.7623,11.7822,11.8022,11.8222,11.8422,11.8283,11.8138,11.7992,11.7846,11.77,11.7554,11.7409,11.7263,11.7117,11.6391,11.5229,11.4059,11.2883,11.17,11.051,10.9312,10.8108,10.6897,10.5749,10.4958,10.4165,10.3368,10.2568,10.1765,10.0959,10.0149,9.9337,9.8521,9.7941,9.7438,9.6936,9.6432,9.5929,9.5424,9.492,9.4414,9.3909
14.5952,14.5505,14.5059,14.4613,14.4167,14.3721,14.3275,14.283,14.2384,14.1954,14.1578,14.1203,14.0828,14.0453,14.0077,13.9702,13.9327,13.8952,13.8577,13.7737,13.6782,13.5828,13.4873,13.3918,13.2963,13.2008,13.1053,13.0097,12.9449,12.9261,12.9074,12.8888,12.8703,12.8518,12.8335,12.8152,12.797,12.7788,12.8016,12.8245,12.8475,12.8704,12.8933,12.9162,12.9391,12.962,12.9849,13.0035,13.0192,13.0349,13.0505,13.0662,13.0819,13.0975,13.1131,13.1288,13.1376,13.1177,13.0977,13.0778,13.058,13.0381,13.0183,12.9985,12.9787,12.959,12.8811,12.7876,12.6941,12.6006,12.5072,12.4138,12.3205,12.2271,12.1338,12.0925,12.1339,12.1752,12.2166,12.2581,12.2995,12.341,12.3825,12.4241,12.4657,12.4887,12.5114,12.5342,12.557,12.5798,12.6027,12.6257,12.6486,12.6717,12.684,12.6883,12.6926,12.6968,12.7009,12.7049,12.7088,12.7126,12.7162,12.708,12.6443,12.5806,12.5169,12.4532,12.3895,12.3259,12.2622,12.1985,12.1349,12.082,12.0324,11.9826,11.9326,11.8826,11.8325,11.7822,11.7318,11.6812,11.6563,11.6769,11.6975,11.7182,11.7389,11.7597,11.7805,11.8013,11.8222,11.8432,11.8303,11.8157,11.8011,11.7865,11.7719,11.7574,11.7428,11.7282,11.7136,11.6381,11.5109,11.3831,11.2546,11.1254,10.9955,10.8649,10.7336,10.6016,10.4754,10.3923,10.3089,10.2252,10.1411,10.0568,9.9721,9.8872,9.8018,9.7162,9.6559,9.6057,9.5554,9.5051,9.4547,9.4043,9.3538,9.3033,9.2528
14.6163,14.5713,14.5264,14.4814,14.4365,14.3916,14.3467,14.3018,14.257,14.2138,14.1762,14.1387,14.1012,14.0637,14.0262,13.9886,13.9511,13.9137,13.8762,13.792,13.6973,13.6026,13.5079,13.4131,13.3184,13.2236,13.1289,13.0341,12.9682,12.944,12.9199,12.8959,12.872,12.8482,12.8245,12.8008,12.7772,12.7537,12.7767,12.7996,12.8226,12.8455,12.8684,12.8913,12.9142,12.9371,12.96,12.9776,12.9916,13.0056,13.0197,13.0337,13.0476,13.0616,13.0756,13.0896,13.0983,13.0848,13.0713,13.0579,13.0444,13.031,13.0176,13.0042,12.9909,12.9777,12.9029,12.8112,12.7196,12.6281,12.5365,12.445,12.3535,12.262,12.1706,12.1299,12.1723,12.2148,12.2573,12.2998,12.3424,12.385,12.4276,12.4703,12.513,12.5373,12.5611,12.5849,12.6088,12.6327,12.6566,12.6807,12.7047,12.7288,12.7396,12.7401,12.7404,12.7407,12.7409,12.741,12.741,12.7408,12.7406,12.7302,12.6665,12.6028,12.5391,12.4754,12.4117,12.348,12.2844,12.2207,12.157,12.1017,12.0491,11.9963,11.9435,11.8905,11.8374,11.7842,11.7308,11.6774,11.6492,11.6707,11.6922,11.7138,11.7354,11.757,11.7787,11.8005,11.8223,11.8441,11.8322,11.8176,11.803,11.7884,11.7739,11.7593,11.7447,11.7301,11.7155,11.6377,11.4997,11.361,11.2216,11.0815,10.9407,10.7993,10.6571,10.5142,10.3762,10.289,10.2016,10.1138,10.0258,9.9374,9.8487,9.7597,9.6703,9.5806,9.5178,9.4676,9.4173,9.367,9.3166,9.2662,9.2157,9.1652,9.1147
14.6374,14.5921,14.5469,14.5016,14.4563,14.4111,14.3659,14.3207,14.2755,14.2322,14.1946,14.1571,14.1196,14.0821,14.0446,14.0071,13.9696,13.9321,13.8946,13.8104,13.7164,13.6225,13.5285,13.4345,13.3405,13.2465,13.1525,13.0585,12.9914,12.9618,12.9324,12.903,12.8737,12.8445,12.8154,12.7863,12.7573,12.7288,12.7517,12.7747,12.7976,12.8206,12.8435,12.8664,12.8894,12.9123,12.9352,12.9517,12.9641,12.9764,12.9888,13.0011,13.0134,13.0258,13.0381,13.0504,13.059,13.0519,13.0449,13.0379,13.0308,13.0239,13.0169,13.01,13.0031,12.9963,12.9247,12.8349,12.7452,12.6554,12.5658,12.4761,12.3865,12.2969,12.2073,12.1673,12.2108,12.2544,12.298,12.3416,12.3853,12.429,12.4727,12.5165,12.5603,12.5858,12.6107,12.6356,12.6605,12.6855,12.7105,12.7356,12.7607,12.7859,12.7953,12.7919,12.7884,12.7848,12.781,12.7772,12.7733,12.7692,12.7651,12.7524,12.6887,12.625,12.5613,12.4976,12.4339,12.3702,12.3065,12.2428,12.1792,12.1215,12.0659,12.0103,11.9545,11.8986,11.8425,11.7864,11.7301,11.6736,11.642,11.6644,11.6868,11.7093,11.7318,11.7543,11.7769,11.7996,11.8222,11.845,11.8341,11.8195,11.8049,11.7904,11.7758,11.7612,11.7466,11.732,11.7174,11.638,11.4891,11.3395,11.1892,11.0383,10.8866,10.7343,10.5812,10.4275,10.2772,10.186,10.0945,10.0027,9.9106,9.8182,9.7255,9.6324,9.539,9.4453,9.3797,9.3294,9.2792,9.2288,9.1785,9.1281,9.0776,9.0271,8.9765
14.6585,14.6129,14.5673,14.5217,14.4762,14.4306,14.3851,14.3396,14.2941,14.2506,14.213,14.1755,14.138,14.1005,14.063,14.0255,13.988,13.9505,13.913,13.8288,13.7356,13.6423,13.5491,13.4559,13.3627,13.2694,13.1762,13.0829,13.0145,12.9796,12.9447,12.91,12.8753,12.8407,12.8062,12.7718,12.7374,12.7038,12.7268,12.7498,12.7727,12.7957,12.8186,12.8415,12.8645,12.8874,12.9103,12.9258,12.9365,12.9472,12.9579,12.9686,12.9792,12.9899,13.0005,13.0111,13.0196,13.019,13.0184,13.0178,13.0172,13.0167,13.0162,13.0157,13.0152,13.0148,12.9464,12.8585,12.7707,12.6828,12.595,12.5072,12.4194,12.3317,12.244,12.2046,12.2492,12.2939,12.3386,12.3834,12.4281,12.4729,12.5178,12.5626,12.6075,12.6344,12.6603,12.6862,12.7123,12.7383,12.7644,12.7905,12.8167,12.843,12.8512,12.8438,12.8364,12.8289,12.8213,12.8136,12.8057,12.7978,12.7897,12.7747,12.7109,12.6472,12.5835,12.5198,12.4561,12.3924,12.3287,12.265,12.2013,12.1414,12.0829,12.0243,11.9656,11.9067,11.8477,11.7886,11.7294,11.67,11.6347,11.658,11.6813,11.7047,11.7281,11.7516,11.7751,11.7986,11.8222,11.8458,11.836,11.8214,11.8069,11.7923,11.7777,11.7631,11.7485,11.7339,11.7194,11.6389,11.4791,11.3186,11.1575,10.9957,10.8332,10.67,10.5061,10.3415,10.1785,10.0833,9.9877,9.8919,9.7958,9.6993,9.6026,9.5055,9.4081,9.3103,9.2415,9.1913,9.1408,9.0891,9.0372,8.9852,8.9329,8.8806,8.828
14.6796,14.6337,14.5878,14.5419,14.496,14.4501,14.4042,14.3584,14.3126,14.269,14.2315,14.1939,14.1564,14.1189,14.0814,14.0439,14.0064,13.9689,13.9314,13.8472,13.7547,13.6622,13.5698,13.4773,13.3848,13.2923,13.1998,13.1073,13.0375,12.9972,12.957,12.9169,12.8768,12.8369,12.797,12.7572,12.7174,12.6789,12.7019,12.7249,12.7478,12.7708,12.7937,12.8167,12.8396,12.8625,12.8854,12.8999,12.909,12.918,12.927,12.936,12.945,12.954,12.963,12.9719,12.9803,12.9861,12.9919,12.9978,13.0036,13.0095,13.0154,13.0213,13.0273,13.0333,12.9682,12.8821,12.7961,12.7102,12.6242,12.5383,12.4524,12.3665,12.2807,12.2419,12.2877,12.3334,12.3792,12.4251,12.471,12.5169,12.5628,12.6088,12.6548,12.6829,12.7098,12.7369,12.764,12.7911,12.8182,12.8454,12.8727,12.9,12.9071,12.8959,12.8846,12.8731,12.8616,12.85,12.8383,12.8264,12.8145,12.7969,12.7331,12.6694,12.6057,12.542,12.4782,12.4145,12.3508,12.2872,12.2235,12.1614,12.1,12.0384,11.9768,11.915,11.8531,11.791,11.7289,11.6666,11.6275,11.6516,11.6759,11.7001,11.7244,11.7488,11.7732,11.7976,11.8218,11.8443,11.8332,11.8158,11.798,11.7797,11.7611,11.742,11.7225,11.7025,11.6821,11.597,11.4248,11.2524,11.0797,10.9068,10.7337,10.5603,10.3867,10.2129,10.0389,9.9397,9.8406,9.7413,9.642,9.5426,9.4432,9.3437,9.2441,9.1444,9.0717,9.019,8.9661,8.913,8.8597,8.8063,8.7528,8.699,8.6452
14.6873,14.6413,14.5953,14.5493,14.5033,14.4574,14.4115,14.3656,14.3197,14.2759,14.2372,14.1987,14.1602,14.122,14.0838,14.0458,14.0078,13.97,13.9323,13.8488,13.758,13.6671,13.5762,13.4853,13.3943,13.3034,13.2123,13.1213,13.0509,13.0065,12.9621,12.9176,12.8731,12.8287,12.7841,12.7396,12.6951,12.6522,12.6754,12.6987,12.7218,12.745,12.7681,12.7912,12.8142,12.8372,12.8602,12.8738,12.8812,12.8886,12.896,12.9034,12.9108,12.9181,12.9255,12.9328,12.9411,12.9532,12.9653,12.9774,12.9896,13.0016,13.0137,13.0258,13.0379,13.0499,12.9879,12.9036,12.8194,12.7352,12.6511,12.567,12.483,12.3991,12.3152,12.277,12.3234,12.3698,12.4162,12.4626,12.509,12.5553,12.6016,12.6479,12.6942,12.7229,12.7502,12.7776,12.8049,12.8323,12.8596,12.887,12.9143,12.9417,12.9463,12.929,12.9115,12.8938,12.8758,12.8575,12.839,12.8201,12.801,12.7774,12.7115,12.6456,12.5796,12.5135,12.4474,12.3812,12.3149,12.2486,12.1821,12.1169,12.0523,11.9876,11.9229,11.8581,11.7934,11.7286,11.6638,11.5989,11.5557,11.579,11.6024,11.6257,11.6491,11.6725,11.6959,11.7193,11.7428,11.7663,11.7507,11.7264,11.7016,11.6764,11.6508,11.6248,11.5983,11.5714,11.5441,11.4581,11.2829,11.1075,10.9319,10.756,10.5799,10.4036,10.227,10.0502,9.8731,9.7714,9.6721,9.5727,9.4732,9.3737,9.2741,9.1744,9.0747,8.9749,8.8998,8.8457,8.7914,8.737,8.6824,8.6276,8.5727,8.5176,8.4624
14.6815,14.6346,14.5877,14.5409,14.4941,14.4473,14.4005,14.3537,14.307,14.2612,14.2176,14.1742,14.1309,14.0878,14.0447,14.0018,13.959,13.9163,13.8736,13.7894,13.6992,13.609,13.5188,13.4285,13.3381,13.2478,13.1574,13.067,12.9973,12.9528,12.9082,12.8636,12.819,12.7744,12.7297,12.6851,12.6404,12.5979,12.6229,12.648,12.6729,12.6979,12.7228,12.7477,12.7726,12.7975,12.8223,12.8368,12.8446,12.8524,12.8602,12.868,12.8758,12.8835,12.8913,12.899,12.9076,12.9197,12.9318,12.944,12.9561,12.9682,12.9803,12.9923,13.0044,13.0165,12.9586,12.8794,12.8002,12.7211,12.642,12.5629,12.4839,12.405,12.3261,12.2899,12.3351,12.3802,12.4254,12.4705,12.5157,12.5607,12.6058,12.6509,12.6959,12.7247,12.752,12.7794,12.8067,12.8341,12.8614,12.8888,12.9161,12.9435,12.9446,12.919,12.8932,12.8672,12.8409,12.8143,12.7874,12.7603,12.7329,12.7023,12.6353,12.5683,12.5012,12.434,12.3668,12.2995,12.2321,12.1647,12.0971,12.0315,11.9668,11.9022,11.8375,11.7727,11.708,11.6432,11.5784,11.5135,11.4685,11.4929,11.5172,11.5416,11.5659,11.5904,11.6148,11.6392,11.6637,11.6882,11.6686,11.6373,11.6056,11.5735,11.541,11.508,11.4746,11.4408,11.4065,11.3193,11.1412,10.9628,10.7842,10.6054,10.4263,10.247,10.0674,9.8876,9.7076,9.603,9.5035,9.404,9.3044,9.2048,9.105,9.0053,8.9054,8.8055,8.7279,8.6725,8.6168,8.5611,8.5051,8.449,8.3928,8.3363,8.2797
14.6757,14.6279,14.5802,14.5325,14.4848,14.4371,14.3895,14.3419,14.2943,14.2464,14.198,14.1496,14.1015,14.0534,14.0055,13.9576,13.9099,13.8623,13.8149,13.7301,13.6405,13.5509,13.4613,13.3716,13.282,13.1922,13.1025,13.0127,12.9437,12.899,12.8543,12.8096,12.7649,12.7201,12.6753,12.6306,12.5858,12.5435,12.5704,12.5973,12.6241,12.6509,12.6776,12.7043,12.731,12.7577,12.7843,12.7997,12.808,12.8162,12.8244,12.8326,12.8407,12.8489,12.857,12.8652,12.8741,12.8862,12.8983,12.9105,12.9226,12.9347,12.9468,12.9589,12.9709,12.983,12.9294,12.8552,12.781,12.7069,12.6328,12.5588,12.4848,12.4109,12.337,12.3028,12.3468,12.3907,12.4346,12.4785,12.5223,12.5662,12.61,12.6538,12.6976,12.7264,12.7538,12.7812,12.8085,12.8359,12.8632,12.8906,12.9179,12.9453,12.9431,12.9092,12.8751,12.8408,12.8062,12.7713,12.7362,12.7008,12.6651,12.6273,12.5592,12.491,12.4228,12.3546,12.2862,12.2178,12.1494,12.0808,12.0122,11.9461,11.8814,11.8168,11.7521,11.6873,11.6226,11.5578,11.493,11.4281,11.3813,11.4066,11.432,11.4574,11.4828,11.5082,11.5336,11.5591,11.5846,11.6101,11.5869,11.5486,11.51,11.4709,11.4315,11.3916,11.3513,11.3105,11.2693,11.1807,10.9996,10.8183,10.6367,10.4549,10.2729,10.0906,9.9081,9.7253,9.5423,9.4346,9.335,9.2354,9.1357,9.0359,8.936,8.8361,8.7361,8.636,8.5562,8.4993,8.4424,8.3852,8.328,8.2705,8.2129,8.1551,8.0972
14.6699,14.6212,14.5726,14.524,14.4755,14.427,14.3785,14.33,14.2815,14.2315,14.1781,14.1249,14.0719,14.0189,13.9661,13.9134,13.8608,13.8083,13.7559,13.6707,13.5818,13.4929,13.4039,13.3148,13.2258,13.1367,13.0476,12.9584,12.8901,12.8453,12.8005,12.7556,12.7107,12.6658,12.6209,12.576,12.5311,12.4892,12.5179,12.5466,12.5752,12.6038,12.6324,12.6609,12.6895,12.7179,12.7464,12.7627,12.7713,12.7799,12.7885,12.7971,12.8057,12.8143,12.8228,12.8314,12.8406,12.8527,12.8649,12.877,12.8891,12.9012,12.9133,12.9254,12.9375,12.9495,12.9,12.8308,12.7617,12.6926,12.6235,12.5545,12.4856,12.4167,12.3479,12.3158,12.3585,12.4011,12.4438,12.4864,12.5291,12.5717,12.6143,12.6568,12.6994,12.7282,12.7556,12.783,12.8103,12.8377,12.865,12.8924,12.9198,12.9471,12.9418,12.8997,12.8573,12.8147,12.7718,12.7286,12.6852,12.6415,12.5975,12.5522,12.4831,12.4138,12.3445,12.2752,12.2057,12.1362,12.0666,11.997,11.9273,11.8607,11.796,11.7314,11.6667,11.6019,11.5372,11.4724,11.4076,11.3428,11.294,11.3204,11.3467,11.3731,11.3996,11.426,11.4524,11.4789,11.5054,11.532,11.5055,11.4603,11.4148,11.3688,11.3224,11.2756,11.2283,11.1806,11.1325,11.0424,10.8583,10.674,10.4894,10.3046,10.1196,9.9344,9.7489,9.5632,9.3772,9.2663,9.1666,9.0668,8.9669,8.867,8.767,8.6669,8.5667,8.4665,8.3845,8.3263,8.268,8.2095,8.1509,8.0921,8.0331,7.974,7.9147
14.664,14.6145,14.565,14.5156,14.4662,14.4168,14.3674,14.3181,14.2688,14.2164,14.1581,14.1001,14.0421,13.9843,13.9266,13.869,13.8115,13.7542,13.6969,13.6114,13.5231,13.4348,13.3464,13.258,13.1696,13.0812,12.9927,12.9042,12.8365,12.7915,12.7466,12.7016,12.6566,12.6116,12.5665,12.5215,12.4764,12.4349,12.4654,12.4959,12.5264,12.5568,12.5872,12.6176,12.6479,12.6782,12.7085,12.7257,12.7347,12.7437,12.7527,12.7617,12.7707,12.7796,12.7886,12.7975,12.8071,12.8192,12.8314,12.8435,12.8556,12.8677,12.8798,12.8919,12.904,12.9161,12.8707,12.8065,12.7424,12.6783,12.6142,12.5502,12.4863,12.4224,12.3586,12.3287,12.3702,12.4116,12.453,12.4944,12.5358,12.5772,12.6185,12.6598,12.7011,12.73,12.7574,12.7847,12.8121,12.8395,12.8668,12.8942,12.9216,12.9489,12.9408,12.8904,12.8397,12.7888,12.7376,12.6862,12.6345,12.5825,12.5302,12.4772,12.407,12.3366,12.2662,12.1958,12.1252,12.0546,11.984,11.9132,11.8424,11.7752,11.7106,11.6459,11.5813,11.5165,11.4518,11.387,11.3222,11.2574,11.2067,11.2341,11.2614,11.2889,11.3163,11.3437,11.3712,11.3987,11.4262,11.4538,11.4245,11.3724,11.3199,11.267,11.2137,11.16,11.1058,11.0512,10.9961,10.9041,10.7171,10.5298,10.3423,10.1546,9.9666,9.7784,9.5899,9.4012,9.2123,9.0979,8.9981,8.8981,8.7981,8.6981,8.5979,8.4977,8.3974,8.2971,8.2129,8.1534,8.0937,8.0339,7.9739,7.9138,7.8535,7.793,7.7324
14.6581,14.6077,14.5574,14.5071,14.4568,14.4066,14.3563,14.3061,14.256,14.2011,14.138,14.0751,14.0122,13.9495,13.887,13.8245,13.7622,13.6999,13.6378,13.5521,13.4644,13.3767,13.289,13.2013,13.1135,13.0256,12.9378,12.8499,12.7829,12.7378,12.6927,12.6476,12.6025,12.5573,12.5121,12.467,12.4218,12.3807,12.413,12.4453,12.4776,12.5098,12.542,12.5742,12.6063,12.6385,12.6706,12.6886,12.6981,12.7075,12.7169,12.7263,12.7357,12.745,12.7544,12.7637,12.7736,12.7857,12.7979,12.81,12.8221,12.8342,12.8463,12.8584,12.8705,12.8826,12.8413,12.7821,12.723,12.6639,12.6049,12.5459,12.487,12.4281,12.3693,12.3417,12.3819,12.4221,12.4623,12.5024,12.5426,12.5827,12.6228,12.6629,12.7029,12.7318,12.7592,12.7865,12.8139,12.8413,12.8686,12.896,12.9234,12.9507,12.94,12.8813,12.8223,12.7631,12.7037,12.644,12.584,12.5237,12.4632,12.4023,12.3309,12.2595,12.188,12.1164,12.0448,11.9731,11.9013,11.8295,11.7576,11.6898,11.6252,11.5605,11.4959,11.4311,11.3664,11.3016,11.2368,11.172,11.1193,11.1477,11.1761,11.2045,11.233,11.2614,11.2899,11.3184,11.347,11.3755,11.3439,11.2848,11.2254,11.1656,11.1054,11.0447,10.9836,10.9221,10.8601,10.7661,10.5761,10.3858,10.1954,10.0047,9.8137,9.6225,9.4311,9.2394,9.0475,8.9296,8.8296,8.7295,8.6294,8.5292,8.4289,8.3286,8.2281,8.1277,8.0414,7.9806,7.9196,7.8584,7.7971,7.7356,7.6739,7.6121,7.5502
14.6521,14.6009,14.5497,14.4986,14.4474,14.3963,14.3452,14.2942,14.2431,14.1857,14.1178,14.0499,13.9822,13.9147,13.8472,13.7799,13.7126,13.6455,13.5785,13.4928,13.4058,13.3187,13.2316,13.1445,13.0573,12.9701,12.8829,12.7956,12.7293,12.684,12.6388,12.5936,12.5483,12.503,12.4577,12.4124,12.3671,12.3264,12.3606,12.3947,12.4288,12.4628,12.4968,12.5308,12.5648,12.5987,12.6327,12.6516,12.6615,12.6713,12.6811,12.6909,12.7006,12.7104,12.7202,12.7299,12.7401,12.7522,12.7644,12.7765,12.7887,12.8008,12.8129,12.825,12.837,12.8491,12.8118,12.7577,12.7035,12.6495,12.5954,12.5415,12.4876,12.4337,12.3799,12.3547,12.3937,12.4326,12.4715,12.5105,12.5494,12.5882,12.6271,12.6659,12.7047,12.7336,12.761,12.7883,12.8157,12.8431,12.8704,12.8978,12.9252,12.9525,12.9394,12.8724,12.8052,12.7377,12.67,12.602,12.5338,12.4653,12.3964,12.3273,12.2549,12.1824,12.1098,12.0371,11.9644,11.8916,11.8188,11.7458,11.6728,11.6044,11.5398,11.4751,11.4104,11.3457,11.281,11.2162,11.1514,11.0866,11.0319,11.0613,11.0907,11.1201,11.1496,11.1791,11.2086,11.2381,11.2676,11.2972,11.2636,11.1977,11.1313,11.0646,10.9975,10.9299,10.8619,10.7935,10.7246,10.6282,10.4352,10.242,10.0486,9.8549,9.661,9.4669,9.2725,9.0779,8.883,8.7613,8.6611,8.5609,8.4606,8.3603,8.2599,8.1594,8.0588,7.9582,7.87,7.8078,7.7455,7.683,7.6203,7.5575,7.4945,7.4313,7.368
14.6462,14.5941,14.542,14.49,14.438,14.386,14.3341,14.2822,14.2303,14.1702,14.0974,14.0246,13.9521,13.8796,13.8073,13.7351,13.663,13.591,13.5191,13.4335,13.3471,13.2607,13.1742,13.0877,13.0012,12.9146,12.828,12.7414,12.6756,12.6303,12.5849,12.5396,12.4942,12.4488,12.4033,12.3579,12.3124,12.2722,12.3081,12.3441,12.38,12.4158,12.4517,12.4875,12.5233,12.559,12.5948,12.6146,12.6248,12.635,12.6452,12.6554,12.6656,12.6758,12.6859,12.6961,12.7066,12.7187,12.7309,12.743,12.7552,12.7673,12.7794,12.7915,12.8036,12.8156,12.7823,12.7332,12.6841,12.635,12.586,12.537,12.4881,12.4392,12.3905,12.3677,12.4054,12.4431,12.4808,12.5185,12.5562,12.5938,12.6314,12.669,12.7066,12.7354,12.7628,12.7901,12.8175,12.8449,12.8722,12.8996,12.927,12.9544,12.939,12.8638,12.7883,12.7126,12.6366,12.5603,12.4838,12.407,12.33,12.2526,12.1789,12.1053,12.0316,11.9579,11.884,11.8102,11.7362,11.6622,11.5881,11.519,11.4544,11.3897,11.325,11.2603,11.1956,11.1308,11.066,11.0012,10.9444,10.9748,11.0052,11.0357,11.0662,11.0966,11.1272,11.1577,11.1883,11.2188,11.1837,11.1108,11.0376,10.964,10.8899,10.8154,10.7405,10.6652,10.5894,10.4905,10.2946,10.0984,9.902,9.7054,9.5085,9.3114,9.1141,8.9165,8.7186,8.593,8.4927,8.3923,8.2919,8.1914,8.0909,7.9903,7.8896,7.7888,7.6987,7.6352,7.5715,7.5077,7.4436,7.3795,7.3151,7.2506,7.186
14.6401,14.5872,14.5343,14.4814,14.4286,14.3757,14.3229,14.2702,14.2174,14.1545,14.0768,13.9992,13.9218,13.8445,13.7673,13.6902,13.6133,13.5364,13.4596,13.3743,13.2885,13.2027,13.1169,13.031,12.9451,12.8591,12.7732,12.6872,12.622,12.5765,12.531,12.4855,12.44,12.3945,12.3489,12.3033,12.2578,12.218,12.2557,12.2935,12.3312,12.3689,12.4065,12.4442,12.4818,12.5193,12.5569,12.5776,12.5882,12.5988,12.6094,12.62,12.6306,12.6412,12.6517,12.6623,12.6731,12.6853,12.6974,12.7095,12.7217,12.7338,12.7459,12.758,12.7701,12.7822,12.7528,12.7086,12.6645,12.6205,12.5764,12.5325,12.4886,12.4447,12.4009,12.3807,12.4172,12.4537,12.4901,12.5266,12.563,12.5994,12.6358,12.6721,12.7085,12.7372,12.7646,12.7919,12.8193,12.8467,12.874,12.9014,12.9288,12.9562,12.9389,12.8554,12.7716,12.6877,12.6034,12.5189,12.4341,12.3491,12.2637,12.1781,12.103,12.0283,11.9535,11.8786,11.8037,11.7287,11.6537,11.5786,11.5034,11.4336,11.369,11.3043,11.2396,11.1749,11.1102,11.0454,10.9807,10.9158,10.8569,10.8883,10.9197,10.9512,10.9827,11.0142,11.0457,11.0773,11.1088,11.1404,11.1041,11.0244,10.9443,10.8637,10.7828,10.7014,10.6196,10.5373,10.4546,10.353,10.1541,9.955,9.7556,9.556,9.3562,9.1561,8.9558,8.7553,8.5545,8.4247,8.3242,8.2237,8.1232,8.0226,7.9219,7.8211,7.7203,7.6194,7.5276,7.4627,7.3976,7.3324,7.2671,7.2016,7.1359,7.0701,7.004
14.6341,14.5803,14.5265,14.4728,14.4191,14.3654,14.3117,14.2581,14.2045,14.1387,14.0561,13.9737,13.8914,13.8092,13.7271,13.6452,13.5634,13.4817,13.4,13.315,13.2299,13.1447,13.0595,12.9742,12.889,12.8037,12.7183,12.633,12.5684,12.5228,12.4772,12.4315,12.3859,12.3402,12.2945,12.2488,12.2031,12.1638,12.2034,12.2429,12.2825,12.3219,12.3614,12.4008,12.4403,12.4796,12.519,12.5406,12.5516,12.5626,12.5736,12.5846,12.5956,12.6065,12.6175,12.6284,12.6396,12.6518,12.6639,12.6761,12.6882,12.7003,12.7124,12.7245,12.7366,12.7487,12.7232,12.684,12.6449,12.6059,12.5668,12.5279,12.489,12.4501,12.4113,12.3938,12.429,12.4643,12.4995,12.5347,12.5698,12.605,12.6401,12.6753,12.7104,12.739,12.7663,12.7937,12.8211,12.8485,12.8758,12.9032,12.9306,12.958,12.939,12.8472,12.7552,12.663,12.5705,12.4777,12.3847,12.2914,12.1978,12.1039,12.0271,11.9513,11.8754,11.7995,11.7234,11.6474,11.5712,11.495,11.4187,11.3482,11.2835,11.2189,11.1542,11.0895,11.0248,10.96,10.8953,10.8304,10.7693,10.8018,10.8342,10.8667,10.8992,10.9317,10.9642,10.9968,11.0293,11.0619,11.025,10.9383,10.8513,10.7638,10.676,10.5877,10.499,10.4098,10.3203,10.2157,10.0138,9.8117,9.6094,9.4069,9.2041,9.001,8.7978,8.5943,8.3905,8.2564,8.1558,8.0552,7.9545,7.8537,7.7529,7.652,7.551,7.45,7.3565,7.2902,7.2239,7.1573,7.0906,7.0238,6.9567,6.8896,6.8222
14.628,14.5734,14.5188,14.4642,14.4096,14.355,14.3005,14.246,14.1916,14.1227,14.0353,13.948,13.8608,13.7738,13.6869,13.6001,13.5134,13.4268,13.3403,13.2558,13.1713,13.0867,13.0021,12.9175,12.8329,12.7482,12.6635,12.5788,12.5148,12.469,12.4233,12.3775,12.3317,12.2859,12.2401,12.1943,12.1484,12.1096,12.151,12.1924,12.2337,12.275,12.3163,12.3575,12.3988,12.4399,12.4811,12.5035,12.515,12.5264,12.5378,12.5492,12.5605,12.5719,12.5833,12.5946,12.6061,12.6183,12.6304,12.6426,12.6547,12.6668,12.679,12.6911,12.7032,12.7152,12.6936,12.6594,12.6253,12.5912,12.5572,12.5232,12.4893,12.4555,12.4217,12.4068,12.4409,12.4748,12.5088,12.5428,12.5767,12.6106,12.6445,12.6784,12.7123,12.7408,12.7681,12.7955,12.8229,12.8503,12.8776,12.905,12.9324,12.9598,12.9393,12.8393,12.739,12.6385,12.5378,12.4368,12.3355,12.234,12.1321,12.03,11.9512,11.8743,11.7973,11.7203,11.6432,11.566,11.4888,11.4115,11.3341,11.2627,11.1981,11.1335,11.0688,11.0041,10.9394,10.8747,10.8099,10.7451,10.6817,10.7151,10.7486,10.7821,10.8156,10.8491,10.8827,10.9162,10.9498,10.9834,10.9461,10.8526,10.7587,10.6643,10.5696,10.4744,10.3788,10.2828,10.1863,10.0785,9.8737,9.6686,9.4634,9.2579,9.0521,8.8461,8.6399,8.4335,8.2268,8.0881,7.9874,7.8866,7.7858,7.6849,7.5839,7.4829,7.3818,7.2806,7.1855,7.1179,7.0502,6.9823,6.9143,6.8461,6.7777,6.7092,6.6405
14.6219,14.5664,14.5109,14.4555,14.4001,14.3447,14.2893,14.2339,14.1786,14.1066,14.0143,13.9221,13.8301,13.7382,13.6464,13.5548,13.4632,13.3718,13.2805,13.1966,13.1127,13.0288,12.9448,12.8608,12.7768,12.6927,12.6087,12.5246,12.4611,12.4152,12.3694,12.3235,12.2775,12.2316,12.1857,12.1397,12.0937,12.0554,12.0987,12.1418,12.185,12.2281,12.2712,12.3142,12.3573,12.4003,12.4433,12.4665,12.4784,12.4902,12.502,12.5138,12.5255,12.5373,12.549,12.5608,12.5726,12.5848,12.5969,12.6091,12.6212,12.6334,12.6455,12.6576,12.6697,12.6818,12.6639,12.6347,12.6056,12.5765,12.5475,12.5185,12.4896,12.4607,12.432,12.4199,12.4527,12.4855,12.5182,12.5509,12.5836,12.6163,12.649,12.6816,12.7142,12.7425,12.7699,12.7973,12.8247,12.8521,12.8794,12.9068,12.9342,12.9616,12.9399,12.8316,12.7231,12.6144,12.5054,12.3961,12.2866,12.1768,12.0667,11.9564,11.8754,11.7974,11.7193,11.6412,11.563,11.4848,11.4064,11.328,11.2496,11.1773,11.1127,11.0481,10.9834,10.9187,10.854,10.7893,10.7245,10.6597,10.5948,10.6285,10.663,10.6975,10.732,10.7665,10.801,10.8356,10.8702,10.9048,10.8677,10.7673,10.6665,10.5652,10.4636,10.3615,10.259,10.1561,10.0527,9.9415,9.7337,9.5257,9.3175,9.109,8.9004,8.6914,8.4823,8.2728,8.0632,7.9198,7.8189,7.718,7.6171,7.516,7.4149,7.3138,7.2125,7.1112,7.0145,6.9456,6.8766,6.8074,6.738,6.6685,6.5988,6.5289,6.4589
14.6158,14.5594,14.5031,14.4468,14.3905,14.3342,14.278,14.2218,14.1656,14.0903,13.9932,13.8962,13.7993,13.7025,13.6059,13.5094,13.413,13.3167,13.2206,13.1374,13.0541,12.9708,12.8875,12.8041,12.7207,12.6373,12.5539,12.4704,12.4075,12.3615,12.3155,12.2694,12.2234,12.1773,12.1313,12.0852,12.039,12.0013,12.0463,12.0913,12.1363,12.1812,12.2261,12.271,12.3158,12.3606,12.4054,12.4295,12.4417,12.4539,12.4661,12.4783,12.4905,12.5027,12.5148,12.527,12.5391,12.5513,12.5634,12.5756,12.5877,12.5999,12.612,12.6241,12.6362,12.6483,12.6342,12.61,12.5859,12.5618,12.5378,12.5138,12.4898,12.466,12.4422,12.433,12.4646,12.4961,12.5276,12.5591,12.5905,12.622,12.6534,12.6848,12.7162,12.7443,12.7717,12.7991,12.8265,12.8539,12.8813,12.9086,12.936,12.9634,12.9406,12.8241,12.7074,12.5904,12.4732,12.3557,12.2379,12.1199,12.0016,11.883,11.7996,11.7205,11.6414,11.5621,11.4829,11.4035,11.3241,11.2446,11.165,11.0919,11.0273,10.9627,10.898,10.8333,10.7686,10.7039,10.6391,10.5743,10.5095,10.5418,10.5773,10.6128,10.6483,10.6838,10.7194,10.755,10.7906,10.8262,10.7896,10.6823,10.5746,10.4665,10.358,10.249,10.1396,10.0298,9.9196,9.8047,9.5939,9.383,9.1718,8.9604,8.7488,8.5369,8.3248,8.1124,7.8998,7.7515,7.6505,7.5495,7.4484,7.3472,7.246,7.1447,7.0433,6.9418,6.8449,6.7764,6.7079,6.6393,6.5706,6.5019,6.4332,6.3644,6.2956
14.6097,14.5524,14.4952,14.4381,14.3809,14.3238,14.2667,14.2096,14.1526,14.0739,13.9719,13.87,13.7683,13.6667,13.5652,13.4639,13.3626,13.2615,13.1608,13.0782,12.9955,12.9129,12.8302,12.7474,12.6647,12.5819,12.4991,12.4162,12.3538,12.3077,12.2616,12.2154,12.1692,12.123,12.0768,12.0306,11.9844,11.9472,11.994,12.0408,12.0876,12.1343,12.181,12.2277,12.2743,12.321,12.3676,12.3925,12.4051,12.4177,12.4303,12.4429,12.4555,12.468,12.4806,12.4931,12.5056,12.5178,12.53,12.5421,12.5543,12.5664,12.5785,12.5906,12.6027,12.6148,12.6045,12.5853,12.5661,12.547,12.528,12.5089,12.49,12.4711,12.4523,12.4462,12.4764,12.5067,12.537,12.5672,12.5975,12.6277,12.6579,12.688,12.7182,12.7461,12.7735,12.8009,12.8283,12.8557,12.8831,12.9104,12.9378,12.9652,12.9416,12.8169,12.6919,12.5667,12.4412,12.3155,12.1895,12.0633,11.9367,11.8099,11.7238,11.6437,11.5634,11.4831,11.4027,11.3223,11.2418,11.1612,11.0806,11.0065,10.9419,10.8772,10.8126,10.7479,10.6832,10.6185,10.5537,10.4889,10.4241,10.4551,10.4915,10.528,10.5645,10.599,10.6335,10.6678,10.7021,10.7363,10.6988,10.5835,10.4682,10.3529,10.2375,10.122,10.0065,9.8909,9.7753,9.6584,9.4458,9.2333,9.0208,8.8083,8.5959,8.3835,8.1711,7.9587,7.7464,7.5961,7.4979,7.3998,7.3019,7.2041,7.1065,7.0091,6.9118,6.8147,6.7198,6.6513,6.5827,6.5142,6.4455,6.3769,6.3082,6.2394,6.1706
14.5659,14.5074,14.449,14.3908,14.3326,14.2745,14.2165,14.1586,14.1007,14.0202,13.9167,13.8131,13.7096,13.6059,13.5023,13.3986,13.2949,13.1911,13.0881,13.0082,12.9281,12.8479,12.7675,12.687,12.6063,12.5255,12.4446,12.3635,12.3028,12.2577,12.2125,12.1671,12.1217,12.0762,12.0306,11.9849,11.9392,11.9031,11.9514,11.9997,12.048,12.0962,12.1445,12.1927,12.2409,12.2891,12.3374,12.3631,12.3761,12.3892,12.4023,12.4153,12.4284,12.4415,12.4546,12.4677,12.4805,12.4915,12.5026,12.5136,12.5245,12.5355,12.5463,12.5571,12.5678,12.5785,12.5706,12.5553,12.5399,12.5245,12.509,12.4936,12.478,12.4624,12.4468,12.4421,12.4699,12.4977,12.5254,12.553,12.5805,12.6079,12.6352,12.6624,12.6895,12.7141,12.7378,12.7614,12.7846,12.8077,12.8305,12.8531,12.8754,12.8974,12.8692,12.7353,12.6012,12.4669,12.3325,12.1978,12.063,11.928,11.7927,11.6573,11.5669,11.4841,11.4013,11.3184,11.2354,11.1524,11.0694,10.9863,10.9031,10.8279,10.7651,10.7026,10.6402,10.578,10.516,10.4542,10.3926,10.3313,10.2701,10.2971,10.3314,10.3656,10.3998,10.4339,10.4679,10.5018,10.5356,10.5693,10.5355,10.4202,10.3049,10.1896,10.0742,9.9587,9.8432,9.7276,9.612,9.4963,9.2866,9.0754,8.8642,8.653,8.4418,8.2307,8.0196,7.8085,7.5975,7.4455,7.3503,7.2552,7.1602,7.0654,6.9707,6.8762,6.7819,6.6877,6.5946,6.5261,6.4576,6.3891,6.3204,6.2518,6.1831,6.1144,6.0456
14.4968,14.4349,14.3731,14.3114,14.2498,14.1882,14.1268,14.0654,14.0041,13.9213,13.8177,13.714,13.6104,13.5067,13.403,13.2993,13.1955,13.0917,12.9891,12.9149,12.8405,12.766,12.6913,12.6164,12.5414,12.4663,12.3911,12.3157,12.2609,12.2213,12.1816,12.1417,12.1018,12.0618,12.0217,11.9815,11.9413,11.9108,11.9608,12.0108,12.0608,12.1107,12.1607,12.2106,12.2606,12.3105,12.3604,12.3878,12.4026,12.4174,12.4322,12.447,12.4618,12.4766,12.4914,12.5063,12.5187,12.5194,12.5202,12.5209,12.5216,12.5223,12.5229,12.5234,12.5238,12.5242,12.5121,12.4949,12.4777,12.4605,12.4432,12.4259,12.4085,12.3911,12.3736,12.3662,12.3902,12.4141,12.4379,12.4617,12.4853,12.5089,12.5323,12.5556,12.5788,12.5964,12.6121,12.6276,12.6428,12.6579,12.6727,12.6872,12.7015,12.7155,12.6825,12.5445,12.4063,12.2679,12.1293,11.9906,11.8516,11.7124,11.5731,11.4335,11.3422,11.2602,11.178,11.0959,11.0136,10.9314,10.849,10.7667,10.6843,10.6113,10.5547,10.4983,10.442,10.386,10.3301,10.2745,10.219,10.1638,10.1088,10.1338,10.1676,10.2014,10.2351,10.2687,10.3023,10.3357,10.3691,10.4024,10.3722,10.2569,10.1416,10.0263,9.9109,9.7954,9.6799,9.5643,9.4487,9.333,9.1274,8.9174,8.7075,8.4976,8.2877,8.0778,7.868,7.6582,7.4485,7.2948,7.2025,7.1103,7.0183,6.9265,6.8347,6.7432,6.6518,6.5605,6.4695,6.401,6.3325,6.264,6.1954,6.1267,6.058,5.9893,5.9206
14.4276,14.3623,14.297,14.2319,14.1668,14.1019,14.037,13.9722,13.9074,13.8223,13.7186,13.6149,13.5112,13.4075,13.3037,13.1999,13.0961,12.9922,12.8903,12.8217,12.753,12.6842,12.6152,12.546,12.4767,12.4073,12.3377,12.268,12.2191,12.185,12.1507,12.1164,12.082,12.0475,12.0129,11.9782,11.9435,11.9186,11.9703,12.022,12.0736,12.1253,12.177,12.2286,12.2802,12.3319,12.3835,12.4125,12.429,12.4456,12.4621,12.4786,12.4952,12.5117,12.5283,12.5449,12.5569,12.5474,12.5379,12.5283,12.5188,12.5091,12.4995,12.4897,12.4799,12.47,12.4537,12.4346,12.4156,12.3965,12.3774,12.3582,12.339,12.3197,12.3004,12.2903,12.3105,12.3305,12.3505,12.3704,12.3902,12.4099,12.4294,12.4489,12.4683,12.4788,12.4865,12.494,12.5012,12.5082,12.515,12.5215,12.5277,12.5337,12.4959,12.3538,12.2115,12.069,11.9263,11.7834,11.6403,11.4971,11.3536,11.2099,11.1175,11.0362,10.9548,10.8733,10.7918,10.7103,10.6287,10.5471,10.4654,10.3945,10.3441,10.2938,10.2436,10.1937,10.144,10.0945,10.0451,9.996,9.9471,9.9705,10.0039,10.0372,10.0704,10.1036,10.1367,10.1697,10.2026,10.2355,10.2089,10.0936,9.9783,9.863,9.7476,9.6321,9.5166,9.401,9.2854,9.1697,8.968,8.7593,8.5507,8.3421,8.1335,7.9249,7.7164,7.5078,7.2994,7.1439,7.0545,6.9653,6.8762,6.7873,6.6985,6.6099,6.5214,6.4331,6.345,6.2759,6.2074,6.1388,6.0703,6.0016,5.933,5.8643,5.7955
14.3583,14.2895,14.2208,14.1523,14.0838,14.0154,13.9471,13.8788,13.8107,13.7233,13.6196,13.5158,13.4121,13.3083,13.2045,13.1006,12.9967,12.8928,12.7916,12.7287,12.6657,12.6025,12.5392,12.4757,12.4121,12.3483,12.2844,12.2204,12.1774,12.1488,12.12,12.0912,12.0622,12.0332,12.0041,11.9749,11.9457,11.9263,11.9797,12.0331,12.0865,12.1399,12.1932,12.2466,12.2999,12.3533,12.4066,12.4372,12.4555,12.4737,12.492,12.5103,12.5285,12.5468,12.5651,12.5834,12.5951,12.5753,12.5556,12.5358,12.5159,12.4961,12.4761,12.4561,12.436,12.4159,12.3952,12.3744,12.3535,12.3325,12.3115,12.2905,12.2695,12.2483,12.2272,12.2146,12.2309,12.2471,12.2632,12.2792,12.2951,12.3109,12.3267,12.3423,12.3578,12.3614,12.3611,12.3605,12.3598,12.3587,12.3575,12.356,12.3542,12.3522,12.3095,12.1632,12.0168,11.8702,11.7234,11.5764,11.4292,11.2818,11.1342,10.9864,10.8928,10.8122,10.7315,10.6508,10.57,10.4892,10.4083,10.3274,10.2464,10.1775,10.1332,10.089,10.045,10.0012,9.9576,9.9142,9.871,9.828,9.7852,9.8072,9.8401,9.873,9.9058,9.9385,9.9711,10.0037,10.0362,10.0686,10.0456,9.9304,9.8151,9.6997,9.5843,9.4688,9.3533,9.2377,9.122,9.0063,8.8086,8.6012,8.3938,8.1865,7.9792,7.7719,7.5646,7.3574,7.1502,6.9928,6.9064,6.8201,6.734,6.648,6.5621,6.4764,6.3909,6.3056,6.2204,6.1507,6.0823,6.0137,5.9452,5.8766,5.8079,5.7392,5.6705
14.2889,14.2167,14.1445,14.0725,14.0006,13.9288,13.857,13.7853,13.7138,13.6243,13.5205,13.4167,13.3129,13.2091,13.1052,13.0013,12.8973,12.7933,12.693,12.6358,12.5785,12.521,12.4633,12.4055,12.3475,12.2895,12.2312,12.1729,12.1358,12.1126,12.0894,12.066,12.0426,12.019,11.9954,11.9717,11.948,11.9341,11.9892,12.0443,12.0994,12.1544,12.2095,12.2646,12.3196,12.3747,12.4297,12.462,12.4819,12.5019,12.5219,12.5419,12.5619,12.5819,12.6019,12.622,12.6333,12.6033,12.5733,12.5432,12.5132,12.483,12.4528,12.4226,12.3923,12.3618,12.3368,12.3141,12.2914,12.2686,12.2458,12.2229,12.2,12.177,12.154,12.1389,12.1513,12.1636,12.1759,12.188,12.2001,12.2121,12.2239,12.2357,12.2473,12.2442,12.2359,12.2273,12.2185,12.2095,12.2002,12.1907,12.1809,12.1709,12.1231,11.9728,11.8222,11.6715,11.5206,11.3695,11.2182,11.0667,10.915,10.7631,10.668,10.5882,10.5082,10.4282,10.3482,10.2681,10.1879,10.1077,10.0275,9.9602,9.922,9.8839,9.8461,9.8084,9.7709,9.7336,9.6965,9.6597,9.623,9.6439,9.6764,9.7088,9.7412,9.7734,9.8056,9.8377,9.8698,9.9017,9.8823,9.7671,9.6518,9.5364,9.421,9.3055,9.19,9.0744,8.9587,8.843,8.6491,8.443,8.2369,8.0308,7.8248,7.6188,7.4128,7.2068,7.0009,6.8415,6.758,6.6747,6.5915,6.5084,6.4255,6.3428,6.2602,6.1777,6.0955,6.0256,5.9571,5.8886,5.8201,5.7515,5.6829,5.6142,5.5455
14.2193,14.1437,14.0681,13.9927,13.9173,13.8421,13.7669,13.6918,13.6167,13.5253,13.4215,13.3176,13.2137,13.1098,13.0059,12.9019,12.7979,12.6939,12.5946,12.5431,12.4914,12.4396,12.3876,12.3354,12.2831,12.2307,12.1782,12.1255,12.0942,12.0766,12.0588,12.0409,12.023,12.0049,11.9868,11.9686,11.9503,11.9419,11.9987,12.0555,12.1123,12.169,12.2258,12.2826,12.3393,12.3961,12.4528,12.4867,12.5084,12.5301,12.5518,12.5736,12.5953,12.617,12.6388,12.6605,12.6716,12.6313,12.5911,12.5508,12.5104,12.47,12.4296,12.3891,12.3485,12.3079,12.2784,12.2538,12.2293,12.2046,12.18,12.1553,12.1305,12.1057,12.0809,12.0632,12.0718,12.0803,12.0887,12.097,12.1052,12.1133,12.1213,12.1292,12.137,12.1271,12.1108,12.0942,12.0774,12.0604,12.0431,12.0256,12.0078,11.9898,11.9369,11.7824,11.6278,11.4729,11.3179,11.1627,11.0073,10.8517,10.6959,10.5399,10.4433,10.3641,10.2849,10.2056,10.1263,10.0469,9.9675,9.888,9.8085,9.7427,9.7106,9.6787,9.6469,9.6153,9.584,9.5528,9.5218,9.4911,9.4606,9.4806,9.5127,9.5446,9.5765,9.6084,9.6401,9.6718,9.7034,9.7349,9.719,9.6038,9.4885,9.3731,9.2577,9.1422,9.0267,8.9111,8.7954,8.6797,8.4895,8.2847,8.0799,7.8751,7.6703,7.4656,7.2609,7.0562,6.8516,6.69,6.6095,6.5291,6.4488,6.3687,6.2887,6.2089,6.1292,6.0497,5.9704,5.9005,5.832,5.7635,5.695,5.6264,5.5578,5.4891,5.4204
14.1496,14.0705,13.9916,13.9127,13.8339,13.7552,13.6766,13.5981,13.5196,13.4263,13.3224,13.2185,13.1146,13.0106,12.9066,12.8026,12.6985,12.5944,12.4963,12.4505,12.4044,12.3583,12.3119,12.2655,12.2188,12.1721,12.1252,12.0782,12.0528,12.0406,12.0283,12.0159,12.0035,11.9909,11.9783,11.9655,11.9528,11.9497,12.0082,12.0667,12.1252,12.1837,12.2421,12.3006,12.359,12.4175,12.4759,12.5114,12.5349,12.5583,12.5818,12.6052,12.6287,12.6521,12.6756,12.6991,12.7099,12.6594,12.6088,12.5583,12.5077,12.4571,12.4064,12.3557,12.3049,12.254,12.22,12.1936,12.1672,12.1407,12.1142,12.0877,12.0611,12.0345,12.0078,11.9876,11.9923,11.997,12.0015,12.006,12.0103,12.0146,12.0187,12.0228,12.0267,12.0103,11.9859,11.9613,11.9365,11.9115,11.8862,11.8607,11.8349,11.8089,11.7508,11.5922,11.4334,11.2745,11.1154,10.9561,10.7966,10.6368,10.4769,10.3168,10.2185,10.14,10.0615,9.983,9.9044,9.8257,9.747,9.6683,9.5895,9.5249,9.4989,9.4731,9.4475,9.422,9.3968,9.3717,9.3468,9.3222,9.2978,9.3174,9.349,9.3805,9.412,9.4433,9.4746,9.5058,9.537,9.568,9.5557,9.4405,9.3252,9.2098,9.0944,8.9789,8.8633,8.7478,8.6321,8.5164,8.3298,8.1263,7.9228,7.7193,7.5158,7.3123,7.1089,6.9055,6.7021,6.5384,6.4607,6.3832,6.3059,6.2287,6.1517,6.0748,5.9981,5.9215,5.8451,5.7753,5.7069,5.6384,5.5699,5.5013,5.4327,5.3641,5.2954
14.0798,13.9973,13.9149,13.8326,13.7504,13.6683,13.5863,13.5043,13.4224,13.3273,13.2234,13.1194,13.0154,12.9114,12.8073,12.7033,12.5991,12.495,12.3982,12.358,12.3176,12.2771,12.2364,12.1956,12.1547,12.1136,12.0723,12.031,12.0115,12.0047,11.9979,11.991,11.984,11.9769,11.9698,11.9625,11.9552,11.9575,12.0177,12.0779,12.1381,12.1983,12.2584,12.3186,12.3787,12.4389,12.499,12.5362,12.5614,12.5865,12.6117,12.6369,12.662,12.6872,12.7124,12.7377,12.7481,12.6874,12.6267,12.5659,12.5051,12.4442,12.3833,12.3224,12.2613,12.2002,12.1616,12.1334,12.1051,12.0768,12.0485,12.0201,11.9917,11.9632,11.9347,11.912,11.9129,11.9137,11.9144,11.915,11.9155,11.9159,11.9162,11.9164,11.9165,11.8936,11.8612,11.8286,11.7958,11.7628,11.7295,11.696,11.6622,11.6282,11.5648,11.4021,11.2392,11.0762,10.913,10.7495,10.5859,10.4221,10.2581,10.0939,9.9936,9.9159,9.8381,9.7603,9.6824,9.6045,9.5265,9.4485,9.3705,9.3069,9.287,9.2673,9.2478,9.2284,9.2093,9.1903,9.1716,9.1531,9.1347,9.1542,9.1853,9.2164,9.2474,9.2783,9.3092,9.3399,9.3706,9.4012,9.3924,9.2772,9.1619,9.0465,8.9311,8.8156,8.7,8.5844,8.4688,8.3531,8.1701,7.9678,7.7656,7.5633,7.3611,7.159,6.9568,6.7547,6.5526,6.3865,6.3118,6.2372,6.1628,6.0886,6.0145,5.9405,5.8667,5.7931,5.7196,5.6502,5.5817,5.5133,5.4448,5.3762,5.3077,5.239,5.1704
14.0099,13.924,13.8381,13.7524,13.6668,13.5812,13.4958,13.4104,13.3251,13.2283,13.1243,13.0203,12.9162,12.8122,12.7081,12.6039,12.4997,12.3955,12.3002,12.2656,12.2309,12.1961,12.161,12.1259,12.0906,12.0551,12.0196,11.9839,11.9702,11.969,11.9676,11.9662,11.9647,11.9631,11.9614,11.9596,11.9578,11.9654,12.0273,12.0892,12.151,12.2129,12.2748,12.3366,12.3985,12.4603,12.5222,12.561,12.5878,12.6147,12.6416,12.6685,12.6954,12.7223,12.7493,12.7762,12.7865,12.7155,12.6445,12.5735,12.5025,12.4314,12.3603,12.2891,12.2178,12.1464,12.1033,12.0732,12.0431,12.013,11.9828,11.9526,11.9223,11.892,11.8616,11.8365,11.8336,11.8305,11.8274,11.8241,11.8208,11.8174,11.8138,11.8102,11.8064,11.777,11.7367,11.6961,11.6553,11.6143,11.573,11.5315,11.4897,11.4477,11.3789,11.2121,11.0451,10.878,10.7107,10.5431,10.3754,10.2075,10.0394,9.8711,9.7688,9.6918,9.6147,9.5376,9.4605,9.3833,9.306,9.2287,9.1514,9.0887,9.0749,9.0613,9.0478,9.0346,9.0215,9.0087,8.9961,8.9836,8.9714,8.991,9.0217,9.0523,9.0829,9.1133,9.1437,9.174,9.2043,9.2344,9.2291,9.1139,8.9986,8.8832,8.7678,8.6523,8.5367,8.4211,8.3055,8.1898,8.0103,7.8093,7.6083,7.4074,7.2064,7.0055,6.8047,6.6038,6.403,6.2344,6.1626,6.091,6.0195,5.9482,5.877,5.806,5.7351,5.6644,5.5939,5.525,5.4566,5.3882,5.3197,5.2512,5.1826,5.114,5.0453
13.9398,13.8505,13.7612,13.6721,13.583,13.4941,13.4052,13.3164,13.2277,13.1293,13.0252,12.9212,12.8171,12.7129,12.6088,12.5046,12.4003,12.2961,12.2023,12.1734,12.1443,12.1151,12.0858,12.0563,12.0266,11.9968,11.9669,11.9369,11.929,11.9333,11.9374,11.9415,11.9454,11.9493,11.9531,11.9568,11.9604,11.9732,12.0368,12.1004,12.164,12.2276,12.2911,12.3547,12.4182,12.4818,12.5453,12.5857,12.6143,12.643,12.6716,12.7002,12.7288,12.7575,12.7861,12.8148,12.8248,12.7436,12.6624,12.5812,12.4999,12.4186,12.3373,12.2559,12.1744,12.0928,12.0449,12.013,11.9811,11.9491,11.9171,11.885,11.8529,11.8208,11.7886,11.7611,11.7543,11.7474,11.7404,11.7333,11.7261,11.7189,11.7115,11.704,11.6964,11.6606,11.6123,11.5637,11.515,11.466,11.4167,11.3672,11.3175,11.2674,11.1931,11.0222,10.8511,10.6799,10.5085,10.3369,10.165,9.993,9.8208,9.6484,9.5439,9.4676,9.3913,9.3149,9.2385,9.162,9.0855,9.0089,8.9323,8.8702,8.8625,8.855,8.8476,8.8405,8.8335,8.8268,8.8202,8.8139,8.8078,8.8278,8.858,8.8882,8.9183,8.9484,8.9783,9.0082,9.038,9.0677,9.0659,8.9506,8.8353,8.7199,8.6045,8.489,8.3734,8.2578,8.1422,8.0265,7.8504,7.6507,7.451,7.2513,7.0517,6.852,6.6524,6.4529,6.2533,6.0821,6.0133,5.9446,5.8761,5.8077,5.7394,5.6713,5.6034,5.5356,5.468,5.3999,5.3315,5.2631,5.1946,5.1261,5.0575,4.9889,4.9203
13.8696,13.7769,13.6842,13.5917,13.4992,13.4068,13.3145,13.2223,13.1301,13.0303,12.9262,12.8221,12.7179,12.6137,12.5095,12.4052,12.3009,12.1966,12.1045,12.0813,12.0579,12.0343,12.0106,11.9868,11.9628,11.9386,11.9144,11.89,11.888,11.8977,11.9073,11.9168,11.9262,11.9355,11.9448,11.954,11.9631,11.9811,12.0464,12.1117,12.177,12.2422,12.3075,12.3727,12.438,12.5032,12.5685,12.6105,12.6408,12.6712,12.7015,12.7319,12.7622,12.7926,12.8229,12.8533,12.8631,12.7717,12.6803,12.5889,12.4974,12.4059,12.3144,12.2227,12.131,12.0392,11.9866,11.9528,11.9191,11.8853,11.8514,11.8175,11.7836,11.7496,11.7156,11.6857,11.6751,11.6643,11.6535,11.6426,11.6315,11.6204,11.6092,11.5979,11.5864,11.5444,11.4881,11.4316,11.3748,11.3178,11.2606,11.2031,11.1454,11.0874,11.0074,10.8324,10.6573,10.4819,10.3064,10.1307,9.9548,9.7787,9.6024,9.4259,9.319,9.2434,9.1678,9.0921,9.0164,8.9407,8.8649,8.789,8.7132,8.6514,8.6498,8.6484,8.6472,8.6461,8.6453,8.6446,8.6442,8.6439,8.6439,8.6646,8.6944,8.7242,8.7538,8.7834,8.8129,8.8423,8.8717,8.9009,8.9026,8.7873,8.672,8.5566,8.4412,8.3257,8.2101,8.0945,7.9788,7.8631,7.6904,7.492,7.2936,7.0952,6.8968,6.6984,6.5001,6.3018,6.1036,5.9297,5.8638,5.798,5.7324,5.6669,5.6016,5.5364,5.4714,5.4065,5.3418,5.2747,5.2063,5.1379,5.0695,5.001,4.9325,4.8639,4.7953
13.7993,13.7032,13.6071,13.5111,13.4152,13.3194,13.2237,13.1281,13.0325,12.9313,12.8271,12.7229,12.6187,12.5145,12.4102,12.3059,12.2015,12.0972,12.0069,11.9893,11.9716,11.9537,11.9356,11.9174,11.899,11.8806,11.8619,11.8432,11.847,11.8622,11.8773,11.8922,11.9071,11.9219,11.9366,11.9513,11.9658,11.989,12.056,12.123,12.19,12.2569,12.3239,12.3908,12.4578,12.5247,12.5916,12.6353,12.6673,12.6994,12.7315,12.7635,12.7956,12.8277,12.8598,12.8919,12.9015,12.7999,12.6983,12.5966,12.495,12.3932,12.2915,12.1896,12.0877,11.9857,11.9283,11.8927,11.8571,11.8215,11.7858,11.75,11.7143,11.6785,11.6426,11.6104,11.5959,11.5813,11.5666,11.5519,11.537,11.5221,11.507,11.4918,11.4765,11.4284,11.3641,11.2996,11.2349,11.1699,11.1047,11.0392,10.9735,10.9075,10.8218,10.6427,10.4635,10.2841,10.1045,9.9247,9.7447,9.5645,9.3841,9.2035,9.094,9.0192,8.9443,8.8694,8.7944,8.7194,8.6443,8.5692,8.494,8.4324,8.4369,8.4416,8.4465,8.4515,8.4567,8.4622,8.4678,8.4737,8.4798,8.5015,8.5309,8.5601,8.5893,8.6185,8.6475,8.6765,8.7054,8.7342,8.7393,8.624,8.5087,8.3933,8.2778,8.1624,8.0468,7.9312,7.8155,7.6998,7.5304,7.3332,7.1361,6.9389,6.7418,6.5448,6.3477,6.1507,5.9537,5.7771,5.7141,5.6512,5.5885,5.526,5.4635,5.4013,5.3392,5.2773,5.2155,5.1496,5.0812,5.0128,4.9444,4.8759,4.8074,4.7388,4.6702
13.7289,13.6293,13.5298,13.4304,13.3311,13.2319,13.1328,13.0337,12.9348,12.8323,12.7281,12.6238,12.5195,12.4152,12.3109,12.2065,12.1021,11.9977,11.9095,11.8975,11.8854,11.8731,11.8607,11.8481,11.8354,11.8226,11.8096,11.7965,11.8061,11.8268,11.8473,11.8677,11.8881,11.9083,11.9285,11.9486,11.9686,11.9969,12.0656,12.1343,12.203,12.2716,12.3403,12.4089,12.4775,12.5462,12.6148,12.6601,12.6939,12.7276,12.7614,12.7952,12.829,12.8628,12.8966,12.9304,12.9398,12.8281,12.7162,12.6044,12.4925,12.3806,12.2687,12.1566,12.0445,11.9323,11.8699,11.8326,11.7951,11.7577,11.7201,11.6826,11.645,11.6073,11.5697,11.5351,11.5168,11.4984,11.4799,11.4613,11.4426,11.4238,11.4049,11.3859,11.3667,11.3125,11.2403,11.1678,11.0951,11.0221,10.949,10.8755,10.8019,10.7279,10.6364,10.4532,10.2699,10.0864,9.9027,9.7188,9.5347,9.3504,9.1659,8.9812,8.8691,8.7949,8.7208,8.6466,8.5723,8.498,8.4237,8.3493,8.2748,8.2132,8.2238,8.2345,8.2455,8.2566,8.2679,8.2795,8.2912,8.3031,8.3153,8.3384,8.3673,8.3961,8.4249,8.4536,8.4822,8.5107,8.5392,8.5675,8.576,8.4607,8.3454,8.23,8.1145,7.999,7.8835,7.7679,7.6522,7.5365,7.3703,7.1744,6.9785,6.7826,6.5868,6.391,6.1952,5.9995,5.8038,5.6242,5.5641,5.5042,5.4444,5.3848,5.3253,5.266,5.2068,5.1477,5.0887,5.0241,4.9559,4.8877,4.8196,4.7516,4.6836,4.6156,4.5477
13.6583,13.5554,13.4525,13.3497,13.2469,13.1443,13.0418,12.9393,12.8369,12.7333,12.629,12.5247,12.4204,12.316,12.2116,12.1072,12.0027,11.8983,11.8121,11.8058,11.7993,11.7927,11.7859,11.779,11.7719,11.7647,11.7574,11.7499,11.7654,11.7914,11.8174,11.8433,11.8691,11.8948,11.9205,11.946,11.9715,12.0049,12.0752,12.1456,12.216,12.2863,12.3567,12.427,12.4973,12.5676,12.638,12.6849,12.7204,12.7559,12.7914,12.8269,12.8624,12.8979,12.9334,12.969,12.9782,12.8563,12.7343,12.6122,12.4902,12.3681,12.2459,12.1237,12.0014,11.879,11.8117,11.7724,11.7332,11.6939,11.6545,11.6151,11.5757,11.5362,11.4967,11.4599,11.4377,11.4155,11.3931,11.3707,11.3482,11.3255,11.3028,11.28,11.257,11.1968,11.1166,11.0361,10.9555,10.8746,10.7934,10.712,10.6304,10.5485,10.451,10.2638,10.0764,9.8888,9.701,9.513,9.3248,9.1365,8.9479,8.7591,8.6441,8.5707,8.4972,8.4238,8.3502,8.2766,8.203,8.1293,8.0556,7.9937,8.0104,8.0272,8.0442,8.0615,8.0789,8.0965,8.1143,8.1323,8.1506,8.1755,8.204,8.2323,8.2604,8.2883,8.316,8.3435,8.3708,8.3979,8.4087,8.293,8.1772,8.0614,7.9454,7.8294,7.7134,7.5972,7.481,7.3648,7.2021,7.0086,6.8153,6.6222,6.4293,6.2365,6.044,5.8517,5.6596,5.4793,5.4213,5.3634,5.3056,5.2478,5.19,5.1323,5.0747,5.0172,4.9597,4.8968,4.8298,4.7628,4.6959,4.629,4.5622,4.4955,4.4287
13.5643,13.4653,13.3661,13.2666,13.1669,13.0669,12.9667,12.8662,12.7655,12.6645,12.5632,12.4618,12.3601,12.2581,12.156,12.0537,11.9513,11.8486,11.7658,11.7634,11.7609,11.7583,11.7556,11.7529,11.75,11.7471,11.7441,11.741,11.7588,11.786,11.8134,11.8409,11.8684,11.8961,11.9238,11.9516,11.9795,12.0149,12.0838,12.1529,12.222,12.2912,12.3605,12.4299,12.4993,12.5688,12.6383,12.6846,12.7198,12.7549,12.79,12.8252,12.8603,12.8953,12.9303,12.9653,12.9726,12.8416,12.7106,12.5794,12.4482,12.3169,12.1856,12.0541,11.9226,11.7909,11.7169,11.6726,11.6282,11.5835,11.5387,11.4936,11.4483,11.4028,11.357,11.3136,11.2848,11.2558,11.2265,11.1971,11.1674,11.1374,11.1072,11.0768,11.046,10.979,10.8918,10.8044,10.717,10.6295,10.5419,10.4542,10.3664,10.2785,10.1774,9.9902,9.8031,9.6161,9.4293,9.2426,9.0561,8.8698,8.6836,8.4976,8.3858,8.319,8.2524,8.1862,8.1203,8.0547,7.9894,7.9245,7.8599,7.8052,7.8261,7.8471,7.8682,7.8893,7.9105,7.9317,7.9531,7.9745,7.996,8.02,8.0454,8.0707,8.0957,8.1206,8.1453,8.1697,8.194,8.218,8.2298,8.1139,7.998,7.8821,7.766,7.6499,7.5337,7.4174,7.3011,7.1847,7.0266,6.8372,6.648,6.459,6.2701,6.0815,5.8931,5.7049,5.5169,5.3362,5.2798,5.2234,5.1671,5.1109,5.0547,4.9986,4.9425,4.8865,4.8306,4.7694,4.7036,4.6378,4.5721,4.5064,4.4408,4.3752,4.3097
13.4604,13.3681,13.2754,13.1826,13.0894,12.9961,12.9025,12.8086,12.7146,12.6205,12.5264,12.432,12.3375,12.2427,12.1477,12.0526,11.9572,11.8617,11.7867,11.7892,11.7916,11.7939,11.7961,11.7982,11.8003,11.8022,11.8041,11.8059,11.8218,11.8439,11.8661,11.8884,11.9108,11.9333,11.9559,11.9785,12.0012,12.0307,12.0894,12.1481,12.2069,12.2659,12.3249,12.384,12.4431,12.5023,12.5615,12.5987,12.6253,12.652,12.6786,12.7052,12.7318,12.7584,12.7849,12.8114,12.8111,12.6761,12.541,12.4059,12.2707,12.1354,12,11.8646,11.7291,11.5934,11.5097,11.4534,11.3969,11.3402,11.2833,11.2261,11.1688,11.1112,11.0533,10.9984,10.9624,10.9262,10.8897,10.8531,10.8162,10.779,10.7416,10.704,10.6661,10.598,10.5123,10.4266,10.3408,10.2549,10.1688,10.0828,9.9966,9.9103,9.813,9.6346,9.4564,9.2782,9.1002,8.9224,8.7447,8.5672,8.3899,8.2127,8.109,8.053,7.9974,7.942,7.887,7.8322,7.7778,7.7238,7.6701,7.6238,7.6477,7.6716,7.6956,7.7197,7.7438,7.7681,7.7923,7.8167,7.8412,7.8646,7.887,7.9092,7.9312,7.953,7.9747,7.9961,8.0173,8.0382,8.0509,7.9349,7.8188,7.7027,7.5866,7.4703,7.354,7.2376,7.1212,7.0047,6.8508,6.6656,6.4804,6.2955,6.1108,5.9263,5.7419,5.5578,5.3739,5.1929,5.1381,5.0833,5.0285,4.9739,4.9192,4.8647,4.8102,4.7557,4.7014,4.6419,4.5773,4.5127,4.4481,4.3837,4.3192,4.2548,4.1905
13.3567,13.271,13.185,13.0987,13.0122,12.9255,12.8385,12.7513,12.6638,12.5768,12.4898,12.4025,12.3151,12.2274,12.1396,12.0516,11.9633,11.8749,11.8078,11.8152,11.8225,11.8296,11.8367,11.8437,11.8506,11.8575,11.8642,11.8709,11.8848,11.9017,11.9187,11.9359,11.9531,11.9704,11.9878,12.0053,12.0229,12.0464,12.0948,12.1432,12.1918,12.2404,12.2892,12.338,12.3868,12.4357,12.4846,12.5127,12.5308,12.549,12.5671,12.5853,12.6034,12.6214,12.6395,12.6574,12.6495,12.5106,12.3715,12.2324,12.0932,11.9539,11.8145,11.6751,11.5356,11.3959,11.3027,11.2343,11.1657,11.097,11.028,10.9588,10.8893,10.8197,10.7497,10.6832,10.6401,10.5967,10.5531,10.5092,10.4651,10.4208,10.3762,10.3314,10.2862,10.2169,10.1329,10.0488,9.9645,9.8802,9.7958,9.7113,9.6267,9.5421,9.4484,9.2788,9.1094,8.9401,8.7709,8.6019,8.433,8.2644,8.0959,7.9275,7.8318,7.7867,7.7419,7.6974,7.6532,7.6094,7.5658,7.5226,7.4798,7.4422,7.4691,7.496,7.523,7.55,7.5771,7.6043,7.6315,7.6588,7.6862,7.7093,7.7287,7.7479,7.7668,7.7856,7.8042,7.8226,7.8407,7.8587,7.8719,7.7558,7.6397,7.5234,7.4071,7.2908,7.1744,7.0579,6.9413,6.8247,6.6749,6.4937,6.3126,6.1318,5.9512,5.7707,5.5905,5.4105,5.2307,5.051,4.9963,4.943,4.8899,4.8367,4.7837,4.7307,4.6777,4.6248,4.572,4.5143,4.4509,4.3875,4.3241,4.2608,4.1976,4.1344,4.0712
13.2533,13.1742,13.0948,13.0151,12.9352,12.8551,12.7747,12.6941,12.6132,12.5332,12.4533,12.3732,12.2929,12.2124,12.1317,12.0508,11.9697,11.8884,11.829,11.8412,11.8534,11.8655,11.8774,11.8893,11.9011,11.9128,11.9244,11.936,11.9476,11.9594,11.9713,11.9833,11.9953,12.0075,12.0197,12.0321,12.0445,12.062,12.1001,12.1383,12.1765,12.2149,12.2534,12.2919,12.3305,12.3691,12.4077,12.4266,12.4363,12.446,12.4557,12.4653,12.4749,12.4845,12.494,12.5035,12.488,12.345,12.202,12.0589,11.9157,11.7724,11.6291,11.4856,11.3421,11.1985,11.0958,11.0153,10.9347,10.8539,10.7728,10.6916,10.6101,10.5283,10.4464,10.3682,10.3179,10.2673,10.2165,10.1655,10.1142,10.0627,10.0109,9.9589,9.9066,9.8358,9.7534,9.6709,9.5882,9.5055,9.4227,9.3398,9.2569,9.1738,9.0835,8.9228,8.7622,8.6017,8.4413,8.2811,8.1211,7.9612,7.8015,7.6421,7.5542,7.52,7.4861,7.4524,7.4191,7.3861,7.3534,7.321,7.289,7.2606,7.2904,7.3202,7.3502,7.3801,7.4102,7.4403,7.4705,7.5008,7.5312,7.5542,7.5705,7.5867,7.6026,7.6184,7.6339,7.6492,7.6643,7.6792,7.693,7.5768,7.4605,7.3442,7.2277,7.1112,6.9947,6.8781,6.7614,6.6446,6.4987,6.3215,6.1446,5.9679,5.7913,5.615,5.4388,5.2629,5.0871,4.9116,4.8544,4.8027,4.7511,4.6995,4.648,4.5966,4.5452,4.4938,4.4426,4.3867,4.3244,4.2622,4.2,4.1379,4.0759,4.0138,3.9519
13.1501,13.0776,13.0048,12.9318,12.8585,12.7849,12.7111,12.6371,12.5629,12.4899,12.4171,12.3441,12.2709,12.1975,12.1239,12.0501,11.9761,11.902,11.8503,11.8674,11.8845,11.9014,11.9182,11.935,11.9517,11.9682,11.9848,12.0012,12.0104,12.0171,12.0238,12.0306,12.0375,12.0445,12.0516,12.0588,12.066,12.0775,12.1053,12.1332,12.1612,12.1893,12.2175,12.2457,12.274,12.3024,12.3308,12.3406,12.3418,12.343,12.3441,12.3453,12.3465,12.3476,12.3486,12.3496,12.3265,12.1795,12.0325,11.8854,11.7382,11.591,11.4436,11.2962,11.1487,11.0011,10.889,10.7964,10.7038,10.6109,10.5178,10.4245,10.331,10.2372,10.1431,10.0533,9.9958,9.938,9.88,9.8218,9.7634,9.7047,9.6457,9.5865,9.527,9.4547,9.3739,9.2929,9.2119,9.1308,9.0496,8.9683,8.8869,8.8055,8.7184,8.5665,8.4147,8.263,8.1115,7.9601,7.8089,7.6578,7.507,7.3563,7.2763,7.2529,7.2298,7.207,7.1846,7.1624,7.1406,7.1191,7.0979,7.0788,7.1116,7.1444,7.1772,7.2102,7.2432,7.2763,7.3094,7.3427,7.376,7.3992,7.4125,7.4256,7.4385,7.4512,7.4637,7.476,7.4881,7.5,7.5116,7.3977,7.2813,7.1649,7.0483,6.9317,6.815,6.6983,6.5815,6.4646,6.3222,6.1492,5.9763,5.8037,5.6312,5.4589,5.2869,5.115,4.9433,4.7719,4.7124,4.6623,4.6122,4.5622,4.5122,4.4623,4.4125,4.3627,4.313,4.2589,4.1978,4.1368,4.0759,4.0149,3.954,3.8932,3.8324
13.0472,12.9813,12.9151,12.8486,12.7819,12.715,12.6478,12.5804,12.5127,12.4468,12.3811,12.3152,12.2491,12.1829,12.1164,12.0497,11.9828,11.9158,11.8717,11.8937,11.9156,11.9374,11.9591,11.9808,12.0023,12.0238,12.0452,12.0665,12.0731,12.0746,12.0762,12.0778,12.0796,12.0814,12.0834,12.0854,12.0875,12.0928,12.1104,12.128,12.1458,12.1636,12.1815,12.1995,12.2176,12.2356,12.2538,12.2545,12.2472,12.2399,12.2326,12.2253,12.218,12.2106,12.2032,12.1957,12.165,12.014,11.863,11.7119,11.5607,11.4095,11.2582,11.1068,10.9553,10.8037,10.6822,10.5777,10.4729,10.368,10.2629,10.1576,10.052,9.9462,9.8401,9.7385,9.6738,9.6089,9.5437,9.4783,9.4127,9.3468,9.2807,9.2143,9.1476,9.0735,8.9943,8.915,8.8355,8.756,8.6764,8.5967,8.517,8.4371,8.3531,8.2099,8.0669,7.9241,7.7814,7.6388,7.4964,7.3541,7.2121,7.0702,6.998,6.9855,6.9732,6.9613,6.9496,6.9383,6.9273,6.9166,6.9063,6.8969,6.9326,6.9684,7.0042,7.0401,7.0761,7.1121,7.1482,7.1844,7.2206,7.2444,7.2547,7.2647,7.2746,7.2843,7.2937,7.303,7.312,7.3209,7.3295,7.2187,7.1022,6.9856,6.8689,6.7522,6.6354,6.5185,6.4016,6.2846,6.1455,5.9766,5.8078,5.6392,5.4708,5.3026,5.1346,4.9669,4.7993,4.6319,4.5703,4.5217,4.4732,4.4248,4.3764,4.328,4.2797,4.2315,4.1834,4.1311,4.0712,4.0114,3.9516,3.8918,3.8321,3.7725,3.7129
12.9445,12.8852,12.8255,12.7657,12.7056,12.6452,12.5846,12.5238,12.4628,12.4039,12.3453,12.2865,12.2276,12.1684,12.109,12.0494,11.9897,11.9297,11.8932,11.9201,11.9469,11.9736,12.0001,12.0266,12.0531,12.0794,12.1056,12.1318,12.1357,12.1321,12.1285,12.125,12.1216,12.1183,12.1151,12.1119,12.1089,12.1081,12.1153,12.1227,12.1302,12.1378,12.1455,12.1532,12.161,12.1688,12.1767,12.1683,12.1526,12.1368,12.1211,12.1053,12.0895,12.0737,12.0578,12.0419,12.0034,11.8485,11.6935,11.5384,11.3833,11.2281,11.0728,10.9174,10.7619,10.6064,10.4756,10.359,10.2423,10.1253,10.0081,9.8908,9.7732,9.6553,9.5372,9.4238,9.3519,9.2798,9.2075,9.1349,9.0621,8.9891,8.9158,8.8422,8.7684,8.6923,8.6147,8.537,8.4591,8.3812,8.3032,8.2251,8.1469,8.0687,7.9875,7.8532,7.719,7.5849,7.451,7.3172,7.1836,7.0502,6.9169,6.7838,6.7193,6.7176,6.7162,6.7151,6.7143,6.7138,6.7136,6.7138,6.7143,6.7152,6.7536,6.7923,6.831,6.8699,6.9088,6.9478,6.9868,7.0259,7.0651,7.0897,7.0969,7.104,7.1108,7.1175,7.1239,7.1301,7.1361,7.1419,7.1475,7.0397,6.923,6.8063,6.6895,6.5727,6.4558,6.3388,6.2217,6.1046,5.9686,5.8037,5.639,5.4745,5.3102,5.1461,4.9822,4.8185,4.655,4.4917,4.4281,4.3811,4.3341,4.2872,4.2404,4.1936,4.1469,4.1002,4.0536,4.0032,3.9445,3.8858,3.8272,3.7687,3.7101,3.6517,3.5933
12.842,12.7893,12.7363,12.683,12.6295,12.5757,12.5217,12.4675,12.413,12.3612,12.3097,12.258,12.2062,12.1541,12.1018,12.0493,11.9967,11.9439,11.9149,11.9466,11.9783,12.0098,12.0413,12.0726,12.1039,12.1351,12.1662,12.1973,12.1983,12.1894,12.1807,12.1721,12.1635,12.1551,12.1467,12.1384,12.1302,12.1232,12.1202,12.1174,12.1146,12.112,12.1094,12.1069,12.1044,12.102,12.0996,12.0821,12.0579,12.0337,12.0095,11.9853,11.961,11.9367,11.9124,11.888,11.8419,11.683,11.524,11.365,11.2059,11.0467,10.8874,10.728,10.5686,10.409,10.2691,10.1405,10.0117,9.8827,9.7535,9.6241,9.4945,9.3646,9.2345,9.1092,9.0302,8.9509,8.8714,8.7917,8.7117,8.6315,8.551,8.4703,8.3893,8.3111,8.235,8.1589,8.0827,8.0064,7.93,7.8535,7.7769,7.7002,7.6216,7.4961,7.3707,7.2455,7.1203,6.9954,6.8706,6.7459,6.6214,6.4972,6.4403,6.4494,6.4588,6.4686,6.4786,6.4889,6.4996,6.5106,6.5219,6.5336,6.5744,6.616,6.6578,6.6995,6.7414,6.7833,6.8253,6.8674,6.9095,6.9352,6.9394,6.9434,6.9472,6.9508,6.9542,6.9574,6.9603,6.9631,6.9657,6.8606,6.7439,6.627,6.5101,6.3932,6.2761,6.159,6.0418,5.9246,5.7914,5.6306,5.47,5.3095,5.1493,4.9893,4.8294,4.6698,4.5104,4.3512,4.2858,4.2403,4.1949,4.1496,4.1043,4.059,4.0139,3.9688,3.9237,3.8752,3.8177,3.7602,3.7028,3.6454,3.5881,3.5308,3.4735
12.7398,12.6936,12.6472,12.6005,12.5536,12.5064,12.459,12.4113,12.3635,12.3187,12.2743,12.2298,12.185,12.14,12.0948,12.0495,12.0039,11.9582,11.9366,11.9732,12.0098,12.0462,12.0825,12.1187,12.1548,12.1909,12.2269,12.2628,12.2607,12.2467,12.2329,12.2191,12.2054,12.1918,12.1783,12.1648,12.1515,12.1382,12.125,12.1119,12.0989,12.086,12.0732,12.0604,12.0477,12.035,12.0224,11.9959,11.9632,11.9306,11.8979,11.8652,11.8325,11.7998,11.767,11.7341,11.6804,11.5175,11.3546,11.1916,11.0285,10.8653,10.702,10.5387,10.3753,10.2117,10.0626,9.922,9.7812,9.6402,9.499,9.3576,9.2159,9.0741,8.9319,8.7947,8.7085,8.6221,8.5354,8.4485,8.3614,8.274,8.1864,8.0985,8.0104,7.9298,7.8554,7.7808,7.7062,7.6315,7.5567,7.4818,7.4068,7.3317,7.2556,7.1389,7.0222,6.9058,6.7894,6.6733,6.5572,6.4414,6.3257,6.2102,6.1609,6.1809,6.2011,6.2216,6.2425,6.2636,6.2851,6.3069,6.3291,6.3516,6.3951,6.4397,6.4844,6.5291,6.5739,6.6187,6.6637,6.7087,6.7538,6.7808,6.7819,6.7829,6.7837,6.7843,6.7846,6.7848,6.7847,6.7845,6.784,6.6816,6.5647,6.4478,6.3307,6.2137,6.0965,5.9793,5.862,5.7446,5.614,5.4572,5.3007,5.1443,4.9882,4.8322,4.6765,4.5209,4.3656,4.2104,4.1434,4.0995,4.0556,4.0118,3.9681,3.9244,3.8808,3.8372,3.7937,3.7471,3.6908,3.6345,3.5782,3.522,3.4659,3.4098,3.3537
12.6378,12.5982,12.5583,12.5182,12.4779,12.4373,12.3965,12.3554,12.3141,12.2764,12.2391,12.2017,12.164,12.1261,12.088,12.0497,12.0113,11.9727,11.9585,12,12.0414,12.0826,12.1238,12.1649,12.2059,12.2468,12.2877,12.3284,12.3231,12.3039,12.2849,12.266,12.2472,12.2284,12.2098,12.1912,12.1727,12.1531,12.1297,12.1063,12.0831,12.06,12.0369,12.0139,11.991,11.9681,11.9452,11.9097,11.8685,11.8274,11.7863,11.7452,11.704,11.6628,11.6216,11.5803,11.5189,11.3521,11.1851,11.0181,10.8511,10.6839,10.5167,10.3494,10.182,10.0145,9.8563,9.7037,9.5509,9.3979,9.2446,9.0912,8.9376,8.7837,8.6295,8.4804,8.387,8.2934,8.1996,8.1055,8.0112,7.9167,7.8219,7.7269,7.6316,7.5485,7.4757,7.4027,7.3297,7.2566,7.1833,7.11,7.0367,6.9632,6.8893,6.7813,6.6735,6.5658,6.4583,6.3509,6.2436,6.1366,6.0297,5.923,5.8811,5.9119,5.943,5.9743,6.0059,6.0379,6.0702,6.1028,6.1358,6.1691,6.2157,6.2632,6.3108,6.3585,6.4062,6.454,6.5019,6.5499,6.5979,6.6265,6.6246,6.6226,6.6203,6.6179,6.6152,6.6124,6.6093,6.606,6.6025,6.5026,6.3856,6.2685,6.1514,6.0342,5.9169,5.7995,5.6821,5.5646,5.4363,5.2836,5.1312,4.9789,4.8268,4.6749,4.5232,4.3717,4.2204,4.0694,4.0009,3.9585,3.9162,3.874,3.8318,3.7896,3.7476,3.7056,3.6636,3.6189,3.5638,3.5087,3.4536,3.3986,3.3436,3.2887,3.2338
12.536,12.503,12.4697,12.4362,12.4024,12.3684,12.3342,12.2997,12.265,12.2343,12.2042,12.1738,12.1432,12.1124,12.0814,12.0502,12.0188,11.9873,11.9805,12.0268,12.0731,12.1192,12.1652,12.2112,12.257,12.3028,12.3485,12.3941,12.3853,12.3611,12.3369,12.3129,12.2889,12.265,12.2412,12.2175,12.1939,12.1679,12.1342,12.1007,12.0672,12.0338,12.0005,11.9673,11.9342,11.901,11.8679,11.8234,11.7738,11.7242,11.6747,11.6251,11.5755,11.5258,11.4761,11.4264,11.3574,11.1866,11.0157,10.8447,10.6737,10.5026,10.3314,10.1601,9.9887,9.8172,9.6501,9.4854,9.3206,9.1556,8.9904,8.825,8.6593,8.4934,8.3273,8.1661,8.0655,7.9648,7.8638,7.7626,7.6612,7.5595,7.4575,7.3553,7.2529,7.1672,7.0959,7.0246,6.9531,6.8816,6.81,6.7383,6.6665,6.5946,6.5227,6.4236,6.3245,6.2256,6.1268,6.0282,5.9298,5.8315,5.7333,5.6354,5.601,5.6426,5.6844,5.7266,5.769,5.8118,5.8549,5.8983,5.9421,5.9862,6.0361,6.0866,6.1372,6.1878,6.2384,6.2892,6.34,6.3909,6.4419,6.4724,6.4675,6.4624,6.4571,6.4517,6.446,6.4401,6.434,6.4277,6.4211,6.3236,6.2065,6.0893,5.972,5.8547,5.7372,5.6198,5.5022,5.3846,5.2584,5.1098,4.9614,4.8132,4.6652,4.5173,4.3697,4.2223,4.0751,3.9281,3.8583,3.8175,3.7767,3.736,3.6954,3.6548,3.6142,3.5738,3.5334,3.4907,3.4367,3.3828,3.3289,3.2751,3.2213,3.1675,3.1138
12.4345,12.408,12.3813,12.3544,12.3272,12.2997,12.2721,12.2441,12.216,12.1925,12.1694,12.1461,12.1226,12.0989,12.075,12.0509,12.0266,12.0021,12.0026,12.0538,12.1049,12.1559,12.2067,12.2575,12.3083,12.3589,12.4095,12.4599,12.4475,12.4181,12.3888,12.3596,12.3305,12.3015,12.2726,12.2438,12.215,12.1826,12.1387,12.0949,12.0512,12.0076,11.9641,11.9207,11.8773,11.8339,11.7906,11.737,11.679,11.621,11.563,11.505,11.4469,11.3889,11.3307,11.2726,11.196,11.0212,10.8463,10.6713,10.4963,10.3212,10.1461,9.9708,9.7955,9.62,9.4439,9.2673,9.0905,8.9135,8.7363,8.5589,8.3812,8.2033,8.0252,7.8519,7.7442,7.6363,7.5282,7.4198,7.3112,7.2024,7.0933,6.984,6.8744,6.7858,6.7161,6.6464,6.5765,6.5066,6.4366,6.3665,6.2963,6.226,6.1556,6.0656,5.9753,5.8852,5.7952,5.7053,5.6156,5.5261,5.4367,5.3476,5.3205,5.3729,5.4255,5.4785,5.5317,5.5853,5.6392,5.6934,5.748,5.8029,5.8565,5.9099,5.9634,6.0169,6.0705,6.1242,6.178,6.2318,6.2857,6.3184,6.3105,6.3024,6.2941,6.2856,6.2769,6.268,6.2588,6.2495,6.24,6.1446,6.0273,5.91,5.7926,5.6752,5.5576,5.44,5.3224,5.2046,5.0802,4.9357,4.7914,4.6472,4.5033,4.3595,4.216,4.0726,3.9294,3.7865,3.7156,3.6763,3.6371,3.5979,3.5588,3.5198,3.4808,3.4419,3.4031,3.3623,3.3095,3.2568,3.2041,3.1514,3.0988,3.0463,2.9937
12.3332,12.3133,12.2932,12.2728,12.2522,12.2313,12.2102,12.1888,12.1673,12.1508,12.1348,12.1186,12.1022,12.0855,12.0687,12.0517,12.0345,12.0171,12.0249,12.0809,12.1368,12.1926,12.2484,12.304,12.3596,12.4151,12.4705,12.5258,12.5096,12.4751,12.4406,12.4063,12.3721,12.338,12.3039,12.2699,12.236,12.1971,12.143,12.089,12.0351,11.9813,11.9276,11.8739,11.8203,11.7668,11.7133,11.6507,11.5842,11.5178,11.4514,11.3849,11.3184,11.2519,11.1853,11.1187,11.0345,10.8557,10.6769,10.498,10.319,10.1399,9.9608,9.7816,9.6023,9.4229,9.2379,9.0493,8.8605,8.6715,8.4823,8.2929,8.1033,7.9134,7.7233,7.5378,7.423,7.3079,7.1927,7.0772,6.9614,6.8455,6.7292,6.6127,6.496,6.4044,6.3363,6.2682,6.1999,6.1316,6.0631,5.9946,5.926,5.8573,5.7885,5.7073,5.6258,5.5444,5.4632,5.3821,5.3012,5.2204,5.1399,5.0595,5.0397,5.1028,5.1663,5.23,5.2941,5.3584,5.4231,5.4881,5.5535,5.6192,5.6767,5.7331,5.7895,5.846,5.9025,5.9591,6.0158,6.0726,6.1295,6.1645,6.1536,6.1425,6.1312,6.1196,6.1079,6.096,6.0838,6.0715,6.0589,5.9656,5.8482,5.7308,5.6133,5.4957,5.378,5.2603,5.1425,5.0247,4.9018,4.7614,4.6211,4.481,4.3411,4.2014,4.0619,3.9226,3.7836,3.6447,3.5728,3.535,3.4981,3.4635,3.4289,3.3944,3.3598,3.3253,3.2908,3.2548,3.206,3.1572,3.1084,3.0597,3.0109,2.9622,2.9135
12.2321,12.2188,12.2052,12.1914,12.1773,12.163,12.1485,12.1337,12.1187,12.1094,12.1005,12.0913,12.082,12.0724,12.0627,12.0527,12.0426,12.0323,12.0472,12.1081,12.1688,12.2295,12.2901,12.3506,12.411,12.4713,12.5316,12.5918,12.5716,12.5319,12.4924,12.4529,12.4136,12.3743,12.3351,12.296,12.257,12.2116,12.1473,12.0831,12.019,11.9549,11.891,11.8271,11.7633,11.6996,11.6358,11.5642,11.4894,11.4145,11.3397,11.2648,11.1899,11.1149,11.0399,10.9649,10.873,10.6903,10.5075,10.3246,10.1417,9.9586,9.7755,9.5924,9.4091,9.2257,9.032,8.8314,8.6306,8.4296,8.2285,8.0271,7.8255,7.6237,7.4216,7.2238,7.1018,6.9797,6.8572,6.7346,6.6117,6.4886,6.3653,6.2417,6.1178,6.0229,5.9565,5.8899,5.8232,5.7565,5.6896,5.6227,5.5557,5.4886,5.4214,5.3488,5.2761,5.2035,5.131,5.0587,4.9865,4.9145,4.8427,4.7711,4.7584,4.8324,4.9066,4.9811,5.056,5.1311,5.2066,5.2824,5.3585,5.435,5.4968,5.5561,5.6155,5.6749,5.736,5.7975,5.8587,5.9197,5.9805,6.0192,6.0065,5.9936,5.9804,5.967,5.9534,5.9394,5.9252,5.9108,5.896,5.8055,5.6888,5.572,5.455,5.338,5.2208,5.1035,4.9861,4.8685,4.7482,4.6168,4.486,4.3557,4.226,4.0968,3.9683,3.8403,3.7129,3.5862,3.5178,3.4836,3.4494,3.4153,3.3811,3.3469,3.3128,3.2787,3.2446,3.2095,3.1612,3.1128,3.0646,3.0163,2.968,2.9198,2.8716
12.1924,12.1817,12.1709,12.16,12.149,12.1378,12.1266,12.1152,12.1038,12.0964,12.0893,12.0822,12.0752,12.0681,12.0611,12.054,12.047,12.0399,12.0576,12.1181,12.1787,12.2394,12.3002,12.3612,12.4222,12.4834,12.5447,12.606,12.581,12.5363,12.4916,12.4471,12.4026,12.3582,12.3139,12.2697,12.2255,12.1739,12.1013,12.0288,11.9562,11.8837,11.8112,11.7387,11.6662,11.5936,11.5211,11.4411,11.3581,11.2751,11.1919,11.1088,11.0256,10.9423,10.8589,10.7754,10.6757,10.4879,10.3,10.1119,9.9238,9.7355,9.5471,9.3585,9.1698,8.9809,8.7806,8.5729,8.3651,8.1573,7.9493,7.7413,7.5332,7.325,7.1168,6.9127,6.7875,6.6622,6.5368,6.4114,6.2859,6.1603,6.0347,5.9091,5.7834,5.6908,5.6318,5.5731,5.5145,5.4561,5.3979,5.3398,5.282,5.2244,5.1671,5.1078,5.0487,4.9899,4.9314,4.8732,4.8154,4.7579,4.7007,4.644,4.6411,4.7226,4.8042,4.8858,4.9675,5.0492,5.1309,5.2127,5.2946,5.3765,5.4385,5.4962,5.5538,5.6111,5.6683,5.7252,5.7819,5.8384,5.8946,5.9305,5.9133,5.8959,5.8782,5.8603,5.8421,5.8236,5.8049,5.7859,5.7667,5.6765,5.5584,5.4402,5.3218,5.2034,5.0848,4.9661,4.8472,4.7283,4.6087,4.4872,4.3662,4.2458,4.1259,4.0067,3.888,3.7698,3.6523,3.5354,3.4683,3.4345,3.4007,3.367,3.3332,3.2995,3.2657,3.232,3.1983,3.1642,3.1163,3.0685,3.0207,2.9729,2.9251,2.8774,2.8296
12.1679,12.1605,12.153,12.1454,12.1376,12.1297,12.1218,12.1137,12.1055,12.0983,12.0911,12.084,12.0768,12.0697,12.0625,12.0554,12.0482,12.0411,12.0574,12.1121,12.167,12.222,12.2771,12.3324,12.3877,12.4432,12.4987,12.5544,12.5213,12.4691,12.417,12.365,12.3131,12.2612,12.2095,12.1577,12.1061,12.047,11.9675,11.888,11.8084,11.729,11.6495,11.57,11.4905,11.411,11.3315,11.2436,11.1522,11.0609,10.9694,10.878,10.7864,10.6948,10.6031,10.5114,10.4036,10.2087,10.0138,9.8187,9.6235,9.4282,9.2327,9.0371,8.8413,8.6454,8.4444,8.24,8.0356,7.831,7.6264,7.4217,7.217,7.0121,6.8073,6.6058,6.4828,6.3598,6.2367,6.1135,5.9902,5.8669,5.7436,5.6201,5.4967,5.4101,5.3626,5.3152,5.268,5.221,5.1741,5.1275,5.0811,5.0349,4.9889,4.9419,4.895,4.8484,4.8021,4.7562,4.7106,4.6653,4.6204,4.5758,4.579,4.6623,4.7456,4.8289,4.9123,4.9957,5.0792,5.1627,5.2463,5.3299,5.389,5.4422,5.4953,5.5481,5.6007,5.6531,5.7053,5.7572,5.809,5.842,5.8203,5.7983,5.7762,5.7537,5.731,5.708,5.6848,5.6613,5.6375,5.5476,5.4281,5.3084,5.1887,5.0688,4.9488,4.8287,4.7085,4.5881,4.4687,4.357,4.2459,4.1353,4.0253,3.9159,3.807,3.6988,3.5911,3.4841,3.4188,3.3854,3.352,3.3186,3.2853,3.252,3.2186,3.1853,3.152,3.1188,3.0714,3.0241,2.9767,2.9294,2.8821,2.8349,2.7876
12.1436,12.1394,12.1352,12.1308,12.1263,12.1217,12.117,12.1122,12.1073,12.1002,12.0929,12.0857,12.0785,12.0712,12.064,12.0567,12.0495,12.0423,12.057,12.106,12.1552,12.2045,12.2539,12.3035,12.3531,12.4028,12.4527,12.5026,12.4614,12.4018,12.3422,12.2828,12.2234,12.1641,12.1049,12.0457,11.9866,11.9201,11.8336,11.7471,11.6606,11.5741,11.4877,11.4012,11.3148,11.2283,11.1418,11.0459,10.9463,10.8466,10.7469,10.6471,10.5473,10.4474,10.3474,10.2473,10.1315,9.9296,9.7276,9.5255,9.3233,9.1209,8.9184,8.7158,8.513,8.31,8.1082,7.9071,7.706,7.5048,7.3035,7.1021,6.9007,6.6992,6.4976,6.2989,6.1782,6.0574,5.9365,5.8155,5.6945,5.5735,5.4524,5.3312,5.2099,5.1292,5.093,5.057,5.0212,4.9856,4.9501,4.9149,4.8798,4.845,4.8104,4.7756,4.7409,4.7066,4.6725,4.6388,4.6054,4.5723,4.5396,4.5073,4.5168,4.6018,4.6868,4.7719,4.857,4.9422,5.0273,5.1126,5.1979,5.2832,5.3397,5.3884,5.4369,5.4852,5.5333,5.5812,5.6289,5.6763,5.7235,5.7537,5.7275,5.701,5.6743,5.6474,5.6202,5.5927,5.5649,5.5369,5.5086,5.4187,5.2978,5.1768,5.0556,4.9344,4.813,4.6914,4.5698,4.448,4.3281,4.2263,4.125,4.0242,3.9241,3.8245,3.7255,3.6271,3.5293,3.4321,3.3692,3.3362,3.3033,3.2703,3.2374,3.2044,3.1715,3.1386,3.1057,3.0729,3.0265,2.9796,2.9328,2.8859,2.8391,2.7923,2.7456
12.1193,12.1185,12.1175,12.1164,12.1152,12.1139,12.1124,12.1109,12.1093,12.1021,12.0948,12.0874,12.0801,12.0728,12.0654,12.0581,12.0508,12.0435,12.0565,12.0998,12.1433,12.1869,12.2306,12.2744,12.3184,12.3624,12.4065,12.4507,12.4014,12.3343,12.2674,12.2005,12.1336,12.0669,12.0002,11.9336,11.8671,11.7931,11.6996,11.6061,11.5127,11.4193,11.3259,11.2324,11.139,11.0456,10.9521,10.8483,10.7404,10.6324,10.5243,10.4163,10.3081,10.1999,10.0916,9.9832,9.8594,9.6505,9.4415,9.2323,9.0231,8.8137,8.6042,8.3945,8.1847,7.9747,7.7719,7.5742,7.3764,7.1785,6.9805,6.7825,6.5844,6.3862,6.188,5.992,5.8735,5.7549,5.6363,5.5176,5.3988,5.28,5.1611,5.0422,4.9232,4.848,4.8232,4.7986,4.7742,4.7499,4.7258,4.702,4.6783,4.6548,4.6316,4.6089,4.5865,4.5643,4.5425,4.521,4.4998,4.479,4.4585,4.4384,4.4546,4.5413,4.6281,4.7148,4.8017,4.8885,4.9755,5.0624,5.1494,5.2365,5.2906,5.3348,5.3788,5.4226,5.4662,5.5095,5.5527,5.5956,5.6383,5.6657,5.6349,5.604,5.5727,5.5413,5.5095,5.4775,5.4453,5.4128,5.38,5.29,5.1676,5.0452,4.9227,4.8,4.6772,4.5542,4.4312,4.308,4.1869,4.0949,4.0034,3.9126,3.8222,3.7325,3.6433,3.5547,3.4668,3.3794,3.3196,3.287,3.2545,3.2219,3.1894,3.1569,3.1244,3.0919,3.0594,3.0269,2.9816,2.9352,2.8888,2.8424,2.7961,2.7498,2.7035
12.0952,12.0976,12.0999,12.1021,12.1041,12.1061,12.1079,12.1097,12.1113,12.104,12.0966,12.0892,12.0817,12.0743,12.0669,12.0595,12.0521,12.0446,12.0559,12.0935,12.1313,12.1692,12.2072,12.2453,12.2835,12.3218,12.3603,12.3988,12.3413,12.2668,12.1924,12.118,12.0438,11.9696,11.8955,11.8214,11.7475,11.666,11.5656,11.4651,11.3647,11.2643,11.164,11.0636,10.9632,10.8628,10.7624,10.6506,10.5344,10.4181,10.3018,10.1854,10.069,9.9525,9.8359,9.7192,9.5873,9.3714,9.1554,8.9392,8.7229,8.5065,8.29,8.0733,7.8564,7.6394,7.4356,7.2412,7.0467,6.8522,6.6575,6.4628,6.268,6.0732,5.8783,5.685,5.5687,5.4524,5.336,5.2195,5.103,4.9864,4.8698,4.7531,4.6363,4.5666,4.5532,4.54,4.5269,4.514,4.5013,4.4888,4.4765,4.4644,4.4525,4.4419,4.4317,4.4218,4.4121,4.4028,4.3939,4.3852,4.3769,4.369,4.3923,4.4807,4.5692,4.6577,4.7463,4.8349,4.9235,5.0122,5.1009,5.1897,5.2416,5.2813,5.3208,5.3601,5.3992,5.438,5.4767,5.5151,5.5533,5.5778,5.5426,5.5071,5.4714,5.4354,5.3991,5.3626,5.3259,5.2888,5.2515,5.1613,5.0375,4.9137,4.7898,4.6657,4.5415,4.4171,4.2927,4.1681,4.0451,3.9629,3.8813,3.8003,3.7198,3.6399,3.5605,3.4818,3.4036,3.3261,3.27,3.2378,3.2057,3.1735,3.1414,3.1093,3.0772,3.0451,3.013,2.981,2.9366,2.8907,2.8448,2.7989,2.753,2.7072,2.6614
12.0712,12.0769,12.0824,12.0879,12.0932,12.0984,12.1035,12.1085,12.1134,12.1059,12.0984,12.0909,12.0834,12.0758,12.0683,12.0608,12.0533,12.0458,12.0551,12.087,12.1191,12.1513,12.1836,12.216,12.2486,12.2812,12.3139,12.3467,12.2811,12.1991,12.1172,12.0355,11.9538,11.8722,11.7906,11.7092,11.6277,11.5389,11.4314,11.3241,11.2167,11.1094,11.002,10.8947,10.7873,10.68,10.5726,10.4529,10.3284,10.2038,10.0792,9.9545,9.8298,9.705,9.5801,9.4551,9.3153,9.0923,8.8693,8.6461,8.4228,8.1993,7.9758,7.7521,7.5282,7.3042,7.0993,6.9082,6.7171,6.5258,6.3345,6.1431,5.9516,5.7601,5.5685,5.378,5.264,5.1499,5.0357,4.9215,4.8072,4.6929,4.5785,4.464,4.3495,4.285,4.2829,4.281,4.2793,4.2778,4.2764,4.2753,4.2743,4.2736,4.2731,4.2746,4.2766,4.2788,4.2814,4.2843,4.2875,4.2911,4.295,4.2993,4.33,4.4201,4.5103,4.6005,4.6908,4.7811,4.8715,4.9619,5.0523,5.1428,5.1929,5.2281,5.2631,5.2978,5.3324,5.3667,5.4009,5.4348,5.4684,5.4902,5.4504,5.4104,5.3702,5.3297,5.289,5.248,5.2067,5.1652,5.1233,5.0326,4.9075,4.7823,4.6569,4.5314,4.4058,4.2801,4.1542,4.0283,3.9027,3.8304,3.7586,3.6874,3.6167,3.5466,3.4771,3.4082,3.3399,3.2722,3.2203,3.1886,3.1568,3.1251,3.0934,3.0617,3.03,2.9983,2.9667,2.935,2.8916,2.8461,2.8007,2.7553,2.7099,2.6645,2.6192
12.0473,12.0563,12.0651,12.0738,12.0824,12.0908,12.0992,12.1075,12.1154,12.1078,12.1002,12.0926,12.085,12.0774,12.0698,12.0622,12.0546,12.047,12.0542,12.0804,12.1068,12.1333,12.1599,12.1867,12.2135,12.2404,12.2674,12.2946,12.2207,12.1313,12.042,11.9528,11.8637,11.7747,11.6857,11.5968,11.5079,11.4116,11.2973,11.1829,11.0686,10.9543,10.84,10.7257,10.6114,10.4971,10.3828,10.2551,10.1223,9.9895,9.8566,9.7236,9.5906,9.4575,9.3244,9.1911,9.0432,8.8133,8.5832,8.353,8.1227,7.8922,7.6616,7.4309,7.2,6.969,6.763,6.5752,6.3874,6.1994,6.0114,5.8234,5.6352,5.447,5.2587,5.071,4.9592,4.8473,4.7354,4.6234,4.5113,4.3992,4.2871,4.1748,4.0626,4.0031,4.0124,4.0219,4.0315,4.0413,4.0513,4.0615,4.0719,4.0826,4.0934,4.1069,4.1211,4.1356,4.1503,4.1654,4.1808,4.1966,4.2127,4.2292,4.2676,4.3594,4.4513,4.5433,4.6353,4.7273,4.8194,4.9115,5.0037,5.0959,5.1443,5.175,5.2055,5.2357,5.2658,5.2956,5.3253,5.3547,5.3838,5.4027,5.3585,5.314,5.2692,5.2243,5.179,5.1335,5.0877,5.0417,4.9954,4.9041,4.7776,4.6509,4.5242,4.3973,4.2703,4.1431,4.0159,3.8885,3.761,3.6973,3.6353,3.5739,3.5131,3.4528,3.3931,3.334,3.2755,3.2176,3.1706,3.1393,3.108,3.0766,3.0453,3.014,2.9828,2.9515,2.9202,2.889,2.8465,2.8015,2.7566,2.7117,2.6668,2.6219,2.577
12.0235,12.0357,12.0478,12.0598,12.0716,12.0834,12.095,12.1065,12.1174,12.1097,12.102,12.0943,12.0866,12.0789,12.0712,12.0635,12.0559,12.0482,12.0532,12.0737,12.0944,12.1152,12.1361,12.1572,12.1783,12.1995,12.2209,12.2423,12.1602,12.0634,11.9667,11.8701,11.7735,11.6771,11.5807,11.4843,11.3881,11.2843,11.163,11.0417,10.9205,10.7992,10.678,10.5567,10.4355,10.3142,10.1929,10.0573,9.9162,9.7751,9.6339,9.4927,9.3514,9.2101,9.0686,8.9271,8.7712,8.5342,8.2971,8.0599,7.8226,7.5851,7.3475,7.1098,6.8719,6.6338,6.4266,6.2422,6.0576,5.873,5.6883,5.5036,5.3187,5.1338,4.9489,4.7639,4.6543,4.5447,4.435,4.3253,4.2154,4.1056,3.9956,3.8856,3.7756,3.721,3.7416,3.7625,3.7834,3.8046,3.8259,3.8475,3.8692,3.8912,3.9134,3.9389,3.9653,3.9919,4.0189,4.0461,4.0737,4.1017,4.13,4.1586,4.2051,4.2987,4.3923,4.486,4.5797,4.6734,4.7672,4.8611,4.9549,5.0489,5.0959,5.1221,5.1481,5.1738,5.1994,5.2247,5.2498,5.2747,5.2994,5.3155,5.2667,5.2177,5.1685,5.119,5.0693,5.0193,4.969,4.9185,4.8677,4.7756,4.6477,4.5197,4.3915,4.2632,4.1348,4.0063,3.8776,3.7488,3.6199,3.5636,3.5114,3.4598,3.4088,3.3583,3.3085,3.2592,3.2105,3.1624,3.1209,3.09,3.0591,3.0282,2.9973,2.9664,2.9355,2.9046,2.8738,2.843,2.8014,2.7569,2.7125,2.668,2.6236,2.5792,2.5348
11.9999,12.0154,12.0307,12.0459,12.061,12.076,12.0909,12.1057,12.1194,12.1116,12.1038,12.096,12.0882,12.0805,12.0727,12.0649,12.0571,12.0493,12.052,12.0669,12.0819,12.097,12.1122,12.1275,12.143,12.1586,12.1742,12.1899,12.0996,11.9953,11.8912,11.7872,11.6832,11.5793,11.4755,11.3718,11.2681,11.1569,11.0287,10.9004,10.7722,10.644,10.5159,10.3877,10.2595,10.1313,10.0031,9.8595,9.7101,9.5607,9.4113,9.2618,9.1122,8.9626,8.8129,8.6631,8.4992,8.2552,8.0111,7.7669,7.5225,7.2781,7.0335,6.7887,6.5438,6.2988,6.0902,5.9091,5.7278,5.5465,5.3652,5.1837,5.0022,4.8206,4.639,4.4573,4.3494,4.2421,4.1346,4.0271,3.9195,3.8119,3.7042,3.5964,3.4886,3.4386,3.4706,3.5028,3.5351,3.5676,3.6003,3.6331,3.6662,3.6995,3.7331,3.7706,3.8091,3.8479,3.8871,3.9265,3.9663,4.0064,4.0468,4.0877,4.1426,4.2379,4.3332,4.4286,4.524,4.6195,4.715,4.8106,4.9062,5.0018,5.0477,5.0694,5.0909,5.1121,5.1332,5.154,5.1746,5.195,5.2152,5.2285,5.1752,5.1217,5.068,5.014,4.9598,4.9053,4.8505,4.7955,4.7402,4.6472,4.5179,4.3885,4.2589,4.1292,3.9994,3.8695,3.7394,3.6092,3.4789,3.4293,3.3869,3.3451,3.3039,3.2633,3.2232,3.1837,3.1448,3.1065,3.0712,3.0407,3.0102,2.9797,2.9492,2.9187,2.8882,2.8578,2.8273,2.7969,2.7563,2.7123,2.6683,2.6243,2.5804,2.5364,2.4925
11.9764,11.9951,12.0137,12.0321,12.0505,12.0688,12.0869,12.105,12.1214,12.1135,12.1056,12.0978,12.0899,12.082,12.0741,12.0662,12.0584,12.0505,12.0507,12.0599,12.0692,12.0786,12.0882,12.0978,12.1076,12.1175,12.1274,12.1375,12.0388,11.9272,11.8156,11.7042,11.5928,11.4815,11.3703,11.2591,11.148,11.0294,10.8942,10.7591,10.624,10.4888,10.3537,10.2186,10.0835,9.9483,9.8131,9.6616,9.504,9.3463,9.1886,9.0308,8.873,8.7151,8.5571,8.3991,8.2271,7.9762,7.7251,7.4738,7.2225,6.971,6.7194,6.4677,6.2158,5.9637,5.7538,5.576,5.398,5.2201,5.042,4.8639,4.6857,4.5074,4.3291,4.1507,4.0445,3.9394,3.8342,3.7289,3.6235,3.5181,3.4126,3.3071,3.2016,3.1561,3.1994,3.2428,3.2865,3.3303,3.3743,3.4185,3.4629,3.5076,3.5524,3.6019,3.6526,3.7036,3.7549,3.8065,3.8584,3.9107,3.9633,4.0163,4.08,4.1771,4.2741,4.3712,4.4683,4.5655,4.6627,4.76,4.8573,4.9547,4.9997,5.0169,5.0339,5.0506,5.0672,5.0835,5.0996,5.1155,5.1312,5.1417,5.0839,5.0259,4.9677,4.9092,4.8505,4.7915,4.7322,4.6727,4.6129,4.5189,4.3882,4.2574,4.1264,3.9953,3.8641,3.7328,3.6013,3.4697,3.338,3.2944,3.2619,3.2299,3.1985,3.1676,3.1373,3.1076,3.0785,3.0501,3.0214,2.9913,2.9612,2.9311,2.901,2.871,2.8409,2.8108,2.7808,2.7508,2.7112,2.6676,2.6241,2.5806,2.5371,2.4937,2.4502
11.9529,11.9749,11.9968,12.0185,12.0401,12.0616,12.083,12.1043,12.1234,12.1154,12.1074,12.0995,12.0915,12.0835,12.0756,12.0676,12.0596,12.0517,12.0492,12.0527,12.0564,12.0601,12.064,12.068,12.0721,12.0763,12.0805,12.0849,11.978,11.8589,11.7399,11.6211,11.5023,11.3836,11.265,11.1464,11.0279,10.9019,10.7598,10.6177,10.4756,10.3335,10.1915,10.0494,9.9074,9.7653,9.6232,9.4637,9.2978,9.1319,8.9659,8.7999,8.6338,8.4676,8.3014,8.1351,7.9551,7.6972,7.4391,7.1809,6.9225,6.6641,6.4055,6.1467,5.8878,5.6288,5.4173,5.2428,5.0682,4.8935,4.7188,4.544,4.3691,4.1941,4.0191,3.844,3.7396,3.6367,3.5337,3.4306,3.3275,3.2243,3.1211,3.0178,2.9145,2.8732,2.9279,2.9827,3.0376,3.0928,3.1481,3.2036,3.2594,3.3153,3.3715,3.4329,3.4958,3.5589,3.6224,3.6861,3.7502,3.8146,3.8794,3.9446,4.0174,4.1161,4.2149,4.3137,4.4125,4.5114,4.6104,4.7093,4.8084,4.9075,4.9519,4.9646,4.977,4.9893,5.0014,5.0132,5.0248,5.0362,5.0474,5.055,4.9928,4.9303,4.8676,4.8047,4.7414,4.678,4.6142,4.5502,4.4859,4.3907,4.2586,4.1263,3.994,3.8615,3.7289,3.5961,3.4633,3.3303,3.1972,3.1589,3.1362,3.114,3.0924,3.0713,3.0508,3.0309,3.0116,2.9929,2.9717,2.9419,2.9122,2.8826,2.8529,2.8232,2.7935,2.7639,2.7343,2.7047,2.666,2.6229,2.5799,2.5368,2.4938,2.4508,2.4079
11.9296,11.9549,11.98,12.0049,12.0298,12.0546,12.0792,12.1038,12.1254,12.1173,12.1092,12.1012,12.0931,12.0851,12.077,12.0689,12.0609,12.0528,12.0477,12.0455,12.0435,12.0415,12.0397,12.038,12.0364,12.0349,12.0335,12.0322,11.917,11.7905,11.6641,11.5379,11.4117,11.2856,11.1595,11.0335,10.9076,10.7743,10.6252,10.4762,10.3272,10.1782,10.0292,9.8802,9.7313,9.5822,9.4332,9.2658,9.0916,8.9174,8.7432,8.5689,8.3946,8.2201,8.0457,7.8711,7.6831,7.4182,7.1531,6.8879,6.6226,6.3571,6.0915,5.8258,5.5599,5.2939,5.0808,4.9096,4.7383,4.567,4.3955,4.224,4.0524,3.8808,3.7091,3.5373,3.4346,3.3339,3.2332,3.1323,3.0314,2.9305,2.8295,2.7284,2.6273,2.5902,2.6561,2.7222,2.7885,2.855,2.9216,2.9884,3.0555,3.1228,3.1903,3.2636,3.3386,3.4139,3.4895,3.5654,3.6416,3.7182,3.7951,3.8724,3.9547,4.0552,4.1556,4.2562,4.3567,4.4573,4.5579,4.6586,4.7594,4.8602,4.9042,4.9124,4.9204,4.9282,4.9357,4.9431,4.9502,4.9571,4.9638,4.9686,4.9019,4.835,4.7678,4.7003,4.6326,4.5646,4.4964,4.4279,4.3591,4.2625,4.129,3.9953,3.8616,3.7277,3.5937,3.4596,3.3253,3.1909,3.0564,3.0229,3.0099,2.9975,2.9857,2.9744,2.9637,2.9536,2.9441,2.9352,2.9218,2.8925,2.8632,2.834,2.8047,2.7754,2.7462,2.7169,2.6877,2.6585,2.6207,2.5781,2.5356,2.493,2.4505,2.408,2.3655
11.9064,11.9349,11.9633,11.9915,12.0196,12.0476,12.0756,12.1034,12.1274,12.1192,12.111,12.1029,12.0947,12.0866,12.0784,12.0703,12.0621,12.054,12.046,12.0381,12.0304,12.0228,12.0153,12.008,12.0007,11.9935,11.9865,11.9795,11.8558,11.722,11.5882,11.4545,11.321,11.1874,11.054,10.9206,10.7873,10.6466,10.4906,10.3347,10.1787,10.0228,9.8669,9.711,9.5551,9.3992,9.2432,9.0678,8.8854,8.703,8.5205,8.3379,8.1553,7.9727,7.7899,7.6071,7.4112,7.1392,6.8671,6.5949,6.3226,6.0502,5.7776,5.5049,5.232,4.959,4.7443,4.5764,4.4084,4.2404,4.0722,3.904,3.7357,3.5674,3.399,3.2305,3.1296,3.0311,2.9326,2.834,2.7353,2.6366,2.5378,2.439,2.3401,2.3069,2.3841,2.4615,2.5391,2.6169,2.6948,2.773,2.8513,2.9299,3.0087,3.0939,3.181,3.2685,3.3562,3.4443,3.5327,3.6214,3.7105,3.7999,3.892,3.9941,4.0963,4.1985,4.3008,4.4031,4.5055,4.6079,4.7103,4.8128,4.8567,4.8604,4.8639,4.8672,4.8703,4.8732,4.8758,4.8782,4.8804,4.8824,4.8113,4.7398,4.6681,4.5962,4.524,4.4515,4.3788,4.3058,4.2326,4.1344,3.9995,3.8645,3.7293,3.594,3.4586,3.3231,3.1875,3.0517,2.9158,2.8862,2.8831,2.8805,2.8784,2.8769,2.876,2.8757,2.8759,2.8785,2.883,2.8632,2.8432,2.8229,2.8024,2.7816,2.7606,2.7393,2.7178,2.696,2.6657,2.6296,2.5932,2.5565,2.5194,2.482,2.4442
11.8834,11.9151,11.9467,11.9782,12.0096,12.0408,12.072,12.103,12.1293,12.1211,12.1128,12.1046,12.0963,12.0881,12.0799,12.0716,12.0634,12.0552,12.0441,12.0306,12.0172,12.004,11.9908,11.9778,11.9648,11.952,11.9393,11.9266,11.7946,11.6533,11.5122,11.3711,11.2301,11.0892,10.9484,10.8076,10.6669,10.5188,10.3559,10.193,10.0302,9.8674,9.7045,9.5417,9.3789,9.216,9.0532,8.8698,8.6791,8.4884,8.2977,8.1069,7.9161,7.7252,7.5342,7.3431,7.1392,6.8602,6.5812,6.302,6.0227,5.7433,5.4637,5.184,4.9042,4.6242,4.4078,4.2432,4.0785,3.9137,3.7489,3.584,3.419,3.254,3.0889,2.9237,2.8246,2.7283,2.632,2.5356,2.4392,2.3427,2.2462,2.1496,2.0529,2.0233,2.1119,2.2006,2.2895,2.3786,2.4678,2.5572,2.6469,2.7368,2.8269,2.9239,3.0232,3.1227,3.2226,3.3228,3.4233,3.5242,3.6254,3.727,3.8292,3.933,4.0369,4.1409,4.2448,4.3489,4.4529,4.557,4.6612,4.7718,4.8242,4.832,4.8396,4.8471,4.8544,4.8615,4.8685,4.8753,4.882,4.8884,4.8242,4.7581,4.692,4.6258,4.5595,4.4932,4.4267,4.3602,4.2936,4.205,4.08,3.955,3.8301,3.7052,3.5804,3.4556,3.3309,3.2062,3.0815,3.0598,3.0678,3.0757,3.0834,3.091,3.0984,3.1056,3.1127,3.1196,3.121,3.0965,3.0718,3.0468,3.0215,2.9961,2.9704,2.9444,2.9181,2.8916,2.8567,2.8151,2.7733,2.7311,2.6885,2.6456,2.6023
11.9678,11.9947,12.0218,12.049,12.0764,12.1039,12.1316,12.1594,12.1814,12.1653,12.1495,12.134,12.1187,12.1037,12.089,12.0744,12.0602,12.0461,12.0264,12.0018,11.9776,11.9536,11.93,11.9066,11.8835,11.8607,11.838,11.8157,11.68,11.5365,11.393,11.2494,11.1057,10.962,10.8182,10.6744,10.5305,10.3792,10.2136,10.0479,9.8821,9.7163,9.5505,9.3845,9.2185,9.0525,8.8864,8.6994,8.5052,8.3108,8.1165,7.922,7.7276,7.5331,7.3385,7.1439,6.9372,6.6591,6.3809,6.1028,5.8246,5.5465,5.2684,4.9904,4.7124,4.4345,4.224,4.0694,3.9149,3.7605,3.6063,3.4523,3.2985,3.1449,2.9915,2.8384,2.7526,2.6707,2.5891,2.5079,2.4271,2.3467,2.2667,2.1871,2.108,2.094,2.1991,2.3045,2.4102,2.5162,2.6226,2.7294,2.8364,2.9439,3.0517,3.1629,3.2753,3.3879,3.5006,3.6136,3.7268,3.8402,3.9539,4.0677,4.1809,4.2893,4.3977,4.5061,4.6145,4.7228,4.8311,4.9394,5.0476,5.1558,5.2047,5.206,5.2071,5.208,5.2088,5.2094,5.2099,5.2101,5.2102,5.2102,5.1438,5.074,5.0042,4.9343,4.8643,4.7943,4.7241,4.6539,4.5836,4.4938,4.3678,4.242,4.1161,3.9903,3.8646,3.7389,3.6132,3.4876,3.362,3.3331,3.3371,3.341,3.3448,3.3483,3.3517,3.355,3.3581,3.361,3.3593,3.3301,3.3006,3.2709,3.241,3.2108,3.1804,3.1497,3.1188,3.0876,3.048,3.001,2.9537,2.906,2.858,2.8096,2.7609
12.0635,12.087,12.1106,12.1344,12.1583,12.1824,12.2066,12.2309,12.248,12.2229,12.198,12.1735,12.1492,12.1251,12.1013,12.0778,12.0545,12.0314,11.9994,11.96,11.921,11.8823,11.844,11.8058,11.768,11.7304,11.693,11.6559,11.5191,11.3766,11.2339,11.0912,10.9484,10.8055,10.6626,10.5197,10.3766,10.2264,10.0626,9.8987,9.7347,9.5707,9.4066,9.2425,9.0783,8.914,8.7497,8.5652,8.3737,8.1821,7.9904,7.7987,7.607,7.4152,7.2234,7.0316,6.8288,6.5614,6.294,6.0266,5.7592,5.4918,5.2245,4.9572,4.6899,4.4227,4.2247,4.0847,3.9449,3.8052,3.6657,3.5264,3.3873,3.2483,3.1096,2.9712,2.9035,2.8404,2.7776,2.7152,2.6532,2.5916,2.5305,2.4697,2.4095,2.4091,2.5236,2.6384,2.7535,2.869,2.9847,3.1009,3.2174,3.3342,3.4514,3.5668,3.6816,3.7966,3.9118,4.0272,4.1428,4.2587,4.3747,4.491,4.6057,4.7096,4.8135,4.9174,5.0213,5.1251,5.2289,5.3326,5.4364,5.54,5.5855,5.5802,5.5748,5.5692,5.5635,5.5576,5.5515,5.5453,5.5388,5.5322,5.4635,5.3901,5.3166,5.243,5.1693,5.0956,5.0217,4.9478,4.8738,4.7826,4.6558,4.529,4.4022,4.2755,4.1488,4.0222,3.8956,3.769,3.6425,3.6067,3.6067,3.6066,3.6063,3.6059,3.6053,3.6046,3.6037,3.6026,3.5978,3.5639,3.5298,3.4954,3.4608,3.4259,3.3908,3.3554,3.3198,3.2839,3.2398,3.1873,3.1345,3.0814,3.0279,2.9741,2.9199
12.1591,12.1792,12.1994,12.2197,12.2402,12.2608,12.2815,12.3024,12.3143,12.2802,12.2463,12.2127,12.1794,12.1463,12.1135,12.0809,12.0486,12.0164,11.972,11.9179,11.8642,11.8108,11.7576,11.7048,11.6522,11.5998,11.5477,11.4959,11.3583,11.2166,11.0748,10.933,10.7911,10.6491,10.5071,10.365,10.2228,10.0736,9.9116,9.7495,9.5874,9.4251,9.2628,9.1005,8.9381,8.7756,8.6131,8.431,8.2422,8.0533,7.8644,7.6754,7.4864,7.2974,7.1083,6.9192,6.7204,6.4637,6.207,5.9503,5.6937,5.437,5.1804,4.9239,4.6674,4.4109,4.2252,4.0999,3.9748,3.8498,3.725,3.6003,3.4758,3.3516,3.2276,3.1038,3.0541,3.0098,2.9658,2.9223,2.8791,2.8363,2.7939,2.752,2.7105,2.7241,2.848,2.9721,3.0966,3.2215,3.3466,3.4722,3.598,3.7243,3.8509,3.9706,4.0878,4.2053,4.3229,4.4407,4.5588,4.677,4.7955,4.9142,5.0307,5.1301,5.2295,5.3289,5.4282,5.5275,5.6268,5.7261,5.8253,5.9244,5.9665,5.9547,5.9428,5.9307,5.9184,5.906,5.8934,5.8807,5.8677,5.8546,5.7835,5.7063,5.6291,5.5519,5.4745,5.397,5.3195,5.2419,5.1642,5.0715,4.9437,4.816,4.6883,4.5607,4.4331,4.3055,4.178,4.0505,3.923,3.8805,3.8765,3.8724,3.8682,3.8638,3.8592,3.8544,3.8495,3.8444,3.8367,3.7981,3.7593,3.7202,3.6809,3.6413,3.6015,3.5614,3.5211,3.4805,3.432,3.374,3.3158,3.2572,3.1982,3.1389,3.0793
12.2547,12.2712,12.288,12.3048,12.3219,12.339,12.3563,12.3737,12.3804,12.3372,12.2943,12.2517,12.2093,12.1672,12.1254,12.0838,12.0424,12.0013,11.9443,11.8755,11.807,11.7389,11.671,11.6034,11.5361,11.469,11.4022,11.3356,11.1976,11.0567,10.9158,10.7748,10.6338,10.4927,10.3515,10.2103,10.069,9.9209,9.7607,9.6004,9.44,9.2795,9.119,8.9585,8.7978,8.6372,8.4764,8.2967,8.1107,7.9245,7.7384,7.5521,7.3659,7.1795,6.9932,6.8068,6.6119,6.366,6.12,5.8741,5.6281,5.3822,5.1363,4.8905,4.6447,4.399,4.2256,4.115,4.0045,3.8942,3.784,3.674,3.5642,3.4547,3.3453,3.2362,3.2044,3.1789,3.1538,3.129,3.1046,3.0806,3.057,3.0339,3.0112,3.0388,3.1721,3.3057,3.4395,3.5738,3.7083,3.8432,3.9785,4.1141,4.2501,4.3744,4.494,4.6138,4.7339,4.8541,4.9746,5.0953,5.2162,5.3373,5.4559,5.5507,5.6456,5.7405,5.8353,5.9301,6.0249,6.1197,6.2144,6.309,6.3478,6.3295,6.311,6.2924,6.2737,6.2547,6.2356,6.2164,6.1969,6.1773,6.1036,6.0228,5.9419,5.8609,5.7798,5.6987,5.6175,5.5362,5.4548,5.3605,5.2318,5.1031,4.9745,4.8459,4.7174,4.5889,4.4605,4.332,4.2037,4.1545,4.1466,4.1385,4.1302,4.1218,4.1133,4.1045,4.0956,4.0866,4.0759,4.0326,3.9891,3.9453,3.9013,3.8571,3.8125,3.7678,3.7228,3.6775,3.6245,3.5611,3.4974,3.4334,3.369,3.3042,3.2391
12.3501,12.3632,12.3765,12.3899,12.4035,12.4172,12.431,12.445,12.4462,12.394,12.3421,12.2904,12.2391,12.1879,12.1371,12.0864,12.0361,11.9859,11.9162,11.8327,11.7495,11.6666,11.5841,11.5017,11.4197,11.3379,11.2564,11.175,11.0368,10.8968,10.7568,10.6167,10.4765,10.3363,10.1959,10.0556,9.9152,9.7682,9.6097,9.4512,9.2926,9.134,8.9753,8.8165,8.6576,8.4987,8.3398,8.1625,7.9792,7.7958,7.6123,7.4288,7.2453,7.0617,6.8781,6.6944,6.5034,6.2682,6.033,5.7978,5.5625,5.3274,5.0922,4.8571,4.622,4.3871,4.226,4.13,4.0341,3.9385,3.843,3.7476,3.6525,3.5575,3.4628,3.3683,3.3545,3.3477,3.3414,3.3354,3.3297,3.3245,3.3197,3.3154,3.3115,3.3534,3.496,3.639,3.7822,3.9258,4.0698,4.214,4.3587,4.5037,4.649,4.7781,4.9001,5.0224,5.1448,5.2675,5.3904,5.5135,5.6368,5.7603,5.8811,5.9715,6.0619,6.1523,6.2426,6.3329,6.4232,6.5134,6.6036,6.6938,6.7294,6.7046,6.6796,6.6545,6.6292,6.6037,6.5781,6.5523,6.5264,6.5002,6.4239,6.3394,6.2548,6.1701,6.0854,6.0005,5.9156,5.8306,5.7455,5.6495,5.5198,5.3903,5.2607,5.1312,5.0018,4.8724,4.743,4.6136,4.4843,4.4288,4.4169,4.4048,4.3926,4.3802,4.3676,4.3549,4.342,4.3289,4.3154,4.2674,4.2192,4.1708,4.1221,4.0731,4.0239,3.9745,3.9247,3.8748,3.8174,3.7486,3.6794,3.6099,3.5401,3.4699,3.3993
12.4453,12.455,12.4648,12.4748,12.4849,12.4952,12.5056,12.5161,12.5117,12.4505,12.3896,12.3289,12.2685,12.2084,12.1485,12.0889,12.0295,11.9703,11.8878,11.7896,11.6917,11.5941,11.4968,11.3998,11.303,11.2065,11.1103,11.0142,10.876,10.7369,10.5978,10.4585,10.3192,10.1798,10.0404,9.9009,9.7614,9.6155,9.4588,9.3021,9.1453,8.9884,8.8315,8.6745,8.5174,8.3603,8.2032,8.0283,7.8477,7.667,7.4863,7.3055,7.1247,6.9439,6.763,6.582,6.3949,6.1704,5.9459,5.7214,5.4969,5.2724,5.048,4.8236,4.5993,4.375,4.2261,4.1448,4.0636,3.9826,3.9017,3.821,3.7405,3.6602,3.5801,3.5003,3.5042,3.5163,3.5287,3.5414,3.5546,3.5681,3.5821,3.5965,3.6114,3.6677,3.8198,3.9721,4.1247,4.2777,4.431,4.5846,4.7386,4.893,5.0477,5.1817,5.3061,5.4308,5.5557,5.6808,5.8061,5.9316,6.0573,6.1833,6.3066,6.3925,6.4783,6.5642,6.65,6.7358,6.8216,6.9074,6.9931,7.0787,7.1112,7.0799,7.0484,7.0167,6.985,6.953,6.9209,6.8886,6.8562,6.8235,6.7444,6.6562,6.5679,6.4795,6.3911,6.3026,6.214,6.1253,6.0365,5.9385,5.808,5.6775,5.547,5.4166,5.2862,5.1559,5.0256,4.8953,4.7651,4.7033,4.6874,4.6713,4.6551,4.6387,4.6222,4.6055,4.5886,4.5716,4.5544,4.5025,4.4496,4.3965,4.3431,4.2895,4.2356,4.1815,4.1271,4.0724,4.0108,3.9365,3.8619,3.7869,3.7116,3.636,3.56
12.5405,12.5467,12.5531,12.5596,12.5663,12.5731,12.5801,12.5872,12.577,12.5067,12.4368,12.3671,12.2977,12.2286,12.1597,12.0911,12.0226,11.9544,11.859,11.7461,11.6335,11.5212,11.4092,11.2975,11.1861,11.0749,10.9639,10.8532,10.7153,10.5771,10.4388,10.3004,10.1619,10.0234,9.8849,9.7463,9.6076,9.4628,9.3079,9.153,8.998,8.8429,8.6877,8.5325,8.3772,8.2219,8.0665,7.8942,7.7163,7.5383,7.3603,7.1823,7.0042,6.826,6.6478,6.4696,6.2864,6.0726,5.8588,5.645,5.4312,5.2175,5.0037,4.7901,4.5764,4.3629,4.2262,4.1595,4.0929,4.0265,3.9603,3.8942,3.8284,3.7627,3.6973,3.6321,3.6537,3.6845,3.7157,3.7472,3.7791,3.8114,3.8442,3.8773,3.911,3.9819,4.1433,4.305,4.467,4.6293,4.792,4.955,5.1183,5.2821,5.4462,5.5852,5.7121,5.8392,5.9665,6.094,6.2217,6.3497,6.4778,6.6062,6.7322,6.8136,6.8949,6.9763,7.0576,7.139,7.2202,7.3015,7.3827,7.4638,7.4933,7.4554,7.4174,7.3793,7.341,7.3026,7.264,7.2252,7.1862,7.1471,7.065,6.9731,6.8811,6.7891,6.697,6.6048,6.5125,6.4201,6.3277,6.2276,6.0961,5.9647,5.8333,5.702,5.5707,5.4394,5.3082,5.177,5.0459,4.978,4.9582,4.9381,4.9179,4.8976,4.877,4.8564,4.8355,4.8145,4.7933,4.738,4.6804,4.6226,4.5645,4.5062,4.4476,4.3888,4.3297,4.2704,4.2045,4.1248,4.0447,3.9643,3.8836,3.8025,3.721
12.6355,12.6383,12.6412,12.6443,12.6476,12.6509,12.6545,12.6581,12.642,12.5627,12.4838,12.4051,12.3267,12.2486,12.1707,12.093,12.0156,11.9384,11.8299,11.7023,11.575,11.4481,11.3214,11.195,11.0688,10.9429,10.8173,10.6919,10.5546,10.4172,10.2798,10.1423,10.0047,9.8671,9.7294,9.5916,9.4538,9.3102,9.1571,9.0039,8.8507,8.6973,8.544,8.3906,8.2371,8.0835,7.9299,7.76,7.5848,7.4096,7.2343,7.059,6.8836,6.7082,6.5327,6.3572,6.1779,5.9748,5.7717,5.5686,5.3655,5.1624,4.9594,4.7564,4.5535,4.3507,4.2261,4.1741,4.1221,4.0704,4.0187,3.9673,3.9161,3.865,3.8142,3.7636,3.8029,3.8525,3.9024,3.9526,4.0033,4.0544,4.1058,4.1578,4.2101,4.2959,4.4666,4.6376,4.809,4.9807,5.1527,5.3251,5.4978,5.6709,5.8444,5.9887,6.118,6.2475,6.3772,6.5071,6.6373,6.7676,6.8982,7.029,7.1579,7.2348,7.3117,7.3886,7.4654,7.5422,7.619,7.6958,7.7725,7.8491,7.8756,7.8313,7.7868,7.7422,7.6974,7.6524,7.6073,7.5621,7.5166,7.471,7.3858,7.2902,7.1946,7.0989,7.0031,6.9072,6.8112,6.7152,6.619,6.5168,6.3844,6.252,6.1197,5.9874,5.8552,5.723,5.5909,5.4588,5.3267,5.253,5.2292,5.2051,5.181,5.1566,5.1321,5.1075,5.0827,5.0577,5.0325,4.9737,4.9114,4.8489,4.7862,4.7232,4.66,4.5965,4.5327,4.4687,4.3986,4.3135,4.228,4.1421,4.0559,3.9694,3.8825
12.7304,12.7298,12.7293,12.7289,12.7287,12.7287,12.7287,12.7289,12.7067,12.6184,12.5305,12.4428,12.3554,12.2683,12.1814,12.0948,12.0083,11.9221,11.8005,11.6582,11.5162,11.3746,11.2332,11.0921,10.9513,10.8107,10.6704,10.5303,10.3939,10.2574,10.1208,9.9842,9.8475,9.7107,9.5739,9.437,9.3,9.1575,9.0062,8.8548,8.7034,8.5518,8.4003,8.2486,8.0969,7.9451,7.7933,7.6258,7.4534,7.2809,7.1083,6.9357,6.763,6.5903,6.4176,6.2448,6.0693,5.8769,5.6845,5.4921,5.2997,5.1074,4.915,4.7227,4.5305,4.3384,4.226,4.1885,4.1512,4.114,4.077,4.0402,4.0036,3.9671,3.9309,3.895,3.9518,4.0201,4.0888,4.1578,4.2271,4.2969,4.3672,4.4378,4.5089,4.6096,4.7897,4.9701,5.1508,5.3319,5.5133,5.695,5.8771,6.0595,6.2423,6.3921,6.5238,6.6558,6.7879,6.9202,7.0528,7.1855,7.3185,7.4517,7.5838,7.6562,7.7286,7.801,7.8733,7.9457,8.018,8.0902,8.1624,8.2346,8.2582,8.2074,8.1564,8.1053,8.054,8.0026,7.951,7.8992,7.8473,7.7951,7.7068,7.6075,7.5082,7.4088,7.3093,7.2098,7.1101,7.0104,6.9106,6.806,6.6726,6.5394,6.4061,6.2729,6.1398,6.0067,5.8736,5.7406,5.6076,5.5283,5.5004,5.4724,5.4443,5.4159,5.3875,5.3588,5.33,5.3011,5.2719,5.2098,5.1428,5.0756,5.0082,4.9405,4.8726,4.8044,4.736,4.6673,4.5931,4.5025,4.4116,4.3203,4.2287,4.1367,4.0444
12.8252,12.8211,12.8172,12.8134,12.8097,12.8062,12.8029,12.7997,12.7711,12.6739,12.577,12.4803,12.3839,12.2878,12.1919,12.0963,12.0008,11.9057,11.7707,11.6137,11.4571,11.3008,11.1447,10.989,10.8335,10.6782,10.5232,10.3687,10.2332,10.0975,9.9618,9.8261,9.6902,9.5543,9.4184,9.2823,9.1463,9.0049,8.8554,8.7058,8.5561,8.4063,8.2565,8.1067,7.9567,7.8068,7.6567,7.4917,7.3219,7.1522,6.9823,6.8124,6.6425,6.4725,6.3025,6.1324,5.9608,5.779,5.5973,5.4156,5.2339,5.0522,4.8706,4.689,4.5074,4.326,4.2257,4.2028,4.1801,4.1575,4.1351,4.1129,4.0909,4.0691,4.0475,4.0261,4.1005,4.1875,4.2748,4.3626,4.4507,4.5392,4.6281,4.7175,4.8073,4.9232,5.1127,5.3024,5.4925,5.6828,5.8736,6.0646,6.2561,6.4478,6.64,6.7955,6.9296,7.0639,7.1985,7.3332,7.4682,7.6033,7.7387,7.8743,8.0098,8.0778,8.1457,8.2136,8.2814,8.3493,8.4171,8.4848,8.5526,8.6203,8.6411,8.5837,8.5263,8.4687,8.4109,8.353,8.2949,8.2366,8.1782,8.1196,8.028,7.925,7.822,7.7189,7.6158,7.5125,7.4092,7.3058,7.2023,7.0952,6.961,6.8268,6.6926,6.5585,6.4244,6.2904,6.1564,6.0225,5.8885,5.8037,5.7719,5.7399,5.7078,5.6755,5.6431,5.6105,5.5777,5.5447,5.5116,5.4461,5.3745,5.3026,5.2305,5.1582,5.0856,5.0128,4.9396,4.8663,4.788,4.692,4.5956,4.4989,4.4019,4.3045,4.2067
12.9198,12.9123,12.905,12.8977,12.8907,12.8837,12.8769,12.8703,12.8353,12.7291,12.6231,12.5175,12.4121,12.307,12.2022,12.0975,11.9931,11.889,11.7405,11.5689,11.3976,11.2266,11.0559,10.8855,10.7154,10.5455,10.3758,10.2072,10.0725,9.9377,9.8029,9.668,9.533,9.398,9.2629,9.1277,8.9925,8.8523,8.7046,8.5567,8.4088,8.2609,8.1128,7.9647,7.8166,7.6684,7.5201,7.3575,7.1905,7.0234,6.8563,6.6892,6.5219,6.3547,6.1874,6.02,5.8522,5.6811,5.5101,5.3391,5.168,4.9971,4.8261,4.6552,4.4843,4.3135,4.2252,4.217,4.2089,4.2009,4.1931,4.1855,4.178,4.1708,4.1638,4.157,4.2488,4.3546,4.4606,4.5671,4.6739,4.7811,4.8887,4.9968,5.1053,5.2366,5.4354,5.6345,5.8339,6.0336,6.2336,6.4341,6.6348,6.8359,7.0374,7.1988,7.3353,7.472,7.609,7.7461,7.8835,8.0211,8.1589,8.2969,8.4351,8.4995,8.5629,8.6263,8.6897,8.753,8.8163,8.8796,8.9429,9.0061,9.0242,8.9604,8.8964,8.8323,8.7681,8.7037,8.6391,8.5744,8.5095,8.4444,8.3493,8.2427,8.136,8.0292,7.9224,7.8155,7.7085,7.6014,7.4942,7.3845,7.2493,7.1142,6.9791,6.8441,6.7091,6.5742,6.4392,6.3044,6.1695,6.0794,6.0436,6.0077,5.9716,5.9353,5.8989,5.8623,5.8256,5.7887,5.7516,5.6828,5.6065,5.53,5.4532,5.3762,5.2989,5.2214,5.1436,5.0656,4.9833,4.8819,4.7801,4.6779,4.5754,4.4726,4.3694
13.0144,13.0034,12.9926,12.982,12.9715,12.9611,12.9509,12.9408,12.8991,12.784,12.6691,12.5545,12.4401,12.326,12.2122,12.0986,11.9852,11.872,11.71,11.5238,11.3378,11.1522,10.9669,10.7818,10.597,10.4124,10.2281,10.0457,9.9118,9.7779,9.6439,9.5099,9.3758,9.2416,9.1074,8.9731,8.8388,8.6997,8.5538,8.4077,8.2616,8.1154,7.9691,7.8228,7.6765,7.53,7.3836,7.2234,7.0591,6.8948,6.7303,6.5659,6.4014,6.2368,6.0723,5.9076,5.7436,5.5832,5.4228,5.2625,5.1021,4.9418,4.7815,4.6213,4.4611,4.301,4.2247,4.231,4.2375,4.2441,4.2509,4.2579,4.265,4.2724,4.2799,4.2878,4.3969,4.5213,4.6461,4.7712,4.8968,5.0227,5.149,5.2758,5.403,5.5498,5.7579,5.9663,6.175,6.3841,6.5935,6.8032,7.0133,7.2238,7.4346,7.602,7.7409,7.8801,8.0194,8.159,8.2988,8.4387,8.5789,8.7193,8.86,8.9213,8.9803,9.0392,9.0981,9.157,9.2158,9.2746,9.3334,9.3921,9.4076,9.3373,9.2668,9.1963,9.1256,9.0547,8.9836,8.9124,8.841,8.7694,8.6708,8.5605,8.4501,8.3397,8.2292,8.1186,8.0079,7.8972,7.7863,7.6739,7.5378,7.4017,7.2657,7.1298,6.9938,6.858,6.7221,6.5864,6.4506,6.3553,6.3156,6.2757,6.2356,6.1954,6.155,6.1144,6.0737,6.0328,5.9918,5.9197,5.8388,5.7576,5.6762,5.5945,5.5125,5.4304,5.3479,5.2652,5.179,5.0721,4.9649,4.8573,4.7494,4.6411,4.5325
13.1088,13.0944,13.0802,13.0661,13.0522,13.0384,13.0247,13.0112,12.9628,12.8386,12.7148,12.5912,12.4679,12.3448,12.222,12.0994,11.977,11.8549,11.6792,11.4783,11.2777,11.0774,10.8775,10.6777,10.4783,10.2791,10.0801,9.8841,9.7512,9.6181,9.485,9.3519,9.2186,9.0853,8.952,8.8185,8.685,8.5472,8.403,8.2587,8.1144,7.9699,7.8255,7.6809,7.5363,7.3917,7.247,7.0893,6.9277,6.7661,6.6044,6.4426,6.2808,6.119,5.9571,5.7952,5.6349,5.4853,5.3356,5.1859,5.0362,4.8865,4.7369,4.5873,4.4378,4.2883,4.224,4.2449,4.266,4.2872,4.3085,4.3301,4.3518,4.3737,4.3959,4.4183,4.5447,4.6878,4.8313,4.9751,5.1193,5.2639,5.4089,5.5544,5.7003,5.8628,6.0802,6.298,6.516,6.7344,6.9531,7.1722,7.3916,7.6114,7.8316,8.0051,8.1465,8.288,8.4298,8.5718,8.7139,8.8563,8.9989,9.1417,9.2848,9.3433,9.3978,9.4522,9.5067,9.561,9.6154,9.6697,9.724,9.7783,9.7912,9.7144,9.6375,9.5605,9.4833,9.4059,9.3284,9.2507,9.1728,9.0948,8.9925,8.8785,8.7645,8.6504,8.5362,8.4219,8.3076,8.1932,8.0786,7.9632,7.8262,7.6893,7.5523,7.4155,7.2786,7.1418,7.0051,6.8684,6.7317,6.6315,6.5878,6.5439,6.4999,6.4557,6.411,6.3651,6.3194,6.2736,6.2279,6.1525,6.0672,5.982,5.897,5.8121,5.7273,5.6428,5.5583,5.4741,5.3877,5.2815,5.1757,5.0703,4.9653,4.8608,4.7567
13.2026,13.1853,13.1676,13.1501,13.1327,13.1155,13.0984,13.0815,13.0261,12.893,12.7602,12.6276,12.4953,12.3633,12.2315,12.1,11.9687,11.8376,11.648,11.4325,11.2173,11.0024,10.7878,10.5734,10.3593,10.1455,9.9319,9.7226,9.5905,9.4584,9.3261,9.1938,9.0614,8.929,8.7965,8.6639,8.5313,8.3947,8.2522,8.1097,7.9671,7.8245,7.6818,7.5391,7.3962,7.2534,7.1104,6.9552,6.7963,6.6374,6.4784,6.3194,6.1603,6.0012,5.842,5.6828,5.5263,5.3873,5.2482,5.1092,4.9702,4.8312,4.6922,4.5533,4.4144,4.2756,4.2232,4.2587,4.2943,4.3301,4.366,4.4021,4.4384,4.4749,4.5116,4.5486,4.6923,4.8541,5.0162,5.1786,5.3415,5.5048,5.6685,5.8326,5.9972,6.1756,6.4023,6.6294,6.8568,7.0845,7.3125,7.5409,7.7697,7.9988,8.2283,8.4082,8.552,8.6959,8.8401,8.9845,9.1291,9.2738,9.4188,9.5641,9.7095,9.7655,9.8155,9.8649,9.9125,9.9599,10.0073,10.0544,10.1015,10.1483,10.156,10.0706,9.9852,9.8998,9.8144,9.729,9.6435,9.558,9.4725,9.3869,9.2797,9.161,9.0423,8.9237,8.8052,8.6867,8.5682,8.4498,8.3315,8.213,8.0735,7.934,7.7946,7.6552,7.5158,7.3765,7.2373,7.098,6.9588,6.8532,6.8068,6.7603,6.7139,6.6676,6.6212,6.575,6.5287,6.4825,6.4364,6.363,6.2789,6.1949,6.1111,6.0274,5.9439,5.8605,5.7773,5.6942,5.6101,5.5085,5.4073,5.3065,5.2061,5.1062,5.0067
13.2044,13.176,13.1481,13.1206,13.0934,13.0667,13.0403,13.0143,12.9507,12.8154,12.6802,12.5451,12.41,12.275,12.1401,12.0053,11.8705,11.7357,11.5388,11.3156,11.0925,10.8695,10.6466,10.4238,10.2011,9.9785,9.7559,9.5386,9.4048,9.2709,9.137,9.0031,8.8692,8.7353,8.6014,8.4674,8.3334,8.196,8.0538,7.9115,7.7692,7.6268,7.4844,7.3419,7.1993,7.0566,6.9139,6.7585,6.5994,6.4403,6.281,6.1217,5.9623,5.8028,5.6432,5.4836,5.3282,5.2011,5.0739,4.9467,4.8195,4.6923,4.565,4.4378,4.3106,4.1834,4.1416,4.1878,4.2342,4.2805,4.3269,4.3734,4.4199,4.4666,4.5133,4.5601,4.7248,4.9108,5.0972,5.2841,5.4716,5.6595,5.8481,6.0373,6.2271,6.4265,6.6606,6.8949,7.1294,7.3642,7.5993,7.8347,8.0703,8.3063,8.5425,8.7261,8.869,9.012,9.1551,9.2983,9.4416,9.5851,9.7286,9.8722,10.016,10.0658,10.1074,10.1489,10.1903,10.2315,10.2726,10.3136,10.3544,10.395,10.4002,10.3126,10.225,10.1373,10.0497,9.962,9.8743,9.7866,9.6989,9.6111,9.5036,9.3844,9.2654,9.1463,9.0274,8.9084,8.7896,8.6708,8.552,8.4333,8.2936,8.1536,8.0136,7.8737,7.7338,7.5939,7.4541,7.3144,7.1746,7.0658,7.0189,6.972,6.9251,6.8783,6.8315,6.7848,6.7381,6.6915,6.6449,6.5734,6.4905,6.4077,6.3251,6.2426,6.1603,6.0782,5.9961,5.9143,5.8321,5.7351,5.6385,5.5423,5.4466,5.3512,5.2563
13.2057,13.1651,13.1249,13.0851,13.0457,13.0067,12.9681,12.9298,12.8553,12.7162,12.5772,12.4382,12.2994,12.1606,12.0218,11.8832,11.7445,11.606,11.4021,11.1722,10.9424,10.7126,10.483,10.2535,10.024,9.7946,9.5653,9.3423,9.2048,9.0672,8.9296,8.792,8.6544,8.5168,8.3791,8.2415,8.1038,7.9635,7.8196,7.6757,7.5317,7.3877,7.2436,7.0994,6.9551,6.8108,6.6664,6.5082,6.3459,6.1836,6.0212,5.8587,5.6961,5.5335,5.3707,5.2079,5.0515,4.9378,4.824,4.7101,4.5963,4.4824,4.3685,4.2546,4.1407,4.0269,3.9956,4.0509,4.1061,4.1615,4.2169,4.2723,4.3278,4.3834,4.4391,4.4949,4.6852,4.9009,5.1172,5.3339,5.5511,5.7689,5.9872,6.2062,6.4258,6.6502,6.8921,7.1341,7.3765,7.6191,7.8619,8.1051,8.3485,8.5922,8.8362,9.0247,9.1678,9.3111,9.4544,9.5978,9.7413,9.885,10.0287,10.1726,10.3166,10.3625,10.3979,10.4332,10.4683,10.5033,10.5382,10.5729,10.6075,10.6419,10.6445,10.5547,10.4648,10.375,10.2851,10.1952,10.1053,10.0153,9.9254,9.8354,9.7275,9.6079,9.4884,9.369,9.2496,9.1302,9.0109,8.8917,8.7725,8.6534,8.5137,8.3732,8.2327,8.0922,7.9518,7.8114,7.671,7.5307,7.3904,7.2784,7.231,7.1836,7.1363,7.0891,7.0419,6.9947,6.9476,6.9005,6.8534,6.7838,6.7021,6.6205,6.5391,6.4578,6.3767,6.2957,6.2149,6.1343,6.0538,5.9614,5.8694,5.7778,5.6867,5.5959,5.5056
13.2067,13.1538,13.1013,13.0492,12.9976,12.9463,12.8954,12.8449,12.7597,12.6168,12.474,12.3313,12.1886,12.046,11.9034,11.761,11.6185,11.4762,11.2653,11.0286,10.7921,10.5556,10.3193,10.083,9.8468,9.6107,9.3746,9.146,9.0047,8.8634,8.7221,8.5808,8.4395,8.2982,8.1569,8.0155,7.8741,7.7309,7.5854,7.4399,7.2942,7.1485,7.0027,6.8569,6.711,6.565,6.419,6.2579,6.0924,5.9269,5.7613,5.5957,5.4299,5.2641,5.0982,4.9322,4.7748,4.6744,4.574,4.4735,4.3729,4.2724,4.1718,4.0713,3.9708,3.8703,3.8496,3.9138,3.978,4.0423,4.1067,4.1711,4.2356,4.3002,4.3648,4.4296,4.6451,4.8906,5.1366,5.3831,5.6301,5.8777,6.1258,6.3745,6.6239,6.8738,7.1234,7.3733,7.6234,7.8737,8.1244,8.3753,8.6265,8.878,9.1298,9.3233,9.4667,9.6101,9.7537,9.8973,10.041,10.1849,10.3289,10.4729,10.6171,10.6594,10.6886,10.7176,10.7466,10.7754,10.804,10.8325,10.8609,10.8891,10.8889,10.7968,10.7047,10.6127,10.5206,10.4284,10.3363,10.2442,10.152,10.0598,9.9513,9.8314,9.7115,9.5916,9.4718,9.352,9.2323,9.1127,8.993,8.8735,8.7339,8.5928,8.4517,8.3107,8.1698,8.0288,7.888,7.7471,7.6063,7.491,7.4431,7.3953,7.3476,7.2999,7.2522,7.2046,7.157,7.1095,7.062,6.9941,6.9135,6.8332,6.7529,6.6729,6.593,6.5132,6.4336,6.3541,6.2748,6.1874,6.1,6.013,5.9264,5.8403,5.7545
13.2072,13.142,13.0773,13.013,12.9491,12.8855,12.8224,12.7596,12.6641,12.5174,12.3707,12.2242,12.0777,11.9313,11.785,11.6387,11.4924,11.3463,11.1283,10.8849,10.6416,10.3984,10.1554,9.9124,9.6695,9.4266,9.1838,8.9495,8.8046,8.6596,8.5146,8.3696,8.2246,8.0796,7.9346,7.7895,7.6444,7.4984,7.3512,7.204,7.0567,6.9093,6.7619,6.6144,6.4668,6.3192,6.1715,6.0075,5.8389,5.6702,5.5015,5.3327,5.1638,4.9948,4.8257,4.6565,4.4981,4.411,4.3239,4.2367,4.1496,4.0623,3.9751,3.8879,3.8008,3.7136,3.7034,3.7766,3.8498,3.9231,3.9964,4.0698,4.1432,4.2168,4.2904,4.3641,4.6045,4.8798,5.1556,5.4318,5.7086,5.9859,6.2638,6.5423,6.8214,7.0972,7.3546,7.6122,7.8701,8.1282,8.3866,8.6453,8.9043,9.1636,9.4231,9.622,9.7655,9.9092,10.0529,10.1968,10.3408,10.4848,10.629,10.7733,10.9177,10.9565,10.9795,11.0023,11.025,11.0476,11.0701,11.0924,11.1145,11.1365,11.1333,11.039,10.9447,10.8504,10.7561,10.6618,10.5675,10.4731,10.3787,10.2843,10.1753,10.0549,9.9345,9.8142,9.694,9.5738,9.4537,9.3336,9.2136,9.0936,8.9541,8.8124,8.6708,8.5293,8.3878,8.2463,8.1049,7.9635,7.8222,7.7036,7.6553,7.6071,7.5589,7.5107,7.4626,7.4145,7.3665,7.3185,7.2706,7.2042,7.1249,7.0458,6.9667,6.8879,6.8092,6.7306,6.6522,6.5739,6.4959,6.4131,6.3302,6.2478,6.1658,6.0843,6.0031
13.2073,13.1299,13.0529,12.9763,12.9001,12.8243,12.7489,12.6739,12.5683,12.4178,12.2674,12.117,11.9667,11.8165,11.6664,11.5163,11.3663,11.2163,10.9911,10.741,10.491,10.2411,9.9913,9.7416,9.492,9.2424,8.9929,8.753,8.6044,8.4557,8.307,8.1583,8.0096,7.8609,7.7122,7.5634,7.4146,7.2658,7.117,6.9681,6.8191,6.6701,6.521,6.3719,6.2227,6.0734,5.924,5.7571,5.5854,5.4135,5.2416,5.0696,4.8976,4.7254,4.5532,4.3809,4.2213,4.1476,4.0738,4,3.9261,3.8522,3.7784,3.7045,3.6306,3.5568,3.5573,3.6394,3.7216,3.8038,3.8861,3.9684,4.0508,4.1333,4.2158,4.2985,4.5635,4.8686,5.1741,5.48,5.7865,6.0936,6.4012,6.7094,7.0183,7.3204,7.5856,7.851,8.1166,8.3825,8.6487,8.9152,9.1819,9.4489,9.7162,9.9206,10.0643,10.2082,10.3522,10.4963,10.6404,10.7847,10.9291,11.0736,11.2182,11.2538,11.2706,11.2872,11.3037,11.3201,11.3363,11.3524,11.3684,11.3842,11.3778,11.2814,11.1849,11.0883,10.9918,10.8953,10.7987,10.7021,10.6055,10.5089,10.3992,10.2784,10.1576,10.0369,9.9163,9.7957,9.6751,9.5546,9.4342,9.3138,9.1743,9.0321,8.89,8.7479,8.6059,8.4639,8.3219,8.18,8.0381,7.9163,7.8675,7.8188,7.7702,7.7216,7.673,7.6245,7.576,7.5276,7.4792,7.4144,7.3362,7.2583,7.1805,7.1028,7.0253,6.9479,6.8707,6.7937,6.7168,6.6384,6.5601,6.4823,6.4049,6.3279,6.2514
13.2069,13.1173,13.028,12.9392,12.8508,12.7628,12.6751,12.5878,12.4724,12.3181,12.1639,12.0097,11.8556,11.7016,11.5477,11.3938,11.24,11.0862,10.8538,10.597,10.3403,10.0837,9.8272,9.5707,9.3144,9.0581,8.8019,8.5565,8.4041,8.2517,8.0994,7.947,7.7946,7.6422,7.4898,7.3373,7.1848,7.0332,6.8827,6.7322,6.5816,6.4309,6.2802,6.1294,5.9785,5.8276,5.6765,5.5067,5.3318,5.1568,4.9818,4.8066,4.6314,4.4561,4.2807,4.1052,3.9446,3.8842,3.8237,3.7632,3.7026,3.6421,3.5815,3.5209,3.4604,3.3999,3.411,3.5021,3.5932,3.6844,3.7756,3.8669,3.9582,4.0497,4.1412,4.2328,4.5221,4.8568,5.1921,5.5278,5.864,6.2008,6.5381,6.876,7.2146,7.5435,7.8164,8.0896,8.363,8.6366,8.9106,9.1848,9.4593,9.7341,10.0092,10.2192,10.3632,10.5072,10.6514,10.7957,10.9401,11.0846,11.2293,11.374,11.5188,11.5513,11.5619,11.5723,11.5826,11.5928,11.6028,11.6127,11.6225,11.6321,11.6225,11.5238,11.425,11.3263,11.2276,11.1288,11.03,10.9312,10.8324,10.7335,10.6232,10.5019,10.3807,10.2596,10.1386,10.0175,9.8966,9.7756,9.6548,9.534,9.3945,9.2518,9.1091,8.9665,8.8239,8.6814,8.5389,8.3965,8.254,8.1289,8.0798,8.0306,7.9815,7.9325,7.8835,7.8345,7.7856,7.7367,7.6878,7.6244,7.5475,7.4707,7.3941,7.3176,7.2413,7.1651,7.0891,7.0133,6.9376,6.8633,6.7897,6.7165,6.6436,6.5712,6.4992
13.2061,13.1042,13.0028,12.9017,12.8011,12.7008,12.6009,12.5014,12.3764,12.2183,12.0603,11.9023,11.7445,11.5866,11.4289,11.2712,11.1136,10.956,10.7163,10.4528,10.1894,9.9261,9.6628,9.3997,9.1366,8.8736,8.6107,8.3598,8.2038,8.0477,7.8917,7.7356,7.5795,7.4234,7.2673,7.1112,6.955,6.8006,6.6485,6.4963,6.344,6.1917,6.0393,5.8868,5.7343,5.5817,5.4291,5.2563,5.0783,4.9001,4.7219,4.5436,4.3652,4.1867,4.0082,3.8295,3.6678,3.6207,3.5735,3.5263,3.4791,3.4318,3.3846,3.3373,3.2901,3.2429,3.2647,3.3647,3.4648,3.5649,3.665,3.7653,3.8656,3.9659,4.0664,4.167,4.4802,4.8447,5.2096,5.575,5.9409,6.3074,6.6744,7.0421,7.4103,7.7664,8.0471,8.328,8.6091,8.8906,9.1723,9.4542,9.7365,10.019,10.3019,10.5178,10.662,10.8063,10.9507,11.0952,11.2398,11.3845,11.5294,11.6743,11.8193,11.8491,11.8534,11.8577,11.8618,11.8657,11.8696,11.8733,11.8768,11.8802,11.8672,11.7663,11.6653,11.5644,11.4634,11.3625,11.2615,11.1604,11.0594,10.9583,10.8471,10.7255,10.6039,10.4823,10.3608,10.2394,10.118,9.9967,9.8754,9.7542,9.6148,9.4715,9.3283,9.1852,9.0421,8.899,8.756,8.613,8.47,8.3416,8.292,8.2424,8.1929,8.1434,8.0939,8.0445,7.9951,7.9458,7.8965,7.8343,7.7586,7.683,7.6076,7.5324,7.4572,7.3823,7.3075,7.2328,7.1583,7.088,7.0189,6.9503,6.882,6.8142,6.7468
13.2049,13.0908,12.9771,12.8638,12.751,12.6385,12.5264,12.4146,12.2803,12.1184,11.9566,11.7948,11.6332,11.4716,11.31,11.1485,10.9871,10.8257,10.5787,10.3085,10.0384,9.7683,9.4984,9.2285,8.9588,8.6891,8.4194,8.1631,8.0034,7.8437,7.6839,7.5242,7.3644,7.2046,7.0448,6.885,6.7251,6.568,6.4142,6.2604,6.1064,5.9525,5.7984,5.6443,5.4901,5.3359,5.1815,5.0059,4.8247,4.6434,4.462,4.2805,4.099,3.9174,3.7357,3.5538,3.391,3.3572,3.3233,3.2894,3.2555,3.2215,3.1876,3.1536,3.1197,3.0858,3.1183,3.2272,3.3362,3.4453,3.5544,3.6636,3.7728,3.8821,3.9915,4.101,4.4379,4.832,5.2266,5.6217,6.0173,6.4135,6.8102,7.2075,7.6055,7.9891,8.2776,8.5662,8.8551,9.1443,9.4338,9.7235,10.0135,10.3038,10.5944,10.8164,10.9608,11.1053,11.2499,11.3947,11.5395,11.6844,11.8295,11.9746,12.1199,12.147,12.1452,12.1432,12.1411,12.1389,12.1365,12.1341,12.1314,12.1286,12.112,12.0089,11.9057,11.8026,11.6994,11.5962,11.493,11.3898,11.2865,11.1832,11.0711,10.9491,10.827,10.7051,10.5832,10.4613,10.3395,10.2177,10.096,9.9744,9.8351,9.6913,9.5476,9.4039,9.2602,9.1166,8.973,8.8295,8.686,8.5544,8.5043,8.4543,8.4043,8.3543,8.3044,8.2546,8.2047,8.1549,8.1052,8.0442,7.9697,7.8953,7.8211,7.747,7.6731,7.5993,7.5257,7.4523,7.379,7.3123,7.2478,7.1837,7.1201,7.0568,6.994
13.2032,13.0769,12.951,12.8255,12.7004,12.5757,12.4514,12.3274,12.1841,12.0184,11.8528,11.6872,11.5218,11.3564,11.191,11.0258,10.8606,10.6954,10.4409,10.164,9.8872,9.6104,9.3338,9.0572,8.7808,8.5044,8.228,7.9664,7.803,7.6395,7.4761,7.3127,7.1492,6.9857,6.8222,6.6587,6.4952,6.3354,6.1799,6.0244,5.8688,5.7132,5.5575,5.4017,5.2459,5.09,4.934,4.7555,4.5711,4.3867,4.2021,4.0175,3.8328,3.648,3.4631,3.2782,3.1141,3.0936,3.0731,3.0524,3.0318,3.0111,2.9905,2.9698,2.9492,2.9286,2.9718,3.0897,3.2076,3.3256,3.4436,3.5617,3.6799,3.7981,3.9165,4.0349,4.3951,4.8189,5.2432,5.6679,6.0932,6.519,6.9454,7.3724,7.8,8.2117,8.5079,8.8043,9.101,9.3979,9.6951,9.9926,10.2903,10.5883,10.8867,11.115,11.2596,11.4043,11.5492,11.6941,11.8392,11.9843,12.1296,12.2749,12.4204,12.4452,12.4371,12.429,12.4207,12.4123,12.4037,12.3951,12.3862,12.3772,12.3569,12.2515,12.1462,12.0408,11.9354,11.83,11.7246,11.6192,11.5137,11.4082,11.2951,11.1726,11.0502,10.9278,10.8055,10.6832,10.561,10.4388,10.3167,10.1946,10.0554,9.9111,9.7668,9.6226,9.4784,9.3343,9.1901,9.0461,8.9021,8.7671,8.7166,8.6661,8.6157,8.5653,8.5149,8.4646,8.4144,8.3641,8.3139,8.254,8.1807,8.1075,8.0345,7.9616,7.8889,7.8163,7.7439,7.6717,7.5996,7.5363,7.4764,7.4169,7.3578,7.2991,7.2408
13.2011,13.0626,12.9245,12.7868,12.6495,12.5126,12.376,12.2399,12.0877,11.9182,11.7488,11.5795,11.4103,11.2411,11.072,10.9029,10.7339,10.5649,10.303,10.0194,9.7358,9.4524,9.1691,8.8858,8.6026,8.3195,8.0365,7.7696,7.6025,7.4354,7.2682,7.1011,6.934,6.7668,6.5996,6.4324,6.2652,6.1027,5.9456,5.7884,5.6312,5.4739,5.3166,5.1592,5.0017,4.8441,4.6865,4.5051,4.3175,4.1299,3.9422,3.7545,3.5666,3.3787,3.1906,3.0025,2.8373,2.83,2.8228,2.8154,2.8081,2.8007,2.7933,2.786,2.7786,2.7713,2.8252,2.9521,3.0789,3.2058,3.3328,3.4598,3.5869,3.7141,3.8413,3.9687,4.3519,4.8054,5.2593,5.7137,6.1686,6.624,7.08,7.5367,7.9939,8.4341,8.7381,9.0422,9.3466,9.6513,9.9562,10.2614,10.5669,10.8727,11.1788,11.4136,11.5584,11.7033,11.8484,11.9935,12.1388,12.2842,12.4297,12.5752,12.7209,12.7436,12.7293,12.715,12.7005,12.6859,12.6712,12.6563,12.6413,12.6261,12.6019,12.4943,12.3867,12.2792,12.1716,12.064,11.9563,11.8487,11.741,11.6333,11.5192,11.3963,11.2734,11.1506,11.0279,10.9052,10.7825,10.6599,10.5374,10.4149,10.2757,10.1309,9.9861,9.8413,9.6966,9.5519,9.4073,9.2627,9.1181,8.9799,8.9289,8.878,8.8271,8.7763,8.7255,8.6747,8.624,8.5733,8.5227,8.4637,8.3916,8.3196,8.2478,8.1761,8.1046,8.0332,7.962,7.8909,7.82,7.7599,7.7046,7.6497,7.5951,7.541,7.4874
13.1986,13.0479,12.8976,12.7477,12.5982,12.4491,12.3003,12.1519,11.9913,11.818,11.6448,11.4717,11.2987,11.1257,10.9528,10.7799,10.6071,10.4344,10.1649,9.8746,9.5843,9.2942,9.0042,8.7142,8.4244,8.1346,7.8448,7.5727,7.4019,7.2311,7.0603,6.8895,6.7187,6.5478,6.377,6.2061,6.0352,5.87,5.7113,5.5525,5.3936,5.2347,5.0757,4.9166,4.7575,4.5983,4.439,4.2546,4.0639,3.8732,3.6823,3.4914,3.3004,3.1093,2.9181,2.7269,2.5604,2.5664,2.5724,2.5784,2.5843,2.5902,2.5961,2.602,2.6079,2.6139,2.6786,2.8143,2.9501,3.086,3.2218,3.3578,3.4938,3.6299,3.7661,3.9023,4.3083,4.7914,5.2749,5.7589,6.2434,6.7285,7.2141,7.7004,8.1872,8.6564,8.9681,9.2799,9.5921,9.9045,10.2172,10.5301,10.8433,11.1568,11.4706,11.7121,11.8572,12.0023,12.1476,12.293,12.4385,12.584,12.7297,12.8755,13.0214,13.0421,13.0217,13.0012,12.9805,12.9598,12.9388,12.9178,12.8966,12.8752,12.8469,12.7372,12.6274,12.5176,12.4078,12.298,12.1881,12.0783,11.9684,11.8585,11.7432,11.6199,11.4966,11.3734,11.2502,11.1271,11.0041,10.8811,10.7581,10.6352,10.4961,10.3507,10.2054,10.0601,9.9148,9.7696,9.6245,9.4793,9.3342,9.1927,9.1413,9.0899,9.0386,8.9873,8.9361,8.8849,8.8337,8.7826,8.7315,8.6733,8.6024,8.5316,8.461,8.3905,8.3202,8.25,8.18,8.1101,8.0404,7.9832,7.9325,7.8821,7.8322,7.7826,7.7335
13.1957,13.0327,12.8702,12.7082,12.5465,12.3852,12.2242,12.0636,11.8947,11.7176,11.5407,11.3638,11.187,11.0102,10.8335,10.6569,10.4803,10.3038,10.0266,9.7296,9.4327,9.1359,8.8392,8.5425,8.246,7.9495,7.6531,7.3757,7.2013,7.0268,6.8523,6.6778,6.5033,6.3288,6.1543,5.9797,5.8051,5.6373,5.4769,5.3165,5.156,4.9954,4.8347,4.674,4.5132,4.3524,4.1915,4.0042,3.8103,3.6164,3.4224,3.2283,3.0342,2.84,2.6456,2.4512,2.2835,2.3028,2.3221,2.3413,2.3605,2.3796,2.3988,2.418,2.4372,2.4564,2.5319,2.6766,2.8213,2.966,3.1108,3.2557,3.4006,3.5456,3.6907,3.8359,4.2642,4.7769,5.29,5.8036,6.3178,6.8324,7.3477,7.8635,8.38,8.8785,9.1979,9.5175,9.8374,10.1575,10.4779,10.7986,11.1195,11.4408,11.7623,12.0107,12.156,12.3013,12.4468,12.5924,12.7381,12.8839,13.0298,13.1758,13.3219,13.3409,13.3143,13.2876,13.2608,13.2338,13.2067,13.1795,13.1521,13.1246,13.0921,12.9801,12.8681,12.7561,12.6441,12.5321,12.4201,12.308,12.1959,12.0838,11.9673,11.8435,11.7199,11.5962,11.4726,11.3491,11.2256,11.1022,10.9788,10.8555,10.7165,10.5706,10.4247,10.2789,10.1331,9.9874,9.8417,9.696,9.5504,9.4056,9.3537,9.3019,9.2501,9.1984,9.1467,9.095,9.0434,8.9918,8.9403,8.8829,8.8132,8.7436,8.6741,8.6049,8.5357,8.4668,8.3979,8.3293,8.2608,8.2062,8.16,8.1142,8.0688,8.0239,7.9793
