15.0468,15.0236,15.0005,14.9774,14.9543,14.9313,14.9082,14.8852,14.8622,14.8397,14.8244,14.8092,14.794,14.7787,14.7635,14.7483,14.7331,14.7178,14.7026,14.6484,14.5771,14.5058,14.4345,14.3631,14.2918,14.2205,14.1491,14.0778,14.0454,14.0955,14.1458,14.1962,14.2465,14.2969,14.3473,14.3977,14.4481,14.4985,14.5293,14.5589,14.5886,14.6183,14.6479,14.6776,14.7073,14.7369,14.7666,14.7957,14.8245,14.8533,14.8821,14.9108,14.9396,14.9684,14.9972,15.0259,15.0325,14.9492,14.8659,14.7827,14.6994,14.6161,14.5329,14.4496,14.3663,14.2831,14.174,14.0594,13.9449,13.8303,13.7157,13.6012,13.4866,13.3721,13.2575,13.201,13.2153,13.2298,13.2443,13.2589,13.2735,13.2881,13.3027,13.3174,13.3316,13.3399,13.3483,13.3566,13.3651,13.3735,13.3821,13.3906,13.3993,13.4079,13.4393,13.4802,13.5211,13.5619,13.6025,13.6431,13.6836,13.724,13.7642,13.7752,13.7254,13.6756,13.6257,13.5759,13.5261,13.4763,13.4265,13.3767,13.3269,13.3085,13.2916,13.2746,13.2576,13.2404,13.2232,13.2058,13.1883,13.1707,13.1769,13.2014,13.2258,13.2503,13.2748,13.2994,13.324,13.3486,13.3733,13.3915,13.3816,13.3718,13.362,13.3521,13.3423,13.3325,13.3226,13.3128,13.3029,13.28,13.2535,13.2263,13.1986,13.1703,13.1414,13.1118,13.0816,13.0508,13.0128,12.9655,12.9178,12.8698,12.8214,12.7727,12.7236,12.6741,12.6242,12.5741,12.5279,12.4816,12.4353,12.389,12.3426,12.2961,12.2496,12.203,12.1564
15.0649,15.0414,15.018,14.9945,14.9711,14.9477,14.9243,14.9009,14.8776,14.8549,14.8397,14.8244,14.8092,14.794,14.7787,14.7635,14.7483,14.7331,14.7179,14.6633,14.5924,14.5215,14.4506,14.3797,14.3088,14.2379,14.167,14.0961,14.0629,14.1065,14.1502,14.194,14.2379,14.2819,14.326,14.3701,14.4143,14.4586,14.4892,14.5191,14.549,14.5788,14.6087,14.6385,14.6683,14.6981,14.7279,14.7562,14.7834,14.8107,14.8379,14.8651,14.8923,14.9195,14.9466,14.9738,14.9802,14.9028,14.8254,14.748,14.6706,14.5932,14.5158,14.4385,14.3612,14.2839,14.1775,14.0647,13.952,13.8392,13.7265,13.6138,13.5012,13.3885,13.2759,13.2202,13.2359,13.2515,13.2672,13.283,13.2987,13.3145,13.3304,13.3462,13.3617,13.3715,13.3814,13.3913,13.4012,13.4112,13.4213,13.4314,13.4415,13.4517,13.4807,13.5181,13.5554,13.5926,13.6297,13.6668,13.7037,13.7405,13.7773,13.7873,13.7374,13.6876,13.6378,13.588,13.5382,13.4884,13.4386,13.3888,13.339,13.3175,13.2982,13.2787,13.2591,13.2395,13.2197,13.1998,13.1798,13.1597,13.1643,13.1895,13.2148,13.2401,13.2654,13.2907,13.3161,13.3416,13.367,13.3867,13.3769,13.3671,13.3572,13.3474,13.3376,13.3277,13.3179,13.308,13.2982,13.2683,13.2322,13.1955,13.1582,13.1204,13.0819,13.0428,13.003,12.9627,12.9175,12.8654,12.8129,12.7601,12.707,12.6534,12.5995,12.5453,12.4906,12.4356,12.3894,12.3431,12.2968,12.2505,12.204,12.1576,12.1111,12.0645,12.0179
15.0831,15.0592,15.0354,15.0116,14.9879,14.9641,14.9404,14.9167,14.893,14.8702,14.8549,14.8397,14.8244,14.8092,14.794,14.7788,14.7635,14.7483,14.7331,14.6782,14.6077,14.5373,14.4668,14.3964,14.3259,14.2554,14.185,14.1145,14.0804,14.1174,14.1545,14.1917,14.2291,14.2665,14.304,14.3416,14.3792,14.417,14.4472,14.4771,14.507,14.5368,14.5667,14.5965,14.6263,14.6561,14.6859,14.7132,14.7387,14.7642,14.7896,14.815,14.8405,14.8659,14.8913,14.9166,14.923,14.8521,14.7811,14.7101,14.6392,14.5682,14.4973,14.4264,14.3556,14.2848,14.1812,14.0703,13.9594,13.8486,13.7377,13.6269,13.5161,13.4054,13.2946,13.2395,13.2564,13.2732,13.2901,13.307,13.324,13.341,13.358,13.375,13.3918,13.4031,13.4145,13.4259,13.4373,13.4489,13.4604,13.472,13.4837,13.4954,13.5221,13.556,13.5898,13.6234,13.657,13.6905,13.7239,13.7572,13.7904,13.7993,13.7495,13.6997,13.6499,13.6,13.5502,13.5004,13.4506,13.4008,13.351,13.3267,13.3048,13.2829,13.2608,13.2386,13.2164,13.194,13.1715,13.1489,13.1516,13.1776,13.2037,13.2298,13.2559,13.282,13.3082,13.3344,13.3607,13.382,13.3722,13.3623,13.3525,13.3427,13.3328,13.323,13.3132,13.3033,13.2935,13.2572,13.2115,13.1653,13.1185,13.071,13.023,12.9744,12.9251,12.8752,12.8225,12.7656,12.7084,12.6508,12.5928,12.5345,12.4758,12.4168,12.3573,12.2975,12.2509,12.2046,12.1583,12.1119,12.0655,12.0191,11.9726,11.926,11.8794
15.1012,15.077,15.0529,15.0287,15.0046,14.9805,14.9565,14.9324,14.9084,14.8854,14.8701,14.8549,14.8397,14.8244,14.8092,14.794,14.7788,14.7636,14.7484,14.6931,14.6231,14.553,14.483,14.413,14.343,14.2729,14.2029,14.1329,14.0977,14.1281,14.1587,14.1894,14.2201,14.251,14.2819,14.313,14.3441,14.3752,14.4052,14.4351,14.465,14.4948,14.5247,14.5545,14.5844,14.6142,14.644,14.6703,14.694,14.7176,14.7413,14.765,14.7886,14.8123,14.8359,14.8595,14.8658,14.8013,14.7368,14.6722,14.6077,14.5433,14.4788,14.4144,14.35,14.2856,14.1849,14.0759,13.9669,13.8579,13.7489,13.64,13.531,13.4221,13.3133,13.2589,13.2769,13.2949,13.313,13.3311,13.3492,13.3674,13.3855,13.4038,13.4218,13.4346,13.4475,13.4605,13.4734,13.4865,13.4996,13.5127,13.5259,13.5391,13.5637,13.594,13.6243,13.6544,13.6845,13.7144,13.7443,13.774,13.8037,13.8114,13.7616,13.7118,13.6619,13.6121,13.5623,13.5125,13.4627,13.4128,13.363,13.3359,13.3116,13.2871,13.2626,13.2379,13.2131,13.1882,13.1633,13.1381,13.1389,13.1657,13.1926,13.2194,13.2463,13.2733,13.3002,13.3272,13.3543,13.3773,13.3674,13.3576,13.3478,13.3379,13.3281,13.3183,13.3084,13.2986,13.2887,13.2466,13.1914,13.1356,13.0793,13.0223,12.9648,12.9066,12.8477,12.7883,12.7278,12.6662,12.6041,12.5418,12.479,12.4159,12.3525,12.2886,12.2244,12.1598,12.1123,12.0661,12.0198,11.9734,11.927,11.8806,11.8341,11.7875,11.741
15.1193,15.0948,15.0703,15.0458,15.0214,14.997,14.9725,14.9481,14.9238,14.9006,14.8854,14.8701,14.8549,14.8397,14.8244,14.8092,14.794,14.7788,14.7636,14.708,14.6384,14.5688,14.4992,14.4296,14.36,14.2904,14.2208,14.1512,14.1149,14.1388,14.1628,14.1869,14.2111,14.2354,14.2598,14.2843,14.3088,14.3334,14.3632,14.3931,14.423,14.4529,14.4827,14.5126,14.5424,14.5722,14.602,14.6273,14.6492,14.6711,14.693,14.7149,14.7368,14.7587,14.7805,14.8024,14.8086,14.7505,14.6924,14.6344,14.5763,14.5182,14.4602,14.4022,14.3443,14.2864,14.1886,14.0815,13.9743,13.8672,13.7601,13.653,13.5459,13.4389,13.3319,13.2782,13.2974,13.3166,13.3358,13.3551,13.3744,13.3937,13.4131,13.4325,13.4518,13.4661,13.4805,13.495,13.5095,13.524,13.5386,13.5533,13.568,13.5828,13.6053,13.6321,13.6588,13.6855,13.712,13.7384,13.7647,13.7909,13.817,13.8235,13.7737,13.7238,13.674,13.6242,13.5743,13.5245,13.4747,13.4249,13.3751,13.3453,13.3184,13.2915,13.2644,13.2373,13.21,13.1826,13.1551,13.1275,13.1262,13.1538,13.1814,13.2091,13.2367,13.2645,13.2922,13.32,13.3479,13.3725,13.3627,13.3529,13.343,13.3332,13.3234,13.3135,13.3037,13.2938,13.284,13.2366,13.1719,13.1066,13.0407,12.9742,12.9071,12.8394,12.771,12.702,12.6335,12.567,12.5002,12.4331,12.3656,12.2977,12.2294,12.1608,12.0918,12.0224,11.9738,11.9276,11.8813,11.8349,11.7885,11.7421,11.6956,11.649,11.6024
15.1374,15.1125,15.0877,15.0629,15.0381,15.0134,14.9886,14.9639,14.9391,14.9158,14.9006,14.8854,14.8701,14.8549,14.8397,14.8245,14.8093,14.7941,14.7789,14.7229,14.6538,14.5846,14.5154,14.4463,14.3771,14.3079,14.2388,14.1696,14.132,14.1493,14.1668,14.1843,14.202,14.2197,14.2376,14.2555,14.2735,14.2915,14.3212,14.3511,14.381,14.4109,14.4407,14.4706,14.5004,14.5303,14.5601,14.5843,14.6044,14.6246,14.6447,14.6649,14.685,14.7051,14.7252,14.7452,14.7513,14.6997,14.6481,14.5964,14.5448,14.4932,14.4416,14.3901,14.3386,14.2871,14.1923,14.087,13.9817,13.8765,13.7712,13.666,13.5608,13.4557,13.3505,13.2974,13.3178,13.3382,13.3586,13.3791,13.3996,13.4201,13.4406,13.4612,13.4817,13.4976,13.5135,13.5295,13.5455,13.5616,13.5777,13.5939,13.6101,13.6264,13.6471,13.6704,13.6935,13.7166,13.7396,13.7625,13.7853,13.808,13.8305,13.8356,13.7857,13.7359,13.6861,13.6362,13.5864,13.5366,13.4867,13.4369,13.3871,13.3547,13.3254,13.2959,13.2664,13.2367,13.207,13.1771,13.1471,13.117,13.1134,13.1418,13.1702,13.1986,13.2271,13.2556,13.2842,13.3128,13.3414,13.3678,13.358,13.3481,13.3383,13.3285,13.3186,13.3088,13.2989,13.2891,13.2793,13.2271,13.1529,13.0781,13.0026,12.9266,12.85,12.7728,12.6949,12.6164,12.5394,12.4682,12.3966,12.3247,12.2524,12.1798,12.1067,12.0333,11.9596,11.8854,11.8353,11.789,11.7427,11.6964,11.65,11.6036,11.5571,11.5105,11.4639
15.1555,15.1303,15.1051,15.08,15.0549,15.0297,15.0046,14.9796,14.9545,14.9311,14.9158,14.9006,14.8854,14.8701,14.8549,14.8397,14.8245,14.8093,14.7941,14.7378,14.6691,14.6004,14.5317,14.4629,14.3942,14.3255,14.2567,14.188,14.1489,14.1597,14.1706,14.1816,14.1928,14.204,14.2153,14.2266,14.2381,14.2496,14.2791,14.3091,14.339,14.3689,14.3988,14.4286,14.4585,14.4883,14.5181,14.5413,14.5597,14.578,14.5964,14.6148,14.6332,14.6515,14.6698,14.6881,14.6941,14.6489,14.6037,14.5585,14.5133,14.4681,14.423,14.3779,14.3328,14.2878,14.1959,14.0925,13.9891,13.8857,13.7823,13.679,13.5757,13.4724,13.3691,13.3167,13.3383,13.3598,13.3815,13.4031,13.4247,13.4464,13.4682,13.4899,13.5116,13.529,13.5465,13.564,13.5815,13.5991,13.6167,13.6344,13.6521,13.6699,13.689,13.7087,13.7283,13.7479,13.7673,13.7867,13.806,13.8251,13.8442,13.8477,13.7978,13.748,13.6981,13.6483,13.5984,13.5486,13.4988,13.449,13.3991,13.3643,13.3324,13.3005,13.2685,13.2363,13.2041,13.1717,13.1393,13.1067,13.1006,13.1298,13.159,13.1882,13.2175,13.2468,13.2761,13.3055,13.3349,13.3631,13.3532,13.3434,13.3336,13.3237,13.3139,13.3041,13.2942,13.2844,13.2745,13.2183,13.1345,13.0502,12.9652,12.8797,12.7935,12.7068,12.6194,12.5314,12.4457,12.3697,12.2934,12.2166,12.1396,12.0622,11.9844,11.9062,11.8276,11.7487,11.6967,11.6505,11.6042,11.5579,11.5115,11.465,11.4186,11.372,11.3254
15.1735,15.148,15.1225,15.097,15.0716,15.0461,15.0207,14.9953,14.9699,14.9463,14.9311,14.9158,14.9006,14.8854,14.8702,14.8549,14.8397,14.8245,14.8093,14.7528,14.6845,14.6162,14.5479,14.4796,14.4113,14.343,14.2747,14.2064,14.1658,14.17,14.1744,14.1789,14.1834,14.1881,14.1929,14.1977,14.2026,14.2075,14.2371,14.2671,14.297,14.3269,14.3568,14.3866,14.4165,14.4464,14.4762,14.4982,14.5149,14.5315,14.5481,14.5647,14.5813,14.5979,14.6145,14.631,14.6368,14.5981,14.5593,14.5205,14.4818,14.443,14.4043,14.3656,14.327,14.2884,14.1996,14.098,13.9965,13.8949,13.7934,13.6919,13.5905,13.4891,13.3877,13.336,13.3587,13.3815,13.4042,13.427,13.4499,13.4728,13.4956,13.5186,13.5415,13.5604,13.5794,13.5984,13.6175,13.6365,13.6557,13.6749,13.6941,13.7134,13.7309,13.7471,13.7632,13.7792,13.7952,13.811,13.8267,13.8424,13.8579,13.8597,13.8099,13.76,13.7102,13.6603,13.6105,13.5607,13.5108,13.461,13.4112,13.3739,13.3396,13.3052,13.2707,13.236,13.2013,13.1664,13.1315,13.0964,13.0878,13.1177,13.1477,13.1777,13.2078,13.2379,13.268,13.2981,13.3283,13.3583,13.3485,13.3387,13.3288,13.319,13.3092,13.2993,13.2895,13.2796,13.2698,13.21,13.1167,13.0228,12.9284,12.8333,12.7377,12.6414,12.5445,12.4469,12.3523,12.2715,12.1904,12.1089,12.0271,11.9449,11.8623,11.7794,11.6961,11.6123,11.5582,11.512,11.4657,11.4193,11.373,11.3265,11.28,11.2335,11.1869
15.1916,15.1657,15.1399,15.1141,15.0883,15.0625,15.0367,15.011,14.9852,14.9615,14.9463,14.9311,14.9158,14.9006,14.8854,14.8702,14.855,14.8398,14.8246,14.7677,14.6999,14.632,14.5641,14.4963,14.4284,14.3605,14.2927,14.2248,14.1825,14.1802,14.1781,14.176,14.174,14.1722,14.1704,14.1687,14.167,14.1654,14.1951,14.2251,14.255,14.2849,14.3148,14.3447,14.3745,14.4044,14.4342,14.4552,14.4701,14.485,14.4998,14.5147,14.5295,14.5443,14.5591,14.5739,14.5796,14.5472,14.5149,14.4825,14.4502,14.4179,14.3856,14.3533,14.3211,14.2889,14.2032,14.1035,14.0038,13.9042,13.8045,13.7049,13.6053,13.5057,13.4062,13.3552,13.3791,13.403,13.427,13.451,13.475,13.499,13.5231,13.5472,13.5714,13.5918,13.6123,13.6328,13.6534,13.674,13.6946,13.7153,13.7361,13.7569,13.773,13.7856,13.7982,13.8107,13.8231,13.8354,13.8476,13.8597,13.8717,13.8718,13.822,13.7721,13.7223,13.6724,13.6226,13.5727,13.5229,13.473,13.4232,13.3837,13.3469,13.31,13.273,13.2358,13.1986,13.1613,13.1238,13.0862,13.0749,13.1056,13.1364,13.1672,13.198,13.2289,13.2598,13.2908,13.3217,13.3528,13.3438,13.3339,13.3241,13.3143,13.3044,13.2946,13.2847,13.2749,13.2651,13.2022,13.0994,12.9961,12.8921,12.7875,12.6824,12.5766,12.4702,12.3631,12.2592,12.1736,12.0878,12.0015,11.9149,11.8279,11.7406,11.6529,11.5648,11.4763,11.4197,11.3734,11.3272,11.2808,11.2344,11.188,11.1415,11.095,11.0484
15.2096,15.1834,15.1573,15.1311,15.105,15.0788,15.0527,15.0266,15.0006,14.9767,14.9615,14.9463,14.9311,14.9158,14.9006,14.8854,14.8702,14.855,14.8398,14.7827,14.7153,14.6478,14.5804,14.513,14.4455,14.3781,14.3106,14.2432,14.1992,14.1903,14.1816,14.173,14.1645,14.1561,14.1478,14.1395,14.1314,14.1233,14.1531,14.183,14.213,14.2429,14.2728,14.3027,14.3326,14.3624,14.3923,14.4122,14.4253,14.4384,14.4515,14.4646,14.4776,14.4907,14.5037,14.5168,14.5223,14.4964,14.4704,14.4445,14.4186,14.3927,14.3669,14.341,14.3152,14.2895,14.2068,14.109,14.0111,13.9133,13.8156,13.7178,13.6201,13.5224,13.4247,13.3744,13.3995,13.4246,13.4497,13.4749,13.5001,13.5253,13.5506,13.5758,13.6012,13.6232,13.6451,13.6672,13.6892,13.7114,13.7335,13.7558,13.778,13.8004,13.8151,13.8243,13.8333,13.8423,13.8512,13.86,13.8686,13.8772,13.8857,13.8839,13.834,13.7842,13.7343,13.6845,13.6346,13.5848,13.5349,13.4851,13.4352,13.3936,13.3543,13.3149,13.2754,13.2357,13.196,13.1562,13.1163,13.0762,13.062,13.0935,13.125,13.1566,13.1883,13.2199,13.2516,13.2833,13.3151,13.3469,13.339,13.3292,13.3194,13.3095,13.2997,13.2899,13.28,13.2702,13.2603,13.195,13.0828,12.9699,12.8564,12.7424,12.6277,12.5124,12.3965,12.28,12.1664,12.0761,11.9854,11.8944,11.8031,11.7113,11.6192,11.5268,11.4339,11.3407,11.2811,11.2349,11.1886,11.1423,11.0959,11.0495,11.003,10.9565,10.9099
15.2277,15.2011,15.1746,15.1481,15.1216,15.0952,15.0687,15.0423,15.0159,14.992,14.9767,14.9615,14.9463,14.9311,14.9159,14.9007,14.8855,14.8703,14.8551,14.7977,14.7307,14.6637,14.5967,14.5297,14.4627,14.3956,14.3286,14.2616,14.2157,14.2003,14.1851,14.17,14.1549,14.14,14.1251,14.1104,14.0956,14.0811,14.1111,14.141,14.171,14.2009,14.2308,14.2607,14.2906,14.3205,14.3503,14.3691,14.3805,14.3918,14.4032,14.4145,14.4258,14.4371,14.4484,14.4596,14.465,14.4455,14.426,14.4065,14.387,14.3675,14.3481,14.3286,14.3093,14.2899,14.2104,14.1144,14.0185,13.9225,13.8266,13.7307,13.6348,13.539,13.4432,13.3936,13.4199,13.4462,13.4725,13.4988,13.5252,13.5516,13.578,13.6044,13.6309,13.6545,13.678,13.7015,13.7251,13.7487,13.7724,13.7961,13.8199,13.8438,13.8574,13.863,13.8685,13.874,13.8793,13.8846,13.8898,13.8948,13.8998,13.896,13.8461,13.7962,13.7464,13.6965,13.6467,13.5968,13.547,13.4971,13.4473,13.4035,13.3617,13.3198,13.2779,13.2358,13.1936,13.1512,13.1088,13.0663,13.049,13.0813,13.1137,13.146,13.1784,13.2109,13.2434,13.2759,13.3084,13.341,13.3343,13.3245,13.3146,13.3048,13.295,13.2851,13.2753,13.2654,13.2556,13.1884,13.0666,12.9443,12.8213,12.6978,12.5736,12.4488,12.3234,12.1974,12.0739,11.9788,11.8834,11.7877,11.6915,11.595,11.4982,11.4009,11.3033,11.2053,11.1426,11.0964,11.0501,11.0038,10.9574,10.911,10.8645,10.818,10.7714
15.2457,15.2188,15.192,15.1651,15.1383,15.1115,15.0847,15.058,15.0312,15.0072,14.992,14.9767,14.9615,14.9463,14.9311,14.9159,14.9007,14.8855,14.8703,14.8126,14.7461,14.6795,14.6129,14.5464,14.4798,14.4132,14.3466,14.28,14.2321,14.2102,14.1884,14.1668,14.1452,14.1238,14.1024,14.0811,14.0598,14.0391,14.0691,14.099,14.129,14.1589,14.1888,14.2187,14.2486,14.2785,14.3084,14.3261,14.3357,14.3453,14.3549,14.3644,14.374,14.3835,14.393,14.4025,14.4077,14.3946,14.3815,14.3684,14.3553,14.3423,14.3292,14.3162,14.3033,14.2903,14.214,14.1199,14.0258,13.9317,13.8376,13.7436,13.6496,13.5556,13.4616,13.4128,13.4402,13.4677,13.4952,13.5227,13.5502,13.5778,13.6054,13.633,13.6607,13.6858,13.7108,13.7358,13.7609,13.786,13.8112,13.8365,13.8618,13.8871,13.8997,13.9018,13.9038,13.9058,13.9076,13.9093,13.911,13.9125,13.9139,13.9081,13.8582,13.8083,13.7584,13.7086,13.6587,13.6089,13.559,13.5092,13.4593,13.4136,13.3693,13.3249,13.2805,13.2359,13.1912,13.1464,13.1015,13.0565,13.036,13.0691,13.1022,13.1354,13.1686,13.2018,13.2351,13.2684,13.3017,13.3351,13.3296,13.3197,13.3099,13.3001,13.2902,13.2804,13.2705,13.2607,13.2509,13.1824,13.0511,12.9192,12.7868,12.6538,12.5201,12.3859,12.251,12.1155,11.9817,11.8819,11.7817,11.6812,11.5803,11.4791,11.3775,11.2755,11.1731,11.0704,11.0041,10.9578,10.9116,10.8652,10.8189,10.7724,10.726,10.6795,10.6329
15.2637,15.2365,15.2093,15.1821,15.155,15.1278,15.1007,15.0736,15.0465,15.0224,15.0072,14.992,14.9768,14.9615,14.9463,14.9311,14.9159,14.9008,14.8856,14.8276,14.7615,14.6954,14.6292,14.5631,14.4969,14.4308,14.3646,14.2985,14.2484,14.22,14.1917,14.1635,14.1354,14.1075,14.0795,14.0517,14.024,13.9971,14.0271,14.057,14.087,14.1169,14.1469,14.1768,14.2067,14.2365,14.2664,14.283,14.2909,14.2987,14.3065,14.3143,14.3221,14.3299,14.3377,14.3454,14.3504,14.3437,14.337,14.3303,14.3237,14.317,14.3104,14.3038,14.2972,14.2907,14.2175,14.1253,14.033,13.9408,13.8486,13.7564,13.6643,13.5721,13.48,13.432,13.4606,13.4892,13.5179,13.5465,13.5753,13.604,13.6328,13.6616,13.6904,13.717,13.7435,13.7701,13.7967,13.8233,13.85,13.8768,13.9036,13.9305,13.9421,13.9407,13.9392,13.9376,13.936,13.9342,13.9323,13.9303,13.9283,13.9202,13.8703,13.8204,13.7705,13.7206,13.6708,13.6209,13.5711,13.5212,13.4713,13.4237,13.377,13.3301,13.2832,13.2361,13.1889,13.1417,13.0943,13.0468,13.023,13.0569,13.0908,13.1247,13.1587,13.1927,13.2268,13.2609,13.295,13.3291,13.3248,13.315,13.3052,13.2953,13.2855,13.2757,13.2658,13.256,13.2461,13.1769,13.0361,12.8948,12.7529,12.6103,12.4672,12.3235,12.1791,12.0341,11.8899,11.7853,11.6804,11.5751,11.4694,11.3634,11.2571,11.1503,11.0432,10.9357,10.8655,10.8193,10.7728,10.7252,10.6773,10.629,10.5806,10.5318,10.4827
15.2817,15.2542,15.2266,15.1991,15.1716,15.1441,15.1167,15.0892,15.0618,15.0377,15.0224,15.0072,14.992,14.9768,14.9616,14.9464,14.9312,14.916,14.9008,14.8426,14.7769,14.7112,14.6455,14.5798,14.5141,14.4484,14.3826,14.3169,14.2646,14.2296,14.1948,14.1601,14.1256,14.091,14.0566,14.0223,13.988,13.955,13.985,14.015,14.045,14.0749,14.1049,14.1348,14.1647,14.1946,14.2245,14.24,14.2461,14.2521,14.2582,14.2642,14.2703,14.2763,14.2823,14.2883,14.2931,14.2928,14.2925,14.2922,14.292,14.2917,14.2915,14.2913,14.2911,14.291,14.2211,14.1307,14.0403,13.9499,13.8596,13.7693,13.679,13.5887,13.4985,13.4511,13.4809,13.5107,13.5405,13.5704,13.6003,13.6302,13.6601,13.6901,13.7201,13.7482,13.7762,13.8043,13.8324,13.8606,13.8888,13.9171,13.9454,13.9737,13.9847,13.9798,13.9747,13.9696,13.9644,13.9592,13.9538,13.9483,13.9427,13.9322,13.8823,13.8325,13.7826,13.7327,13.6828,13.633,13.5831,13.5332,13.4834,13.434,13.3848,13.3354,13.286,13.2364,13.1868,13.137,13.0872,13.0372,13.0099,13.0446,13.0793,13.114,13.1488,13.1836,13.2184,13.2533,13.2879,13.3211,13.3159,13.3035,13.2907,13.2776,13.264,13.2501,13.2357,13.221,13.2058,13.1324,12.9807,12.8287,12.6766,12.5243,12.3718,12.219,12.066,11.9129,11.7595,11.6507,11.5418,11.4329,11.3238,11.2147,11.1054,10.9961,10.8867,10.7773,10.702,10.652,10.6017,10.5511,10.5002,10.4491,10.3977,10.3459,10.2939
15.2845,15.257,15.2294,15.2019,15.1744,15.1469,15.1195,15.0921,15.0646,15.0403,15.0236,15.0072,14.9908,14.9747,14.9587,14.9428,14.927,14.9114,14.8959,14.8383,14.774,14.7097,14.6453,14.5809,14.5165,14.4521,14.3876,14.3231,14.2695,14.2296,14.1896,14.1497,14.1097,14.0696,14.0296,13.9895,13.9494,13.9111,13.9413,13.9716,14.0018,14.0319,14.062,14.0921,14.1221,14.1521,14.1821,14.1966,14.201,14.2054,14.2097,14.2141,14.2184,14.2227,14.227,14.2312,14.2358,14.2418,14.2478,14.2538,14.2598,14.2658,14.2717,14.2776,14.2835,14.2894,14.2226,14.1339,14.0453,13.9567,13.8682,13.7797,13.6913,13.6029,13.5146,13.468,13.4986,13.5291,13.5597,13.5903,13.6208,13.6514,13.6819,13.7124,13.7429,13.7718,13.8006,13.8294,13.8581,13.8869,13.9157,13.9445,13.9732,14.002,14.0108,14.0004,13.9898,13.9789,13.9678,13.9565,13.945,13.9331,13.9211,13.9052,13.8535,13.8017,13.7499,13.698,13.6461,13.5941,13.5421,13.49,13.4379,13.3858,13.3337,13.2816,13.2294,13.1773,13.125,13.0728,13.0205,12.9682,12.9372,12.9712,13.0054,13.0395,13.0737,13.1079,13.1422,13.1764,13.2107,13.2451,13.236,13.2171,13.1978,13.1782,13.1581,13.1377,13.1169,13.0956,13.0739,12.9996,12.8453,12.6908,12.5362,12.3813,12.2262,12.0709,11.9153,11.7596,11.6037,11.4929,11.3836,11.2742,11.1648,11.0552,10.9455,10.8358,10.726,10.6161,10.5369,10.484,10.4307,10.3772,10.3234,10.2693,10.215,10.1603,10.1054
15.2721,15.2438,15.2154,15.1871,15.1588,15.1305,15.1023,15.074,15.0458,15.0193,14.9968,14.9745,14.9524,14.9304,14.9086,14.8869,14.8653,14.8439,14.8225,14.7637,14.6996,14.6353,14.5711,14.5068,14.4425,14.3782,14.3139,14.2495,14.1961,14.156,14.1159,14.0758,14.0357,13.9955,13.9553,13.9151,13.8748,13.8368,13.8687,13.9005,13.9324,13.9642,13.9959,14.0276,14.0593,14.091,14.1226,14.1381,14.1432,14.1483,14.1533,14.1584,14.1634,14.1684,14.1734,14.1783,14.1835,14.1895,14.1955,14.2015,14.2075,14.2135,14.2194,14.2253,14.2312,14.2371,14.1745,14.0908,14.0072,13.9237,13.8402,13.7567,13.6732,13.5899,13.5066,13.4622,13.4922,13.5223,13.5523,13.5823,13.6123,13.6423,13.6722,13.7022,13.7321,13.761,13.7898,13.8186,13.8474,13.8762,13.9049,13.9337,13.9625,13.9912,13.9969,13.9791,13.9611,13.9428,13.9243,13.9056,13.8866,13.8674,13.8479,13.8258,13.7734,13.721,13.6686,13.6161,13.5636,13.511,13.4583,13.4056,13.3529,13.3005,13.2484,13.1963,13.1442,13.092,13.0398,12.9875,12.9352,12.8829,12.8501,12.8854,12.9208,12.9561,12.9916,13.027,13.0625,13.098,13.1335,13.1691,13.1564,13.1311,13.1053,13.0792,13.0526,13.0257,12.9983,12.9706,12.9424,12.8669,12.7101,12.5531,12.3958,12.2384,12.0807,11.9229,11.7648,11.6065,11.448,11.3352,11.2255,11.1156,11.0057,10.8957,10.7857,10.6755,10.5653,10.4549,10.372,10.3161,10.26,10.2035,10.1468,10.0898,10.0325,9.975,9.9171
15.2597,15.2305,15.2014,15.1723,15.1431,15.1141,15.085,15.056,15.0269,14.9981,14.9698,14.9417,14.9138,14.886,14.8583,14.8308,14.8034,14.7762,14.749,14.6892,14.6251,14.561,14.4969,14.4327,14.3686,14.3044,14.2401,14.1759,14.1227,14.0825,14.0422,14.002,13.9616,13.9213,13.881,13.8406,13.8002,13.7625,13.796,13.8295,13.863,13.8964,13.9298,13.9632,13.9965,14.0298,14.0631,14.0795,14.0854,14.0911,14.0969,14.1027,14.1084,14.1141,14.1198,14.1255,14.1312,14.1372,14.1432,14.1492,14.1552,14.1612,14.1671,14.173,14.1789,14.1848,14.1264,14.0477,13.9691,13.8906,13.812,13.7336,13.6551,13.5768,13.4985,13.4564,13.4859,13.5154,13.5449,13.5743,13.6038,13.6332,13.6626,13.692,13.7214,13.7503,13.779,13.8078,13.8366,13.8654,13.8942,13.9229,13.9517,13.9805,13.9832,13.958,13.9325,13.9069,13.881,13.8549,13.8285,13.8019,13.775,13.7464,13.6935,13.6404,13.5874,13.5342,13.4811,13.4278,13.3746,13.3212,13.2679,13.2153,13.1632,13.111,13.0589,13.0067,12.9545,12.9022,12.8499,12.7976,12.763,12.7996,12.8361,12.8727,12.9093,12.946,12.9827,13.0194,13.0562,13.093,13.0772,13.0454,13.0131,12.9805,12.9475,12.914,12.8802,12.846,12.8113,12.7344,12.5751,12.4155,12.2557,12.0957,11.9355,11.7751,11.6144,11.4536,11.2925,11.1775,11.0673,10.9571,10.8467,10.7363,10.6258,10.5152,10.4046,10.2938,10.2074,10.1485,10.0894,10.0301,9.9704,9.9105,9.8503,9.7898,9.729
15.2473,15.2173,15.1873,15.1574,15.1275,15.0976,15.0677,15.0379,15.008,14.9768,14.9427,14.9088,14.875,14.8414,14.8079,14.7746,14.7414,14.7083,14.6754,14.6146,14.5507,14.4867,14.4227,14.3587,14.2946,14.2305,14.1664,14.1023,14.0493,14.0089,13.9685,13.9281,13.8876,13.8472,13.8067,13.7661,13.7256,13.6882,13.7234,13.7585,13.7936,13.8287,13.8637,13.8987,13.9337,13.9686,14.0035,14.021,14.0275,14.034,14.0405,14.047,14.0534,14.0598,14.0662,14.0726,14.0789,14.0849,14.0909,14.0969,14.1029,14.1089,14.1148,14.1207,14.1266,14.1325,14.0782,14.0046,13.931,13.8574,13.7839,13.7104,13.637,13.5636,13.4903,13.4507,13.4796,13.5085,13.5374,13.5663,13.5952,13.6241,13.653,13.6818,13.7107,13.7395,13.7683,13.7971,13.8259,13.8546,13.8834,13.9122,13.941,13.9697,13.9697,13.9371,13.9042,13.8712,13.8379,13.8044,13.7707,13.7367,13.7024,13.6671,13.6135,13.5598,13.5061,13.4524,13.3986,13.3447,13.2908,13.2369,13.1829,13.13,13.0779,13.0258,12.9736,12.9214,12.8692,12.8169,12.7646,12.7123,12.6759,12.7136,12.7514,12.7892,12.8271,12.865,12.9029,12.9408,12.9788,13.0168,12.9983,12.96,12.9213,12.8822,12.8427,12.8028,12.7624,12.7217,12.6806,12.6021,12.4402,12.278,12.1157,11.9531,11.7904,11.6274,11.4642,11.3008,11.1372,11.0198,10.9092,10.7985,10.6878,10.5769,10.466,10.355,10.2439,10.1327,10.0429,9.9811,9.9191,9.8568,9.7943,9.7314,9.6683,9.6049,9.5412
15.2348,15.204,15.1732,15.1425,15.1118,15.0811,15.0504,15.0197,14.9891,14.9553,14.9154,14.8757,14.8361,14.7967,14.7574,14.7182,14.6792,14.6404,14.6016,14.54,14.4762,14.4123,14.3485,14.2846,14.2206,14.1567,14.0927,14.0287,13.9759,13.9354,13.8948,13.8542,13.8136,13.773,13.7323,13.6917,13.651,13.6139,13.6508,13.6875,13.7243,13.761,13.7977,13.8343,13.8709,13.9075,13.944,13.9625,13.9697,13.9769,13.9841,13.9913,13.9984,14.0055,14.0126,14.0197,14.0266,14.0326,14.0386,14.0446,14.0506,14.0566,14.0625,14.0684,14.0744,14.0803,14.03,13.9614,13.8928,13.8242,13.7557,13.6872,13.6187,13.5504,13.4821,13.4449,13.4733,13.5017,13.53,13.5584,13.5867,13.6151,13.6434,13.6717,13.7,13.7287,13.7575,13.7863,13.8151,13.8439,13.8727,13.9014,13.9302,13.959,13.9564,13.9164,13.8762,13.8357,13.7951,13.7542,13.713,13.6716,13.63,13.5878,13.5335,13.4793,13.4249,13.3706,13.3161,13.2617,13.2071,13.1526,13.0979,13.0448,12.9927,12.9405,12.8883,12.8361,12.7839,12.7316,12.6793,12.627,12.5887,12.6277,12.6667,12.7057,12.7448,12.7839,12.823,12.8622,12.9014,12.9406,12.9198,12.875,12.8298,12.7842,12.7382,12.6918,12.645,12.5979,12.5502,12.4699,12.3054,12.1407,11.9758,11.8107,11.6454,11.4799,11.3142,11.1482,10.9821,10.8621,10.7511,10.64,10.5288,10.4176,10.3062,10.1948,10.0833,9.9717,9.8786,9.814,9.749,9.6838,9.6183,9.5526,9.4865,9.4202,9.3535
15.2222,15.1907,15.1591,15.1276,15.096,15.0645,15.0331,15.0016,14.9702,14.9336,14.8879,14.8424,14.797,14.7518,14.7067,14.6617,14.6169,14.5722,14.5277,14.4655,14.4018,14.338,14.2743,14.2105,14.1467,14.0828,14.019,13.9551,13.9025,13.8618,13.8211,13.7804,13.7396,13.6988,13.658,13.6172,13.5764,13.5397,13.5781,13.6166,13.655,13.6933,13.7316,13.7699,13.8082,13.8464,13.8845,13.904,13.9119,13.9198,13.9277,13.9356,13.9434,13.9512,13.959,13.9668,13.9742,13.9803,13.9863,13.9923,13.9983,14.0043,14.0102,14.0162,14.0221,14.028,13.9817,13.9181,13.8545,13.7909,13.7274,13.6639,13.6004,13.5371,13.4737,13.4391,13.467,13.4948,13.5226,13.5504,13.5782,13.606,13.6338,13.6615,13.6893,13.7179,13.7467,13.7755,13.8043,13.8331,13.8619,13.8907,13.9194,13.9482,13.9433,13.8959,13.8483,13.8005,13.7524,13.7041,13.6556,13.6068,13.5578,13.5085,13.4536,13.3987,13.3438,13.2888,13.2337,13.1786,13.1235,13.0683,13.013,12.9595,12.9074,12.8552,12.8031,12.7508,12.6986,12.6463,12.594,12.5417,12.5014,12.5416,12.5818,12.6221,12.6624,12.7027,12.743,12.7834,12.8239,12.8643,12.8416,12.7903,12.7387,12.6866,12.6341,12.5813,12.528,12.4744,12.4203,12.3379,12.1708,12.0036,11.8361,11.6685,11.5006,11.3326,11.1643,10.9958,10.8271,10.7045,10.5931,10.4815,10.3699,10.2582,10.1465,10.0346,9.9227,9.8106,9.7146,9.647,9.5791,9.511,9.4426,9.3739,9.3049,9.2357,9.1661
15.2097,15.1773,15.1449,15.1126,15.0803,15.048,15.0157,14.9834,14.9512,14.9117,14.8602,14.8089,14.7577,14.7067,14.6558,14.6051,14.5544,14.504,14.4536,14.3909,14.3273,14.2637,14.2001,14.1364,14.0727,14.009,13.9452,13.8815,13.8291,13.7882,13.7474,13.7065,13.6656,13.6247,13.5837,13.5427,13.5017,13.4655,13.5056,13.5456,13.5857,13.6256,13.6656,13.7055,13.7454,13.7852,13.8251,13.8455,13.8541,13.8627,13.8713,13.8799,13.8884,13.8969,13.9054,13.9139,13.9219,13.928,13.934,13.94,13.946,13.952,13.9579,13.9639,13.9698,13.9757,13.9334,13.8748,13.8162,13.7576,13.699,13.6405,13.5821,13.5237,13.4654,13.4334,13.4607,13.488,13.5152,13.5425,13.5697,13.597,13.6242,13.6514,13.6786,13.7072,13.736,13.7648,13.7936,13.8223,13.8511,13.8799,13.9087,13.9375,13.9304,13.8756,13.8206,13.7654,13.71,13.6543,13.5984,13.5423,13.4859,13.4292,13.3737,13.3182,13.2626,13.207,13.1513,13.0956,13.0398,12.984,12.9281,12.8743,12.8221,12.77,12.7178,12.6656,12.6133,12.561,12.5087,12.4564,12.4141,12.4555,12.4969,12.5384,12.5799,12.6215,12.663,12.7046,12.7463,12.788,12.7638,12.706,12.6479,12.5893,12.5304,12.4711,12.4114,12.3512,12.2907,12.206,12.0364,11.8666,11.6966,11.5264,11.356,11.1854,11.0146,10.8435,10.6723,10.5469,10.435,10.3231,10.2111,10.0989,9.9867,9.8745,9.7621,9.6496,9.5508,9.4802,9.4095,9.3384,9.2671,9.1955,9.1236,9.0514,8.979
15.1971,15.1639,15.1308,15.0976,15.0645,15.0314,14.9983,14.9653,14.9322,14.8897,14.8324,14.7753,14.7183,14.6615,14.6048,14.5482,14.4918,14.4355,14.3794,14.3163,14.2529,14.1894,14.1259,14.0623,13.9987,13.9351,13.8715,13.8079,13.7556,13.7147,13.6736,13.6326,13.5916,13.5505,13.5094,13.4683,13.4271,13.3912,13.433,13.4747,13.5164,13.558,13.5996,13.6411,13.6826,13.7241,13.7656,13.787,13.7963,13.8056,13.8149,13.8242,13.8334,13.8426,13.8518,13.861,13.8696,13.8757,13.8817,13.8877,13.8937,13.8997,13.9056,13.9116,13.9175,13.9234,13.8851,13.8314,13.7778,13.7242,13.6707,13.6171,13.5637,13.5103,13.4569,13.4277,13.4544,13.4811,13.5079,13.5346,13.5613,13.5879,13.6146,13.6413,13.6679,13.6964,13.7252,13.754,13.7828,13.8116,13.8404,13.8691,13.8979,13.9267,13.9177,13.8555,13.7932,13.7306,13.6678,13.6048,13.5415,13.478,13.4142,13.3501,13.2938,13.2377,13.1815,13.1252,13.0689,13.0126,12.9562,12.8997,12.8432,12.789,12.7369,12.6847,12.6325,12.5803,12.528,12.4757,12.4234,12.3711,12.3267,12.3693,12.412,12.4547,12.4974,12.5402,12.583,12.6258,12.6686,12.7115,12.6863,12.6221,12.5574,12.4924,12.4271,12.3613,12.2951,12.2285,12.1615,12.0742,11.9021,11.7298,11.5572,11.3845,11.2115,11.0384,10.865,10.6914,10.5176,10.3893,10.277,10.1647,10.0522,9.9397,9.827,9.7143,9.6015,9.4887,9.3871,9.3137,9.24,9.166,9.0918,9.0173,8.9425,8.8674,8.792
15.1845,15.1505,15.1166,15.0826,15.0487,15.0148,14.9809,14.947,14.9132,14.8675,14.8044,14.7415,14.6787,14.6161,14.5536,14.4913,14.4291,14.367,14.305,14.2418,14.1784,14.1151,14.0517,13.9882,13.9248,13.8613,13.7978,13.7342,13.6822,13.6411,13.5999,13.5587,13.5175,13.4763,13.435,13.3938,13.3525,13.3171,13.3604,13.4038,13.4471,13.4903,13.5336,13.5767,13.6199,13.663,13.7061,13.7285,13.7385,13.7485,13.7585,13.7685,13.7784,13.7883,13.7982,13.8081,13.8173,13.8234,13.8294,13.8354,13.8414,13.8474,13.8533,13.8593,13.8652,13.8711,13.8367,13.7881,13.7394,13.6908,13.6422,13.5937,13.5452,13.4968,13.4484,13.4219,13.4481,13.4743,13.5005,13.5266,13.5528,13.5789,13.6051,13.6312,13.6573,13.6856,13.7144,13.7432,13.772,13.8008,13.8296,13.8584,13.8872,13.9159,13.9052,13.8357,13.7659,13.696,13.6258,13.5554,13.4848,13.4139,13.3427,13.2713,13.214,13.1572,13.1004,13.0435,12.9866,12.9296,12.8726,12.8155,12.7583,12.7037,12.6516,12.5994,12.5472,12.495,12.4427,12.3904,12.3381,12.2858,12.2393,12.2831,12.327,12.3709,12.4149,12.4588,12.5028,12.5469,12.591,12.6351,12.6092,12.5384,12.4674,12.3959,12.3241,12.2518,12.1792,12.1061,12.0326,11.9426,11.768,11.5931,11.418,11.2427,11.0672,10.8915,10.7156,10.5395,10.3631,10.2318,10.1191,10.0063,9.8934,9.7804,9.6674,9.5542,9.441,9.3277,9.2237,9.1474,9.0708,8.9939,8.9167,8.8393,8.7616,8.6836,8.6053
15.1719,15.1371,15.1023,15.0676,15.0328,14.9981,14.9635,14.9288,14.8941,14.8451,14.7762,14.7075,14.6389,14.5705,14.5023,14.4341,14.3662,14.2983,14.2305,14.1672,14.104,14.0407,13.9775,13.9141,13.8508,13.7874,13.7241,13.6606,13.6088,13.5675,13.5262,13.4849,13.4435,13.4021,13.3607,13.3193,13.2778,13.2429,13.2879,13.3329,13.3778,13.4227,13.4675,13.5124,13.5572,13.6019,13.6466,13.67,13.6807,13.6915,13.7021,13.7128,13.7234,13.7341,13.7447,13.7552,13.765,13.771,13.7771,13.7831,13.7891,13.7951,13.801,13.807,13.8129,13.8188,13.7883,13.7446,13.7009,13.6573,13.6137,13.5702,13.5267,13.4832,13.4398,13.4162,13.4419,13.4675,13.4931,13.5187,13.5443,13.5699,13.5955,13.6211,13.6466,13.6749,13.7037,13.7325,13.7613,13.7901,13.8188,13.8476,13.8764,13.9052,13.8929,13.816,13.7389,13.6616,13.5841,13.5063,13.4283,13.3501,13.2715,13.1928,13.1341,13.0767,13.0193,12.9618,12.9042,12.8466,12.789,12.7313,12.6735,12.6185,12.5663,12.5142,12.4619,12.4097,12.3574,12.3051,12.2528,12.2004,12.1518,12.1969,12.2419,12.2871,12.3322,12.3774,12.4226,12.4679,12.5132,12.5585,12.5323,12.4552,12.3776,12.2997,12.2214,12.1427,12.0636,11.9841,11.9042,11.8112,11.634,11.4565,11.2789,11.1011,10.9231,10.7448,10.5664,10.3877,10.2088,10.0743,9.9611,9.8479,9.7346,9.6212,9.5077,9.3942,9.2805,9.1668,9.0605,8.9812,8.9017,8.8219,8.7419,8.6615,8.5809,8.5,8.4188
15.1592,15.1236,15.0881,15.0525,15.017,14.9815,14.946,14.9105,14.8751,14.8225,14.7479,14.6734,14.599,14.5248,14.4508,14.3769,14.3031,14.2294,14.1559,14.0927,14.0295,13.9664,13.9033,13.8401,13.7769,13.7136,13.6503,13.587,13.5354,13.4939,13.4525,13.411,13.3695,13.3279,13.2864,13.2448,13.2032,13.1687,13.2154,13.262,13.3085,13.3551,13.4016,13.448,13.4944,13.5408,13.5872,13.6115,13.623,13.6344,13.6457,13.6571,13.6684,13.6798,13.6911,13.7023,13.7127,13.7187,13.7248,13.7308,13.7368,13.7428,13.7487,13.7547,13.7606,13.7665,13.7399,13.7011,13.6624,13.6238,13.5852,13.5466,13.508,13.4696,13.4312,13.4105,13.4356,13.4607,13.4858,13.5108,13.5359,13.5609,13.5859,13.611,13.636,13.6641,13.6929,13.7217,13.7505,13.7793,13.8081,13.8369,13.8656,13.8944,13.8808,13.7965,13.7121,13.6274,13.5425,13.4574,13.3721,13.2864,13.2006,13.1144,13.0543,12.9963,12.9382,12.8801,12.8219,12.7637,12.7054,12.6471,12.5887,12.5332,12.4811,12.4289,12.3767,12.3244,12.2721,12.2198,12.1675,12.1151,12.0642,12.1105,12.1568,12.2032,12.2495,12.296,12.3424,12.3889,12.4354,12.4819,12.4559,12.3723,12.2883,12.2039,12.1191,12.034,11.9484,11.8624,11.7761,11.6799,11.5001,11.3202,11.14,10.9596,10.7791,10.5983,10.4173,10.2361,10.0546,9.9168,9.8032,9.6896,9.5758,9.462,9.3481,9.2341,9.1201,9.0059,8.8975,8.8153,8.7329,8.6502,8.5672,8.484,8.4004,8.3166,8.2325
15.1465,15.1101,15.0738,15.0374,15.0011,14.9648,14.9285,14.8922,14.856,14.7998,14.7194,14.6391,14.559,14.479,14.3991,14.3195,14.2399,14.1605,14.0811,14.0181,13.9551,13.8921,13.8291,13.766,13.7029,13.6398,13.5766,13.5134,13.4619,13.4203,13.3787,13.3371,13.2954,13.2538,13.212,13.1703,13.1286,13.0946,13.1429,13.1911,13.2393,13.2875,13.3356,13.3837,13.4317,13.4797,13.5277,13.553,13.5652,13.5773,13.5893,13.6014,13.6134,13.6255,13.6375,13.6495,13.6604,13.6664,13.6725,13.6785,13.6845,13.6905,13.6964,13.7024,13.7083,13.7142,13.6914,13.6576,13.6239,13.5902,13.5565,13.5229,13.4894,13.4559,13.4224,13.4048,13.4294,13.4539,13.4784,13.5029,13.5274,13.5519,13.5764,13.6009,13.6253,13.6533,13.6821,13.7109,13.7397,13.7685,13.7973,13.8261,13.8549,13.8837,13.8689,13.7773,13.6855,13.5935,13.5012,13.4088,13.316,13.2231,13.1298,13.0364,12.9745,12.9158,12.8571,12.7984,12.7396,12.6808,12.6219,12.5629,12.5039,12.448,12.3958,12.3436,12.2914,12.2391,12.1869,12.1345,12.0822,12.0298,11.9774,12.0241,12.0717,12.1192,12.1668,12.2144,12.2621,12.3098,12.3575,12.4052,12.3797,12.2897,12.1992,12.1084,12.0172,11.9256,11.8336,11.7412,11.6484,11.5487,11.3664,11.1839,11.0012,10.8183,10.6352,10.4519,10.2684,10.0846,9.9007,9.7593,9.6453,9.5312,9.4171,9.3029,9.1885,9.0741,8.9596,8.8451,8.7347,8.6496,8.5643,8.4787,8.3928,8.3066,8.2202,8.1334,8.0464
15.1338,15.0966,15.0594,15.0223,14.9852,14.9481,14.911,14.8739,14.8369,14.7769,14.6907,14.6046,14.5187,14.433,14.3474,14.2619,14.1765,14.0913,14.0064,13.9435,13.8807,13.8178,13.7549,13.6919,13.6289,13.5659,13.5029,13.4399,13.3885,13.3468,13.305,13.2632,13.2214,13.1796,13.1377,13.0958,13.0539,13.0205,13.0704,13.1202,13.1701,13.2199,13.2696,13.3193,13.369,13.4187,13.4683,13.4946,13.5074,13.5202,13.533,13.5457,13.5585,13.5712,13.5839,13.5966,13.6081,13.6141,13.6202,13.6262,13.6322,13.6382,13.6441,13.6501,13.656,13.662,13.6428,13.614,13.5853,13.5566,13.5279,13.4992,13.4707,13.4421,13.4137,13.3991,13.4231,13.4471,13.4711,13.4951,13.519,13.543,13.5669,13.5908,13.6147,13.6426,13.6714,13.7002,13.729,13.7578,13.7866,13.8153,13.8441,13.8729,13.8572,13.7582,13.6591,13.5597,13.4601,13.3603,13.2603,13.1599,13.0594,12.9585,12.8947,12.8354,12.7761,12.7168,12.6573,12.5979,12.5383,12.4788,12.4192,12.3627,12.3105,12.2583,12.2061,12.1539,12.1016,12.0492,11.9969,11.9445,11.8921,11.9377,11.9864,12.0352,12.084,12.1328,12.1817,12.2306,12.2795,12.3285,12.304,12.2074,12.1106,12.0133,11.9156,11.8176,11.7191,11.6203,11.521,11.4178,11.2329,11.0479,10.8626,10.6772,10.4915,10.3057,10.1196,9.9333,9.7468,9.6018,9.4874,9.3729,9.2584,9.1437,9.029,8.9142,8.7992,8.6842,8.5732,8.4869,8.4006,8.3142,8.2278,8.1414,8.0549,7.9683,7.8818
15.1211,15.0831,15.0451,15.0072,14.9692,14.9313,14.8934,14.8556,14.8177,14.7538,14.6618,14.57,14.4783,14.3868,14.2954,14.2042,14.113,14.0221,13.9317,13.869,13.8063,13.7435,13.6807,13.6178,13.555,13.4921,13.4292,13.3663,13.3151,13.2732,13.2313,13.1893,13.1474,13.1054,13.0634,13.0213,12.9793,12.9464,12.9979,13.0494,13.1009,13.1523,13.2037,13.255,13.3063,13.3576,13.4089,13.4361,13.4496,13.4631,13.4766,13.49,13.5035,13.5169,13.5303,13.5437,13.5557,13.5618,13.5678,13.5739,13.5799,13.5859,13.5919,13.5978,13.6037,13.6097,13.5942,13.5704,13.5466,13.5229,13.4991,13.4755,13.4519,13.4283,13.4048,13.3934,13.4169,13.4403,13.4638,13.4872,13.5106,13.534,13.5574,13.5807,13.6041,13.6318,13.6606,13.6894,13.7182,13.747,13.7758,13.8046,13.8334,13.8621,13.8457,13.7394,13.6329,13.5262,13.4193,13.3121,13.2047,13.097,12.9891,12.8809,12.8149,12.7551,12.6951,12.6351,12.5751,12.515,12.4549,12.3947,12.3344,12.2775,12.2253,12.1731,12.1208,12.0686,12.0163,11.9639,11.9116,11.8592,11.8068,11.8512,11.9011,11.9511,12.0011,12.0495,12.0979,12.1462,12.1945,12.2428,12.2182,12.1146,12.011,11.9073,11.8035,11.6998,11.5959,11.492,11.3881,11.283,11.0963,10.9094,10.7225,10.5355,10.3484,10.1612,9.9739,9.7866,9.5992,9.4527,9.3408,9.229,9.1174,9.0059,8.8945,8.7834,8.6724,8.5615,8.4526,8.3663,8.28,8.1937,8.1073,8.0208,7.9343,7.8478,7.7613
15.0733,15.0335,14.9939,14.9543,14.9149,14.8756,14.8364,14.7973,14.7583,14.692,14.598,14.504,14.4099,14.3158,14.2217,14.1275,14.0333,13.939,13.8458,13.7851,13.7243,13.6633,13.6022,13.5409,13.4795,13.418,13.3564,13.2946,13.2447,13.2037,13.1627,13.1215,13.0803,13.0389,12.9975,12.956,12.9144,12.8825,12.9353,12.9882,13.041,13.0938,13.1465,13.1993,13.252,13.3048,13.3575,13.3856,13.4,13.4143,13.4286,13.4429,13.4572,13.4715,13.4858,13.5002,13.5129,13.518,13.5231,13.5282,13.5332,13.5382,13.5432,13.5481,13.5529,13.5577,13.5449,13.525,13.5051,13.4852,13.4652,13.4452,13.4251,13.405,13.3848,13.3752,13.3969,13.4186,13.4403,13.4618,13.4832,13.5046,13.5258,13.547,13.568,13.5924,13.6176,13.6426,13.6673,13.6918,13.716,13.74,13.7637,13.7871,13.7659,13.6513,13.5365,13.4215,13.3063,13.191,13.0754,12.9597,12.8437,12.7276,12.6577,12.5956,12.5335,12.4713,12.409,12.3467,12.2844,12.222,12.1596,12.1021,12.0525,12.0031,11.954,11.905,11.8563,11.8079,11.7597,11.7117,11.6641,11.7055,11.7545,11.8033,11.8522,11.901,11.9498,11.9986,12.0473,12.096,12.0756,11.972,11.8683,11.7646,11.6609,11.5571,11.4532,11.3493,11.2454,11.1413,10.9555,10.7681,10.5807,10.3931,10.2055,10.0179,9.8301,9.6423,9.4543,9.3066,9.1977,9.0888,8.9801,8.8716,8.7632,8.6549,8.5469,8.4389,8.332,8.2457,8.1594,8.0731,7.9867,7.9003,7.8138,7.7273,7.6408
15.002,14.9579,14.9139,14.87,14.8263,14.7826,14.7391,14.6957,14.6524,14.5832,14.4891,14.395,14.3009,14.2067,14.1125,14.0183,13.924,13.8297,13.737,13.6812,13.6252,13.569,13.5128,13.4564,13.3998,13.3432,13.2864,13.2295,13.1849,13.1493,13.1137,13.0779,13.0421,13.0061,12.9701,12.9339,12.8977,12.8714,12.926,12.9806,13.0352,13.0897,13.1442,13.1988,13.2533,13.3078,13.3623,13.3926,13.4095,13.4265,13.4434,13.4603,13.4772,13.4941,13.5111,13.528,13.5413,13.5377,13.5341,13.5304,13.5268,13.523,13.5193,13.5154,13.5116,13.5076,13.4911,13.4694,13.4477,13.426,13.4042,13.3824,13.3606,13.3387,13.3167,13.3045,13.3225,13.3405,13.3584,13.3762,13.3939,13.4115,13.429,13.4464,13.4637,13.4806,13.4972,13.5136,13.5297,13.5456,13.5612,13.5766,13.5917,13.6065,13.58,13.4615,13.3428,13.2239,13.1048,12.9855,12.866,12.7464,12.6265,12.5065,12.4358,12.3746,12.3133,12.252,12.1906,12.1292,12.0677,12.0062,11.9447,11.8901,11.8475,11.8051,11.763,11.721,11.6793,11.6379,11.5967,11.5557,11.515,11.5554,11.6047,11.654,11.7033,11.7525,11.8017,11.8509,11.9,11.9491,11.933,11.8293,11.7257,11.622,11.5182,11.4144,11.3105,11.2066,11.1026,10.9986,10.8147,10.6268,10.4389,10.2509,10.0627,9.8746,9.6863,9.498,9.3095,9.1604,9.0543,8.9484,8.8427,8.7371,8.6316,8.5263,8.4211,8.3162,8.2114,8.1251,8.0388,7.9525,7.8662,7.7798,7.6933,7.6068,7.5203
14.9306,14.8821,14.8338,14.7856,14.7376,14.6896,14.6417,14.594,14.5464,14.4743,14.3802,14.286,14.1918,14.0976,14.0033,13.909,13.8147,13.7203,13.6283,13.5773,13.5262,13.4749,13.4235,13.3719,13.3202,13.2684,13.2165,13.1644,13.1252,13.095,13.0648,13.0344,13.0039,12.9734,12.9427,12.912,12.8812,12.8603,12.9167,12.973,13.0294,13.0857,13.142,13.1983,13.2545,13.3108,13.367,13.3996,13.4191,13.4387,13.4582,13.4777,13.4972,13.5167,13.5363,13.5558,13.5698,13.5575,13.5451,13.5327,13.5203,13.5079,13.4954,13.4829,13.4703,13.4576,13.4373,13.4138,13.3904,13.3668,13.3433,13.3197,13.296,13.2724,13.2486,13.2339,13.2482,13.2624,13.2766,13.2907,13.3046,13.3185,13.3323,13.346,13.3596,13.369,13.377,13.3848,13.3923,13.3996,13.4066,13.4134,13.4199,13.4261,13.3943,13.2718,13.1492,13.0264,12.9034,12.7802,12.6568,12.5332,12.4095,12.2855,12.2139,12.1535,12.0931,12.0327,11.9722,11.9116,11.851,11.7904,11.7298,11.6778,11.6422,11.6068,11.5716,11.5367,11.502,11.4675,11.4333,11.3994,11.3657,11.4052,11.4549,11.5046,11.5543,11.604,11.6536,11.7032,11.7527,11.8023,11.7904,11.6867,11.583,11.4793,11.3755,11.2717,11.1678,11.0639,10.9599,10.8558,10.6739,10.4856,10.2971,10.1086,9.92,9.7313,9.5425,9.3537,9.1647,9.014,8.9108,8.8079,8.705,8.6023,8.4998,8.3974,8.2952,8.1932,8.0913,8.0045,7.9183,7.832,7.7456,7.6592,7.5728,7.4863,7.3998
14.859,14.8062,14.7536,14.7011,14.6487,14.5964,14.5442,14.4922,14.4402,14.3654,14.2712,14.177,14.0828,13.9885,13.8942,13.7998,13.7054,13.611,13.5198,13.4736,13.4273,13.3809,13.3343,13.2876,13.2407,13.1937,13.1467,13.0995,13.0656,13.0408,13.0159,12.9909,12.9659,12.9407,12.9154,12.8901,12.8647,12.8493,12.9074,12.9655,13.0236,13.0817,13.1397,13.1977,13.2558,13.3138,13.3718,13.4066,13.4287,13.4509,13.473,13.4951,13.5172,13.5394,13.5615,13.5837,13.5983,13.5772,13.5562,13.5351,13.514,13.4928,13.4716,13.4503,13.429,13.4076,13.3835,13.3583,13.333,13.3077,13.2824,13.257,13.2315,13.2061,13.1806,13.1633,13.1739,13.1844,13.1948,13.2052,13.2154,13.2256,13.2357,13.2456,13.2555,13.2576,13.257,13.2562,13.2551,13.2538,13.2523,13.2504,13.2484,13.246,13.2086,13.0822,12.9557,12.829,12.7021,12.575,12.4477,12.3202,12.1925,12.0647,11.992,11.9325,11.8729,11.8133,11.7537,11.694,11.6343,11.5746,11.5148,11.4652,11.4366,11.4082,11.38,11.3521,11.3244,11.2969,11.2697,11.2427,11.216,11.255,11.3051,11.3553,11.4054,11.4554,11.5055,11.5555,11.6054,11.6554,11.6477,11.5441,11.4404,11.3366,11.2328,11.129,11.0251,10.9211,10.8171,10.7131,10.5332,10.3443,10.1554,9.9664,9.7773,9.5881,9.3988,9.2094,9.02,8.8673,8.7671,8.6671,8.5672,8.4674,8.3678,8.2684,8.1691,8.07,7.971,7.8839,7.7977,7.7114,7.625,7.5387,7.4523,7.3658,7.2793
14.7872,14.7301,14.6732,14.6164,14.5596,14.5031,14.4466,14.3902,14.3339,14.2565,14.1623,14.068,13.9737,13.8794,13.785,13.6906,13.5961,13.5016,13.4113,13.37,13.3285,13.2869,13.2452,13.2033,13.1613,13.1192,13.0769,13.0346,13.0061,12.9867,12.9672,12.9476,12.9279,12.9081,12.8882,12.8683,12.8482,12.8382,12.8981,12.958,13.0178,13.0776,13.1375,13.1973,13.257,13.3168,13.3766,13.4136,13.4383,13.4631,13.4878,13.5125,13.5373,13.562,13.5867,13.6115,13.6268,13.597,13.5672,13.5374,13.5076,13.4777,13.4478,13.4179,13.3878,13.3577,13.3298,13.3027,13.2757,13.2486,13.2215,13.1943,13.1671,13.1398,13.1125,13.0928,13.0996,13.1064,13.1132,13.1198,13.1263,13.1328,13.1391,13.1453,13.1514,13.1463,13.1371,13.1277,13.1181,13.1082,13.0981,13.0877,13.077,13.0661,13.023,12.8928,12.7623,12.6317,12.5009,12.3699,12.2387,12.1073,11.9757,11.844,11.77,11.7113,11.6527,11.594,11.5352,11.4764,11.4175,11.3587,11.2997,11.2523,11.2307,11.2093,11.1881,11.1672,11.1464,11.126,11.1057,11.0858,11.0661,11.1048,11.1553,11.2059,11.2564,11.3068,11.3573,11.4077,11.4581,11.5085,11.5051,11.4015,11.2977,11.194,11.0902,10.9863,10.8824,10.7784,10.6744,10.5703,10.3925,10.2031,10.0137,9.8242,9.6346,9.4449,9.2551,9.0652,8.8753,8.7205,8.6233,8.5261,8.4292,8.3323,8.2357,8.1391,8.0428,7.9466,7.8505,7.7633,7.6771,7.5908,7.5045,7.4181,7.3317,7.2453,7.1588
14.7153,14.6539,14.5926,14.5315,14.4705,14.4096,14.3488,14.2881,14.2275,14.1477,14.0534,13.959,13.8646,13.7702,13.6758,13.5813,13.4868,13.3923,13.303,13.2665,13.2299,13.1931,13.1562,13.1192,13.082,13.0447,13.0073,12.9698,12.9466,12.9326,12.9185,12.9043,12.89,12.8756,12.8611,12.8465,12.8319,12.8272,12.8888,12.9505,13.0121,13.0737,13.1352,13.1968,13.2583,13.3199,13.3814,13.4206,13.448,13.4753,13.5026,13.5299,13.5573,13.5846,13.6119,13.6393,13.6553,13.6168,13.5783,13.5398,13.5013,13.4627,13.4241,13.3854,13.3467,13.3079,13.276,13.2472,13.2184,13.1895,13.1606,13.1316,13.1026,13.0736,13.0445,13.0223,13.0255,13.0285,13.0315,13.0344,13.0373,13.04,13.0426,13.0451,13.0475,13.0352,13.0175,12.9995,12.9813,12.9628,12.9441,12.9252,12.9059,12.8864,12.8376,12.7034,12.569,12.4345,12.2998,12.1649,12.0298,11.8945,11.7591,11.6234,11.5479,11.4902,11.4324,11.3745,11.3167,11.2587,11.2007,11.1427,11.0847,11.0392,11.0246,11.0101,10.9959,10.9819,10.9682,10.9547,10.9415,10.9285,10.9157,10.9545,11.0055,11.0564,11.1074,11.1583,11.2091,11.26,11.3108,11.3615,11.3625,11.2588,11.1551,11.0513,10.9475,10.8436,10.7397,10.6357,10.5317,10.4276,10.2518,10.062,9.872,9.682,9.4919,9.3017,9.1114,8.9211,8.7306,8.5735,8.4792,8.385,8.2909,8.197,8.1033,8.0097,7.9162,7.823,7.7299,7.6427,7.5565,7.4702,7.3839,7.2976,7.2112,7.1248,7.0383
14.6432,14.5775,14.512,14.4465,14.3812,14.316,14.2508,14.1858,14.1209,14.0388,13.9444,13.85,13.7556,13.6611,13.5666,13.4721,13.3775,13.2829,13.1948,13.1631,13.1313,13.0994,13.0673,13.0351,13.0028,12.9703,12.9377,12.9051,12.8873,12.8787,12.8699,12.8611,12.8522,12.8431,12.834,12.8248,12.8156,12.8162,12.8796,12.943,13.0063,13.0697,13.133,13.1963,13.2596,13.3229,13.3862,13.4276,13.4576,13.4875,13.5174,13.5474,13.5773,13.6072,13.6372,13.6671,13.6838,13.6366,13.5895,13.5423,13.495,13.4478,13.4005,13.3531,13.3056,13.2581,13.2223,13.1917,13.1611,13.1304,13.0997,13.069,13.0382,13.0074,12.9765,12.9519,12.9513,12.9507,12.95,12.9492,12.9483,12.9472,12.9461,12.9449,12.9436,12.9243,12.898,12.8715,12.8447,12.8177,12.7904,12.7628,12.735,12.707,12.6522,12.5141,12.3759,12.2375,12.0988,11.96,11.8211,11.6819,11.5425,11.4029,11.3259,11.269,11.2121,11.1551,11.0981,11.041,10.9839,10.9268,10.8696,10.8258,10.8181,10.8107,10.8034,10.7964,10.7897,10.7831,10.7769,10.7709,10.7651,10.8042,10.8556,10.907,10.9583,11.0096,11.0609,11.1122,11.1634,11.2146,11.2199,11.1162,11.0125,10.9087,10.8048,10.7009,10.597,10.493,10.3889,10.2848,10.1112,9.9208,9.7304,9.5398,9.3492,9.1585,8.9678,8.7769,8.586,8.4263,8.3349,8.2436,8.1525,8.0615,7.9707,7.88,7.7895,7.6991,7.609,7.5221,7.4359,7.3497,7.2634,7.177,7.0907,7.0043,6.9178
14.571,14.501,14.4311,14.3614,14.2917,14.2222,14.1528,14.0835,14.0143,13.9299,13.8355,13.741,13.6465,13.552,13.4574,13.3628,13.2682,13.1735,13.0867,13.0598,13.0329,13.0058,12.9785,12.9512,12.9236,12.896,12.8683,12.8404,12.8281,12.8248,12.8214,12.818,12.8144,12.8108,12.807,12.8032,12.7993,12.8052,12.8704,12.9355,13.0006,13.0657,13.1308,13.1959,13.2609,13.326,13.391,13.4347,13.4672,13.4997,13.5323,13.5648,13.5973,13.6299,13.6624,13.6949,13.7123,13.6565,13.6006,13.5447,13.4888,13.4329,13.3768,13.3208,13.2646,13.2084,13.1686,13.1362,13.1038,13.0714,13.0389,13.0064,12.9738,12.9412,12.9085,12.8815,12.8773,12.8729,12.8685,12.8639,12.8593,12.8546,12.8498,12.8449,12.8398,12.8136,12.7787,12.7436,12.7083,12.6727,12.6368,12.6007,12.5644,12.5277,12.467,12.325,12.1828,12.0405,11.898,11.7553,11.6124,11.4694,11.3261,11.1826,11.1038,11.0478,10.9917,10.9356,10.8795,10.8233,10.767,10.7108,10.6545,10.612,10.6114,10.6109,10.6106,10.6106,10.6108,10.6113,10.612,10.6129,10.6142,10.6539,10.7058,10.7575,10.8093,10.861,10.9127,10.9644,11.016,11.0676,11.0773,10.9736,10.8698,10.766,10.6621,10.5582,10.4543,10.3502,10.2462,10.1421,9.9706,9.7797,9.5888,9.3977,9.2066,9.0154,8.8242,8.6328,8.4414,8.2789,8.1904,8.1021,8.0138,7.9258,7.8379,7.7501,7.6625,7.5751,7.4878,7.4015,7.3153,7.2291,7.1428,7.0565,6.9702,6.8838,6.7973
14.4986,14.4243,14.3501,14.2761,14.2021,14.1283,14.0546,13.981,13.9074,13.821,13.7265,13.632,13.5375,13.4429,13.3483,13.2536,13.1589,13.0642,12.9787,12.9567,12.9345,12.9123,12.8898,12.8673,12.8446,12.8218,12.7989,12.7759,12.7689,12.771,12.773,12.7749,12.7767,12.7785,12.7801,12.7817,12.7831,12.7943,12.8612,12.9281,12.9949,13.0618,13.1286,13.1954,13.2622,13.329,13.3958,13.4417,13.4769,13.512,13.5471,13.5822,13.6174,13.6525,13.6876,13.7228,13.7409,13.6764,13.6118,13.5472,13.4826,13.418,13.3533,13.2885,13.2237,13.1588,13.1149,13.0807,13.0465,13.0123,12.9781,12.9438,12.9094,12.875,12.8406,12.8112,12.8032,12.7952,12.787,12.7788,12.7704,12.762,12.7535,12.7449,12.7361,12.7031,12.6596,12.616,12.5721,12.5279,12.4835,12.4389,12.3939,12.3487,12.2818,12.136,11.9899,11.8437,11.6973,11.5507,11.4039,11.2569,11.1098,10.9624,10.8817,10.8266,10.7714,10.7161,10.6608,10.6055,10.5501,10.4947,10.4393,10.3981,10.4043,10.4108,10.4176,10.4245,10.4317,10.4391,10.4468,10.4547,10.4629,10.5036,10.5559,10.6081,10.6602,10.7124,10.7645,10.8165,10.8686,10.9206,10.9347,10.831,10.7272,10.6233,10.5195,10.4155,10.3116,10.2075,10.1034,9.9993,9.83,9.6386,9.4472,9.2557,9.064,8.8724,8.6806,8.4887,8.2968,8.1313,8.0457,7.9603,7.875,7.7899,7.7049,7.6201,7.5354,7.4509,7.3665,7.2809,7.1947,7.1085,7.0222,6.936,6.8496,6.7632,6.6768
14.4261,14.3475,14.269,14.1906,14.1124,14.0342,13.9562,13.8783,13.8005,13.7121,13.6176,13.523,13.4284,13.3337,13.2391,13.1443,13.0496,12.9548,12.8708,12.8536,12.8363,12.8189,12.8013,12.7835,12.7657,12.7477,12.7296,12.7114,12.7099,12.7173,12.7247,12.732,12.7392,12.7462,12.7532,12.7602,12.767,12.7833,12.852,12.9206,12.9892,13.0578,13.1264,13.195,13.2636,13.3321,13.4006,13.4488,13.4865,13.5242,13.562,13.5997,13.6374,13.6751,13.7128,13.7506,13.7695,13.6962,13.623,13.5498,13.4765,13.4031,13.3298,13.2563,13.1828,13.1093,13.0612,13.0253,12.9893,12.9533,12.9173,12.8812,12.845,12.8089,12.7727,12.741,12.7293,12.7175,12.7056,12.6937,12.6816,12.6695,12.6573,12.6449,12.6325,12.5927,12.5407,12.4885,12.436,12.3834,12.3304,12.2772,12.2237,12.1699,12.0968,11.947,11.7971,11.647,11.4967,11.3462,11.1955,11.0447,10.8936,10.7424,10.6596,10.6053,10.551,10.4966,10.4422,10.3877,10.3332,10.2787,10.2241,10.1838,10.197,10.2105,10.2242,10.2381,10.2522,10.2666,10.2813,10.2961,10.3113,10.3533,10.406,10.4586,10.5111,10.5637,10.6162,10.6687,10.7211,10.7736,10.7921,10.6883,10.5845,10.4807,10.3768,10.2728,10.1689,10.0648,9.9607,9.8566,9.6895,9.4976,9.3056,9.1136,8.9215,8.7293,8.537,8.3447,8.1522,7.9835,7.9009,7.8184,7.736,7.6538,7.5717,7.4898,7.408,7.3264,7.245,7.1603,7.0741,6.9879,6.9017,6.8154,6.7291,6.6427,6.5563
14.3534,14.2705,14.1877,14.105,14.0225,13.9401,13.8577,13.7755,13.6934,13.6032,13.5086,13.414,13.3193,13.2246,13.1299,13.0351,12.9403,12.8454,12.763,12.7507,12.7382,12.7256,12.7128,12.6999,12.6869,12.6737,12.6604,12.6471,12.6509,12.6637,12.6765,12.6891,12.7016,12.7141,12.7265,12.7387,12.751,12.7724,12.8428,12.9132,12.9836,13.0539,13.1243,13.1946,13.2649,13.3352,13.4055,13.4559,13.4962,13.5365,13.5768,13.6171,13.6574,13.6977,13.7381,13.7784,13.798,13.7161,13.6342,13.5523,13.4703,13.3883,13.3063,13.2242,13.142,13.0598,13.0075,12.9698,12.9321,12.8943,12.8565,12.8186,12.7807,12.7428,12.7048,12.6708,12.6554,12.6399,12.6243,12.6087,12.5929,12.5771,12.5611,12.5451,12.5289,12.4825,12.422,12.3612,12.3002,12.239,12.1775,12.1157,12.0537,11.9914,11.9119,11.7582,11.6044,11.4504,11.2962,11.1418,10.9873,10.8325,10.6776,10.5224,10.4374,10.384,10.3305,10.277,10.2235,10.1699,10.1162,10.0626,10.0089,9.9692,9.9894,10.0099,10.0305,10.0514,10.0725,10.0938,10.1154,10.1373,10.1594,10.203,10.256,10.309,10.362,10.415,10.4679,10.5208,10.5737,10.6265,10.6495,10.5457,10.4419,10.338,10.2341,10.1302,10.0261,9.9221,9.818,9.7138,9.549,9.3566,9.1641,8.9716,8.779,8.5863,8.3935,8.2007,8.0077,7.8356,7.7558,7.6762,7.5968,7.5175,7.4383,7.3593,7.2805,7.2018,7.1233,7.0396,6.9535,6.8673,6.7811,6.6948,6.6086,6.5222,6.4358
14.2805,14.1933,14.1062,14.0193,13.9325,13.8457,13.7591,13.6726,13.5862,13.4944,13.3997,13.305,13.2103,13.1155,13.0207,12.9258,12.831,12.7361,12.6554,12.6479,12.6402,12.6324,12.6244,12.6163,12.6081,12.5998,12.5913,12.5828,12.592,12.6102,12.6283,12.6463,12.6642,12.682,12.6997,12.7174,12.735,12.7615,12.8337,12.9058,12.9779,13.05,13.1221,13.1942,13.2662,13.3383,13.4103,13.4629,13.5059,13.5488,13.5917,13.6346,13.6775,13.7204,13.7633,13.8062,13.8266,13.7361,13.6455,13.5549,13.4643,13.3736,13.2829,13.1921,13.1013,13.0103,12.9539,12.9144,12.8749,12.8353,12.7957,12.7561,12.7164,12.6767,12.6369,12.6006,12.5815,12.5623,12.5431,12.5237,12.5042,12.4847,12.465,12.4453,12.4254,12.3725,12.3035,12.2342,12.1646,12.0948,12.0248,11.9545,11.8839,11.8131,11.727,11.5695,11.4118,11.2539,11.0958,10.9375,10.7791,10.6205,10.4616,10.3026,10.2152,10.1626,10.11,10.0574,10.0047,9.952,9.8992,9.8464,9.7936,9.7544,9.7816,9.8089,9.8365,9.8644,9.8924,9.9207,9.9493,9.9781,10.0071,10.0526,10.1061,10.1595,10.2129,10.2663,10.3196,10.3729,10.4262,10.4795,10.5068,10.4031,10.2992,10.1954,10.0914,9.9875,9.8834,9.7794,9.6752,9.5711,9.4085,9.2156,9.0226,8.8296,8.6365,8.4433,8.25,8.0567,7.8632,7.6874,7.6106,7.5339,7.4573,7.3809,7.3047,7.2286,7.1527,7.0769,7.0013,6.919,6.8329,6.7467,6.6605,6.5743,6.488,6.4017,6.3153
14.2075,14.116,14.0247,13.9334,13.8423,13.7513,13.6604,13.5696,13.4789,13.3855,13.2907,13.196,13.1012,13.0064,12.9115,12.8166,12.7217,12.6267,12.5479,12.5451,12.5423,12.5393,12.5361,12.5329,12.5295,12.526,12.5223,12.5186,12.5332,12.5568,12.5802,12.6036,12.6269,12.65,12.6731,12.6961,12.719,12.7506,12.8245,12.8984,12.9723,13.0461,13.12,13.1938,13.2676,13.3414,13.4152,13.47,13.5155,13.561,13.6065,13.652,13.6975,13.743,13.7885,13.834,13.8553,13.756,13.6568,13.5575,13.4582,13.3589,13.2595,13.1601,13.0606,12.961,12.9003,12.859,12.8177,12.7763,12.735,12.6936,12.6521,12.6106,12.569,12.5306,12.5077,12.4848,12.4619,12.4388,12.4156,12.3924,12.369,12.3456,12.322,12.2627,12.1851,12.1073,12.0292,11.9509,11.8723,11.7935,11.7144,11.635,11.5423,11.3809,11.2193,11.0575,10.8955,10.7334,10.5711,10.4086,10.2458,10.0829,9.993,9.9413,9.8895,9.8378,9.786,9.7341,9.6822,9.6303,9.5783,9.5393,9.5734,9.6077,9.6423,9.6771,9.7121,9.7473,9.7828,9.8186,9.8546,9.9022,9.9561,10.0099,10.0637,10.1175,10.1713,10.225,10.2787,10.3324,10.3642,10.2604,10.1566,10.0527,9.9488,9.8448,9.7407,9.6366,9.5325,9.4283,9.268,9.0746,8.8812,8.6876,8.494,8.3003,8.1066,7.9127,7.7188,7.539,7.4651,7.3913,7.3177,7.2442,7.1709,7.0977,7.0245,6.9513,6.8782,6.7971,6.7108,6.6246,6.5383,6.452,6.3658,6.2795,6.1933
14.1344,14.0386,13.9429,13.8474,13.752,13.6567,13.5615,13.4664,13.3714,13.2766,13.1818,13.087,12.9921,12.8972,12.8023,12.7073,12.6123,12.5173,12.4404,12.4425,12.4445,12.4463,12.448,12.4495,12.4509,12.4522,12.4534,12.4545,12.4745,12.5034,12.5323,12.561,12.5896,12.6181,12.6465,12.6749,12.7032,12.7398,12.8154,12.891,12.9667,13.0423,13.1178,13.1934,13.269,13.3445,13.42,13.4771,13.5252,13.5733,13.6214,13.6695,13.7175,13.7656,13.8137,13.8618,13.8839,13.776,13.6681,13.5602,13.4522,13.3442,13.2362,13.1281,13.0199,12.9117,12.8466,12.8036,12.7605,12.7174,12.6742,12.6311,12.5878,12.5445,12.5012,12.4605,12.434,12.4074,12.3807,12.354,12.3271,12.3001,12.2731,12.2459,12.2187,12.1531,12.0669,11.9806,11.894,11.8071,11.72,11.6326,11.545,11.4571,11.3577,11.1924,11.0269,10.8612,10.6954,10.5294,10.3632,10.1968,10.0302,9.8634,9.7707,9.7199,9.669,9.6181,9.5672,9.5162,9.4651,9.4141,9.3629,9.3239,9.365,9.4062,9.4477,9.4895,9.5314,9.5736,9.6161,9.6588,9.7017,9.7517,9.8058,9.8596,9.9133,9.9667,10.0199,10.0728,10.1256,10.1781,10.2128,10.1079,10.003,9.898,9.7928,9.6877,9.5824,9.477,9.3716,9.266,9.1083,8.916,8.7239,8.532,8.3403,8.1488,7.9575,7.7665,7.5756,7.3952,7.3231,7.251,7.179,7.107,7.0351,6.9632,6.8914,6.8196,6.7479,6.6683,6.5826,6.497,6.4115,6.3259,6.2403,6.1547,6.0691
14.0465,13.9541,13.8615,13.7687,13.6756,13.5822,13.4887,13.3949,13.3009,13.2082,13.1158,13.0233,12.9306,12.8377,12.7447,12.6514,12.558,12.4644,12.3904,12.3957,12.401,12.4062,12.4113,12.4163,12.4212,12.426,12.4308,12.4355,12.4575,12.4874,12.5174,12.5475,12.5777,12.608,12.6384,12.6688,12.6993,12.7378,12.8118,12.8859,12.9601,13.0344,13.1088,13.1833,13.2578,13.3324,13.407,13.464,13.5125,13.561,13.6095,13.658,13.7065,13.7549,13.8033,13.8516,13.8727,13.757,13.6413,13.5255,13.4097,13.2938,13.1778,13.0617,12.9455,12.8293,12.7583,12.7106,12.6628,12.6148,12.5666,12.5182,12.4696,12.4208,12.3718,12.3249,12.2917,12.2583,12.2247,12.1908,12.1567,12.1223,12.0876,12.0527,12.0175,11.9449,11.8513,11.7577,11.664,11.5702,11.4762,11.3822,11.2882,11.194,11.0903,10.9246,10.7591,10.5937,10.4283,10.2631,10.098,9.9331,9.7683,9.6037,9.5139,9.4697,9.4258,9.3822,9.3389,9.2959,9.2533,9.211,9.169,9.1372,9.1828,9.2285,9.2742,9.32,9.3659,9.4119,9.458,9.5042,9.5504,9.5995,9.6502,9.7007,9.7511,9.8011,9.851,9.9007,9.9501,9.9993,10.035,9.9297,9.8243,9.7189,9.6133,9.5077,9.402,9.2962,9.1903,9.0844,8.9314,8.7434,8.5555,8.3678,8.1804,7.9931,7.806,7.6192,7.4326,7.2524,7.1817,7.111,7.0403,6.9697,6.8992,6.8287,6.7582,6.6878,6.6175,6.5393,6.4544,6.3695,6.2846,6.1996,6.1147,6.0298,5.9449
13.9525,13.8667,13.7806,13.6942,13.6076,13.5208,13.4337,13.3464,13.2588,13.1728,13.0872,13.0013,12.9153,12.8291,12.7427,12.6561,12.5694,12.4825,12.416,12.4262,12.4364,12.4465,12.4565,12.4664,12.4762,12.486,12.4956,12.5052,12.5255,12.5504,12.5755,12.6007,12.6259,12.6512,12.6767,12.7022,12.7277,12.7604,12.8237,12.8871,12.9507,13.0143,13.078,13.1418,13.2056,13.2695,13.3334,13.3816,13.4223,13.4629,13.5036,13.5442,13.5848,13.6254,13.6659,13.7064,13.7204,13.6009,13.4814,13.3617,13.2421,13.1223,13.0025,12.8826,12.7626,12.6425,12.5629,12.5045,12.446,12.3873,12.3285,12.2694,12.2101,12.1506,12.0909,12.0336,11.9923,11.9508,11.9091,11.8671,11.8248,11.7823,11.7395,11.6965,11.6532,11.579,11.4867,11.3944,11.3019,11.2094,11.1168,11.0241,10.9313,10.8384,10.7377,10.5797,10.4218,10.2641,10.1064,9.9489,9.7914,9.6342,9.477,9.32,9.2379,9.2046,9.1717,9.139,9.1066,9.0745,9.0428,9.0114,8.9804,8.957,9.0058,9.0547,9.1036,9.1526,9.2017,9.2509,9.3002,9.3496,9.399,9.4474,9.4948,9.542,9.589,9.6358,9.6823,9.7286,9.7747,9.8206,9.8572,9.7515,9.6457,9.5398,9.4339,9.3278,9.2217,9.1155,9.0091,8.9027,8.7543,8.5705,8.3868,8.2034,8.0202,7.8371,7.6543,7.4717,7.2893,7.1095,7.0401,6.9708,6.9016,6.8323,6.7632,6.694,6.625,6.5559,6.487,6.4104,6.3261,6.2419,6.1576,6.0734,5.9891,5.9049,5.8207
13.8588,13.7795,13.6998,13.62,13.5398,13.4595,13.3789,13.298,13.217,13.1376,13.0587,12.9795,12.9002,12.8207,12.7409,12.661,12.581,12.5007,12.4417,12.4569,12.472,12.4869,12.5018,12.5166,12.5313,12.546,12.5606,12.5751,12.5934,12.6134,12.6335,12.6537,12.674,12.6944,12.7149,12.7354,12.7561,12.7829,12.8355,12.8883,12.9411,12.9941,13.0471,13.1002,13.1533,13.2066,13.2598,13.2992,13.332,13.3648,13.3976,13.4304,13.4631,13.4959,13.5285,13.5612,13.5681,13.4448,13.3214,13.198,13.0745,12.9509,12.8272,12.7035,12.5796,12.4557,12.3676,12.2986,12.2294,12.16,12.0905,12.0207,11.9508,11.8806,11.8102,11.7425,11.6931,11.6434,11.5936,11.5434,11.4931,11.4425,11.3916,11.3405,11.289,11.213,11.1221,11.031,10.9399,10.8486,10.7573,10.6659,10.5744,10.4828,10.3849,10.2346,10.0844,9.9343,9.7842,9.6344,9.4846,9.335,9.1855,9.0362,8.9615,8.9392,8.9171,8.8953,8.8739,8.8527,8.8319,8.8114,8.7913,8.7767,8.8287,8.8808,8.9329,8.9851,9.0374,9.0898,9.1423,9.1948,9.2475,9.2955,9.3396,9.3834,9.4271,9.4706,9.5138,9.5568,9.5996,9.6421,9.6795,9.5734,9.4671,9.3608,9.2544,9.1479,9.0414,8.9347,8.828,8.7211,8.577,8.3973,8.2179,8.0387,7.8597,7.6809,7.5023,7.3239,7.1457,6.9678,6.8985,6.8306,6.7627,6.6948,6.627,6.5593,6.4916,6.4239,6.3563,6.2814,6.1978,6.1142,6.0306,5.947,5.8634,5.7799,5.6963
13.7654,13.6925,13.6193,13.5459,13.4723,13.3984,13.3243,13.2499,13.1754,13.1027,13.0304,12.9579,12.8852,12.8124,12.7393,12.6661,12.5927,12.5192,12.4675,12.4876,12.5076,12.5275,12.5473,12.5669,12.5866,12.6061,12.6256,12.645,12.6612,12.6762,12.6914,12.7067,12.7221,12.7375,12.753,12.7686,12.7843,12.8053,12.8472,12.8893,12.9315,12.9738,13.0161,13.0585,13.101,13.1436,13.1861,13.2167,13.2417,13.2666,13.2916,13.3165,13.3414,13.3663,13.3912,13.4159,13.4158,13.2887,13.1615,13.0342,12.9069,12.7794,12.652,12.5244,12.3967,12.269,12.1724,12.0927,12.0128,11.9328,11.8526,11.7722,11.6916,11.6107,11.5297,11.4514,11.3939,11.3362,11.2782,11.22,11.1615,11.1028,11.0438,10.9846,10.925,10.8471,10.7574,10.6676,10.5778,10.4878,10.3978,10.3076,10.2174,10.1271,10.0319,9.8893,9.7467,9.6042,9.4619,9.3196,9.1775,9.0355,8.8937,8.752,8.6848,8.6734,8.6622,8.6513,8.6407,8.6305,8.6206,8.611,8.6018,8.5963,8.6514,8.7067,8.762,8.8174,8.8729,8.9285,8.9842,9.0399,9.0958,9.1437,9.1845,9.225,9.2654,9.3055,9.3454,9.3851,9.4246,9.4638,9.5018,9.3952,9.2885,9.1818,9.075,8.9681,8.8611,8.754,8.6468,8.5396,8.3993,8.224,8.0488,7.8738,7.699,7.5244,7.35,7.1758,7.0019,6.8281,6.7568,6.6902,6.6237,6.5573,6.4908,6.4245,6.3581,6.2919,6.2256,6.1523,6.0694,5.9865,5.9035,5.8206,5.7377,5.6548,5.5719
13.6721,13.6057,13.539,13.4721,13.4049,13.3375,13.2699,13.202,13.1339,13.0679,13.0023,12.9365,12.8705,12.8043,12.7379,12.6714,12.6047,12.5378,12.4935,12.5185,12.5433,12.5681,12.5928,12.6174,12.6419,12.6663,12.6907,12.715,12.7289,12.739,12.7493,12.7596,12.77,12.7805,12.7911,12.8018,12.8125,12.8275,12.8588,12.8902,12.9217,12.9533,12.985,13.0168,13.0486,13.0805,13.1124,13.1342,13.1513,13.1685,13.1856,13.2027,13.2197,13.2368,13.2538,13.2707,13.2635,13.1326,13.0015,12.8704,12.7393,12.608,12.4767,12.3453,12.2139,12.0823,11.9773,11.8869,11.7964,11.7057,11.6148,11.5238,11.4325,11.341,11.2492,11.1605,11.0949,11.029,10.963,10.8966,10.8301,10.7633,10.6962,10.6288,10.5612,10.4811,10.3927,10.3042,10.2156,10.127,10.0382,9.9494,9.8604,9.7714,9.6787,9.5437,9.4088,9.274,9.1392,9.0047,8.8702,8.7359,8.6017,8.4676,8.4077,8.4071,8.4069,8.4069,8.4072,8.4079,8.4089,8.4102,8.4119,8.4157,8.4741,8.5325,8.591,8.6496,8.7083,8.7671,8.8259,8.8849,8.9439,8.9921,9.0295,9.0668,9.1038,9.1406,9.1772,9.2136,9.2497,9.2857,9.3213,9.2171,9.11,9.0028,8.8956,8.7882,8.6808,8.5733,8.4657,8.358,8.2215,8.0503,7.8793,7.7085,7.538,7.3676,7.1974,7.0275,6.8577,6.6882,6.615,6.5498,6.4847,6.4196,6.3545,6.2895,6.2246,6.1597,6.0948,6.0232,5.9409,5.8587,5.7764,5.6942,5.612,5.5297,5.4475
13.5791,13.5191,13.4589,13.3985,13.3378,13.2769,13.2157,13.1543,13.0927,13.0333,12.9744,12.9152,12.8559,12.7964,12.7367,12.6768,12.6168,12.5565,12.5196,12.5494,12.5792,12.6088,12.6384,12.6679,12.6973,12.7266,12.7559,12.785,12.7965,12.8017,12.807,12.8124,12.8179,12.8235,12.8292,12.8349,12.8407,12.8497,12.8703,12.8911,12.9119,12.9329,12.9539,12.975,12.9962,13.0174,13.0386,13.0517,13.061,13.0703,13.0795,13.0888,13.098,13.1072,13.1164,13.1255,13.1113,12.9765,12.8416,12.7067,12.5717,12.4367,12.3015,12.1663,12.031,11.8956,11.7822,11.6812,11.5801,11.4787,11.3772,11.2755,11.1735,11.0714,10.969,10.8697,10.796,10.722,10.6479,10.5734,10.4988,10.4239,10.3487,10.2733,10.1975,10.1151,10.028,9.9408,9.8535,9.7661,9.6786,9.5911,9.5034,9.4157,9.3253,9.1979,9.0707,8.9435,8.8164,8.6895,8.5626,8.4359,8.3094,8.183,8.1302,8.1406,8.1512,8.1621,8.1733,8.1849,8.1967,8.2089,8.2215,8.235,8.2966,8.3582,8.4199,8.4817,8.5436,8.6055,8.6676,8.7297,8.7919,8.8406,8.8748,8.9087,8.9424,8.9759,9.0092,9.0422,9.0751,9.1077,9.1401,9.039,8.9315,8.8239,8.7162,8.6084,8.5006,8.3926,8.2846,8.1765,8.0434,7.8764,7.7096,7.5431,7.3767,7.2105,7.0446,6.8789,6.7133,6.548,6.4731,6.4093,6.3455,6.2818,6.2181,6.1545,6.0909,6.0274,5.9639,5.894,5.8125,5.7309,5.6493,5.5677,5.4862,5.4046,5.323
13.4863,13.4328,13.3791,13.3251,13.2709,13.2164,13.1617,13.1068,13.0517,12.9989,12.9467,12.8942,12.8415,12.7887,12.7356,12.6824,12.629,12.5755,12.5457,12.5805,12.6151,12.6497,12.6841,12.7185,12.7528,12.787,12.8211,12.8552,12.8641,12.8644,12.8647,12.8652,12.8657,12.8664,12.8671,12.8679,12.8688,12.8717,12.8817,12.8918,12.902,12.9123,12.9227,12.9331,12.9436,12.9542,12.9648,12.9691,12.9706,12.972,12.9735,12.9749,12.9763,12.9777,12.979,12.9803,12.959,12.8204,12.6817,12.543,12.4042,12.2653,12.1263,11.9873,11.8482,11.709,11.5873,11.4756,11.3638,11.2518,11.1397,11.0273,10.9147,10.8019,10.6889,10.579,10.4972,10.4151,10.3329,10.2504,10.1676,10.0846,10.0014,9.9178,9.834,9.749,9.6632,9.5773,9.4913,9.4052,9.319,9.2327,9.1464,9.0599,8.9717,8.852,8.7323,8.6128,8.4933,8.374,8.2548,8.1358,8.0169,7.8981,7.8524,7.8736,7.8951,7.9169,7.939,7.9614,7.9842,8.0073,8.0307,8.0545,8.1189,8.1838,8.2487,8.3136,8.3787,8.4438,8.509,8.5743,8.6397,8.6893,8.7201,8.7507,8.7811,8.8113,8.8413,8.8711,8.9006,8.9299,8.9589,8.8609,8.753,8.6449,8.5368,8.4286,8.3203,8.212,8.1035,7.995,7.865,7.7023,7.5397,7.3773,7.2152,7.0532,6.8915,6.73,6.5687,6.4076,6.3311,6.2687,6.2063,6.1439,6.0816,6.0194,5.9572,5.895,5.8329,5.7648,5.6839,5.603,5.5221,5.4412,5.3603,5.2794,5.1985
13.3938,13.3467,13.2995,13.2519,13.2042,13.1562,13.1079,13.0595,13.0108,12.9648,12.9192,12.8733,12.8273,12.7811,12.7347,12.6882,12.6415,12.5946,12.5721,12.6117,12.6512,12.6906,12.73,12.7692,12.8084,12.8475,12.8865,12.9255,12.9315,12.9269,12.9223,12.9179,12.9135,12.9092,12.905,12.9009,12.8968,12.8936,12.8929,12.8924,12.892,12.8916,12.8913,12.8912,12.891,12.891,12.8909,12.8865,12.8801,12.8738,12.8674,12.861,12.8546,12.8482,12.8417,12.8351,12.8067,12.6643,12.5218,12.3793,12.2366,12.0939,11.9512,11.8083,11.6654,11.5223,11.3924,11.2702,11.1477,11.0251,10.9022,10.7792,10.656,10.5326,10.4089,10.2884,10.1985,10.1084,10.018,9.9275,9.8366,9.7455,9.6542,9.5626,9.4707,9.3829,9.2984,9.2138,9.1291,9.0443,8.9594,8.8744,8.7893,8.7041,8.6179,8.5058,8.3938,8.2818,8.17,8.0584,7.9468,7.8354,7.7241,7.613,7.5742,7.6063,7.6386,7.6713,7.7043,7.7376,7.7712,7.8052,7.8395,7.8742,7.9412,8.0092,8.0773,8.1454,8.2137,8.282,8.3504,8.4189,8.4874,8.5382,8.5657,8.593,8.6201,8.6469,8.6736,8.7,8.7263,8.7522,8.778,8.6829,8.5745,8.466,8.3575,8.2489,8.1401,8.0314,7.9225,7.8135,7.6864,7.5278,7.3695,7.2114,7.0534,6.8957,6.7381,6.5808,6.4237,6.2668,6.189,6.1279,6.0669,6.006,5.945,5.8842,5.8233,5.7625,5.7018,5.6356,5.5553,5.4751,5.3948,5.3146,5.2344,5.1541,5.0739
13.3014,13.2609,13.2201,13.179,13.1377,13.0962,13.0544,13.0124,12.9702,12.9308,12.8918,12.8527,12.8133,12.7738,12.734,12.6941,12.654,12.6138,12.5985,12.643,12.6874,12.7317,12.7759,12.8201,12.8641,12.9081,12.952,12.9958,12.9989,12.9893,12.9799,12.9705,12.9612,12.952,12.9429,12.9338,12.9248,12.9154,12.9041,12.8929,12.8818,12.8708,12.86,12.8491,12.8384,12.8277,12.817,12.8039,12.7897,12.7755,12.7613,12.7471,12.7329,12.7186,12.7043,12.69,12.6545,12.5082,12.3619,12.2156,12.0691,11.9226,11.776,11.6293,11.4826,11.3358,11.1977,11.0648,10.9317,10.7984,10.6649,10.5313,10.3974,10.2634,10.1291,9.9979,9.9,9.8018,9.7033,9.6047,9.5058,9.4066,9.3072,9.2075,9.1075,9.0168,8.9336,8.8503,8.7668,8.6833,8.5997,8.516,8.4322,8.3483,8.2638,8.1594,8.055,7.9507,7.8465,7.7425,7.6385,7.5347,7.4311,7.3276,7.2956,7.3386,7.3818,7.4253,7.4692,7.5133,7.5578,7.6027,7.6478,7.6934,7.7633,7.8345,7.9057,7.9771,8.0485,8.12,8.1916,8.2632,8.335,8.3871,8.4113,8.4353,8.4591,8.4827,8.5061,8.5292,8.5521,8.5748,8.5972,8.5048,8.396,8.2871,8.1782,8.0691,7.96,7.8508,7.7414,7.632,7.5075,7.3532,7.1991,7.0451,6.8914,6.7378,6.5845,6.4314,6.2785,6.1258,6.0468,5.9871,5.9275,5.8679,5.8083,5.7488,5.6894,5.63,5.5706,5.5063,5.4267,5.3471,5.2675,5.188,5.1084,5.0288,4.9493
13.2094,13.1752,13.1409,13.1063,13.0714,13.0363,13.001,12.9655,12.9297,12.897,12.8647,12.8322,12.7995,12.7666,12.7335,12.7002,12.6668,12.6332,12.625,12.6744,12.7237,12.7729,12.822,12.871,12.9199,12.9688,13.0175,13.0662,13.0662,13.0517,13.0373,13.023,13.0088,12.9947,12.9806,12.9667,12.9528,12.937,12.9151,12.8933,12.8716,12.85,12.8285,12.807,12.7856,12.7643,12.743,12.7212,12.6992,12.6772,12.6552,12.6332,12.6111,12.5891,12.5669,12.5448,12.5022,12.3522,12.202,12.0519,11.9016,11.7513,11.6009,11.4504,11.2998,11.1492,11.003,10.8595,10.7157,10.5718,10.4278,10.2835,10.139,9.9943,9.8494,9.7076,9.6015,9.4953,9.3888,9.282,9.175,9.0678,8.9603,8.8525,8.7445,8.6507,8.5687,8.4867,8.4045,8.3223,8.24,8.1575,8.075,7.9924,7.9096,7.8127,7.716,7.6193,7.5228,7.4263,7.33,7.2338,7.1378,7.0419,7.0167,7.0705,7.1246,7.179,7.2337,7.2887,7.3441,7.3997,7.4558,7.5122,7.5853,7.6596,7.7341,7.8086,7.8832,7.9579,8.0326,8.1075,8.1824,8.2363,8.2572,8.2779,8.2984,8.3186,8.3387,8.3585,8.3781,8.3975,8.4166,8.3268,8.2176,8.1083,7.9989,7.8894,7.7798,7.6702,7.5604,7.4506,7.3284,7.1783,7.0283,6.8786,6.7291,6.5797,6.4306,6.2817,6.133,5.9845,5.9046,5.8463,5.788,5.7297,5.6716,5.6134,5.5553,5.4973,5.4393,5.3769,5.298,5.2191,5.1402,5.0613,4.9824,4.9035,4.8246
13.1175,13.0898,13.0619,13.0338,13.0054,12.9767,12.9479,12.9188,12.8895,12.8634,12.8378,12.8119,12.7858,12.7596,12.7331,12.7065,12.6797,12.6528,12.6517,12.7059,12.7601,12.8142,12.8681,12.922,12.9758,13.0295,13.0832,13.1367,13.1334,13.114,13.0947,13.0755,13.0563,13.0373,13.0183,12.9994,12.9806,12.9586,12.926,12.8936,12.8613,12.8291,12.7969,12.7648,12.7328,12.7009,12.6689,12.6385,12.6087,12.5789,12.5491,12.5193,12.4894,12.4595,12.4296,12.3996,12.35,12.1961,12.0422,11.8882,11.7341,11.58,11.4258,11.2715,11.1171,10.9627,10.8084,10.6543,10.4999,10.3454,10.1907,10.0358,9.8807,9.7254,9.5698,9.4173,9.3032,9.1889,9.0743,8.9595,8.8445,8.7292,8.6136,8.4978,8.3816,8.2846,8.2039,8.1231,8.0422,7.9613,7.8802,7.7991,7.7179,7.6365,7.5551,7.4659,7.3768,7.2877,7.1988,7.11,7.0213,6.9327,6.8443,6.756,6.7373,6.802,6.867,6.9322,6.9978,7.0637,7.1299,7.1964,7.2633,7.3305,7.4071,7.4847,7.5623,7.64,7.7177,7.7956,7.8735,7.9516,8.0297,8.0856,8.1032,8.1206,8.1378,8.1547,8.1715,8.188,8.2043,8.2204,8.2362,8.1488,8.0392,7.9294,7.8196,7.7097,7.5997,7.4896,7.3795,7.2692,7.149,7.0031,6.8574,6.7118,6.5665,6.4214,6.2765,6.1317,5.9873,5.843,5.7622,5.7053,5.6484,5.5915,5.5347,5.4779,5.4212,5.3645,5.3079,5.2475,5.1693,5.091,5.0128,4.9345,4.8563,4.7781,4.6999
13.0259,13.0047,12.9832,12.9615,12.9395,12.9173,12.8949,12.8723,12.8494,12.8301,12.811,12.7918,12.7724,12.7528,12.733,12.713,12.6928,12.6725,12.6784,12.7376,12.7966,12.8555,12.9144,12.9731,13.0318,13.0904,13.1489,13.2073,13.2006,13.1762,13.152,13.1279,13.1038,13.0799,13.056,13.0322,13.0084,12.98,12.9369,12.8938,12.8509,12.808,12.7653,12.7226,12.68,12.6374,12.5948,12.5558,12.5182,12.4805,12.4429,12.4053,12.3676,12.33,12.2922,12.2544,12.1977,12.0401,11.8823,11.7245,11.5667,11.4087,11.2507,11.0926,10.9344,10.7762,10.6139,10.4491,10.2842,10.1191,9.9537,9.7882,9.6225,9.4566,9.2904,9.1272,9.005,8.8826,8.76,8.6371,8.514,8.3907,8.267,8.1431,8.019,7.9184,7.839,7.7595,7.6799,7.6002,7.5204,7.4406,7.3606,7.2806,7.2005,7.1189,7.0373,6.9559,6.8746,6.7934,6.7123,6.6313,6.5505,6.4698,6.4577,6.5332,6.609,6.6851,6.7615,6.8382,6.9152,6.9926,7.0704,7.1485,7.2288,7.3096,7.3904,7.4712,7.5522,7.6332,7.7143,7.7955,7.8768,7.935,7.9493,7.9634,7.9773,7.991,8.0044,8.0176,8.0307,8.0434,8.056,7.9709,7.8608,7.7506,7.6404,7.53,7.4196,7.3091,7.1985,7.0878,6.9694,6.8277,6.6862,6.5448,6.4037,6.2628,6.122,5.9815,5.8412,5.7011,5.6198,5.5642,5.5087,5.4532,5.3977,5.3423,5.287,5.2317,5.1764,5.1181,5.0405,4.9629,4.8853,4.8078,4.7302,4.6526,4.5751
12.9345,12.9197,12.9047,12.8894,12.8739,12.8581,12.8422,12.826,12.8096,12.7969,12.7845,12.7719,12.7591,12.7461,12.733,12.7196,12.7061,12.6924,12.7053,12.7693,12.8332,12.897,12.9607,13.0243,13.0879,13.1513,13.2147,13.278,13.2676,13.2384,13.2092,13.1802,13.1512,13.1223,13.0936,13.0648,13.0362,13.0013,12.9476,12.8939,12.8404,12.7869,12.7336,12.6803,12.627,12.5738,12.5207,12.473,12.4276,12.3822,12.3368,12.2913,12.2459,12.2004,12.1549,12.1093,12.0455,11.884,11.7225,11.5609,11.3992,11.2375,11.0756,10.9137,10.7517,10.5897,10.4195,10.2441,10.0686,9.8928,9.7169,9.5408,9.3645,9.1879,9.0112,8.8372,8.707,8.5765,8.4458,8.3149,8.1837,8.0523,7.9206,7.7887,7.6564,7.5522,7.474,7.3958,7.3175,7.2391,7.1606,7.0821,7.0034,6.9246,6.8458,6.7716,6.6977,6.6239,6.5501,6.4765,6.403,6.3297,6.2565,6.1834,6.1776,6.264,6.3506,6.4376,6.5248,6.6124,6.7002,6.7885,6.877,6.9659,7.0504,7.1343,7.2183,7.3023,7.3864,7.4706,7.5549,7.6393,7.7238,7.7846,7.7956,7.8064,7.817,7.8274,7.8375,7.8475,7.8572,7.8667,7.8759,7.7929,7.6824,7.5718,7.4611,7.3504,7.2395,7.1286,7.0176,6.9065,6.7896,6.652,6.5147,6.3776,6.2406,6.1039,5.9673,5.831,5.6949,5.559,5.4772,5.423,5.3696,5.3186,5.2677,5.2168,5.166,5.1152,5.0644,5.0113,4.9374,4.8635,4.7896,4.7157,4.6418,4.5679,4.4939
12.8433,12.835,12.8264,12.8175,12.8085,12.7992,12.7896,12.7799,12.7699,12.7639,12.7581,12.7522,12.746,12.7397,12.7331,12.7264,12.7195,12.7125,12.7323,12.8012,12.87,12.9386,13.0072,13.0757,13.1441,13.2124,13.2806,13.3488,13.3346,13.3004,13.2664,13.2324,13.1985,13.1648,13.1311,13.0974,13.0639,13.0225,12.9582,12.8939,12.8298,12.7657,12.7017,12.6378,12.574,12.5102,12.4465,12.3902,12.337,12.2838,12.2306,12.1774,12.1241,12.0708,12.0175,11.9641,11.8933,11.728,11.5627,11.3972,11.2318,11.0662,10.9006,10.7349,10.5691,10.4032,10.2252,10.0392,9.853,9.6667,9.4802,9.2935,9.1066,8.9194,8.7321,8.5473,8.409,8.2705,8.1318,7.9928,7.8536,7.7141,7.5744,7.4344,7.2941,7.1859,7.1091,7.0321,6.9551,6.878,6.8008,6.7235,6.6461,6.5686,6.4911,6.4242,6.3578,6.2916,6.2255,6.1595,6.0936,6.0278,5.9622,5.8968,5.8972,5.9944,6.0919,6.1896,6.2877,6.3861,6.4848,6.5839,6.6833,6.783,6.8719,6.959,7.0461,7.1333,7.2223,7.3117,7.4008,7.4897,7.5784,7.6432,7.6522,7.661,7.6695,7.6777,7.6856,7.6933,7.7006,7.7077,7.7145,7.6342,7.5241,7.4137,7.3032,7.1926,7.0818,6.9709,6.8598,6.7485,6.6339,6.5057,6.378,6.251,6.1245,5.9987,5.8734,5.7488,5.6248,5.5014,5.4242,5.374,5.3238,5.2737,5.2235,5.1735,5.1235,5.0735,5.0236,4.972,4.8981,4.8243,4.7504,4.6765,4.6025,4.5286,4.4546
12.8128,12.8077,12.8025,12.7971,12.7916,12.7859,12.7801,12.7742,12.7682,12.7642,12.7604,12.7565,12.7527,12.7489,12.745,12.7412,12.7373,12.7335,12.7559,12.824,12.8922,12.9605,13.029,13.0976,13.1663,13.2351,13.3041,13.3731,13.3544,13.3156,13.277,13.2384,13.1998,13.1614,13.123,13.0846,13.0464,12.9991,12.9264,12.8537,12.7811,12.7084,12.6358,12.5631,12.4905,12.4178,12.3452,12.2804,12.2188,12.1573,12.0957,12.034,11.9724,11.9106,11.8488,11.7869,11.7081,11.5377,11.3672,11.1966,11.0259,10.855,10.6841,10.5129,10.3417,10.1702,9.986,9.7934,9.6007,9.4079,9.215,9.0221,8.8291,8.636,8.4428,8.2521,8.1102,7.9682,7.8261,7.684,7.5419,7.3997,7.2575,7.1152,6.9729,6.8667,6.7972,6.7279,6.6587,6.5897,6.5209,6.4523,6.3839,6.3157,6.2478,6.1935,6.1402,6.0873,6.0347,5.9823,5.9303,5.8787,5.8274,5.7765,5.7862,5.8908,5.9954,6.1001,6.2048,6.3095,6.4143,6.5191,6.6239,6.7288,6.818,6.9038,6.9895,7.0749,7.1602,7.2452,7.3301,7.4147,7.4992,7.5613,7.5653,7.569,7.5725,7.5757,7.5786,7.5813,7.5836,7.5857,7.5874,7.5074,7.3953,7.283,7.1706,7.058,6.9453,6.8324,6.7194,6.6061,6.492,6.374,6.2567,6.1398,6.0236,5.908,5.793,5.6786,5.5648,5.4516,5.3767,5.3273,5.2779,5.2286,5.1793,5.1301,5.0809,5.0318,4.9827,4.9328,4.8589,4.785,4.7111,4.6372,4.5633,4.4893,4.4154
12.7974,12.7964,12.7952,12.7939,12.7924,12.7908,12.7891,12.7873,12.7853,12.782,12.7787,12.7753,12.772,12.7686,12.7652,12.7618,12.7585,12.7551,12.7764,12.8383,12.9003,12.9625,13.0248,13.0872,13.1498,13.2125,13.2753,13.3382,13.3122,13.2671,13.222,13.1771,13.1322,13.0873,13.0426,12.9979,12.9532,12.8995,12.8205,12.7416,12.6627,12.5839,12.505,12.4262,12.3473,12.2685,12.1896,12.1159,12.0444,11.9728,11.9012,11.8295,11.7578,11.6861,11.6143,11.5424,11.454,11.2761,11.0982,10.9201,10.7419,10.5635,10.3851,10.2065,10.0277,9.8488,9.663,9.4726,9.2821,9.0915,8.9009,8.7102,8.5194,8.3285,8.1375,7.9487,7.8098,7.6708,7.5318,7.3927,7.2535,7.1144,6.9751,6.8359,6.6966,6.5967,6.5385,6.4805,6.4227,6.365,6.3075,6.2502,6.1932,6.1364,6.0798,6.0373,5.9962,5.9553,5.9148,5.8745,5.8346,5.7951,5.7559,5.7171,5.7323,5.8382,5.9441,6.0501,6.1561,6.2622,6.3683,6.4744,6.5806,6.6868,6.7731,6.8547,6.936,7.0172,7.0982,7.179,7.2596,7.34,7.4201,7.4796,7.4786,7.4774,7.4758,7.474,7.4719,7.4695,7.4669,7.4639,7.4606,7.3808,7.2667,7.1525,7.0381,6.9236,6.8089,6.6941,6.5791,6.4639,6.3495,6.2418,6.1347,6.0281,5.9221,5.8167,5.7119,5.6077,5.5041,5.4012,5.3291,5.2805,5.232,5.1835,5.1351,5.0867,5.0383,4.99,4.9417,4.8935,4.8197,4.7458,4.6719,4.5979,4.524,4.45,4.3761
12.7821,12.7852,12.7881,12.7908,12.7934,12.7959,12.7982,12.8004,12.8025,12.7999,12.797,12.7941,12.7913,12.7883,12.7854,12.7825,12.7796,12.7767,12.7966,12.8524,12.9083,12.9643,13.0205,13.0768,13.1332,13.1897,13.2464,13.3031,13.2699,13.2184,13.167,13.1156,13.0644,13.0132,12.9621,12.911,12.86,12.7997,12.7146,12.6295,12.5444,12.4593,12.3742,12.2892,12.2041,12.119,12.0339,11.9514,11.8698,11.7883,11.7067,11.625,11.5433,11.4616,11.3798,11.2978,11.2,11.0146,10.8292,10.6436,10.4579,10.2721,10.0861,9.9,9.7138,9.5274,9.3399,9.1518,8.9635,8.7752,8.5867,8.3982,8.2096,8.021,7.8322,7.6453,7.5094,7.3734,7.2374,7.1013,6.9651,6.829,6.6928,6.5565,6.4202,6.3265,6.2796,6.2329,6.1864,6.14,6.0939,6.0479,6.0022,5.9567,5.9114,5.8808,5.8517,5.823,5.7945,5.7664,5.7386,5.7111,5.684,5.6572,5.6783,5.7855,5.8928,6.0001,6.1075,6.2148,6.3222,6.4297,6.5372,6.6447,6.7284,6.8057,6.8828,6.9597,7.0365,7.113,7.1893,7.2654,7.3413,7.3982,7.3922,7.3859,7.3794,7.3726,7.3654,7.358,7.3504,7.3424,7.3341,7.2542,7.1382,7.022,6.9057,6.7892,6.6726,6.5558,6.4389,6.3218,6.2065,6.109,6.012,5.9157,5.8199,5.7247,5.6301,5.5361,5.4428,5.3501,5.2815,5.2337,5.186,5.1384,5.0908,5.0432,4.9956,4.9481,4.9007,4.8533,4.7804,4.7065,4.6326,4.5587,4.4847,4.4108,4.3368
12.767,12.7741,12.7811,12.7879,12.7945,12.8011,12.8075,12.8138,12.8199,12.8178,12.8154,12.813,12.8105,12.8081,12.8057,12.8032,12.8008,12.7983,12.8168,12.8664,12.9161,12.966,13.0161,13.0662,13.1165,13.1669,13.2174,13.268,13.2275,13.1696,13.1118,13.0542,12.9965,12.939,12.8815,12.8241,12.7667,12.7,12.6086,12.5173,12.426,12.3347,12.2434,12.1521,12.0608,11.9696,11.8783,11.7868,11.6953,11.6037,11.5121,11.4205,11.3288,11.2371,11.1452,11.0533,10.9459,10.7531,10.5602,10.3671,10.174,9.9807,9.7872,9.5937,9.3999,9.2061,9.0169,8.8309,8.6449,8.4587,8.2725,8.0862,7.8999,7.7134,7.5269,7.3418,7.2089,7.0759,6.9429,6.8098,6.6767,6.5435,6.4103,6.2771,6.1438,6.056,6.0204,5.9851,5.9499,5.9148,5.88,5.8454,5.811,5.7768,5.7428,5.724,5.707,5.6903,5.6739,5.6578,5.6421,5.6267,5.6117,5.597,5.6243,5.7328,5.8414,5.9501,6.0587,6.1674,6.2762,6.3849,6.4937,6.6026,6.6839,6.7569,6.8298,6.9024,6.9749,7.0471,7.1192,7.191,7.2627,7.3171,7.306,7.2947,7.2832,7.2713,7.2592,7.2468,7.2341,7.2211,7.2079,7.1277,7.0097,6.8916,6.7734,6.655,6.5364,6.4177,6.2988,6.1798,6.0628,5.9755,5.8888,5.8026,5.7171,5.6321,5.5477,5.464,5.3808,5.2983,5.2338,5.1869,5.14,5.0932,5.0464,4.9996,4.9529,4.9062,4.8596,4.813,4.7412,4.6673,4.5933,4.5194,4.4455,4.3715,4.2975
12.7521,12.7632,12.7742,12.7851,12.7958,12.8064,12.8169,12.8272,12.8374,12.8357,12.8337,12.8318,12.8298,12.8279,12.8259,12.8239,12.8219,12.82,12.8368,12.8802,12.9239,12.9676,13.0115,13.0555,13.0997,13.1439,13.1883,13.2327,13.1849,13.1207,13.0566,12.9926,12.9286,12.8647,12.8009,12.7371,12.6734,12.6001,12.5025,12.405,12.3075,12.21,12.1125,12.015,11.9176,11.8201,11.7226,11.6222,11.5207,11.4191,11.3175,11.2159,11.1143,11.0125,10.9107,10.8089,10.6919,10.4916,10.2912,10.0907,9.8901,9.6893,9.4884,9.2873,9.0861,8.8848,8.6938,8.51,8.3262,8.1423,7.9583,7.7742,7.5901,7.4058,7.2215,7.0383,6.9084,6.7784,6.6484,6.5183,6.3882,6.258,6.1278,5.9976,5.8673,5.7852,5.761,5.737,5.7131,5.6893,5.6658,5.6425,5.6194,5.5965,5.5739,5.5668,5.5619,5.5573,5.5529,5.5489,5.5453,5.542,5.539,5.5364,5.5702,5.6801,5.79,5.9,6.0099,6.12,6.23,6.3401,6.4502,6.5604,6.6395,6.7083,6.7769,6.8453,6.9135,6.9815,7.0493,7.1169,7.1842,7.2361,7.2201,7.2038,7.1872,7.1704,7.1532,7.1358,7.1181,7.1001,7.0819,7.0013,6.8814,6.7614,6.6412,6.5208,6.4003,6.2797,6.1589,6.0379,5.9185,5.8415,5.7649,5.689,5.6136,5.5388,5.4647,5.3911,5.3182,5.2459,5.1861,5.14,5.0939,5.0479,5.0019,4.956,4.9101,4.8643,4.8185,4.7727,4.7019,4.628,4.5541,4.4801,4.4062,4.3322,4.2582
12.7373,12.7525,12.7675,12.7824,12.7972,12.8119,12.8264,12.8407,12.855,12.8536,12.8521,12.8506,12.8491,12.8477,12.8462,12.8446,12.8431,12.8416,12.8566,12.894,12.9314,12.9691,13.0068,13.0447,13.0827,13.1208,13.159,13.1974,13.1423,13.0717,13.0013,12.9309,12.8606,12.7903,12.7201,12.65,12.5799,12.5002,12.3964,12.2927,12.189,12.0853,11.9816,11.8779,11.7742,11.6705,11.5668,11.4575,11.346,11.2345,11.1229,11.0114,10.8997,10.788,10.6762,10.5644,10.4379,10.2302,10.0223,9.8143,9.6062,9.3979,9.1896,8.9811,8.7724,8.5636,8.3707,8.1891,8.0075,7.8258,7.644,7.4622,7.2802,7.0982,6.9161,6.7348,6.6079,6.4809,6.3538,6.2268,6.0996,5.9725,5.8452,5.718,5.5907,5.5143,5.5014,5.4886,5.476,5.4636,5.4514,5.4394,5.4275,5.416,5.4046,5.4093,5.4164,5.4239,5.4316,5.4397,5.4481,5.4568,5.4659,5.4754,5.5161,5.6273,5.7385,5.8498,5.9611,6.0725,6.1838,6.2952,6.4067,6.5182,6.5953,6.6598,6.7242,6.7883,6.8523,6.916,6.9795,7.0429,7.106,7.1554,7.1344,7.1131,7.0915,7.0696,7.0475,7.0251,7.0024,6.9794,6.9561,6.875,6.7532,6.6312,6.5091,6.3868,6.2644,6.1418,6.019,5.8961,5.7737,5.7068,5.6405,5.5747,5.5095,5.445,5.381,5.3176,5.2549,5.1928,5.1383,5.093,5.0478,5.0026,4.9575,4.9124,4.8673,4.8223,4.7773,4.7324,4.6627,4.5888,4.5148,4.4409,4.3669,4.2929,4.2189
12.7226,12.7419,12.761,12.7799,12.7987,12.8174,12.836,12.8544,12.8725,12.8715,12.8705,12.8695,12.8685,12.8674,12.8664,12.8654,12.8643,12.8633,12.8763,12.9075,12.9389,12.9704,13.002,13.0337,13.0656,13.0976,13.1297,13.1619,13.0995,13.0226,12.9458,12.8691,12.7924,12.7158,12.6393,12.5628,12.4864,12.4002,12.2902,12.1803,12.0704,11.9605,11.8506,11.7407,11.6308,11.521,11.4111,11.2928,11.1713,11.0499,10.9283,10.8068,10.6852,10.5635,10.4417,10.3199,10.1839,9.9687,9.7534,9.5379,9.3223,9.1066,8.8908,8.6748,8.4587,8.2424,8.0475,7.8682,7.6888,7.5093,7.3298,7.1501,6.9704,6.7906,6.6107,6.4312,6.3073,6.1833,6.0592,5.9351,5.811,5.6868,5.5626,5.4384,5.3141,5.2431,5.2415,5.24,5.2387,5.2376,5.2366,5.2359,5.2354,5.2351,5.2351,5.2514,5.2706,5.2901,5.3099,5.3301,5.3505,5.3713,5.3924,5.4139,5.4619,5.5745,5.687,5.7996,5.9122,6.0249,6.1376,6.2503,6.3631,6.4759,6.5513,6.6116,6.6717,6.7315,6.7912,6.8507,6.91,6.9691,7.0279,7.0749,7.0489,7.0226,6.996,6.9692,6.942,6.9146,6.8869,6.8589,6.8306,6.7488,6.6251,6.5012,6.3771,6.2529,6.1285,6.004,5.8793,5.7545,5.6295,5.5715,5.5154,5.4598,5.4048,5.3504,5.2967,5.2435,5.191,5.139,5.0904,5.046,5.0016,4.9572,4.9129,4.8686,4.8244,4.7802,4.736,4.6919,4.6235,4.5495,4.4756,4.4016,4.3277,4.2537,4.1797
12.7081,12.7314,12.7545,12.7775,12.8004,12.8232,12.8458,12.8682,12.89,12.8895,12.8889,12.8884,12.8878,12.8873,12.8867,12.8861,12.8855,12.885,12.8959,12.921,12.9462,12.9716,12.997,13.0227,13.0484,13.0743,13.1002,13.1263,13.0567,12.9734,12.8903,12.8072,12.7242,12.6413,12.5584,12.4756,12.3928,12.3001,12.1839,12.0678,11.9517,11.8356,11.7196,11.6035,11.4874,11.3714,11.2553,11.1281,10.9966,10.8652,10.7337,10.6022,10.4706,10.3389,10.2072,10.0754,9.93,9.7073,9.4845,9.2615,9.0385,8.8154,8.5921,8.3686,8.145,7.9213,7.7244,7.5473,7.3701,7.1928,7.0155,6.838,6.6605,6.4829,6.3053,6.1275,6.0066,5.8856,5.7646,5.6435,5.5224,5.4012,5.2799,5.1587,5.0374,4.9716,4.9813,4.9911,5.0011,5.0113,5.0216,5.0322,5.043,5.054,5.0652,5.0932,5.1245,5.156,5.1879,5.2201,5.2526,5.2854,5.3186,5.3521,5.4077,5.5216,5.6355,5.7494,5.8633,5.9773,6.0913,6.2053,6.3194,6.4335,6.5075,6.5635,6.6193,6.6749,6.7304,6.7856,6.8406,6.8955,6.95,6.9947,6.9636,6.9323,6.9008,6.8689,6.8368,6.8044,6.7717,6.7387,6.7054,6.6228,6.4971,6.3712,6.2452,6.1191,5.9928,5.8663,5.7397,5.6129,5.486,5.4356,5.3897,5.3443,5.2995,5.2553,5.2117,5.1687,5.1264,5.0846,5.0425,4.9989,4.9553,4.9118,4.8683,4.8248,4.7814,4.7381,4.6947,4.6515,4.5842,4.5103,4.4363,4.3624,4.2884,4.2144,4.1404
12.6937,12.7211,12.7483,12.7753,12.8022,12.829,12.8556,12.8822,12.9075,12.9074,12.9073,12.9072,12.9072,12.9071,12.907,12.9069,12.9068,12.9066,12.9153,12.9343,12.9534,12.9726,12.992,13.0115,13.0311,13.0508,13.0707,13.0906,13.0137,12.9241,12.8346,12.7452,12.6559,12.5666,12.4774,12.3883,12.2992,12.1999,12.0776,11.9553,11.833,11.7108,11.5885,11.4662,11.344,11.2217,11.0994,10.9633,10.8219,10.6805,10.539,10.3975,10.256,10.1144,9.9727,9.831,9.676,9.4458,9.2156,8.9852,8.7547,8.5241,8.2934,8.0625,7.8314,7.6003,7.4012,7.2263,7.0514,6.8763,6.7012,6.5259,6.3506,6.1753,5.9998,5.8243,5.7059,5.5879,5.4699,5.3518,5.2336,5.1154,4.9972,4.8789,4.7606,4.7,4.7209,4.742,4.7633,4.7847,4.8064,4.8282,4.8503,4.8725,4.8951,4.9347,4.978,5.0216,5.0655,5.1097,5.1542,5.1991,5.2443,5.2899,5.3535,5.4686,5.5838,5.6991,5.8143,5.9296,6.045,6.1603,6.2757,6.3911,6.4638,6.5156,6.5671,6.6185,6.6697,6.7207,6.7715,6.822,6.8724,6.9147,6.8786,6.8423,6.8058,6.7689,6.7318,6.6944,6.6567,6.6188,6.5805,6.4968,6.3692,6.2414,6.1134,5.9854,5.8571,5.7287,5.6002,5.4715,5.3426,5.2991,5.2633,5.2281,5.1935,5.1595,5.1261,5.0933,5.0611,5.0295,4.9946,4.9518,4.909,4.8663,4.8236,4.781,4.7384,4.6959,4.6534,4.6109,4.545,4.471,4.3971,4.3231,4.2491,4.1751,4.1011
12.6795,12.7109,12.7421,12.7732,12.8041,12.835,12.8657,12.8962,12.925,12.9254,12.9258,12.9261,12.9265,12.9269,12.9273,12.9276,12.928,12.9283,12.9346,12.9474,12.9604,12.9735,12.9868,13.0002,13.0137,13.0273,13.041,13.0548,12.9706,12.8747,12.7789,12.6832,12.5875,12.4919,12.3964,12.3009,12.2054,12.0997,11.9712,11.8427,11.7143,11.5858,11.4574,11.3289,11.2005,11.072,10.9436,10.7984,10.6471,10.4957,10.3443,10.1929,10.0414,9.8899,9.7382,9.5865,9.422,9.1844,8.9467,8.7089,8.471,8.2329,7.9947,7.7564,7.5179,7.2793,7.078,6.9053,6.7326,6.5597,6.3868,6.2138,6.0407,5.8675,5.6943,5.521,5.4052,5.2902,5.1751,5.06,4.9449,4.8297,4.7144,4.5991,4.4838,4.4281,4.4603,4.4926,4.5252,4.5579,4.5908,4.6239,4.6573,4.6908,4.7246,4.7759,4.8312,4.8868,4.9427,4.999,5.0555,5.1124,5.1697,5.2273,5.2992,5.4157,5.5322,5.6487,5.7653,5.8819,5.9986,6.1152,6.232,6.3487,6.4203,6.4678,6.5151,6.5623,6.6092,6.656,6.7025,6.7488,6.7949,6.8349,6.7939,6.7526,6.711,6.6692,6.6271,6.5847,6.542,6.4991,6.4558,6.3709,6.2414,6.1116,5.9818,5.8518,5.7216,5.5913,5.4608,5.3302,5.1994,5.162,5.1364,5.1114,5.0869,5.0631,5.0398,5.0172,4.9952,4.9738,4.9466,4.9046,4.8627,4.8208,4.7789,4.7371,4.6954,4.6536,4.6119,4.5703,4.5057,4.4318,4.3578,4.2838,4.2099,4.1358,4.0618
12.6654,12.7008,12.7361,12.7712,12.8062,12.8411,12.8758,12.9104,12.9425,12.9433,12.9442,12.9451,12.9459,12.9467,12.9476,12.9484,12.9492,12.9501,12.9537,12.9604,12.9673,12.9743,12.9814,12.9887,12.9961,13.0036,13.0112,13.0189,12.9275,12.8252,12.7231,12.621,12.519,12.4171,12.3152,12.2134,12.1116,11.9995,11.8648,11.7301,11.5954,11.4608,11.3262,11.1916,11.057,10.9223,10.7877,10.6336,10.4723,10.311,10.1496,9.9882,9.8268,9.6653,9.5038,9.3421,9.1681,8.923,8.6779,8.4326,8.1873,7.9418,7.6961,7.4503,7.2044,6.9583,6.7548,6.5843,6.4138,6.2432,6.0724,5.9016,5.7307,5.5598,5.3888,5.2176,5.1044,4.9924,4.8803,4.7682,4.656,4.5438,4.4316,4.3193,4.207,4.1559,4.1994,4.243,4.2868,4.3308,4.375,4.4194,4.464,4.5088,4.5538,4.6167,4.6841,4.7517,4.8196,4.8879,4.9565,5.0254,5.0947,5.1643,5.2449,5.3627,5.4805,5.5984,5.7162,5.8342,5.9521,6.0701,6.1881,6.3062,6.377,6.4202,6.4633,6.5062,6.5489,6.5914,6.6337,6.6758,6.7176,6.7553,6.7093,6.663,6.6165,6.5697,6.5226,6.4752,6.4276,6.3796,6.3314,6.2452,6.1137,5.982,5.8502,5.7183,5.5862,5.4539,5.3215,5.1889,5.0562,5.0243,5.0089,4.994,4.9797,4.966,4.953,4.9405,4.9286,4.9174,4.8985,4.8574,4.8162,4.7752,4.7342,4.6932,4.6522,4.6113,4.5705,4.5296,4.4665,4.3925,4.3186,4.2446,4.1706,4.0966,4.0225
12.6515,12.6909,12.7302,12.7694,12.8084,12.8473,12.8861,12.9247,12.96,12.9613,12.9627,12.964,12.9653,12.9666,12.9679,12.9692,12.9705,12.9718,12.9727,12.9733,12.974,12.9749,12.976,12.9771,12.9784,12.9798,12.9813,12.9829,12.8842,12.7756,12.6671,12.5587,12.4504,12.3422,12.234,12.1258,12.0177,11.8991,11.7582,11.6174,11.4766,11.3358,11.195,11.0542,10.9134,10.7726,10.6318,10.4686,10.2974,10.1262,9.9549,9.7836,9.6122,9.4408,9.2693,9.0977,8.9142,8.6617,8.4091,8.1564,7.9036,7.6506,7.3976,7.1443,6.891,6.6374,6.4316,6.2633,6.095,5.9265,5.758,5.5894,5.4208,5.252,5.0832,4.9143,4.8036,4.6946,4.5855,4.4763,4.3672,4.2579,4.1487,4.0394,3.93,3.8835,3.9383,3.9932,4.0482,4.1035,4.1589,4.2145,4.2704,4.3265,4.3828,4.4572,4.5366,4.6162,4.6962,4.7764,4.857,4.938,5.0192,5.1009,5.1905,5.3096,5.4287,5.5479,5.6671,5.7864,5.9056,6.0249,6.1443,6.2637,6.3338,6.3729,6.4117,6.4503,6.4888,6.527,6.5651,6.6029,6.6405,6.676,6.625,6.5737,6.5222,6.4704,6.4184,6.366,6.3134,6.2604,6.2072,6.1195,5.9861,5.8525,5.7188,5.5849,5.4509,5.3167,5.1823,5.0478,4.9132,4.886,4.8807,4.876,4.8719,4.8684,4.8654,4.8631,4.8614,4.8603,4.8504,4.8101,4.7698,4.7295,4.6893,4.6492,4.609,4.569,4.5289,4.4889,4.4273,4.3533,4.2793,4.2053,4.1313,4.0573,3.9833
12.6377,12.6811,12.7245,12.7677,12.8107,12.8537,12.8965,12.9392,12.9775,12.9793,12.9811,12.9829,12.9847,12.9865,12.9882,12.99,12.9918,12.9935,12.9915,12.986,12.9807,12.9755,12.9704,12.9654,12.9606,12.9559,12.9513,12.9468,12.8408,12.7259,12.6111,12.4964,12.3817,12.2672,12.1527,12.0382,11.9238,11.7987,11.6517,11.5047,11.3577,11.2107,11.0637,10.9167,10.7698,10.6228,10.4758,10.3037,10.1225,9.9413,9.7601,9.5789,9.3976,9.2162,9.0348,8.8533,8.6602,8.4003,8.1403,7.8802,7.6199,7.3595,7.099,6.8384,6.5776,6.3166,6.1083,5.9423,5.7762,5.6099,5.4436,5.2772,5.1107,4.9442,4.7776,4.6109,4.5027,4.3967,4.2906,4.1844,4.0782,3.972,3.8657,3.7594,3.653,3.6109,3.6769,3.743,3.8094,3.8758,3.9425,4.0094,4.0765,4.1438,4.2114,4.2974,4.3887,4.4804,4.5724,4.6646,4.7572,4.8502,4.9434,5.0371,5.1361,5.2565,5.3769,5.4974,5.618,5.7385,5.8591,5.9797,6.1004,6.2211,6.2908,6.3256,6.3602,6.3946,6.4289,6.4629,6.4967,6.5303,6.5636,6.5968,6.5409,6.4847,6.4282,6.3714,6.3144,6.257,6.1994,6.1415,6.0833,5.9939,5.8586,5.7231,5.5874,5.4516,5.3157,5.1795,5.0433,4.9068,4.7703,4.747,4.7519,4.7574,4.7634,4.77,4.7773,4.7851,4.7935,4.8045,4.8141,4.7844,4.7545,4.7245,4.6942,4.6638,4.6332,4.6023,4.5713,4.54,4.4876,4.421,4.3541,4.287,4.2196,4.1518,4.0838
12.624,12.6715,12.7189,12.7661,12.8132,12.8602,12.907,12.9537,12.9951,12.9974,12.9996,13.0019,13.0041,13.0064,13.0086,13.0108,13.013,13.0153,13.0102,12.9986,12.9872,12.9758,12.9647,12.9536,12.9427,12.9319,12.9212,12.9105,12.7973,12.6761,12.555,12.4339,12.313,12.1921,12.0713,11.9505,11.8298,11.6982,11.545,11.3918,11.2387,11.0855,10.9324,10.7793,10.6261,10.473,10.3198,10.1387,9.9476,9.7565,9.5653,9.3742,9.1829,8.9917,8.8003,8.6089,8.4063,8.139,7.8715,7.604,7.3363,7.0685,6.8005,6.5325,6.2642,5.9959,5.7851,5.6212,5.4573,5.2933,5.1292,4.965,4.8007,4.6364,4.472,4.3075,4.2018,4.0988,3.9956,3.8925,3.7893,3.686,3.5827,3.4794,3.376,3.338,3.4153,3.4927,3.5702,3.648,3.7259,3.804,3.8824,3.9609,4.0397,4.1372,4.2406,4.3442,4.4482,4.5524,4.657,4.762,4.8673,4.9729,5.0816,5.2033,5.3251,5.4469,5.5687,5.6906,5.8125,5.9345,6.0564,6.1851,6.2635,6.3029,6.3421,6.3811,6.4199,6.4585,6.4969,6.535,6.5729,6.6105,6.5616,6.5104,6.4591,6.4078,6.3564,6.3048,6.2532,6.2015,6.1496,6.0701,5.945,5.8199,5.6949,5.5701,5.4453,5.3206,5.1959,5.0714,4.947,4.9324,4.9497,4.9668,4.9839,5.0008,5.0176,5.0343,5.0509,5.0674,5.0751,5.0414,5.0075,4.9734,4.9391,4.9046,4.8699,4.835,4.8,4.7646,4.7089,4.6375,4.5658,4.4938,4.4215,4.349,4.2761
12.7181,12.7604,12.803,12.8457,12.8885,12.9315,12.9747,13.0181,13.0551,13.0506,13.0464,13.0424,13.0386,13.0351,13.0318,13.0288,13.0259,13.0233,13.0107,12.9895,12.9687,12.9481,12.9277,12.9076,12.8877,12.868,12.8485,12.8292,12.713,12.5902,12.4673,12.3444,12.2214,12.0983,11.9752,11.8521,11.7289,11.5947,11.4392,11.2837,11.1281,10.9724,10.8168,10.661,10.5052,10.3494,10.1935,10.0082,9.8125,9.6168,9.4211,9.2254,9.0296,8.8338,8.6379,8.4421,8.2359,7.9687,7.7015,7.4343,7.1671,6.9,6.6329,6.3659,6.0989,5.8321,5.6264,5.4714,5.3166,5.1619,5.0074,4.8531,4.6989,4.545,4.3913,4.2378,4.1452,4.0562,3.9675,3.8791,3.7911,3.7035,3.6163,3.5295,3.4431,3.4204,3.5142,3.6084,3.7029,3.7978,3.8929,3.9885,4.0844,4.1807,4.2774,4.3891,4.5059,4.6229,4.7401,4.8576,4.9753,5.0932,5.2114,5.3298,5.4497,5.5767,5.7038,5.8308,5.9579,6.085,6.2121,6.3391,6.4662,6.5933,6.6674,6.6989,6.7302,6.7613,6.7922,6.8229,6.8534,6.8836,6.9136,6.9433,6.8922,6.837,6.7818,6.7264,6.671,6.6154,6.5598,6.5041,6.4482,6.368,6.2427,6.1174,5.9923,5.8672,5.7423,5.6174,5.4926,5.3679,5.2432,5.222,5.2359,5.2498,5.2635,5.2772,5.2907,5.3041,5.3174,5.3305,5.3365,5.2987,5.2607,5.2226,5.1843,5.1457,5.107,5.068,5.0289,4.9896,4.9306,4.8544,4.7778,4.701,4.6239,4.5465,4.4687
12.8235,12.8619,12.9005,12.9392,12.9781,13.0172,13.0564,13.0957,13.1275,13.115,13.1028,13.0908,13.079,13.0675,13.0563,13.0452,13.0343,13.0237,13.0006,12.9673,12.9343,12.9016,12.8691,12.8368,12.8048,12.773,12.7413,12.7099,12.5935,12.4721,12.3506,12.2291,12.1075,11.9858,11.8641,11.7423,11.6205,11.4878,11.3344,11.181,11.0275,10.874,10.7204,10.5667,10.413,10.2593,10.1055,9.9227,9.7299,9.537,9.3441,9.1512,8.9583,8.7653,8.5723,8.3792,8.1769,7.9195,7.662,7.4046,7.1472,6.8898,6.6325,6.3752,6.118,5.8608,5.6665,5.5249,5.3834,5.2422,5.101,4.9601,4.8193,4.6788,4.5384,4.3983,4.3223,4.2505,4.179,4.1078,4.037,3.9666,3.8966,3.827,3.7578,3.7479,3.8513,3.955,4.0591,4.1635,4.2683,4.3734,4.4789,4.5847,4.691,4.8071,4.9267,5.0466,5.1667,5.287,5.4076,5.5283,5.6494,5.7706,5.8923,6.0156,6.1388,6.2621,6.3853,6.5086,6.6319,6.7551,6.8784,7.0016,7.0717,7.0953,7.1187,7.1419,7.1649,7.1877,7.2102,7.2326,7.2547,7.2765,7.2231,7.1639,7.1046,7.0453,6.9858,6.9263,6.8666,6.8069,6.747,6.6658,6.5404,6.4149,6.2896,6.1644,6.0393,5.9142,5.7892,5.6643,5.5396,5.5118,5.5224,5.533,5.5434,5.5537,5.5639,5.574,5.584,5.5939,5.5981,5.5563,5.5143,5.4721,5.4297,5.3871,5.3443,5.3013,5.2581,5.2147,5.1527,5.0716,4.9902,4.9085,4.8266,4.7443,4.6618
12.9288,12.9632,12.9978,13.0326,13.0675,13.1026,13.1379,13.1733,13.1996,13.1792,13.1589,13.139,13.1192,13.0997,13.0805,13.0614,13.0426,13.0239,12.9903,12.9449,12.8997,12.8549,12.8102,12.7659,12.7217,12.6777,12.634,12.5904,12.474,12.354,12.2339,12.1137,11.9935,11.8733,11.753,11.6326,11.5122,11.381,11.2297,11.0783,10.9269,10.7755,10.624,10.4725,10.3209,10.1692,10.0176,9.8373,9.6473,9.4572,9.2672,9.0771,8.8869,8.6968,8.5066,8.3164,8.1179,7.8702,7.6225,7.3748,7.1271,6.8795,6.6319,6.3844,6.1369,5.8895,5.7064,5.5782,5.4501,5.3222,5.1945,5.0669,4.9395,4.8124,4.6854,4.5587,4.4991,4.4445,4.3902,4.3362,4.2826,4.2294,4.1766,4.1242,4.0722,4.0752,4.1881,4.3015,4.4151,4.5291,4.6434,4.7581,4.8731,4.9886,5.1044,5.225,5.3475,5.4702,5.5932,5.7163,5.8397,5.9634,6.0872,6.2114,6.3351,6.4545,6.574,6.6934,6.8129,6.9323,7.0518,7.1712,7.2907,7.4101,7.4763,7.492,7.5075,7.5228,7.5379,7.5528,7.5675,7.5819,7.5961,7.6101,7.5541,7.4909,7.4277,7.3643,7.3008,7.2373,7.1736,7.1099,7.046,6.9637,6.8381,6.7125,6.587,6.4616,6.3363,6.211,6.0859,5.9608,5.8359,5.8018,5.8091,5.8164,5.8235,5.8305,5.8374,5.8442,5.8509,5.8574,5.86,5.8141,5.7681,5.7218,5.6754,5.6288,5.5819,5.5349,5.4877,5.4402,5.3751,5.2892,5.2029,5.1164,5.0296,4.9425,4.8551
13.034,13.0645,13.0951,13.1259,13.1569,13.188,13.2193,13.2507,13.2715,13.2431,13.2149,13.1869,13.1592,13.1317,13.1044,13.0774,13.0506,13.0239,12.9796,12.9221,12.8649,12.8079,12.7511,12.6946,12.6383,12.5823,12.5264,12.4707,12.3545,12.2359,12.1172,11.9984,11.8796,11.7608,11.6419,11.5229,11.4039,11.2741,11.1249,10.9757,10.8264,10.6771,10.5276,10.3782,10.2287,10.0792,9.9296,9.7519,9.5647,9.3775,9.1902,9.0029,8.8156,8.6283,8.4409,8.2535,8.0589,7.8209,7.583,7.345,7.1071,6.8692,6.6313,6.3935,6.1558,5.9181,5.7462,5.6314,5.5167,5.4022,5.2878,5.1736,5.0596,4.9458,4.8322,4.7188,4.6757,4.6382,4.6011,4.5643,4.5279,4.4919,4.4563,4.4211,4.3863,4.4022,4.5248,4.6477,4.7709,4.8944,5.0183,5.1425,5.2671,5.3921,5.5175,5.6428,5.7681,5.8937,6.0195,6.1456,6.2718,6.3983,6.525,6.652,6.778,6.8936,7.0092,7.1249,7.2405,7.3562,7.4719,7.5875,7.7032,7.8188,7.8812,7.889,7.8966,7.904,7.9113,7.9183,7.925,7.9316,7.9379,7.944,7.8854,7.8182,7.7509,7.6835,7.6161,7.5485,7.4809,7.4131,7.3453,7.2616,7.1358,7.01,6.8843,6.7588,6.6333,6.5079,6.3826,6.2573,6.1322,6.092,6.096,6.1,6.1038,6.1075,6.1111,6.1146,6.1179,6.1212,6.1221,6.0722,6.0221,5.9718,5.9214,5.8707,5.8198,5.7688,5.7175,5.666,5.5979,5.5071,5.416,5.3247,5.2331,5.1411,5.0489
13.139,13.1655,13.1922,13.219,13.2461,13.2732,13.3006,13.328,13.3432,13.3067,13.2706,13.2346,13.1989,13.1635,13.1282,13.0932,13.0584,13.0238,12.9687,12.8991,12.8297,12.7606,12.6918,12.6231,12.5547,12.4866,12.4186,12.3508,12.235,12.1178,12.0005,11.8832,11.7658,11.6483,11.5308,11.4132,11.2956,11.1673,11.0202,10.8731,10.7259,10.5786,10.4313,10.284,10.1366,9.9891,9.8416,9.6665,9.4821,9.2977,9.1133,8.9288,8.7443,8.5598,8.3752,8.1907,7.9999,7.7717,7.5434,7.3152,7.087,6.8588,6.6307,6.4026,6.1746,5.9467,5.7859,5.6845,5.5831,5.482,5.381,5.2801,5.1795,5.079,4.9788,4.8788,4.852,4.8317,4.8118,4.7922,4.7729,4.7541,4.7356,4.7176,4.7,4.7291,4.8612,4.9937,5.1264,5.2595,5.3929,5.5267,5.6609,5.7954,5.9303,6.0605,6.1887,6.3172,6.4458,6.5747,6.7038,6.8332,6.9627,7.0926,7.221,7.3328,7.4447,7.5565,7.6684,7.7802,7.8921,8.0039,8.1158,8.2276,8.2864,8.2863,8.2861,8.2856,8.2849,8.2841,8.283,8.2816,8.2801,8.2782,8.2168,8.1456,8.0743,8.0029,7.9315,7.8599,7.7883,7.7165,7.6447,7.5595,7.4335,7.3076,7.1817,7.056,6.9303,6.8047,6.6792,6.5539,6.4285,6.3824,6.3831,6.3838,6.3843,6.3847,6.385,6.3852,6.3852,6.3852,6.3845,6.3306,6.2764,6.2221,6.1676,6.1129,6.058,6.0029,5.9476,5.8921,5.821,5.7254,5.6295,5.5333,5.4368,5.3401,5.243
13.2439,13.2664,13.2892,13.3121,13.3351,13.3583,13.3817,13.4052,13.4146,13.3702,13.326,13.2821,13.2384,13.195,13.1518,13.1088,13.066,13.0234,12.9575,12.8758,12.7943,12.7131,12.6321,12.5514,12.4709,12.3906,12.3105,12.2306,12.1156,11.9997,11.8839,11.7679,11.6519,11.5358,11.4197,11.3036,11.1873,11.0605,10.9155,10.7705,10.6254,10.4802,10.335,10.1897,10.0444,9.8991,9.7537,9.5811,9.3995,9.2179,9.0363,8.8547,8.673,8.4913,8.3096,8.1278,7.9409,7.7223,7.5038,7.2853,7.0668,6.8484,6.63,6.4116,6.1934,5.9751,5.8255,5.7374,5.6495,5.5616,5.474,5.3865,5.2992,5.2121,5.1252,5.0386,5.028,5.0249,5.0221,5.0197,5.0176,5.0159,5.0146,5.0138,5.0133,5.0558,5.1975,5.3394,5.4817,5.6244,5.7674,5.9107,6.0544,6.1985,6.3429,6.4782,6.6092,6.7405,6.872,7.0038,7.1357,7.2679,7.4004,7.533,7.6642,7.7722,7.8802,7.9883,8.0963,8.2044,8.3124,8.4205,8.5285,8.6366,8.6919,8.684,8.6758,8.6675,8.659,8.6502,8.6412,8.632,8.6226,8.6129,8.5484,8.4732,8.3979,8.3225,8.2471,8.1716,8.0959,8.0202,7.9443,7.8574,7.7312,7.6051,7.4791,7.3532,7.2273,7.1016,6.9759,6.8504,6.7249,6.673,6.6704,6.6677,6.665,6.6621,6.6591,6.656,6.6527,6.6494,6.6459,6.5892,6.531,6.4727,6.4141,6.3554,6.2965,6.2373,6.178,6.1184,6.0444,5.944,5.8433,5.7423,5.641,5.5394,5.4375
13.3486,13.3672,13.386,13.4049,13.424,13.4433,13.4627,13.4823,13.4858,13.4334,13.3813,13.3294,13.2777,13.2263,13.1752,13.1242,13.0734,13.0229,12.946,12.8522,12.7586,12.6653,12.5723,12.4795,12.3869,12.2945,12.2023,12.1103,11.9961,11.8817,11.7672,11.6527,11.5381,11.4234,11.3087,11.1939,11.0791,10.9538,10.8109,10.6679,10.5249,10.3818,10.2387,10.0955,9.9523,9.8091,9.6658,9.4957,9.317,9.1382,8.9594,8.7806,8.6017,8.4228,8.2439,8.065,7.8818,7.673,7.4642,7.2554,7.0467,6.8379,6.6292,6.4206,6.212,6.0035,5.865,5.7903,5.7156,5.6412,5.5668,5.4927,5.4187,5.345,5.2715,5.1982,5.2038,5.2179,5.2322,5.2469,5.262,5.2775,5.2933,5.3096,5.3263,5.3823,5.5335,5.685,5.8368,5.989,6.1415,6.2944,6.4477,6.6013,6.7553,6.8957,7.0297,7.1638,7.2981,7.4327,7.5676,7.7026,7.8379,7.9734,8.1074,8.2117,8.3159,8.4201,8.5244,8.6287,8.7329,8.8372,8.9415,9.0457,9.0978,9.082,9.0659,9.0497,9.0333,9.0167,8.9998,8.9827,8.9654,8.9479,8.8802,8.801,8.7217,8.6424,8.5629,8.4834,8.4037,8.324,8.2442,8.1553,8.0289,7.9027,7.7765,7.6504,7.5244,7.3985,7.2726,7.1469,7.0212,6.9638,6.9579,6.9519,6.9459,6.9397,6.9334,6.927,6.9204,6.9138,6.907,6.8481,6.7859,6.7235,6.6609,6.5982,6.5352,6.472,6.4086,6.3451,6.2682,6.163,6.0574,5.9516,5.8455,5.7391,5.6324
13.4532,13.4679,13.4827,13.4977,13.5128,13.5281,13.5436,13.5592,13.5567,13.4964,13.4363,13.3764,13.3168,13.2575,13.1983,13.1394,13.0807,13.0221,12.9342,12.8283,12.7227,12.6173,12.5121,12.4072,12.3026,12.1981,12.0938,11.9897,11.8768,11.7637,11.6506,11.5375,11.4243,11.311,11.1977,11.0843,10.9708,10.847,10.7062,10.5653,10.4244,10.2834,10.1424,10.0013,9.8602,9.719,9.5778,9.4103,9.2344,9.0584,8.8825,8.7064,8.5304,8.3543,8.1782,8.0021,7.8228,7.6237,7.4246,7.2255,7.0264,6.8274,6.6284,6.4295,6.2306,6.0319,5.9044,5.843,5.7817,5.7206,5.6596,5.5988,5.5381,5.4777,5.4175,5.3576,5.3794,5.4105,5.4421,5.4739,5.5061,5.5387,5.5717,5.6051,5.639,5.7086,5.8693,6.0304,6.1917,6.3534,6.5155,6.6779,6.8407,7.0038,7.1674,7.3132,7.45,7.587,7.7242,7.8616,7.9993,8.1372,8.2753,8.4137,8.5508,8.6513,8.7517,8.8522,8.9526,9.0531,9.1536,9.254,9.3545,9.455,9.504,9.4803,9.4564,9.4323,9.408,9.3835,9.3588,9.3338,9.3087,9.2832,9.2121,9.129,9.0457,8.9624,8.8789,8.7954,8.7118,8.628,8.5442,8.4532,8.3267,8.2002,8.0739,7.9476,7.8214,7.6954,7.5694,7.4434,7.3176,7.2548,7.2456,7.2363,7.227,7.2175,7.2079,7.1982,7.1883,7.1784,7.1683,7.1073,7.041,6.9746,6.908,6.8412,6.7742,6.707,6.6396,6.572,6.4924,6.3823,6.2719,6.1613,6.0503,5.9391,5.8276
13.5577,13.5684,13.5793,13.5903,13.6015,13.6129,13.6244,13.636,13.6274,13.5591,13.491,13.4232,13.3557,13.2884,13.2213,13.1544,13.0877,13.0212,12.9222,12.8042,12.6865,12.569,12.4518,12.3348,12.218,12.1015,11.9851,11.869,11.7574,11.6457,11.534,11.4223,11.3105,11.1986,11.0866,10.9747,10.8626,10.7403,10.6016,10.4628,10.324,10.1851,10.0461,9.9071,9.7681,9.629,9.4899,9.325,9.1519,8.9787,8.8055,8.6323,8.4591,8.2858,8.1125,7.9392,7.7637,7.5743,7.3849,7.1955,7.0062,6.8168,6.6276,6.4383,6.2492,6.0601,5.9437,5.8956,5.8476,5.7998,5.7521,5.7047,5.6574,5.6103,5.5634,5.5168,5.5546,5.603,5.6516,5.7006,5.7499,5.7997,5.8498,5.9003,5.9513,6.0347,6.2049,6.3755,6.5464,6.7176,6.8892,7.0612,7.2335,7.4061,7.5792,7.7306,7.8703,8.0101,8.1501,8.2904,8.4309,8.5717,8.7126,8.8539,8.9944,9.091,9.1877,9.2843,9.381,9.4777,9.5744,9.671,9.7677,9.8644,9.9104,9.8789,9.8471,9.8152,9.783,9.7507,9.7181,9.6853,9.6522,9.619,9.5443,9.4571,9.3699,9.2826,9.1951,9.1076,9.02,8.9323,8.8445,8.7511,8.6244,8.4978,8.3713,8.2449,8.1185,7.9923,7.8661,7.74,7.614,7.5459,7.5335,7.5209,7.5083,7.4955,7.4826,7.4696,7.4565,7.4432,7.4299,7.3667,7.2964,7.226,7.1554,7.0845,7.0135,6.9423,6.8708,6.7992,6.7169,6.602,6.4868,6.3713,6.2556,6.1395,6.0232
13.662,13.6688,13.6757,13.6828,13.69,13.6975,13.705,13.7127,13.6978,13.6216,13.5456,13.4698,13.3943,13.319,13.244,13.1691,13.0945,13.0201,12.9098,12.7798,12.65,12.5204,12.3911,12.2621,12.1332,12.0046,11.8762,11.7482,11.638,11.5278,11.4175,11.3071,11.1967,11.0862,10.9757,10.8651,10.7544,10.6336,10.497,10.3603,10.2235,10.0867,9.9499,9.813,9.676,9.539,9.402,9.2396,9.0693,8.899,8.7286,8.5582,8.3878,8.2173,8.0469,7.8764,7.7046,7.5249,7.3452,7.1655,6.9858,6.8062,6.6266,6.4471,6.2677,6.0883,5.9829,5.9481,5.9134,5.8789,5.8446,5.8104,5.7764,5.7427,5.7091,5.6758,5.7297,5.7951,5.8609,5.927,5.9934,6.0603,6.1275,6.1952,6.2633,6.3605,6.5403,6.7204,6.9009,7.0816,7.2627,7.4442,7.626,7.8082,7.9908,8.148,8.2904,8.4331,8.576,8.7191,8.8625,9.0061,9.1499,9.2939,9.438,9.5309,9.6237,9.7166,9.8095,9.9024,9.9953,10.0882,10.1811,10.2739,10.3172,10.2778,10.2382,10.1984,10.1584,10.1182,10.0777,10.0371,9.9962,9.955,9.8766,9.7855,9.6943,9.6029,9.5115,9.42,9.3284,9.2367,9.1449,9.0491,8.9222,8.7954,8.6687,8.5421,8.4156,8.2892,8.1628,8.0366,7.9104,7.8373,7.8216,7.8057,7.7898,7.7737,7.7575,7.7412,7.7248,7.7083,7.6916,7.6264,7.5521,7.4776,7.403,7.3281,7.2531,7.1778,7.1024,7.0267,6.9417,6.822,6.702,6.5817,6.4611,6.3403,6.2191
13.7662,13.769,13.772,13.7751,13.7785,13.7819,13.7855,13.7893,13.7681,13.6839,13.5999,13.5162,13.4327,13.3495,13.2665,13.1837,13.1011,13.0188,12.8972,12.7551,12.6132,12.4716,12.3303,12.1891,12.0482,11.9075,11.767,11.6275,11.5187,11.4099,11.3009,11.192,11.0829,10.9738,10.8647,10.7555,10.6462,10.527,10.3924,10.2578,10.1231,9.9884,9.8536,9.7188,9.584,9.4491,9.3141,9.1543,8.9868,8.8193,8.6517,8.4841,8.3165,8.1489,7.9812,7.8135,7.6455,7.4755,7.3054,7.1355,6.9655,6.7956,6.6257,6.4558,6.2861,6.1164,6.0219,6.0004,5.9791,5.9579,5.9369,5.916,5.8954,5.8749,5.8546,5.8346,5.9045,5.987,6.0698,6.1531,6.2366,6.3206,6.4049,6.4897,6.5749,6.6862,6.8755,7.0652,7.2551,7.4454,7.636,7.827,8.0183,8.21,8.4021,8.5652,8.7105,8.8561,9.0018,9.1478,9.294,9.4404,9.587,9.7339,9.8811,9.9709,10.0599,10.149,10.2381,10.3272,10.4164,10.5055,10.5946,10.6837,10.7243,10.6771,10.6296,10.582,10.5341,10.486,10.4377,10.3892,10.3405,10.2915,10.2092,10.114,10.0188,9.9235,9.8281,9.7327,9.6371,9.5414,9.4456,9.347,9.22,9.093,8.9661,8.8394,8.7127,8.5861,8.4596,8.3331,8.2068,8.1289,8.1098,8.0907,8.0715,8.0521,8.0326,8.0131,7.9934,7.9736,7.9536,7.8864,7.808,7.7296,7.6509,7.572,7.4929,7.4136,7.3342,7.2545,7.1669,7.0424,6.9176,6.7925,6.6671,6.5414,6.4154
13.8702,13.8691,13.8682,13.8674,13.8667,13.8663,13.8659,13.8658,13.838,13.7459,13.654,13.5624,13.471,13.3798,13.2888,13.1981,13.1076,13.0172,12.8843,12.7301,12.5762,12.4225,12.2691,12.1159,11.963,11.8102,11.6577,11.5068,11.3994,11.2919,11.1844,11.0768,10.9692,10.8615,10.7537,10.6459,10.538,10.4203,10.2878,10.1553,10.0227,9.8901,9.7574,9.6247,9.4919,9.3591,9.2262,9.069,8.9043,8.7396,8.5748,8.41,8.2452,8.0804,7.9155,7.7506,7.5863,7.426,7.2657,7.1054,6.9451,6.7849,6.6246,6.4645,6.3044,6.1444,6.0609,6.0527,6.0446,6.0367,6.029,6.0215,6.0141,6.0069,6,5.9933,6.079,6.1786,6.2786,6.3789,6.4795,6.5806,6.682,6.7839,6.8862,7.0117,7.2105,7.4097,7.6091,7.8089,8.009,8.2095,8.4103,8.6116,8.8132,8.9824,9.1306,9.2789,9.4275,9.5763,9.7253,9.8746,10.0241,10.1738,10.3238,10.411,10.4963,10.5816,10.6669,10.7522,10.8376,10.9229,11.0082,11.0935,11.1318,11.0766,11.0213,10.9658,10.9101,10.8542,10.7981,10.7417,10.6851,10.6283,10.5419,10.4428,10.3436,10.2443,10.1449,10.0455,9.9459,9.8463,9.7465,9.645,9.5178,9.3906,9.2636,9.1366,9.0098,8.883,8.7563,8.6297,8.5032,8.4206,8.3983,8.3759,8.3534,8.3307,8.308,8.2851,8.2621,8.239,8.2158,8.1466,8.0643,7.9817,7.899,7.8161,7.733,7.6498,7.5663,7.4826,7.3925,7.2631,7.1335,7.0036,6.8734,6.7429,6.6121
13.9742,13.9691,13.9642,13.9595,13.9549,13.9505,13.9462,13.9421,13.9078,13.8077,13.7079,13.6083,13.5089,13.4098,13.3109,13.2123,13.1138,13.0155,12.8711,12.7048,12.5389,12.3732,12.2077,12.0425,11.8775,11.7127,11.5481,11.3861,11.2801,11.1741,11.0679,10.9617,10.8555,10.7492,10.6428,10.5364,10.4299,10.3137,10.1833,10.0529,9.9224,9.7918,9.6612,9.5306,9.3999,9.2691,9.1384,8.9836,8.8218,8.6599,8.4979,8.3359,8.1739,8.0119,7.8498,7.6877,7.5272,7.3765,7.2259,7.0753,6.9247,6.7741,6.6236,6.4731,6.3227,6.1723,6.0997,6.1048,6.1101,6.1155,6.121,6.1268,6.1327,6.1388,6.1451,6.1517,6.2532,6.3699,6.487,6.6044,6.7221,6.8403,6.9588,7.0777,7.1971,7.337,7.5453,7.754,7.9629,8.1722,8.3818,8.5918,8.8022,9.0129,9.224,9.3995,9.5505,9.7017,9.8531,10.0048,10.1566,10.3087,10.4611,10.6137,10.7665,10.8512,10.9328,11.0143,11.0958,11.1774,11.2589,11.3405,11.422,11.5035,11.5395,11.4765,11.4134,11.3501,11.2865,11.2227,11.1588,11.0946,11.0301,10.9655,10.8748,10.7717,10.6685,10.5653,10.4619,10.3585,10.255,10.1513,10.0476,9.9429,9.8155,9.6882,9.561,9.4339,9.3069,9.1799,9.0531,8.9263,8.7996,8.7126,8.687,8.6613,8.6355,8.6095,8.5831,8.5553,8.5274,8.4995,8.4715,8.3995,8.3126,8.226,8.1394,8.053,7.9667,7.8806,7.7946,7.7088,7.6187,7.4898,7.3613,7.2333,7.1058,6.9787,6.8521
14.0775,14.0689,14.0601,14.0514,14.0429,14.0346,14.0264,14.0183,13.9773,13.8692,13.7615,13.654,13.5467,13.4397,13.3328,13.2262,13.1198,13.0136,12.8576,12.6793,12.5013,12.3236,12.1461,11.9688,11.7918,11.615,11.4383,11.2655,11.1609,11.0562,10.9514,10.8466,10.7418,10.6368,10.5319,10.4268,10.3217,10.2071,10.0788,9.9504,9.822,9.6935,9.565,9.4365,9.3078,9.1792,9.0505,8.8983,8.7393,8.5802,8.421,8.2618,8.1026,7.9434,7.7841,7.6249,7.468,7.3271,7.1861,7.0451,6.9042,6.7633,6.6224,6.4816,6.3409,6.2002,6.1384,6.1568,6.1754,6.194,6.2129,6.2319,6.2511,6.2705,6.2901,6.31,6.4272,6.561,6.6951,6.8296,6.9644,7.0996,7.2352,7.3712,7.5077,7.6621,7.8799,8.0981,8.3165,8.5353,8.7544,8.9739,9.1937,9.4139,9.6345,9.8166,9.9704,10.1244,10.2787,10.4331,10.5878,10.7428,10.898,11.0534,11.209,11.2916,11.3694,11.4465,11.5217,11.5968,11.6717,11.7465,11.8212,11.8957,11.9265,11.8535,11.7804,11.7074,11.6344,11.5613,11.4883,11.4152,11.3422,11.2691,11.1732,11.0652,10.9573,10.8494,10.7416,10.6339,10.5262,10.4186,10.3111,10.2034,10.0742,9.9451,9.816,9.6871,9.5581,9.4293,9.3005,9.1719,9.0432,8.9506,8.9212,8.8918,8.8623,8.8328,8.8032,8.7737,8.744,8.7144,8.6847,8.6148,8.529,8.4433,8.3578,8.2724,8.1872,8.1021,8.0172,7.9324,7.8452,7.7215,7.5984,7.4756,7.3534,7.2316,7.1104
14.1084,14.0907,14.0734,14.0565,14.0399,14.0236,14.0076,13.992,13.9435,13.8327,13.7219,13.6113,13.5007,13.3902,13.2799,13.1696,13.0594,12.9492,12.7845,12.5967,12.4091,12.2217,12.0345,11.8475,11.6606,11.4738,11.2872,11.1055,11.0002,10.8948,10.7894,10.684,10.5786,10.4732,10.3677,10.2622,10.1566,10.0418,9.9139,9.786,9.658,9.5299,9.4018,9.2737,9.1455,9.0172,8.8888,8.736,8.5761,8.4161,8.2561,8.096,7.9358,7.7755,7.6151,7.4547,7.2982,7.1681,7.0379,6.9076,6.7773,6.647,6.5167,6.3864,6.2561,6.1258,6.0736,6.102,6.1304,6.1588,6.1873,6.2159,6.2445,6.2732,6.302,6.3308,6.4685,6.6257,6.7833,6.9415,7.1002,7.2594,7.4192,7.5796,7.7406,7.9155,8.1412,8.3672,8.5934,8.82,9.0468,9.2739,9.5013,9.729,9.9571,10.1429,10.296,10.4492,10.6025,10.756,10.9095,11.0632,11.217,11.3709,11.5249,11.601,11.6702,11.7394,11.8084,11.8772,11.946,12.0146,12.083,12.1513,12.18,12.1049,12.0298,11.9547,11.8796,11.8045,11.7293,11.6542,11.579,11.5039,11.4078,11.2996,11.1914,11.0833,10.9752,10.8673,10.7593,10.6515,10.5437,10.4359,10.3071,10.1779,10.0488,9.9198,9.7908,9.662,9.5332,9.4044,9.2758,9.1796,9.1484,9.1173,9.086,9.0548,9.0235,8.9922,8.9608,8.9294,8.898,8.8301,8.7453,8.6607,8.5762,8.4918,8.4076,8.3236,8.2396,8.1559,8.0712,7.9529,7.835,7.7176,7.6006,7.4842,7.3682
14.1388,14.1112,14.084,14.057,14.0305,14.0042,13.9782,13.9526,13.8949,13.78,13.6652,13.5505,13.4359,13.3214,13.2069,13.0926,12.9783,12.8641,12.6903,12.4927,12.2953,12.0981,11.9011,11.7042,11.5075,11.3109,11.1144,10.9241,10.816,10.708,10.5998,10.4917,10.3836,10.2754,10.1672,10.0589,9.9507,9.8334,9.7037,9.574,9.4443,9.3144,9.1846,9.0547,8.9247,8.7946,8.6645,8.5077,8.3433,8.1787,8.0142,7.8495,7.6848,7.52,7.3551,7.1901,7.0313,6.9134,6.7954,6.6773,6.5593,6.4412,6.323,6.2049,6.0869,5.9688,5.9265,5.9637,6.0009,6.0381,6.0754,6.1128,6.1502,6.1877,6.2253,6.263,6.4263,6.6133,6.8009,6.9889,7.1775,7.3666,7.5563,7.7466,7.9375,8.1375,8.3719,8.6066,8.8416,9.0769,9.3124,9.5483,9.7845,10.0209,10.2578,10.4487,10.6023,10.7559,10.9096,11.0635,11.2175,11.3716,11.5258,11.6801,11.8346,11.9065,11.9695,12.0324,12.0952,12.1579,12.2204,12.2828,12.3451,12.4072,12.4336,12.3564,12.2792,12.202,12.1248,12.0477,11.9704,11.8932,11.816,11.7388,11.6425,11.534,11.4256,11.3172,11.2089,11.1007,10.9925,10.8844,10.7763,10.6683,10.54,10.4107,10.2816,10.1525,10.0235,9.8946,9.7658,9.637,9.5083,9.4087,9.3758,9.3429,9.3099,9.2769,9.2439,9.2108,9.1777,9.1445,9.1114,9.0453,8.9615,8.8779,8.7945,8.7111,8.628,8.5449,8.462,8.3793,8.2967,8.1839,8.0713,7.9591,7.8475,7.7363,7.6256
14.169,14.1314,14.0942,14.0573,14.0207,13.9845,13.9485,13.9129,13.8461,13.7271,13.6083,13.4896,13.3709,13.2524,13.1339,13.0155,12.8972,12.7789,12.5958,12.3885,12.1812,11.9742,11.7674,11.5607,11.3541,11.1477,10.9415,10.7427,10.6319,10.521,10.4102,10.2994,10.1885,10.0776,9.9666,9.8557,9.7447,9.6249,9.4935,9.362,9.2305,9.0989,8.9673,8.8356,8.7039,8.5721,8.4402,8.2794,8.1104,7.9413,7.7722,7.603,7.4338,7.2644,7.095,6.9255,6.7644,6.6586,6.5528,6.447,6.3411,6.2352,6.1293,6.0234,5.9175,5.8117,5.7793,5.8253,5.8713,5.9174,5.9635,6.0096,6.0558,6.1021,6.1485,6.195,6.3836,6.6006,6.818,7.0359,7.2543,7.4733,7.6928,7.913,8.1337,8.3592,8.6024,8.8458,9.0896,9.3336,9.5779,9.8225,10.0674,10.3126,10.5582,10.7546,10.9085,11.0626,11.2167,11.371,11.5254,11.6799,11.8346,11.9893,12.1442,12.2122,12.269,12.3257,12.3823,12.4388,12.4952,12.5514,12.6074,12.6633,12.6872,12.608,12.5287,12.4495,12.3702,12.2909,12.2117,12.1324,12.0531,11.9737,11.8772,11.7685,11.6598,11.5511,11.4426,11.3341,11.2256,11.1172,11.0089,10.9007,10.7728,10.6436,10.5144,10.3853,10.2562,10.1273,9.9984,9.8696,9.7408,9.6379,9.6033,9.5686,9.5339,9.4991,9.4644,9.4295,9.3947,9.3598,9.3249,9.2604,9.1777,9.0951,9.0127,8.9304,8.8482,8.7662,8.6844,8.6026,8.5211,8.4144,8.3071,8.2003,8.0939,7.988,7.8826
14.1988,14.1512,14.104,14.0571,14.0106,13.9644,13.9185,13.8729,13.7972,13.6742,13.5513,13.4285,13.3058,13.1832,13.0607,12.9383,12.816,12.6937,12.5012,12.284,12.067,11.8501,11.6335,11.417,11.2006,10.9844,10.7683,10.5612,10.4476,10.3341,10.2205,10.107,9.9933,9.8797,9.7661,9.6524,9.5386,9.4165,9.2833,9.1501,9.0168,8.8834,8.75,8.6166,8.4831,8.3495,8.2159,8.051,7.8775,7.7039,7.5303,7.3566,7.1828,7.0089,6.835,6.6609,6.4974,6.4039,6.3103,6.2166,6.1229,6.0292,5.9355,5.8418,5.7481,5.6545,5.6321,5.6869,5.7417,5.7965,5.8514,5.9063,5.9614,6.0164,6.0716,6.1269,6.3405,6.5873,6.8346,7.0823,7.3306,7.5794,7.8288,8.0788,8.3294,8.5807,8.8327,9.0849,9.3373,9.5901,9.8431,10.0965,10.3501,10.6041,10.8584,11.0604,11.2148,11.3692,11.5238,11.6785,11.8333,11.9883,12.1433,12.2985,12.4538,12.5181,12.5687,12.6192,12.6697,12.7199,12.7701,12.8201,12.87,12.9197,12.941,12.8597,12.7783,12.697,12.6157,12.5343,12.453,12.3716,12.2902,12.2088,12.1119,12.0029,11.894,11.7851,11.6762,11.5675,11.4588,11.3501,11.2416,11.1331,11.0057,10.8764,10.7472,10.618,10.489,10.3599,10.231,10.1022,9.9734,9.8672,9.8308,9.7944,9.7579,9.7215,9.6849,9.6484,9.6118,9.5752,9.5385,9.4755,9.3938,9.3122,9.2308,9.1496,9.0684,8.9875,8.9066,8.8259,8.7454,8.6447,8.5426,8.4411,8.34,8.2394,8.1392
14.2282,14.1707,14.1135,14.0567,14.0002,13.944,13.8882,13.8326,13.7482,13.6211,13.4942,13.3674,13.2407,13.114,12.9875,12.861,12.7346,12.6083,12.4063,12.1793,11.9525,11.7259,11.4994,11.2731,11.0469,10.8209,10.595,10.3796,10.2634,10.1471,10.0308,9.9145,9.7982,9.6818,9.5654,9.449,9.3326,9.208,9.073,8.9381,8.803,8.6679,8.5327,8.3975,8.2623,8.1269,7.9915,7.8227,7.6446,7.4665,7.2883,7.1101,6.9318,6.7534,6.5749,6.3963,6.2304,6.1491,6.0676,5.9862,5.9047,5.8232,5.7417,5.6602,5.5787,5.4972,5.4848,5.5483,5.6119,5.6755,5.7392,5.803,5.8668,5.9306,5.9946,6.0587,6.297,6.5736,6.8507,7.1283,7.4063,7.685,7.9642,8.244,8.5244,8.8021,9.0628,9.3237,9.5849,9.8464,10.1082,10.3703,10.6326,10.8953,11.1584,11.3662,11.521,11.6759,11.8309,11.986,12.1413,12.2966,12.4521,12.6076,12.7633,12.8242,12.8686,12.913,12.9572,13.0013,13.0453,13.0891,13.1328,13.1763,13.1948,13.1114,13.028,12.9446,12.8612,12.7778,12.6944,12.6109,12.5275,12.444,12.3466,12.2374,12.1282,12.019,11.9099,11.8009,11.6919,11.5831,11.4742,11.3655,11.2386,11.1093,10.98,10.8508,10.7217,10.5926,10.4636,10.3347,10.2059,10.0966,10.0585,10.0203,9.9821,9.9439,9.9056,9.8673,9.829,9.7906,9.7522,9.6904,9.6098,9.5293,9.4489,9.3687,9.2886,9.2086,9.1288,9.0491,8.9696,8.8745,8.7777,8.6815,8.5857,8.4903,8.3955
14.2573,14.1898,14.1227,14.0559,13.9895,13.9234,13.8576,13.792,13.699,13.568,13.437,13.3061,13.1754,13.0447,12.9141,12.7836,12.6532,12.5228,12.3112,12.0744,11.8378,11.6014,11.3651,11.129,10.893,10.6572,10.4215,10.198,10.0791,9.9601,9.8411,9.722,9.603,9.4839,9.3648,9.2457,9.1265,8.9995,8.8628,8.726,8.5892,8.4524,8.3154,8.1785,8.0414,7.9043,7.7672,7.5943,7.4117,7.2291,7.0464,6.8636,6.6808,6.4979,6.3149,6.1318,5.9634,5.8942,5.825,5.7557,5.6864,5.6171,5.5477,5.4784,5.4091,5.3398,5.3374,5.4097,5.4821,5.5545,5.627,5.6995,5.7721,5.8447,5.9175,5.9903,6.253,6.5595,6.8663,7.1737,7.4816,7.79,8.099,8.4086,8.7189,9.0233,9.2927,9.5623,9.8323,10.1025,10.373,10.6438,10.9149,11.1864,11.4581,11.6721,11.8272,11.9825,12.138,12.2935,12.4491,12.6049,12.7608,12.9168,13.0729,13.1305,13.1688,13.2069,13.245,13.2829,13.3207,13.3583,13.3958,13.4331,13.4487,13.3633,13.2778,13.1923,13.1068,13.0213,12.9359,12.8503,12.7648,12.6793,12.5814,12.4718,12.3624,12.253,12.1436,12.0343,11.9251,11.816,11.7069,11.5979,11.4715,11.3421,11.2128,11.0835,10.9544,10.8253,10.6963,10.5673,10.4384,10.3261,10.2863,10.2463,10.2064,10.1664,10.1264,10.0864,10.0463,10.0062,9.9661,9.9054,9.8257,9.7463,9.6669,9.5877,9.5086,9.4297,9.3509,9.2723,9.1938,9.1039,9.0125,8.9215,8.8309,8.7409,8.6513
14.286,14.2086,14.1315,14.0548,13.9784,13.9024,13.8266,13.7511,13.6497,13.5147,13.3797,13.2448,13.11,12.9753,12.8406,12.7061,12.5716,12.4373,12.2159,11.9693,11.7229,11.4767,11.2306,10.9847,10.739,10.4934,10.2479,10.0164,9.8947,9.773,9.6513,9.5295,9.4077,9.2859,9.1641,9.0422,8.9204,8.791,8.6525,8.514,8.3754,8.2368,8.0981,7.9594,7.8206,7.6817,7.5428,7.3659,7.1788,6.9916,6.8044,6.6171,6.4298,6.2423,6.0548,5.8672,5.6964,5.6394,5.5823,5.5252,5.4681,5.4109,5.3537,5.2966,5.2394,5.1823,5.1899,5.271,5.3522,5.4334,5.5146,5.5959,5.6773,5.7587,5.8402,5.9218,6.2086,6.5448,6.8815,7.2186,7.5563,7.8945,8.2333,8.5727,8.9127,9.2443,9.5224,9.8008,10.0794,10.3584,10.6376,10.9172,11.197,11.4771,11.7576,11.9778,12.1335,12.2892,12.445,12.601,12.757,12.9132,13.0695,13.2259,13.3824,13.437,13.4691,13.5011,13.5329,13.5647,13.5963,13.6277,13.6591,13.6902,13.7027,13.6152,13.5277,13.4401,13.3526,13.265,13.1774,13.0899,13.0023,12.9146,12.8161,12.7063,12.5966,12.4869,12.3773,12.2678,12.1583,12.0489,11.9396,11.8303,11.7044,11.5749,11.4456,11.3163,11.1871,11.0579,10.9289,10.7999,10.671,10.5557,10.5141,10.4725,10.4308,10.3891,10.3474,10.3056,10.2638,10.2219,10.18,10.1202,10.0416,9.9632,9.8848,9.8066,9.7286,9.6507,9.5729,9.4953,9.4179,9.333,9.2468,9.1611,9.0758,8.991,8.9067
14.3144,14.227,14.14,14.0534,13.967,13.881,13.7953,13.7099,13.6004,13.4612,13.3222,13.1833,13.0445,12.9057,12.7671,12.6285,12.49,12.3516,12.1203,11.8639,11.6077,11.3517,11.0959,10.8402,10.5847,10.3293,10.074,9.8347,9.7103,9.5859,9.4614,9.3369,9.2125,9.0879,8.9634,8.8388,8.7142,8.5825,8.4422,8.3019,8.1616,8.0212,7.8808,7.7403,7.5997,7.4591,7.3184,7.1374,6.9458,6.7542,6.5624,6.3706,6.1787,5.9868,5.7948,5.6026,5.4293,5.3845,5.3396,5.2947,5.2497,5.2047,5.1597,5.1147,5.0697,5.0247,5.0424,5.1323,5.2222,5.3121,5.4021,5.4922,5.5823,5.6726,5.7628,5.8532,6.1638,6.5297,6.8962,7.2631,7.6305,7.9985,8.367,8.7362,9.106,9.4651,9.7519,10.039,10.3264,10.6141,10.902,11.1903,11.4788,11.7677,12.0569,12.2836,12.4397,12.5958,12.7521,12.9084,13.0649,13.2215,13.3782,13.535,13.692,13.7437,13.7697,13.7955,13.8212,13.8467,13.8721,13.8974,13.9226,13.9476,13.9568,13.8672,13.7776,13.688,13.5984,13.5087,13.4191,13.3295,13.2398,13.1501,13.0509,12.9408,12.8308,12.7209,12.6111,12.5013,12.3915,12.2819,12.1723,12.0627,11.9372,11.8078,11.6784,11.549,11.4198,11.2906,11.1615,11.0325,10.9035,10.7854,10.7421,10.6987,10.6553,10.6119,10.5684,10.5249,10.4813,10.4377,10.3941,10.335,10.2574,10.18,10.1027,10.0255,9.9485,9.8716,9.7949,9.7183,9.6419,9.5617,9.4807,9.4003,9.3203,9.2408,9.1617
14.3424,14.2451,14.1482,14.0516,13.9553,13.8594,13.7638,13.6684,13.5508,13.4077,13.2647,13.1217,12.9788,12.8361,12.6934,12.5508,12.4083,12.2658,12.0245,11.7584,11.4924,11.2266,10.961,10.6955,10.4302,10.1651,9.9,9.653,9.5259,9.3987,9.2715,9.1443,9.0171,8.8899,8.7626,8.6353,8.508,8.3739,8.2319,8.0899,7.9478,7.8056,7.6635,7.5212,7.3789,7.2365,7.0941,6.909,6.7129,6.5167,6.3204,6.1241,5.9277,5.7313,5.5347,5.3381,5.1623,5.1296,5.0968,5.0641,5.0312,4.9984,4.9655,4.9327,4.8999,4.8671,4.8948,4.9934,5.0921,5.1908,5.2896,5.3884,5.4873,5.5863,5.6854,5.7845,6.1185,6.5142,6.9104,7.307,7.7042,8.1019,8.5002,8.8991,9.2986,9.6857,9.9813,10.2771,10.5732,10.8696,11.1662,11.4632,11.7605,12.058,12.3559,12.5894,12.7459,12.9024,13.0591,13.2159,13.3728,13.5298,13.6869,13.8441,14.0015,14.0507,14.0704,14.0901,14.1096,14.129,14.1482,14.1673,14.1863,14.2051,14.211,14.1193,14.0276,13.9359,13.8443,13.7526,13.6609,13.5691,13.4774,13.3857,13.2856,13.1753,13.0651,12.9549,12.8448,12.7348,12.6248,12.5148,12.405,12.2952,12.1701,12.0406,11.9112,11.7818,11.6525,11.5233,11.3941,11.2651,11.1361,11.0153,10.9702,10.9251,10.8799,10.8347,10.7895,10.7443,10.699,10.6537,10.6083,10.5497,10.4732,10.3968,10.3205,10.2444,10.1684,10.0925,10.0168,9.9412,9.8658,9.7899,9.7143,9.6391,9.5644,9.4901,9.4164
14.3701,14.2629,14.156,14.0495,13.9433,13.8374,13.7319,13.6266,13.5012,13.354,13.207,13.06,12.9131,12.7663,12.6196,12.473,12.3264,12.18,11.9285,11.6526,11.3768,11.1013,10.8259,10.5506,10.2756,10.0006,9.7258,9.4712,9.3414,9.2115,9.0816,8.9517,8.8218,8.6918,8.5618,8.4318,8.3018,8.1653,8.0216,7.8778,7.7339,7.59,7.4461,7.3021,7.158,7.0139,6.8697,6.6805,6.4799,6.2792,6.0784,5.8776,5.6767,5.4757,5.2747,5.0735,4.8952,4.8746,4.8541,4.8334,4.8127,4.792,4.7713,4.7506,4.73,4.7093,4.7471,4.8545,4.9619,5.0694,5.177,5.2845,5.3922,5.4999,5.6077,5.7157,6.0727,6.4982,6.9241,7.3505,7.7774,8.2048,8.6328,9.0614,9.4907,9.9062,10.2104,10.515,10.8198,11.1248,11.4302,11.7359,12.0418,12.3481,12.6547,12.8952,13.052,13.209,13.3661,13.5233,13.6806,13.838,13.9956,14.1532,14.311,14.3578,14.3714,14.3849,14.3982,14.4115,14.4245,14.4375,14.4503,14.463,14.4652,14.3715,14.2777,14.184,14.0902,13.9965,13.9027,13.8089,13.7151,13.6213,13.5204,13.4099,13.2994,13.1889,13.0786,12.9682,12.858,12.7478,12.6377,12.5276,12.403,12.2735,12.144,12.0146,11.8852,11.756,11.6268,11.4977,11.3686,11.2452,11.1984,11.1515,11.1046,11.0577,11.0108,10.9638,10.9167,10.8697,10.8226,10.7644,10.6889,10.6135,10.5382,10.4631,10.3881,10.3133,10.2386,10.1641,10.0897,10.0179,9.9475,9.8776,9.8081,9.7391,9.6706
14.3974,14.2803,14.1635,14.0471,13.9309,13.8152,13.6997,13.5845,13.4515,13.3003,13.1492,12.9982,12.8473,12.6965,12.5457,12.3951,12.2445,12.094,11.8322,11.5465,11.261,10.9757,10.6906,10.4056,10.1207,9.836,9.5514,9.2894,9.1568,9.0242,8.8916,8.759,8.6264,8.4937,8.361,8.2283,8.0955,7.9567,7.8112,7.6657,7.5201,7.3744,7.2287,7.083,6.9371,6.7912,6.6453,6.452,6.2469,6.0417,5.8364,5.6311,5.4257,5.2202,5.0146,4.809,4.6281,4.6197,4.6112,4.6027,4.5942,4.5856,4.5771,4.5685,4.56,4.5515,4.5994,4.7155,4.8317,4.9479,5.0642,5.1806,5.297,5.4135,5.53,5.6467,6.0266,6.4817,6.9373,7.3934,7.85,8.3071,8.7649,9.2232,9.6821,10.1264,10.4394,10.7526,11.0661,11.3799,11.694,12.0083,12.323,12.638,12.9533,13.2009,13.3582,13.5156,13.6731,13.8307,13.9884,14.1463,14.3042,14.4623,14.6205,14.6652,14.6726,14.6799,14.6871,14.6942,14.7011,14.7079,14.7145,14.721,14.7195,14.6237,14.5279,14.4321,14.3363,14.2405,14.1446,14.0488,13.9529,13.8571,13.7552,13.6444,13.5336,13.4229,13.3123,13.2017,13.0912,12.9808,12.8704,12.7601,12.6359,12.5063,12.3768,12.2473,12.1179,11.9886,11.8594,11.7302,11.6012,11.4752,11.4266,11.3781,11.3294,11.2808,11.2321,11.1834,11.1346,11.0858,11.037,10.979,10.9045,10.8301,10.7559,10.6818,10.6078,10.534,10.4604,10.3868,10.3135,10.2454,10.1803,10.1156,10.0514,9.9877,9.9244
14.4244,14.2973,14.1706,14.0443,13.9183,13.7926,13.6672,13.5421,13.4016,13.2464,13.0913,12.9362,12.7813,12.6265,12.4717,12.3171,12.1625,12.008,11.7357,11.4403,11.145,10.85,10.555,10.2603,9.9657,9.6712,9.3769,9.1075,8.9722,8.8369,8.7016,8.5663,8.4309,8.2956,8.1602,8.0247,7.8892,7.7481,7.6009,7.4536,7.3062,7.1588,7.0113,6.8638,6.7162,6.5686,6.4209,6.2235,6.0139,5.8042,5.5944,5.3846,5.1746,4.9646,4.7546,4.5444,4.361,4.3647,4.3684,4.372,4.3756,4.3792,4.3827,4.3863,4.3899,4.3935,4.4515,4.5764,4.7014,4.8264,4.9514,5.0765,5.2016,5.3269,5.4522,5.5776,5.9799,6.4648,6.9501,7.4358,7.9221,8.409,8.8964,9.3844,9.873,10.3465,10.6682,10.9901,11.3123,11.6348,11.9575,12.2806,12.604,12.9277,13.2517,13.5067,13.6644,13.8222,13.9801,14.1381,14.2962,14.4545,14.6129,14.7714,14.93,14.9728,14.974,14.9752,14.9762,14.9771,14.9779,14.9785,14.979,14.9793,14.974,14.8761,14.7782,14.6803,14.5825,14.4846,14.3867,14.2888,14.1908,14.0929,13.99,13.8789,13.7679,13.657,13.5461,13.4353,13.3245,13.2138,13.1032,12.9926,12.8688,12.7392,12.6096,12.4801,12.3507,12.2213,12.092,11.9628,11.8337,11.7053,11.655,11.6047,11.5544,11.504,11.4536,11.4031,11.3526,11.3021,11.2515,11.1935,11.12,11.0467,10.9735,10.9004,10.8275,10.7547,10.682,10.6095,10.5372,10.4725,10.4127,10.3533,10.2943,10.2358,10.1778
