13.1569,13.1224,13.0879,13.0535,13.0191,12.9847,12.9503,12.916,12.8817,12.8477,12.819,12.7903,12.7616,12.7329,12.7042,12.6755,12.6469,12.6182,12.5896,12.5171,12.4254,12.3338,12.2421,12.1504,12.0588,11.9671,11.8754,11.7837,11.7412,11.8029,11.8647,11.9267,11.9887,12.0507,12.1127,12.1747,12.2367,12.2987,12.3447,12.3898,12.4349,12.48,12.525,12.5701,12.6152,12.6603,12.7054,12.7504,12.7953,12.8402,12.8851,12.93,12.9749,13.0198,13.0647,13.1096,13.1272,13.0347,12.9421,12.8495,12.757,12.6644,12.5719,12.4793,12.3867,12.2942,12.1638,12.0255,11.8871,11.7487,11.6103,11.472,11.3336,11.1952,11.0569,10.9923,11.0177,11.0433,11.069,11.0947,11.1204,11.1462,11.1721,11.1979,11.222,11.2246,11.2271,11.2298,11.2324,11.2352,11.238,11.2409,11.2438,11.2468,11.2727,11.3084,11.3439,11.3794,11.4147,11.45,11.4851,11.5201,11.555,11.559,11.4988,11.4386,11.3784,11.3182,11.258,11.1979,11.1377,11.0775,11.0174,10.9935,10.9715,10.9494,10.927,10.9046,10.8819,10.8591,10.8361,10.8129,10.81,10.8224,10.8349,10.8474,10.86,10.8726,10.8852,10.8978,10.9105,10.9162,10.8918,10.8674,10.843,10.8185,10.7941,10.7697,10.7452,10.7208,10.6964,10.6624,10.6256,10.5882,10.5502,10.5116,10.4723,10.4324,10.3918,10.3506,10.3049,10.2536,10.2019,10.15,10.0977,10.0452,9.9923,9.9391,9.8855,9.8316,9.7761,9.7206,9.6651,9.6095,9.5538,9.4981,9.4424,9.3866,9.3308
13.1823,13.1475,13.1126,13.0778,13.043,13.0082,12.9734,12.9387,12.904,12.8698,12.8411,12.8123,12.7836,12.755,12.7263,12.6976,12.6689,12.6403,12.6116,12.5387,12.4475,12.3563,12.265,12.1738,12.0826,11.9914,11.9001,11.8089,11.7656,11.8199,11.8743,11.9289,11.9835,12.0383,12.0932,12.1481,12.2032,12.2583,12.3041,12.3494,12.3947,12.44,12.4853,12.5305,12.5758,12.621,12.6662,12.7102,12.7532,12.7963,12.8393,12.8823,12.9253,12.9683,13.0113,13.0542,13.0717,12.986,12.9002,12.8145,12.7288,12.6431,12.5574,12.4718,12.3862,12.3007,12.1735,12.0373,11.9011,11.7649,11.6288,11.4927,11.3566,11.2205,11.0845,11.0207,11.0475,11.0744,11.1013,11.1282,11.1552,11.1822,11.2092,11.2363,11.2619,11.2662,11.2705,11.2749,11.2793,11.2837,11.2883,11.2929,11.2975,11.3022,11.3256,11.3572,11.3888,11.4203,11.4517,11.483,11.5142,11.5452,11.5761,11.5789,11.5187,11.4585,11.3983,11.3381,11.2779,11.2178,11.1576,11.0974,11.0373,11.0091,10.9832,10.9572,10.9311,10.9047,10.8782,10.8516,10.8247,10.7977,10.7926,10.8059,10.8192,10.8325,10.8458,10.8592,10.8726,10.8861,10.8996,10.9069,10.8825,10.8581,10.8336,10.8092,10.7848,10.7604,10.7359,10.7115,10.687,10.6457,10.599,10.5518,10.5039,10.4554,10.4062,10.3564,10.306,10.2549,10.2019,10.1465,10.0908,10.0349,9.9786,9.922,9.8651,9.8078,9.7502,9.6923,9.6369,9.5814,9.5258,9.4702,9.4146,9.3589,9.3032,9.2474,9.1915
13.2078,13.1725,13.1373,13.102,13.0668,13.0317,12.9965,12.9614,12.9263,12.8918,12.8631,12.8344,12.8057,12.777,12.7483,12.7196,12.691,12.6623,12.6336,12.5603,12.4695,12.3788,12.288,12.1972,12.1064,12.0157,11.9249,11.8341,11.7899,11.8368,11.8838,11.931,11.9783,12.0256,12.0731,12.1207,12.1683,12.2161,12.2615,12.3068,12.3521,12.3974,12.4427,12.488,12.5332,12.5785,12.6237,12.6664,12.7074,12.7483,12.7892,12.8301,12.871,12.9119,12.9528,12.9936,13.011,12.9327,12.8545,12.7763,12.6981,12.6199,12.5417,12.4636,12.3855,12.3075,12.1838,12.0498,11.9158,11.7819,11.6479,11.514,11.3802,11.2464,11.1126,11.0494,11.0775,11.1055,11.1336,11.1618,11.19,11.2182,11.2464,11.2747,11.3018,11.3078,11.3138,11.3199,11.3261,11.3323,11.3385,11.3448,11.3512,11.3577,11.3785,11.4062,11.4339,11.4614,11.4888,11.5161,11.5433,11.5704,11.5974,11.5989,11.5387,11.4785,11.4182,11.3581,11.2979,11.2377,11.1775,11.1173,11.0572,11.0248,10.9951,10.9652,10.9352,10.9051,10.8747,10.8442,10.8135,10.7827,10.7752,10.7893,10.8034,10.8175,10.8316,10.8458,10.86,10.8743,10.8886,10.8976,10.8732,10.8487,10.8243,10.7999,10.7755,10.751,10.7266,10.7022,10.6777,10.6296,10.5731,10.5159,10.4582,10.3998,10.3408,10.2811,10.2208,10.1598,10.0991,10.0397,9.98,9.92,9.8597,9.7991,9.7381,9.6768,9.6152,9.5533,9.4976,9.4421,9.3866,9.331,9.2753,9.2197,9.1639,9.1081,9.0523
13.2332,13.1976,13.1619,13.1263,13.0907,13.0551,13.0196,12.984,12.9485,12.9138,12.8851,12.8564,12.8277,12.799,12.7703,12.7417,12.713,12.6843,12.6557,12.5819,12.4916,12.4013,12.311,12.2206,12.1303,12.04,11.9497,11.8593,11.814,11.8536,11.8932,11.933,11.9729,12.0129,12.053,12.0932,12.1334,12.1738,12.2189,12.2643,12.3096,12.3549,12.4002,12.4455,12.4907,12.536,12.5812,12.6227,12.6615,12.7003,12.7392,12.7779,12.8167,12.8555,12.8942,12.933,12.9502,12.8795,12.8088,12.738,12.6673,12.5967,12.526,12.4554,12.3848,12.3143,12.194,12.0622,11.9305,11.7988,11.6671,11.5354,11.4038,11.2722,11.1406,11.0781,11.1073,11.1366,11.166,11.1953,11.2247,11.2541,11.2836,11.313,11.3416,11.3493,11.3571,11.3649,11.3728,11.3807,11.3887,11.3968,11.4049,11.4131,11.4316,11.4554,11.479,11.5026,11.526,11.5494,11.5726,11.5957,11.6187,11.6188,11.5586,11.4984,11.4382,11.378,11.3178,11.2576,11.1974,11.1372,11.077,11.0407,11.0071,10.9734,10.9396,10.9056,10.8714,10.837,10.8025,10.7678,10.7578,10.7726,10.7875,10.8024,10.8174,10.8324,10.8474,10.8624,10.8775,10.8882,10.8638,10.8394,10.815,10.7906,10.7661,10.7417,10.7173,10.6928,10.6684,10.6141,10.5477,10.4807,10.4131,10.3448,10.2759,10.2064,10.1362,10.0654,9.9967,9.9332,9.8695,9.8055,9.7411,9.6765,9.6115,9.5462,9.4805,9.4145,9.3584,9.3029,9.2473,9.1917,9.1361,9.0804,9.0247,8.9689,8.9131
13.2586,13.2226,13.1865,13.1505,13.1145,13.0786,13.0426,13.0067,12.9708,12.9359,12.9071,12.8784,12.8497,12.8211,12.7924,12.7637,12.735,12.7064,12.6777,12.6036,12.5137,12.4238,12.3339,12.2441,12.1542,12.0643,11.9744,11.8845,11.838,11.8702,11.9025,11.9349,11.9674,12,12.0327,12.0655,12.0984,12.1314,12.1764,12.2217,12.267,12.3123,12.3576,12.4029,12.4482,12.4934,12.5387,12.5789,12.6157,12.6524,12.6891,12.7258,12.7624,12.7991,12.8357,12.8723,12.8894,12.8262,12.763,12.6998,12.6366,12.5734,12.5102,12.4471,12.384,12.321,12.2042,12.0747,11.9451,11.8156,11.6862,11.5567,11.4273,11.298,11.1687,11.1067,11.1372,11.1677,11.1982,11.2288,11.2594,11.29,11.3207,11.3514,11.3814,11.3908,11.4003,11.4099,11.4195,11.4292,11.4389,11.4487,11.4585,11.4684,11.4848,11.5046,11.5243,11.5439,11.5634,11.5827,11.602,11.6212,11.6402,11.6388,11.5785,11.5183,11.4581,11.3979,11.3377,11.2775,11.2173,11.1571,11.0969,11.0567,11.0193,10.9818,10.9441,10.9062,10.8682,10.83,10.7916,10.7531,10.7403,10.756,10.7717,10.7874,10.8031,10.8189,10.8347,10.8505,10.8664,10.8789,10.8545,10.8301,10.8057,10.7812,10.7568,10.7324,10.708,10.6835,10.6591,10.5992,10.5229,10.446,10.3686,10.2905,10.2117,10.1323,10.0523,9.9716,9.8945,9.827,9.7592,9.6912,9.6228,9.5541,9.4851,9.4157,9.3461,9.2761,9.2191,9.1636,9.1081,9.0525,8.9969,8.9412,8.8854,8.8297,8.7738
13.284,13.2476,13.2112,13.1748,13.1384,13.102,13.0657,13.0294,12.9931,12.9579,12.9292,12.9005,12.8718,12.8431,12.8144,12.7857,12.7571,12.7284,12.6998,12.6252,12.5358,12.4464,12.3569,12.2675,12.1781,12.0886,11.9992,11.9098,11.8619,11.8867,11.9116,11.9366,11.9618,11.987,12.0124,12.0378,12.0633,12.0889,12.1338,12.1791,12.2245,12.2698,12.3151,12.3604,12.4056,12.4509,12.4962,12.5352,12.5698,12.6044,12.639,12.6736,12.7081,12.7427,12.7772,12.8117,12.8286,12.7729,12.7172,12.6615,12.6058,12.5501,12.4944,12.4388,12.3832,12.3277,12.2144,12.0871,11.9598,11.8325,11.7053,11.5781,11.4509,11.3237,11.1966,11.1354,11.1671,11.1988,11.2305,11.2623,11.2941,11.3259,11.3578,11.3897,11.4211,11.4323,11.4435,11.4548,11.4662,11.4776,11.489,11.5005,11.5121,11.5237,11.5381,11.5539,11.5696,11.5853,11.6008,11.6162,11.6316,11.6468,11.6619,11.6587,11.5985,11.5382,11.478,11.4178,11.3576,11.2974,11.2372,11.177,11.1168,11.0728,11.0316,10.9903,10.9487,10.907,10.8652,10.8232,10.781,10.7386,10.7228,10.7393,10.7557,10.7722,10.7888,10.8054,10.822,10.8386,10.8553,10.8696,10.8452,10.8208,10.7963,10.7719,10.7475,10.7231,10.6986,10.6742,10.6498,10.5848,10.4987,10.412,10.3247,10.2367,10.1481,10.0589,9.969,9.8784,9.7925,9.721,9.6493,9.5772,9.5048,9.432,9.359,9.2856,9.2119,9.1379,9.0799,9.0244,8.9688,8.9133,8.8576,8.8019,8.7462,8.6904,8.6346
13.3094,13.2726,13.2358,13.199,13.1622,13.1254,13.0887,13.052,13.0153,12.9799,12.9512,12.9225,12.8938,12.8651,12.8365,12.8078,12.7791,12.7505,12.7218,12.6469,12.5579,12.4689,12.3799,12.2909,12.2019,12.113,12.024,11.935,11.8857,11.9031,11.9206,11.9383,11.9561,11.974,11.9919,12.01,12.0282,12.0464,12.0912,12.1366,12.1819,12.2272,12.2725,12.3178,12.3631,12.4084,12.4536,12.4914,12.5239,12.5564,12.5889,12.6214,12.6538,12.6863,12.7187,12.7511,12.7678,12.7196,12.6714,12.6231,12.5749,12.5267,12.4786,12.4304,12.3823,12.3343,12.2246,12.0995,11.9744,11.8493,11.7243,11.5993,11.4744,11.3495,11.2246,11.164,11.1969,11.2298,11.2628,11.2957,11.3287,11.3618,11.3949,11.428,11.4608,11.4737,11.4867,11.4997,11.5128,11.5259,11.5391,11.5523,11.5656,11.579,11.5915,11.6034,11.6151,11.6268,11.6384,11.6499,11.6612,11.6725,11.6836,11.6786,11.6184,11.5582,11.4979,11.4377,11.3775,11.3173,11.2571,11.1969,11.1367,11.0892,11.0441,10.9989,10.9536,10.908,10.8623,10.8165,10.7705,10.7242,10.7053,10.7225,10.7398,10.7571,10.7744,10.7918,10.8092,10.8266,10.8441,10.8603,10.8359,10.8114,10.787,10.7626,10.7382,10.7137,10.6893,10.6649,10.6404,10.5711,10.4751,10.3786,10.2814,10.1836,10.0851,9.9861,9.8863,9.7859,9.6908,9.6153,9.5395,9.4634,9.387,9.3102,9.2332,9.1558,9.0781,9,8.9406,8.8851,8.8296,8.774,8.7184,8.6627,8.607,8.5512,8.4954
13.3348,13.2976,13.2604,13.2232,13.186,13.1488,13.1117,13.0746,13.0375,13.002,12.9732,12.9445,12.9159,12.8872,12.8585,12.8298,12.8012,12.7725,12.7439,12.6685,12.58,12.4915,12.4029,12.3144,12.2258,12.1373,12.0488,11.9602,11.9093,11.9194,11.9296,11.9399,11.9503,11.9608,11.9714,11.9821,11.9929,12.0038,12.0486,12.094,12.1393,12.1847,12.23,12.2753,12.3206,12.3659,12.4111,12.4476,12.478,12.5084,12.5388,12.5691,12.5995,12.6298,12.6602,12.6905,12.707,12.6663,12.6255,12.5848,12.544,12.5033,12.4627,12.422,12.3814,12.3409,12.2347,12.1118,11.989,11.8662,11.7434,11.6206,11.4979,11.3752,11.2525,11.1926,11.2267,11.2608,11.295,11.3292,11.3634,11.3976,11.4319,11.4662,11.5005,11.5152,11.5298,11.5446,11.5594,11.5742,11.5891,11.6041,11.6191,11.6342,11.645,11.6529,11.6607,11.6685,11.6761,11.6836,11.691,11.6983,11.7055,11.6986,11.6383,11.5781,11.5179,11.4576,11.3974,11.3372,11.277,11.2168,11.1566,11.1057,11.0568,11.0077,10.9585,10.9092,10.8597,10.81,10.7601,10.7101,10.6877,10.7057,10.7238,10.7419,10.76,10.7782,10.7964,10.8146,10.8329,10.851,10.8265,10.8021,10.7777,10.7533,10.7289,10.7044,10.68,10.6555,10.6311,10.5579,10.4521,10.3457,10.2387,10.131,10.0228,9.9138,9.8043,9.6941,9.5894,9.5099,9.4301,9.3499,9.2695,9.1887,9.1076,9.0262,8.9445,8.8624,8.8014,8.7459,8.6903,8.6348,8.5791,8.5235,8.4677,8.412,8.3561
13.3602,13.3225,13.2849,13.2473,13.2098,13.1722,13.1347,13.0972,13.0598,13.024,12.9953,12.9666,12.9379,12.9092,12.8805,12.8519,12.8232,12.7946,12.7659,12.6902,12.6021,12.514,12.4259,12.3378,12.2497,12.1617,12.0736,11.9855,11.9328,11.9355,11.9383,11.9413,11.9443,11.9475,11.9508,11.9541,11.9575,11.961,12.0061,12.0514,12.0968,12.1421,12.1874,12.2328,12.278,12.3233,12.3686,12.4038,12.4321,12.4604,12.4887,12.5169,12.5452,12.5734,12.6016,12.6298,12.6462,12.6129,12.5797,12.5464,12.5131,12.4799,12.4467,12.4136,12.3804,12.3474,12.2449,12.1242,12.0036,11.883,11.7624,11.6418,11.5213,11.4008,11.2804,11.2212,11.2565,11.2918,11.3272,11.3626,11.398,11.4335,11.4689,11.5045,11.54,11.5565,11.5729,11.5894,11.6059,11.6225,11.6391,11.6558,11.6725,11.6893,11.6986,11.7026,11.7065,11.7102,11.7139,11.7175,11.7209,11.7243,11.7275,11.7185,11.6583,11.598,11.5378,11.4776,11.4173,11.3571,11.2969,11.2367,11.1765,11.1223,11.0696,11.0167,10.9637,10.9105,10.8572,10.8036,10.75,10.6961,10.6701,10.6889,10.7078,10.7267,10.7456,10.7645,10.7835,10.8026,10.8216,10.8407,10.8172,10.7928,10.7684,10.744,10.7195,10.6951,10.6707,10.6462,10.6218,10.5454,10.4297,10.3135,10.1966,10.0791,9.961,9.8423,9.7229,9.6028,9.4883,9.4047,9.3209,9.2367,9.1523,9.0675,8.9824,8.897,8.8112,8.7251,8.6621,8.6066,8.5511,8.4955,8.4399,8.3842,8.3285,8.2727,8.2169
13.3855,13.3475,13.3095,13.2715,13.2336,13.1956,13.1577,13.1198,13.082,13.046,13.0173,12.9886,12.9599,12.9312,12.9026,12.8739,12.8452,12.8166,12.788,12.7119,12.6243,12.5366,12.449,12.3613,12.2737,12.186,12.0984,12.0107,11.9562,11.9515,11.947,11.9426,11.9383,11.9341,11.93,11.926,11.9221,11.9183,11.9635,12.0089,12.0542,12.0996,12.1449,12.1902,12.2355,12.2808,12.3261,12.36,12.3862,12.4124,12.4386,12.4647,12.4909,12.517,12.5431,12.5692,12.5854,12.5596,12.5338,12.508,12.4822,12.4564,12.4307,12.405,12.3794,12.3538,12.255,12.1365,12.0181,11.8997,11.7814,11.663,11.5447,11.4265,11.3083,11.2498,11.2863,11.3228,11.3594,11.396,11.4326,11.4693,11.506,11.5427,11.5795,11.5979,11.616,11.6342,11.6524,11.6707,11.689,11.7075,11.7259,11.7445,11.7523,11.7524,11.7523,11.7521,11.7519,11.7515,11.751,11.7504,11.7497,11.7385,11.6782,11.618,11.5577,11.4975,11.4373,11.377,11.3168,11.2566,11.1964,11.1391,11.0826,11.0259,10.969,10.912,10.8548,10.7975,10.74,10.6823,10.6524,10.672,10.6917,10.7114,10.7311,10.7509,10.7706,10.7905,10.8103,10.8302,10.8079,10.7835,10.7591,10.7346,10.7102,10.6858,10.6613,10.6369,10.6125,10.5334,10.4079,10.2818,10.1551,10.0278,9.8999,9.7713,9.6421,9.5122,9.3874,9.2998,9.212,9.1238,9.0353,8.9465,8.8574,8.768,8.6782,8.5881,8.5228,8.4674,8.4118,8.3563,8.3006,8.245,8.1892,8.1335,8.0777
13.4108,13.3724,13.334,13.2957,13.2573,13.219,13.1807,13.1424,13.1042,13.068,13.0393,13.0106,12.982,12.9533,12.9246,12.8959,12.8673,12.8386,12.81,12.7336,12.6464,12.5592,12.472,12.3848,12.2976,12.2104,12.1232,12.036,11.9795,11.9674,11.9556,11.9438,11.9322,11.9206,11.9092,11.8978,11.8866,11.8755,11.9209,11.9663,12.0117,12.057,12.1024,12.1477,12.193,12.2383,12.2836,12.3162,12.3403,12.3644,12.3884,12.4125,12.4366,12.4606,12.4846,12.5086,12.5245,12.5062,12.4878,12.4695,12.4512,12.4329,12.4147,12.3965,12.3783,12.3602,12.2651,12.1488,12.0326,11.9165,11.8003,11.6842,11.5681,11.4521,11.3361,11.2783,11.316,11.3538,11.3915,11.4293,11.4672,11.505,11.5429,11.5809,11.6188,11.6391,11.659,11.6789,11.6989,11.7189,11.739,11.7591,11.7793,11.7995,11.8062,11.8023,11.7982,11.7941,11.7899,11.7856,11.7811,11.7766,11.7719,11.7584,11.6982,11.6379,11.5776,11.5174,11.4572,11.3969,11.3367,11.2765,11.2163,11.156,11.0957,11.0352,10.9745,10.9137,10.8527,10.7915,10.7301,10.6686,10.6347,10.6551,10.6756,10.6961,10.7166,10.7371,10.7577,10.7783,10.799,10.8197,10.7986,10.7742,10.7497,10.7253,10.7009,10.6764,10.652,10.6276,10.6031,10.522,10.3867,10.2508,10.1142,9.9771,9.8394,9.701,9.5619,9.4222,9.2868,9.1952,9.1033,9.0111,8.9186,8.8258,8.7327,8.6393,8.5455,8.4514,8.3836,8.3281,8.2726,8.217,8.1614,8.1057,8.05,7.9942,7.9384
13.4362,13.3974,13.3586,13.3198,13.2811,13.2424,13.2037,13.165,13.1263,13.0901,13.0614,13.0327,13.004,12.9753,12.9466,12.918,12.8893,12.8607,12.832,12.7553,12.6686,12.5818,12.495,12.4083,12.3215,12.2348,12.148,12.0612,12.0026,11.9832,11.964,11.9449,11.9259,11.907,11.8883,11.8696,11.851,11.8329,11.8783,11.9237,11.9691,12.0145,12.0598,12.1051,12.1504,12.1958,12.241,12.2724,12.2944,12.3163,12.3383,12.3603,12.3822,12.4042,12.4261,12.448,12.4636,12.4528,12.4419,12.4311,12.4202,12.4094,12.3986,12.3879,12.3772,12.3665,12.2751,12.1611,12.0471,11.9332,11.8193,11.7054,11.5915,11.4777,11.3639,11.3069,11.3458,11.3847,11.4237,11.4627,11.5017,11.5408,11.5799,11.619,11.6582,11.6804,11.702,11.7236,11.7453,11.767,11.7888,11.8107,11.8326,11.8546,11.8601,11.8523,11.8443,11.8362,11.8281,11.8198,11.8114,11.8029,11.7943,11.7784,11.7181,11.6578,11.5976,11.5373,11.4771,11.4168,11.3566,11.2964,11.2362,11.1732,11.109,11.0446,10.9801,10.9155,10.8506,10.7857,10.7205,10.6552,10.617,10.6382,10.6595,10.6807,10.702,10.7234,10.7448,10.7662,10.7876,10.8091,10.7892,10.7648,10.7404,10.716,10.6916,10.6671,10.6427,10.6183,10.5938,10.5111,10.366,10.2203,10.074,9.927,9.7795,9.6313,9.4824,9.3329,9.1864,9.0908,8.9949,8.8987,8.8022,8.7054,8.6083,8.5108,8.413,8.3149,8.2443,8.1888,8.1333,8.0778,8.0221,7.9665,7.9108,7.855,7.7992
13.4615,13.4223,13.3831,13.3439,13.3048,13.2657,13.2266,13.1876,13.1485,13.1121,13.0834,13.0547,13.026,12.9974,12.9687,12.94,12.9114,12.8827,12.8541,12.777,12.6907,12.6044,12.5181,12.4318,12.3455,12.2591,12.1728,12.0865,12.0256,11.9989,11.9723,11.9459,11.9196,11.8934,11.8672,11.8412,11.8153,11.7903,11.8358,11.8812,11.9265,11.9719,12.0173,12.0626,12.1079,12.1532,12.1985,12.2285,12.2484,12.2683,12.2882,12.3081,12.3279,12.3477,12.3676,12.3874,12.4028,12.3994,12.396,12.3926,12.3892,12.3858,12.3825,12.3792,12.376,12.3728,12.2852,12.1734,12.0616,11.9499,11.8382,11.7265,11.6148,11.5032,11.3916,11.3354,11.3755,11.4157,11.4558,11.496,11.5363,11.5765,11.6168,11.6572,11.6976,11.7216,11.7449,11.7683,11.7917,11.8151,11.8386,11.8622,11.8858,11.9095,11.9142,11.9024,11.8905,11.8785,11.8664,11.8542,11.8419,11.8294,11.8169,11.7983,11.738,11.6778,11.6175,11.5572,11.497,11.4368,11.3765,11.3163,11.2561,11.1904,11.1224,11.0542,10.9859,10.9174,10.8488,10.78,10.711,10.6419,10.5992,10.6212,10.6433,10.6653,10.6874,10.7096,10.7317,10.7539,10.7762,10.7985,10.7799,10.7555,10.7311,10.7067,10.6822,10.6578,10.6334,10.6089,10.5845,10.5009,10.346,10.1904,10.0343,9.8776,9.7202,9.5622,9.4035,9.2442,9.0863,8.9867,8.8868,8.7866,8.6861,8.5853,8.4841,8.3827,8.2809,8.1788,8.1051,8.0496,7.9938,7.9368,7.8796,7.8223,7.7648,7.7072,7.6494
13.4868,13.4472,13.4076,13.3681,13.3285,13.289,13.2496,13.2101,13.1707,13.1341,13.1054,13.0767,13.0481,13.0194,12.9907,12.9621,12.9334,12.9048,12.8761,12.7988,12.7129,12.627,12.5412,12.4553,12.3694,12.2835,12.1977,12.1118,12.0484,12.0144,11.9805,11.9468,11.9131,11.8796,11.8461,11.8127,11.7795,11.7478,11.7932,11.8386,11.884,11.9293,11.9747,12.0201,12.0654,12.1107,12.156,12.1847,12.2025,12.2203,12.2381,12.2558,12.2736,12.2913,12.309,12.3267,12.3419,12.3459,12.35,12.354,12.3581,12.3622,12.3663,12.3705,12.3747,12.379,12.2952,12.1857,12.0761,11.9666,11.8571,11.7476,11.6382,11.5287,11.4194,11.3639,11.4052,11.4466,11.4879,11.5293,11.5708,11.6122,11.6538,11.6953,11.7369,11.7628,11.7878,11.8129,11.838,11.8632,11.8884,11.9137,11.9391,11.9645,11.9683,11.9526,11.9368,11.9208,11.9048,11.8886,11.8724,11.856,11.8395,11.8183,11.758,11.6977,11.6374,11.5772,11.5169,11.4567,11.3964,11.3362,11.2759,11.2078,11.136,11.064,10.9919,10.9196,10.8471,10.7745,10.7017,10.6287,10.5814,10.6042,10.6271,10.6499,10.6728,10.6957,10.7187,10.7417,10.7644,10.7852,10.7654,10.738,10.7103,10.6822,10.6538,10.6251,10.596,10.5665,10.5367,10.4487,10.2823,10.1158,9.949,9.782,9.6148,9.4474,9.2798,9.112,8.944,8.8404,8.7368,8.633,8.5292,8.4254,8.3214,8.2174,8.1133,8.0092,7.9317,7.8738,7.8158,7.7577,7.6995,7.641,7.5825,7.5238,7.4649
13.4965,13.4569,13.4173,13.3777,13.3381,13.2986,13.2591,13.2196,13.1801,13.1433,13.1134,13.0837,13.0541,13.0246,12.9952,12.966,12.9369,12.9079,12.8791,12.8022,12.7178,12.6333,12.5488,12.4642,12.3796,12.295,12.2104,12.1257,12.061,12.0212,11.9813,11.9415,11.9016,11.8617,11.8218,11.7819,11.7419,11.7041,11.7496,11.7952,11.8407,11.8861,11.9316,11.977,12.0224,12.0678,12.1131,12.1406,12.1563,12.1721,12.1878,12.2035,12.2192,12.2349,12.2506,12.2662,12.281,12.2924,12.3038,12.3152,12.3265,12.3378,12.3491,12.3604,12.3717,12.3829,12.3028,12.1954,12.088,11.9807,11.8734,11.7662,11.659,11.5519,11.445,11.3903,11.4323,11.4744,11.5164,11.5585,11.6004,11.6424,11.6844,11.7263,11.7681,11.7951,11.821,11.8469,11.8727,11.8986,11.9245,11.9503,11.9762,12.002,12.0035,11.9815,11.9593,11.9369,11.9141,11.8911,11.8678,11.8442,11.8204,11.7927,11.7296,11.6663,11.603,11.5395,11.4759,11.4122,11.3484,11.2844,11.2204,11.1484,11.0726,10.9968,10.9209,10.845,10.769,10.693,10.617,10.5409,10.4889,10.5106,10.5324,10.5542,10.576,10.5978,10.6197,10.6416,10.6635,10.6854,10.6626,10.6297,10.5965,10.5629,10.5291,10.4948,10.4602,10.4253,10.39,10.3016,10.1328,9.9637,9.7944,9.6249,9.4552,9.2853,9.1152,8.9449,8.7743,8.6684,8.5646,8.4607,8.3567,8.2527,8.1485,8.0444,7.9401,7.8358,7.7559,7.697,7.6379,7.5787,7.5194,7.4599,7.4002,7.3405,7.2805
13.4908,13.4502,13.4097,13.3693,13.3288,13.2884,13.248,13.2076,13.1673,13.1285,13.0933,13.0583,13.0235,12.9888,12.9542,12.9197,12.8854,12.8512,12.817,12.7392,12.6551,12.571,12.4868,12.4027,12.3185,12.2342,12.15,12.0657,12.0014,11.9614,11.9214,11.8814,11.8413,11.8013,11.7612,11.7211,11.681,11.6435,11.6894,11.7354,11.7813,11.8272,11.8731,11.9189,11.9648,12.0106,12.0564,12.0839,12.0998,12.1156,12.1314,12.1472,12.1629,12.1787,12.1944,12.2101,12.225,12.2364,12.2478,12.2591,12.2705,12.2818,12.2931,12.3044,12.3157,12.3269,12.2524,12.1515,12.0508,11.95,11.8494,11.7488,11.6482,11.5478,11.4474,11.3955,11.4361,11.4768,11.5174,11.5579,11.5985,11.639,11.6795,11.72,11.7604,11.7875,11.8133,11.8392,11.8651,11.8909,11.9168,11.9427,11.9685,11.9944,11.9923,11.9619,11.9312,11.9002,11.869,11.8375,11.8058,11.7737,11.7414,11.7064,11.6409,11.5753,11.5096,11.4438,11.3778,11.3118,11.2456,11.1793,11.1129,11.0403,10.9645,10.8886,10.8127,10.7367,10.6607,10.5847,10.5086,10.4325,10.3785,10.4014,10.4244,10.4473,10.4703,10.4933,10.5164,10.5394,10.5625,10.5856,10.5601,10.5217,10.483,10.444,10.4046,10.3649,10.3248,10.2843,10.2435,10.1547,9.9833,9.8118,9.64,9.468,9.2958,9.1234,8.9507,8.7779,8.6048,8.4964,8.3924,8.2883,8.1842,8.08,7.9757,7.8713,7.7669,7.6623,7.5802,7.5202,7.4601,7.3998,7.3394,7.2788,7.2181,7.1572,7.0962
13.485,13.4436,13.4022,13.3608,13.3195,13.2782,13.2369,13.1957,13.1545,13.1135,13.0731,13.0329,12.9928,12.9528,12.913,12.8733,12.8337,12.7942,12.7549,12.6762,12.5925,12.5087,12.4249,12.3411,12.2573,12.1734,12.0895,12.0056,11.9419,11.9017,11.8615,11.8213,11.7811,11.7408,11.7006,11.6603,11.62,11.5828,11.6292,11.6756,11.7219,11.7683,11.8146,11.8609,11.9071,11.9534,11.9996,12.0273,12.0432,12.0591,12.075,12.0908,12.1066,12.1224,12.1382,12.154,12.169,12.1804,12.1917,12.2031,12.2145,12.2258,12.2371,12.2484,12.2596,12.2709,12.2018,12.1076,12.0135,11.9194,11.8253,11.7313,11.6374,11.5436,11.4498,11.4008,11.44,11.4792,11.5183,11.5575,11.5966,11.6357,11.6747,11.7138,11.7528,11.7798,11.8057,11.8316,11.8574,11.8833,11.9092,11.935,11.9609,11.9868,11.9813,11.9424,11.9033,11.8639,11.8242,11.7842,11.744,11.7035,11.6627,11.6201,11.5523,11.4843,11.4163,11.3481,11.2798,11.2114,11.1429,11.0743,11.0055,10.9322,10.8564,10.7804,10.7045,10.6285,10.5525,10.4764,10.4003,10.3241,10.268,10.2921,10.3162,10.3404,10.3646,10.3888,10.413,10.4372,10.4615,10.4858,10.4579,10.414,10.3698,10.3253,10.2804,10.2352,10.1896,10.1437,10.0974,10.008,9.8341,9.66,9.4857,9.3112,9.1365,8.9616,8.7865,8.6111,8.4355,8.3245,8.2203,8.116,8.0117,7.9073,7.8028,7.6983,7.5936,7.4889,7.4046,7.3435,7.2823,7.221,7.1594,7.0978,7.036,6.9741,6.912
13.4791,13.4368,13.3946,13.3524,13.3102,13.268,13.2259,13.1837,13.1416,13.0984,13.0527,13.0073,12.9619,12.9167,12.8717,12.8267,12.7819,12.7372,12.6926,12.6132,12.5298,12.4464,12.363,12.2796,12.1961,12.1126,12.0291,11.9455,11.8823,11.8419,11.8016,11.7612,11.7208,11.6804,11.64,11.5995,11.559,11.5222,11.569,11.6158,11.6626,11.7094,11.7561,11.8028,11.8495,11.8962,11.9428,11.9706,11.9866,12.0026,12.0185,12.0344,12.0503,12.0662,12.0821,12.0979,12.1129,12.1243,12.1357,12.1471,12.1584,12.1698,12.1811,12.1924,12.2036,12.2149,12.1513,12.0637,11.9761,11.8886,11.8011,11.7138,11.6265,11.5392,11.4521,11.4061,11.4438,11.4816,11.5193,11.557,11.5947,11.6323,11.67,11.7075,11.7451,11.7722,11.798,11.8239,11.8498,11.8757,11.9015,11.9274,11.9533,11.9791,11.9706,11.9232,11.8756,11.8277,11.7796,11.7312,11.6825,11.6336,11.5843,11.5339,11.4637,11.3935,11.3231,11.2526,11.1819,11.1112,11.0403,10.9693,10.8982,10.8242,10.7482,10.6723,10.5963,10.5202,10.4442,10.3681,10.2919,10.2157,10.1574,10.1827,10.2081,10.2334,10.2587,10.2841,10.3095,10.3349,10.3604,10.3859,10.356,10.3066,10.257,10.2069,10.1566,10.1059,10.0548,10.0034,9.9516,9.8614,9.685,9.5084,9.3316,9.1546,8.9774,8.8,8.6223,8.4445,8.2664,8.1525,8.0481,7.9437,7.8392,7.7346,7.63,7.5252,7.4204,7.3156,7.2291,7.1669,7.1046,7.0422,6.9796,6.9169,6.854,6.791,6.7278
13.4733,13.4301,13.387,13.3439,13.3008,13.2577,13.2147,13.1717,13.1288,13.083,13.0322,12.9815,12.9309,12.8805,12.8302,12.78,12.73,12.68,12.6302,12.5502,12.4672,12.3842,12.3011,12.2181,12.135,12.0518,11.9687,11.8855,11.8227,11.7822,11.7417,11.7011,11.6605,11.6199,11.5793,11.5387,11.4981,11.4615,11.5088,11.556,11.6033,11.6504,11.6976,11.7447,11.7919,11.839,11.886,11.914,11.93,11.9461,11.9621,11.9781,11.994,12.01,12.0259,12.0418,12.0569,12.0683,12.0797,12.0911,12.1024,12.1137,12.1251,12.1364,12.1476,12.1589,12.1006,12.0196,11.9387,11.8578,11.7769,11.6961,11.6154,11.5348,11.4543,11.4114,11.4477,11.484,11.5203,11.5566,11.5928,11.629,11.6652,11.7014,11.7375,11.7645,11.7904,11.8163,11.8421,11.868,11.8939,11.9198,11.9456,11.9715,11.9601,11.9043,11.8482,11.7919,11.7353,11.6784,11.6213,11.5639,11.5062,11.4478,11.3753,11.3027,11.2299,11.1571,11.0841,11.011,10.9378,10.8645,10.791,10.7161,10.6401,10.5641,10.4881,10.412,10.3359,10.2597,10.1836,10.1073,10.0469,10.0733,10.0998,10.1263,10.1529,10.1794,10.206,10.2326,10.2592,10.2859,10.2544,10.1995,10.1444,10.0889,10.033,9.9769,9.9203,9.8634,9.8062,9.7149,9.536,9.3569,9.1776,8.9981,8.8184,8.6385,8.4583,8.278,8.0974,7.9806,7.876,7.7714,7.6667,7.5619,7.4571,7.3522,7.2472,7.1422,7.0537,6.9904,6.927,6.8635,6.7998,6.736,6.6721,6.608,6.5438
13.4673,13.4233,13.3793,13.3353,13.2914,13.2475,13.2036,13.1597,13.1159,13.0676,13.0115,12.9556,12.8998,12.8441,12.7886,12.7332,12.6779,12.6227,12.5677,12.4872,12.4046,12.3219,12.2392,12.1565,12.0738,11.991,11.9083,11.8254,11.7632,11.7225,11.6817,11.641,11.6003,11.5595,11.5187,11.4779,11.4371,11.4009,11.4486,11.4963,11.5439,11.5915,11.6391,11.6867,11.7342,11.7818,11.8293,11.8574,11.8735,11.8896,11.9056,11.9217,11.9377,11.9537,11.9697,11.9857,12.0008,12.0123,12.0237,12.035,12.0464,12.0577,12.069,12.0803,12.0916,12.1029,12.0499,11.9755,11.9012,11.8269,11.7526,11.6784,11.6043,11.5303,11.4564,11.4167,11.4516,11.4865,11.5213,11.5562,11.591,11.6257,11.6605,11.6952,11.7299,11.7569,11.7827,11.8086,11.8345,11.8604,11.8863,11.9121,11.938,11.9639,11.9498,11.8855,11.821,11.7562,11.6912,11.6259,11.5603,11.4945,11.4283,11.3618,11.2869,11.2119,11.1369,11.0617,10.9864,10.9109,10.8354,10.7597,10.6839,10.608,10.532,10.4559,10.3799,10.3038,10.2276,10.1514,10.0752,9.9989,9.9362,9.9639,9.9915,10.0192,10.0469,10.0747,10.1024,10.1302,10.158,10.1859,10.153,10.0927,10.0321,9.9711,9.9098,9.8481,9.7861,9.7238,9.661,9.5686,9.3872,9.2056,9.0238,8.8418,8.6596,8.4772,8.2945,8.1117,7.9286,7.8086,7.7039,7.5991,7.4942,7.3893,7.2843,7.1792,7.074,6.9688,6.8783,6.814,6.7495,6.6849,6.6202,6.5553,6.4903,6.4251,6.3598
13.4614,13.4165,13.3716,13.3268,13.282,13.2372,13.1924,13.1477,13.1029,13.052,12.9907,12.9295,12.8685,12.8076,12.7468,12.6862,12.6257,12.5653,12.505,12.4242,12.3419,12.2597,12.1774,12.095,12.0127,11.9303,11.8478,11.7654,11.7036,11.6627,11.6218,11.5809,11.54,11.499,11.4581,11.4171,11.3761,11.3403,11.3884,11.4365,11.4846,11.5326,11.5806,11.6286,11.6766,11.7246,11.7725,11.8007,11.8169,11.8331,11.8492,11.8653,11.8814,11.8975,11.9136,11.9296,11.9448,11.9562,11.9676,11.979,11.9904,12.0017,12.013,12.0243,12.0356,12.0469,11.9992,11.9314,11.8636,11.7959,11.7283,11.6607,11.5932,11.5257,11.4584,11.4221,11.4555,11.489,11.5224,11.5558,11.5891,11.6225,11.6558,11.6891,11.7223,11.7492,11.7751,11.801,11.8269,11.8527,11.8786,11.9045,11.9304,11.9562,11.9398,11.867,11.7941,11.7209,11.6474,11.5736,11.4996,11.4253,11.3507,11.2758,11.1986,11.1213,11.0439,10.9664,10.8887,10.8109,10.7331,10.655,10.5769,10.4999,10.4239,10.3478,10.2717,10.1955,10.1193,10.0431,9.9668,9.8905,9.8255,9.8543,9.8832,9.9121,9.9409,9.9699,9.9988,10.0278,10.0567,10.0858,10.052,9.9862,9.9201,9.8537,9.7869,9.7197,9.6522,9.5844,9.5162,9.4224,9.2385,9.0544,8.8701,8.6856,8.5009,8.316,8.1309,7.9455,7.7599,7.6367,7.5318,7.4268,7.3218,7.2166,7.1115,7.0062,6.9009,6.7955,6.703,6.6376,6.5721,6.5064,6.4406,6.3746,6.3085,6.2423,6.1759
13.4554,13.4097,13.3639,13.3182,13.2725,13.2268,13.1812,13.1356,13.09,13.0362,12.9697,12.9033,12.837,12.7709,12.7049,12.6391,12.5733,12.5077,12.4422,12.3612,12.2793,12.1974,12.1155,12.0335,11.9515,11.8695,11.7874,11.7054,11.644,11.603,11.5619,11.5208,11.4797,11.4386,11.3974,11.3563,11.3151,11.2797,11.3282,11.3767,11.4252,11.4737,11.5222,11.5706,11.619,11.6674,11.7157,11.7441,11.7603,11.7766,11.7928,11.809,11.8251,11.8413,11.8574,11.8735,11.8888,11.9002,11.9116,11.923,11.9343,11.9457,11.957,11.9683,11.9796,11.9909,11.9484,11.8872,11.826,11.7649,11.7038,11.6428,11.5819,11.521,11.4603,11.4274,11.4595,11.4915,11.5235,11.5554,11.5874,11.6193,11.6511,11.683,11.7148,11.7415,11.7674,11.7933,11.8192,11.8451,11.871,11.8968,11.9227,11.9486,11.9299,11.8488,11.7674,11.6857,11.6038,11.5216,11.4392,11.3564,11.2734,11.19,11.1104,11.0308,10.951,10.8711,10.7912,10.711,10.6308,10.5505,10.47,10.3918,10.3157,10.2396,10.1635,10.0873,10.0111,9.9348,9.8585,9.7821,9.7147,9.7447,9.7748,9.8048,9.8349,9.865,9.8951,9.9252,9.9554,9.9856,9.9513,9.88,9.8084,9.7365,9.6642,9.5916,9.5187,9.4454,9.3717,9.2764,9.09,8.9034,8.7166,8.5296,8.3424,8.155,7.9674,7.7795,7.5914,7.4648,7.3597,7.2545,7.1493,7.044,6.9386,6.8332,6.7277,6.6221,6.5278,6.4613,6.3947,6.3279,6.261,6.194,6.1268,6.0595,5.992
13.4494,13.4028,13.3562,13.3096,13.263,13.2165,13.17,13.1235,13.077,13.0203,12.9485,12.8769,12.8054,12.7341,12.6629,12.5918,12.5209,12.45,12.3793,12.2983,12.2167,12.1352,12.0536,11.972,11.8904,11.8087,11.727,11.6453,11.5844,11.5432,11.502,11.4607,11.4194,11.3781,11.3368,11.2955,11.2541,11.2191,11.268,11.317,11.3659,11.4148,11.4637,11.5125,11.5614,11.6102,11.659,11.6874,11.7038,11.72,11.7363,11.7526,11.7688,11.785,11.8012,11.8174,11.8327,11.8442,11.8556,11.8669,11.8783,11.8897,11.901,11.9123,11.9236,11.9349,11.8975,11.8429,11.7883,11.7338,11.6793,11.6249,11.5705,11.5163,11.4621,11.4328,11.4634,11.494,11.5246,11.5551,11.5856,11.6161,11.6465,11.6769,11.7073,11.7339,11.7598,11.7857,11.8116,11.8374,11.8633,11.8892,11.9151,11.941,11.9204,11.8308,11.7409,11.6508,11.5605,11.4699,11.379,11.2878,11.1964,11.1046,11.0223,10.9403,10.8582,10.776,10.6937,10.6112,10.5287,10.446,10.3632,10.2837,10.2076,10.1315,10.0553,9.979,9.9028,9.8265,9.7501,9.6737,9.6039,9.6351,9.6663,9.6975,9.7288,9.7601,9.7913,9.8227,9.854,9.8854,9.8508,9.7741,9.697,9.6196,9.5419,9.4638,9.3854,9.3066,9.2275,9.1305,8.9416,8.7525,8.5632,8.3738,8.1841,7.9941,7.804,7.6137,7.4231,7.2929,7.1876,7.0823,6.9769,6.8714,6.7658,6.6602,6.5545,6.4488,6.3526,6.2851,6.2174,6.1496,6.0816,6.0135,5.9452,5.8768,5.8083
13.4434,13.3959,13.3484,13.3009,13.2535,13.2061,13.1587,13.1113,13.064,13.0042,12.9272,12.8504,12.7737,12.6971,12.6207,12.5444,12.4683,12.3922,12.3163,12.2353,12.1541,12.073,11.9918,11.9105,11.8293,11.748,11.6666,11.5853,11.5248,11.4834,11.442,11.4006,11.3591,11.3177,11.2762,11.2347,11.1931,11.1585,11.2079,11.2572,11.3066,11.3559,11.4052,11.4545,11.5037,11.553,11.6022,11.6308,11.6472,11.6635,11.6799,11.6962,11.7125,11.7288,11.7451,11.7613,11.7767,11.7881,11.7995,11.8109,11.8223,11.8336,11.845,11.8563,11.8676,11.8789,11.8466,11.7986,11.7505,11.7026,11.6547,11.6069,11.5591,11.5114,11.4638,11.4383,11.4674,11.4966,11.5257,11.5548,11.5838,11.6129,11.6419,11.6709,11.6999,11.7262,11.7521,11.778,11.8039,11.8298,11.8557,11.8816,11.9074,11.9333,11.911,11.813,11.7147,11.6162,11.5174,11.4184,11.3191,11.2195,11.1196,11.0194,10.9342,10.8499,10.7655,10.6809,10.5963,10.5115,10.4266,10.3416,10.2564,10.1756,10.0995,10.0233,9.9471,9.8708,9.7945,9.7182,9.6418,9.5654,9.4931,9.5254,9.5578,9.5902,9.6226,9.6551,9.6875,9.72,9.7525,9.7851,9.7506,9.6685,9.5859,9.5031,9.4199,9.3364,9.2525,9.1682,9.0836,8.9848,8.7934,8.6018,8.41,8.2181,8.0259,7.8335,7.6408,7.448,7.2549,7.121,7.0155,6.91,6.8044,6.6988,6.5931,6.4873,6.3814,6.2755,6.1775,6.1089,6.0402,5.9713,5.9022,5.8331,5.7637,5.6943,5.6246
13.4374,13.389,13.3406,13.2923,13.2439,13.1957,13.1474,13.0992,13.051,12.9879,12.9057,12.8237,12.7418,12.66,12.5784,12.4969,12.4155,12.3343,12.2531,12.1723,12.0916,12.0107,11.9299,11.849,11.7681,11.6872,11.6063,11.5253,11.4653,11.4237,11.3821,11.3405,11.2989,11.2572,11.2155,11.1739,11.1322,11.0978,11.1477,11.1975,11.2473,11.297,11.3467,11.3964,11.4461,11.4958,11.5454,11.5742,11.5906,11.607,11.6234,11.6398,11.6562,11.6726,11.6889,11.7052,11.7206,11.7321,11.7435,11.7549,11.7663,11.7776,11.789,11.8003,11.8116,11.8229,11.7956,11.7542,11.7127,11.6714,11.63,11.5888,11.5476,11.5065,11.4655,11.4437,11.4714,11.4991,11.5268,11.5545,11.5821,11.6097,11.6373,11.6649,11.6924,11.7186,11.7445,11.7704,11.7963,11.8222,11.848,11.8739,11.8998,11.9257,11.9019,11.7954,11.6888,11.5818,11.4746,11.3672,11.2594,11.1514,11.0431,10.9345,10.8462,10.7596,10.6728,10.586,10.499,10.4118,10.3246,10.2373,10.1498,10.0676,9.9914,9.9151,9.8389,9.7626,9.6862,9.6098,9.5334,9.457,9.3821,9.4157,9.4492,9.4828,9.5164,9.55,9.5837,9.6173,9.651,9.6847,9.6508,9.5631,9.4751,9.3868,9.2982,9.2092,9.1198,9.0301,8.9401,8.8392,8.6453,8.4512,8.257,8.0625,7.8678,7.6729,7.4778,7.2825,7.0869,6.9491,6.8435,6.7378,6.632,6.5262,6.4203,6.3143,6.2083,6.1022,6.0026,5.9329,5.863,5.7931,5.7229,5.6527,5.5823,5.5118,5.4411
13.4313,13.382,13.3328,13.2836,13.2344,13.1852,13.1361,13.087,13.0379,12.9715,12.8841,12.7969,12.7098,12.6228,12.536,12.4492,12.3627,12.2762,12.1898,12.1094,12.029,11.9485,11.8681,11.7876,11.707,11.6265,11.5459,11.4653,11.4057,11.3639,11.3222,11.2804,11.2386,11.1967,11.1549,11.113,11.0712,11.0372,11.0875,11.1377,11.1879,11.2381,11.2883,11.3384,11.3885,11.4386,11.4887,11.5175,11.534,11.5505,11.567,11.5835,11.5999,11.6163,11.6327,11.6491,11.6646,11.676,11.6875,11.6989,11.7102,11.7216,11.7329,11.7443,11.7556,11.7668,11.7446,11.7097,11.6748,11.64,11.6053,11.5706,11.536,11.5015,11.467,11.4492,11.4755,11.5017,11.528,11.5542,11.5804,11.6066,11.6328,11.6589,11.685,11.7109,11.7368,11.7627,11.7886,11.8145,11.8404,11.8663,11.8922,11.9181,11.893,11.7781,11.663,11.5477,11.4321,11.3162,11.2001,11.0836,10.9669,10.8499,10.7583,10.6694,10.5803,10.4911,10.4017,10.3123,10.2227,10.133,10.0432,9.9595,9.8832,9.807,9.7307,9.6543,9.578,9.5015,9.4251,9.3486,9.272,9.3059,9.3406,9.3753,9.4101,9.4449,9.4797,9.5146,9.5494,9.5843,9.5512,9.4581,9.3646,9.2709,9.1768,9.0823,8.9875,8.8923,8.7968,8.6937,8.4974,8.3008,8.1041,7.9071,7.7099,7.5125,7.3149,7.1171,6.9191,6.7772,6.6714,6.5655,6.4596,6.3536,6.2475,6.1414,6.0352,5.9289,5.8276,5.7569,5.686,5.6149,5.5437,5.4724,5.4009,5.3293,5.2576
13.4251,13.375,13.3249,13.2748,13.2248,13.1747,13.1247,13.0748,13.0248,12.9549,12.8624,12.7699,12.6776,12.5854,12.4934,12.4015,12.3097,12.218,12.1265,12.0465,11.9664,11.8863,11.8062,11.7261,11.6459,11.5657,11.4855,11.4053,11.3461,11.3041,11.2622,11.2202,11.1783,11.1363,11.0943,11.0522,11.0102,10.9767,11.0273,11.078,11.1286,11.1792,11.2298,11.2804,11.3309,11.3814,11.4319,11.4609,11.4775,11.494,11.5106,11.5271,11.5436,11.5601,11.5766,11.593,11.6086,11.62,11.6314,11.6428,11.6542,11.6656,11.6769,11.6882,11.6996,11.7108,11.6935,11.6652,11.6369,11.6087,11.5805,11.5524,11.5243,11.4964,11.4685,11.4546,11.4795,11.5044,11.5292,11.554,11.5788,11.6035,11.6283,11.653,11.6776,11.7033,11.7292,11.7551,11.781,11.8069,11.8328,11.8587,11.8845,11.9104,11.8843,11.761,11.6375,11.5138,11.3898,11.2655,11.1409,11.0161,10.891,10.7655,10.6705,10.5792,10.4878,10.3963,10.3046,10.2128,10.1209,10.0289,9.9368,9.8514,9.7751,9.6988,9.6225,9.5461,9.4697,9.3932,9.3167,9.2402,9.1636,9.196,9.2319,9.2678,9.3038,9.3397,9.3757,9.4117,9.4478,9.4839,9.4519,9.3533,9.2544,9.1552,9.0557,8.9557,8.8555,8.7549,8.6539,8.5485,8.3496,8.1506,7.9513,7.7519,7.5522,7.3523,7.1522,6.9519,6.7514,6.6053,6.4994,6.3933,6.2872,6.181,6.0748,5.9684,5.862,5.7556,5.6543,5.5846,5.5149,5.4451,5.3753,5.3055,5.2356,5.1657,5.0958
13.419,13.368,13.317,13.266,13.2151,13.1642,13.1134,13.0625,13.0117,12.9382,12.8404,12.7428,12.6453,12.5479,12.4506,12.3535,12.2565,12.1596,12.0632,11.9835,11.9038,11.8241,11.7444,11.6646,11.5848,11.505,11.4252,11.3453,11.2865,11.2444,11.2023,11.1601,11.118,11.0758,11.0336,10.9914,10.9492,10.9161,10.9672,11.0182,11.0693,11.1203,11.1713,11.2223,11.2733,11.3242,11.3752,11.4042,11.4209,11.4375,11.4541,11.4707,11.4873,11.5039,11.5204,11.5369,11.5525,11.564,11.5754,11.5868,11.5982,11.6096,11.6209,11.6322,11.6435,11.6548,11.6424,11.6206,11.5989,11.5772,11.5556,11.5341,11.5126,11.4912,11.4699,11.4601,11.4836,11.507,11.5304,11.5538,11.5771,11.6005,11.6238,11.647,11.6703,11.6956,11.7215,11.7474,11.7733,11.7992,11.8251,11.851,11.8769,11.9028,11.8759,11.7442,11.6123,11.4801,11.3477,11.215,11.0821,10.9488,10.8153,10.6815,10.5828,10.4891,10.3954,10.3015,10.2075,10.1134,10.0192,9.9249,9.8304,9.7433,9.667,9.5907,9.5143,9.4379,9.3614,9.2849,9.2084,9.1318,9.0552,9.0861,9.1232,9.1603,9.1973,9.2329,9.2684,9.3038,9.3392,9.3746,9.3427,9.2379,9.133,9.0281,8.9231,8.8181,8.713,8.6079,8.5027,8.3962,8.1959,7.9956,7.7953,7.5951,7.3948,7.1946,6.9943,6.7941,6.5939,6.4469,6.3446,6.2426,6.1408,6.0393,5.9379,5.8369,5.736,5.6355,5.5374,5.4677,5.398,5.3283,5.2585,5.1887,5.1189,5.049,4.979
13.375,13.3227,13.2706,13.2185,13.1665,13.1146,13.0628,13.0111,12.9594,12.8841,12.7845,12.685,12.5854,12.4858,12.3861,12.2864,12.1867,12.0869,11.9879,11.9108,11.8335,11.756,11.6784,11.6007,11.5228,11.4447,11.3666,11.2883,11.231,11.1897,11.1483,11.1069,11.0653,11.0237,10.982,10.9402,10.8984,10.8661,10.9175,10.9688,11.0202,11.0715,11.1228,11.1741,11.2254,11.2767,11.328,11.3572,11.374,11.3908,11.4076,11.4244,11.4412,11.458,11.4748,11.4916,11.5073,11.5175,11.5278,11.538,11.5482,11.5583,11.5683,11.5783,11.5882,11.5981,11.5891,11.5726,11.5561,11.5395,11.5229,11.5063,11.4896,11.4728,11.456,11.4486,11.4694,11.4901,11.5108,11.5313,11.5517,11.572,11.5922,11.6123,11.6322,11.6541,11.6763,11.6983,11.7201,11.7416,11.7629,11.784,11.8047,11.8252,11.7935,11.6524,11.511,11.3695,11.2277,11.0857,10.9435,10.8011,10.6585,10.5156,10.4122,10.3153,10.2184,10.1214,10.0244,9.9273,9.8302,9.733,9.6357,9.5475,9.4737,9.4001,9.3267,9.2535,9.1805,9.1078,9.0353,8.963,8.891,8.9187,8.9546,8.9906,9.0265,9.0623,9.0981,9.1339,9.1696,9.2052,9.1772,9.0724,8.9675,8.8626,8.7576,8.6526,8.5475,8.4423,8.3371,8.2319,8.0343,7.8351,7.6359,7.4367,7.2375,7.0384,6.8393,6.6402,6.4411,6.2935,6.1955,6.0976,6,5.9026,5.8055,5.7086,5.612,5.5156,5.4204,5.3508,5.2811,5.2114,5.1417,5.0719,5.0021,4.9322,4.8623
13.3056,13.2498,13.1942,13.1386,13.0831,13.0278,12.9725,12.9173,12.8621,12.7843,12.6847,12.5851,12.4854,12.3858,12.2861,12.1863,12.0865,11.9867,11.8881,11.8168,11.7454,11.6738,11.602,11.5301,11.458,11.3858,11.3135,11.2411,11.1895,11.1534,11.1172,11.0809,11.0445,11.008,10.9714,10.9348,10.8981,10.8712,10.9242,10.9772,11.0302,11.0832,11.1362,11.1892,11.2422,11.2951,11.3481,11.379,11.3976,11.4163,11.4349,11.4536,11.4722,11.4909,11.5096,11.5282,11.5435,11.5429,11.5423,11.5416,11.5409,11.5402,11.5394,11.5385,11.5375,11.5365,11.5232,11.505,11.4867,11.4684,11.45,11.4316,11.4131,11.3946,11.3761,11.3661,11.3827,11.3993,11.4157,11.4321,11.4483,11.4645,11.4805,11.4964,11.5122,11.5268,11.5409,11.5548,11.5684,11.5818,11.595,11.6079,11.6205,11.6328,11.5963,11.4505,11.3045,11.1583,11.0119,10.8653,10.7185,10.5714,10.4242,10.2766,10.1723,10.0762,9.98,9.8837,9.7874,9.6911,9.5947,9.4982,9.4017,9.316,9.249,9.1822,9.1156,9.0492,8.983,8.9171,8.8514,8.7859,8.7207,8.7469,8.7831,8.8194,8.8556,8.8917,8.9278,8.9639,8.9999,9.0359,9.0117,8.9069,8.802,8.6971,8.5921,8.4871,8.382,8.2768,8.1716,8.0664,7.8725,7.6744,7.4764,7.2783,7.0802,6.8822,6.6841,6.4861,6.2881,6.1399,6.046,5.9523,5.8589,5.7657,5.6728,5.5801,5.4876,5.3954,5.3035,5.2339,5.1642,5.0946,5.0248,4.9551,4.8853,4.8154,4.7456
13.236,13.1768,13.1177,13.0586,12.9997,12.9408,12.882,12.8233,12.7647,12.6845,12.5849,12.4852,12.3855,12.2858,12.186,12.0862,11.9864,11.8865,11.7885,11.7231,11.6574,11.5917,11.5257,11.4597,11.3934,11.3271,11.2606,11.194,11.1482,11.1172,11.0861,11.055,11.0237,10.9924,10.961,10.9295,10.8979,10.8762,10.9309,10.9856,11.0403,11.095,11.1496,11.2043,11.2589,11.3135,11.3682,11.4008,11.4213,11.4418,11.4623,11.4828,11.5033,11.5238,11.5443,11.5649,11.5798,11.5683,11.5569,11.5453,11.5338,11.5222,11.5105,11.4988,11.4869,11.475,11.4574,11.4374,11.4173,11.3973,11.3771,11.357,11.3367,11.3165,11.2962,11.2836,11.296,11.3084,11.3207,11.3329,11.345,11.357,11.3689,11.3806,11.3923,11.3997,11.4057,11.4114,11.4169,11.4222,11.4272,11.432,11.4365,11.4407,11.3992,11.2488,11.0981,10.9473,10.7963,10.645,10.4936,10.3419,10.19,10.0378,9.9324,9.837,9.7415,9.646,9.5504,9.4548,9.3591,9.2634,9.1676,9.0842,9.024,8.964,8.9042,8.8446,8.7852,8.7261,8.6672,8.6085,8.5501,8.575,8.6116,8.6482,8.6847,8.7211,8.7575,8.7939,8.8302,8.8665,8.8462,8.7414,8.6365,8.5316,8.4266,8.3216,8.2165,8.1113,8.0061,7.9008,7.7108,7.5138,7.3168,7.1198,6.9228,6.7259,6.5289,6.332,6.1351,5.9859,5.8962,5.8068,5.7175,5.6285,5.5398,5.4512,5.363,5.2749,5.1872,5.117,5.0473,4.9777,4.908,4.8383,4.7685,4.6987,4.6288
13.1664,13.1037,13.041,12.9785,12.9161,12.8537,12.7915,12.7293,12.6672,12.5848,12.4851,12.3853,12.2856,12.1858,12.0859,11.9861,11.8862,11.7863,11.689,11.6294,11.5696,11.5097,11.4496,11.3893,11.329,11.2684,11.2078,11.147,11.1069,11.0811,11.0552,11.0291,11.003,10.9768,10.9506,10.9242,10.8978,10.8813,10.9377,10.994,11.0504,11.1067,11.163,11.2193,11.2756,11.3319,11.3882,11.4226,11.4449,11.4673,11.4896,11.512,11.5344,11.5567,11.5791,11.6015,11.6161,11.5938,11.5714,11.5491,11.5267,11.5042,11.4817,11.4591,11.4364,11.4136,11.3916,11.3698,11.348,11.3262,11.3043,11.2823,11.2604,11.2383,11.2163,11.2011,11.2095,11.2177,11.2258,11.2339,11.2418,11.2496,11.2573,11.2649,11.2724,11.2727,11.2706,11.2682,11.2656,11.2627,11.2596,11.2563,11.2527,11.2488,11.2022,11.0472,10.8919,10.7364,10.5808,10.4249,10.2688,10.1125,9.9559,9.7992,9.6925,9.5978,9.5031,9.4083,9.3134,9.2185,9.1236,9.0286,8.9335,8.8522,8.7987,8.7455,8.6925,8.6397,8.5871,8.5348,8.4827,8.4308,8.3792,8.4032,8.4401,8.4769,8.5137,8.5505,8.5872,8.6239,8.6606,8.6972,8.6807,8.5759,8.471,8.3661,8.2611,8.1561,8.051,7.9458,7.8406,7.7353,7.5489,7.353,7.1571,6.9612,6.7654,6.5695,6.3737,6.1778,5.982,5.8317,5.7462,5.6609,5.5759,5.491,5.4064,5.3221,5.238,5.1542,5.0706,5,4.9305,4.8608,4.7912,4.7214,4.6517,4.5819,4.5121
13.0966,13.0304,12.9643,12.8983,12.8324,12.7666,12.7008,12.6352,12.5696,12.485,12.3853,12.2855,12.1856,12.0858,11.9859,11.886,11.786,11.686,11.5897,11.5359,11.482,11.4278,11.3736,11.3191,11.2646,11.2099,11.1551,11.1001,11.0658,11.0451,11.0243,11.0034,10.9824,10.9614,10.9402,10.919,10.8977,10.8864,10.9444,11.0025,11.0605,11.1185,11.1765,11.2344,11.2924,11.3504,11.4083,11.4444,11.4686,11.4928,11.517,11.5412,11.5654,11.5897,11.6139,11.6382,11.6524,11.6193,11.5861,11.5528,11.5196,11.4863,11.4529,11.4195,11.3859,11.3523,11.3257,11.3022,11.2787,11.2551,11.2314,11.2077,11.184,11.1602,11.1364,11.1188,11.1229,11.127,11.131,11.1349,11.1386,11.1423,11.1459,11.1493,11.1526,11.1459,11.1357,11.1252,11.1144,11.1035,11.0923,11.0808,11.0691,11.057,11.0053,10.8457,10.6858,10.5257,10.3654,10.2049,10.0442,9.8832,9.7221,9.5607,9.4525,9.3586,9.2646,9.1705,9.0764,8.9822,8.888,8.7937,8.6994,8.6198,8.5732,8.5268,8.4805,8.4345,8.3888,8.3432,8.2979,8.2528,8.208,8.2313,8.2685,8.3057,8.3428,8.3799,8.4169,8.4539,8.4909,8.5278,8.5152,8.4104,8.3055,8.2006,8.0956,7.9906,7.8855,7.7803,7.6751,7.5698,7.387,7.1922,6.9974,6.8026,6.6078,6.4131,6.2183,6.0236,5.8289,5.6772,5.5959,5.5148,5.4339,5.3533,5.2729,5.1927,5.1128,5.0331,4.9537,4.8831,4.8136,4.7439,4.6743,4.6046,4.5349,4.4652,4.3954
13.0267,12.957,12.8874,12.8179,12.7486,12.6793,12.61,12.5409,12.4719,12.3852,12.2854,12.1856,12.0857,11.9858,11.8858,11.7859,11.6859,11.5858,11.4905,11.4425,11.3944,11.3461,11.2977,11.2491,11.2003,11.1515,11.1024,11.0533,11.0247,11.0091,10.9935,10.9777,10.9619,10.946,10.93,10.9139,10.8977,10.8915,10.9512,11.0109,11.0706,11.1302,11.1899,11.2495,11.3092,11.3688,11.4284,11.4662,11.4922,11.5183,11.5443,11.5704,11.5965,11.6226,11.6487,11.6748,11.6888,11.6447,11.6007,11.5567,11.5126,11.4684,11.4242,11.3799,11.3355,11.2911,11.2599,11.2347,11.2094,11.184,11.1586,11.1332,11.1077,11.0821,11.0566,11.0364,11.0365,11.0364,11.0362,11.0359,11.0356,11.0351,11.0345,11.0338,11.0329,11.0193,11.0009,10.9823,10.9635,10.9444,10.9251,10.9055,10.8857,10.8655,10.8086,10.6443,10.4798,10.3151,10.1502,9.985,9.8197,9.6541,9.4883,9.3223,9.2126,9.1193,9.0261,8.9327,8.8393,8.7459,8.6524,8.5588,8.4652,8.3872,8.3474,8.3077,8.2683,8.2291,8.1901,8.1513,8.1128,8.0745,8.0364,8.0594,8.0969,8.1344,8.1718,8.2092,8.2466,8.2839,8.3211,8.3584,8.3498,8.2449,8.1401,8.0351,7.9301,7.8251,7.72,7.6148,7.5096,7.4043,7.2251,7.0313,6.8376,6.6439,6.4502,6.2566,6.0629,5.8693,5.6756,5.5225,5.4453,5.3684,5.2917,5.2152,5.139,5.063,4.9872,4.9117,4.8365,4.7662,4.6967,4.6271,4.5575,4.4878,4.4181,4.3484,4.2786
12.9566,12.8835,12.8104,12.7375,12.6646,12.5918,12.5192,12.4466,12.374,12.2855,12.1856,12.0857,11.9858,11.8858,11.7858,11.6857,11.5857,11.4856,11.3914,11.3493,11.307,11.2645,11.2219,11.1791,11.1362,11.0931,11.05,11.0066,10.9837,10.9733,10.9627,10.9521,10.9414,10.9306,10.9197,10.9088,10.8978,10.8967,10.958,11.0194,11.0807,11.142,11.2033,11.2646,11.3259,11.3872,11.4485,11.488,11.5159,11.5438,11.5717,11.5996,11.6276,11.6555,11.6834,11.7114,11.7251,11.6703,11.6154,11.5605,11.5056,11.4506,11.3955,11.3404,11.2852,11.2299,11.1942,11.1671,11.1401,11.1129,11.0858,11.0586,11.0314,11.0041,10.9767,10.9542,10.95,10.9458,10.9415,10.9371,10.9326,10.9279,10.9232,10.9183,10.9133,10.8929,10.8664,10.8397,10.8127,10.7855,10.7581,10.7304,10.7025,10.6743,10.612,10.4431,10.2739,10.1046,9.9351,9.7653,9.5954,9.4252,9.2548,9.0841,8.9726,8.8801,8.7875,8.6949,8.6022,8.5095,8.4167,8.3239,8.231,8.1543,8.1212,8.0884,8.0557,8.0233,7.9911,7.9591,7.9274,7.8958,7.8646,7.8875,7.9254,7.9631,8.0009,8.0386,8.0762,8.1138,8.1514,8.1889,8.1843,8.0795,7.9746,7.8696,7.7646,7.6596,7.5544,7.4493,7.344,7.2388,7.063,6.8704,6.6778,6.4852,6.2926,6.1,5.9074,5.7149,5.5223,5.3674,5.2944,5.2217,5.1492,5.0769,5.0048,4.933,4.8614,4.7901,4.719,4.6493,4.5797,4.5102,4.4406,4.371,4.3013,4.2316,4.1619
12.8864,12.8098,12.7333,12.6569,12.5806,12.5043,12.4282,12.3521,12.2761,12.1857,12.0858,11.9858,11.8858,11.7858,11.6857,11.5856,11.4855,11.3853,11.2925,11.2562,11.2197,11.183,11.1462,11.1093,11.0722,11.0349,10.9976,10.9601,10.9428,10.9375,10.9321,10.9266,10.921,10.9154,10.9096,10.9038,10.8979,10.9018,10.9648,11.0279,11.0908,11.1538,11.2168,11.2798,11.3427,11.4057,11.4686,11.5098,11.5395,11.5693,11.5991,11.6289,11.6586,11.6884,11.7182,11.748,11.7615,11.6958,11.6301,11.5644,11.4986,11.4328,11.367,11.301,11.235,11.1689,11.1284,11.0996,11.0708,11.0419,11.013,10.9841,10.9551,10.926,10.8969,10.872,10.8637,10.8553,10.8469,10.8383,10.8296,10.8209,10.812,10.8029,10.7938,10.7666,10.732,10.6972,10.6622,10.6269,10.5913,10.5556,10.5195,10.4832,10.4155,10.242,10.0682,9.8943,9.7201,9.5457,9.3712,9.1964,9.0213,8.8461,8.7325,8.6408,8.5489,8.4571,8.3651,8.2731,8.1811,8.089,7.9968,7.9211,7.8949,7.8688,7.8429,7.8173,7.7918,7.7666,7.7416,7.7169,7.6924,7.7156,7.7538,7.7918,7.8299,7.8679,7.9058,7.9438,7.9816,8.0195,8.0188,7.914,7.8091,7.7041,7.5991,7.4941,7.3889,7.2838,7.1785,7.0732,6.9009,6.7094,6.5179,6.3264,6.1348,5.9434,5.7519,5.5604,5.369,5.2121,5.1433,5.0747,5.0064,4.9382,4.8703,4.8027,4.7353,4.6681,4.6012,4.5323,4.4628,4.3933,4.3238,4.2542,4.1845,4.1148,4.0451
12.8162,12.7361,12.6561,12.5762,12.4964,12.4167,12.3371,12.2575,12.178,12.0859,11.9859,11.8859,11.7859,11.6858,11.5857,11.4855,11.3853,11.2851,11.1937,11.1632,11.1325,11.1017,11.0707,11.0395,11.0083,10.9768,10.9453,10.9136,10.902,10.9018,10.9015,10.9012,10.9007,10.9002,10.8995,10.8989,10.8981,10.907,10.9717,11.0363,11.101,11.1656,11.2303,11.2949,11.3595,11.4241,11.4888,11.5316,11.5632,11.5948,11.6265,11.6581,11.6897,11.7214,11.753,11.7847,11.7979,11.7214,11.6449,11.5683,11.4918,11.4151,11.3384,11.2617,11.1848,11.1079,11.0626,11.0321,11.0015,10.9709,10.9402,10.9095,10.8788,10.848,10.8172,10.7898,10.7774,10.7649,10.7523,10.7396,10.7268,10.7138,10.7008,10.6877,10.6744,10.6405,10.5978,10.5549,10.5118,10.4684,10.4248,10.3809,10.3367,10.2923,10.2192,10.041,9.8626,9.6841,9.5053,9.3263,9.1471,8.9677,8.788,8.6082,8.4925,8.4014,8.3103,8.2192,8.128,8.0367,7.9454,7.854,7.7626,7.6877,7.6682,7.6489,7.6298,7.6109,7.5923,7.5738,7.5556,7.5376,7.5199,7.5437,7.5821,7.6205,7.6589,7.6972,7.7355,7.7737,7.8119,7.85,7.8533,7.7485,7.6436,7.5386,7.4336,7.3286,7.2234,7.1182,7.013,6.9077,6.7388,6.5483,6.3579,6.1675,5.977,5.7866,5.5963,5.4059,5.2155,5.0565,4.9919,4.9275,4.8633,4.7993,4.7356,4.6721,4.6088,4.5458,4.4831,4.4154,4.3459,4.2764,4.2069,4.1373,4.0677,3.9981,3.9284
12.7457,12.6622,12.5787,12.4954,12.4121,12.3289,12.2458,12.1628,12.0799,11.9862,11.8861,11.786,11.6859,11.5858,11.4856,11.3854,11.2851,11.1849,11.0951,11.0704,11.0455,11.0205,10.9953,10.9699,10.9445,10.9188,10.8931,10.8672,10.8613,10.8662,10.8711,10.8758,10.8805,10.885,10.8895,10.894,10.8983,10.9122,10.9785,11.0449,11.1112,11.1775,11.2438,11.3101,11.3763,11.4426,11.5089,11.5534,11.5869,11.6204,11.6538,11.6873,11.7208,11.7543,11.7878,11.8213,11.8343,11.747,11.6597,11.5723,11.4849,11.3975,11.31,11.2224,11.1348,11.047,10.9969,10.9646,10.9323,10.8999,10.8675,10.835,10.8026,10.77,10.7374,10.7078,10.6912,10.6745,10.6578,10.6409,10.624,10.6069,10.5897,10.5724,10.555,10.5146,10.4638,10.4128,10.3616,10.3101,10.2584,10.2064,10.1542,10.1017,10.0229,9.8401,9.6572,9.474,9.2906,9.107,8.9232,8.7392,8.5549,8.3704,8.2524,8.1621,8.0717,7.9813,7.8908,7.8002,7.7097,7.619,7.5283,7.454,7.4413,7.4287,7.4164,7.4043,7.3924,7.3807,7.3693,7.3581,7.3471,7.3718,7.4105,7.4492,7.4879,7.5265,7.5651,7.6036,7.6421,7.6805,7.6878,7.583,7.4781,7.3731,7.2681,7.163,7.0579,6.9527,6.8475,6.7422,6.5765,6.3872,6.1978,6.0085,5.8192,5.6299,5.4406,5.2513,5.062,4.9007,4.8402,4.7799,4.7199,4.6601,4.6005,4.5412,4.4821,4.4233,4.3647,4.2985,4.229,4.1596,4.09,4.0205,3.9509,3.8813,3.8116
12.6752,12.5882,12.5013,12.4144,12.3277,12.2411,12.1545,12.068,11.9816,11.8864,11.7863,11.6861,11.586,11.4858,11.3855,11.2853,11.185,11.0846,10.9966,10.9777,10.9586,10.9394,10.92,10.9005,10.8808,10.861,10.841,10.821,10.8206,10.8307,10.8406,10.8505,10.8603,10.87,10.8796,10.8892,10.8986,10.9174,10.9854,11.0534,11.1214,11.1893,11.2573,11.3252,11.3932,11.4611,11.529,11.5753,11.6106,11.6459,11.6812,11.7165,11.7519,11.7872,11.8226,11.8579,11.8707,11.7726,11.6745,11.5763,11.4781,11.3799,11.2816,11.1832,11.0848,10.9862,10.9312,10.8971,10.863,10.8289,10.7948,10.7606,10.7263,10.692,10.6577,10.6258,10.605,10.5843,10.5634,10.5424,10.5213,10.5001,10.4788,10.4573,10.4358,10.3888,10.33,10.2709,10.2116,10.152,10.0922,10.0321,9.9718,9.9112,9.8268,9.6394,9.4518,9.264,9.0761,8.8878,8.6994,8.5108,8.3219,8.1328,8.0123,7.9227,7.8331,7.7434,7.6536,7.5638,7.4739,7.384,7.294,7.22,7.2141,7.2083,7.2027,7.1974,7.1922,7.1873,7.1826,7.1782,7.174,7.1998,7.2389,7.2779,7.3168,7.3558,7.3946,7.4335,7.4723,7.511,7.5223,7.4175,7.3126,7.2076,7.1026,6.9975,6.8924,6.7872,6.682,6.5767,6.4142,6.226,6.0377,5.8495,5.6612,5.473,5.2848,5.0966,4.9084,4.7446,4.6882,4.6321,4.5763,4.5206,4.4652,4.41,4.3551,4.3004,4.246,4.1815,4.1121,4.0427,3.9732,3.9037,3.8341,3.7645,3.6949
12.6045,12.514,12.4237,12.3334,12.2432,12.1531,12.0631,11.9731,11.8833,11.7866,11.6864,11.5862,11.486,11.3857,11.2855,11.1851,11.0848,10.9844,10.8982,10.8851,10.8718,10.8584,10.8448,10.8311,10.8172,10.8032,10.7891,10.7748,10.7801,10.7953,10.8103,10.8253,10.8402,10.855,10.8697,10.8844,10.899,10.9226,10.9923,11.0619,11.1316,11.2012,11.2708,11.3404,11.41,11.4796,11.5492,11.5971,11.6343,11.6714,11.7086,11.7458,11.783,11.8201,11.8573,11.8945,11.9071,11.7982,11.6893,11.5804,11.4714,11.3623,11.2532,11.1441,11.0348,10.9255,10.8654,10.8297,10.7938,10.758,10.7221,10.6861,10.6501,10.6141,10.578,10.5438,10.519,10.494,10.469,10.4439,10.4186,10.3933,10.3678,10.3423,10.3166,10.2632,10.1963,10.1291,10.0617,9.9941,9.9262,9.8581,9.7897,9.721,9.6308,9.4388,9.2466,9.0542,8.8616,8.6688,8.4758,8.2826,8.0891,7.8954,7.7722,7.6833,7.5944,7.5054,7.4164,7.3273,7.2381,7.1489,7.0597,6.9858,6.9866,6.9876,6.9888,6.9902,6.9918,6.9936,6.9957,6.998,7.0006,7.0278,7.0672,7.1065,7.1458,7.185,7.2242,7.2634,7.3025,7.3415,7.3569,7.252,7.1471,7.0421,6.9371,6.832,6.7269,6.6217,6.5165,6.4111,6.2519,6.0647,5.8775,5.6904,5.5032,5.3161,5.129,4.9419,4.7548,4.5882,4.536,4.484,4.4323,4.3808,4.3296,4.2786,4.2278,4.1773,4.127,4.0646,3.9952,3.9258,3.8563,3.7868,3.7173,3.6477,3.5781
12.5337,12.4398,12.346,12.2522,12.1586,12.065,11.9715,11.8781,11.7848,11.6868,11.5866,11.4863,11.386,11.2857,11.1854,11.085,10.9846,10.8841,10.8,10.7927,10.7852,10.7776,10.7698,10.7618,10.7538,10.7456,10.7372,10.7287,10.7396,10.7599,10.7801,10.8002,10.8202,10.8401,10.8599,10.8797,10.8994,10.9279,10.9992,11.0705,11.1418,11.2131,11.2843,11.3556,11.4268,11.4981,11.5693,11.619,11.658,11.697,11.736,11.775,11.814,11.8531,11.8921,11.9312,11.9436,11.8239,11.7042,11.5845,11.4647,11.3449,11.225,11.105,10.985,10.8648,10.7997,10.7622,10.7246,10.687,10.6494,10.6117,10.5739,10.5361,10.4983,10.4619,10.4329,10.4039,10.3747,10.3454,10.3161,10.2866,10.257,10.2273,10.1975,10.1378,10.0628,9.9876,9.9121,9.8364,9.7604,9.6842,9.6078,9.531,9.435,9.2384,9.0416,8.8446,8.6474,8.45,8.2523,8.0545,7.8564,7.6581,7.532,7.4439,7.3557,7.2674,7.1791,7.0907,7.0023,6.9138,6.8253,6.7513,6.7588,6.7666,6.7745,6.7827,6.791,6.7996,6.8085,6.8176,6.8269,6.8559,6.8955,6.9351,6.9747,7.0143,7.0538,7.0932,7.1326,7.172,7.1914,7.0865,6.9816,6.8766,6.7716,6.6665,6.5614,6.4562,6.3509,6.2456,6.0894,5.9033,5.7173,5.5312,5.3451,5.1591,4.9731,4.7871,4.6011,4.4315,4.3835,4.3357,4.2881,4.2408,4.1937,4.147,4.1005,4.0541,4.0077,3.9474,3.8781,3.8088,3.7394,3.6701,3.6007,3.5314,3.462
12.4628,12.3654,12.2681,12.1709,12.0738,11.9768,11.8798,11.783,11.6862,11.587,11.4867,11.3864,11.2861,11.1857,11.0853,10.9849,10.8844,10.7839,10.7019,10.7004,10.6987,10.6969,10.6949,10.6927,10.6904,10.688,10.6855,10.6828,10.6993,10.7246,10.7499,10.7751,10.8002,10.8252,10.8502,10.8751,10.8999,10.9332,11.0061,11.0791,11.152,11.2249,11.2979,11.3708,11.4437,11.5166,11.5895,11.6409,11.6817,11.7226,11.7634,11.8043,11.8451,11.886,11.9269,11.9678,11.9801,11.8496,11.7191,11.5886,11.458,11.3274,11.1968,11.066,10.9352,10.8043,10.734,10.6948,10.6555,10.6161,10.5767,10.5373,10.4978,10.4582,10.4187,10.3801,10.347,10.3138,10.2805,10.2471,10.2136,10.18,10.1463,10.1124,10.0785,10.0126,9.9295,9.8462,9.7626,9.6789,9.5948,9.5106,9.426,9.3412,9.2392,9.038,8.8366,8.635,8.4332,8.2312,8.029,7.8265,7.6239,7.421,7.2919,7.2044,7.117,7.0294,6.9418,6.8542,6.7665,6.6787,6.5909,6.5165,6.5308,6.5453,6.56,6.5749,6.59,6.6054,6.6209,6.6368,6.653,6.6847,6.7252,6.7654,6.8054,6.8453,6.8849,6.9242,6.9634,7.0023,7.0249,6.9198,6.8147,6.7095,6.6043,6.499,6.3936,6.2881,6.1825,6.0769,5.9245,5.7413,5.5582,5.3753,5.1927,5.0102,4.828,4.6461,4.4643,4.2946,4.2491,4.2038,4.1585,4.1132,4.068,4.0228,3.9777,3.9327,3.8877,3.8291,3.7602,3.6913,3.6225,3.5536,3.4847,3.4158,3.3469
12.3716,12.2781,12.1844,12.0905,11.9962,11.9018,11.8071,11.7121,11.6169,11.5204,11.4231,11.3257,11.228,11.1301,11.0319,10.9336,10.8352,10.7365,10.6578,10.6603,10.6626,10.6649,10.667,10.6691,10.6711,10.673,10.6748,10.6766,10.6951,10.7213,10.7477,10.7741,10.8006,10.8272,10.8539,10.8807,10.9075,10.9425,11.0137,11.085,11.1565,11.228,11.2996,11.3713,11.443,11.5149,11.5867,11.6374,11.6778,11.7182,11.7587,11.7991,11.8395,11.8798,11.9201,11.9604,11.9706,11.8306,11.6906,11.5505,11.4103,11.27,11.1297,10.9892,10.8487,10.708,10.6307,10.5862,10.5414,10.4965,10.4513,10.4059,10.3602,10.3143,10.2681,10.2226,10.1825,10.1423,10.1018,10.0611,10.0201,9.9789,9.9375,9.8957,9.8537,9.7807,9.6904,9.5999,9.5094,9.4188,9.3281,9.2373,9.1464,9.0554,8.9498,8.7491,8.5486,8.3482,8.1481,7.9481,7.7484,7.5489,7.3496,7.1505,7.0257,6.946,6.8666,6.7876,6.709,6.6307,6.5528,6.4753,6.3982,6.3322,6.3518,6.3714,6.3912,6.411,6.4309,6.4509,6.471,6.4912,6.5115,6.542,6.579,6.6159,6.6525,6.6889,6.725,6.761,6.7967,6.8322,6.8554,6.7501,6.6447,6.5393,6.4337,6.3281,6.2225,6.1167,6.0109,5.905,5.7573,5.5784,5.3997,5.2212,5.043,4.8649,4.6871,4.5095,4.3321,4.1621,4.1181,4.0741,4.0302,3.9863,3.9424,3.8986,3.8549,3.8112,3.7676,3.7107,3.6423,3.5739,3.5054,3.437,3.3686,3.3001,3.2317
12.2719,12.1851,12.098,12.0107,11.9231,11.8352,11.7472,11.6589,11.5703,11.4809,11.391,11.3008,11.2104,11.1199,11.0291,10.9381,10.847,10.7556,10.685,10.6924,10.6997,10.7069,10.7141,10.7211,10.728,10.7349,10.7417,10.7484,10.7649,10.7857,10.8067,10.8277,10.8489,10.8701,10.8914,10.9128,10.9343,10.9631,11.0231,11.0832,11.1434,11.2037,11.2642,11.3246,11.3852,11.4458,11.5064,11.5472,11.5784,11.6096,11.6408,11.672,11.7031,11.7342,11.7653,11.7963,11.7984,11.6543,11.5102,11.3661,11.2218,11.0775,10.9331,10.7886,10.644,10.4993,10.4116,10.3538,10.2959,10.2377,10.1793,10.1207,10.0618,10.0027,9.9432,9.8854,9.8382,9.7909,9.7433,9.6954,9.6474,9.599,9.5505,9.5016,9.4525,9.3783,9.2895,9.2007,9.1117,9.0226,8.9334,8.8442,8.7548,8.6654,8.5639,8.3738,8.1839,7.9941,7.8046,7.6153,7.4261,7.2372,7.0485,6.8601,6.7449,6.6775,6.6105,6.5438,6.4775,6.4115,6.3459,6.2807,6.216,6.1596,6.1826,6.2057,6.2288,6.2521,6.2755,6.2989,6.3225,6.3461,6.3699,6.3995,6.4331,6.4665,6.4997,6.5326,6.5654,6.5979,6.6302,6.6623,6.6859,6.5804,6.4747,6.369,6.2632,6.1573,6.0514,5.9454,5.8393,5.7331,5.5898,5.4153,5.241,5.0669,4.893,4.7193,4.5459,4.3726,4.1996,4.0296,3.9869,3.9443,3.9017,3.8592,3.8167,3.7743,3.7319,3.6896,3.6473,3.5923,3.5243,3.4564,3.3884,3.3204,3.2524,3.1844,3.1165
12.1725,12.0923,12.0118,11.9311,11.8502,11.7689,11.6875,11.6058,11.5239,11.4416,11.359,11.2762,11.1931,11.1099,11.0264,10.9428,10.8589,10.7749,10.7123,10.7247,10.7369,10.7491,10.7612,10.7732,10.7851,10.7969,10.8086,10.8203,10.8346,10.85,10.8656,10.8813,10.8971,10.9129,10.9289,10.9449,10.961,10.9835,11.0323,11.0812,11.1303,11.1794,11.2286,11.2779,11.3273,11.3767,11.4261,11.4569,11.4789,11.5009,11.5229,11.5448,11.5668,11.5887,11.6105,11.6323,11.6261,11.478,11.3299,11.1817,11.0334,10.885,10.7366,10.588,10.4394,10.2906,10.1926,10.1216,10.0504,9.9791,9.9075,9.8356,9.7636,9.6912,9.6186,9.5483,9.494,9.4396,9.3848,9.3299,9.2747,9.2193,9.1636,9.1076,9.0514,8.9759,8.8887,8.8014,8.7139,8.6264,8.5388,8.4511,8.3632,8.2753,8.1777,7.9982,7.8189,7.6398,7.4608,7.2821,7.1036,6.9253,6.7472,6.5693,6.4638,6.4087,6.3539,6.2996,6.2455,6.1919,6.1386,6.0857,6.0332,5.9868,6.0133,6.0398,6.0664,6.0931,6.1199,6.1468,6.1738,6.2009,6.2281,6.2571,6.2873,6.3173,6.347,6.3766,6.4059,6.435,6.4639,6.4925,6.5165,6.4106,6.3047,6.1987,6.0927,5.9865,5.8803,5.774,5.6677,5.5612,5.4221,5.2519,5.082,4.9123,4.7427,4.5734,4.4043,4.2355,4.0669,3.8985,3.8557,3.8144,3.7732,3.7321,3.691,3.6499,3.6089,3.5679,3.527,3.4738,3.4063,3.3388,3.2713,3.2038,3.1363,3.0687,3.0012
12.0733,11.9997,11.9259,11.8518,11.7774,11.7029,11.628,11.553,11.4777,11.4025,11.3273,11.2517,11.176,11.1001,11.024,10.9476,10.8711,10.7944,10.7397,10.757,10.7743,10.7914,10.8084,10.8253,10.8422,10.859,10.8757,10.8923,10.9042,10.9143,10.9245,10.9348,10.9452,10.9557,10.9663,10.977,10.9877,11.0038,11.0414,11.0792,11.117,11.155,11.193,11.2311,11.2693,11.3075,11.3457,11.3666,11.3794,11.3922,11.4049,11.4177,11.4304,11.4431,11.4557,11.4683,11.4539,11.3018,11.1496,10.9973,10.845,10.6925,10.54,10.3874,10.2348,10.082,9.9736,9.8895,9.8051,9.7206,9.6358,9.5508,9.4655,9.38,9.2942,9.2113,9.1499,9.0883,9.0265,8.9645,8.9022,8.8397,8.7769,8.7138,8.6505,8.5735,8.4878,8.402,8.3161,8.2301,8.1441,8.0579,7.9716,7.8853,7.7912,7.6223,7.4536,7.2851,7.1167,6.9486,6.7807,6.6129,6.4455,6.2782,6.1822,6.1394,6.097,6.0549,6.0131,5.9718,5.9308,5.8902,5.8501,5.8139,5.8438,5.8738,5.9038,5.934,5.9642,5.9945,6.025,6.0555,6.0862,6.1149,6.1416,6.1682,6.1946,6.2207,6.2466,6.2723,6.2977,6.323,6.3471,6.2409,6.1348,6.0285,5.9222,5.8158,5.7093,5.6027,5.4961,5.3894,5.2541,5.0883,4.9227,4.7574,4.5922,4.4273,4.2626,4.0981,3.9338,3.7698,3.7244,3.6845,3.6446,3.6048,3.5651,3.5254,3.4857,3.4462,3.4066,3.3554,3.2883,3.2213,3.1542,3.0871,3.0201,2.953,2.8859
11.9743,11.9074,11.8402,11.7727,11.705,11.637,11.5688,11.5003,11.4317,11.3637,11.2957,11.2275,11.1591,11.0905,11.0217,10.9527,10.8835,10.8141,10.7673,10.7895,10.8117,10.8338,10.8557,10.8776,10.8994,10.9212,10.9428,10.9644,10.9737,10.9784,10.9833,10.9882,10.9932,10.9984,11.0036,11.0089,11.0143,11.024,11.0505,11.077,11.1037,11.1304,11.1573,11.1842,11.2112,11.2382,11.2653,11.2763,11.2799,11.2834,11.287,11.2905,11.294,11.2975,11.3009,11.3043,11.2816,11.1255,10.9692,10.8129,10.6565,10.5001,10.3435,10.1869,10.0302,9.8733,9.7548,9.6575,9.5599,9.4622,9.3642,9.266,9.1676,9.0689,8.9699,8.8744,8.8059,8.7373,8.6683,8.5992,8.5298,8.4602,8.3903,8.3201,8.2497,8.171,8.0869,8.0026,7.9183,7.8338,7.7493,7.6647,7.5799,7.4951,7.4045,7.2462,7.088,6.9301,6.7723,6.6148,6.4574,6.3003,6.1434,5.9867,5.9002,5.8697,5.8395,5.8097,5.7803,5.7512,5.7225,5.6943,5.6664,5.6408,5.6742,5.7076,5.7411,5.7747,5.8083,5.8421,5.876,5.91,5.944,5.9728,5.9962,6.0193,6.0422,6.065,6.0875,6.1097,6.1318,6.1536,6.1752,6.0713,5.9648,5.8583,5.7517,5.645,5.5382,5.4314,5.3245,5.2176,5.0858,4.9244,4.7632,4.6022,4.4414,4.2809,4.1205,3.9604,3.8005,3.6408,3.593,3.5544,3.516,3.4775,3.4391,3.4008,3.3625,3.3243,3.2861,3.2368,3.1703,3.1037,3.0371,2.9704,2.9038,2.8372,2.7706
11.8756,11.8153,11.7547,11.6938,11.6327,11.5713,11.5097,11.4479,11.3859,11.325,11.2644,11.2035,11.1424,11.0811,11.0196,10.9579,10.896,10.834,10.7949,10.8221,10.8493,10.8763,10.9032,10.93,10.9568,10.9834,11.01,11.0366,11.0431,11.0425,11.0419,11.0415,11.0412,11.041,11.0409,11.0408,11.0408,11.0441,11.0594,11.0747,11.0902,11.1058,11.1215,11.1372,11.153,11.1689,11.1848,11.1859,11.1803,11.1746,11.169,11.1633,11.1576,11.1519,11.1461,11.1403,11.1094,10.9492,10.7889,10.6286,10.4682,10.3076,10.1471,9.9864,9.8256,9.6647,9.5361,9.4256,9.3149,9.204,9.0928,8.9815,8.8698,8.758,8.6458,8.5376,8.4621,8.3863,8.3103,8.234,8.1575,8.0808,8.0038,7.9266,7.849,7.7685,7.6859,7.6032,7.5204,7.4375,7.3545,7.2714,7.1882,7.105,7.0174,6.8697,6.7222,6.5748,6.4276,6.2806,6.1339,5.9873,5.841,5.6949,5.6177,5.5995,5.5817,5.5642,5.547,5.5302,5.5138,5.4978,5.4822,5.4677,5.5044,5.5413,5.5782,5.6152,5.6523,5.6895,5.7268,5.7643,5.8018,5.8309,5.8508,5.8706,5.8901,5.9094,5.9285,5.9473,5.966,5.9844,6.0025,5.9016,5.7948,5.6881,5.5812,5.4742,5.3672,5.2601,5.153,5.0457,4.9173,4.7603,4.6034,4.4468,4.2904,4.1342,3.9782,3.8224,3.6669,3.5116,3.4615,3.4243,3.3872,3.3501,3.3131,3.2761,3.2392,3.2023,3.1655,3.1183,3.0522,2.986,2.9199,2.8537,2.7875,2.7214,2.6552
11.7771,11.7234,11.6694,11.6151,11.5606,11.5059,11.4509,11.3957,11.3403,11.2866,11.2333,11.1797,11.1259,11.0719,11.0177,10.9633,10.9088,10.854,10.8227,10.8549,10.8869,10.9189,10.9507,10.9825,11.0142,11.0458,11.0774,11.1088,11.1124,11.1064,11.1005,11.0948,11.0891,11.0835,11.078,11.0726,11.0673,11.064,11.0681,11.0723,11.0767,11.0811,11.0856,11.0902,11.0948,11.0995,11.1042,11.0955,11.0807,11.0658,11.051,11.0361,11.0213,11.0063,10.9914,10.9763,10.9372,10.7729,10.6086,10.4442,10.2798,10.1152,9.9506,9.7859,9.6211,9.4562,9.3175,9.1938,9.07,8.9459,8.8216,8.6971,8.5723,8.4472,8.3219,8.2009,8.1183,8.0354,7.9523,7.869,7.7854,7.7016,7.6175,7.5332,7.4485,7.3659,7.2849,7.2037,7.1225,7.0411,6.9597,6.8781,6.7965,6.7147,6.6301,6.4929,6.356,6.2192,6.0826,5.9462,5.81,5.674,5.5383,5.4027,5.3349,5.329,5.3234,5.3182,5.3133,5.3088,5.3046,5.3009,5.2976,5.2947,5.3345,5.3748,5.4152,5.4556,5.4962,5.5368,5.5776,5.6184,5.6594,5.6892,5.7057,5.722,5.7381,5.754,5.7697,5.7851,5.8004,5.8153,5.8301,5.7319,5.6249,5.5179,5.4107,5.3035,5.1962,5.0889,4.9814,4.8739,4.7485,4.5959,4.4434,4.2911,4.139,3.9872,3.8356,3.6842,3.533,3.3821,3.3299,3.2941,3.2583,3.2226,3.1869,3.1513,3.1158,3.0803,3.0448,2.9997,2.934,2.8684,2.8027,2.737,2.6712,2.6055,2.5398
11.6789,11.6318,11.5844,11.5367,11.4888,11.4407,11.3923,11.3437,11.2949,11.2484,11.2024,11.1561,11.1096,11.0629,11.016,10.9689,10.9217,10.8742,10.8506,10.8877,10.9247,10.9616,10.9984,11.0351,11.0717,11.1083,11.1448,11.1812,11.1816,11.1703,11.1591,11.1479,11.1369,11.126,11.1151,11.1044,11.0937,11.0839,11.0768,11.0699,11.063,11.0563,11.0496,11.043,11.0365,11.0301,11.0236,11.0051,10.981,10.957,10.933,10.9089,10.8849,10.8607,10.8366,10.8124,10.765,10.5967,10.4283,10.2599,10.0914,9.9228,9.7542,9.5854,9.4166,9.2476,9.099,8.9622,8.8252,8.6879,8.5505,8.4128,8.2748,8.1366,7.9982,7.8643,7.7746,7.6846,7.5945,7.504,7.4134,7.3225,7.2313,7.1399,7.0482,6.9634,6.8839,6.8042,6.7245,6.6447,6.5648,6.4848,6.4047,6.3245,6.2425,6.1159,5.9895,5.8633,5.7372,5.6114,5.4858,5.3603,5.2352,5.1102,5.0516,5.058,5.0647,5.0717,5.0791,5.0869,5.095,5.1035,5.1125,5.1218,5.1645,5.2082,5.252,5.2959,5.3399,5.3839,5.4281,5.4724,5.5168,5.5476,5.5607,5.5736,5.5863,5.5988,5.611,5.6231,5.6349,5.6465,5.6578,5.5623,5.455,5.3477,5.2403,5.1328,5.0252,4.9176,4.8099,4.7021,4.5795,4.4312,4.283,4.1351,3.9874,3.8399,3.6927,3.5456,3.3988,3.2522,3.1982,3.1637,3.1293,3.095,3.0607,3.0264,2.9922,2.9581,2.924,2.8811,2.8159,2.7506,2.6854,2.6202,2.5549,2.4896,2.4244
11.5809,11.5403,11.4995,11.4585,11.4172,11.3757,11.3339,11.2919,11.2496,11.2105,11.1717,11.1327,11.0935,11.0541,11.0145,10.9747,10.9348,10.8946,10.8786,10.9206,10.9626,11.0044,11.0461,11.0878,11.1294,11.1709,11.2123,11.2536,11.2508,11.2341,11.2175,11.201,11.1847,11.1684,11.1522,11.1361,11.12,11.1036,11.0853,11.0672,11.0493,11.0314,11.0136,10.9958,10.9782,10.9606,10.943,10.9146,10.8814,10.8482,10.8149,10.7817,10.7484,10.7151,10.6818,10.6484,10.5927,10.4204,10.2481,10.0756,9.9031,9.7305,9.5578,9.385,9.2121,9.0391,8.8806,8.7307,8.5805,8.4301,8.2795,8.1287,7.9776,7.8262,7.6746,7.5278,7.431,7.334,7.2367,7.1392,7.0415,6.9435,6.8453,6.7467,6.648,6.5608,6.4828,6.4047,6.3265,6.2483,6.1699,6.0914,6.0128,5.9342,5.8545,5.7385,5.6227,5.507,5.3916,5.2763,5.1612,5.0464,4.9317,4.8173,4.768,4.7866,4.8055,4.8248,4.8445,4.8645,4.8849,4.9057,4.9269,4.9485,4.9943,5.0415,5.0887,5.136,5.1834,5.2309,5.2785,5.3262,5.374,5.4062,5.4159,5.4254,5.4347,5.4437,5.4526,5.4612,5.4696,5.4778,5.4857,5.3926,5.2851,5.1775,5.0698,4.9621,4.8543,4.7464,4.6384,4.5304,4.4102,4.2662,4.1225,3.9789,3.8355,3.6924,3.5495,3.4068,3.2644,3.1221,3.0664,3.0333,3.0003,2.9673,2.9343,2.9015,2.8686,2.8358,2.8031,2.7625,2.6977,2.6329,2.5681,2.5033,2.4385,2.3737,2.3089
11.4831,11.4492,11.415,11.3805,11.3458,11.3109,11.2757,11.2403,11.2046,11.1727,11.1412,11.1095,11.0776,11.0455,11.0132,10.9807,10.948,10.9152,10.9067,10.9537,11.0006,11.0473,11.094,11.1406,11.1871,11.2335,11.2799,11.3262,11.3198,11.2978,11.2759,11.254,11.2323,11.2107,11.1892,11.1677,11.1463,11.1231,11.0938,11.0645,11.0354,11.0064,10.9774,10.9486,10.9197,10.891,10.8623,10.824,10.7816,10.7393,10.6969,10.6545,10.612,10.5695,10.527,10.4844,10.4205,10.2442,10.0678,9.8913,9.7147,9.5381,9.3614,9.1846,9.0077,8.8307,8.6624,8.4993,8.3359,8.1724,8.0087,7.8447,7.6805,7.516,7.3512,7.1915,7.0876,6.9835,6.8791,6.7745,6.6697,6.5647,6.4593,6.3537,6.2479,6.1581,6.0817,6.0051,5.9285,5.8518,5.7749,5.698,5.621,5.5439,5.4663,5.3609,5.2556,5.1505,5.0456,4.9408,4.8363,4.732,4.628,4.5241,4.4839,4.5147,4.5459,4.5775,4.6094,4.6416,4.6743,4.7073,4.7408,4.7746,4.824,4.8746,4.9252,4.976,5.0268,5.0777,5.1288,5.1799,5.2311,5.2649,5.2712,5.2773,5.2832,5.2888,5.2943,5.2995,5.3045,5.3093,5.3138,5.223,5.1152,5.0073,4.8994,4.7914,4.6833,4.5751,4.4669,4.3586,4.2407,4.101,3.9616,3.8224,3.6834,3.5446,3.4061,3.2677,3.1296,2.9917,2.9345,2.9028,2.8711,2.8395,2.8079,2.7764,2.7449,2.7135,2.6821,2.6438,2.5795,2.5151,2.4508,2.3865,2.3221,2.2578,2.1934
11.3856,11.3582,11.3306,11.3027,11.2746,11.2463,11.2177,11.1889,11.1598,11.1351,11.111,11.0866,11.062,11.0371,11.0121,10.9869,10.9615,10.9359,10.935,10.9869,11.0387,11.0904,11.142,11.1935,11.2449,11.2963,11.3476,11.3988,11.3888,11.3614,11.3341,11.307,11.2799,11.2529,11.2261,11.1993,11.1725,11.1426,11.1021,11.0617,11.0215,10.9813,10.9412,10.9012,10.8612,10.8213,10.7815,10.7335,10.6819,10.6303,10.5788,10.5272,10.4756,10.4239,10.3722,10.3205,10.2483,10.068,9.8875,9.707,9.5264,9.3458,9.165,8.9842,8.8032,8.6222,8.4442,8.268,8.0915,7.9149,7.738,7.5609,7.3835,7.2059,7.028,6.8552,6.7442,6.633,6.5216,6.41,6.2981,6.1859,6.0735,5.9609,5.848,5.7554,5.6805,5.6055,5.5304,5.4552,5.3799,5.3045,5.2291,5.1535,5.0778,4.983,4.8882,4.7937,4.6993,4.6051,4.5111,4.4174,4.3238,4.2305,4.1994,4.2425,4.2859,4.3297,4.3739,4.4184,4.4633,4.5085,4.5542,4.6003,4.6536,4.7076,4.7616,4.8158,4.8701,4.9244,4.9789,5.0334,5.0881,5.1238,5.1267,5.1294,5.1319,5.1341,5.1362,5.138,5.1396,5.141,5.1421,5.0534,4.9453,4.8372,4.729,4.6207,4.5124,4.4039,4.2954,4.1869,4.0708,3.9356,3.8005,3.6656,3.531,3.3966,3.2623,3.1284,2.9946,2.8611,2.8026,2.7722,2.7419,2.7116,2.6814,2.6512,2.6211,2.591,2.561,2.5251,2.4612,2.3973,2.3335,2.2696,2.2057,2.1418,2.0778
11.2883,11.2675,11.2465,11.2252,11.2037,11.1819,11.1599,11.1377,11.1152,11.0978,11.0809,11.0638,11.0465,11.0289,11.0112,10.9933,10.9751,10.9569,10.9633,11.0202,11.0769,11.1335,11.19,11.2465,11.3028,11.3591,11.4153,11.4715,11.4576,11.4249,11.3923,11.3598,11.3274,11.2951,11.2629,11.2308,11.1987,11.1619,11.1103,11.0588,11.0074,10.9561,10.9049,10.8537,10.8027,10.7516,10.7007,10.6428,10.5821,10.5214,10.4607,10.3999,10.3391,10.2783,10.2175,10.1566,10.0761,9.8917,9.7073,9.5227,9.3381,9.1534,8.9687,8.7838,8.5988,8.4138,8.2261,8.0368,7.8472,7.6575,7.4675,7.2772,7.0868,6.896,6.705,6.519,6.401,6.2827,6.1642,6.0455,5.9266,5.8074,5.6879,5.5682,5.4482,5.3527,5.2794,5.2059,5.1323,5.0587,4.9849,4.9111,4.8371,4.7631,4.6889,4.6047,4.5205,4.4365,4.3527,4.269,4.1856,4.1024,4.0194,3.9366,3.9145,3.9698,4.0255,4.0815,4.1379,4.1946,4.2517,4.3093,4.3672,4.4255,4.483,4.5404,4.5979,4.6555,4.7132,4.7709,4.8288,4.8868,4.9449,4.9828,4.9823,4.9816,4.9807,4.9796,4.9782,4.9766,4.9748,4.9728,4.9705,4.8838,4.7755,4.6671,4.5586,4.4501,4.3414,4.2327,4.124,4.0151,3.9008,3.7698,3.6391,3.5086,3.3783,3.2482,3.1184,2.9887,2.8593,2.7301,2.6705,2.6415,2.6126,2.5836,2.5548,2.526,2.4972,2.4685,2.4398,2.4063,2.3429,2.2795,2.2161,2.1526,2.0892,2.0257,1.9623
11.1912,11.177,11.1626,11.1479,11.1329,11.1178,11.1023,11.0867,11.0708,11.0607,11.0511,11.0412,11.0312,11.0209,11.0105,10.9998,10.989,10.978,10.9918,11.0536,11.1152,11.1768,11.2382,11.2996,11.3609,11.4221,11.4832,11.5443,11.5264,11.4883,11.4504,11.4126,11.3748,11.3372,11.2997,11.2622,11.2248,11.1811,11.1184,11.0558,10.9932,10.9308,10.8685,10.8062,10.744,10.6819,10.6198,10.5522,10.4823,10.4124,10.3425,10.2726,10.2027,10.1327,10.0627,9.9926,9.904,9.7155,9.5271,9.3385,9.1499,8.9611,8.7723,8.5835,8.3945,8.2054,8.0082,7.8057,7.6031,7.4002,7.1971,6.9937,6.7902,6.5863,6.3822,6.1829,6.0578,5.9325,5.807,5.6812,5.5552,5.4289,5.3024,5.1756,5.0485,4.95,4.8782,4.8062,4.7342,4.6621,4.5898,4.5175,4.4451,4.3726,4.3,4.2262,4.1525,4.079,4.0057,3.9326,3.8597,3.787,3.7146,3.6423,3.6291,3.6967,3.7646,3.8329,3.9015,3.9704,4.0398,4.1095,4.1797,4.2502,4.3122,4.3731,4.434,4.495,4.5561,4.6173,4.6786,4.74,4.8015,4.842,4.8381,4.834,4.8297,4.8252,4.8204,4.8155,4.8103,4.8048,4.7992,4.7142,4.6056,4.497,4.3882,4.2794,4.1705,4.0616,3.9525,3.8434,3.7304,3.6039,3.4775,3.3513,3.2254,3.0996,2.9741,2.8488,2.7237,2.5989,2.5384,2.5107,2.4838,2.4592,2.4345,2.4098,2.385,2.3603,2.3354,2.3068,2.2464,2.1858,2.1253,2.0646,2.0039,1.9432,1.8824
11.0944,11.0868,11.0789,11.0708,11.0624,11.0538,11.045,11.0359,11.0266,11.0238,11.0215,11.0189,11.0161,11.0131,11.0099,11.0065,11.003,10.9992,11.0204,11.0871,11.1536,11.2201,11.2865,11.3528,11.419,11.4851,11.5512,11.6171,11.5951,11.5517,11.5084,11.4653,11.4222,11.3792,11.3364,11.2935,11.2508,11.2002,11.1263,11.0526,10.979,10.9054,10.832,10.7586,10.6853,10.612,10.5388,10.4615,10.3825,10.3034,10.2244,10.1453,10.0662,9.9871,9.9079,9.8287,9.7318,9.5393,9.3468,9.1543,8.9616,8.7689,8.576,8.3831,8.1901,7.997,7.7904,7.5748,7.359,7.143,6.9268,6.7104,6.4937,6.2768,6.0595,5.8469,5.7148,5.5824,5.4498,5.317,5.1839,5.0506,4.917,4.7831,4.649,4.5472,4.4769,4.4065,4.336,4.2654,4.1947,4.124,4.0531,3.9821,3.911,3.8474,3.7842,3.7213,3.6585,3.5959,3.5335,3.4714,3.4094,3.3477,3.3434,3.4232,3.5033,3.5838,3.6646,3.7458,3.8274,3.9093,3.9917,4.0744,4.1414,4.2056,4.27,4.3344,4.4005,4.4668,4.533,4.5988,4.6645,4.7086,4.7024,4.696,4.6893,4.6824,4.6752,4.6677,4.66,4.652,4.6437,4.561,4.4527,4.3443,4.2357,4.127,4.0182,3.9092,3.8001,3.6908,3.5799,3.4629,3.3465,3.2307,3.1156,3.001,2.8872,2.774,2.6614,2.5495,2.4926,2.4677,2.4428,2.4178,2.3928,2.3678,2.3427,2.3176,2.2925,2.2649,2.2039,2.1428,2.0817,2.0206,1.9593,1.8981,1.8368
11.0627,11.0571,11.0515,11.0457,11.0399,11.0339,11.0279,11.0218,11.0156,11.0144,11.0137,11.013,11.0123,11.0116,11.0109,11.0102,11.0096,11.009,11.0329,11.0991,11.1656,11.2321,11.2988,11.3656,11.4324,11.4994,11.5665,11.6337,11.6068,11.5583,11.5099,11.4616,11.4134,11.3653,11.3172,11.2692,11.2212,11.1643,11.0816,10.9989,10.9162,10.8336,10.7509,10.6683,10.5856,10.503,10.4203,10.3338,10.2457,10.1575,10.0694,9.9811,9.8928,9.8045,9.716,9.6275,9.522,9.3246,9.127,8.9294,8.7317,8.5338,8.3357,8.1376,7.9392,7.7407,7.5275,7.3044,7.0814,6.8582,6.635,6.4117,6.1884,5.965,5.7415,5.5225,5.3876,5.2527,5.1177,4.9827,4.8476,4.7125,4.5774,4.4422,4.3069,4.2078,4.1455,4.0833,4.0212,3.9594,3.8977,3.8363,3.7751,3.7141,3.6534,3.6036,3.5547,3.5062,3.4579,3.4099,3.3623,3.315,3.268,3.2213,3.2272,3.3152,3.4032,3.4913,3.5794,3.6676,3.7559,3.8442,3.9325,4.021,4.0881,4.1507,4.2131,4.2753,4.3373,4.399,4.4606,4.5219,4.583,4.6242,4.6133,4.6023,4.5909,4.5794,4.5675,4.5554,4.543,4.5304,4.5174,4.4348,4.3248,4.2147,4.1044,3.994,3.8835,3.7728,3.662,3.551,3.4406,3.3344,3.2289,3.1239,3.0196,2.9159,2.8129,2.7105,2.6088,2.5078,2.4522,2.427,2.4017,2.3765,2.3512,2.3258,2.3004,2.275,2.2496,2.2229,2.1614,2.0998,2.0382,1.9765,1.9148,1.853,1.7912
11.0472,11.0443,11.0412,11.0381,11.0349,11.0315,11.0281,11.0247,11.0211,11.0196,11.0182,11.0168,11.0155,11.0141,11.0128,11.0115,11.0102,11.009,11.031,11.0914,11.1519,11.2125,11.2733,11.3341,11.3951,11.4562,11.5173,11.5786,11.5435,11.4876,11.4318,11.3761,11.3205,11.265,11.2095,11.1541,11.0987,11.0342,10.9444,10.8546,10.7648,10.6751,10.5854,10.4956,10.4059,10.3161,10.2263,10.1309,10.0333,9.9356,9.8378,9.74,9.6422,9.5443,9.4462,9.3481,9.2336,9.0296,8.8256,8.6214,8.417,8.2126,8.008,7.8033,7.5984,7.3933,7.1802,6.9617,6.7431,6.5245,6.3058,6.087,5.8682,5.6494,5.4304,5.2152,5.0834,4.9516,4.8197,4.6878,4.5558,4.4237,4.2917,4.1596,4.0274,3.9348,3.884,3.8333,3.7829,3.7326,3.6825,3.6326,3.5829,3.5335,3.4843,3.446,3.4088,3.3718,3.3351,3.2987,3.2627,3.2269,3.1915,3.1565,3.1681,3.258,3.3479,3.4379,3.528,3.6181,3.7082,3.7985,3.8887,3.9791,4.0433,4.1014,4.1592,4.2168,4.2743,4.3315,4.3885,4.4452,4.5017,4.5399,4.5245,4.5088,4.4928,4.4766,4.4601,4.4433,4.4263,4.409,4.3914,4.3088,4.1971,4.0852,3.9733,3.8611,3.7489,3.6365,3.5239,3.4112,3.3006,3.2053,3.1106,3.0165,2.923,2.8301,2.7379,2.6464,2.5555,2.4653,2.4118,2.3863,2.3607,2.3351,2.3095,2.2839,2.2582,2.2324,2.2067,2.1809,2.119,2.0569,1.9947,1.9325,1.8703,1.808,1.7456
11.0318,11.0315,11.0311,11.0305,11.0299,11.0292,11.0285,11.0276,11.0266,11.0246,11.0226,11.0206,11.0186,11.0167,11.0147,11.0128,11.0109,11.009,11.0291,11.0835,11.1381,11.1928,11.2476,11.3026,11.3576,11.4128,11.468,11.5234,11.4801,11.4168,11.3536,11.2905,11.2275,11.1645,11.1017,11.0388,10.9761,10.9041,10.8072,10.7103,10.6134,10.5166,10.4197,10.3229,10.226,10.1292,10.0323,9.928,9.8208,9.7136,9.6063,9.4989,9.3915,9.284,9.1765,9.0688,8.9452,8.7347,8.5241,8.3133,8.1025,7.8914,7.6803,7.469,7.2575,7.0459,6.8329,6.6189,6.4049,6.1908,5.9766,5.7623,5.548,5.3337,5.1193,4.9079,4.7792,4.6505,4.5216,4.3928,4.2639,4.1349,4.0059,3.8769,3.7478,3.6615,3.6222,3.5831,3.5442,3.5055,3.4669,3.4286,3.3905,3.3527,3.315,3.2881,3.2625,3.2371,3.212,3.1872,3.1627,3.1385,3.1147,3.0912,3.1089,3.2007,3.2926,3.3845,3.4765,3.5685,3.6605,3.7527,3.8449,3.9371,3.9988,4.0522,4.1055,4.1586,4.2114,4.2641,4.3165,4.3687,4.4207,4.4559,4.4358,4.4155,4.3949,4.374,4.3529,4.3315,4.3098,4.2879,4.2657,4.1828,4.0694,3.9558,3.8422,3.7283,3.6144,3.5003,3.386,3.2716,3.16,3.0755,2.9916,2.9083,2.8257,2.7437,2.6623,2.5816,2.5015,2.4221,2.3714,2.3456,2.3197,2.2938,2.2679,2.2419,2.2159,2.1899,2.1638,2.1377,2.0766,2.014,1.9513,1.8886,1.8258,1.763,1.7001
11.0165,11.0188,11.021,11.0231,11.0251,11.027,11.0288,11.0306,11.0323,11.0297,11.0271,11.0244,11.0218,11.0192,11.0166,11.014,11.0115,11.009,11.027,11.0755,11.1242,11.173,11.2219,11.2709,11.32,11.3693,11.4186,11.4681,11.4166,11.3459,11.2753,11.2048,11.1344,11.064,10.9937,10.9235,10.8534,10.7738,10.6698,10.5659,10.4619,10.358,10.254,10.1501,10.0462,9.9422,9.8382,9.7251,9.6084,9.4916,9.3747,9.2578,9.1408,9.0238,8.9067,8.7895,8.6569,8.4398,8.2226,8.0053,7.7879,7.5703,7.3526,7.1348,6.9168,6.6986,6.4856,6.2761,6.0666,5.857,5.6473,5.4376,5.2278,5.018,4.8081,4.6006,4.4749,4.3493,4.2235,4.0977,3.9719,3.846,3.7201,3.5942,3.4682,3.3879,3.3602,3.3327,3.3053,3.2781,3.2511,3.2244,3.1978,3.1715,3.1454,3.1299,3.1158,3.102,3.0885,3.0753,3.0624,3.0498,3.0375,3.0256,3.0497,3.1434,3.2372,3.331,3.4249,3.5188,3.6128,3.7068,3.8009,3.8951,3.9544,4.0033,4.052,4.1005,4.1488,4.1969,4.2448,4.2924,4.3398,4.3721,4.3474,4.3224,4.2972,4.2717,4.2459,4.2199,4.1936,4.167,4.1402,4.0569,3.9418,3.8266,3.7112,3.5956,3.48,3.3641,3.2482,3.1321,3.0188,2.9451,2.872,2.7996,2.7277,2.6565,2.586,2.516,2.4468,2.3782,2.3311,2.3049,2.2788,2.2526,2.2263,2.2,2.1737,2.1474,2.121,2.0945,2.0342,1.9711,1.9079,1.8447,1.7814,1.718,1.6546
11.0014,11.0062,11.011,11.0157,11.0204,11.0249,11.0293,11.0337,11.0379,11.0348,11.0315,11.0282,11.0249,11.0217,11.0185,11.0153,11.0121,11.0089,11.0247,11.0673,11.1101,11.153,11.196,11.2391,11.2823,11.3257,11.3691,11.4126,11.3529,11.2748,11.1968,11.119,11.0411,10.9634,10.8857,10.8081,10.7306,10.6436,10.5325,10.4214,10.3104,10.1993,10.0883,9.9773,9.8662,9.7552,9.6441,9.5221,9.3958,9.2695,9.1431,9.0167,8.8902,8.7636,8.6369,8.5101,8.3686,8.145,7.9212,7.6974,7.4734,7.2492,7.025,6.8006,6.576,6.3513,6.1382,5.9332,5.7282,5.5231,5.318,5.1128,4.9075,4.7022,4.4968,4.2932,4.1706,4.048,3.9254,3.8027,3.6799,3.5571,3.4343,3.3114,3.1885,3.1141,3.098,3.082,3.0661,3.0505,3.035,3.0198,3.0048,2.99,2.9754,2.9714,2.9689,2.9666,2.9647,2.963,2.9617,2.9606,2.96,2.9596,2.9904,3.086,3.1817,3.2774,3.3732,3.469,3.5649,3.6609,3.7569,3.853,3.9102,3.9546,3.9987,4.0427,4.0864,4.1299,4.1732,4.2163,4.2591,4.2886,4.2592,4.2296,4.1997,4.1696,4.1392,4.1085,4.0776,4.0464,4.0149,3.9311,3.8143,3.6973,3.5803,3.463,3.3456,3.2281,3.1105,2.9927,2.8769,2.814,2.7518,2.6901,2.6291,2.5687,2.5089,2.4498,2.3914,2.3336,2.2908,2.2643,2.2378,2.2113,2.1847,2.1581,2.1315,2.1048,2.0781,2.0514,1.9919,1.9282,1.8645,1.8008,1.737,1.6731,1.6092
10.9863,10.9938,11.0012,11.0085,11.0157,11.0228,11.0299,11.0368,11.0437,11.0398,11.0359,11.032,11.0281,11.0242,11.0203,11.0165,11.0127,11.0089,11.0223,11.059,11.0959,11.1329,11.17,11.2072,11.2445,11.282,11.3195,11.3571,11.2891,11.2037,11.1183,11.033,10.9478,10.8627,10.7776,10.6926,10.6077,10.5132,10.395,10.2769,10.1587,10.0406,9.9225,9.8044,9.6863,9.5682,9.45,9.3191,9.1833,9.0474,8.9115,8.7755,8.6395,8.5033,8.3671,8.2308,8.0803,7.8501,7.6198,7.3894,7.1589,6.9282,6.6974,6.4664,6.2353,6.0041,5.7908,5.5903,5.3898,5.1892,4.9886,4.7879,4.5871,4.3863,4.1855,3.9857,3.8663,3.7467,3.6271,3.5075,3.3878,3.2681,3.1483,3.0285,2.9087,2.8401,2.8355,2.831,2.8267,2.8226,2.8187,2.815,2.8115,2.8082,2.8052,2.8125,2.8216,2.8309,2.8405,2.8504,2.8606,2.8711,2.882,2.8932,2.931,3.0285,3.1261,3.2238,3.3215,3.4192,3.517,3.6149,3.7128,3.8108,3.8662,3.906,3.9456,3.985,4.0242,4.0631,4.1019,4.1404,4.1787,4.2052,4.1712,4.1369,4.1024,4.0677,4.0327,3.9974,3.9618,3.926,3.8899,3.8054,3.6869,3.5682,3.4494,3.3305,3.2114,3.0922,2.9728,2.8533,2.7344,2.6823,2.6309,2.58,2.5298,2.4802,2.4312,2.3829,2.3353,2.2884,2.2505,2.2237,2.1969,2.1701,2.1432,2.1163,2.0893,2.0624,2.0353,2.0083,1.9496,1.8854,1.8212,1.757,1.6926,1.6283,1.5638
10.9713,10.9814,10.9914,11.0013,11.0111,11.0209,11.0305,11.0401,11.0494,11.0448,11.0403,11.0357,11.0312,11.0267,11.0222,11.0177,11.0132,11.0088,11.0198,11.0506,11.0816,11.1126,11.1439,11.1752,11.2066,11.2381,11.2697,11.3015,11.2252,11.1324,11.0396,10.947,10.8544,10.7619,10.6694,10.577,10.4847,10.3827,10.2575,10.1322,10.007,9.8818,9.7567,9.6315,9.5063,9.3811,9.2558,9.1161,8.9707,8.8253,8.6798,8.5343,8.3887,8.2431,8.0974,7.9515,7.7919,7.5552,7.3184,7.0815,6.8444,6.6072,6.3698,6.1323,5.8947,5.6569,5.4433,5.2474,5.0514,4.8553,4.6592,4.463,4.2667,4.0704,3.8741,3.6783,3.5619,3.4454,3.3289,3.2123,3.0957,2.9791,2.8624,2.7456,2.6289,2.5658,2.5727,2.5798,2.587,2.5944,2.602,2.6098,2.6179,2.6261,2.6346,2.6534,2.6739,2.6948,2.716,2.7374,2.7592,2.7813,2.8037,2.8265,2.8716,2.971,3.0705,3.1701,3.2697,3.3693,3.469,3.5688,3.6686,3.7685,3.8224,3.8576,3.8927,3.9275,3.9621,3.9966,4.0307,4.0647,4.0984,4.1221,4.0834,4.0445,4.0054,3.966,3.9264,3.8865,3.8463,3.8058,3.7651,3.6798,3.5596,3.4392,3.3187,3.1981,3.0773,2.9564,2.8353,2.7141,2.5927,2.55,2.5093,2.4693,2.4298,2.391,2.3529,2.3154,2.2785,2.2424,2.2102,2.1831,2.156,2.1288,2.1016,2.0744,2.0472,2.0199,1.9926,1.9652,1.9074,1.8427,1.7779,1.7132,1.6483,1.5834,1.5185
10.9563,10.9691,10.9817,10.9942,11.0066,11.019,11.0312,11.0434,11.055,11.0498,11.0446,11.0394,11.0343,11.0291,11.024,11.0189,11.0138,11.0087,11.0171,11.042,11.0671,11.0923,11.1176,11.143,11.1685,11.1942,11.2199,11.2457,11.1612,11.061,10.9608,10.8608,10.7608,10.6609,10.5611,10.4614,10.3616,10.2522,10.1199,9.9876,9.8553,9.723,9.5908,9.4585,9.3262,9.194,9.0616,8.913,8.7581,8.6031,8.4482,8.2931,8.138,7.9829,7.8276,7.6722,7.5036,7.2604,7.017,6.7735,6.5299,6.2862,6.0423,5.7983,5.5541,5.3097,5.0958,4.9044,4.7129,4.5213,4.3297,4.138,3.9463,3.7545,3.5626,3.3707,3.2574,3.144,3.0306,2.9171,2.8035,2.6899,2.5763,2.4627,2.349,2.2913,2.3097,2.3283,2.347,2.3659,2.3851,2.4044,2.4239,2.4437,2.4638,2.4939,2.526,2.5584,2.5911,2.6241,2.6574,2.6911,2.725,2.7593,2.8121,2.9134,3.0148,3.1163,3.2178,3.3194,3.421,3.5226,3.6244,3.7262,3.7788,3.8095,3.8399,3.8702,3.9003,3.9302,3.9598,3.9892,4.0184,4.0391,3.9959,3.9524,3.9086,3.8646,3.8203,3.7758,3.731,3.6859,3.6406,3.5543,3.4324,3.3103,3.1881,3.0658,2.9433,2.8206,2.6979,2.575,2.4519,2.417,2.3871,2.3578,2.3292,2.3012,2.2738,2.2471,2.221,2.1957,2.1699,2.1425,2.1151,2.0876,2.0601,2.0326,2.005,1.9774,1.9498,1.9221,1.8651,1.8,1.7347,1.6694,1.604,1.5386,1.4732
10.9415,10.9568,10.9721,10.9872,11.0022,11.0172,11.032,11.0468,11.0606,11.0548,11.049,11.0431,11.0373,11.0316,11.0258,11.0201,11.0143,11.0086,11.0143,11.0333,11.0525,11.0718,11.0912,11.1107,11.1304,11.1501,11.17,11.1899,11.097,10.9894,10.8819,10.7745,10.6672,10.5599,10.4527,10.3456,10.2385,10.1216,9.9822,9.8428,9.7035,9.5641,9.4248,9.2855,9.1461,9.0068,8.8674,8.7098,8.5454,8.381,8.2165,8.0519,7.8873,7.7226,7.5578,7.393,7.2154,6.9656,6.7157,6.4657,6.2155,5.9652,5.7148,5.4643,5.2135,4.9627,4.7483,4.5614,4.3744,4.1873,4.0002,3.813,3.6257,3.4384,3.2511,3.0637,2.9529,2.8426,2.7322,2.6218,2.5113,2.4008,2.2902,2.1796,2.069,2.0165,2.0465,2.0765,2.1068,2.1372,2.1679,2.1987,2.2297,2.261,2.2926,2.3341,2.3777,2.4217,2.4659,2.5104,2.5553,2.6005,2.646,2.6918,2.7525,2.8558,2.9591,3.0625,3.1659,3.2693,3.3728,3.4764,3.58,3.6837,3.7353,3.7615,3.7874,3.8131,3.8387,3.864,3.8891,3.9139,3.9386,3.9564,3.9085,3.8604,3.812,3.7634,3.7145,3.6654,3.6159,3.5662,3.5163,3.4289,3.3052,3.1815,3.0576,2.9335,2.8093,2.685,2.5606,2.4359,2.3112,2.2833,2.2643,2.2458,2.2279,2.2107,2.1941,2.1781,2.1629,2.1483,2.1297,2.102,2.0742,2.0465,2.0186,1.9908,1.9629,1.935,1.9071,1.8791,1.823,1.7573,1.6915,1.6257,1.5598,1.4939,1.4279
10.9268,10.9447,10.9625,10.9803,10.9979,11.0155,11.0329,11.0503,11.0662,11.0598,11.0533,11.0468,11.0404,11.034,11.0276,11.0212,11.0149,11.0085,11.0114,11.0245,11.0378,11.0512,11.0647,11.0784,11.0921,11.1059,11.1199,11.1339,11.0328,10.9178,10.8029,10.6881,10.5734,10.4588,10.3442,10.2297,10.1153,9.9909,9.8444,9.698,9.5516,9.4052,9.2588,9.1124,8.966,8.8196,8.6731,8.5067,8.3327,8.1588,7.9848,7.8107,7.6366,7.4624,7.2881,7.1137,6.9271,6.6708,6.4143,6.1578,5.9011,5.6443,5.3874,5.1303,4.873,4.6156,4.4007,4.2183,4.0358,3.8532,3.6706,3.4879,3.3052,3.1224,2.9395,2.7566,2.6483,2.5411,2.4338,2.3264,2.219,2.1116,2.0041,1.8965,1.789,1.7415,1.783,1.8245,1.8663,1.9082,1.9504,1.9927,2.0352,2.078,2.1211,2.1739,2.2291,2.2846,2.3404,2.3964,2.4528,2.5095,2.5665,2.6239,2.6929,2.7981,2.9033,3.0086,3.1139,3.2192,3.3246,3.4301,3.5356,3.6412,3.692,3.7136,3.735,3.7562,3.7772,3.798,3.8185,3.8389,3.859,3.8739,3.8214,3.7687,3.7157,3.6624,3.6089,3.5552,3.5011,3.4468,3.3922,3.3035,3.1782,3.0527,2.9271,2.8014,2.6755,2.5495,2.4233,2.297,2.1706,2.1491,2.1407,2.133,2.126,2.1195,2.1137,2.1085,2.104,2.1002,2.0894,2.0614,2.0334,2.0053,1.9772,1.949,1.9208,1.8926,1.8643,1.8361,1.7808,1.7146,1.6483,1.582,1.5156,1.4492,1.3827
10.9122,10.9327,10.9531,10.9734,10.9937,11.0138,11.0339,11.0539,11.0718,11.0647,11.0576,11.0505,11.0434,11.0364,11.0294,11.0224,11.0154,11.0084,11.0083,11.0155,11.0229,11.0305,11.0381,11.0458,11.0537,11.0617,11.0697,11.0779,10.9684,10.846,10.7238,10.6016,10.4796,10.3576,10.2356,10.1138,9.992,9.8601,9.7066,9.5531,9.3996,9.2462,9.0927,8.9393,8.7858,8.6323,8.4788,8.3034,8.12,7.9365,7.753,7.5694,7.3858,7.2021,7.0183,6.8344,6.6388,6.376,6.113,5.85,5.5868,5.3234,5.06,4.7963,4.5326,4.2686,4.0531,3.8752,3.6972,3.5191,3.341,3.1628,2.9845,2.8062,2.6279,2.4495,2.3438,2.2396,2.1353,2.031,1.9267,1.8223,1.7179,1.6134,1.5089,1.4663,1.5192,1.5723,1.6255,1.679,1.7326,1.7864,1.8405,1.8947,1.9493,2.0135,2.0802,2.1472,2.2145,2.2821,2.35,2.4182,2.4867,2.5556,2.6332,2.7403,2.8474,2.9546,3.0618,3.1691,3.2764,3.3837,3.4912,3.5987,3.649,3.666,3.6829,3.6995,3.716,3.7322,3.7482,3.764,3.7795,3.7916,3.7345,3.6771,3.6195,3.5617,3.5036,3.4452,3.3865,3.3276,3.2684,3.1783,3.0512,2.9241,2.7968,2.6693,2.5418,2.414,2.2862,2.1582,2.03,2.0141,2.0166,2.0197,2.0233,2.0276,2.0326,2.0382,2.0444,2.0514,2.0492,2.0209,1.9926,1.9642,1.9357,1.9073,1.8788,1.8502,1.8217,1.793,1.7387,1.672,1.6052,1.5384,1.4715,1.4045,1.3375
10.8976,10.9207,10.9438,10.9667,10.9895,11.0123,11.0349,11.0575,11.0774,11.0696,11.0619,11.0542,11.0465,11.0388,11.0311,11.0235,11.0158,11.0082,11.0051,11.0064,11.0079,11.0096,11.0113,11.0132,11.0152,11.0173,11.0195,11.0217,10.9038,10.7741,10.6445,10.515,10.3856,10.2562,10.1269,9.9977,9.8685,9.7293,9.5687,9.4082,9.2476,9.0871,8.9266,8.7661,8.6056,8.445,8.2845,8.1002,7.9072,7.7143,7.5213,7.3282,7.1351,6.9418,6.7486,6.5552,6.3506,6.0812,5.8117,5.5421,5.2724,5.0026,4.7326,4.4624,4.1921,3.9217,3.7055,3.5321,3.3585,3.185,3.0113,2.8376,2.6638,2.49,2.3162,2.1423,2.0391,1.938,1.8368,1.7356,1.6343,1.533,1.4316,1.3302,1.2287,1.1908,1.2552,1.3198,1.3845,1.4494,1.5145,1.5798,1.6454,1.7111,1.7771,1.8527,1.9309,2.0095,2.0883,2.1674,2.2468,2.3265,2.4066,2.487,2.5735,2.6825,2.7915,2.9005,3.0096,3.1188,3.228,3.3373,3.4466,3.556,3.6061,3.6186,3.6309,3.643,3.6549,3.6666,3.6781,3.6893,3.7003,3.7095,3.6478,3.5858,3.5236,3.4612,3.3984,3.3354,3.2722,3.2086,3.1448,3.0531,2.9244,2.7955,2.6665,2.5374,2.4081,2.2787,2.1491,2.0194,1.8896,1.8786,1.8918,1.9056,1.92,1.9351,1.9508,1.9672,1.9842,2.0019,2.0091,1.9804,1.9517,1.923,1.8943,1.8655,1.8367,1.8079,1.779,1.7501,1.6967,1.6294,1.5621,1.4947,1.4273,1.3599,1.2923
10.8832,10.9089,10.9345,10.96,10.9855,11.0108,11.0361,11.0612,11.0829,11.0745,11.0661,11.0578,11.0495,11.0412,11.0329,11.0246,11.0163,11.0081,11.0017,10.9972,10.9928,10.9886,10.9845,10.9805,10.9766,10.9728,10.9691,10.9655,10.8392,10.7021,10.5652,10.4283,10.2915,10.1548,10.0182,9.8816,9.7451,9.5984,9.4307,9.2631,9.0956,8.928,8.7604,8.5929,8.4253,8.2577,8.0901,7.8969,7.6944,7.492,7.2895,7.0869,6.8843,6.6816,6.4788,6.2759,6.0623,5.7864,5.5104,5.2343,4.9581,4.6817,4.4052,4.1286,3.8518,3.5748,3.3578,3.1889,3.0198,2.8508,2.6816,2.5124,2.3431,2.1738,2.0044,1.835,1.7344,1.6364,1.5382,1.44,1.3418,1.2436,1.1453,1.0469,0.9485,0.9151,0.991,1.067,1.1432,1.2196,1.2962,1.373,1.45,1.5272,1.6047,1.6916,1.7814,1.8714,1.9617,2.0523,2.1432,2.2345,2.326,2.4179,2.5137,2.6245,2.7355,2.8464,2.9574,3.0685,3.1796,3.2908,3.402,3.5133,3.5633,3.5713,3.5791,3.5867,3.5941,3.6012,3.6081,3.6149,3.6213,3.6276,3.5613,3.4948,3.4279,3.3609,3.2935,3.2259,3.1581,3.0899,3.0215,2.928,2.7976,2.667,2.5364,2.4055,2.2746,2.1434,2.0122,1.8808,1.7493,1.7424,1.7663,1.7909,1.8161,1.8419,1.8684,1.8955,1.9233,1.9533,1.979,1.9584,1.9374,1.9162,1.8947,1.8729,1.8507,1.8283,1.8055,1.7824,1.7359,1.6738,1.6114,1.5486,1.4854,1.4219,1.3581
10.8688,10.8971,10.9253,10.9535,10.9815,11.0094,11.0373,11.0651,11.0884,11.0794,11.0704,11.0614,11.0525,11.0435,11.0346,11.0257,11.0168,11.0079,10.9982,10.9878,10.9776,10.9675,10.9575,10.9476,10.9378,10.9282,10.9186,10.9091,10.7744,10.63,10.4857,10.3415,10.1973,10.0533,9.9093,9.7654,9.6215,9.4674,9.2927,9.118,8.9434,8.7688,8.5942,8.4196,8.245,8.0704,7.8957,7.6935,7.4816,7.2697,7.0577,6.8456,6.6335,6.4213,6.209,5.9967,5.7741,5.4917,5.2092,4.9266,4.6438,4.3609,4.0779,3.7948,3.5114,3.228,3.0101,2.8456,2.6811,2.5165,2.3518,2.1871,2.0223,1.8575,1.6926,1.5276,1.4297,1.3347,1.2396,1.1445,1.0493,0.9541,0.8589,0.7636,0.6683,0.6391,0.7265,0.814,0.9017,0.9895,1.0776,1.1658,1.2543,1.343,1.432,1.5302,1.6315,1.733,1.8348,1.9369,2.0393,2.142,2.2451,2.3485,2.4538,2.5666,2.6794,2.7922,2.9051,3.0181,3.1311,3.2442,3.3573,3.4767,3.5352,3.547,3.5586,3.5701,3.5815,3.5927,3.6037,3.6146,3.6253,3.6358,3.5761,3.5147,3.4533,3.3917,3.3302,3.2685,3.2067,3.1449,3.083,2.999,2.8783,2.7577,2.6372,2.5167,2.3963,2.276,2.1557,2.0355,1.9153,1.9148,1.9489,1.9828,2.0164,2.0498,2.0829,2.1157,2.1482,2.1805,2.2026,2.1765,2.1502,2.1235,2.0966,2.0694,2.0418,2.0139,1.9858,1.9573,1.9067,1.8392,1.7714,1.7032,1.6347,1.5658,1.4966
10.9557,10.9793,11.003,11.0269,11.0509,11.0751,11.0994,11.1238,11.1427,11.1255,11.1085,11.0918,11.0754,11.0593,11.0435,11.0279,11.0125,10.9974,10.9785,10.9565,10.9348,10.9135,10.8925,10.8718,10.8513,10.8311,10.8112,10.7915,10.6526,10.5056,10.3584,10.2113,10.064,9.9168,9.7694,9.622,9.4746,9.3171,9.1399,8.9626,8.7853,8.6079,8.4304,8.2528,8.0752,7.8975,7.7198,7.5141,7.2986,7.0831,6.8676,6.6519,6.4363,6.2205,6.0048,5.789,5.5637,5.2825,5.0012,4.72,4.4388,4.1576,3.8764,3.5953,3.3142,3.0332,2.8221,2.6687,2.5154,2.3624,2.2095,2.0568,1.9043,1.752,1.5999,1.4481,1.3648,1.2855,1.2065,1.1279,1.0498,0.972,0.8948,0.818,0.7417,0.729,0.8326,0.9364,1.0406,1.1451,1.2499,1.3551,1.4606,1.5664,1.6726,1.7842,1.8976,2.0112,2.1249,2.2389,2.353,2.4673,2.5817,2.6964,2.8114,2.9276,3.0437,3.1597,3.2757,3.3915,3.5073,3.623,3.7386,3.8541,3.9086,3.9141,3.9194,3.9246,3.9296,3.9345,3.9392,3.9438,3.9482,3.9524,3.8909,3.826,3.7611,3.6961,3.6311,3.566,3.5008,3.4355,3.3702,3.2852,3.164,3.0428,2.9216,2.8005,2.6795,2.5586,2.4376,2.3168,2.196,2.1867,2.2153,2.2436,2.2717,2.2995,2.327,2.3543,2.3814,2.4081,2.4265,2.395,2.3633,2.3312,2.2989,2.2662,2.2332,2.2,2.1664,2.1325,2.0779,2.005,1.9318,1.8583,1.7844,1.7102,1.6356
11.0534,11.0735,11.0938,11.1142,11.1347,11.1555,11.1763,11.1973,11.2112,11.1846,11.1582,11.1321,11.1063,11.0807,11.0554,11.0304,11.0056,10.981,10.9493,10.9118,10.8746,10.8377,10.8011,10.7649,10.7289,10.6932,10.6577,10.6225,10.4815,10.3343,10.187,10.0397,9.8923,9.7449,9.5975,9.4499,9.3023,9.1453,8.9703,8.7952,8.6201,8.4448,8.2695,8.0942,7.9187,7.7432,7.5677,7.3658,7.1549,6.944,6.733,6.5219,6.3107,6.0996,5.8883,5.6771,5.4573,5.187,4.9167,4.6463,4.376,4.1058,3.8355,3.5653,3.2952,3.0251,2.8269,2.6891,2.5514,2.4139,2.2765,2.1394,2.0024,1.8657,1.7293,1.593,1.5294,1.4704,1.4119,1.3537,1.296,1.2387,1.1819,1.1255,1.0697,1.0714,1.1834,1.2957,1.4083,1.5213,1.6345,1.7481,1.862,1.9763,2.0909,2.2055,2.3202,2.435,2.5499,2.6651,2.7804,2.896,3.0117,3.1276,3.2428,3.353,3.4631,3.5732,3.6831,3.793,3.9029,4.0126,4.1222,4.2317,4.2823,4.2815,4.2805,4.2794,4.2781,4.2767,4.2751,4.2733,4.2714,4.2693,4.2057,4.1374,4.0691,4.0007,3.9322,3.8637,3.795,3.7264,3.6576,3.5715,3.4497,3.3278,3.2061,3.0844,2.9627,2.8412,2.7196,2.5982,2.4767,2.4589,2.4819,2.5047,2.5273,2.5495,2.5716,2.5933,2.6148,2.636,2.6508,2.6139,2.5768,2.5393,2.5015,2.4634,2.4251,2.3864,2.3474,2.308,2.2494,2.1712,2.0927,2.0137,1.9345,1.8549,1.7749
11.1509,11.1676,11.1844,11.2014,11.2185,11.2357,11.2531,11.2707,11.2795,11.2434,11.2076,11.172,11.1368,11.1018,11.0671,11.0327,10.9984,10.9645,10.9197,10.8667,10.814,10.7616,10.7095,10.6577,10.6062,10.5549,10.504,10.4532,10.3103,10.163,10.0156,9.8682,9.7206,9.5731,9.4255,9.2778,9.1301,8.9736,8.8007,8.6279,8.4549,8.2818,8.1087,7.9355,7.7623,7.589,7.4156,7.2176,7.0113,6.8048,6.5983,6.3918,6.1852,5.9786,5.7719,5.5652,5.3509,5.0915,4.8321,4.5727,4.3133,4.0539,3.7946,3.5353,3.276,3.0169,2.8315,2.7093,2.5872,2.4652,2.3434,2.2218,2.1004,1.9793,1.8584,1.7377,1.6936,1.6551,1.6169,1.5792,1.5419,1.505,1.4686,1.4326,1.3972,1.4137,1.5341,1.6548,1.7759,1.8972,2.0189,2.1409,2.2633,2.386,2.5091,2.6268,2.7427,2.8587,2.9749,3.0913,3.2079,3.3246,3.4415,3.5587,3.6744,3.7786,3.8827,3.9868,4.0908,4.1948,4.2986,4.4024,4.5061,4.6096,4.6562,4.6491,4.6418,4.6344,4.6268,4.6191,4.6112,4.6031,4.5949,4.5865,4.5208,4.449,4.3773,4.3054,4.2335,4.1615,4.0895,4.0173,3.9451,3.8579,3.7354,3.613,3.4906,3.3683,3.246,3.1238,3.0016,2.8796,2.7575,2.7314,2.7489,2.7662,2.7832,2.8,2.8164,2.8327,2.8486,2.8643,2.8755,2.8332,2.7906,2.7477,2.7045,2.661,2.6173,2.5732,2.5287,2.484,2.4214,2.3378,2.2539,2.1696,2.085,2,1.9147
11.2483,11.2615,11.2749,11.2884,11.3021,11.3159,11.3298,11.3439,11.3474,11.3019,11.2567,11.2117,11.1671,11.1227,11.0786,11.0347,10.9911,10.9477,10.8898,10.8212,10.753,10.6851,10.6175,10.5502,10.4832,10.4164,10.3499,10.2836,10.1392,9.9917,9.8442,9.6966,9.549,9.4013,9.2535,9.1057,8.9578,8.8018,8.6312,8.4605,8.2897,8.1189,7.9479,7.7769,7.6059,7.4347,7.2635,7.0694,6.8676,6.6657,6.4638,6.2618,6.0597,5.8576,5.6555,5.4533,5.2445,4.996,4.7475,4.499,4.2505,4.002,3.7535,3.5052,3.2568,3.0086,2.8361,2.7294,2.6228,2.5164,2.4101,2.3041,2.1983,2.0926,1.9873,1.8821,1.8575,1.8394,1.8216,1.8043,1.7874,1.7709,1.7549,1.7393,1.7243,1.7557,1.8846,2.0138,2.1432,2.273,2.4031,2.5336,2.6643,2.7955,2.927,3.0481,3.1652,3.2825,3.3999,3.5175,3.6353,3.7532,3.8714,3.9897,4.1061,4.2044,4.3026,4.4007,4.4988,4.5967,4.6946,4.7924,4.8901,4.9877,5.0304,5.017,5.0034,4.9897,4.9758,4.9618,4.9476,4.9332,4.9187,4.904,4.8359,4.7608,4.6856,4.6103,4.535,4.4595,4.3841,4.3085,4.2328,4.1443,4.0212,3.8981,3.7751,3.6522,3.5293,3.4065,3.2837,3.161,3.0383,3.0043,3.0163,3.028,3.0395,3.0507,3.0617,3.0724,3.0828,3.093,3.1005,3.0528,3.0048,2.9565,2.9079,2.859,2.8098,2.7603,2.7105,2.6604,2.5937,2.5048,2.4155,2.3259,2.2359,2.1456,2.0549
11.3455,11.3553,11.3653,11.3754,11.3856,11.3959,11.4065,11.4171,11.4151,11.3601,11.3055,11.2512,11.1971,11.1433,11.0898,11.0365,10.9835,10.9307,10.8595,10.7755,10.6917,10.6083,10.5252,10.4424,10.3598,10.2776,10.1956,10.1138,9.9681,9.8204,9.6728,9.525,9.3773,9.2294,9.0815,8.9336,8.7856,8.6302,8.4617,8.2932,8.1246,7.9559,7.7871,7.6183,7.4494,7.2805,7.1115,6.9212,6.7239,6.5266,6.3292,6.1317,5.9342,5.7366,5.539,5.3414,5.138,4.9004,4.6628,4.4252,4.1876,3.95,3.7125,3.475,3.2375,3.0002,2.8405,2.7493,2.6583,2.5674,2.4767,2.3862,2.2959,2.2058,2.116,2.0264,2.0211,2.0234,2.026,2.0291,2.0325,2.0365,2.0408,2.0457,2.051,2.0976,2.2349,2.3725,2.5104,2.6486,2.7871,2.926,3.0652,3.2047,3.3446,3.4694,3.5877,3.7062,3.8248,3.9436,4.0626,4.1818,4.3012,4.4207,4.5381,4.6304,4.7226,4.8148,4.9069,4.9989,5.0908,5.1827,5.2744,5.3661,5.4049,5.3851,5.3652,5.3452,5.3251,5.3047,5.2843,5.2636,5.2428,5.2218,5.1513,5.0727,4.9941,4.9154,4.8366,4.7577,4.6788,4.5998,4.5207,4.4307,4.3069,4.1833,4.0597,3.9361,3.8126,3.6892,3.5658,3.4425,3.3192,3.2775,3.2839,3.2901,3.2961,3.3018,3.3072,3.3124,3.3173,3.322,3.3259,3.2727,3.2193,3.1656,3.1117,3.0574,3.0028,2.9479,2.8926,2.8371,2.7665,2.6721,2.5775,2.4825,2.3872,2.2915,2.1954
11.4427,11.449,11.4555,11.4622,11.469,11.4759,11.483,11.4901,11.4824,11.4181,11.3541,11.2903,11.2269,11.1637,11.1007,11.0381,10.9756,10.9134,10.8289,10.7293,10.6301,10.5312,10.4326,10.3343,10.2362,10.1385,10.0409,9.9436,9.7969,9.6492,9.5013,9.3535,9.2056,9.0576,8.9095,8.7614,8.6133,8.4585,8.2922,8.1259,7.9594,7.7929,7.6264,7.4597,7.293,7.1262,6.9594,6.7731,6.5803,6.3875,6.1946,6.0017,5.8087,5.6156,5.4226,5.2295,5.0316,4.8049,4.5781,4.3514,4.1247,3.898,3.6713,3.4447,3.2182,2.9917,2.8448,2.7691,2.6936,2.6183,2.5431,2.4681,2.3933,2.3188,2.2444,2.1704,2.1844,2.2071,2.2301,2.2535,2.2773,2.3016,2.3264,2.3516,2.3773,2.4393,2.585,2.731,2.8773,3.024,3.1709,3.3182,3.4658,3.6137,3.7621,3.8906,4.0101,4.1298,4.2497,4.3697,4.49,4.6104,4.731,4.8517,4.9702,5.0566,5.1429,5.2291,5.3152,5.4013,5.4873,5.5732,5.659,5.7447,5.7796,5.7535,5.7273,5.701,5.6746,5.648,5.6212,5.5943,5.5672,5.5399,5.4668,5.3848,5.3027,5.2206,5.1384,5.0561,4.9738,4.8913,4.8088,4.7171,4.5928,4.4685,4.3442,4.2201,4.096,3.9719,3.8479,3.724,3.6001,3.551,3.5519,3.5526,3.553,3.5532,3.5532,3.5528,3.5522,3.5514,3.5502,3.4931,3.4343,3.3752,3.3158,3.2561,3.1961,3.1358,3.0752,3.0142,2.9396,2.8399,2.7399,2.6396,2.5389,2.4378,2.3364
11.5397,11.5426,11.5457,11.5489,11.5522,11.5557,11.5593,11.5631,11.5495,11.4758,11.4024,11.3292,11.2564,11.1838,11.1115,11.0394,10.9675,10.8959,10.7979,10.6828,10.5681,10.4537,10.3396,10.2258,10.1123,9.999,9.886,9.7733,9.6258,9.4779,9.3299,9.1819,9.0338,8.8857,8.7375,8.5893,8.441,8.2868,8.1228,7.9586,7.7943,7.63,7.4656,7.3012,7.1366,6.972,6.8074,6.6249,6.4367,6.2484,6.06,5.8716,5.6832,5.4947,5.3061,5.1175,4.9251,4.7093,4.4934,4.2776,4.0617,3.8459,3.6301,3.4144,3.1988,2.9832,2.8489,2.7888,2.7288,2.6689,2.6093,2.5498,2.4906,2.4315,2.3727,2.3142,2.3474,2.3904,2.4338,2.4776,2.5218,2.5664,2.6115,2.6571,2.7032,2.7809,2.935,3.0894,3.2441,3.3991,3.5545,3.7102,3.8662,4.0226,4.1793,4.3118,4.4325,4.5534,4.6745,4.7958,4.9172,5.0389,5.1607,5.2827,5.4026,5.483,5.5633,5.6436,5.7238,5.8039,5.8839,5.9639,6.0437,6.1235,6.1545,6.1222,6.0897,6.0571,6.0244,5.9915,5.9584,5.9252,5.8918,5.8583,5.7825,5.697,5.6115,5.526,5.4403,5.3546,5.2689,5.183,5.0971,5.0036,4.8786,4.7537,4.6289,4.5041,4.3793,4.2547,4.1301,4.0055,3.881,3.8248,3.8202,3.8154,3.8103,3.805,3.7994,3.7936,3.7875,3.7811,3.7744,3.7137,3.6495,3.585,3.5203,3.4552,3.3898,3.3241,3.2581,3.1917,3.1131,3.008,2.9027,2.797,2.691,2.5846,2.4778
11.6366,11.6361,11.6357,11.6355,11.6354,11.6354,11.6356,11.636,11.6163,11.5332,11.4504,11.3679,11.2856,11.2036,11.1219,11.0405,10.9592,10.8782,10.7665,10.6359,10.5058,10.3759,10.2463,10.117,9.9881,9.8593,9.7308,9.6026,9.4546,9.3066,9.1585,9.0103,8.8621,8.7139,8.5656,8.4172,8.2688,8.1152,7.9533,7.7913,7.6293,7.4671,7.3049,7.1426,6.9803,6.8178,6.6554,6.4768,6.2931,6.1093,5.9255,5.7416,5.5577,5.3737,5.1897,5.0056,4.8186,4.6136,4.4087,4.2037,3.9987,3.7938,3.5889,3.384,3.1792,2.9745,2.853,2.8083,2.7638,2.7195,2.6753,2.6314,2.5876,2.5441,2.5008,2.4577,2.5101,2.5735,2.6372,2.7013,2.7659,2.8309,2.8963,2.9622,3.0286,3.1222,3.2847,3.4475,3.6107,3.7741,3.9379,4.1019,4.2664,4.4311,4.5963,4.7329,4.8549,4.977,5.0993,5.2218,5.3445,5.4673,5.5904,5.7136,5.8351,5.9096,5.984,6.0583,6.1326,6.2067,6.2808,6.3548,6.4287,6.5025,6.5297,6.4911,6.4524,6.4135,6.3745,6.3353,6.2959,6.2564,6.2168,6.1769,6.0983,6.0094,5.9205,5.8315,5.7425,5.6534,5.5642,5.4749,5.3855,5.2901,5.1645,5.039,4.9135,4.7881,4.6628,4.5375,4.4123,4.2871,4.162,4.099,4.0889,4.0785,4.068,4.0571,4.046,4.0347,4.0231,4.0112,3.999,3.9348,3.8652,3.7953,3.7251,3.6546,3.5839,3.5128,3.4414,3.3696,3.2869,3.1766,3.0659,2.9548,2.8435,2.7317,2.6196
11.7334,11.7294,11.7256,11.722,11.7184,11.715,11.7118,11.7087,11.6828,11.5904,11.4982,11.4063,11.3146,11.2233,11.1322,11.0413,10.9507,10.8603,10.7347,10.5887,10.4431,10.2977,10.1527,10.008,9.8635,9.7193,9.5754,9.4316,9.2835,9.1353,8.9871,8.8388,8.6904,8.542,8.3936,8.2451,8.0965,7.9436,7.7839,7.6241,7.4642,7.3042,7.1442,6.9841,6.8239,6.6636,6.5033,6.3287,6.1495,5.9703,5.791,5.6116,5.4322,5.2527,5.0732,4.8937,4.7121,4.518,4.3239,4.1298,3.9357,3.7416,3.5476,3.3536,3.1597,2.9658,2.8569,2.8277,2.7987,2.7699,2.7412,2.7127,2.6845,2.6564,2.6286,2.6011,2.6725,2.7562,2.8403,2.9247,3.0096,3.0949,3.1807,3.2669,3.3537,3.4634,3.6343,3.8055,3.977,4.1489,4.321,4.4935,4.6663,4.8395,5.013,5.1541,5.2772,5.4006,5.5241,5.6478,5.7717,5.8958,6.02,6.1444,6.2679,6.3364,6.4049,6.4732,6.5416,6.6098,6.6779,6.746,6.814,6.8818,6.9051,6.8603,6.8152,6.7701,6.7248,6.6793,6.6337,6.5879,6.542,6.4959,6.4143,6.322,6.2297,6.1373,6.0448,5.9522,5.8596,5.7669,5.6741,5.5766,5.4504,5.3243,5.1982,5.0722,4.9462,4.8203,4.6945,4.5687,4.443,4.3735,4.3579,4.342,4.3259,4.3096,4.293,4.2761,4.259,4.2416,4.2239,4.1561,4.0812,4.0059,3.9303,3.8545,3.7783,3.7018,3.625,3.5479,3.4612,3.3455,3.2295,3.1131,2.9964,2.8793,2.7619
11.8301,11.8227,11.8154,11.8083,11.8014,11.7945,11.7879,11.7813,11.7491,11.6472,11.5456,11.4444,11.3434,11.2426,11.1421,11.0419,10.9419,10.8421,10.7026,10.5412,10.3801,10.2193,10.0588,9.8986,9.7387,9.579,9.4196,9.2606,9.1123,8.964,8.8156,8.6672,8.5187,8.3702,8.2216,8.0729,7.9242,7.7721,7.6145,7.4569,7.2991,7.1413,6.9835,6.8255,6.6675,6.5095,6.3513,6.1806,6.006,5.8312,5.6564,5.4816,5.3067,5.1318,4.9568,4.7818,4.6056,4.4223,4.2391,4.0558,3.8726,3.6894,3.5062,3.3231,3.14,2.957,2.8606,2.847,2.8334,2.8201,2.8069,2.7939,2.7811,2.7686,2.7562,2.7442,2.8346,2.9386,3.043,3.1478,3.253,3.3586,3.4647,3.5713,3.6783,3.8044,3.9837,4.1633,4.3432,4.5235,4.704,4.8849,5.0661,5.2477,5.4296,5.5751,5.6995,5.8241,5.9489,6.0738,6.1989,6.3242,6.4496,6.5753,6.7008,6.7634,6.8259,6.8884,6.9508,7.0131,7.0753,7.1374,7.1994,7.2614,7.2808,7.2297,7.1784,7.127,7.0754,7.0237,6.9718,6.9197,6.8675,6.8151,6.7304,6.6347,6.539,6.4431,6.3472,6.2513,6.1552,6.0591,5.9629,5.8632,5.7364,5.6096,5.4829,5.3563,5.2297,5.1032,4.9768,4.8503,4.724,4.6483,4.6272,4.6058,4.5842,4.5624,4.5403,4.5179,4.4953,4.4724,4.4492,4.3779,4.2975,4.2169,4.1359,4.0547,3.9731,3.8912,3.8091,3.7266,3.6359,3.5148,3.3934,3.2717,3.1497,3.0272,2.9045
11.9266,11.9158,11.9051,11.8946,11.8842,11.8739,11.8638,11.8539,11.815,11.7038,11.5929,11.4822,11.3718,11.2617,11.1519,11.0423,10.9329,10.8238,10.6701,10.4932,10.3167,10.1405,9.9645,9.7889,9.6135,9.4384,9.2636,9.0896,8.9412,8.7927,8.6442,8.4956,8.347,8.1983,8.0496,7.9008,7.752,7.6005,7.4451,7.2897,7.1341,6.9785,6.8228,6.667,6.5112,6.3553,6.1993,6.0326,5.8624,5.6922,5.5219,5.3516,5.1812,5.0108,4.8403,4.6698,4.499,4.3266,4.1542,3.9818,3.8094,3.6371,3.4648,3.2925,3.1203,2.9481,2.8643,2.8661,2.868,2.8702,2.8724,2.8749,2.8776,2.8805,2.8837,2.8871,2.9964,3.1207,3.2454,3.3705,3.496,3.6219,3.7483,3.8752,4.0026,4.1452,4.3329,4.5209,4.7092,4.8978,5.0868,5.276,5.4656,5.6556,5.8459,5.9962,6.1218,6.2476,6.3736,6.4997,6.626,6.7525,6.8792,7.006,7.1331,7.1906,7.2472,7.3037,7.3602,7.4165,7.4728,7.529,7.5851,7.6411,7.6568,7.5994,7.5418,7.4841,7.4263,7.3683,7.3101,7.2518,7.1933,7.1346,7.0468,6.9476,6.8484,6.7492,6.6499,6.5505,6.4511,6.3515,6.2519,6.1498,6.0224,5.895,5.7677,5.6405,5.5133,5.3861,5.2591,5.132,5.0051,4.9234,4.8968,4.87,4.8429,4.8155,4.7879,4.7601,4.7319,4.7035,4.6748,4.6,4.5142,4.4282,4.3419,4.2552,4.1683,4.0811,3.9935,3.9056,3.8109,3.6845,3.5578,3.4307,3.3033,3.1756,3.0475
12.023,12.0088,11.9947,11.9807,11.9669,11.9532,11.9397,11.9263,11.8807,11.7601,11.6398,11.5198,11.4,11.2806,11.1613,11.0424,10.9236,10.8051,10.6373,10.445,10.253,10.0613,9.87,9.6789,9.4881,9.2976,9.1073,8.9186,8.77,8.6214,8.4728,8.3241,8.1753,8.0265,7.8776,7.7287,7.5797,7.429,7.2758,7.1225,6.9691,6.8156,6.6621,6.5085,6.3549,6.2012,6.0474,5.8845,5.7189,5.5532,5.3874,5.2216,5.0557,4.8898,4.7239,4.5579,4.3925,4.2309,4.0693,3.9078,3.7462,3.5847,3.4233,3.2618,3.1004,2.9391,2.8678,2.8851,2.9025,2.9201,2.9378,2.9558,2.9739,2.9923,3.0109,3.0298,3.1579,3.3025,3.4475,3.5929,3.7387,3.8849,4.0316,4.1787,4.3264,4.4859,4.682,4.8784,5.075,5.272,5.4693,5.667,5.865,6.0633,6.262,6.4172,6.544,6.671,6.7982,6.9256,7.0531,7.1808,7.3087,7.4368,7.5651,7.618,7.6687,7.7193,7.7698,7.8202,7.8706,7.9209,7.971,8.0211,8.033,7.9693,7.9055,7.8415,7.7774,7.7131,7.6487,7.5841,7.5194,7.4544,7.3632,7.2607,7.1581,7.0554,6.9527,6.8499,6.747,6.6441,6.5411,6.4364,6.3084,6.1804,6.0525,5.9246,5.7968,5.6691,5.5414,5.4138,5.2862,5.1989,5.1668,5.1345,5.1019,5.069,5.0359,5.0026,4.9689,4.935,4.9009,4.8224,4.7313,4.6399,4.5482,4.4562,4.3639,4.2712,4.1783,4.0851,3.9863,3.8546,3.7225,3.5902,3.4574,3.3244,3.1909
12.1193,12.1016,12.0841,12.0667,12.0495,12.0324,12.0154,11.9986,11.9461,11.8161,11.6865,11.5571,11.428,11.2992,11.1706,11.0423,10.9142,10.7863,10.6041,10.3964,10.1889,9.9818,9.7751,9.5686,9.3623,9.1564,8.9507,8.7476,8.5989,8.4501,8.3013,8.1525,8.0036,7.8546,7.7056,7.5565,7.4074,7.2575,7.1064,6.9553,6.8041,6.6528,6.5015,6.3501,6.1986,6.047,5.8954,5.7365,5.5754,5.4142,5.2529,5.0916,4.9303,4.7689,4.6074,4.4459,4.2859,4.1352,3.9844,3.8337,3.683,3.5323,3.3817,3.2311,3.0806,2.9301,2.8712,2.9039,2.9368,2.9698,3.003,3.0364,3.07,3.1038,3.1379,3.1722,3.3191,3.484,3.6492,3.8149,3.981,4.1475,4.3144,4.4819,4.6498,4.8264,5.0308,5.2356,5.4407,5.646,5.8517,6.0577,6.2641,6.4708,6.6778,6.8382,6.9662,7.0945,7.2228,7.3514,7.4802,7.6091,7.7382,7.8675,7.997,8.0457,8.0904,8.1351,8.1796,8.2242,8.2686,8.3129,8.3572,8.4013,8.4094,8.3395,8.2694,8.1992,8.1288,8.0583,7.9876,7.9168,7.8457,7.7745,7.6799,7.5739,7.4679,7.3618,7.2557,7.1495,7.0432,6.9368,6.8304,6.7231,6.5945,6.4659,6.3373,6.2088,6.0804,5.9521,5.8238,5.6955,5.5673,5.4747,5.4371,5.3993,5.3612,5.3228,5.2838,5.2433,5.2028,5.1622,5.1215,5.0391,4.9427,4.8465,4.7504,4.6544,4.5586,4.4629,4.3674,4.272,4.1732,4.0426,3.9125,3.7829,3.6538,3.5252,3.397
12.2149,12.1944,12.1734,12.1526,12.132,12.1114,12.0911,12.0708,12.0112,11.8719,11.7329,11.5942,11.4557,11.3175,11.1796,11.0419,10.9045,10.7672,10.5705,10.3474,10.1245,9.902,9.6798,9.4579,9.2363,9.0149,8.7938,8.5766,8.4277,8.2788,8.1299,7.9809,7.8319,7.6828,7.5336,7.3844,7.2351,7.086,6.9371,6.7882,6.6391,6.49,6.3408,6.1916,6.0423,5.8929,5.7434,5.5885,5.4319,5.2752,5.1184,4.9616,4.8048,4.6479,4.491,4.334,4.1793,4.0394,3.8995,3.7596,3.6197,3.4799,3.3401,3.2003,3.0606,2.9209,2.8744,2.9226,2.9709,3.0194,3.068,3.1169,3.1659,3.2152,3.2647,3.3145,3.48,3.6651,3.8507,4.0366,4.2229,4.4097,4.5969,4.7846,4.9728,5.1667,5.3795,5.5927,5.8061,6.0198,6.2339,6.4483,6.663,6.8781,7.0935,7.2591,7.3884,7.5178,7.6474,7.7772,7.9072,8.0373,8.1677,8.2982,8.4288,8.4735,8.5123,8.5506,8.5872,8.6238,8.6602,8.6966,8.7328,8.7689,8.7712,8.6933,8.6154,8.5373,8.4593,8.3812,8.303,8.2248,8.1466,8.0682,7.969,7.8587,7.7484,7.6381,7.5278,7.4176,7.3073,7.1971,7.087,6.9766,6.8446,6.7125,6.5804,6.4481,6.3158,6.1835,6.051,5.9185,5.7858,5.686,5.6439,5.6019,5.5597,5.5176,5.4753,5.4331,5.3908,5.3484,5.306,5.2258,5.1306,5.0355,4.9406,4.8458,4.7511,4.6567,4.5623,4.4681,4.372,4.2471,4.1226,3.9986,3.8751,3.7521,3.6296
12.2171,12.186,12.1553,12.125,12.0951,12.0656,12.0364,12.0076,11.9399,11.7982,11.6566,11.5151,11.3737,11.2324,11.0911,10.9499,10.8087,10.6676,10.4627,10.2308,9.9991,9.7675,9.536,9.3046,9.0733,8.8421,8.611,8.3847,8.2345,8.0842,7.9339,7.7835,7.6331,7.4827,7.3323,7.1818,7.0312,6.8816,6.7332,6.5847,6.4362,6.2876,6.1389,5.9901,5.8413,5.6925,5.5435,5.3893,5.2335,5.0776,4.9216,4.7656,4.6095,4.4533,4.297,4.1407,3.988,3.8596,3.7311,3.6026,3.4741,3.3456,3.217,3.0885,2.9599,2.8314,2.7952,2.8542,2.9133,2.9723,3.0315,3.0906,3.1499,3.2092,3.2686,3.3281,3.5143,3.7232,3.9325,4.1423,4.3526,4.5634,4.7748,4.9867,5.1993,5.4141,5.6354,5.857,6.079,6.3012,6.5238,6.7468,6.9701,7.1937,7.4178,7.5881,7.7169,7.8458,7.9749,8.104,8.2334,8.3628,8.4924,8.6222,8.7521,8.7913,8.8226,8.8538,8.8849,8.916,8.9469,8.9777,9.0084,9.0389,9.0387,8.9577,8.8766,8.7955,8.7144,8.6332,8.5519,8.4706,8.3893,8.3079,8.2075,8.0961,7.9847,7.8733,7.7619,7.6506,7.5392,7.4279,7.3166,7.2054,7.0711,6.9364,6.8016,6.6668,6.5318,6.3968,6.2617,6.1266,5.9913,5.8864,5.8426,5.7988,5.7549,5.711,5.667,5.6229,5.5789,5.5347,5.4906,5.4123,5.3183,5.2244,5.1307,5.0371,4.9436,4.8503,4.7571,4.6641,4.5704,4.4511,4.3323,4.2139,4.0961,3.9787,3.8618
12.2188,12.176,12.1336,12.0916,12.0499,12.0087,11.9678,11.9272,11.8489,11.7033,11.5578,11.4124,11.2671,11.1218,10.9767,10.8315,10.6865,10.5415,10.3288,10.0891,9.8495,9.6101,9.3708,9.1316,8.8925,8.6535,8.4146,8.1816,8.0287,7.8758,7.7229,7.5699,7.417,7.2639,7.1109,6.9578,6.8047,6.6529,6.5032,6.3534,6.2035,6.0536,5.9036,5.7535,5.6034,5.4532,5.3029,5.1462,4.9877,4.829,4.6704,4.5116,4.3527,4.1938,4.0348,3.8757,3.7223,3.6062,3.4901,3.374,3.2579,3.1417,3.0255,2.9093,2.7931,2.677,2.6504,2.7178,2.7853,2.8527,2.9202,2.9878,3.0554,3.1231,3.1908,3.2587,3.469,3.7063,3.944,4.1822,4.4208,4.66,4.8998,5.1401,5.381,5.6205,5.8524,6.0846,6.3171,6.55,6.7831,7.0166,7.2505,7.4847,7.7193,7.8962,8.0261,8.1561,8.2862,8.4165,8.5469,8.6774,8.8081,8.9389,9.0699,9.1058,9.1316,9.1573,9.1829,9.2083,9.2337,9.259,9.2841,9.3092,9.3062,9.2221,9.138,9.0538,8.9696,8.8853,8.801,8.7166,8.6322,8.5477,8.4461,8.3336,8.2211,8.1085,7.9961,7.8836,7.7712,7.6588,7.5464,7.434,7.2978,7.1605,7.023,6.8855,6.748,6.6103,6.4726,6.3348,6.1969,6.087,6.0414,5.9958,5.9502,5.9045,5.8587,5.8129,5.7671,5.7212,5.6752,5.5988,5.5059,5.4132,5.3207,5.2282,5.136,5.0438,4.9518,4.86,4.7683,4.6548,4.5415,4.4288,4.3166,4.2048,4.0935
12.2201,12.1656,12.1115,12.0577,12.0044,11.9514,11.8987,11.8465,11.7578,11.6083,11.4589,11.3096,11.1604,11.0112,10.8621,10.7131,10.5641,10.4152,10.1946,9.9471,9.6998,9.4526,9.2055,8.9584,8.7115,8.4647,8.218,7.9784,7.8229,7.6674,7.5119,7.3563,7.2007,7.0451,6.8895,6.7338,6.578,6.4243,6.2732,6.1221,5.9709,5.8196,5.6683,5.5169,5.3654,5.2138,5.0622,4.9031,4.7418,4.5805,4.4191,4.2576,4.096,3.9343,3.7726,3.6107,3.4565,3.3529,3.2491,3.1454,3.0416,2.9377,2.8339,2.7301,2.6263,2.5225,2.5056,2.5814,2.6572,2.733,2.8089,2.8848,2.9608,3.0368,3.113,3.1892,3.4234,3.689,3.9551,4.2216,4.4886,4.7561,5.0242,5.2928,5.5621,5.8268,6.0692,6.312,6.5551,6.7984,7.0422,7.2862,7.5306,7.7754,8.0205,8.2044,8.3353,8.4664,8.5976,8.7289,8.8604,8.992,9.1237,9.2556,9.3876,9.4205,9.4408,9.4609,9.481,9.5009,9.5208,9.5405,9.5601,9.5796,9.5739,9.4867,9.3995,9.3122,9.2249,9.1376,9.0501,8.9627,8.8752,8.7876,8.6848,8.5711,8.4575,8.3439,8.2303,8.1167,8.0032,7.8897,7.7762,7.6627,7.5246,7.3846,7.2446,7.1045,6.9643,6.824,6.6837,6.5432,6.4027,6.2877,6.2403,6.193,6.1455,6.0981,6.0506,6.003,5.9554,5.9078,5.8601,5.7852,5.6935,5.602,5.5106,5.4193,5.3282,5.2373,5.1465,5.0558,4.9653,4.858,4.7504,4.6433,4.5366,4.4305,4.3249
12.221,12.1548,12.0889,12.0235,11.9584,11.8937,11.8294,11.7654,11.6665,11.5132,11.3599,11.2067,11.0535,10.9005,10.7475,10.5945,10.4417,10.2889,10.0603,9.805,9.5499,9.2949,9.0399,8.7851,8.5304,8.2758,8.0213,7.7752,7.6171,7.459,7.3008,7.1427,6.9845,6.8263,6.668,6.5097,6.3514,6.1956,6.0432,5.8907,5.7382,5.5856,5.4329,5.2802,5.1274,4.9745,4.8216,4.66,4.496,4.3319,4.1678,4.0035,3.8392,3.6748,3.5104,3.3458,3.1908,3.0995,3.0081,2.9167,2.8252,2.7337,2.6422,2.5508,2.4593,2.3679,2.3607,2.4448,2.529,2.6132,2.6974,2.7817,2.866,2.9505,3.035,3.1196,3.3773,3.6713,3.9656,4.2605,4.5558,4.8517,5.1481,5.4451,5.7426,6.0328,6.2858,6.5391,6.7927,7.0467,7.3009,7.5555,7.8105,8.0658,8.3215,8.5125,8.6445,8.7766,8.9089,9.0413,9.1738,9.3065,9.4393,9.5722,9.7053,9.7354,9.7502,9.7648,9.7793,9.7937,9.808,9.8222,9.8363,9.8503,9.8417,9.7514,9.6611,9.5708,9.4804,9.3899,9.2994,9.2089,9.1183,9.0276,8.9235,8.8087,8.694,8.5792,8.4646,8.3499,8.2352,8.1206,8.006,7.8914,7.7516,7.609,7.4663,7.3235,7.1807,7.0378,6.8948,6.7518,6.6086,6.4884,6.4393,6.3902,6.341,6.2918,6.2425,6.1932,6.1439,6.0944,6.045,5.9715,5.881,5.7906,5.7004,5.6104,5.5204,5.4307,5.341,5.2515,5.1622,5.0608,4.9588,4.8573,4.7563,4.6558,4.5557
12.2215,12.1436,12.066,11.9889,11.9121,11.8357,11.7596,11.6839,11.5752,11.4179,11.2607,11.1036,10.9466,10.7896,10.6327,10.4759,10.3191,10.1624,9.9258,9.6627,9.3998,9.137,8.8743,8.6117,8.3492,8.0868,7.8245,7.5719,7.4112,7.2505,7.0898,6.929,6.7682,6.6074,6.4465,6.2856,6.1247,5.9669,5.8132,5.6594,5.5055,5.3516,5.1976,5.0435,4.8894,4.7352,4.5809,4.4169,4.2501,4.0833,3.9165,3.7495,3.5825,3.4153,3.2481,3.0809,2.925,2.846,2.767,2.6879,2.6088,2.5297,2.4505,2.3714,2.2922,2.2132,2.2158,2.3082,2.4007,2.4933,2.5859,2.6785,2.7712,2.864,2.9569,3.0498,3.3308,3.6531,3.9758,4.2989,4.6226,4.9467,5.2715,5.5967,5.9226,6.2386,6.5022,6.766,7.0302,7.2946,7.5594,7.8246,8.0901,8.3559,8.6222,8.8205,8.9536,9.0868,9.2201,9.3536,9.4872,9.6209,9.7548,9.8888,10.023,10.0505,10.0597,10.0688,10.0778,10.0867,10.0955,10.1042,10.1128,10.1212,10.1096,10.0163,9.9229,9.8294,9.736,9.6425,9.5489,9.4553,9.3616,9.2678,9.1622,9.0463,8.9305,8.8147,8.6989,8.5831,8.4673,8.3516,8.2359,8.1202,7.9787,7.8334,7.6881,7.5428,7.3973,7.2518,7.1062,6.9605,6.8147,6.6893,6.6384,6.5875,6.5366,6.4856,6.4346,6.3835,6.3324,6.2812,6.23,6.1577,6.0684,5.9792,5.8902,5.8013,5.7126,5.624,5.5355,5.4472,5.359,5.2632,5.1669,5.071,4.9756,4.8806,4.7862
12.2216,12.1319,12.0427,11.9538,11.8654,11.7773,11.6895,11.6021,11.4837,11.3225,11.1615,11.0004,10.8395,10.6787,10.5179,10.3571,10.1965,10.0359,9.7911,9.5203,9.2495,8.9789,8.7085,8.4381,8.1678,7.8976,7.6275,7.3685,7.2053,7.042,6.8786,6.7153,6.5519,6.3885,6.225,6.0615,5.898,5.7382,5.5832,5.428,5.2728,5.1176,4.9622,4.8068,4.6514,4.4958,4.3402,4.1738,4.0043,3.8348,3.6652,3.4955,3.3257,3.1559,2.9859,2.8159,2.6592,2.5926,2.5259,2.4591,2.3923,2.3255,2.2587,2.1919,2.1251,2.0583,2.0707,2.1716,2.2724,2.3733,2.4743,2.5752,2.6763,2.7774,2.8786,2.9799,3.2839,3.6345,3.9854,4.3369,4.6888,5.0413,5.3943,5.7479,6.102,6.4442,6.7183,6.9927,7.2674,7.5424,7.8177,8.0934,8.3694,8.6458,8.9226,9.1286,9.2627,9.397,9.5314,9.6659,9.8006,9.9354,10.0703,10.2054,10.3406,10.3658,10.3695,10.3731,10.3765,10.3799,10.3832,10.3863,10.3894,10.3923,10.3776,10.2812,10.1848,10.0882,9.9917,9.8951,9.7985,9.7018,9.605,9.5082,9.401,9.284,9.1671,9.0501,8.9332,8.8164,8.6995,8.5827,8.4659,8.3491,8.2059,8.058,7.9101,7.7621,7.614,7.4659,7.3177,7.1694,7.021,6.8903,6.8377,6.785,6.7323,6.6796,6.6268,6.574,6.5211,6.4681,6.4152,6.3439,6.2557,6.1678,6.0799,5.9922,5.9046,5.8172,5.7299,5.6428,5.5558,5.4652,5.3745,5.2842,5.1944,5.1051,5.0163
12.2212,12.1199,12.019,11.9184,11.8183,11.7185,11.619,11.5199,11.3921,11.2271,11.0621,10.8972,10.7324,10.5676,10.4029,10.2383,10.0737,9.9092,9.6563,9.3776,9.0991,8.8207,8.5425,8.2643,7.9862,7.7083,7.4304,7.1652,6.9993,6.8334,6.6675,6.5015,6.3355,6.1695,6.0035,5.8374,5.6713,5.5095,5.3531,5.1967,5.0401,4.8835,4.7269,4.5702,4.4134,4.2565,4.0996,3.9306,3.7584,3.5862,3.4138,3.2414,3.0689,2.8964,2.7237,2.551,2.3934,2.3391,2.2847,2.2303,2.1758,2.1213,2.0668,2.0124,1.9579,1.9034,1.9256,2.0348,2.144,2.2532,2.3625,2.4719,2.5813,2.6908,2.8003,2.91,3.2366,3.6154,3.9947,4.3744,4.7546,5.1353,5.5166,5.8984,6.2809,6.6496,6.9342,7.2191,7.5043,7.7899,8.0757,8.3619,8.6485,8.9354,9.2227,9.4366,9.5718,9.7071,9.8426,9.9782,10.1139,10.2498,10.3858,10.522,10.6582,10.6813,10.6794,10.6775,10.6754,10.6733,10.6711,10.6687,10.6662,10.6636,10.6458,10.5463,10.4468,10.3472,10.2476,10.1479,10.0482,9.9484,9.8486,9.7487,9.6398,9.5218,9.4037,9.2857,9.1677,9.0497,8.9317,8.8138,8.6959,8.578,8.4333,8.2828,8.1322,7.9816,7.8309,7.6802,7.5293,7.3784,7.2274,7.0914,7.037,6.9826,6.9281,6.8736,6.8191,6.7645,6.7098,6.6552,6.6004,6.53,6.443,6.3562,6.2695,6.183,6.0966,6.0103,5.9242,5.8382,5.7524,5.6668,5.5817,5.497,5.4128,5.3291,5.2459
12.2205,12.1075,11.9949,11.8826,11.7708,11.6593,11.5482,11.4374,11.3004,11.1315,10.9626,10.7938,10.6251,10.4564,10.2879,10.1193,9.9509,9.7825,9.5212,9.2348,8.9485,8.6624,8.3763,8.0904,7.8045,7.5188,7.2331,6.9617,6.7933,6.6248,6.4563,6.2877,6.1192,5.9505,5.7819,5.6132,5.4445,5.2808,5.1231,4.9653,4.8074,4.6495,4.4915,4.3335,4.1753,4.0171,3.8589,3.6875,3.5126,3.3376,3.1625,2.9874,2.8122,2.6369,2.4615,2.286,2.1276,2.0856,2.0435,2.0014,1.9593,1.9171,1.8749,1.8327,1.7906,1.7485,1.7805,1.898,2.0155,2.1331,2.2507,2.3684,2.4862,2.604,2.7219,2.8399,3.1888,3.5959,4.0034,4.4114,4.8199,5.2288,5.6384,6.0485,6.4592,6.8547,7.1499,7.4453,7.741,8.0371,8.3335,8.6302,8.9273,9.2247,9.5225,9.7446,9.8808,10.0172,10.1538,10.2904,10.4272,10.5642,10.7012,10.8385,10.9758,10.997,10.9896,10.9821,10.9746,10.9669,10.9591,10.9513,10.9433,10.9352,10.9141,10.8115,10.7089,10.6062,10.5036,10.4008,10.298,10.1952,10.0923,9.9893,9.8787,9.7595,9.6404,9.5213,9.4022,9.2831,9.164,9.045,8.926,8.807,8.6608,8.5077,8.3545,8.2013,8.048,7.8946,7.7411,7.5875,7.4339,7.2925,7.2364,7.1802,7.124,7.0678,7.0115,6.9551,6.8987,6.8423,6.7858,6.716,6.6302,6.5445,6.459,6.3737,6.2884,6.2034,6.1184,6.0336,5.949,5.868,5.7885,5.7094,5.6308,5.5527,5.4751
12.2193,12.0946,11.9703,11.8464,11.7229,11.5998,11.477,11.3545,11.2086,11.0358,10.863,10.6903,10.5177,10.3452,10.1727,10.0003,9.828,9.6557,9.386,9.0918,8.7978,8.5038,8.21,7.9163,7.6227,7.3292,7.0357,6.7583,6.5872,6.4161,6.245,6.0739,5.9027,5.7315,5.5603,5.389,5.2177,5.052,4.893,4.7339,4.5747,4.4154,4.2561,4.0967,3.9373,3.7778,3.6182,3.4443,3.2667,3.089,2.9112,2.7333,2.5554,2.3774,2.1993,2.0211,1.8618,1.8321,1.8023,1.7725,1.7426,1.7128,1.6829,1.653,1.6232,1.5934,1.6352,1.7611,1.8869,2.0129,2.1388,2.2649,2.3909,2.5171,2.6433,2.7696,3.1406,3.576,4.0117,4.4479,4.8846,5.3218,5.7596,6.1979,6.6369,7.0597,7.3653,7.6713,7.9775,8.2841,8.591,8.8982,9.2058,9.5138,9.8221,10.0525,10.1898,10.3273,10.4649,10.6026,10.7405,10.8785,11.0167,11.1549,11.2934,11.3128,11.2999,11.2869,11.2739,11.2607,11.2474,11.234,11.2205,11.2069,11.1825,11.0768,10.9712,10.8654,10.7597,10.6539,10.548,10.4421,10.3361,10.2301,10.1177,9.9974,9.8771,9.7569,9.6367,9.5165,9.3964,9.2762,9.1561,9.036,8.8884,8.7327,8.5769,8.4211,8.2651,8.1091,7.953,7.7969,7.6406,7.4938,7.4359,7.378,7.32,7.262,7.204,7.1459,7.0877,7.0295,6.9713,6.9019,6.8173,6.7328,6.6485,6.5643,6.4802,6.3963,6.3126,6.229,6.1455,6.0688,5.9949,5.9214,5.8484,5.7759,5.7038
12.2177,12.0814,11.9454,11.8099,11.6747,11.5399,11.4054,11.2713,11.1167,10.9399,10.7633,10.5867,10.4102,10.2338,10.0574,9.8812,9.7049,9.5287,9.2506,8.9486,8.6468,8.3451,8.0435,7.7421,7.4407,7.1394,6.8382,6.5548,6.3811,6.2074,6.0337,5.86,5.6863,5.5125,5.3386,5.1648,4.9909,4.8233,4.6629,4.5025,4.3419,4.1814,4.0207,3.86,3.6993,3.5384,3.3775,3.2011,3.0208,2.8404,2.6599,2.4793,2.2986,2.1179,1.9371,1.7562,1.5959,1.5785,1.561,1.5435,1.526,1.5084,1.4908,1.4733,1.4557,1.4382,1.4899,1.6241,1.7583,1.8926,2.0268,2.1612,2.2956,2.4301,2.5647,2.6993,3.0921,3.5556,4.0196,4.484,4.9489,5.4143,5.8803,6.3469,6.814,7.2644,7.5805,7.897,8.2137,8.5308,8.8482,9.166,9.4841,9.8025,10.1213,10.3604,10.4988,10.6373,10.776,10.9148,11.0537,11.1928,11.332,11.4714,11.6109,11.6288,11.6104,11.592,11.5734,11.5547,11.5359,11.517,11.498,11.4789,11.451,11.3423,11.2336,11.1248,11.0159,10.907,10.7981,10.6891,10.5801,10.471,10.3567,10.2353,10.1139,9.9926,9.8713,9.75,9.6287,9.5075,9.3863,9.2651,9.1162,8.9579,8.7995,8.641,8.4824,8.3238,8.1651,8.0063,7.8475,7.6952,7.6356,7.5759,7.5162,7.4564,7.3966,7.3368,7.2768,7.2169,7.1569,7.0877,7.0043,6.921,6.8379,6.7548,6.672,6.5892,6.5066,6.4242,6.3419,6.2692,6.2008,6.1329,6.0655,5.9986,5.9322
12.2157,12.0677,11.9201,11.7729,11.626,11.4796,11.3334,11.1877,11.0246,10.844,10.6635,10.483,10.3026,10.1223,9.9421,9.7619,9.5818,9.4017,9.115,8.8053,8.4957,8.1862,7.8769,7.5677,7.2585,6.9495,6.6405,6.3512,6.175,5.9987,5.8224,5.6461,5.4698,5.2934,5.117,4.9405,4.764,4.5945,4.4328,4.271,4.1092,3.9473,3.7853,3.6233,3.4612,3.299,3.1368,2.9579,2.7749,2.5917,2.4085,2.2252,2.0419,1.8584,1.6749,1.4912,1.33,1.3249,1.3197,1.3145,1.3093,1.304,1.2987,1.2934,1.2882,1.2829,1.3445,1.487,1.6296,1.7722,1.9148,2.0574,2.2002,2.343,2.4859,2.6288,3.0431,3.5348,4.027,4.5196,5.0127,5.5063,6.0005,6.4952,6.9906,7.4689,7.7955,8.1225,8.4497,8.7773,9.1052,9.4335,9.7621,10.091,10.4203,10.6683,10.8078,10.9474,11.0871,11.227,11.367,11.5071,11.6474,11.7878,11.9283,11.9451,11.9212,11.8972,11.8731,11.8489,11.8246,11.8002,11.7757,11.7511,11.7197,11.6079,11.4961,11.3842,11.2723,11.1604,11.0484,10.9363,10.8242,10.712,10.5957,10.4732,10.3508,10.2283,10.1059,9.9836,9.8612,9.7388,9.6165,9.4942,9.3442,9.1832,9.0222,8.8611,8.6999,8.5387,8.3773,8.2159,8.0545,7.8967,7.8353,7.7739,7.7124,7.6509,7.5893,7.5277,7.4661,7.4044,7.3426,7.2735,7.1913,7.1091,7.0271,6.9453,6.8636,6.782,6.7006,6.6193,6.5382,6.4692,6.4064,6.3441,6.2823,6.221,6.1601
12.2133,12.0537,11.8944,11.7355,11.577,11.4189,11.2611,11.1037,10.9325,10.748,10.5635,10.3792,10.1949,10.0108,9.8266,9.6426,9.4586,9.2746,8.9792,8.6617,8.3444,8.0272,7.7101,7.3931,7.0762,6.7594,6.4427,6.1476,5.9688,5.7899,5.6111,5.4322,5.2532,5.0743,4.8953,4.7162,4.5371,4.3657,4.2027,4.0396,3.8764,3.7132,3.5499,3.3866,3.2232,3.0597,2.8961,2.7147,2.529,2.3431,2.1572,1.9712,1.7851,1.5989,1.4127,1.2263,1.0641,1.0713,1.0784,1.0855,1.0925,1.0995,1.1065,1.1135,1.1205,1.1276,1.1991,1.3499,1.5008,1.6517,1.8026,1.9536,2.1047,2.2558,2.407,2.5583,2.9936,3.5135,4.0339,4.5547,5.076,5.5978,6.1202,6.6431,7.1666,7.6731,8.0103,8.3477,8.6855,9.0236,9.362,9.7007,10.0398,10.3792,10.719,10.9762,11.1167,11.2573,11.3981,11.5391,11.6801,11.8213,11.9627,12.1041,12.2457,12.2615,12.2321,12.2026,12.173,12.1433,12.1135,12.0836,12.0536,12.0235,11.9884,11.8736,11.7587,11.6438,11.5288,11.4138,11.2987,11.1836,11.0684,10.9532,10.8348,10.7112,10.5877,10.4641,10.3406,10.2172,10.0937,9.9702,9.8468,9.7234,9.5722,9.4087,9.245,9.0813,8.9175,8.7537,8.5897,8.4257,8.2616,8.0983,8.0351,7.972,7.9087,7.8455,7.7822,7.7188,7.6554,7.592,7.5284,7.4592,7.3781,7.2972,7.2163,7.1357,7.0551,6.9748,6.8945,6.8144,6.7345,6.6687,6.6116,6.5548,6.4986,6.4429,6.3876
