14.2612,14.23,14.1987,14.1675,14.1363,14.1051,14.074,14.0429,14.0117,13.9811,13.9567,13.9323,13.9079,13.8835,13.8592,13.8348,13.8104,13.7861,13.7617,13.6904,13.5986,13.5068,13.415,13.3232,13.2314,13.1396,13.0478,12.956,12.9072,12.9497,12.9922,13.0348,13.0775,13.1203,13.163,13.2057,13.2484,13.2911,13.3199,13.3479,13.3759,13.4038,13.4318,13.4598,13.4878,13.5158,13.5437,13.5825,13.6294,13.6762,13.7231,13.77,13.8168,13.8637,13.9106,13.9574,13.9795,13.9016,13.8236,13.7457,13.6677,13.5897,13.5118,13.4338,13.3559,13.2779,13.162,13.0379,12.9138,12.7898,12.6657,12.5417,12.4176,12.2935,12.1695,12.1142,12.1429,12.1718,12.2008,12.2297,12.2588,12.2878,12.3169,12.346,12.3739,12.3867,12.3995,12.4123,12.4252,12.4382,12.4512,12.4642,12.4773,12.4905,12.5245,12.5674,12.6102,12.6529,12.6955,12.738,12.7804,12.8227,12.8649,12.8727,12.8093,12.7459,12.6825,12.6191,12.5557,12.4923,12.4289,12.3655,12.3021,12.2694,12.2383,12.2071,12.1758,12.1443,12.1128,12.0811,12.0493,12.0173,12.008,12.0159,12.0237,12.0317,12.0396,12.0477,12.0557,12.0638,12.072,12.0746,12.0534,12.0322,12.011,11.9897,11.9685,11.9473,11.9261,11.9048,11.8836,11.8539,11.8215,11.7885,11.7548,11.7203,11.6852,11.6493,11.6127,11.5753,11.5332,11.4854,11.4373,11.3887,11.3399,11.2907,11.2411,11.1912,11.1409,11.0904,11.0432,10.9959,10.9486,10.9013,10.8539,10.8064,10.7589,10.7113,10.6637
14.2856,14.2539,14.2223,14.1908,14.1592,14.1276,14.0961,14.0646,14.0331,14.0023,13.9779,13.9535,13.9291,13.9047,13.8803,13.8559,13.8316,13.8072,13.7829,13.7111,13.6198,13.5284,13.437,13.3456,13.2543,13.1629,13.0715,12.9802,12.9308,12.9671,13.0035,13.04,13.0765,13.1132,13.15,13.1868,13.2237,13.2607,13.2893,13.3174,13.3455,13.3737,13.4018,13.4299,13.458,13.4861,13.5142,13.552,13.597,13.642,13.6869,13.7319,13.7769,13.8219,13.8668,13.9117,13.9335,13.8612,13.789,13.7168,13.6446,13.5724,13.5002,13.428,13.3559,13.2839,13.1707,13.0485,12.9264,12.8043,12.6822,12.5601,12.4381,12.3161,12.1941,12.1395,12.1696,12.1997,12.2298,12.2599,12.2901,12.3203,12.3505,12.3808,12.4101,12.4242,12.4384,12.4526,12.4669,12.4812,12.4956,12.51,12.5244,12.539,12.5704,12.6094,12.6484,12.6873,12.726,12.7647,12.8032,12.8417,12.88,12.8869,12.8235,12.7601,12.6967,12.6333,12.5699,12.5065,12.4431,12.3797,12.3163,12.2805,12.2467,12.2127,12.1787,12.1446,12.1103,12.0759,12.0414,12.0068,11.9958,12.0047,12.0135,12.0225,12.0314,12.0404,12.0495,12.0586,12.0677,12.072,12.0507,12.0295,12.0083,11.9871,11.9658,11.9446,11.9234,11.9022,11.8809,11.8428,11.7992,11.755,11.71,11.6644,11.618,11.571,11.5231,11.4746,11.4242,11.3719,11.3192,11.2662,11.2128,11.1591,11.105,11.0506,10.9958,10.9407,10.8935,10.8462,10.7989,10.7516,10.7042,10.6567,10.6092,10.5617,10.514
14.3099,14.2779,14.2459,14.214,14.1821,14.1501,14.1182,14.0864,14.0545,14.0234,13.999,13.9746,13.9502,13.9259,13.9015,13.8771,13.8528,13.8284,13.8041,13.7318,13.6409,13.5499,13.459,13.3681,13.2771,13.1862,13.0953,13.0043,12.9543,12.9844,13.0147,13.045,13.0754,13.106,13.1366,13.1673,13.198,13.2288,13.2571,13.2853,13.3134,13.3416,13.3697,13.3978,13.4259,13.454,13.4821,13.5187,13.5616,13.6045,13.6474,13.6903,13.7332,13.776,13.8189,13.8617,13.8831,13.8172,13.7512,13.6853,13.6194,13.5535,13.4876,13.4217,13.3559,13.2902,13.1799,13.0597,12.9396,12.8194,12.6993,12.5792,12.4592,12.3391,12.2191,12.1651,12.1963,12.2275,12.2588,12.2901,12.3214,12.3528,12.3842,12.4156,12.4462,12.4617,12.4773,12.4929,12.5085,12.5242,12.5399,12.5557,12.5715,12.5874,12.6164,12.6516,12.6867,12.7217,12.7567,12.7915,12.8262,12.8608,12.8953,12.9011,12.8377,12.7743,12.7109,12.6475,12.5841,12.5207,12.4573,12.3939,12.3305,12.2916,12.2551,12.2185,12.1818,12.1449,12.108,12.0709,12.0337,11.9964,11.9836,11.9935,12.0033,12.0132,12.0232,12.0331,12.0432,12.0533,12.0634,12.0693,12.0481,12.0268,12.0056,11.9844,11.9632,11.9419,11.9207,11.8995,11.8782,11.8323,11.7776,11.7221,11.666,11.6092,11.5516,11.4933,11.4343,11.3746,11.3155,11.2587,11.2015,11.144,11.0861,11.0279,10.9693,10.9103,10.851,10.7913,10.7438,10.6965,10.6492,10.6019,10.5545,10.507,10.4595,10.412,10.3644
14.3342,14.3019,14.2695,14.2372,14.2049,14.1726,14.1404,14.1081,14.0759,14.0446,14.0202,13.9958,13.9714,13.947,13.9227,13.8983,13.8739,13.8496,13.8252,13.7525,13.662,13.5715,13.481,13.3905,13.3,13.2095,13.119,13.0285,12.9777,13.0017,13.0258,13.05,13.0743,13.0986,13.1231,13.1476,13.1722,13.1969,13.225,13.2531,13.2813,13.3094,13.3376,13.3657,13.3938,13.4219,13.45,13.4854,13.5262,13.567,13.6078,13.6486,13.6894,13.7302,13.7709,13.8117,13.8327,13.773,13.7134,13.6538,13.5941,13.5345,13.4749,13.4154,13.3559,13.2964,13.1892,13.0709,12.9527,12.8346,12.7164,12.5983,12.4802,12.3621,12.2441,12.1906,12.223,12.2554,12.2878,12.3203,12.3528,12.3853,12.4178,12.4504,12.4823,12.4992,12.5161,12.5331,12.5501,12.5671,12.5842,12.6014,12.6186,12.6358,12.6625,12.6938,12.7251,12.7563,12.7874,12.8184,12.8492,12.88,12.9106,12.9154,12.852,12.7885,12.7251,12.6617,12.5983,12.5349,12.4715,12.4081,12.3447,12.3029,12.2637,12.2243,12.1849,12.1454,12.1057,12.066,12.0261,11.9861,11.9714,11.9822,11.993,12.0039,12.0148,12.0258,12.0368,12.0479,12.059,12.0666,12.0454,12.0242,12.0029,11.9817,11.9605,11.9393,11.918,11.8968,11.8756,11.8225,11.7566,11.69,11.6227,11.5546,11.4859,11.4164,11.3462,11.2753,11.2071,11.1458,11.0841,11.022,10.9597,10.8969,10.8338,10.7704,10.7066,10.6424,10.594,10.5468,10.4995,10.4522,10.4048,10.3573,10.3098,10.2623,10.2147
14.3586,14.3258,14.2931,14.2604,14.2277,14.1951,14.1625,14.1298,14.0972,14.0657,14.0413,14.017,13.9926,13.9682,13.9438,13.9195,13.8951,13.8708,13.8464,13.7732,13.6831,13.5931,13.503,13.4129,13.3229,13.2328,13.1427,13.0527,13.001,13.0188,13.0368,13.0548,13.073,13.0912,13.1095,13.1279,13.1464,13.1649,13.1928,13.221,13.2492,13.2773,13.3055,13.3336,13.3617,13.3898,13.4179,13.4522,13.4909,13.5296,13.5683,13.607,13.6457,13.6843,13.723,13.7616,13.7823,13.7289,13.6756,13.6222,13.5689,13.5155,13.4623,13.409,13.3558,13.3026,13.1984,13.0821,12.9659,12.8497,12.7335,12.6173,12.5012,12.3851,12.269,12.2161,12.2496,12.2832,12.3168,12.3504,12.384,12.4177,12.4514,12.4852,12.5184,12.5367,12.5549,12.5733,12.5916,12.6101,12.6285,12.647,12.6656,12.6842,12.7087,12.7362,12.7637,12.791,12.8183,12.8454,12.8724,12.8994,12.9262,12.9296,12.8662,12.8028,12.7393,12.6759,12.6125,12.5491,12.4857,12.4223,12.3589,12.3142,12.2723,12.2303,12.1882,12.146,12.1036,12.0612,12.0186,11.9759,11.9591,11.9709,11.9827,11.9946,12.0065,12.0184,12.0304,12.0425,12.0546,12.0639,12.0427,12.0215,12.0003,11.979,11.9578,11.9366,11.9153,11.8941,11.8729,11.8134,11.7363,11.6585,11.58,11.5008,11.4209,11.3402,11.2588,11.1767,11.099,11.0331,10.9669,10.9004,10.8335,10.7663,10.6987,10.6308,10.5624,10.4938,10.4443,10.3971,10.3498,10.3025,10.2551,10.2077,10.1602,10.1126,10.065
14.3829,14.3498,14.3167,14.2836,14.2506,14.2175,14.1845,14.1516,14.1186,14.0869,14.0625,14.0381,14.0137,13.9894,13.965,13.9406,13.9163,13.8919,13.8676,13.7939,13.7043,13.6147,13.525,13.4354,13.3458,13.2561,13.1665,13.0768,13.0241,13.0358,13.0477,13.0596,13.0716,13.0837,13.0959,13.1082,13.1205,13.1329,13.1607,13.1889,13.217,13.2452,13.2733,13.3015,13.3296,13.3577,13.3858,13.4189,13.4555,13.4921,13.5287,13.5653,13.6019,13.6385,13.675,13.7116,13.7318,13.6848,13.6377,13.5906,13.5436,13.4965,13.4495,13.4026,13.3556,13.3087,13.2076,13.0933,12.979,12.8648,12.7506,12.6364,12.5222,12.4081,12.294,12.2416,12.2763,12.311,12.3457,12.3805,12.4153,12.4501,12.485,12.5199,12.5545,12.5741,12.5937,12.6134,12.6332,12.653,12.6728,12.6927,12.7126,12.7326,12.755,12.7787,12.8023,12.8258,12.8492,12.8725,12.8957,12.9188,12.9418,12.9439,12.8804,12.817,12.7536,12.6901,12.6267,12.5633,12.4999,12.4365,12.3731,12.3257,12.2811,12.2364,12.1916,12.1467,12.1016,12.0565,12.0112,11.9658,11.9467,11.9595,11.9723,11.9852,11.9981,12.011,12.024,12.037,12.0501,12.0612,12.04,12.0188,11.9976,11.9763,11.9551,11.9339,11.9127,11.8914,11.8702,11.805,11.7167,11.6277,11.538,11.4476,11.3566,11.2647,11.1722,11.0789,10.9912,10.9208,10.8501,10.7791,10.7077,10.636,10.5639,10.4914,10.4186,10.3454,10.2946,10.2474,10.2001,10.1528,10.1054,10.058,10.0105,9.9629,9.9153
14.4072,14.3737,14.3402,14.3068,14.2734,14.24,14.2066,14.1733,14.1399,14.1081,14.0837,14.0593,14.0349,14.0105,13.9862,13.9618,13.9374,13.9131,13.8888,13.8147,13.7255,13.6363,13.5471,13.4579,13.3686,13.2794,13.1902,13.101,13.0472,13.0528,13.0585,13.0643,13.0701,13.0761,13.0822,13.0883,13.0945,13.1008,13.1285,13.1567,13.1849,13.2131,13.2412,13.2694,13.2975,13.3256,13.3537,13.3856,13.4201,13.4546,13.4892,13.5237,13.5582,13.5926,13.6271,13.6616,13.6814,13.6406,13.5998,13.559,13.5183,13.4775,13.4368,13.3961,13.3554,13.3148,13.2168,13.1044,12.9921,12.8798,12.7676,12.6554,12.5432,12.431,12.3189,12.267,12.3029,12.3388,12.3747,12.4106,12.4466,12.4826,12.5186,12.5546,12.5905,12.6115,12.6325,12.6536,12.6747,12.6958,12.717,12.7382,12.7595,12.7809,12.8014,12.8213,12.841,12.8607,12.8803,12.8998,12.9192,12.9384,12.9576,12.9581,12.8947,12.8312,12.7678,12.7043,12.6409,12.5775,12.5141,12.4507,12.3872,12.3373,12.29,12.2426,12.1951,12.1475,12.0998,12.0519,12.004,11.9559,11.9344,11.9481,11.9619,11.9757,11.9896,12.0035,12.0175,12.0315,12.0456,12.0586,12.0373,12.0161,11.9949,11.9737,11.9524,11.9312,11.91,11.8888,11.8675,11.7972,11.6977,11.5976,11.4967,11.3952,11.2929,11.1899,11.0862,10.9818,10.8836,10.8088,10.7336,10.6581,10.5822,10.506,10.4294,10.3524,10.2751,10.1975,10.1449,10.0977,10.0504,10.0031,9.9557,9.9083,9.8608,9.8133,9.7657
14.4314,14.3976,14.3638,14.33,14.2962,14.2624,14.2287,14.195,14.1612,14.1292,14.1048,14.0804,14.0561,14.0317,14.0073,13.983,13.9586,13.9343,13.9099,13.8354,13.7466,13.6579,13.5691,13.4803,13.3915,13.3028,13.214,13.1252,13.0702,13.0696,13.0692,13.0688,13.0686,13.0684,13.0684,13.0684,13.0685,13.0686,13.0964,13.1246,13.1528,13.1809,13.2091,13.2373,13.2654,13.2935,13.3216,13.3523,13.3847,13.4172,13.4496,13.482,13.5144,13.5468,13.5792,13.6115,13.631,13.5964,13.5619,13.5274,13.4929,13.4584,13.424,13.3896,13.3552,13.3209,13.2259,13.1156,13.0052,12.8949,12.7846,12.6743,12.5641,12.4539,12.3437,12.2925,12.3295,12.3665,12.4036,12.4407,12.4778,12.5149,12.5521,12.5893,12.6265,12.6489,12.6712,12.6937,12.7161,12.7386,12.7612,12.7838,12.8065,12.8292,12.8479,12.8639,12.8799,12.8958,12.9115,12.9272,12.9427,12.9582,12.9735,12.9723,12.9089,12.8454,12.782,12.7186,12.6551,12.5917,12.5283,12.4649,12.4014,12.349,12.299,12.2489,12.1987,12.1484,12.098,12.0475,11.9968,11.9461,11.9219,11.9366,11.9514,11.9662,11.9811,11.996,12.011,12.026,12.041,12.0559,12.0347,12.0134,11.9922,11.971,11.9498,11.9285,11.9073,11.8861,11.8648,11.7901,11.6794,11.5681,11.4561,11.3434,11.23,11.1159,11.001,10.8854,10.7764,10.6971,10.6174,10.5373,10.457,10.3763,10.2952,10.2138,10.132,10.0498,9.9952,9.948,9.9007,9.8534,9.806,9.7586,9.7111,9.6636,9.616
14.4557,14.4215,14.3873,14.3531,14.319,14.2848,14.2507,14.2166,14.1826,14.1504,14.126,14.1016,14.0772,14.0529,14.0285,14.0041,13.9798,13.9555,13.9311,13.8561,13.7678,13.6795,13.5911,13.5028,13.4145,13.3261,13.2378,13.1494,13.093,13.0863,13.0798,13.0733,13.067,13.0607,13.0545,13.0484,13.0423,13.0363,13.0643,13.0925,13.1206,13.1488,13.177,13.2051,13.2333,13.2614,13.2896,13.319,13.3493,13.3797,13.41,13.4403,13.4706,13.5009,13.5312,13.5615,13.5805,13.5523,13.524,13.4958,13.4676,13.4394,13.4112,13.383,13.3549,13.3268,13.2351,13.1267,13.0183,12.9099,12.8016,12.6933,12.585,12.4768,12.3686,12.3179,12.3561,12.3943,12.4325,12.4707,12.509,12.5473,12.5856,12.624,12.6624,12.6862,12.71,12.7337,12.7576,12.7814,12.8054,12.8293,12.8533,12.8774,12.8945,12.9067,12.9189,12.9309,12.9428,12.9547,12.9664,12.978,12.9895,12.9866,12.9231,12.8597,12.7962,12.7328,12.6693,12.6059,12.5425,12.479,12.4156,12.3608,12.3081,12.2553,12.2025,12.1495,12.0964,12.0432,11.9898,11.9364,11.9094,11.9251,11.9409,11.9567,11.9725,11.9884,12.0044,12.0203,12.0364,12.0524,12.032,12.0108,11.9895,11.9683,11.9471,11.9259,11.9046,11.8834,11.8622,11.7836,11.6618,11.5394,11.4162,11.2924,11.1678,11.0425,10.9165,10.7897,10.6695,10.5856,10.5014,10.4169,10.3321,10.2469,10.1613,10.0754,9.9891,9.9024,9.8455,9.7983,9.751,9.7037,9.6563,9.6089,9.5614,9.5139,9.4663
14.4799,14.4454,14.4108,14.3763,14.3417,14.3072,14.2728,14.2383,14.2039,14.1715,14.1471,14.1228,14.0984,14.074,14.0497,14.0253,14.001,13.9766,13.9523,13.8769,13.789,13.7011,13.6132,13.5253,13.4374,13.3495,13.2616,13.1737,13.1158,13.103,13.0903,13.0777,13.0652,13.0528,13.0405,13.0283,13.0161,13.004,13.0321,13.0603,13.0885,13.1167,13.1449,13.173,13.2012,13.2293,13.2575,13.2857,13.3139,13.3422,13.3704,13.3987,13.4269,13.4551,13.4833,13.5115,13.53,13.5081,13.4861,13.4641,13.4422,13.4202,13.3983,13.3764,13.3546,13.3328,13.2442,13.1378,13.0313,12.9249,12.8186,12.7122,12.6059,12.4996,12.3934,12.3433,12.3826,12.422,12.4614,12.5008,12.5402,12.5796,12.6191,12.6587,12.6982,12.7235,12.7486,12.7738,12.799,12.8242,12.8495,12.8748,12.9002,12.9256,12.9412,12.9496,12.958,12.9662,12.9743,12.9823,12.9902,12.998,13.0056,13.0008,12.9374,12.8739,12.8104,12.747,12.6836,12.6201,12.5567,12.4932,12.4298,12.3727,12.3173,12.2619,12.2063,12.1507,12.0949,12.039,11.9829,11.9268,11.8969,11.9136,11.9303,11.9471,11.9639,11.9808,11.9977,12.0147,12.0317,12.0487,12.0293,12.0081,11.9869,11.9656,11.9444,11.9232,11.9019,11.8807,11.8595,11.7778,11.6449,11.5113,11.377,11.242,11.1063,10.9698,10.8327,10.6948,10.5628,10.4745,10.3858,10.2968,10.2075,10.1178,10.0277,9.9373,9.8466,9.7554,9.6958,9.6486,9.6013,9.554,9.5066,9.4592,9.4117,9.3642,9.3166
14.5042,14.4692,14.4343,14.3994,14.3645,14.3296,14.2948,14.26,14.2252,14.1927,14.1683,14.1439,14.1195,14.0952,14.0708,14.0465,14.0221,13.9978,13.9735,13.8977,13.8102,13.7227,13.6353,13.5478,13.4603,13.3728,13.2854,13.1979,13.1384,13.1195,13.1007,13.082,13.0634,13.0449,13.0265,13.0081,12.9898,12.9717,13,13.0282,13.0564,13.0846,13.1128,13.1409,13.1691,13.1972,13.2254,13.2523,13.2785,13.3047,13.3308,13.357,13.3831,13.4092,13.4354,13.4615,13.4796,13.4638,13.4481,13.4324,13.4167,13.4011,13.3854,13.3698,13.3542,13.3387,13.2533,13.1488,13.0444,12.9399,12.8355,12.7311,12.6268,12.5225,12.4182,12.3687,12.4092,12.4497,12.4902,12.5308,12.5714,12.612,12.6526,12.6933,12.734,12.7608,12.7873,12.8138,12.8403,12.8669,12.8936,12.9203,12.947,12.9738,12.9881,12.9927,12.9971,13.0015,13.0058,13.01,13.0141,13.0181,13.0219,13.0151,12.9516,12.8881,12.8247,12.7612,12.6978,12.6343,12.5709,12.5074,12.444,12.3847,12.3267,12.2685,12.2103,12.1519,12.0935,12.0349,11.9762,11.9173,11.8843,11.902,11.9197,11.9375,11.9553,11.9731,11.991,12.009,12.0269,12.045,12.0266,12.0054,11.9842,11.963,11.9417,11.9205,11.8993,11.878,11.8568,11.7727,11.6286,11.4839,11.3384,11.1923,11.0455,10.8979,10.7496,10.6006,10.4565,10.3636,10.2705,10.177,10.0832,9.989,9.8945,9.7996,9.7043,9.6087,9.5461,9.4989,9.4516,9.4043,9.3569,9.3095,9.262,9.2145,9.1669
14.5284,14.4931,14.4578,14.4225,14.3873,14.352,14.3168,14.2816,14.2464,14.2138,14.1895,14.1651,14.1407,14.1164,14.092,14.0677,14.0433,14.019,13.9947,13.9184,13.8314,13.7444,13.6573,13.5703,13.4832,13.3962,13.3092,13.2221,13.1609,13.1359,13.111,13.0862,13.0615,13.0369,13.0123,12.9879,12.9635,12.9396,12.9678,12.996,13.0243,13.0525,13.0806,13.1088,13.137,13.1652,13.1933,13.219,13.2431,13.2672,13.2912,13.3153,13.3394,13.3634,13.3874,13.4114,13.4291,13.4196,13.4102,13.4007,13.3913,13.3819,13.3725,13.3631,13.3538,13.3445,13.2624,13.1599,13.0574,12.9549,12.8524,12.75,12.6476,12.5453,12.4429,12.3941,12.4357,12.4774,12.5191,12.5608,12.6025,12.6443,12.6861,12.7279,12.7698,12.7981,12.8259,12.8538,12.8817,12.9096,12.9376,12.9657,12.9938,13.0219,13.035,13.0358,13.0364,13.037,13.0375,13.0379,13.0381,13.0383,13.0383,13.0293,12.9658,12.9024,12.8389,12.7754,12.712,12.6485,12.5851,12.5216,12.4582,12.3968,12.3361,12.2753,12.2144,12.1533,12.0922,12.0309,11.9695,11.908,11.8717,11.8904,11.9091,11.9278,11.9466,11.9654,11.9843,12.0032,12.0222,12.0412,12.024,12.0027,11.9815,11.9603,11.939,11.9178,11.8966,11.8754,11.8541,11.7682,11.613,11.4571,11.3006,11.1433,10.9853,10.8266,10.6672,10.5071,10.3504,10.2531,10.1555,10.0575,9.9592,9.8605,9.7615,9.6622,9.5624,9.4623,9.3963,9.3491,9.3019,9.2546,9.2072,9.1598,9.1123,9.0648,9.0173
14.5526,14.5169,14.4813,14.4456,14.41,14.3744,14.3388,14.3032,14.2677,14.235,14.2106,14.1862,14.1619,14.1375,14.1132,14.0888,14.0645,14.0402,14.0158,13.9392,13.8526,13.766,13.6794,13.5928,13.5062,13.4196,13.333,13.2463,13.1834,13.1522,13.1212,13.0903,13.0595,13.0288,12.9981,12.9676,12.9371,12.9074,12.9357,12.9639,12.9921,13.0203,13.0485,13.0767,13.1049,13.1331,13.1612,13.1857,13.2077,13.2297,13.2516,13.2736,13.2956,13.3175,13.3395,13.3614,13.3786,13.3754,13.3722,13.369,13.3658,13.3626,13.3595,13.3564,13.3533,13.3503,13.2715,13.1709,13.0704,12.9699,12.8694,12.7689,12.6684,12.568,12.4677,12.4195,12.4623,12.5051,12.5479,12.5907,12.6336,12.6765,12.7195,12.7625,12.8055,12.8353,12.8645,12.8937,12.923,12.9523,12.9816,13.011,13.0405,13.07,13.0821,13.079,13.0759,13.0726,13.0693,13.0658,13.0623,13.0586,13.0548,13.0436,12.9801,12.9166,12.8531,12.7896,12.7262,12.6627,12.5993,12.5358,12.4724,12.409,12.3456,12.2822,12.2186,12.1548,12.091,12.0271,11.963,11.8988,11.859,11.8787,11.8983,11.9181,11.9378,11.9576,11.9775,11.9974,12.0173,12.0373,12.0213,12,11.9788,11.9576,11.9364,11.9151,11.8939,11.8727,11.8514,11.7644,11.5981,11.4311,11.2634,11.095,10.9259,10.7561,10.5856,10.4143,10.2446,10.1428,10.0407,9.9383,9.8355,9.7324,9.6289,9.525,9.4208,9.3163,9.2466,9.1994,9.1519,9.1028,9.0535,9.004,8.9544,8.9045,8.8545
14.5768,14.5408,14.5047,14.4687,14.4327,14.3968,14.3608,14.3249,14.289,14.2562,14.2318,14.2074,14.183,14.1587,14.1343,14.11,14.0857,14.0613,14.037,13.96,13.8739,13.7877,13.7015,13.6153,13.5291,13.443,13.3568,13.2706,13.2057,13.1685,13.1313,13.0943,13.0574,13.0206,12.9838,12.9472,12.9106,12.8753,12.9035,12.9318,12.96,12.9882,13.0164,13.0446,13.0728,13.101,13.1291,13.1523,13.1722,13.1921,13.212,13.2319,13.2518,13.2717,13.2915,13.3114,13.3281,13.3311,13.3342,13.3372,13.3403,13.3434,13.3465,13.3497,13.3528,13.3561,13.2806,13.1819,13.0834,12.9848,12.8862,12.7877,12.6892,12.5908,12.4924,12.4448,12.4888,12.5327,12.5767,12.6207,12.6647,12.7088,12.7529,12.797,12.8412,12.8725,12.903,12.9336,12.9642,12.9949,13.0256,13.0564,13.0872,13.1181,13.1292,13.1223,13.1154,13.1083,13.1012,13.0939,13.0866,13.0791,13.0715,13.0578,12.9943,12.9308,12.8673,12.8039,12.7404,12.6769,12.6135,12.55,12.4866,12.4214,12.3553,12.2891,12.2229,12.1565,12.09,12.0234,11.9566,11.8897,11.8463,11.8669,11.8876,11.9083,11.929,11.9498,11.9706,11.9915,12.0121,12.0306,12.013,11.9885,11.9637,11.9384,11.9127,11.8866,11.8601,11.8331,11.8057,11.7136,11.5343,11.3547,11.175,10.995,10.8147,10.6343,10.4535,10.2725,10.0914,9.985,9.8785,9.7719,9.6652,9.5584,9.4516,9.3446,9.2375,9.1304,9.0559,9.0056,8.9551,8.9045,8.8536,8.8026,8.7514,8.7,8.6484
14.5877,14.5515,14.5153,14.4792,14.443,14.4069,14.3709,14.3348,14.2988,14.2656,14.2395,14.2136,14.1879,14.1623,14.1369,14.1117,14.0866,14.0617,14.037,13.9605,13.8758,13.791,13.7063,13.6215,13.5366,13.4518,13.3669,13.282,13.2162,13.1744,13.1325,13.0906,13.0488,13.0068,12.9649,12.9229,12.8809,12.8407,12.8693,12.8979,12.9264,12.9548,12.9833,13.0117,13.04,13.0683,13.0966,13.1186,13.1365,13.1544,13.1723,13.1901,13.2079,13.2258,13.2436,13.2614,13.2775,13.2867,13.2959,13.3051,13.3142,13.3234,13.3325,13.3416,13.3507,13.3597,13.2874,13.1907,13.094,12.9973,12.9007,12.8041,12.7077,12.6112,12.5149,12.468,12.5126,12.5572,12.6018,12.6463,12.6908,12.7353,12.7798,12.8242,12.8686,12.9006,12.9317,12.9628,12.9938,13.0249,13.056,13.0871,13.1181,13.1492,13.1578,13.1449,13.1317,13.1182,13.1045,13.0905,13.0763,13.0617,13.0469,13.0271,12.9611,12.895,12.8288,12.7625,12.6961,12.6296,12.563,12.4963,12.4295,12.3609,12.2915,12.222,12.1524,12.0829,12.0133,11.9436,11.8739,11.8042,11.7564,11.7759,11.7954,11.8149,11.8345,11.854,11.8736,11.8932,11.9129,11.9325,11.9107,11.8794,11.8478,11.8158,11.7833,11.7505,11.7172,11.6834,11.6492,11.5563,11.374,11.1915,11.0088,10.8259,10.6427,10.4592,10.2755,10.0916,9.9074,9.7981,9.6911,9.5841,9.477,9.3698,9.2624,9.155,9.0475,8.9399,8.8624,8.8105,8.7585,8.7063,8.6539,8.6013,8.5485,8.4956,8.4424
14.5853,14.5481,14.511,14.4739,14.4368,14.3998,14.3628,14.3258,14.2888,14.2531,14.2204,14.1878,14.1555,14.1233,14.0912,14.0594,14.0277,13.9961,13.9647,13.8868,13.8022,13.7177,13.633,13.5484,13.4637,13.379,13.2943,13.2096,13.1442,13.1022,13.0602,13.0182,12.9762,12.9342,12.8921,12.85,12.8079,12.768,12.799,12.83,12.861,12.8919,12.9228,12.9536,12.9844,13.0152,13.0459,13.0687,13.0865,13.1042,13.1219,13.1396,13.1572,13.1749,13.1925,13.2101,13.2261,13.2354,13.2445,13.2537,13.2629,13.272,13.2811,13.2902,13.2993,13.3084,13.2408,13.1498,13.0589,12.968,12.8771,12.7863,12.6955,12.6049,12.5142,12.4695,12.5125,12.5555,12.5985,12.6414,12.6843,12.7272,12.77,12.8128,12.8556,12.8876,12.9187,12.9498,12.9809,13.012,13.043,13.0741,13.1052,13.1362,13.1413,13.12,13.0984,13.0765,13.0544,13.0321,13.0094,12.9865,12.9633,12.9365,12.8688,12.8009,12.733,12.665,12.5969,12.5287,12.4604,12.392,12.3235,12.2544,12.1849,12.1154,12.0459,11.9763,11.9067,11.837,11.7673,11.6976,11.648,11.6686,11.6893,11.7099,11.7306,11.7513,11.772,11.7928,11.8136,11.8344,11.8087,11.7707,11.7323,11.6935,11.6543,11.6147,11.5746,11.5341,11.4932,11.3992,11.214,11.0285,10.8428,10.6569,10.4708,10.2843,10.0977,9.9108,9.7236,9.6112,9.5038,9.3963,9.2888,9.1811,9.0733,8.9655,8.8575,8.7495,8.669,8.6155,8.562,8.5082,8.4542,8.4001,8.3458,8.2913,8.2366
14.5828,14.5447,14.5066,14.4686,14.4306,14.3926,14.3546,14.3167,14.2788,14.2404,14.2011,14.1619,14.1229,14.084,14.0454,14.0069,13.9685,13.9303,13.8923,13.8131,13.7287,13.6443,13.5598,13.4753,13.3908,13.3063,13.2217,13.1371,13.0721,13.0301,12.9879,12.9458,12.9037,12.8615,12.8193,12.777,12.7348,12.6953,12.7288,12.7622,12.7956,12.829,12.8623,12.8956,12.9288,12.962,12.9952,13.0188,13.0364,13.0539,13.0715,13.089,13.1065,13.124,13.1414,13.1589,13.1748,13.184,13.1932,13.2023,13.2115,13.2206,13.2298,13.2389,13.248,13.257,13.1943,13.109,13.0238,12.9386,12.8534,12.7684,12.6833,12.5984,12.5135,12.4711,12.5125,12.5539,12.5952,12.6365,12.6778,12.7191,12.7603,12.8015,12.8426,12.8746,12.9057,12.9368,12.9679,12.999,13.0301,13.0611,13.0922,13.1233,13.125,13.0953,13.0653,13.0351,13.0046,12.9739,12.9428,12.9115,12.8799,12.8459,12.7765,12.7069,12.6373,12.5676,12.4978,12.4279,12.3579,12.2878,12.2176,12.1478,12.0784,12.0088,11.9393,11.8697,11.8001,11.7304,11.6607,11.591,11.5395,11.5613,11.5831,11.6049,11.6267,11.6486,11.6704,11.6923,11.7142,11.7361,11.7071,11.6623,11.6172,11.5716,11.5256,11.4793,11.4324,11.3852,11.3375,11.2423,11.0541,10.8657,10.677,10.4882,10.299,10.1097,9.9201,9.7302,9.5401,9.4243,9.3165,9.2086,9.1006,8.9925,8.8843,8.776,8.6676,8.5591,8.4756,8.4207,8.3655,8.3102,8.2547,8.199,8.1432,8.0871,8.0308
14.5802,14.5412,14.5022,14.4632,14.4243,14.3854,14.3465,14.3076,14.2688,14.2276,14.1815,14.1357,14.0901,14.0446,13.9993,13.9542,13.9092,13.8644,13.8197,13.7395,13.6552,13.5709,13.4866,13.4023,13.3179,13.2336,13.1491,13.0647,13.0001,12.9579,12.9156,12.8734,12.8311,12.7888,12.7465,12.7041,12.6617,12.6226,12.6585,12.6944,12.7303,12.7661,12.8018,12.8376,12.8733,12.9089,12.9445,12.969,12.9864,13.0037,13.0211,13.0384,13.0558,13.0731,13.0904,13.1076,13.1234,13.1326,13.1418,13.151,13.1601,13.1693,13.1784,13.1875,13.1966,13.2057,13.1476,13.0681,12.9886,12.9091,12.8297,12.7504,12.6711,12.5918,12.5127,12.4727,12.5125,12.5522,12.592,12.6317,12.6713,12.711,12.7506,12.7902,12.8297,12.8616,12.8927,12.9238,12.9549,12.986,13.0171,13.0482,13.0793,13.1103,13.1089,13.0708,13.0325,12.9939,12.955,12.9159,12.8765,12.8369,12.7969,12.7554,12.6842,12.613,12.5417,12.4702,12.3987,12.3271,12.2554,12.1836,12.1117,12.0413,11.9718,11.9023,11.8327,11.7631,11.6935,11.6239,11.5542,11.4844,11.431,11.4539,11.4769,11.4998,11.5227,11.5457,11.5687,11.5918,11.6148,11.6379,11.6058,11.5543,11.5024,11.4501,11.3974,11.3442,11.2907,11.2367,11.1822,11.0855,10.8944,10.703,10.5114,10.3196,10.1275,9.9352,9.7426,9.5498,9.3567,9.2375,9.1292,9.0209,8.9124,8.8039,8.6952,8.5865,8.4777,8.3687,8.2824,8.2259,8.1692,8.1124,8.0553,7.9981,7.9406,7.883,7.8252
14.5777,14.5377,14.4977,14.4578,14.4179,14.3781,14.3383,14.2985,14.2587,14.2145,14.1618,14.1094,14.0571,14.005,13.9531,13.9013,13.8497,13.7983,13.7469,13.6658,13.5817,13.4976,13.4134,13.3292,13.245,13.1608,13.0766,12.9923,12.9281,12.8857,12.8434,12.801,12.7585,12.7161,12.6736,12.6312,12.5886,12.5499,12.5883,12.6267,12.665,12.7032,12.7414,12.7796,12.8177,12.8558,12.8939,12.9191,12.9363,12.9535,12.9707,12.9879,13.005,13.0222,13.0393,13.0564,13.072,13.0812,13.0904,13.0996,13.1088,13.1179,13.1271,13.1362,13.1453,13.1543,13.1009,13.0271,12.9533,12.8796,12.8059,12.7323,12.6587,12.5852,12.5118,12.4743,12.5125,12.5506,12.5887,12.6268,12.6649,12.7029,12.7409,12.7789,12.8168,12.8487,12.8798,12.9109,12.942,12.973,13.0041,13.0352,13.0663,13.0974,13.0931,13.0466,12.9999,12.9529,12.9057,12.8582,12.8105,12.7624,12.7141,12.6649,12.592,12.5191,12.4461,12.373,12.2997,12.2264,12.153,12.0795,12.0059,11.9347,11.8652,11.7957,11.7262,11.6566,11.5869,11.5173,11.4476,11.3778,11.3225,11.3465,11.3706,11.3946,11.4187,11.4428,11.467,11.4911,11.5153,11.5395,11.5049,11.4466,11.388,11.3289,11.2695,11.2096,11.1493,11.0885,11.0273,10.9289,10.7349,10.5405,10.346,10.1512,9.9562,9.7609,9.5653,9.3696,9.1735,9.0507,8.942,8.8332,8.7243,8.6153,8.5062,8.3971,8.2878,8.1784,8.0893,8.0313,7.973,7.9146,7.856,7.7972,7.7383,7.6791,7.6198
14.5751,14.5341,14.4933,14.4524,14.4116,14.3708,14.33,14.2893,14.2486,14.2012,14.1419,14.0829,14.024,13.9652,13.9067,13.8483,13.7901,13.732,13.674,13.5921,13.5082,13.4242,13.3402,13.2562,13.1722,13.0881,13.004,12.9199,12.856,12.8136,12.7711,12.7285,12.686,12.6434,12.6008,12.5582,12.5156,12.4773,12.5181,12.5589,12.5997,12.6403,12.681,12.7216,12.7622,12.8027,12.8432,12.8692,12.8862,12.9033,12.9203,12.9373,12.9543,12.9713,12.9882,13.0052,13.0207,13.0299,13.0391,13.0483,13.0574,13.0666,13.0757,13.0848,13.0939,13.103,13.0542,12.9861,12.9181,12.85,12.7821,12.7142,12.6463,12.5785,12.5108,12.476,12.5125,12.5491,12.5856,12.622,12.6585,12.6949,12.7313,12.7676,12.8039,12.8357,12.8668,12.8979,12.929,12.9601,12.9912,13.0223,13.0533,13.0844,13.0775,13.0226,12.9676,12.9122,12.8567,12.8008,12.7447,12.6883,12.6316,12.5745,12.4999,12.4253,12.3505,12.2757,12.2008,12.1258,12.0507,11.9755,11.9002,11.8282,11.7587,11.6891,11.6196,11.55,11.4804,11.4107,11.341,11.2712,11.2139,11.239,11.2642,11.2894,11.3147,11.3399,11.3652,11.3905,11.4158,11.4411,11.4043,11.3394,11.274,11.2082,11.1419,11.0753,11.0083,10.9408,10.8728,10.7725,10.5755,10.3782,10.1807,9.983,9.785,9.5868,9.3883,9.1895,8.9906,8.8639,8.7548,8.6455,8.5362,8.4268,8.3173,8.2076,8.0979,7.9881,7.8963,7.8367,7.7769,7.717,7.6568,7.5965,7.536,7.4753,7.4144
14.5724,14.5306,14.4888,14.447,14.4052,14.3635,14.3218,14.2801,14.2385,14.1877,14.1218,14.0561,13.9906,13.9253,13.8601,13.7951,13.7302,13.6655,13.601,13.5185,13.4347,13.3509,13.267,13.1832,13.0993,13.0154,12.9314,12.8474,12.784,12.7414,12.6988,12.6561,12.6134,12.5707,12.528,12.4852,12.4425,12.4047,12.448,12.4912,12.5344,12.5775,12.6206,12.6636,12.7066,12.7496,12.7925,12.8193,12.8362,12.8531,12.8699,12.8867,12.9036,12.9204,12.9371,12.9539,12.9693,12.9785,12.9877,12.9969,13.0061,13.0152,13.0243,13.0335,13.0426,13.0516,13.0074,12.9451,12.8827,12.8204,12.7582,12.696,12.6338,12.5718,12.5098,12.4776,12.5126,12.5475,12.5824,12.6173,12.6521,12.6869,12.7217,12.7564,12.7911,12.8227,12.8538,12.8849,12.916,12.9471,12.9782,13.0093,13.0404,13.0715,13.0621,12.9989,12.9355,12.8718,12.8078,12.7436,12.6792,12.6144,12.5493,12.484,12.4078,12.3315,12.2551,12.1786,12.1019,12.0252,11.9484,11.8715,11.7945,11.7216,11.6521,11.5826,11.513,11.4434,11.3738,11.3041,11.2344,11.1646,11.1052,11.1315,11.1578,11.1842,11.2105,11.2369,11.2633,11.2897,11.3162,11.3427,11.3042,11.2324,11.1603,11.0877,11.0148,10.9414,10.8676,10.7934,10.7187,10.6163,10.4163,10.2161,10.0156,9.8149,9.614,9.4128,9.2114,9.0097,8.8078,8.6772,8.5676,8.4579,8.3481,8.2383,8.1283,8.0183,7.9081,7.7978,7.7035,7.6423,7.581,7.5195,7.4578,7.3959,7.3338,7.2716,7.2091
14.5697,14.527,14.4842,14.4415,14.3988,14.3561,14.3135,14.2709,14.2283,14.174,14.1015,14.0292,13.9571,13.8851,13.8133,13.7417,13.6702,13.5989,13.5277,13.4448,13.3612,13.2775,13.1938,13.1101,13.0264,12.9426,12.8588,12.775,12.712,12.6692,12.6264,12.5837,12.5409,12.498,12.4552,12.4123,12.3694,12.3322,12.3779,12.4235,12.4691,12.5147,12.5602,12.6057,12.6511,12.6965,12.7419,12.7694,12.7861,12.8028,12.8195,12.8362,12.8528,12.8695,12.8861,12.9027,12.9179,12.9271,12.9363,12.9455,12.9547,12.9639,12.973,12.9821,12.9912,13.0003,12.9606,12.9039,12.8473,12.7907,12.7342,12.6777,12.6213,12.5649,12.5087,12.4793,12.5127,12.546,12.5793,12.6125,12.6457,12.6789,12.7121,12.7452,12.7783,12.8097,12.8408,12.8719,12.903,12.9341,12.9652,12.9963,13.0274,13.0585,13.0469,12.9754,12.9036,12.8316,12.7593,12.6867,12.6139,12.5408,12.4674,12.3937,12.3158,12.2378,12.1597,12.0815,12.0031,11.9247,11.8462,11.7676,11.6889,11.615,11.5455,11.476,11.4064,11.3368,11.2672,11.1975,11.1278,11.058,10.9965,11.0239,11.0514,11.0788,11.1063,11.1339,11.1614,11.189,11.2165,11.2442,11.2043,11.1259,11.047,10.9677,10.888,10.8079,10.7274,10.6464,10.565,10.4603,10.2573,10.0541,9.8507,9.6471,9.4432,9.2391,9.0347,8.8301,8.6252,8.4905,8.3804,8.2703,8.1601,8.0498,7.9394,7.8289,7.7183,7.6076,7.5107,7.448,7.3851,7.3221,7.2588,7.1954,7.1318,7.068,7.004
14.567,14.5233,14.4796,14.436,14.3924,14.3488,14.3052,14.2616,14.2181,14.1602,14.081,14.0021,13.9234,13.8448,13.7664,13.6882,13.6101,13.5322,13.4544,13.3711,13.2877,13.2042,13.1206,13.0371,12.9535,12.8699,12.7863,12.7026,12.6399,12.597,12.5541,12.5112,12.4683,12.4253,12.3823,12.3393,12.2963,12.2596,12.3078,12.3558,12.4039,12.4519,12.4998,12.5478,12.5956,12.6435,12.6913,12.7195,12.7361,12.7526,12.7691,12.7856,12.8021,12.8186,12.835,12.8514,12.8665,12.8758,12.885,12.8942,12.9033,12.9125,12.9216,12.9307,12.9399,12.9489,12.9137,12.8628,12.8118,12.761,12.7101,12.6594,12.6087,12.558,12.5074,12.481,12.5128,12.5445,12.5761,12.6078,12.6394,12.671,12.7026,12.7341,12.7656,12.7967,12.8278,12.859,12.8901,12.9212,12.9523,12.9834,13.0145,13.0455,13.032,12.9521,12.872,12.7916,12.711,12.6301,12.5489,12.4674,12.3857,12.3036,12.2239,12.1442,12.0643,11.9844,11.9044,11.8243,11.7441,11.6638,11.5834,11.5085,11.439,11.3694,11.2999,11.2303,11.1606,11.0909,11.0212,10.9514,10.8877,10.9163,10.9448,10.9735,11.0021,11.0307,11.0594,11.0881,11.1168,11.1456,11.1048,11.0196,10.934,10.848,10.7616,10.6748,10.5875,10.4998,10.4117,10.3044,10.0985,9.8924,9.686,9.4794,9.2726,9.0655,8.8582,8.6506,8.4428,8.3038,8.1933,8.0828,7.9721,7.8614,7.7505,7.6396,7.5285,7.4174,7.318,7.2538,7.1894,7.1248,7.06,6.995,6.9299,6.8645,6.799
14.5643,14.5197,14.475,14.4304,14.3859,14.3413,14.2968,14.2524,14.2079,14.1461,14.0604,13.9748,13.8895,13.8043,13.7193,13.6345,13.5498,13.4652,13.3808,13.2975,13.2142,13.1308,13.0475,12.9641,12.8806,12.7972,12.7137,12.6302,12.5679,12.5249,12.4818,12.4388,12.3957,12.3526,12.3095,12.2664,12.2232,12.1871,12.2377,12.2882,12.3387,12.3891,12.4395,12.4898,12.5402,12.5904,12.6407,12.6697,12.686,12.7024,12.7187,12.7351,12.7514,12.7677,12.7839,12.8002,12.8152,12.8244,12.8336,12.8428,12.852,12.8611,12.8703,12.8794,12.8885,12.8976,12.8668,12.8215,12.7763,12.7312,12.686,12.641,12.596,12.551,12.5062,12.4828,12.5129,12.543,12.5731,12.6031,12.6331,12.6631,12.693,12.723,12.7528,12.7837,12.8149,12.846,12.8771,12.9082,12.9393,12.9704,13.0015,13.0326,13.0173,12.929,12.8406,12.7519,12.6629,12.5737,12.4842,12.3944,12.3043,12.2139,12.132,12.0506,11.969,11.8874,11.8057,11.7239,11.642,11.56,11.4779,11.4019,11.3324,11.2629,11.1933,11.1237,11.054,10.9843,10.9146,10.8448,10.7788,10.8086,10.8383,10.868,10.8978,10.9276,10.9574,10.9872,11.0171,11.0469,11.0057,10.9138,10.8215,10.7287,10.6356,10.542,10.448,10.3536,10.2588,10.1487,9.9398,9.7308,9.5215,9.3119,9.1022,8.8921,8.6819,8.4713,8.2606,8.1171,8.0062,7.8952,7.7841,7.6729,7.5616,7.4503,7.3388,7.2272,7.1255,7.0597,6.9937,6.9276,6.8613,6.7947,6.7281,6.6612,6.5941
14.5615,14.5159,14.4704,14.4249,14.3794,14.3339,14.2885,14.2431,14.1977,14.1318,14.0395,13.9474,13.8554,13.7636,13.672,13.5806,13.4893,13.3981,13.3071,13.2238,13.1407,13.0575,12.9743,12.891,12.8078,12.7245,12.6411,12.5578,12.4958,12.4527,12.4095,12.3663,12.3231,12.2799,12.2367,12.1934,12.1501,12.1146,12.1676,12.2206,12.2735,12.3263,12.3792,12.4319,12.4847,12.5374,12.5901,12.6198,12.636,12.6522,12.6683,12.6845,12.7006,12.7168,12.7329,12.749,12.7638,12.773,12.7822,12.7914,12.8006,12.8098,12.8189,12.828,12.8371,12.8462,12.8198,12.7803,12.7408,12.7013,12.6619,12.6225,12.5832,12.544,12.5048,12.4845,12.5131,12.5415,12.57,12.5984,12.6268,12.6552,12.6836,12.7119,12.7401,12.7708,12.8019,12.833,12.8641,12.8952,12.9263,12.9574,12.9885,13.0196,13.0028,12.9062,12.8094,12.7124,12.6151,12.5175,12.4197,12.3216,12.2231,12.1244,12.0402,11.957,11.8738,11.7905,11.7071,11.6236,11.54,11.4563,11.3725,11.2954,11.2259,11.1563,11.0867,11.0171,10.9474,10.8777,10.808,10.7382,10.67,10.7008,10.7317,10.7625,10.7934,10.8244,10.8553,10.8863,10.9172,10.9482,10.907,10.8083,10.7093,10.6098,10.5099,10.4097,10.309,10.2078,10.1062,9.9932,9.7814,9.5694,9.3571,9.1446,8.9319,8.7189,8.5057,8.2923,8.0785,7.9305,7.8192,7.7077,7.5962,7.4845,7.3728,7.261,7.1491,7.0371,6.9331,6.8657,6.7982,6.7305,6.6627,6.5946,6.5264,6.4579,6.3893
14.5587,14.5122,14.4657,14.4193,14.3728,14.3264,14.2801,14.2337,14.1874,14.1173,14.0184,13.9197,13.8211,13.7228,13.6245,13.5265,13.4286,13.3309,13.2332,13.1502,13.0672,12.9842,12.9011,12.818,12.7349,12.6517,12.5686,12.4854,12.4237,12.3805,12.3372,12.2939,12.2506,12.2072,12.1639,12.1205,12.077,12.0422,12.0976,12.153,12.2083,12.2636,12.3189,12.3741,12.4292,12.4844,12.5395,12.5699,12.5859,12.6019,12.6179,12.6339,12.6499,12.6659,12.6818,12.6977,12.7124,12.7217,12.7309,12.7401,12.7492,12.7584,12.7676,12.7767,12.7858,12.7949,12.7728,12.7389,12.7051,12.6714,12.6376,12.604,12.5704,12.5368,12.5033,12.4863,12.5132,12.5401,12.567,12.5938,12.6206,12.6474,12.6741,12.7008,12.7275,12.7578,12.7889,12.82,12.8511,12.8823,12.9134,12.9445,12.9756,13.0067,12.9885,12.8836,12.7785,12.6732,12.5675,12.4616,12.3555,12.249,12.1423,12.0352,11.9484,11.8636,11.7786,11.6936,11.6085,11.5233,11.438,11.3526,11.2671,11.1888,11.1193,11.0497,10.9801,10.9105,10.8409,10.7712,10.7014,10.6316,10.5618,10.593,10.625,10.657,10.689,10.7211,10.7531,10.7852,10.8174,10.8495,10.8086,10.7032,10.5974,10.4912,10.3847,10.2777,10.1702,10.0624,9.9541,9.8378,9.6231,9.4081,9.1929,8.9775,8.7618,8.5459,8.3298,8.1134,7.8967,7.7439,7.6321,7.5202,7.4083,7.2962,7.184,7.0718,6.9594,6.847,6.7407,6.6719,6.6028,6.5336,6.4642,6.3946,6.3248,6.2548,6.1847
14.5559,14.5084,14.461,14.4136,14.3663,14.3189,14.2716,14.2243,14.1771,14.1027,13.9971,13.8918,13.7867,13.6817,13.5769,13.4723,13.3678,13.2634,13.1594,13.0766,12.9937,12.9108,12.8279,12.745,12.662,12.579,12.496,12.413,12.3517,12.3083,12.2649,12.2215,12.178,12.1345,12.091,12.0475,12.0039,11.9697,12.0276,12.0854,12.1432,12.2009,12.2586,12.3162,12.3738,12.4314,12.4889,12.52,12.5359,12.5517,12.5675,12.5834,12.5992,12.615,12.6307,12.6465,12.661,12.6703,12.6795,12.6887,12.6979,12.707,12.7162,12.7253,12.7344,12.7435,12.7257,12.6976,12.6694,12.6414,12.6133,12.5854,12.5574,12.5296,12.5018,12.4881,12.5134,12.5387,12.564,12.5892,12.6144,12.6396,12.6647,12.6898,12.7148,12.7448,12.7759,12.8071,12.8382,12.8693,12.9004,12.9315,12.9626,12.9937,12.9745,12.8613,12.7479,12.6342,12.5202,12.406,12.2915,12.1767,12.0617,11.9463,11.8567,11.7701,11.6835,11.5968,11.51,11.4231,11.3362,11.2491,11.1619,11.0822,11.0127,10.9432,10.8736,10.8039,10.7343,10.6646,10.5948,10.525,10.4552,10.4851,10.5183,10.5514,10.5846,10.6177,10.6509,10.6842,10.7174,10.7507,10.7105,10.5984,10.4859,10.3731,10.2598,10.1461,10.0319,9.9174,9.8024,9.6826,9.4649,9.247,9.0289,8.8106,8.592,8.3731,8.154,7.9347,7.7151,7.5573,7.4451,7.3328,7.2204,7.1079,6.9953,6.8826,6.7698,6.6569,6.5501,6.482,6.4139,6.3457,6.2775,6.2092,6.1409,6.0726,6.0042
14.553,14.5046,14.4563,14.408,14.3597,14.3114,14.2632,14.2149,14.1668,14.0878,13.9757,13.8638,13.752,13.6405,13.5291,13.4179,13.3068,13.1958,13.0856,13.0029,12.9202,12.8375,12.7547,12.672,12.5891,12.5063,12.4234,12.3405,12.2796,12.2361,12.1926,12.149,12.1054,12.0618,12.0182,11.9745,11.9308,11.8973,11.9576,12.0178,12.078,12.1382,12.1983,12.2584,12.3184,12.3784,12.4384,12.4701,12.4858,12.5015,12.5171,12.5328,12.5484,12.564,12.5796,12.5952,12.6097,12.6189,12.6281,12.6373,12.6465,12.6557,12.6648,12.674,12.6831,12.6922,12.6786,12.6561,12.6337,12.6113,12.589,12.5667,12.5445,12.5223,12.5002,12.49,12.5137,12.5373,12.561,12.5846,12.6082,12.6318,12.6553,12.6788,12.7022,12.7318,12.7629,12.7941,12.8252,12.8563,12.8874,12.9185,12.9496,12.9808,12.9607,12.8392,12.7174,12.5954,12.4731,12.3506,12.2278,12.1047,11.9813,11.8576,11.765,11.6768,11.5885,11.5001,11.4116,11.323,11.2343,11.1455,11.0567,10.9757,10.9062,10.8366,10.767,10.6974,10.6277,10.558,10.4882,10.4185,10.3486,10.3772,10.4115,10.4457,10.48,10.5121,10.5442,10.5761,10.608,10.6398,10.5987,10.4786,10.3585,10.2383,10.1181,9.9978,9.8774,9.757,9.6365,9.5147,9.2952,9.0759,8.8565,8.6373,8.418,8.1989,7.9798,7.7607,7.5418,7.3828,7.2745,7.1664,7.0585,6.9509,6.8435,6.7365,6.6296,6.5231,6.4196,6.3515,6.2834,6.2153,6.1471,6.0788,6.0106,5.9422,5.8739
14.5097,14.4592,14.4088,14.3586,14.3085,14.2586,14.2087,14.1591,14.1095,14.0279,13.9135,13.7991,13.6847,13.5702,13.4557,13.3411,13.2265,13.1119,12.9983,12.918,12.8375,12.7568,12.676,12.5951,12.514,12.4327,12.3514,12.2699,12.2106,12.1682,12.1257,12.0831,12.0404,11.9976,11.9547,11.9117,11.8686,11.8364,11.8986,11.9609,12.0231,12.0853,12.1475,12.2097,12.2719,12.334,12.3962,12.4286,12.4442,12.4598,12.4754,12.4911,12.5067,12.5223,12.538,12.5536,12.568,12.576,12.5841,12.5921,12.6001,12.608,12.6159,12.6237,12.6314,12.639,12.6284,12.6105,12.5925,12.5744,12.5564,12.5383,12.5201,12.5019,12.4836,12.4752,12.4961,12.5169,12.5376,12.5582,12.5788,12.5992,12.6195,12.6396,12.6597,12.6855,12.7126,12.7395,12.7662,12.7926,12.8187,12.8445,12.87,12.8952,12.87,12.739,12.6077,12.4763,12.3446,12.2127,12.0806,11.9483,11.8158,11.683,11.5857,11.4944,11.403,11.3115,11.2199,11.1283,11.0367,10.945,10.8532,10.7708,10.7032,10.6357,10.5685,10.5014,10.4346,10.368,10.3015,10.2353,10.1693,10.1938,10.2256,10.2574,10.2891,10.3207,10.3523,10.3837,10.415,10.4463,10.4089,10.2888,10.1687,10.0485,9.9283,9.808,9.6876,9.5672,9.4467,9.3261,9.1102,8.8928,8.6754,8.458,8.2407,8.0235,7.8063,7.5892,7.3721,7.2129,7.1091,7.0055,6.9022,6.7991,6.6963,6.5938,6.4915,6.3896,6.2891,6.221,6.153,6.0848,6.0167,5.9485,5.8802,5.8119,5.7436
14.4393,14.3836,14.3281,14.2728,14.2176,14.1626,14.1077,14.0529,13.9983,13.9131,13.7987,13.6842,13.5697,13.4551,13.3406,13.2259,13.1113,12.9966,12.8836,12.8088,12.7338,12.6587,12.5834,12.508,12.4324,12.3567,12.2809,12.2049,12.152,12.1159,12.0798,12.0435,12.0071,11.9706,11.934,11.8973,11.8605,11.8347,11.8989,11.9632,12.0274,12.0916,12.1557,12.2199,12.2841,12.3482,12.4124,12.4464,12.4638,12.4812,12.4985,12.5159,12.5332,12.5506,12.568,12.5854,12.5993,12.5967,12.5942,12.5916,12.5889,12.5862,12.5835,12.5807,12.5778,12.5748,12.56,12.5404,12.5207,12.501,12.4813,12.4615,12.4417,12.4219,12.4019,12.3909,12.4075,12.4241,12.4405,12.4569,12.4731,12.4893,12.5053,12.5212,12.5369,12.5545,12.5725,12.5902,12.6076,12.6248,12.6417,12.6583,12.6746,12.6906,12.6597,12.5241,12.3883,12.2522,12.116,11.9795,11.8428,11.7059,11.5688,11.4314,11.3333,11.2426,11.1518,11.061,10.9701,10.8791,10.7881,10.6971,10.6059,10.5258,10.4646,10.4036,10.3428,10.2822,10.2218,10.1615,10.1015,10.0418,9.9822,10.0045,10.0359,10.0671,10.0983,10.1294,10.1604,10.1913,10.2221,10.2528,10.2191,10.099,9.9789,9.8587,9.7385,9.6182,9.4978,9.3774,9.2569,9.1363,8.9251,8.7096,8.4941,8.2787,8.0633,7.8479,7.6327,7.4175,7.2023,7.0426,6.9433,6.8443,6.7456,6.6471,6.5488,6.4508,6.3531,6.2557,6.1585,6.0905,6.0225,5.9544,5.8863,5.8181,5.7499,5.6816,5.6133
14.3686,14.3079,14.2473,14.1869,14.1266,14.0665,14.0065,13.9466,13.8869,13.7983,13.6838,13.5693,13.4547,13.3401,13.2255,13.1108,12.996,12.8813,12.769,12.6997,12.6303,12.5607,12.491,12.4211,12.351,12.2808,12.2105,12.1401,12.0935,12.0637,12.0339,12.0039,11.9738,11.9436,11.9133,11.8829,11.8524,11.833,11.8992,11.9654,12.0316,12.0978,12.164,12.2301,12.2963,12.3624,12.4285,12.4643,12.4834,12.5025,12.5216,12.5407,12.5598,12.5789,12.598,12.6172,12.6306,12.6175,12.6043,12.591,12.5778,12.5645,12.5511,12.5377,12.5242,12.5105,12.4915,12.4703,12.449,12.4276,12.4063,12.3848,12.3634,12.3419,12.3203,12.3067,12.3191,12.3314,12.3435,12.3556,12.3676,12.3794,12.3912,12.4028,12.4143,12.4238,12.4325,12.441,12.4493,12.4572,12.4649,12.4723,12.4795,12.4863,12.4496,12.3094,12.1689,12.0283,11.8875,11.7464,11.6052,11.4637,11.3219,11.18,11.0808,10.9907,10.9006,10.8104,10.7202,10.6299,10.5395,10.4491,10.3586,10.2806,10.2258,10.1712,10.1168,10.0626,10.0086,9.9549,9.9013,9.8479,9.7948,9.8153,9.8461,9.8769,9.9075,9.9381,9.9685,9.9989,10.0292,10.0594,10.0293,9.9092,9.7891,9.6689,9.5487,9.4284,9.308,9.1876,9.0671,8.9465,8.7399,8.5263,8.3127,8.0992,7.8857,7.6723,7.459,7.2457,7.0325,6.872,6.7773,6.6828,6.5886,6.4947,6.401,6.3075,6.2144,6.1215,6.0289,5.96,5.892,5.8239,5.7558,5.6877,5.6195,5.5513,5.483
14.2977,14.2319,14.1663,14.1008,14.0354,13.9702,13.9051,13.8401,13.7753,13.6836,13.569,13.4544,13.3397,13.2251,13.1103,12.9956,12.8808,12.766,12.6545,12.5908,12.5269,12.4628,12.3986,12.3342,12.2697,12.2051,12.1403,12.0754,12.0351,12.0116,11.9881,11.9644,11.9406,11.9167,11.8927,11.8686,11.8445,11.8313,11.8995,11.9677,12.0359,12.1041,12.1722,12.2404,12.3085,12.3766,12.4447,12.4822,12.503,12.5239,12.5447,12.5655,12.5864,12.6072,12.628,12.6489,12.662,12.6382,12.6144,12.5906,12.5667,12.5428,12.5188,12.4948,12.4706,12.4464,12.4231,12.4002,12.3773,12.3543,12.3312,12.3082,12.285,12.2619,12.2387,12.2226,12.2307,12.2387,12.2466,12.2544,12.2621,12.2697,12.2771,12.2845,12.2917,12.2933,12.2928,12.2921,12.2911,12.2899,12.2884,12.2866,12.2845,12.2822,12.2395,12.0947,11.9497,11.8045,11.6591,11.5135,11.3676,11.2216,11.0753,10.9287,10.8283,10.7389,10.6494,10.5599,10.4703,10.3806,10.2909,10.2011,10.1113,10.0351,9.9868,9.9386,9.8906,9.8428,9.7953,9.7479,9.7007,9.6538,9.607,9.6261,9.6564,9.6866,9.7168,9.7468,9.7767,9.8066,9.8363,9.866,9.8395,9.7194,9.5993,9.4791,9.3589,9.2386,9.1182,8.9978,8.8773,8.7567,8.5545,8.3428,8.1312,7.9196,7.708,7.4965,7.2851,7.0737,6.8624,6.7011,6.611,6.5211,6.4314,6.342,6.2528,6.1639,6.0753,5.987,5.8989,5.8295,5.7615,5.6935,5.6254,5.5573,5.4891,5.4209,5.3527
14.2267,14.1558,14.0851,14.0145,13.944,13.8737,13.8035,13.7335,13.6636,13.5688,13.4542,13.3395,13.2248,13.11,12.9952,12.8804,12.7656,12.6507,12.5402,12.482,12.4236,12.3651,12.3063,12.2475,12.1885,12.1294,12.0701,12.0107,11.9768,11.9596,11.9424,11.925,11.9075,11.8899,11.8722,11.8544,11.8365,11.8297,11.8999,11.9701,12.0402,12.1104,12.1805,12.2506,12.3207,12.3908,12.4609,12.5001,12.5227,12.5452,12.5678,12.5903,12.6129,12.6355,12.6581,12.6807,12.6934,12.659,12.6246,12.5901,12.5557,12.5212,12.4866,12.4519,12.4172,12.3824,12.3547,12.3301,12.3055,12.2809,12.2562,12.2315,12.2067,12.1819,12.1571,12.1385,12.1424,12.1461,12.1497,12.1533,12.1567,12.16,12.1632,12.1663,12.1692,12.1629,12.1533,12.1434,12.1332,12.1228,12.1121,12.1011,12.0899,12.0783,12.0296,11.8803,11.7307,11.5809,11.4309,11.2807,11.1303,10.9796,10.8287,10.6776,10.5758,10.487,10.3982,10.3093,10.2203,10.1313,10.0423,9.9531,9.8639,9.7894,9.7474,9.7057,9.6641,9.6228,9.5816,9.5406,9.4999,9.4593,9.419,9.437,9.4668,9.4964,9.526,9.5555,9.5849,9.6142,9.6435,9.6726,9.6497,9.5296,9.4095,9.2893,9.1691,9.0488,8.9284,8.808,8.6875,8.5669,8.3691,8.1593,7.9495,7.7398,7.5302,7.3206,7.1111,6.9017,6.6923,6.5299,6.4443,6.359,6.2738,6.189,6.1044,6.02,5.9359,5.8521,5.7686,5.699,5.6311,5.563,5.495,5.4269,5.3588,5.2906,5.2224
14.1555,14.0795,14.0037,13.928,13.8525,13.7771,13.7018,13.6267,13.5517,13.454,13.3393,13.2246,13.1098,12.995,12.8801,12.7652,12.6503,12.5353,12.426,12.3733,12.3204,12.2674,12.2142,12.1609,12.1074,12.0538,12,11.9462,11.9186,11.9078,11.8968,11.8857,11.8745,11.8632,11.8518,11.8403,11.8287,11.8281,11.9002,11.9724,12.0445,12.1167,12.1888,12.2609,12.333,12.405,12.4771,12.518,12.5423,12.5666,12.5909,12.6152,12.6395,12.6638,12.6881,12.7124,12.7247,12.6798,12.6348,12.5897,12.5447,12.4996,12.4544,12.4092,12.3638,12.3184,12.2863,12.2601,12.2339,12.2076,12.1812,12.1549,12.1284,12.102,12.0755,12.0545,12.0541,12.0535,12.0529,12.0522,12.0513,12.0504,12.0493,12.0481,12.0468,12.0328,12.0139,11.9949,11.9755,11.9559,11.936,11.9159,11.8954,11.8747,11.8199,11.6659,11.5117,11.3574,11.2028,11.048,10.893,10.7378,10.5823,10.4266,10.3232,10.2351,10.1469,10.0587,9.9704,9.882,9.7936,9.7051,9.6166,9.5434,9.5079,9.4725,9.4374,9.4024,9.3676,9.3331,9.2987,9.2646,9.2307,9.2479,9.2771,9.3062,9.3353,9.3643,9.3931,9.4219,9.4506,9.4792,9.4599,9.3398,9.2197,9.0995,8.9793,8.859,8.7386,8.6182,8.4977,8.3771,8.1835,7.9756,7.7678,7.56,7.3523,7.1446,6.937,6.7295,6.522,6.3585,6.2774,6.1966,6.116,6.0357,5.9556,5.8758,5.7962,5.717,5.638,5.5685,5.5006,5.4326,5.3646,5.2965,5.2284,5.1603,5.0921
14.0841,14.003,13.9221,13.8414,13.7608,13.6803,13.6,13.5197,13.4397,13.3393,13.2245,13.1097,12.9948,12.8799,12.765,12.6501,12.5351,12.42,12.312,12.2648,12.2174,12.1699,12.1222,12.0744,12.0264,11.9783,11.9301,11.8817,11.8605,11.856,11.8513,11.8465,11.8416,11.8365,11.8314,11.8262,11.8209,11.8265,11.9006,11.9748,12.0489,12.123,12.1971,12.2712,12.3452,12.4193,12.4933,12.5359,12.562,12.588,12.614,12.64,12.666,12.6921,12.7181,12.7442,12.7562,12.7006,12.645,12.5894,12.5337,12.478,12.4223,12.3664,12.3105,12.2545,12.2179,12.1901,12.1622,12.1342,12.1063,12.0782,12.0502,12.0221,11.9939,11.9706,11.9659,11.9611,11.9562,11.9512,11.9461,11.9409,11.9355,11.9301,11.9245,11.9028,11.8748,11.8465,11.818,11.7892,11.7602,11.7308,11.7012,11.6713,11.6102,11.4517,11.2929,11.134,10.9749,10.8155,10.6559,10.4961,10.3361,10.1758,10.0706,9.9832,9.8956,9.808,9.7204,9.6327,9.5449,9.4571,9.3692,9.2971,9.268,9.2391,9.2103,9.1818,9.1534,9.1252,9.0973,9.0696,9.0421,9.0588,9.0875,9.1161,9.1446,9.1731,9.2014,9.2297,9.2578,9.2859,9.2701,9.15,9.0299,8.9097,8.7895,8.6692,8.5488,8.4283,8.3078,8.1873,7.9978,7.7918,7.5859,7.3801,7.1743,6.9685,6.7628,6.5572,6.3516,6.1867,6.1102,6.0339,5.9578,5.882,5.8065,5.7312,5.6562,5.5815,5.507,5.438,5.3701,5.3021,5.2341,5.1661,5.098,5.0299,4.9618
14.0125,13.9264,13.8404,13.7546,13.6689,13.5833,13.4979,13.4126,13.3275,13.2245,13.1096,12.9948,12.8798,12.7649,12.6499,12.5349,12.4198,12.3047,12.198,12.1563,12.1145,12.0725,12.0303,11.988,11.9455,11.9029,11.8602,11.8174,11.8026,11.8043,11.8059,11.8074,11.8087,11.81,11.8112,11.8122,11.8132,11.8249,11.901,11.9772,12.0533,12.1293,12.2054,12.2815,12.3575,12.4335,12.5096,12.5539,12.5816,12.6094,12.6371,12.6648,12.6926,12.7204,12.7481,12.7759,12.7876,12.7214,12.6553,12.5891,12.5228,12.4566,12.3902,12.3238,12.2573,12.1907,12.1496,12.1201,12.0905,12.0609,12.0313,12.0016,11.9719,11.9422,11.9124,11.8867,11.8777,11.8687,11.8595,11.8503,11.8409,11.8314,11.8218,11.8121,11.8023,11.7731,11.7359,11.6984,11.6607,11.6228,11.5846,11.5461,11.5072,11.4681,11.4007,11.2376,11.0743,10.9108,10.747,10.5831,10.419,10.2546,10.09,9.9252,9.818,9.7312,9.6443,9.5574,9.4704,9.3833,9.2962,9.209,9.1217,9.0506,9.0279,9.0054,8.983,8.9608,8.9389,8.9171,8.8956,8.8743,8.8532,8.8697,8.8978,8.9259,8.9539,8.9819,9.0097,9.0374,9.0651,9.0926,9.0803,8.9602,8.8401,8.7199,8.5997,8.4794,8.359,8.2385,8.118,7.9975,7.812,7.6079,7.4039,7.2,6.9961,6.7923,6.5885,6.3848,6.1811,6.0146,5.9426,5.8709,5.7993,5.7281,5.6571,5.5863,5.5159,5.4457,5.3757,5.3075,5.2396,5.1717,5.1037,5.0357,4.9677,4.8996,4.8315
13.9407,13.8495,13.7585,13.6676,13.5768,13.4862,13.3957,13.3054,13.2151,13.1097,12.9948,12.8798,12.7649,12.6498,12.5348,12.4197,12.3046,12.1894,12.0842,12.048,12.0117,11.9752,11.9385,11.9017,11.8648,11.8277,11.7905,11.7531,11.7447,11.7527,11.7606,11.7683,11.776,11.7835,11.791,11.7984,11.8056,11.8233,11.9015,11.9796,12.0576,12.1357,12.2137,12.2918,12.3698,12.4478,12.5258,12.5718,12.6013,12.6307,12.6602,12.6897,12.7192,12.7486,12.7781,12.8076,12.819,12.7423,12.6656,12.5888,12.512,12.4351,12.3582,12.2812,12.2042,12.127,12.0812,12.0501,12.0189,11.9876,11.9564,11.9251,11.8937,11.8623,11.8308,11.8029,11.7897,11.7763,11.7629,11.7494,11.7358,11.7221,11.7082,11.6943,11.6802,11.6435,11.5971,11.5505,11.5037,11.4566,11.4092,11.3615,11.3135,11.2652,11.1913,11.0236,10.8557,10.6877,10.5194,10.3509,10.1822,10.0132,9.8441,9.6747,9.5654,9.4792,9.393,9.3067,9.2203,9.1339,9.0474,8.9609,8.8743,8.8038,8.7875,8.7714,8.7554,8.7397,8.7241,8.7087,8.6936,8.6787,8.664,8.6806,8.7083,8.7358,8.7633,8.7907,8.818,8.8452,8.8723,8.8993,8.8905,8.7704,8.6503,8.5301,8.4099,8.2896,8.1692,8.0487,7.9282,7.8076,7.626,7.4239,7.2218,7.0198,6.8178,6.6159,6.414,6.2122,6.0105,5.8423,5.7748,5.7076,5.6406,5.5738,5.5074,5.4412,5.3752,5.3095,5.2441,5.177,5.1091,5.0412,4.9733,4.9053,4.8373,4.7692,4.7011
13.8688,13.7725,13.6764,13.5804,13.4846,13.3889,13.2934,13.1979,13.1026,12.9949,12.8799,12.7649,12.6499,12.5348,12.4197,12.3045,12.1893,12.0741,11.9706,11.9399,11.909,11.878,11.8469,11.8156,11.7841,11.7525,11.7208,11.689,11.687,11.7012,11.7154,11.7294,11.7433,11.7572,11.7709,11.7845,11.7981,11.8218,11.9019,11.982,12.062,12.1421,12.2221,12.3021,12.3821,12.4621,12.542,12.5897,12.6209,12.6521,12.6833,12.7145,12.7457,12.7769,12.8082,12.8394,12.8505,12.7632,12.6759,12.5886,12.5012,12.4138,12.3263,12.2387,12.1511,12.0634,12.0129,11.9801,11.9472,11.9144,11.8815,11.8485,11.8155,11.7824,11.7493,11.7191,11.7016,11.6841,11.6664,11.6486,11.6308,11.6128,11.5947,11.5765,11.5581,11.5141,11.4586,11.4028,11.3468,11.2905,11.234,11.1771,11.12,11.0626,10.982,10.8097,10.6373,10.4647,10.2918,10.1188,9.9455,9.772,9.5983,9.4243,9.3128,9.2272,9.1416,9.056,8.9703,8.8845,8.7986,8.7127,8.6268,8.5568,8.5469,8.5371,8.5276,8.5182,8.509,8.5001,8.4913,8.4828,8.4745,8.4916,8.5187,8.5457,8.5727,8.5995,8.6263,8.653,8.6796,8.7061,8.7007,8.5806,8.4605,8.3403,8.2201,8.0997,7.9794,7.8589,7.7384,7.6178,7.44,7.2398,7.0396,6.8395,6.6394,6.4394,6.2394,6.0395,5.8397,5.6696,5.6066,5.5439,5.4815,5.4193,5.3573,5.2956,5.2342,5.1731,5.1122,5.0464,4.9786,4.9108,4.8429,4.7749,4.7069,4.6389,4.5708
13.7966,13.6953,13.5941,13.4931,13.3922,13.2914,13.1908,13.0903,12.99,12.8801,12.7651,12.65,12.5349,12.4197,12.3045,12.1893,12.074,11.9587,11.857,11.8318,11.8065,11.781,11.7553,11.7295,11.7036,11.6775,11.6513,11.6249,11.6293,11.6499,11.6703,11.6906,11.7108,11.7309,11.7509,11.7708,11.7906,11.8203,11.9024,11.9844,12.0664,12.1484,12.2304,12.3124,12.3944,12.4763,12.5583,12.6077,12.6406,12.6735,12.7064,12.7394,12.7723,12.8052,12.8382,12.8711,12.882,12.7841,12.6863,12.5884,12.4904,12.3924,12.2944,12.1963,12.0981,11.9998,11.9445,11.9101,11.8756,11.8411,11.8066,11.7719,11.7373,11.7026,11.6679,11.6354,11.6137,11.5919,11.57,11.5479,11.5258,11.5036,11.4812,11.4587,11.4362,11.3849,11.3203,11.2553,11.1902,11.1247,11.059,10.993,10.9268,10.8602,10.7728,10.596,10.419,10.2418,10.0644,9.8868,9.709,9.5309,9.3526,9.1741,9.0601,8.9752,8.8903,8.8053,8.7202,8.635,8.5498,8.4646,8.3793,8.3095,8.306,8.3026,8.2995,8.2965,8.2937,8.2911,8.2887,8.2866,8.2847,8.3026,8.3292,8.3557,8.3821,8.4084,8.4347,8.4608,8.4869,8.5129,8.5109,8.3908,8.2707,8.1505,8.0303,7.9099,7.7895,7.6691,7.5486,7.428,7.2539,7.0555,6.8573,6.659,6.4609,6.2628,6.0647,5.8667,5.6688,5.4966,5.4382,5.38,5.3221,5.2644,5.207,5.1498,5.0929,5.0363,4.9799,4.9159,4.8481,4.7803,4.7124,4.6445,4.5765,4.5085,4.4405
13.7243,13.6179,13.5117,13.4056,13.2996,13.1938,13.0881,12.9826,12.8772,12.7654,12.6502,12.5351,12.4199,12.3047,12.1894,12.0741,11.9588,11.8434,11.7436,11.7239,11.7041,11.6841,11.6639,11.6436,11.6231,11.6025,11.5818,11.561,11.5718,11.5986,11.6253,11.6519,11.6783,11.7047,11.7309,11.7571,11.7832,11.8188,11.9029,11.9869,12.0709,12.1549,12.2388,12.3228,12.4067,12.4906,12.5746,12.6256,12.6603,12.6949,12.7296,12.7642,12.7989,12.8335,12.8682,12.9029,12.9135,12.8051,12.6966,12.5882,12.4797,12.3712,12.2626,12.1539,12.0452,11.9363,11.8762,11.8401,11.804,11.7679,11.7317,11.6954,11.6591,11.6228,11.5864,11.5518,11.5258,11.4997,11.4736,11.4473,11.4209,11.3944,11.3678,11.3411,11.3143,11.2559,11.1821,11.1081,11.0337,10.9592,10.8843,10.8092,10.7337,10.658,10.5638,10.3824,10.2009,10.0191,9.8371,9.655,9.4726,9.29,9.1071,8.924,8.8074,8.7232,8.6389,8.5545,8.4701,8.3856,8.301,8.2164,8.1317,8.062,8.0648,8.0679,8.0711,8.0745,8.0781,8.0819,8.0859,8.0901,8.0946,8.1136,8.1396,8.1656,8.1915,8.2173,8.2431,8.2687,8.2942,8.3197,8.3211,8.201,8.0809,7.9607,7.8404,7.7201,7.5997,7.4793,7.3588,7.2382,7.0676,6.8712,6.6748,6.4785,6.2822,6.086,5.8899,5.6938,5.4978,5.3234,5.2695,5.2158,5.1624,5.1092,5.0563,5.0037,4.9513,4.8992,4.8474,4.7854,4.7176,4.6498,4.582,4.5141,4.4462,4.3782,4.3102
13.6518,13.5404,13.4291,13.3179,13.2069,13.096,12.9853,12.8747,12.7642,12.6506,12.5354,12.4202,12.3049,12.1896,12.0743,11.9589,11.8435,11.7281,11.6303,11.6161,11.6018,11.5872,11.5726,11.5578,11.5428,11.5277,11.5125,11.4971,11.5144,11.5474,11.5804,11.6132,11.6459,11.6786,11.7111,11.7435,11.7759,11.8174,11.9034,11.9894,12.0753,12.1613,12.2472,12.3331,12.419,12.5049,12.5908,12.6436,12.68,12.7163,12.7527,12.7891,12.8254,12.8618,12.8982,12.9346,12.945,12.826,12.7071,12.5881,12.469,12.35,12.2308,12.1116,11.9923,11.8729,11.8079,11.7702,11.7324,11.6946,11.6568,11.6189,11.581,11.543,11.505,11.4682,11.438,11.4077,11.3773,11.3467,11.3161,11.2854,11.2545,11.2236,11.1925,11.1271,11.0442,10.961,10.8775,10.7938,10.7098,10.6255,10.5409,10.4561,10.3549,10.1689,9.9828,9.7965,9.61,9.4233,9.2363,9.0492,8.8618,8.6741,8.5547,8.4711,8.3874,8.3037,8.2199,8.1361,8.0522,7.9682,7.8842,7.8142,7.8234,7.8328,7.8424,7.8522,7.8622,7.8724,7.8827,7.8933,7.9042,7.9246,7.9502,7.9756,8.001,8.0263,8.0515,8.0766,8.1016,8.1265,8.1313,8.0112,7.8911,7.7709,7.6506,7.5303,7.4099,7.2895,7.169,7.0484,6.8812,6.6867,6.4922,6.2978,6.1035,5.9092,5.7149,5.5208,5.3267,5.1498,5.1004,5.0513,5.0024,4.9538,4.9054,4.8575,4.8101,4.7627,4.7154,4.656,4.5888,4.5216,4.4544,4.3873,4.3202,4.2531,4.1861
13.5791,13.4626,13.3463,13.2301,13.114,12.9981,12.8823,12.7666,12.6511,12.5358,12.4205,12.3052,12.1899,12.0746,11.9592,11.8437,11.7283,11.6127,11.5172,11.5085,11.4996,11.4906,11.4814,11.472,11.4626,11.4529,11.4432,11.4333,11.457,11.4964,11.5356,11.5747,11.6137,11.6525,11.6913,11.73,11.7687,11.8159,11.9039,11.9918,12.0798,12.1677,12.2556,12.3435,12.4314,12.5193,12.6071,12.6616,12.6997,12.7377,12.7758,12.8139,12.852,12.8901,12.9282,12.9664,12.9765,12.847,12.7175,12.588,12.4584,12.3288,12.1991,12.0694,11.9395,11.8096,11.7396,11.7003,11.6609,11.6214,11.582,11.5424,11.5029,11.4632,11.4236,11.3847,11.3502,11.3157,11.281,11.2463,11.2114,11.1764,11.1413,11.1061,11.0708,10.9985,10.9064,10.8141,10.7215,10.6286,10.5355,10.4421,10.3484,10.2544,10.1461,9.9556,9.7649,9.5741,9.383,9.1917,9.0002,8.8085,8.6165,8.4244,8.302,8.219,8.136,8.0529,7.9698,7.8866,7.8033,7.72,7.6366,7.5662,7.5818,7.5975,7.6135,7.6296,7.646,7.6626,7.6793,7.6963,7.7137,7.7365,7.7621,7.7874,7.8125,7.8375,7.8622,7.8867,7.9109,7.935,7.9427,7.8229,7.7031,7.5832,7.4633,7.3434,7.2235,7.1035,6.9835,6.8634,6.7009,6.5103,6.3199,6.1297,5.9398,5.7501,5.5607,5.3715,5.1826,5.0062,4.9599,4.9136,4.8673,4.821,4.7748,4.7287,4.6826,4.6365,4.5905,4.533,4.4669,4.4008,4.3347,4.2686,4.2027,4.1367,4.0708
13.4816,13.3687,13.2556,13.1422,13.0285,12.9146,12.8005,12.6861,12.5714,12.4586,12.3465,12.234,12.1214,12.0085,11.8954,11.7821,11.6686,11.555,11.4629,11.4582,11.4535,11.4486,11.4436,11.4385,11.4332,11.4279,11.4225,11.417,11.4433,11.4839,11.5247,11.5655,11.6065,11.6476,11.6887,11.73,11.7713,11.8209,11.9072,11.9937,12.0803,12.167,12.2537,12.3406,12.4275,12.5144,12.6014,12.6551,12.6926,12.7301,12.7676,12.805,12.8425,12.8799,12.9173,12.9546,12.9626,12.8238,12.6849,12.5459,12.4069,12.2678,12.1286,11.9893,11.8499,11.7104,11.6336,11.5892,11.5446,11.4998,11.4548,11.4096,11.3641,11.3184,11.2724,11.2269,11.1853,11.1435,11.1015,11.0592,11.0167,10.9739,10.9308,10.8875,10.8439,10.7641,10.6642,10.5642,10.4642,10.364,10.2637,10.1633,10.0629,9.9623,9.8497,9.6591,9.4685,9.2781,9.0879,8.8977,8.7077,8.5179,8.3283,8.1388,8.0203,7.9448,7.8698,7.795,7.7206,7.6466,7.5729,7.4996,7.4267,7.3646,7.3854,7.4062,7.4271,7.4481,7.4692,7.4904,7.5117,7.5331,7.5545,7.5767,7.599,7.6211,7.6429,7.6646,7.6861,7.7073,7.7283,7.7491,7.7577,7.6384,7.5191,7.3998,7.2805,7.1611,7.0417,6.9223,6.8028,6.6833,6.5259,6.3401,6.1545,5.9691,5.784,5.5991,5.4145,5.2301,5.046,4.8696,4.8245,4.7795,4.7345,4.6896,4.6447,4.5998,4.555,4.5102,4.4655,4.4099,4.3449,4.2799,4.2149,4.1499,4.0851,4.0202,3.9554
13.3736,13.2675,13.1611,13.0545,12.9476,12.8405,12.7331,12.6255,12.5176,12.4123,12.3077,12.2029,12.0979,11.9927,11.8872,11.7816,11.6757,11.5697,11.4862,11.4875,11.4887,11.4897,11.4907,11.4915,11.4923,11.4929,11.4935,11.4939,11.5184,11.5533,11.5883,11.6234,11.6586,11.694,11.7294,11.7649,11.8005,11.8436,11.9185,11.9936,12.0688,12.1441,12.2194,12.2949,12.3704,12.446,12.5216,12.5649,12.5929,12.6208,12.6487,12.6766,12.7045,12.7324,12.7602,12.7879,12.7874,12.6445,12.5015,12.3584,12.2153,12.072,11.9287,11.7853,11.6418,11.4982,11.4113,11.3544,11.2973,11.24,11.1824,11.1247,11.0667,11.0084,10.9499,10.8925,10.8434,10.794,10.7444,10.6946,10.6445,10.5941,10.5435,10.4926,10.4414,10.3605,10.2623,10.164,10.0656,9.9671,9.8685,9.7698,9.671,9.5722,9.4634,9.2815,9.0998,8.9182,8.7368,8.5555,8.3744,8.1934,8.0126,7.8319,7.7223,7.6591,7.5962,7.5337,7.4715,7.4096,7.3481,7.2871,7.2264,7.1738,7.1981,7.2224,7.2468,7.2713,7.2959,7.3206,7.3454,7.3703,7.3953,7.417,7.436,7.4549,7.4735,7.4919,7.5101,7.5281,7.5459,7.5634,7.5726,7.4539,7.3352,7.2164,7.0976,6.9788,6.8599,6.7411,6.6221,6.5032,6.3505,6.1695,5.9887,5.8082,5.6278,5.4478,5.2679,5.0883,4.909,4.7328,4.689,4.6453,4.6016,4.558,4.5144,4.4708,4.4273,4.3838,4.3404,4.2868,4.2228,4.1589,4.095,4.0312,3.9674,3.9036,3.8399
13.2658,13.1665,13.0669,12.9671,12.8669,12.7666,12.666,12.5651,12.464,12.3661,12.2692,12.172,12.0747,11.977,11.8792,11.7812,11.683,11.5846,11.5096,11.5169,11.524,11.531,11.5379,11.5447,11.5514,11.558,11.5645,11.5709,11.5933,11.6225,11.6518,11.6812,11.7107,11.7403,11.77,11.7998,11.8297,11.8661,11.9297,11.9933,12.0571,12.121,12.185,12.2491,12.3132,12.3774,12.4416,12.4747,12.4931,12.5115,12.5299,12.5482,12.5666,12.5849,12.6031,12.6213,12.6123,12.4652,12.3181,12.1709,12.0236,11.8763,11.7288,11.5813,11.4336,11.2859,11.1892,11.1197,11.0501,10.9803,10.9102,10.8399,10.7694,10.6986,10.6276,10.5582,10.5015,10.4446,10.3875,10.3301,10.2724,10.2145,10.1563,10.0978,10.0391,9.9569,9.8603,9.7637,9.667,9.5702,9.4733,9.3763,9.2792,9.182,9.0767,8.9037,8.7309,8.5581,8.3855,8.213,8.0407,7.8685,7.6965,7.5247,7.424,7.3729,7.3222,7.2719,7.2219,7.1722,7.1229,7.074,7.0255,6.9829,7.0106,7.0384,7.0664,7.0944,7.1225,7.1507,7.1789,7.2073,7.2358,7.2574,7.2732,7.2888,7.3042,7.3194,7.3343,7.3491,7.3636,7.3779,7.3875,7.2694,7.1512,7.033,6.9147,6.7964,6.6781,6.5598,6.4414,6.323,6.1749,5.9987,5.8227,5.6469,5.4714,5.2961,5.1211,4.9463,4.7718,4.5975,4.5535,4.5111,4.4687,4.4263,4.384,4.3417,4.2995,4.2574,4.2152,4.1635,4.1007,4.0378,3.975,3.9123,3.8496,3.7869,3.7243
13.1583,13.0658,12.9729,12.8798,12.7865,12.6929,12.599,12.5049,12.4106,12.3202,12.2309,12.1414,12.0516,11.9616,11.8714,11.781,11.6904,11.5997,11.5332,11.5464,11.5595,11.5724,11.5853,11.598,11.6107,11.6232,11.6356,11.648,11.6682,11.6917,11.7152,11.7389,11.7627,11.7866,11.8105,11.8346,11.8587,11.8885,11.9407,11.993,12.0454,12.0979,12.1505,12.2032,12.256,12.3088,12.3616,12.3845,12.3933,12.4022,12.411,12.4198,12.4286,12.4374,12.4461,12.4547,12.4371,12.286,12.1347,11.9834,11.832,11.6805,11.529,11.3773,11.2256,11.0737,10.9671,10.8852,10.803,10.7207,10.6381,10.5553,10.4722,10.389,10.3054,10.2241,10.1598,10.0954,10.0306,9.9657,9.9005,9.835,9.7692,9.7032,9.6369,9.5532,9.4583,9.3634,9.2684,9.1732,9.078,8.9827,8.8873,8.7918,8.6899,8.5257,8.3616,8.1977,8.0339,7.8702,7.7067,7.5434,7.3802,7.2172,7.1252,7.0864,7.0478,7.0097,6.9718,6.9343,6.8972,6.8605,6.8242,6.7917,6.823,6.8543,6.8858,6.9173,6.9489,6.9806,7.0123,7.0442,7.0762,7.098,7.1106,7.1229,7.1351,7.147,7.1587,7.1702,7.1815,7.1925,7.2024,7.0848,6.9672,6.8495,6.7318,6.6141,6.4963,6.3785,6.2607,6.1428,5.999,5.8276,5.6564,5.4854,5.3147,5.1442,4.9739,4.8039,4.6342,4.4647,4.4179,4.3767,4.3356,4.2946,4.2535,4.2126,4.1717,4.1308,4.09,4.0402,3.9784,3.9167,3.855,3.7934,3.7317,3.6702,3.6087
13.0511,12.9653,12.8792,12.7929,12.7063,12.6194,12.5323,12.445,12.3574,12.2745,12.1928,12.1109,12.0288,11.9464,11.8638,11.7811,11.6981,11.6149,11.5569,11.5761,11.5951,11.614,11.6328,11.6515,11.67,11.6885,11.7069,11.7252,11.743,11.7607,11.7786,11.7965,11.8146,11.8327,11.851,11.8693,11.8878,11.9108,11.9516,11.9925,12.0336,12.0747,12.116,12.1573,12.1987,12.2401,12.2816,12.2942,12.2935,12.2928,12.2921,12.2914,12.2906,12.2898,12.289,12.2881,12.262,12.1067,11.9514,11.7959,11.6404,11.4848,11.3291,11.1734,11.0175,10.8615,10.7452,10.6507,10.556,10.4612,10.3661,10.2708,10.1753,10.0795,9.9834,9.8901,9.8183,9.7462,9.6739,9.6014,9.5287,9.4556,9.3823,9.3088,9.2349,9.1494,9.0563,8.963,8.8697,8.7762,8.6827,8.5891,8.4953,8.4015,8.3028,8.1474,7.9922,7.8371,7.6821,7.5272,7.3725,7.218,7.0636,6.9094,6.826,6.7994,6.773,6.747,6.7213,6.696,6.6711,6.6465,6.6224,6.6005,6.6353,6.6701,6.705,6.74,6.7751,6.8103,6.8456,6.881,6.9165,6.9388,6.9481,6.9572,6.9661,6.9748,6.9832,6.9915,6.9995,7.0073,7.0149,6.9002,6.7831,6.666,6.5488,6.4316,6.3144,6.1972,6.0799,5.9626,5.8228,5.6562,5.4898,5.3236,5.1576,4.9919,4.8265,4.6613,4.4963,4.3316,4.2821,4.2423,4.2025,4.1627,4.123,4.0833,4.0437,4.0041,3.9646,3.9168,3.8561,3.7955,3.7349,3.6743,3.6138,3.5533,3.4929
12.9441,12.865,12.7857,12.7061,12.6263,12.5462,12.4658,12.3853,12.3044,12.2291,12.155,12.0807,12.0062,11.9314,11.8565,11.7813,11.7059,11.6304,11.5808,11.6059,11.6308,11.6557,11.6804,11.705,11.7295,11.754,11.7783,11.8025,11.8177,11.8297,11.8418,11.8541,11.8664,11.8788,11.8914,11.904,11.9167,11.9329,11.9624,11.992,12.0217,12.0514,12.0813,12.1113,12.1413,12.1713,12.2014,12.2039,12.1936,12.1834,12.1732,12.1629,12.1526,12.1423,12.132,12.1215,12.0869,11.9275,11.768,11.6085,11.4488,11.2891,11.1293,10.9695,10.8095,10.6494,10.5233,10.4163,10.3092,10.2018,10.0943,9.9865,9.8784,9.7701,9.6616,9.5561,9.4768,9.3972,9.3174,9.2373,9.157,9.0764,8.9956,8.9145,8.8331,8.7457,8.6542,8.5626,8.471,8.3792,8.2873,8.1954,8.1033,8.0112,7.9155,7.7689,7.6225,7.4761,7.33,7.1839,7.038,6.8923,6.7467,6.6014,6.5264,6.5119,6.4978,6.4839,6.4704,6.4572,6.4445,6.4321,6.4201,6.4091,6.4474,6.4857,6.5241,6.5626,6.6012,6.6399,6.6787,6.7176,6.7565,6.7797,6.7858,6.7916,6.7973,6.8027,6.8079,6.8129,6.8177,6.8223,6.8266,6.7156,6.599,6.4825,6.3658,6.2492,6.1325,6.0158,5.8991,5.7823,5.6464,5.4845,5.3229,5.1615,5.0003,4.8394,4.6787,4.5183,4.3581,4.1982,4.1463,4.1078,4.0693,4.0308,3.9924,3.954,3.9156,3.8774,3.8391,3.7933,3.7337,3.6742,3.6147,3.5552,3.4958,3.4364,3.3771
12.8373,12.765,12.6924,12.6196,12.5465,12.4731,12.3995,12.3257,12.2517,12.1838,12.1174,12.0507,11.9838,11.9166,11.8493,11.7817,11.714,11.646,11.6048,11.6358,11.6667,11.6975,11.7282,11.7587,11.7892,11.8195,11.8498,11.8799,11.8923,11.8986,11.905,11.9115,11.9181,11.9248,11.9317,11.9386,11.9456,11.955,11.9731,11.9913,12.0096,12.028,12.0466,12.0652,12.0838,12.1025,12.1213,12.1135,12.0937,12.074,12.0542,12.0344,12.0146,11.9948,11.9749,11.9549,11.9118,11.7483,11.5847,11.421,11.2573,11.0935,10.9296,10.7656,10.6015,10.4373,10.3016,10.1821,10.0625,9.9426,9.8226,9.7023,9.5818,9.461,9.3399,9.2223,9.1354,9.0483,8.9609,8.8733,8.7855,8.6973,8.609,8.5203,8.4314,8.3419,8.2521,8.1622,8.0722,7.9821,7.8919,7.8017,7.7113,7.6209,7.5279,7.3901,7.2525,7.115,6.9776,6.8403,6.7033,6.5663,6.4296,6.293,6.2264,6.2241,6.2221,6.2204,6.219,6.218,6.2174,6.2172,6.2173,6.2179,6.2593,6.3012,6.3431,6.3851,6.4271,6.4693,6.5116,6.554,6.5965,6.6208,6.6236,6.6262,6.6286,6.6308,6.6328,6.6346,6.6361,6.6374,6.6385,6.5309,6.4149,6.2989,6.1828,6.0667,5.9506,5.8344,5.7182,5.602,5.4696,5.3125,5.1557,4.9991,4.8427,4.6865,4.5306,4.375,4.2196,4.0645,4.0104,3.9732,3.936,3.8988,3.8616,3.8245,3.7875,3.7505,3.7136,3.6697,3.6112,3.5528,3.4944,3.436,3.3777,3.3194,3.2612
12.7308,12.6652,12.5994,12.5333,12.4669,12.4003,12.3335,12.2664,12.1991,12.1388,12.08,12.0209,11.9616,11.902,11.8423,11.7823,11.7222,11.6619,11.6289,11.6659,11.7027,11.7394,11.776,11.8125,11.8489,11.8852,11.9214,11.9575,11.9668,11.9673,11.968,11.9689,11.9698,11.9708,11.9719,11.9731,11.9744,11.9769,11.9836,11.9905,11.9975,12.0046,12.0117,12.019,12.0263,12.0336,12.041,12.0231,11.9938,11.9645,11.9353,11.906,11.8766,11.8473,11.8178,11.7884,11.7367,11.569,11.4014,11.2336,11.0657,10.8978,10.7298,10.5617,10.3935,10.2252,10.0799,9.948,9.8159,9.6835,9.551,9.4182,9.2852,9.152,9.0184,8.8886,8.7942,8.6995,8.6046,8.5095,8.4141,8.3184,8.2225,8.1263,8.0298,7.938,7.8499,7.7617,7.6734,7.585,7.4965,7.4079,7.3192,7.2305,7.1401,7.0111,6.8823,6.7535,6.625,6.4965,6.3682,6.2401,6.1121,5.9843,5.926,5.9358,5.9459,5.9564,5.9672,5.9784,5.9899,6.0018,6.0141,6.0268,6.0711,6.1165,6.1619,6.2074,6.2529,6.2986,6.3444,6.3902,6.4362,6.462,6.4616,6.461,6.4601,6.4591,6.4578,6.4563,6.4546,6.4527,6.4506,6.3462,6.2308,6.1153,5.9998,5.8842,5.7686,5.653,5.5374,5.4217,5.2926,5.1403,4.9882,4.8364,4.6848,4.5334,4.3823,4.2314,4.0808,3.9304,3.8745,3.8385,3.8026,3.7667,3.7308,3.695,3.6593,3.6236,3.5879,3.5461,3.4887,3.4313,3.374,3.3167,3.2595,3.2023,3.1452
12.6245,12.5657,12.5066,12.4472,12.3876,12.3277,12.2676,12.2073,12.1467,12.094,12.0428,11.9913,11.9396,11.8876,11.8355,11.7831,11.7306,11.6779,11.6532,11.6961,11.7389,11.7815,11.824,11.8664,11.9087,11.9509,11.9931,12.0351,12.0412,12.036,12.031,12.0261,12.0213,12.0166,12.012,12.0075,12.0031,11.9987,11.9941,11.9896,11.9852,11.981,11.9768,11.9727,11.9687,11.9647,11.9607,11.9326,11.8939,11.8551,11.8163,11.7774,11.7386,11.6997,11.6608,11.6218,11.5616,11.3898,11.218,11.0462,10.8742,10.7022,10.5301,10.3579,10.1856,10.0132,9.8584,9.714,9.5694,9.4246,9.2796,9.1343,8.9889,8.8431,8.6971,8.555,8.453,8.3508,8.2484,8.1457,8.0428,7.9396,7.8361,7.7324,7.6284,7.5342,7.4477,7.3612,7.2746,7.1878,7.101,7.0141,6.9271,6.84,6.752,6.6319,6.5118,6.3919,6.2721,6.1524,6.0329,5.9135,5.7944,5.6754,5.6252,5.6472,5.6694,5.692,5.7149,5.7382,5.7619,5.7859,5.8104,5.8352,5.8828,5.9316,5.9805,6.0295,6.0786,6.1277,6.177,6.2264,6.2758,6.3034,6.2997,6.2958,6.2918,6.2875,6.283,6.2783,6.2734,6.2682,6.2628,6.1615,6.0466,5.9317,5.8167,5.7017,5.5866,5.4715,5.3564,5.2413,5.1153,4.9677,4.8204,4.6734,4.5265,4.3799,4.2336,4.0875,3.9417,3.7961,3.7384,3.7037,3.6691,3.6345,3.5999,3.5654,3.5309,3.4965,3.4622,3.4224,3.3661,3.3098,3.2536,3.1974,3.1412,3.0851,3.0291
12.5184,12.4663,12.414,12.3614,12.3085,12.2554,12.202,12.1484,12.0946,12.0495,12.0058,11.9619,11.9178,11.8735,11.8289,11.7842,11.7392,11.6941,11.6777,11.7265,11.7751,11.8237,11.8721,11.9205,11.9687,12.0168,12.0649,12.1128,12.1155,12.1046,12.0939,12.0833,12.0728,12.0624,12.0521,12.0419,12.0318,12.0203,12.0044,11.9886,11.9729,11.9573,11.9418,11.9264,11.911,11.8957,11.8804,11.8422,11.7938,11.7456,11.6972,11.6489,11.6006,11.5522,11.5038,11.4553,11.3865,11.2106,11.0347,10.8588,10.6827,10.5066,10.3304,10.154,9.9776,9.8011,9.6369,9.4801,9.323,9.1658,9.0083,8.8506,8.6927,8.5345,8.376,8.2215,8.112,8.0023,7.8923,7.7821,7.6716,7.5609,7.4499,7.3387,7.2272,7.1303,7.0455,6.9606,6.8757,6.7906,6.7055,6.6203,6.5349,6.4495,6.3637,6.2523,6.1411,6.0299,5.9189,5.808,5.6973,5.5867,5.4763,5.3661,5.324,5.3581,5.3924,5.4272,5.4622,5.4976,5.5334,5.5696,5.6062,5.6432,5.6944,5.7467,5.799,5.8515,5.9041,5.9567,6.0095,6.0623,6.1152,6.1449,6.138,6.1309,6.1236,6.1161,6.1083,6.1004,6.0922,6.0838,6.0752,5.9768,5.8624,5.748,5.6336,5.5191,5.4046,5.2901,5.1755,5.0609,4.9377,4.7949,4.6524,4.5101,4.368,4.2262,4.0846,3.9433,3.8022,3.6614,3.6022,3.5689,3.5355,3.5022,3.4689,3.4357,3.4025,3.3694,3.3363,3.2986,3.2434,3.1882,3.133,3.0779,3.0229,2.9679,2.9129
12.4126,12.3673,12.3216,12.2757,12.2296,12.1832,12.1366,12.0897,12.0426,12.0052,11.9691,11.9328,11.8962,11.8595,11.8225,11.7854,11.748,11.7105,11.7022,11.757,11.8116,11.866,11.9204,11.9746,12.0288,12.0828,12.1368,12.1907,12.1897,12.1731,12.1567,12.1404,12.1242,12.1081,12.0921,12.0762,12.0604,12.0419,12.0146,11.9875,11.9605,11.9335,11.9067,11.8799,11.8532,11.8266,11.8,11.7516,11.6938,11.636,11.5782,11.5204,11.4625,11.4046,11.3467,11.2887,11.2114,11.0314,10.8514,10.6714,10.4912,10.311,10.1307,9.9503,9.7698,9.5892,9.4156,9.2463,9.0768,8.9071,8.7371,8.567,8.3966,8.2259,8.055,7.8881,7.7711,7.6538,7.5364,7.4186,7.3006,7.1824,7.0639,6.9451,6.8261,6.7263,6.6432,6.5601,6.4768,6.3934,6.3099,6.2264,6.1427,6.059,5.9752,5.8726,5.7701,5.6677,5.5655,5.4634,5.3614,5.2596,5.158,5.0566,5.0223,5.0685,5.115,5.1619,5.2091,5.2566,5.3045,5.3528,5.4015,5.4506,5.5058,5.5616,5.6174,5.6734,5.7294,5.7855,5.8418,5.8981,5.9545,5.9865,5.9764,5.9661,5.9556,5.9448,5.9339,5.9227,5.9113,5.8996,5.8878,5.792,5.6782,5.5643,5.4504,5.3365,5.2225,5.1085,4.9945,4.8805,4.7598,4.6218,4.484,4.3465,4.2092,4.0722,3.9354,3.7988,3.6625,3.5265,3.466,3.4339,3.4018,3.3698,3.3378,3.3059,3.274,3.2422,3.2104,3.1747,3.1206,3.0665,3.0124,2.9584,2.9045,2.8505,2.7967
12.3071,12.2684,12.2295,12.1904,12.1509,12.1113,12.0714,12.0312,11.9908,11.9611,11.9326,11.9038,11.8749,11.8457,11.8163,11.7868,11.757,11.727,11.727,11.7876,11.8481,11.9085,11.9688,12.0289,12.089,12.1489,12.2088,12.2686,12.2638,12.2415,12.2194,12.1974,12.1755,12.1537,12.132,12.1104,12.0889,12.0633,12.0247,11.9862,11.9479,11.9097,11.8715,11.8334,11.7954,11.7575,11.7195,11.661,11.5937,11.5264,11.4591,11.3918,11.3245,11.2571,11.1897,11.1222,11.0363,10.8523,10.6682,10.484,10.2997,10.1154,9.931,9.7465,9.5619,9.3772,9.1944,9.0126,8.8306,8.6485,8.4661,8.2835,8.1007,7.9176,7.7342,7.5548,7.4303,7.3055,7.1805,7.0553,6.9298,6.804,6.678,6.5517,6.4251,6.3223,6.2409,6.1594,6.0778,5.9961,5.9143,5.8324,5.7505,5.6684,5.5863,5.4926,5.3989,5.3053,5.2118,5.1185,5.0253,4.9323,4.8394,4.7467,4.7203,4.7786,4.8372,4.8962,4.9555,5.0151,5.0752,5.1356,5.1964,5.2576,5.317,5.3763,5.4356,5.4951,5.5546,5.6142,5.6739,5.7337,5.7936,5.8283,5.815,5.8014,5.7877,5.7737,5.7595,5.7451,5.7305,5.7156,5.7005,5.6072,5.4939,5.3806,5.2672,5.1539,5.0404,4.927,4.8135,4.7,4.5816,4.4484,4.3154,4.1826,4.0501,3.9178,3.7858,3.654,3.5225,3.3912,3.3297,3.2989,3.2681,3.2374,3.2067,3.176,3.1454,3.1149,3.0844,3.0507,2.9977,2.9447,2.8917,2.8388,2.7859,2.7331,2.6803
12.2017,12.1698,12.1376,12.1052,12.0725,12.0396,12.0064,11.9729,11.9393,11.9172,11.8963,11.8751,11.8537,11.8322,11.8104,11.7884,11.7662,11.7438,11.7518,11.8184,11.8848,11.9511,12.0172,12.0833,12.1493,12.2152,12.2809,12.3466,12.3378,12.3098,12.282,12.2544,12.2268,12.1993,12.1719,12.1446,12.1174,12.0845,12.0347,11.9849,11.9352,11.8857,11.8362,11.7868,11.7375,11.6882,11.639,11.5704,11.4936,11.4168,11.3401,11.2633,11.1864,11.1095,11.0326,10.9557,10.8612,10.6731,10.4849,10.2966,10.1083,9.9199,9.7314,9.5428,9.3541,9.1653,8.9732,8.779,8.5846,8.39,8.1952,8.0002,7.8049,7.6094,7.4136,7.2217,7.0896,6.9573,6.8248,6.692,6.559,6.4258,6.2922,6.1584,6.0243,5.9183,5.8386,5.7588,5.6788,5.5988,5.5187,5.4385,5.3582,5.2778,5.1973,5.1124,5.0274,4.9426,4.8579,4.7733,4.6889,4.6046,4.5205,4.4366,4.4178,4.4882,4.559,4.63,4.7015,4.7732,4.8454,4.9179,4.9908,5.0641,5.1281,5.1909,5.2537,5.3166,5.3796,5.4427,5.5059,5.5692,5.6326,5.6703,5.6537,5.637,5.62,5.6028,5.5853,5.5677,5.5498,5.5318,5.5134,5.4224,5.3096,5.1968,5.084,4.9712,4.8583,4.7454,4.6325,4.5195,4.4031,4.2747,4.1465,4.0185,3.8907,3.7632,3.6359,3.5089,3.3821,3.2556,3.1933,3.1638,3.135,3.1088,3.0825,3.0561,3.0298,3.0035,2.9771,2.9484,2.8994,2.8504,2.8015,2.7526,2.7037,2.6548,2.606
12.0966,12.0714,12.046,12.0203,11.9943,11.9681,11.9416,11.9149,11.888,11.8735,11.8602,11.8466,11.8328,11.8188,11.8046,11.7902,11.7755,11.7607,11.7768,11.8493,11.9216,11.9938,12.0659,12.1378,12.2097,12.2815,12.3532,12.4248,12.4117,12.3781,12.3446,12.3112,12.2779,12.2448,12.2117,12.1787,12.1458,12.1057,12.0445,11.9834,11.9225,11.8616,11.8009,11.7402,11.6796,11.619,11.5584,11.4798,11.3935,11.3072,11.221,11.1347,11.0483,10.962,10.8756,10.7891,10.6861,10.4939,10.3016,10.1093,9.9169,9.7243,9.5317,9.339,9.1463,8.9534,8.7522,8.5456,8.3388,8.1317,7.9245,7.717,7.5093,7.3014,7.0931,6.8886,6.749,6.6092,6.4692,6.3289,6.1884,6.0476,5.9066,5.7653,5.6237,5.5143,5.4362,5.358,5.2798,5.2014,5.123,5.0445,4.9658,4.8871,4.8083,4.7319,4.6557,4.5796,4.5036,4.4278,4.3522,4.2767,4.2014,4.1262,4.115,4.1975,4.2803,4.3635,4.447,4.5308,4.6151,4.6997,4.7847,4.8701,4.9391,5.0053,5.0716,5.138,5.2066,5.2756,5.3444,5.4129,5.4812,5.5235,5.5056,5.4875,5.4691,5.4506,5.4318,5.4127,5.3934,5.3739,5.3541,5.2664,5.1553,5.0441,4.9327,4.8211,4.7094,4.5976,4.4856,4.3735,4.2599,4.1409,4.0224,3.9045,3.7871,3.6702,3.5539,3.4381,3.3229,3.2083,3.1494,3.1231,3.0968,3.0705,3.0441,3.0177,2.9913,2.9649,2.9385,2.9105,2.8621,2.8137,2.7653,2.717,2.6687,2.6204,2.5721
12.0567,12.0345,12.0121,11.9896,11.967,11.9442,11.9213,11.8983,11.8752,11.8631,11.8519,11.8407,11.8295,11.8183,11.8071,11.7959,11.7847,11.7735,11.7928,11.8651,11.9376,12.0101,12.0828,12.1556,12.2286,12.3016,12.3747,12.448,12.4297,12.3905,12.3514,12.3124,12.2735,12.2346,12.1959,12.1572,12.1186,12.0718,12.0014,11.931,11.8607,11.7904,11.7201,11.6498,11.5795,11.5092,11.4389,11.351,11.2559,11.1608,11.0655,10.9703,10.8749,10.7795,10.684,10.5884,10.477,10.2796,10.0821,9.8844,9.6867,9.4888,9.2908,9.0926,8.8943,8.6958,8.488,8.2741,8.0601,7.846,7.6319,7.4177,7.2034,6.9891,6.7747,6.5638,6.4215,6.2791,6.1367,5.9942,5.8517,5.7092,5.5666,5.424,5.2814,5.175,5.1054,5.0359,4.9667,4.8976,4.8288,4.7601,4.6918,4.6237,4.5558,4.4936,4.4319,4.3706,4.3096,4.249,4.1887,4.1288,4.0693,4.0102,4.0096,4.1007,4.1918,4.283,4.3742,4.4655,4.5568,4.6482,4.7396,4.8311,4.9006,4.9654,5.03,5.0944,5.1586,5.2225,5.2862,5.3496,5.4128,5.4523,5.4303,5.4081,5.3857,5.363,5.3401,5.317,5.2936,5.27,5.2462,5.1584,5.0454,4.9323,4.819,4.7056,4.5921,4.4784,4.3646,4.2506,4.1372,4.0275,3.9183,3.8097,3.7016,3.594,3.487,3.3805,3.2747,3.1694,3.1113,3.085,3.0586,3.0322,3.0058,2.9793,2.9529,2.9264,2.8999,2.8727,2.8248,2.777,2.7291,2.6813,2.6336,2.5858,2.5381
12.033,12.0145,11.9959,11.9772,11.9583,11.9393,11.9202,11.9009,11.8816,11.8701,11.8592,11.8483,11.8373,11.8264,11.8155,11.8045,11.7936,11.7826,11.8009,11.867,11.9334,11.9999,12.0664,12.1332,12.2,12.2669,12.334,12.4011,12.3742,12.3269,12.2797,12.2326,12.1857,12.1388,12.092,12.0452,11.9986,11.9436,11.8655,11.7874,11.7093,11.6313,11.5533,11.4753,11.3973,11.3192,11.2412,11.1451,11.0417,10.9382,10.8347,10.7311,10.6275,10.5238,10.42,10.3161,10.1966,9.9921,9.7875,9.5828,9.3779,9.1729,8.9678,8.7625,8.5571,8.3515,8.1431,7.9328,7.7225,7.5121,7.3016,7.0911,6.8804,6.6697,6.459,6.2513,6.1127,5.9741,5.8355,5.6968,5.558,5.4193,5.2805,5.1416,5.0028,4.9036,4.8463,4.7892,4.7323,4.6756,4.6191,4.5628,4.5068,4.451,4.3955,4.346,4.2972,4.2487,4.2006,4.1528,4.1053,4.0582,4.0115,3.9652,3.9708,4.0635,4.1563,4.2491,4.3419,4.4348,4.5277,4.6207,4.7137,4.8068,4.873,4.9328,4.9923,5.0516,5.1107,5.1695,5.2282,5.2865,5.3447,5.3813,5.3553,5.329,5.3024,5.2757,5.2487,5.2215,5.194,5.1664,5.1384,5.0504,4.9356,4.8206,4.7055,4.5903,4.4749,4.3593,4.2437,4.1278,4.0138,3.9135,3.8136,3.7143,3.6155,3.5172,3.4195,3.3224,3.2258,3.1298,3.0733,3.0468,3.0204,2.9939,2.9674,2.9409,2.9144,2.8879,2.8613,2.8348,2.7875,2.7402,2.6929,2.6457,2.5984,2.5513,2.5041
12.0095,11.9947,11.9799,11.9649,11.9498,11.9345,11.9191,11.9037,11.888,11.8772,11.8665,11.8558,11.8452,11.8345,11.8238,11.8132,11.8025,11.7918,11.8087,11.8688,11.9291,11.9894,12.05,12.1106,12.1713,12.2322,12.2932,12.3542,12.3185,12.2631,12.2079,12.1528,12.0978,12.0428,11.988,11.9332,11.8784,11.8153,11.7295,11.6437,11.5579,11.4722,11.3864,11.3007,11.215,11.1292,11.0435,10.9392,10.8275,10.7157,10.6039,10.492,10.3801,10.2681,10.156,10.0438,9.9162,9.7046,9.4929,9.2811,9.0691,8.8571,8.6448,8.4324,8.2199,8.0072,7.7981,7.5915,7.3849,7.1781,6.9713,6.7644,6.5574,6.3504,6.1433,5.9387,5.8039,5.6691,5.5342,5.3992,5.2643,5.1293,4.9942,4.8592,4.7241,4.6319,4.5869,4.5422,4.4976,4.4532,4.4091,4.3652,4.3215,4.2781,4.2349,4.1981,4.1621,4.1264,4.0911,4.0561,4.0215,3.9872,3.9534,3.9199,3.932,4.0263,4.1207,4.2151,4.3095,4.404,4.4985,4.5931,4.6878,4.7825,4.8456,4.9003,4.9548,5.009,5.0631,5.1168,5.1704,5.2237,5.2767,5.3105,5.2804,5.25,5.2194,5.1885,5.1575,5.1262,5.0947,5.0629,5.0309,4.9425,4.8259,4.709,4.5921,4.475,4.3578,4.2404,4.1228,4.0052,3.89,3.7989,3.7083,3.6183,3.5288,3.4398,3.3515,3.2636,3.1764,3.0897,3.0352,3.0087,2.9822,2.9556,2.9291,2.9025,2.8759,2.8494,2.8227,2.7961,2.7501,2.7034,2.6566,2.6099,2.5633,2.5166,2.47
11.986,11.9751,11.964,11.9527,11.9414,11.9299,11.9182,11.9065,11.8946,11.8842,11.8738,11.8634,11.853,11.8426,11.8322,11.8218,11.8114,11.801,11.8164,11.8705,11.9246,11.9789,12.0333,12.0879,12.1425,12.1973,12.2522,12.3072,12.2627,12.1993,12.136,12.0728,12.0097,11.9468,11.8838,11.821,11.7582,11.6869,11.5934,11.4999,11.4064,11.3129,11.2195,11.1261,11.0326,10.9392,10.8457,10.7332,10.6132,10.4932,10.3731,10.2529,10.1327,10.0124,9.892,9.7715,9.6359,9.4172,9.1984,8.9795,8.7604,8.5412,8.3219,8.1024,7.8828,7.663,7.4531,7.2502,7.0472,6.8441,6.6409,6.4377,6.2343,6.031,5.8275,5.6261,5.4951,5.364,5.2328,5.1017,4.9704,4.8392,4.7079,4.5766,4.4453,4.3599,4.3273,4.2949,4.2626,4.2306,4.1988,4.1672,4.1359,4.1048,4.074,4.0498,4.0266,4.0038,3.9813,3.9591,3.9373,3.9158,3.8948,3.8741,3.8931,3.989,4.085,4.181,4.2771,4.3732,4.4693,4.5655,4.6618,4.7581,4.8185,4.8681,4.9175,4.9667,5.0156,5.0644,5.1128,5.1611,5.2091,5.2399,5.2057,5.1712,5.1365,5.1016,5.0665,5.0311,4.9955,4.9596,4.9235,4.8348,4.7162,4.5976,4.4788,4.3598,4.2407,4.1215,4.0021,3.8826,3.7655,3.6838,3.6025,3.5218,3.4416,3.3619,3.2828,3.2043,3.1263,3.0489,2.9971,2.9705,2.944,2.9174,2.8908,2.8641,2.8375,2.8108,2.7842,2.7575,2.7127,2.6665,2.6203,2.5742,2.5281,2.482,2.4359
11.9628,11.9555,11.9482,11.9407,11.9331,11.9253,11.9174,11.9095,11.9013,11.8913,11.8811,11.871,11.8609,11.8507,11.8406,11.8304,11.8203,11.8101,11.824,11.872,11.92,11.9682,12.0166,12.0651,12.1136,12.1623,12.2111,12.26,12.2067,12.1353,12.064,11.9927,11.9216,11.8506,11.7796,11.7087,11.6379,11.5585,11.4572,11.356,11.2548,11.1537,11.0525,10.9514,10.8502,10.749,10.6479,10.5272,10.3989,10.2706,10.1422,10.0137,9.8852,9.7566,9.628,9.4992,9.3556,9.1298,8.9039,8.6779,8.4517,8.2254,7.999,7.7724,7.5457,7.3188,7.1081,6.9088,6.7095,6.51,6.3105,6.1109,5.9112,5.7115,5.5117,5.3135,5.1862,5.0588,4.9314,4.804,4.6765,4.549,4.4215,4.294,4.1664,4.0877,4.0674,4.0473,4.0274,4.0077,3.9882,3.9689,3.9499,3.9312,3.9127,3.9012,3.8908,3.8808,3.8711,3.8617,3.8527,3.844,3.8358,3.8279,3.8541,3.9517,4.0493,4.1469,4.2445,4.3423,4.44,4.5378,4.6357,4.7336,4.7915,4.8361,4.8804,4.9245,4.9684,5.0121,5.0555,5.0987,5.1416,5.1695,5.1311,5.0926,5.0538,5.0149,4.9756,4.9362,4.8965,4.8566,4.8164,4.7271,4.6067,4.4862,4.3656,4.2448,4.1238,4.0027,3.8815,3.7601,3.6405,3.5681,3.4961,3.4247,3.3537,3.2834,3.2136,3.1443,3.0756,3.0075,2.959,2.9324,2.9058,2.8791,2.8524,2.8257,2.799,2.7723,2.7456,2.7188,2.6752,2.6296,2.584,2.5384,2.4928,2.4473,2.4018
11.9396,11.9361,11.9325,11.9288,11.9249,11.9209,11.9168,11.9125,11.9082,11.8983,11.8885,11.8786,11.8687,11.8589,11.849,11.8391,11.8292,11.8193,11.8314,11.8733,11.9153,11.9575,11.9997,12.0421,12.0846,12.1272,12.1699,12.2128,12.1506,12.0712,11.9918,11.9125,11.8334,11.7543,11.6753,11.5963,11.5175,11.4299,11.321,11.2121,11.1032,10.9943,10.8855,10.7766,10.6677,10.5589,10.45,10.3212,10.1846,10.048,9.9113,9.7746,9.6378,9.5009,9.3639,9.2269,9.0753,8.8424,8.6094,8.3763,8.143,7.9097,7.6762,7.4425,7.2087,6.9747,6.7631,6.5674,6.3717,6.1759,5.98,5.7841,5.5881,5.392,5.1959,5.0007,4.8772,4.7536,4.63,4.5063,4.3826,4.2588,4.1351,4.0113,3.8875,3.8152,3.8072,3.7994,3.7918,3.7845,3.7773,3.7704,3.7637,3.7572,3.7511,3.7522,3.7546,3.7574,3.7605,3.7639,3.7677,3.7718,3.7763,3.7813,3.8151,3.9143,4.0135,4.1127,4.212,4.3113,4.4107,4.5101,4.6096,4.7091,4.7647,4.8042,4.8435,4.8826,4.9214,4.96,4.9984,5.0365,5.0744,5.0992,5.0568,5.0142,4.9714,4.9283,4.885,4.8415,4.7978,4.7538,4.7095,4.6195,4.4973,4.3749,4.2524,4.1298,4.007,3.8841,3.761,3.6378,3.515,3.4518,3.3891,3.327,3.2654,3.2043,3.1438,3.0838,3.0244,2.9656,2.9209,2.8942,2.8675,2.8408,2.8141,2.7874,2.7606,2.7338,2.707,2.6802,2.6377,2.5927,2.5476,2.5025,2.4575,2.4126,2.3676
11.9166,11.9168,11.917,11.917,11.9168,11.9166,11.9162,11.9157,11.915,11.9054,11.8958,11.8862,11.8766,11.867,11.8574,11.8477,11.8381,11.8285,11.8387,11.8745,11.9105,11.9465,11.9827,12.019,12.0555,12.092,12.1286,12.1654,12.0944,12.0069,11.9195,11.8322,11.745,11.6579,11.5708,11.4839,11.3969,11.3013,11.1847,11.0681,10.9515,10.8349,10.7184,10.6018,10.4852,10.3687,10.2521,10.1151,9.9702,9.8253,9.6804,9.5354,9.3903,9.2452,9.0999,8.9546,8.795,8.555,8.3149,8.0747,7.8344,7.5939,7.3533,7.1126,6.8717,6.6306,6.418,6.226,6.0339,5.8418,5.6495,5.4572,5.2649,5.0725,4.88,4.688,4.5682,4.4483,4.3284,4.2085,4.0886,3.9686,3.8485,3.7285,3.6084,3.5424,3.5468,3.5513,3.556,3.561,3.5661,3.5715,3.5771,3.583,3.5891,3.6029,3.6181,3.6336,3.6495,3.6657,3.6823,3.6992,3.7165,3.7342,3.7761,3.8768,3.9776,4.0785,4.1793,4.2803,4.3812,4.4823,4.5834,4.6845,4.7382,4.7726,4.8069,4.8409,4.8747,4.9082,4.9415,4.9746,5.0074,5.0292,4.9827,4.936,4.8891,4.842,4.7946,4.747,4.6992,4.6511,4.6028,4.5121,4.388,4.2638,4.1394,4.0149,3.8903,3.7655,3.6406,3.5155,3.3903,3.335,3.2816,3.2288,3.1764,3.1246,3.0733,3.0227,2.9725,2.923,2.8829,2.8561,2.8294,2.8026,2.7758,2.749,2.7221,2.6953,2.6684,2.6416,2.6002,2.5557,2.5112,2.4667,2.4222,2.3778,2.3334
11.8937,11.8977,11.9016,11.9053,11.9089,11.9124,11.9158,11.919,11.9218,11.9125,11.9031,11.8938,11.8845,11.8751,11.8658,11.8564,11.847,11.8377,11.8459,11.8756,11.9055,11.9355,11.9656,11.9958,12.0262,12.0567,12.0872,12.1179,12.0381,11.9425,11.8471,11.7518,11.6565,11.5614,11.4663,11.3713,11.2763,11.1726,11.0483,10.924,10.7997,10.6754,10.5512,10.4269,10.3027,10.1784,10.0541,9.909,9.7559,9.6027,9.4495,9.2962,9.1428,8.9894,8.8359,8.6823,8.5147,8.2676,8.0205,7.7732,7.5258,7.2782,7.0306,6.7827,6.5348,6.2866,6.0729,5.8845,5.6961,5.5076,5.319,5.1303,4.9416,4.7529,4.564,4.3751,4.2591,4.143,4.0268,3.9107,3.7945,3.6782,3.5619,3.4456,3.3293,3.2694,3.2861,3.3029,3.3199,3.3372,3.3546,3.3723,3.3902,3.4084,3.4268,3.4532,3.4812,3.5095,3.5381,3.5671,3.5965,3.6262,3.6563,3.6867,3.737,3.8393,3.9417,4.0442,4.1467,4.2492,4.3518,4.4544,4.5571,4.6598,4.7118,4.7412,4.7704,4.7994,4.8281,4.8566,4.8849,4.9129,4.9407,4.9593,4.9088,4.858,4.807,4.7558,4.7044,4.6528,4.6009,4.5487,4.4964,4.4047,4.2788,4.1527,4.0265,3.9002,3.7737,3.6471,3.5203,3.3934,3.2663,3.2177,3.1736,3.13,3.0869,3.0443,3.0024,2.9609,2.9201,2.8798,2.8448,2.818,2.7912,2.7643,2.7375,2.7106,2.6837,2.6568,2.6299,2.6029,2.5626,2.5186,2.4747,2.4307,2.3868,2.343,2.2991
11.8709,11.8787,11.8863,11.8938,11.9011,11.9084,11.9155,11.9224,11.9286,11.9196,11.9105,11.9014,11.8923,11.8833,11.8742,11.8651,11.856,11.8469,11.8529,11.8765,11.9003,11.9243,11.9483,11.9725,11.9968,12.0212,12.0457,12.0703,11.9816,11.878,11.7745,11.6712,11.5679,11.4647,11.3616,11.2586,11.1556,11.0438,10.9118,10.7798,10.6478,10.5159,10.384,10.252,10.1201,9.9881,9.8562,9.7028,9.5414,9.38,9.2185,9.057,8.8954,8.7337,8.5719,8.4101,8.2344,7.9803,7.726,7.4717,7.2172,6.9626,6.7078,6.4529,6.1979,5.9427,5.7277,5.543,5.3582,5.1734,4.9884,4.8034,4.6183,4.4332,4.248,4.0628,3.9499,3.8376,3.7252,3.6128,3.5003,3.3878,3.2753,3.1627,3.0501,2.9961,3.0251,3.0542,3.0836,3.1131,3.1428,3.1728,3.203,3.2335,3.2642,3.3031,3.3439,3.385,3.4264,3.4682,3.5103,3.5527,3.5956,3.6389,3.6978,3.8018,3.9058,4.0098,4.1139,4.218,4.3222,4.4265,4.5308,4.6351,4.6857,4.71,4.7342,4.7581,4.7818,4.8052,4.8284,4.8514,4.8741,4.8896,4.835,4.7802,4.7252,4.6699,4.6144,4.5587,4.5027,4.4465,4.3901,4.2974,4.1696,4.0417,3.9137,3.7855,3.6572,3.5287,3.4001,3.2713,3.1424,3.0998,3.0649,3.0306,2.9968,2.9635,2.9308,2.8986,2.867,2.836,2.8067,2.7799,2.753,2.7261,2.6992,2.6722,2.6453,2.6183,2.5913,2.5643,2.525,2.4816,2.4382,2.3948,2.3514,2.3081,2.2648
11.8483,11.8598,11.8712,11.8824,11.8935,11.9044,11.9153,11.926,11.9355,11.9267,11.9179,11.909,11.9002,11.8914,11.8826,11.8738,11.8649,11.8561,11.8597,11.8773,11.8951,11.9129,11.9309,11.9491,11.9673,11.9856,12.0041,12.0226,11.925,11.8134,11.7019,11.5905,11.4792,11.368,11.2569,11.1458,11.0348,10.915,10.7752,10.6356,10.4959,10.3563,10.2167,10.0771,9.9374,9.7978,9.6582,9.4966,9.327,9.1573,8.9875,8.8178,8.6479,8.4779,8.3079,8.1378,7.9541,7.6929,7.4316,7.1702,6.9087,6.647,6.3851,6.1232,5.861,5.5988,5.3825,5.2015,5.0203,4.8391,4.6578,4.4764,4.295,4.1135,3.932,3.7503,3.6407,3.5321,3.4235,3.3148,3.2061,3.0973,2.9885,2.8797,2.7709,2.7226,2.7639,2.8053,2.8469,2.8887,2.9307,2.973,3.0155,3.0583,3.1013,3.1527,3.2063,3.2601,3.3143,3.3688,3.4237,3.4789,3.5345,3.5905,3.6586,3.7642,3.8698,3.9754,4.0811,4.1869,4.2926,4.3985,4.5044,4.6103,4.6597,4.6791,4.6981,4.717,4.7357,4.7541,4.7722,4.7902,4.8079,4.8201,4.7614,4.7026,4.6435,4.5841,4.5246,4.4648,4.4048,4.3445,4.284,4.1902,4.0606,3.9309,3.801,3.671,3.5408,3.4105,3.28,3.1494,3.0187,2.9813,2.9557,2.9307,2.9061,2.8821,2.8586,2.8357,2.8134,2.7916,2.7687,2.7417,2.7148,2.6878,2.6609,2.6339,2.6068,2.5798,2.5528,2.5257,2.4874,2.4445,2.4016,2.3588,2.316,2.2732,2.2304
11.8258,11.841,11.8561,11.8711,11.8859,11.9006,11.9152,11.9296,11.9423,11.9338,11.9252,11.9167,11.9081,11.8996,11.891,11.8824,11.8739,11.8653,11.8664,11.878,11.8897,11.9015,11.9134,11.9255,11.9377,11.95,11.9623,11.9748,11.8682,11.7486,11.6291,11.5097,11.3904,11.2712,11.152,11.033,10.914,10.786,10.6386,10.4913,10.3439,10.1966,10.0493,9.902,9.7547,9.6074,9.4601,9.2904,9.1125,8.9346,8.7566,8.5785,8.4004,8.2222,8.0439,7.8656,7.6739,7.4056,7.1372,6.8687,6.6001,6.3314,6.0625,5.7935,5.5243,5.2549,5.0373,4.8599,4.6824,4.5048,4.3271,4.1494,3.9716,3.7938,3.6158,3.4379,3.3315,3.2266,3.1217,3.0168,2.9118,2.8068,2.7017,2.5967,2.4916,2.4488,2.5024,2.5561,2.61,2.6641,2.7184,2.7729,2.8277,2.8827,2.938,3.002,3.0683,3.1349,3.2018,3.2691,3.3367,3.4047,3.4731,3.5418,3.6193,3.7265,3.8337,3.941,4.0482,4.1556,4.263,4.3704,4.4779,4.5855,4.634,4.6483,4.6623,4.6761,4.6897,4.7031,4.7163,4.7291,4.7418,4.7508,4.6881,4.6251,4.562,4.4986,4.435,4.3712,4.3071,4.2428,4.1782,4.0831,3.9517,3.8201,3.6884,3.5565,3.4245,3.2923,3.16,3.0276,2.895,2.8623,2.846,2.8302,2.8149,2.8001,2.7859,2.7722,2.7592,2.7466,2.7306,2.7036,2.6766,2.6496,2.6225,2.5955,2.5684,2.5413,2.5142,2.4871,2.4497,2.4073,2.365,2.3227,2.2805,2.2382,2.196
11.8035,11.8224,11.8412,11.8599,11.8785,11.8969,11.9152,11.9334,11.9492,11.9409,11.9326,11.9243,11.916,11.9077,11.8994,11.8911,11.8828,11.8745,11.873,11.8785,11.8841,11.8899,11.8958,11.9018,11.9079,11.9142,11.9205,11.9269,11.8113,11.6837,11.5562,11.4288,11.3014,11.1742,11.0471,10.92,10.793,10.6569,10.5019,10.3469,10.1919,10.0369,9.8819,9.727,9.572,9.417,9.262,9.0841,8.898,8.7118,8.5256,8.3393,8.1529,7.9665,7.7799,7.5933,7.3936,7.1183,6.8429,6.5673,6.2916,6.0158,5.7399,5.4638,5.1875,4.9111,4.6921,4.5183,4.3444,4.1705,3.9964,3.8224,3.6482,3.474,3.2997,3.1253,3.0222,2.9211,2.8199,2.7187,2.6174,2.5161,2.4148,2.3135,2.2122,2.1748,2.2406,2.3066,2.3727,2.4391,2.5057,2.5725,2.6395,2.7068,2.7744,2.8509,2.9299,3.0093,3.0889,3.169,3.2493,3.33,3.4112,3.4927,3.58,3.6888,3.7976,3.9064,4.0153,4.1243,4.2333,4.3423,4.4514,4.5606,4.6085,4.6177,4.6267,4.6355,4.6441,4.6524,4.6605,4.6683,4.676,4.6817,4.6149,4.5479,4.4807,4.4133,4.3456,4.2777,4.2096,4.1412,4.0726,3.9762,3.8429,3.7094,3.5759,3.4421,3.3083,3.1743,3.0402,2.9059,2.7714,2.7428,2.7357,2.7291,2.723,2.7175,2.7126,2.7082,2.7043,2.7011,2.6926,2.6655,2.6384,2.6114,2.5842,2.5571,2.53,2.5028,2.4757,2.4485,2.4119,2.3702,2.3284,2.2866,2.2449,2.2032,2.1616
11.7812,11.8039,11.8265,11.8489,11.8712,11.8933,11.9154,11.9373,11.956,11.948,11.94,11.932,11.9239,11.9159,11.9079,11.8998,11.8918,11.8837,11.8794,11.8789,11.8785,11.8782,11.878,11.878,11.8781,11.8782,11.8785,11.8789,11.7542,11.6186,11.4831,11.3477,11.2124,11.0772,10.942,10.8069,10.6719,10.5278,10.3651,10.2024,10.0397,9.8771,9.7145,9.5518,9.3892,9.2265,9.0639,8.8778,8.6834,8.489,8.2945,8.1,7.9054,7.7107,7.5159,7.3211,7.1134,6.831,6.5485,6.2659,5.9832,5.7003,5.4173,5.1341,4.8508,4.5674,4.3468,4.1767,4.0064,3.8361,3.6657,3.4952,3.3247,3.1541,2.9835,2.8128,2.7128,2.6154,2.518,2.4205,2.323,2.2255,2.1279,2.0303,1.9327,1.9005,1.9786,2.0568,2.1352,2.2139,2.2927,2.3718,2.4511,2.5306,2.6105,2.6994,2.7912,2.8833,2.9757,3.0684,3.1615,3.255,3.3489,3.4431,3.5406,3.651,3.7614,3.8719,3.9824,4.0929,4.2035,4.3141,4.4248,4.5356,4.5831,4.5873,4.5913,4.5951,4.5986,4.6019,4.605,4.6078,4.6103,4.6127,4.5419,4.4709,4.3996,4.3281,4.2564,4.1844,4.1122,4.0398,3.9672,3.8693,3.7341,3.5989,3.4634,3.3279,3.1922,3.0564,2.9204,2.7843,2.648,2.6227,2.6248,2.6275,2.6307,2.6344,2.6387,2.6435,2.6489,2.6568,2.6665,2.6494,2.6319,2.6142,2.5963,2.578,2.5595,2.5406,2.5215,2.5021,2.4735,2.4387,2.4034,2.3678,2.3317,2.2952,2.2583
11.7592,11.7856,11.8118,11.838,11.864,11.8899,11.9156,11.9413,11.9629,11.9551,11.9474,11.9396,11.9319,11.9241,11.9163,11.9085,11.9007,11.893,11.8857,11.8791,11.8727,11.8663,11.8601,11.854,11.8481,11.8422,11.8365,11.8308,11.6971,11.5535,11.4099,11.2665,11.1232,10.98,10.8368,10.6938,10.5507,10.3986,10.2282,10.0579,9.8875,9.7172,9.5469,9.3766,9.2063,9.036,8.8657,8.6715,8.4689,8.2662,8.0635,7.8607,7.6579,7.4549,7.2519,7.0489,6.8332,6.5437,6.2542,5.9645,5.6747,5.3848,5.0948,4.8046,4.5142,4.2237,4.0015,3.835,3.6684,3.5017,3.3349,3.1681,3.0012,2.8342,2.6672,2.5002,2.4034,2.3097,2.216,2.1223,2.0285,1.9347,1.8409,1.747,1.6531,1.626,1.7163,1.8068,1.8974,1.9883,2.0794,2.1707,2.2623,2.3541,2.4462,2.5476,2.6521,2.7569,2.8621,2.9676,3.0734,3.1796,3.2861,3.3931,3.5012,3.6132,3.7252,3.8372,3.9493,4.0615,4.1737,4.2859,4.3982,4.5169,4.5729,4.5807,4.5884,4.5961,4.6036,4.611,4.6182,4.6253,4.6323,4.6392,4.5761,4.5112,4.4464,4.3815,4.3165,4.2515,4.1865,4.1214,4.0562,3.9686,3.8437,3.719,3.5943,3.4697,3.3452,3.2207,3.0963,2.972,2.8478,2.8306,2.8443,2.8579,2.8714,2.8847,2.8978,2.9107,2.9235,2.9361,2.9425,2.92,2.8972,2.8742,2.8508,2.8272,2.8033,2.7791,2.7546,2.7299,2.6957,2.6544,2.6126,2.5704,2.5278,2.4847,2.4413
11.8453,11.8672,11.8893,11.9114,11.9338,11.9562,11.9788,12.0015,12.0192,12.0036,11.9884,11.9734,11.9587,11.9442,11.93,11.9161,11.9024,11.8889,11.8729,11.8549,11.8372,11.8199,11.8028,11.786,11.7696,11.7533,11.7373,11.7216,11.5832,11.4364,11.2895,11.1426,10.9957,10.8487,10.7017,10.5546,10.4075,10.2514,10.0778,9.9042,9.7304,9.5567,9.3828,9.2089,9.0349,8.8609,8.6868,8.4891,8.2832,8.0773,7.8712,7.6652,7.459,7.2529,7.0466,6.8404,6.6223,6.3343,6.0463,5.7583,5.4703,5.1824,4.8945,4.6066,4.3189,4.0312,3.8156,3.6598,3.5041,3.3485,3.1932,3.038,2.883,2.7283,2.5738,2.4196,2.3373,2.2591,2.1812,2.1037,2.0267,1.95,1.8738,1.798,1.7228,1.7119,1.819,1.9265,2.0342,2.1423,2.2507,2.3594,2.4685,2.578,2.6878,2.8036,2.9214,3.0395,3.1577,3.2762,3.3949,3.5138,3.633,3.7524,3.8715,3.9885,4.1055,4.2225,4.3395,4.4565,4.5736,4.6906,4.8076,4.9246,4.9779,4.9799,4.9819,4.9838,4.9855,4.9871,4.9886,4.99,4.9912,4.9923,4.9276,4.8596,4.7916,4.7236,4.6555,4.5874,4.5192,4.4509,4.3827,4.2944,4.169,4.0437,3.9184,3.7933,3.6682,3.5432,3.4183,3.2934,3.1686,3.144,3.1536,3.1629,3.1721,3.1812,3.1901,3.1988,3.2073,3.2157,3.2189,3.191,3.1629,3.1345,3.1058,3.0768,3.0476,3.018,2.9882,2.958,2.9185,2.8706,2.8222,2.7735,2.7243,2.6747,2.6247
11.943,11.9617,11.9805,11.9995,12.0186,12.0379,12.0573,12.0768,12.0898,12.0652,12.0408,12.0167,11.9928,11.9693,11.946,11.9229,11.9001,11.8775,11.849,11.8158,11.7829,11.7504,11.7182,11.6862,11.6545,11.6231,11.592,11.561,11.4201,11.2728,11.1254,10.978,10.8305,10.683,10.5355,10.3879,10.2402,10.0841,9.912,9.7399,9.5676,9.3953,9.2229,9.0505,8.878,8.7054,8.5328,8.3381,8.1356,7.9332,7.7306,7.5281,7.3254,7.1227,6.92,6.7172,6.504,6.2283,5.9527,5.6771,5.4014,5.1259,4.8503,4.5748,4.2994,4.0241,3.8222,3.682,3.542,3.4022,3.2626,3.1231,2.9839,2.8449,2.7061,2.5676,2.5038,2.4449,2.3863,2.3282,2.2704,2.213,2.1561,2.0996,2.0437,2.0467,2.1629,2.2793,2.3961,2.5132,2.6307,2.7485,2.8666,2.9851,3.104,3.2239,3.3443,3.4649,3.5858,3.7068,3.8281,3.9496,4.0713,4.1932,4.3141,4.4273,4.5404,4.6535,4.7667,4.8798,4.993,5.1061,5.2192,5.3324,5.3831,5.3794,5.3756,5.3717,5.3677,5.3636,5.3593,5.3549,5.3504,5.3457,5.2793,5.2082,5.137,5.0659,4.9946,4.9234,4.8521,4.7807,4.7093,4.6202,4.4942,4.3684,4.2426,4.1169,3.9912,3.8657,3.7402,3.6148,3.4895,3.4577,3.463,3.4682,3.4732,3.478,3.4826,3.4871,3.4915,3.4956,3.4956,3.4624,3.4289,3.3951,3.3611,3.3268,3.2922,3.2573,3.2221,3.1866,3.1417,3.0872,3.0323,2.977,2.9213,2.8652,2.8086
12.0405,12.056,12.0717,12.0875,12.1034,12.1195,12.1357,12.152,12.1602,12.1264,12.0929,12.0597,12.0268,11.9941,11.9617,11.9295,11.8975,11.8658,11.8247,11.7763,11.7283,11.6806,11.6332,11.5861,11.5392,11.4927,11.4463,11.4002,11.2571,11.1092,10.9613,10.8134,10.6654,10.5173,10.3693,10.2211,10.0729,9.9169,9.7463,9.5756,9.4048,9.234,9.0631,8.8921,8.7211,8.55,8.3788,8.187,7.9881,7.7891,7.59,7.391,7.1918,6.9926,6.7934,6.5941,6.3856,6.1224,5.8591,5.5958,5.3325,5.0693,4.8061,4.5429,4.2798,4.0169,3.8286,3.7042,3.5799,3.4558,3.3318,3.2081,3.0845,2.9612,2.8382,2.7154,2.6701,2.6304,2.5912,2.5523,2.5138,2.4757,2.438,2.4009,2.3642,2.3813,2.5065,2.632,2.7578,2.884,3.0105,3.1373,3.2645,3.392,3.5199,3.6442,3.7672,3.8903,4.0137,4.1373,4.2612,4.3852,4.5095,4.634,4.7569,4.8661,4.9754,5.0847,5.194,5.3032,5.4125,5.5218,5.6311,5.7403,5.7886,5.7791,5.7696,5.7599,5.7501,5.7402,5.7302,5.7201,5.7098,5.6994,5.6311,5.5569,5.4826,5.4083,5.3339,5.2595,5.1851,5.1106,5.0361,4.946,4.8195,4.6931,4.5668,4.4405,4.3143,4.1882,4.0622,3.9362,3.8103,3.7717,3.7728,3.7737,3.7744,3.775,3.7755,3.7757,3.7758,3.7758,3.7727,3.7341,3.6953,3.6561,3.6168,3.5771,3.5371,3.4969,3.4564,3.4155,3.3654,3.3044,3.2429,3.1811,3.1188,3.0561,2.993
12.1379,12.1503,12.1627,12.1753,12.1881,12.201,12.214,12.2271,12.2303,12.1874,12.1448,12.1025,12.0604,12.0186,11.9771,11.9358,11.8948,11.8539,11.8001,11.7365,11.6733,11.6105,11.5479,11.4856,11.4236,11.3619,11.3004,11.2391,11.094,10.9456,10.7972,10.6487,10.5002,10.3516,10.203,10.0544,9.9057,9.7497,9.5805,9.4113,9.242,9.0726,8.9032,8.7337,8.5641,8.3945,8.2248,8.0359,7.8405,7.645,7.4495,7.2538,7.0582,6.8625,6.6667,6.471,6.2673,6.0164,5.7654,5.5145,5.2635,5.0126,4.7618,4.511,4.2602,4.0096,3.8349,3.7261,3.6176,3.5091,3.4009,3.2928,3.185,3.0774,2.97,2.8629,2.836,2.8157,2.7957,2.776,2.7568,2.738,2.7196,2.7017,2.6843,2.7158,2.85,2.9845,3.1194,3.2545,3.39,3.5259,3.6621,3.7987,3.9356,4.0644,4.1899,4.3156,4.4416,4.5678,4.6942,4.8208,4.9477,5.0747,5.1997,5.3051,5.4105,5.5159,5.6214,5.7268,5.8322,5.9376,6.0431,6.1484,6.1942,6.179,6.1637,6.1483,6.1328,6.1172,6.1014,6.0855,6.0695,6.0533,5.9831,5.9057,5.8283,5.7509,5.6734,5.5959,5.5183,5.4407,5.363,5.2719,5.1449,5.0179,4.891,4.7642,4.6375,4.5108,4.3842,4.2577,4.1312,4.0859,4.0827,4.0794,4.076,4.0723,4.0686,4.0646,4.0605,4.0562,4.0501,4.0062,3.962,3.9175,3.8728,3.8278,3.7825,3.7369,3.691,3.6448,3.5896,3.522,3.454,3.3856,3.3168,3.2476,3.1779
12.2352,12.2444,12.2537,12.2631,12.2727,12.2824,12.2922,12.3022,12.3001,12.2481,12.1964,12.145,12.0939,12.043,11.9923,11.9419,11.8918,11.8418,11.7751,11.6964,11.618,11.54,11.4623,11.3849,11.3077,11.2308,11.1542,11.0778,10.931,10.782,10.6331,10.4841,10.335,10.1859,10.0368,9.8876,9.7384,9.5825,9.4148,9.247,9.0792,8.9113,8.7433,8.5753,8.4072,8.2391,8.0709,7.8849,7.6929,7.5009,7.3089,7.1168,6.9246,6.7324,6.5401,6.3478,6.1489,5.9103,5.6717,5.4331,5.1945,4.9559,4.7174,4.4789,4.2405,4.0022,3.841,3.748,3.6551,3.5624,3.4698,3.3774,3.2853,3.1933,3.1017,3.0102,3.0017,3.0006,2.9999,2.9995,2.9995,3,3.0008,3.0022,3.004,3.05,3.1932,3.3368,3.4807,3.6249,3.7694,3.9143,4.0595,4.2051,4.3511,4.4845,4.6126,4.7409,4.8694,4.9981,5.1271,5.2563,5.3857,5.5154,5.6427,5.7443,5.8458,5.9474,6.0489,6.1505,6.2521,6.3536,6.4552,6.5567,6.6002,6.5792,6.5582,6.537,6.5157,6.4944,6.4729,6.4512,6.4294,6.4075,6.3352,6.2547,6.1742,6.0936,6.013,5.9324,5.8517,5.7709,5.6901,5.5978,5.4702,5.3427,5.2153,5.0879,4.9606,4.8334,4.7062,4.5792,4.4522,4.4003,4.393,4.3854,4.3778,4.3699,4.3619,4.3538,4.3454,4.3369,4.3279,4.2786,4.2291,4.1793,4.1292,4.0788,4.0282,3.9773,3.926,3.8745,3.8142,3.7401,3.6656,3.5907,3.5153,3.4395,3.3633
12.3324,12.3384,12.3445,12.3507,12.3571,12.3636,12.3703,12.3771,12.3697,12.3086,12.2478,12.1873,12.127,12.067,12.0073,11.9478,11.8885,11.8295,11.7497,11.6559,11.5624,11.4692,11.3764,11.2838,11.1915,11.0995,11.0077,10.9161,10.7679,10.6184,10.469,10.3194,10.1699,10.0202,9.8706,9.7208,9.5711,9.4153,9.2491,9.0828,8.9164,8.75,8.5835,8.4169,8.2503,8.0837,7.9169,7.7338,7.5454,7.3569,7.1683,6.9797,6.791,6.6023,6.4135,6.2247,6.0306,5.8043,5.578,5.3517,5.1254,4.8991,4.6729,4.4468,4.2207,3.9947,3.8471,3.7697,3.6925,3.6154,3.5385,3.4618,3.3854,3.3091,3.2331,3.1573,3.1671,3.1852,3.2037,3.2226,3.2419,3.2616,3.2817,3.3023,3.3233,3.3841,3.5363,3.6889,3.8418,3.995,4.1485,4.3024,4.4567,4.6113,4.7663,4.9045,5.0352,5.166,5.2971,5.4284,5.56,5.6917,5.8237,5.9559,6.0859,6.1835,6.2812,6.3789,6.4766,6.5743,6.6721,6.7698,6.8675,6.9651,7.0063,6.9796,6.9528,6.9259,6.8989,6.8718,6.8445,6.8172,6.7896,6.762,6.6875,6.6039,6.5202,6.4365,6.3528,6.269,6.1852,6.1013,6.0174,5.9238,5.7956,5.6675,5.5396,5.4116,5.2838,5.156,5.0283,4.9007,4.7732,4.715,4.7035,4.6917,4.6798,4.6678,4.6555,4.6432,4.6306,4.6179,4.605,4.5514,4.4965,4.4414,4.3859,4.3303,4.2743,4.218,4.1615,4.1046,4.0393,3.9587,3.8776,3.7962,3.7143,3.632,3.5493
12.4295,12.4323,12.4352,12.4383,12.4415,12.4448,12.4483,12.4519,12.439,12.3688,12.2989,12.2293,12.1599,12.0909,12.022,11.9534,11.8851,11.817,11.724,11.615,11.5064,11.3981,11.2902,11.1825,11.075,10.9679,10.8609,10.7542,10.6048,10.4548,10.3048,10.1548,10.0047,9.8545,9.7043,9.5541,9.4038,9.2481,9.0833,8.9185,8.7536,8.5887,8.4237,8.2586,8.0934,7.9282,7.763,7.5828,7.3979,7.2128,7.0277,6.8426,6.6574,6.4721,6.2868,6.1015,5.9121,5.6982,5.4842,5.2702,5.0562,4.8423,4.6284,4.4146,4.2008,3.9871,3.853,3.7913,3.7297,3.6683,3.6071,3.5461,3.4852,3.4246,3.3643,3.3042,3.3322,3.3696,3.4073,3.4454,3.4839,3.5228,3.5622,3.602,3.6423,3.7179,3.8792,4.0408,4.2027,4.3649,4.5275,4.6904,4.8536,5.0172,5.1812,5.3245,5.4577,5.5911,5.7248,5.8587,5.9927,6.127,6.2616,6.3963,6.5291,6.6229,6.7168,6.8106,6.9045,6.9983,7.0922,7.186,7.2799,7.3737,7.4127,7.3802,7.3477,7.3151,7.2823,7.2495,7.2165,7.1834,7.1501,7.1167,7.0399,6.9531,6.8664,6.7796,6.6927,6.6058,6.5189,6.4319,6.3448,6.2497,6.121,5.9924,5.8639,5.7354,5.607,5.4787,5.3504,5.2223,5.0942,5.03,5.0142,4.9982,4.9821,4.9659,4.9494,4.9328,4.9161,4.8991,4.882,4.8245,4.7643,4.7038,4.6431,4.582,4.5207,4.4591,4.3973,4.3351,4.2649,4.1777,4.0901,4.0021,3.9137,3.8249,3.7357
12.5264,12.5261,12.5258,12.5257,12.5257,12.5259,12.5262,12.5266,12.508,12.4287,12.3497,12.271,12.1926,12.1144,12.0365,11.9589,11.8814,11.8042,11.6979,11.5738,11.4501,11.3267,11.2036,11.0808,10.9582,10.8359,10.7139,10.5921,10.4417,10.2912,10.1407,9.9901,9.8395,9.6888,9.5381,9.3873,9.2365,9.0809,8.9177,8.7543,8.5909,8.4274,8.2638,8.1002,7.9366,7.7728,7.609,7.4318,7.2503,7.0688,6.8872,6.7055,6.5238,6.342,6.1602,5.9784,5.7937,5.5921,5.3904,5.1887,4.987,4.7854,4.5838,4.3823,4.1808,3.9794,3.8588,3.8127,3.7668,3.721,3.6755,3.6301,3.5849,3.54,3.4953,3.4509,3.497,3.5536,3.6106,3.6679,3.7256,3.7837,3.8423,3.9013,3.9608,4.0516,4.2219,4.3925,4.5634,4.7346,4.9062,5.0781,5.2503,5.4229,5.5959,5.7444,5.8802,6.0162,6.1524,6.2888,6.4254,6.5623,6.6994,6.8367,6.9725,7.0625,7.1524,7.2424,7.3324,7.4225,7.5125,7.6025,7.6925,7.7824,7.8193,7.7811,7.7429,7.7045,7.666,7.6274,7.5887,7.5498,7.5108,7.4717,7.3924,7.3026,7.2127,7.1228,7.0328,6.9428,6.8527,6.7626,6.6724,6.5757,6.4465,6.3173,6.1882,6.0592,5.9302,5.8014,5.6726,5.5439,5.4152,5.3452,5.3252,5.305,5.2847,5.2642,5.2436,5.2228,5.2018,5.1806,5.1593,5.098,5.0324,4.9666,4.9005,4.8342,4.7676,4.7006,4.6334,4.5659,4.4909,4.3972,4.3031,4.2086,4.1137,4.0183,3.9226
12.6233,12.6197,12.6163,12.613,12.6099,12.6069,12.604,12.6012,12.5767,12.4884,12.4003,12.3125,12.225,12.1378,12.0508,11.964,11.8775,11.7912,11.6715,11.5323,11.3935,11.2549,11.1167,10.9788,10.8411,10.7037,10.5666,10.4296,10.2786,10.1276,9.9765,9.8254,9.6743,9.5231,9.3718,9.2205,9.0692,8.9138,8.752,8.5901,8.4281,8.2661,8.104,7.9419,7.7797,7.6174,7.4551,7.2808,7.1028,6.9248,6.7466,6.5684,6.3902,6.2119,6.0336,5.8552,5.6753,5.4859,5.2965,5.1071,4.9178,4.7285,4.5392,4.3499,4.1608,3.9717,3.8644,3.834,3.8037,3.7736,3.7437,3.714,3.6844,3.6551,3.6261,3.5973,3.6616,3.7374,3.8135,3.89,3.967,4.0443,4.1221,4.2003,4.279,4.3851,4.5643,4.7439,4.9238,5.1041,5.2846,5.4655,5.6468,5.8284,6.0104,6.1642,6.3025,6.4411,6.5799,6.7188,6.858,6.9975,7.1371,7.277,7.416,7.5021,7.5883,7.6744,7.7606,7.8467,7.9329,8.019,8.1052,8.1913,8.2261,8.1822,8.1382,8.0941,8.0499,8.0056,7.9611,7.9165,7.8718,7.827,7.7452,7.6522,7.5592,7.4661,7.373,7.2799,7.1867,7.0935,7.0002,6.9018,6.772,6.6422,6.5126,6.383,6.2535,6.1241,5.9947,5.8655,5.7363,5.6607,5.6364,5.6121,5.5875,5.5628,5.538,5.513,5.4878,5.4624,5.4369,5.3718,5.3009,5.2298,5.1584,5.0867,5.0148,4.9425,4.87,4.7971,4.7175,4.6172,4.5166,4.4156,4.3141,4.2123,4.11
12.72,12.7133,12.7067,12.7003,12.6939,12.6878,12.6817,12.6758,12.6452,12.5478,12.4506,12.3538,12.2572,12.1609,12.0648,11.969,11.8734,11.778,11.6447,11.4904,11.3365,11.1829,11.0295,10.8765,10.7238,10.5713,10.419,10.267,10.1155,9.9639,9.8124,9.6607,9.509,9.3573,9.2055,9.0537,8.9018,8.7467,8.5863,8.4259,8.2654,8.1049,7.9442,7.7836,7.6228,7.462,7.3011,7.1299,6.9553,6.7807,6.6061,6.4314,6.2566,6.0818,5.9069,5.732,5.5568,5.3797,5.2026,5.0256,4.8485,4.6714,4.4944,4.3175,4.1406,3.9638,3.8699,3.8551,3.8405,3.826,3.8117,3.7976,3.7838,3.7701,3.7567,3.7435,3.8258,3.9208,4.0161,4.1119,4.208,4.3045,4.4015,4.4989,4.5968,4.7184,4.9066,5.0952,5.2841,5.4733,5.6629,5.8528,6.0431,6.2337,6.4247,6.584,6.7249,6.866,7.0073,7.1488,7.2906,7.4326,7.5748,7.7172,7.8596,7.9419,8.0242,8.1065,8.1888,8.2711,8.3534,8.4358,8.5181,8.6004,8.6332,8.5836,8.5338,8.484,8.4341,8.384,8.3338,8.2835,8.2331,8.1825,8.098,8.0019,7.9058,7.8096,7.7134,7.6171,7.5208,7.4245,7.3281,7.2278,7.0975,6.9672,6.837,6.7069,6.5768,6.4468,6.317,6.1871,6.0574,5.9764,5.9479,5.9193,5.8906,5.8617,5.8327,5.8035,5.7741,5.7445,5.7148,5.646,5.5698,5.4933,5.4166,5.3396,5.2623,5.1847,5.1069,5.0287,4.9444,4.8377,4.7306,4.623,4.5151,4.4067,4.2979
12.8167,12.8068,12.797,12.7874,12.7779,12.7685,12.7593,12.7502,12.7134,12.6069,12.5007,12.3948,12.2891,12.1837,12.0786,11.9737,11.869,11.7646,11.6175,11.4482,11.2792,11.1105,10.942,10.7739,10.6061,10.4385,10.2711,10.1044,9.9524,9.8003,9.6482,9.496,9.3438,9.1916,9.0393,8.8869,8.7345,8.5796,8.4207,8.2617,8.1027,7.9436,7.7845,7.6252,7.466,7.3066,7.1472,6.9789,6.8079,6.6367,6.4656,6.2943,6.123,5.9517,5.7803,5.6089,5.4383,5.2735,5.1087,4.9439,4.7791,4.6144,4.4496,4.285,4.1204,3.9559,3.8753,3.8761,3.8771,3.8783,3.8796,3.8811,3.8829,3.8848,3.887,3.8895,3.9898,4.104,4.2185,4.3334,4.4487,4.5644,4.6805,4.7971,4.9142,5.0515,5.2487,5.4463,5.6442,5.8424,6.0409,6.2398,6.4391,6.6387,6.8386,7.0036,7.1471,7.2908,7.4346,7.5787,7.723,7.8676,8.0123,8.1573,8.3025,8.3818,8.4603,8.5387,8.6172,8.6957,8.7742,8.8526,8.9311,9.0095,9.0405,8.9851,8.9297,8.8741,8.8185,8.7627,8.7068,8.6508,8.5946,8.5383,8.451,8.3518,8.2525,8.1532,8.0539,7.9546,7.8552,7.7557,7.6562,7.5539,7.423,7.2922,7.1614,7.0308,6.9002,6.7696,6.6392,6.5088,6.3785,6.2923,6.2597,6.2269,6.194,6.1609,6.1276,6.0942,6.0606,6.0269,5.9929,5.9205,5.839,5.7572,5.6752,5.5929,5.5103,5.4274,5.3442,5.2607,5.1719,5.0586,4.945,4.8309,4.7165,4.6016,4.4862
12.9132,12.9001,12.8872,12.8744,12.8617,12.8492,12.8368,12.8245,12.7813,12.6657,12.5505,12.4355,12.3208,12.2063,12.0921,11.9782,11.8645,11.751,11.5901,11.4056,11.2215,11.0377,10.8542,10.671,10.4881,10.3054,10.123,9.9418,9.7892,9.6366,9.484,9.3313,9.1786,9.0258,8.873,8.7201,8.5672,8.4125,8.255,8.0976,7.94,7.7824,7.6247,7.4669,7.3091,7.1512,6.9933,6.828,6.6604,6.4927,6.325,6.1573,5.9894,5.8216,5.6537,5.4857,5.3198,5.1673,5.0148,4.8622,4.7097,4.5572,4.4048,4.2524,4.1001,3.9478,3.8806,3.897,3.9136,3.9304,3.9473,3.9645,3.9818,3.9994,4.0172,4.0352,4.1535,4.2868,4.4205,4.5545,4.689,4.8239,4.9592,5.0949,5.2312,5.3844,5.5906,5.7972,6.0041,6.2113,6.4188,6.6266,6.8349,7.0434,7.2524,7.4233,7.5693,7.7155,7.8619,8.0086,8.1554,8.3025,8.4498,8.5974,8.7451,8.8219,8.8965,8.9711,9.0457,9.1204,9.195,9.2696,9.3443,9.4189,9.448,9.3869,9.3258,9.2645,9.2031,9.1416,9.08,9.0182,8.9564,8.8943,8.8041,8.7018,8.5994,8.4971,8.3946,8.2921,8.1896,8.0871,7.9844,7.88,7.7486,7.6172,7.4859,7.3547,7.2235,7.0925,6.9615,6.8305,6.6997,6.6085,6.5717,6.5347,6.4976,6.4603,6.4228,6.3852,6.3474,6.3095,6.2713,6.1954,6.1086,6.0215,5.9341,5.8465,5.7586,5.6703,5.5818,5.4931,5.3998,5.2801,5.1599,5.0393,4.9184,4.797,4.6751
13.0096,12.9933,12.9772,12.9613,12.9455,12.9298,12.9142,12.8988,12.8489,12.7243,12.6,12.476,12.3522,12.2287,12.1054,11.9824,11.8597,11.7371,11.5622,11.3627,11.1635,10.9647,10.7661,10.5678,10.3698,10.1721,9.9746,9.7792,9.6261,9.473,9.3198,9.1666,9.0134,8.86,8.7067,8.5533,8.3999,8.2454,8.0894,7.9334,7.7773,7.6212,7.4649,7.3086,7.1523,6.9959,6.8394,6.6771,6.5129,6.3488,6.1845,6.0202,5.8559,5.6915,5.527,5.3625,5.2013,5.061,4.9208,4.7805,4.6403,4.5,4.3599,4.2197,4.0797,3.9397,3.8857,3.9177,3.95,3.9823,4.0149,4.0476,4.0805,4.1137,4.1471,4.1808,4.3169,4.4694,4.6222,4.7754,4.929,5.083,5.2375,5.3924,5.5478,5.7171,5.9324,6.1479,6.3637,6.5799,6.7964,7.0132,7.2304,7.448,7.6659,7.8428,7.9914,8.1401,8.2891,8.4383,8.5877,8.7374,8.8872,9.0373,9.1876,9.2621,9.3328,9.4036,9.4744,9.5452,9.616,9.6868,9.7576,9.8284,9.8558,9.789,9.7221,9.6551,9.588,9.5208,9.4534,9.386,9.3184,9.2506,9.1574,9.052,8.9465,8.841,8.7355,8.6299,8.5243,8.4186,8.3129,8.2062,8.0742,7.9422,7.8104,7.6786,7.5469,7.4153,7.2838,7.1523,7.0209,6.925,6.8839,6.8427,6.8014,6.7599,6.7175,6.6728,6.628,6.5833,6.5386,6.4574,6.364,6.2707,6.1775,6.0846,5.9917,5.899,5.8065,5.7141,5.6189,5.4977,5.3768,5.2564,5.1364,5.0168,4.8976
13.1054,13.0865,13.0672,13.0481,13.0291,13.0102,12.9915,12.9729,12.9163,12.7826,12.6493,12.5162,12.3834,12.2508,12.1185,11.9865,11.8546,11.723,11.534,11.3194,11.1052,10.8913,10.6777,10.4643,10.2513,10.0385,9.8259,9.6165,9.4629,9.3093,9.1556,9.0019,8.8481,8.6943,8.5404,8.3865,8.2325,8.0783,7.9238,7.7693,7.6146,7.4599,7.3052,7.1503,6.9955,6.8405,6.6855,6.5262,6.3655,6.2048,6.044,5.8832,5.7223,5.5614,5.4004,5.2394,5.0828,4.9548,4.8267,4.6987,4.5707,4.4428,4.3148,4.187,4.0592,3.9315,3.8907,3.9383,3.9861,4.0341,4.0822,4.1306,4.1791,4.2279,4.2768,4.3261,4.48,4.6516,4.8236,4.9959,5.1687,5.3419,5.5155,5.6895,5.864,6.0497,6.2739,6.4984,6.7232,6.9483,7.1738,7.3996,7.6258,7.8523,8.0792,8.2623,8.4134,8.5647,8.7162,8.868,9.0199,9.1721,9.3245,9.4772,9.6301,9.7024,9.7693,9.8355,9.8994,9.9632,10.0267,10.0901,10.1532,10.2162,10.2381,10.1623,10.0866,10.0108,9.935,9.8591,9.7833,9.7074,9.6314,9.5555,9.4566,9.3455,9.2345,9.1235,9.0126,8.9018,8.791,8.6802,8.5695,8.4587,8.3234,8.1881,8.053,7.9179,7.7829,7.6481,7.5133,7.3786,7.244,7.1417,7.0961,7.0507,7.0052,6.9598,6.9143,6.869,6.8236,6.7783,6.733,6.6541,6.5618,6.4698,6.3778,6.286,6.1944,6.1029,6.0116,5.9204,5.8277,5.7111,5.5948,5.479,5.3636,5.2486,5.134
13.112,13.083,13.0544,13.0262,12.9983,12.9708,12.9437,12.9169,12.8525,12.7165,12.5807,12.4449,12.3092,12.1735,12.038,11.9025,11.767,11.6317,11.4346,11.2114,10.9884,10.7655,10.5427,10.32,10.0975,9.875,9.6526,9.4343,9.2785,9.1227,8.9669,8.8111,8.6553,8.4995,8.3436,8.1877,8.0318,7.8766,7.7224,7.5681,7.4137,7.2593,7.1048,6.9502,6.7956,6.6408,6.4861,6.3275,6.1679,6.0081,5.8483,5.6885,5.5285,5.3684,5.2083,5.0481,4.8938,4.778,4.6622,4.5464,4.4305,4.3146,4.1987,4.0828,3.967,3.8512,3.8211,3.8794,3.9379,3.9963,4.0548,4.1134,4.172,4.2307,4.2894,4.3483,4.5215,4.7153,4.9096,5.1042,5.2993,5.4949,5.691,5.8877,6.0849,6.2896,6.5212,6.753,6.9851,7.2175,7.4501,7.683,7.9162,8.1498,8.3836,8.5701,8.7199,8.8698,9.0198,9.17,9.3202,9.4705,9.6209,9.7714,9.9221,9.9868,10.0439,10.1008,10.1576,10.2143,10.2707,10.327,10.383,10.4389,10.4578,10.3798,10.3018,10.2239,10.1458,10.0678,9.9897,9.9116,9.8335,9.7553,9.6562,9.545,9.4337,9.3225,9.2114,9.1003,8.9893,8.8783,8.7674,8.6565,8.5221,8.3873,8.2526,8.118,7.9835,7.8491,7.7148,7.5805,7.4464,7.3416,7.2954,7.2493,7.2032,7.1572,7.1112,7.0652,7.0192,6.9733,6.9274,6.8506,6.7596,6.6688,6.578,6.4875,6.397,6.3068,6.2166,6.1267,6.0362,5.9242,5.8125,5.7013,5.5905,5.4801,5.3702
13.1182,13.078,13.0381,12.9987,12.9596,12.9208,12.8824,12.8444,12.7697,12.63,12.4904,12.3508,12.2113,12.0719,11.9325,11.7932,11.654,11.5148,11.3101,11.0792,10.8485,10.6178,10.3874,10.157,9.9267,9.6965,9.4664,9.2412,9.0819,8.9227,8.7634,8.604,8.4447,8.2854,8.126,7.9666,7.8072,7.6494,7.494,7.3385,7.1829,7.0272,6.8715,6.7157,6.5599,6.404,6.248,6.088,5.9269,5.7657,5.6045,5.4431,5.2817,5.1202,4.9586,4.7969,4.6429,4.5397,4.4363,4.333,4.2296,4.1262,4.0228,3.9194,3.816,3.7127,3.6921,3.7585,3.8248,3.8912,3.9577,4.0242,4.0908,4.1574,4.2241,4.2909,4.4868,4.707,4.9277,5.1488,5.3703,5.5923,5.8149,6.038,6.2616,6.4889,6.7292,6.9697,7.2104,7.4515,7.6928,7.9344,8.1763,8.4185,8.6611,8.8527,9.0027,9.1529,9.3031,9.4534,9.6039,9.7544,9.905,10.0558,10.2066,10.2665,10.3165,10.3664,10.4161,10.4656,10.515,10.5641,10.6131,10.6619,10.6776,10.5974,10.5172,10.437,10.3568,10.2765,10.1963,10.1159,10.0356,9.9552,9.8559,9.7444,9.6329,9.5215,9.4102,9.2989,9.1876,9.0764,8.9653,8.8542,8.7208,8.5865,8.4523,8.3181,8.1841,8.0501,7.9162,7.7824,7.6487,7.5415,7.4947,7.448,7.4013,7.3547,7.3081,7.2615,7.2149,7.1684,7.1218,7.0471,6.9573,6.8677,6.7782,6.6888,6.5996,6.5105,6.4216,6.3328,6.2442,6.1369,6.0299,5.9233,5.8171,5.7113,5.6059
13.124,13.0725,13.0215,12.9708,12.9204,12.8704,12.8208,12.7715,12.6869,12.5434,12.3999,12.2566,12.1133,11.9701,11.8269,11.6838,11.5408,11.3979,11.1854,10.9468,10.7084,10.4701,10.2319,9.9938,9.7558,9.5179,9.2801,9.0482,8.8854,8.7225,8.5597,8.3969,8.2341,8.0712,7.9083,7.7454,7.5825,7.4222,7.2656,7.1088,6.952,6.7952,6.6383,6.4813,6.3242,6.1671,6.0099,5.8485,5.6859,5.5233,5.3606,5.1978,5.0349,4.8719,4.7089,4.5457,4.3921,4.3013,4.2104,4.1195,4.0286,3.9377,3.8467,3.7558,3.6649,3.5741,3.5631,3.6374,3.7118,3.7861,3.8605,3.935,4.0095,4.0841,4.1587,4.2335,4.4516,4.6983,4.9454,5.1929,5.4408,5.6893,5.9382,6.1877,6.4378,6.688,6.937,7.1862,7.4356,7.6853,7.9353,8.1856,8.4362,8.6871,8.9383,9.1353,9.2856,9.4359,9.5864,9.7369,9.8876,10.0383,10.1892,10.3401,10.4912,10.5464,10.5894,10.6321,10.6748,10.7172,10.7595,10.8016,10.8435,10.8852,10.8975,10.8151,10.7327,10.6503,10.5679,10.4854,10.4029,10.3204,10.2378,10.1552,10.0556,9.9439,9.8322,9.7206,9.609,9.4975,9.386,9.2746,9.1632,9.0519,8.9195,8.7857,8.6519,8.5182,8.3846,8.2511,8.1177,7.9843,7.8511,7.7414,7.6941,7.6468,7.5995,7.5522,7.505,7.4578,7.4106,7.3635,7.3163,7.2436,7.155,7.0665,6.9782,6.89,6.802,6.7142,6.6264,6.5389,6.4514,6.3493,6.2469,6.1449,6.0433,5.9421,5.8413
13.1294,13.0667,13.0044,12.9425,12.8809,12.8197,12.7588,12.6983,12.604,12.4566,12.3094,12.1623,12.0152,11.8682,11.7212,11.5744,11.4276,11.2808,11.0605,10.8142,10.5681,10.3221,10.0762,9.8304,9.5847,9.3391,9.0936,8.855,8.6887,8.5224,8.3561,8.1897,8.0234,7.857,7.6906,7.5242,7.3577,7.195,7.0371,6.8792,6.7212,6.5631,6.405,6.2468,6.0885,5.9302,5.7718,5.609,5.445,5.2809,5.1167,4.9524,4.7881,4.6236,4.4591,4.2945,4.1412,4.0629,3.9845,3.9061,3.8276,3.7491,3.6707,3.5922,3.5138,3.4354,3.4341,3.5163,3.5986,3.6809,3.7632,3.8456,3.9281,4.0106,4.0933,4.176,4.4161,4.6891,4.9626,5.2365,5.5109,5.7857,6.0611,6.337,6.6134,6.887,7.1446,7.4024,7.6605,7.9189,8.1776,8.4366,8.6958,8.9554,9.2153,9.4179,9.5684,9.719,9.8696,10.0204,10.1712,10.3222,10.4733,10.6244,10.7757,10.8266,10.8625,10.8982,10.9337,10.9691,11.0043,11.0393,11.0741,11.1087,11.1174,11.0329,10.9483,10.8636,10.779,10.6943,10.6096,10.5249,10.4402,10.3554,10.2553,10.1434,10.0314,9.9196,9.8078,9.696,9.5843,9.4727,9.3611,9.2496,9.1182,8.9848,8.8515,8.7182,8.5851,8.452,8.3191,8.1862,8.0534,7.9414,7.8935,7.8455,7.7977,7.7498,7.702,7.6541,7.6064,7.5586,7.5109,7.4399,7.3525,7.2653,7.1782,7.0912,7.0044,6.9177,6.8312,6.7448,6.6586,6.5614,6.4636,6.3662,6.2692,6.1726,6.0764
13.1345,13.0605,12.987,12.9139,12.8411,12.7686,12.6965,12.6248,12.5209,12.3698,12.2188,12.0678,11.917,11.7662,11.6155,11.4648,11.3142,11.1637,10.9355,10.6815,10.4277,10.174,9.9204,9.6669,9.4135,9.1602,8.907,8.6618,8.492,8.3222,8.1523,7.9825,7.8126,7.6427,7.4728,7.3029,7.133,6.9678,6.8087,6.6496,6.4903,6.3311,6.1717,6.0123,5.8528,5.6933,5.5337,5.3695,5.204,5.0384,4.8728,4.707,4.5412,4.3754,4.2094,4.0434,3.8903,3.8244,3.7585,3.6925,3.6265,3.5605,3.4945,3.4285,3.3625,3.2966,3.305,3.3952,3.4854,3.5756,3.6659,3.7562,3.8466,3.9371,4.0276,4.1183,4.3802,4.6796,4.9794,5.2797,5.5805,5.8817,6.1834,6.4857,6.7885,7.0857,7.352,7.6185,7.8853,8.1524,8.4197,8.6873,8.9553,9.2235,9.4921,9.7005,9.8512,10.002,10.1529,10.3038,10.4549,10.6061,10.7574,10.9087,11.0602,11.1071,11.1358,11.1645,11.1929,11.2212,11.2493,11.2772,11.305,11.3325,11.3375,11.2507,11.1639,11.0771,10.9902,10.9034,10.8165,10.7295,10.6426,10.5556,10.455,10.3428,10.2307,10.1186,10.0066,9.8946,9.7827,9.6708,9.559,9.4473,9.3169,9.1839,9.051,8.9182,8.7856,8.653,8.5204,8.388,8.2557,8.1414,8.0929,8.0444,7.9959,7.9474,7.899,7.8505,7.8022,7.7538,7.7055,7.6362,7.55,7.4639,7.378,7.2923,7.2067,7.1212,7.0359,6.9507,6.8657,6.7731,6.6799,6.5871,6.4947,6.4027,6.3111
13.1391,13.054,12.9692,12.8848,12.8008,12.7172,12.6339,12.5509,12.4377,12.2828,12.128,11.9733,11.8187,11.6641,11.5096,11.3552,11.2008,11.0465,10.8102,10.5486,10.2871,10.0257,9.7644,9.5032,9.2422,8.9812,8.7203,8.4685,8.2952,8.1219,7.9485,7.7752,7.6018,7.4284,7.255,7.0816,6.9081,6.7406,6.5803,6.4199,6.2595,6.099,5.9385,5.7778,5.6171,5.4564,5.2956,5.13,4.963,4.796,4.6289,4.4617,4.2944,4.1271,3.9597,3.7922,3.6394,3.586,3.5325,3.479,3.4254,3.3718,3.3183,3.2647,3.2112,3.1577,3.1758,3.2739,3.372,3.4702,3.5684,3.6667,3.765,3.8635,3.9619,4.0605,4.3438,4.6696,4.9958,5.3225,5.6496,5.9772,6.3053,6.6339,6.9631,7.2843,7.5592,7.8344,8.1099,8.3856,8.6616,8.9379,9.2145,9.4914,9.7686,9.9831,10.134,10.285,10.4361,10.5873,10.7386,10.89,11.0415,11.193,11.3447,11.3878,11.4095,11.431,11.4524,11.4736,11.4946,11.5155,11.5361,11.5566,11.5577,11.4687,11.3797,11.2906,11.2016,11.1125,11.0234,10.9343,10.8451,10.7559,10.6548,10.5423,10.43,10.3177,10.2054,10.0932,9.9811,9.869,9.757,9.645,9.5155,9.383,9.2506,9.1182,8.986,8.8539,8.7218,8.5898,8.458,8.3415,8.2923,8.2432,8.1941,8.145,8.096,8.047,7.998,7.949,7.9001,7.8324,7.7474,7.6625,7.5778,7.4933,7.4089,7.3246,7.2405,7.1565,7.0727,6.9845,6.8959,6.8077,6.7199,6.6325,6.5455
13.1433,13.047,12.951,12.8554,12.7602,12.6654,12.5708,12.4767,12.3544,12.1958,12.0372,11.8787,11.7203,11.5619,11.4036,11.2454,11.0872,10.9291,10.6848,10.4155,10.1463,9.8772,9.6083,9.3394,9.0706,8.802,8.5334,8.2752,8.0984,7.9216,7.7447,7.5679,7.391,7.2141,7.0372,6.8603,6.6833,6.5133,6.3518,6.1902,6.0286,5.8669,5.7052,5.5433,5.3814,5.2195,5.0574,4.8904,4.722,4.5535,4.385,4.2163,4.0476,3.8788,3.7099,3.541,3.3885,3.3475,3.3064,3.2653,3.2242,3.1831,3.142,3.1009,3.0598,3.0187,3.0466,3.1526,3.2587,3.3648,3.4709,3.5771,3.6834,3.7897,3.8961,4.0026,4.3071,4.6593,5.0118,5.3648,5.7183,6.0722,6.4266,6.7816,7.1372,7.4827,7.7663,8.0501,8.3342,8.6186,8.9033,9.1882,9.4735,9.759,10.0449,10.2657,10.4168,10.568,10.7193,10.8707,11.0222,11.1738,11.3255,11.4773,11.6293,11.6687,11.6833,11.6978,11.7121,11.7262,11.7402,11.754,11.7676,11.781,11.7779,11.6867,11.5955,11.5043,11.413,11.3217,11.2304,11.1391,11.0477,10.9563,10.8545,10.7419,10.6293,10.5167,10.4043,10.2919,10.1795,10.0672,9.9549,9.8427,9.7141,9.582,9.4501,9.3182,9.1864,9.0547,8.9231,8.7916,8.6602,8.5416,8.4918,8.4421,8.3924,8.3427,8.2931,8.2434,8.1938,8.1443,8.0947,8.0285,7.9447,7.8611,7.7776,7.6942,7.611,7.5279,7.445,7.3623,7.2797,7.1956,7.1116,7.0279,6.9447,6.8619,6.7795
13.1472,13.0396,12.9325,12.8257,12.7193,12.6132,12.5075,12.4021,12.271,12.1086,11.9462,11.7839,11.6217,11.4596,11.2976,11.1356,10.9736,10.8117,10.5593,10.2822,10.0054,9.7286,9.452,9.1754,8.899,8.6226,8.3464,8.0818,7.9015,7.7212,7.5408,7.3605,7.1801,6.9997,6.8193,6.6389,6.4584,6.286,6.1233,5.9606,5.7977,5.6348,5.4719,5.3088,5.1457,4.9826,4.8193,4.6509,4.481,4.3111,4.1411,3.971,3.8008,3.6305,3.4602,3.2898,3.1375,3.109,3.0803,3.0517,3.023,2.9943,2.9656,2.9369,2.9083,2.8797,2.9172,3.0312,3.1452,3.2592,3.3733,3.4874,3.6016,3.7159,3.8302,3.9446,4.27,4.6485,5.0274,5.4067,5.7865,6.1667,6.5475,6.9288,7.3107,7.6809,7.9731,8.2656,8.5584,8.8514,9.1447,9.4383,9.7322,10.0264,10.3209,10.5483,10.6996,10.851,11.0025,11.1542,11.3059,11.4577,11.6096,11.7616,11.9138,11.9498,11.9574,11.9648,11.9721,11.9791,11.986,11.9928,11.9993,12.0056,11.9982,11.9048,11.8114,11.718,11.6245,11.5311,11.4376,11.344,11.2505,11.1569,11.0542,10.9414,10.8286,10.7158,10.6031,10.4905,10.3779,10.2654,10.1529,10.0404,9.9127,9.7811,9.6496,9.5181,9.3868,9.2556,9.1244,8.9934,8.8624,8.7417,8.6914,8.641,8.5907,8.5404,8.4902,8.4399,8.3897,8.3396,8.2894,8.2245,8.1419,8.0595,7.9772,7.895,7.813,7.7312,7.6495,7.5679,7.4865,7.4064,7.3269,7.2479,7.1692,7.091,7.0132
13.1506,13.0319,12.9135,12.7955,12.6779,12.5607,12.4437,12.3272,12.1875,12.0213,11.8551,11.6891,11.5231,11.3572,11.1914,11.0256,10.8599,10.6942,10.4335,10.1488,9.8642,9.5798,9.2955,9.0113,8.7272,8.4432,8.1592,7.8884,7.7045,7.5207,7.3369,7.153,6.9692,6.7853,6.6014,6.4174,6.2335,6.0588,5.8948,5.7309,5.5668,5.4027,5.2386,5.0743,4.91,4.7456,4.5812,4.4113,4.24,4.0686,3.8971,3.7256,3.554,3.3823,3.2105,3.0386,2.8866,2.8704,2.8542,2.838,2.8217,2.8055,2.7892,2.7729,2.7567,2.7405,2.7879,2.9097,3.0316,3.1536,3.2756,3.3976,3.5197,3.6419,3.7642,3.8865,4.2325,4.6373,5.0425,5.4481,5.8542,6.2608,6.6679,7.0755,7.4837,7.8789,8.1798,8.4809,8.7823,9.084,9.386,9.6882,9.9908,10.2936,10.5968,10.8309,10.9824,11.134,11.2858,11.4376,11.5895,11.7415,11.8937,12.0459,12.1983,12.2312,12.2318,12.2321,12.2323,12.2323,12.2321,12.2318,12.2313,12.2306,12.2186,12.123,12.0274,11.9318,11.8362,11.7405,11.6448,11.5491,11.4533,11.3575,11.254,11.1409,11.0279,10.9149,10.802,10.6891,10.5763,10.4635,10.3508,10.2382,10.1112,9.9801,9.849,9.7181,9.5872,9.4564,9.3257,9.1951,9.0646,8.9419,8.8909,8.84,8.7891,8.7382,8.6873,8.6365,8.5857,8.5349,8.4841,8.4205,8.3391,8.2578,8.1767,8.0958,8.015,7.9343,7.8538,7.7734,7.6932,7.6168,7.5419,7.4674,7.3934,7.3198,7.2465
13.1536,13.0237,12.8942,12.765,12.6362,12.5078,12.3797,12.2519,12.1039,11.9339,11.764,11.5941,11.4244,11.2547,11.0851,10.9156,10.7461,10.5767,10.3076,10.0152,9.723,9.4309,9.1389,8.847,8.5552,8.2635,7.9719,7.6949,7.5075,7.3202,7.1329,6.9455,6.7582,6.5708,6.3834,6.1959,6.0085,5.8315,5.6664,5.5012,5.3359,5.1706,5.0052,4.8398,4.6743,4.5087,4.3431,4.1718,3.999,3.8262,3.6532,3.4802,3.3072,3.134,2.9608,2.7874,2.6356,2.6318,2.6281,2.6242,2.6204,2.6165,2.6127,2.6088,2.605,2.6012,2.6584,2.7882,2.918,3.0479,3.1778,3.3077,3.4378,3.5679,3.698,3.8283,4.1946,4.6257,5.0572,5.4891,5.9215,6.3544,6.7877,7.2216,7.6561,8.0768,8.3863,8.6961,9.0061,9.3164,9.627,9.9379,10.2491,10.5606,10.8724,11.1134,11.2652,11.417,11.569,11.721,11.8732,12.0254,12.1777,12.3302,12.4827,12.5129,12.5063,12.4996,12.4928,12.4857,12.4785,12.4711,12.4635,12.4558,12.4391,12.3413,12.2435,12.1457,12.0479,11.95,11.8521,11.7542,11.6562,11.5582,11.4537,11.3404,11.2272,11.114,11.0009,10.8878,10.7747,10.6617,10.5488,10.4359,10.3097,10.1791,10.0485,9.918,9.7875,9.6572,9.527,9.3968,9.2668,9.1421,9.0905,9.039,8.9875,8.936,8.8845,8.8331,8.7817,8.7303,8.6789,8.6164,8.5362,8.4561,8.3762,8.2965,8.2168,8.1374,8.0581,7.9789,7.8999,7.8268,7.7566,7.6867,7.6172,7.5482,7.4795
13.1563,13.0152,12.8745,12.7341,12.5942,12.4545,12.3152,12.1763,12.0201,11.8464,11.6727,11.4991,11.3256,11.1521,10.9788,10.8054,10.6322,10.459,10.1814,9.8814,9.5815,9.2817,8.9821,8.6826,8.3831,8.0838,7.7845,7.5013,7.3105,7.1197,6.9288,6.738,6.5471,6.3562,6.1653,5.9744,5.7835,5.6042,5.4378,5.2715,5.105,4.9385,4.7719,4.6053,4.4386,4.2718,4.1049,3.9322,3.758,3.5837,3.4093,3.2349,3.0603,2.8857,2.711,2.5363,2.3845,2.3932,2.4019,2.4104,2.419,2.4276,2.4361,2.4447,2.4533,2.4619,2.5289,2.6666,2.8043,2.9421,3.0799,3.2178,3.3557,3.4937,3.6318,3.7699,4.1563,4.6137,5.0715,5.5297,5.9883,6.4475,6.9071,7.3673,7.828,8.2744,8.5926,8.911,9.2297,9.5486,9.8679,10.1874,10.5072,10.8273,11.1477,11.396,11.5479,11.7,11.8522,12.0044,12.1568,12.3092,12.4618,12.6145,12.7672,12.7948,12.7812,12.7674,12.7535,12.7394,12.7251,12.7107,12.6961,12.6812,12.6597,12.5597,12.4597,12.3597,12.2597,12.1596,12.0595,11.9594,11.8592,11.7591,11.6535,11.54,11.4265,11.3131,11.1997,11.0864,10.9732,10.86,10.7468,10.6337,10.5082,10.378,10.2479,10.1178,9.9879,9.858,9.7282,9.5985,9.4689,9.3423,9.2901,9.238,9.1859,9.1338,9.0817,9.0297,8.9777,8.9257,8.8737,8.8121,8.7332,8.6543,8.5756,8.497,8.4186,8.3404,8.2622,8.1843,8.1065,8.0366,7.9709,7.9056,7.8407,7.7762,7.7122
13.1586,13.0063,12.8544,12.7029,12.5517,12.4009,12.2505,12.1003,11.9362,11.7587,11.5813,11.4039,11.2266,11.0494,10.8723,10.6952,10.5182,10.3412,10.0551,9.7474,9.4399,9.1325,8.8252,8.518,8.2109,7.9038,7.5969,7.3077,7.1134,6.919,6.7247,6.5304,6.336,6.1417,5.9473,5.7529,5.5584,5.3769,5.2093,5.0417,4.8741,4.7064,4.5386,4.3707,4.2028,4.0348,3.8668,3.6926,3.517,3.3412,3.1654,2.9895,2.8135,2.6375,2.4613,2.2851,2.1335,2.1546,2.1756,2.1966,2.2176,2.2385,2.2595,2.2804,2.3014,2.3224,2.3993,2.5449,2.6906,2.8362,2.982,3.1277,3.2736,3.4195,3.5654,3.7115,4.1177,4.6013,5.0853,5.5698,6.0547,6.5401,7.026,7.5124,7.9994,8.4719,8.7987,9.1257,9.453,9.7806,10.1085,10.4366,10.7651,11.0938,11.4229,11.6785,11.8307,11.983,12.1354,12.2878,12.4404,12.5931,12.7458,12.8987,13.0517,13.0769,13.0562,13.0354,13.0145,12.9933,12.972,12.9505,12.9289,12.907,12.8804,12.7782,12.676,12.5738,12.4716,12.3693,12.267,12.1647,12.0624,11.96,11.8533,11.7396,11.6259,11.5122,11.3986,11.2851,11.1716,11.0582,10.9448,10.8315,10.7067,10.5769,10.4473,10.3177,10.1881,10.0587,9.9294,9.8002,9.671,9.5426,9.4898,9.4371,9.3843,9.3317,9.279,9.2263,9.1737,9.1211,9.0686,9.0079,8.9301,8.8524,8.7749,8.6975,8.6203,8.5433,8.4663,8.3896,8.313,8.246,8.1849,8.1242,8.0638,8.0039,7.9445
