12.788,12.7503,12.7126,12.675,12.6373,12.5997,12.5621,12.5244,12.4868,12.4498,12.4206,12.3914,12.3622,12.333,12.3038,12.2746,12.2454,12.2163,12.1871,12.1153,12.0249,11.9345,11.8441,11.7536,11.6632,11.5728,11.4823,11.3919,11.3452,11.3913,11.4375,11.4839,11.5303,11.5767,11.6231,11.6695,11.7159,11.7623,11.793,11.8229,11.8528,11.8827,11.9126,11.9425,11.9724,12.0023,12.0322,12.0637,12.0963,12.129,12.1617,12.1943,12.227,12.2597,12.2923,12.325,12.336,12.2596,12.1832,12.1068,12.0304,11.954,11.8776,11.8012,11.7248,11.6484,11.5469,11.44,11.3332,11.2263,11.1195,11.0126,10.9058,10.7989,10.6921,10.6488,10.6832,10.7177,10.7523,10.787,10.8217,10.8564,10.8911,10.9259,10.959,10.9716,10.9842,10.9968,11.0095,11.0222,11.035,11.0478,11.0606,11.0735,11.1025,11.1385,11.1743,11.2101,11.2457,11.2813,11.3167,11.352,11.3872,11.3944,11.3436,11.2927,11.2419,11.191,11.1402,11.0894,11.0386,10.9878,10.9369,10.9209,10.9066,10.8922,10.8775,10.8627,10.8477,10.8324,10.817,10.8013,10.801,10.8125,10.8239,10.8353,10.8467,10.8581,10.8695,10.8809,10.8923,10.8952,10.8613,10.8274,10.7935,10.7596,10.7257,10.6917,10.6578,10.6238,10.5899,10.5507,10.5098,10.4683,10.4262,10.3835,10.3402,10.2963,10.2518,10.2066,10.1575,10.1037,10.0496,9.9951,9.9404,9.8853,9.83,9.7743,9.7182,9.6617,9.5997,9.5377,9.4757,9.4136,9.3514,9.2892,9.227,9.1647,9.1023
12.8055,12.7677,12.7298,12.692,12.6541,12.6163,12.5785,12.5407,12.503,12.4659,12.4367,12.4075,12.3783,12.3491,12.3199,12.2907,12.2615,12.2324,12.2032,12.1311,12.0413,11.9515,11.8617,11.7718,11.682,11.5922,11.5023,11.4125,11.3654,11.4053,11.4454,11.4856,11.5259,11.5663,11.6068,11.6473,11.6879,11.7286,11.7592,11.7893,11.8193,11.8494,11.8794,11.9095,11.9395,11.9695,11.9995,12.0302,12.0615,12.0928,12.124,12.1553,12.1865,12.2177,12.2489,12.2801,12.2912,12.2207,12.1502,12.0798,12.0093,11.9389,11.8685,11.7981,11.7278,11.6575,11.5587,11.4536,11.3486,11.2436,11.1386,11.0336,10.9287,10.8238,10.7189,10.6763,10.7119,10.7475,10.7831,10.8187,10.8544,10.8901,10.9259,10.9616,10.996,11.0094,11.0229,11.0365,11.05,11.0637,11.0773,11.091,11.1047,11.1184,11.1449,11.177,11.209,11.2409,11.2727,11.3044,11.336,11.3675,11.3988,11.4048,11.3539,11.3031,11.2523,11.2014,11.1506,11.0998,11.0489,10.9981,10.9473,10.9264,10.9077,10.8888,10.8697,10.8505,10.831,10.8113,10.7915,10.7714,10.7686,10.7802,10.7918,10.8035,10.8151,10.8268,10.8384,10.85,10.8617,10.8659,10.832,10.7981,10.7642,10.7303,10.6964,10.6625,10.6285,10.5946,10.5606,10.5143,10.464,10.4131,10.3616,10.3095,10.2569,10.2036,10.1496,10.095,10.039,9.9812,9.9232,9.8648,9.8061,9.7471,9.6878,9.6282,9.5683,9.508,9.446,9.384,9.322,9.2599,9.1978,9.1356,9.0733,9.011,8.9486
12.823,12.785,12.747,12.709,12.671,12.633,12.595,12.557,12.5191,12.482,12.4528,12.4236,12.3944,12.3652,12.336,12.3068,12.2777,12.2485,12.2193,12.1469,12.0577,11.9685,11.8793,11.7901,11.7008,11.6116,11.5223,11.4331,11.3854,11.4193,11.4532,11.4873,11.5214,11.5557,11.59,11.6244,11.6589,11.6934,11.7237,11.7538,11.7838,11.8139,11.844,11.874,11.904,11.9341,11.9641,11.9939,12.0235,12.0532,12.0828,12.1125,12.1421,12.1717,12.2013,12.2309,12.242,12.1781,12.1142,12.0502,11.9863,11.9224,11.8585,11.7947,11.7309,11.6671,11.5712,11.4679,11.3648,11.2616,11.1584,11.0553,10.9522,10.8492,10.7461,10.704,10.7406,10.7772,10.8138,10.8505,10.8871,10.9239,10.9606,10.9974,11.0329,11.0473,11.0617,11.0761,11.0906,11.1051,11.1196,11.1342,11.1488,11.1634,11.1873,11.2155,11.2437,11.2718,11.2998,11.3276,11.3554,11.383,11.4106,11.4152,11.3643,11.3135,11.2626,11.2118,11.161,11.1101,11.0593,11.0084,10.9576,10.9321,10.9089,10.8856,10.8621,10.8384,10.8145,10.7904,10.7661,10.7416,10.7361,10.7479,10.7598,10.7717,10.7835,10.7954,10.8073,10.8192,10.831,10.8366,10.8027,10.7689,10.735,10.701,10.6671,10.6332,10.5992,10.5653,10.5313,10.4784,10.4187,10.3585,10.2976,10.2361,10.1741,10.1114,10.0481,9.9841,9.9207,9.859,9.797,9.7347,9.6721,9.6092,9.546,9.4824,9.4186,9.3543,9.2923,9.2303,9.1683,9.1062,9.0441,8.9819,8.9196,8.8573,8.795
12.8405,12.8023,12.7641,12.726,12.6878,12.6496,12.6115,12.5733,12.5352,12.4981,12.4689,12.4397,12.4105,12.3813,12.3521,12.3229,12.2938,12.2646,12.2354,12.1628,12.0742,11.9855,11.8969,11.8083,11.7196,11.631,11.5423,11.4537,11.4054,11.4331,11.4609,11.4888,11.5169,11.545,11.5731,11.6014,11.6297,11.6581,11.6882,11.7183,11.7484,11.7784,11.8085,11.8385,11.8686,11.8986,11.9286,11.9575,11.9856,12.0136,12.0417,12.0697,12.0977,12.1257,12.1537,12.1817,12.1929,12.1355,12.0781,12.0207,11.9633,11.9059,11.8486,11.7912,11.734,11.6768,11.5836,11.4823,11.3809,11.2796,11.1783,11.077,10.9758,10.8745,10.7734,10.7317,10.7693,10.8069,10.8445,10.8822,10.9199,10.9576,10.9953,11.0331,11.0699,11.0851,11.1004,11.1157,11.1311,11.1464,11.1619,11.1773,11.1928,11.2083,11.2298,11.2542,11.2786,11.3028,11.327,11.351,11.3749,11.3987,11.4224,11.4256,11.3747,11.3239,11.273,11.2222,11.1713,11.1205,11.0696,11.0188,10.968,10.9379,10.9104,10.8826,10.8547,10.8266,10.7982,10.7697,10.741,10.7121,10.7036,10.7157,10.7278,10.7399,10.752,10.7641,10.7762,10.7883,10.8004,10.8074,10.7735,10.7396,10.7057,10.6718,10.6378,10.6039,10.57,10.536,10.502,10.4431,10.3741,10.3044,10.2342,10.1633,10.0919,10.0198,9.9471,9.8738,9.8027,9.7371,9.6711,9.6049,9.5384,9.4716,9.4044,9.3369,9.2691,9.201,9.1386,9.0767,9.0146,8.9525,8.8904,8.8282,8.7659,8.7036,8.6413
12.8581,12.8197,12.7813,12.7429,12.7046,12.6662,12.6279,12.5896,12.5513,12.5142,12.485,12.4558,12.4266,12.3974,12.3682,12.339,12.3099,12.2807,12.2515,12.1786,12.0906,12.0026,11.9146,11.8265,11.7385,11.6504,11.5624,11.4743,11.4253,11.4468,11.4685,11.4903,11.5122,11.5342,11.5562,11.5783,11.6005,11.6228,11.6527,11.6828,11.7129,11.7429,11.773,11.8031,11.8331,11.8631,11.8932,11.9211,11.9476,11.974,12.0005,12.0269,12.0533,12.0797,12.1061,12.1325,12.1438,12.0929,12.042,11.9911,11.9402,11.8894,11.8385,11.7878,11.737,11.6863,11.5961,11.4966,11.3971,11.2976,11.1981,11.0987,10.9993,10.8999,10.8006,10.7594,10.798,10.8366,10.8752,10.9139,10.9525,10.9913,11.03,11.0688,11.1068,11.1229,11.1391,11.1553,11.1715,11.1878,11.2041,11.2205,11.2368,11.2532,11.2724,11.293,11.3135,11.334,11.3543,11.3745,11.3946,11.4146,11.4344,11.436,11.3851,11.3343,11.2834,11.2325,11.1817,11.1308,11.08,11.0292,10.9783,10.944,10.912,10.8798,10.8475,10.8149,10.7822,10.7492,10.7161,10.6827,10.6711,10.6834,10.6957,10.708,10.7204,10.7327,10.745,10.7573,10.7697,10.7781,10.7442,10.7103,10.6764,10.6425,10.6086,10.5746,10.5407,10.5067,10.4728,10.4084,10.3299,10.2509,10.1713,10.0911,10.0103,9.9288,9.8467,9.764,9.6849,9.6154,9.5455,9.4754,9.4049,9.3342,9.2631,9.1917,9.12,9.0479,8.9849,8.923,8.8609,8.7988,8.7367,8.6745,8.6123,8.55,8.4876
12.8756,12.837,12.7984,12.7599,12.7214,12.6829,12.6444,12.6059,12.5674,12.5303,12.5011,12.4719,12.4427,12.4135,12.3843,12.3551,12.326,12.2968,12.2676,12.1945,12.1071,12.0196,11.9322,11.8448,11.7573,11.6699,11.5824,11.495,11.445,11.4605,11.476,11.4917,11.5074,11.5233,11.5392,11.5552,11.5713,11.5874,11.6172,11.6473,11.6774,11.7075,11.7375,11.7676,11.7976,11.8277,11.8577,11.8847,11.9096,11.9344,11.9593,11.9841,12.0089,12.0337,12.0585,12.0833,12.0946,12.0502,12.0059,11.9615,11.9171,11.8728,11.8285,11.7842,11.74,11.6958,11.6086,11.5109,11.4132,11.3155,11.2179,11.1203,11.0228,10.9252,10.8277,10.7871,10.8266,10.8662,10.9059,10.9455,10.9852,11.0249,11.0647,11.1045,11.1437,11.1607,11.1778,11.1949,11.212,11.2292,11.2463,11.2636,11.2808,11.2981,11.3152,11.3319,11.3486,11.3652,11.3817,11.3981,11.4144,11.4305,11.4466,11.4464,11.3955,11.3446,11.2938,11.2429,11.1921,11.1412,11.0904,11.0395,10.9887,10.9502,10.9138,10.8772,10.8404,10.8034,10.7663,10.7289,10.6913,10.6536,10.6385,10.6511,10.6636,10.6762,10.6888,10.7013,10.7139,10.7264,10.739,10.7488,10.7149,10.681,10.6471,10.6132,10.5793,10.5454,10.5114,10.4774,10.4435,10.3742,10.2864,10.198,10.109,10.0194,9.9292,9.8384,9.747,9.6549,9.5674,9.4939,9.4202,9.3461,9.2718,9.1971,9.1221,9.0468,8.9711,8.8951,8.8312,8.7693,8.7072,8.6451,8.583,8.5208,8.4586,8.3963,8.3339
12.8931,12.8543,12.8156,12.7769,12.7382,12.6995,12.6608,12.6222,12.5835,12.5464,12.5172,12.488,12.4588,12.4296,12.4004,12.3712,12.3421,12.3129,12.2837,12.2103,12.1235,12.0367,11.9499,11.863,11.7762,11.6893,11.6025,11.5156,11.4647,11.474,11.4834,11.493,11.5026,11.5123,11.5221,11.532,11.5419,11.5519,11.5816,11.6118,11.6419,11.672,11.7021,11.7321,11.7622,11.7922,11.8223,11.8483,11.8716,11.8948,11.9181,11.9413,11.9645,11.9878,12.011,12.0341,12.0455,12.0076,11.9697,11.9319,11.894,11.8562,11.8184,11.7807,11.7429,11.7053,11.621,11.5251,11.4293,11.3335,11.2377,11.1419,11.0462,10.9505,10.8549,10.8147,10.8553,10.8959,10.9365,10.9772,11.0179,11.0586,11.0993,11.1401,11.1806,11.1985,11.2165,11.2344,11.2524,11.2705,11.2886,11.3067,11.3248,11.343,11.358,11.371,11.3838,11.3966,11.4092,11.4218,11.4343,11.4466,11.4588,11.4568,11.4059,11.355,11.3042,11.2533,11.2024,11.1516,11.1007,11.0499,10.999,10.9566,10.9157,10.8747,10.8335,10.7922,10.7506,10.7088,10.6668,10.6246,10.606,10.6188,10.6316,10.6444,10.6571,10.6699,10.6827,10.6955,10.7083,10.7196,10.6857,10.6518,10.6179,10.5839,10.55,10.5161,10.4821,10.4482,10.4142,10.3406,10.2434,10.1456,10.0473,9.9483,9.8488,9.7486,9.6478,9.5464,9.4501,9.3727,9.2951,9.2171,9.1388,9.0602,8.9813,8.9021,8.8225,8.7426,8.6775,8.6156,8.5535,8.4915,8.4293,8.3671,8.3049,8.2426,8.1802
12.9105,12.8716,12.8327,12.7938,12.755,12.7161,12.6773,12.6384,12.5996,12.5625,12.5333,12.5041,12.4749,12.4457,12.4165,12.3873,12.3582,12.329,12.2999,12.2262,12.14,12.0538,11.9676,11.8813,11.7951,11.7088,11.6226,11.5363,11.4842,11.4874,11.4907,11.4941,11.4976,11.5012,11.5049,11.5087,11.5125,11.5164,11.5461,11.5763,11.6064,11.6365,11.6666,11.6967,11.7267,11.7568,11.7868,11.8119,11.8336,11.8552,11.8769,11.8985,11.9202,11.9418,11.9634,11.9849,11.9963,11.9649,11.9336,11.9022,11.8709,11.8396,11.8083,11.777,11.7458,11.7147,11.6334,11.5394,11.4454,11.3514,11.2575,11.1635,11.0697,10.9758,10.882,10.8424,10.8839,10.9255,10.9672,11.0088,11.0505,11.0922,11.134,11.1758,11.2175,11.2363,11.2551,11.274,11.2929,11.3118,11.3307,11.3497,11.3688,11.3878,11.4009,11.4101,11.4191,11.4281,11.4369,11.4456,11.4543,11.4628,11.4712,11.4672,11.4163,11.3654,11.3145,11.2637,11.2128,11.1619,11.1111,11.0602,11.0093,10.9632,10.9179,10.8725,10.8269,10.7811,10.7351,10.6889,10.6425,10.5959,10.5735,10.5865,10.5995,10.6125,10.6255,10.6385,10.6515,10.6645,10.6775,10.6903,10.6564,10.6225,10.5886,10.5547,10.5207,10.4868,10.4528,10.4189,10.3849,10.3075,10.201,10.0939,9.9862,9.8779,9.769,9.6594,9.5493,9.4385,9.3331,9.2518,9.1702,9.0884,9.0062,8.9237,8.8408,8.7577,8.6742,8.5904,8.5238,8.4619,8.3998,8.3378,8.2756,8.2134,8.1512,8.0889,8.0266
12.928,12.8889,12.8499,12.8108,12.7718,12.7327,12.6937,12.6547,12.6157,12.5786,12.5494,12.5202,12.491,12.4618,12.4326,12.4035,12.3743,12.3451,12.316,12.2421,12.1565,12.0709,11.9852,11.8996,11.814,11.7283,11.6426,11.557,11.5036,11.5007,11.4979,11.4952,11.4926,11.4901,11.4877,11.4853,11.483,11.4808,11.5106,11.5408,11.5709,11.601,11.6311,11.6612,11.6913,11.7213,11.7514,11.7755,11.7956,11.8156,11.8357,11.8557,11.8758,11.8958,11.9158,11.9358,11.9471,11.9223,11.8974,11.8726,11.8477,11.8229,11.7981,11.7734,11.7487,11.724,11.6458,11.5536,11.4615,11.3693,11.2772,11.1851,11.0931,11.001,10.9091,10.87,10.9126,10.9552,10.9978,11.0405,11.0831,11.1259,11.1686,11.2114,11.2542,11.274,11.2937,11.3135,11.3333,11.3531,11.3729,11.3928,11.4127,11.4327,11.444,11.4493,11.4545,11.4597,11.4647,11.4696,11.4744,11.4791,11.4837,11.4776,11.4267,11.3758,11.3249,11.274,11.2232,11.1723,11.1214,11.0706,11.0197,10.9699,10.9202,10.8704,10.8204,10.7702,10.7198,10.6691,10.6183,10.5673,10.5409,10.5541,10.5674,10.5806,10.5939,10.6071,10.6203,10.6336,10.6468,10.6601,10.6271,10.5932,10.5593,10.5254,10.4915,10.4575,10.4236,10.3896,10.3556,10.275,10.1591,10.0426,9.9256,9.8079,9.6897,9.5708,9.4513,9.3312,9.2164,9.1312,9.0457,8.9599,8.8738,8.7874,8.7006,8.6136,8.5262,8.4385,8.3701,8.3082,8.2461,8.1841,8.1219,8.0597,7.9975,7.9352,7.8729
12.9455,12.9062,12.867,12.8278,12.7885,12.7493,12.7101,12.6709,12.6318,12.5947,12.5655,12.5363,12.5071,12.4779,12.4487,12.4196,12.3904,12.3612,12.3321,12.258,12.173,12.088,12.0029,11.9179,11.8329,11.7478,11.6627,11.5777,11.523,11.514,11.505,11.4962,11.4875,11.4789,11.4703,11.4618,11.4534,11.4451,11.4751,11.5053,11.5354,11.5655,11.5956,11.6257,11.6558,11.6859,11.7159,11.7391,11.7576,11.776,11.7945,11.8129,11.8314,11.8498,11.8682,11.8866,11.8979,11.8796,11.8612,11.8429,11.8245,11.8062,11.7879,11.7697,11.7515,11.7333,11.6582,11.5679,11.4775,11.3872,11.2969,11.2067,11.1165,11.0263,10.9361,10.8976,10.9412,10.9848,11.0284,11.0721,11.1157,11.1595,11.2032,11.247,11.2908,11.3118,11.3323,11.353,11.3736,11.3943,11.415,11.4358,11.4566,11.4775,11.4871,11.4886,11.4901,11.4914,11.4926,11.4937,11.4947,11.4955,11.4963,11.488,11.4371,11.3862,11.3353,11.2844,11.2335,11.1827,11.1318,11.0809,11.03,10.9768,10.9228,10.8685,10.8141,10.7594,10.7046,10.6496,10.5944,10.539,10.5083,10.5218,10.5353,10.5487,10.5622,10.5757,10.5891,10.6026,10.6161,10.6295,10.5979,10.564,10.53,10.4961,10.4622,10.4282,10.3943,10.3603,10.3263,10.243,10.1178,9.992,9.8656,9.7386,9.611,9.4828,9.354,9.2245,9.0999,9.0108,8.9214,8.8317,8.7416,8.6513,8.5607,8.4697,8.3784,8.2868,8.2164,8.1545,8.0924,8.0304,7.9682,7.9061,7.8438,7.7815,7.7192
12.963,12.9235,12.8841,12.8447,12.8053,12.7659,12.7265,12.6872,12.6478,12.6107,12.5816,12.5524,12.5232,12.494,12.4648,12.4357,12.4065,12.3773,12.3482,12.274,12.1895,12.1051,12.0207,11.9362,11.8518,11.7673,11.6828,11.5984,11.5422,11.5271,11.512,11.4971,11.4823,11.4676,11.4529,11.4383,11.4238,11.4095,11.4396,11.4698,11.4999,11.53,11.5601,11.5902,11.6203,11.6504,11.6805,11.7027,11.7195,11.7364,11.7533,11.7701,11.787,11.8038,11.8206,11.8374,11.8487,11.8368,11.825,11.8131,11.8013,11.7895,11.7777,11.7659,11.7542,11.7426,11.6706,11.5821,11.4936,11.4051,11.3166,11.2282,11.1398,11.0515,10.9632,10.9252,10.9698,11.0144,11.059,11.1037,11.1483,11.193,11.2378,11.2826,11.3274,11.3495,11.3709,11.3924,11.414,11.4356,11.4572,11.4788,11.5005,11.5222,11.5304,11.5281,11.5257,11.5232,11.5206,11.5179,11.515,11.5121,11.5091,11.4984,11.4475,11.3966,11.3457,11.2948,11.2439,11.193,11.1421,11.0913,11.0404,10.9839,10.9255,10.8668,10.808,10.7489,10.6897,10.6303,10.5707,10.5108,10.4758,10.4895,10.5031,10.5168,10.5305,10.5442,10.5579,10.5716,10.5853,10.599,10.5686,10.5347,10.5008,10.4668,10.4329,10.399,10.365,10.331,10.2971,10.2116,10.077,9.9419,9.8062,9.6699,9.5329,9.3954,9.2572,9.1184,8.9836,8.8906,8.7973,8.7037,8.6098,8.5155,8.421,8.3261,8.2309,8.1354,8.0627,8.0008,7.9387,7.8767,7.8145,7.7524,7.6901,7.6278,7.5655
12.9804,12.9408,12.9012,12.8616,12.8221,12.7825,12.743,12.7034,12.6639,12.6268,12.5976,12.5685,12.5393,12.5101,12.4809,12.4518,12.4226,12.3935,12.3643,12.2899,12.2061,12.1222,12.0384,11.9545,11.8707,11.7868,11.703,11.6191,11.5613,11.5401,11.519,11.4979,11.477,11.4562,11.4354,11.4147,11.3941,11.3739,11.4041,11.4343,11.4644,11.4945,11.5247,11.5548,11.5849,11.615,11.645,11.6662,11.6815,11.6968,11.7121,11.7273,11.7426,11.7578,11.773,11.7882,11.7995,11.7941,11.7888,11.7834,11.7781,11.7727,11.7674,11.7622,11.7569,11.7518,11.6829,11.5962,11.5096,11.4229,11.3363,11.2497,11.1632,11.0767,10.9902,10.9528,10.9984,11.044,11.0896,11.1352,11.1809,11.2266,11.2724,11.3181,11.3639,11.3871,11.4095,11.4319,11.4543,11.4768,11.4993,11.5218,11.5444,11.567,11.5738,11.5676,11.5614,11.5551,11.5487,11.5422,11.5355,11.5288,11.5219,11.5088,11.4579,11.407,11.3561,11.3052,11.2543,11.2034,11.1525,11.1016,11.0507,10.9912,10.9283,10.8653,10.802,10.7386,10.675,10.6111,10.5471,10.4829,10.4432,10.4571,10.471,10.4849,10.4989,10.5128,10.5267,10.5406,10.5545,10.5685,10.5393,10.5054,10.4715,10.4376,10.4036,10.3697,10.3357,10.3018,10.2678,10.1808,10.0369,9.8924,9.7473,9.6017,9.4554,9.3086,9.1611,9.0129,8.8677,8.7707,8.6735,8.576,8.4782,8.38,8.2816,8.1828,8.0837,7.9843,7.909,7.8471,7.785,7.723,7.6608,7.5987,7.5364,7.4741,7.4118
12.9979,12.9581,12.9183,12.8786,12.8388,12.7991,12.7594,12.7197,12.68,12.6429,12.6137,12.5846,12.5554,12.5262,12.497,12.4679,12.4387,12.4096,12.3804,12.3059,12.2226,12.1394,12.0561,11.9729,11.8896,11.8064,11.7231,11.6398,11.5803,11.553,11.5258,11.4987,11.4716,11.4447,11.4178,11.391,11.3643,11.3384,11.3686,11.3988,11.4289,11.4591,11.4892,11.5193,11.5494,11.5795,11.6096,11.6298,11.6435,11.6572,11.6708,11.6845,11.6982,11.7118,11.7254,11.739,11.7503,11.7514,11.7525,11.7536,11.7548,11.7559,11.7571,11.7583,11.7596,11.7609,11.6953,11.6104,11.5256,11.4408,11.356,11.2712,11.1865,11.1018,11.0171,10.9803,11.0269,11.0735,11.1201,11.1668,11.2135,11.2602,11.3069,11.3537,11.4005,11.4248,11.4481,11.4713,11.4946,11.518,11.5413,11.5648,11.5882,11.6117,11.6172,11.6073,11.5973,11.5872,11.5769,11.5666,11.5562,11.5456,11.5349,11.5192,11.4683,11.4174,11.3664,11.3155,11.2646,11.2137,11.1629,11.112,11.0611,10.9987,10.9314,10.8639,10.7963,10.7285,10.6604,10.5922,10.5238,10.4551,10.4106,10.4247,10.4389,10.453,10.4672,10.4813,10.4955,10.5096,10.5238,10.5379,10.51,10.4761,10.4422,10.4083,10.3744,10.3404,10.3064,10.2725,10.2385,10.1504,9.9972,9.8434,9.689,9.5341,9.3785,9.2223,9.0655,8.9081,8.7519,8.6511,8.55,8.4486,8.3469,8.2448,8.1425,8.0398,7.9368,7.8335,7.7553,7.6934,7.6312,7.568,7.5048,7.4416,7.3782,7.3148,7.2514
13.0153,12.9754,12.9354,12.8955,12.8556,12.8157,12.7758,12.7359,12.696,12.659,12.6298,12.6006,12.5715,12.5423,12.5131,12.484,12.4548,12.4257,12.3965,12.3218,12.2392,12.1566,12.0739,11.9912,11.9086,11.8259,11.7432,11.6605,11.5992,11.5658,11.5325,11.4993,11.4661,11.4331,11.4002,11.3673,11.3344,11.3029,11.3331,11.3633,11.3934,11.4236,11.4537,11.4838,11.5139,11.544,11.5741,11.5933,11.6054,11.6175,11.6296,11.6417,11.6538,11.6658,11.6778,11.6898,11.701,11.7086,11.7162,11.7238,11.7315,11.7391,11.7468,11.7545,11.7622,11.77,11.7076,11.6246,11.5416,11.4586,11.3756,11.2927,11.2098,11.1269,11.0441,11.0079,11.0555,11.1031,11.1507,11.1983,11.246,11.2937,11.3414,11.3892,11.437,11.4625,11.4866,11.5107,11.5349,11.5591,11.5834,11.6077,11.632,11.6564,11.6608,11.6471,11.6332,11.6193,11.6053,11.5911,11.5769,11.5625,11.5481,11.5296,11.4787,11.4277,11.3768,11.3259,11.275,11.2241,11.1732,11.1223,11.0714,11.0063,10.9346,10.8628,10.7907,10.7185,10.6461,10.5735,10.5006,10.4276,10.378,10.3923,10.4067,10.4211,10.4355,10.4498,10.4642,10.4786,10.4927,10.505,10.4761,10.4395,10.4025,10.3652,10.3275,10.2895,10.2511,10.2123,10.1731,10.0807,9.9167,9.7525,9.5882,9.4236,9.2589,9.094,8.9289,8.7636,8.5981,8.4937,8.3892,8.2846,8.18,8.0753,7.9705,7.8657,7.7608,7.6558,7.5749,7.5119,7.4488,7.3856,7.3223,7.259,7.1956,7.1321,7.0686
13.0191,12.9791,12.9392,12.8993,12.8594,12.8195,12.7797,12.7399,12.7001,12.6629,12.6326,12.6024,12.5723,12.5423,12.5125,12.4828,12.4532,12.4237,12.3943,12.3203,12.2392,12.158,12.0768,11.9956,11.9143,11.8331,11.7517,11.6704,11.6082,11.57,11.5319,11.4937,11.4555,11.4172,11.379,11.3407,11.3024,11.2658,11.2963,11.3266,11.357,11.3873,11.4176,11.4478,11.4781,11.5083,11.5384,11.5567,11.5673,11.5778,11.5884,11.5989,11.6094,11.6199,11.6303,11.6408,11.6519,11.6659,11.6799,11.6938,11.7078,11.7217,11.7356,11.7495,11.7634,11.7773,11.718,11.6367,11.5554,11.4742,11.3931,11.3119,11.2308,11.1498,11.0689,11.0331,11.081,11.1289,11.1767,11.2244,11.2721,11.3197,11.3673,11.4148,11.4622,11.4879,11.512,11.5361,11.5602,11.5842,11.6083,11.6324,11.6564,11.6804,11.6822,11.6626,11.6427,11.6226,11.6023,11.5818,11.561,11.5399,11.5186,11.4941,11.4406,11.387,11.3333,11.2795,11.2256,11.1716,11.1175,11.0632,11.0089,10.9402,10.8645,10.7886,10.7128,10.6369,10.5609,10.4849,10.4089,10.3328,10.2787,10.2917,10.3048,10.3178,10.3309,10.3439,10.357,10.37,10.383,10.3961,10.3638,10.3215,10.2787,10.2356,10.1922,10.1484,10.1042,10.0596,10.0147,9.9216,9.7555,9.5892,9.4227,9.256,9.0891,8.922,8.7548,8.5873,8.4196,8.3131,8.2086,8.104,7.9993,7.8946,7.7898,7.685,7.5801,7.4751,7.3926,7.3295,7.2663,7.2031,7.1398,7.0764,7.0129,6.9494,6.8858
13.0091,12.9683,12.9275,12.8867,12.846,12.8052,12.7645,12.7239,12.6832,12.6441,12.6087,12.5734,12.5382,12.5032,12.4683,12.4335,12.3989,12.3643,12.3299,12.2551,12.1744,12.0938,12.0131,11.9324,11.8516,11.7708,11.69,11.6092,11.5476,11.5093,11.471,11.4326,11.3943,11.3559,11.3175,11.2791,11.2407,11.2044,11.2366,11.2687,11.3007,11.3328,11.3648,11.3967,11.4287,11.4606,11.4925,11.5117,11.5229,11.534,11.5451,11.5562,11.5672,11.5783,11.5893,11.6004,11.6119,11.6259,11.6399,11.6539,11.6678,11.6818,11.6957,11.7096,11.7235,11.7374,11.6819,11.6053,11.5287,11.4521,11.3755,11.299,11.2226,11.1462,11.0698,11.035,11.0794,11.1237,11.168,11.2123,11.2564,11.3005,11.3446,11.3885,11.4324,11.4581,11.4822,11.5063,11.5304,11.5545,11.5785,11.6026,11.6267,11.6507,11.6495,11.6226,11.5956,11.5683,11.5408,11.513,11.485,11.4567,11.4282,11.3975,11.3422,11.2868,11.2313,11.1757,11.1201,11.0643,11.0084,10.9524,10.8963,10.8274,10.7516,10.6757,10.5998,10.5238,10.4478,10.3718,10.2957,10.2195,10.1634,10.1772,10.1909,10.2047,10.2184,10.2322,10.2459,10.2596,10.2734,10.2871,10.2519,10.2037,10.1552,10.1064,10.0572,10.0076,9.9576,9.9073,9.8566,9.7626,9.5944,9.4259,9.2573,9.0884,8.9194,8.7502,8.5808,8.4111,8.2413,8.1326,8.0281,7.9234,7.8187,7.714,7.6092,7.5043,7.3993,7.2943,7.2103,7.1472,7.0839,7.0206,6.9572,6.8938,6.8303,6.7667,6.7031
12.9991,12.9574,12.9157,12.8741,12.8325,12.7909,12.7494,12.7078,12.6663,12.6251,12.5846,12.5443,12.5041,12.464,12.424,12.3842,12.3444,12.3048,12.2653,12.1898,12.1097,12.0295,11.9493,11.8691,11.7889,11.7086,11.6283,11.5479,11.4869,11.4485,11.4101,11.3716,11.3331,11.2946,11.2561,11.2176,11.179,11.143,11.1769,11.2107,11.2445,11.2783,11.312,11.3457,11.3793,11.4129,11.4465,11.4668,11.4785,11.4902,11.5018,11.5135,11.5251,11.5367,11.5483,11.5599,11.572,11.586,11.5999,11.6139,11.6279,11.6418,11.6557,11.6696,11.6835,11.6974,11.6459,11.5738,11.5018,11.4299,11.3579,11.286,11.2142,11.1424,11.0707,11.0369,11.0778,11.1186,11.1594,11.2001,11.2408,11.2814,11.3219,11.3624,11.4028,11.4283,11.4524,11.4766,11.5006,11.5247,11.5488,11.5729,11.5969,11.621,11.6169,11.5829,11.5486,11.5141,11.4794,11.4444,11.4092,11.3738,11.3381,11.3009,11.2438,11.1867,11.1294,11.0721,11.0146,10.9571,10.8994,10.8417,10.7838,10.7146,10.6387,10.5627,10.4868,10.4107,10.3347,10.2586,10.1824,10.1062,10.0482,10.0626,10.0771,10.0915,10.1059,10.1204,10.1348,10.1492,10.1637,10.1781,10.1402,10.0863,10.032,9.9774,9.9225,9.8671,9.8114,9.7553,9.6989,9.6038,9.4334,9.2628,9.092,8.921,8.7498,8.5785,8.4069,8.2351,8.0632,7.9521,7.8475,7.7429,7.6381,7.5333,7.4285,7.3236,7.2186,7.1136,7.028,6.9648,6.9015,6.8382,6.7747,6.7112,6.6477,6.584,6.5203
12.989,12.9465,12.904,12.8615,12.819,12.7766,12.7342,12.6918,12.6494,12.606,12.5604,12.515,12.4697,12.4246,12.3796,12.3347,12.2899,12.2452,12.2006,12.1246,12.045,11.9653,11.8856,11.8059,11.7262,11.6464,11.5666,11.4867,11.4263,11.3877,11.3492,11.3106,11.2719,11.2333,11.1947,11.156,11.1173,11.0817,11.1172,11.1528,11.1883,11.2238,11.2592,11.2946,11.33,11.3653,11.4006,11.4218,11.4341,11.4463,11.4586,11.4708,11.483,11.4952,11.5074,11.5195,11.532,11.546,11.56,11.574,11.5879,11.6019,11.6158,11.6297,11.6436,11.6575,11.6098,11.5424,11.475,11.4076,11.3403,11.273,11.2058,11.1386,11.0715,11.0388,11.0762,11.1136,11.1509,11.1881,11.2252,11.2623,11.2994,11.3363,11.3732,11.3986,11.4227,11.4468,11.4709,11.495,11.519,11.5431,11.5672,11.5912,11.5846,11.5433,11.5019,11.4602,11.4183,11.3761,11.3337,11.2911,11.2482,11.2044,11.1455,11.0866,11.0276,10.9685,10.9092,10.8499,10.7905,10.731,10.6713,10.6017,10.5258,10.4498,10.3738,10.2977,10.2216,10.1454,10.0692,9.993,9.9328,9.948,9.9631,9.9783,9.9934,10.0085,10.0237,10.0388,10.0539,10.0691,10.0288,9.9692,9.9092,9.8488,9.7881,9.727,9.6655,9.6037,9.5415,9.4451,9.2725,9.0998,8.9268,8.7537,8.5804,8.4069,8.2332,8.0593,7.8852,7.7716,7.667,7.5623,7.4575,7.3527,7.2478,7.1429,7.0379,6.9328,6.8458,6.7825,6.7191,6.6557,6.5922,6.5286,6.465,6.4013,6.3376
12.9789,12.9355,12.8922,12.8488,12.8055,12.7622,12.7189,12.6757,12.6325,12.5867,12.5361,12.4856,12.4353,12.3851,12.335,12.285,12.2352,12.1854,12.1358,12.0594,11.9802,11.9011,11.8219,11.7427,11.6635,11.5842,11.5049,11.4255,11.3657,11.327,11.2883,11.2495,11.2108,11.172,11.1332,11.0944,11.0556,11.0203,11.0576,11.0949,11.1321,11.1693,11.2064,11.2435,11.2806,11.3177,11.3547,11.3768,11.3897,11.4025,11.4153,11.4281,11.4409,11.4536,11.4664,11.4791,11.492,11.506,11.52,11.534,11.548,11.5619,11.5758,11.5897,11.6036,11.6175,11.5736,11.5108,11.448,11.3853,11.3226,11.2599,11.1973,11.1348,11.0723,11.0409,11.0748,11.1086,11.1424,11.1761,11.2097,11.2433,11.2769,11.3103,11.3437,11.3688,11.3929,11.417,11.4411,11.4652,11.4893,11.5134,11.5374,11.5615,11.5524,11.504,11.4553,11.4065,11.3574,11.308,11.2584,11.2086,11.1585,11.1079,11.0473,10.9866,10.9258,10.8649,10.8039,10.7428,10.6816,10.6203,10.5589,10.4889,10.4129,10.3368,10.2608,10.1846,10.1084,10.0322,9.956,9.8797,9.8175,9.8333,9.8492,9.865,9.8809,9.8967,9.9125,9.9283,9.9442,9.96,9.9178,9.8524,9.7866,9.7205,9.654,9.5872,9.52,9.4524,9.3844,9.2865,9.1118,8.9369,8.7618,8.5866,8.4111,8.2355,8.0596,7.8836,7.7073,7.5911,7.4864,7.3817,7.2769,7.1721,7.0672,6.9622,6.8572,6.7521,6.6635,6.6001,6.5367,6.4732,6.4097,6.3461,6.2824,6.2186,6.1548
12.9688,12.9245,12.8803,12.8361,12.7919,12.7478,12.7037,12.6596,12.6155,12.5672,12.5116,12.456,12.4007,12.3454,12.2903,12.2353,12.1804,12.1256,12.0709,11.9941,11.9155,11.8369,11.7582,11.6795,11.6008,11.522,11.4432,11.3644,11.305,11.2662,11.2273,11.1885,11.1496,11.1107,11.0718,11.0328,10.9938,10.959,10.998,11.037,11.0759,11.1148,11.1536,11.1925,11.2313,11.2701,11.3088,11.3319,11.3453,11.3587,11.372,11.3854,11.3987,11.4121,11.4254,11.4387,11.4521,11.4661,11.4801,11.494,11.508,11.5219,11.5359,11.5498,11.5637,11.5776,11.5374,11.4792,11.4211,11.363,11.3049,11.2468,11.1888,11.1309,11.073,11.0429,11.0733,11.1037,11.1339,11.1642,11.1943,11.2244,11.2544,11.2844,11.3142,11.339,11.3632,11.3873,11.4114,11.4355,11.4595,11.4836,11.5077,11.5317,11.5205,11.4649,11.409,11.353,11.2967,11.2401,11.1833,11.1263,11.069,11.0114,10.9491,10.8866,10.8241,10.7614,10.6987,10.6358,10.5728,10.5098,10.4466,10.3761,10.3,10.2239,10.1478,10.0716,9.9953,9.9191,9.8427,9.7664,9.7021,9.7187,9.7352,9.7517,9.7683,9.7848,9.8013,9.8178,9.8343,9.8509,9.807,9.7359,9.6644,9.5925,9.5203,9.4477,9.3747,9.3014,9.2277,9.1281,8.9512,8.7742,8.597,8.4195,8.2419,8.0641,7.8862,7.708,7.5296,7.4105,7.3059,7.2011,7.0963,6.9914,6.8865,6.7815,6.6764,6.5713,6.4812,6.4178,6.3543,6.2908,6.2272,6.1635,6.0997,6.0359,5.9721
12.9586,12.9135,12.8684,12.8234,12.7784,12.7334,12.6884,12.6434,12.5985,12.5476,12.4869,12.4263,12.3659,12.3056,12.2454,12.1854,12.1254,12.0656,12.0058,11.9289,11.8508,11.7727,11.6945,11.6163,11.5381,11.4598,11.3815,11.3032,11.2444,11.2054,11.1664,11.1274,11.0884,11.0494,11.0103,10.9712,10.9321,10.8977,10.9384,10.9791,11.0197,11.0603,11.1009,11.1414,11.182,11.2224,11.2629,11.2869,11.3009,11.3148,11.3288,11.3427,11.3566,11.3705,11.3844,11.3982,11.4121,11.4261,11.4401,11.4541,11.468,11.482,11.4959,11.5099,11.5238,11.5377,11.5012,11.4476,11.3941,11.3406,11.2871,11.2336,11.1802,11.1269,11.0736,11.045,11.0719,11.0988,11.1256,11.1523,11.1789,11.2055,11.232,11.2585,11.2848,11.3093,11.3334,11.3575,11.3816,11.4057,11.4298,11.4539,11.4779,11.502,11.4887,11.4259,11.3629,11.2996,11.2362,11.1725,11.1085,11.0443,10.9798,10.9151,10.8509,10.7867,10.7224,10.658,10.5935,10.5288,10.4641,10.3993,10.3344,10.2633,10.1871,10.111,10.0348,9.9585,9.8822,9.8059,9.7295,9.6531,9.5867,9.6039,9.6212,9.6384,9.6556,9.6728,9.6901,9.7073,9.7245,9.7417,9.6966,9.6197,9.5424,9.4648,9.3869,9.3085,9.2298,9.1507,9.0713,8.9698,8.7908,8.6116,8.4322,8.2527,8.0729,7.893,7.7128,7.5325,7.352,7.23,7.1253,7.0205,6.9157,6.8108,6.7059,6.6008,6.4957,6.3906,6.2989,6.2354,6.1719,6.1083,6.0446,5.9809,5.9171,5.8533,5.7893
12.9484,12.9025,12.8566,12.8106,12.7648,12.7189,12.6731,12.6273,12.5815,12.5279,12.4621,12.3965,12.331,12.2657,12.2004,12.1353,12.0703,12.0054,11.9407,11.8638,11.7862,11.7085,11.6308,11.5531,11.4754,11.3976,11.3198,11.242,11.1837,11.1446,11.1055,11.0664,11.0272,10.988,10.9488,10.9096,10.8704,10.8364,10.8788,10.9212,10.9635,11.0059,11.0482,11.0904,11.1326,11.1748,11.217,11.242,11.2565,11.271,11.2855,11.3,11.3145,11.3289,11.3434,11.3578,11.3722,11.3862,11.4002,11.4141,11.4281,11.442,11.456,11.4699,11.4838,11.4977,11.465,11.416,11.367,11.3181,11.2692,11.2204,11.1716,11.1229,11.0742,11.0472,11.0706,11.094,11.1172,11.1405,11.1636,11.1867,11.2097,11.2327,11.2555,11.2795,11.3036,11.3277,11.3519,11.3759,11.4,11.4241,11.4482,11.4722,11.4572,11.3872,11.317,11.2466,11.1759,11.105,11.0339,10.9625,10.8908,10.8189,10.7529,10.6869,10.6208,10.5546,10.4883,10.422,10.3555,10.2889,10.2222,10.1504,10.0743,9.998,9.9218,9.8455,9.7691,9.6927,9.6163,9.5398,9.4713,9.4892,9.5071,9.525,9.543,9.5609,9.5788,9.5967,9.6146,9.6325,9.5865,9.5038,9.4208,9.3375,9.2538,9.1697,9.0852,9.0004,8.9152,8.8116,8.6304,8.4491,8.2676,8.0859,7.904,7.7219,7.5397,7.3572,7.1745,7.0495,6.9448,6.84,6.7351,6.6302,6.5252,6.4201,6.315,6.2098,6.1166,6.0531,5.9895,5.9259,5.8621,5.7983,5.7345,5.6706,5.6066
12.9382,12.8914,12.8446,12.7979,12.7511,12.7044,12.6577,12.6111,12.5644,12.508,12.4372,12.3665,12.296,12.2256,12.1553,12.0852,12.0151,11.9452,11.8754,11.7986,11.7215,11.6443,11.5672,11.49,11.4127,11.3355,11.2582,11.1808,11.1231,11.0839,11.0446,11.0053,10.966,10.9267,10.8874,10.848,10.8087,10.7751,10.8192,10.8633,10.9074,10.9514,10.9954,11.0394,11.0833,11.1272,11.1711,11.197,11.2121,11.2272,11.2423,11.2573,11.2724,11.2874,11.3024,11.3174,11.3322,11.3462,11.3602,11.3742,11.3881,11.4021,11.416,11.43,11.4439,11.4578,11.4287,11.3843,11.3399,11.2956,11.2513,11.2071,11.1629,11.1188,11.0747,11.0494,11.0693,11.0892,11.109,11.1287,11.1484,11.168,11.1875,11.2069,11.2263,11.2497,11.2739,11.298,11.3221,11.3462,11.3703,11.3944,11.4184,11.4425,11.4258,11.3487,11.2713,11.1937,11.1158,11.0378,10.9595,10.8809,10.8021,10.723,10.6549,10.5871,10.5193,10.4513,10.3833,10.3151,10.2469,10.1785,10.1101,10.0376,9.9614,9.8851,9.8088,9.7324,9.656,9.5795,9.5031,9.4265,9.3558,9.3744,9.393,9.4116,9.4303,9.4489,9.4675,9.4861,9.5047,9.5233,9.4766,9.3882,9.2995,9.2104,9.121,9.0312,8.941,8.8504,8.7595,8.6535,8.4702,8.2868,8.1031,7.9193,7.7353,7.551,7.3666,7.182,6.9972,6.869,6.7642,6.6594,6.5545,6.4496,6.3445,6.2394,6.1343,6.0291,5.9343,5.8708,5.8071,5.7434,5.6796,5.6158,5.5519,5.4879,5.4239
12.928,12.8803,12.8327,12.7851,12.7375,12.6899,12.6424,12.5949,12.5474,12.4879,12.4121,12.3364,12.2608,12.1854,12.1101,12.0349,11.9598,11.8848,11.8099,11.7334,11.6568,11.5802,11.5035,11.4268,11.3501,11.2733,11.1965,11.1197,11.0624,11.0231,10.9837,10.9443,10.9048,10.8654,10.8259,10.7864,10.7469,10.7138,10.7597,10.8055,10.8513,10.897,10.9427,10.9884,11.034,11.0797,11.1252,11.1521,11.1677,11.1834,11.199,11.2146,11.2302,11.2458,11.2614,11.277,11.2922,11.3062,11.3202,11.3342,11.3482,11.3621,11.3761,11.39,11.4039,11.4178,11.3923,11.3525,11.3128,11.2731,11.2334,11.1937,11.1542,11.1146,11.0752,11.0517,11.0681,11.0845,11.1008,11.117,11.1332,11.1493,11.1653,11.1813,11.1972,11.22,11.2441,11.2682,11.2923,11.3164,11.3405,11.3646,11.3887,11.4128,11.3946,11.3103,11.2258,11.141,11.056,10.9708,10.8853,10.7996,10.7136,10.6274,10.5569,10.4874,10.4178,10.3481,10.2783,10.2084,10.1384,10.0682,9.998,9.9248,9.8485,9.7722,9.6958,9.6194,9.5429,9.4664,9.3898,9.3132,9.2403,9.2596,9.2789,9.2982,9.3175,9.3368,9.3561,9.3754,9.3947,9.414,9.3671,9.273,9.1785,9.0837,8.9885,8.893,8.7971,8.7008,8.6041,8.4955,8.3101,8.1245,7.9388,7.7528,7.5666,7.3803,7.1937,7.007,6.82,6.6885,6.5837,6.4788,6.3739,6.2689,6.1639,6.0588,5.9536,5.8483,5.7521,5.6884,5.6247,5.561,5.4971,5.4332,5.3693,5.3052,5.2411
12.9177,12.8692,12.8207,12.7722,12.7238,12.6754,12.627,12.5786,12.5303,12.4677,12.3868,12.3061,12.2255,12.145,12.0647,11.9844,11.9043,11.8243,11.7444,11.6683,11.5922,11.516,11.4399,11.3637,11.2874,11.2112,11.1349,11.0585,11.0018,10.9623,10.9228,10.8832,10.8436,10.8041,10.7645,10.7248,10.6852,10.6526,10.7002,10.7477,10.7952,10.8426,10.89,10.9374,10.9848,11.0321,11.0794,11.1071,11.1233,11.1396,11.1558,11.1719,11.1881,11.2043,11.2204,11.2365,11.2523,11.2663,11.2803,11.2943,11.3082,11.3222,11.3361,11.3501,11.364,11.3779,11.3559,11.3208,11.2856,11.2505,11.2154,11.1803,11.1454,11.1104,11.0755,11.054,11.067,11.0798,11.0926,11.1054,11.1181,11.1307,11.1432,11.1557,11.1681,11.1902,11.2143,11.2385,11.2626,11.2867,11.3108,11.3349,11.3589,11.383,11.3637,11.2722,11.1805,11.0885,10.9964,10.904,10.8114,10.7185,10.6253,10.5319,10.459,10.3877,10.3164,10.2449,10.1733,10.1017,10.0299,9.958,9.8861,9.812,9.7356,9.6592,9.5828,9.5063,9.4298,9.3532,9.2766,9.2,9.1247,9.1447,9.1648,9.1848,9.2048,9.2247,9.2447,9.2647,9.2847,9.3047,9.2579,9.158,9.0578,8.9573,8.8564,8.7551,8.6535,8.5514,8.4491,8.3377,8.1502,7.9624,7.7745,7.5864,7.3981,7.2096,7.021,6.8321,6.643,6.508,6.4031,6.2983,6.1933,6.0883,5.9832,5.8781,5.7729,5.6676,5.5698,5.5061,5.4423,5.3785,5.3146,5.2507,5.1866,5.1226,5.0584
12.9074,12.858,12.8087,12.7594,12.7101,12.6608,12.6116,12.5623,12.5131,12.4474,12.3615,12.2757,12.19,12.1045,12.0191,11.9339,11.8487,11.7637,11.6787,11.6031,11.5275,11.4519,11.3762,11.3005,11.2248,11.149,11.0732,10.9974,10.9411,10.9015,10.8618,10.8221,10.7825,10.7427,10.703,10.6632,10.6235,10.5914,10.6406,10.6899,10.7391,10.7882,10.8373,10.8864,10.9355,10.9845,11.0335,11.0622,11.0789,11.0957,11.1125,11.1292,11.146,11.1627,11.1794,11.1961,11.2123,11.2263,11.2403,11.2543,11.2683,11.2822,11.2962,11.3101,11.324,11.3379,11.3195,11.2889,11.2584,11.2278,11.1973,11.1669,11.1365,11.1061,11.0759,11.0564,11.0658,11.0752,11.0845,11.0938,11.103,11.1121,11.1212,11.1302,11.1391,11.1604,11.1846,11.2087,11.2328,11.2569,11.281,11.3051,11.3292,11.3533,11.3329,11.2342,11.1354,11.0363,10.937,10.8374,10.7376,10.6376,10.5373,10.4367,10.3612,10.2882,10.215,10.1418,10.0685,9.995,9.9215,9.8479,9.7741,9.6992,9.6228,9.5463,9.4698,9.3933,9.3167,9.2401,9.1634,9.0867,9.0099,9.0299,9.0506,9.0713,9.092,9.1126,9.1333,9.154,9.1747,9.1954,9.1489,9.0434,8.9374,8.8312,8.7245,8.6175,8.5102,8.4025,8.2943,8.18,7.9903,7.8005,7.6104,7.4202,7.2298,7.0391,6.8483,6.6573,6.4661,6.3275,6.2226,6.1177,6.0127,5.9077,5.8026,5.6974,5.5922,5.4869,5.3875,5.3238,5.26,5.1961,5.1321,5.0681,5.004,4.9399,4.8757
12.897,12.8468,12.7966,12.7465,12.6963,12.6462,12.5961,12.546,12.496,12.4269,12.3359,12.2451,12.1544,12.0639,11.9735,11.8832,11.793,11.7029,11.6131,11.538,11.4629,11.3878,11.3126,11.2374,11.1622,11.0869,11.0116,10.9363,10.8805,10.8407,10.8009,10.7611,10.7213,10.6814,10.6415,10.6016,10.5617,10.5302,10.5812,10.6321,10.683,10.7338,10.7847,10.8355,10.8862,10.937,10.9877,11.0172,11.0346,11.0519,11.0692,11.0866,11.1039,11.1211,11.1384,11.1557,11.1723,11.1863,11.2003,11.2143,11.2283,11.2423,11.2562,11.2702,11.2841,11.298,11.2831,11.2571,11.2311,11.2051,11.1792,11.1534,11.1276,11.1018,11.0761,11.0588,11.0648,11.0707,11.0765,11.0823,11.088,11.0936,11.0992,11.1047,11.1101,11.1307,11.1548,11.1789,11.2031,11.2272,11.2513,11.2754,11.2994,11.3235,11.3023,11.1965,11.0905,10.9842,10.8778,10.7711,10.6641,10.5569,10.4495,10.3418,10.2634,10.1886,10.1137,10.0387,9.9637,9.8885,9.8132,9.7378,9.6623,9.5864,9.5099,9.4334,9.3568,9.2802,9.2036,9.1269,9.0502,8.9734,8.8966,8.915,8.9363,8.9577,8.9791,9.0005,9.0219,9.0432,9.0646,9.086,9.0403,8.929,8.8174,8.7054,8.593,8.4803,8.3672,8.2538,8.1399,8.0225,7.8306,7.6386,7.4465,7.2541,7.0615,6.8688,6.6758,6.4827,6.2893,6.1469,6.0421,5.9371,5.8321,5.727,5.6219,5.5167,5.4114,5.3061,5.2067,5.145,5.0832,5.0213,4.9595,4.8975,4.8356,4.7736,4.7115
12.8867,12.8356,12.7845,12.7335,12.6825,12.6316,12.5806,12.5297,12.4788,12.4062,12.3102,12.2144,12.1187,12.0231,11.9277,11.8324,11.7372,11.6421,11.5474,11.4729,11.3983,11.3236,11.249,11.1743,11.0995,11.0248,10.95,10.8752,10.8198,10.7799,10.74,10.7,10.6601,10.6201,10.5801,10.54,10.5,10.469,10.5217,10.5743,10.6269,10.6795,10.732,10.7845,10.837,10.8894,10.9418,10.9723,10.9902,11.0081,11.026,11.0439,11.0617,11.0796,11.0974,11.1152,11.1324,11.1464,11.1604,11.1744,11.1884,11.2023,11.2163,11.2302,11.2441,11.258,11.2466,11.2252,11.2038,11.1824,11.1611,11.1398,11.1186,11.0974,11.0763,11.0613,11.0638,11.0662,11.0685,11.0708,11.0731,11.0752,11.0773,11.0793,11.0813,11.1009,11.125,11.1492,11.1733,11.1974,11.2215,11.2456,11.2697,11.2938,11.2719,11.159,11.0458,10.9324,10.8188,10.7049,10.5909,10.4765,10.3619,10.247,10.1657,10.0892,10.0125,9.9358,9.8589,9.782,9.7049,9.6278,9.5505,9.4735,9.397,9.3204,9.2438,9.1672,9.0905,9.0137,8.937,8.8601,8.7833,8.8,8.8221,8.8442,8.8662,8.887,8.9077,8.9284,8.949,8.9695,8.9238,8.8064,8.689,8.5715,8.4539,8.3363,8.2186,8.1009,7.9831,7.8643,7.6712,7.4781,7.2849,7.0917,6.8984,6.705,6.5116,6.3182,6.1247,5.9813,5.88,5.7791,5.6783,5.5777,5.4774,5.3773,5.2774,5.1778,5.0811,5.0194,4.9576,4.8958,4.8339,4.772,4.7101,4.6481,4.5861
12.841,12.7885,12.7362,12.6839,12.6318,12.5797,12.5277,12.4758,12.424,12.3495,12.2519,12.1542,12.0565,11.9587,11.861,11.7632,11.6653,11.5674,11.4704,11.3984,11.3262,11.2539,11.1814,11.1088,11.036,10.9631,10.8901,10.8169,10.7631,10.7241,10.685,10.6458,10.6065,10.5671,10.5277,10.4881,10.4485,10.4186,10.4726,10.5266,10.5806,10.6345,10.6885,10.7425,10.7964,10.8504,10.9043,10.9356,10.9541,10.9725,10.991,11.0096,11.0281,11.0466,11.0651,11.0837,11.1012,11.114,11.1269,11.1397,11.1524,11.1651,11.1778,11.1903,11.2028,11.2152,11.206,11.1881,11.1701,11.1521,11.1341,11.116,11.0978,11.0796,11.0614,11.0472,11.0452,11.0432,11.041,11.0387,11.0363,11.0337,11.0311,11.0283,11.0253,11.041,11.0616,11.0819,11.102,11.1219,11.1415,11.1608,11.1799,11.1987,11.1724,11.0515,10.9305,10.8093,10.688,10.5665,10.4448,10.323,10.2009,10.0787,9.9934,9.9143,9.835,9.7558,9.6765,9.5971,9.5177,9.4383,9.3588,9.2815,9.2078,9.1343,9.061,8.9879,8.9151,8.8425,8.7702,8.6981,8.6262,8.64,8.6608,8.6815,8.7022,8.7228,8.7433,8.7638,8.7842,8.8046,8.7624,8.645,8.5275,8.41,8.2924,8.1748,8.0571,7.9394,7.8216,7.7037,7.5119,7.3188,7.1257,6.9324,6.7392,6.5459,6.3525,6.1591,5.9656,5.8212,5.724,5.627,5.5302,5.4336,5.3373,5.2412,5.1453,5.0497,4.9555,4.8938,4.832,4.7703,4.7084,4.6466,4.5847,4.5227,4.4607
12.7715,12.7155,12.6596,12.6037,12.548,12.4924,12.4368,12.3814,12.326,12.249,12.1513,12.0536,11.9558,11.858,11.7602,11.6623,11.5644,11.4665,11.3699,11.3036,11.2372,11.1706,11.1039,11.037,10.97,10.9028,10.8355,10.7681,10.7201,10.6864,10.6526,10.6187,10.5847,10.5507,10.5165,10.4823,10.448,10.4235,10.4792,10.535,10.5906,10.6463,10.702,10.7577,10.8133,10.869,10.9246,10.9575,10.9777,10.998,11.0182,11.0384,11.0587,11.0789,11.0992,11.1195,11.1366,11.1388,11.1409,11.143,11.1451,11.1472,11.1492,11.1511,11.1529,11.1547,11.1411,11.1212,11.1013,11.0813,11.0613,11.0413,11.0212,11.001,10.9808,10.9638,10.9569,10.9498,10.9426,10.9353,10.9279,10.9204,10.9127,10.9049,10.897,10.9049,10.9172,10.9293,10.9411,10.9527,10.964,10.9751,10.9859,10.9965,10.9654,10.8415,10.7175,10.5933,10.4689,10.3444,10.2197,10.0949,9.9698,9.8446,9.7589,9.6806,9.6023,9.5239,9.4455,9.367,9.2885,9.2099,9.1313,9.057,8.9903,8.9237,8.8574,8.7913,8.7254,8.6598,8.5944,8.5293,8.4644,8.4765,8.4971,8.5177,8.5382,8.5586,8.579,8.5993,8.6195,8.6397,8.601,8.4836,8.3661,8.2486,8.131,8.0133,7.8956,7.7779,7.6601,7.5422,7.3526,7.1596,6.9664,6.7732,6.58,6.3867,6.1933,5.9999,5.8065,5.6609,5.5677,5.4746,5.3818,5.2893,5.1969,5.1048,5.0129,4.9212,4.8299,4.7682,4.7065,4.6447,4.5829,4.5211,4.4592,4.3973,4.3353
12.7019,12.6423,12.5828,12.5234,12.4642,12.405,12.3458,12.2868,12.2279,12.1485,12.0508,11.953,11.8551,11.7573,11.6594,11.5615,11.4635,11.3655,11.2696,11.209,11.1483,11.0875,11.0265,10.9653,10.904,10.8426,10.7811,10.7194,10.6772,10.6488,10.6203,10.5917,10.5631,10.5343,10.5055,10.4766,10.4476,10.4285,10.4859,10.5433,10.6007,10.6581,10.7155,10.7729,10.8302,10.8876,10.945,10.9795,11.0014,11.0234,11.0454,11.0673,11.0893,11.1113,11.1333,11.1553,11.172,11.1635,11.155,11.1465,11.1379,11.1293,11.1206,11.1119,11.1031,11.0942,11.0761,11.0543,11.0325,11.0106,10.9886,10.9666,10.9446,10.9225,10.9003,10.8806,10.8686,10.8565,10.8444,10.8321,10.8197,10.8071,10.7945,10.7817,10.7687,10.7689,10.773,10.7768,10.7804,10.7837,10.7868,10.7896,10.7922,10.7944,10.7585,10.6316,10.5045,10.3773,10.25,10.1224,9.9947,9.8669,9.7388,9.6106,9.5243,9.4469,9.3694,9.2919,9.2144,9.1368,9.0592,8.9815,8.9038,8.8323,8.7725,8.7129,8.6535,8.5944,8.5354,8.4768,8.4183,8.3601,8.3022,8.313,8.3335,8.3538,8.3741,8.3944,8.4146,8.4347,8.4548,8.4748,8.4396,8.3222,8.2047,8.0871,7.9695,7.8519,7.7342,7.6164,7.4986,7.3807,7.1934,7.0003,6.8072,6.614,6.4208,6.2275,6.0342,5.8408,5.6474,5.5003,5.4111,5.322,5.2332,5.1446,5.0563,4.9681,4.8802,4.7926,4.7051,4.6426,4.5809,4.5192,4.4574,4.3956,4.3337,4.2718,4.2099
12.6322,12.569,12.506,12.443,12.3802,12.3174,12.2547,12.1921,12.1296,12.048,11.9502,11.8523,11.7544,11.6565,11.5586,11.4606,11.3626,11.2645,11.1694,11.1146,11.0596,11.0045,10.9492,10.8938,10.8382,10.7825,10.7267,10.6708,10.6343,10.6113,10.5881,10.5648,10.5415,10.518,10.4945,10.4709,10.4473,10.4335,10.4926,10.5518,10.6109,10.67,10.729,10.7881,10.8472,10.9062,10.9653,11.0015,11.0251,11.0488,11.0725,11.0962,11.1199,11.1436,11.1674,11.1911,11.2074,11.1882,11.1691,11.1499,11.1307,11.1115,11.0922,11.0728,11.0533,11.0337,11.0112,10.9875,10.9637,10.9398,10.9159,10.892,10.868,10.8439,10.8198,10.7974,10.7804,10.7633,10.7462,10.7289,10.7115,10.694,10.6763,10.6585,10.6406,10.6331,10.6289,10.6245,10.6198,10.6149,10.6097,10.6043,10.5986,10.5926,10.5516,10.4217,10.2917,10.1615,10.0311,9.9006,9.7699,9.639,9.5079,9.3767,9.2896,9.2131,9.1366,9.06,8.9833,8.9066,8.8299,8.7531,8.6763,8.6073,8.5545,8.5018,8.4494,8.3972,8.3452,8.2934,8.2419,8.1906,8.1396,8.1495,8.1698,8.19,8.2101,8.2302,8.2502,8.2702,8.2901,8.3099,8.2782,8.1608,8.0433,7.9257,7.8081,7.6904,7.5727,7.4549,7.3371,7.2192,7.0341,6.8411,6.648,6.4548,6.2616,6.0684,5.875,5.6817,5.4883,5.3394,5.2542,5.1692,5.0843,4.9997,4.9154,4.8312,4.7473,4.6636,4.5801,4.517,4.4553,4.3936,4.3319,4.2701,4.2083,4.1464,4.0845
12.5623,12.4956,12.429,12.3625,12.2961,12.2297,12.1635,12.0973,12.0312,11.9475,11.8496,11.7517,11.6538,11.5558,11.4578,11.3597,11.2617,11.1636,11.0693,11.0202,10.971,10.9216,10.8721,10.8224,10.7725,10.7226,10.6725,10.6223,10.5916,10.5738,10.556,10.538,10.52,10.5018,10.4836,10.4653,10.447,10.4385,10.4994,10.5602,10.621,10.6818,10.7426,10.8034,10.8641,10.9249,10.9856,11.0234,11.0489,11.0743,11.0997,11.1251,11.1506,11.176,11.2014,11.2269,11.2428,11.213,11.1832,11.1534,11.1236,11.0937,11.0637,11.0337,11.0036,10.9734,10.9463,10.9206,10.8949,10.8691,10.8432,10.8173,10.7914,10.7654,10.7394,10.7142,10.6923,10.6702,10.6481,10.6258,10.6034,10.5809,10.5582,10.5354,10.5125,10.4975,10.4851,10.4724,10.4595,10.4463,10.4329,10.4192,10.4053,10.391,10.3449,10.212,10.0789,9.9457,9.8123,9.6788,9.5451,9.4112,9.2771,9.1429,9.055,8.9793,8.9037,8.828,8.7522,8.6764,8.6006,8.5247,8.4488,8.3821,8.3362,8.2904,8.2449,8.1996,8.1546,8.1098,8.0652,8.0209,7.9768,7.9861,8.0062,8.0262,8.0462,8.066,8.0859,8.1056,8.1254,8.145,8.1168,7.9994,7.8818,7.7643,7.6466,7.529,7.4112,7.2934,7.1756,7.0577,6.8748,6.6818,6.4887,6.2956,6.1024,5.9092,5.7159,5.5226,5.3292,5.1783,5.0971,5.016,4.9352,4.8546,4.7742,4.694,4.614,4.5343,4.4549,4.3914,4.3297,4.2681,4.2064,4.1446,4.0828,4.021,3.9591
12.4924,12.4221,12.3519,12.2818,12.2118,12.1419,12.0721,12.0024,11.9328,11.847,11.749,11.6511,11.5531,11.455,11.357,11.2589,11.1607,11.0626,10.9694,10.926,10.8825,10.8389,10.795,10.7511,10.707,10.6627,10.6183,10.5738,10.5489,10.5365,10.5239,10.5113,10.4985,10.4857,10.4728,10.4598,10.4467,10.4436,10.5061,10.5686,10.6311,10.6936,10.7561,10.8186,10.8811,10.9435,11.006,11.0454,11.0726,11.0997,11.1269,11.154,11.1812,11.2084,11.2355,11.2627,11.2782,11.2378,11.1974,11.157,11.1165,11.076,11.0354,10.9947,10.954,10.9132,10.8815,10.8538,10.8261,10.7984,10.7706,10.7427,10.7148,10.6869,10.6589,10.6311,10.6042,10.5772,10.55,10.5228,10.4954,10.4679,10.4402,10.4125,10.3846,10.3621,10.3414,10.3205,10.2993,10.2779,10.2562,10.2343,10.2121,10.1897,10.1382,10.0023,9.8662,9.73,9.5936,9.4571,9.3203,9.1835,9.0464,8.9092,8.8203,8.7455,8.6708,8.5959,8.5211,8.4462,8.3712,8.2962,8.2212,8.1565,8.1175,8.0787,8.0402,8.0018,7.9637,7.9258,7.8882,7.8508,7.8136,7.8226,7.8425,7.8624,7.8822,7.9019,7.9215,7.9411,7.9607,7.9801,7.9554,7.8379,7.7204,7.6028,7.4852,7.3675,7.2498,7.132,7.0141,6.8962,6.7155,6.5225,6.3295,6.1364,5.9432,5.75,5.5567,5.3634,5.17,5.017,4.9397,4.8626,4.7857,4.7091,4.6327,4.5565,4.4805,4.4048,4.3293,4.2658,4.2042,4.1425,4.0808,4.0191,3.9573,3.8955,3.8337
12.4223,12.3484,12.2747,12.201,12.1275,12.054,11.9807,11.9074,11.8342,11.7465,11.6485,11.5504,11.4524,11.3543,11.2562,11.158,11.0598,10.9616,10.8696,10.832,10.7942,10.7562,10.7181,10.6799,10.6415,10.603,10.5643,10.5255,10.5064,10.4992,10.4919,10.4846,10.4771,10.4696,10.462,10.4543,10.4466,10.4486,10.5129,10.5771,10.6413,10.7055,10.7697,10.8339,10.898,10.9622,11.0264,11.0674,11.0963,11.1252,11.154,11.1829,11.2118,11.2407,11.2696,11.2985,11.3137,11.2627,11.2116,11.1606,11.1094,11.0583,11.0071,10.9558,10.9044,10.853,10.8166,10.787,10.7573,10.7277,10.6979,10.6681,10.6383,10.6084,10.5785,10.5481,10.5162,10.4842,10.4521,10.4198,10.3875,10.355,10.3224,10.2896,10.2567,10.2268,10.1979,10.1687,10.1393,10.1097,10.0798,10.0496,10.0192,9.9885,9.9316,9.7927,9.6536,9.5144,9.375,9.2355,9.0957,8.9558,8.8158,8.6755,8.5855,8.5117,8.4378,8.3639,8.2899,8.2159,8.1418,8.0677,7.9935,7.9307,7.8986,7.8668,7.8351,7.8037,7.7725,7.7416,7.7108,7.6804,7.6502,7.6592,7.6789,7.6986,7.7182,7.7377,7.7572,7.7766,7.796,7.8152,7.794,7.6765,7.559,7.4414,7.3238,7.2061,7.0883,6.9705,6.8526,6.7347,6.5563,6.3633,6.1703,5.9772,5.784,5.5908,5.3976,5.2043,5.0109,4.8553,4.782,4.7089,4.636,4.5634,4.4909,4.4187,4.3467,4.275,4.2035,4.1402,4.0786,4.017,3.9553,3.8936,3.8319,3.7701,3.7083
12.352,12.2746,12.1973,12.1201,12.043,11.966,11.8891,11.8123,11.7355,11.646,11.5479,11.4498,11.3517,11.2535,11.1554,11.0571,10.9589,10.8606,10.7699,10.738,10.706,10.6737,10.6413,10.6088,10.5761,10.5433,10.5104,10.4773,10.4639,10.462,10.4601,10.458,10.4558,10.4536,10.4513,10.4489,10.4465,10.4537,10.5196,10.5856,10.6515,10.7174,10.7833,10.8491,10.915,10.9809,11.0468,11.0894,11.12,11.1506,11.1812,11.2118,11.2424,11.2731,11.3037,11.3343,11.3492,11.2875,11.2259,11.1642,11.1024,11.0407,10.9788,10.9169,10.855,10.7929,10.7518,10.7202,10.6886,10.657,10.6253,10.5936,10.5618,10.53,10.4981,10.4652,10.4283,10.3913,10.3542,10.317,10.2796,10.2422,10.2046,10.1668,10.129,10.0917,10.0546,10.0172,9.9795,9.9417,9.9035,9.8652,9.8265,9.7876,9.7251,9.5832,9.4411,9.2989,9.1565,9.0139,8.8712,8.7283,8.5853,8.442,8.3508,8.2778,8.2048,8.1318,8.0587,7.9855,7.9124,7.8391,7.7659,7.7046,7.6795,7.6545,7.6298,7.6053,7.581,7.557,7.5332,7.5096,7.4864,7.4958,7.5153,7.5348,7.5542,7.5736,7.5929,7.6121,7.6313,7.6504,7.6326,7.5151,7.3976,7.28,7.1623,7.0446,6.9268,6.809,6.6911,6.5732,6.397,6.204,6.011,5.8179,5.6248,5.4317,5.2384,5.0452,4.8518,4.6934,4.6241,4.555,4.4861,4.4174,4.3489,4.2807,4.2126,4.1449,4.0773,4.0145,3.953,3.8914,3.8298,3.7681,3.7064,3.6446,3.5828
12.2817,12.2007,12.1199,12.0391,11.9585,11.8779,11.7974,11.717,11.6367,11.5454,11.4473,11.3492,11.251,11.1528,11.0545,10.9563,10.858,10.7596,10.6704,10.6442,10.6179,10.5914,10.5647,10.5379,10.5109,10.4838,10.4566,10.4292,10.4215,10.4249,10.4283,10.4315,10.4346,10.4377,10.4407,10.4436,10.4464,10.4588,10.5264,10.5941,10.6617,10.7293,10.7969,10.8644,10.932,10.9996,11.0671,11.1115,11.1438,11.1761,11.2084,11.2407,11.2731,11.3054,11.3378,11.3701,11.3846,11.3124,11.2401,11.1678,11.0955,11.0231,10.9507,10.8782,10.8056,10.7329,10.6869,10.6534,10.6199,10.5863,10.5527,10.519,10.4853,10.4516,10.4178,10.3824,10.3405,10.2985,10.2564,10.2142,10.1719,10.1295,10.0869,10.0442,10.0013,9.9568,9.9114,9.8658,9.8199,9.7739,9.7275,9.6809,9.634,9.5869,9.5186,9.3737,9.2287,9.0834,8.9381,8.7925,8.6468,8.5009,8.3548,8.2086,8.116,8.0439,7.9718,7.8996,7.8274,7.7552,7.6829,7.6105,7.5382,7.4782,7.46,7.442,7.4242,7.4066,7.3892,7.3721,7.3552,7.3386,7.3222,7.3323,7.3517,7.371,7.3903,7.4094,7.4286,7.4476,7.4666,7.4855,7.4712,7.3537,7.2361,7.1185,7.0009,6.8831,6.7654,6.6475,6.5296,6.4117,6.2377,6.0448,5.8518,5.6587,5.4656,5.2725,5.0793,4.886,4.6927,4.5313,4.4659,4.4008,4.3358,4.2711,4.2066,4.1423,4.0783,4.0145,3.9509,3.8889,3.8274,3.7658,3.7042,3.6426,3.5809,3.5192,3.4574
12.2112,12.1267,12.0423,11.958,11.8738,11.7896,11.7056,11.6217,11.5378,11.4449,11.3467,11.2485,11.1503,11.052,10.9537,10.8554,10.757,10.6586,10.5711,10.5506,10.5299,10.5091,10.4881,10.467,10.4458,10.4244,10.4029,10.3812,10.3792,10.3879,10.3965,10.4051,10.4135,10.4218,10.4301,10.4383,10.4464,10.4639,10.5333,10.6026,10.6719,10.7412,10.8105,10.8797,10.949,11.0183,11.0875,11.1335,11.1675,11.2016,11.2356,11.2697,11.3037,11.3378,11.3718,11.4059,11.4202,11.3373,11.2544,11.1715,11.0886,11.0056,10.9226,10.8394,10.7562,10.673,10.6221,10.5867,10.5512,10.5157,10.4801,10.4445,10.4089,10.3732,10.3374,10.2996,10.2527,10.2058,10.1587,10.1116,10.0643,10.0168,9.9693,9.9216,9.8738,9.8221,9.7684,9.7146,9.6605,9.6062,9.5517,9.4968,9.4417,9.3864,9.3123,9.1644,9.0163,8.8681,8.7197,8.5712,8.4225,8.2736,8.1245,7.9753,7.8812,7.81,7.7388,7.6675,7.5962,7.5248,7.4534,7.3819,7.3104,7.2516,7.2403,7.2292,7.2183,7.2076,7.1972,7.1869,7.177,7.1673,7.1578,7.1689,7.1881,7.2072,7.2263,7.2453,7.2643,7.2831,7.3019,7.3207,7.3098,7.1923,7.0747,6.9571,6.8394,6.7217,6.6039,6.486,6.3681,6.2502,6.0784,5.8855,5.6925,5.4995,5.3064,5.1133,4.9201,4.7269,4.5336,4.3688,4.3075,4.2463,4.1853,4.1246,4.064,4.0037,3.9436,3.8838,3.8242,3.7633,3.7018,3.6403,3.5787,3.5171,3.4554,3.3937,3.332
12.1405,12.0525,11.9645,11.8767,11.7889,11.7013,11.6137,11.5262,11.4388,11.3444,11.2462,11.1479,11.0496,10.9513,10.8529,10.7545,10.6561,10.5577,10.4718,10.457,10.4421,10.427,10.4117,10.3963,10.3808,10.3651,10.3493,10.3333,10.337,10.351,10.3649,10.3787,10.3924,10.4061,10.4196,10.4331,10.4465,10.4691,10.5401,10.6111,10.6821,10.7531,10.8241,10.8951,10.966,11.037,11.1079,11.1555,11.1913,11.227,11.2628,11.2986,11.3343,11.3701,11.4059,11.4417,11.4557,11.3622,11.2688,11.1753,11.0817,10.9881,10.8945,10.8008,10.707,10.6131,10.5573,10.52,10.4825,10.4451,10.4076,10.37,10.3324,10.2948,10.2571,10.2169,10.1651,10.1131,10.0611,10.009,9.9567,9.9043,9.8518,9.7991,9.7463,9.6875,9.6257,9.5636,9.5013,9.4388,9.376,9.313,9.2497,9.1861,9.106,8.9551,8.804,8.6528,8.5015,8.3499,8.1982,8.0463,7.8943,7.7421,7.6463,7.576,7.5057,7.4353,7.3649,7.2944,7.2238,7.1533,7.0827,7.0246,7.0202,7.016,7.0121,7.0083,7.0048,7.0015,6.9984,6.9956,6.993,7.0055,7.0245,7.0435,7.0624,7.0812,7.0999,7.1186,7.1373,7.1559,7.1484,7.0309,6.9133,6.7957,6.678,6.5602,6.4424,6.3246,6.2066,6.0887,5.9191,5.7262,5.5333,5.3403,5.1472,4.9541,4.7609,4.5677,4.3745,4.2062,4.1487,4.0915,4.0345,3.9777,3.9212,3.8648,3.8087,3.7529,3.6972,3.6377,3.5762,3.5147,3.4532,3.3916,3.3299,3.2683,3.2066
12.0698,11.9782,11.8867,11.7953,11.704,11.6128,11.5217,11.4306,11.3396,11.2439,11.1456,11.0472,10.9489,10.8505,10.7521,10.6537,10.5552,10.4567,10.3727,10.3636,10.3544,10.345,10.3354,10.3257,10.3159,10.3059,10.2958,10.2855,10.2949,10.3142,10.3334,10.3525,10.3714,10.3904,10.4092,10.4279,10.4466,10.4742,10.5469,10.6196,10.6923,10.765,10.8377,10.9104,10.983,11.0557,11.1283,11.1775,11.215,11.2525,11.29,11.3275,11.365,11.4025,11.44,11.4775,11.4912,11.3872,11.2831,11.179,11.0749,10.9707,10.8665,10.7622,10.6578,10.5533,10.4925,10.4532,10.4139,10.3745,10.3351,10.2956,10.256,10.2165,10.1768,10.1342,10.0774,10.0206,9.9636,9.9065,9.8492,9.7919,9.7344,9.6768,9.619,9.5531,9.4831,9.4128,9.3423,9.2716,9.2006,9.1293,9.0578,8.986,8.8998,8.7459,8.5919,8.4377,8.2833,8.1288,7.9741,7.8192,7.6642,7.5089,7.4114,7.342,7.2726,7.2031,7.1335,7.0639,6.9943,6.9246,6.8548,6.7974,6.7999,6.8026,6.8056,6.8087,6.8121,6.8157,6.8195,6.8236,6.828,6.8421,6.8609,6.8797,6.8984,6.9171,6.9357,6.9542,6.9726,6.991,6.987,6.8695,6.7519,6.6342,6.5165,6.3988,6.2809,6.1631,6.0451,5.9272,5.7598,5.567,5.374,5.1811,4.988,4.7949,4.6018,4.4086,4.2153,4.0432,3.9898,3.9365,3.8835,3.8307,3.7781,3.7257,3.6735,3.6216,3.5699,3.5121,3.4506,3.3892,3.3276,3.2661,3.2045,3.1428,3.0811
11.9989,11.9038,11.8087,11.7138,11.6189,11.5242,11.4295,11.3349,11.2404,11.1433,11.045,10.9466,10.8482,10.7498,10.6513,10.5528,10.4542,10.3557,10.2737,10.2704,10.2668,10.2631,10.2592,10.2552,10.2511,10.2468,10.2424,10.2378,10.2529,10.2774,10.3019,10.3263,10.3505,10.3747,10.3988,10.4229,10.4468,10.4794,10.5538,10.6282,10.7026,10.777,10.8514,10.9257,11.0001,11.0744,11.1488,11.1996,11.2388,11.278,11.3172,11.3564,11.3956,11.4348,11.4741,11.5133,11.5268,11.4122,11.2975,11.1828,11.0681,10.9534,10.8386,10.7237,10.6087,10.4937,10.4278,10.3865,10.3452,10.3039,10.2625,10.2211,10.1797,10.1381,10.0966,10.0517,9.9899,9.9281,9.8661,9.804,9.7418,9.6795,9.6171,9.5545,9.4918,9.4189,9.3406,9.2622,9.1835,9.1045,9.0253,8.9459,8.8662,8.7862,8.6937,8.5368,8.3798,8.2226,8.0652,7.9077,7.75,7.5921,7.4341,7.2759,7.1765,7.108,7.0394,6.9708,6.9021,6.8334,6.7647,6.6958,6.627,6.57,6.5794,6.589,6.5988,6.6088,6.6191,6.6296,6.6403,6.6513,6.6626,6.6787,6.6974,6.716,6.7345,6.753,6.7714,6.7897,6.808,6.8262,6.8256,6.708,6.5904,6.4728,6.3551,6.2373,6.1195,6.0016,5.8836,5.7657,5.6005,5.4077,5.2148,5.0218,4.8288,4.6357,4.4426,4.2494,4.0562,3.88,3.8305,3.7812,3.7322,3.6833,3.6347,3.5864,3.5384,3.4904,3.4424,3.3863,3.325,3.2637,3.2024,3.141,3.0797,3.0184,2.9571
11.9279,11.8292,11.7307,11.6322,11.5338,11.4355,11.3373,11.2391,11.1411,11.0428,10.9444,10.846,10.7475,10.649,10.5505,10.4519,10.3533,10.2547,10.1749,10.1772,10.1794,10.1813,10.1832,10.1848,10.1864,10.1878,10.1891,10.1902,10.211,10.2408,10.2705,10.3002,10.3297,10.3592,10.3886,10.4179,10.4471,10.4846,10.5607,10.6368,10.7129,10.7889,10.865,10.9411,11.0171,11.0932,11.1692,11.2216,11.2626,11.3035,11.3444,11.3853,11.4263,11.4672,11.5082,11.5491,11.5624,11.4372,11.3119,11.1867,11.0614,10.9361,10.8107,10.6852,10.5597,10.4341,10.363,10.3198,10.2766,10.2334,10.1901,10.1467,10.1033,10.0598,10.0163,9.9692,9.9025,9.8356,9.7687,9.7017,9.6345,9.5673,9.4999,9.4323,9.3646,9.2848,9.1984,9.1117,9.0248,8.9377,8.8503,8.7626,8.6747,8.5865,8.4877,8.3278,8.1678,8.0076,7.8472,7.6867,7.526,7.3652,7.2042,7.043,6.9416,6.8739,6.8062,6.7385,6.6707,6.6029,6.535,6.4671,6.3991,6.3422,6.3585,6.375,6.3917,6.4086,6.4258,6.4432,6.4608,6.4787,6.497,6.5159,6.5346,6.5532,6.5716,6.5897,6.6076,6.6252,6.6427,6.6599,6.6617,6.5439,6.426,6.308,6.19,6.0719,5.9537,5.8355,5.7172,5.5988,5.437,5.2462,5.0557,4.8654,4.6753,4.4854,4.2958,4.1063,3.9171,3.7403,3.693,3.6457,3.5985,3.5512,3.5039,3.4567,3.4094,3.3622,3.315,3.2601,3.1993,3.1386,3.0778,3.0171,2.9563,2.8956,2.8348
11.8344,11.7399,11.645,11.5499,11.4545,11.3589,11.263,11.1669,11.0706,10.975,10.8796,10.784,10.6882,10.5921,10.4959,10.3994,10.3028,10.206,10.1296,10.1358,10.1419,10.1479,10.1538,10.1596,10.1653,10.171,10.1765,10.182,10.2048,10.2355,10.2663,10.2972,10.3282,10.3593,10.3905,10.4217,10.4531,10.4923,10.5668,10.6413,10.716,10.7908,10.8656,10.9406,11.0155,11.0906,11.1657,11.2173,11.2577,11.298,11.3383,11.3786,11.4189,11.4591,11.4993,11.5395,11.5506,11.4161,11.2816,11.147,11.0123,10.8775,10.7427,10.6078,10.4727,10.3376,10.2598,10.2115,10.1631,10.1146,10.0658,10.0167,9.9675,9.918,9.8682,9.8148,9.7416,9.6682,9.5947,9.5209,9.447,9.3729,9.2986,9.2241,9.1494,9.0629,8.9699,8.8767,8.7836,8.6903,8.5969,8.5035,8.4101,8.3165,8.2142,8.0548,7.8954,7.7362,7.577,7.418,7.2591,7.1003,6.9417,6.7832,6.6855,6.6249,6.5645,6.5045,6.4447,6.3853,6.3262,6.2675,6.2091,6.1599,6.1812,6.2025,6.2239,6.2454,6.267,6.2887,6.3105,6.3324,6.3543,6.3724,6.3877,6.4027,6.4176,6.4322,6.4466,6.4607,6.4746,6.4883,6.4905,6.3726,6.2546,6.1365,6.0184,5.9002,5.7819,5.6636,5.5452,5.4268,5.2694,5.0829,4.8966,4.7106,4.5247,4.339,4.1536,3.9683,3.7833,3.606,3.5594,3.5129,3.4664,3.4199,3.3734,3.3269,3.2804,3.234,3.1875,3.1337,3.0736,3.0134,2.9532,2.8931,2.8329,2.7727,2.7126
11.7316,11.6438,11.5558,11.4675,11.379,11.2902,11.2012,11.1119,11.0224,10.934,10.8459,10.7576,10.669,10.5803,10.4913,10.4021,10.3128,10.2233,10.1548,10.1659,10.1769,10.1878,10.1985,10.2092,10.2198,10.2304,10.2408,10.2512,10.2717,10.2967,10.3217,10.3469,10.3722,10.3976,10.423,10.4486,10.4742,10.507,10.5704,10.634,10.6977,10.7614,10.8252,10.8892,10.9531,11.0171,11.0812,11.1227,11.1535,11.1842,11.215,11.2457,11.2764,11.307,11.3376,11.3682,11.3708,11.2327,11.0945,10.9563,10.8179,10.6795,10.541,10.4024,10.2637,10.125,10.0379,9.9781,9.9181,9.8579,9.7974,9.7368,9.676,9.6149,9.5535,9.4897,9.4123,9.3348,9.2571,9.1792,9.1012,9.0229,8.9445,8.8659,8.787,8.7005,8.6094,8.5183,8.4271,8.3359,8.2446,8.1532,8.0617,7.9702,7.8714,7.7194,7.5675,7.4157,7.264,7.1124,6.9609,6.8096,6.6584,6.5074,6.4176,6.3679,6.3185,6.2693,6.2205,6.172,6.1238,6.076,6.0286,5.988,6.0125,6.0371,6.0618,6.0865,6.1113,6.1362,6.1612,6.1863,6.2115,6.2291,6.2409,6.2524,6.2637,6.2748,6.2857,6.2964,6.3068,6.317,6.3193,6.2012,6.0831,5.965,5.8468,5.7285,5.6101,5.4917,5.3732,5.2547,5.1016,4.9193,4.7373,4.5554,4.3738,4.1923,4.0111,3.8301,3.6493,3.4716,3.4258,3.3801,3.3343,3.2886,3.2428,3.1971,3.1514,3.1057,3.06,3.0074,2.9478,2.8882,2.8286,2.769,2.7094,2.6498,2.5902
11.6289,11.548,11.4668,11.3854,11.3037,11.2218,11.1396,11.0571,10.9745,10.8933,10.8124,10.7314,10.6501,10.5686,10.4869,10.405,10.323,10.2407,10.1802,10.1962,10.212,10.2278,10.2434,10.259,10.2745,10.2899,10.3052,10.3205,10.3385,10.3577,10.3771,10.3965,10.4161,10.4358,10.4556,10.4754,10.4953,10.5216,10.574,10.6266,10.6792,10.7319,10.7848,10.8377,10.8906,10.9436,10.9967,11.0281,11.0493,11.0704,11.0916,11.1127,11.1338,11.1549,11.176,11.1969,11.1911,11.0493,10.9075,10.7656,10.6236,10.4815,10.3393,10.1971,10.0548,9.9123,9.8161,9.7447,9.6731,9.6013,9.5293,9.457,9.3846,9.3119,9.2389,9.1646,9.0831,9.0015,8.9196,8.8376,8.7555,8.6731,8.5905,8.5077,8.4248,8.338,8.249,8.1599,8.0707,7.9814,7.8921,7.8027,7.7133,7.6237,7.5283,7.3838,7.2393,7.095,6.9507,6.8066,6.6625,6.5186,6.3749,6.2313,6.1493,6.1105,6.072,6.0338,5.9959,5.9583,5.9211,5.8842,5.8476,5.816,5.8437,5.8716,5.8994,5.9274,5.9555,5.9836,6.0119,6.0402,6.0686,6.086,6.0942,6.1023,6.1101,6.1177,6.1251,6.1322,6.1391,6.1458,6.1481,6.0299,5.9117,5.7935,5.6752,5.5568,5.4384,5.3198,5.2013,5.0826,4.9335,4.7555,4.5777,4.4,4.2226,4.0454,3.8684,3.6916,3.515,3.3387,3.2922,3.2472,3.2022,3.1572,3.1122,3.0672,3.0223,2.9773,2.9324,2.8809,2.8219,2.7629,2.7039,2.6449,2.5859,2.5269,2.4679
11.5265,11.4524,11.3781,11.3035,11.2286,11.1535,11.0782,11.0026,10.9267,10.8527,10.7792,10.7054,10.6314,10.5571,10.4827,10.4081,10.3333,10.2583,10.2057,10.2266,10.2473,10.2679,10.2884,10.3088,10.3292,10.3495,10.3697,10.3898,10.4051,10.4187,10.4323,10.4461,10.46,10.4739,10.488,10.5021,10.5164,10.536,10.5775,10.619,10.6607,10.7024,10.7442,10.7861,10.828,10.8701,10.9121,10.9334,10.945,10.9566,10.9682,10.9798,10.9913,11.0028,11.0143,11.0257,11.0113,10.8659,10.7204,10.5749,10.4292,10.2835,10.1377,9.9918,9.8458,9.6997,9.5945,9.5114,9.4282,9.3448,9.2612,9.1774,9.0933,9.009,8.9245,8.8396,8.754,8.6682,8.5822,8.4961,8.4098,8.3233,8.2366,8.1497,8.0626,7.9755,7.8885,7.8014,7.7142,7.627,7.5396,7.4522,7.3648,7.2773,7.1851,7.048,6.911,6.774,6.6372,6.5005,6.3639,6.2275,6.0911,5.955,5.8807,5.8528,5.8252,5.7979,5.7709,5.7442,5.7179,5.6919,5.6662,5.6439,5.6748,5.7059,5.737,5.7682,5.7995,5.8308,5.8623,5.8939,5.9255,5.943,5.9478,5.9523,5.9566,5.9607,5.9646,5.9682,5.9716,5.9748,5.9769,5.8586,5.7403,5.622,5.5036,5.3851,5.2666,5.148,5.0293,4.9106,4.7652,4.5914,4.4178,4.2444,4.0712,3.8982,3.7254,3.5528,3.3805,3.2083,3.1584,3.1142,3.07,3.0258,2.9815,2.9373,2.8931,2.8489,2.8048,2.7545,2.6961,2.6376,2.5792,2.5208,2.4623,2.4039,2.3455
11.4244,11.3571,11.2896,11.2218,11.1538,11.0855,11.017,10.9482,10.8792,10.8124,10.7461,10.6796,10.6128,10.5459,10.4787,10.4114,10.3438,10.2761,10.2314,10.257,10.2826,10.3081,10.3335,10.3588,10.384,10.4091,10.4342,10.4592,10.4717,10.4795,10.4875,10.4956,10.5037,10.512,10.5204,10.5288,10.5373,10.5504,10.5808,10.6113,10.642,10.6727,10.7036,10.7345,10.7654,10.7964,10.8275,10.8387,10.8407,10.8427,10.8448,10.8468,10.8488,10.8507,10.8526,10.8544,10.8316,10.6825,10.5334,10.3842,10.2349,10.0855,9.9361,9.7865,9.6369,9.4871,9.3729,9.2783,9.1835,9.0885,8.9933,8.8979,8.8022,8.7063,8.6102,8.5146,8.4249,8.335,8.2449,8.1546,8.0642,7.9736,7.8827,7.7917,7.7005,7.6129,7.5279,7.4428,7.3577,7.2724,7.1871,7.1017,7.0163,6.9307,6.8417,6.712,6.5824,6.4529,6.3235,6.1942,6.065,5.936,5.8071,5.6784,5.6117,5.5947,5.578,5.5616,5.5455,5.5297,5.5143,5.4992,5.4844,5.4716,5.5058,5.5401,5.5744,5.6088,5.6433,5.6779,5.7126,5.7474,5.7823,5.8002,5.8015,5.8025,5.8033,5.8039,5.8042,5.8044,5.8043,5.804,5.8034,5.6873,5.569,5.4505,5.332,5.2134,5.0948,4.9761,4.8574,4.7385,4.5966,4.427,4.2576,4.0884,3.9195,3.7507,3.5821,3.4138,3.2456,3.0777,3.0247,2.9812,2.9377,2.8943,2.8508,2.8074,2.7639,2.7205,2.6771,2.628,2.5701,2.5123,2.4544,2.3966,2.3387,2.2809,2.223
11.3224,11.262,11.2013,11.1404,11.0792,11.0177,10.956,10.8941,10.8319,10.7723,10.7132,10.654,10.5945,10.5348,10.4749,10.4148,10.3545,10.2941,10.2571,10.2876,10.3181,10.3484,10.3787,10.4088,10.4389,10.4689,10.4988,10.5287,10.5381,10.5403,10.5426,10.5449,10.5474,10.55,10.5527,10.5554,10.5582,10.5646,10.584,10.6036,10.6232,10.643,10.6628,10.6827,10.7027,10.7227,10.7428,10.7439,10.7364,10.7289,10.7213,10.7138,10.7062,10.6986,10.6909,10.6832,10.6519,10.4992,10.3464,10.1935,10.0406,9.8876,9.7345,9.5813,9.428,9.2746,9.1514,9.0452,8.9388,8.8323,8.7255,8.6185,8.5113,8.4038,8.2961,8.1897,8.0959,8.0018,7.9076,7.8132,7.7187,7.6239,7.529,7.4338,7.3384,7.2503,7.1673,7.0842,7.0011,6.9178,6.8345,6.7511,6.6677,6.5841,6.4981,6.3758,6.2536,6.1315,6.0095,5.8877,5.766,5.6444,5.5229,5.4016,5.3423,5.3362,5.3304,5.3249,5.3197,5.3148,5.3103,5.3061,5.3022,5.2992,5.3366,5.3741,5.4117,5.4493,5.4871,5.5249,5.5628,5.6008,5.6389,5.6576,5.6553,5.6528,5.6502,5.6472,5.6441,5.6407,5.6371,5.6333,5.6292,5.516,5.3976,5.279,5.1604,5.0418,4.923,4.8043,4.6854,4.5665,4.4278,4.2624,4.0973,3.9323,3.7675,3.6029,3.4386,3.2744,3.1105,2.9468,2.8909,2.8481,2.8054,2.7627,2.72,2.6773,2.6346,2.592,2.5493,2.5014,2.4442,2.3869,2.3296,2.2723,2.2151,2.1578,2.1005
11.2208,11.1672,11.1133,11.0592,11.0048,10.9501,10.8953,10.8401,10.7848,10.7324,10.6806,10.6286,10.5764,10.5239,10.4713,10.4184,10.3654,10.3122,10.2829,10.3183,10.3536,10.3888,10.424,10.459,10.4939,10.5288,10.5636,10.5983,10.6045,10.601,10.5976,10.5942,10.591,10.5879,10.5849,10.5819,10.5791,10.5787,10.5871,10.5957,10.6044,10.6132,10.622,10.6309,10.6399,10.649,10.658,10.6491,10.632,10.6149,10.5979,10.5808,10.5636,10.5464,10.5292,10.512,10.4722,10.3158,10.1594,10.0029,9.8463,9.6896,9.5329,9.376,9.2191,9.0621,8.93,8.8123,8.6943,8.5762,8.4578,8.3392,8.2204,8.1014,7.9821,7.8649,7.7669,7.6688,7.5704,7.4719,7.3732,7.2743,7.1753,7.076,6.9765,6.8877,6.8067,6.7256,6.6444,6.5632,6.4819,6.4005,6.319,6.2375,6.1542,6.0394,5.9246,5.8099,5.6954,5.581,5.4666,5.3525,5.2384,5.1245,5.0725,5.0773,5.0824,5.0878,5.0935,5.0995,5.1058,5.1125,5.1196,5.127,5.1673,5.2081,5.2488,5.2897,5.3307,5.3717,5.4128,5.454,5.4954,5.5151,5.5093,5.5034,5.4972,5.4908,5.4841,5.4773,5.4702,5.4629,5.4553,5.3448,5.2262,5.1076,4.9889,4.8701,4.7513,4.6324,4.5134,4.3944,4.2587,4.0976,3.9366,3.7758,3.6153,3.4549,3.2948,3.1348,2.9751,2.8157,2.757,2.715,2.6731,2.6311,2.5892,2.5472,2.5053,2.4634,2.4215,2.3749,2.3182,2.2615,2.2048,2.1481,2.0914,2.0347,1.978
11.1194,11.0726,11.0255,10.9782,10.9306,10.8828,10.8347,10.7864,10.7379,10.6927,10.6482,10.6034,10.5584,10.5132,10.4678,10.4223,10.3765,10.3306,10.3089,10.3492,10.3893,10.4294,10.4694,10.5092,10.549,10.5888,10.6284,10.668,10.6708,10.6616,10.6524,10.6434,10.6345,10.6257,10.617,10.6084,10.5998,10.5926,10.5901,10.5877,10.5854,10.5832,10.5811,10.5791,10.5771,10.5751,10.5732,10.5542,10.5276,10.501,10.4744,10.4477,10.421,10.3943,10.3676,10.3407,10.2925,10.1325,9.9724,9.8122,9.652,9.4917,9.3313,9.1708,9.0103,8.8496,8.7087,8.5794,8.4499,8.3202,8.1903,8.0601,7.9298,7.7992,7.6683,7.5401,7.438,7.3358,7.2333,7.1307,7.0278,6.9248,6.8216,6.7182,6.6146,6.525,6.446,6.3669,6.2877,6.2085,6.1292,6.0498,5.9703,5.8908,5.8102,5.7027,5.5954,5.4881,5.381,5.274,5.1671,5.0603,4.9537,4.8472,4.8024,4.8181,4.834,4.8503,4.8669,4.8838,4.901,4.9186,4.9365,4.9548,4.9979,5.0418,5.0859,5.1299,5.1741,5.2184,5.2627,5.3071,5.3517,5.3728,5.3635,5.3541,5.3444,5.3345,5.3243,5.314,5.3034,5.2926,5.2815,5.1735,5.0548,4.9361,4.8173,4.6984,4.5795,4.4605,4.3415,4.2224,4.0894,3.9325,3.7757,3.6191,3.4628,3.3066,3.1507,2.995,2.8395,2.6842,2.6231,2.5819,2.5407,2.4995,2.4583,2.4171,2.3759,2.3348,2.2936,2.2482,2.1921,2.136,2.0799,2.0238,1.9676,1.9115,1.8554
11.0182,10.9782,10.938,10.8974,10.8567,10.8157,10.7744,10.7329,10.6912,10.6533,10.616,10.5784,10.5407,10.5028,10.4646,10.4263,10.3878,10.3491,10.335,10.3801,10.4251,10.47,10.5148,10.5596,10.6042,10.6488,10.6933,10.7378,10.737,10.7221,10.7073,10.6926,10.678,10.6635,10.6491,10.6348,10.6205,10.6065,10.593,10.5796,10.5664,10.5532,10.5401,10.5271,10.5141,10.5012,10.4884,10.4593,10.4232,10.387,10.3509,10.3147,10.2784,10.2422,10.2059,10.1695,10.1128,9.9491,9.7854,9.6216,9.4577,9.2938,9.1298,8.9656,8.8014,8.6371,8.4875,8.3467,8.2056,8.0643,7.9228,7.7812,7.6392,7.4971,7.3547,7.2154,7.1092,7.0028,6.8962,6.7895,6.6825,6.5754,6.4681,6.3606,6.2529,6.1623,6.0853,6.0082,5.931,5.8538,5.7764,5.699,5.6216,5.5441,5.4659,5.3659,5.266,5.1661,5.0664,4.9668,4.8673,4.7679,4.6687,4.5696,4.5319,4.5585,4.5853,4.6124,4.6399,4.6677,4.6957,4.7242,4.753,4.7821,4.8284,4.8755,4.9227,4.97,5.0174,5.0649,5.1124,5.1601,5.2078,5.2306,5.2179,5.2049,5.1917,5.1783,5.1647,5.1509,5.1368,5.1225,5.1079,5.0022,4.8834,4.7646,4.6457,4.5268,4.4078,4.2887,4.1696,4.0504,3.9198,3.7671,3.6145,3.4622,3.31,3.1581,3.0064,2.8549,2.7036,2.5525,2.4891,2.4487,2.4082,2.3678,2.3274,2.2869,2.2465,2.2061,2.1657,2.1216,2.066,2.0105,1.9549,1.8994,1.8439,1.7883,1.7328
10.9173,10.8841,10.8506,10.8169,10.783,10.7487,10.7143,10.6796,10.6447,10.614,10.5839,10.5537,10.5232,10.4925,10.4616,10.4305,10.3992,10.3677,10.3612,10.4111,10.461,10.5108,10.5604,10.61,10.6595,10.709,10.7583,10.8076,10.803,10.7825,10.762,10.7416,10.7213,10.7012,10.6811,10.6611,10.6412,10.6202,10.5958,10.5715,10.5472,10.5231,10.499,10.4751,10.4512,10.4273,10.4035,10.3644,10.3187,10.273,10.2273,10.1816,10.1358,10.09,10.0442,9.9983,9.9331,9.7658,9.5984,9.431,9.2635,9.0959,8.9282,8.7605,8.5926,8.4247,8.2665,8.114,7.9614,7.8086,7.6556,7.5023,7.3489,7.1951,7.0412,6.8908,6.7804,6.6699,6.5592,6.4484,6.3373,6.2261,6.1146,6.003,5.8912,5.7995,5.7245,5.6494,5.5742,5.499,5.4236,5.3483,5.2728,5.1973,5.1215,5.0289,4.9363,4.8439,4.7516,4.6594,4.5673,4.4753,4.3835,4.2918,4.2611,4.2985,4.3362,4.3742,4.4125,4.4511,4.4901,4.5294,4.569,4.6091,4.6587,4.709,4.7595,4.81,4.8606,4.9113,4.962,5.0129,5.0639,5.0886,5.0724,5.0559,5.0393,5.0224,5.0053,4.9879,4.9704,4.9526,4.9345,4.8309,4.7121,4.5931,4.4742,4.3551,4.236,4.1169,3.9976,3.8783,3.75,3.6015,3.4531,3.305,3.157,3.0093,2.8618,2.7145,2.5674,2.4205,2.3551,2.3154,2.2757,2.236,2.1964,2.1567,2.117,2.0774,2.0377,1.9949,1.9399,1.8849,1.83,1.775,1.72,1.6651,1.6101
10.8166,10.7902,10.7635,10.7366,10.7095,10.682,10.6544,10.6265,10.5984,10.575,10.5521,10.5291,10.5058,10.4824,10.4587,10.4349,10.4108,10.3866,10.3875,10.4423,10.497,10.5516,10.6061,10.6606,10.7149,10.7692,10.8234,10.8775,10.869,10.8428,10.8166,10.7906,10.7646,10.7388,10.713,10.6873,10.6617,10.6338,10.5984,10.5632,10.528,10.4929,10.4579,10.423,10.3881,10.3533,10.3185,10.2694,10.2142,10.159,10.1038,10.0485,9.9932,9.9379,9.8825,9.8271,9.7534,9.5824,9.4115,9.2404,9.0693,8.898,8.7267,8.5553,8.3839,8.2123,8.0455,7.8815,7.7173,7.5529,7.3884,7.2236,7.0586,6.8934,6.7279,6.5662,6.4517,6.3371,6.2223,6.1073,5.9921,5.8768,5.7613,5.6455,5.5296,5.4367,5.3637,5.2906,5.2174,5.1441,5.0708,4.9974,4.9239,4.8504,4.7768,4.6916,4.6065,4.5215,4.4365,4.3517,4.267,4.1825,4.0981,4.0138,3.9898,4.0381,4.0867,4.1355,4.1847,4.2342,4.284,4.3342,4.3847,4.4356,4.4889,4.5424,4.5961,4.6498,4.7036,4.7575,4.8115,4.8656,4.9197,4.9468,4.9271,4.9071,4.887,4.8666,4.846,4.8252,4.8041,4.7828,4.7613,4.6596,4.5407,4.4217,4.3026,4.1835,4.0643,3.945,3.8257,3.7063,3.58,3.4356,3.2915,3.1475,3.0038,2.8602,2.7169,2.5738,2.4309,2.2882,2.221,2.1821,2.1432,2.1042,2.0653,2.0264,1.9875,1.9486,1.9097,1.8681,1.8137,1.7593,1.7049,1.6506,1.5962,1.5418,1.4874
10.7161,10.6965,10.6767,10.6566,10.6362,10.6156,10.5947,10.5736,10.5523,10.5362,10.5206,10.5047,10.4887,10.4725,10.4561,10.4394,10.4226,10.4056,10.4139,10.4736,10.5331,10.5926,10.6519,10.7112,10.7704,10.8295,10.8886,10.9476,10.9349,10.903,10.8711,10.8394,10.8078,10.7763,10.7448,10.7135,10.6822,10.6473,10.601,10.5547,10.5086,10.4626,10.4167,10.3708,10.325,10.2792,10.2335,10.1744,10.1097,10.0449,9.9802,9.9154,9.8506,9.7858,9.7209,9.6559,9.5737,9.3991,9.2245,9.0498,8.875,8.7002,8.5252,8.3502,8.1751,7.9999,7.8245,7.649,7.4733,7.2974,7.1213,6.945,6.7685,6.5917,6.4147,6.2416,6.1231,6.0043,5.8854,5.7663,5.6471,5.5276,5.408,5.2881,5.1681,5.0738,5.0028,4.9317,4.8605,4.7893,4.7179,4.6465,4.575,4.5035,4.4319,4.3542,4.2764,4.1988,4.1213,4.0439,3.9666,3.8894,3.8124,3.7355,3.7182,3.7774,3.8368,3.8965,3.9565,4.0169,4.0775,4.1385,4.1999,4.2616,4.3189,4.3757,4.4325,4.4895,4.5465,4.6036,4.6608,4.7181,4.7755,4.8051,4.7819,4.7585,4.7349,4.711,4.6869,4.6626,4.6381,4.6133,4.5883,4.4884,4.3693,4.2502,4.1311,4.0118,3.8926,3.7732,3.6538,3.5343,3.4096,3.2695,3.1296,2.9898,2.8503,2.7109,2.5718,2.4329,2.2942,2.1557,2.0869,2.0487,2.0105,1.9724,1.9342,1.8961,1.8579,1.8198,1.7816,1.7413,1.6875,1.6337,1.5799,1.5261,1.4723,1.4184,1.3646
10.6159,10.6031,10.5901,10.5767,10.5632,10.5493,10.5353,10.521,10.5064,10.4976,10.4892,10.4806,10.4718,10.4628,10.4536,10.4442,10.4346,10.4248,10.4405,10.505,10.5693,10.6336,10.6979,10.762,10.826,10.89,10.9539,11.0177,11.0007,10.9631,10.9256,10.8882,10.8509,10.8137,10.7766,10.7396,10.7026,10.6607,10.6034,10.5462,10.4892,10.4322,10.3753,10.3185,10.2618,10.2051,10.1484,10.0794,10.0051,9.9308,9.8566,9.7823,9.708,9.6336,9.5592,9.4848,9.394,9.2158,9.0376,8.8592,8.6808,8.5023,8.3238,8.1451,7.9664,7.7875,7.6037,7.4167,7.2295,7.0421,6.8544,6.6666,6.4785,6.2902,6.1017,5.9171,5.7945,5.6716,5.5486,5.4254,5.302,5.1785,5.0547,4.9308,4.8066,4.7109,4.6419,4.5728,4.5036,4.4343,4.365,4.2956,4.2261,4.1566,4.0869,4.0165,3.9462,3.8759,3.8058,3.7358,3.6659,3.5961,3.5264,3.4569,3.4463,3.5163,3.5865,3.6571,3.7279,3.7991,3.8706,3.9425,4.0147,4.0873,4.1488,4.2088,4.2689,4.329,4.3893,4.4496,4.51,4.5705,4.6311,4.6636,4.6369,4.61,4.5829,4.5555,4.528,4.5002,4.4722,4.4439,4.4154,4.3171,4.198,4.0788,3.9595,3.8402,3.7208,3.6014,3.4819,3.3623,3.2391,3.1031,2.9674,2.8318,2.6965,2.5613,2.4264,2.2917,2.1572,2.0229,1.9527,1.9153,1.8786,1.8443,1.81,1.7756,1.7413,1.707,1.6726,1.6366,1.5863,1.536,1.4856,1.4352,1.3847,1.3342,1.2837
10.516,10.5099,10.5037,10.4971,10.4903,10.4833,10.476,10.4685,10.4607,10.4592,10.458,10.4566,10.4551,10.4533,10.4513,10.4491,10.4468,10.4442,10.4671,10.5364,10.6057,10.6748,10.7439,10.8128,10.8817,10.9505,11.0192,11.0879,11.0664,11.0231,10.9799,10.9369,10.8939,10.8511,10.8083,10.7656,10.723,10.6739,10.6057,10.5376,10.4696,10.4017,10.3339,10.2662,10.1985,10.1309,10.0633,9.9843,9.9005,9.8167,9.7329,9.6491,9.5653,9.4815,9.3976,9.3136,9.2143,9.0325,8.8506,8.6687,8.4866,8.3045,8.1223,7.94,7.7577,7.5752,7.383,7.1845,6.9857,6.7868,6.5876,6.3883,6.1887,5.9889,5.7888,5.5927,5.4659,5.339,5.2119,5.0846,4.9571,4.8294,4.7016,4.5735,4.4453,4.348,4.281,4.2138,4.1466,4.0793,4.012,3.9446,3.8771,3.8095,3.7419,3.6787,3.6157,3.5528,3.4901,3.4274,3.3649,3.3025,3.2403,3.1781,3.1739,3.2548,3.3359,3.4173,3.499,3.581,3.6633,3.746,3.8291,3.9125,3.9786,4.0418,4.1051,4.1684,4.2332,4.2982,4.363,4.4275,4.4918,4.528,4.4989,4.4696,4.4402,4.4105,4.3807,4.3506,4.3204,4.2899,4.2592,4.1633,4.0449,3.9264,3.8078,3.6891,3.5703,3.4514,3.3324,3.2132,3.0925,2.9658,2.8397,2.7141,2.5891,2.4647,2.3409,2.2177,2.0952,1.9733,1.9067,1.8725,1.8384,1.8042,1.77,1.7358,1.7017,1.6675,1.6333,1.598,1.5473,1.4967,1.446,1.3952,1.3445,1.2937,1.2428
10.4778,10.475,10.4721,10.469,10.4658,10.4624,10.4589,10.4553,10.4516,10.4523,10.4533,10.4543,10.4554,10.4564,10.4574,10.4584,10.4594,10.4604,10.4863,10.5554,10.6246,10.694,10.7634,10.833,10.9026,10.9724,11.0422,11.1122,11.085,11.0357,10.9864,10.9373,10.8883,10.8394,10.7906,10.7419,10.6932,10.6372,10.5599,10.4826,10.4054,10.3282,10.251,10.1738,10.0966,10.0194,9.9422,9.8539,9.7611,9.6682,9.5753,9.4824,9.3893,9.2962,9.203,9.1098,9.002,8.8157,8.6292,8.4427,8.256,8.0692,7.8823,7.6952,7.508,7.3206,7.1225,6.9172,6.7119,6.5066,6.3011,6.0956,5.89,5.6844,5.4787,5.2768,5.1487,5.0206,4.8924,4.7642,4.6359,4.5075,4.3791,4.2507,4.1222,4.0278,3.9682,3.9088,3.8495,3.7903,3.7314,3.6727,3.6141,3.5558,3.4977,3.4465,3.3959,3.3457,3.2957,3.246,3.1967,3.1476,3.0989,3.0506,3.0554,3.1434,3.2314,3.3195,3.4076,3.4957,3.5839,3.6721,3.7604,3.8487,3.9145,3.9757,4.0366,4.0973,4.1578,4.2181,4.2781,4.3379,4.3975,4.4316,4.3993,4.3667,4.3341,4.3012,4.2681,4.2348,4.2013,4.1676,4.1337,4.0384,3.9189,3.7993,3.6796,3.5598,3.4399,3.3199,3.1998,3.0795,2.9597,2.8431,2.7271,2.6116,2.4967,2.3824,2.2688,2.1557,2.0432,1.9314,1.8662,1.8321,1.7981,1.7641,1.7301,1.696,1.662,1.628,1.5939,1.5593,1.5084,1.4574,1.4064,1.3554,1.3043,1.2532,1.202
10.4551,10.4563,10.4573,10.4582,10.4589,10.4595,10.46,10.4603,10.4605,10.462,10.4635,10.465,10.4664,10.4679,10.4694,10.4708,10.4723,10.4737,10.4988,10.5627,10.6268,10.6909,10.7552,10.8195,10.884,10.9486,11.0132,11.078,11.0416,10.9835,10.9255,10.8676,10.8099,10.7522,10.6946,10.6371,10.5797,10.5149,10.4297,10.3446,10.2594,10.1743,10.0893,10.0042,9.9191,9.834,9.7489,9.6521,9.5505,9.4488,9.3471,9.2454,9.1435,9.0416,8.9397,8.8376,8.7215,8.5291,8.3366,8.144,7.9513,7.7585,7.5655,7.3724,7.1791,6.9857,6.7874,6.5858,6.3841,6.1823,5.9805,5.7786,5.5766,5.3746,5.1725,4.9736,4.848,4.7223,4.5965,4.4707,4.3448,4.2189,4.0929,3.9669,3.8408,3.7524,3.7038,3.6554,3.6071,3.559,3.5111,3.4634,3.4159,3.3686,3.3215,3.2817,3.2427,3.204,3.1656,3.1275,3.0897,3.0522,3.0151,2.9783,2.9886,3.0781,3.1677,3.2572,3.3468,3.4365,3.5261,3.6158,3.7056,3.7954,3.8582,3.9146,3.9709,4.0269,4.0826,4.1382,4.1935,4.2486,4.3034,4.3353,4.2997,4.264,4.2281,4.192,4.1557,4.1192,4.0824,4.0455,4.0084,3.9136,3.793,3.6723,3.5515,3.4306,3.3096,3.1885,3.0672,2.9459,2.8264,2.7198,2.6139,2.5085,2.4037,2.2995,2.1959,2.093,1.9906,1.8889,1.8256,1.7917,1.7578,1.724,1.6901,1.6562,1.6223,1.5884,1.5546,1.5207,1.4695,1.4182,1.3669,1.3155,1.2641,1.2127,1.1612
10.4326,10.4377,10.4426,10.4474,10.4521,10.4567,10.4611,10.4654,10.4696,10.4717,10.4736,10.4756,10.4775,10.4795,10.4814,10.4833,10.4852,10.4871,10.5112,10.5699,10.6288,10.6877,10.7468,10.806,10.8653,10.9247,10.9842,11.0437,10.9981,10.9312,10.8645,10.7978,10.7313,10.6648,10.5985,10.5322,10.466,10.3925,10.2995,10.2064,10.1134,10.0205,9.9275,9.8346,9.7416,9.6486,9.5556,9.4503,9.3399,9.2294,9.1189,9.0084,8.8977,8.7871,8.6763,8.5654,8.441,8.2426,8.0441,7.8454,7.6467,7.4478,7.2488,7.0496,6.8503,6.6508,6.4522,6.2542,6.0562,5.858,5.6598,5.4615,5.2631,5.0647,4.8662,4.6704,4.5472,4.4239,4.3006,4.1772,4.0537,3.9302,3.8067,3.6831,3.5594,3.4767,3.4391,3.4017,3.3645,3.3274,3.2905,3.2538,3.2173,3.1811,3.145,3.1166,3.0892,3.0621,3.0352,3.0086,2.9824,2.9564,2.9308,2.9056,2.9218,3.0128,3.1038,3.1949,3.286,3.3771,3.4683,3.5595,3.6507,3.742,3.8021,3.8538,3.9053,3.9566,4.0077,4.0585,4.1091,4.1595,4.2096,4.2391,4.2004,4.1614,4.1223,4.0829,4.0434,4.0037,3.9637,3.9236,3.8833,3.7888,3.6671,3.5453,3.4234,3.3014,3.1793,3.0571,2.9348,2.8123,2.6924,2.596,2.5001,2.4048,2.3101,2.216,2.1225,2.0296,1.9373,1.8457,1.785,1.7513,1.7176,1.6838,1.6501,1.6164,1.5827,1.5489,1.5152,1.4814,1.4306,1.379,1.3273,1.2757,1.224,1.1722,1.1204
10.4101,10.4192,10.4281,10.4369,10.4455,10.454,10.4624,10.4706,10.4788,10.4814,10.4838,10.4862,10.4886,10.491,10.4934,10.4958,10.4982,10.5005,10.5235,10.577,10.6307,10.6845,10.7384,10.7924,10.8465,10.9007,10.955,11.0094,10.9545,10.8788,10.8033,10.7278,10.6525,10.5773,10.5022,10.4272,10.3522,10.2701,10.1691,10.0682,9.9674,9.8665,9.7657,9.6649,9.564,9.4632,9.3623,9.2484,9.1292,9.0099,8.8907,8.7713,8.6519,8.5325,8.4129,8.2933,8.1606,7.9561,7.7515,7.5469,7.3421,7.1371,6.9321,6.7269,6.5215,6.316,6.1171,5.9227,5.7282,5.5337,5.339,5.1444,4.9496,4.7548,4.5599,4.3672,4.2464,4.1255,4.0046,3.8836,3.7626,3.6415,3.5204,3.3992,3.2779,3.2008,3.1742,3.1478,3.1216,3.0955,3.0697,3.044,3.0185,2.9933,2.9682,2.9512,2.9354,2.9197,2.9044,2.8894,2.8747,2.8603,2.8462,2.8325,2.8549,2.9474,3.04,3.1325,3.2251,3.3177,3.4104,3.5031,3.5958,3.6886,3.7461,3.7931,3.8399,3.8865,3.9329,3.979,4.0249,4.0705,4.116,4.1431,4.1012,4.059,4.0166,3.974,3.9313,3.8883,3.8452,3.8018,3.7583,3.6641,3.5413,3.4184,3.2954,3.1723,3.0491,2.9258,2.8024,2.6788,2.5578,2.4715,2.3857,2.3005,2.2159,2.1318,2.0484,1.9656,1.8834,1.8018,1.7444,1.7108,1.6773,1.6437,1.6101,1.5765,1.543,1.5094,1.4758,1.4422,1.3917,1.3398,1.2878,1.2359,1.1838,1.1318,1.0797
10.3878,10.4008,10.4137,10.4264,10.439,10.4515,10.4638,10.476,10.488,10.4911,10.494,10.4969,10.4997,10.5026,10.5054,10.5083,10.5111,10.5139,10.5356,10.584,10.6325,10.6811,10.7298,10.7786,10.8276,10.8766,10.9257,10.9749,10.9106,10.8262,10.7419,10.6578,10.5737,10.4897,10.4059,10.3221,10.2383,10.1476,10.0387,9.93,9.8212,9.7125,9.6038,9.4951,9.3864,9.2777,9.169,9.0464,8.9185,8.7905,8.6624,8.5343,8.4061,8.2779,8.1495,8.0211,7.8801,7.6696,7.459,7.2483,7.0375,6.8265,6.6154,6.4042,6.1928,5.9812,5.7819,5.5911,5.4002,5.2093,5.0183,4.8272,4.6361,4.4449,4.2536,4.0639,3.9455,3.8271,3.7086,3.59,3.4714,3.3527,3.234,3.1152,2.9964,2.9246,2.9091,2.8937,2.8785,2.8634,2.8486,2.8339,2.8194,2.8052,2.7911,2.7855,2.7812,2.7771,2.7733,2.7698,2.7666,2.7638,2.7613,2.7591,2.788,2.882,2.976,3.0701,3.1642,3.2583,3.3524,3.4466,3.5409,3.6351,3.6904,3.7327,3.7748,3.8166,3.8583,3.8997,3.9409,3.9818,4.0225,4.0473,4.0021,3.9567,3.9111,3.8653,3.8193,3.7732,3.7268,3.6802,3.6334,3.5394,3.4155,3.2915,3.1674,3.0432,2.9189,2.7945,2.67,2.5454,2.4226,2.3464,2.2707,2.1955,2.121,2.047,1.9737,1.9009,1.8288,1.7573,1.7038,1.6704,1.637,1.6036,1.5701,1.5367,1.5033,1.4698,1.4364,1.4029,1.3528,1.3006,1.2484,1.1961,1.1437,1.0914,1.039
10.3657,10.3826,10.3994,10.4161,10.4326,10.449,10.4653,10.4814,10.4975,10.5009,10.5042,10.5075,10.5108,10.5142,10.5175,10.5208,10.524,10.5273,10.5476,10.5908,10.6341,10.6776,10.7211,10.7648,10.8085,10.8524,10.8963,10.9404,10.8667,10.7735,10.6805,10.5875,10.4947,10.402,10.3094,10.2168,10.1244,10.0249,9.9083,9.7916,9.675,9.5584,9.4419,9.3253,9.2087,9.0922,8.9756,8.8445,8.7077,8.571,8.4341,8.2972,8.1603,8.0233,7.8862,7.749,7.5997,7.3832,7.1665,6.9498,6.7329,6.5159,6.2988,6.0815,5.8641,5.6465,5.4466,5.2595,5.0722,4.8849,4.6975,4.51,4.3225,4.1349,3.9472,3.7606,3.6446,3.5286,3.4125,3.2964,3.1802,3.0639,2.9476,2.8313,2.7149,2.6482,2.6437,2.6393,2.6351,2.631,2.6272,2.6235,2.62,2.6168,2.6138,2.6195,2.6266,2.6341,2.6418,2.6499,2.6582,2.6669,2.6759,2.6853,2.7211,2.8166,2.9121,3.0076,3.1032,3.1988,3.2944,3.3901,3.4858,3.5816,3.6348,3.6724,3.7098,3.747,3.7839,3.8206,3.8571,3.8933,3.9293,3.9516,3.9032,3.8546,3.8058,3.7568,3.7076,3.6582,3.6086,3.5588,3.5088,3.4148,3.2898,3.1647,3.0395,2.9143,2.7889,2.6634,2.5377,2.412,2.2868,2.2207,2.155,2.09,2.0255,1.9616,1.8983,1.8356,1.7736,1.7122,1.6632,1.6299,1.5967,1.5634,1.5301,1.4968,1.4635,1.4303,1.397,1.3637,1.314,1.2615,1.2089,1.1563,1.1037,1.051,0.9983
10.3437,10.3646,10.3853,10.4059,10.4264,10.4467,10.4669,10.487,10.5068,10.5106,10.5144,10.5182,10.522,10.5258,10.5295,10.5333,10.537,10.5408,10.5595,10.5975,10.6357,10.674,10.7123,10.7508,10.7894,10.8281,10.8669,10.9057,10.8226,10.7207,10.6189,10.5172,10.4156,10.3142,10.2128,10.1115,10.0103,9.9022,9.7777,9.6532,9.5287,9.4043,9.2799,9.1554,9.031,8.9066,8.7821,8.6425,8.497,8.3514,8.2058,8.0602,7.9144,7.7687,7.6228,7.4768,7.3192,7.0967,6.874,6.6512,6.4283,6.2053,5.9822,5.7589,5.5354,5.3118,5.1114,4.9278,4.7442,4.5604,4.3766,4.1928,4.0088,3.8248,3.6408,3.4572,3.3437,3.2301,3.1164,3.0027,2.8889,2.7751,2.6612,2.5472,2.4332,2.3716,2.3781,2.3847,2.3914,2.3984,2.4055,2.4128,2.4204,2.4281,2.4361,2.4531,2.4718,2.4908,2.51,2.5296,2.5495,2.5697,2.5902,2.6111,2.6541,2.751,2.848,2.9451,3.0421,3.1392,3.2364,3.3335,3.4307,3.528,3.5795,3.6123,3.645,3.6775,3.7097,3.7417,3.7735,3.8051,3.8364,3.8561,3.8044,3.7526,3.7006,3.6483,3.5959,3.5433,3.4905,3.4375,3.3843,3.2903,3.1642,3.038,2.9117,2.7853,2.6588,2.5322,2.4055,2.2787,2.1518,2.0944,2.0388,1.9838,1.9294,1.8756,1.8223,1.7697,1.7177,1.6663,1.6226,1.5895,1.5563,1.5232,1.4901,1.457,1.4238,1.3907,1.3575,1.3244,1.2752,1.2223,1.1695,1.1166,1.0636,1.0106,0.9576
10.3218,10.3467,10.3713,10.3959,10.4203,10.4446,10.4687,10.4927,10.5161,10.5204,10.5246,10.5289,10.5331,10.5374,10.5416,10.5458,10.55,10.5542,10.5713,10.6041,10.6371,10.6702,10.7034,10.7368,10.7702,10.8037,10.8373,10.871,10.7783,10.6676,10.5571,10.4467,10.3364,10.2262,10.1161,10.006,9.8961,9.7794,9.647,9.5147,9.3824,9.2501,9.1178,8.9855,8.8532,8.721,8.5887,8.4404,8.2862,8.1319,7.9775,7.8231,7.6686,7.514,7.3594,7.2047,7.0388,6.8102,6.5816,6.3528,6.1238,5.8948,5.6656,5.4363,5.2068,4.9772,4.7761,4.5961,4.4161,4.2359,4.0557,3.8755,3.6951,3.5148,3.3343,3.1538,3.0427,2.9315,2.8202,2.7089,2.5976,2.4862,2.3747,2.2632,2.1516,2.0947,2.1122,2.1298,2.1476,2.1655,2.1836,2.2019,2.2204,2.2391,2.2581,2.2864,2.3166,2.3471,2.3779,2.409,2.4404,2.4721,2.5041,2.5365,2.587,2.6855,2.784,2.8825,2.981,3.0796,3.1782,3.2769,3.3756,3.4743,3.5243,3.5525,3.5804,3.6082,3.6357,3.6631,3.6901,3.717,3.7436,3.7607,3.7058,3.6508,3.5955,3.5401,3.4845,3.4287,3.3726,3.3164,3.26,3.1658,3.0386,2.9113,2.7839,2.6565,2.5289,2.4012,2.2734,2.1455,2.0175,1.9675,1.922,1.877,1.8327,1.7889,1.7457,1.7031,1.6612,1.6199,1.582,1.549,1.516,1.483,1.4501,1.4171,1.3841,1.3511,1.3181,1.2851,1.2364,1.1832,1.1301,1.0768,1.0236,0.9703,0.9169
10.3001,10.3289,10.3575,10.386,10.4143,10.4425,10.4706,10.4986,10.5254,10.5302,10.5349,10.5396,10.5443,10.549,10.5536,10.5583,10.563,10.5676,10.5829,10.6106,10.6384,10.6664,10.6944,10.7226,10.7508,10.7792,10.8076,10.8362,10.7339,10.6145,10.4952,10.3761,10.2571,10.1381,10.0193,9.9005,9.7818,9.6566,9.5163,9.3761,9.236,9.0958,8.9557,8.8156,8.6754,8.5353,8.3951,8.2384,8.0753,7.9123,7.7491,7.586,7.4227,7.2594,7.096,6.9326,6.7584,6.5238,6.2891,6.0543,5.8193,5.5843,5.3491,5.1137,4.8782,4.6426,4.4408,4.2644,4.0879,3.9114,3.7348,3.5581,3.3814,3.2046,3.0278,2.8509,2.7417,2.6329,2.5241,2.4152,2.3062,2.1972,2.0881,1.979,1.8699,1.8177,1.8461,1.8747,1.9034,1.9323,1.9614,1.9907,2.0202,2.0499,2.0798,2.1194,2.1611,2.2031,2.2454,2.288,2.3309,2.3741,2.4176,2.4615,2.5199,2.6199,2.7198,2.8198,2.9199,3.02,3.1201,3.2202,3.3204,3.4206,3.4693,3.4928,3.5161,3.5391,3.562,3.5846,3.607,3.6291,3.651,3.6654,3.6073,3.5491,3.4906,3.432,3.3732,3.3141,3.2549,3.1955,3.1358,3.0413,2.9131,2.7847,2.6562,2.5276,2.399,2.2702,2.1413,2.0123,1.8832,1.8399,1.8045,1.7696,1.7353,1.7016,1.6685,1.6359,1.604,1.5728,1.5413,1.5085,1.4757,1.4428,1.41,1.3772,1.3443,1.3115,1.2787,1.2458,1.1976,1.1442,1.0907,1.0371,0.9836,0.93,0.8763
10.2785,10.3112,10.3438,10.3762,10.4085,10.4406,10.4726,10.5045,10.5348,10.54,10.5451,10.5503,10.5555,10.5606,10.5657,10.5709,10.576,10.5811,10.5944,10.617,10.6396,10.6624,10.6853,10.7083,10.7314,10.7546,10.7779,10.8013,10.6893,10.5612,10.4332,10.3053,10.1776,10.0499,9.9223,9.7948,9.6674,9.5336,9.3855,9.2375,9.0895,8.9415,8.7935,8.6455,8.4976,8.3496,8.2016,8.0362,7.8645,7.6926,7.5208,7.3489,7.1769,7.0048,6.8327,6.6604,6.478,6.2374,5.9967,5.7558,5.5149,5.2738,5.0326,4.7912,4.5497,4.308,4.1054,3.9326,3.7598,3.5869,3.4138,3.2408,3.0676,2.8944,2.7212,2.5479,2.4406,2.3343,2.2278,2.1213,2.0148,1.9082,1.8016,1.6949,1.5881,1.5403,1.5797,1.6193,1.659,1.6989,1.739,1.7792,1.8197,1.8604,1.9013,1.9521,2.0053,2.0588,2.1126,2.1667,2.2211,2.2758,2.3308,2.3862,2.4528,2.5542,2.6557,2.7572,2.8587,2.9602,3.0618,3.1635,3.2652,3.3669,3.4145,3.4333,3.4519,3.4702,3.4884,3.5063,3.524,3.5415,3.5587,3.5703,3.509,3.4476,3.3859,3.3241,3.262,3.1998,3.1373,3.0747,3.0119,2.9169,2.7876,2.6581,2.5286,2.3989,2.2691,2.1392,2.0093,1.8792,1.749,1.7118,1.6864,1.6616,1.6373,1.6137,1.5906,1.5681,1.5462,1.525,1.5007,1.468,1.4353,1.4026,1.37,1.3373,1.3046,1.2719,1.2392,1.2065,1.1589,1.1051,1.0513,0.9975,0.9436,0.8897,0.8357
10.2571,10.2937,10.3302,10.3665,10.4028,10.4388,10.4748,10.5106,10.5441,10.5498,10.5554,10.561,10.5666,10.5722,10.5778,10.5834,10.589,10.5946,10.6058,10.6232,10.6407,10.6584,10.6761,10.6939,10.7119,10.7299,10.748,10.7663,10.6446,10.5078,10.3711,10.2345,10.098,9.9616,9.8253,9.6891,9.5529,9.4105,9.2546,9.0987,8.9429,8.7871,8.6312,8.4754,8.3196,8.1638,8.008,7.8341,7.6536,7.473,7.2924,7.1117,6.931,6.7502,6.5693,6.3883,6.1976,5.951,5.7042,5.4574,5.2104,4.9633,4.7161,4.4687,4.2212,3.9735,3.7701,3.6009,3.4316,3.2623,3.0928,2.9234,2.7538,2.5842,2.4145,2.2448,2.1395,2.0356,1.9316,1.8275,1.7234,1.6192,1.5149,1.4106,1.3063,1.2628,1.3132,1.3637,1.4144,1.4652,1.5162,1.5675,1.6189,1.6705,1.7224,1.7845,1.8492,1.9142,1.9794,2.045,2.1109,2.1771,2.2436,2.3105,2.3855,2.4885,2.5914,2.6944,2.7974,2.9005,3.0036,3.1067,3.2098,3.313,3.3599,3.374,3.3879,3.4016,3.415,3.4283,3.4413,3.454,3.4666,3.4754,3.4109,3.3462,3.2813,3.2163,3.151,3.0856,3.0199,2.9541,2.888,2.7926,2.6622,2.5316,2.401,2.2702,2.1393,2.0084,1.8773,1.7461,1.6148,1.5831,1.5678,1.553,1.5387,1.5251,1.512,1.4996,1.4878,1.4766,1.46,1.4275,1.395,1.3624,1.3299,1.2974,1.2648,1.2323,1.1997,1.1672,1.1201,1.0661,1.012,0.9578,0.9036,0.8494,0.7951
10.2358,10.2763,10.3168,10.357,10.3972,10.4372,10.4771,10.5168,10.5535,10.5596,10.5657,10.5718,10.5778,10.5839,10.5899,10.596,10.602,10.608,10.6171,10.6293,10.6417,10.6542,10.6668,10.6795,10.6923,10.7051,10.7181,10.7312,10.5998,10.4542,10.3088,10.1635,10.0183,9.8731,9.7281,9.5832,9.4383,9.2874,9.1236,8.9599,8.7962,8.6326,8.4689,8.3053,8.1417,7.978,7.8143,7.6319,7.4426,7.2533,7.064,6.8746,6.6851,6.4956,6.306,6.1162,5.9172,5.6646,5.4118,5.159,4.906,4.6529,4.3997,4.1463,3.8928,3.6391,3.4346,3.269,3.1034,2.9376,2.7718,2.6059,2.44,2.2739,2.1079,1.9417,1.8384,1.7369,1.6353,1.5336,1.4319,1.3301,1.2283,1.1264,1.0245,0.985,1.0464,1.1078,1.1695,1.2313,1.2933,1.3554,1.4178,1.4804,1.5432,1.6165,1.6927,1.7692,1.8459,1.923,2.0003,2.078,2.156,2.2344,2.3183,2.4227,2.5271,2.6316,2.7361,2.8406,2.9452,3.0498,3.1545,3.2592,3.3055,3.3149,3.3241,3.3331,3.3418,3.3504,3.3587,3.3668,3.3746,3.3806,3.3129,3.245,3.1769,3.1087,3.0402,2.9716,2.9027,2.8337,2.7644,2.6684,2.5368,2.4052,2.2734,2.1416,2.0096,1.8776,1.7454,1.6131,1.4807,1.4539,1.4485,1.4437,1.4395,1.4359,1.4329,1.4305,1.4287,1.4275,1.4193,1.387,1.3546,1.3222,1.2898,1.2574,1.2251,1.1927,1.1603,1.1279,1.0814,1.0271,0.9726,0.9182,0.8637,0.8091,0.7546
10.2146,10.2591,10.3034,10.3476,10.3917,10.4357,10.4795,10.5231,10.5629,10.5695,10.576,10.5825,10.589,10.5956,10.6021,10.6086,10.615,10.6215,10.6283,10.6354,10.6426,10.6499,10.6573,10.6649,10.6725,10.6803,10.6881,10.696,10.5548,10.4005,10.2464,10.0923,9.9384,9.7846,9.6308,9.4772,9.3236,9.1642,8.9926,8.821,8.6495,8.4781,8.3066,8.1351,7.9636,7.7922,7.6207,7.4297,7.2317,7.0336,6.8356,6.6374,6.4392,6.241,6.0426,5.8442,5.6368,5.3782,5.1195,4.8606,4.6016,4.3425,4.0833,3.8239,3.5643,3.3047,3.0992,2.9372,2.7751,2.6129,2.4507,2.2884,2.126,1.9636,1.8011,1.6386,1.5373,1.4381,1.3389,1.2397,1.1403,1.041,0.9415,0.8421,0.7425,0.707,0.7793,0.8517,0.9243,0.9971,1.07,1.1431,1.2165,1.29,1.3638,1.4483,1.5359,1.6239,1.7121,1.8006,1.8894,1.9786,2.0681,2.1579,2.251,2.3569,2.4628,2.5688,2.6747,2.7808,2.8868,2.9929,3.099,3.2052,3.2512,3.256,3.2605,3.2648,3.2689,3.2727,3.2764,3.2798,3.2829,3.2858,3.215,3.1439,3.0727,3.0012,2.9295,2.8577,2.7856,2.7134,2.6409,2.5442,2.4115,2.2788,2.146,2.013,1.88,1.7468,1.6136,1.4802,1.3467,1.324,1.3286,1.3339,1.3397,1.3461,1.3531,1.3607,1.3689,1.3794,1.3892,1.3656,1.3417,1.3175,1.2931,1.2683,1.2433,1.2179,1.1923,1.1663,1.1266,1.0778,1.0287,0.9792,0.9295,0.8793,0.8289
10.1936,10.242,10.2903,10.3384,10.3864,10.4342,10.482,10.5296,10.5723,10.5793,10.5863,10.5933,10.6003,10.6072,10.6142,10.6211,10.6281,10.635,10.6393,10.6412,10.6433,10.6455,10.6478,10.6502,10.6527,10.6553,10.6579,10.6607,10.5096,10.3466,10.1838,10.0211,9.8584,9.6959,9.5335,9.3711,9.2088,9.0409,8.8615,8.6821,8.5028,8.3235,8.1442,7.9649,7.7856,7.6063,7.427,7.2274,7.0207,6.8139,6.6071,6.4002,6.1933,5.9863,5.7792,5.5721,5.3565,5.0918,4.8271,4.5622,4.2972,4.0321,3.7669,3.5015,3.236,2.9703,2.7637,2.6053,2.4468,2.2882,2.1296,1.9709,1.8121,1.6532,1.4943,1.3354,1.2361,1.1393,1.0425,0.9457,0.8488,0.7518,0.6548,0.5577,0.4606,0.4288,0.512,0.5954,0.6789,0.7626,0.8465,0.9306,1.0148,1.0993,1.184,1.2797,1.3788,1.4782,1.5779,1.6779,1.7782,1.8788,1.9798,2.081,2.1836,2.291,2.3984,2.5058,2.6133,2.7208,2.8284,2.9359,3.0435,3.1578,3.2127,3.2218,3.2307,3.2395,3.2482,3.2567,3.2651,3.2733,3.2814,3.2893,3.2269,3.1627,3.0984,3.034,2.9696,2.9051,2.8404,2.7757,2.711,2.6244,2.5019,2.3794,2.2569,2.1345,2.012,1.8896,1.7672,1.6448,1.5224,1.5065,1.5212,1.5357,1.55,1.564,1.5777,1.5912,1.6044,1.6173,1.6228,1.5939,1.5646,1.5351,1.5053,1.4752,1.4448,1.414,1.383,1.3517,1.3075,1.2535,1.1992,1.1446,1.0896,1.0343,0.9786
10.2715,10.3147,10.358,10.4014,10.4451,10.4889,10.5329,10.577,10.6152,10.6145,10.6141,10.614,10.6141,10.6145,10.6152,10.6161,10.6173,10.6187,10.6147,10.6061,10.5978,10.5898,10.5822,10.5748,10.5676,10.5607,10.5541,10.5476,10.3931,10.2283,10.0635,9.8985,9.7335,9.5684,9.4032,9.2379,9.0725,8.9015,8.7195,8.5375,8.3554,8.1732,7.991,7.8087,7.6263,7.4438,7.2613,7.0583,6.8482,6.638,6.4277,6.2174,6.0071,5.7967,5.5863,5.3758,5.1576,4.8939,4.6302,4.3665,4.1028,3.8392,3.5755,3.3119,3.0484,2.7849,2.5843,2.4358,2.2875,2.1392,1.9912,1.8433,1.6956,1.5481,1.4008,1.2538,1.168,1.0856,1.0037,0.9221,0.8409,0.7601,0.6797,0.5998,0.5203,0.5043,0.6043,0.7046,0.8053,0.9063,1.0077,1.1094,1.2116,1.3141,1.417,1.527,1.6395,1.7521,1.865,1.9781,2.0914,2.205,2.3188,2.4328,2.5467,2.659,2.7712,2.8835,2.9957,3.1079,3.2201,3.3322,3.4443,3.5564,3.6079,3.6108,3.6135,3.6161,3.6185,3.6208,3.623,3.625,3.6268,3.6285,3.5638,3.4957,3.4276,3.3595,3.2912,3.2229,3.1544,3.0859,3.0173,2.9293,2.8053,2.6814,2.5574,2.4335,2.3096,2.1857,2.0619,1.938,1.8142,1.7896,1.7988,1.8076,1.8163,1.8247,1.8328,1.8407,1.8483,1.8556,1.8569,1.8225,1.7879,1.753,1.7179,1.6824,1.6466,1.6105,1.5741,1.5374,1.4888,1.4296,1.3701,1.3103,1.2501,1.1896,1.1288
10.3599,10.3987,10.4377,10.4769,10.5163,10.5558,10.5955,10.6353,10.6678,10.6576,10.6477,10.6381,10.6288,10.6197,10.6109,10.6024,10.5941,10.586,10.5694,10.5461,10.523,10.5002,10.4778,10.4556,10.4336,10.4119,10.3905,10.3692,10.2147,10.0522,9.8897,9.7271,9.5644,9.4017,9.2388,9.0758,8.9128,8.7443,8.5654,8.3865,8.2075,8.0284,7.8492,7.67,7.4907,7.3113,7.1319,6.9325,6.7263,6.52,6.3136,6.1072,5.9007,5.6942,5.4877,5.2811,5.0677,4.8137,4.5597,4.3057,4.0517,3.7977,3.5438,3.2899,3.0361,2.7823,2.5934,2.4591,2.3249,2.1908,2.057,1.9233,1.7897,1.6564,1.5233,1.3905,1.3227,1.2593,1.1962,1.1334,1.0711,1.0091,0.9476,0.8865,0.8259,0.8238,0.9339,1.0444,1.1551,1.2663,1.3777,1.4896,1.6018,1.7144,1.8274,1.942,2.0572,2.1726,2.2883,2.4042,2.5203,2.6366,2.7532,2.87,2.9858,3.0935,3.2013,3.3091,3.4168,3.5245,3.6322,3.7399,3.8475,3.9551,4.0034,4,3.9965,3.9929,3.9891,3.9852,3.9811,3.9769,3.9725,3.9679,3.9009,3.829,3.7571,3.6851,3.613,3.5409,3.4686,3.3963,3.3239,3.2342,3.1088,2.9834,2.858,2.7326,2.6073,2.4819,2.3566,2.2313,2.106,2.0731,2.0766,2.0799,2.0829,2.0857,2.0882,2.0905,2.0925,2.0942,2.0912,2.0516,2.0116,1.9713,1.9308,1.89,1.8488,1.8074,1.7656,1.7235,1.6704,1.6061,1.5414,1.4763,1.411,1.3453,1.2793
10.4481,10.4826,10.5174,10.5523,10.5873,10.6226,10.658,10.6935,10.7201,10.7005,10.6811,10.662,10.6432,10.6247,10.6064,10.5884,10.5706,10.553,10.5239,10.4857,10.4479,10.4103,10.373,10.3361,10.2993,10.2628,10.2266,10.1906,10.0363,9.8762,9.716,9.5558,9.3954,9.235,9.0744,8.9138,8.7531,8.5871,8.4114,8.2355,8.0596,7.8836,7.7075,7.5314,7.3552,7.1789,7.0025,6.8068,6.6044,6.402,6.1995,5.9969,5.7943,5.5917,5.3891,5.1864,4.9777,4.7334,4.4891,4.2448,4.0005,3.7562,3.512,3.2678,3.0237,2.7796,2.6024,2.4822,2.3622,2.2423,2.1226,2.003,1.8837,1.7646,1.6456,1.5269,1.4773,1.4326,1.3883,1.3444,1.3009,1.2578,1.2151,1.1729,1.1311,1.1432,1.2634,1.3839,1.5048,1.6259,1.7475,1.8694,1.9917,2.1144,2.2375,2.3568,2.4748,2.5931,2.7115,2.8302,2.9491,3.0682,3.1875,3.3071,3.425,3.5283,3.6315,3.7348,3.8381,3.9413,4.0445,4.1477,4.2509,4.354,4.3991,4.3895,4.3798,4.3699,4.3599,4.3498,4.3395,4.3291,4.3185,4.3077,4.2381,4.1625,4.0867,4.0109,3.935,3.8591,3.783,3.7069,3.6306,3.5393,3.4124,3.2855,3.1587,3.0318,2.905,2.7782,2.6514,2.5246,2.3979,2.3569,2.3548,2.3525,2.3499,2.3471,2.344,2.3407,2.337,2.3332,2.326,2.2809,2.2356,2.19,2.1441,2.0979,2.0514,2.0046,1.9575,1.9101,1.8525,1.7829,1.713,1.6428,1.5723,1.5014,1.4302
10.5362,10.5664,10.5969,10.6275,10.6583,10.6892,10.7203,10.7516,10.7721,10.743,10.7142,10.6856,10.6574,10.6294,10.6016,10.5742,10.5469,10.5199,10.478,10.425,10.3724,10.3201,10.268,10.2162,10.1647,10.1135,10.0625,10.0116,9.858,9.7002,9.5424,9.3845,9.2264,9.0683,8.9101,8.7518,8.5935,8.43,8.2573,8.0846,7.9117,7.7388,7.5658,7.3927,7.2196,7.0464,6.8732,6.681,6.4825,6.284,6.0854,5.8867,5.688,5.4892,5.2905,5.0917,4.8877,4.6531,4.4185,4.1839,3.9493,3.7147,3.4802,3.2457,3.0112,2.7769,2.6112,2.5052,2.3993,2.2936,2.1881,2.0827,1.9775,1.8725,1.7677,1.6632,1.6315,1.6057,1.5802,1.5551,1.5304,1.5061,1.4823,1.4589,1.4359,1.4624,1.5926,1.7232,1.8541,1.9854,2.117,2.249,2.3814,2.5142,2.6473,2.7716,2.8924,3.0134,3.1346,3.2561,3.3778,3.4997,3.6218,3.7442,3.8643,3.9631,4.0619,4.1607,4.2595,4.3583,4.457,4.5557,4.6544,4.7531,4.7951,4.7793,4.7633,4.7473,4.7311,4.7147,4.6982,4.6815,4.6647,4.6477,4.5756,4.4961,4.4166,4.3369,4.2572,4.1775,4.0976,4.0176,3.9376,3.8444,3.716,3.5877,3.4594,3.3311,3.2028,3.0746,2.9463,2.8181,2.6899,2.641,2.6333,2.6254,2.6172,2.6088,2.6001,2.5912,2.582,2.5725,2.5611,2.5107,2.46,2.409,2.3578,2.3062,2.2544,2.2022,2.1498,2.097,2.0349,1.9601,1.8851,1.8097,1.734,1.6579,1.5815
10.6241,10.65,10.6762,10.7025,10.729,10.7557,10.7825,10.8095,10.8239,10.7853,10.747,10.709,10.6713,10.6338,10.5966,10.5597,10.523,10.4865,10.4317,10.364,10.2966,10.2295,10.1627,10.0961,10.0299,9.9638,9.898,9.8325,9.6797,9.5243,9.3688,9.2132,9.0575,8.9017,8.7458,8.5899,8.4339,8.2729,8.1033,7.9336,7.7639,7.594,7.4241,7.2542,7.0841,6.914,6.7438,6.5553,6.3607,6.166,5.9712,5.7765,5.5816,5.3868,5.1919,4.9969,4.7977,4.5728,4.3479,4.1229,3.898,3.6731,3.4483,3.2235,2.9987,2.774,2.6199,2.5281,2.4363,2.3448,2.2534,2.1621,2.0711,1.9803,1.8896,1.7993,1.7854,1.7784,1.7718,1.7655,1.7596,1.7541,1.7491,1.7445,1.7403,1.7813,1.9216,2.0623,2.2033,2.3446,2.4863,2.6284,2.7708,2.9137,3.0569,3.1863,3.3099,3.4337,3.5577,3.6819,3.8064,3.9311,4.056,4.1811,4.3038,4.3981,4.4925,4.5868,4.6811,4.7754,4.8697,4.9639,5.0581,5.1523,5.1913,5.1693,5.1471,5.1249,5.1024,5.0799,5.0571,5.0343,5.0112,4.988,4.9132,4.8299,4.7466,4.6631,4.5796,4.496,4.4124,4.3286,4.2448,4.1496,4.0198,3.89,3.7602,3.6305,3.5007,3.371,3.2413,3.1116,2.9819,2.9254,2.9122,2.8987,2.8849,2.8709,2.8566,2.8421,2.8273,2.8122,2.7965,2.7407,2.6847,2.6284,2.5718,2.5149,2.4577,2.4002,2.3424,2.2843,2.2176,2.1377,2.0575,1.9769,1.896,1.8148,1.7332
10.7118,10.7335,10.7554,10.7775,10.7997,10.8221,10.8446,10.8673,10.8753,10.8273,10.7795,10.7321,10.6849,10.638,10.5914,10.545,10.4988,10.4528,10.3851,10.3026,10.2205,10.1386,10.057,9.9757,9.8947,9.8139,9.7333,9.653,9.5015,9.3484,9.1952,9.0419,8.8886,8.7351,8.5816,8.428,8.2743,8.1158,7.9493,7.7827,7.6161,7.4493,7.2825,7.1156,6.9486,6.7816,6.6145,6.4296,6.2388,6.048,5.8572,5.6662,5.4753,5.2843,5.0933,4.9022,4.7077,4.4925,4.2772,4.062,3.8467,3.6315,3.4163,3.2012,2.9861,2.7711,2.6285,2.5508,2.4732,2.3958,2.3185,2.2414,2.1645,2.0878,2.0114,1.9351,1.9391,1.9509,1.9631,1.9756,1.9885,2.0018,2.0155,2.0297,2.0444,2.1,2.2504,2.4012,2.5522,2.7036,2.8554,3.0075,3.16,3.3129,3.4662,3.601,3.7273,3.8539,3.9807,4.1077,4.2349,4.3624,4.4901,4.618,4.7434,4.8333,4.9232,5.013,5.1029,5.1927,5.2825,5.3723,5.462,5.5517,5.5878,5.5596,5.5312,5.5027,5.4741,5.4453,5.4164,5.3873,5.3581,5.3286,5.251,5.1639,5.0767,4.9895,4.9022,4.8148,4.7273,4.6398,4.5521,4.4549,4.3236,4.1923,4.0611,3.9299,3.7987,3.6675,3.5364,3.4052,3.2741,3.2102,3.1914,3.1723,3.1529,3.1333,3.1135,3.0933,3.0729,3.0523,3.0313,2.9712,2.9098,2.8481,2.7862,2.7239,2.6614,2.5986,2.5354,2.4719,2.4008,2.3157,2.2303,2.1445,2.0585,1.9721,1.8853
10.7994,10.8168,10.8344,10.8522,10.8702,10.8883,10.9066,10.925,10.9265,10.869,10.8118,10.7549,10.6983,10.6419,10.5859,10.53,10.4744,10.419,10.3381,10.2409,10.144,10.0474,9.9511,9.855,9.7592,9.6637,9.5684,9.4733,9.3232,9.1725,9.0217,8.8707,8.7197,8.5686,8.4174,8.2661,8.1147,7.9588,7.7954,7.6319,7.4683,7.3046,7.1408,6.977,6.8131,6.6492,6.4852,6.3039,6.117,5.9301,5.7431,5.556,5.3689,5.1818,4.9946,4.8075,4.6177,4.4121,4.2065,4.0009,3.7954,3.5898,3.3843,3.1789,2.9735,2.7681,2.637,2.5734,2.51,2.4467,2.3835,2.3206,2.2578,2.1952,2.1329,2.0708,2.0925,2.1231,2.154,2.1853,2.217,2.2491,2.2816,2.3146,2.348,2.4185,2.579,2.7398,2.9009,3.0624,3.2242,3.3864,3.5489,3.7119,3.8752,4.0155,4.1447,4.274,4.4036,4.5333,4.6633,4.7936,4.924,5.0547,5.1832,5.2686,5.354,5.4394,5.5248,5.6102,5.6955,5.7808,5.8661,5.9513,5.9845,5.9501,5.9155,5.8808,5.846,5.811,5.7759,5.7406,5.7052,5.6695,5.589,5.4981,5.4071,5.3161,5.225,5.1338,5.0425,4.9511,4.8597,4.7602,4.6275,4.4948,4.3621,4.2294,4.0968,3.9641,3.8315,3.6989,3.5663,3.4953,3.4709,3.4462,3.4213,3.3961,3.3706,3.3449,3.3189,3.2927,3.2661,3.2019,3.1352,3.0682,3.0009,2.9333,2.8655,2.7973,2.7288,2.66,2.5843,2.494,2.4034,2.3125,2.2213,2.1297,2.0378
10.8869,10.9,10.9134,10.9269,10.9405,10.9544,10.9684,10.9825,10.9773,10.9104,10.8438,10.7775,10.7114,10.6456,10.5801,10.5148,10.4497,10.3849,10.2908,10.1789,10.0672,9.9559,9.8448,9.734,9.6235,9.5132,9.4032,9.2933,9.1451,8.9967,8.8481,8.6995,8.5508,8.402,8.2532,8.1042,7.9552,7.8018,7.6415,7.481,7.3205,7.1599,6.9992,6.8385,6.6777,6.5168,6.3559,6.1782,5.9952,5.8121,5.629,5.4458,5.2626,5.0793,4.896,4.7127,4.5276,4.3317,4.1358,3.9399,3.744,3.5481,3.3523,3.1565,2.9607,2.7651,2.6454,2.5959,2.5466,2.4974,2.4484,2.3996,2.3509,2.3025,2.2542,2.2062,2.2456,2.295,2.3447,2.3947,2.4452,2.4961,2.5474,2.5991,2.6513,2.7369,2.9074,3.0782,3.2494,3.4209,3.5928,3.765,3.9376,4.1106,4.284,4.43,4.5619,4.694,4.8264,4.9589,5.0917,5.2247,5.3579,5.4914,5.6231,5.7041,5.785,5.866,5.9469,6.0278,6.1087,6.1895,6.2703,6.3511,6.3815,6.3409,6.3001,6.2592,6.2181,6.177,6.1356,6.0942,6.0525,6.0107,5.9271,5.8324,5.7377,5.6428,5.5479,5.4529,5.3578,5.2627,5.1674,5.0656,4.9314,4.7973,4.6631,4.529,4.3949,4.2608,4.1268,3.9927,3.8587,3.7808,3.7508,3.7205,3.69,3.6592,3.6282,3.5969,3.5653,3.5335,3.5013,3.4331,3.361,3.2887,3.216,3.1431,3.0699,2.9964,2.9226,2.8484,2.7682,2.6727,2.577,2.4809,2.3845,2.2878,2.1907
10.9742,10.983,10.9921,11.0013,11.0108,11.0203,11.0301,11.0399,11.0279,10.9516,10.8755,10.7998,10.7243,10.6491,10.5741,10.4994,10.4249,10.3506,10.2432,10.1165,9.9901,9.864,9.7382,9.6127,9.4875,9.3625,9.2377,9.113,8.967,8.8209,8.6747,8.5284,8.382,8.2356,8.089,7.9424,7.7957,7.6449,7.4876,7.3302,7.1728,7.0153,6.8577,6.7,6.5423,6.3845,6.2266,6.0526,5.8734,5.6942,5.5149,5.3356,5.1563,4.9769,4.7974,4.618,4.4375,4.2513,4.065,3.8788,3.6926,3.5063,3.3202,3.134,2.948,2.7619,2.6536,2.6183,2.5831,2.548,2.5131,2.4784,2.4438,2.4095,2.3754,2.3415,2.3984,2.4665,2.535,2.6039,2.6731,2.7427,2.8128,2.8833,2.9542,3.055,3.2355,3.4164,3.5976,3.7792,3.9611,4.1434,4.326,4.5091,4.6925,4.8444,4.9791,5.114,5.2491,5.3844,5.52,5.6557,5.7918,5.928,6.0632,6.1397,6.2162,6.2927,6.3691,6.4456,6.522,6.5984,6.6747,6.751,6.7787,6.7319,6.6849,6.6378,6.5906,6.5432,6.4957,6.448,6.4002,6.3522,6.2654,6.1669,6.0684,5.9698,5.8711,5.7723,5.6734,5.5744,5.4754,5.3711,5.2355,5.0999,4.9643,4.8287,4.6932,4.5576,4.4221,4.2866,4.1511,4.0666,4.031,3.9951,3.959,3.9227,3.886,3.8492,3.812,3.7746,3.7369,3.6646,3.5872,3.5095,3.4315,3.3533,3.2747,3.1959,3.1167,3.0372,2.9524,2.8518,2.7509,2.6497,2.5481,2.4462,2.344
11.0613,11.0659,11.0707,11.0757,11.0808,11.0861,11.0916,11.0972,11.0782,10.9925,10.907,10.8218,10.7369,10.6522,10.5678,10.4837,10.3998,10.3161,10.1952,10.0538,9.9127,9.7719,9.6314,9.4911,9.3512,9.2114,9.0719,8.9326,8.7889,8.6451,8.5012,8.3573,8.2132,8.0691,7.9249,7.7806,7.6362,7.4879,7.3337,7.1794,7.0251,6.8706,6.7161,6.5615,6.4069,6.2521,6.0973,5.9269,5.7516,5.5763,5.4009,5.2254,5.0499,4.8744,4.6988,4.5232,4.3475,4.1709,3.9943,3.8177,3.6411,3.4645,3.288,3.1115,2.9351,2.7587,2.6617,2.6405,2.6194,2.5984,2.5776,2.557,2.5366,2.5164,2.4963,2.4766,2.551,2.6378,2.7251,2.8127,2.9006,2.989,3.0778,3.167,3.2567,3.3728,3.5634,3.7544,3.9456,4.1372,4.3292,4.5215,4.7142,4.9072,5.1007,5.2588,5.3962,5.5339,5.6717,5.8098,5.9482,6.0867,6.2255,6.3645,6.5035,6.5755,6.6475,6.7196,6.7916,6.8635,6.9355,7.0074,7.0793,7.1512,7.1762,7.1232,7.07,7.0167,6.9633,6.9097,6.856,6.8022,6.7481,6.6939,6.6039,6.5017,6.3993,6.2969,6.1944,6.0918,5.9891,5.8864,5.7835,5.6767,5.5396,5.4025,5.2655,5.1285,4.9915,4.8545,4.7175,4.5805,4.4436,4.3527,4.3115,4.2701,4.2284,4.1865,4.1443,4.1018,4.0591,4.0161,3.9728,3.8964,3.8137,3.7307,3.6474,3.5638,3.4799,3.3957,3.3112,3.2264,3.1371,3.0313,2.9252,2.8188,2.7121,2.6051,2.4977
11.1483,11.1487,11.1492,11.1499,11.1508,11.1518,11.153,11.1544,11.1282,11.0331,10.9382,10.8436,10.7492,10.6551,10.5613,10.4678,10.3744,10.2813,10.1468,9.9907,9.8349,9.6794,9.5242,9.3692,9.2145,9.0601,8.9059,8.7522,8.6108,8.4694,8.3278,8.1862,8.0445,7.9027,7.7608,7.6188,7.4767,7.331,7.1799,7.0287,6.8774,6.726,6.5746,6.423,6.2715,6.1198,5.9681,5.8013,5.6299,5.4584,5.2868,5.1152,4.9436,4.7719,4.6002,4.4285,4.2574,4.0904,3.9235,3.7565,3.5896,3.4227,3.2558,3.089,2.9222,2.7555,2.6698,2.6626,2.6556,2.6487,2.642,2.6355,2.6292,2.623,2.6171,2.6114,2.7032,2.8089,2.9148,3.0211,3.1278,3.2349,3.3425,3.4505,3.5589,3.6905,3.8912,4.0921,4.2934,4.495,4.697,4.8993,5.1021,5.3052,5.5087,5.673,5.8132,5.9536,6.0943,6.2352,6.3762,6.5176,6.6591,6.8009,6.9429,7.0114,7.079,7.1466,7.2141,7.2817,7.3492,7.4166,7.4841,7.5515,7.5739,7.5147,7.4553,7.3959,7.3363,7.2765,7.2166,7.1566,7.0964,7.036,6.9426,6.8366,6.7304,6.6242,6.5179,6.4115,6.3051,6.1985,6.0919,5.9824,5.8438,5.7053,5.5668,5.4283,5.2899,5.1514,5.013,4.8745,4.7361,4.6391,4.5924,4.5454,4.4981,4.4506,4.4029,4.3548,4.3065,4.258,4.2091,4.1286,4.0405,3.9522,3.8636,3.7747,3.6855,3.5959,3.5061,3.416,3.3221,3.2111,3.0999,2.9884,2.8765,2.7643,2.6517
11.2351,11.2312,11.2275,11.224,11.2206,11.2173,11.2143,11.2114,11.178,11.0734,10.9691,10.865,10.7613,10.6578,10.5546,10.4516,10.3488,10.2463,10.0981,9.9273,9.7568,9.5866,9.4167,9.247,9.0777,8.9085,8.7396,8.5719,8.4328,8.2937,8.1545,8.0152,7.8758,7.7363,7.5967,7.457,7.3173,7.1742,7.0261,6.878,6.7297,6.5814,6.433,6.2846,6.1361,5.9875,5.8389,5.6757,5.5081,5.3405,5.1728,5.005,4.8373,4.6694,4.5016,4.3337,4.1672,4.0099,3.8526,3.6953,3.538,3.3808,3.2235,3.0663,2.9092,2.7521,2.6776,2.6846,2.6917,2.6989,2.7063,2.7138,2.7216,2.7295,2.7377,2.7461,2.8552,2.9796,3.1042,3.2293,3.3547,3.4806,3.6068,3.7335,3.8607,4.008,4.2186,4.4296,4.6409,4.8526,5.0646,5.277,5.4897,5.7028,5.9164,6.0872,6.2302,6.3734,6.5168,6.6604,6.8043,6.9483,7.0927,7.2372,7.382,7.4475,7.5106,7.5738,7.6369,7.6999,7.763,7.826,7.889,7.9519,7.9719,7.9065,7.8409,7.7753,7.7095,7.6436,7.5775,7.5112,7.4449,7.3783,7.2815,7.1716,7.0617,6.9517,6.8416,6.7314,6.6212,6.5108,6.4004,6.2881,6.1481,6.0081,5.8682,5.7282,5.5883,5.4484,5.3085,5.1687,5.0288,4.9259,4.8736,4.821,4.7682,4.7151,4.6618,4.6082,4.5543,4.5002,4.4458,4.3611,4.2678,4.1741,4.0801,3.9859,3.8914,3.7965,3.7014,3.6059,3.5074,3.3914,3.275,3.1583,3.0412,2.9239,2.8062
11.3218,11.3137,11.3057,11.2979,11.2902,11.2827,11.2754,11.2683,11.2274,11.1134,10.9997,10.8863,10.7731,10.6602,10.5476,10.4352,10.323,10.2111,10.0491,9.8636,9.6784,9.4935,9.3089,9.1245,8.9405,8.7566,8.573,8.3916,8.2549,8.1181,7.9812,7.8442,7.7071,7.5699,7.4326,7.2953,7.1579,7.0174,6.8724,6.7273,6.5821,6.4369,6.2916,6.1462,6.0007,5.8552,5.7096,5.5501,5.3864,5.2226,5.0588,4.8949,4.7309,4.567,4.403,4.239,4.0771,3.9294,3.7818,3.6341,3.4864,3.3388,3.1912,3.0436,2.8961,2.7487,2.6854,2.7064,2.7276,2.7489,2.7703,2.792,2.8138,2.8358,2.8581,2.8805,3.007,3.15,3.2934,3.4371,3.5813,3.7258,3.8708,4.0162,4.1621,4.3253,4.5459,4.7669,4.9882,5.2099,5.4319,5.6543,5.8771,6.1002,6.3238,6.5013,6.647,6.793,6.9392,7.0856,7.2322,7.379,7.5261,7.6734,7.821,7.8838,7.9424,8.0011,8.0597,8.1184,8.177,8.2356,8.2941,8.3526,8.3701,8.2985,8.2268,8.1549,8.083,8.0109,7.9386,7.8662,7.7936,7.7209,7.6205,7.5069,7.3931,7.2794,7.1655,7.0515,6.9375,6.8234,6.7091,6.5939,6.4525,6.311,6.1696,6.0282,5.8869,5.7455,5.6042,5.4629,5.3216,5.213,5.1551,5.097,5.0386,4.98,4.9207,4.8604,4.8002,4.7401,4.6801,4.5918,4.494,4.3964,4.299,4.2018,4.1047,4.0079,3.9112,3.8147,3.7165,3.6024,3.4888,3.3756,3.2629,3.1506,3.0389
11.4079,11.396,11.3837,11.3716,11.3597,11.348,11.3364,11.325,11.2766,11.1532,11.0301,10.9072,10.7847,10.6624,10.5403,10.4185,10.297,10.1756,9.9997,9.7995,9.5997,9.4001,9.2008,9.0018,8.803,8.6045,8.4062,8.2113,8.0769,7.9425,7.8079,7.6732,7.5384,7.4036,7.2686,7.1336,6.9985,6.8606,6.7186,6.5766,6.4345,6.2923,6.1501,6.0078,5.8654,5.7229,5.5804,5.4245,5.2646,5.1047,4.9447,4.7847,4.6246,4.4645,4.3044,4.1442,3.987,3.8489,3.7109,3.5728,3.4348,3.2968,3.1588,3.0209,2.883,2.7452,2.6931,2.7282,2.7634,2.7988,2.8343,2.87,2.9059,2.9419,2.9782,3.0148,3.1584,3.3201,3.4822,3.6447,3.8075,3.9707,4.1344,4.2985,4.4631,4.6423,4.873,5.104,5.3353,5.567,5.799,6.0314,6.2642,6.4974,6.7309,6.9153,7.0638,7.2126,7.3615,7.5106,7.66,7.8096,7.9595,8.1096,8.2599,8.3201,8.3744,8.428,8.4797,8.5313,8.5827,8.634,8.6852,8.7362,8.7483,8.6681,8.5879,8.5076,8.4273,8.347,8.2666,8.1862,8.1057,8.0252,7.9196,7.8008,7.6819,7.5632,7.4444,7.3258,7.2071,7.0886,6.97,6.8513,6.7068,6.5623,6.4178,6.2734,6.1291,5.9848,5.8405,5.6963,5.5521,5.4383,5.3778,5.3175,5.2572,5.197,5.1369,5.0769,5.0169,4.9571,4.8973,4.8114,4.7152,4.6192,4.5233,4.4276,4.3321,4.2368,4.1417,4.0467,3.951,3.8421,3.7337,3.6258,3.5183,3.4113,3.3048
11.4086,11.3857,11.3632,11.3411,11.3194,11.2981,11.2771,11.2565,11.1997,11.074,10.9483,10.8227,10.6971,10.5717,10.4462,10.3209,10.1956,10.0703,9.8869,9.679,9.4711,9.2634,9.0557,8.8481,8.6406,8.4331,8.2258,8.0227,7.8878,7.7528,7.6177,7.4827,7.3476,7.2125,7.0773,6.9421,6.8069,6.6691,6.5279,6.3866,6.2452,6.1038,5.9623,5.8208,5.6792,5.5375,5.3958,5.2398,5.0797,4.9196,4.7594,4.5991,4.4387,4.2783,4.1177,3.9571,3.8009,3.6737,3.5464,3.4191,3.2918,3.1645,3.0371,2.9098,2.7824,2.6551,2.6128,2.6584,2.7039,2.7495,2.7951,2.8409,2.8866,2.9325,2.9784,3.0244,3.1891,3.3751,3.5616,3.7486,3.9361,4.1242,4.3128,4.5021,4.6919,4.8924,5.1311,5.3701,5.6094,5.8489,6.0887,6.3289,6.5693,6.81,7.0511,7.2395,7.3873,7.5352,7.6832,7.8313,7.9795,8.1278,8.2762,8.4248,8.5734,8.6274,8.6731,8.7186,8.764,8.8093,8.8545,8.8995,8.9443,8.989,8.9984,8.9156,8.8326,8.7497,8.6667,8.5837,8.5007,8.4176,8.3344,8.2513,8.1453,8.0259,7.9066,7.7873,7.6681,7.5489,7.4297,7.3107,7.1916,7.0726,6.9281,6.7831,6.6382,6.4933,6.3485,6.2037,6.059,5.9143,5.7696,5.6531,5.5929,5.5328,5.4728,5.4128,5.353,5.2932,5.2336,5.174,5.1145,5.031,4.9363,4.8418,4.7475,4.6534,4.5594,4.4656,4.372,4.2786,4.1851,4.0815,3.9783,3.8756,3.7733,3.6716,3.5703
11.4089,11.3739,11.3393,11.3051,11.2713,11.2379,11.2049,11.1722,11.1047,10.9753,10.8459,10.7166,10.5873,10.4581,10.329,10.2,10.0709,9.942,9.7519,9.5373,9.3229,9.1086,8.8944,8.6802,8.4662,8.2522,8.0382,7.8296,7.6922,7.5548,7.4174,7.2799,7.1424,7.0049,6.8674,6.7298,6.5921,6.4523,6.3094,6.1664,6.0234,5.8803,5.7372,5.594,5.4507,5.3074,5.164,5.0045,4.8402,4.676,4.5116,4.3472,4.1827,4.0181,3.8535,3.6887,3.5305,3.4156,3.3006,3.1856,3.0705,2.9554,2.8403,2.7252,2.6101,2.4951,2.4627,2.517,2.5714,2.6258,2.6803,2.7348,2.7894,2.844,2.8987,2.9536,3.144,3.3601,3.5766,3.7937,4.0112,4.2293,4.448,4.6673,4.8873,5.1131,5.3604,5.6081,5.856,6.1042,6.3527,6.6015,6.8505,7.0999,7.3497,7.5435,7.6916,7.8399,7.9882,8.1367,8.2853,8.434,8.5828,8.7317,8.8808,8.9308,8.9702,9.0094,9.0486,9.0875,9.1264,9.1651,9.2037,9.2421,9.2487,9.1631,9.0775,8.9919,8.9063,8.8206,8.7349,8.6491,8.5633,8.4774,8.3709,8.251,8.1312,8.0114,7.8917,7.772,7.6524,7.5328,7.4132,7.2938,7.1494,7.004,6.8586,6.7132,6.5679,6.4226,6.2774,6.1322,5.9871,5.8678,5.8079,5.7481,5.6883,5.6287,5.5691,5.5096,5.4502,5.3909,5.3317,5.2504,5.1573,5.0643,4.9716,4.879,4.7866,4.6943,4.6023,4.5104,4.4188,4.3204,4.2225,4.125,4.028,3.9314,3.8354
11.4088,11.3617,11.315,11.2687,11.2229,11.1774,11.1322,11.0875,11.0096,10.8764,10.7434,10.6103,10.4774,10.3445,10.2117,10.0789,9.9462,9.8136,9.6166,9.3956,9.1746,8.9537,8.733,8.5123,8.2916,8.0711,7.8506,7.6364,7.4966,7.3568,7.217,7.0771,6.9372,6.7973,6.6574,6.5174,6.3773,6.2354,6.0908,5.9462,5.8015,5.6568,5.512,5.3672,5.2223,5.0773,4.9322,4.7691,4.6007,4.4323,4.2638,4.0953,3.9267,3.758,3.5892,3.4203,3.2601,3.1575,3.0547,2.9519,2.8491,2.7463,2.6434,2.5406,2.4377,2.3349,2.3125,2.3756,2.4388,2.502,2.5653,2.6286,2.692,2.7554,2.819,2.8826,3.0984,3.3446,3.5911,3.8382,4.0858,4.3339,4.5827,4.832,5.082,5.3335,5.5896,5.8459,6.1024,6.3593,6.6164,6.8738,7.1316,7.3896,7.648,7.8474,7.9959,8.1446,8.2933,8.4421,8.5911,8.7402,8.8894,9.0387,9.1881,9.2344,9.2675,9.3005,9.3333,9.366,9.3986,9.431,9.4633,9.4954,9.499,9.4108,9.3225,9.2342,9.1459,9.0576,8.9692,8.8807,8.7922,8.7037,8.5966,8.4762,8.3559,8.2356,8.1154,7.9952,7.875,7.7549,7.6349,7.5149,7.3708,7.2249,7.079,6.9331,6.7874,6.6416,6.4959,6.3503,6.2046,6.0826,6.0229,5.9634,5.9039,5.8445,5.7852,5.726,5.6669,5.6078,5.5489,5.4697,5.3782,5.2868,5.1955,5.1045,5.0136,4.923,4.8325,4.7421,4.652,4.559,4.4663,4.374,4.2822,4.1909,4.1001
11.4082,11.3491,11.2903,11.232,11.174,11.1164,11.0592,11.0024,10.9144,10.7775,10.6407,10.504,10.3674,10.2308,10.0943,9.9578,9.8214,9.6851,9.4813,9.2536,9.0261,8.7987,8.5714,8.3441,8.117,7.8899,7.6628,7.4432,7.301,7.1588,7.0166,6.8743,6.732,6.5897,6.4474,6.305,6.1625,6.0185,5.8722,5.726,5.5797,5.4333,5.2868,5.1403,4.9938,4.8472,4.7005,4.5336,4.3612,4.1887,4.0161,3.8434,3.6707,3.4979,3.325,3.152,2.9898,2.8993,2.8088,2.7183,2.6277,2.5371,2.4465,2.3559,2.2653,2.1747,2.1622,2.2341,2.3061,2.3781,2.4502,2.5223,2.5945,2.6668,2.7391,2.8115,3.0524,3.3286,3.6052,3.8822,4.1598,4.438,4.7167,4.9961,5.2761,5.5538,5.8185,6.0834,6.3487,6.6142,6.8799,7.146,7.4124,7.6791,7.9461,8.1513,8.3002,8.4492,8.5983,8.7476,8.8969,9.0464,9.1959,9.3456,9.4954,9.5383,9.5651,9.5917,9.6183,9.6447,9.671,9.6971,9.7231,9.749,9.7495,9.6586,9.5676,9.4767,9.3857,9.2947,9.2036,9.1125,9.0213,8.9301,8.8223,8.7014,8.5806,8.4598,8.339,8.2184,8.0977,7.9771,7.8566,7.7361,7.5922,7.4458,7.2994,7.1531,7.0068,6.8606,6.7144,6.5683,6.4222,6.2973,6.2379,6.1786,6.1194,6.0603,6.0013,5.9423,5.8835,5.8247,5.766,5.689,5.5989,5.5091,5.4194,5.3299,5.2406,5.1515,5.0625,4.9737,4.8851,4.7972,4.7097,4.6227,4.5361,4.45,4.3644
11.4072,11.336,11.2652,11.1948,11.1248,11.0551,10.9858,10.9169,10.819,10.6785,10.538,10.3976,10.2572,10.117,9.9767,9.8366,9.6965,9.5564,9.3457,9.1116,8.8775,8.6435,8.4097,8.1759,7.9422,7.7085,7.475,7.2499,7.1053,6.9607,6.8161,6.6714,6.5268,6.382,6.2373,6.0925,5.9477,5.8015,5.6537,5.5058,5.3578,5.2098,5.0617,4.9135,4.7653,4.617,4.4687,4.2982,4.1216,3.945,3.7683,3.5915,3.4147,3.2377,3.0607,2.8836,2.7194,2.6411,2.5629,2.4846,2.4062,2.3278,2.2495,2.1711,2.0927,2.0144,2.0118,2.0926,2.1733,2.2541,2.335,2.4159,2.4969,2.578,2.6591,2.7403,3.006,3.3121,3.6187,3.9258,4.2334,4.5415,4.8502,5.1596,5.4696,5.7739,6.0473,6.3208,6.5947,6.8688,7.1433,7.418,7.693,7.9683,8.244,8.4552,8.6045,8.7539,8.9034,9.053,9.2027,9.3525,9.5025,9.6526,9.8027,9.8423,9.8628,9.8832,9.9035,9.9236,9.9437,9.9635,9.9832,10.0028,10,9.9065,9.8129,9.7192,9.6256,9.5319,9.4381,9.3444,9.2505,9.1567,9.048,8.9266,8.8053,8.684,8.5627,8.4416,8.3204,8.1993,8.0783,7.9573,7.8136,7.6667,7.5199,7.3731,7.2263,7.0796,6.933,6.7864,6.6398,6.512,6.4529,6.3939,6.335,6.2761,6.2173,6.1586,6.1001,6.0415,5.9831,5.9081,5.8196,5.7313,5.6432,5.5552,5.4674,5.3798,5.2924,5.2052,5.1182,5.035,4.9527,4.8709,4.7896,4.7087,4.6283
11.4058,11.3225,11.2397,11.1572,11.0751,10.9934,10.9121,10.8311,10.7236,10.5793,10.4351,10.291,10.147,10.003,9.8591,9.7153,9.5715,9.4277,9.21,8.9693,8.7287,8.4882,8.2478,8.0075,7.7673,7.5271,7.287,7.0565,6.9096,6.7626,6.6156,6.4685,6.3215,6.1744,6.0272,5.88,5.7328,5.5846,5.4351,5.2855,5.1359,4.9862,4.8365,4.6867,4.5368,4.3869,4.2369,4.0628,3.8821,3.7013,3.5205,3.3396,3.1586,2.9776,2.7965,2.6152,2.4489,2.3829,2.3169,2.2508,2.1847,2.1185,2.0524,1.9862,1.9201,1.854,1.8614,1.9509,2.0405,2.1301,2.2197,2.3094,2.3992,2.489,2.579,2.669,2.9591,3.2952,3.6317,3.9688,4.3064,4.6445,4.9832,5.3225,5.6625,5.9939,6.2758,6.558,6.8405,7.1233,7.4064,7.6897,7.9734,8.2573,8.5416,8.7591,8.9088,9.0585,9.2084,9.3584,9.5085,9.6587,9.809,9.9595,10.11,10.1466,10.1608,10.175,10.1889,10.2028,10.2165,10.2301,10.2436,10.2568,10.2507,10.1545,10.0582,9.9619,9.8656,9.7692,9.6728,9.5763,9.4799,9.3833,9.2737,9.1518,9.03,8.9082,8.7865,8.6648,8.5432,8.4216,8.3,8.1785,8.035,7.8876,7.7403,7.5931,7.4459,7.2987,7.1516,7.0045,6.8574,6.7268,6.6679,6.6091,6.5505,6.4919,6.4334,6.375,6.3166,6.2584,6.2002,6.1271,6.0402,5.9534,5.8668,5.7804,5.6942,5.6081,5.5223,5.4366,5.3511,5.2724,5.1954,5.1188,5.0427,4.967,4.8918
11.404,11.3086,11.2137,11.1192,11.0251,10.9313,10.8379,10.7449,10.628,10.4801,10.3322,10.1844,10.0367,9.889,9.7414,9.5939,9.4464,9.299,9.0742,8.827,8.5798,8.3328,8.0859,7.839,7.5922,7.3455,7.0989,6.8632,6.7138,6.5644,6.415,6.2656,6.1161,5.9666,5.8171,5.6675,5.5179,5.3676,5.2164,5.0652,4.914,4.7626,4.6113,4.4598,4.3083,4.1567,4.0051,3.8273,3.6425,3.4576,3.2727,3.0877,2.9026,2.7175,2.5322,2.3469,2.1785,2.1247,2.0709,2.017,1.9631,1.9092,1.8552,1.8013,1.7474,1.6935,1.7109,1.8092,1.9075,2.0059,2.1044,2.2028,2.3014,2.4,2.4987,2.5975,2.9117,3.2778,3.6443,4.0113,4.3789,4.7469,5.1156,5.4848,5.8547,6.2136,6.5042,6.795,7.0862,7.3776,7.6693,7.9612,8.2535,8.5461,8.8391,9.063,9.213,9.3632,9.5134,9.6638,9.8143,9.9649,10.1156,10.2664,10.4173,10.4511,10.459,10.4669,10.4746,10.4822,10.4897,10.497,10.5041,10.5111,10.5015,10.4026,10.3036,10.2047,10.1057,10.0066,9.9076,9.8085,9.7093,9.6101,9.4995,9.3771,9.2548,9.1325,9.0102,8.8881,8.7659,8.6438,8.5218,8.3998,8.2564,8.1086,7.9608,7.8131,7.6654,7.5178,7.3702,7.2226,7.0751,6.9414,6.8829,6.8244,6.766,6.7076,6.6494,6.5912,6.5332,6.4752,6.4173,6.346,6.2607,6.1754,6.0904,6.0055,5.9208,5.8363,5.752,5.6678,5.5839,5.5095,5.4376,5.3663,5.2954,5.2249,5.155
11.4017,11.2943,11.1874,11.0808,10.9746,10.8688,10.7634,10.6583,10.5323,10.3807,10.2291,10.0777,9.9262,9.7749,9.6236,9.4724,9.3212,9.1701,8.9382,8.6844,8.4308,8.1772,7.9237,7.6704,7.417,7.1638,6.9106,6.6698,6.518,6.3663,6.2145,6.0626,5.9108,5.7589,5.607,5.455,5.303,5.1506,4.9978,4.845,4.692,4.5391,4.386,4.2329,4.0798,3.9266,3.7733,3.5918,3.4029,3.2139,3.0249,2.8358,2.6466,2.4573,2.268,2.0785,1.908,1.8664,1.8248,1.7832,1.7415,1.6998,1.658,1.6163,1.5746,1.5329,1.5603,1.6674,1.7745,1.8817,1.9889,2.0962,2.2035,2.3109,2.4184,2.526,2.864,3.26,3.6564,4.0533,4.4508,4.8488,5.2474,5.6466,6.0464,6.4332,6.7324,7.0319,7.3316,7.6316,7.932,8.2326,8.5335,8.8347,9.1362,9.3669,9.5173,9.6678,9.8184,9.9692,10.12,10.271,10.4221,10.5733,10.7246,10.7558,10.7575,10.759,10.7605,10.7618,10.763,10.764,10.7649,10.7657,10.7523,10.6508,10.5492,10.4475,10.3459,10.2442,10.1425,10.0407,9.9389,9.837,9.7253,9.6024,9.4795,9.3568,9.234,9.1113,8.9887,8.8661,8.7436,8.6211,8.4779,8.3296,8.1814,8.0332,7.885,7.7369,7.5888,7.4407,7.2927,7.1561,7.0978,7.0396,6.9814,6.9234,6.8654,6.8075,6.7497,6.692,6.6344,6.5649,6.481,6.3973,6.3138,6.2305,6.1473,6.0644,5.9816,5.899,5.8166,5.7461,5.6795,5.6134,5.5477,5.4825,5.4177
11.399,11.2796,11.1606,11.042,10.9238,10.806,10.6885,10.5714,10.4365,10.2812,10.126,9.9708,9.8157,9.6607,9.5057,9.3508,9.1959,9.0411,8.8021,8.5418,8.2816,8.0215,7.7615,7.5016,7.2417,6.982,6.7223,6.4763,6.3222,6.168,6.0138,5.8596,5.7054,5.5511,5.3968,5.2424,5.088,4.9336,4.7792,4.6247,4.4701,4.3155,4.1608,4.0061,3.8513,3.6964,3.5415,3.3563,3.1633,2.9702,2.7771,2.5839,2.3906,2.1972,2.0037,1.8102,1.6375,1.6082,1.5787,1.5493,1.5198,1.4903,1.4607,1.4312,1.4017,1.3722,1.4097,1.5255,1.6414,1.7573,1.8733,1.9894,2.1055,2.2216,2.3379,2.4543,2.8157,3.2416,3.668,4.0949,4.5222,4.9502,5.3787,5.8078,6.2375,6.6526,6.9604,7.2685,7.5769,7.8855,8.1944,8.5037,8.8132,9.123,9.4332,9.6708,9.8215,9.9724,10.1234,10.2745,10.4258,10.5771,10.7286,10.8801,11.0318,11.0607,11.0561,11.0514,11.0466,11.0417,11.0366,11.0314,11.026,11.0205,11.0033,10.8991,10.7948,10.6905,10.5862,10.4819,10.3775,10.273,10.1685,10.064,9.9511,9.8277,9.7044,9.5811,9.4578,9.3346,9.2115,9.0884,8.9654,8.8424,8.6994,8.5507,8.4019,8.2532,8.1046,7.956,7.8074,7.6589,7.5104,7.3708,7.3127,7.2548,7.1969,7.1391,7.0814,7.0238,6.9662,6.9088,6.8515,6.7836,6.7013,6.6191,6.5372,6.4554,6.3738,6.2923,6.2111,6.13,6.0491,5.9824,5.921,5.8601,5.7996,5.7396,5.68
11.3959,11.2645,11.1334,11.0028,10.8726,10.7427,10.6132,10.4841,10.3406,10.1816,10.0227,9.8639,9.7051,9.5464,9.3877,9.2291,9.0706,8.9121,8.6658,8.399,8.1322,7.8656,7.5991,7.3327,7.0663,6.8,6.5338,6.2828,6.1263,5.9698,5.8132,5.6566,5.4999,5.3433,5.1866,5.0298,4.873,4.7166,4.5605,4.4044,4.2481,4.0919,3.9356,3.7792,3.6227,3.4662,3.3096,3.1208,2.9237,2.7265,2.5292,2.3319,2.1345,1.9371,1.7395,1.5418,1.367,1.3498,1.3326,1.3154,1.2981,1.2807,1.2634,1.2461,1.2287,1.2115,1.2589,1.3836,1.5082,1.6329,1.7577,1.8825,2.0073,2.1323,2.2573,2.3824,2.7671,3.2229,3.6791,4.1359,4.5932,5.051,5.5094,5.9684,6.428,6.8718,7.1882,7.5049,7.8219,8.1392,8.4567,8.7746,9.0927,9.4112,9.7299,9.9746,10.1258,10.277,10.4284,10.5799,10.7315,10.8832,11.0351,11.187,11.3391,11.3658,11.355,11.344,11.3329,11.3217,11.3104,11.2989,11.2873,11.2755,11.2544,11.1475,11.0406,10.9336,10.8267,10.7196,10.6126,10.5055,10.3984,10.2912,10.1769,10.053,9.9292,9.8054,9.6817,9.558,9.4343,9.3107,9.1872,9.0637,8.921,8.7717,8.6225,8.4733,8.3242,8.1751,8.0261,7.8771,7.7282,7.5854,7.5276,7.4699,7.4123,7.3548,7.2974,7.24,7.1828,7.1256,7.0685,7.0022,6.9214,6.8408,6.7604,6.6802,6.6001,6.5202,6.4405,6.3609,6.2816,6.2184,6.1622,6.1064,6.0511,5.9963,5.942
11.3924,11.2489,11.1059,10.9632,10.8209,10.6791,10.5375,10.3964,10.2446,10.0819,9.9193,9.7568,9.5943,9.4319,9.2696,9.1073,8.9451,8.7829,8.5293,8.256,7.9828,7.7096,7.4366,7.1636,6.8908,6.618,6.3452,6.0893,5.9304,5.7715,5.6125,5.4535,5.2945,5.1354,4.9763,4.8172,4.658,4.4996,4.3418,4.184,4.0262,3.8683,3.7103,3.5523,3.3942,3.236,3.0778,2.8852,2.684,2.4828,2.2814,2.08,1.8785,1.6769,1.4753,1.2735,1.0965,1.0915,1.0865,1.0814,1.0763,1.0711,1.066,1.0608,1.0557,1.0506,1.1081,1.2415,1.375,1.5084,1.6419,1.7755,1.9091,2.0428,2.1766,2.3105,2.7179,3.2036,3.6898,4.1764,4.6635,5.1512,5.6395,6.1284,6.6179,7.0908,7.4159,7.7412,8.0668,8.3926,8.7188,9.0452,9.372,9.699,10.0264,10.2784,10.43,10.5816,10.7334,10.8853,11.0372,11.1893,11.3415,11.4939,11.6463,11.6711,11.654,11.6368,11.6195,11.6021,11.5845,11.5667,11.5488,11.5308,11.5056,11.3961,11.2865,11.1769,11.0672,10.9575,10.8478,10.7381,10.6283,10.5184,10.4028,10.2784,10.154,10.0298,9.9055,9.7813,9.6572,9.5331,9.409,9.285,9.1425,8.9928,8.8431,8.6935,8.5439,8.3943,8.2448,8.0954,7.9459,7.8,7.7425,7.6851,7.6278,7.5705,7.5133,7.4562,7.3992,7.3423,7.2855,7.2207,7.1415,7.0624,6.9835,6.9048,6.8263,6.7479,6.6698,6.5918,6.514,6.4539,6.4029,6.3524,6.3023,6.2527,6.2035
11.3884,11.2329,11.0779,10.9232,10.7689,10.615,10.4615,10.3083,10.1485,9.9821,9.8159,9.6496,9.4835,9.3174,9.1514,8.9855,8.8196,8.6537,8.3927,8.1129,7.8331,7.5535,7.2739,6.9945,6.7151,6.4358,6.1565,5.8957,5.7344,5.5731,5.4118,5.2504,5.089,4.9275,4.7661,4.6046,4.443,4.2825,4.1231,3.9637,3.8042,3.6446,3.485,3.3254,3.1656,3.0058,2.846,2.6497,2.4444,2.239,2.0336,1.828,1.6225,1.4168,1.211,1.0052,0.8259,0.8331,0.8403,0.8474,0.8544,0.8615,0.8685,0.8755,0.8826,0.8896,0.9573,1.0994,1.2416,1.3838,1.5261,1.6684,1.8108,1.9532,2.0958,2.2384,2.6684,3.1839,3.6999,4.2164,4.7334,5.251,5.7691,6.2878,6.8072,7.3097,7.6433,7.9772,8.3114,8.6459,8.9806,9.3157,9.651,9.9867,10.3227,10.5823,10.7342,10.8862,11.0383,11.1906,11.3429,11.4954,11.648,11.8007,11.9535,11.9767,11.9533,11.9299,11.9063,11.8826,11.8587,11.8348,11.8106,11.7863,11.7569,11.6447,11.5325,11.4202,11.3079,11.1956,11.0832,10.9708,10.8583,10.7458,10.6286,10.5037,10.3789,10.2541,10.1294,10.0047,9.8801,9.7555,9.6309,9.5064,9.3641,9.2139,9.0637,8.9136,8.7636,8.6135,8.4636,8.3136,8.1637,8.0147,7.9574,7.9002,7.8432,7.7862,7.7293,7.6724,7.6157,7.5591,7.5025,7.4391,7.3614,7.2839,7.2066,7.1294,7.0524,6.9756,6.8989,6.8225,6.7462,6.6891,6.6433,6.5979,6.5531,6.5086,6.4647
