15.2554,15.2152,15.175,15.1348,15.0946,15.0544,15.0142,14.974,14.9338,14.8944,14.8651,14.8358,14.8066,14.7773,14.7481,14.7188,14.6896,14.6603,14.6311,14.5536,14.4549,14.3563,14.2576,14.1589,14.0602,13.9615,13.8628,13.7641,13.7119,13.7583,13.8048,13.8515,13.8982,13.945,13.9917,14.0385,14.0852,14.132,14.1564,14.1796,14.2028,14.226,14.2492,14.2724,14.2956,14.3188,14.342,14.3722,14.4076,14.443,14.4784,14.5139,14.5493,14.5847,14.6202,14.6556,14.6667,14.5797,14.4928,14.4058,14.3188,14.2318,14.1448,14.0578,13.9708,13.8839,13.7631,13.6352,13.5072,13.3793,13.2514,13.1234,12.9955,12.8676,12.7396,12.6851,12.7202,12.7554,12.7908,12.8262,12.8616,12.897,12.9325,12.968,13.0018,13.0144,13.0271,13.0398,13.0526,13.0654,13.0783,13.0912,13.1042,13.1172,13.1503,13.192,13.2335,13.275,13.3163,13.3575,13.3987,13.4397,13.4806,13.4857,13.4168,13.3479,13.279,13.2101,13.1413,13.0724,13.0035,12.9346,12.8658,12.8402,12.8171,12.7938,12.7704,12.747,12.7234,12.6998,12.676,12.6522,12.6509,12.6667,12.6826,12.6986,12.7147,12.7309,12.7471,12.7635,12.7799,12.7914,12.7813,12.7713,12.7612,12.7512,12.7412,12.7311,12.7211,12.7111,12.701,12.6811,12.6582,12.6347,12.6106,12.5859,12.5606,12.5346,12.5079,12.4806,12.4452,12.3996,12.3536,12.3074,12.2608,12.2139,12.1668,12.1193,12.0715,12.0232,11.9719,11.9206,11.8692,11.8177,11.7662,11.7147,11.6631,11.6115,11.5599
15.2794,15.2394,15.1994,15.1593,15.1193,15.0793,15.0393,14.9993,14.9592,14.9202,14.8909,14.8616,14.8323,14.8031,14.7738,14.7446,14.7153,14.6861,14.6569,14.579,14.481,14.383,14.2849,14.1869,14.0889,13.9908,13.8928,13.7948,13.7421,13.782,13.822,13.862,13.9022,13.9425,13.9829,14.0234,14.0639,14.1045,14.1287,14.152,14.1754,14.1987,14.222,14.2453,14.2686,14.2919,14.3152,14.3444,14.378,14.4117,14.4453,14.4789,14.5125,14.5461,14.5797,14.6133,14.6242,14.543,14.4618,14.3806,14.2994,14.2182,14.1371,14.056,13.9749,13.8939,13.7759,13.6499,13.5238,13.3978,13.2718,13.1459,13.02,12.8941,12.7682,12.7143,12.7507,12.7871,12.8235,12.86,12.8965,12.933,12.9695,13.0061,13.0413,13.0551,13.069,13.083,13.097,13.111,13.1251,13.1392,13.1534,13.1676,13.198,13.2357,13.2733,13.3108,13.3482,13.3854,13.4226,13.4597,13.4966,13.5009,13.4319,13.363,13.2941,13.2252,13.1563,13.0874,13.0186,12.9497,12.8808,12.8523,12.827,12.8015,12.7759,12.7503,12.7245,12.6987,12.6728,12.6467,12.6444,12.6619,12.6795,12.6972,12.715,12.7329,12.7508,12.7688,12.7869,12.8005,12.7905,12.7804,12.7704,12.7603,12.7503,12.7402,12.7302,12.7202,12.7102,12.6827,12.6498,12.6163,12.5822,12.5474,12.512,12.476,12.4393,12.4019,12.3594,12.3098,12.2599,12.2097,12.1592,12.1084,12.0573,12.0058,11.9541,11.902,11.8507,11.7993,11.7479,11.6965,11.645,11.5935,11.5419,11.4903,11.4386
15.3035,15.2636,15.2238,15.1839,15.144,15.1042,15.0644,15.0245,14.9847,14.9459,14.9166,14.8873,14.8581,14.8288,14.7995,14.7703,14.7411,14.7118,14.6826,14.6044,14.507,14.4097,14.3123,14.2149,14.1176,14.0202,13.9228,13.8254,13.7722,13.8055,13.839,13.8725,13.9062,13.9399,13.9738,14.0077,14.0417,14.0758,14.0996,14.1229,14.1463,14.1696,14.1929,14.2162,14.2395,14.2628,14.2861,14.3142,14.3458,14.3775,14.4091,14.4407,14.4723,14.5039,14.5354,14.567,14.5776,14.5027,14.4279,14.3531,14.2782,14.2035,14.1287,14.0539,13.9792,13.9046,13.7895,13.6654,13.5413,13.4172,13.2932,13.1691,13.0451,12.9212,12.7973,12.7437,12.7812,12.8187,12.8562,12.8937,12.9313,12.9689,13.0066,13.0443,13.0807,13.0958,13.1109,13.1261,13.1413,13.1565,13.1718,13.1872,13.2026,13.218,13.2458,13.2796,13.3132,13.3467,13.3802,13.4135,13.4467,13.4798,13.5127,13.516,13.4471,13.3781,13.3092,13.2403,13.1714,13.1025,13.0336,12.9647,12.8959,12.8645,12.837,12.8093,12.7816,12.7537,12.7258,12.6977,12.6696,12.6414,12.6379,12.6571,12.6764,12.6958,12.7152,12.7347,12.7544,12.7741,12.7939,12.8096,12.7996,12.7895,12.7795,12.7694,12.7594,12.7494,12.7393,12.7293,12.7193,12.685,12.642,12.5985,12.5543,12.5095,12.4641,12.418,12.3713,12.3239,12.2739,12.2204,12.1665,12.1123,12.0579,12.0031,11.948,11.8926,11.8369,11.7809,11.7294,11.6781,11.6267,11.5752,11.5237,11.4722,11.4206,11.369,11.3174
15.3275,15.2878,15.2481,15.2085,15.1688,15.1291,15.0894,15.0498,15.0101,14.9716,14.9424,14.9131,14.8838,14.8545,14.8253,14.7961,14.7668,14.7376,14.7084,14.6298,14.5331,14.4364,14.3397,14.243,14.1463,14.0495,13.9528,13.8561,13.8022,13.829,13.8559,13.8829,13.91,13.9372,13.9645,13.9919,14.0194,14.0469,14.0705,14.0938,14.1172,14.1405,14.1639,14.1872,14.2105,14.2338,14.2571,14.284,14.3136,14.3432,14.3728,14.4024,14.432,14.4616,14.4911,14.5207,14.531,14.4625,14.394,14.3255,14.2571,14.1886,14.1202,14.0519,13.9835,13.9152,13.8031,13.6809,13.5587,13.4366,13.3145,13.1924,13.0703,12.9483,12.8263,12.7731,12.8117,12.8503,12.8889,12.9275,12.9662,13.0049,13.0436,13.0824,13.1201,13.1364,13.1528,13.1692,13.1856,13.2021,13.2186,13.2351,13.2517,13.2684,13.2937,13.3235,13.3532,13.3828,13.4123,13.4416,13.4709,13.5,13.529,13.5311,13.4622,13.3932,13.3243,13.2554,13.1865,13.1176,13.0487,12.9798,12.9109,12.8768,12.8471,12.8172,12.7873,12.7572,12.7271,12.6969,12.6666,12.6361,12.6313,12.6522,12.6732,12.6942,12.7153,12.7366,12.7578,12.7792,12.8007,12.8188,12.8087,12.7987,12.7886,12.7786,12.7685,12.7585,12.7485,12.7384,12.7284,12.6878,12.6349,12.5813,12.5271,12.4722,12.4168,12.3607,12.3039,12.2465,12.1887,12.1312,12.0734,12.0152,11.9568,11.8981,11.8391,11.7797,11.7201,11.6601,11.6082,11.5568,11.5054,11.454,11.4025,11.351,11.2994,11.2478,11.1961
15.3516,15.3121,15.2725,15.233,15.1935,15.154,15.1145,15.075,15.0355,14.9974,14.9681,14.9388,14.9096,14.8803,14.851,14.8218,14.7926,14.7633,14.7341,14.6552,14.5592,14.4631,14.3671,14.271,14.175,14.0789,13.9828,13.8868,13.8321,13.8523,13.8727,13.8932,13.9138,13.9345,13.9552,13.9761,13.997,14.0181,14.0414,14.0647,14.0881,14.1114,14.1348,14.1581,14.1814,14.2047,14.228,14.2538,14.2814,14.309,14.3366,14.3642,14.3917,14.4193,14.4468,14.4744,14.4844,14.4222,14.3601,14.298,14.2359,14.1738,14.1118,14.0497,13.9877,13.9258,13.8167,13.6964,13.5762,13.4559,13.3357,13.2156,13.0954,12.9753,12.8553,12.8026,12.8422,12.8818,12.9215,12.9613,13.001,13.0408,13.0806,13.1205,13.1596,13.1771,13.1946,13.2122,13.2299,13.2475,13.2653,13.283,13.3008,13.3187,13.3418,13.3676,13.3933,13.419,13.4445,13.4699,13.4952,13.5204,13.5454,13.5462,13.4773,13.4083,13.3394,13.2705,13.2016,13.1327,13.0638,12.9949,12.926,12.8892,12.8572,12.8252,12.7931,12.7608,12.7285,12.6961,12.6636,12.631,12.6246,12.6472,12.6698,12.6926,12.7154,12.7383,12.7612,12.7843,12.8075,12.8279,12.8178,12.8078,12.7977,12.7877,12.7777,12.7676,12.7576,12.7476,12.7375,12.6913,12.6283,12.5647,12.5005,12.4356,12.3701,12.304,12.2372,12.1698,12.1037,12.0422,11.9805,11.9184,11.856,11.7934,11.7304,11.6671,11.6035,11.5395,11.4869,11.4356,11.3842,11.3327,11.2812,11.2297,11.1782,11.1266,11.0749
15.3756,15.3363,15.297,15.2576,15.2183,15.1789,15.1396,15.1003,15.061,15.0231,14.9938,14.9646,14.9353,14.906,14.8768,14.8475,14.8183,14.7891,14.7599,14.6807,14.5853,14.4899,14.3945,14.2991,14.2037,14.1083,14.0129,13.9175,13.8618,13.8756,13.8894,13.9034,13.9174,13.9316,13.9459,13.9602,13.9746,13.9891,14.0122,14.0356,14.059,14.0823,14.1057,14.129,14.1524,14.1757,14.199,14.2236,14.2492,14.2748,14.3003,14.3259,14.3515,14.377,14.4025,14.4281,14.4377,14.382,14.3262,14.2704,14.2147,14.1589,14.1032,14.0476,13.9919,13.9363,13.8302,13.7119,13.5936,13.4753,13.357,13.2388,13.1205,13.0024,12.8842,12.8319,12.8727,12.9134,12.9542,12.995,13.0358,13.0767,13.1176,13.1585,13.1989,13.2177,13.2364,13.2552,13.2741,13.293,13.3119,13.3309,13.3499,13.369,13.3899,13.4118,13.4336,13.4552,13.4768,13.4983,13.5196,13.5409,13.562,13.5613,13.4924,13.4234,13.3545,13.2856,13.2167,13.1477,13.0788,13.0099,12.941,12.9017,12.8675,12.8333,12.799,12.7645,12.73,12.6954,12.6607,12.6259,12.6179,12.6421,12.6664,12.6909,12.7153,12.7399,12.7646,12.7893,12.8141,12.837,12.827,12.8169,12.8069,12.7968,12.7868,12.7768,12.7667,12.7567,12.7467,12.6953,12.6223,12.5487,12.4744,12.3996,12.3241,12.2479,12.1711,12.0937,12.019,11.9536,11.8878,11.8218,11.7555,11.6889,11.622,11.5547,11.4872,11.4193,11.3657,11.3143,11.2629,11.2115,11.16,11.1085,11.0569,11.0053,10.9537
15.3997,15.3605,15.3214,15.2822,15.243,15.2039,15.1647,15.1256,15.0864,15.0489,15.0196,14.9903,14.961,14.9318,14.9025,14.8733,14.8441,14.8148,14.7856,14.7061,14.6114,14.5167,14.4219,14.3272,14.2324,14.1377,14.0429,13.9482,13.8915,13.8987,13.906,13.9135,13.921,13.9286,13.9364,13.9442,13.9521,13.9601,13.9831,14.0065,14.0299,14.0533,14.0766,14.1,14.1233,14.1466,14.1699,14.1934,14.217,14.2405,14.2641,14.2876,14.3112,14.3347,14.3582,14.3818,14.3911,14.3417,14.2923,14.2428,14.1934,14.144,14.0947,14.0454,13.9961,13.9468,13.8438,13.7274,13.611,13.4946,13.3782,13.2619,13.1456,13.0294,12.9131,12.8613,12.9031,12.945,12.9868,13.0287,13.0706,13.1126,13.1545,13.1966,13.2383,13.2582,13.2782,13.2982,13.3183,13.3384,13.3586,13.3788,13.399,13.4193,13.4382,13.4561,13.4739,13.4917,13.5093,13.5268,13.5442,13.5615,13.5787,13.5764,13.5075,13.4385,13.3696,13.3007,13.2317,13.1628,13.0939,13.025,12.9561,12.9142,12.8779,12.8414,12.8049,12.7683,12.7317,12.6949,12.658,12.621,12.611,12.637,12.663,12.6891,12.7152,12.7415,12.7678,12.7942,12.8207,12.8461,12.8361,12.826,12.816,12.806,12.7959,12.7859,12.7758,12.7658,12.7558,12.7,12.6169,12.5333,12.4491,12.3642,12.2787,12.1925,12.1057,12.0183,11.9345,11.8652,11.7955,11.7255,11.6553,11.5847,11.5138,11.4426,11.3711,11.2993,11.2444,11.193,11.1417,11.0902,11.0387,10.9872,10.9357,10.8841,10.8324
15.4238,15.3848,15.3458,15.3068,15.2678,15.2288,15.1898,15.1508,15.1119,15.0746,15.0453,15.016,14.9868,14.9575,14.9283,14.899,14.8698,14.8406,14.8114,14.7316,14.6375,14.5435,14.4494,14.3553,14.2612,14.1671,14.073,13.9789,13.921,13.9217,13.9225,13.9234,13.9245,13.9256,13.9268,13.9281,13.9295,13.9309,13.954,13.9774,14.0008,14.0242,14.0475,14.0709,14.0942,14.1176,14.1409,14.1632,14.1847,14.2063,14.2278,14.2494,14.2709,14.2924,14.314,14.3354,14.3445,14.3014,14.2583,14.2152,14.1721,14.1291,14.0861,14.0431,14.0002,13.9573,13.8573,13.7428,13.6283,13.5139,13.3994,13.285,13.1707,13.0563,12.942,12.8907,12.9336,12.9765,13.0194,13.0624,13.1054,13.1484,13.1915,13.2346,13.2776,13.2988,13.32,13.3412,13.3625,13.3838,13.4052,13.4266,13.448,13.4695,13.4865,13.5005,13.5144,13.5282,13.5419,13.5554,13.5689,13.5822,13.5955,13.5915,13.5226,13.4536,13.3847,13.3158,13.2468,13.1779,13.109,13.04,12.9711,12.9268,12.8883,12.8497,12.811,12.7722,12.7334,12.6944,12.6553,12.6162,12.6041,12.6317,12.6594,12.6872,12.715,12.7429,12.7709,12.799,12.8272,12.8553,12.8452,12.8352,12.8251,12.8151,12.805,12.795,12.785,12.7749,12.7649,12.7052,12.6122,12.5185,12.4243,12.3294,12.2339,12.1378,12.0409,11.9435,11.8503,11.777,11.7034,11.6295,11.5553,11.4808,11.406,11.3308,11.2554,11.1796,11.1231,11.0718,11.0204,10.969,10.9175,10.866,10.8144,10.7628,10.7112
15.4479,15.409,15.3702,15.3314,15.2926,15.2537,15.2149,15.1761,15.1373,15.1003,15.0711,15.0418,15.0125,14.9833,14.954,14.9248,14.8956,14.8664,14.8371,14.7571,14.6637,14.5703,14.4768,14.3834,14.29,14.1965,14.1031,14.0096,13.9504,13.9446,13.9389,13.9333,13.9278,13.9225,13.9172,13.912,13.9068,13.9018,13.9249,13.9483,13.9717,13.9951,14.0185,14.0418,14.0652,14.0885,14.1118,14.1329,14.1525,14.172,14.1916,14.2111,14.2306,14.2502,14.2697,14.2891,14.2978,14.2611,14.2243,14.1876,14.1508,14.1141,14.0775,14.0408,14.0042,13.9677,13.8708,13.7582,13.6457,13.5331,13.4206,13.3082,13.1957,13.0833,12.9709,12.92,12.964,13.008,13.052,13.0961,13.1401,13.1843,13.2284,13.2726,13.3168,13.3393,13.3617,13.3842,13.4066,13.4292,13.4517,13.4744,13.497,13.5197,13.535,13.545,13.555,13.5648,13.5746,13.5842,13.5937,13.6031,13.6124,13.6067,13.5377,13.4687,13.3998,13.3308,13.2619,13.193,13.124,13.0551,12.9862,12.9396,12.8989,12.8581,12.8172,12.7762,12.7352,12.694,12.6528,12.6114,12.5972,12.6264,12.6558,12.6852,12.7147,12.7443,12.774,12.8038,12.8336,12.8636,12.8543,12.8443,12.8342,12.8242,12.8142,12.8041,12.7941,12.7841,12.774,12.711,12.608,12.5044,12.4001,12.2952,12.1897,12.0836,11.9768,11.8693,11.7664,11.6891,11.6116,11.5337,11.4556,11.3771,11.2984,11.2193,11.1399,11.0602,11.0019,10.9505,10.8991,10.8477,10.7963,10.7447,10.6932,10.6416,10.59
15.472,15.4333,15.3946,15.356,15.3173,15.2787,15.2401,15.2014,15.1628,15.1261,15.0968,15.0675,15.0383,15.009,14.9798,14.9505,14.9213,14.8921,14.8629,14.7826,14.6899,14.5971,14.5043,14.4115,14.3187,14.2259,14.1331,14.0404,13.9797,13.9674,13.9552,13.9431,13.9311,13.9192,13.9074,13.8957,13.8841,13.8725,13.8958,13.9192,13.9426,13.966,13.9894,14.0127,14.0361,14.0594,14.0828,14.1027,14.1202,14.1378,14.1553,14.1728,14.1904,14.2079,14.2254,14.2428,14.2511,14.2207,14.1903,14.1599,14.1295,14.0991,14.0688,14.0385,14.0082,13.978,13.8843,13.7736,13.663,13.5524,13.4418,13.3312,13.2207,13.1102,12.9998,12.9493,12.9944,13.0395,13.0846,13.1297,13.1749,13.2201,13.2653,13.3106,13.3559,13.3798,13.4034,13.4271,13.4508,13.4745,13.4983,13.5221,13.546,13.5699,13.5836,13.5897,13.5957,13.6016,13.6074,13.6131,13.6187,13.6241,13.6295,13.6218,13.5528,13.4838,13.4149,13.3459,13.277,13.208,13.1391,13.0702,13.0012,12.9524,12.9095,12.8665,12.8235,12.7803,12.7371,12.6937,12.6503,12.6068,12.5901,12.621,12.6521,12.6832,12.7144,12.7456,12.777,12.8084,12.8399,12.8716,12.8635,12.8534,12.8434,12.8333,12.8233,12.8133,12.8032,12.7932,12.7832,12.7174,12.6044,12.4908,12.3766,12.2617,12.1462,12.0301,11.9133,11.7959,11.6827,11.6015,11.52,11.4382,11.3561,11.2737,11.1911,11.1081,11.0247,10.9411,10.8806,10.8293,10.7779,10.7265,10.675,10.6235,10.5719,10.5203,10.4687
15.496,15.4576,15.4191,15.3806,15.3421,15.3036,15.2652,15.2267,15.1882,15.1518,15.1225,15.0933,15.064,15.0348,15.0055,14.9763,14.9471,14.9179,14.8886,14.8082,14.716,14.6239,14.5318,14.4397,14.3475,14.2554,14.1632,14.0711,14.0089,13.9901,13.9714,13.9528,13.9343,13.9159,13.8976,13.8794,13.8613,13.8433,13.8667,13.8901,13.9135,13.9369,13.9603,13.9837,14.007,14.0304,14.0537,14.0724,14.088,14.1035,14.119,14.1346,14.1501,14.1656,14.1811,14.1965,14.2045,14.1804,14.1563,14.1322,14.1082,14.0841,14.0601,14.0361,14.0122,13.9883,13.8978,13.789,13.6803,13.5716,13.463,13.3543,13.2457,13.1371,13.0286,12.9787,13.0248,13.071,13.1171,13.1634,13.2096,13.2559,13.3022,13.3485,13.3949,13.4203,13.4451,13.47,13.4949,13.5198,13.5448,13.5698,13.5949,13.6201,13.6323,13.6344,13.6365,13.6385,13.6403,13.6421,13.6437,13.6453,13.6467,13.6369,13.5679,13.499,13.43,13.361,13.2921,13.2231,13.1542,13.0852,13.0163,12.9653,12.9202,12.8751,12.8298,12.7845,12.7391,12.6935,12.6479,12.6022,12.5829,12.6156,12.6483,12.681,12.7139,12.7468,12.7799,12.813,12.8462,12.8795,12.8726,12.8625,12.8525,12.8425,12.8324,12.8224,12.8124,12.8023,12.7923,12.7244,12.6014,12.4778,12.3536,12.2288,12.1033,11.9772,11.8505,11.723,11.5992,11.5141,11.4287,11.343,11.257,11.1706,11.084,10.9971,10.9098,10.8223,10.7594,10.708,10.6566,10.6052,10.5537,10.5022,10.4507,10.3991,10.3475
15.5201,15.4818,15.4435,15.4052,15.3669,15.3286,15.2903,15.252,15.2137,15.1776,15.1483,15.119,15.0898,15.0605,15.0313,15.002,14.9728,14.9436,14.9144,14.8337,14.7422,14.6508,14.5593,14.4678,14.3763,14.2848,14.1934,14.1019,14.038,14.0127,13.9875,13.9624,13.9374,13.9125,13.8877,13.863,13.8384,13.8142,13.8376,13.861,13.8844,13.9078,13.9312,13.9546,13.978,14.0013,14.0247,14.0421,14.0557,14.0692,14.0828,14.0963,14.1098,14.1233,14.1368,14.1502,14.1578,14.14,14.1223,14.1045,14.0868,14.069,14.0514,14.0337,14.0161,13.9985,13.9112,13.8044,13.6976,13.5908,13.4841,13.3774,13.2707,13.164,13.0574,13.008,13.0552,13.1024,13.1497,13.197,13.2443,13.2917,13.339,13.3865,13.4339,13.4607,13.4868,13.5128,13.5389,13.5651,13.5913,13.6175,13.6438,13.6702,13.6811,13.6793,13.6774,13.6754,13.6734,13.6712,13.6689,13.6665,13.664,13.652,13.583,13.5141,13.4451,13.3761,13.3071,13.2382,13.1692,13.1003,13.0313,12.9783,12.931,12.8837,12.8363,12.7888,12.7412,12.6935,12.6457,12.5978,12.5757,12.61,12.6444,12.6788,12.7134,12.748,12.7827,12.8175,12.8523,12.8873,12.8817,12.8717,12.8616,12.8516,12.8415,12.8315,12.8215,12.8114,12.8014,12.7321,12.5991,12.4655,12.3313,12.1965,12.0611,11.925,11.7882,11.6508,11.5161,11.427,11.3376,11.248,11.158,11.0678,10.9772,10.8864,10.7952,10.7037,10.6381,10.5868,10.5354,10.484,10.4325,10.381,10.3294,10.2779,10.2262
15.5443,15.5061,15.468,15.4298,15.3917,15.3536,15.3154,15.2773,15.2392,15.2033,15.174,15.1448,15.1155,15.0863,15.057,15.0278,14.9986,14.9694,14.9402,14.8592,14.7684,14.6776,14.5868,14.496,14.4051,14.3143,14.2235,14.1326,14.0669,14.0351,14.0034,13.9719,13.9404,13.909,13.8777,13.8465,13.8154,13.785,13.8085,13.8319,13.8553,13.8787,13.9021,13.9255,13.9489,13.9723,13.9956,14.0119,14.0234,14.0349,14.0465,14.058,14.0695,14.081,14.0925,14.104,14.1111,14.0996,14.0882,14.0768,14.0654,14.054,14.0426,14.0312,14.02,14.0087,13.9247,13.8198,13.7149,13.61,13.5052,13.4004,13.2956,13.1909,13.0861,13.0372,13.0855,13.1339,13.1822,13.2306,13.279,13.3274,13.3759,13.4244,13.4729,13.5012,13.5284,13.5557,13.583,13.6103,13.6378,13.6652,13.6927,13.7203,13.73,13.7242,13.7185,13.7126,13.7066,13.7004,13.6942,13.6879,13.6814,13.6671,13.5981,13.5292,13.4602,13.3912,13.3222,13.2533,13.1843,13.1153,13.0464,12.9913,12.9419,12.8924,12.8428,12.7931,12.7433,12.6935,12.6435,12.5934,12.5684,12.6044,12.6404,12.6766,12.7128,12.749,12.7854,12.8219,12.8584,12.895,12.8908,12.8808,12.8707,12.8607,12.8507,12.8406,12.8306,12.8206,12.8105,12.7403,12.5973,12.4538,12.3096,12.1648,12.0194,11.8734,11.7267,11.5793,11.4331,11.3401,11.2469,11.1533,11.0594,10.9652,10.8707,10.7759,10.6808,10.5854,10.5168,10.4655,10.4139,10.3611,10.3081,10.2548,10.2013,10.1475,10.0935
15.5684,15.5304,15.4924,15.4545,15.4165,15.3785,15.3406,15.3026,15.2647,15.229,15.1998,15.1705,15.1413,15.112,15.0828,15.0535,15.0243,14.9951,14.9659,14.8848,14.7947,14.7045,14.6143,14.5242,14.434,14.3438,14.2536,14.1634,14.0958,14.0575,14.0193,13.9813,13.9433,13.9054,13.8676,13.8299,13.7923,13.7559,13.7794,13.8028,13.8262,13.8497,13.8731,13.8965,13.9198,13.9432,13.9666,13.9816,13.9911,14.0007,14.0102,14.0197,14.0292,14.0387,14.0482,14.0577,14.0644,14.0592,14.0541,14.049,14.0439,14.0388,14.0338,14.0288,14.0238,14.0188,13.9381,13.8351,13.7321,13.6292,13.5263,13.4234,13.3205,13.2177,13.1149,13.0665,13.1159,13.1653,13.2147,13.2642,13.3136,13.3632,13.4127,13.4623,13.5119,13.5416,13.57,13.5985,13.627,13.6556,13.6842,13.7128,13.7415,13.7703,13.779,13.7693,13.7596,13.7498,13.7399,13.7298,13.7197,13.7094,13.699,13.6822,13.6133,13.5443,13.4753,13.4063,13.3373,13.2683,13.1994,13.1304,13.0614,13.0045,12.9529,12.9012,12.8494,12.7976,12.7456,12.6936,12.6414,12.5892,12.5611,12.5987,12.6364,12.6742,12.7121,12.75,12.788,12.8262,12.8642,12.9009,12.8962,12.8837,12.8708,12.8575,12.8437,12.8295,12.8149,12.7997,12.7841,12.7094,12.5551,12.4006,12.2459,12.0911,11.936,11.7807,11.6251,11.4694,11.3135,11.2168,11.1202,11.0234,10.9266,10.8297,10.7328,10.6358,10.5387,10.4416,10.3688,10.3139,10.2588,10.2034,10.1478,10.0919,10.0358,9.9794,9.9228
15.5767,15.539,15.5013,15.4636,15.4259,15.3883,15.3507,15.3131,15.2755,15.24,15.2095,15.1791,15.1489,15.1189,15.089,15.0592,15.0296,15,14.9706,14.8903,14.8018,14.7133,14.6248,14.5362,14.4476,14.359,14.2703,14.1816,14.1131,14.0698,14.0266,13.9833,13.9399,13.8966,13.8532,13.8099,13.7665,13.7247,13.7485,13.7722,13.7959,13.8196,13.8432,13.8668,13.8903,13.9138,13.9373,13.9511,13.9587,13.9663,13.9739,13.9814,13.9889,13.9965,14.004,14.0115,14.0178,14.0189,14.02,14.021,14.0221,14.0231,14.0242,14.0252,14.0262,14.0272,13.9496,13.8485,13.7473,13.6463,13.5452,13.4442,13.3433,13.2424,13.1416,13.0936,13.1436,13.1935,13.2435,13.2933,13.3432,13.393,13.4427,13.4925,13.5421,13.5724,13.6013,13.6301,13.659,13.6878,13.7166,13.7455,13.7743,13.8031,13.8093,13.7938,13.7781,13.7622,13.746,13.7295,13.7129,13.696,13.6788,13.6566,13.5867,13.5167,13.4469,13.377,13.3072,13.2374,13.1676,13.0979,13.0282,12.969,12.915,12.861,12.807,12.7529,12.6989,12.6448,12.5906,12.5365,12.505,12.5428,12.5807,12.6186,12.6566,12.6946,12.7328,12.7709,12.8091,12.8474,12.8382,12.8182,12.7979,12.7771,12.7558,12.7341,12.712,12.6893,12.6663,12.59,12.4331,12.2759,12.1186,11.961,11.8033,11.6453,11.4871,11.3287,11.1701,11.0713,10.9745,10.8776,10.7806,10.6836,10.5865,10.4893,10.3921,10.2948,10.219,10.1616,10.1038,10.0459,9.9876,9.9292,9.8705,9.8115,9.7523
15.5693,15.5306,15.492,15.4534,15.4149,15.3763,15.3378,15.2993,15.2609,15.2231,15.1871,15.1512,15.1155,15.0799,15.0444,15.0091,14.9739,14.9388,14.9039,14.8225,14.7345,14.6465,14.5584,14.4703,14.3822,14.2941,14.2059,14.1177,14.0497,14.0064,13.963,13.9195,13.8761,13.8326,13.7891,13.7456,13.7021,13.6607,13.6871,13.7135,13.7399,13.7661,13.7924,13.8186,13.8448,13.871,13.8971,13.912,13.9198,13.9275,13.9352,13.9429,13.9506,13.9583,13.9659,13.9736,13.98,13.9811,13.9822,13.9833,13.9843,13.9854,13.9864,13.9874,13.9885,13.9895,13.916,13.8196,13.7233,13.627,13.5308,13.4346,13.3385,13.2424,13.1464,13.0998,13.1478,13.1957,13.2435,13.2914,13.3392,13.387,13.4347,13.4824,13.53,13.5604,13.5892,13.6181,13.6469,13.6758,13.7046,13.7334,13.7622,13.7911,13.7942,13.7713,13.7482,13.7248,13.7012,13.6774,13.6533,13.629,13.6044,13.5764,13.508,13.4396,13.3712,13.3029,13.2345,13.1663,13.098,13.0298,12.9616,12.9027,12.8488,12.7948,12.7408,12.6868,12.6327,12.5787,12.5246,12.4705,12.4372,12.4766,12.5161,12.5556,12.5952,12.6348,12.6745,12.7142,12.7541,12.7939,12.7806,12.7532,12.7253,12.697,12.6683,12.6391,12.6095,12.5794,12.5489,12.4708,12.3112,12.1514,11.9914,11.8312,11.6708,11.5101,11.3493,11.1882,11.0269,10.9258,10.8288,10.7317,10.6346,10.5374,10.4402,10.3428,10.2455,10.148,10.0695,10.0094,9.9491,9.8885,9.8277,9.7666,9.7053,9.6438,9.582
15.5617,15.5222,15.4827,15.4432,15.4038,15.3643,15.3249,15.2856,15.2462,15.2061,15.1645,15.1231,15.0818,15.0407,14.9997,14.9588,14.9181,14.8774,14.8369,14.7548,14.6672,14.5797,14.4921,14.4045,14.3168,14.2292,14.1415,14.0537,13.9864,13.9429,13.8993,13.8558,13.8122,13.7686,13.725,13.6814,13.6377,13.5967,13.6258,13.6548,13.6838,13.7127,13.7416,13.7705,13.7993,13.8281,13.8569,13.8729,13.8808,13.8887,13.8966,13.9044,13.9122,13.9201,13.9279,13.9357,13.9422,13.9433,13.9444,13.9455,13.9466,13.9476,13.9487,13.9497,13.9507,13.9517,13.8822,13.7907,13.6992,13.6077,13.5163,13.4249,13.3336,13.2423,13.1511,13.106,13.152,13.1978,13.2437,13.2895,13.3353,13.381,13.4267,13.4724,13.518,13.5483,13.5772,13.606,13.6349,13.6637,13.6925,13.7214,13.7502,13.779,13.7793,13.749,13.7185,13.6877,13.6567,13.6255,13.594,13.5623,13.5303,13.4961,13.4292,13.3623,13.2955,13.2287,13.1619,13.0951,13.0284,12.9617,12.895,12.8364,12.7825,12.7285,12.6746,12.6206,12.5666,12.5126,12.4585,12.4045,12.3694,12.4104,12.4514,12.4925,12.5337,12.5749,12.6162,12.6575,12.6989,12.7404,12.7234,12.6885,12.6531,12.6174,12.5812,12.5446,12.5075,12.4699,12.4319,12.3518,12.1895,12.027,11.8644,11.7015,11.5384,11.3751,11.2116,11.0479,10.8839,10.7803,10.6831,10.5859,10.4886,10.3913,10.2939,10.1964,10.0989,10.0013,9.9201,9.8574,9.7945,9.7313,9.6679,9.6043,9.5404,9.4763,9.4119
15.5542,15.5138,15.4734,15.433,15.3926,15.3523,15.312,15.2718,15.2315,15.189,15.1418,15.0949,15.048,15.0013,14.9548,14.9084,14.8621,14.8159,14.7699,14.687,14.6,14.5129,14.4258,14.3386,14.2515,14.1643,14.077,13.9898,13.923,13.8794,13.8357,13.792,13.7483,13.7046,13.6609,13.6171,13.5734,13.5327,13.5644,13.5961,13.6278,13.6594,13.6909,13.7224,13.7539,13.7853,13.8168,13.8338,13.8419,13.8499,13.8579,13.8659,13.8739,13.8818,13.8898,13.8977,13.9044,13.9055,13.9066,13.9077,13.9088,13.9098,13.9109,13.9119,13.9129,13.9139,13.8485,13.7618,13.675,13.5884,13.5018,13.4152,13.3287,13.2422,13.1558,13.1123,13.1562,13.2,13.2438,13.2876,13.3314,13.3751,13.4187,13.4624,13.5059,13.5363,13.5651,13.594,13.6228,13.6517,13.6805,13.7093,13.7382,13.767,13.7646,13.7269,13.6889,13.6508,13.6124,13.5738,13.5349,13.4958,13.4565,13.4158,13.3504,13.285,13.2197,13.1544,13.0891,13.0239,12.9587,12.8935,12.8283,12.7701,12.7162,12.6623,12.6084,12.5544,12.5005,12.4465,12.3925,12.3384,12.3014,12.344,12.3867,12.4293,12.4721,12.5149,12.5577,12.6007,12.6436,12.6867,12.6666,12.6242,12.5814,12.5382,12.4945,12.4504,12.4059,12.3608,12.3153,12.2329,12.068,11.9028,11.7375,11.572,11.4062,11.2403,11.0741,10.9077,10.7411,10.6348,10.5375,10.4401,10.3427,10.2452,10.1476,10.05,9.9523,9.8545,9.7708,9.7056,9.6401,9.5744,9.5084,9.4422,9.3757,9.3089,9.242
15.5466,15.5053,15.464,15.4227,15.3815,15.3403,15.2991,15.2579,15.2168,15.1717,15.119,15.0665,15.0141,14.9619,14.9098,14.8578,14.806,14.7543,14.7027,14.6193,14.5327,14.4461,14.3595,14.2728,14.1861,14.0994,14.0126,13.9258,13.8596,13.8159,13.7721,13.7283,13.6845,13.6406,13.5968,13.5529,13.509,13.4688,13.5031,13.5375,13.5717,13.606,13.6402,13.6743,13.7085,13.7426,13.7766,13.7948,13.8029,13.8111,13.8193,13.8274,13.8355,13.8436,13.8517,13.8598,13.8666,13.8677,13.8688,13.8699,13.871,13.8721,13.8731,13.8742,13.8752,13.8762,13.8147,13.7328,13.6509,13.569,13.4872,13.4054,13.3237,13.242,13.1604,13.1186,13.1604,13.2022,13.244,13.2858,13.3275,13.3692,13.4108,13.4524,13.494,13.5242,13.5531,13.5819,13.6108,13.6396,13.6685,13.6973,13.7261,13.755,13.7501,13.705,13.6597,13.6141,13.5684,13.5223,13.4761,13.4296,13.3828,13.3354,13.2715,13.2077,13.1439,13.0801,13.0163,12.9526,12.8889,12.8252,12.7616,12.7038,12.6499,12.5961,12.5422,12.4882,12.4343,12.3804,12.3264,12.2724,12.2335,12.2776,12.3218,12.3661,12.4104,12.4548,12.4993,12.5438,12.5883,12.6329,12.6101,12.5603,12.5101,12.4594,12.4083,12.3567,12.3047,12.2522,12.1992,12.1142,11.9466,11.7788,11.6108,11.4426,11.2742,11.1056,10.9368,10.7677,10.5984,10.4893,10.3919,10.2943,10.1967,10.0991,10.0013,9.9035,9.8057,9.7078,9.6218,9.554,9.4859,9.4176,9.349,9.2802,9.2111,9.1418,9.0722
15.539,15.4968,15.4546,15.4124,15.3703,15.3282,15.2861,15.2441,15.202,15.1542,15.096,15.0379,14.98,14.9222,14.8646,14.8071,14.7498,14.6925,14.6354,14.5516,14.4655,14.3793,14.2932,14.207,14.1208,14.0345,13.9482,13.8619,13.7963,13.7524,13.7085,13.6645,13.6206,13.5766,13.5326,13.4886,13.4446,13.4048,13.4419,13.4788,13.5158,13.5526,13.5895,13.6263,13.6631,13.6998,13.7365,13.7557,13.764,13.7723,13.7806,13.7889,13.7972,13.8054,13.8137,13.8219,13.8288,13.83,13.8311,13.8322,13.8332,13.8343,13.8353,13.8364,13.8374,13.8384,13.7809,13.7037,13.6266,13.5495,13.4725,13.3955,13.3186,13.2418,13.165,13.1249,13.1647,13.2045,13.2442,13.284,13.3237,13.3633,13.4029,13.4425,13.482,13.5122,13.541,13.5699,13.5987,13.6276,13.6564,13.6853,13.7141,13.7429,13.7358,13.6833,13.6306,13.5777,13.5245,13.4711,13.4175,13.3636,13.3095,13.255,13.1926,13.1303,13.068,13.0057,12.9435,12.8813,12.8191,12.7569,12.6948,12.6375,12.5836,12.5298,12.476,12.4221,12.3682,12.3143,12.2603,12.2064,12.1654,12.2111,12.2569,12.3028,12.3487,12.3947,12.4407,12.4868,12.5329,12.5791,12.5541,12.4968,12.4391,12.381,12.3224,12.2634,12.2039,12.144,12.0836,11.9956,11.8253,11.6549,11.4843,11.3134,11.1424,10.9711,10.7996,10.6279,10.456,10.3439,10.2462,10.1485,10.0508,9.953,9.8551,9.7571,9.6591,9.5611,9.473,9.4025,9.3319,9.261,9.1898,9.1184,9.0468,8.9749,8.9027
15.5314,15.4883,15.4452,15.4021,15.3591,15.3161,15.2731,15.2302,15.1873,15.1365,15.0728,15.0092,14.9457,14.8825,14.8193,14.7563,14.6934,14.6306,14.5679,14.4838,14.3982,14.3126,14.2269,14.1412,14.0554,13.9696,13.8838,13.798,13.7329,13.6889,13.6449,13.6008,13.5567,13.5126,13.4685,13.4244,13.3802,13.341,13.3806,13.4202,13.4598,13.4993,13.5388,13.5783,13.6177,13.657,13.6964,13.7166,13.725,13.7335,13.742,13.7504,13.7588,13.7672,13.7756,13.784,13.7911,13.7922,13.7933,13.7944,13.7955,13.7965,13.7976,13.7986,13.7997,13.8007,13.747,13.6746,13.6023,13.5301,13.4578,13.3856,13.3135,13.2414,13.1694,13.1312,13.169,13.2068,13.2445,13.2822,13.3199,13.3575,13.3951,13.4326,13.4701,13.5001,13.529,13.5578,13.5867,13.6155,13.6444,13.6732,13.7021,13.7309,13.7216,13.6618,13.6017,13.5414,13.4809,13.4201,13.3591,13.2978,13.2363,13.1745,13.1137,13.0529,12.9921,12.9313,12.8706,12.8099,12.7492,12.6886,12.628,12.5711,12.5174,12.4636,12.4097,12.3559,12.302,12.2481,12.1942,12.1403,12.0973,12.1446,12.192,12.2394,12.2869,12.3344,12.382,12.4297,12.4774,12.5252,12.4985,12.4338,12.3686,12.303,12.237,12.1705,12.1036,12.0362,11.9683,11.8772,11.7043,11.5312,11.3579,11.1844,11.0107,10.8367,10.6626,10.4882,10.3137,10.1984,10.1006,10.0027,9.9048,9.8069,9.7088,9.6107,9.5126,9.4144,9.3243,9.2513,9.1781,9.1046,9.0309,8.9569,8.8827,8.8082,8.7334
15.5237,15.4797,15.4357,15.3918,15.3479,15.304,15.2601,15.2163,15.1725,15.1187,15.0494,14.9803,14.9113,14.8425,14.7738,14.7053,14.6368,14.5685,14.5004,14.4161,14.331,14.2458,14.1606,14.0754,13.9901,13.9048,13.8194,13.7341,13.6695,13.6254,13.5812,13.537,13.4928,13.4486,13.4044,13.3601,13.3159,13.2771,13.3194,13.3617,13.4039,13.446,13.4881,13.5302,13.5723,13.6143,13.6563,13.6775,13.6861,13.6947,13.7033,13.7119,13.7205,13.729,13.7376,13.7461,13.7533,13.7544,13.7555,13.7566,13.7577,13.7588,13.7598,13.7609,13.7619,13.7629,13.7131,13.6455,13.578,13.5105,13.4431,13.3757,13.3083,13.2411,13.1738,13.1376,13.1734,13.2091,13.2448,13.2805,13.3161,13.3517,13.3873,13.4228,13.4583,13.4881,13.5169,13.5458,13.5746,13.6035,13.6323,13.6612,13.69,13.7189,13.7077,13.6405,13.573,13.5054,13.4375,13.3693,13.3009,13.2323,13.1634,13.0943,13.0347,12.9754,12.9161,12.8568,12.7976,12.7384,12.6793,12.6201,12.5611,12.5048,12.4511,12.3973,12.3435,12.2897,12.2359,12.182,12.1282,12.0743,12.029,12.0779,12.1269,12.1759,12.225,12.2741,12.3233,12.3725,12.4218,12.4712,12.4433,12.3711,12.2985,12.2254,12.152,12.078,12.0037,11.9288,11.8535,11.7589,11.5834,11.4076,11.2317,11.0555,10.8791,10.7026,10.5258,10.3488,10.1715,10.0529,9.955,9.857,9.7589,9.6608,9.5626,9.4643,9.366,9.2676,9.1758,9.1003,9.0244,8.9484,8.8721,8.7955,8.7187,8.6416,8.5643
15.516,15.4711,15.4262,15.3814,15.3366,15.2918,15.2471,15.2023,15.1576,15.1007,15.0259,14.9513,14.8768,14.8024,14.7282,14.6541,14.5802,14.5064,14.4326,14.3484,14.2638,14.1791,14.0943,14.0096,13.9248,13.8399,13.755,13.6702,13.6061,13.5619,13.5176,13.4733,13.429,13.3846,13.3403,13.2959,13.2515,13.2133,13.2582,13.3031,13.3479,13.3927,13.4375,13.4822,13.5269,13.5716,13.6162,13.6384,13.6472,13.6559,13.6647,13.6734,13.6821,13.6908,13.6995,13.7082,13.7155,13.7166,13.7177,13.7188,13.7199,13.721,13.722,13.7231,13.7241,13.7252,13.6791,13.6163,13.5536,13.4909,13.4283,13.3657,13.3031,13.2406,13.1782,13.144,13.1777,13.2114,13.2451,13.2788,13.3124,13.346,13.3795,13.413,13.4465,13.476,13.5049,13.5337,13.5626,13.5915,13.6203,13.6491,13.678,13.7068,13.694,13.6194,13.5446,13.4696,13.3943,13.3188,13.243,13.167,13.0908,13.0142,12.9556,12.8978,12.84,12.7823,12.7246,12.6669,12.6093,12.5517,12.4941,12.4385,12.3848,12.3311,12.2773,12.2235,12.1697,12.1159,12.0621,12.0082,11.9608,12.0112,12.0618,12.1124,12.163,12.2137,12.2645,12.3153,12.3662,12.4171,12.3884,12.3088,12.2287,12.1483,12.0674,11.986,11.9042,11.8219,11.7392,11.6408,11.4626,11.2842,11.1056,10.9268,10.7478,10.5685,10.3891,10.2094,10.0296,9.9075,9.8094,9.7112,9.613,9.5147,9.4164,9.318,9.2195,9.121,9.0275,8.9494,8.871,8.7923,8.7135,8.6343,8.5549,8.4753,8.3954
15.5082,15.4625,15.4167,15.371,15.3253,15.2796,15.234,15.1884,15.1428,15.0825,15.0022,14.9221,14.8421,14.7622,14.6825,14.6029,14.5234,14.444,14.3648,14.2808,14.1966,14.1123,14.0281,13.9438,13.8594,13.7751,13.6907,13.6063,13.5428,13.4984,13.454,13.4095,13.3651,13.3206,13.2761,13.2316,13.1871,13.1495,13.1971,13.2446,13.2921,13.3395,13.3869,13.4342,13.4816,13.5289,13.5761,13.5993,13.6082,13.6171,13.626,13.6349,13.6438,13.6526,13.6614,13.6703,13.6777,13.6788,13.6799,13.681,13.6821,13.6832,13.6843,13.6853,13.6864,13.6874,13.6451,13.5871,13.5292,13.4713,13.4134,13.3556,13.2978,13.2401,13.1825,13.1504,13.1821,13.2138,13.2455,13.2771,13.3087,13.3403,13.3718,13.4033,13.4347,13.464,13.4928,13.5217,13.5506,13.5794,13.6083,13.6371,13.666,13.6948,13.6805,13.5985,13.5164,13.434,13.3513,13.2684,13.1853,13.102,13.0183,12.9344,12.8765,12.8202,12.7639,12.7077,12.6515,12.5954,12.5392,12.4831,12.427,12.3722,12.3185,12.2648,12.2111,12.1574,12.1036,12.0498,11.996,11.9422,11.8924,11.9445,11.9966,12.0487,12.101,12.1532,12.2056,12.258,12.3104,12.3629,12.334,12.2469,12.1594,12.0715,11.9832,11.8944,11.8051,11.7154,11.6252,11.5229,11.342,11.161,10.9797,10.7982,10.6166,10.4347,10.2526,10.0703,9.8878,9.762,9.6638,9.5655,9.4671,9.3686,9.2701,9.1716,9.073,8.9743,8.8794,8.7987,8.7177,8.6365,8.5551,8.4733,8.3914,8.3092,8.2267
15.5005,15.4538,15.4072,15.3606,15.314,15.2674,15.2209,15.1744,15.1279,15.0642,14.9784,14.8927,14.8072,14.7218,14.6365,14.5514,14.4664,14.3816,14.2968,14.2131,14.1294,14.0456,13.9618,13.878,13.7941,13.7102,13.6263,13.5424,13.4794,13.4349,13.3903,13.3458,13.3012,13.2566,13.212,13.1674,13.1227,13.0857,13.1359,13.1861,13.2362,13.2863,13.3363,13.3863,13.4362,13.4862,13.5361,13.5602,13.5693,13.5783,13.5874,13.5964,13.6054,13.6144,13.6234,13.6323,13.6399,13.641,13.6422,13.6433,13.6444,13.6454,13.6465,13.6476,13.6486,13.6496,13.6111,13.5579,13.5047,13.4516,13.3985,13.3454,13.2925,13.2395,13.1867,13.1569,13.1866,13.2162,13.2459,13.2755,13.3051,13.3346,13.3641,13.3935,13.423,13.4519,13.4808,13.5096,13.5385,13.5674,13.5962,13.6251,13.6539,13.6828,13.6672,13.5779,13.4883,13.3986,13.3086,13.2183,13.1279,13.0371,12.9462,12.8549,12.7973,12.7425,12.6878,12.6331,12.5784,12.5237,12.4691,12.4145,12.36,12.3058,12.2522,12.1985,12.1449,12.0912,12.0374,11.9837,11.9299,11.8762,11.824,11.8776,11.9313,11.985,12.0388,12.0927,12.1466,12.2006,12.2546,12.3087,12.2799,12.1854,12.0905,11.9952,11.8994,11.8032,11.7065,11.6094,11.5118,11.4051,11.2216,11.0379,10.854,10.6699,10.4856,10.301,10.1163,9.9313,9.7462,9.6166,9.5182,9.4197,9.3212,9.2226,9.1239,9.0252,8.9264,8.8276,8.7315,8.6482,8.5647,8.4809,8.3968,8.3126,8.228,8.1432,8.0582
15.4927,15.4451,15.3976,15.3501,15.3026,15.2552,15.2077,15.1603,15.113,15.0457,14.9544,14.8632,14.7722,14.6813,14.5905,14.4999,14.4093,14.319,14.2287,14.1454,14.0622,13.9789,13.8956,13.8122,13.7288,13.6454,13.562,13.4785,13.416,13.3714,13.3267,13.282,13.2373,13.1926,13.1479,13.1031,13.0583,13.022,13.0748,13.1276,13.1803,13.233,13.2857,13.3383,13.3909,13.4435,13.496,13.5211,13.5303,13.5395,13.5487,13.5579,13.567,13.5762,13.5853,13.5944,13.6021,13.6032,13.6044,13.6055,13.6066,13.6077,13.6087,13.6098,13.6108,13.6119,13.577,13.5286,13.4802,13.4318,13.3835,13.3353,13.287,13.2389,13.1908,13.1633,13.191,13.2187,13.2463,13.2739,13.3014,13.329,13.3564,13.3839,13.4113,13.4399,13.4687,13.4976,13.5265,13.5553,13.5842,13.613,13.6419,13.6707,13.6541,13.5574,13.4605,13.3634,13.2661,13.1685,13.0706,12.9726,12.8742,12.7756,12.7181,12.6648,12.6116,12.5584,12.5052,12.4521,12.3989,12.3458,12.2928,12.2395,12.1859,12.1323,12.0786,12.025,11.9713,11.9176,11.8639,11.8101,11.7563,11.8107,11.8659,11.9213,11.9766,12.0321,12.0875,12.1431,12.1987,12.2544,12.2263,12.1244,12.022,11.9192,11.816,11.7124,11.6083,11.5037,11.3987,11.2874,11.1013,10.9149,10.7284,10.5416,10.3547,10.1675,9.9801,9.7925,9.6047,9.4712,9.3726,9.274,9.1753,9.0766,8.9777,8.8789,8.7799,8.6809,8.5838,8.4979,8.4118,8.3254,8.2388,8.152,8.0649,7.9775,7.8899
15.4848,15.4364,15.388,15.3396,15.2912,15.2429,15.1946,15.1463,15.098,15.0271,14.9302,14.8335,14.737,14.6406,14.5443,14.4481,14.3521,14.2562,14.1605,14.0778,13.995,13.9122,13.8293,13.7465,13.6635,13.5806,13.4976,13.4146,13.3526,13.3078,13.2631,13.2182,13.1734,13.1286,13.0837,13.0388,12.9939,12.9583,13.0137,13.0691,13.1245,13.1799,13.2352,13.2904,13.3456,13.4008,13.456,13.482,13.4914,13.5007,13.5101,13.5194,13.5287,13.538,13.5473,13.5565,13.5643,13.5655,13.5666,13.5677,13.5688,13.5699,13.571,13.572,13.5731,13.5741,13.5429,13.4992,13.4556,13.412,13.3685,13.325,13.2816,13.2382,13.1949,13.1699,13.1955,13.2212,13.2468,13.2723,13.2979,13.3234,13.3488,13.3742,13.3996,13.4278,13.4567,13.4856,13.5144,13.5433,13.5721,13.601,13.6298,13.6587,13.6412,13.5372,13.4329,13.3284,13.2237,13.1188,13.0136,12.9082,12.8025,12.6966,12.6388,12.5871,12.5353,12.4836,12.432,12.3803,12.3287,12.2771,12.2256,12.1732,12.1196,12.066,12.0124,11.9588,11.9051,11.8515,11.7978,11.7441,11.6903,11.7437,11.8005,11.8574,11.9143,11.9713,12.0284,12.0855,12.1427,12.2,12.173,12.0637,11.9539,11.8437,11.7331,11.622,11.5105,11.3985,11.2861,11.17,10.9812,10.7922,10.603,10.4136,10.224,10.0342,9.8441,9.6539,9.4634,9.3258,9.2271,9.1283,9.0294,8.9305,8.8316,8.7325,8.6334,8.5343,8.4363,8.348,8.2598,8.1714,8.083,7.9946,7.9061,7.8176,7.729
15.477,15.4276,15.3783,15.3291,15.2798,15.2306,15.1814,15.1322,15.083,15.0083,14.9059,14.8037,14.7016,14.5997,14.4979,14.3963,14.2948,14.1934,14.0924,14.0102,13.9278,13.8455,13.7631,13.6807,13.5983,13.5158,13.4333,13.3507,13.2892,13.2443,13.1994,13.1545,13.1095,13.0646,13.0196,12.9746,12.9295,12.8946,12.9527,13.0107,13.0687,13.1267,13.1846,13.2425,13.3004,13.3582,13.416,13.443,13.4525,13.462,13.4714,13.4809,13.4903,13.4998,13.5092,13.5186,13.5265,13.5277,13.5288,13.5299,13.531,13.5321,13.5332,13.5343,13.5353,13.5364,13.5087,13.4699,13.431,13.3922,13.3534,13.3147,13.276,13.2374,13.1989,13.1764,13.2,13.2237,13.2473,13.2708,13.2943,13.3178,13.3413,13.3647,13.388,13.4158,13.4446,13.4735,13.5024,13.5312,13.5601,13.589,13.6178,13.6466,13.6285,13.5171,13.4055,13.2937,13.1817,13.0694,12.9569,12.8441,12.7311,12.6178,12.5595,12.5093,12.459,12.4088,12.3587,12.3085,12.2584,12.2083,12.1583,12.1069,12.0533,11.9998,11.9462,11.8926,11.839,11.7853,11.7317,11.678,11.6243,11.6766,11.735,11.7935,11.8519,11.9087,11.9654,12.0221,12.0788,12.1354,12.1084,11.9909,11.8734,11.7558,11.6382,11.5205,11.4028,11.2851,11.1673,11.0485,10.8569,10.6651,10.4731,10.2809,10.0885,9.896,9.7032,9.5102,9.317,9.1753,9.0769,8.9785,8.8801,8.7817,8.6832,8.5848,8.4864,8.388,8.2904,8.2021,8.1139,8.0255,7.9371,7.8487,7.7602,7.6717,7.5831
15.4291,15.3783,15.3277,15.2772,15.2268,15.1765,15.1262,15.0761,15.0261,14.9492,14.845,14.7408,14.6366,14.5323,14.428,14.3236,14.2193,14.1148,14.0112,13.9316,13.8519,13.772,13.6919,13.6117,13.5313,13.4508,13.3701,13.2894,13.2295,13.1857,13.1418,13.0978,13.0537,13.0094,12.9651,12.9207,12.8762,12.8425,12.9028,12.963,13.0232,13.0834,13.1436,13.2037,13.2639,13.3241,13.3842,13.4121,13.4218,13.4316,13.4413,13.451,13.4608,13.4705,13.4803,13.4901,13.4982,13.4983,13.4983,13.4983,13.4983,13.4983,13.4982,13.498,13.4978,13.4975,13.4723,13.4371,13.4019,13.3666,13.3313,13.2959,13.2606,13.2251,13.1896,13.1682,13.1888,13.2093,13.2298,13.2501,13.2704,13.2905,13.3106,13.3305,13.3503,13.3747,13.4002,13.4255,13.4506,13.4755,13.5001,13.5245,13.5487,13.5725,13.5502,13.4309,13.3113,13.1917,13.0719,12.9519,12.8317,12.7114,12.5909,12.4703,12.4092,12.358,12.3068,12.2556,12.2044,12.1531,12.1019,12.0506,11.9992,11.948,11.8971,11.8464,11.7959,11.7457,11.6958,11.6461,11.5966,11.5474,11.4986,11.5473,11.6043,11.6611,11.718,11.7747,11.8315,11.8882,11.9448,12.0014,11.979,11.8615,11.7439,11.6263,11.5087,11.391,11.2733,11.1555,11.0376,10.9198,10.7271,10.5329,10.3386,10.144,9.9493,9.7544,9.5592,9.3639,9.1684,9.0228,8.9252,8.8275,8.7299,8.6323,8.5346,8.437,8.3394,8.2417,8.1445,8.0562,7.968,7.8796,7.7913,7.7028,7.6144,7.5258,7.4373
15.3542,15.2997,15.2453,15.1909,15.1367,15.0826,15.0285,14.9746,14.9207,14.8411,14.7369,14.6326,14.5283,14.424,14.3196,14.2152,14.1108,14.0063,13.9031,13.8296,13.756,13.6822,13.6082,13.5341,13.4598,13.3854,13.3108,13.2361,13.1827,13.145,13.1071,13.0692,13.0311,12.993,12.9547,12.9164,12.878,12.8505,12.9127,12.9749,13.0371,13.0993,13.1614,13.2236,13.2857,13.3478,13.41,13.4397,13.4514,13.463,13.4747,13.4864,13.4981,13.5098,13.5215,13.5333,13.5412,13.5314,13.5216,13.5117,13.5018,13.4919,13.4819,13.4719,13.4618,13.4516,13.4222,13.3849,13.3476,13.3102,13.2728,13.2354,13.1979,13.1603,13.1227,13.0983,13.1147,13.1311,13.1474,13.1635,13.1796,13.1956,13.2114,13.2272,13.2428,13.2603,13.2781,13.2957,13.3131,13.3303,13.3472,13.364,13.3804,13.3966,13.3699,13.2474,13.1247,13.0018,12.8788,12.7557,12.6324,12.5089,12.3852,12.2614,12.1996,12.1496,12.0997,12.0497,11.9996,11.9496,11.8995,11.8494,11.7992,11.7514,11.7076,11.6641,11.6208,11.5777,11.5349,11.4923,11.45,11.408,11.3663,11.4133,11.4703,11.5271,11.584,11.6408,11.6975,11.7542,11.8108,11.8675,11.8496,11.7321,11.6145,11.4969,11.3792,11.2615,11.1437,11.0259,10.908,10.7901,10.5974,10.4009,10.2042,10.0073,9.8102,9.6129,9.4154,9.2177,9.0198,8.8702,8.7733,8.6765,8.5796,8.4828,8.3859,8.2891,8.1922,8.0954,7.9986,7.9104,7.8221,7.7338,7.6454,7.557,7.4685,7.38,7.2914
15.2793,15.2209,15.1627,15.1045,15.0465,14.9885,14.9307,14.8729,14.8152,14.7331,14.6288,14.5244,14.4201,14.3157,14.2112,14.1068,14.0022,13.8977,13.7952,13.7278,13.6603,13.5925,13.5247,13.4566,13.3884,13.3201,13.2516,13.183,13.136,13.1043,13.0726,13.0407,13.0087,12.9766,12.9444,12.9122,12.8798,12.8585,12.9227,12.9869,13.051,13.1152,13.1793,13.2434,13.3075,13.3716,13.4358,13.4673,13.4809,13.4945,13.5081,13.5218,13.5354,13.5491,13.5627,13.5764,13.5842,13.5645,13.5448,13.5251,13.5054,13.4856,13.4657,13.4458,13.4258,13.4058,13.3721,13.3327,13.2933,13.2538,13.2143,13.1748,13.1352,13.0956,13.0559,13.0285,13.0407,13.0529,13.065,13.077,13.0889,13.1007,13.1124,13.1239,13.1354,13.146,13.1561,13.1661,13.1758,13.1853,13.1945,13.2036,13.2124,13.2209,13.1897,13.064,12.9381,12.8121,12.6859,12.5596,12.4331,12.3064,12.1796,12.0526,11.99,11.9412,11.8924,11.8436,11.7948,11.7459,11.697,11.6481,11.5992,11.5545,11.5179,11.4815,11.4453,11.4094,11.3737,11.3383,11.3032,11.2683,11.2337,11.2793,11.3363,11.3931,11.45,11.5068,11.5635,11.6202,11.6769,11.7335,11.7202,11.6027,11.485,11.3674,11.2497,11.1319,11.0141,10.8963,10.7784,10.6605,10.4679,10.269,10.0699,9.8707,9.6712,9.4716,9.2718,9.0717,8.8715,8.7176,8.6215,8.5254,8.4293,8.3333,8.2372,8.1411,8.0451,7.949,7.8529,7.7645,7.6762,7.5879,7.4995,7.4111,7.3226,7.2341,7.1456
15.2042,15.142,15.08,15.018,14.9561,14.8944,14.8327,14.7711,14.7097,14.625,14.5206,14.4162,14.3118,14.2073,14.1028,13.9983,13.8937,13.7891,13.6874,13.6261,13.5647,13.503,13.4412,13.3793,13.3172,13.2549,13.1925,13.13,13.0894,13.0638,13.0381,13.0122,12.9863,12.9603,12.9342,12.908,12.8817,12.8665,12.9327,12.9988,13.065,13.1311,13.1972,13.2633,13.3294,13.3955,13.4615,13.4949,13.5105,13.526,13.5416,13.5572,13.5727,13.5883,13.6039,13.6195,13.6273,13.5977,13.5682,13.5386,13.509,13.4793,13.4496,13.4198,13.39,13.36,13.322,13.2805,13.239,13.1975,13.1559,13.1143,13.0726,13.0308,12.9891,12.9587,12.9668,12.9748,12.9827,12.9905,12.9983,13.0059,13.0134,13.0208,13.0281,13.0318,13.0343,13.0366,13.0386,13.0404,13.042,13.0434,13.0445,13.0454,13.0096,12.8807,12.7516,12.6224,12.4931,12.3636,12.2339,12.1041,11.974,11.8438,11.7803,11.7327,11.6852,11.6375,11.5899,11.5422,11.4945,11.4468,11.3991,11.3573,11.3279,11.2986,11.2696,11.2408,11.2122,11.184,11.1559,11.1282,11.1007,11.1453,11.2023,11.2592,11.316,11.3728,11.4295,11.4863,11.5429,11.5995,11.5908,11.4732,11.3556,11.2379,11.1202,11.0024,10.8846,10.7667,10.6488,10.5308,10.3385,10.1373,9.9358,9.7342,9.5324,9.3304,9.1282,8.9259,8.7233,8.5649,8.4696,8.3743,8.279,8.1837,8.0884,7.9931,7.8978,7.8025,7.7073,7.6186,7.5303,7.442,7.3536,7.2652,7.1768,7.0883,6.9997
15.1289,15.063,14.9971,14.9313,14.8657,14.8001,14.7346,14.6693,14.604,14.5169,14.4125,14.308,14.2035,14.099,13.9945,13.8899,13.7852,13.6806,13.5798,13.5246,13.4692,13.4136,13.3579,13.302,13.246,13.1898,13.1335,13.0771,13.0429,13.0233,13.0037,12.9839,12.9641,12.9441,12.9241,12.9039,12.8837,12.8746,12.9427,13.0108,13.0789,13.147,13.2151,13.2832,13.3512,13.4193,13.4873,13.5225,13.54,13.5575,13.575,13.5925,13.6101,13.6276,13.6451,13.6627,13.6703,13.6309,13.5915,13.5521,13.5126,13.4731,13.4335,13.3939,13.3542,13.3144,13.272,13.2284,13.1848,13.1411,13.0975,13.0537,13.01,12.9661,12.9223,12.889,12.8929,12.8968,12.9005,12.9042,12.9077,12.9111,12.9145,12.9177,12.9208,12.9179,12.9127,12.9073,12.9016,12.8958,12.8897,12.8834,12.8768,12.87,12.8295,12.6975,12.5652,12.4329,12.3003,12.1677,12.0348,11.9018,11.7686,11.6352,11.5706,11.5242,11.4778,11.4314,11.385,11.3385,11.292,11.2455,11.199,11.1599,11.1375,11.1154,11.0935,11.0719,11.0504,11.0293,11.0084,10.9878,10.9674,11.0113,11.0683,11.1252,11.182,11.2388,11.2956,11.3523,11.409,11.4656,11.4614,11.3438,11.2261,11.1084,10.9907,10.8729,10.755,10.6371,10.5192,10.4012,10.2093,10.0057,9.8019,9.5979,9.3938,9.1894,8.9849,8.7801,8.5752,8.4121,8.3176,8.2231,8.1286,8.0341,7.9396,7.845,7.7505,7.656,7.5615,7.4727,7.3844,7.2961,7.2077,7.1193,7.0309,6.9424,6.8538
15.0536,14.9838,14.9141,14.8446,14.7751,14.7057,14.6364,14.5672,14.4981,14.4088,14.3044,14.1998,14.0953,13.9907,13.8861,13.7814,13.6767,13.572,13.4723,13.4232,13.3739,13.3244,13.2747,13.2249,13.175,13.1249,13.0746,13.0243,12.9965,12.983,12.9694,12.9557,12.9419,12.928,12.914,12.8999,12.8858,12.8826,12.9527,13.0228,13.0929,13.163,13.233,13.3031,13.3731,13.4431,13.5131,13.5502,13.5696,13.589,13.6085,13.6279,13.6474,13.6668,13.6863,13.7058,13.7134,13.6642,13.6149,13.5656,13.5163,13.4669,13.4175,13.368,13.3184,13.2688,13.2219,13.1763,13.1306,13.0848,13.0391,12.9932,12.9474,12.9015,12.8555,12.8193,12.8191,12.8188,12.8183,12.8178,12.8172,12.8165,12.8157,12.8147,12.8137,12.804,12.7912,12.7781,12.7648,12.7513,12.7376,12.7236,12.7094,12.6949,12.6496,12.5143,12.3789,12.2434,12.1077,11.9718,11.8358,11.6996,11.5633,11.4267,11.3608,11.3157,11.2705,11.2253,11.18,11.1347,11.0894,11.0441,10.9988,10.9621,10.9469,10.9319,10.9171,10.9026,10.8883,10.8743,10.8606,10.8471,10.8338,10.8773,10.9343,10.9912,11.048,11.1048,11.1616,11.2183,11.275,11.3316,11.3321,11.2144,11.0967,10.979,10.8612,10.7433,10.6255,10.5075,10.3895,10.2715,10.0802,9.8742,9.6681,9.4618,9.2553,9.0486,8.8417,8.6346,8.4273,8.2594,8.1656,8.0719,7.9781,7.8844,7.7907,7.6969,7.6032,7.5095,7.4157,7.3267,7.2385,7.1502,7.0619,6.9735,6.885,6.7965,6.708
14.9781,14.9045,14.831,14.7576,14.6844,14.6112,14.5381,14.4651,14.3922,14.3008,14.1962,14.0916,13.987,13.8824,13.7777,13.673,13.5682,13.4634,13.365,13.3219,13.2787,13.2353,13.1917,13.1479,13.1041,13.06,13.0159,12.9716,12.9502,12.9427,12.9352,12.9275,12.9198,12.9119,12.904,12.896,12.8879,12.8907,12.9628,13.0349,13.1069,13.1789,13.251,13.323,13.395,13.467,13.539,13.5778,13.5992,13.6206,13.6419,13.6633,13.6847,13.7061,13.7275,13.7489,13.7565,13.6974,13.6383,13.5791,13.52,13.4608,13.4015,13.3422,13.2828,13.2233,13.1719,13.1241,13.0764,13.0285,12.9807,12.9328,12.8848,12.8368,12.7888,12.7498,12.7453,12.7409,12.7363,12.7316,12.7268,12.7219,12.7169,12.7118,12.7066,12.6904,12.6699,12.6491,12.6282,12.607,12.5856,12.564,12.5421,12.52,12.4697,12.3313,12.1927,12.054,11.9152,11.7761,11.6369,11.4976,11.358,11.2183,11.151,11.1071,11.0631,11.019,10.975,10.9309,10.8868,10.8427,10.7985,10.7641,10.756,10.7481,10.7405,10.7331,10.7259,10.719,10.7124,10.706,10.6999,10.7433,10.8003,10.8572,10.914,10.9708,11.0276,11.0843,11.141,11.1977,11.2027,11.085,10.9673,10.8495,10.7317,10.6138,10.4959,10.3779,10.2599,10.1419,9.9512,9.7429,9.5344,9.3258,9.1169,8.9079,8.6986,8.4892,8.2795,8.1065,8.0136,7.9206,7.8276,7.7347,7.6417,7.5487,7.4558,7.3628,7.2699,7.1808,7.0926,7.0043,6.916,6.8276,6.7391,6.6507,6.5621
14.9024,14.825,14.7478,14.6706,14.5935,14.5165,14.4397,14.3629,14.2862,14.1927,14.0881,13.9834,13.8787,13.774,13.6693,13.5645,13.4597,13.3548,13.2578,13.2208,13.1836,13.1463,13.1088,13.0711,13.0333,12.9953,12.9572,12.919,12.904,12.9026,12.9011,12.8995,12.8978,12.896,12.8941,12.8921,12.8901,12.8988,12.9729,13.0469,13.1209,13.1949,13.2689,13.3429,13.4169,13.4908,13.5648,13.6055,13.6288,13.6521,13.6754,13.6987,13.722,13.7454,13.7687,13.7921,13.7996,13.7307,13.6617,13.5927,13.5237,13.4547,13.3856,13.3164,13.2472,13.1778,13.1219,13.0721,13.0222,12.9723,12.9223,12.8723,12.8223,12.7722,12.7221,12.6802,12.6717,12.663,12.6543,12.6454,12.6365,12.6274,12.6183,12.609,12.5996,12.5769,12.5487,12.5203,12.4917,12.4629,12.4339,12.4046,12.3751,12.3453,12.2899,12.1483,12.0066,11.8647,11.7227,11.5805,11.4381,11.2956,11.1529,11.0101,10.9412,10.8984,10.8556,10.8128,10.7699,10.7271,10.6841,10.6412,10.5983,10.5658,10.5648,10.5641,10.5635,10.5632,10.5632,10.5634,10.5639,10.5646,10.5657,10.6093,10.6663,10.7232,10.78,10.8369,10.8936,10.9504,11.0071,11.0637,11.0733,10.9556,10.8378,10.72,10.6022,10.4843,10.3663,10.2483,10.1303,10.0122,9.8224,9.6117,9.4009,9.1899,8.9787,8.7673,8.5557,8.3439,8.1319,7.9536,7.8614,7.7692,7.6771,7.5849,7.4927,7.4005,7.3083,7.2162,7.124,7.0349,6.9467,6.8584,6.7701,6.6817,6.5933,6.5048,6.4163
14.8266,14.7455,14.6644,14.5834,14.5025,14.4218,14.3411,14.2605,14.18,14.0846,13.9799,13.8752,13.7705,13.6657,13.5609,13.4561,13.3512,13.2463,13.1507,13.1198,13.0887,13.0574,13.026,12.9944,12.9626,12.9307,12.8987,12.8665,12.8579,12.8625,12.8671,12.8715,12.8759,12.8801,12.8843,12.8883,12.8923,12.907,12.983,13.059,13.135,13.2109,13.2869,13.3628,13.4388,13.5147,13.5906,13.6331,13.6584,13.6836,13.7088,13.7341,13.7594,13.7846,13.8099,13.8352,13.8427,13.764,13.6852,13.6064,13.5275,13.4486,13.3697,13.2907,13.2116,13.1325,13.0719,13.02,12.968,12.916,12.864,12.8119,12.7598,12.7076,12.6554,12.6108,12.598,12.5852,12.5723,12.5593,12.5462,12.533,12.5197,12.5062,12.4927,12.4636,12.4277,12.3917,12.3555,12.319,12.2823,12.2454,12.2082,12.1707,12.1102,11.9655,11.8206,11.6755,11.5303,11.385,11.2395,11.0938,10.9479,10.8019,10.7313,10.6897,10.6481,10.6065,10.5648,10.5231,10.4814,10.4397,10.3979,10.3672,10.3733,10.3797,10.3863,10.3931,10.4002,10.4075,10.4151,10.4229,10.4311,10.4753,10.5323,10.5892,10.6461,10.7029,10.7597,10.8164,10.8731,10.9297,10.9439,10.8262,10.7084,10.5905,10.4727,10.3547,10.2368,10.1188,10.0007,9.8826,9.6937,9.4807,9.2675,9.0542,8.8406,8.6269,8.4129,8.1988,7.9845,7.8007,7.7093,7.6179,7.5264,7.435,7.3436,7.2522,7.1608,7.0694,6.978,6.889,6.8008,6.7125,6.6242,6.5358,6.4474,6.3589,6.2704
14.7507,14.6657,14.5809,14.4961,14.4114,14.3269,14.2424,14.158,14.0737,13.9765,13.8718,13.767,13.6622,13.5574,13.4525,13.3476,13.2427,13.1377,13.0438,13.019,12.9939,12.9687,12.9433,12.9178,12.8921,12.8662,12.8403,12.8142,12.8119,12.8226,12.8332,12.8436,12.854,12.8643,12.8745,12.8846,12.8947,12.9151,12.9931,13.0711,13.149,13.2269,13.3049,13.3828,13.4607,13.5386,13.6165,13.6608,13.688,13.7151,13.7423,13.7695,13.7967,13.8239,13.8511,13.8783,13.8859,13.7973,13.7087,13.62,13.5314,13.4427,13.3539,13.2651,13.1762,13.0872,13.0219,12.9679,12.9139,12.8598,12.8057,12.7515,12.6973,12.643,12.5887,12.5414,12.5245,12.5075,12.4904,12.4733,12.456,12.4386,12.4212,12.4036,12.3859,12.3504,12.3069,12.2633,12.2194,12.1753,12.1309,12.0863,12.0415,11.9964,11.9306,11.7827,11.6346,11.4864,11.3381,11.1895,11.0409,10.892,10.743,10.5938,10.5214,10.481,10.4406,10.4002,10.3597,10.3192,10.2787,10.2381,10.1976,10.1683,10.1815,10.195,10.2087,10.2226,10.2368,10.2513,10.266,10.2809,10.2962,10.3413,10.3983,10.4552,10.5121,10.5689,10.6257,10.6824,10.7391,10.7958,10.8145,10.6967,10.5789,10.4611,10.3432,10.2252,10.1072,9.9892,9.8711,9.753,9.5651,9.3498,9.1343,8.9186,8.7027,8.4866,8.2703,8.0538,7.8372,7.6477,7.557,7.4664,7.3758,7.2851,7.1945,7.1039,7.0132,6.9226,6.832,6.7431,6.6549,6.5666,6.4783,6.3899,6.3015,6.213,6.1245
14.6747,14.5859,14.4972,14.4087,14.3202,14.2318,14.1436,14.0554,13.9673,13.8684,13.7636,13.6588,13.5539,13.449,13.3441,13.2391,13.1341,13.0291,12.9371,12.9182,12.8992,12.8801,12.8608,12.8413,12.8216,12.8019,12.7819,12.7619,12.766,12.7827,12.7993,12.8159,12.8323,12.8486,12.8649,12.881,12.8971,12.9233,13.0032,13.0832,13.1631,13.243,13.3229,13.4027,13.4826,13.5625,13.6423,13.6885,13.7176,13.7467,13.7758,13.8049,13.834,13.8632,13.8923,13.9215,13.9291,13.8306,13.7322,13.6337,13.5353,13.4367,13.3381,13.2395,13.1408,13.042,12.972,12.9159,12.8598,12.8036,12.7474,12.6911,12.6348,12.5785,12.5221,12.472,12.451,12.4298,12.4086,12.3873,12.3659,12.3444,12.3227,12.301,12.2791,12.2374,12.1863,12.135,12.0835,12.0317,11.9797,11.9275,11.875,11.8223,11.7511,11.6,11.4488,11.2974,11.1459,10.9942,10.8424,10.6903,10.5382,10.3858,10.3115,10.2723,10.233,10.1938,10.1545,10.1152,10.0759,10.0365,9.9971,9.9691,9.9895,10.01,10.0308,10.0519,10.0732,10.0947,10.1165,10.1386,10.1609,10.2073,10.2643,10.3212,10.3781,10.4349,10.4917,10.5484,10.6052,10.6618,10.6851,10.5673,10.4495,10.3316,10.2137,10.0957,9.9777,9.8596,9.7415,9.6233,9.4367,9.2191,9.0012,8.7832,8.5649,8.3465,8.1279,7.909,7.69,7.4946,7.4048,7.3149,7.2251,7.1352,7.0453,6.9555,6.8656,6.7758,6.6859,6.5972,6.509,6.4207,6.3324,6.2441,6.1556,6.0672,5.9787
14.5985,14.5059,14.4134,14.3211,14.2289,14.1367,14.0446,13.9527,13.8608,13.7603,13.6555,13.5506,13.4457,13.3407,13.2357,13.1307,13.0256,12.9205,12.8305,12.8177,12.8047,12.7916,12.7783,12.7649,12.7513,12.7376,12.7237,12.7097,12.7202,12.743,12.7656,12.7882,12.8106,12.833,12.8553,12.8775,12.8996,12.9315,13.0134,13.0953,13.1772,13.259,13.3409,13.4227,13.5045,13.5864,13.6682,13.7162,13.7472,13.7782,13.8093,13.8403,13.8714,13.9024,13.9335,13.9646,13.9722,13.864,13.7557,13.6475,13.5392,13.4308,13.3224,13.214,13.1055,12.9969,12.9221,12.8639,12.8057,12.7474,12.6891,12.6308,12.5724,12.514,12.4555,12.4027,12.3775,12.3522,12.3269,12.3014,12.2758,12.2502,12.2244,12.1985,12.1725,12.1246,12.0658,12.0069,11.9477,11.8883,11.8287,11.7689,11.7088,11.6484,11.5716,11.4174,11.263,11.1085,10.9538,10.799,10.644,10.4888,10.3335,10.1779,10.1015,10.0634,10.0254,9.9873,9.9493,9.9111,9.873,9.8348,9.7967,9.7697,9.7971,9.8248,9.8527,9.8808,9.9092,9.9379,9.9667,9.9959,10.0253,10.0733,10.1303,10.1872,10.2441,10.3009,10.3577,10.4145,10.4712,10.5278,10.5557,10.4379,10.3201,10.2021,10.0842,9.9662,9.8481,9.73,9.6119,9.4937,9.3085,9.0885,8.8683,8.6479,8.4273,8.2065,7.9855,7.7644,7.543,7.3415,7.2524,7.1634,7.0743,6.9852,6.8961,6.807,6.7179,6.6289,6.5398,6.4513,6.3631,6.2748,6.1865,6.0982,6.0098,5.9213,5.8328
14.5221,14.4258,14.3295,14.2334,14.1374,14.0414,13.9456,13.8498,13.7541,13.6522,13.5473,13.4424,13.3374,13.2324,13.1273,13.0222,12.9171,12.8119,12.724,12.7173,12.7104,12.7033,12.6961,12.6887,12.6811,12.6735,12.6656,12.6577,12.6745,12.7033,12.732,12.7606,12.7891,12.8175,12.8458,12.874,12.9021,12.9397,13.0236,13.1074,13.1913,13.2751,13.3589,13.4427,13.5265,13.6103,13.6941,13.7439,13.7768,13.8098,13.8427,13.8757,13.9087,13.9417,13.9747,14.0077,14.0154,13.8974,13.7793,13.6613,13.5431,13.425,13.3068,13.1885,13.0702,12.9518,12.8721,12.8119,12.7516,12.6913,12.6309,12.5705,12.51,12.4495,12.3889,12.3335,12.3042,12.2747,12.2452,12.2156,12.1859,12.1561,12.1261,12.0961,12.0659,12.0119,11.9455,11.8789,11.8121,11.7451,11.6779,11.6104,11.5427,11.4747,11.3923,11.2349,11.0774,10.9197,10.7618,10.6038,10.4457,10.2873,10.1288,9.9702,9.8914,9.8546,9.8177,9.7809,9.744,9.7071,9.6701,9.6331,9.5961,9.5699,9.6045,9.6392,9.6742,9.7095,9.7449,9.7807,9.8167,9.8529,9.8895,9.9393,9.9963,10.0532,10.1101,10.1669,10.2237,10.2805,10.3372,10.3939,10.4264,10.3085,10.1906,10.0727,9.9547,9.8366,9.7186,9.6004,9.4823,9.364,9.1803,8.958,8.7354,8.5127,8.2898,8.0667,7.8434,7.6199,7.3961,7.1884,7.1001,7.0118,6.9234,6.8351,6.7468,6.6583,6.5694,6.4804,6.3915,6.3028,6.2142,6.1256,6.0371,5.9485,5.86,5.7716,5.6831
14.4457,14.3455,14.2455,14.1456,14.0458,13.946,13.8464,13.7469,13.6474,13.5441,13.4392,13.3341,13.2291,13.124,13.0189,12.9138,12.8086,12.7033,12.6177,12.617,12.6161,12.6151,12.6139,12.6126,12.6111,12.6094,12.6077,12.6058,12.6289,12.6637,12.6985,12.7331,12.7676,12.802,12.8363,12.8706,12.9047,12.948,13.0338,13.1196,13.2054,13.2912,13.3769,13.4627,13.5485,13.6342,13.72,13.7716,13.8064,13.8413,13.8762,13.9111,13.946,13.981,14.0159,14.0508,14.0586,13.9308,13.8029,13.6751,13.5472,13.4192,13.2912,13.1632,13.035,12.9068,12.8222,12.7599,12.6975,12.6351,12.5727,12.5102,12.4476,12.385,12.3224,12.2643,12.2308,12.1973,12.1636,12.1298,12.096,12.062,12.0279,11.9937,11.9594,11.8993,11.8254,11.7512,11.6767,11.6021,11.5272,11.4521,11.3768,11.3012,11.213,11.0525,10.8918,10.7309,10.5699,10.4088,10.2475,10.086,9.9243,9.7625,9.6813,9.6457,9.61,9.5744,9.5387,9.5029,9.4672,9.4314,9.3956,9.3699,9.4115,9.4534,9.4955,9.5378,9.5804,9.6232,9.6663,9.7096,9.7531,9.8043,9.8603,9.9161,9.9716,10.0268,10.0818,10.1366,10.191,10.2452,10.2796,10.1597,10.0396,9.9193,9.799,9.6785,9.5579,9.4372,9.3163,9.1953,9.0128,8.7896,8.5665,8.3436,8.1208,7.8983,7.676,7.4538,7.2319,7.0217,6.9335,6.8454,6.7572,6.669,6.5808,6.4926,6.4044,6.3161,6.2279,6.1401,6.0526,5.9651,5.8776,5.7902,5.7028,5.6154,5.5281
14.3449,14.249,14.1527,14.0562,13.9594,13.8624,13.7651,13.6675,13.5697,13.4694,13.3678,13.266,13.1639,13.0616,12.9591,12.8564,12.7534,12.6503,12.5682,12.5718,12.5752,12.5785,12.5817,12.5848,12.5878,12.5907,12.5935,12.5963,12.6221,12.6584,12.6948,12.7313,12.7679,12.8046,12.8414,12.8782,12.9152,12.9607,13.0449,13.1292,13.2136,13.2982,13.3828,13.4674,13.5522,13.637,13.7219,13.7728,13.8073,13.8418,13.8763,13.9108,13.9453,13.9797,14.0141,14.0484,14.0543,13.9178,13.7812,13.6445,13.5078,13.3709,13.234,13.097,12.9599,12.8227,12.7317,12.6646,12.5974,12.53,12.4624,12.3946,12.3266,12.2583,12.1899,12.1256,12.0857,12.0456,12.0054,11.9649,11.9243,11.8834,11.8423,11.8009,11.7594,11.6929,11.6125,11.532,11.4515,11.3709,11.2902,11.2094,11.1286,11.0478,10.9563,10.7959,10.6355,10.4752,10.3151,10.1551,9.9952,9.8355,9.6758,9.5164,9.4375,9.4075,9.3778,9.3483,9.319,9.2901,9.2614,9.2329,9.2048,9.1851,9.2298,9.2745,9.3192,9.364,9.4087,9.4535,9.4983,9.5432,9.588,9.6373,9.6893,9.741,9.7925,9.8438,9.8948,9.9455,9.9959,10.0461,10.0814,9.9604,9.8393,9.718,9.5966,9.4752,9.3535,9.2318,9.1099,8.9879,8.8104,8.5912,8.3723,8.1535,7.9349,7.7165,7.4983,7.2803,7.0625,6.8519,6.7644,6.6769,6.5894,6.5019,6.4144,6.3268,6.2393,6.1518,6.0642,5.9773,5.8908,5.8045,5.7181,5.6318,5.5455,5.4592,5.3729
14.234,14.145,14.0557,13.9662,13.8764,13.7863,13.6959,13.6054,13.5146,13.4219,13.3284,13.2346,13.1406,13.0464,12.9519,12.8572,12.7623,12.6672,12.5939,12.6028,12.6116,12.6202,12.6288,12.6372,12.6456,12.6539,12.662,12.6702,12.6943,12.7255,12.7568,12.7882,12.8197,12.8512,12.8829,12.9147,12.9465,12.986,13.0586,13.1313,13.2041,13.277,13.35,13.4231,13.4963,13.5695,13.6428,13.6835,13.7086,13.7338,13.7589,13.784,13.8091,13.8341,13.8591,13.8841,13.8816,13.7412,13.6008,13.4602,13.3196,13.1789,13.0381,12.8973,12.7563,12.6152,12.5162,12.4392,12.3621,12.2848,12.2073,12.1296,12.0517,11.9736,11.8953,11.8215,11.7758,11.7299,11.6839,11.6376,11.5912,11.5445,11.4976,11.4505,11.4031,11.3362,11.2579,11.1795,11.101,11.0225,10.9439,10.8652,10.7865,10.7077,10.62,10.467,10.3141,10.1614,10.0087,9.8562,9.7038,9.5515,9.3993,9.2474,9.1748,9.1541,9.1337,9.1134,9.0935,9.0738,9.0543,9.0352,9.0163,9.0037,9.0502,9.0967,9.1432,9.1898,9.2364,9.283,9.3296,9.3762,9.4229,9.4705,9.5184,9.5662,9.6137,9.6609,9.7079,9.7546,9.801,9.8472,9.8831,9.7611,9.639,9.5167,9.3944,9.2719,9.1492,9.0265,8.9036,8.7806,8.6077,8.3926,8.1778,7.9631,7.7487,7.5344,7.3203,7.1064,6.8928,6.682,6.5952,6.5084,6.4216,6.3347,6.2479,6.1611,6.0742,5.9874,5.9005,5.8144,5.7291,5.6438,5.5585,5.4733,5.388,5.3029,5.2177
14.1234,14.0413,13.959,13.8764,13.7935,13.7104,13.6271,13.5434,13.4596,13.3747,13.2892,13.2034,13.1175,13.0313,12.9449,12.8582,12.7714,12.6844,12.6198,12.634,12.6481,12.6621,12.676,12.6898,12.7035,12.7171,12.7307,12.7441,12.7664,12.7925,12.8187,12.845,12.8714,12.8978,12.9244,12.951,12.9777,13.0111,13.0721,13.1332,13.1945,13.2558,13.3172,13.3788,13.4403,13.502,13.5636,13.5941,13.6099,13.6257,13.6414,13.6571,13.6728,13.6885,13.7041,13.7197,13.7089,13.5647,13.4203,13.2759,13.1315,12.9869,12.8423,12.6975,12.5527,12.4078,12.3007,12.2139,12.1269,12.0397,11.9523,11.8648,11.777,11.6891,11.6009,11.5175,11.466,11.4144,11.3625,11.3105,11.2582,11.2057,11.153,11.1001,11.0469,10.9794,10.9032,10.8269,10.7505,10.674,10.5975,10.5209,10.4442,10.3675,10.2835,10.138,9.9926,9.8473,9.7021,9.557,9.4121,9.2673,9.1226,8.9781,8.9119,8.9005,8.8893,8.8783,8.8676,8.8571,8.8469,8.837,8.8274,8.8222,8.8705,8.9189,8.9672,9.0156,9.064,9.1124,9.1608,9.2092,9.2577,9.3038,9.3478,9.3915,9.435,9.4782,9.5212,9.5639,9.6064,9.6486,9.685,9.5619,9.4388,9.3155,9.1921,9.0686,8.945,8.8212,8.6973,8.5733,8.4047,8.1938,7.9831,7.7726,7.5622,7.3521,7.1421,6.9324,6.7228,6.5135,6.4259,6.3398,6.2537,6.1675,6.0814,5.9952,5.9091,5.8229,5.7367,5.6514,5.5672,5.483,5.3988,5.3147,5.2306,5.1465,5.0624
14.013,13.9379,13.8625,13.7869,13.711,13.6348,13.5584,13.4817,13.4048,13.3276,13.2502,13.1725,13.0946,13.0164,12.9381,12.8595,12.7807,12.7017,12.6457,12.6653,12.6847,12.7041,12.7233,12.7425,12.7615,12.7805,12.7994,12.8182,12.8385,12.8594,12.8805,12.9017,12.923,12.9443,12.9658,12.9873,13.0089,13.0361,13.0855,13.1351,13.1847,13.2345,13.2843,13.3343,13.3843,13.4343,13.4844,13.5048,13.5111,13.5175,13.5239,13.5303,13.5366,13.5429,13.5492,13.5553,13.5362,13.3881,13.2399,13.0917,12.9433,12.7949,12.6464,12.4978,12.3492,12.2004,12.0853,11.9886,11.8918,11.7947,11.6975,11.6001,11.5024,11.4046,11.3065,11.2136,11.1563,11.0989,11.0412,10.9834,10.9253,10.867,10.8086,10.7498,10.6909,10.6226,10.5485,10.4742,10.3999,10.3255,10.251,10.1765,10.1019,10.0273,9.9468,9.8087,9.6708,9.533,9.3952,9.2576,9.1202,8.9828,8.8456,8.7086,8.6487,8.6465,8.6445,8.6428,8.6413,8.6401,8.6392,8.6385,8.6382,8.6407,8.6908,8.7409,8.7911,8.8413,8.8914,8.9416,8.9919,9.0421,9.0924,9.1373,9.1773,9.217,9.2565,9.2958,9.3347,9.3735,9.4119,9.4501,9.4869,9.3628,9.2387,9.1144,8.99,8.8654,8.7408,8.616,8.4911,8.3661,8.2015,7.9947,7.7881,7.5817,7.3755,7.1695,6.9636,6.758,6.5526,6.3473,6.2566,6.1712,6.0857,6.0003,5.9148,5.8294,5.7439,5.6584,5.5729,5.4884,5.4052,5.3221,5.2391,5.156,5.073,4.99,4.907
13.9028,13.8347,13.7663,13.6976,13.6286,13.5594,13.4899,13.4202,13.3503,13.2809,13.2115,13.1418,13.0719,13.0018,12.9315,12.8609,12.7902,12.7192,12.6718,12.6967,12.7215,12.7462,12.7708,12.7953,12.8197,12.844,12.8682,12.8924,12.9104,12.9263,12.9423,12.9583,12.9745,12.9908,13.0071,13.0235,13.0401,13.0609,13.0988,13.1368,13.1749,13.2131,13.2514,13.2897,13.3282,13.3666,13.4052,13.4153,13.4123,13.4094,13.4064,13.4034,13.4004,13.3973,13.3942,13.391,13.3635,13.2116,13.0595,12.9074,12.7552,12.603,12.4506,12.2982,12.1456,11.993,11.87,11.7635,11.6567,11.5498,11.4427,11.3355,11.228,11.1203,11.0124,10.9097,10.8467,10.7834,10.72,10.6564,10.5925,10.5285,10.4642,10.3997,10.335,10.2658,10.1937,10.1215,10.0493,9.977,9.9046,9.8321,9.7596,9.687,9.6098,9.4793,9.3488,9.2184,9.0882,8.958,8.828,8.6982,8.5684,8.4388,8.3851,8.3922,8.3995,8.407,8.4147,8.4228,8.4311,8.4397,8.4486,8.4591,8.511,8.563,8.6149,8.6669,8.7189,8.7709,8.8229,8.8749,8.927,8.971,9.007,9.0428,9.0783,9.1135,9.1485,9.1832,9.2176,9.2518,9.2857,9.1637,9.0386,8.9133,8.7879,8.6623,8.5367,8.4109,8.2849,8.1589,7.998,7.7954,7.5929,7.3906,7.1885,6.9866,6.7849,6.5834,6.3821,6.181,6.0873,6.0025,5.9178,5.833,5.7482,5.6634,5.5786,5.4938,5.409,5.3253,5.2432,5.1612,5.0792,4.9973,4.9153,4.8334,4.7515
13.7929,13.7317,13.6703,13.6085,13.5465,13.4842,13.4217,13.3589,13.2959,13.2344,13.173,13.1114,13.0495,12.9874,12.9251,12.8626,12.7999,12.7369,12.698,12.7283,12.7584,12.7884,12.8183,12.8482,12.8779,12.9076,12.9371,12.9666,12.9823,12.9931,13.0039,13.0149,13.026,13.0371,13.0484,13.0597,13.0711,13.0857,13.112,13.1384,13.1649,13.1916,13.2183,13.2451,13.272,13.2989,13.3258,13.3259,13.3135,13.3012,13.2888,13.2765,13.2641,13.2517,13.2392,13.2267,13.1909,13.035,12.8791,12.7232,12.5671,12.411,12.2548,12.0985,11.9421,11.7856,11.6548,11.5384,11.4218,11.3051,11.1881,11.071,10.9536,10.8361,10.7183,10.606,10.5371,10.4681,10.3989,10.3295,10.2599,10.19,10.12,10.0497,9.9792,9.9089,9.8389,9.7688,9.6986,9.6283,9.558,9.4877,9.4172,9.3467,9.2727,9.1496,9.0266,8.9037,8.7809,8.6582,8.5357,8.4132,8.291,8.1688,8.1213,8.1375,8.1541,8.1708,8.1878,8.2051,8.2227,8.2405,8.2586,8.2774,8.3311,8.3849,8.4386,8.4924,8.5462,8.6,8.6538,8.7077,8.7616,8.8049,8.8369,8.8687,8.9002,8.9314,8.9624,8.9931,9.0236,9.0538,9.0837,8.9647,8.8385,8.7122,8.5858,8.4593,8.3326,8.2058,8.0788,7.9518,7.7943,7.5958,7.3975,7.1993,7.0013,6.8035,6.6059,6.4085,6.2113,6.0143,5.9179,5.8338,5.7497,5.6657,5.5816,5.4975,5.4133,5.3292,5.2451,5.1621,5.0811,5.0002,4.9193,4.8384,4.7576,4.6768,4.596
13.6833,13.629,13.5745,13.5197,13.4646,13.4093,13.3537,13.2979,13.2418,13.1881,13.1347,13.0811,13.0273,12.9732,12.919,12.8645,12.8098,12.7549,12.7244,12.7599,12.7954,12.8308,12.866,12.9012,12.9363,12.9712,13.0061,13.041,13.0541,13.0597,13.0655,13.0714,13.0774,13.0834,13.0896,13.0958,13.1021,13.1103,13.125,13.1399,13.1549,13.17,13.1851,13.2004,13.2157,13.2311,13.2465,13.2363,13.2147,13.193,13.1713,13.1496,13.1278,13.106,13.0842,13.0624,13.0182,12.8585,12.6988,12.5389,12.3791,12.2191,12.059,11.8989,11.7387,11.5783,11.4397,11.3134,11.187,11.0604,10.9336,10.8066,10.6794,10.552,10.4244,10.3023,10.2277,10.1529,10.0779,10.0027,9.9273,9.8517,9.7758,9.6998,9.6235,9.552,9.484,9.416,9.3479,9.2797,9.2114,9.1431,9.0748,9.0063,8.9354,8.8197,8.7042,8.5887,8.4734,8.3581,8.243,8.1281,8.0132,7.8986,7.8571,7.8826,7.9083,7.9343,7.9606,7.9871,8.0139,8.0409,8.0683,8.0959,8.1512,8.2067,8.2623,8.3179,8.3735,8.4291,8.4847,8.5403,8.596,8.639,8.667,8.6948,8.7223,8.7495,8.7765,8.8033,8.8297,8.8559,8.8818,8.7657,8.6386,8.5112,8.3838,8.2562,8.1285,8.0007,7.8728,7.7447,7.5904,7.396,7.2017,7.0077,6.8138,6.6201,6.4266,6.2334,6.0403,5.8474,5.7485,5.6651,5.5817,5.4983,5.4149,5.3314,5.248,5.1645,5.0811,4.9988,4.9189,4.8391,4.7593,4.6795,4.5997,4.52,4.4403
13.5739,13.5266,13.479,13.4311,13.3829,13.3345,13.2859,13.237,13.1879,13.142,13.0967,13.0511,13.0053,12.9593,12.913,12.8665,12.8198,12.773,12.7508,12.7917,12.8325,12.8732,12.9138,12.9543,12.9947,13.035,13.0753,13.1154,13.1257,13.1263,13.127,13.1278,13.1287,13.1297,13.1307,13.1319,13.1331,13.1348,13.138,13.1413,13.1447,13.1482,13.1519,13.1556,13.1593,13.1632,13.167,13.1468,13.1158,13.0847,13.0537,13.0226,12.9915,12.9604,12.9293,12.898,12.8455,12.682,12.5184,12.3547,12.191,12.0272,11.8633,11.6993,11.5352,11.371,11.2246,11.0885,10.9522,10.8158,10.6792,10.5423,10.4053,10.2681,10.1306,9.9987,9.9183,9.8377,9.757,9.676,9.5948,9.5134,9.4318,9.35,9.2679,9.195,9.1291,9.0631,8.9971,8.931,8.8648,8.7986,8.7323,8.6659,8.5979,8.4897,8.3815,8.2735,8.1656,8.0579,7.9502,7.8427,7.7353,7.6281,7.5926,7.6273,7.6623,7.6975,7.733,7.7687,7.8047,7.841,7.8776,7.9144,7.9712,8.0285,8.0859,8.1432,8.2006,8.258,8.3155,8.3729,8.4304,8.4733,8.4973,8.5211,8.5446,8.5678,8.5908,8.6136,8.6361,8.6583,8.6802,8.5668,8.4386,8.3103,8.1819,8.0533,7.9246,7.7958,7.6668,7.5377,7.3862,7.1959,7.0058,6.8158,6.6261,6.4365,6.2471,6.058,5.869,5.6802,5.579,5.4963,5.4136,5.3308,5.2481,5.1654,5.0826,4.9998,4.9171,4.8354,4.7567,4.6779,4.5992,4.5205,4.4418,4.3632,4.2846
13.4647,13.4243,13.3837,13.3427,13.3015,13.26,13.2183,13.1764,13.1342,13.0962,13.0589,13.0213,12.9835,12.9455,12.9073,12.8688,12.8301,12.7913,12.7774,12.8236,12.8698,12.9158,12.9617,13.0075,13.0533,13.0989,13.1445,13.19,13.1973,13.1928,13.1884,13.1841,13.1799,13.1758,13.1718,13.1678,13.164,13.1591,13.1508,13.1426,13.1345,13.1264,13.1185,13.1107,13.1029,13.0952,13.0875,13.0572,13.0168,12.9765,12.9361,12.8957,12.8553,12.8148,12.7743,12.7337,12.6729,12.5055,12.338,12.1705,12.003,11.8353,11.6675,11.4997,11.3318,11.1638,11.0096,10.8637,10.7176,10.5713,10.4249,10.2782,10.1313,9.9843,9.837,9.6952,9.609,9.5227,9.4361,9.3494,9.2625,9.1753,9.0879,9.0003,8.9125,8.838,8.7742,8.7103,8.6463,8.5822,8.5181,8.4539,8.3897,8.3254,8.2601,8.1594,8.0587,7.9581,7.8577,7.7573,7.6571,7.557,7.4571,7.3573,7.3278,7.3717,7.4159,7.4604,7.5051,7.55,7.5952,7.6407,7.6865,7.7326,7.7911,7.8502,7.9094,7.9685,8.0277,8.0869,8.1462,8.2054,8.2647,8.3078,8.3278,8.3476,8.3671,8.3864,8.4054,8.4241,8.4426,8.4608,8.4788,8.368,8.2388,8.1094,7.98,7.8504,7.7207,7.5908,7.4609,7.3308,7.1818,6.9956,6.8096,6.6237,6.4381,6.2526,6.0674,5.8823,5.6974,5.5127,5.4095,5.3274,5.2454,5.1634,5.0813,4.9992,4.9172,4.8351,4.753,4.672,4.5943,4.5167,4.439,4.3614,4.2839,4.2063,4.1288
13.3558,13.3223,13.2886,13.2546,13.2203,13.1858,13.151,13.116,13.0807,13.0506,13.0213,12.9918,12.962,12.932,12.9017,12.8713,12.8406,12.8098,12.8041,12.8557,12.9071,12.9585,13.0097,13.0609,13.1119,13.1629,13.2138,13.2646,13.2689,13.2593,13.2498,13.2404,13.2311,13.2219,13.2128,13.2038,13.1948,13.1833,13.1635,13.1437,13.1241,13.1045,13.0851,13.0657,13.0464,13.0272,13.008,12.9676,12.9179,12.8682,12.8184,12.7687,12.719,12.6692,12.6193,12.5694,12.5002,12.329,12.1577,11.9864,11.8149,11.6434,11.4718,11.3002,11.1284,10.9565,10.7947,10.639,10.483,10.3269,10.1707,10.0142,9.8575,9.7006,9.5435,9.3918,9.2998,9.2077,9.1154,9.0229,8.9302,8.8373,8.7441,8.6507,8.5571,8.4809,8.4192,8.3573,8.2954,8.2334,8.1714,8.1093,8.0471,7.9848,7.9222,7.8289,7.7356,7.6425,7.5495,7.4566,7.3638,7.2712,7.1787,7.0863,7.0627,7.1158,7.1692,7.2229,7.2768,7.331,7.3854,7.4401,7.4951,7.5504,7.6109,7.6719,7.7328,7.7938,7.8548,7.9158,7.9768,8.0378,8.0989,8.1424,8.1584,8.1742,8.1898,8.2051,8.2201,8.2349,8.2494,8.2636,8.2776,8.1692,8.0389,7.9086,7.7781,7.6475,7.5168,7.386,7.255,7.1239,6.9771,6.795,6.6131,6.4314,6.2498,6.0685,5.8873,5.7063,5.5256,5.345,5.2399,5.1585,5.0772,4.9958,4.9145,4.8331,4.7517,4.6703,4.5889,4.5085,4.4319,4.3553,4.2788,4.2023,4.1258,4.0493,3.9729
13.2472,13.2206,13.1938,13.1667,13.1393,13.1117,13.0839,13.0557,13.0274,13.0053,12.984,12.9625,12.9407,12.9187,12.8964,12.874,12.8513,12.8285,12.831,12.8878,12.9446,13.0013,13.0578,13.1143,13.1707,13.227,13.2832,13.3393,13.3403,13.3256,13.311,13.2966,13.2822,13.2679,13.2537,13.2396,13.2256,13.2074,13.176,13.1448,13.1136,13.0826,13.0516,13.0207,12.9899,12.9591,12.9284,12.8779,12.8189,12.7598,12.7008,12.6417,12.5827,12.5235,12.4644,12.4052,12.3275,12.1525,11.9774,11.8022,11.6269,11.4516,11.2761,11.1006,10.925,10.7493,10.5799,10.4143,10.2486,10.0827,9.9166,9.7503,9.5838,9.417,9.2501,9.0884,8.9907,8.8928,8.7948,8.6965,8.598,8.4993,8.4004,8.3013,8.2019,8.1238,8.0641,8.0043,7.9445,7.8846,7.8246,7.7645,7.7044,7.6442,7.584,7.4982,7.4124,7.3267,7.2411,7.1556,7.0703,6.9851,6.9,6.8151,6.7972,6.8596,6.9222,6.9851,7.0482,7.1116,7.1752,7.2391,7.3033,7.3678,7.4307,7.4934,7.5562,7.6189,7.6817,7.7445,7.8073,7.8701,7.933,7.9772,7.9893,8.0011,8.0126,8.024,8.035,8.0458,8.0563,8.0666,8.0766,7.9704,7.8392,7.7078,7.5763,7.4447,7.313,7.1812,7.0492,6.9171,6.7722,6.5942,6.4164,6.2388,6.0613,5.8841,5.707,5.5301,5.3535,5.177,5.0703,4.9896,4.9089,4.8283,4.7476,4.6669,4.5861,4.5054,4.4247,4.3449,4.2694,4.1939,4.1185,4.043,3.9676,3.8923,3.8169
13.1388,13.1191,13.0992,13.079,13.0586,13.0379,13.0169,12.9958,12.9743,12.9602,12.9469,12.9334,12.9196,12.9056,12.8913,12.8769,12.8622,12.8474,12.8579,12.9201,12.9822,13.0442,13.1061,13.1679,13.2296,13.2912,13.3527,13.4142,13.4116,13.3919,13.3722,13.3527,13.3332,13.3139,13.2946,13.2754,13.2563,13.2314,13.1885,13.1457,13.103,13.0605,13.018,12.9756,12.9332,12.8909,12.8487,12.7882,12.7198,12.6515,12.5831,12.5147,12.4463,12.3779,12.3094,12.2409,12.1549,11.976,11.7971,11.618,11.4389,11.2597,11.0805,10.9011,10.7217,10.5421,10.3652,10.1898,10.0142,9.8385,9.6626,9.4865,9.3101,9.1336,8.9569,8.7852,8.6817,8.5781,8.4742,8.3702,8.266,8.1615,8.0568,7.9519,7.8468,7.7667,7.709,7.6513,7.5935,7.5357,7.4777,7.4198,7.3617,7.3036,7.2454,7.1673,7.0889,7.0106,6.9325,6.8544,6.7765,6.6987,6.6211,6.5436,6.5315,6.6031,6.6749,6.747,6.8193,6.8918,6.9647,7.0378,7.1112,7.1849,7.2504,7.3149,7.3795,7.444,7.5086,7.5732,7.6378,7.7024,7.7671,7.8122,7.8203,7.8281,7.8357,7.8431,7.8501,7.8569,7.8635,7.8698,7.8758,7.7717,7.6395,7.5071,7.3746,7.242,7.1093,6.9764,6.8434,6.7103,6.567,6.3932,6.2195,6.0459,5.8726,5.6994,5.5265,5.3537,5.1811,5.0088,4.9006,4.8206,4.7406,4.6606,4.5806,4.5006,4.4206,4.3405,4.2605,4.1812,4.1068,4.0324,3.958,3.8837,3.8094,3.7351,3.6608
13.0306,13.0179,13.0049,12.9916,12.9781,12.9643,12.9503,12.936,12.9215,12.9154,12.91,12.9045,12.8987,12.8927,12.8864,12.88,12.8733,12.8665,12.885,12.9525,13.0199,13.0872,13.1544,13.2215,13.2885,13.3555,13.4223,13.4891,13.4829,13.4581,13.4333,13.4087,13.3842,13.3598,13.3354,13.3111,13.2869,13.2552,13.2008,13.1465,13.0924,13.0383,12.9843,12.9304,12.8765,12.8227,12.769,12.6984,12.6207,12.5431,12.4654,12.3877,12.31,12.2323,12.1545,12.0766,11.9823,11.7995,11.6167,11.4339,11.2509,11.0679,10.8848,10.7016,10.5184,10.335,10.1505,9.9653,9.78,9.5944,9.4087,9.2228,9.0366,8.8503,8.6638,8.482,8.3728,8.2634,8.1538,8.044,7.934,7.8238,7.7133,7.6027,7.4918,7.4095,7.3539,7.2982,7.2425,7.1867,7.1308,7.0749,7.0189,6.9629,6.9067,6.8361,6.7652,6.6944,6.6236,6.553,6.4825,6.4121,6.3419,6.2718,6.2654,6.3462,6.4272,6.5085,6.59,6.6718,6.7538,6.8361,6.9187,7.0016,7.07,7.1363,7.2027,7.269,7.3354,7.4017,7.4681,7.5346,7.601,7.6474,7.6515,7.6554,7.659,7.6623,7.6654,7.6683,7.6709,7.6732,7.6752,7.573,7.4398,7.3064,7.1729,7.0393,6.9056,6.7717,6.6377,6.5036,6.3616,6.1919,6.0222,5.8528,5.6836,5.5145,5.3456,5.177,5.0085,4.8402,4.7309,4.6516,4.5732,4.4977,4.4224,4.3472,4.2721,4.1972,4.1225,4.0485,3.9795,3.9105,3.8416,3.7727,3.7039,3.6351,3.5663
12.9227,12.9169,12.9108,12.9044,12.8978,12.8909,12.8838,12.8764,12.8688,12.8707,12.8734,12.8758,12.878,12.88,12.8818,12.8833,12.8846,12.8858,12.9123,12.9851,13.0578,13.1304,13.2029,13.2753,13.3476,13.4199,13.492,13.5641,13.554,13.5241,13.4944,13.4647,13.4351,13.4056,13.3761,13.3468,13.3175,13.279,13.213,13.1472,13.0816,13.016,12.9505,12.8851,12.8197,12.7544,12.6892,12.6086,12.5216,12.4347,12.3477,12.2607,12.1737,12.0866,11.9995,11.9123,11.8096,11.6231,11.4364,11.2498,11.063,10.8761,10.6892,10.5022,10.3151,10.1279,9.936,9.741,9.5458,9.3504,9.1549,8.9592,8.7633,8.5671,8.3708,8.1789,8.0639,7.9488,7.8334,7.7179,7.6021,7.4862,7.37,7.2536,7.1369,7.0522,6.9987,6.9451,6.8915,6.8377,6.7839,6.73,6.6761,6.6221,6.568,6.5048,6.4413,6.3779,6.3146,6.2514,6.1883,6.1253,6.0625,5.9999,5.9991,6.089,6.1793,6.2697,6.3604,6.4513,6.5426,6.6341,6.7258,6.8179,6.8896,6.9577,7.0258,7.0939,7.1638,7.2338,7.3036,7.373,7.4422,7.4909,7.4921,7.493,7.4936,7.4938,7.4937,7.4932,7.4924,7.4912,7.4896,7.39,7.2567,7.1233,6.9898,6.8561,6.7223,6.5884,6.4543,6.3202,6.181,6.0213,5.8622,5.7037,5.5459,5.3888,5.2323,5.0765,4.9214,4.767,4.6636,4.5902,4.5169,4.4438,4.3707,4.2979,4.2251,4.1526,4.0801,4.0081,3.9398,3.8715,3.8033,3.7351,3.667,3.5989,3.5308
12.8873,12.8831,12.8787,12.8743,12.8698,12.8652,12.8605,12.8558,12.851,12.8547,12.8592,12.8637,12.8682,12.8727,12.8772,12.8818,12.8864,12.8909,12.9205,12.9932,13.0661,13.1391,13.2122,13.2855,13.3588,13.4322,13.5058,13.5794,13.5655,13.5316,13.4978,13.4641,13.4304,13.3967,13.3631,13.3295,13.2959,13.2517,13.1773,13.1029,13.0285,12.9541,12.8797,12.8053,12.7309,12.6565,12.5821,12.4927,12.3972,12.3016,12.206,12.1103,12.0146,11.9188,11.823,11.7271,11.6162,11.4245,11.2326,11.0406,10.8485,10.6563,10.464,10.2715,10.0789,9.8861,9.6882,9.4869,9.2856,9.0841,8.8826,8.6809,8.4792,8.2774,8.0755,7.8778,7.7595,7.6412,7.5228,7.4043,7.2856,7.1669,7.0481,6.9292,6.8102,6.7275,6.6816,6.6359,6.5904,6.5451,6.4999,6.455,6.4103,6.3658,6.3216,6.2713,6.2209,6.1708,6.1211,6.0716,6.0226,5.9739,5.9256,5.8777,5.8863,5.9834,6.0806,6.1778,6.2751,6.3725,6.4699,6.5673,6.6648,6.7624,6.8331,6.8981,6.9628,7.0273,7.0915,7.1554,7.2191,7.2824,7.3454,7.3895,7.3844,7.379,7.3733,7.3673,7.3609,7.3541,7.347,7.3395,7.3316,7.2328,7.0981,6.9634,6.8285,6.6935,6.5584,6.4231,6.2877,6.1522,6.0145,5.8661,5.7184,5.5712,5.4248,5.279,5.1338,4.9894,4.8456,4.7025,4.6025,4.5314,4.4605,4.3896,4.3189,4.2484,4.178,4.1077,4.0376,3.9677,3.9001,3.8325,3.765,3.6975,3.63,3.5626,3.4952
12.87,12.8679,12.8656,12.8633,12.8608,12.8584,12.8558,12.8532,12.8505,12.8538,12.8575,12.8613,12.8651,12.8689,12.8727,12.8765,12.8804,12.8843,12.912,12.9789,13.046,13.1132,13.1805,13.2479,13.3154,13.3831,13.4508,13.5186,13.4985,13.4594,13.4203,13.3813,13.3424,13.3035,13.2646,13.2258,13.187,13.1374,13.0577,12.978,12.8983,12.8186,12.7389,12.6593,12.5796,12.4999,12.4201,12.3238,12.2207,12.1176,12.0145,11.9113,11.808,11.7047,11.6013,11.4978,11.3794,11.1798,10.9801,10.7802,10.5803,10.3802,10.18,9.9797,9.7792,9.5785,9.3783,9.1784,8.9784,8.7783,8.5781,8.3779,8.1775,7.9771,7.7766,7.5795,7.4616,7.3435,7.2253,7.107,6.9887,6.8702,6.7516,6.633,6.5142,6.4366,6.4026,6.3688,6.3351,6.3016,6.2683,6.2352,6.2024,6.1698,6.1374,6.1,6.0626,6.0255,5.9887,5.9523,5.9162,5.8805,5.8451,5.8102,5.8253,5.9244,6.0235,6.1227,6.2219,6.3212,6.4206,6.52,6.6195,6.719,6.7857,6.8446,6.9032,6.9615,7.0196,7.0773,7.1348,7.192,7.2488,7.2883,7.277,7.2653,7.2533,7.241,7.2283,7.2153,7.2019,7.1881,7.174,7.0756,6.9396,6.8035,6.6673,6.531,6.3945,6.2579,6.1212,5.9843,5.8473,5.7103,5.5739,5.4381,5.3029,5.1685,5.0347,4.9015,4.7691,4.6374,4.5413,4.4725,4.4039,4.3354,4.267,4.1987,4.1306,4.0627,3.9949,3.9272,3.8603,3.7934,3.7266,3.6598,3.593,3.5263,3.4596
12.8528,12.8527,12.8526,12.8523,12.852,12.8516,12.8511,12.8506,12.85,12.8528,12.8559,12.8589,12.862,12.8651,12.8682,12.8713,12.8744,12.8776,12.9033,12.9645,13.0257,13.0871,13.1486,13.2103,13.272,13.3338,13.3957,13.4577,13.4313,13.387,13.3427,13.2985,13.2543,13.2102,13.1661,13.1221,13.0781,13.0229,12.9379,12.853,12.768,12.6831,12.5981,12.5131,12.4282,12.3432,12.2582,12.1549,12.0443,11.9336,11.8229,11.7122,11.6014,11.4905,11.3796,11.2686,11.1427,10.9352,10.7276,10.5199,10.3121,10.1041,9.8961,9.6879,9.4795,9.271,9.0684,8.8699,8.6712,8.4725,8.2737,8.0748,7.8758,7.6768,7.4776,7.2813,7.1636,7.0457,6.9278,6.8098,6.6917,6.5735,6.4552,6.3367,6.2183,6.1455,6.1234,6.1014,6.0795,6.0579,6.0364,6.0152,5.9942,5.9734,5.9529,5.9285,5.904,5.8799,5.856,5.8326,5.8094,5.7867,5.7643,5.7423,5.7642,5.8653,5.9663,6.0675,6.1687,6.2699,6.3713,6.4726,6.574,6.6755,6.7386,6.7913,6.8438,6.896,6.9479,6.9995,7.0508,7.1019,7.1526,7.1874,7.1698,7.1519,7.1337,7.115,7.0961,7.0768,7.0571,7.0371,7.0166,6.9185,6.7812,6.6438,6.5062,6.3685,6.2307,6.0928,5.9548,5.8166,5.6794,5.5537,5.4287,5.3042,5.1804,5.0573,4.9348,4.813,4.6919,4.5715,4.4799,4.4135,4.3471,4.2809,4.2149,4.1489,4.0832,4.0175,3.952,3.8867,3.8205,3.7543,3.6881,3.622,3.5559,3.4899,3.4239
12.8357,12.8377,12.8396,12.8414,12.8432,12.8449,12.8465,12.8481,12.8496,12.8518,12.8542,12.8565,12.8588,12.8612,12.8636,12.866,12.8684,12.8709,12.8946,12.9499,13.0054,13.061,13.1167,13.1725,13.2284,13.2844,13.3405,13.3967,13.3641,13.3145,13.265,13.2156,13.1662,13.1169,13.0676,13.0183,12.969,12.9084,12.8182,12.7279,12.6377,12.5475,12.4572,12.367,12.2767,12.1865,12.0962,11.986,11.8678,11.7496,11.6314,11.5131,11.3948,11.2764,11.1579,11.0394,10.9059,10.6906,10.4751,10.2596,10.0439,9.8281,9.6122,9.3961,9.1799,8.9635,8.7585,8.5613,8.3641,8.1667,7.9693,7.7717,7.5741,7.3764,7.1786,6.9831,6.8656,6.748,6.6303,6.5126,6.3947,6.2767,6.1587,6.0405,5.9223,5.8542,5.8439,5.8337,5.8237,5.8139,5.8043,5.7948,5.7857,5.7767,5.768,5.7565,5.745,5.7338,5.723,5.7124,5.7023,5.6924,5.683,5.674,5.7031,5.8061,5.9091,6.0122,6.1154,6.2186,6.3218,6.4252,6.5285,6.632,6.6917,6.7383,6.7846,6.8307,6.8764,6.9219,6.9671,7.012,7.0566,7.0869,7.063,7.0388,7.0143,6.9894,6.9642,6.9386,6.9127,6.8863,6.8597,6.7614,6.6228,6.484,6.3452,6.2062,6.067,5.9278,5.7884,5.6488,5.5109,5.3965,5.2828,5.1697,5.0572,4.9454,4.8342,4.7237,4.6139,4.5049,4.4184,4.3542,4.2902,4.2263,4.1626,4.099,4.0355,3.9722,3.909,3.846,3.7806,3.7151,3.6497,3.5842,3.5188,3.4535,3.3882
12.8186,12.8227,12.8267,12.8306,12.8345,12.8383,12.842,12.8456,12.8492,12.8508,12.8524,12.854,12.8557,12.8573,12.859,12.8607,12.8624,12.8641,12.8856,12.9352,12.9849,13.0346,13.0846,13.1346,13.1847,13.2349,13.2853,13.3357,13.2968,13.242,13.1873,13.1326,13.078,13.0234,12.9689,12.9144,12.86,12.7939,12.6984,12.6028,12.5073,12.4118,12.3163,12.2208,12.1253,12.0297,11.9342,11.817,11.6913,11.5656,11.4398,11.314,11.1881,11.0622,10.9362,10.8101,10.6692,10.446,10.2227,9.9993,9.7758,9.5521,9.3283,9.1044,8.8803,8.6561,8.4486,8.2528,8.0569,7.8609,7.6648,7.4686,7.2724,7.076,6.8796,6.6848,6.5676,6.4503,6.3328,6.2153,6.0977,5.98,5.8622,5.7442,5.6262,5.5626,5.5641,5.5657,5.5676,5.5696,5.5718,5.5742,5.5768,5.5797,5.5828,5.5842,5.5857,5.5874,5.5895,5.5919,5.5947,5.5978,5.6013,5.6052,5.6418,5.7468,5.8518,5.9569,6.062,6.1671,6.2724,6.3776,6.483,6.5884,6.645,6.6855,6.7257,6.7656,6.8053,6.8446,6.8837,6.9225,6.9609,6.9866,6.9565,6.926,6.8952,6.8641,6.8326,6.8007,6.7685,6.7359,6.703,6.6044,6.4645,6.3244,6.1842,6.0439,5.9034,5.7628,5.6221,5.4812,5.3417,5.2387,5.1362,5.0344,4.9333,4.8327,4.7329,4.6337,4.5353,4.4375,4.3567,4.2949,4.2331,4.1716,4.1101,4.0488,3.9877,3.9267,3.8658,3.8051,3.7407,3.6759,3.6111,3.5464,3.4817,3.417,3.3524
12.8016,12.8078,12.8139,12.8199,12.8258,12.8317,12.8375,12.8433,12.8489,12.8498,12.8507,12.8516,12.8525,12.8534,12.8544,12.8554,12.8564,12.8574,12.8766,12.9203,12.9642,13.0082,13.0523,13.0966,13.1409,13.1853,13.2299,13.2745,13.2294,13.1694,13.1094,13.0496,12.9897,12.9299,12.8702,12.8105,12.7508,12.6793,12.5785,12.4777,12.3769,12.2761,12.1754,12.0746,11.9738,11.8729,11.7721,11.648,11.5147,11.3815,11.2482,11.1149,10.9815,10.848,10.7145,10.5809,10.4325,10.2014,9.9703,9.739,9.5077,9.2762,9.0445,8.8128,8.5808,8.3488,8.1386,7.9442,7.7497,7.555,7.3603,7.1655,6.9706,6.7757,6.5806,6.3866,6.2696,6.1525,6.0353,5.9181,5.8007,5.6832,5.5656,5.448,5.3302,5.2708,5.2841,5.2975,5.3112,5.325,5.339,5.3533,5.3677,5.3824,5.3974,5.4116,5.4259,5.4406,5.4556,5.471,5.4867,5.5027,5.5192,5.536,5.5806,5.6875,5.7944,5.9014,6.0085,6.1156,6.2228,6.33,6.4373,6.5447,6.5986,6.633,6.6671,6.7009,6.7344,6.7676,6.8005,6.8332,6.8655,6.8866,6.8502,6.8135,6.7764,6.739,6.7013,6.6632,6.6247,6.5859,6.5467,6.4475,6.3062,6.1648,6.0233,5.8816,5.7398,5.5979,5.4558,5.3137,5.1719,5.0801,4.989,4.8985,4.8086,4.7194,4.6309,4.543,4.4559,4.3694,4.2949,4.2353,4.1759,4.1167,4.0575,3.9986,3.9397,3.881,3.8225,3.7641,3.7008,3.6366,3.5725,3.5085,3.4445,3.3805,3.3165
12.7847,12.7929,12.8011,12.8092,12.8173,12.8252,12.8331,12.8409,12.8486,12.8487,12.8489,12.8491,12.8493,12.8495,12.8498,12.85,12.8503,12.8506,12.8674,12.9053,12.9434,12.9817,13.02,13.0584,13.097,13.1356,13.1744,13.2132,13.1619,13.0967,13.0315,12.9664,12.9014,12.8364,12.7714,12.7065,12.6416,12.5646,12.4586,12.3525,12.2464,12.1404,12.0344,11.9283,11.8222,11.7161,11.61,11.4789,11.3382,11.1974,11.0566,10.9157,10.7748,10.6339,10.4928,10.3517,10.1958,9.9569,9.7179,9.4788,9.2396,9.0002,8.7608,8.5212,8.2814,8.0415,7.8287,7.6356,7.4424,7.2492,7.0558,6.8624,6.6689,6.4753,6.2816,6.0884,5.9716,5.8548,5.7378,5.6208,5.5037,5.3865,5.2691,5.1517,5.0342,4.9787,5.0038,5.0291,5.0545,5.0802,5.106,5.132,5.1583,5.1848,5.2116,5.2386,5.2659,5.2935,5.3214,5.3497,5.3783,5.4073,5.4367,5.4664,5.5192,5.6281,5.737,5.846,5.955,6.064,6.1732,6.2823,6.3916,6.5009,6.5525,6.5807,6.6087,6.6363,6.6637,6.6908,6.7176,6.7442,6.7704,6.7869,6.7442,6.7013,6.6579,6.6143,6.5703,6.5259,6.4812,6.4361,6.3907,6.2907,6.1481,6.0053,5.8625,5.7195,5.5763,5.4331,5.2897,5.1462,5.0025,4.9209,4.8411,4.7619,4.6833,4.6054,4.5282,4.4516,4.3757,4.3006,4.2329,4.1756,4.1186,4.0616,4.0048,3.9481,3.8916,3.8352,3.7789,3.7228,3.6607,3.5973,3.5339,3.4705,3.4072,3.3439,3.2806
12.7678,12.7782,12.7884,12.7986,12.8087,12.8188,12.8288,12.8387,12.8482,12.8477,12.8471,12.8466,12.8461,12.8456,12.8451,12.8447,12.8442,12.8438,12.858,12.8902,12.9225,12.955,12.9875,13.0202,13.0529,13.0858,13.1188,13.1518,13.0943,13.0239,12.9535,12.8832,12.813,12.7428,12.6726,12.6025,12.5324,12.4499,12.3386,12.2273,12.1159,12.0046,11.8933,11.782,11.6707,11.5593,11.4479,11.3099,11.1616,11.0133,10.865,10.7166,10.5682,10.4197,10.2711,10.1225,9.9591,9.7124,9.4655,9.2186,8.9715,8.7244,8.477,8.2296,7.982,7.7343,7.5187,7.327,7.1352,6.9433,6.7513,6.5592,6.3671,6.1748,5.9825,5.7901,5.6736,5.557,5.4403,5.3235,5.2067,5.0897,4.9726,4.8555,4.7382,4.6863,4.7232,4.7603,4.7976,4.835,4.8727,4.9105,4.9486,4.9869,5.0254,5.0652,5.1054,5.1459,5.1868,5.228,5.2695,5.3114,5.3537,5.3964,5.4578,5.5686,5.6795,5.7904,5.9014,6.0124,6.1235,6.2346,6.3458,6.457,6.5066,6.5287,6.5505,6.5721,6.5934,6.6143,6.635,6.6554,6.6755,6.6875,6.6386,6.5893,6.5398,6.4899,6.4396,6.389,6.338,6.2867,6.235,6.1339,5.99,5.8459,5.7017,5.5574,5.4129,5.2683,5.1236,4.9788,4.8338,4.761,4.6925,4.6245,4.5573,4.4907,4.4247,4.3595,4.2949,4.231,4.1707,4.1158,4.061,4.0064,3.9519,3.8975,3.8433,3.7892,3.7353,3.6815,3.6207,3.5579,3.4952,3.4325,3.3699,3.3073,3.2447
12.751,12.7635,12.7758,12.7881,12.8003,12.8124,12.8245,12.8365,12.8479,12.8466,12.8453,12.8441,12.8429,12.8417,12.8405,12.8393,12.8381,12.837,12.8486,12.875,12.9015,12.9282,12.9549,12.9818,13.0088,13.0359,13.063,13.0903,13.0266,12.951,12.8754,12.7999,12.7245,12.649,12.5737,12.4983,12.423,12.3351,12.2185,12.102,11.9854,11.8688,11.7522,11.6357,11.5191,11.4025,11.2858,11.1407,10.985,10.8292,10.6733,10.5174,10.3615,10.2055,10.0494,9.8933,9.7224,9.4678,9.2132,8.9584,8.7035,8.4485,8.1934,7.9381,7.6827,7.4271,7.2088,7.0184,6.828,6.6374,6.4468,6.2561,6.0653,5.8744,5.6834,5.4924,5.3756,5.2593,5.1428,5.0263,4.9096,4.7929,4.6761,4.5592,4.4422,4.3937,4.4425,4.4913,4.5404,4.5896,4.6391,4.6887,4.7386,4.7887,4.839,4.8915,4.9446,4.998,5.0518,5.1059,5.1603,5.2151,5.2703,5.3259,5.3963,5.5091,5.6219,5.7348,5.8477,5.9606,6.0737,6.1868,6.2999,6.4131,6.461,6.4769,6.4926,6.5081,6.5232,6.5381,6.5527,6.567,6.5809,6.5884,6.5332,6.4777,6.4219,6.3657,6.3092,6.2524,6.1952,6.1376,6.0796,5.9772,5.832,5.6866,5.541,5.3954,5.2496,5.1037,4.9576,4.8115,4.6651,4.6004,4.5432,4.4865,4.4306,4.3752,4.3206,4.2666,4.2133,4.1607,4.1084,4.0558,4.0034,3.951,3.8988,3.8467,3.7948,3.743,3.6914,3.6399,3.5806,3.5185,3.4565,3.3945,3.3325,3.2706,3.2087
12.7343,12.7489,12.7633,12.7776,12.7919,12.8061,12.8203,12.8344,12.8475,12.8455,12.8435,12.8415,12.8396,12.8377,12.8358,12.8339,12.832,12.8302,12.839,12.8596,12.8804,12.9012,12.9222,12.9433,12.9645,12.9858,13.0072,13.0287,12.9588,12.878,12.7973,12.7165,12.6359,12.5553,12.4747,12.3942,12.3137,12.2203,12.0984,11.9766,11.8548,11.7329,11.6111,11.4893,11.3674,11.2456,11.1237,10.9716,10.8083,10.645,10.4817,10.3183,10.1548,9.9913,9.8277,9.6641,9.4857,9.2233,8.9609,8.6983,8.4355,8.1727,7.9097,7.6466,7.3834,7.12,6.8988,6.7098,6.5207,6.3315,6.1422,5.9529,5.7635,5.5739,5.3843,5.1946,5.0776,4.9615,4.8453,4.729,4.6126,4.4961,4.3796,4.2629,4.1461,4.1009,4.1614,4.2221,4.2829,4.3439,4.4052,4.4666,4.5282,4.5901,4.6522,4.7174,4.7834,4.8497,4.9164,4.9834,5.0507,5.1185,5.1865,5.255,5.3348,5.4495,5.5642,5.6791,5.7939,5.9088,6.0238,6.1388,6.2539,6.3691,6.4156,6.4254,6.435,6.4443,6.4534,6.4621,6.4706,6.4788,6.4866,6.4895,6.4281,6.3664,6.3043,6.2419,6.1792,6.1161,6.0526,5.9888,5.9246,5.8206,5.674,5.5273,5.3804,5.2334,5.0863,4.9391,4.7917,4.6442,4.4966,4.4392,4.3932,4.3479,4.3032,4.2591,4.2157,4.173,4.131,4.0896,4.046,3.9957,3.9455,3.8955,3.8456,3.7958,3.7462,3.6967,3.6474,3.5982,3.5404,3.479,3.4177,3.3563,3.2951,3.2338,3.1726
12.7177,12.7343,12.7508,12.7673,12.7836,12.7999,12.8161,12.8323,12.847,12.8443,12.8416,12.839,12.8363,12.8337,12.8311,12.8285,12.8259,12.8234,12.8292,12.8441,12.8591,12.8742,12.8894,12.9047,12.9201,12.9357,12.9513,12.967,12.891,12.805,12.719,12.6331,12.5472,12.4614,12.3757,12.2899,12.2042,12.1054,11.9783,11.8512,11.7241,11.597,11.4699,11.3429,11.2158,11.0886,10.9615,10.8024,10.6316,10.4608,10.29,10.1191,9.9481,9.7771,9.6061,9.4349,9.2491,8.9789,8.7086,8.4381,8.1676,7.8969,7.6262,7.3552,7.0842,6.8129,6.5888,6.4011,6.2134,6.0256,5.8377,5.6497,5.4616,5.2735,5.0852,4.8969,4.7796,4.6637,4.5478,4.4317,4.3156,4.1994,4.083,3.9666,3.8501,3.8078,3.8801,3.9525,4.0252,4.098,4.171,4.2442,4.3176,4.3913,4.4652,4.5429,4.6219,4.7011,4.7806,4.8605,4.9408,5.0214,5.1023,5.1837,5.2732,5.3898,5.5065,5.6233,5.7401,5.857,5.9739,6.0909,6.2079,6.325,6.3704,6.3742,6.3776,6.3809,6.3838,6.3864,6.3888,6.3909,6.3926,6.391,6.3233,6.2554,6.1871,6.1184,6.0494,5.9801,5.9104,5.8403,5.7699,5.6641,5.5161,5.3681,5.2199,5.0716,4.9231,4.7746,4.6259,4.477,4.3281,4.2772,4.2425,4.2085,4.175,4.1423,4.1101,4.0787,4.0479,4.0179,3.9834,3.9354,3.8875,3.8398,3.7922,3.7447,3.6974,3.6503,3.6032,3.5564,3.5002,3.4395,3.3788,3.3182,3.2576,3.1971,3.1365
12.7012,12.7198,12.7384,12.7569,12.7754,12.7938,12.8121,12.8303,12.8466,12.8432,12.8398,12.8364,12.833,12.8297,12.8264,12.8231,12.8198,12.8165,12.8193,12.8284,12.8376,12.847,12.8564,12.866,12.8757,12.8854,12.8953,12.9052,12.8231,12.7318,12.6407,12.5496,12.4585,12.3675,12.2765,12.1856,12.0947,11.9905,11.8581,11.7258,11.5934,11.4611,11.3287,11.1964,11.0641,10.9317,10.7993,10.6332,10.4549,10.2766,10.0983,9.9199,9.7415,9.563,9.3844,9.2057,9.0124,8.7344,8.4563,8.178,7.8997,7.6212,7.3426,7.0639,6.785,6.5059,6.2788,6.0925,5.9061,5.7197,5.5331,5.3465,5.1598,4.973,4.7861,4.5991,4.4816,4.366,4.2503,4.1345,4.0186,3.9026,3.7865,3.6703,3.5541,3.5145,3.5985,3.6828,3.7672,3.8517,3.9365,4.0215,4.1067,4.1921,4.2778,4.3681,4.4599,4.5521,4.6445,4.7373,4.8304,4.9239,5.0177,5.112,5.2115,5.3301,5.4487,5.5675,5.6862,5.805,5.9239,6.0428,6.1618,6.2808,6.3255,6.3231,6.3205,6.3176,6.3145,6.311,6.3073,6.3032,6.2989,6.2927,6.2188,6.1446,6.0701,5.9952,5.92,5.8444,5.7685,5.6922,5.6155,5.5076,5.3583,5.2089,5.0594,4.9098,4.76,4.6101,4.4601,4.3099,4.1597,4.1147,4.0912,4.0684,4.0462,4.0247,4.0039,3.9837,3.9642,3.9454,3.9206,3.8749,3.8294,3.784,3.7387,3.6935,3.6485,3.6036,3.5589,3.5143,3.4599,3.3999,3.3399,3.28,3.2201,3.1602,3.1004
12.6847,12.7054,12.7261,12.7467,12.7672,12.7877,12.8081,12.8284,12.8461,12.842,12.8379,12.8338,12.8297,12.8257,12.8216,12.8176,12.8136,12.8096,12.8093,12.8127,12.8161,12.8197,12.8234,12.8272,12.8311,12.8351,12.8391,12.8433,12.755,12.6586,12.5623,12.466,12.3697,12.2735,12.1774,12.0812,11.9851,11.8755,11.7378,11.6002,11.4627,11.3251,11.1875,11.0499,10.9123,10.7747,10.6371,10.464,10.2782,10.0924,9.9066,9.7207,9.5348,9.3488,9.1627,8.9766,8.7758,8.49,8.204,7.918,7.6318,7.3455,7.0591,6.7726,6.4859,6.199,5.9688,5.7838,5.5988,5.4137,5.2285,5.0433,4.8579,4.6725,4.4869,4.3013,4.1835,4.0682,3.9527,3.8372,3.7215,3.6058,3.49,3.374,3.258,3.2209,3.3167,3.4127,3.5089,3.6052,3.7017,3.7985,3.8954,3.9926,4.0901,4.193,4.2977,4.4027,4.508,4.6136,4.7196,4.826,4.9327,5.0398,5.1497,5.2703,5.3909,5.5115,5.6322,5.753,5.8738,5.9947,6.1156,6.2366,6.2808,6.2724,6.2637,6.2547,6.2454,6.2358,6.226,6.2159,6.2054,6.1947,6.1146,6.0342,5.9534,5.8723,5.7909,5.7091,5.6269,5.5444,5.4615,5.3512,5.2006,5.0499,4.899,4.7481,4.597,4.4458,4.2944,4.1429,3.9913,3.9514,3.9392,3.9277,3.9167,3.9065,3.8969,3.8879,3.8797,3.8745,3.8726,3.8414,3.8099,3.7782,3.7461,3.7138,3.6813,3.6484,3.6152,3.5818,3.5375,3.4859,3.4338,3.3813,3.3282,3.2747,3.2207
12.6683,12.6911,12.7139,12.7365,12.7591,12.7817,12.8041,12.8265,12.8456,12.8408,12.836,12.8312,12.8264,12.8216,12.8169,12.8121,12.8074,12.8027,12.7992,12.7967,12.7944,12.7922,12.7902,12.7882,12.7863,12.7846,12.7829,12.7813,12.6869,12.5853,12.4838,12.3823,12.2808,12.1795,12.0781,11.9768,11.8755,11.7604,11.6175,11.4747,11.3319,11.189,11.0462,10.9034,10.7605,10.6177,10.4748,10.2947,10.1014,9.9082,9.7148,9.5215,9.3281,9.1346,8.941,8.7474,8.5392,8.2455,7.9518,7.6579,7.364,7.0699,6.7757,6.4813,6.1868,5.8922,5.6587,5.4752,5.2915,5.1078,4.9239,4.74,4.556,4.3719,4.1877,4.0035,3.8855,3.7704,3.6552,3.5399,3.4245,3.309,3.1934,3.0777,2.962,2.9271,3.0347,3.1424,3.2503,3.3584,3.4667,3.5752,3.6839,3.7929,3.902,4.0175,4.135,4.2529,4.3711,4.4896,4.6084,4.7277,4.8472,4.9672,5.0879,5.2104,5.333,5.4556,5.5782,5.7009,5.8237,5.9465,6.0693,6.1987,6.2516,6.2461,6.2407,6.2353,6.2299,6.2244,6.2191,6.2137,6.2083,6.2029,6.1304,6.0563,5.9822,5.9082,5.8343,5.7604,5.6866,5.6128,5.5391,5.4414,5.304,5.1667,5.0295,4.8925,4.7556,4.6188,4.4821,4.3456,4.2092,4.1808,4.1838,4.1866,4.1894,4.192,4.1946,4.197,4.1993,4.2015,4.1969,4.1602,4.1232,4.0859,4.0484,4.0106,3.9725,3.9341,3.8954,3.8564,3.8061,3.7469,3.6872,3.627,3.5664,3.5053,3.4437
12.7514,12.77,12.7888,12.8077,12.8267,12.8459,12.8651,12.8845,12.8997,12.8877,12.876,12.8645,12.8532,12.8422,12.8314,12.8208,12.8104,12.8002,12.7886,12.7759,12.7635,12.7514,12.7395,12.7279,12.7165,12.7054,12.6945,12.6837,12.5861,12.4825,12.3789,12.2752,12.1715,12.0678,11.964,11.8602,11.7563,11.6387,11.4945,11.3501,11.2057,11.0612,10.9167,10.7721,10.6274,10.4827,10.338,10.1558,9.9606,9.7654,9.5701,9.3747,9.1794,8.984,8.7885,8.5931,8.3833,8.0886,7.7939,7.4993,7.2046,6.91,6.6154,6.3209,6.0264,5.732,5.5027,5.3274,5.1522,4.9772,4.8023,4.6276,4.4531,4.2788,4.1047,3.9308,3.8254,3.7239,3.6227,3.5219,3.4215,3.3216,3.222,3.123,3.0244,3.0042,3.1275,3.2511,3.375,3.4992,3.6236,3.7484,3.8735,3.9989,4.1246,4.254,4.3847,4.5156,4.6468,4.7781,4.9096,5.0413,5.1732,5.3054,5.4371,5.5655,5.6939,5.8224,5.9509,6.0794,6.2079,6.3365,6.4651,6.5937,6.6465,6.6383,6.6302,6.622,6.6139,6.6057,6.5976,6.5895,6.5814,6.5733,6.501,6.4256,6.3502,6.2749,6.1997,6.1246,6.0494,5.9744,5.8994,5.8026,5.6653,5.5281,5.3911,5.2542,5.1174,4.9808,4.8442,4.7078,4.5716,4.5365,4.5359,4.5352,4.5344,4.5335,4.5325,4.5314,4.5301,4.5288,4.5217,4.4794,4.4369,4.3941,4.351,4.3076,4.264,4.2201,4.1759,4.1314,4.0751,4.0084,3.9411,3.8734,3.8052,3.7365,3.6673
12.8451,12.8609,12.8769,12.893,12.9092,12.9255,12.942,12.9586,12.9698,12.95,12.9304,12.9111,12.892,12.8732,12.8545,12.8361,12.8179,12.7999,12.7776,12.752,12.7266,12.7016,12.6767,12.6522,12.6279,12.6038,12.5799,12.5562,12.457,12.3533,12.2497,12.1459,12.0422,11.9384,11.8345,11.7306,11.6267,11.5098,11.3683,11.2268,11.0851,10.9434,10.8017,10.6598,10.5179,10.376,10.234,10.0567,9.8671,9.6775,9.4878,9.2981,9.1084,8.9186,8.7288,8.539,8.3352,8.048,7.7609,7.4738,7.1867,6.8996,6.6126,6.3256,6.0386,5.7517,5.5326,5.3706,5.2086,5.0468,4.8852,4.7237,4.5625,4.4014,4.2405,4.0799,3.9927,3.9103,3.8283,3.7466,3.6653,3.5845,3.5041,3.4241,3.3446,3.3372,3.4679,3.5989,3.7301,3.8616,3.9934,4.1255,4.2579,4.3907,4.5237,4.6566,4.7895,4.9226,5.0559,5.1894,5.3231,5.457,5.5911,5.7254,5.8587,5.9841,6.1096,6.2351,6.3607,6.4863,6.6119,6.7375,6.8632,6.9889,7.0415,7.0306,7.0197,7.0089,6.998,6.9871,6.9763,6.9654,6.9546,6.9437,6.8716,6.7949,6.7183,6.6417,6.5652,6.4888,6.4124,6.336,6.2597,6.1638,6.0266,5.8896,5.7527,5.6159,5.4793,5.3427,5.2064,5.0701,4.9339,4.8924,4.8882,4.884,4.8796,4.8752,4.8706,4.866,4.8612,4.8563,4.8468,4.799,4.7509,4.7026,4.654,4.6051,4.556,4.5065,4.4568,4.4068,4.3448,4.2704,4.1956,4.1203,4.0445,3.9683,3.8915
12.9386,12.9517,12.9649,12.9782,12.9916,13.0051,13.0188,13.0326,13.0396,13.012,12.9846,12.9575,12.9306,12.9039,12.8775,12.8512,12.8252,12.7994,12.7663,12.7278,12.6895,12.6514,12.6137,12.5762,12.5389,12.5019,12.465,12.4284,12.3278,12.2241,12.1204,12.0166,11.9128,11.809,11.7051,11.6011,11.4971,11.381,11.2422,11.1034,10.9646,10.8256,10.6866,10.5476,10.4085,10.2693,10.1301,9.9575,9.7736,9.5896,9.4055,9.2215,9.0374,8.8532,8.6691,8.4849,8.287,8.0074,7.7278,7.4483,7.1687,6.8892,6.6096,6.3302,6.0508,5.7714,5.5624,5.4136,5.2649,5.1163,4.9679,4.8197,4.6717,4.5238,4.3762,4.2288,4.1598,4.0965,4.0335,3.971,3.9088,3.8471,3.7858,3.7249,3.6645,3.6702,3.8082,3.9465,4.085,4.2239,4.363,4.5025,4.6422,4.7823,4.9227,5.0591,5.1942,5.3295,5.465,5.6007,5.7365,5.8726,6.0089,6.1454,6.2804,6.4029,6.5254,6.648,6.7706,6.8933,7.016,7.1387,7.2614,7.3841,7.4367,7.423,7.4094,7.3958,7.3822,7.3686,7.3551,7.3415,7.3279,7.3144,7.2423,7.1644,7.0865,7.0086,6.9308,6.8531,6.7754,6.6977,6.6202,6.5249,6.3879,6.251,6.1143,5.9776,5.8411,5.7047,5.5685,5.4323,5.2963,5.2485,5.2408,5.233,5.2251,5.2171,5.209,5.2008,5.1925,5.1841,5.1722,5.1189,5.0653,5.0115,4.9574,4.903,4.8483,4.7934,4.7381,4.6826,4.6149,4.533,4.4506,4.3678,4.2844,4.2006,4.1163
13.0321,13.0424,13.0527,13.0633,13.0739,13.0846,13.0955,13.1065,13.1092,13.0738,13.0386,13.0037,12.9689,12.9345,12.9002,12.8662,12.8323,12.7987,12.7548,12.7032,12.652,12.6011,12.5504,12.4999,12.4497,12.3997,12.35,12.3004,12.1987,12.095,11.9912,11.8873,11.7835,11.6795,11.5756,11.4716,11.3675,11.2521,11.1162,10.9801,10.844,10.7079,10.5716,10.4353,10.299,10.1626,10.0261,9.8584,9.6801,9.5017,9.3233,9.1448,8.9664,8.7879,8.6093,8.4308,8.2389,7.9668,7.6948,7.4227,7.1507,6.8787,6.6067,6.3348,6.0629,5.791,5.5921,5.4565,5.321,5.1857,5.0505,4.9155,4.7807,4.6461,4.5116,4.3775,4.3265,4.2823,4.2385,4.195,4.152,4.1093,4.0671,4.0253,3.984,4.0029,4.1483,4.2939,4.4398,4.586,4.7324,4.8792,5.0263,5.1737,5.3214,5.4616,5.5989,5.7363,5.874,6.0119,6.1499,6.2882,6.4267,6.5653,6.7022,6.8218,6.9414,7.061,7.1807,7.3004,7.4201,7.5399,7.6597,7.7795,7.8319,7.8156,7.7992,7.7829,7.7666,7.7503,7.734,7.7177,7.7014,7.6851,7.6131,7.5339,7.4547,7.3755,7.2964,7.2174,7.1384,7.0595,6.9807,6.8861,6.7492,6.6124,6.4758,6.3393,6.2029,6.0667,5.9306,5.7946,5.6587,5.6048,5.5935,5.5822,5.5708,5.5593,5.5476,5.5359,5.524,5.512,5.498,5.4392,5.3801,5.3207,5.2611,5.2012,5.141,5.0806,5.0198,4.9587,4.8856,4.7962,4.7062,4.6158,4.5249,4.4335,4.3416
13.1255,13.1329,13.1405,13.1482,13.1561,13.164,13.1721,13.1803,13.1786,13.1353,13.0923,13.0496,13.0071,12.9648,12.9227,12.8809,12.8392,12.7978,12.7429,12.6784,12.6143,12.5504,12.4868,12.4234,12.3603,12.2974,12.2347,12.1722,12.0696,11.9658,11.8619,11.758,11.6541,11.5501,11.4461,11.342,11.2379,11.1233,10.9901,10.8568,10.7235,10.5901,10.4566,10.3231,10.1895,10.0559,9.9222,9.7592,9.5866,9.4138,9.241,9.0682,8.8954,8.7225,8.5496,8.3767,8.1908,7.9262,7.6617,7.3971,7.1326,6.8681,6.6037,6.3393,6.0749,5.8106,5.6217,5.4993,5.377,5.2549,5.133,5.0112,4.8895,4.7681,4.6469,4.526,4.493,4.4679,4.4431,4.4187,4.3948,4.3712,4.348,4.3254,4.3031,4.3355,4.4882,4.6412,4.7944,4.9479,5.1017,5.2558,5.4102,5.5649,5.72,5.864,6.0035,6.1431,6.283,6.423,6.5632,6.7037,6.8443,6.9852,7.1241,7.2407,7.3574,7.4741,7.5909,7.7076,7.8244,7.9412,8.0581,8.175,8.2273,8.2082,8.1891,8.1701,8.1511,8.132,8.113,8.094,8.075,8.056,7.984,7.9034,7.8229,7.7425,7.6621,7.5818,7.5016,7.4214,7.3412,7.2472,7.1105,6.9739,6.8374,6.701,6.5648,6.4286,6.2926,6.1568,6.021,5.9613,5.9465,5.9317,5.9167,5.9016,5.8864,5.8711,5.8557,5.8402,5.8242,5.7598,5.6952,5.6304,5.5652,5.4998,5.4341,5.3681,5.3019,5.2353,5.1569,5.0599,4.9623,4.8644,4.7659,4.667,4.5675
13.2187,13.2234,13.2282,13.2332,13.2382,13.2434,13.2487,13.2541,13.2477,13.1967,13.1459,13.0953,13.045,12.9949,12.9451,12.8954,12.846,12.7967,12.7307,12.6533,12.5762,12.4994,12.4229,12.3466,12.2706,12.1947,12.1191,12.0437,11.9404,11.8366,11.7327,11.6287,11.5247,11.4207,11.3166,11.2125,11.1083,10.9945,10.8641,10.7336,10.603,10.4724,10.3417,10.2109,10.0801,9.9492,9.8183,9.6602,9.4931,9.326,9.1588,8.9916,8.8244,8.6571,8.4898,8.3225,8.1426,7.8856,7.6286,7.3715,7.1146,6.8576,6.6007,6.3438,6.0869,5.8301,5.6512,5.542,5.4329,5.324,5.2152,5.1067,4.9982,4.89,4.782,4.6743,4.6592,4.6532,4.6475,4.6421,4.6372,4.6327,4.6286,4.625,4.6219,4.668,4.828,4.9883,5.1488,5.3096,5.4708,5.6322,5.7939,5.956,6.1183,6.2664,6.408,6.5498,6.6918,6.8341,6.9765,7.1191,7.2619,7.405,7.5461,7.6598,7.7735,7.8873,8.0011,8.115,8.2288,8.3427,8.4566,8.5706,8.6228,8.601,8.5792,8.5574,8.5356,8.5139,8.4922,8.4704,8.4487,8.427,8.3549,8.273,8.1913,8.1096,8.0279,7.9463,7.8648,7.7833,7.7019,7.6084,7.4718,7.3353,7.1989,7.0627,6.9266,6.7906,6.6547,6.519,6.3834,6.318,6.2997,6.2813,6.2628,6.2442,6.2255,6.2067,6.1877,6.1687,6.1495,6.0809,6.0107,5.9404,5.8697,5.7988,5.7276,5.6561,5.5843,5.5123,5.4287,5.3241,5.219,5.1135,5.0075,4.901,4.794
13.3119,13.3138,13.3158,13.318,13.3202,13.3226,13.3251,13.3277,13.3166,13.2577,13.1992,13.1408,13.0827,13.0248,12.9672,12.9097,12.8525,12.7954,12.7181,12.6279,12.5379,12.4482,12.3588,12.2696,12.1806,12.0919,12.0033,11.915,11.8113,11.7074,11.6034,11.4994,11.3954,11.2913,11.1871,11.083,10.9788,10.8658,10.7381,10.6104,10.4826,10.3547,10.2267,10.0987,9.9707,9.8426,9.7144,9.5611,9.3997,9.2382,9.0766,8.915,8.7534,8.5918,8.4301,8.2684,8.0944,7.8449,7.5954,7.3459,7.0964,6.847,6.5976,6.3482,6.0989,5.8496,5.6806,5.5846,5.4887,5.393,5.2974,5.202,5.1068,5.0118,4.917,4.8224,4.8251,4.8381,4.8515,4.8652,4.8794,4.8939,4.9089,4.9243,4.9402,5.0003,5.1676,5.3352,5.5031,5.6712,5.8396,6.0084,6.1774,6.3468,6.5165,6.6687,6.8125,6.9565,7.1007,7.2451,7.3896,7.5344,7.6794,7.8247,7.9682,8.079,8.1898,8.3006,8.4115,8.5224,8.6333,8.7443,8.8553,8.9663,9.0183,8.9938,8.9693,8.9448,8.9204,8.8959,8.8714,8.847,8.8225,8.7981,8.7258,8.6427,8.5597,8.4767,8.3937,8.3109,8.228,8.1453,8.0626,7.9695,7.833,7.6967,7.5605,7.4244,7.2884,7.1525,7.0168,6.8812,6.7457,6.675,6.6531,6.6312,6.6091,6.587,6.5647,6.5424,6.5199,6.4973,6.4746,6.4022,6.3266,6.2507,6.1746,6.0982,6.0215,5.9445,5.8672,5.7896,5.7011,5.5889,5.4763,5.3632,5.2497,5.1356,5.0211
13.405,13.4041,13.4033,13.4027,13.4022,13.4017,13.4015,13.4013,13.3852,13.3186,13.2522,13.1861,13.1202,13.0545,12.9891,12.9238,12.8588,12.794,12.7053,12.6022,12.4993,12.3967,12.2943,12.1922,12.0904,11.9888,11.8873,11.7861,11.6822,11.5782,11.4742,11.3701,11.266,11.1619,11.0577,10.9534,10.8492,10.7371,10.6122,10.4872,10.3621,10.237,10.1118,9.9866,9.8613,9.7359,9.6105,9.4621,9.3062,9.1503,8.9944,8.8384,8.6824,8.5264,8.3704,8.2143,8.0462,7.8042,7.5622,7.3203,7.0783,6.8364,6.5945,6.3526,6.1108,5.869,5.7098,5.627,5.5443,5.4618,5.3794,5.2972,5.2152,5.1333,5.0517,4.9703,4.9907,5.0228,5.0552,5.088,5.1211,5.1547,5.1888,5.2232,5.2582,5.3325,5.5071,5.682,5.8572,6.0326,6.2084,6.3844,6.5608,6.7374,6.9144,7.0709,7.2169,7.3631,7.5094,7.656,7.8028,7.9497,8.0969,8.2443,8.3904,8.4982,8.6061,8.714,8.822,8.9299,9.0379,9.146,9.254,9.3621,9.414,9.3868,9.3596,9.3324,9.3052,9.278,9.2508,9.2237,9.1965,9.1693,9.0969,9.0125,8.9281,8.8438,8.7596,8.6755,8.5914,8.5073,8.4233,8.3307,8.1943,8.0581,7.922,7.786,7.6502,7.5145,7.3789,7.2434,7.1081,7.0321,7.0067,6.9812,6.9557,6.93,6.9042,6.8783,6.8523,6.8262,6.8,6.724,6.6429,6.5615,6.4798,6.3979,6.3157,6.2332,6.1505,6.0674,5.974,5.8543,5.7341,5.6135,5.4924,5.3708,5.2487
13.498,13.4943,13.4907,13.4873,13.484,13.4808,13.4777,13.4748,13.4536,13.3792,13.3051,13.2312,13.1575,13.084,13.0108,12.9378,12.8649,12.7923,12.6922,12.5762,12.4604,12.3449,12.2297,12.1147,11.9999,11.8854,11.7711,11.657,11.553,11.449,11.3449,11.2408,11.1366,11.0324,10.9282,10.8239,10.7196,10.6084,10.4862,10.364,10.2417,10.1193,9.9969,9.8744,9.7519,9.6293,9.5066,9.363,9.2128,9.0625,8.9122,8.7619,8.6115,8.4611,8.3106,8.1601,7.998,7.7635,7.5291,7.2946,7.0601,6.8257,6.5913,6.3569,6.1226,5.8884,5.739,5.6693,5.5998,5.5305,5.4613,5.3922,5.3234,5.2547,5.1863,5.1181,5.1561,5.2072,5.2586,5.3104,5.3626,5.4152,5.4683,5.5218,5.5758,5.6645,5.8464,6.0286,6.2111,6.3938,6.5769,6.7603,6.9439,7.1279,7.3122,7.4731,7.6213,7.7696,7.9181,8.0669,8.2158,8.3649,8.5143,8.6639,8.8127,8.9176,9.0225,9.1275,9.2325,9.3376,9.4427,9.5478,9.6529,9.758,9.8098,9.7799,9.7499,9.72,9.6901,9.6602,9.6303,9.6005,9.5706,9.5407,9.4679,9.3823,9.2966,9.2111,9.1256,9.0401,8.9548,8.8694,8.7841,8.6918,8.5556,8.4195,8.2835,8.1477,8.012,7.8764,7.7409,7.6056,7.4704,7.3894,7.3605,7.3315,7.3024,7.2732,7.2439,7.2145,7.185,7.1553,7.1256,7.0461,6.9595,6.8726,6.7855,6.698,6.6103,6.5224,6.4341,6.3455,6.2474,6.1202,5.9925,5.8643,5.7357,5.6065,5.4769
13.5908,13.5844,13.578,13.5718,13.5657,13.5598,13.5539,13.5482,13.5218,13.4396,13.3577,13.276,13.1945,13.1133,13.0323,12.9515,12.8709,12.7905,12.6788,12.5499,12.4212,12.2928,12.1647,12.0368,11.9092,11.7818,11.6546,11.528,11.4239,11.3198,11.2157,11.1115,11.0073,10.903,10.7987,10.6944,10.59,10.4797,10.3603,10.2408,10.1213,10.0017,9.882,9.7623,9.6425,9.5227,9.4028,9.2641,9.1194,8.9748,8.8301,8.6853,8.5405,8.3957,8.2509,8.106,7.9498,7.7228,7.4959,7.2689,7.0419,6.815,6.5881,6.3612,6.1344,5.9077,5.768,5.7116,5.6552,5.599,5.543,5.4871,5.4314,5.376,5.3207,5.2656,5.3212,5.3912,5.4617,5.5325,5.6037,5.6754,5.7474,5.82,5.8929,5.9963,6.1856,6.3751,6.5648,6.7549,6.9453,7.1359,7.3269,7.5182,7.7097,7.8752,8.0255,8.1761,8.3268,8.4777,8.6288,8.7801,8.9316,9.0833,9.2351,9.3371,9.4391,9.5411,9.6432,9.7454,9.8475,9.9497,10.0519,10.1541,10.2057,10.1731,10.1404,10.1078,10.0752,10.0426,10.01,9.9774,9.9448,9.9122,9.8391,9.7521,9.6652,9.5784,9.4916,9.4049,9.3182,9.2316,9.145,9.0529,8.9168,8.7809,8.645,8.5093,8.3738,8.2383,8.103,7.9678,7.8327,7.747,7.7146,7.682,7.6494,7.6167,7.5839,7.5509,7.5179,7.4847,7.4514,7.3686,7.2765,7.1841,7.0915,6.9985,6.9054,6.8119,6.7181,6.6241,6.5214,6.3866,6.2514,6.1157,5.9795,5.8428,5.7057
13.6836,13.6744,13.6653,13.6563,13.6474,13.6386,13.63,13.6215,13.5898,13.4998,13.4101,13.3206,13.2314,13.1424,13.0536,12.965,12.8766,12.7885,12.6651,12.5233,12.3817,12.2405,12.0995,11.9588,11.8182,11.678,11.5379,11.3989,11.2948,11.1906,11.0864,10.9822,10.8779,10.7736,10.6692,10.5648,10.4604,10.3511,10.2345,10.1177,10.0009,9.8841,9.7672,9.6502,9.5332,9.4161,9.2989,9.1651,9.0261,8.887,8.7479,8.6087,8.4696,8.3303,8.1911,8.0519,7.9016,7.6821,7.4626,7.2431,7.0237,6.8042,6.5848,6.3655,6.1462,5.9269,5.797,5.7536,5.7105,5.6674,5.6246,5.5819,5.5393,5.497,5.4549,5.413,5.4859,5.575,5.6645,5.7543,5.8445,5.9352,6.0262,6.1178,6.2097,6.328,6.5246,6.7214,6.9184,7.1158,7.3134,7.5114,7.7097,7.9082,8.1071,8.2773,8.4298,8.5825,8.7353,8.8884,9.0417,9.1952,9.3489,9.5028,9.6569,9.7566,9.8557,9.9549,10.054,10.1532,10.2525,10.3517,10.451,10.5503,10.6017,10.5664,10.531,10.4957,10.4603,10.425,10.3897,10.3544,10.3191,10.2838,10.2103,10.122,10.0339,9.9457,9.8577,9.7697,9.6817,9.5938,9.506,9.414,9.2781,9.1423,9.0066,8.871,8.7355,8.6002,8.465,8.33,8.195,8.1048,8.0688,8.0328,7.9966,7.9604,7.924,7.8875,7.8509,7.8143,7.7774,7.6914,7.5938,7.496,7.3978,7.2994,7.2007,7.1018,7.0025,6.903,6.7959,6.6536,6.5108,6.3676,6.2239,6.0797,5.935
13.7763,13.7643,13.7524,13.7406,13.729,13.7174,13.706,13.6947,13.6575,13.5597,13.4623,13.365,13.268,13.1712,13.0747,12.9783,12.8822,12.7863,12.6511,12.4964,12.342,12.1879,12.034,11.8804,11.727,11.5739,11.4209,11.2698,11.1656,11.0614,10.9572,10.8529,10.7485,10.6442,10.5397,10.4353,10.3308,10.2225,10.1086,9.9946,9.8806,9.7665,9.6523,9.5381,9.4238,9.3095,9.1951,9.0661,8.9327,8.7993,8.6658,8.5322,8.3986,8.265,8.1314,7.9977,7.8534,7.6414,7.4294,7.2174,7.0054,6.7935,6.5815,6.3697,6.1578,5.9461,5.8258,5.7956,5.7656,5.7357,5.706,5.6764,5.6471,5.6179,5.5889,5.5602,5.6504,5.7585,5.867,5.9758,6.085,6.1946,6.3047,6.4152,6.5262,6.6596,6.8634,7.0675,7.2719,7.4765,7.6815,7.8867,8.0922,8.2981,8.5043,8.6793,8.8339,8.9888,9.1438,9.2991,9.4545,9.6102,9.766,9.9221,10.0784,10.1763,10.2725,10.3687,10.4649,10.5612,10.6575,10.7538,10.8502,10.9466,10.9979,10.9598,10.9217,10.8837,10.8456,10.8076,10.7696,10.7316,10.6936,10.6556,10.5815,10.492,10.4026,10.3132,10.2238,10.1345,10.0453,9.9562,9.867,9.7751,9.6393,9.5036,9.3681,9.2326,9.0973,8.9621,8.8271,8.6921,8.5573,8.4628,8.4233,8.3837,8.344,8.3042,8.2644,8.2244,8.1843,8.1441,8.1037,8.0146,7.9115,7.8082,7.7046,7.6007,7.4965,7.3921,7.2873,7.1823,7.071,6.9211,6.7708,6.6201,6.4689,6.3172,6.165
13.8689,13.8541,13.8394,13.8248,13.8104,13.7961,13.7819,13.7678,13.7249,13.6194,13.5142,13.4092,13.3044,13.1999,13.0956,12.9915,12.8876,12.7839,12.6367,12.4692,12.3019,12.135,11.9683,11.8018,11.6356,11.4695,11.3037,11.1407,11.0365,10.9322,10.8279,10.7236,10.6192,10.5147,10.4103,10.3057,10.2012,10.0939,9.9828,9.8716,9.7603,9.6489,9.5375,9.426,9.3145,9.2029,9.0913,8.9672,8.8394,8.7115,8.5836,8.4557,8.3277,8.1997,8.0716,7.9435,7.8051,7.6006,7.3961,7.1916,6.9871,6.7826,6.5782,6.3738,6.1695,5.9652,5.8545,5.8375,5.8206,5.8039,5.7873,5.7709,5.7546,5.7386,5.7228,5.7072,5.8146,5.9417,6.0691,6.1969,6.3251,6.4537,6.5828,6.7123,6.8422,6.991,7.2021,7.4135,7.6251,7.8371,8.0493,8.2618,8.4746,8.6878,8.9013,9.0812,9.238,9.3951,9.5523,9.7097,9.8673,10.0251,10.1832,10.3414,10.4998,10.5961,10.6893,10.7826,10.8759,10.9693,11.0627,11.1561,11.2495,11.343,11.3941,11.3533,11.3125,11.2718,11.231,11.1903,11.1496,11.1089,11.0682,11.0275,10.9529,10.8621,10.7713,10.6807,10.59,10.4995,10.409,10.3185,10.2281,10.1362,10.0005,9.865,9.7296,9.5943,9.4591,9.324,9.1891,9.0543,8.9196,8.821,8.7779,8.7348,8.6916,8.6484,8.6038,8.5555,8.5074,8.4593,8.4113,8.3158,8.2044,8.0931,7.9821,7.8713,7.7606,7.6502,7.54,7.43,7.3159,7.1639,7.0125,6.8617,6.7115,6.5619,6.413
13.9609,13.9438,13.9263,13.909,13.8918,13.8747,13.8577,13.8409,13.7922,13.6789,13.5659,13.4532,13.3407,13.2284,13.1163,13.0044,12.8927,12.7813,12.6221,12.4417,12.2616,12.0818,11.9022,11.7229,11.5438,11.365,11.1863,11.0116,10.9073,10.803,10.6987,10.5942,10.4898,10.3853,10.2808,10.1762,10.0716,9.9654,9.857,9.7485,9.64,9.5314,9.4227,9.314,9.2052,9.0964,8.9875,8.8683,8.7461,8.6238,8.5015,8.3791,8.2567,8.1343,8.0119,7.8894,7.7569,7.5598,7.3628,7.1658,6.9688,6.7718,6.5748,6.3779,6.1811,5.9843,5.8831,5.8792,5.8755,5.8719,5.8684,5.8652,5.8621,5.8592,5.8565,5.854,5.9786,6.1246,6.271,6.4178,6.5649,6.7125,6.8605,7.0089,7.1579,7.3222,7.5406,7.7593,7.9782,8.1974,8.4169,8.6368,8.8569,9.0773,9.298,9.4831,9.6421,9.8013,9.9607,10.1202,10.28,10.44,10.6002,10.7606,10.9212,11.0159,11.1063,11.196,11.2835,11.3707,11.4578,11.5446,11.6311,11.7174,11.764,11.7166,11.6692,11.6218,11.5743,11.5268,11.4792,11.4316,11.384,11.3363,11.2569,11.1607,11.0645,10.9684,10.8723,10.7763,10.6803,10.5844,10.4885,10.3923,10.2523,10.1124,9.9726,9.8329,9.6933,9.5538,9.4143,9.275,9.1358,9.0296,8.9814,8.9332,8.8851,8.8371,8.7892,8.7414,8.6936,8.646,8.5984,8.5066,8.3972,8.288,8.1791,8.0703,7.9617,7.8534,7.7452,7.6373,7.5271,7.3824,7.2383,7.0949,6.952,6.8098,6.6681
13.967,13.9413,13.916,13.8909,13.8662,13.8418,13.8177,13.7939,13.7385,13.6231,13.5078,13.3926,13.2775,13.1624,13.0474,12.9324,12.8176,12.7027,12.536,12.3473,12.1588,11.9705,11.7822,11.5941,11.4061,11.2182,11.0304,10.8475,10.7414,10.6352,10.529,10.4229,10.3167,10.2105,10.1042,9.998,9.8917,9.7846,9.6763,9.5679,9.4595,9.351,9.2425,9.1339,9.0252,8.9165,8.8078,8.6875,8.564,8.4403,8.3166,8.1929,8.069,7.9451,7.821,7.6969,7.5644,7.3785,7.1925,7.0065,6.8204,6.6343,6.4482,6.2621,6.076,5.89,5.7986,5.805,5.8114,5.8178,5.8243,5.8309,5.8375,5.8442,5.851,5.8579,6.0035,6.174,6.345,6.5164,6.6884,6.861,7.0341,7.2078,7.3822,7.5675,7.7925,8.0177,8.2431,8.4688,8.6948,8.921,9.1476,9.3744,9.6016,9.7895,9.947,10.1046,10.2623,10.4201,10.578,10.7359,10.894,11.0521,11.2103,11.2961,11.3753,11.4544,11.5333,11.6119,11.6903,11.7684,11.8463,11.924,11.9663,11.9165,11.8667,11.8168,11.7669,11.7169,11.6669,11.6169,11.5668,11.5167,11.4373,11.3408,11.2443,11.1479,11.0515,10.9552,10.8589,10.7626,10.6664,10.5703,10.4318,10.2926,10.1536,10.0146,9.8757,9.7369,9.5983,9.4597,9.3213,9.213,9.1651,9.1174,9.0697,9.0221,8.9746,8.9272,8.8799,8.8327,8.7855,8.6972,8.5899,8.4828,8.3759,8.2692,8.1627,8.0564,7.9503,7.8444,7.7378,7.6005,7.4637,7.3275,7.192,7.057,6.9227
13.9729,13.9374,13.9024,13.8676,13.8332,13.799,13.7652,13.7316,13.6674,13.5484,13.4295,13.3107,13.1919,13.0732,12.9546,12.8361,12.7176,12.5992,12.4247,12.2279,12.0313,11.8349,11.6385,11.4423,11.2462,11.0502,10.8543,10.6644,10.5546,10.4448,10.335,10.2251,10.1153,10.0054,9.8956,9.7857,9.6758,9.5653,9.4542,9.3431,9.2319,9.1206,9.0093,8.898,8.7866,8.6751,8.5635,8.4365,8.305,8.1735,8.0419,7.9102,7.7785,7.6466,7.5147,7.3826,7.2453,7.0742,6.903,6.7318,6.5605,6.3892,6.2179,6.0466,5.8753,5.7041,5.6242,5.6401,5.6561,5.6721,5.6881,5.7043,5.7204,5.7367,5.753,5.7695,5.9412,6.1422,6.3437,6.5457,6.7482,6.9513,7.155,7.3593,7.5642,7.7751,8.0081,8.2414,8.4749,8.7087,8.9428,9.1771,9.4118,9.6467,9.8819,10.0743,10.2315,10.3889,10.5464,10.7039,10.8615,11.0192,11.177,11.3349,11.4929,11.5721,11.6428,11.7132,11.7834,11.8534,11.9232,11.9927,12.0619,12.1309,12.1687,12.1165,12.0642,12.0119,11.9596,11.9072,11.8548,11.8023,11.7498,11.6972,11.6177,11.5209,11.4241,11.3274,11.2307,11.1341,11.0375,10.9409,10.8444,10.7479,10.6112,10.4728,10.3345,10.1963,10.0581,9.9201,9.7822,9.6443,9.5066,9.3963,9.3489,9.3015,9.2543,9.2071,9.16,9.113,9.0661,9.0193,8.9725,8.8877,8.7825,8.6774,8.5726,8.4679,8.3635,8.2592,8.1552,8.0514,7.9478,7.8179,7.6885,7.5596,7.4314,7.3038,7.1768
13.9783,13.9332,13.8884,13.8439,13.7998,13.7559,13.7124,13.6691,13.5962,13.4736,13.3511,13.2286,13.1063,12.984,12.8618,12.7396,12.6175,12.4955,12.3132,12.1084,11.9037,11.6991,11.4947,11.2904,11.0862,10.8821,10.6781,10.4812,10.3677,10.2543,10.1408,10.0274,9.9139,9.8004,9.6869,9.5733,9.4598,9.3461,9.2322,9.1183,9.0043,8.8903,8.7762,8.6621,8.5479,8.4336,8.3193,8.1855,8.0461,7.9066,7.7671,7.6276,7.4879,7.3482,7.2083,7.0684,6.9262,6.7699,6.6135,6.457,6.3006,6.1441,5.9876,5.8311,5.6746,5.5181,5.4497,5.4752,5.5007,5.5263,5.5519,5.5775,5.6032,5.629,5.6549,5.6809,5.8783,6.1099,6.3419,6.5745,6.8075,7.0411,7.2753,7.5101,7.7455,7.9825,8.2236,8.465,8.7066,8.9485,9.1906,9.433,9.6758,9.9188,10.1621,10.3591,10.5161,10.6732,10.8304,10.9877,11.1451,11.3026,11.4601,11.6177,11.7755,11.8485,11.9105,11.9723,12.0339,12.0952,12.1563,12.2172,12.2778,12.3382,12.3713,12.3166,12.2619,12.2071,12.1524,12.0975,12.0427,11.9878,11.9328,11.8778,11.7982,11.7011,11.604,11.5069,11.4099,11.313,11.216,11.1192,11.0223,10.9255,10.7907,10.653,10.5154,10.3779,10.2405,10.1032,9.966,9.8289,9.6919,9.5796,9.5326,9.4857,9.4388,9.3921,9.3454,9.2988,9.2523,9.2059,9.1595,9.0781,8.9749,8.8719,8.7691,8.6665,8.5641,8.462,8.36,8.2582,8.1567,8.0349,7.9127,7.7912,7.6703,7.55,7.4303
13.9835,13.9286,13.8741,13.82,13.7661,13.7125,13.6593,13.6063,13.5248,13.3986,13.2725,13.1465,13.0205,12.8946,12.7688,12.6431,12.5174,12.3917,12.2016,11.9886,11.7758,11.5632,11.3507,11.1383,10.926,10.7138,10.5018,10.2979,10.1808,10.0637,9.9466,9.8295,9.7124,9.5953,9.4781,9.3609,9.2437,9.1268,9.0101,8.8934,8.7767,8.6599,8.543,8.4261,8.3092,8.1922,8.0751,7.9344,7.7871,7.6398,7.4924,7.3449,7.1974,7.0497,6.902,6.7542,6.6071,6.4655,6.3239,6.1823,6.0406,5.8988,5.7571,5.6154,5.4737,5.332,5.2752,5.3102,5.3453,5.3803,5.4155,5.4507,5.4859,5.5213,5.5567,5.5922,5.8151,6.0772,6.3397,6.6027,6.8662,7.1303,7.395,7.6603,7.9263,8.1897,8.4389,8.6884,8.9381,9.188,9.4382,9.6887,9.9395,10.1906,10.442,10.6439,10.8007,10.9575,11.1145,11.2715,11.4287,11.5859,11.7432,11.9006,12.058,12.1251,12.1785,12.2317,12.2846,12.3373,12.3898,12.4421,12.4941,12.5458,12.5739,12.5168,12.4596,12.4025,12.3453,12.288,12.2307,12.1734,12.116,12.0586,11.9787,11.8812,11.7838,11.6865,11.5891,11.4919,11.3946,11.2975,11.2003,11.1032,10.97,10.8331,10.6962,10.5595,10.4228,10.2863,10.1498,10.0135,9.8772,9.7629,9.7163,9.6698,9.6234,9.577,9.5307,9.4846,9.4385,9.3925,9.3465,9.2683,9.1672,9.0662,8.9655,8.865,8.7647,8.6645,8.5646,8.4649,8.3655,8.2513,8.1365,8.0222,7.9086,7.7956,7.6832
13.9883,13.9237,13.8595,13.7957,13.7321,13.6688,13.6059,13.5432,13.4534,13.3236,13.1939,13.0642,12.9347,12.8052,12.6758,12.5464,12.4171,12.2879,12.0897,11.8687,11.6478,11.4271,11.2065,10.986,10.7657,10.5454,10.3253,10.1146,9.9939,9.8731,9.7524,9.6316,9.5109,9.3901,9.2693,9.1485,9.0277,8.9075,8.788,8.6686,8.5491,8.4295,8.3099,8.1902,8.0705,7.9507,7.8308,7.6833,7.5281,7.3729,7.2176,7.0622,6.9068,6.7513,6.5956,6.4399,6.2879,6.1611,6.0343,5.9074,5.7805,5.6535,5.5266,5.3996,5.2727,5.1458,5.1006,5.1451,5.1897,5.2343,5.279,5.3237,5.3685,5.4134,5.4583,5.5034,5.7514,6.0439,6.3369,6.6304,6.9245,7.219,7.5142,7.81,8.1064,8.3968,8.654,8.9116,9.1693,9.4274,9.6857,9.9442,10.2031,10.4622,10.7217,10.9287,11.0852,11.2419,11.3986,11.5554,11.7122,11.8692,12.0263,12.1834,12.3406,12.402,12.4468,12.4913,12.5357,12.5798,12.6237,12.6673,12.7107,12.7538,12.7766,12.7171,12.6575,12.5979,12.5383,12.4786,12.4189,12.3591,12.2993,12.2394,12.1592,12.0614,11.9637,11.866,11.7684,11.6708,11.5733,11.4758,11.3783,11.2809,11.1494,11.0132,10.8771,10.741,10.6051,10.4693,10.3336,10.198,10.0625,9.9462,9.9,9.8539,9.8079,9.7619,9.7161,9.6703,9.6246,9.579,9.5335,9.4584,9.3593,9.2604,9.1618,9.0633,8.965,8.867,8.7691,8.6715,8.5741,8.4672,8.3597,8.2527,8.1464,8.0407,7.9356
13.9927,13.9185,13.8446,13.771,13.6978,13.6248,13.5522,13.4798,13.3818,13.2484,13.1151,12.9819,12.8487,12.7157,12.5826,12.4497,12.3168,12.184,11.9777,11.7486,11.5196,11.2908,11.0622,10.8336,10.6052,10.3768,10.1486,9.9312,9.8068,9.6824,9.5581,9.4337,9.3093,9.1849,9.0605,8.936,8.8115,8.6881,8.5659,8.4437,8.3214,8.1991,8.0767,7.9542,7.8317,7.7092,7.5865,7.4321,7.2691,7.106,6.9428,6.7795,6.6162,6.4528,6.2893,6.1257,5.9687,5.8567,5.7446,5.6325,5.5204,5.4082,5.296,5.1838,5.0716,4.9595,4.9259,4.9799,5.034,5.0882,5.1424,5.1966,5.2509,5.3053,5.3598,5.4144,5.6872,6.0102,6.3337,6.6577,6.9821,7.3072,7.6328,7.959,8.2859,8.6037,8.869,9.1346,9.4004,9.6665,9.9329,10.1995,10.4665,10.7337,11.0012,11.2135,11.3698,11.5262,11.6827,11.8392,11.9958,12.1526,12.3094,12.4663,12.6232,12.6792,12.7154,12.7513,12.7871,12.8226,12.8578,12.8928,12.9276,12.9621,12.9794,12.9175,12.8555,12.7934,12.7314,12.6693,12.6071,12.5449,12.4827,12.4204,12.3397,12.2416,12.1436,12.0456,11.9476,11.8497,11.7519,11.6541,11.5563,11.4586,11.3287,11.1932,11.0578,10.9225,10.7874,10.6523,10.5173,10.3824,10.2477,10.1295,10.0837,10.038,9.9923,9.9468,9.9014,9.856,9.8107,9.7655,9.7204,9.6484,9.5513,9.4545,9.3579,9.2615,9.1653,9.0693,8.9735,8.8779,8.7825,8.6826,8.5823,8.4827,8.3836,8.2852,8.1875
13.9968,13.9129,13.8293,13.7461,13.6631,13.5805,13.4982,13.4161,13.3102,13.1732,13.0363,12.8995,12.7627,12.626,12.4894,12.3529,12.2164,12.0799,11.8654,11.6283,11.3913,11.1544,10.9176,10.681,10.4445,10.2081,9.9718,9.7477,9.6197,9.4917,9.3637,9.2357,9.1077,8.9796,8.8516,8.7235,8.5954,8.4687,8.3438,8.2188,8.0937,7.9686,7.8435,7.7182,7.593,7.4676,7.3423,7.1809,7.01,6.839,6.668,6.4968,6.3256,6.1544,5.983,5.8115,5.6495,5.5522,5.4549,5.3576,5.2602,5.1627,5.0653,4.9679,4.8705,4.7731,4.7511,4.8147,4.8783,4.942,5.0057,5.0694,5.1333,5.1972,5.2612,5.3253,5.6226,5.9761,6.33,6.6844,7.0393,7.3947,7.7508,8.1075,8.4648,8.8104,9.0838,9.3574,9.6313,9.9055,10.1799,10.4546,10.7296,11.0049,11.2805,11.4984,11.6544,11.8105,11.9667,12.123,12.2794,12.4359,12.5925,12.7491,12.9058,12.9568,12.9843,13.0116,13.0387,13.0656,13.0923,13.1187,13.1448,13.1707,13.1823,13.1179,13.0535,12.9891,12.9246,12.86,12.7955,12.7308,12.6662,12.6015,12.5202,12.4218,12.3235,12.2252,12.1269,12.0287,11.9305,11.8324,11.7343,11.6363,11.5079,11.3732,11.2386,11.104,10.9696,10.8352,10.701,10.5669,10.4328,10.3127,10.2673,10.222,10.1768,10.1317,10.0866,10.0417,9.9968,9.952,9.9073,9.8382,9.7432,9.6484,9.5539,9.4595,9.3654,9.2714,9.1777,9.0841,8.9908,8.8974,8.8044,8.7121,8.6204,8.5292,8.4387
14.0006,13.907,13.8137,13.7208,13.6282,13.5359,13.4439,13.3521,13.2384,13.0978,12.9573,12.8169,12.6766,12.5363,12.3961,12.2559,12.1159,11.9758,11.753,11.5078,11.2627,11.0178,10.773,10.5283,10.2837,10.0392,9.7949,9.5642,9.4326,9.3009,9.1693,9.0377,8.906,8.7743,8.6426,8.5109,8.3792,8.2493,8.1216,7.9938,7.866,7.7381,7.6102,7.4822,7.3542,7.2261,7.098,6.9297,6.7509,6.572,6.3931,6.2141,6.0351,5.8559,5.6766,5.4973,5.3303,5.2478,5.1652,5.0826,4.9999,4.9172,4.8345,4.7518,4.6692,4.5865,4.5762,4.6493,4.7225,4.7956,4.8689,4.9422,5.0155,5.0889,5.1625,5.2361,5.5575,5.9414,6.3257,6.7106,7.0959,7.4818,7.8682,8.2553,8.643,9.0169,9.2984,9.5801,9.8621,10.1443,10.4268,10.7095,10.9926,11.2759,11.5595,11.7832,11.939,12.0949,12.2508,12.4069,12.563,12.7193,12.8756,13.032,13.1885,13.2346,13.2535,13.2722,13.2907,13.309,13.3271,13.3449,13.3624,13.3797,13.3853,13.3185,13.2517,13.1848,13.1179,13.0509,12.9839,12.9169,12.8498,12.7827,12.7007,12.602,12.5034,12.4048,12.3062,12.2077,12.1092,12.0108,11.9124,11.814,11.6871,11.5531,11.4192,11.2854,11.1517,11.0181,10.8846,10.7512,10.6179,10.4959,10.4509,10.406,10.3612,10.3165,10.2719,10.2273,10.1829,10.1385,10.0942,10.0279,9.9349,9.8422,9.7497,9.6574,9.5653,9.4734,9.3817,9.2902,9.199,9.1117,9.026,8.941,8.8565,8.7727,8.6895
14.004,13.9007,13.7978,13.6952,13.5929,13.4909,13.3892,13.2878,13.1665,13.0224,12.8783,12.7343,12.5903,12.4465,12.3027,12.1589,12.0153,11.8716,11.6404,11.3871,11.134,10.881,10.6281,10.3754,10.1227,9.8702,9.6178,9.3806,9.2453,9.1101,8.9748,8.8396,8.7043,8.569,8.4337,8.2983,8.1629,8.0298,7.8994,7.7688,7.6383,7.5076,7.3769,7.2462,7.1154,6.9846,6.8536,6.6784,6.4918,6.3051,6.1183,5.9314,5.7445,5.5574,5.3703,5.1831,5.011,4.9432,4.8754,4.8075,4.7396,4.6716,4.6037,4.5357,4.4678,4.3999,4.4013,4.4839,4.5665,4.6492,4.732,4.8148,4.8976,4.9806,5.0636,5.1467,5.492,5.9063,6.321,6.7362,7.152,7.5683,7.9851,8.4026,8.8207,9.2233,9.5128,9.8026,10.0926,10.3829,10.6734,10.9642,11.2553,11.5467,11.8384,12.0681,12.2236,12.3792,12.535,12.6908,12.8467,13.0026,13.1587,13.3148,13.4711,13.5127,13.523,13.5331,13.543,13.5527,13.5622,13.5714,13.5803,13.589,13.5884,13.5192,13.4499,13.3806,13.3113,13.2419,13.1725,13.103,13.0335,12.964,12.8813,12.7823,12.6833,12.5844,12.4855,12.3867,12.2879,12.1891,12.0904,11.9918,11.8663,11.7331,11.5999,11.4668,11.3339,11.201,11.0682,10.9356,10.803,10.679,10.6345,10.59,10.5456,10.5013,10.4571,10.4129,10.3689,10.3249,10.281,10.2174,10.1265,10.0359,9.9454,9.8552,9.7651,9.6753,9.5856,9.4962,9.407,9.3255,9.2471,9.1693,9.0921,9.0156,8.9397
14.0071,13.8941,13.7815,13.6693,13.5573,13.4457,13.3343,13.2232,13.0946,12.9468,12.7991,12.6515,12.504,12.3566,12.2092,12.0618,11.9146,11.7674,11.5276,11.2663,11.0051,10.744,10.4831,10.2223,9.9616,9.701,9.4405,9.197,9.0581,8.9192,8.7803,8.6414,8.5025,8.3636,8.2246,8.0857,7.9467,7.8104,7.6771,7.5438,7.4105,7.2771,7.1437,7.0102,6.8766,6.743,6.6093,6.4272,6.2326,6.038,5.8434,5.6487,5.4539,5.259,5.064,4.8689,4.6917,4.6387,4.5856,4.5324,4.4792,4.426,4.3727,4.3195,4.2663,4.2131,4.2263,4.3184,4.4105,4.5027,4.595,4.6872,4.7796,4.872,4.9646,5.0572,5.4261,5.8707,6.3158,6.7614,7.2075,7.6542,8.1014,8.5493,8.9978,9.4295,9.7271,10.0249,10.3229,10.6213,10.9198,11.2187,11.5179,11.8173,12.117,12.3529,12.5082,12.6636,12.8191,12.9746,13.1303,13.286,13.4418,13.5977,13.7537,13.7911,13.7928,13.7943,13.7957,13.7967,13.7976,13.7982,13.7986,13.7987,13.7916,13.72,13.6483,13.5766,13.5048,13.433,13.3612,13.2893,13.2173,13.1454,13.0618,12.9625,12.8632,12.764,12.6648,12.5657,12.4666,12.3675,12.2685,12.1695,12.0455,11.9129,11.7805,11.6482,11.5159,11.3838,11.2518,11.1198,10.988,10.8622,10.818,10.774,10.73,10.6861,10.6423,10.5985,10.5549,10.5113,10.4679,10.4068,10.318,10.2294,10.141,10.0528,9.9648,9.877,9.7894,9.702,9.6149,9.5387,9.4676,9.3971,9.3272,9.2579,9.1893
14.0098,13.8872,13.765,13.643,13.5214,13.4001,13.2791,13.1584,13.0225,12.8711,12.7199,12.5687,12.4176,12.2665,12.1156,11.9647,11.8138,11.663,11.4146,11.1452,10.876,10.6069,10.3379,10.0691,9.8003,9.5317,9.2631,9.0132,8.8707,8.7282,8.5857,8.4432,8.3007,8.1581,8.0155,7.873,7.7303,7.5909,7.4549,7.3188,7.1827,7.0466,6.9104,6.7741,6.6378,6.5014,6.365,6.1758,5.9734,5.771,5.5685,5.3659,5.1632,4.9605,4.7577,4.5547,4.3724,4.3341,4.2957,4.2572,4.2187,4.1802,4.1417,4.1032,4.0647,4.0263,4.0512,4.1528,4.2544,4.3561,4.4578,4.5596,4.6615,4.7634,4.8654,4.9675,5.3597,5.8347,6.3101,6.7861,7.2625,7.7396,8.2172,8.6954,9.1742,9.6356,9.9412,10.247,10.5531,10.8595,11.1661,11.473,11.7802,12.0877,12.3954,12.6378,12.7928,12.948,13.1032,13.2585,13.4139,13.5694,13.7249,13.8806,14.0363,14.0697,14.0629,14.0558,14.0486,14.0411,14.0333,14.0254,14.0171,14.0087,13.9949,13.9209,13.8467,13.7726,13.6984,13.6242,13.5499,13.4756,13.4013,13.3269,13.2424,13.1428,13.0432,12.9436,12.8441,12.7447,12.6453,12.5459,12.4466,12.3473,12.2246,12.0928,11.9611,11.8295,11.698,11.5666,11.4353,11.3041,11.173,11.0453,11.0016,10.9579,10.9143,10.8708,10.8274,10.7841,10.7409,10.6977,10.6547,10.5961,10.5093,10.4228,10.3364,10.2503,10.1643,10.0786,9.993,9.9077,9.8226,9.7514,9.6876,9.6244,9.5618,9.4998,9.4384
14.0122,13.88,13.748,13.6165,13.4852,13.3542,13.2236,13.0932,12.9503,12.7953,12.6405,12.4857,12.331,12.1764,12.0219,11.8674,11.7129,11.5586,11.3014,11.024,10.7467,10.4696,10.1926,9.9157,9.6389,9.3622,9.0856,8.8295,8.6833,8.5372,8.3911,8.2449,8.0988,7.9526,7.8064,7.6602,7.514,7.3713,7.2326,7.0938,6.9549,6.816,6.677,6.538,6.399,6.2598,6.1206,5.9245,5.7142,5.5039,5.2936,5.0831,4.8726,4.662,4.4513,4.2405,4.0531,4.0295,4.0058,3.982,3.9582,3.9344,3.9106,3.8868,3.863,3.8393,3.876,3.9871,4.0982,4.2094,4.3206,4.4319,4.5432,4.6547,4.7662,4.8778,5.2928,5.7981,6.3039,6.8102,7.317,7.8244,8.3323,8.8409,9.35,9.8415,10.1551,10.469,10.7831,11.0975,11.4122,11.7271,12.0423,12.3578,12.6736,12.9227,13.0775,13.2323,13.3873,13.5424,13.6975,13.8528,14.0081,14.1635,14.319,14.3487,14.3333,14.3177,14.3018,14.2857,14.2694,14.2529,14.2361,14.219,14.1983,14.1218,14.0453,13.9687,13.8921,13.8155,13.7388,13.6621,13.5853,13.5085,13.423,13.323,13.2231,13.1233,13.0235,12.9237,12.824,12.7243,12.6247,12.5251,12.4036,12.2726,12.1416,12.0107,11.88,11.7493,11.6188,11.4883,11.3579,11.2284,11.1851,11.1418,11.0986,11.0556,11.0126,10.9697,10.9268,10.8841,10.8414,10.7852,10.7005,10.616,10.5317,10.4476,10.3637,10.28,10.1965,10.1132,10.0302,9.9636,9.9071,9.8511,9.7958,9.741,9.6869
