12.5022,12.4673,12.4324,12.3976,12.3628,12.328,12.2933,12.2586,12.2239,12.1893,12.155,12.1208,12.0865,12.0523,12.0181,11.9838,11.9496,11.9154,11.8812,11.8056,11.712,11.6183,11.5246,11.431,11.3373,11.2436,11.15,11.0563,11.0053,11.0449,11.0845,11.1243,11.1641,11.2039,11.2437,11.2835,11.3233,11.3631,11.3911,11.4185,11.4459,11.4733,11.5007,11.528,11.5554,11.5828,11.6102,11.6446,11.6844,11.7241,11.7639,11.8036,11.8434,11.8831,11.9229,11.9626,11.9807,11.9114,11.8421,11.7728,11.7035,11.6341,11.5648,11.4955,11.4262,11.3569,11.2617,11.161,11.0603,10.9596,10.8589,10.7582,10.6575,10.5569,10.4562,10.4144,10.4447,10.4751,10.5055,10.536,10.5665,10.597,10.6276,10.6582,10.6871,10.6948,10.7025,10.7103,10.7181,10.7259,10.7338,10.7418,10.7498,10.7579,10.7839,10.8174,10.8508,10.8842,10.9174,10.9506,10.9836,11.0166,11.0494,11.0532,10.9969,10.9406,10.8842,10.8279,10.7716,10.7153,10.659,10.6027,10.5464,10.5301,10.5158,10.5014,10.4867,10.4719,10.4569,10.4416,10.4262,10.4105,10.4121,10.4269,10.4417,10.4565,10.4714,10.4862,10.5011,10.516,10.5309,10.5399,10.5238,10.5077,10.4916,10.4755,10.4594,10.4432,10.4271,10.411,10.3948,10.3686,10.3395,10.3098,10.2796,10.2487,10.2172,10.1851,10.1523,10.1189,10.0757,10.0197,9.9633,9.9067,9.8497,9.7924,9.7347,9.6767,9.6184,9.5594,9.4915,9.4235,9.3555,9.2874,9.2193,9.1511,9.0829,9.0146,8.9463
12.5269,12.4911,12.4555,12.4198,12.3842,12.3486,12.3131,12.2776,12.2421,12.2067,12.1725,12.1382,12.104,12.0697,12.0355,12.0013,11.967,11.9328,11.8986,11.8226,11.7294,11.6361,11.5428,11.4495,11.3563,11.263,11.1697,11.0764,11.025,11.0586,11.0923,11.1261,11.16,11.194,11.228,11.2622,11.2964,11.3306,11.3585,11.3861,11.4136,11.4412,11.4687,11.4962,11.5237,11.5512,11.5787,11.6123,11.6505,11.6887,11.7268,11.765,11.8031,11.8413,11.8794,11.9175,11.9354,11.8717,11.8079,11.7442,11.6804,11.6167,11.553,11.4893,11.4257,11.3621,11.2695,11.1705,11.0715,10.9726,10.8737,10.7748,10.676,10.5771,10.4784,10.4373,10.4688,10.5004,10.5319,10.5635,10.5951,10.6267,10.6584,10.6901,10.7204,10.7295,10.7388,10.748,10.7573,10.7667,10.7761,10.7856,10.7951,10.8047,10.8283,10.8581,10.8879,10.9176,10.9472,10.9767,11.0061,11.0354,11.0646,11.0673,11.011,10.9547,10.8983,10.842,10.7857,10.7294,10.673,10.6167,10.5604,10.5391,10.5203,10.5013,10.4821,10.4627,10.4431,10.4233,10.4033,10.3831,10.3822,10.3975,10.4128,10.4282,10.4435,10.4588,10.4742,10.4896,10.505,10.5153,10.4992,10.4831,10.467,10.4509,10.4348,10.4186,10.4025,10.3863,10.3702,10.337,10.2984,10.2592,10.2195,10.1791,10.1381,10.0965,10.0543,10.0114,9.9615,9.9013,9.8408,9.78,9.7189,9.6574,9.5957,9.5335,9.4711,9.4082,9.3403,9.2724,9.2044,9.1363,9.0682,9,8.9318,8.8635,8.7952
12.5515,12.515,12.4785,12.442,12.4056,12.3692,12.3328,12.2965,12.2602,12.2242,12.1899,12.1556,12.1214,12.0872,12.0529,12.0187,11.9845,11.9503,11.916,11.8396,11.7468,11.6539,11.561,11.4681,11.3753,11.2824,11.1895,11.0966,11.0445,11.0722,11.0999,11.1278,11.1558,11.1838,11.2119,11.2401,11.2684,11.2967,11.3243,11.3519,11.3794,11.407,11.4345,11.462,11.4896,11.5171,11.5445,11.5772,11.6136,11.65,11.6863,11.7227,11.7591,11.7954,11.8317,11.868,11.8858,11.8282,11.7706,11.7129,11.6553,11.5977,11.5401,11.4826,11.4251,11.3676,11.2777,11.1805,11.0834,10.9862,10.8891,10.792,10.6949,10.5979,10.5009,10.4604,10.493,10.5256,10.5583,10.591,10.6237,10.6564,10.6892,10.722,10.7536,10.7643,10.775,10.7858,10.7966,10.8074,10.8184,10.8293,10.8403,10.8514,10.8727,10.899,10.9251,10.9512,10.9771,11.0029,11.0287,11.0543,11.0798,11.0815,11.0251,10.9688,10.9124,10.8561,10.7998,10.7435,10.6871,10.6308,10.5745,10.5483,10.5249,10.5014,10.4776,10.4537,10.4296,10.4053,10.3807,10.356,10.3523,10.3681,10.3839,10.3998,10.4156,10.4315,10.4473,10.4632,10.4791,10.4907,10.4746,10.4585,10.4424,10.4263,10.4101,10.394,10.3779,10.3617,10.3456,10.3059,10.2578,10.2092,10.1599,10.1101,10.0596,10.0085,9.9568,9.9044,9.8475,9.7832,9.7186,9.6536,9.5884,9.5228,9.4569,9.3906,9.324,9.2571,9.1892,9.1212,9.0532,8.9852,8.917,8.8489,8.7807,8.7124,8.6441
12.5762,12.5388,12.5015,12.4642,12.427,12.3898,12.3526,12.3154,12.2783,12.2416,12.2073,12.1731,12.1388,12.1046,12.0704,12.0361,12.0019,11.9677,11.9335,11.8567,11.7642,11.6717,11.5792,11.4867,11.3943,11.3018,11.2093,11.1168,11.0639,11.0857,11.1075,11.1294,11.1514,11.1736,11.1957,11.218,11.2403,11.2627,11.2901,11.3177,11.3453,11.3728,11.4004,11.4279,11.4554,11.4829,11.5104,11.542,11.5766,11.6112,11.6458,11.6804,11.715,11.7495,11.7841,11.8186,11.8362,11.7847,11.7332,11.6817,11.6302,11.5787,11.5273,11.4758,11.4244,11.3731,11.2859,11.1905,11.0952,10.9998,10.9045,10.8091,10.7139,10.6186,10.5234,10.4834,10.5171,10.5509,10.5846,10.6184,10.6522,10.6861,10.7199,10.7538,10.7868,10.799,10.8112,10.8235,10.8358,10.8481,10.8605,10.873,10.8855,10.8981,10.9173,10.9399,10.9624,10.9848,11.0071,11.0293,11.0514,11.0734,11.0953,11.0956,11.0392,10.9829,10.9265,10.8702,10.8139,10.7575,10.7012,10.6449,10.5886,10.5576,10.5297,10.5017,10.4734,10.4449,10.4162,10.3874,10.3583,10.329,10.3224,10.3387,10.355,10.3714,10.3877,10.4041,10.4204,10.4368,10.4532,10.466,10.45,10.4339,10.4178,10.4016,10.3855,10.3694,10.3533,10.3371,10.321,10.2754,10.2178,10.1597,10.101,10.0416,9.9817,9.9211,9.8599,9.7981,9.7338,9.6654,9.5966,9.5275,9.4582,9.3884,9.3184,9.248,9.1772,9.1062,9.038,8.9701,8.9021,8.834,8.7659,8.6977,8.6295,8.5613,8.4929
12.6008,12.5626,12.5245,12.4864,12.4483,12.4103,12.3723,12.3343,12.2964,12.259,12.2247,12.1905,12.1563,12.122,12.0878,12.0536,12.0193,11.9851,11.9509,11.8737,11.7816,11.6895,11.5974,11.5054,11.4133,11.3212,11.2291,11.137,11.0833,11.0991,11.115,11.131,11.1471,11.1632,11.1795,11.1958,11.2122,11.2287,11.2559,11.2835,11.3111,11.3386,11.3662,11.3937,11.4212,11.4488,11.4763,11.5069,11.5397,11.5725,11.6053,11.6381,11.6709,11.7037,11.7364,11.7692,11.7866,11.7412,11.6958,11.6504,11.605,11.5597,11.5143,11.469,11.4238,11.3785,11.2941,11.2005,11.1069,11.0133,10.9198,10.8263,10.7328,10.6393,10.5458,10.5065,10.5413,10.5761,10.611,10.6458,10.6807,10.7157,10.7506,10.7856,10.8199,10.8336,10.8473,10.8611,10.8749,10.8888,10.9027,10.9167,10.9307,10.9448,10.962,10.981,10.9998,11.0186,11.0372,11.0558,11.0742,11.0926,11.1108,11.1097,11.0534,10.997,10.9407,10.8843,10.828,10.7716,10.7153,10.659,10.6026,10.5672,10.5348,10.5021,10.4693,10.4363,10.4031,10.3697,10.3361,10.3022,10.2925,10.3093,10.3261,10.3429,10.3598,10.3766,10.3935,10.4104,10.4273,10.4414,10.4253,10.4092,10.3931,10.377,10.3609,10.3448,10.3286,10.3125,10.2963,10.2454,10.1784,10.1108,10.0426,9.9738,9.9044,9.8344,9.7637,9.6924,9.6204,9.5478,9.4749,9.4017,9.3282,9.2543,9.1802,9.1056,9.0308,8.9556,8.8869,8.8189,8.7509,8.6829,8.6148,8.5466,8.4784,8.4101,8.3418
12.6254,12.5864,12.5474,12.5085,12.4696,12.4308,12.392,12.3532,12.3145,12.2764,12.2422,12.2079,12.1737,12.1394,12.1052,12.071,12.0368,12.0026,11.9684,11.8907,11.7991,11.7074,11.6157,11.524,11.4323,11.3406,11.2489,11.1572,11.1025,11.1124,11.1223,11.1324,11.1426,11.1528,11.1632,11.1736,11.184,11.1945,11.2217,11.2493,11.2769,11.3044,11.332,11.3595,11.3871,11.4146,11.4421,11.4717,11.5027,11.5338,11.5648,11.5958,11.6268,11.6578,11.6888,11.7197,11.737,11.6977,11.6584,11.6191,11.5799,11.5406,11.5014,11.4622,11.423,11.3839,11.3023,11.2105,11.1187,11.0269,10.9351,10.8434,10.7516,10.6599,10.5683,10.5295,10.5654,10.6013,10.6373,10.6733,10.7093,10.7453,10.7813,10.8174,10.8531,10.8682,10.8835,10.8987,10.9141,10.9294,10.9448,10.9603,10.9758,10.9914,11.0068,11.0221,11.0373,11.0524,11.0674,11.0823,11.0971,11.1118,11.1264,11.1238,11.0675,11.0111,10.9548,10.8984,10.8421,10.7857,10.7294,10.6731,10.6167,10.5769,10.54,10.5028,10.4655,10.4279,10.3902,10.3522,10.3141,10.2757,10.2625,10.2798,10.2971,10.3144,10.3318,10.3492,10.3665,10.3839,10.4013,10.4168,10.4007,10.3846,10.3685,10.3524,10.3363,10.3202,10.304,10.2879,10.2717,10.216,10.1395,10.0625,9.9848,9.9065,9.8277,9.7482,9.6681,9.5873,9.5073,9.4305,9.3535,9.2762,9.1985,9.1206,9.0422,8.9636,8.8846,8.8053,8.7358,8.6678,8.5998,8.5317,8.4636,8.3955,8.3273,8.259,8.1907
12.6499,12.6101,12.5704,12.5306,12.4909,12.4513,12.4117,12.3721,12.3325,12.2938,12.2596,12.2253,12.1911,12.1569,12.1227,12.0884,12.0542,12.02,11.9858,11.9078,11.8165,11.7252,11.6339,11.5426,11.4513,11.36,11.2687,11.1774,11.1216,11.1256,11.1296,11.1338,11.138,11.1423,11.1467,11.1512,11.1558,11.1604,11.1875,11.2151,11.2427,11.2703,11.2978,11.3254,11.3529,11.3804,11.408,11.4365,11.4658,11.495,11.5243,11.5535,11.5827,11.6119,11.6411,11.6703,11.6874,11.6542,11.621,11.5878,11.5547,11.5215,11.4884,11.4553,11.4222,11.3892,11.3105,11.2205,11.1304,11.0404,10.9504,10.8604,10.7705,10.6806,10.5907,10.5525,10.5895,10.6265,10.6636,10.7006,10.7377,10.7749,10.812,10.8492,10.8862,10.9028,10.9196,10.9363,10.9531,10.97,10.9869,11.0039,11.0209,11.038,11.0518,11.0634,11.0749,11.0864,11.0978,11.109,11.1202,11.1312,11.1422,11.138,11.0816,11.0252,10.9689,10.9125,10.8562,10.7998,10.7435,10.6871,10.6308,10.5869,10.5454,10.5037,10.4618,10.4197,10.3774,10.3349,10.2922,10.2493,10.2325,10.2503,10.2681,10.286,10.3038,10.3217,10.3395,10.3574,10.3754,10.3922,10.3761,10.36,10.3439,10.3278,10.3117,10.2955,10.2794,10.2633,10.2471,10.1872,10.1012,10.0147,9.9276,9.8399,9.7516,9.6626,9.573,9.4828,9.3944,9.3135,9.2324,9.1509,9.0692,8.987,8.9046,8.8218,8.7387,8.6553,8.5846,8.5167,8.4487,8.3806,8.3125,8.2443,8.1761,8.1079,8.0396
12.6744,12.6338,12.5933,12.5527,12.5122,12.4717,12.4313,12.3909,12.3505,12.3113,12.277,12.2428,12.2085,12.1743,12.1401,12.1059,12.0717,12.0374,12.0032,11.9249,11.834,11.7431,11.6521,11.5612,11.4703,11.3794,11.2885,11.1976,11.1407,11.1387,11.1368,11.135,11.1334,11.1318,11.1302,11.1288,11.1274,11.1261,11.1533,11.1809,11.2085,11.2361,11.2636,11.2912,11.3188,11.3463,11.3738,11.4013,11.4288,11.4563,11.4837,11.5112,11.5386,11.5661,11.5935,11.6209,11.6377,11.6107,11.5836,11.5565,11.5294,11.5024,11.4754,11.4484,11.4214,11.3945,11.3187,11.2304,11.1422,11.0539,10.9657,10.8775,10.7893,10.7012,10.6131,10.5755,10.6136,10.6517,10.6899,10.728,10.7662,10.8044,10.8427,10.881,10.9192,10.9374,10.9556,10.9739,10.9922,11.0106,11.029,11.0474,11.066,11.0845,11.0968,11.1048,11.1127,11.1205,11.1282,11.1358,11.1434,11.1508,11.1581,11.1521,11.0957,11.0393,10.983,10.9266,10.8703,10.8139,10.7576,10.7012,10.6449,10.597,10.5509,10.5047,10.4583,10.4117,10.3649,10.3179,10.2706,10.2232,10.2025,10.2208,10.2391,10.2574,10.2758,10.2942,10.3125,10.3309,10.3493,10.3676,10.3515,10.3354,10.3193,10.3032,10.2871,10.2709,10.2548,10.2386,10.2225,10.1589,10.0635,9.9675,9.871,9.7738,9.676,9.5776,9.4786,9.379,9.2818,9.1968,9.1115,9.026,8.9401,8.8538,8.7673,8.6804,8.5931,8.5055,8.4335,8.3655,8.2975,8.2295,8.1614,8.0932,8.025,7.9567,7.8884
12.6989,12.6575,12.6161,12.5748,12.5334,12.4922,12.4509,12.4097,12.3685,12.3287,12.2944,12.2602,12.226,12.1917,12.1575,12.1233,12.0891,12.0549,12.0207,11.9419,11.8514,11.7609,11.6704,11.5799,11.4894,11.3989,11.3083,11.2178,11.1596,11.1517,11.1439,11.1362,11.1286,11.1211,11.1137,11.1063,11.099,11.0918,11.1191,11.1467,11.1743,11.2019,11.2295,11.257,11.2846,11.3121,11.3397,11.3661,11.3918,11.4175,11.4432,11.4689,11.4945,11.5202,11.5458,11.5714,11.5881,11.5671,11.5461,11.5251,11.5042,11.4832,11.4623,11.4414,11.4206,11.3998,11.3269,11.2403,11.1539,11.0674,10.981,10.8945,10.8082,10.7218,10.6355,10.5985,10.6377,10.6769,10.7161,10.7554,10.7947,10.834,10.8733,10.9127,10.9521,10.9719,10.9917,11.0114,11.0312,11.0511,11.071,11.091,11.111,11.131,11.1419,11.1462,11.1505,11.1547,11.1588,11.1628,11.1666,11.1704,11.1741,11.1662,11.1098,11.0535,10.9971,10.9407,10.8844,10.828,10.7716,10.7153,10.6589,10.6073,10.5567,10.5059,10.455,10.4039,10.3525,10.301,10.2492,10.1973,10.1724,10.1912,10.2101,10.2289,10.2478,10.2666,10.2855,10.3044,10.3233,10.3422,10.3269,10.3108,10.2947,10.2786,10.2624,10.2463,10.2302,10.214,10.1979,10.1312,10.0263,9.9209,9.8149,9.7083,9.6011,9.4933,9.3848,9.2757,9.1694,9.0803,8.991,8.9013,8.8112,8.7209,8.6302,8.5392,8.4478,8.3561,8.2823,8.2144,8.1464,8.0783,8.0102,7.9421,7.8739,7.8056,7.7373
12.7234,12.6812,12.639,12.5968,12.5547,12.5126,12.4705,12.4285,12.3865,12.3461,12.3119,12.2776,12.2434,12.2092,12.1749,12.1407,12.1065,12.0723,12.0381,11.959,11.8689,11.7788,11.6887,11.5985,11.5084,11.4183,11.3282,11.238,11.1784,11.1646,11.1509,11.1373,11.1238,11.1104,11.097,11.0837,11.0705,11.0574,11.0849,11.1125,11.1401,11.1677,11.1953,11.2229,11.2504,11.278,11.3055,11.3309,11.3548,11.3787,11.4027,11.4265,11.4504,11.4743,11.4982,11.522,11.5384,11.5235,11.5087,11.4938,11.4789,11.464,11.4492,11.4344,11.4197,11.4049,11.335,11.2503,11.1656,11.0809,10.9962,10.9116,10.8269,10.7424,10.6578,10.6215,10.6617,10.702,10.7424,10.7827,10.8231,10.8635,10.904,10.9444,10.9849,11.0064,11.0276,11.0489,11.0702,11.0916,11.113,11.1344,11.1559,11.1775,11.1871,11.1878,11.1884,11.189,11.1894,11.1898,11.19,11.1902,11.1902,11.1803,11.1239,11.0676,11.0112,10.9548,10.8984,10.8421,10.7857,10.7294,10.673,10.6178,10.5627,10.5074,10.4519,10.3962,10.3404,10.2843,10.228,10.1716,10.1424,10.1617,10.181,10.2003,10.2197,10.2391,10.2584,10.2778,10.2972,10.3167,10.3023,10.2862,10.2701,10.2539,10.2378,10.2217,10.2056,10.1894,10.1733,10.104,9.9898,9.8749,9.7595,9.6434,9.5268,9.4095,9.2916,9.1731,9.0574,8.9642,8.8707,8.7768,8.6827,8.5882,8.4934,8.3983,8.3028,8.207,8.1312,8.0632,7.9952,7.9272,7.8591,7.7909,7.7227,7.6545,7.5862
12.7478,12.7048,12.6618,12.6188,12.5758,12.5329,12.4901,12.4472,12.4044,12.3635,12.3293,12.2951,12.2608,12.2266,12.1924,12.1582,12.124,12.0898,12.0556,11.9761,11.8864,11.7967,11.7069,11.6172,11.5275,11.4377,11.348,11.2583,11.1971,11.1774,11.1578,11.1383,11.1189,11.0995,11.0803,11.0611,11.042,11.023,11.0507,11.0783,11.1059,11.1335,11.1611,11.1887,11.2163,11.2438,11.2714,11.2957,11.3178,11.34,11.3621,11.3842,11.4063,11.4284,11.4505,11.4726,11.4888,11.48,11.4712,11.4624,11.4536,11.4448,11.4361,11.4274,11.4187,11.4101,11.3431,11.2602,11.1772,11.0943,11.0114,10.9286,10.8457,10.7629,10.6801,10.6444,10.6858,10.7272,10.7686,10.81,10.8515,10.893,10.9346,10.9761,11.0177,11.0409,11.0636,11.0864,11.1092,11.132,11.1549,11.1779,11.2009,11.2239,11.2324,11.2295,11.2265,11.2234,11.2202,11.2169,11.2135,11.2101,11.2065,11.1945,11.1381,11.0817,11.0253,10.9689,10.9125,10.8562,10.7998,10.7435,10.6871,10.6284,10.5688,10.509,10.449,10.3888,10.3284,10.2678,10.2071,10.1461,10.1123,10.1321,10.1519,10.1717,10.1916,10.2115,10.2313,10.2512,10.2712,10.2911,10.2776,10.2615,10.2454,10.2293,10.2132,10.1971,10.1809,10.1648,10.1486,10.0774,9.9537,9.8294,9.7046,9.5791,9.453,9.3263,9.199,9.071,8.9456,8.8482,8.7506,8.6527,8.5544,8.4558,8.3569,8.2577,8.1581,8.0582,7.98,7.9121,7.8441,7.776,7.7079,7.6398,7.5716,7.5033,7.435
12.7722,12.7284,12.6845,12.6408,12.597,12.5533,12.5096,12.4659,12.4223,12.381,12.3467,12.3125,12.2783,12.244,12.2098,12.1756,12.1414,12.1072,12.073,11.9932,11.9039,11.8145,11.7252,11.6359,11.5465,11.4572,11.3679,11.2785,11.2157,11.1901,11.1646,11.1392,11.1139,11.0886,11.0635,11.0384,11.0134,10.9888,11.0165,11.0441,11.0717,11.0993,11.1269,11.1545,11.1821,11.2097,11.2372,11.2605,11.2808,11.3012,11.3216,11.3419,11.3622,11.3826,11.4029,11.4232,11.4391,11.4364,11.4337,11.4309,11.4283,11.4256,11.4229,11.4203,11.4177,11.4152,11.3512,11.27,11.1889,11.1077,11.0266,10.9455,10.8645,10.7834,10.7024,10.6673,10.7098,10.7523,10.7948,10.8373,10.8799,10.9225,10.9651,11.0078,11.0505,11.0753,11.0995,11.1238,11.1481,11.1724,11.1968,11.2213,11.2458,11.2703,11.2778,11.2712,11.2646,11.2579,11.2511,11.2442,11.2372,11.23,11.2228,11.2086,11.1522,11.0958,11.0394,10.983,10.9266,10.8703,10.8139,10.7575,10.7012,10.6393,10.5751,10.5108,10.4463,10.3816,10.3167,10.2516,10.1863,10.1207,10.0822,10.1025,10.1228,10.1431,10.1635,10.1839,10.2042,10.2246,10.245,10.2655,10.253,10.2369,10.2208,10.2047,10.1886,10.1725,10.1563,10.1402,10.124,10.0514,9.9183,9.7846,9.6503,9.5154,9.3799,9.2437,9.107,8.9696,8.834,8.7326,8.6309,8.5288,8.4264,8.3237,8.2207,8.1173,8.0137,7.9096,7.8289,7.7609,7.6929,7.6249,7.5568,7.4886,7.4205,7.3522,7.2839
12.7966,12.7519,12.7073,12.6627,12.6181,12.5736,12.5291,12.4846,12.4402,12.3984,12.3641,12.3299,12.2957,12.2615,12.2272,12.193,12.1588,12.1246,12.0905,12.0103,11.9214,11.8324,11.7435,11.6545,11.5656,11.4767,11.3877,11.2988,11.2343,11.2028,11.1713,11.14,11.1088,11.0777,11.0466,11.0156,10.9847,10.9546,10.9823,11.0099,11.0375,11.0652,11.0928,11.1204,11.1479,11.1755,11.2031,11.2252,11.2438,11.2624,11.281,11.2996,11.3181,11.3367,11.3552,11.3737,11.3894,11.3927,11.3961,11.3995,11.4029,11.4063,11.4097,11.4132,11.4167,11.4202,11.3593,11.2799,11.2005,11.1212,11.0418,10.9625,10.8832,10.8039,10.7247,10.6902,10.7338,10.7774,10.821,10.8646,10.9083,10.952,10.9957,11.0394,11.0832,11.1097,11.1354,11.1612,11.187,11.2128,11.2387,11.2646,11.2906,11.3167,11.3233,11.3131,11.3028,11.2925,11.2821,11.2715,11.2609,11.2502,11.2393,11.2227,11.1663,11.1099,11.0535,10.9971,10.9407,10.8844,10.828,10.7716,10.7152,10.6503,10.5816,10.5128,10.4438,10.3745,10.3051,10.2355,10.1657,10.0956,10.052,10.0728,10.0937,10.1145,10.1353,10.1562,10.1771,10.198,10.2189,10.2398,10.2284,10.2123,10.1962,10.1801,10.164,10.1478,10.1317,10.1156,10.0994,10.0259,9.8834,9.7403,9.5965,9.4522,9.3073,9.1618,9.0156,8.8688,8.7228,8.6172,8.5114,8.4052,8.2987,8.1919,8.0848,7.9773,7.8695,7.7614,7.6777,7.6098,7.5416,7.4723,7.403,7.3336,7.2641,7.1945,7.1249
12.821,12.7755,12.73,12.6846,12.6392,12.5939,12.5486,12.5033,12.4581,12.4158,12.3816,12.3473,12.3131,12.2789,12.2447,12.2105,12.1763,12.1421,12.1079,12.0274,11.9389,11.8503,11.7618,11.6732,11.5847,11.4961,11.4076,11.319,11.2527,11.2153,11.178,11.1408,11.1036,11.0666,11.0296,10.9928,10.9559,10.9204,10.9481,10.9757,11.0034,11.031,11.0586,11.0862,11.1138,11.1414,11.1689,11.19,11.2068,11.2236,11.2405,11.2572,11.274,11.2908,11.3076,11.3243,11.3397,11.3491,11.3586,11.368,11.3775,11.387,11.3965,11.406,11.4156,11.4252,11.3674,11.2898,11.2121,11.1345,11.057,10.9794,10.9019,10.8244,10.7469,10.7131,10.7578,10.8025,10.8472,10.8919,10.9366,10.9814,11.0262,11.0711,11.1159,11.1441,11.1713,11.1985,11.2258,11.2531,11.2805,11.3079,11.3354,11.363,11.3689,11.3551,11.3412,11.3272,11.3132,11.299,11.2848,11.2704,11.2559,11.2368,11.1804,11.124,11.0676,11.0112,10.9548,10.8985,10.8421,10.7857,10.7293,10.6615,10.5883,10.515,10.4414,10.3677,10.2938,10.2196,10.1453,10.0708,10.0219,10.0432,10.0645,10.0858,10.1072,10.1285,10.1499,10.1713,10.1925,10.2121,10.1995,10.1808,10.1616,10.1421,10.1221,10.1017,10.0808,10.0595,10.0377,9.9597,9.8061,9.6523,9.4983,9.344,9.1896,9.0349,8.88,8.7249,8.5696,8.4602,8.3507,8.2411,8.1315,8.0218,7.9121,7.8023,7.6924,7.5825,7.496,7.4267,7.3573,7.2879,7.2184,7.1488,7.0792,7.0094,6.9396
12.8297,12.7839,12.7382,12.6925,12.6468,12.6011,12.5555,12.5099,12.4643,12.4216,12.3862,12.3509,12.3157,12.2807,12.2457,12.211,12.1763,12.1417,12.1073,12.0273,11.9401,11.8528,11.7656,11.6783,11.5909,11.5035,11.4161,11.3287,11.2614,11.2195,11.1775,11.1354,11.0934,11.0514,11.0093,10.9672,10.9251,10.8847,10.9126,10.9405,10.9683,10.9961,11.0239,11.0516,11.0793,11.107,11.1346,11.1546,11.1697,11.1848,11.1999,11.215,11.23,11.245,11.2601,11.2751,11.2901,11.3056,11.321,11.3364,11.3518,11.3672,11.3826,11.398,11.4133,11.4287,11.3738,11.2978,11.2219,11.146,11.0701,10.9943,10.9185,10.8428,10.7671,10.7338,10.779,10.8241,10.8692,10.9143,10.9593,11.0042,11.0491,11.0939,11.1387,11.1676,11.1953,11.2231,11.2508,11.2785,11.3062,11.3339,11.3616,11.3893,11.393,11.3736,11.3541,11.3343,11.3144,11.2942,11.2738,11.2531,11.2323,11.2077,11.1489,11.09,11.0311,10.972,10.9129,10.8537,10.7943,10.7349,10.6754,10.6041,10.527,10.4498,10.3726,10.2954,10.2181,10.1408,10.0634,9.986,9.9326,9.953,9.9733,9.9936,10.014,10.0343,10.0547,10.0751,10.0954,10.1158,10.0986,10.0729,10.0467,10.0202,9.9932,9.9657,9.9379,9.9095,9.8808,9.8014,9.6453,9.4889,9.3324,9.1757,9.0187,8.8615,8.7041,8.5465,8.3887,8.2777,8.1682,8.0587,7.9491,7.8394,7.7297,7.6199,7.51,7.4001,7.312,7.2426,7.1731,7.1035,7.0338,6.9641,6.8943,6.8244,6.7544
12.8227,12.7761,12.7295,12.6829,12.6363,12.5898,12.5433,12.4969,12.4504,12.4057,12.3652,12.3247,12.2845,12.2443,12.2043,12.1644,12.1246,12.085,12.0454,11.9645,11.8778,11.7909,11.7041,11.6172,11.5303,11.4434,11.3564,11.2695,11.2028,11.1607,11.1185,11.0764,11.0342,10.992,10.9498,10.9076,10.8653,10.8253,10.8551,10.885,10.9147,10.9445,10.9742,11.0038,11.0335,11.0631,11.0927,11.1137,11.1292,11.1447,11.1601,11.1756,11.191,11.2064,11.2219,11.2372,11.2526,11.2681,11.2835,11.2989,11.3144,11.3297,11.3451,11.3605,11.3759,11.3912,11.3397,11.2678,11.1959,11.124,11.0522,10.9804,10.9086,10.8369,10.7652,10.7328,10.7752,10.8176,10.86,10.9023,10.9446,10.9868,11.0289,11.071,11.1131,11.142,11.1697,11.1974,11.2252,11.2529,11.2806,11.3083,11.336,11.3637,11.3647,11.3388,11.3126,11.2862,11.2596,11.2328,11.2058,11.1785,11.151,11.1208,11.0605,11.0001,10.9396,10.879,10.8184,10.7576,10.6968,10.6359,10.5748,10.5033,10.4261,10.3489,10.2716,10.1943,10.117,10.0396,9.9622,9.8847,9.8292,9.8504,9.8715,9.8926,9.9138,9.9349,9.956,9.9772,9.9983,10.0195,9.9981,9.9653,9.9322,9.8986,9.8646,9.8302,9.7953,9.76,9.7242,9.6432,9.4846,9.3257,9.1667,9.0075,8.848,8.6883,8.5284,8.3683,8.208,8.0953,7.9858,7.8763,7.7667,7.657,7.5473,7.4375,7.3276,7.2177,7.1281,7.0585,6.9888,6.9191,6.8493,6.7794,6.7094,6.6394,6.5692
12.8157,12.7682,12.7207,12.6733,12.6259,12.5785,12.5311,12.4838,12.4365,12.3897,12.344,12.2985,12.2531,12.2078,12.1627,12.1177,12.0728,12.028,11.9834,11.9018,11.8154,11.7291,11.6427,11.5562,11.4698,11.3833,11.2968,11.2102,11.1441,11.1019,11.0596,11.0173,10.975,10.9327,10.8904,10.848,10.8056,10.7659,10.7977,10.8295,10.8612,10.8929,10.9245,10.9561,10.9877,11.0193,11.0508,11.0728,11.0886,11.1045,11.1204,11.1362,11.152,11.1678,11.1836,11.1994,11.2151,11.2306,11.246,11.2615,11.2769,11.2923,11.3077,11.323,11.3384,11.3537,11.3057,11.2378,11.1699,11.102,11.0342,10.9664,10.8986,10.8309,10.7633,10.7317,10.7715,10.8111,10.8508,10.8904,10.9299,10.9694,11.0088,11.0482,11.0875,11.1163,11.1441,11.1718,11.1995,11.2273,11.255,11.2827,11.3104,11.3381,11.3366,11.304,11.2712,11.2382,11.205,11.1716,11.1379,11.1041,11.0699,11.034,10.9722,10.9102,10.8482,10.7861,10.7239,10.6617,10.5993,10.5368,10.4743,10.4025,10.3253,10.248,10.1706,10.0933,10.0159,9.9385,9.861,9.7835,9.7258,9.7477,9.7696,9.7916,9.8135,9.8354,9.8573,9.8793,9.9012,9.9232,9.8979,9.8582,9.818,9.7775,9.7365,9.695,9.6531,9.6108,9.568,9.4852,9.324,9.1627,9.0012,8.8394,8.6774,8.5153,8.3529,8.1902,8.0274,7.9128,7.8033,7.6938,7.5842,7.4746,7.3649,7.2551,7.1452,7.0353,6.9442,6.8744,6.8046,6.7347,6.6647,6.5947,6.5245,6.4543,6.3841
12.8086,12.7603,12.7119,12.6636,12.6154,12.5671,12.5189,12.4707,12.4225,12.3735,12.3227,12.2721,12.2216,12.1712,12.121,12.0709,12.0209,11.971,11.9212,11.839,11.7531,11.6672,11.5812,11.4952,11.4092,11.3232,11.2371,11.151,11.0854,11.0431,11.0007,10.9582,10.9158,10.8734,10.8309,10.7884,10.7459,10.7065,10.7403,10.774,10.8076,10.8413,10.8748,10.9084,10.9419,10.9754,11.0089,11.0318,11.0481,11.0644,11.0806,11.0968,11.1131,11.1293,11.1454,11.1616,11.1777,11.1931,11.2085,11.224,11.2394,11.2548,11.2702,11.2856,11.3009,11.3163,11.2716,11.2077,11.1438,11.0799,11.0161,10.9523,10.8886,10.8249,10.7612,10.7307,10.7677,10.8047,10.8416,10.8785,10.9153,10.9521,10.9888,11.0255,11.062,11.0907,11.1184,11.1462,11.1739,11.2016,11.2294,11.2571,11.2848,11.3125,11.3087,11.2695,11.2301,11.1905,11.1507,11.1106,11.0703,11.0298,10.9891,10.9472,10.8838,10.8204,10.7569,10.6932,10.6295,10.5657,10.5019,10.4379,10.3738,10.3017,10.2244,10.147,10.0697,9.9923,9.9148,9.8373,9.7598,9.6822,9.6224,9.6451,9.6678,9.6905,9.7132,9.7359,9.7586,9.7813,9.804,9.8268,9.7981,9.7514,9.7043,9.6567,9.6087,9.5603,9.5114,9.4621,9.4123,9.3273,9.1636,8.9998,8.8358,8.6715,8.507,8.3424,8.1775,8.0123,7.847,7.7303,7.6209,7.5114,7.4018,7.2921,7.1824,7.0727,6.9628,6.853,6.7603,6.6904,6.6204,6.5503,6.4802,6.41,6.3397,6.2693,6.1989
12.8015,12.7523,12.7031,12.654,12.6048,12.5557,12.5066,12.4576,12.4085,12.3571,12.3012,12.2455,12.1899,12.1344,12.0791,12.0239,11.9688,11.9138,11.8589,11.7762,11.6908,11.6053,11.5198,11.4342,11.3487,11.2631,11.1774,11.0918,11.0268,10.9842,10.9417,10.8992,10.8566,10.814,10.7714,10.7288,10.6862,10.6472,10.6829,10.7185,10.7541,10.7897,10.8252,10.8607,10.8962,10.9316,10.967,10.9909,11.0076,11.0242,11.0408,11.0575,11.0741,11.0907,11.1072,11.1238,11.1402,11.1556,11.1711,11.1865,11.2019,11.2173,11.2327,11.2481,11.2635,11.2788,11.2375,11.1775,11.1177,11.0578,10.998,10.9382,10.8785,10.8188,10.7591,10.7298,10.7641,10.7983,10.8325,10.8667,10.9008,10.9348,10.9688,11.0027,11.0366,11.0651,11.0928,11.1206,11.1483,11.176,11.2038,11.2315,11.2592,11.2869,11.281,11.2352,11.1892,11.1429,11.0965,11.0498,11.0029,10.9558,10.9085,10.8605,10.7956,10.7306,10.6656,10.6004,10.5352,10.4699,10.4045,10.339,10.2734,10.2009,10.1235,10.0461,9.9687,9.8912,9.8137,9.7362,9.6586,9.581,9.5189,9.5424,9.5658,9.5893,9.6128,9.6363,9.6598,9.6833,9.7068,9.7303,9.6987,9.645,9.5909,9.5363,9.4813,9.4259,9.37,9.3137,9.2569,9.1695,9.0034,8.8371,8.6705,8.5038,8.3368,8.1696,8.0022,7.8346,7.6668,7.5479,7.4384,7.3289,7.2193,7.1097,7,6.8903,6.7804,6.6706,6.5764,6.5063,6.4362,6.366,6.2957,6.2253,6.1549,6.0843,6.0137
12.7944,12.7444,12.6943,12.6443,12.5943,12.5443,12.4943,12.4444,12.3945,12.3406,12.2796,12.2188,12.1581,12.0975,12.0371,11.9768,11.9166,11.8565,11.7966,11.7135,11.6285,11.5434,11.4584,11.3733,11.2881,11.203,11.1178,11.0325,10.9681,10.9254,10.8828,10.8401,10.7974,10.7547,10.7119,10.6692,10.6264,10.5879,10.6255,10.6631,10.7006,10.7381,10.7756,10.813,10.8504,10.8878,10.9252,10.95,10.967,10.9841,11.0011,11.0181,11.0351,11.0521,11.069,11.086,11.1027,11.1181,11.1336,11.149,11.1644,11.1798,11.1952,11.2106,11.226,11.2414,11.2033,11.1474,11.0915,11.0357,10.9798,10.9241,10.8683,10.8126,10.757,10.7288,10.7604,10.792,10.8234,10.8549,10.8863,10.9176,10.9489,10.9801,11.0112,11.0394,11.0672,11.0949,11.1227,11.1504,11.1781,11.2059,11.2336,11.2613,11.2535,11.201,11.1484,11.0956,11.0425,10.9892,10.9358,10.882,10.8281,10.7738,10.7074,10.6409,10.5743,10.5077,10.4409,10.3741,10.3072,10.2401,10.173,10.1001,10.0226,9.9452,9.8677,9.7902,9.7126,9.635,9.5574,9.4797,9.4154,9.4396,9.4639,9.4881,9.5124,9.5367,9.561,9.5853,9.6095,9.6339,9.5997,9.539,9.4778,9.4163,9.3543,9.2919,9.2291,9.1658,9.102,9.0119,8.8433,8.6745,8.5054,8.3362,8.1667,7.997,7.8271,7.657,7.4867,7.3654,7.256,7.1465,7.0369,6.9273,6.8176,6.7078,6.598,6.4882,6.3925,6.3223,6.252,6.1816,6.1112,6.0406,5.97,5.8993,5.8286
12.7873,12.7363,12.6854,12.6345,12.5837,12.5328,12.482,12.4312,12.3804,12.3239,12.2578,12.1919,12.1261,12.0605,11.995,11.9296,11.8643,11.7991,11.734,11.6508,11.5662,11.4816,11.3969,11.3123,11.2276,11.1429,11.0581,10.9733,10.9094,10.8666,10.8238,10.781,10.7382,10.6953,10.6525,10.6096,10.5667,10.5286,10.5681,10.6077,10.6471,10.6866,10.726,10.7653,10.8047,10.844,10.8833,10.909,10.9265,10.9439,10.9613,10.9787,10.9961,11.0135,11.0308,11.0482,11.0652,11.0806,11.0961,11.1115,11.1269,11.1424,11.1578,11.1731,11.1885,11.2039,11.1691,11.1172,11.0653,11.0135,10.9617,10.9099,10.8581,10.8065,10.7548,10.728,10.7568,10.7856,10.8144,10.8431,10.8718,10.9004,10.929,10.9575,10.9859,11.0138,11.0415,11.0693,11.097,11.1248,11.1525,11.1802,11.208,11.2357,11.2261,11.1671,11.1078,11.0484,10.9887,10.9289,10.8688,10.8084,10.7479,10.6871,10.6192,10.5512,10.4831,10.4149,10.3467,10.2783,10.2099,10.1414,10.0727,9.9992,9.9218,9.8443,9.7667,9.6892,9.6116,9.5339,9.4562,9.3785,9.3118,9.3368,9.3619,9.3869,9.412,9.437,9.4621,9.4872,9.5122,9.5373,9.501,9.4333,9.3652,9.2967,9.2277,9.1583,9.0885,9.0182,8.9475,8.8545,8.6833,8.512,8.3405,8.1687,7.9968,7.8246,7.6522,7.4796,7.3068,7.1829,7.0735,6.964,6.8545,6.7448,6.6352,6.5254,6.4156,6.3058,6.2087,6.1383,6.0678,5.9973,5.9267,5.856,5.7852,5.7144,5.6435
12.7801,12.7283,12.6765,12.6248,12.573,12.5213,12.4697,12.418,12.3664,12.3071,12.2359,12.1649,12.094,12.0233,11.9527,11.8822,11.8118,11.7415,11.6714,11.588,11.5039,11.4197,11.3355,11.2513,11.1671,11.0828,10.9985,10.9141,10.8507,10.8078,10.7649,10.7219,10.679,10.636,10.593,10.55,10.5069,10.4693,10.5108,10.5522,10.5937,10.635,10.6764,10.7177,10.759,10.8002,10.8414,10.8681,10.8859,10.9038,10.9216,10.9393,10.9571,10.9749,10.9926,11.0104,11.0277,11.0431,11.0586,11.074,11.0895,11.1049,11.1203,11.1357,11.1511,11.1664,11.1349,11.087,11.0391,10.9912,10.9434,10.8956,10.8479,10.8002,10.7526,10.7271,10.7533,10.7794,10.8054,10.8314,10.8574,10.8833,10.9091,10.9349,10.9607,10.9881,11.0159,11.0437,11.0714,11.0992,11.1269,11.1546,11.1823,11.2101,11.1989,11.1333,11.0674,11.0014,10.9352,10.8687,10.802,10.7351,10.6679,10.6005,10.5311,10.4616,10.392,10.3223,10.2525,10.1826,10.1127,10.0426,9.9725,9.8984,9.8209,9.7434,9.6658,9.5881,9.5105,9.4328,9.355,9.2773,9.2082,9.234,9.2598,9.2857,9.3115,9.3374,9.3632,9.389,9.4149,9.4408,9.4027,9.328,9.2529,9.1774,9.1015,9.0251,8.9483,8.8711,8.7934,8.6972,8.5235,8.3497,8.1757,8.0015,7.827,7.6523,7.4775,7.3024,7.127,7.0005,6.891,6.7816,6.672,6.5624,6.4527,6.343,6.2332,6.1234,6.0248,5.9542,5.8836,5.8129,5.7422,5.6713,5.6004,5.5294,5.4583
12.7729,12.7202,12.6676,12.615,12.5624,12.5098,12.4573,12.4048,12.3523,12.2901,12.2139,12.1378,12.0618,11.986,11.9103,11.8347,11.7592,11.6839,11.6086,11.5253,11.4416,11.3579,11.2741,11.1904,11.1065,11.0227,10.9388,10.8549,10.792,10.749,10.7059,10.6629,10.6198,10.5767,10.5335,10.4904,10.4472,10.4101,10.4535,10.4969,10.5402,10.5835,10.6268,10.67,10.7133,10.7564,10.7996,10.8272,10.8454,10.8636,10.8818,10.9,10.9181,10.9363,10.9544,10.9725,10.9902,11.0056,11.0211,11.0366,11.052,11.0674,11.0828,11.0982,11.1136,11.129,11.1006,11.0567,11.0128,10.9689,10.9251,10.8813,10.8376,10.7939,10.7503,10.7263,10.7498,10.7732,10.7965,10.8198,10.843,10.8662,10.8894,10.9124,10.9355,10.9625,10.9903,11.018,11.0458,11.0735,11.1013,11.129,11.1567,11.1844,11.1719,11.0997,11.0273,10.9546,10.8818,10.8087,10.7354,10.6619,10.5882,10.5142,10.4431,10.372,10.3009,10.2297,10.1584,10.087,10.0155,9.944,9.8723,9.7976,9.72,9.6424,9.5648,9.4871,9.4094,9.3316,9.2538,9.176,9.1046,9.1312,9.1578,9.1844,9.211,9.2376,9.2643,9.2909,9.3175,9.3442,9.3048,9.2231,9.1411,9.0586,8.9757,8.8923,8.8086,8.7243,8.6397,8.54,8.3639,8.1876,8.0111,7.8343,7.6574,7.4802,7.3029,7.1253,6.9474,6.818,6.7086,6.5991,6.4896,6.38,6.2703,6.1606,6.0508,5.941,5.8409,5.7702,5.6995,5.6286,5.5577,5.4867,5.4156,5.3444,5.2732
12.7657,12.7122,12.6586,12.6052,12.5517,12.4983,12.4449,12.3915,12.3381,12.273,12.1917,12.1105,12.0294,11.9485,11.8677,11.7871,11.7065,11.6261,11.5457,11.4626,11.3793,11.2961,11.2128,11.1294,11.046,10.9626,10.8792,10.7957,10.7334,10.6902,10.647,10.6038,10.5605,10.5173,10.474,10.4308,10.3875,10.3508,10.3962,10.4415,10.4868,10.532,10.5772,10.6224,10.6676,10.7127,10.7578,10.7862,10.8049,10.8235,10.842,10.8606,10.8792,10.8977,10.9162,10.9347,10.9527,10.9682,10.9836,10.9991,11.0145,11.0299,11.0453,11.0607,11.0761,11.0915,11.0663,11.0264,10.9865,10.9466,10.9068,10.867,10.8273,10.7876,10.7479,10.7256,10.7463,10.767,10.7876,10.8082,10.8287,10.8492,10.8696,10.89,10.9103,10.9369,10.9646,10.9924,11.0202,11.0479,11.0757,11.1034,11.1311,11.1588,11.1451,11.0663,10.9873,10.908,10.8286,10.7489,10.6691,10.589,10.5086,10.428,10.3551,10.2825,10.2099,10.1371,10.0643,9.9914,9.9184,9.8454,9.7722,9.6968,9.6192,9.5415,9.4638,9.3861,9.3083,9.2305,9.1527,9.0748,9.0009,9.0283,9.0557,9.0831,9.1105,9.1379,9.1653,9.1927,9.2201,9.2475,9.2072,9.1186,9.0296,8.9401,8.8502,8.7599,8.6692,8.578,8.4864,8.383,8.2044,8.0256,7.8466,7.6673,7.4879,7.3083,7.1284,6.9483,6.768,6.6355,6.5261,6.4166,6.3071,6.1975,6.0879,5.9782,5.8684,5.7586,5.6571,5.5862,5.5153,5.4443,5.3732,5.3021,5.2308,5.1595,5.0881
12.7584,12.704,12.6497,12.5953,12.541,12.4867,12.4324,12.3782,12.324,12.2557,12.1693,12.083,11.9969,11.9109,11.825,11.7393,11.6537,11.5681,11.4827,11.3999,11.3171,11.2342,11.1514,11.0685,10.9855,10.9026,10.8196,10.7366,10.6747,10.6314,10.588,10.5447,10.5013,10.458,10.4146,10.3711,10.3277,10.2916,10.3389,10.3862,10.4334,10.4805,10.5277,10.5748,10.6219,10.6689,10.716,10.7453,10.7643,10.7833,10.8023,10.8212,10.8402,10.8591,10.878,10.8969,10.9152,10.9307,10.9461,10.9616,10.977,10.9924,11.0079,11.0233,11.0387,11.054,11.032,10.996,10.9601,10.9243,10.8884,10.8526,10.8169,10.7812,10.7455,10.7249,10.7429,10.7608,10.7788,10.7966,10.8145,10.8322,10.8499,10.8676,10.8852,10.9112,10.939,10.9668,10.9945,11.0223,11.05,11.0778,11.1055,11.1332,11.1185,11.033,10.9474,10.8616,10.7756,10.6894,10.6029,10.5162,10.4293,10.3421,10.2671,10.193,10.1189,10.0446,9.9703,9.8959,9.8214,9.7468,9.6721,9.596,9.5183,9.4406,9.3629,9.2851,9.2072,9.1294,9.0515,8.9735,8.8972,8.9253,8.9535,8.9817,9.0099,9.038,9.0662,9.0944,9.1226,9.1508,9.11,9.0144,8.9184,8.822,8.7252,8.6279,8.5302,8.4321,8.3335,8.2261,8.045,7.8637,7.6822,7.5005,7.3186,7.1365,6.9541,6.7715,6.5887,6.453,6.3436,6.2342,6.1247,6.0151,5.9055,5.7957,5.686,5.5762,5.4733,5.4023,5.3312,5.26,5.1888,5.1174,5.046,4.9746,4.903
12.7511,12.6959,12.6406,12.5854,12.5303,12.4751,12.42,12.3649,12.3098,12.2383,12.1468,12.0554,11.9642,11.8732,11.7822,11.6914,11.6007,11.5101,11.4196,11.3372,11.2548,11.1724,11.09,11.0075,10.925,10.8425,10.76,10.6774,10.616,10.5725,10.5291,10.4856,10.4421,10.3986,10.3551,10.3115,10.268,10.2324,10.2816,10.3308,10.38,10.4291,10.4781,10.5272,10.5762,10.6252,10.6742,10.7044,10.7238,10.7432,10.7625,10.7819,10.8012,10.8205,10.8398,10.8591,10.8777,10.8932,10.9086,10.9241,10.9395,10.955,10.9704,10.9858,11.0012,11.0166,10.9976,10.9657,10.9337,10.9019,10.87,10.8382,10.8064,10.7747,10.743,10.7242,10.7395,10.7547,10.77,10.7851,10.8002,10.8153,10.8303,10.8453,10.8602,10.8856,10.9134,10.9411,10.9689,10.9967,11.0244,11.0522,11.0799,11.1076,11.092,11,10.9078,10.8154,10.7228,10.63,10.537,10.4437,10.3502,10.2564,10.1792,10.1036,10.028,9.9522,9.8764,9.8004,9.7244,9.6483,9.5721,9.4952,9.4175,9.3397,9.2619,9.184,9.1062,9.0282,8.9503,8.8723,8.7943,8.8224,8.8513,8.8803,8.9092,8.9382,8.9672,8.9962,9.0251,9.0541,9.0132,8.9107,8.8077,8.7043,8.6005,8.4963,8.3916,8.2865,8.181,8.0694,7.8858,7.702,7.5181,7.3339,7.1494,6.9648,6.78,6.5949,6.4096,6.2706,6.1612,6.0517,5.9422,5.8326,5.723,5.6133,5.5036,5.3937,5.2895,5.2183,5.147,5.0757,5.0043,4.9328,4.8613,4.7896,4.7179
12.7438,12.6877,12.6316,12.5755,12.5195,12.4635,12.4075,12.3515,12.2956,12.2207,12.1241,12.0277,11.9314,11.8353,11.7393,11.6434,11.5476,11.4519,11.3564,11.2745,11.1926,11.1106,11.0286,10.9466,10.8646,10.7825,10.7004,10.6182,10.5573,10.5137,10.4701,10.4265,10.3829,10.3393,10.2956,10.2519,10.2082,10.1732,10.2244,10.2755,10.3266,10.3776,10.4286,10.4796,10.5305,10.5815,10.6323,10.6635,10.6833,10.703,10.7228,10.7425,10.7622,10.7819,10.8016,10.8213,10.8402,10.8557,10.8712,10.8866,10.9021,10.9175,10.9329,10.9483,10.9637,10.9791,10.9632,10.9352,10.9073,10.8794,10.8516,10.8237,10.7959,10.7682,10.7405,10.7235,10.7361,10.7487,10.7612,10.7737,10.7861,10.7984,10.8107,10.823,10.8352,10.86,10.8877,10.9155,10.9433,10.9711,10.9988,11.0266,11.0543,11.082,11.0657,10.9671,10.8684,10.7694,10.6702,10.5708,10.4712,10.3714,10.2713,10.171,10.0914,10.0143,9.9371,9.8598,9.7825,9.705,9.6275,9.5499,9.4722,9.3944,9.3166,9.2388,9.1609,9.083,9.0051,8.9271,8.8491,8.7711,8.693,8.7194,8.7491,8.7788,8.8086,8.8383,8.8681,8.8978,8.9276,8.9574,8.9168,8.8073,8.6973,8.587,8.4763,8.3651,8.2534,8.1414,8.0289,7.9128,7.7268,7.5405,7.354,7.1673,6.9804,6.7933,6.606,6.4185,6.2307,6.0881,5.9787,5.8693,5.7598,5.6502,5.5406,5.4309,5.3212,5.2113,5.1071,5.0377,4.9683,4.8988,4.8293,4.7597,4.6901,4.6205,4.5508
12.7364,12.6795,12.6225,12.5656,12.5087,12.4518,12.395,12.3381,12.2813,12.2029,12.1013,11.9998,11.8985,11.7973,11.6962,11.5952,11.4944,11.3936,11.2933,11.2119,11.1304,11.0488,10.9673,10.8857,10.8041,10.7224,10.6408,10.5591,10.4986,10.4549,10.4112,10.3674,10.3237,10.2799,10.2361,10.1923,10.1485,10.1141,10.1672,10.2202,10.2732,10.3262,10.3791,10.432,10.4849,10.5377,10.5906,10.6226,10.6427,10.6629,10.683,10.7031,10.7232,10.7433,10.7634,10.7835,10.8027,10.8182,10.8337,10.8491,10.8646,10.88,10.8954,10.9108,10.9262,10.9416,10.9288,10.9048,10.8808,10.8569,10.833,10.8092,10.7854,10.7616,10.7379,10.7229,10.7328,10.7427,10.7525,10.7622,10.772,10.7816,10.7912,10.8008,10.8102,10.8343,10.8621,10.8899,10.9177,10.9454,10.9732,11.0009,11.0287,11.0564,11.0396,10.9345,10.8291,10.7236,10.6178,10.5119,10.4057,10.2993,10.1926,10.0857,10.0036,9.925,9.8463,9.7675,9.6886,9.6097,9.5306,9.4515,9.3723,9.2936,9.2158,9.1379,9.06,8.982,8.904,8.826,8.7479,8.6698,8.5917,8.6163,8.6468,8.6774,8.7078,8.7369,8.7659,8.7948,8.8236,8.8524,8.8112,8.6944,8.5775,8.4605,8.3435,8.2264,8.1093,7.9921,7.8749,7.7567,7.569,7.3813,7.1934,7.0055,6.8175,6.6295,6.4413,6.253,6.0647,5.921,5.8151,5.7093,5.6038,5.4984,5.3932,5.2883,5.1835,5.0789,4.9771,4.9078,4.8384,4.7689,4.6994,4.6299,4.5603,4.4907,4.421
12.6917,12.6333,12.5751,12.517,12.4589,12.401,12.3431,12.2853,12.2277,12.1474,12.0441,11.9408,11.8375,11.7341,11.6307,11.5273,11.4238,11.3203,11.2176,11.1387,11.0597,10.9806,10.9012,10.8218,10.7421,10.6624,10.5825,10.5024,10.4436,10.4008,10.358,10.3151,10.272,10.2289,10.1857,10.1425,10.0991,10.0658,10.1205,10.1751,10.2297,10.2842,10.3388,10.3934,10.4479,10.5025,10.557,10.5898,10.6104,10.631,10.6516,10.6722,10.6927,10.7134,10.734,10.7546,10.7741,10.7885,10.8028,10.8171,10.8313,10.8455,10.8597,10.8738,10.8878,10.9017,10.8907,10.8697,10.8487,10.8276,10.8065,10.7853,10.7641,10.7428,10.7215,10.707,10.7132,10.7193,10.7253,10.7312,10.7369,10.7426,10.7481,10.7535,10.7587,10.779,10.8032,10.8271,10.8507,10.8742,10.8973,10.9202,10.9428,10.9652,10.9439,10.8314,10.7187,10.6058,10.4928,10.3796,10.2663,10.1528,10.0392,9.9254,9.8395,9.7583,9.6771,9.5958,9.5145,9.4331,9.3517,9.2702,9.1887,9.1096,9.0345,8.9596,8.8849,8.8104,8.7362,8.6622,8.5884,8.5149,8.4417,8.4627,8.4916,8.5203,8.549,8.5776,8.6061,8.6345,8.6629,8.6912,8.6536,8.5367,8.4198,8.3028,8.1858,8.0687,7.9516,7.8344,7.7171,7.5998,7.4128,7.2246,7.0363,6.8479,6.6594,6.4708,6.2822,6.0935,5.9046,5.7599,5.6576,5.5554,5.4535,5.3518,5.2502,5.1488,5.0477,4.9468,4.8472,4.7778,4.7085,4.639,4.5696,4.5,4.4305,4.3609,4.2913
12.6217,12.5598,12.4979,12.4361,12.3744,12.3128,12.2513,12.1899,12.1286,12.0458,11.9425,11.8392,11.7358,11.6323,11.5289,11.4254,11.3219,11.2183,11.1161,11.0431,10.97,10.8968,10.8234,10.7498,10.6761,10.6022,10.5282,10.4541,10.4013,10.3641,10.3268,10.2895,10.252,10.2145,10.1768,10.1391,10.1013,10.0738,10.1302,10.1865,10.2429,10.2993,10.3556,10.4119,10.4683,10.5246,10.5809,10.6154,10.6377,10.66,10.6823,10.7046,10.7269,10.7493,10.7716,10.794,10.8131,10.8169,10.8208,10.8246,10.8284,10.8321,10.8358,10.8395,10.843,10.8464,10.831,10.8079,10.7847,10.7614,10.7382,10.7148,10.6914,10.668,10.6445,10.6271,10.6285,10.6299,10.6311,10.6323,10.6333,10.6342,10.635,10.6356,10.6362,10.6485,10.6641,10.6795,10.6946,10.7095,10.7241,10.7384,10.7525,10.7663,10.7401,10.6249,10.5096,10.3941,10.2784,10.1626,10.0467,9.9306,9.8143,9.6979,9.6118,9.5314,9.4511,9.3706,9.2901,9.2096,9.129,9.0484,8.9678,8.8917,8.8235,8.7555,8.6878,8.6203,8.553,8.486,8.4192,8.3526,8.2864,8.3053,8.3336,8.3619,8.3901,8.4183,8.4463,8.4743,8.5022,8.53,8.496,8.3791,8.2621,8.1451,8.0281,7.911,7.7938,7.6766,7.5594,7.442,7.2567,7.068,6.8792,6.6903,6.5013,6.3123,6.1231,5.9339,5.7446,5.5985,5.4998,5.4013,5.303,5.2048,5.1069,5.0092,4.9116,4.8143,4.7172,4.6479,4.5786,4.5091,4.4397,4.3702,4.3007,4.2311,4.1615
12.5517,12.4861,12.4205,12.3551,12.2898,12.2246,12.1595,12.0944,12.0294,11.9443,11.8409,11.7375,11.634,11.5306,11.427,11.3235,11.2199,11.1163,11.0147,10.9477,10.8805,10.8131,10.7456,10.6779,10.6101,10.5422,10.4741,10.4059,10.3591,10.3275,10.2958,10.264,10.2321,10.2001,10.168,10.1358,10.1036,10.0817,10.1399,10.198,10.2562,10.3143,10.3724,10.4305,10.4886,10.5467,10.6048,10.6409,10.6649,10.689,10.713,10.7371,10.7611,10.7852,10.8092,10.8333,10.852,10.8454,10.8388,10.8322,10.8255,10.8188,10.812,10.8052,10.7983,10.7913,10.7713,10.746,10.7207,10.6953,10.6699,10.6444,10.6189,10.5933,10.5676,10.5473,10.544,10.5406,10.5371,10.5335,10.5298,10.5259,10.522,10.5179,10.5137,10.5182,10.5253,10.5321,10.5386,10.545,10.551,10.5568,10.5624,10.5676,10.5364,10.4186,10.3006,10.1825,10.0642,9.9458,9.8272,9.7084,9.5895,9.4705,9.384,9.3045,9.225,9.1454,9.0658,8.9861,8.9064,8.8266,8.7468,8.6734,8.6122,8.5512,8.4904,8.4299,8.3695,8.3094,8.2496,8.19,8.1307,8.1479,8.1758,8.2036,8.2313,8.259,8.2866,8.3141,8.3415,8.3689,8.3383,8.2214,8.1045,7.9875,7.8704,7.7533,7.6361,7.5189,7.4016,7.2843,7.1006,6.9114,6.7221,6.5327,6.3433,6.1537,5.9641,5.7744,5.5846,5.4369,5.3418,5.2469,5.1522,5.0577,4.9634,4.8693,4.7753,4.6816,4.5881,4.518,4.4486,4.3793,4.3098,4.2404,4.1709,4.1013,4.0317
12.4815,12.4122,12.3431,12.274,12.2051,12.1362,12.0674,11.9988,11.9302,11.8427,11.7393,11.6358,11.5323,11.4288,11.3252,11.2216,11.1179,11.0143,10.9134,10.8523,10.791,10.7296,10.668,10.6062,10.5443,10.4822,10.4201,10.3578,10.317,10.2909,10.2648,10.2385,10.2122,10.1858,10.1592,10.1327,10.106,10.0897,10.1496,10.2095,10.2694,10.3293,10.3892,10.4491,10.509,10.5688,10.6287,10.6665,10.6922,10.718,10.7437,10.7695,10.7953,10.8211,10.8469,10.8727,10.891,10.874,10.8569,10.8398,10.8227,10.8055,10.7883,10.771,10.7536,10.7362,10.7117,10.6842,10.6567,10.6292,10.6016,10.574,10.5463,10.5186,10.4908,10.4675,10.4595,10.4513,10.4431,10.4348,10.4263,10.4177,10.4091,10.4002,10.3913,10.3881,10.3866,10.3849,10.3829,10.3807,10.3782,10.3755,10.3724,10.3691,10.3327,10.2123,10.0917,9.9709,9.85,9.729,9.6077,9.4864,9.3649,9.2432,9.1562,9.0776,8.9989,8.9202,8.8414,8.7626,8.6837,8.6048,8.5258,8.455,8.4007,8.3466,8.2928,8.2391,8.1858,8.1326,8.0797,8.0271,7.9747,7.9905,8.0179,8.0453,8.0725,8.0997,8.1269,8.1539,8.1809,8.2078,8.1807,8.0638,7.9468,7.8298,7.7127,7.5956,7.4784,7.3612,7.2439,7.1265,6.9445,6.7548,6.565,6.3752,6.1852,5.9952,5.8051,5.6149,5.4246,5.275,5.1836,5.0923,5.0012,4.9103,4.8196,4.7291,4.6388,4.5487,4.4588,4.3881,4.3187,4.2494,4.18,4.1105,4.041,3.9715,3.9019
12.4112,12.3383,12.2655,12.1928,12.1202,12.0477,11.9753,11.903,11.8308,11.7412,11.6377,11.5341,11.4306,11.327,11.2233,11.1197,11.016,10.9122,10.8123,10.7571,10.7017,10.6462,10.5905,10.5346,10.4786,10.4224,10.3662,10.3097,10.275,10.2545,10.2339,10.2132,10.1924,10.1715,10.1506,10.1295,10.1084,10.0977,10.1594,10.2211,10.2827,10.3444,10.4061,10.4677,10.5293,10.591,10.6526,10.692,10.7195,10.747,10.7745,10.802,10.8295,10.857,10.8845,10.912,10.93,10.9025,10.875,10.8475,10.8199,10.7923,10.7646,10.7369,10.709,10.6811,10.652,10.6224,10.5928,10.5631,10.5334,10.5036,10.4738,10.4439,10.414,10.3878,10.375,10.3622,10.3492,10.3361,10.323,10.3096,10.2962,10.2827,10.269,10.2581,10.2481,10.2378,10.2273,10.2166,10.2056,10.1943,10.1828,10.1709,10.1291,10.006,9.8828,9.7594,9.6359,9.5122,9.3884,9.2644,9.1403,9.0159,8.9284,8.8506,8.7728,8.6949,8.6169,8.539,8.461,8.3829,8.3048,8.2362,8.1888,8.1417,8.0948,8.0481,8.0017,7.9555,7.9095,7.8638,7.8183,7.8331,7.8601,7.887,7.9138,7.9405,7.9672,7.9937,8.0202,8.0467,8.0231,7.9062,7.7892,7.6721,7.555,7.4379,7.3207,7.2034,7.0861,6.9688,6.7884,6.5983,6.408,6.2177,6.0272,5.8367,5.6461,5.4554,5.2647,5.113,5.0251,4.9374,4.8499,4.7626,4.6755,4.5886,4.502,4.4155,4.3292,4.2581,4.1888,4.1195,4.0501,3.9807,3.9112,3.8417,3.7721
12.3407,12.2642,12.1878,12.1115,12.0352,11.9591,11.8831,11.8071,11.7313,11.6396,11.536,11.4325,11.3288,11.2252,11.1215,11.0178,10.914,10.8102,10.7114,10.662,10.6125,10.5629,10.5131,10.4631,10.413,10.3627,10.3123,10.2618,10.2331,10.2181,10.2031,10.1879,10.1727,10.1574,10.1419,10.1265,10.1109,10.1057,10.1692,10.2326,10.2961,10.3595,10.4229,10.4863,10.5497,10.6131,10.6765,10.7176,10.7468,10.776,10.8052,10.8344,10.8637,10.8929,10.9221,10.9514,10.969,10.9311,10.8931,10.8552,10.8172,10.7791,10.741,10.7028,10.6645,10.6262,10.5924,10.5607,10.5289,10.497,10.4652,10.4332,10.4013,10.3692,10.3371,10.3082,10.2907,10.2731,10.2554,10.2376,10.2197,10.2016,10.1835,10.1652,10.1468,10.1284,10.1098,10.091,10.072,10.0527,10.0332,10.0134,9.9933,9.9729,9.9256,9.7999,9.674,9.548,9.4219,9.2956,9.1691,9.0425,8.9157,8.7888,8.7005,8.6236,8.5466,8.4696,8.3925,8.3154,8.2382,8.161,8.0837,8.0171,7.9767,7.9365,7.8966,7.8568,7.8173,7.778,7.739,7.7002,7.6617,7.6758,7.7022,7.7287,7.755,7.7813,7.8075,7.8336,7.8596,7.8856,7.8655,7.7485,7.6315,7.5145,7.3974,7.2802,7.163,7.0457,6.9284,6.811,6.6324,6.4418,6.251,6.0602,5.8693,5.6783,5.4872,5.296,5.1048,4.9506,4.8664,4.7823,4.6984,4.6147,4.5313,4.448,4.3649,4.282,4.1993,4.1282,4.0589,3.9896,3.9202,3.8508,3.7814,3.7119,3.6424
12.2701,12.19,12.1099,12.03,11.9501,11.8704,11.7907,11.7112,11.6317,11.538,11.4344,11.3308,11.2271,11.1234,11.0196,10.9158,10.812,10.7082,10.6106,10.5671,10.5235,10.4797,10.4358,10.3917,10.3475,10.3031,10.2586,10.214,10.1913,10.1819,10.1724,10.1628,10.1531,10.1433,10.1334,10.1235,10.1135,10.1137,10.1789,10.2442,10.3094,10.3746,10.4398,10.5049,10.5701,10.6353,10.7004,10.7432,10.7741,10.805,10.836,10.8669,10.8978,10.9288,10.9598,10.9907,11.008,10.9597,10.9113,10.8629,10.8145,10.766,10.7174,10.6688,10.6201,10.5713,10.5328,10.4989,10.465,10.431,10.397,10.3629,10.3288,10.2946,10.2604,10.2286,10.2064,10.1841,10.1617,10.1391,10.1165,10.0937,10.0708,10.0478,10.0247,9.9988,9.9717,9.9444,9.9168,9.889,9.861,9.8326,9.804,9.7751,9.7221,9.5938,9.4653,9.3367,9.2079,9.079,8.9499,8.8207,8.6913,8.5617,8.4726,8.3965,8.3204,8.2442,8.168,8.0917,8.0154,7.939,7.8626,7.7978,7.7643,7.7311,7.698,7.6652,7.6326,7.6003,7.5682,7.5363,7.5047,7.5184,7.5445,7.5704,7.5963,7.6221,7.6478,7.6735,7.6991,7.7246,7.7078,7.5909,7.4739,7.3568,7.2397,7.1225,7.0053,6.888,6.7706,6.6532,6.4764,6.2853,6.094,5.9027,5.7113,5.5199,5.3283,5.1366,4.9449,4.7881,4.7074,4.627,4.5467,4.4666,4.3867,4.307,4.2276,4.1483,4.0692,3.9983,3.929,3.8597,3.7904,3.721,3.6516,3.5821,3.5126
12.1994,12.1156,12.032,11.9484,11.8649,11.7815,11.6983,11.6151,11.5319,11.4365,11.3328,11.2291,11.1253,11.0216,10.9178,10.8139,10.7101,10.6062,10.5099,10.4723,10.4346,10.3967,10.3587,10.3205,10.2821,10.2437,10.2051,10.1663,10.1495,10.1457,10.1417,10.1377,10.1335,10.1293,10.1249,10.1206,10.1161,10.1218,10.1888,10.2558,10.3227,10.3897,10.4566,10.5236,10.5905,10.6575,10.7244,10.7688,10.8014,10.8341,10.8667,10.8994,10.932,10.9647,10.9974,11.0301,11.0471,10.9883,10.9295,10.8707,10.8118,10.7529,10.6939,10.6349,10.5758,10.5166,10.4732,10.4372,10.4011,10.365,10.3288,10.2926,10.2563,10.22,10.1836,10.1491,10.1222,10.0951,10.068,10.0407,10.0134,9.9859,9.9583,9.9305,9.9026,9.8694,9.8338,9.7979,9.7619,9.7256,9.689,9.6521,9.615,9.5776,9.5188,9.3878,9.2567,9.1255,8.9941,8.8625,8.7308,8.599,8.467,8.3348,8.2447,8.1695,8.0942,8.0188,7.9435,7.868,7.7926,7.7171,7.6415,7.5782,7.5516,7.5253,7.4992,7.4733,7.4476,7.4222,7.397,7.3721,7.3475,7.3611,7.3867,7.4122,7.4376,7.4629,7.4882,7.5134,7.5385,7.5635,7.5502,7.4332,7.3162,7.1991,7.082,6.9648,6.8475,6.7302,6.6129,6.4955,6.3204,6.1288,5.9371,5.7453,5.5534,5.3615,5.1694,4.9773,4.785,4.6253,4.5482,4.4714,4.3947,4.3182,4.2419,4.1659,4.09,4.0143,3.9388,3.8683,3.7991,3.7298,3.6605,3.5911,3.5217,3.4523,3.3828
12.1285,12.0412,11.9539,11.8667,11.7796,11.6926,11.6057,11.5188,11.4321,11.3349,11.2312,11.1274,11.0236,10.9198,10.8159,10.712,10.6081,10.5041,10.4093,10.3777,10.3458,10.3138,10.2817,10.2494,10.2169,10.1843,10.1516,10.1187,10.1079,10.1096,10.1112,10.1127,10.114,10.1153,10.1166,10.1177,10.1188,10.1298,10.1986,10.2673,10.3361,10.4048,10.4735,10.5422,10.6109,10.6796,10.7483,10.7944,10.8287,10.8631,10.8975,10.9318,10.9662,11.0006,11.035,11.0694,11.0862,11.0169,10.9477,10.8785,10.8092,10.7399,10.6705,10.601,10.5315,10.4619,10.4137,10.3755,10.3373,10.299,10.2607,10.2223,10.1839,10.1454,10.1069,10.0697,10.038,10.0063,9.9744,9.9424,9.9103,9.8781,9.8458,9.8133,9.7807,9.7401,9.696,9.6517,9.6071,9.5623,9.5172,9.4718,9.4262,9.3803,9.3154,9.1819,9.0481,8.9143,8.7803,8.6461,8.5118,8.3773,8.2427,8.1079,8.0168,7.9424,7.8679,7.7934,7.7189,7.6443,7.5697,7.495,7.4203,7.3583,7.3387,7.3193,7.3001,7.2811,7.2624,7.2439,7.2256,7.2076,7.1899,7.2038,7.2289,7.254,7.2789,7.3038,7.3286,7.3533,7.378,7.4025,7.3926,7.2756,7.1586,7.0415,6.9243,6.8071,6.6898,6.5725,6.4551,6.3377,6.1645,5.9724,5.7802,5.5879,5.3955,5.2031,5.0106,4.8179,4.6252,4.4622,4.3888,4.3155,4.2425,4.1696,4.0969,4.0244,3.9521,3.8801,3.8082,3.7384,3.6692,3.5999,3.5306,3.4613,3.3919,3.3225,3.253
12.0576,11.9665,11.8756,11.7848,11.6941,11.6035,11.513,11.4225,11.3321,11.2333,11.1295,11.0257,10.9219,10.818,10.714,10.6101,10.5061,10.4021,10.3089,10.2831,10.2572,10.2311,10.2048,10.1783,10.1518,10.1251,10.0982,10.0712,10.0664,10.0736,10.0807,10.0877,10.0946,10.1015,10.1082,10.1149,10.1215,10.1379,10.2084,10.279,10.3495,10.42,10.4904,10.5609,10.6314,10.7018,10.7723,10.82,10.8561,10.8921,10.9282,10.9643,11.0004,11.0365,11.0726,11.1088,11.1252,11.0456,10.966,10.8863,10.8066,10.7269,10.6471,10.5672,10.4873,10.4072,10.3541,10.3138,10.2734,10.233,10.1925,10.152,10.1115,10.0709,10.0302,9.9903,9.954,9.9175,9.8809,9.8442,9.8074,9.7705,9.7334,9.6962,9.6589,9.6111,9.5585,9.5056,9.4525,9.3992,9.3456,9.2917,9.2376,9.1832,9.1122,8.976,8.8397,8.7032,8.5666,8.4298,8.2928,8.1558,8.0185,7.8811,7.7888,7.7152,7.6416,7.568,7.4943,7.4206,7.3468,7.273,7.1991,7.1381,7.1254,7.1129,7.1007,7.0886,7.0768,7.0652,7.0539,7.0428,7.0319,7.0466,7.0712,7.0958,7.1203,7.1447,7.169,7.1933,7.2175,7.2416,7.235,7.118,7.0009,6.8838,6.7666,6.6494,6.5321,6.4148,6.2974,6.18,6.0086,5.816,5.6233,5.4305,5.2377,5.0448,4.8517,4.6586,4.4654,4.2989,4.2291,4.1594,4.09,4.0207,3.9516,3.8827,3.8141,3.7456,3.6773,3.6084,3.5393,3.47,3.4007,3.3314,3.2621,3.1927,3.1232
11.9865,11.8918,11.7973,11.7029,11.6085,11.5143,11.4201,11.3261,11.2321,11.1317,11.0279,10.924,10.8201,10.7162,10.6122,10.5082,10.4041,10.3001,10.2087,10.1888,10.1687,10.1484,10.128,10.1075,10.0868,10.0659,10.045,10.0239,10.025,10.0377,10.0503,10.0629,10.0753,10.0877,10.1,10.1122,10.1243,10.146,10.2183,10.2906,10.3629,10.4351,10.5073,10.5796,10.6518,10.724,10.7962,10.8456,10.8834,10.9212,10.959,10.9968,11.0346,11.0724,11.1103,11.1481,11.1643,11.0743,10.9843,10.8942,10.8041,10.714,10.6237,10.5335,10.4431,10.3527,10.2946,10.2521,10.2096,10.1671,10.1245,10.0818,10.0391,9.9964,9.9536,9.911,9.8699,9.8288,9.7875,9.746,9.7045,9.6629,9.6211,9.5792,9.5372,9.4822,9.4211,9.3598,9.2982,9.2363,9.1742,9.1119,9.0492,8.9863,8.909,8.7702,8.6313,8.4922,8.3529,8.2135,8.074,7.9343,7.7944,7.6544,7.5608,7.4881,7.4153,7.3425,7.2697,7.1968,7.1239,7.0509,6.9779,6.9177,6.9119,6.9063,6.901,6.8958,6.8909,6.8862,6.8818,6.8776,6.8737,6.8893,6.9135,6.9376,6.9616,6.9856,7.0094,7.0332,7.057,7.0806,7.0773,6.9603,6.8432,6.7261,6.6089,6.4917,6.3744,6.2571,6.1397,6.0222,5.8527,5.6596,5.4665,5.2732,5.0799,4.8865,4.6929,4.4994,4.3057,4.1354,4.0692,4.0031,3.9372,3.8716,3.8061,3.7408,3.6757,3.6108,3.5462,3.4785,3.4093,3.3401,3.2709,3.2016,3.1322,3.0628,2.9934
11.9152,11.817,11.7188,11.6208,11.5228,11.425,11.3272,11.2295,11.1319,11.0302,10.9263,10.8223,10.7184,10.6144,10.5103,10.4063,10.3022,10.198,10.1086,10.0945,10.0803,10.0659,10.0514,10.0367,10.0219,10.0069,9.9918,9.9766,9.9836,10.0019,10.0201,10.0381,10.0561,10.074,10.0918,10.1096,10.1272,10.1542,10.2282,10.3022,10.3763,10.4503,10.5243,10.5983,10.6723,10.7462,10.8202,10.8712,10.9107,10.9502,10.9898,11.0293,11.0688,11.1083,11.1479,11.1875,11.2035,11.103,11.0026,10.9021,10.8016,10.7011,10.6005,10.4998,10.3991,10.2982,10.2351,10.1905,10.1458,10.1011,10.0564,10.0116,9.9668,9.9219,9.8769,9.8318,9.786,9.7401,9.6941,9.648,9.6017,9.5554,9.5089,9.4623,9.4156,9.3535,9.2839,9.2141,9.144,9.0737,9.0031,8.9322,8.8611,8.7897,8.7059,8.5645,8.4229,8.2812,8.1394,7.9974,7.8552,7.7129,7.5704,7.4278,7.3327,7.2609,7.189,7.117,7.045,6.973,6.9009,6.8288,6.7566,6.697,6.6981,6.6994,6.701,6.7027,6.7047,6.707,6.7094,6.7122,6.7151,6.7321,6.7558,6.7794,6.803,6.8265,6.8499,6.8732,6.8965,6.9197,6.9197,6.8027,6.6856,6.5685,6.4513,6.334,6.2167,6.0993,5.9819,5.8644,5.6968,5.5033,5.3096,5.1159,4.9221,4.7282,4.5342,4.3401,4.146,3.9717,3.909,3.8466,3.7843,3.7222,3.6603,3.5986,3.5371,3.4758,3.4148,3.3486,3.2794,3.2102,3.141,3.0717,3.0024,2.933,2.8636
11.8438,11.742,11.6402,11.5386,11.437,11.3355,11.2342,11.1329,11.0316,10.9286,10.8246,10.7206,10.6166,10.5125,10.4085,10.3043,10.2002,10.096,10.0086,10.0004,9.992,9.9835,9.9749,9.966,9.9571,9.948,9.9388,9.9294,9.9424,9.9662,9.9899,10.0135,10.037,10.0604,10.0837,10.107,10.1302,10.1623,10.2381,10.3139,10.3897,10.4655,10.5412,10.617,10.6927,10.7685,10.8442,10.8968,10.9381,10.9793,11.0205,11.0618,11.103,11.1442,11.1855,11.2268,11.2426,11.1318,11.0209,10.9101,10.7992,10.6883,10.5773,10.4662,10.3551,10.2438,10.1756,10.1288,10.082,10.0352,9.9883,9.9414,9.8944,9.8474,9.8003,9.7527,9.7022,9.6515,9.6008,9.55,9.499,9.448,9.3968,9.3455,9.294,9.225,9.1469,9.0686,8.99,8.9112,8.8321,8.7528,8.6731,8.5932,8.5029,8.3589,8.2147,8.0703,7.9259,7.7813,7.6365,7.4916,7.3465,7.2012,7.1047,7.0337,6.9626,6.8915,6.8204,6.7492,6.6779,6.6067,6.5353,6.476,6.484,6.4922,6.5007,6.5093,6.5182,6.5274,6.5367,6.5464,6.5563,6.5749,6.5981,6.6213,6.6444,6.6674,6.6904,6.7133,6.7361,6.7588,6.7621,6.645,6.5279,6.4108,6.2936,6.1763,6.059,5.9416,5.8242,5.7067,5.541,5.347,5.1528,4.9586,4.7643,4.5699,4.3755,4.1809,3.9863,3.8077,3.7486,3.6898,3.6311,3.5726,3.5143,3.4564,3.3989,3.3415,3.2841,3.2198,3.1511,3.0824,3.0137,2.945,2.8764,2.8077,2.7391
11.7723,11.6669,11.5615,11.4562,11.3511,11.246,11.141,11.0361,10.9312,10.827,10.723,10.6189,10.5149,10.4107,10.3066,10.2024,10.0982,9.9939,9.9087,9.9064,9.9039,9.9013,9.8985,9.8955,9.8924,9.8892,9.8858,9.8823,9.9012,9.9305,9.9597,9.9889,10.0179,10.0468,10.0757,10.1045,10.1332,10.1705,10.248,10.3256,10.4031,10.4807,10.5582,10.6357,10.7132,10.7907,10.8682,10.9225,10.9654,11.0084,11.0513,11.0942,11.1372,11.1802,11.2231,11.2661,11.2817,11.1605,11.0393,10.9181,10.7968,10.6755,10.5541,10.4327,10.3112,10.1895,10.1161,10.0672,10.0183,9.9693,9.9203,9.8713,9.8221,9.773,9.7238,9.6736,9.6184,9.563,9.5076,9.4521,9.3964,9.3407,9.2848,9.2288,9.1726,9.0967,9.0101,8.9233,8.8362,8.7489,8.6614,8.5735,8.4854,8.397,8.2999,8.1533,8.0065,7.8596,7.7125,7.5652,7.4179,7.2703,7.1226,6.9748,6.8766,6.8064,6.7362,6.6659,6.5956,6.5253,6.4549,6.3845,6.314,6.2547,6.2696,6.2848,6.3001,6.3157,6.3315,6.3475,6.3638,6.3803,6.3971,6.4179,6.4407,6.4634,6.4858,6.508,6.53,6.5518,6.5733,6.5946,6.6002,6.4827,6.3652,6.2476,6.1299,6.0122,5.8945,5.7767,5.6588,5.5409,5.3782,5.1859,4.9938,4.802,4.6103,4.4188,4.2276,4.0365,3.8457,3.6667,3.6103,3.5539,3.4975,3.4412,3.385,3.3288,3.2726,3.2165,3.1605,3.0976,3.0296,2.9616,2.8936,2.8256,2.7577,2.6897,2.6218
11.6797,11.5782,11.4765,11.3745,11.2722,11.1697,11.067,10.964,10.8608,10.7593,10.6582,10.557,10.4555,10.3539,10.252,10.1499,10.0477,9.9452,9.8634,9.8652,9.8669,9.8685,9.87,9.8714,9.8727,9.8739,9.875,9.8761,9.8973,9.9277,9.9581,9.9887,10.0194,10.0502,10.0811,10.112,10.143,10.1823,10.2582,10.3342,10.4103,10.4866,10.5629,10.6393,10.7157,10.7922,10.8688,10.9223,10.9648,11.0072,11.0497,11.0921,11.1345,11.1768,11.2191,11.2614,11.275,11.1446,11.0142,10.8837,10.7531,10.6225,10.4918,10.3609,10.23,10.099,10.0189,9.965,9.9109,9.8567,9.8022,9.7476,9.6927,9.6376,9.5823,9.5258,9.464,9.402,9.3398,9.2773,9.2147,9.1519,9.0889,9.0256,8.9621,8.8794,8.7859,8.6924,8.5987,8.505,8.4113,8.3174,8.2235,8.1295,8.0285,7.8819,7.7353,7.5888,7.4425,7.2962,7.1499,7.0038,6.8578,6.7119,6.6173,6.554,6.4909,6.4282,6.3658,6.3037,6.242,6.1806,6.1196,6.0679,6.0876,6.1074,6.1273,6.1473,6.1674,6.1876,6.2079,6.2282,6.2487,6.2688,6.2883,6.3077,6.3269,6.3458,6.3646,6.3831,6.4014,6.4194,6.4257,6.3083,6.1908,6.0733,5.9557,5.8381,5.7204,5.6027,5.4849,5.3671,5.2091,5.021,4.8331,4.6455,4.458,4.2708,4.0837,3.8969,3.7103,3.531,3.4759,3.4208,3.3658,3.3109,3.2559,3.2011,3.1463,3.0915,3.0368,2.9753,2.908,2.8407,2.7735,2.7062,2.6389,2.5717,2.5044
11.5781,11.4834,11.3885,11.2933,11.1978,11.1021,11.0061,10.9099,10.8135,10.7192,10.6255,10.5315,10.4374,10.343,10.2485,10.1537,10.0588,9.9637,9.89,9.8971,9.904,9.9109,9.9176,9.9243,9.9309,9.9373,9.9437,9.9501,9.9693,9.9942,10.0192,10.0443,10.0695,10.0948,10.1201,10.1456,10.1712,10.2041,10.2689,10.3337,10.3987,10.4638,10.529,10.5942,10.6595,10.7249,10.7903,10.834,10.8673,10.9006,10.9339,10.9672,11.0004,11.0337,11.0668,11.1,11.1054,10.9711,10.8368,10.7024,10.568,10.4334,10.2988,10.1641,10.0293,9.8944,9.8054,9.7406,9.6756,9.6105,9.5451,9.4795,9.4137,9.3477,9.2815,9.2149,9.1477,9.0803,9.0128,8.945,8.877,8.8088,8.7404,8.6718,8.603,8.5197,8.4281,8.3364,8.2446,8.1527,8.0608,7.9688,7.8767,7.7845,7.6866,7.5463,7.4062,7.2661,7.1261,6.9861,6.8463,6.7065,6.5669,6.4273,6.3406,6.2884,6.2365,6.1849,6.1336,6.0826,6.032,5.9817,5.9318,5.8889,5.912,5.9352,5.9585,5.9819,6.0053,6.0289,6.0525,6.0763,6.1001,6.1197,6.1361,6.1522,6.1681,6.1838,6.1993,6.2145,6.2296,6.2444,6.2512,6.1338,6.0165,5.899,5.7815,5.664,5.5464,5.4288,5.311,5.1933,5.0397,4.8558,4.6722,4.4887,4.3055,4.1225,3.9396,3.757,3.5746,3.3952,3.3414,3.2877,3.234,3.1804,3.1268,3.0733,3.0198,2.9664,2.913,2.853,2.7864,2.7198,2.6533,2.5867,2.5201,2.4536,2.3871
11.4768,11.3889,11.3008,11.2123,11.1236,11.0347,10.9455,10.8561,10.7664,10.6793,10.5929,10.5063,10.4194,10.3324,10.2451,10.1577,10.0701,9.9823,9.9167,9.929,9.9412,9.9534,9.9654,9.9773,9.9891,10.0009,10.0125,10.0241,10.0412,10.0606,10.0801,10.0997,10.1194,10.1392,10.1592,10.1791,10.1992,10.2258,10.2794,10.3332,10.387,10.441,10.495,10.5491,10.6033,10.6575,10.7118,10.7456,10.7698,10.794,10.8181,10.8423,10.8664,10.8905,10.9145,10.9385,10.9358,10.7976,10.6594,10.5212,10.3828,10.2444,10.1058,9.9672,9.8285,9.6897,9.592,9.5163,9.4404,9.3643,9.2881,9.2116,9.1349,9.058,8.9808,8.9041,8.8315,8.7588,8.6859,8.6127,8.5394,8.4659,8.3921,8.3182,8.244,8.1601,8.0703,7.9804,7.8904,7.8004,7.7102,7.6201,7.5298,7.4395,7.3445,7.2106,7.0768,6.9431,6.8095,6.6759,6.5424,6.409,6.2758,6.1426,6.0636,6.0225,5.9816,5.9411,5.9009,5.8611,5.8216,5.7824,5.7436,5.7098,5.7363,5.7628,5.7895,5.8163,5.8431,5.87,5.897,5.9242,5.9514,5.9709,5.984,5.9968,6.0095,6.0219,6.0342,6.0462,6.058,6.0695,6.0766,5.9594,5.8421,5.7247,5.6073,5.4899,5.3724,5.2548,5.1372,5.0195,4.87,4.6904,4.511,4.3317,4.1527,3.9739,3.7953,3.6169,3.4387,3.2608,3.2069,3.1545,3.1021,3.0498,2.9976,2.9454,2.8932,2.8411,2.7891,2.7307,2.6648,2.5989,2.533,2.4671,2.4013,2.3354,2.2696
11.3758,11.2947,11.2133,11.1316,11.0497,10.9675,10.8851,10.8024,10.7195,10.6396,10.5605,10.4812,10.4017,10.322,10.242,10.1619,10.0816,10.0011,9.9435,9.9611,9.9786,9.996,10.0132,10.0304,10.0475,10.0645,10.0815,10.0983,10.113,10.1269,10.1409,10.1551,10.1693,10.1837,10.1981,10.2126,10.2272,10.2474,10.2899,10.3325,10.3752,10.418,10.4609,10.5039,10.547,10.5901,10.6332,10.6572,10.6723,10.6873,10.7023,10.7174,10.7324,10.7473,10.7622,10.7771,10.7662,10.6242,10.4821,10.3399,10.1977,10.0553,9.9129,9.7704,9.6278,9.4851,9.3788,9.2921,9.2053,9.1183,9.0312,8.9438,8.8562,8.7683,8.6803,8.5933,8.5154,8.4373,8.3591,8.2806,8.2019,8.123,8.0439,7.9646,7.8851,7.8003,7.7124,7.6243,7.5362,7.448,7.3597,7.2713,7.1829,7.0944,7.0022,6.8747,6.7473,6.62,6.4927,6.3655,6.2384,6.1113,5.9844,5.8576,5.7861,5.7561,5.7264,5.697,5.6679,5.6391,5.6107,5.5826,5.5549,5.5305,5.5604,5.5903,5.6204,5.6505,5.6807,5.711,5.7414,5.7719,5.8025,5.8222,5.832,5.8416,5.851,5.8602,5.8692,5.878,5.8865,5.8949,5.9021,5.7849,5.6677,5.5504,5.4331,5.3157,5.1983,5.0808,4.9633,4.8457,4.7001,4.5247,4.3495,4.1745,3.9996,3.825,3.6506,3.4764,3.3025,3.1287,3.0722,3.0212,2.9702,2.9192,2.8683,2.8174,2.7666,2.7158,2.6651,2.6082,2.543,2.4779,2.4127,2.3475,2.2824,2.2172,2.1521
11.275,11.2006,11.126,11.0511,10.9759,10.9005,10.8248,10.749,10.6728,10.6002,10.5284,10.4564,10.3842,10.3117,10.2391,10.1663,10.0932,10.0201,9.9705,9.9933,10.0161,10.0387,10.0612,10.0837,10.106,10.1283,10.1505,10.1726,10.1847,10.1931,10.2017,10.2104,10.2191,10.228,10.237,10.246,10.2551,10.2688,10.3002,10.3317,10.3633,10.395,10.4268,10.4587,10.4906,10.5226,10.5546,10.5688,10.5747,10.5806,10.5865,10.5924,10.5983,10.6041,10.6099,10.6157,10.5967,10.4507,10.3047,10.1587,10.0125,9.8663,9.72,9.5736,9.4271,9.2806,9.1656,9.068,8.9703,8.8725,8.7744,8.6761,8.5776,8.4789,8.3799,8.2826,8.1994,8.116,8.0323,7.9485,7.8645,7.7803,7.6958,7.6111,7.5263,7.4406,7.3544,7.2682,7.1819,7.0955,7.0091,6.9225,6.8359,6.7493,6.6598,6.5387,6.4176,6.2966,6.1757,6.0549,5.9341,5.8134,5.6929,5.5724,5.5083,5.4894,5.4708,5.4525,5.4345,5.4168,5.3994,5.3825,5.3658,5.3511,5.3844,5.4177,5.4511,5.4846,5.5182,5.5518,5.5856,5.6195,5.6534,5.6736,5.6802,5.6866,5.6927,5.6987,5.7044,5.7099,5.7152,5.7203,5.7252,5.6104,5.4933,5.3761,5.2589,5.1416,5.0242,4.9068,4.7894,4.6719,4.53,4.3588,4.1877,4.0169,3.8463,3.6759,3.5057,3.3357,3.166,2.9965,2.9375,2.8878,2.8381,2.7885,2.7389,2.6893,2.6399,2.5904,2.541,2.4858,2.4213,2.3568,2.2923,2.2279,2.1634,2.099,2.0346
11.1744,11.1068,11.0389,10.9708,10.9024,10.8337,10.7648,10.6957,10.6264,10.561,10.4965,10.4318,10.3668,10.3017,10.2364,10.1708,10.1051,10.0392,9.9976,10.0257,10.0536,10.0815,10.1093,10.137,10.1646,10.1921,10.2196,10.2469,10.2563,10.2593,10.2624,10.2656,10.2689,10.2723,10.2758,10.2793,10.283,10.2902,10.3104,10.3308,10.3513,10.3719,10.3926,10.4133,10.4341,10.455,10.4759,10.4803,10.4771,10.4739,10.4707,10.4675,10.4642,10.461,10.4576,10.4543,10.4271,10.2773,10.1274,9.9774,9.8274,9.6773,9.5271,9.3768,9.2265,9.076,8.9525,8.844,8.7355,8.6267,8.5177,8.4085,8.2991,8.1895,8.0797,7.972,7.8834,7.7947,7.7057,7.6165,7.5272,7.4376,7.3478,7.2578,7.1676,7.0808,6.9965,6.9121,6.8276,6.743,6.6584,6.5737,6.4889,6.4041,6.3172,6.2024,6.0877,5.9731,5.8585,5.744,5.6296,5.5153,5.4011,5.2871,5.2302,5.2223,5.2148,5.2075,5.2006,5.194,5.1878,5.1819,5.1763,5.1716,5.2082,5.2449,5.2817,5.3186,5.3555,5.3925,5.4297,5.4669,5.5042,5.5252,5.5286,5.5317,5.5346,5.5373,5.5398,5.5421,5.5441,5.546,5.5476,5.436,5.3189,5.2018,5.0847,4.9675,4.8502,4.7329,4.6155,4.4981,4.3596,4.1926,4.0257,3.8591,3.6927,3.5265,3.3606,3.1948,3.0292,2.8639,2.8027,2.7543,2.7059,2.6576,2.6094,2.5612,2.513,2.4649,2.4169,2.3632,2.2995,2.2357,2.1719,2.1082,2.0444,1.9807,1.917
11.0741,11.0133,10.9521,10.8907,10.8291,10.7672,10.7051,10.6427,10.5801,10.5219,10.4648,10.4073,10.3497,10.2919,10.2338,10.1756,10.1171,10.0585,10.0248,10.0581,10.0913,10.1245,10.1575,10.1904,10.2233,10.2561,10.2887,10.3214,10.3278,10.3253,10.323,10.3207,10.3185,10.3165,10.3145,10.3126,10.3108,10.3114,10.3205,10.3298,10.3392,10.3487,10.3582,10.3679,10.3776,10.3873,10.3971,10.3917,10.3794,10.3671,10.3548,10.3425,10.3302,10.3178,10.3053,10.2929,10.2575,10.1038,9.9501,9.7962,9.6423,9.4883,9.3343,9.1801,9.0258,8.8715,8.7394,8.6201,8.5007,8.381,8.2612,8.1411,8.0208,7.9003,7.7796,7.6615,7.5676,7.4735,7.3791,7.2846,7.1899,7.095,6.9999,6.9045,6.809,6.7209,6.6384,6.5559,6.4732,6.3905,6.3077,6.2248,6.1419,6.0588,5.9745,5.866,5.7577,5.6494,5.5412,5.433,5.325,5.217,5.1092,5.0015,4.9516,4.9549,4.9584,4.9622,4.9664,4.9708,4.9757,4.9808,4.9863,4.9922,5.0319,5.072,5.1121,5.1524,5.1927,5.2331,5.2736,5.3142,5.3549,5.377,5.3771,5.3769,5.3766,5.3761,5.3753,5.3744,5.3732,5.3718,5.3701,5.2615,5.1445,5.0275,4.9104,4.7933,4.6761,4.5589,4.4416,4.3242,4.1889,4.0261,3.8635,3.7011,3.5389,3.3769,3.2151,3.0535,2.8922,2.7311,2.6678,2.6207,2.5737,2.5267,2.4798,2.4329,2.3861,2.3393,2.2926,2.2407,2.1776,2.1145,2.0514,1.9884,1.9253,1.8623,1.7993
10.9741,10.9199,10.8656,10.8109,10.756,10.7009,10.6455,10.5899,10.534,10.4832,10.4332,10.3831,10.3328,10.2822,10.2315,10.1805,10.1294,10.0781,10.0521,10.0907,10.1292,10.1675,10.2058,10.244,10.2821,10.3201,10.358,10.3959,10.3992,10.3913,10.3835,10.3757,10.3681,10.3606,10.3531,10.3458,10.3385,10.3324,10.3305,10.3287,10.327,10.3254,10.3238,10.3224,10.321,10.3196,10.3183,10.3032,10.2818,10.2604,10.2389,10.2175,10.1961,10.1746,10.1531,10.1315,10.088,9.9304,9.7728,9.615,9.4572,9.2994,9.1414,8.9834,8.8252,8.667,8.5265,8.3963,8.266,8.1355,8.0047,7.8738,7.7426,7.6113,7.4796,7.351,7.2518,7.1523,7.0527,6.9528,6.8528,6.7525,6.6521,6.5514,6.4505,6.3611,6.2804,6.1996,6.1188,6.0379,5.9569,5.8759,5.7948,5.7136,5.6315,5.5294,5.4274,5.3255,5.2236,5.1218,5.0201,4.9185,4.817,4.7156,4.6727,4.687,4.7016,4.7165,4.7317,4.7473,4.7631,4.7794,4.7959,4.8129,4.8555,4.8989,4.9425,4.986,5.0297,5.0735,5.1174,5.1613,5.2054,5.2289,5.2257,5.2224,5.2188,5.215,5.211,5.2068,5.2024,5.1977,5.1929,5.087,4.9701,4.8532,4.7362,4.6192,4.502,4.3849,4.2677,4.1504,4.018,3.8594,3.701,3.5428,3.3848,3.227,3.0694,2.912,2.7549,2.598,2.5328,2.487,2.4414,2.3957,2.3501,2.3046,2.2591,2.2136,2.1682,2.118,2.0557,1.9933,1.9309,1.8686,1.8062,1.7439,1.6816
10.8742,10.8269,10.7792,10.7313,10.6832,10.6348,10.5861,10.5373,10.4882,10.4446,10.402,10.3591,10.316,10.2728,10.2293,10.1856,10.1418,10.0978,10.0795,10.1234,10.1671,10.2107,10.2542,10.2977,10.341,10.3843,10.4274,10.4705,10.4706,10.4572,10.4439,10.4307,10.4176,10.4046,10.3917,10.3789,10.3662,10.3534,10.3404,10.3275,10.3147,10.302,10.2893,10.2768,10.2643,10.2519,10.2395,10.2145,10.184,10.1535,10.123,10.0925,10.062,10.0314,10.0008,9.9701,9.9185,9.757,9.5955,9.4339,9.2722,9.1104,8.9486,8.7867,8.6247,8.4626,8.3137,8.1726,8.0314,7.89,7.7484,7.6066,7.4646,7.3223,7.1798,7.0407,6.9361,6.8313,6.7263,6.6211,6.5157,6.4102,6.3044,6.1983,6.0921,6.0011,5.9223,5.8434,5.7644,5.6853,5.6061,5.5269,5.4476,5.3682,5.2884,5.1927,5.097,5.0014,4.9059,4.8104,4.7151,4.6198,4.5247,4.4296,4.3934,4.4188,4.4444,4.4704,4.4967,4.5233,4.5502,4.5775,4.6051,4.6331,4.679,4.7258,4.7726,4.8196,4.8666,4.9137,4.961,5.0083,5.0557,5.0809,5.0745,5.0679,5.0611,5.0541,5.0469,5.0394,5.0318,5.0239,5.0158,4.9125,4.7957,4.6789,4.562,4.445,4.328,4.2109,4.0938,3.9766,3.8469,3.6925,3.5383,3.3842,3.2304,3.0768,2.9234,2.7703,2.6173,2.4646,2.3977,2.3533,2.3089,2.2646,2.2204,2.1761,2.132,2.0878,2.0438,1.9954,1.9337,1.872,1.8104,1.7487,1.6871,1.6254,1.5638
10.7746,10.734,10.6931,10.652,10.6105,10.5689,10.527,10.4849,10.4425,10.4062,10.3709,10.3353,10.2995,10.2635,10.2273,10.1909,10.1544,10.1176,10.1071,10.1562,10.2052,10.254,10.3028,10.3514,10.4,10.4485,10.4969,10.5453,10.5418,10.523,10.5042,10.4856,10.467,10.4486,10.4302,10.412,10.3938,10.3742,10.3501,10.3261,10.3022,10.2785,10.2548,10.2311,10.2076,10.184,10.1606,10.1259,10.0863,10.0467,10.0071,9.9675,9.9279,9.8882,9.8485,9.8087,9.7489,9.5836,9.4182,9.2527,9.0871,8.9215,8.7558,8.59,8.4241,8.2581,8.101,7.949,7.797,7.6447,7.4922,7.3396,7.1867,7.0336,6.8802,6.7304,6.6204,6.5103,6.4,6.2895,6.1788,6.0679,5.9568,5.8454,5.7338,5.6412,5.5642,5.4871,5.4099,5.3326,5.2553,5.1779,5.1004,5.0229,4.9451,4.8557,4.7664,4.6771,4.588,4.4989,4.4098,4.3209,4.2321,4.1434,4.1137,4.1501,4.1869,4.2239,4.2612,4.2989,4.3368,4.3752,4.4139,4.4529,4.5023,4.5524,4.6026,4.653,4.7034,4.7538,4.8044,4.8551,4.9059,4.9331,4.9235,4.9137,4.9036,4.8934,4.8829,4.8722,4.8613,4.8502,4.8389,4.738,4.6213,4.5045,4.3877,4.2708,4.1539,4.0369,3.9198,3.8027,3.6755,3.5253,3.3752,3.2254,3.0758,2.9264,2.7772,2.6282,2.4795,2.3309,2.2625,2.2194,2.1764,2.1334,2.0905,2.0476,2.0048,1.962,1.9192,1.8726,1.8117,1.7507,1.6897,1.6288,1.5678,1.5069,1.446
10.6753,10.6414,10.6072,10.5728,10.5381,10.5032,10.4681,10.4327,10.3971,10.3681,10.34,10.3117,10.2832,10.2545,10.2256,10.1964,10.1671,10.1377,10.1348,10.1891,10.2433,10.2974,10.3514,10.4053,10.4591,10.5128,10.5665,10.6201,10.613,10.5886,10.5645,10.5404,10.5164,10.4925,10.4687,10.445,10.4213,10.395,10.3598,10.3247,10.2897,10.2549,10.2201,10.1854,10.1507,10.1161,10.0816,10.0372,9.9885,9.9398,9.8912,9.8425,9.7938,9.745,9.6962,9.6473,9.5794,9.4102,9.2409,9.0715,8.9021,8.7326,8.563,8.3933,8.2236,8.0537,7.8883,7.7255,7.5626,7.3995,7.2362,7.0726,6.9089,6.7449,6.5807,6.4201,6.3049,6.1894,6.0738,5.958,5.8419,5.7257,5.6092,5.4926,5.3757,5.2812,5.206,5.1307,5.0553,4.9799,4.9044,4.8288,4.7532,4.6774,4.6016,4.5186,4.4356,4.3527,4.2698,4.1871,4.1044,4.0218,3.9393,3.857,3.8337,3.8811,3.9289,3.977,4.0253,4.074,4.1231,4.1724,4.2222,4.2723,4.3254,4.3789,4.4325,4.4862,4.54,4.5938,4.6477,4.7018,4.7559,4.7855,4.7726,4.7595,4.7463,4.7328,4.7191,4.7052,4.691,4.6767,4.6621,4.5635,4.4469,4.3302,4.2135,4.0967,3.9798,3.8629,3.7459,3.6289,3.5038,3.3578,3.212,3.0664,2.9209,2.7757,2.6307,2.4859,2.3413,2.197,2.1273,2.0855,2.0438,2.0021,1.9605,1.919,1.8775,1.836,1.7946,1.7499,1.6896,1.6293,1.5691,1.5088,1.4486,1.3883,1.3281
10.5762,10.549,10.5216,10.4939,10.466,10.4378,10.4094,10.3807,10.3518,10.3302,10.3094,10.2883,10.2671,10.2456,10.224,10.2021,10.1801,10.1579,10.1627,10.2222,10.2816,10.3409,10.4002,10.4593,10.5183,10.5773,10.6362,10.695,10.684,10.6543,10.6246,10.5951,10.5656,10.5363,10.507,10.4779,10.4488,10.4155,10.3693,10.3232,10.2771,10.2312,10.1853,10.1396,10.0938,10.0482,10.0026,9.9484,9.8907,9.833,9.7752,9.7174,9.6596,9.6018,9.5439,9.486,9.4099,9.2368,9.0636,8.8904,8.7171,8.5437,8.3703,8.1967,8.0231,7.8494,7.6757,7.5021,7.3283,7.1544,6.9802,6.8058,6.6312,6.4564,6.2814,6.11,5.9894,5.8686,5.7477,5.6265,5.5052,5.3836,5.2618,5.1398,5.0176,4.9212,4.8478,4.7743,4.7008,4.6272,4.5535,4.4797,4.4059,4.3319,4.258,4.1813,4.1046,4.028,3.9515,3.8751,3.7987,3.7225,3.6463,3.5703,3.5532,3.6118,3.6706,3.7297,3.7891,3.8488,3.9089,3.9693,4.0301,4.0912,4.1485,4.2053,4.2623,4.3193,4.3764,4.4336,4.4909,4.5483,4.6058,4.638,4.6219,4.6056,4.5891,4.5723,4.5554,4.5383,4.5209,4.5033,4.4855,4.389,4.2725,4.1559,4.0392,3.9225,3.8057,3.6889,3.572,3.4551,3.3319,3.1901,3.0485,2.907,2.7658,2.6248,2.4839,2.3433,2.203,2.0628,1.9919,1.9515,1.9111,1.8708,1.8305,1.7902,1.7501,1.7099,1.6698,1.627,1.5675,1.5079,1.4483,1.3888,1.3292,1.2697,1.2102
10.4773,10.4569,10.4362,10.4152,10.394,10.3725,10.3509,10.3289,10.3068,10.2925,10.2789,10.2651,10.2512,10.237,10.2226,10.208,10.1932,10.1783,10.1906,10.2554,10.32,10.3846,10.449,10.5134,10.5777,10.6418,10.7059,10.77,10.755,10.7198,10.6847,10.6497,10.6148,10.58,10.5453,10.5107,10.4762,10.436,10.3787,10.3215,10.2644,10.2074,10.1505,10.0937,10.0369,9.9802,9.9235,9.8597,9.7929,9.726,9.6592,9.5924,9.5255,9.4586,9.3916,9.3246,9.2403,9.0634,8.8864,8.7093,8.5321,8.3549,8.1775,8.0001,7.8226,7.645,7.4633,7.2788,7.0942,6.9094,6.7244,6.5391,6.3537,6.1681,5.9822,5.7999,5.674,5.5479,5.4217,5.2952,5.1685,5.0416,4.9145,4.7872,4.6597,4.5611,4.4895,4.4179,4.3461,4.2744,4.2025,4.1305,4.0585,3.9864,3.9143,3.8438,3.7735,3.7032,3.633,3.5629,3.4929,3.423,3.3532,3.2834,3.2724,3.342,3.4118,3.482,3.5524,3.6232,3.6943,3.7657,3.8375,3.9097,3.9714,4.0316,4.0919,4.1522,4.2127,4.2733,4.3339,4.3947,4.4555,4.4906,4.4713,4.4517,4.432,4.4121,4.3919,4.3715,4.3509,4.3301,4.3091,4.2145,4.0981,3.9815,3.8649,3.7483,3.6316,3.5149,3.3981,3.2812,3.1598,3.0221,2.8847,2.7474,2.6104,2.4735,2.3369,2.2005,2.0643,1.9283,1.8565,1.8174,1.7791,1.7433,1.7074,1.6716,1.6357,1.5998,1.564,1.526,1.47,1.414,1.3579,1.3018,1.2457,1.1896,1.1334
10.3787,10.365,10.351,10.3368,10.3223,10.3075,10.2926,10.2774,10.2619,10.255,10.2487,10.2422,10.2354,10.2285,10.2214,10.2141,10.2066,10.1989,10.2187,10.2887,10.3586,10.4283,10.498,10.5676,10.6371,10.7065,10.7758,10.8451,10.8258,10.7852,10.7447,10.7043,10.6639,10.6237,10.5836,10.5435,10.5035,10.4564,10.388,10.3197,10.2516,10.1835,10.1156,10.0477,9.9799,9.9121,9.8443,9.7709,9.695,9.6191,9.5432,9.4673,9.3913,9.3154,9.2394,9.1633,9.0708,8.89,8.7091,8.5282,8.3471,8.166,7.9848,7.8035,7.6222,7.4407,7.2509,7.0556,6.8601,6.6645,6.4686,6.2726,6.0763,5.8798,5.6831,5.4899,5.3587,5.2273,5.0957,4.9639,4.8319,4.6997,4.5673,4.4347,4.3018,4.201,4.1312,4.0614,3.9915,3.9215,3.8515,3.7813,3.7111,3.6409,3.5705,3.5062,3.4422,3.3782,3.3144,3.2506,3.1869,3.1233,3.0598,2.9964,2.9913,3.0718,3.1527,3.2339,3.3153,3.3971,3.4792,3.5617,3.6445,3.7277,3.7941,3.8577,3.9213,3.9851,4.0504,4.1159,4.1812,4.2463,4.3112,4.3501,4.3288,4.3072,4.2855,4.2635,4.2414,4.2191,4.1965,4.1738,4.1508,4.0591,3.9437,3.8282,3.7126,3.597,3.4812,3.3654,3.2495,3.1335,3.015,2.8868,2.7591,2.632,2.5054,2.3795,2.2541,2.1294,2.0053,1.8818,1.8136,1.7779,1.7421,1.7063,1.6705,1.6347,1.5989,1.5631,1.5273,1.49,1.4338,1.3776,1.3214,1.2651,1.2088,1.1525,1.0962
10.3398,10.3295,10.3191,10.3086,10.2979,10.2871,10.2761,10.265,10.2537,10.2492,10.2453,10.2414,10.2374,10.2334,10.2294,10.2254,10.2214,10.2174,10.2404,10.3103,10.3803,10.4504,10.5206,10.5909,10.6614,10.7319,10.8025,10.8732,10.8489,10.8028,10.7568,10.711,10.6652,10.6195,10.5739,10.5284,10.4829,10.4292,10.3519,10.2747,10.1975,10.1203,10.0432,9.966,9.8888,9.8117,9.7345,9.652,9.5673,9.4825,9.3978,9.313,9.2281,9.1431,9.0581,8.973,8.8722,8.6862,8.5002,8.3141,8.1278,7.9414,7.7549,7.5682,7.3814,7.1944,6.9984,6.7964,6.5944,6.3923,6.1901,5.9878,5.7854,5.583,5.3805,5.1813,5.0479,4.9144,4.7808,4.6471,4.5134,4.3796,4.2457,4.1118,3.9779,3.8794,3.817,3.7548,3.6927,3.6308,3.5691,3.5076,3.4463,3.3852,3.3244,3.2717,3.2198,3.1681,3.1168,3.0657,3.015,2.9645,2.9145,2.8648,2.8688,2.9569,3.0451,3.1333,3.2216,3.3099,3.3982,3.4866,3.5751,3.6636,3.73,3.7918,3.8535,3.9149,3.9761,4.037,4.0978,4.1583,4.2186,4.2553,4.2306,4.2057,4.1806,4.1553,4.1299,4.1042,4.0783,4.0522,4.0259,3.9351,3.8189,3.7026,3.5863,3.4698,3.3533,3.2367,3.12,3.0032,2.8861,2.7679,2.6503,2.5332,2.4167,2.3008,2.1856,2.0709,1.9568,1.8434,1.7765,1.7408,1.7051,1.6694,1.6336,1.5979,1.5621,1.5263,1.4905,1.4541,1.3977,1.3413,1.2849,1.2284,1.1719,1.1154,1.0589
10.3158,10.3098,10.3037,10.2974,10.2909,10.2843,10.2775,10.2707,10.2637,10.2602,10.257,10.2538,10.2505,10.2472,10.244,10.2407,10.2373,10.234,10.2564,10.3209,10.3856,10.4505,10.5154,10.5804,10.6456,10.7108,10.7762,10.8416,10.809,10.7553,10.7017,10.6482,10.5948,10.5415,10.4883,10.4352,10.3821,10.3207,10.2364,10.1522,10.068,9.9839,9.8997,9.8155,9.7314,9.6472,9.563,9.4722,9.3786,9.285,9.1913,9.0976,9.0038,8.91,8.8161,8.7221,8.6127,8.4194,8.2259,8.0324,7.8387,7.6449,7.4509,7.2569,7.0626,6.8682,6.6707,6.4712,6.2716,6.0718,5.872,5.6721,5.4722,5.2721,5.072,4.8748,4.7435,4.6121,4.4807,4.3492,4.2176,4.086,3.9543,3.8226,3.6908,3.5982,3.547,3.496,3.4451,3.3945,3.344,3.2937,3.2436,3.1937,3.1441,3.103,3.0628,3.0229,2.9833,2.944,2.905,2.8663,2.828,2.79,2.7997,2.8896,2.9796,3.0696,3.1596,3.2497,3.3399,3.4301,3.5203,3.6106,3.6742,3.7314,3.7885,3.8453,3.9019,3.9583,4.0145,4.0705,4.1262,4.1606,4.1325,4.1043,4.0759,4.0473,4.0185,3.9895,3.9602,3.9308,3.9012,3.8111,3.6942,3.5771,3.46,3.3428,3.2254,3.108,2.9906,2.873,2.7565,2.6484,2.5408,2.4338,2.3274,2.2216,2.1164,2.0118,1.9078,1.8044,1.7394,1.7038,1.6681,1.6324,1.5967,1.561,1.5253,1.4896,1.4538,1.4181,1.3616,1.305,1.2484,1.1917,1.1351,1.0784,1.0217
10.292,10.2903,10.2883,10.2862,10.284,10.2817,10.2792,10.2765,10.2737,10.2712,10.2687,10.2662,10.2636,10.2611,10.2585,10.2559,10.2533,10.2507,10.2722,10.3315,10.3909,10.4505,10.5101,10.5699,10.6297,10.6897,10.7497,10.8099,10.769,10.7077,10.6465,10.5854,10.5244,10.4635,10.4026,10.3418,10.2811,10.2121,10.1209,10.0297,9.9385,9.8473,9.7562,9.665,9.5739,9.4827,9.3915,9.2923,9.1898,9.0873,8.9848,8.8822,8.7796,8.6769,8.5741,8.4712,8.3532,8.1525,7.9516,7.7507,7.5496,7.3484,7.1471,6.9456,6.7439,6.5421,6.3431,6.146,5.9487,5.7514,5.554,5.3565,5.1589,4.9613,4.7636,4.5682,4.4391,4.3099,4.1806,4.0513,3.9219,3.7924,3.6629,3.5333,3.4037,3.3167,3.2767,3.2369,3.1973,3.1578,3.1186,3.0795,3.0406,3.002,2.9636,2.934,2.9056,2.8774,2.8495,2.8219,2.7946,2.7677,2.7411,2.7148,2.7306,2.8223,2.9141,3.0058,3.0977,3.1895,3.2815,3.3734,3.4654,3.5575,3.6185,3.6712,3.7237,3.776,3.828,3.8798,3.9315,3.9828,4.034,4.066,4.0347,4.0031,3.9713,3.9394,3.9072,3.8749,3.8423,3.8096,3.7766,3.6872,3.5695,3.4516,3.3337,3.2157,3.0976,2.9794,2.8612,2.7428,2.6263,2.5283,2.4308,2.3339,2.2375,2.1417,2.0466,1.952,1.8581,1.7648,1.7023,1.6667,1.6311,1.5954,1.5598,1.5241,1.4885,1.4528,1.4171,1.3814,1.3255,1.2687,1.2119,1.1551,1.0982,1.0413,0.9844
10.2684,10.2708,10.2731,10.2753,10.2773,10.2792,10.2809,10.2825,10.2839,10.2823,10.2805,10.2786,10.2768,10.2749,10.2731,10.2712,10.2693,10.2674,10.2879,10.3419,10.3961,10.4503,10.5047,10.5592,10.6137,10.6684,10.7232,10.778,10.7289,10.6599,10.5911,10.5224,10.4538,10.3853,10.3168,10.2484,10.1801,10.1035,10.0053,9.9071,9.8089,9.7107,9.6126,9.5145,9.4163,9.3182,9.22,9.1124,9.0011,8.8897,8.7783,8.6668,8.5553,8.4437,8.3321,8.2203,8.0938,7.8856,7.6774,7.469,7.2606,7.052,6.8432,6.6343,6.4253,6.2161,6.0154,5.8207,5.6258,5.4309,5.2359,5.0408,4.8456,4.6504,4.4551,4.2616,4.1347,4.0076,3.8805,3.7533,3.6261,3.4988,3.3714,3.244,3.1165,3.035,3.0062,2.9776,2.9492,2.921,2.8929,2.865,2.8373,2.8099,2.7827,2.7647,2.748,2.7315,2.7153,2.6995,2.6839,2.6687,2.6538,2.6392,2.6614,2.7549,2.8485,2.942,3.0356,3.1293,3.223,3.3167,3.4105,3.5044,3.563,3.6112,3.6591,3.7068,3.7543,3.8016,3.8486,3.8954,3.942,3.9716,3.9369,3.902,3.867,3.8317,3.7962,3.7605,3.7246,3.6885,3.6522,3.5633,3.4448,3.3262,3.2075,3.0887,2.9698,2.8509,2.7318,2.6127,2.4956,2.4076,2.3201,2.2333,2.147,2.0612,1.9761,1.8916,1.8077,1.7245,1.6652,1.6297,1.5941,1.5585,1.5229,1.4873,1.4516,1.416,1.3804,1.3447,1.2894,1.2324,1.1754,1.1184,1.0614,1.0043,0.9472
10.2449,10.2516,10.2581,10.2645,10.2707,10.2768,10.2828,10.2886,10.2943,10.2933,10.2922,10.2911,10.29,10.2888,10.2877,10.2865,10.2853,10.2841,10.3035,10.3523,10.4011,10.4501,10.4992,10.5484,10.5977,10.647,10.6965,10.7461,10.6886,10.6121,10.5357,10.4593,10.3831,10.307,10.2309,10.1549,10.079,9.9948,9.8896,9.7844,9.6792,9.5741,9.469,9.3638,9.2587,9.1536,9.0484,8.9325,8.8123,8.692,8.5718,8.4514,8.331,8.2106,8.09,7.9694,7.8343,7.6188,7.4032,7.1874,6.9715,6.7556,6.5394,6.3231,6.1067,5.8901,5.6878,5.4954,5.3029,5.1104,4.9178,4.7251,4.5323,4.3394,4.1465,3.955,3.8302,3.7053,3.5803,3.4553,3.3302,3.2051,3.0799,2.9546,2.8293,2.753,2.7355,2.7181,2.7009,2.6838,2.6669,2.6503,2.6338,2.6175,2.6015,2.5951,2.59,2.5853,2.5808,2.5767,2.5728,2.5693,2.5661,2.5633,2.5922,2.6875,2.7828,2.8781,2.9735,3.069,3.1644,3.26,3.3556,3.4512,3.5077,3.5513,3.5947,3.6378,3.6808,3.7235,3.766,3.8082,3.8502,3.8774,3.8394,3.8011,3.7627,3.7241,3.6853,3.6463,3.6071,3.5676,3.528,3.4395,3.3202,3.2008,3.0813,2.9617,2.8421,2.7223,2.6025,2.4826,2.3642,2.2863,2.2089,2.132,2.0558,1.9801,1.905,1.8306,1.7567,1.6835,1.6281,1.5926,1.5571,1.5215,1.486,1.4504,1.4148,1.3792,1.3437,1.308,1.2533,1.1962,1.139,1.0818,1.0246,0.9673,0.91
10.2215,10.2324,10.2432,10.2538,10.2643,10.2746,10.2848,10.2948,10.3047,10.3044,10.304,10.3036,10.3032,10.3027,10.3023,10.3018,10.3013,10.3008,10.319,10.3625,10.406,10.4497,10.4935,10.5374,10.5815,10.6256,10.6698,10.7141,10.6482,10.5641,10.4801,10.3961,10.3123,10.2286,10.1449,10.0613,9.9778,9.886,9.7738,9.6616,9.5495,9.4374,9.3253,9.2132,9.1011,8.989,8.8768,8.7525,8.6234,8.4943,8.3652,8.236,8.1067,7.9774,7.848,7.7186,7.5749,7.352,7.1289,6.9058,6.6826,6.4592,6.2357,6.012,5.7882,5.5642,5.3601,5.1701,4.98,4.7899,4.5997,4.4093,4.219,4.0285,3.838,3.6483,3.5257,3.4029,3.2801,3.1573,3.0344,2.9114,2.7883,2.6652,2.5421,2.4709,2.4645,2.4583,2.4523,2.4464,2.4407,2.4352,2.4299,2.4249,2.4201,2.4251,2.4318,2.4387,2.446,2.4535,2.4614,2.4696,2.4781,2.487,2.5229,2.62,2.7171,2.8142,2.9114,3.0086,3.1058,3.2031,3.3005,3.3979,3.4526,3.4916,3.5305,3.569,3.6074,3.6456,3.6835,3.7212,3.7587,3.7833,3.742,3.7004,3.6587,3.6167,3.5746,3.5322,3.4897,3.4469,3.404,3.3157,3.1956,3.0755,2.9552,2.8348,2.7144,2.5939,2.4732,2.3525,2.2323,2.1644,2.097,2.0302,1.964,1.8984,1.8333,1.7689,1.7051,1.6419,1.591,1.5555,1.5201,1.4846,1.449,1.4135,1.378,1.3425,1.3069,1.2714,1.2172,1.1599,1.1025,1.0452,0.9878,0.9303,0.8728
10.1983,10.2134,10.2284,10.2433,10.2579,10.2725,10.2869,10.3012,10.3152,10.3155,10.3158,10.3161,10.3164,10.3166,10.3169,10.3171,10.3173,10.3175,10.3344,10.3725,10.4108,10.4493,10.4878,10.5264,10.5652,10.604,10.643,10.682,10.6077,10.516,10.4243,10.3328,10.2414,10.1501,10.0588,9.9676,9.8765,9.7771,9.658,9.5388,9.4197,9.3006,9.1815,9.0625,8.9434,8.8243,8.7052,8.5725,8.4346,8.2966,8.1586,8.0206,7.8825,7.7443,7.606,7.4677,7.3155,7.0852,6.8548,6.6242,6.3936,6.1628,5.9319,5.7009,5.4697,5.2384,5.0323,4.8448,4.6571,4.4693,4.2815,4.0936,3.9056,3.7175,3.5294,3.3416,3.2211,3.1006,2.9799,2.8592,2.7384,2.6176,2.4967,2.3758,2.2548,2.1884,2.1933,2.1982,2.2034,2.2087,2.2142,2.2199,2.2258,2.2319,2.2383,2.2548,2.2732,2.2918,2.3108,2.33,2.3496,2.3695,2.3897,2.4102,2.4536,2.5524,2.6513,2.7502,2.8491,2.9481,3.0472,3.1463,3.2454,3.3446,3.3977,3.4322,3.4664,3.5005,3.5343,3.5679,3.6013,3.6344,3.6673,3.6894,3.6447,3.5998,3.5548,3.5095,3.464,3.4184,3.3725,3.3264,3.2801,3.192,3.0711,2.9502,2.8291,2.708,2.5867,2.4654,2.344,2.2225,2.101,2.0419,1.9845,1.9278,1.8716,1.816,1.761,1.7066,1.6528,1.5997,1.5539,1.5185,1.483,1.4476,1.4121,1.3767,1.3412,1.3057,1.2702,1.2347,1.1812,1.1237,1.0661,1.0086,0.951,0.8933,0.8357
10.1753,10.1946,10.2138,10.2329,10.2518,10.2705,10.2892,10.3077,10.3256,10.3266,10.3276,10.3286,10.3296,10.3306,10.3315,10.3325,10.3334,10.3343,10.3496,10.3825,10.4155,10.4487,10.4819,10.5153,10.5488,10.5824,10.616,10.6498,10.567,10.4677,10.3685,10.2694,10.1704,10.0715,9.9726,9.8738,9.7751,9.6682,9.542,9.4159,9.2899,9.1638,9.0377,8.9117,8.7857,8.6596,8.5335,8.3925,8.2457,8.0989,7.952,7.8051,7.6582,7.5111,7.364,7.2168,7.056,6.8184,6.5806,6.3427,6.1047,5.8665,5.6283,5.3898,5.1513,4.9126,4.7046,4.5194,4.3341,4.1488,3.9633,3.7778,3.5922,3.4065,3.2207,3.0349,2.9165,2.7981,2.6796,2.5611,2.4425,2.3238,2.2051,2.0863,1.9674,1.9058,1.9218,1.9379,1.9543,1.9708,1.9874,2.0043,2.0214,2.0387,2.0562,2.0842,2.1142,2.1446,2.1752,2.2062,2.2374,2.269,2.3009,2.3331,2.3842,2.4848,2.5854,2.6861,2.7868,2.8876,2.9884,3.0893,3.1902,3.2912,3.343,3.3729,3.4026,3.4321,3.4613,3.4904,3.5192,3.5478,3.5762,3.5956,3.5476,3.4994,3.451,3.4024,3.3536,3.3046,3.2554,3.206,3.1564,3.0683,2.9466,2.8249,2.7031,2.5811,2.4591,2.337,2.2149,2.0926,1.9702,1.9188,1.8715,1.8247,1.7786,1.733,1.688,1.6436,1.5999,1.5567,1.5168,1.4814,1.446,1.4106,1.3752,1.3398,1.3043,1.2689,1.2334,1.198,1.1452,1.0874,1.0297,0.972,0.9142,0.8564,0.7985
10.1524,10.1759,10.1994,10.2226,10.2458,10.2687,10.2916,10.3143,10.336,10.3377,10.3395,10.3412,10.3429,10.3445,10.3462,10.3478,10.3495,10.3511,10.3647,10.3923,10.4201,10.448,10.476,10.5041,10.5323,10.5606,10.589,10.6175,10.5263,10.4193,10.3126,10.2059,10.0993,9.9927,9.8863,9.7799,9.6736,9.5592,9.4261,9.293,9.1599,9.0269,8.8939,8.7609,8.6279,8.4949,8.3618,8.2124,8.0567,7.9011,7.7454,7.5896,7.4338,7.278,7.122,6.966,6.7966,6.5516,6.3064,6.0612,5.8158,5.5703,5.3246,5.0788,4.8329,4.5868,4.3768,4.194,4.0111,3.8282,3.6451,3.4619,3.2787,3.0954,2.9121,2.7286,2.6119,2.4957,2.3793,2.2629,2.1465,2.03,1.9134,1.7967,1.6801,1.6229,1.6501,1.6774,1.7049,1.7325,1.7604,1.7884,1.8167,1.8451,1.8738,1.9132,1.955,1.997,2.0393,2.0819,2.1249,2.1681,2.2117,2.2557,2.3147,2.4171,2.5195,2.622,2.7245,2.827,2.9296,3.0323,3.1349,3.2377,3.2884,3.3138,3.3389,3.3639,3.3886,3.4131,3.4374,3.4614,3.4853,3.502,3.4507,3.3992,3.3474,3.2955,3.2434,3.1911,3.1386,3.0858,3.0329,2.9446,2.8222,2.6997,2.5771,2.4544,2.3316,2.2087,2.0857,1.9627,1.8395,1.7951,1.7578,1.7211,1.6849,1.6494,1.6144,1.58,1.5463,1.5132,1.4797,1.4443,1.409,1.3736,1.3383,1.3029,1.2675,1.2321,1.1967,1.1613,1.1091,1.0512,0.9933,0.9354,0.8774,0.8194,0.7614
10.1296,10.1574,10.185,10.2125,10.2399,10.2671,10.2941,10.3211,10.3465,10.3489,10.3513,10.3537,10.3561,10.3585,10.3609,10.3632,10.3655,10.3679,10.3797,10.402,10.4245,10.4472,10.4699,10.4927,10.5157,10.5387,10.5619,10.5851,10.4853,10.3709,10.2565,10.1422,10.028,9.9139,9.7999,9.686,9.5721,9.4501,9.31,9.17,9.03,8.89,8.75,8.61,8.4701,8.3301,8.1901,8.0323,7.8678,7.7033,7.5387,7.3742,7.2095,7.0448,6.88,6.7152,6.5372,6.2848,6.0323,5.7797,5.5269,5.2741,5.021,4.7679,4.5146,4.2611,4.0491,3.8686,3.6881,3.5075,3.3268,3.1461,2.9653,2.7843,2.6034,2.4223,2.3073,2.1932,2.079,1.9648,1.8505,1.7361,1.6217,1.5072,1.3926,1.3398,1.3781,1.4166,1.4552,1.4941,1.5331,1.5723,1.6117,1.6513,1.6912,1.742,1.7954,1.8491,1.9031,1.9574,2.012,2.0669,2.1222,2.1778,2.2452,2.3493,2.4535,2.5578,2.662,2.7664,2.8707,2.9752,3.0796,3.1841,3.234,3.2549,3.2755,3.2959,3.316,3.336,3.3557,3.3753,3.3945,3.4086,3.3539,3.2991,3.244,3.1888,3.1333,3.0777,3.0219,2.9658,2.9096,2.821,2.6978,2.5745,2.4511,2.3276,2.204,2.0804,1.9566,1.8328,1.7089,1.6708,1.6435,1.6168,1.5907,1.5651,1.5402,1.5158,1.4921,1.469,1.4425,1.4073,1.372,1.3366,1.3013,1.266,1.2307,1.1953,1.16,1.1246,1.0731,1.015,0.9569,0.8988,0.8407,0.7825,0.7243
10.107,10.139,10.1709,10.2026,10.2341,10.2655,10.2968,10.3279,10.3569,10.3601,10.3632,10.3663,10.3694,10.3725,10.3756,10.3786,10.3817,10.3847,10.3945,10.4116,10.4289,10.4462,10.4637,10.4813,10.499,10.5168,10.5347,10.5526,10.4443,10.3222,10.2003,10.0784,9.9567,9.835,9.7134,9.5919,9.4704,9.3409,9.1939,9.0469,8.8999,8.753,8.606,8.4591,8.3122,8.1653,8.0183,7.8521,7.6788,7.5055,7.3321,7.1587,6.9852,6.8117,6.638,6.4643,6.2779,6.0181,5.7582,5.4982,5.2381,4.9779,4.7175,4.457,4.1963,3.9355,3.7213,3.5432,3.3651,3.1869,3.0086,2.8302,2.6518,2.4732,2.2946,2.116,2.0026,1.8907,1.7786,1.6665,1.5544,1.4422,1.3299,1.2175,1.1052,1.0564,1.1059,1.1555,1.2053,1.2553,1.3055,1.3558,1.4064,1.4572,1.5082,1.5704,1.6355,1.7009,1.7665,1.8325,1.8987,1.9653,2.0322,2.0995,2.1756,2.2815,2.3875,2.4935,2.5996,2.7057,2.8118,2.918,3.0242,3.1305,3.1799,3.1961,3.2122,3.228,3.2437,3.2591,3.2743,3.2893,3.304,3.3153,3.2573,3.1991,3.1408,3.0822,3.0234,2.9645,2.9053,2.846,2.7864,2.6974,2.5734,2.4493,2.3252,2.2009,2.0766,1.9521,1.8276,1.703,1.5783,1.5459,1.5286,1.5119,1.4958,1.4802,1.4653,1.4509,1.4372,1.4241,1.4054,1.3702,1.3349,1.2997,1.2644,1.2291,1.1938,1.1585,1.1232,1.0879,1.0371,0.9789,0.9206,0.8623,0.8039,0.7455,0.6871
10.0845,10.1208,10.1568,10.1927,10.2285,10.2641,10.2996,10.335,10.3674,10.3713,10.3751,10.3789,10.3827,10.3865,10.3903,10.394,10.3978,10.4015,10.4092,10.4211,10.4331,10.4452,10.4574,10.4697,10.4822,10.4947,10.5073,10.52,10.4031,10.2735,10.144,10.0146,9.8852,9.756,9.6268,9.4977,9.3687,9.2316,9.0777,8.9237,8.7698,8.6159,8.462,8.3082,8.1543,8.0004,7.8465,7.6719,7.4898,7.3076,7.1254,6.9432,6.7609,6.5785,6.396,6.2135,6.0185,5.7514,5.4841,5.2168,4.9493,4.6817,4.414,4.1461,3.8781,3.6099,3.3934,3.2178,3.042,2.8662,2.6903,2.5143,2.3382,2.1621,1.9859,1.8096,1.6979,1.5881,1.4782,1.3683,1.2583,1.1482,1.0381,0.9279,0.8176,0.7728,0.8335,0.8943,0.9552,1.0163,1.0776,1.1391,1.2008,1.2628,1.3249,1.3985,1.4752,1.5523,1.6296,1.7072,1.7851,1.8634,1.942,2.0209,2.1059,2.2137,2.3214,2.4292,2.537,2.6449,2.7528,2.8607,2.9688,3.0768,3.1258,3.1376,3.1491,3.1604,3.1715,3.1824,3.1931,3.2035,3.2137,3.2221,3.1608,3.0993,3.0376,2.9758,2.9137,2.8514,2.789,2.7263,2.6634,2.5739,2.4491,2.3243,2.1993,2.0743,1.9491,1.8239,1.6986,1.5732,1.4477,1.4204,1.4131,1.4064,1.4003,1.3947,1.3898,1.3854,1.3817,1.3786,1.3683,1.3331,1.2979,1.2627,1.2275,1.1922,1.157,1.1217,1.0865,1.0512,1.0011,0.9427,0.8842,0.8257,0.7672,0.7086,0.65
10.0622,10.1027,10.1429,10.183,10.223,10.2629,10.3026,10.3421,10.378,10.3825,10.387,10.3916,10.3961,10.4005,10.405,10.4095,10.4139,10.4183,10.4238,10.4305,10.4372,10.444,10.451,10.4581,10.4653,10.4725,10.4799,10.4874,10.3618,10.2246,10.0875,9.9506,9.8137,9.6769,9.5401,9.4035,9.2669,9.1223,8.9614,8.8005,8.6396,8.4788,8.318,8.1572,7.9963,7.8355,7.6747,7.4916,7.3007,7.1097,6.9187,6.7276,6.5365,6.3453,6.154,5.9627,5.7591,5.4847,5.2101,4.9354,4.6605,4.3856,4.1105,3.8353,3.5599,3.2844,3.0656,2.8923,2.7189,2.5455,2.372,2.1984,2.0247,1.8509,1.6771,1.5032,1.3932,1.2855,1.1778,1.07,0.9621,0.8542,0.7462,0.6382,0.5301,0.489,0.5608,0.6327,0.7048,0.7771,0.8495,0.9221,0.995,1.068,1.1413,1.2263,1.3147,1.4033,1.4923,1.5816,1.6711,1.761,1.8513,1.9419,2.0362,2.1457,2.2552,2.3648,2.4744,2.584,2.6937,2.8034,2.9132,3.0231,3.072,3.0792,3.0862,3.093,3.0996,3.1059,3.112,3.1179,3.1236,3.129,3.0645,2.9997,2.9347,2.8695,2.8041,2.7386,2.6728,2.6068,2.5406,2.4504,2.3248,2.1992,2.0735,1.9476,1.8217,1.6957,1.5697,1.4435,1.3172,1.2943,1.297,1.3003,1.3042,1.3086,1.3137,1.3193,1.3256,1.3341,1.3421,1.316,1.2896,1.2629,1.2359,1.2087,1.1811,1.1533,1.1251,1.0967,1.0537,1.0011,0.9481,0.8948,0.841,0.7869,0.7324
10.0401,10.0847,10.1292,10.1735,10.2177,10.2617,10.3056,10.3494,10.3885,10.3938,10.399,10.4042,10.4094,10.4146,10.4198,10.4249,10.4301,10.4352,10.4383,10.4397,10.4412,10.4428,10.4445,10.4463,10.4483,10.4503,10.4524,10.4546,10.3204,10.1756,10.031,9.8865,9.742,9.5976,9.4533,9.3091,9.1649,9.0129,8.845,8.6772,8.5094,8.3416,8.1739,8.0061,7.8383,7.6706,7.5028,7.3114,7.1116,6.9118,6.712,6.5121,6.3121,6.1121,5.9121,5.7119,5.4998,5.218,4.936,4.654,4.3718,4.0895,3.8071,3.5245,3.2418,2.9589,2.7377,2.5668,2.3958,2.2248,2.0536,1.8824,1.7111,1.5397,1.3682,1.1967,1.0884,0.9829,0.8773,0.7717,0.6659,0.5602,0.4543,0.3484,0.2425,0.2049,0.2879,0.3709,0.4541,0.5375,0.6211,0.7049,0.7888,0.873,0.9575,1.0537,1.1538,1.2541,1.3547,1.4556,1.5568,1.6584,1.7602,1.8624,1.9665,2.0777,2.189,2.3003,2.4117,2.5231,2.6346,2.7461,2.8576,2.9757,3.0335,3.0449,3.0563,3.0675,3.0785,3.0895,3.1003,3.111,3.1215,3.1319,3.0755,3.0175,2.9594,2.9013,2.8432,2.785,2.7267,2.6684,2.61,2.5304,2.4155,2.3008,2.1861,2.0715,1.957,1.8425,1.7282,1.6139,1.4996,1.4845,1.498,1.5113,1.5244,1.5373,1.5499,1.5624,1.5746,1.5866,1.591,1.5595,1.5277,1.4957,1.4634,1.4308,1.3979,1.3647,1.3312,1.2974,1.2497,1.1912,1.1324,1.0731,1.0136,0.9536,0.8932
10.1201,10.1593,10.1988,10.2384,10.2782,10.3182,10.3583,10.3986,10.4333,10.4311,10.4292,10.4275,10.4261,10.425,10.4241,10.4235,10.4231,10.4229,10.4181,10.4092,10.4007,10.3924,10.3844,10.3767,10.3693,10.362,10.3551,10.3483,10.2109,10.0646,9.9181,9.7717,9.6251,9.4784,9.3317,9.1849,9.038,8.8832,8.7131,8.543,8.3727,8.2024,8.032,7.8616,7.691,7.5205,7.3498,7.155,6.9516,6.7482,6.5447,6.3412,6.1377,5.9341,5.7305,5.5269,5.3119,5.0302,4.7485,4.4669,4.1852,3.9036,3.6219,3.3404,3.0589,2.7774,2.5615,2.3999,2.2384,2.0771,1.916,1.755,1.5942,1.4336,1.2733,1.1131,1.0183,0.9272,0.8365,0.7462,0.6563,0.5667,0.4777,0.389,0.3008,0.2789,0.3783,0.478,0.578,0.6784,0.7791,0.8801,0.9815,1.0833,1.1854,1.2957,1.4087,1.5219,1.6353,1.7489,1.8628,1.9768,2.0911,2.2055,2.3204,2.4362,2.5521,2.6679,2.7837,2.8994,3.0151,3.1308,3.2464,3.3619,3.4166,3.4222,3.4277,3.4331,3.4383,3.4435,3.4485,3.4533,3.458,3.4626,3.4046,3.3434,3.2823,3.2211,3.1598,3.0985,3.0371,2.9757,2.9142,2.8339,2.7186,2.6034,2.4883,2.3732,2.2583,2.1434,2.0285,1.9138,1.7991,1.7765,1.7851,1.7935,1.8016,1.8096,1.8174,1.8249,1.8322,1.8393,1.8402,1.8033,1.7662,1.7289,1.6912,1.6533,1.6151,1.5765,1.5377,1.4985,1.4461,1.3817,1.317,1.252,1.1865,1.1207,1.0545
10.2108,10.2457,10.2808,10.3161,10.3516,10.3872,10.423,10.459,10.488,10.4765,10.4654,10.4546,10.444,10.4336,10.4236,10.4137,10.4041,10.3947,10.3778,10.3547,10.332,10.3095,10.2873,10.2654,10.2438,10.2223,10.2011,10.1801,10.0424,9.8979,9.7533,9.6085,9.4637,9.3189,9.1739,9.0289,8.8838,8.731,8.5635,8.396,8.2284,8.0607,7.893,7.7252,7.5573,7.3893,7.2213,7.0297,6.8299,6.63,6.4301,6.2301,6.0301,5.8301,5.63,5.4299,5.2194,4.9475,4.6755,4.4036,4.1317,3.8598,3.5879,3.3161,3.0443,2.7726,2.5685,2.4212,2.274,2.127,1.9802,1.8336,1.6871,1.5409,1.3948,1.249,1.1726,1.1006,1.0291,0.9578,0.887,0.8166,0.7467,0.6771,0.6081,0.6,0.7087,0.8177,0.9271,1.0368,1.1468,1.2571,1.3678,1.4789,1.5904,1.7046,1.8199,1.9355,2.0512,2.1671,2.2832,2.3996,2.5161,2.6329,2.7491,2.8602,2.9714,3.0825,3.1936,3.3046,3.4156,3.5266,3.6375,3.7484,3.7999,3.7997,3.7994,3.799,3.7984,3.7977,3.7969,3.7959,3.7948,3.7936,3.7338,3.6695,3.6053,3.5409,3.4766,3.4121,3.3477,3.2832,3.2186,3.1374,3.0217,2.906,2.7905,2.675,2.5596,2.4442,2.329,2.2138,2.0987,2.0687,2.0724,2.0759,2.0792,2.0823,2.0851,2.0878,2.0902,2.0924,2.0897,2.0475,2.0051,1.9624,1.9194,1.8761,1.8326,1.7887,1.7445,1.7,1.6429,1.5727,1.5021,1.4312,1.3599,1.2883,1.2162
10.3014,10.332,10.3628,10.3937,10.4248,10.4561,10.4876,10.5192,10.5424,10.5217,10.5014,10.4813,10.4615,10.442,10.4227,10.4037,10.3849,10.3663,10.3372,10.3,10.263,10.2263,10.1899,10.1538,10.118,10.0823,10.0469,10.0117,9.874,9.7312,9.5884,9.4455,9.3024,9.1594,9.0162,8.8729,8.7296,8.5788,8.414,8.2491,8.0841,7.9191,7.7539,7.5888,7.4235,7.2582,7.0929,6.9045,6.7082,6.5118,6.3155,6.119,5.9226,5.726,5.5295,5.3329,5.1269,4.8647,4.6025,4.3403,4.0781,3.8159,3.5538,3.2917,3.0296,2.7677,2.5753,2.4423,2.3095,2.1768,2.0443,1.912,1.7799,1.6479,1.5162,1.3847,1.3266,1.2737,1.2213,1.1692,1.1175,1.0662,1.0153,0.9649,0.9149,0.9209,1.0389,1.1573,1.2759,1.3949,1.5142,1.6339,1.754,1.8744,1.9951,2.1135,2.2312,2.349,2.467,2.5852,2.7036,2.8223,2.9411,3.0602,3.1779,3.2844,3.3908,3.4972,3.6036,3.71,3.8163,3.9226,4.0288,4.135,4.1835,4.1775,4.1713,4.1651,4.1587,4.1522,4.1456,4.1388,4.1319,4.1248,4.0631,3.9958,3.9284,3.861,3.7935,3.726,3.6584,3.5908,3.5231,3.4409,3.3248,3.2087,3.0927,2.9768,2.8609,2.7451,2.6294,2.5138,2.3982,2.3613,2.3601,2.3587,2.3571,2.3552,2.3532,2.351,2.3485,2.3458,2.3396,2.2921,2.2443,2.1963,2.148,2.0994,2.0505,2.0013,1.9517,1.9019,1.8401,1.7641,1.6877,1.6109,1.5338,1.4563,1.3784
10.3918,10.4181,10.4445,10.4712,10.498,10.5249,10.552,10.5793,10.5965,10.5667,10.5371,10.5079,10.4789,10.4502,10.4217,10.3934,10.3654,10.3376,10.2963,10.2448,10.1937,10.1428,10.0923,10.0419,9.9919,9.9421,9.8925,9.8431,9.7056,9.5646,9.4235,9.2824,9.1412,8.9999,8.8585,8.717,8.5755,8.4266,8.2644,8.1022,7.9398,7.7774,7.6149,7.4524,7.2898,7.1271,6.9644,6.7792,6.5865,6.3937,6.2008,6.0079,5.815,5.622,5.429,5.2359,5.0344,4.7819,4.5294,4.2769,4.0245,3.772,3.5196,3.2672,3.0149,2.7627,2.5819,2.4633,2.3448,2.2264,2.1083,1.9902,1.8724,1.7548,1.6374,1.5203,1.4803,1.4465,1.4132,1.3802,1.3475,1.3153,1.2836,1.2523,1.2214,1.2416,1.3689,1.4966,1.6246,1.7529,1.8815,2.0105,2.1398,2.2695,2.3996,2.5224,2.6423,2.7624,2.8827,3.0032,3.124,3.2449,3.366,3.4874,3.6069,3.7087,3.8104,3.9122,4.0139,4.1155,4.2172,4.3188,4.4203,4.5218,4.5673,4.5554,4.5435,4.5315,4.5193,4.507,4.4945,4.482,4.4692,4.4563,4.3926,4.3222,4.2517,4.1812,4.1106,4.04,3.9693,3.8985,3.8278,3.7445,3.6279,3.5114,3.3949,3.2786,3.1623,3.046,2.9299,2.8138,2.6978,2.6541,2.648,2.6417,2.6352,2.6285,2.6216,2.6145,2.6071,2.5995,2.5898,2.537,2.4839,2.4306,2.3769,2.323,2.2687,2.2142,2.1594,2.1042,2.0377,1.9559,1.8736,1.791,1.7081,1.6247,1.541
10.4821,10.504,10.5262,10.5485,10.5709,10.5936,10.6164,10.6393,10.6503,10.6113,10.5726,10.5341,10.496,10.458,10.4204,10.3829,10.3457,10.3088,10.255,10.1894,10.1241,10.059,9.9943,9.9298,9.8655,9.8015,9.7377,9.6742,9.5372,9.398,9.2587,9.1194,8.9799,8.8404,8.7008,8.5611,8.4214,8.2744,8.1149,7.9553,7.7956,7.6358,7.476,7.3161,7.1561,6.9961,6.836,6.654,6.4648,6.2755,6.0862,5.8968,5.7074,5.518,5.3285,5.1389,4.9419,4.6991,4.4563,4.2136,3.9708,3.7281,3.4854,3.2427,3.0001,2.7576,2.5885,2.4842,2.38,2.2759,2.172,2.0683,1.9648,1.8615,1.7584,1.6556,1.6337,1.619,1.6047,1.5908,1.5773,1.5642,1.5515,1.5393,1.5275,1.5621,1.6987,1.8357,1.973,2.1106,2.2485,2.3868,2.5255,2.6645,2.8039,2.9312,3.0534,3.1758,3.2984,3.4212,3.5442,3.6674,3.7909,3.9145,4.036,4.1331,4.2302,4.3273,4.4243,4.5213,4.6182,4.7151,4.812,4.9088,4.9513,4.9337,4.9159,4.8981,4.8801,4.862,4.8437,4.8253,4.8068,4.7881,4.7223,4.6487,4.5751,4.5015,4.4278,4.3541,4.2803,4.2065,4.1326,4.0481,3.931,3.8141,3.6972,3.5804,3.4636,3.347,3.2304,3.1139,2.9974,2.9473,2.9363,2.9251,2.9137,2.9021,2.8903,2.8783,2.866,2.8535,2.8404,2.7823,2.7239,2.6652,2.6062,2.5469,2.4874,2.4275,2.3673,2.3069,2.2358,2.1481,2.06,1.9716,1.8828,1.7936,1.704
10.5722,10.5898,10.6076,10.6256,10.6437,10.6621,10.6805,10.6992,10.7039,10.6557,10.6078,10.5601,10.5128,10.4657,10.4188,10.3722,10.3258,10.2797,10.2134,10.1336,10.0541,9.9749,9.896,9.8173,9.7389,9.6607,9.5828,9.505,9.3689,9.2314,9.0939,8.9564,8.8187,8.6809,8.5431,8.4052,8.2673,8.1223,7.9654,7.8084,7.6513,7.4942,7.337,7.1797,7.0224,6.865,6.7076,6.5289,6.3432,6.1574,5.9716,5.7857,5.5999,5.4139,5.228,5.042,4.8493,4.6163,4.3832,4.1502,3.9171,3.6841,3.4511,3.2182,2.9853,2.7525,2.595,2.5049,2.415,2.3253,2.2357,2.1463,2.057,1.968,1.8792,1.7906,1.7868,1.7912,1.796,1.8012,1.8067,1.8127,1.8191,1.8259,1.8332,1.8824,2.0283,2.1746,2.3212,2.4681,2.6153,2.7629,2.9109,3.0592,3.2079,3.3399,3.4644,3.5891,3.714,3.8391,3.9644,4.0899,4.2156,4.3416,4.4654,4.5578,4.6502,4.7425,4.8349,4.9272,5.0194,5.1117,5.2038,5.296,5.3356,5.3121,5.2886,5.2649,5.2411,5.2172,5.1932,5.169,5.1447,5.1202,5.052,4.9754,4.8987,4.822,4.7452,4.6684,4.5915,4.5146,4.4376,4.3517,4.2342,4.1168,3.9995,3.8822,3.765,3.6479,3.5309,3.4139,3.297,3.2407,3.2248,3.2087,3.1925,3.176,3.1593,3.1424,3.1252,3.1079,3.0903,3.0279,2.9642,2.9001,2.8358,2.7712,2.7064,2.6412,2.5757,2.5099,2.4343,2.3407,2.2468,2.1526,2.0579,1.9629,1.8675
10.6622,10.6755,10.689,10.7026,10.7164,10.7304,10.7446,10.7589,10.7572,10.6998,10.6427,10.5859,10.5294,10.4731,10.417,10.3612,10.3057,10.2503,10.1715,10.0775,9.9839,9.8905,9.7974,9.7046,9.612,9.5197,9.4275,9.3356,9.2005,9.0649,8.9292,8.7934,8.6575,8.5215,8.3855,8.2494,8.1132,7.9702,7.8159,7.6616,7.5071,7.3526,7.1981,7.0434,6.8887,6.734,6.5792,6.4037,6.2215,6.0393,5.857,5.6747,5.4923,5.3099,5.1274,4.945,4.7567,4.5334,4.3101,4.0867,3.8634,3.6401,3.4168,3.1936,2.9704,2.7473,2.6013,2.5255,2.4499,2.3745,2.2991,2.224,2.1491,2.0743,1.9998,1.9255,1.9397,1.9632,1.987,2.0112,2.0358,2.0608,2.0863,2.1121,2.1385,2.2025,2.3577,2.5133,2.6692,2.8254,2.9819,3.1388,3.296,3.4536,3.6116,3.7486,3.8754,4.0023,4.1295,4.2569,4.3845,4.5123,4.6403,4.7686,4.8948,4.9825,5.0703,5.1579,5.2456,5.3332,5.4208,5.5084,5.5959,5.6833,5.72,5.6908,5.6615,5.632,5.6024,5.5727,5.5429,5.5129,5.4828,5.4525,5.382,5.3022,5.2224,5.1426,5.0627,4.9828,4.9029,4.8228,4.7427,4.6553,4.5374,4.4196,4.3018,4.1841,4.0665,3.9489,3.8314,3.714,3.5967,3.5344,3.5136,3.4927,3.4715,3.4502,3.4286,3.4068,3.3848,3.3625,3.3401,3.2739,3.2048,3.1355,3.0658,2.9959,2.9257,2.8552,2.7844,2.7133,2.6332,2.5338,2.4341,2.334,2.2335,2.1327,2.0315
10.752,10.761,10.7701,10.7795,10.789,10.7986,10.8085,10.8185,10.8102,10.7436,10.6774,10.6114,10.5457,10.4802,10.415,10.35,10.2853,10.2208,10.1292,10.0211,9.9133,9.8058,9.6985,9.5915,9.4848,9.3783,9.272,9.166,9.0323,8.8984,8.7644,8.6304,8.4963,8.3621,8.2279,8.0935,7.9591,7.8182,7.6665,7.5148,7.363,7.2111,7.0592,6.9071,6.7551,6.6029,6.4508,6.2785,6.0999,5.9211,5.7424,5.5636,5.3847,5.2058,5.0269,4.848,4.6642,4.4505,4.2369,4.0232,3.8096,3.596,3.3824,3.1689,2.9554,2.742,2.6075,2.546,2.4847,2.4235,2.3625,2.3016,2.2409,2.1805,2.1202,2.0602,2.0922,2.1348,2.1777,2.2209,2.2646,2.3086,2.3531,2.398,2.4434,2.5224,2.6869,2.8518,3.0169,3.1824,3.3483,3.5144,3.681,3.8478,4.0151,4.1572,4.2862,4.4155,4.545,4.6747,4.8046,4.9347,5.065,5.1955,5.3244,5.4075,5.4905,5.5735,5.6565,5.7395,5.8224,5.9053,5.9881,6.0709,6.1048,6.0697,6.0346,5.9994,5.964,5.9285,5.8929,5.8571,5.8212,5.7851,5.712,5.6292,5.5463,5.4634,5.3804,5.2974,5.2144,5.1312,5.0481,4.959,4.8406,4.7223,4.6041,4.486,4.3679,4.2499,4.132,4.0142,3.8964,3.8284,3.8028,3.7769,3.7509,3.7246,3.6982,3.6715,3.6446,3.6175,3.5901,3.5202,3.4458,3.3711,3.2962,3.221,3.1455,3.0696,2.9935,2.9171,2.8325,2.7273,2.6218,2.5158,2.4096,2.3029,2.1958
10.8417,10.8463,10.8512,10.8562,10.8614,10.8667,10.8722,10.8779,10.8629,10.7872,10.7118,10.6366,10.5617,10.4871,10.4127,10.3386,10.2647,10.191,10.0866,9.9644,9.8424,9.7207,9.5994,9.4782,9.3574,9.2367,9.1163,8.996,8.864,8.7319,8.5997,8.4675,8.3352,8.2027,8.0703,7.9377,7.8051,7.6661,7.5171,7.368,7.2188,7.0696,6.9203,6.7709,6.6214,6.4719,6.3224,6.1534,5.9782,5.803,5.6278,5.4525,5.2772,5.1018,4.9264,4.751,4.5716,4.3676,4.1637,3.9597,3.7558,3.5519,3.348,3.1441,2.9404,2.7366,2.6136,2.5664,2.5193,2.4724,2.4256,2.379,2.3326,2.2864,2.2405,2.1947,2.2445,2.3061,2.368,2.4303,2.493,2.5561,2.6196,2.6835,2.748,2.8421,3.016,3.1901,3.3645,3.5393,3.7144,3.8898,4.0656,4.2418,4.4184,4.5657,4.6971,4.8286,4.9604,5.0924,5.2245,5.3569,5.4895,5.6223,5.7542,5.8326,5.911,5.9893,6.0676,6.1459,6.2241,6.3023,6.3805,6.4586,6.4897,6.4489,6.408,6.367,6.3258,6.2845,6.2431,6.2015,6.1598,6.118,6.0423,5.9563,5.8704,5.7843,5.6983,5.6122,5.526,5.4398,5.3535,5.2627,5.1439,5.0251,4.9065,4.7879,4.6694,4.551,4.4326,4.3143,4.1961,4.1227,4.0922,4.0615,4.0306,3.9994,3.9681,3.9365,3.9048,3.8728,3.8406,3.7669,3.6872,3.6072,3.5269,3.4464,3.3656,3.2844,3.203,3.1213,3.0322,2.9212,2.8099,2.6981,2.586,2.4735,2.3607
10.9312,10.9315,10.932,10.9327,10.9336,10.9347,10.9359,10.9372,10.9154,10.8305,10.7459,10.6616,10.5776,10.4938,10.4102,10.3269,10.2439,10.161,10.0437,9.9073,9.7712,9.6354,9.4999,9.3646,9.2296,9.0948,8.9603,8.826,8.6958,8.5655,8.4351,8.3046,8.174,8.0434,7.9127,7.7819,7.651,7.5141,7.3677,7.2212,7.0747,6.9281,6.7814,6.6346,6.4878,6.3409,6.194,6.0282,5.8566,5.6849,5.5132,5.3414,5.1696,4.9978,4.8259,4.654,4.479,4.2847,4.0904,3.8962,3.7019,3.5077,3.3135,3.1193,2.9252,2.7312,2.6196,2.5866,2.5538,2.5211,2.4886,2.4563,2.4241,2.3922,2.3605,2.329,2.3965,2.4771,2.558,2.6394,2.7211,2.8032,2.8857,2.9687,3.0521,3.1617,3.3448,3.5282,3.7119,3.8959,4.0803,4.265,4.4501,4.6355,4.8214,4.9742,5.1078,5.2417,5.3757,5.51,5.6444,5.7791,5.914,6.0491,6.1841,6.2579,6.3315,6.4052,6.4789,6.5525,6.626,6.6996,6.7731,6.8465,6.8749,6.8283,6.7816,6.7348,6.6878,6.6408,6.5936,6.5462,6.4987,6.4511,6.3726,6.2836,6.1945,6.1054,6.0163,5.9271,5.8378,5.7485,5.6592,5.5664,5.4471,5.328,5.2089,5.0898,4.9709,4.852,4.7332,4.6145,4.4959,4.4173,4.3819,4.3463,4.3105,4.2745,4.2383,4.2019,4.1653,4.1284,4.0913,4.0139,3.9289,3.8436,3.758,3.6722,3.586,3.4996,3.4129,3.3258,3.2324,3.1156,2.9984,2.8808,2.7629,2.6446,2.5259
11.0205,11.0166,11.0128,11.0092,11.0057,11.0025,10.9994,10.9964,10.9675,10.8735,10.7798,10.6863,10.5931,10.5002,10.4075,10.315,10.2228,10.1308,10.0004,9.8499,9.6997,9.5498,9.4001,9.2507,9.1016,8.9527,8.804,8.656,8.5276,8.399,8.2704,8.1417,8.0129,7.8841,7.7551,7.6261,7.497,7.3621,7.2184,7.0745,6.9306,6.7866,6.6425,6.4984,6.3542,6.2099,6.0656,5.9031,5.735,5.5669,5.3986,5.2304,5.0621,4.8937,4.7254,4.557,4.3863,4.2017,4.0172,3.8326,3.648,3.4635,3.2789,3.0945,2.9101,2.7257,2.6254,2.6067,2.5882,2.5697,2.5515,2.5334,2.5155,2.4978,2.4803,2.4631,2.5482,2.6478,2.7478,2.8481,2.9488,3.0499,3.1515,3.2535,3.3559,3.481,3.6734,3.866,4.059,4.2523,4.446,4.64,4.8343,5.029,5.2241,5.3826,5.5185,5.6546,5.791,5.9275,6.0643,6.2012,6.3384,6.4758,6.6134,6.6833,6.7523,6.8213,6.8903,6.9592,7.0281,7.097,7.1658,7.2346,7.2603,7.208,7.1555,7.1029,7.0501,6.9973,6.9443,6.8912,6.8379,6.7845,6.7031,6.611,6.5189,6.4267,6.3344,6.2422,6.1498,6.0574,5.965,5.8701,5.7504,5.6308,5.5113,5.3918,5.2724,5.1531,5.0339,4.9147,4.7956,4.7121,4.6719,4.6314,4.5908,4.5499,4.5088,4.4675,4.426,4.3843,4.3423,4.2613,4.1709,4.0803,3.9895,3.8983,3.8069,3.7151,3.6231,3.5308,3.433,3.3103,3.1873,3.064,2.9402,2.8161,2.6916
11.1097,11.1015,11.0934,11.0855,11.0777,11.0701,11.0627,11.0555,11.0194,10.9163,10.8134,10.7108,10.6084,10.5063,10.4045,10.3029,10.2015,10.1004,9.9568,9.7922,9.6279,9.4638,9.3001,9.1366,8.9733,8.8103,8.6475,8.4861,8.3594,8.2327,8.1058,7.9789,7.8519,7.7248,7.5976,7.4704,7.343,7.2102,7.069,6.9278,6.7865,6.6451,6.5037,6.3622,6.2206,6.079,5.9373,5.778,5.6134,5.4488,5.2841,5.1193,4.9545,4.7897,4.6249,4.46,4.2937,4.1188,3.9439,3.7689,3.5941,3.4192,3.2443,3.0695,2.8948,2.7201,2.6312,2.6267,2.6224,2.6182,2.6142,2.6103,2.6067,2.6032,2.6,2.597,2.6997,2.8183,2.9372,3.0565,3.1762,3.2963,3.4169,3.5378,3.6593,3.8002,4.0018,4.2037,4.4059,4.6085,4.8114,5.0147,5.2183,5.4223,5.6266,5.7909,5.9292,6.0676,6.2062,6.345,6.484,6.6233,6.7627,6.9024,7.0423,7.1089,7.1732,7.2376,7.3019,7.3662,7.4304,7.4946,7.5588,7.6229,7.646,7.5878,7.5296,7.4712,7.4127,7.354,7.2953,7.2364,7.1773,7.1181,7.0338,6.9386,6.8433,6.7481,6.6527,6.5574,6.462,6.3665,6.2709,6.1739,6.0537,5.9337,5.8137,5.6938,5.574,5.4542,5.3345,5.2149,5.0954,5.0073,4.9622,4.9169,4.8713,4.8256,4.7797,4.7335,4.6871,4.6405,4.5937,4.509,4.4134,4.3175,4.2213,4.1248,4.0281,3.931,3.8337,3.7361,3.634,3.5055,3.3767,3.2475,3.118,2.9881,2.8578
11.1988,11.1862,11.1738,11.1616,11.1495,11.1377,11.1259,11.1144,11.0711,10.9587,10.8467,10.735,10.6235,10.5123,10.4013,10.2905,10.18,10.0697,9.9129,9.7342,9.5557,9.3776,9.1997,9.0221,8.8447,8.6676,8.4907,8.3162,8.1913,8.0663,7.9412,7.816,7.6908,7.5655,7.4401,7.3146,7.1891,7.0583,6.9197,6.7811,6.6424,6.5037,6.3649,6.226,6.087,5.948,5.809,5.6529,5.4919,5.3307,5.1695,5.0083,4.847,4.6857,4.5243,4.3629,4.201,4.0358,3.8705,3.7053,3.5401,3.3749,3.2097,3.0446,2.8795,2.7145,2.6368,2.6466,2.6565,2.6665,2.6767,2.6871,2.6977,2.7084,2.7194,2.7306,2.8508,2.9884,3.1263,3.2646,3.4033,3.5424,3.6819,3.8219,3.9623,4.1191,4.33,4.5412,4.7527,4.9645,5.1767,5.3892,5.602,5.8153,6.0289,6.1992,6.3397,6.4804,6.6213,6.7624,6.9037,7.0452,7.187,7.3289,7.4711,7.5346,7.5943,7.654,7.7136,7.7733,7.8328,7.8924,7.9519,8.0113,8.0319,7.9679,7.9039,7.8397,7.7755,7.7111,7.6465,7.5818,7.517,7.4521,7.3646,7.2663,7.168,7.0696,6.9712,6.8727,6.7742,6.6757,6.5771,6.4776,6.3571,6.2366,6.1162,5.9958,5.8756,5.7554,5.6352,5.5152,5.3952,5.3028,5.2528,5.2026,5.1522,5.1016,5.0503,4.9975,4.9448,4.8923,4.8398,4.7512,4.6505,4.55,4.4498,4.3497,4.2498,4.15,4.0505,3.9512,3.8492,3.7221,3.5955,3.4694,3.3438,3.2187,3.0942
11.2872,11.2708,11.2541,11.2376,11.2212,11.205,11.189,11.1732,11.1224,11.001,10.8798,10.7589,10.6383,10.5179,10.3978,10.2779,10.1583,10.0389,9.8686,9.6758,9.4833,9.291,9.0991,8.9074,8.7159,8.5247,8.3337,8.1463,8.0232,7.9,7.7766,7.6533,7.5298,7.4062,7.2826,7.1589,7.0351,6.9064,6.7705,6.6345,6.4984,6.3623,6.2261,6.0898,5.9535,5.8171,5.6806,5.5279,5.3703,5.2127,5.055,4.8972,4.7395,4.5817,4.4238,4.2659,4.1083,3.9528,3.7972,3.6416,3.486,3.3305,3.175,3.0195,2.8641,2.7087,2.6423,2.6663,2.6904,2.7147,2.7391,2.7637,2.7885,2.8135,2.8387,2.8641,3.0017,3.1582,3.3151,3.4724,3.63,3.7881,3.9466,4.1055,4.2649,4.4379,4.658,4.8784,5.0992,5.3202,5.5417,5.7634,5.9855,6.208,6.4309,6.6074,6.7502,6.8932,7.0364,7.1797,7.3233,7.4671,7.6111,7.7554,7.8998,7.9605,8.0155,8.0699,8.1223,8.1746,8.2267,8.2786,8.3304,8.382,8.3968,8.3246,8.2524,8.1802,8.1079,8.0357,7.9634,7.8912,7.8189,7.7466,7.6542,7.5511,7.4481,7.3451,7.2422,7.1394,7.0366,6.9338,6.8311,6.7283,6.6049,6.4816,6.3584,6.2352,6.112,5.9889,5.8659,5.7429,5.6199,5.5224,5.4695,5.4167,5.3641,5.3115,5.259,5.2066,5.1543,5.1021,5.05,4.9643,4.8654,4.7667,4.6682,4.5698,4.4717,4.3737,4.2759,4.1783,4.0794,3.9583,3.8376,3.7175,3.5979,3.4789,3.3604
11.2909,11.2649,11.2392,11.2139,11.189,11.1643,11.14,11.1161,11.0577,10.9338,10.81,10.6863,10.5627,10.4391,10.3156,10.1922,10.0688,9.9454,9.7673,9.5661,9.365,9.164,8.9632,8.7624,8.5617,8.3612,8.1607,7.9648,7.8403,7.7157,7.5911,7.4665,7.3419,7.2173,7.0927,6.968,6.8433,6.7141,6.5787,6.4431,6.3075,6.1718,6.0361,5.9003,5.7645,5.6286,5.4926,5.3396,5.1816,5.0236,4.8655,4.7074,4.5491,4.3908,4.2324,4.0738,3.9171,3.7727,3.6282,3.4836,3.3391,3.1944,3.0498,2.9052,2.7606,2.6161,2.5596,2.5941,2.6286,2.6631,2.6977,2.7324,2.7671,2.8019,2.8368,2.8718,3.0302,3.2108,3.3919,3.5734,3.7555,3.9381,4.1212,4.305,4.4894,4.6831,4.9104,5.138,5.3658,5.5939,5.8222,6.0509,6.2798,6.5089,6.7384,6.9184,7.0601,7.2018,7.3437,7.4856,7.6277,7.7699,7.9121,8.0545,8.197,8.2509,8.297,8.343,8.3889,8.4346,8.4801,8.5255,8.5707,8.6158,8.6279,8.5538,8.4797,8.4055,8.3314,8.2573,8.1832,8.109,8.0349,7.9607,7.8681,7.7647,7.6613,7.5581,7.4548,7.3516,7.2485,7.1454,7.0424,6.9394,6.8162,6.6926,6.569,6.4455,6.3221,6.1987,6.0753,5.952,5.8288,5.7291,5.6767,5.6243,5.572,5.5198,5.4677,5.4157,5.3637,5.3119,5.2602,5.1774,5.0802,4.9832,4.8864,4.7898,4.6934,4.5972,4.5012,4.4054,4.3092,4.194,4.0794,3.9653,3.8517,3.7386,3.6261
11.2943,11.2575,11.2211,11.1851,11.1494,11.114,11.079,11.0443,10.9763,10.8488,10.7214,10.594,10.4668,10.3396,10.2124,10.0854,9.9583,9.8314,9.646,9.4372,9.2286,9.0202,8.8118,8.6036,8.3954,8.1873,7.9794,7.7769,7.6489,7.5209,7.3929,7.2648,7.1368,7.0087,6.8806,6.7525,6.6243,6.4923,6.3549,6.2175,6.08,5.9425,5.8049,5.6672,5.5295,5.3917,5.2539,5.0972,4.935,4.7728,4.6106,4.4482,4.2858,4.1233,3.9607,3.7981,3.6394,3.5077,3.376,3.2442,3.1124,2.9805,2.8486,2.7168,2.585,2.4531,2.4068,2.4501,2.4934,2.5367,2.5801,2.6236,2.6671,2.7107,2.7544,2.7982,2.9819,3.192,3.4027,3.6137,3.8254,4.0375,4.2502,4.4636,4.6775,4.8961,5.1313,5.3668,5.6025,5.8385,6.0748,6.3113,6.5481,6.7852,7.0226,7.2074,7.3492,7.4912,7.6332,7.7754,7.9176,8.06,8.2024,8.345,8.4876,8.5372,8.5768,8.6163,8.6556,8.6948,8.7338,8.7726,8.8113,8.8499,8.859,8.783,8.707,8.631,8.555,8.479,8.403,8.3269,8.2509,8.1748,8.082,7.9783,7.8746,7.771,7.6674,7.5639,7.4605,7.3571,7.2537,7.1505,7.0274,6.9035,6.7797,6.6559,6.5322,6.4085,6.2848,6.1612,6.0377,5.9359,5.8838,5.8318,5.7799,5.728,5.6763,5.6247,5.5731,5.5217,5.4703,5.3903,5.2949,5.1997,5.1046,5.0097,4.9151,4.8206,4.7263,4.6322,4.5383,4.4293,4.3207,4.2125,4.1049,3.9979,3.8913
11.2973,11.2498,11.2027,11.1559,11.1095,11.0634,11.0177,10.9722,10.8947,10.7636,10.6326,10.5016,10.3707,10.2399,10.1091,9.9785,9.8478,9.7172,9.5244,9.3082,9.0921,8.8761,8.6603,8.4446,8.2289,8.0134,7.7979,7.589,7.4575,7.326,7.1946,7.0631,6.9316,6.8,6.6685,6.5369,6.4053,6.2704,6.1312,5.9919,5.8525,5.7131,5.5736,5.4341,5.2945,5.1548,5.0151,4.8547,4.6884,4.522,4.3556,4.1891,4.0225,3.8559,3.6891,3.5223,3.3617,3.2428,3.1238,3.0047,2.8856,2.7665,2.6474,2.5283,2.4092,2.2901,2.2539,2.306,2.3581,2.4103,2.4624,2.5147,2.567,2.6194,2.6719,2.7245,2.9331,3.1728,3.413,3.6536,3.8947,4.1364,4.3787,4.6215,4.865,5.1089,5.352,5.5954,5.839,6.0829,6.3271,6.5715,6.8162,7.0612,7.3065,7.4964,7.6384,7.7806,7.9228,8.0651,8.2075,8.3501,8.4927,8.6354,8.7783,8.8238,8.8569,8.8898,8.9226,8.9552,8.9877,9.02,9.0522,9.0842,9.0902,9.0123,8.9344,8.8565,8.7786,8.7008,8.6229,8.545,8.467,8.3891,8.2959,8.1919,8.0879,7.9839,7.8801,7.7762,7.6725,7.5688,7.4651,7.3615,7.2387,7.1145,6.9904,6.8663,6.7422,6.6183,6.4943,6.3705,6.2466,6.1426,6.0909,6.0392,5.9877,5.9363,5.8849,5.8337,5.7825,5.7315,5.6805,5.6031,5.5094,5.416,5.3226,5.2295,5.1366,5.0439,4.9513,4.859,4.7668,4.6642,4.5615,4.4594,4.3578,4.2567,4.1561
11.2999,11.2417,11.1839,11.1264,11.0692,11.0124,10.956,10.8998,10.813,10.6783,10.5436,10.4091,10.2746,10.1401,10.0058,9.8715,9.7372,9.603,9.4027,9.179,8.9554,8.732,8.5086,8.2854,8.0623,7.8392,7.6163,7.401,7.266,7.1311,6.9962,6.8612,6.7263,6.5913,6.4563,6.3213,6.1862,6.0485,5.9074,5.7663,5.625,5.4837,5.3424,5.201,5.0595,4.918,4.7764,4.6122,4.4418,4.2712,4.1007,3.93,3.7593,3.5884,3.4175,3.2465,3.084,2.9777,2.8715,2.7652,2.6588,2.5524,2.4461,2.3397,2.2333,2.127,2.101,2.1618,2.2227,2.2837,2.3447,2.4057,2.4668,2.528,2.5893,2.6506,2.8839,3.1531,3.4228,3.6929,3.9636,4.2348,4.5066,4.779,5.052,5.3215,5.5726,5.8239,6.0754,6.3272,6.5792,6.8316,7.0842,7.3371,7.5903,7.7854,7.9276,8.0699,8.2123,8.3548,8.4974,8.6401,8.783,8.9259,9.0689,9.1106,9.1372,9.1636,9.1898,9.2159,9.2419,9.2677,9.2933,9.3188,9.3214,9.2417,9.1619,9.0821,9.0024,8.9226,8.8428,8.7631,8.6833,8.6034,8.5098,8.4055,8.3012,8.1969,8.0927,7.9886,7.8845,7.7804,7.6765,7.5725,7.45,7.3255,7.2011,7.0767,6.9524,6.8281,6.7039,6.5797,6.4556,6.3493,6.2979,6.2467,6.1955,6.1445,6.0935,6.0427,5.9919,5.9412,5.8906,5.8158,5.7239,5.6321,5.5406,5.4492,5.358,5.267,5.1762,5.0856,4.9952,4.8986,4.8019,4.7058,4.6102,4.515,4.4205
11.3022,11.2332,11.1647,11.0965,11.0286,10.9611,10.8939,10.827,10.7312,10.5929,10.4546,10.3165,10.1783,10.0403,9.9023,9.7644,9.6265,9.4887,9.2808,9.0496,8.8185,8.5876,8.3568,8.1261,7.8955,7.665,7.4345,7.2129,7.0745,6.9362,6.7978,6.6594,6.521,6.3825,6.2441,6.1056,5.9671,5.8266,5.6836,5.5406,5.3975,5.2543,5.1111,4.9678,4.8245,4.6811,4.5376,4.3697,4.1951,4.0204,3.8457,3.6709,3.496,3.321,3.1459,2.9708,2.8062,2.7127,2.6192,2.5256,2.432,2.3383,2.2447,2.151,2.0574,1.9638,1.9479,2.0176,2.0873,2.157,2.2268,2.2966,2.3665,2.4365,2.5065,2.5767,2.8342,3.133,3.4321,3.7318,4.032,4.3327,4.6339,4.9358,5.2383,5.534,5.7929,6.0521,6.3115,6.5712,6.8312,7.0914,7.3519,7.6127,7.8738,8.0744,8.2168,8.3593,8.5019,8.6445,8.7873,8.9302,9.0732,9.2163,9.3595,9.3977,9.4177,9.4375,9.4573,9.4769,9.4963,9.5156,9.5347,9.5536,9.5527,9.4711,9.3895,9.3078,9.2262,9.1446,9.0629,8.9812,8.8996,8.8179,8.7238,8.6191,8.5145,8.4099,8.3054,8.2009,8.0965,7.9921,7.8878,7.7836,7.6613,7.5365,7.4118,7.2871,7.1625,7.0379,6.9134,6.7889,6.6645,6.5559,6.505,6.4541,6.4034,6.3527,6.3021,6.2516,6.2012,6.1509,6.1007,6.0284,5.9382,5.8482,5.7584,5.6688,5.5793,5.4901,5.401,5.3121,5.2235,5.1326,5.0419,4.9517,4.8621,4.773,4.6844
11.304,11.2244,11.1451,11.0662,10.9877,10.9094,10.8315,10.754,10.6494,10.5074,10.3655,10.2237,10.082,9.9403,9.7987,9.6572,9.5157,9.3743,9.1587,8.92,8.6815,8.4431,8.2048,7.9666,7.7286,7.4906,7.2527,7.0248,6.883,6.7411,6.5993,6.4575,6.3156,6.1737,6.0318,5.8899,5.748,5.6047,5.4598,5.3149,5.17,5.0249,4.8798,4.7347,4.5894,4.4442,4.2988,4.1272,3.9484,3.7696,3.5907,3.4117,3.2327,3.0535,2.8743,2.695,2.5284,2.4476,2.3668,2.2859,2.205,2.1241,2.0432,1.9623,1.8814,1.8005,1.7948,1.8733,1.9517,2.0302,2.1088,2.1874,2.2661,2.3448,2.4237,2.5026,2.7842,3.1124,3.441,3.7701,4.0998,4.43,4.7607,5.0921,5.424,5.7463,6.0131,6.2802,6.5475,6.8151,7.0829,7.3511,7.6195,7.8881,8.1571,8.3634,8.5059,8.6486,8.7914,8.9343,9.0772,9.2203,9.3635,9.5067,9.6501,9.6849,9.6984,9.7118,9.725,9.738,9.751,9.7637,9.7763,9.7887,9.7841,9.7006,9.6171,9.5336,9.4501,9.3666,9.283,9.1995,9.1159,9.0324,8.9378,8.8328,8.7278,8.6229,8.5181,8.4133,8.3085,8.2039,8.0992,7.9947,7.8726,7.7475,7.6225,7.4976,7.3726,7.2478,7.123,6.9982,6.8735,6.7626,6.712,6.6615,6.6111,6.5609,6.5107,6.4605,6.4105,6.3606,6.3108,6.2409,6.1524,6.0642,5.9761,5.8882,5.8005,5.713,5.6256,5.5385,5.4516,5.3662,5.2815,5.1973,5.1136,5.0304,4.9478
11.3055,11.2152,11.1252,11.0356,10.9463,10.8574,10.7688,10.6806,10.5674,10.4218,10.2763,10.1309,9.9856,9.8403,9.6951,9.5499,9.4049,9.2598,9.0364,8.7903,8.5443,8.2985,8.0527,7.807,7.5615,7.316,7.0707,6.8366,6.6913,6.5461,6.4008,6.2555,6.1102,5.9649,5.8195,5.6742,5.5288,5.3828,5.236,5.0892,4.9424,4.7955,4.6485,4.5015,4.3544,4.2072,4.06,3.8846,3.7017,3.5187,3.3357,3.1526,2.9694,2.7861,2.6027,2.4192,2.2506,2.1825,2.1144,2.0463,1.9781,1.9099,1.8416,1.7734,1.7052,1.6371,1.6417,1.7289,1.8161,1.9034,1.9907,2.0781,2.1655,2.2531,2.3407,2.4284,2.7336,3.0913,3.4494,3.808,4.1671,4.5267,4.8869,5.2477,5.6092,5.9585,6.2332,6.5081,6.7833,7.0588,7.3345,7.6105,7.8868,8.1634,8.4402,8.6524,8.7951,8.938,9.0809,9.224,9.3671,9.5104,9.6537,9.7972,9.9407,9.9724,9.9793,9.9862,9.9929,9.9995,10.0059,10.0121,10.0182,10.0241,10.0156,9.9302,9.8448,9.7595,9.6741,9.5887,9.5033,9.4178,9.3324,9.247,9.1517,9.0464,8.9411,8.8359,8.7308,8.6257,8.5206,8.4156,8.3106,8.2057,8.0839,7.9586,7.8333,7.708,7.5828,7.4576,7.3325,7.2075,7.0825,6.9692,6.919,6.8689,6.8189,6.769,6.7192,6.6694,6.6198,6.5703,6.5208,6.4532,6.3665,6.28,6.1937,6.1075,6.0215,5.9358,5.8502,5.7648,5.6796,5.5993,5.5206,5.4423,5.3646,5.2875,5.2108
11.3066,11.2056,11.1049,11.0046,10.9047,10.8051,10.7058,10.6068,10.4853,10.3361,10.187,10.038,9.889,9.7402,9.5913,9.4426,9.2939,9.1452,8.914,8.6604,8.407,8.1536,7.9004,7.6473,7.3943,7.1413,6.8885,6.6483,6.4996,6.3509,6.2022,6.0535,5.9047,5.756,5.6072,5.4584,5.3095,5.1608,5.0122,4.8635,4.7148,4.566,4.4172,4.2683,4.1193,3.9703,3.8212,3.6421,3.455,3.2679,3.0807,2.8934,2.7061,2.5186,2.3311,2.1435,1.9728,1.9174,1.862,1.8066,1.7511,1.6956,1.64,1.5845,1.529,1.4736,1.4884,1.5844,1.6804,1.7764,1.8725,1.9687,2.0649,2.1612,2.2576,2.354,2.6827,3.0698,3.4573,3.8454,4.2339,4.623,5.0126,5.4029,5.7937,6.1705,6.453,6.7359,7.019,7.3023,7.5859,7.8698,8.1539,8.4384,8.7231,8.9413,9.0843,9.2273,9.3704,9.5137,9.657,9.8004,9.944,10.0876,10.2313,10.2601,10.2605,10.2609,10.2611,10.2611,10.261,10.2607,10.2603,10.2597,10.2472,10.1599,10.0726,9.9854,9.8981,9.8108,9.7236,9.6363,9.549,9.4616,9.3657,9.2601,9.1545,9.049,8.9435,8.838,8.7327,8.6273,8.5221,8.4169,8.2953,8.1696,8.044,7.9185,7.793,7.6675,7.5421,7.4168,7.2915,7.1758,7.126,7.0763,7.0266,6.9771,6.9277,6.8783,6.8291,6.7799,6.7308,6.6655,6.5805,6.4957,6.4111,6.3267,6.2425,6.1584,6.0746,5.9909,5.9075,5.832,5.7592,5.687,5.6152,5.544,5.4733
11.3073,11.1956,11.0843,10.9733,10.8627,10.7524,10.6424,10.5328,10.4031,10.2503,10.0976,9.945,9.7924,9.6399,9.4875,9.3351,9.1828,9.0306,8.7914,8.5304,8.2694,8.0086,7.748,7.4874,7.2269,6.9665,6.7062,6.46,6.3079,6.1557,6.0036,5.8514,5.6992,5.547,5.3948,5.2425,5.0902,4.9388,4.7883,4.6378,4.4872,4.3366,4.1859,4.0351,3.8843,3.7334,3.5824,3.3995,3.2083,3.017,2.8257,2.6342,2.4427,2.2512,2.0595,1.8677,1.6949,1.6523,1.6095,1.5668,1.524,1.4812,1.4384,1.3955,1.3527,1.31,1.3351,1.4398,1.5446,1.6494,1.7543,1.8592,1.9642,2.0692,2.1743,2.2796,2.6313,3.0478,3.4648,3.8822,4.3002,4.7187,5.1377,5.5574,5.9777,6.3823,6.6727,6.9634,7.2544,7.5456,7.8371,8.1288,8.4209,8.7132,9.0058,9.2303,9.3734,9.5166,9.6599,9.8033,9.9469,10.0905,10.2342,10.378,10.5219,10.548,10.5419,10.5358,10.5294,10.523,10.5164,10.5096,10.5027,10.4956,10.4788,10.3897,10.3005,10.2114,10.1223,10.0331,9.9439,9.8548,9.7656,9.6764,9.5797,9.4738,9.3679,9.262,9.1562,9.0505,8.9448,8.8391,8.7335,8.628,8.5067,8.3807,8.2548,8.129,8.0032,7.8774,7.7517,7.6261,7.5005,7.3823,7.3329,7.2836,7.2344,7.1852,7.1362,7.0872,7.0383,6.9895,6.9408,6.8776,6.7944,6.7113,6.6284,6.5458,6.4633,6.381,6.2989,6.2169,6.1352,6.0643,5.9975,5.9312,5.8654,5.8001,5.7354
11.3076,11.1853,11.0633,10.9416,10.8203,10.6993,10.5787,10.4584,10.3207,10.1644,10.0081,9.8518,9.6957,9.5396,9.3836,9.2276,9.0717,8.9158,8.6686,8.4001,8.1318,7.8635,7.5954,7.3273,7.0594,6.7916,6.5238,6.2717,6.1161,5.9605,5.8049,5.6493,5.4937,5.338,5.1823,5.0267,4.8709,4.7168,4.5645,4.4121,4.2596,4.1071,3.9545,3.8019,3.6492,3.4964,3.3436,3.1569,2.9616,2.7661,2.5706,2.3751,2.1794,1.9837,1.7879,1.592,1.417,1.3871,1.357,1.327,1.2969,1.2667,1.2366,1.2065,1.1764,1.1463,1.1817,1.2952,1.4087,1.5223,1.6359,1.7496,1.8633,1.9771,2.091,2.205,2.5795,3.0254,3.4718,3.9186,4.366,4.8139,5.2623,5.7114,6.1611,6.5939,6.8923,7.1908,7.4897,7.7887,8.0881,8.3877,8.6876,8.9878,9.2883,9.5193,9.6626,9.806,9.9494,10.093,10.2367,10.3805,10.5244,10.6684,10.8125,10.8361,10.8236,10.8109,10.7981,10.7851,10.772,10.7587,10.7453,10.7317,10.7105,10.6195,10.5285,10.4375,10.3465,10.2554,10.1644,10.0734,9.9823,9.8913,9.7938,9.6875,9.5812,9.4751,9.3689,9.2629,9.1569,9.0509,8.945,8.8391,8.718,8.5918,8.4656,8.3395,8.2134,8.0873,7.9614,7.8354,7.7096,7.5889,7.5399,7.4909,7.442,7.3933,7.3446,7.296,7.2475,7.1991,7.1508,7.0896,7.0081,6.9268,6.8457,6.7647,6.684,6.6034,6.523,6.4428,6.3628,6.2961,6.2353,6.1749,6.1151,6.0558,5.9971
11.3076,11.1746,11.0419,10.9096,10.7776,10.646,10.5146,10.3836,10.2383,10.0783,9.9184,9.7586,9.5988,9.4391,9.2795,9.12,8.9604,8.801,8.5457,8.2697,7.9939,7.7182,7.4426,7.1671,6.8917,6.6165,6.3412,6.0832,5.9242,5.7652,5.6062,5.4471,5.288,5.129,4.9699,4.8107,4.6516,4.4948,4.3406,4.1863,4.032,3.8776,3.7232,3.5687,3.4141,3.2595,3.1048,2.9143,2.7148,2.5152,2.3156,2.1159,1.9161,1.7162,1.5163,1.3162,1.1392,1.1219,1.1045,1.0871,1.0697,1.0522,1.0348,1.0173,0.9999,0.9825,1.0282,1.1505,1.2728,1.3951,1.5174,1.6399,1.7624,1.8849,2.0076,2.1303,2.5272,3.0025,3.4783,3.9545,4.4312,4.9085,5.3863,5.8648,6.3438,6.8054,7.1116,7.4181,7.7247,8.0317,8.3389,8.6464,8.9541,9.2622,9.5705,9.8082,9.9517,10.0953,10.2389,10.3827,10.5266,10.6706,10.8146,10.9588,11.1031,11.1245,11.1054,11.0862,11.0669,11.0475,11.0279,11.0081,10.9882,10.9681,10.9423,10.8494,10.7565,10.6636,10.5708,10.4779,10.385,10.2921,10.1991,10.1062,10.0078,9.9012,9.7946,9.6881,9.5817,9.4753,9.369,9.2627,9.1565,9.0503,8.9294,8.8029,8.6764,8.55,8.4236,8.2973,8.171,8.0448,7.9186,7.7954,7.7468,7.6982,7.6497,7.6013,7.553,7.5048,7.4567,7.4087,7.3608,7.3015,7.2218,7.1422,7.0628,6.9835,6.9045,6.8257,6.747,6.6686,6.5904,6.5275,6.4726,6.4183,6.3644,6.3111,6.2582
11.3072,11.1635,11.0202,10.8772,10.7345,10.5922,10.4503,10.3086,10.1558,9.9922,9.8287,9.6653,9.5019,9.3386,9.1754,9.0122,8.8491,8.6861,8.4225,8.1391,7.8559,7.5727,7.2897,7.0068,6.724,6.4412,6.1586,5.8947,5.7323,5.5698,5.4074,5.2449,5.0824,4.9199,4.7573,4.5948,4.4322,4.2727,4.1166,3.9605,3.8043,3.6481,3.4918,3.3354,3.179,3.0225,2.866,2.6717,2.468,2.2643,2.0606,1.8567,1.6528,1.4488,1.2447,1.0405,0.8612,0.8566,0.8519,0.8472,0.8425,0.8377,0.8329,0.8281,0.8233,0.8186,0.8747,1.0057,1.1367,1.2678,1.3989,1.5301,1.6613,1.7926,1.924,2.0554,2.4745,2.9792,3.4843,3.9899,4.496,5.0026,5.5098,6.0176,6.526,7.0167,7.3308,7.6451,7.9596,8.2744,8.5895,8.9049,9.2205,9.5364,9.8526,10.0972,10.2408,10.3846,10.5284,10.6724,10.8164,10.9606,11.1049,11.2492,11.3937,11.413,11.3875,11.3618,11.336,11.3101,11.284,11.2577,11.2313,11.2047,11.1741,11.0794,10.9846,10.8899,10.7951,10.7004,10.6056,10.5108,10.416,10.3212,10.2218,10.1149,10.0081,9.9012,9.7945,9.6878,9.5811,9.4745,9.368,9.2615,9.1409,9.014,8.8872,8.7605,8.6339,8.5072,8.3807,8.2541,8.1277,8.0019,7.9536,7.9055,7.8574,7.8093,7.7614,7.7136,7.6659,7.6182,7.5707,7.5133,7.4353,7.3574,7.2797,7.2023,7.125,7.0479,6.971,6.8942,6.8177,6.7585,6.7096,6.6611,6.6132,6.5658,6.519
