14.0033,13.9698,13.9363,13.9028,13.8694,13.8359,13.8025,13.7691,13.7357,13.7028,13.6759,13.6491,13.6222,13.5953,13.5685,13.5416,13.5148,13.4879,13.4611,13.3931,13.3069,13.2208,13.1347,13.0486,12.9624,12.8763,12.7901,12.704,12.6627,12.7165,12.7704,12.8244,12.8785,12.9326,12.9867,13.0408,13.0948,13.1489,13.1858,13.2217,13.2576,13.2934,13.3293,13.3652,13.4011,13.437,13.4729,13.5085,13.544,13.5794,13.6149,13.6504,13.6858,13.7213,13.7568,13.7922,13.8031,13.7145,13.6258,13.5372,13.4486,13.36,13.2713,13.1827,13.0941,13.0055,12.8906,12.7701,12.6497,12.5292,12.4088,12.2883,12.1679,12.0474,11.927,11.8737,11.9023,11.9312,11.9601,11.9891,12.0181,12.0472,12.0763,12.1054,12.1334,12.1476,12.1619,12.1762,12.1905,12.2049,12.2193,12.2338,12.2483,12.2629,12.2945,12.3333,12.3721,12.4108,12.4493,12.4878,12.5262,12.5644,12.6026,12.6144,12.5717,12.5291,12.4864,12.4437,12.401,12.3584,12.3157,12.2731,12.2304,12.2182,12.2076,12.1968,12.186,12.1749,12.1638,12.1525,12.1411,12.1295,12.1349,12.1532,12.1715,12.1898,12.2082,12.2267,12.2451,12.2637,12.2823,12.2943,12.2785,12.2626,12.2467,12.2308,12.215,12.1991,12.1832,12.1673,12.1515,12.1285,12.1034,12.0777,12.0513,12.0243,11.9967,11.9685,11.9396,11.91,11.8712,11.8204,11.7692,11.7178,11.666,11.614,11.5616,11.5088,11.4558,11.4024,11.3494,11.2963,11.2431,11.19,11.1367,11.0835,11.0302,10.9768,10.9234
14.0241,13.9903,13.9565,13.9228,13.889,13.8553,13.8216,13.7879,13.7543,13.7212,13.6943,13.6674,13.6406,13.6137,13.5869,13.56,13.5332,13.5064,13.4795,13.4112,13.3256,13.2401,13.1546,13.069,12.9835,12.8979,12.8123,12.7268,12.6849,12.7319,12.7791,12.8263,12.8737,12.9212,12.9687,13.0164,13.0641,13.1119,13.1485,13.1846,13.2207,13.2568,13.2928,13.3289,13.3649,13.4009,13.4369,13.4718,13.5059,13.54,13.5741,13.6082,13.6422,13.6763,13.7103,13.7443,13.7554,13.6732,13.5911,13.509,13.427,13.3449,13.2629,13.1809,13.099,13.0171,12.9051,12.7866,12.6681,12.5496,12.4311,12.3127,12.1943,12.0759,11.9576,11.905,11.935,11.965,11.9951,12.0251,12.0552,12.0854,12.1156,12.1458,12.175,12.1904,12.2058,12.2213,12.2368,12.2523,12.2679,12.2835,12.2992,12.3149,12.344,12.3791,12.4142,12.4491,12.484,12.5187,12.5534,12.5879,12.6224,12.633,12.5903,12.5476,12.5049,12.4622,12.4196,12.3769,12.3342,12.2916,12.2489,12.2332,12.2195,12.2057,12.1917,12.1776,12.1634,12.149,12.1345,12.1199,12.1237,12.1429,12.1622,12.1815,12.2009,12.2203,12.2397,12.2592,12.2787,12.2925,12.2767,12.2608,12.2449,12.229,12.2132,12.1973,12.1814,12.1655,12.1497,12.1193,12.0843,12.0486,12.0124,11.9756,11.9381,11.9,11.8612,11.8217,11.776,11.721,11.6658,11.6102,11.5543,11.4981,11.4416,11.3848,11.3276,11.2701,11.2171,11.164,11.1108,11.0577,11.0045,10.9512,10.8979,10.8445,10.7911
14.0448,14.0108,13.9767,13.9427,13.9087,13.8747,13.8407,13.8068,13.7728,13.7396,13.7127,13.6858,13.659,13.6321,13.6053,13.5784,13.5516,13.5248,13.4979,13.4293,13.3444,13.2594,13.1745,13.0895,13.0045,12.9196,12.8346,12.7496,12.707,12.7473,12.7876,12.8281,12.8688,12.9095,12.9503,12.9911,13.0321,13.0731,13.1094,13.1455,13.1816,13.2177,13.2538,13.2898,13.3258,13.3619,13.3979,13.4319,13.4644,13.4969,13.5294,13.5619,13.5944,13.6269,13.6594,13.6918,13.7031,13.6282,13.5532,13.4783,13.4034,13.3285,13.2537,13.1789,13.1041,13.0294,12.9205,12.8039,12.6874,12.5708,12.4543,12.3379,12.2214,12.105,11.9887,11.9366,11.9677,11.9988,12.03,12.0611,12.0923,12.1236,12.1549,12.1862,12.2167,12.2332,12.2498,12.2664,12.283,12.2997,12.3164,12.3332,12.35,12.3669,12.3936,12.425,12.4564,12.4876,12.5187,12.5498,12.5807,12.6115,12.6423,12.6515,12.6088,12.5661,12.5234,12.4808,12.4381,12.3954,12.3527,12.3101,12.2674,12.2484,12.2316,12.2147,12.1976,12.1804,12.1631,12.1457,12.1281,12.1104,12.1125,12.1327,12.1529,12.1732,12.1935,12.2138,12.2342,12.2547,12.2752,12.2907,12.2749,12.259,12.2431,12.2272,12.2114,12.1955,12.1796,12.1637,12.1479,12.1106,12.0657,12.0202,11.9741,11.9274,11.8801,11.8321,11.7834,11.7341,11.681,11.622,11.5626,11.5029,11.4429,11.3826,11.322,11.261,11.1997,11.1381,11.0848,11.0317,10.9786,10.9254,10.8722,10.8189,10.7656,10.7122,10.6589
14.0656,14.0313,13.9969,13.9626,13.9283,13.8941,13.8598,13.8256,13.7913,13.758,13.7311,13.7042,13.6774,13.6505,13.6237,13.5968,13.57,13.5432,13.5163,13.4474,13.3631,13.2787,13.1944,13.11,13.0256,12.9412,12.8568,12.7725,12.729,12.7625,12.7961,12.8299,12.8637,12.8977,12.9317,12.9658,13,13.0343,13.0704,13.1065,13.1426,13.1786,13.2147,13.2508,13.2868,13.3228,13.3588,13.3919,13.4229,13.4538,13.4848,13.5157,13.5466,13.5776,13.6084,13.6393,13.6508,13.5831,13.5153,13.4476,13.3798,13.3121,13.2444,13.1768,13.1092,13.0417,12.9359,12.8212,12.7067,12.5921,12.4776,12.363,12.2486,12.1341,12.0197,11.9682,12.0004,12.0326,12.0648,12.0971,12.1294,12.1618,12.1941,12.2265,12.2583,12.276,12.2937,12.3114,12.3292,12.3471,12.365,12.3829,12.4009,12.4189,12.4433,12.471,12.4987,12.5262,12.5536,12.5809,12.6082,12.6353,12.6623,12.6701,12.6274,12.5847,12.542,12.4993,12.4566,12.4139,12.3713,12.3286,12.2859,12.2636,12.2438,12.2238,12.2036,12.1834,12.163,12.1425,12.1219,12.1011,12.1012,12.1223,12.1435,12.1647,12.186,12.2073,12.2287,12.2501,12.2716,12.2889,12.2731,12.2572,12.2413,12.2254,12.2096,12.1937,12.1778,12.1619,12.146,12.1025,12.0478,11.9924,11.9365,11.8799,11.8227,11.7648,11.7063,11.6472,11.5864,11.5232,11.4597,11.3959,11.3318,11.2674,11.2026,11.1375,11.0721,11.0064,10.9525,10.8994,10.8463,10.7931,10.7399,10.6866,10.6333,10.58,10.5266
14.0863,14.0517,14.0171,13.9825,13.948,13.9134,13.8789,13.8444,13.8099,13.7764,13.7495,13.7226,13.6958,13.6689,13.6421,13.6152,13.5884,13.5616,13.5347,13.4656,13.3818,13.298,13.2143,13.1305,13.0467,12.9629,12.8791,12.7953,12.7508,12.7776,12.8045,12.8315,12.8586,12.8858,12.9131,12.9404,12.9679,12.9954,13.0313,13.0674,13.1035,13.1396,13.1757,13.2117,13.2478,13.2838,13.3198,13.352,13.3814,13.4108,13.4401,13.4695,13.4989,13.5282,13.5575,13.5868,13.5985,13.538,13.4774,13.4168,13.3562,13.2957,13.2352,13.1747,13.1143,13.0539,12.9512,12.8386,12.7259,12.6133,12.5007,12.3882,12.2757,12.1632,12.0507,11.9998,12.0331,12.0664,12.0997,12.1331,12.1665,12.1999,12.2334,12.2669,12.2999,12.3187,12.3376,12.3565,12.3754,12.3944,12.4135,12.4325,12.4516,12.4708,12.4932,12.5172,12.5411,12.5649,12.5886,12.6122,12.6357,12.6591,12.6824,12.6886,12.6459,12.6032,12.5605,12.5178,12.4751,12.4325,12.3898,12.3471,12.3044,12.279,12.2561,12.233,12.2098,12.1865,12.163,12.1394,12.1157,12.0919,12.0899,12.112,12.1341,12.1563,12.1785,12.2008,12.2231,12.2455,12.2679,12.2871,12.2713,12.2554,12.2395,12.2236,12.2078,12.1919,12.176,12.1601,12.1442,12.095,12.0304,11.9652,11.8994,11.833,11.7659,11.6982,11.6298,11.5608,11.492,11.4247,11.3571,11.2892,11.2209,11.1524,11.0835,11.0143,10.9448,10.8749,10.8202,10.7671,10.714,10.6608,10.6076,10.5543,10.501,10.4477,10.3943
14.1071,14.0722,14.0373,14.0024,13.9676,13.9328,13.898,13.8632,13.8284,13.7948,13.7679,13.741,13.7142,13.6873,13.6605,13.6336,13.6068,13.58,13.5531,13.4838,13.4006,13.3174,13.2342,13.151,13.0678,12.9846,12.9014,12.8182,12.7726,12.7926,12.8127,12.833,12.8533,12.8738,12.8943,12.915,12.9357,12.9564,12.9922,13.0283,13.0644,13.1005,13.1366,13.1727,13.2087,13.2448,13.2808,13.312,13.3399,13.3677,13.3955,13.4233,13.4511,13.4788,13.5066,13.5343,13.5463,13.4928,13.4394,13.386,13.3326,13.2792,13.2258,13.1725,13.1192,13.066,12.9665,12.8559,12.7452,12.6345,12.5239,12.4133,12.3028,12.1922,12.0818,12.0313,12.0657,12.1001,12.1346,12.169,12.2035,12.238,12.2726,12.3072,12.3415,12.3615,12.3815,12.4015,12.4216,12.4417,12.4619,12.4821,12.5024,12.5227,12.5431,12.5634,12.5836,12.6037,12.6237,12.6436,12.6634,12.6831,12.7027,12.7072,12.6645,12.6218,12.5791,12.5364,12.4937,12.451,12.4083,12.3656,12.323,12.2945,12.2685,12.2424,12.2161,12.1897,12.1632,12.1365,12.1097,12.0828,12.0785,12.1015,12.1246,12.1478,12.171,12.1942,12.2175,12.2408,12.2642,12.2853,12.2695,12.2536,12.2377,12.2218,12.206,12.1901,12.1742,12.1583,12.1424,12.0881,12.0137,11.9386,11.8629,11.7867,11.7097,11.6322,11.554,11.4751,11.3978,11.3264,11.2547,11.1827,11.1104,11.0377,10.9647,10.8914,10.8178,10.7438,10.6879,10.6348,10.5817,10.5285,10.4753,10.4221,10.3688,10.3154,10.262
14.1278,14.0926,14.0575,14.0223,13.9872,13.9521,13.917,13.8819,13.8469,13.8132,13.7863,13.7594,13.7326,13.7057,13.6789,13.652,13.6252,13.5984,13.5715,13.5019,13.4193,13.3367,13.2541,13.1715,13.0889,13.0063,12.9237,12.841,12.7942,12.8075,12.8209,12.8344,12.848,12.8617,12.8755,12.8894,12.9034,12.9174,12.9531,12.9892,13.0254,13.0615,13.0975,13.1336,13.1697,13.2057,13.2418,13.2721,13.2983,13.3246,13.3508,13.3771,13.4033,13.4295,13.4557,13.4818,13.494,13.4477,13.4014,13.3551,13.3089,13.2627,13.2165,13.1703,13.1242,13.0781,12.9819,12.8731,12.7644,12.6557,12.5471,12.4384,12.3298,12.2213,12.1127,12.0629,12.0984,12.1339,12.1694,12.205,12.2405,12.2762,12.3118,12.3475,12.383,12.4042,12.4253,12.4465,12.4677,12.489,12.5104,12.5317,12.5531,12.5746,12.5931,12.6097,12.6262,12.6426,12.6589,12.6751,12.6912,12.7072,12.7231,12.7257,12.683,12.6403,12.5976,12.5549,12.5122,12.4695,12.4268,12.3841,12.3415,12.3101,12.281,12.2518,12.2225,12.193,12.1635,12.1337,12.1039,12.0739,12.0671,12.0911,12.1151,12.1392,12.1634,12.1876,12.2118,12.2361,12.2605,12.2835,12.2677,12.2518,12.2359,12.22,12.2041,12.1883,12.1724,12.1565,12.1406,12.0818,11.9975,11.9126,11.8271,11.741,11.6542,11.5668,11.4788,11.3901,11.304,11.2285,11.1526,11.0765,11.0001,10.9233,10.8462,10.7688,10.6911,10.613,10.5556,10.5025,10.4494,10.3962,10.343,10.2898,10.2365,10.1831,10.1298
14.1485,14.1131,14.0777,14.0422,14.0068,13.9714,13.9361,13.9007,13.8654,13.8315,13.8047,13.7778,13.751,13.7241,13.6973,13.6704,13.6436,13.6168,13.59,13.5201,13.4381,13.3561,13.2741,13.1921,13.11,13.028,12.946,12.8639,12.8157,12.8223,12.8289,12.8357,12.8426,12.8496,12.8566,12.8638,12.871,12.8783,12.914,12.9502,12.9863,13.0224,13.0585,13.0946,13.1307,13.1667,13.2028,13.2321,13.2568,13.2815,13.3062,13.3308,13.3555,13.3801,13.4047,13.4293,13.4416,13.4025,13.3634,13.3243,13.2852,13.2461,13.2071,13.168,13.1291,13.0902,12.9972,12.8904,12.7836,12.6769,12.5702,12.4635,12.3569,12.2503,12.1437,12.0944,12.131,12.1676,12.2042,12.2409,12.2775,12.3143,12.351,12.3878,12.4246,12.4468,12.4691,12.4915,12.5139,12.5363,12.5588,12.5813,12.6039,12.6265,12.6432,12.6561,12.6689,12.6816,12.6942,12.7067,12.7191,12.7314,12.7436,12.7443,12.7016,12.6588,12.6161,12.5734,12.5307,12.488,12.4453,12.4026,12.36,12.3259,12.2937,12.2615,12.2291,12.1965,12.1639,12.1311,12.0981,12.0651,12.0556,12.0806,12.1056,12.1307,12.1558,12.1809,12.2061,12.2314,12.2566,12.2817,12.2659,12.25,12.2341,12.2182,12.2023,12.1865,12.1706,12.1547,12.1388,12.0761,11.9819,11.8872,11.7918,11.6959,11.5993,11.5021,11.4042,11.3056,11.2104,11.1308,11.0508,10.9706,10.8901,10.8092,10.728,10.6465,10.5646,10.4825,10.4233,10.3702,10.3171,10.2639,10.2107,10.1575,10.1042,10.0509,9.9975
14.1693,14.1335,14.0978,14.0621,14.0264,13.9908,13.9551,13.9195,13.8839,13.8499,13.8231,13.7962,13.7694,13.7425,13.7157,13.6888,13.662,13.6352,13.6084,13.5383,13.4569,13.3755,13.2941,13.2126,13.1312,13.0497,12.9683,12.8868,12.8371,12.8369,12.8369,12.8369,12.8371,12.8373,12.8376,12.838,12.8385,12.8391,12.8749,12.9111,12.9472,12.9833,13.0194,13.0555,13.0916,13.1277,13.1637,13.1921,13.2153,13.2384,13.2615,13.2846,13.3077,13.3308,13.3538,13.3769,13.3893,13.3573,13.3254,13.2934,13.2614,13.2295,13.1976,13.1657,13.1339,13.1022,13.0125,12.9076,12.8028,12.698,12.5933,12.4886,12.3839,12.2792,12.1746,12.1259,12.1636,12.2013,12.239,12.2767,12.3145,12.3523,12.3902,12.4281,12.466,12.4895,12.5129,12.5364,12.56,12.5835,12.6072,12.6308,12.6545,12.6783,12.6935,12.7026,12.7117,12.7207,12.7296,12.7384,12.7471,12.7557,12.7642,12.7628,12.7201,12.6774,12.6347,12.592,12.5492,12.5065,12.4638,12.4212,12.3785,12.3418,12.3065,12.2712,12.2357,12.2001,12.1644,12.1286,12.0926,12.0564,12.0441,12.07,12.096,12.122,12.1481,12.1742,12.2003,12.2265,12.2528,12.2791,12.2641,12.2482,12.2323,12.2164,12.2005,12.1847,12.1688,12.1529,12.137,12.0709,11.9669,11.8624,11.7572,11.6514,11.545,11.4379,11.3302,11.2219,11.1171,11.0333,10.9493,10.865,10.7803,10.6954,10.6101,10.5244,10.4385,10.3522,10.291,10.2379,10.1848,10.1316,10.0784,10.0252,9.9719,9.9186,9.8652
14.19,14.1539,14.118,14.082,14.046,14.0101,13.9741,13.9382,13.9023,13.8683,13.8415,13.8146,13.7878,13.7609,13.7341,13.7072,13.6804,13.6536,13.6268,13.5566,13.4757,13.3949,13.314,13.2332,13.1523,13.0715,12.9906,12.9097,12.8584,12.8515,12.8447,12.838,12.8314,12.8249,12.8185,12.8122,12.806,12.7998,12.8359,12.872,12.9081,12.9443,12.9804,13.0165,13.0526,13.0886,13.1247,13.1522,13.1737,13.1953,13.2168,13.2384,13.2599,13.2814,13.3029,13.3244,13.337,13.3121,13.2873,13.2625,13.2377,13.2129,13.1881,13.1634,13.1387,13.1141,13.0277,12.9249,12.822,12.7192,12.6164,12.5136,12.4109,12.3082,12.2055,12.1574,12.1962,12.235,12.2738,12.3126,12.3515,12.3904,12.4293,12.4683,12.5073,12.5321,12.5567,12.5813,12.606,12.6307,12.6555,12.6803,12.7052,12.7301,12.7438,12.7493,12.7547,12.76,12.7652,12.7703,12.7753,12.7802,12.785,12.7814,12.7387,12.6959,12.6532,12.6105,12.5678,12.5251,12.4824,12.4397,12.397,12.3578,12.3195,12.2811,12.2425,12.2039,12.1651,12.1262,12.0871,12.0479,12.0325,12.0594,12.0864,12.1133,12.1404,12.1674,12.1945,12.2217,12.2489,12.2761,12.2623,12.2464,12.2305,12.2146,12.1987,12.1829,12.167,12.1511,12.1352,12.0664,11.9526,11.8382,11.7232,11.6075,11.4913,11.3744,11.2569,11.1387,11.024,10.9362,10.8481,10.7596,10.6709,10.5818,10.4924,10.4027,10.3126,10.2223,10.1587,10.1056,10.0525,9.9993,9.9461,9.8929,9.8396,9.7863,9.7329
14.2106,14.1744,14.1381,14.1018,14.0656,14.0294,13.9932,13.957,13.9208,13.8867,13.8599,13.833,13.8061,13.7793,13.7525,13.7256,13.6988,13.672,13.6452,13.5748,13.4945,13.4143,13.334,13.2538,13.1735,13.0932,13.0129,12.9326,12.8796,12.8659,12.8524,12.839,12.8257,12.8125,12.7994,12.7863,12.7734,12.7606,12.7968,12.8329,12.8691,12.9052,12.9413,12.9774,13.0135,13.0496,13.0857,13.1122,13.1322,13.1522,13.1722,13.1921,13.2121,13.232,13.252,13.2719,13.2846,13.2669,13.2492,13.2315,13.2139,13.1962,13.1786,13.161,13.1435,13.126,13.043,12.9421,12.8412,12.7403,12.6394,12.5386,12.4378,12.3371,12.2364,12.1889,12.2288,12.2686,12.3085,12.3485,12.3884,12.4284,12.4684,12.5085,12.5486,12.5747,12.6004,12.6262,12.6521,12.6779,12.7038,12.7298,12.7558,12.7818,12.7942,12.796,12.7977,12.7993,12.8008,12.8022,12.8036,12.8048,12.8059,12.8,12.7572,12.7145,12.6717,12.629,12.5863,12.5436,12.5009,12.4582,12.4155,12.3739,12.3325,12.2911,12.2495,12.2078,12.1659,12.1239,12.0818,12.0396,12.0209,12.0488,12.0767,12.1046,12.1326,12.1606,12.1887,12.2168,12.2449,12.2731,12.2605,12.2446,12.2287,12.2128,12.1969,12.181,12.1652,12.1493,12.1334,12.0624,11.9388,11.8145,11.6897,11.5643,11.4382,11.3115,11.1842,11.0562,10.9312,10.8393,10.7471,10.6545,10.5617,10.4685,10.375,10.2812,10.1871,10.0926,10.0263,9.9733,9.9202,9.867,9.8139,9.7606,9.7073,9.654,9.6006
14.2313,14.1948,14.1582,14.1217,14.0852,14.0487,14.0122,13.9757,13.9393,13.9051,13.8783,13.8514,13.8245,13.7977,13.7709,13.744,13.7172,13.6904,13.6636,13.593,13.5134,13.4337,13.354,13.2743,13.1947,13.115,13.0353,12.9556,12.9006,12.8803,12.86,12.8399,12.8199,12.7999,12.7801,12.7604,12.7407,12.7215,12.7577,12.7939,12.83,12.8662,12.9023,12.9384,12.9745,13.0106,13.0467,13.0722,13.0906,13.1091,13.1275,13.1459,13.1643,13.1827,13.201,13.2194,13.2322,13.2217,13.2111,13.2006,13.19,13.1795,13.169,13.1586,13.1482,13.1378,13.0582,12.9593,12.8603,12.7614,12.6625,12.5636,12.4648,12.366,12.2672,12.2204,12.2613,12.3023,12.3433,12.3843,12.4254,12.4664,12.5076,12.5487,12.5899,12.6173,12.6442,12.6711,12.6981,12.7251,12.7521,12.7792,12.8064,12.8336,12.8448,12.8429,12.8409,12.8388,12.8366,12.8343,12.8319,12.8295,12.8269,12.8185,12.7758,12.733,12.6903,12.6476,12.6048,12.5621,12.5194,12.4767,12.434,12.3901,12.3457,12.3012,12.2566,12.2118,12.1669,12.1218,12.0767,12.0313,12.0093,12.0381,12.0669,12.0958,12.1247,12.1537,12.1827,12.2118,12.2409,12.2701,12.2587,12.2428,12.2269,12.211,12.1951,12.1792,12.1634,12.1475,12.1316,12.059,11.9255,11.7915,11.6569,11.5216,11.3858,11.2493,11.1121,10.9743,10.8387,10.7427,10.6464,10.5497,10.4528,10.3555,10.258,10.1601,10.0618,9.9632,9.894,9.841,9.7879,9.7347,9.6816,9.6283,9.575,9.5217,9.4684
14.252,14.2152,14.1783,14.1415,14.1047,14.068,14.0312,13.9945,13.9577,13.9235,13.8966,13.8698,13.8429,13.8161,13.7893,13.7624,13.7356,13.7088,13.682,13.6113,13.5322,13.4531,13.374,13.2949,13.2158,13.1367,13.0576,12.9785,12.9215,12.8945,12.8675,12.8407,12.8139,12.7873,12.7608,12.7343,12.7079,12.6824,12.7186,12.7548,12.7909,12.8271,12.8632,12.8993,12.9355,12.9716,13.0076,13.0322,13.0491,13.0659,13.0828,13.0996,13.1165,13.1333,13.1501,13.1669,13.1799,13.1764,13.173,13.1696,13.1661,13.1628,13.1594,13.1561,13.1528,13.1496,13.0734,12.9764,12.8794,12.7824,12.6855,12.5886,12.4917,12.3948,12.298,12.2518,12.2939,12.3359,12.378,12.4201,12.4623,12.5044,12.5466,12.5889,12.6312,12.6598,12.6879,12.7159,12.7441,12.7722,12.8004,12.8286,12.8569,12.8853,12.8954,12.8898,12.8841,12.8783,12.8725,12.8665,12.8604,12.8543,12.848,12.8371,12.7943,12.7516,12.7088,12.6661,12.6234,12.5806,12.5379,12.4952,12.4525,12.4065,12.359,12.3115,12.2637,12.2159,12.168,12.1199,12.0716,12.0232,11.9976,12.0274,12.0572,12.087,12.1169,12.1468,12.1768,12.2068,12.2369,12.267,12.2569,12.241,12.2251,12.2092,12.1933,12.1774,12.1615,12.1457,12.1298,12.0561,11.9129,11.7691,11.6246,11.4796,11.3339,11.1876,11.0407,10.8931,10.7465,10.6463,10.5459,10.4452,10.3442,10.2428,10.1412,10.0392,9.9368,9.8342,9.7617,9.7087,9.6554,9.6011,9.5467,9.4922,9.4376,9.3829,9.328
14.2727,14.2355,14.1984,14.1614,14.1243,14.0872,14.0502,14.0132,13.9762,13.9419,13.915,13.8882,13.8613,13.8345,13.8077,13.7808,13.754,13.7272,13.7004,13.6296,13.5511,13.4726,13.3941,13.3156,13.237,13.1585,13.08,13.0015,12.9424,12.9086,12.8749,12.8414,12.8079,12.7746,12.7413,12.7081,12.675,12.6433,12.6795,12.7157,12.7519,12.788,12.8242,12.8603,12.8964,12.9325,12.9686,12.9922,13.0075,13.0228,13.0381,13.0534,13.0687,13.084,13.0992,13.1144,13.1275,13.1312,13.1348,13.1385,13.1422,13.146,13.1497,13.1535,13.1574,13.1613,13.0887,12.9936,12.8985,12.8035,12.7085,12.6135,12.5186,12.4237,12.3288,12.2833,12.3264,12.3695,12.4127,12.4559,12.4991,12.5424,12.5857,12.629,12.6724,12.7024,12.7315,12.7608,12.79,12.8193,12.8486,12.878,12.9075,12.9369,12.9461,12.9368,12.9275,12.918,12.9085,12.8988,12.8891,12.8792,12.8692,12.8556,12.8129,12.7701,12.7274,12.6846,12.6419,12.5992,12.5564,12.5137,12.471,12.423,12.3725,12.3218,12.2711,12.2202,12.1692,12.118,12.0667,12.0153,11.9859,12.0166,12.0473,12.0781,12.109,12.1398,12.1708,12.2017,12.2325,12.2616,12.2506,12.2321,12.2131,12.1938,12.1741,12.154,12.1335,12.1125,12.0912,12.013,11.8586,11.7039,11.549,11.3939,11.2386,11.0832,10.9275,10.7716,10.6155,10.5116,10.4076,10.3036,10.1995,10.0953,9.9911,9.8868,9.7824,9.678,9.6021,9.5474,9.4925,9.4376,9.3825,9.3274,9.2721,9.2167,9.1612
14.2797,14.2425,14.2054,14.1683,14.1312,14.0941,14.0571,14.0201,13.9831,13.9485,13.9202,13.8921,13.8641,13.8363,13.8086,13.7811,13.7537,13.7264,13.6993,13.6292,13.5522,13.4752,13.3982,13.3212,13.2441,13.167,13.0898,13.0127,12.9524,12.9134,12.8744,12.8354,12.7963,12.7573,12.7182,12.679,12.6399,12.6026,12.6391,12.6754,12.7118,12.7481,12.7844,12.8207,12.8569,12.8931,12.9293,12.9519,12.9657,12.9795,12.9933,13.0071,13.0208,13.0346,13.0483,13.062,13.0751,13.0858,13.0965,13.1071,13.1178,13.1284,13.139,13.1496,13.1602,13.1707,13.1015,13.0082,12.9151,12.8219,12.7288,12.6358,12.5429,12.45,12.3572,12.3122,12.356,12.3998,12.4435,12.4873,12.531,12.5747,12.6183,12.662,12.7056,12.7362,12.7657,12.7953,12.8249,12.8545,12.884,12.9136,12.9432,12.9727,12.9797,12.9648,12.9497,12.9344,12.9189,12.9032,12.8872,12.871,12.8545,12.8353,12.7903,12.7453,12.7003,12.6551,12.6099,12.5646,12.5192,12.4737,12.4281,12.3771,12.3234,12.2696,12.2158,12.162,12.1082,12.0543,12.0004,11.9464,11.9131,11.9432,11.9733,12.0034,12.0335,12.0637,12.0939,12.1241,12.1543,12.1846,12.1697,12.1446,12.1191,12.0933,12.067,12.0404,12.0133,11.9859,11.958,11.8788,11.7219,11.5648,11.4074,11.2499,11.0922,10.9342,10.7761,10.6178,10.4592,10.3534,10.2493,10.1451,10.0408,9.9365,9.8321,9.7277,9.6232,9.5186,9.4406,9.3852,9.3297,9.2741,9.2184,9.1626,9.1066,9.0506,8.9945
14.273,14.235,14.1971,14.1591,14.1213,14.0834,14.0455,14.0077,13.9699,13.9332,13.8991,13.8652,13.8314,13.7978,13.7643,13.731,13.6978,13.6647,13.6318,13.5607,13.4841,13.4075,13.3309,13.2542,13.1775,13.1008,13.024,12.9472,12.8875,12.8483,12.8092,12.77,12.7307,12.6915,12.6523,12.613,12.5737,12.5367,12.5747,12.6126,12.6505,12.6883,12.7261,12.7639,12.8016,12.8393,12.877,12.9003,12.9144,12.9285,12.9425,12.9566,12.9706,12.9846,12.9985,13.0125,13.0258,13.0365,13.0472,13.0579,13.0685,13.0791,13.0898,13.1003,13.1109,13.1215,13.0571,12.9697,12.8823,12.795,12.7077,12.6205,12.5333,12.4462,12.3592,12.3168,12.3594,12.4021,12.4447,12.4873,12.5299,12.5725,12.615,12.6575,12.7001,12.7307,12.7602,12.7898,12.8194,12.849,12.8785,12.9081,12.9377,12.9672,12.9712,12.9491,12.9269,12.9044,12.8817,12.8587,12.8356,12.8122,12.7885,12.7629,12.7166,12.6702,12.6237,12.5771,12.5305,12.4838,12.4369,12.3901,12.3431,12.2917,12.238,12.1842,12.1303,12.0765,12.0226,11.9687,11.9148,11.8608,11.8258,11.857,11.8882,11.9194,11.9507,11.982,12.0134,12.0447,12.0761,12.1075,12.0891,12.0575,12.0255,11.9931,11.9603,11.9272,11.8936,11.8596,11.8252,11.7448,11.5854,11.4258,11.266,11.1061,10.9459,10.7855,10.6249,10.4641,10.3031,10.1952,10.0909,9.9866,9.8822,9.7778,9.6732,9.5687,9.464,9.3593,9.2791,9.223,9.1669,9.1106,9.0543,8.9978,8.9412,8.8846,8.8278
14.2662,14.2275,14.1887,14.15,14.1113,14.0726,14.0339,13.9953,13.9567,13.9177,13.8778,13.8381,13.7985,13.7591,13.7199,13.6807,13.6417,13.6029,13.5641,13.4922,13.416,13.3398,13.2635,13.1872,13.1109,13.0346,12.9582,12.8818,12.8225,12.7832,12.7439,12.7045,12.6652,12.6258,12.5864,12.547,12.5075,12.4709,12.5103,12.5498,12.5891,12.6285,12.6678,12.7071,12.7463,12.7856,12.8248,12.8488,12.8631,12.8774,12.8917,12.906,12.9203,12.9345,12.9488,12.963,12.9765,12.9872,12.9979,13.0086,13.0192,13.0299,13.0405,13.0511,13.0617,13.0722,13.0126,12.931,12.8494,12.7679,12.6865,12.605,12.5237,12.4424,12.3612,12.3213,12.3628,12.4044,12.4459,12.4874,12.5288,12.5703,12.6117,12.6531,12.6945,12.7251,12.7547,12.7843,12.8139,12.8435,12.873,12.9026,12.9322,12.9618,12.9629,12.9337,12.9042,12.8745,12.8446,12.8145,12.7841,12.7535,12.7227,12.6906,12.6429,12.5951,12.5472,12.4992,12.4511,12.403,12.3548,12.3065,12.2581,12.2063,12.1525,12.0987,12.0448,11.991,11.9371,11.8831,11.8291,11.7751,11.7384,11.7707,11.8031,11.8355,11.8679,11.9003,11.9328,11.9653,11.9978,12.0304,12.0089,11.9707,11.9322,11.8933,11.854,11.8143,11.7742,11.7337,11.6927,11.6109,11.449,11.287,11.1248,10.9623,10.7997,10.6369,10.4738,10.3106,10.1471,10.037,9.9326,9.8282,9.7236,9.619,9.5144,9.4096,9.3048,9.2,9.1176,9.0609,9.0041,8.9472,8.8902,8.8331,8.7759,8.7185,8.6611
14.2595,14.2199,14.1803,14.1408,14.1013,14.0618,14.0223,13.9829,13.9435,13.902,13.8563,13.8108,13.7655,13.7203,13.6752,13.6303,13.5855,13.5409,13.4964,13.4237,13.3479,13.2721,13.1962,13.1203,13.0444,12.9684,12.8924,12.8164,12.7575,12.7181,12.6786,12.6391,12.5996,12.56,12.5205,12.4809,12.4413,12.405,12.446,12.4869,12.5278,12.5687,12.6095,12.6503,12.6911,12.7318,12.7725,12.7972,12.8118,12.8264,12.841,12.8555,12.87,12.8845,12.899,12.9135,12.9273,12.938,12.9486,12.9593,12.97,12.9806,12.9912,13.0018,13.0124,13.023,12.9681,12.8923,12.8166,12.7408,12.6652,12.5896,12.514,12.4385,12.3631,12.3259,12.3663,12.4067,12.4471,12.4874,12.5278,12.5681,12.6084,12.6487,12.689,12.7196,12.7492,12.7788,12.8084,12.838,12.8675,12.8971,12.9267,12.9563,12.9548,12.9184,12.8817,12.8449,12.8078,12.7705,12.7329,12.6952,12.6571,12.6184,12.5692,12.52,12.4707,12.4213,12.3718,12.3223,12.2727,12.2229,12.1732,12.1209,12.0671,12.0132,11.9594,11.9054,11.8515,11.7975,11.7435,11.6895,11.6509,11.6844,11.7179,11.7514,11.785,11.8186,11.8522,11.8858,11.9195,11.9532,11.929,11.8843,11.8393,11.7938,11.748,11.7018,11.6552,11.6081,11.5607,11.4771,11.3128,11.1483,10.9837,10.8188,10.6537,10.4884,10.3229,10.1572,9.9913,9.8789,9.7743,9.6697,9.565,9.4603,9.3555,9.2506,9.1457,9.0407,8.9562,8.8989,8.8414,8.7839,8.7262,8.6684,8.6106,8.5526,8.4945
14.2527,14.2123,14.1719,14.1316,14.0913,14.051,14.0107,13.9704,13.9302,13.8861,13.8347,13.7834,13.7322,13.6813,13.6304,13.5798,13.5292,13.4788,13.4285,13.3553,13.2799,13.2044,13.1289,13.0534,12.9778,12.9022,12.8266,12.751,12.6926,12.653,12.6133,12.5737,12.534,12.4943,12.4546,12.4149,12.3751,12.3392,12.3817,12.4241,12.4665,12.5089,12.5512,12.5935,12.6358,12.6781,12.7203,12.7457,12.7605,12.7754,12.7902,12.805,12.8198,12.8345,12.8493,12.864,12.878,12.8887,12.8994,12.91,12.9207,12.9313,12.942,12.9526,12.9632,12.9737,12.9236,12.8536,12.7836,12.7137,12.6438,12.574,12.5043,12.4346,12.365,12.3304,12.3697,12.409,12.4483,12.4875,12.5268,12.566,12.6052,12.6443,12.6835,12.7141,12.7437,12.7733,12.8029,12.8325,12.862,12.8916,12.9212,12.9508,12.9469,12.9033,12.8595,12.8154,12.7712,12.7267,12.682,12.637,12.5918,12.5462,12.4956,12.445,12.3942,12.3434,12.2926,12.2416,12.1906,12.1395,12.0883,12.0355,11.9816,11.9278,11.8739,11.8199,11.7659,11.7119,11.6579,11.6038,11.5634,11.598,11.6327,11.6673,11.702,11.7368,11.7715,11.8063,11.8411,11.876,11.8494,11.7982,11.7467,11.6947,11.6424,11.5897,11.5365,11.483,11.429,11.3435,11.1767,11.0098,10.8427,10.6754,10.5078,10.3401,10.1722,10.0041,9.8357,9.7207,9.616,9.5113,9.4064,9.3015,9.1966,9.0916,8.9865,8.8814,8.7948,8.7368,8.6787,8.6205,8.5622,8.5038,8.4453,8.3867,8.328
14.2459,14.2047,14.1635,14.1223,14.0812,14.0401,13.999,13.958,13.9169,13.8701,13.8128,13.7558,13.6989,13.6421,13.5855,13.529,13.4727,13.4165,13.3604,13.2868,13.2118,13.1367,13.0616,12.9864,12.9113,12.8361,12.7608,12.6856,12.6276,12.5878,12.548,12.5082,12.4684,12.4286,12.3887,12.3488,12.3089,12.2734,12.3174,12.3613,12.4053,12.4491,12.493,12.5368,12.5806,12.6243,12.6681,12.6941,12.7092,12.7243,12.7394,12.7544,12.7695,12.7845,12.7995,12.8145,12.8287,12.8394,12.8501,12.8608,12.8714,12.8821,12.8927,12.9033,12.9139,12.9245,12.879,12.8148,12.7506,12.6865,12.6224,12.5584,12.4944,12.4305,12.3667,12.335,12.3732,12.4114,12.4495,12.4877,12.5258,12.5639,12.6019,12.64,12.678,12.7086,12.7382,12.7678,12.7974,12.827,12.8565,12.8861,12.9157,12.9453,12.9392,12.8884,12.8374,12.7862,12.7348,12.6831,12.6312,12.5791,12.5267,12.474,12.422,12.37,12.3179,12.2657,12.2134,12.161,12.1086,12.056,12.0034,11.9501,11.8962,11.8423,11.7884,11.7344,11.6804,11.6264,11.5723,11.5182,11.4758,11.5116,11.5474,11.5832,11.619,11.6549,11.6908,11.7267,11.7627,11.7987,11.7702,11.7125,11.6545,11.596,11.5372,11.4779,11.4183,11.3582,11.2977,11.21,11.0408,10.8714,10.7019,10.5321,10.3621,10.192,10.0216,9.851,9.6802,9.5626,9.4577,9.3528,9.2479,9.1428,9.0377,8.9326,8.8273,8.7221,8.6335,8.5749,8.5161,8.4573,8.3983,8.3393,8.2801,8.2208,8.1614
14.239,14.197,14.155,14.1131,14.0711,14.0292,13.9873,13.9455,13.9036,13.8538,13.7908,13.728,13.6653,13.6028,13.5404,13.4782,13.4161,13.3541,13.2922,13.2184,13.1437,13.069,12.9943,12.9195,12.8447,12.7699,12.695,12.6202,12.5626,12.5227,12.4828,12.4428,12.4028,12.3628,12.3228,12.2827,12.2427,12.2076,12.2531,12.2986,12.344,12.3894,12.4347,12.48,12.5253,12.5706,12.6158,12.6425,12.6579,12.6733,12.6886,12.7039,12.7192,12.7345,12.7497,12.765,12.7794,12.7901,12.8008,12.8115,12.8221,12.8328,12.8434,12.854,12.8646,12.8752,12.8343,12.7759,12.7175,12.6592,12.6009,12.5427,12.4845,12.4264,12.3684,12.3397,12.3767,12.4138,12.4508,12.4878,12.5248,12.5618,12.5987,12.6356,12.6725,12.7031,12.7327,12.7623,12.7919,12.8214,12.851,12.8806,12.9102,12.9398,12.9318,12.8738,12.8156,12.7572,12.6986,12.6398,12.5807,12.5214,12.4618,12.402,12.3485,12.2951,12.2415,12.1879,12.1342,12.0805,12.0266,11.9727,11.9187,11.8647,11.8108,11.7568,11.7029,11.6489,11.5948,11.5408,11.4867,11.4326,11.3882,11.4251,11.462,11.499,11.5359,11.573,11.61,11.6471,11.6842,11.7213,11.6913,11.6272,11.5626,11.4976,11.4323,11.3665,11.3004,11.2338,11.1668,11.0766,10.905,10.7332,10.5612,10.389,10.2166,10.044,9.8712,9.6981,9.5249,9.4044,9.2994,9.1944,9.0893,8.9841,8.8789,8.7736,8.6682,8.5628,8.4723,8.413,8.3536,8.2941,8.2345,8.1747,8.1149,8.055,7.995
14.2321,14.1893,14.1465,14.1038,14.061,14.0183,13.9756,13.933,13.8903,13.8374,13.7687,13.7001,13.6316,13.5633,13.4952,13.4272,13.3593,13.2915,13.2239,13.15,13.0757,13.0014,12.927,12.8526,12.7782,12.7037,12.6293,12.5548,12.4976,12.4576,12.4175,12.3774,12.3372,12.2971,12.2569,12.2167,12.1765,12.1418,12.1888,12.2358,12.2827,12.3296,12.3765,12.4233,12.4701,12.5169,12.5636,12.591,12.6066,12.6222,12.6378,12.6534,12.6689,12.6845,12.7,12.7155,12.7301,12.7408,12.7515,12.7622,12.7729,12.7835,12.7942,12.8048,12.8154,12.826,12.7896,12.737,12.6844,12.6319,12.5794,12.5269,12.4745,12.4222,12.37,12.3443,12.3802,12.4161,12.4521,12.488,12.5238,12.5597,12.5955,12.6313,12.6671,12.6976,12.7272,12.7568,12.7864,12.8159,12.8455,12.8751,12.9047,12.9343,12.9245,12.8593,12.794,12.7284,12.6626,12.5966,12.5304,12.4639,12.3972,12.3302,12.2751,12.2202,12.1652,12.1102,12.0551,12,11.9447,11.8894,11.8339,11.7793,11.7253,11.6714,11.6174,11.5633,11.5093,11.4552,11.4011,11.3469,11.3005,11.3386,11.3766,11.4147,11.4528,11.491,11.5291,11.5674,11.6056,11.6439,11.6128,11.5421,11.4711,11.3996,11.3277,11.2555,11.1828,11.1098,11.0363,10.9434,10.7694,10.5951,10.4207,10.246,10.0712,9.8961,9.7209,9.5454,9.3698,9.2463,9.1412,9.036,8.9307,8.8254,8.72,8.6146,8.5091,8.4035,8.311,8.2511,8.191,8.1309,8.0706,8.0103,7.9498,7.8892,7.8286
14.2252,14.1816,14.138,14.0944,14.0509,14.0074,13.9639,13.9204,13.877,13.8209,13.7463,13.672,13.5978,13.5237,13.4498,13.376,13.3023,13.2288,13.1554,13.0816,13.0076,12.9337,12.8597,12.7857,12.7117,12.6376,12.5635,12.4894,12.4327,12.3924,12.3522,12.3119,12.2716,12.2313,12.191,12.1506,12.1103,12.0761,12.1246,12.173,12.2215,12.2699,12.3183,12.3666,12.4149,12.4632,12.5114,12.5394,12.5553,12.5712,12.587,12.6028,12.6187,12.6345,12.6502,12.666,12.6808,12.6915,12.7022,12.7129,12.7236,12.7343,12.7449,12.7555,12.7661,12.7767,12.7449,12.698,12.6512,12.6045,12.5577,12.5111,12.4645,12.418,12.3715,12.3489,12.3837,12.4186,12.4534,12.4881,12.5229,12.5576,12.5923,12.627,12.6617,12.6921,12.7217,12.7513,12.7808,12.8104,12.84,12.8696,12.8992,12.9288,12.9174,12.845,12.7725,12.6998,12.6269,12.5537,12.4803,12.4067,12.3328,12.2586,12.2016,12.1454,12.089,12.0326,11.9761,11.9195,11.8628,11.8061,11.7493,11.6939,11.6399,11.5859,11.5319,11.4778,11.4237,11.3696,11.3155,11.2613,11.2128,11.252,11.2912,11.3304,11.3696,11.4089,11.4482,11.4876,11.527,11.5664,11.5347,11.4575,11.3799,11.3019,11.2236,11.1448,11.0657,10.9861,10.9061,10.8104,10.6339,10.4572,10.2803,10.1032,9.9259,9.7485,9.5708,9.3929,9.2148,9.0881,8.9829,8.8776,8.7722,8.6667,8.5612,8.4556,8.35,8.2442,8.1499,8.0893,8.0286,7.9678,7.9069,7.8459,7.7848,7.7235,7.6622
14.2183,14.1738,14.1295,14.0851,14.0407,13.9964,13.9521,13.9078,13.8636,13.8041,13.7238,13.6437,13.5637,13.4839,13.4042,13.3247,13.2453,13.166,13.0868,13.0132,12.9396,12.866,12.7924,12.7188,12.6451,12.5715,12.4977,12.424,12.3677,12.3273,12.2869,12.2465,12.206,12.1656,12.1251,12.0846,12.044,12.0103,12.0603,12.1103,12.1603,12.2102,12.26,12.3099,12.3597,12.4095,12.4592,12.4879,12.504,12.5201,12.5362,12.5523,12.5684,12.5844,12.6005,12.6165,12.6315,12.6423,12.653,12.6637,12.6743,12.685,12.6956,12.7062,12.7168,12.7274,12.7001,12.659,12.618,12.577,12.5361,12.4952,12.4544,12.4136,12.3729,12.3536,12.3873,12.421,12.4547,12.4883,12.522,12.5556,12.5892,12.6228,12.6563,12.6866,12.7162,12.7458,12.7753,12.8049,12.8345,12.8641,12.8937,12.9233,12.9104,12.831,12.7513,12.6714,12.5913,12.511,12.4305,12.3497,12.2686,12.1873,12.1283,12.0706,12.0128,11.955,11.8971,11.8391,11.781,11.7229,11.6647,11.6085,11.5545,11.5005,11.4464,11.3923,11.3382,11.284,11.2298,11.1756,11.125,11.1653,11.2057,11.246,11.2864,11.3268,11.3673,11.4078,11.4483,11.4888,11.4568,11.3731,11.2891,11.2046,11.1198,11.0345,10.9489,10.8628,10.7764,10.6775,10.4985,10.3194,10.1401,9.9606,9.7808,9.6009,9.4208,9.2405,9.0599,8.93,8.8246,8.7192,8.6136,8.508,8.4024,8.2966,8.1908,8.085,7.9887,7.9275,7.8661,7.8047,7.7431,7.6815,7.6197,7.5579,7.4959
14.2113,14.1661,14.1209,14.0757,14.0305,13.9854,13.9403,13.8952,13.8502,13.7872,13.7012,13.6153,13.5295,13.444,13.3585,13.2732,13.188,13.103,13.0181,12.9447,12.8716,12.7984,12.7252,12.6519,12.5786,12.5053,12.432,12.3586,12.3027,12.2622,12.2216,12.181,12.1404,12.0998,12.0592,12.0185,11.9778,11.9446,11.9961,12.0476,12.099,12.1504,12.2018,12.2532,12.3045,12.3558,12.407,12.4363,12.4527,12.4691,12.4855,12.5018,12.5181,12.5344,12.5507,12.567,12.5822,12.593,12.6037,12.6144,12.625,12.6357,12.6464,12.657,12.6676,12.6782,12.6553,12.62,12.5847,12.5495,12.5143,12.4792,12.4442,12.4092,12.3743,12.3583,12.3908,12.4234,12.456,12.4885,12.5211,12.5536,12.5861,12.6185,12.651,12.681,12.7106,12.7402,12.7698,12.7994,12.829,12.8586,12.8882,12.9178,12.9037,12.8171,12.7303,12.6433,12.556,12.4685,12.3808,12.2929,12.2047,12.1162,12.0549,11.9959,11.9367,11.8775,11.8182,11.7588,11.6993,11.6397,11.5801,11.5231,11.4691,11.415,11.3609,11.3068,11.2526,11.1984,11.1442,11.09,11.0372,11.0786,11.1201,11.1616,11.2031,11.2447,11.2863,11.3279,11.3695,11.4112,11.3794,11.2892,11.1986,11.1077,11.0163,10.9246,10.8325,10.7399,10.647,10.5447,10.3633,10.1818,10,9.8181,9.6359,9.4535,9.271,9.0882,8.9052,8.7719,8.6664,8.5608,8.4551,8.3493,8.2435,8.1377,8.0317,7.9257,7.8276,7.7658,7.7038,7.6417,7.5795,7.5172,7.4548,7.3923,7.3296
14.2043,14.1583,14.1123,14.0663,14.0203,13.9744,13.9285,13.8826,13.8367,13.7701,13.6783,13.5867,13.4952,13.4038,13.3127,13.2216,13.1307,13.0399,12.9492,12.8764,12.8036,12.7308,12.6579,12.585,12.5121,12.4392,12.3662,12.2932,12.2377,12.197,12.1563,12.1156,12.0748,12.034,11.9933,11.9524,11.9116,11.8789,11.9319,11.9849,12.0378,12.0907,12.1436,12.1965,12.2493,12.3021,12.3549,12.3848,12.4014,12.4181,12.4347,12.4513,12.4678,12.4844,12.5009,12.5175,12.533,12.5437,12.5544,12.5651,12.5758,12.5864,12.5971,12.6077,12.6183,12.6289,12.6104,12.5808,12.5514,12.5219,12.4925,12.4632,12.4339,12.4047,12.3756,12.3629,12.3944,12.4259,12.4573,12.4888,12.5202,12.5516,12.5829,12.6143,12.6456,12.6755,12.7051,12.7347,12.7643,12.7939,12.8235,12.8531,12.8827,12.9123,12.8972,12.8035,12.7095,12.6153,12.5209,12.4263,12.3314,12.2363,12.141,12.0454,11.9817,11.9212,11.8606,11.8,11.7393,11.6785,11.6176,11.5566,11.4956,11.4377,11.3836,11.3295,11.2754,11.2213,11.1671,11.1129,11.0586,11.0043,10.95,10.9919,11.0345,11.0771,11.1198,11.1625,11.2052,11.2479,11.2907,11.3335,11.3022,11.2055,11.1085,11.0111,10.9132,10.815,10.7164,10.6174,10.5179,10.4121,10.2283,10.0443,9.8601,9.6757,9.4911,9.3063,9.1213,8.9361,8.7507,8.6138,8.5081,8.4024,8.2966,8.1907,8.0847,7.9787,7.8726,7.7665,7.6666,7.6041,7.5414,7.4787,7.4158,7.3529,7.2898,7.2267,7.1634
14.1973,14.1504,14.1036,14.0569,14.0101,13.9634,13.9166,13.87,13.8233,13.7529,13.6553,13.5579,13.4607,13.3636,13.2666,13.1698,13.0732,12.9766,12.8803,12.808,12.7356,12.6631,12.5907,12.5182,12.4456,12.3731,12.3005,12.2279,12.1727,12.1319,12.091,12.0501,12.0092,11.9683,11.9273,11.8864,11.8454,11.8132,11.8677,11.9222,11.9766,12.0311,12.0854,12.1398,12.1941,12.2484,12.3027,12.3332,12.3501,12.367,12.3839,12.4007,12.4176,12.4344,12.4512,12.468,12.4837,12.4944,12.5051,12.5158,12.5265,12.5372,12.5478,12.5584,12.5691,12.5797,12.5654,12.5417,12.518,12.4943,12.4706,12.4471,12.4236,12.4001,12.3767,12.3676,12.398,12.4284,12.4587,12.489,12.5193,12.5496,12.5799,12.6101,12.6403,12.67,12.6996,12.7292,12.7588,12.7884,12.818,12.8476,12.8772,12.9068,12.8909,12.79,12.6889,12.5876,12.486,12.3842,12.2822,12.18,12.0775,11.9748,11.9084,11.8465,11.7846,11.7225,11.6604,11.5982,11.536,11.4736,11.4112,11.3523,11.2982,11.2441,11.1899,11.1357,11.0815,11.0273,10.973,10.9187,10.8644,10.905,10.9488,10.9926,11.0364,11.0802,11.1241,11.1679,11.2119,11.2558,11.2254,11.1223,11.0187,10.9148,10.8105,10.7058,10.6007,10.4952,10.3893,10.2796,10.0934,9.9069,9.7203,9.5335,9.3465,9.1592,8.9718,8.7842,8.5963,8.4557,8.3499,8.244,8.138,8.032,7.9259,7.8198,7.7136,7.6073,7.5072,7.4462,7.3852,7.3241,7.263,7.2019,7.1408,7.0796,7.0184
14.1902,14.1426,14.095,14.0474,13.9998,13.9523,13.9048,13.8573,13.8098,13.7354,13.6321,13.529,13.426,13.3232,13.2205,13.1179,13.0155,12.9132,12.8116,12.7396,12.6676,12.5955,12.5234,12.4513,12.3791,12.307,12.2348,12.1625,12.1077,12.0667,12.0257,11.9847,11.9436,11.9025,11.8614,11.8203,11.7792,11.7475,11.8035,11.8595,11.9155,11.9714,12.0273,12.0831,12.1389,12.1947,12.2505,12.2817,12.2988,12.316,12.3331,12.3502,12.3673,12.3844,12.4014,12.4185,12.4344,12.4451,12.4558,12.4665,12.4772,12.4879,12.4985,12.5092,12.5198,12.5304,12.5205,12.5025,12.4845,12.4666,12.4487,12.4309,12.4131,12.3955,12.3779,12.3724,12.4016,12.4309,12.4601,12.4893,12.5185,12.5476,12.5768,12.6059,12.635,12.6645,12.6941,12.7237,12.7533,12.7829,12.8125,12.8421,12.8717,12.9013,12.8848,12.7767,12.6685,12.56,12.4513,12.3424,12.2333,12.1239,12.0143,11.9044,11.8352,11.772,11.7086,11.6452,11.5816,11.518,11.4544,11.3906,11.3268,11.2669,11.2128,11.1586,11.1044,11.0502,10.996,10.9417,10.8874,10.8331,10.7787,10.8182,10.8631,10.908,10.9529,10.9964,11.0398,11.0832,11.1266,11.17,11.1397,11.0296,10.9195,10.8093,10.6991,10.5888,10.4785,10.3682,10.2577,10.1463,9.9586,9.7708,9.583,9.3951,9.2072,9.0192,8.8312,8.6431,8.4549,8.3135,8.2114,8.1095,8.0079,7.9065,7.8053,7.7044,7.6038,7.5033,7.406,7.3451,7.2841,7.223,7.162,7.1009,7.0398,6.9786,6.9174
14.1458,14.0964,14.047,13.9978,13.9487,13.8998,13.8509,13.8022,13.7536,13.6769,13.5717,13.4664,13.3611,13.2558,13.1504,13.045,12.9396,12.8341,12.7297,12.6602,12.5905,12.5207,12.4507,12.3806,12.3103,12.2399,12.1693,12.0987,12.0455,12.0055,11.9655,11.9253,11.885,11.8447,11.8042,11.7637,11.7231,11.6926,11.7498,11.807,11.8642,11.9213,11.9785,12.0356,12.0928,12.1499,12.207,12.2388,12.2562,12.2737,12.2911,12.3086,12.3261,12.3435,12.361,12.3785,12.3947,12.4045,12.4142,12.424,12.4338,12.4435,12.4531,12.4627,12.4722,12.4817,12.4749,12.4616,12.4482,12.4349,12.4214,12.408,12.3945,12.381,12.3674,12.364,12.3911,12.4182,12.4451,12.472,12.4987,12.5254,12.552,12.5784,12.6048,12.631,12.6571,12.6828,12.7084,12.7337,12.7588,12.7836,12.8081,12.8324,12.8113,12.6953,12.5792,12.4629,12.3464,12.2297,12.1129,11.996,11.8788,11.7615,11.6883,11.6225,11.5567,11.4908,11.4249,11.3589,11.2929,11.2269,11.1608,11.1002,11.0485,10.997,10.9457,10.8946,10.8437,10.7931,10.7426,10.6924,10.6425,10.6791,10.723,10.7668,10.8106,10.8544,10.8981,10.9418,10.9854,11.0291,11.0029,10.8928,10.7827,10.6725,10.5622,10.452,10.3416,10.2312,10.1208,10.0103,9.8238,9.636,9.448,9.2601,9.0721,8.884,8.6959,8.5077,8.3195,8.1772,8.0792,7.9814,7.8839,7.7865,7.6895,7.5926,7.496,7.3997,7.3048,7.2439,7.183,7.122,7.0609,6.9999,6.9388,6.8776,6.8165
14.0764,14.0224,13.9685,13.9148,13.8612,13.8078,13.7544,13.7012,13.648,13.5683,13.463,13.3577,13.2523,13.1469,13.0415,12.936,12.8305,12.725,12.6212,12.5572,12.4931,12.4287,12.3643,12.2997,12.2349,12.17,12.105,12.0399,11.9927,11.9586,11.9245,11.8902,11.8559,11.8214,11.7869,11.7523,11.7176,11.693,11.7521,11.8111,11.8702,11.9292,11.9882,12.0472,12.1061,12.1651,12.2241,12.2575,12.2767,12.2959,12.315,12.3342,12.3534,12.3727,12.3919,12.4111,12.4272,12.4283,12.4295,12.4306,12.4317,12.4328,12.4338,12.4348,12.4357,12.4366,12.4263,12.4115,12.3966,12.3818,12.3669,12.3519,12.337,12.322,12.3069,12.3012,12.3245,12.3478,12.3709,12.394,12.417,12.4399,12.4627,12.4854,12.508,12.5267,12.5442,12.5614,12.5783,12.595,12.6115,12.6277,12.6437,12.6593,12.6332,12.5139,12.3945,12.2749,12.1551,12.0352,11.9151,11.7948,11.6744,11.5537,11.4798,11.4148,11.3497,11.2846,11.2195,11.1543,11.089,11.0237,10.9584,10.9005,10.8552,10.8101,10.7653,10.7206,10.6762,10.632,10.588,10.5442,10.5007,10.5361,10.5802,10.6243,10.6684,10.7124,10.7564,10.8003,10.8442,10.8881,10.8661,10.756,10.6459,10.5357,10.4254,10.3151,10.2047,10.0943,9.9839,9.8734,9.6891,9.5011,9.3131,9.1251,8.9369,8.7488,8.5606,8.3723,8.184,8.0407,7.9468,7.8531,7.7596,7.6663,7.5733,7.4805,7.388,7.2957,7.2037,7.1428,7.0818,7.0209,6.9599,6.8988,6.8378,6.7767,6.7155
14.0067,13.9482,13.8899,13.8317,13.7736,13.7156,13.6578,13.6,13.5424,13.4597,13.3543,13.2489,13.1435,13.0381,12.9326,12.827,12.7215,12.6159,12.5128,12.4544,12.3957,12.3369,12.278,12.2189,12.1596,12.1003,12.0408,11.9811,11.94,11.9118,11.8836,11.8552,11.8268,11.7983,11.7696,11.7409,11.7121,11.6935,11.7544,11.8153,11.8762,11.937,11.9979,12.0587,12.1195,12.1803,12.2411,12.2762,12.2971,12.318,12.339,12.3599,12.3808,12.4018,12.4227,12.4437,12.4597,12.4522,12.4448,12.4373,12.4298,12.4222,12.4146,12.407,12.3993,12.3915,12.3777,12.3614,12.3451,12.3287,12.3123,12.2959,12.2794,12.2629,12.2464,12.2384,12.258,12.2774,12.2969,12.3162,12.3354,12.3545,12.3736,12.3925,12.4113,12.4226,12.4315,12.4401,12.4485,12.4566,12.4645,12.4721,12.4794,12.4865,12.4552,12.3326,12.2099,12.087,11.9639,11.8407,11.7173,11.5937,11.47,11.3461,11.2713,11.207,11.1427,11.0784,11.014,10.9496,10.8851,10.8206,10.756,10.7004,10.6616,10.623,10.5846,10.5463,10.5084,10.4706,10.433,10.3957,10.3587,10.393,10.4374,10.4818,10.5261,10.5704,10.6146,10.6588,10.703,10.7471,10.7294,10.6192,10.5091,10.3988,10.2885,10.1782,10.0678,9.9574,9.847,9.7364,9.5543,9.3663,9.1782,8.99,8.8018,8.6136,8.4253,8.2369,8.0485,7.9039,7.8141,7.7244,7.635,7.5458,7.4568,7.3681,7.2797,7.1914,7.1035,7.0416,6.9807,6.9198,6.8588,6.7978,6.7367,6.6757,6.6146
13.9369,13.8739,13.8111,13.7484,13.6858,13.6233,13.561,13.4987,13.4366,13.3511,13.2457,13.1402,13.0347,12.9292,12.8236,12.718,12.6124,12.5067,12.4046,12.3516,12.2985,12.2452,12.1918,12.1382,12.0845,12.0306,11.9766,11.9225,11.8874,11.8651,11.8428,11.8203,11.7978,11.7752,11.7524,11.7296,11.7067,11.6941,11.7568,11.8195,11.8822,11.9449,12.0076,12.0702,12.1329,12.1955,12.2582,12.2949,12.3176,12.3402,12.3629,12.3856,12.4082,12.4309,12.4536,12.4763,12.4922,12.4762,12.4601,12.444,12.4278,12.4117,12.3955,12.3792,12.3628,12.3464,12.3291,12.3113,12.2935,12.2757,12.2578,12.2399,12.2219,12.204,12.1859,12.1756,12.1914,12.2072,12.2228,12.2384,12.2538,12.2692,12.2845,12.2997,12.3147,12.3187,12.319,12.319,12.3188,12.3183,12.3176,12.3166,12.3154,12.3139,12.2773,12.1514,12.0253,11.8992,11.7728,11.6463,11.5196,11.3928,11.2657,11.1385,11.0627,10.9992,10.9357,10.8721,10.8085,10.7448,10.6811,10.6174,10.5536,10.5001,10.4678,10.4356,10.4036,10.3718,10.3403,10.3089,10.2778,10.2469,10.2163,10.25,10.2946,10.3392,10.3838,10.4283,10.4728,10.5173,10.5617,10.6061,10.5926,10.4824,10.3722,10.262,10.1517,10.0414,9.931,9.8205,9.71,9.5995,9.4196,9.2314,9.0433,8.855,8.6667,8.4784,8.29,8.1016,7.9131,7.7669,7.6811,7.5955,7.5101,7.425,7.3401,7.2555,7.171,7.0869,7.003,6.9405,6.8796,6.8187,6.7577,6.6968,6.6357,6.5747,6.5136
13.8669,13.7995,13.7321,13.6649,13.5978,13.5309,13.464,13.3973,13.3307,13.2425,13.137,13.0315,12.9259,12.8203,12.7147,12.609,12.5033,12.3976,12.2964,12.249,12.2014,12.1536,12.1057,12.0576,12.0094,11.9611,11.9126,11.864,11.8349,11.8185,11.8021,11.7855,11.7689,11.7521,11.7353,11.7184,11.7014,11.6946,11.7592,11.8237,11.8883,11.9528,12.0173,12.0818,12.1463,12.2108,12.2752,12.3137,12.338,12.3624,12.3868,12.4112,12.4356,12.46,12.4844,12.5089,12.5248,12.5001,12.4754,12.4507,12.4259,12.4012,12.3763,12.3515,12.3265,12.3015,12.2805,12.2612,12.2419,12.2226,12.2033,12.1839,12.1645,12.145,12.1255,12.113,12.125,12.137,12.1488,12.1606,12.1723,12.184,12.1955,12.2069,12.2182,12.215,12.2066,12.1981,12.1893,12.1803,12.171,12.1614,12.1516,12.1415,12.0994,11.9702,11.8409,11.7114,11.5818,11.452,11.322,11.1919,11.0616,10.9311,10.8541,10.7914,10.7286,10.6658,10.603,10.5401,10.4771,10.4142,10.3511,10.2996,10.2736,10.2479,10.2223,10.197,10.1719,10.147,10.1223,10.0978,10.0737,10.1069,10.1518,10.1967,10.2415,10.2863,10.3311,10.3758,10.4205,10.4652,10.4558,10.3456,10.2354,10.1252,10.0148,9.9045,9.7941,9.6836,9.5731,9.4625,9.2848,9.0966,8.9083,8.72,8.5316,8.3432,8.1547,7.9662,7.7776,7.6296,7.5478,7.4663,7.385,7.3039,7.2231,7.1425,7.0621,6.982,6.9022,6.8393,6.7785,6.7176,6.6567,6.5957,6.5347,6.4737,6.4126
13.7968,13.7248,13.653,13.5813,13.5097,13.4383,13.367,13.2957,13.2246,13.1339,13.0283,12.9227,12.8171,12.7114,12.6057,12.5,12.3943,12.2885,12.1885,12.1465,12.1044,12.0621,12.0197,11.9772,11.9345,11.8916,11.8487,11.8056,11.7825,11.772,11.7615,11.7508,11.7401,11.7292,11.7183,11.7072,11.6961,11.6952,11.7616,11.828,11.8943,11.9607,12.027,12.0934,12.1597,12.226,12.2923,12.3324,12.3585,12.3846,12.4108,12.4369,12.463,12.4892,12.5153,12.5415,12.5573,12.524,12.4908,12.4574,12.4241,12.3907,12.3573,12.3238,12.2902,12.2566,12.2319,12.2112,12.1904,12.1696,12.1488,12.1279,12.107,12.086,12.0651,12.0503,12.0586,12.0668,12.0749,12.083,12.0909,12.0988,12.1065,12.1142,12.1217,12.1114,12.0945,12.0774,12.06,12.0424,12.0246,12.0064,11.9881,11.9694,11.9216,11.7892,11.6566,11.5238,11.3909,11.2578,11.1246,10.9911,10.8576,10.7238,10.6455,10.5836,10.5216,10.4595,10.3974,10.3353,10.2731,10.2109,10.1487,10.0988,10.0793,10.0599,10.0408,10.0219,10.0032,9.9847,9.9665,9.9485,9.9307,9.9638,10.009,10.0541,10.0992,10.1442,10.1893,10.2343,10.2792,10.3241,10.319,10.2089,10.0986,9.9883,9.878,9.7676,9.6572,9.5467,9.4362,9.3256,9.1501,8.9618,8.7734,8.585,8.3966,8.208,8.0195,7.8309,7.6422,7.492,7.4143,7.3368,7.2596,7.1826,7.1058,7.0293,6.953,6.8769,6.8011,6.7382,6.6774,6.6165,6.5556,6.4947,6.4337,6.3727,6.3117
13.7265,13.65,13.5737,13.4976,13.4215,13.3456,13.2697,13.194,13.1184,13.0253,12.9196,12.814,12.7083,12.6026,12.4968,12.391,12.2852,12.1793,12.0806,12.0441,12.0075,11.9708,11.9339,11.8968,11.8596,11.8223,11.7848,11.7472,11.7302,11.7256,11.721,11.7162,11.7113,11.7064,11.7013,11.6962,11.691,11.6958,11.764,11.8322,11.9004,11.9686,12.0368,12.1049,12.1731,12.2412,12.3094,12.3512,12.379,12.4068,12.4347,12.4626,12.4904,12.5183,12.5462,12.574,12.5899,12.548,12.5061,12.4642,12.4223,12.3803,12.3382,12.2961,12.254,12.2118,12.1833,12.1611,12.1389,12.1166,12.0943,12.0719,12.0495,12.0271,12.0046,11.9878,11.9923,11.9967,12.0011,12.0054,12.0096,12.0136,12.0176,12.0215,12.0253,12.008,11.9826,11.9569,11.9309,11.9048,11.8783,11.8517,11.8247,11.7975,11.744,11.6082,11.4724,11.3363,11.2001,11.0637,10.9272,10.7905,10.6536,10.5166,10.4369,10.3757,10.3144,10.2532,10.1918,10.1305,10.0691,10.0076,9.9461,9.8977,9.8846,9.8717,9.859,9.8465,9.8343,9.8222,9.8104,9.7988,9.7875,9.8207,9.8661,9.9115,9.9569,10.0022,10.0475,10.0927,10.1379,10.1831,10.1823,10.0721,9.9618,9.8515,9.7411,9.6307,9.5203,9.4098,9.2993,9.1887,9.0154,8.827,8.6385,8.45,8.2615,8.0729,7.8842,7.6955,7.5067,7.3542,7.2805,7.2071,7.1339,7.061,6.9882,6.9157,6.8435,6.7715,6.6997,6.637,6.5762,6.5154,6.4545,6.3936,6.3327,6.2717,6.2107
13.656,13.5751,13.4943,13.4136,13.3331,13.2527,13.1724,13.0922,13.0121,12.9166,12.811,12.7052,12.5995,12.4937,12.3879,12.282,12.1761,12.0702,11.9729,11.9419,11.9108,11.8795,11.8481,11.8166,11.7849,11.753,11.7211,11.689,11.678,11.6793,11.6805,11.6816,11.6827,11.6836,11.6844,11.6852,11.6858,11.6964,11.7664,11.8365,11.9065,11.9765,12.0465,12.1165,12.1865,12.2565,12.3265,12.3699,12.3995,12.4291,12.4586,12.4882,12.5178,12.5474,12.577,12.6066,12.6225,12.572,12.5215,12.471,12.4205,12.3699,12.3193,12.2686,12.2178,12.167,12.1348,12.1111,12.0874,12.0636,12.0398,12.016,11.9921,11.9682,11.9442,11.9252,11.926,11.9267,11.9273,11.9278,11.9283,11.9286,11.9288,11.929,11.929,11.9048,11.8708,11.8365,11.8021,11.7673,11.7323,11.6971,11.6616,11.6258,11.5664,11.4274,11.2882,11.1489,11.0094,10.8697,10.7299,10.5899,10.4498,10.3095,10.2282,10.1678,10.1073,10.0468,9.9862,9.9256,9.865,9.8043,9.7436,9.6964,9.6897,9.6832,9.677,9.6709,9.665,9.6594,9.654,9.6488,9.6439,9.6776,9.7232,9.7689,9.8145,9.8601,9.9056,9.9512,9.9966,10.0421,10.0455,9.9353,9.825,9.7147,9.6043,9.4939,9.3834,9.2729,9.1623,9.0517,8.8806,8.6921,8.5036,8.315,8.1264,7.9377,7.749,7.5602,7.3713,7.2161,7.1465,7.0771,7.008,6.939,6.8704,6.8019,6.7337,6.6658,6.5981,6.5359,6.4751,6.4143,6.3535,6.2926,6.2317,6.1707,6.1097
13.5854,13.5,13.4147,13.3296,13.2446,13.1597,13.0749,12.9902,12.9056,12.808,12.7023,12.5965,12.4907,12.3848,12.2789,12.173,12.067,11.961,11.8653,11.8398,11.8142,11.7884,11.7625,11.7365,11.7103,11.6839,11.6575,11.6309,11.6259,11.6331,11.6402,11.6472,11.6541,11.6609,11.6676,11.6742,11.6808,11.697,11.7689,11.8408,11.9126,11.9845,12.0563,12.1281,12.2,12.2718,12.3436,12.3887,12.42,12.4513,12.4826,12.5139,12.5452,12.5765,12.6079,12.6392,12.6551,12.596,12.537,12.4779,12.4187,12.3596,12.3003,12.2411,12.1817,12.1223,12.0863,12.0611,12.0359,12.0106,11.9853,11.96,11.9347,11.9093,11.8839,11.8628,11.8598,11.8567,11.8536,11.8503,11.847,11.8436,11.8401,11.8365,11.8328,11.8018,11.7592,11.7164,11.6734,11.6301,11.5865,11.5428,11.4987,11.4544,11.3889,11.2466,11.1042,10.9616,10.8188,10.6759,10.5328,10.3895,10.2461,10.1024,10.0195,9.9599,9.9001,9.8404,9.7806,9.7208,9.6609,9.601,9.541,9.4948,9.4945,9.4945,9.4946,9.495,9.4955,9.4963,9.4973,9.4986,9.5001,9.5344,9.5804,9.6263,9.6722,9.718,9.7638,9.8096,9.8553,9.901,9.9087,9.7985,9.6882,9.5778,9.4674,9.357,9.2465,9.136,9.0254,8.9148,8.7459,8.5573,8.3687,8.18,7.9913,7.8025,7.6137,7.4248,7.2359,7.0777,7.0121,6.9468,6.8817,6.8169,6.7522,6.6878,6.6237,6.5598,6.4961,6.4347,6.374,6.3132,6.2524,6.1915,6.1306,6.0697,6.0088
13.5146,13.4247,13.335,13.2454,13.1559,13.0665,12.9772,12.8881,12.799,12.6994,12.5936,12.4877,12.3818,12.2759,12.17,12.064,11.958,11.8519,11.7578,11.7378,11.7177,11.6974,11.677,11.6565,11.6357,11.6149,11.5939,11.5728,11.5739,11.587,11.5999,11.6128,11.6256,11.6383,11.6509,11.6634,11.6758,11.6976,11.7714,11.8451,11.9188,11.9924,12.0661,12.1398,12.2134,12.2871,12.3607,12.4074,12.4405,12.4735,12.5065,12.5396,12.5726,12.6057,12.6387,12.6718,12.6877,12.6201,12.5524,12.4847,12.417,12.3493,12.2815,12.2136,12.1457,12.0777,12.0377,12.0111,11.9844,11.9577,11.9309,11.9041,11.8773,11.8504,11.8235,11.8003,11.7936,11.7868,11.7799,11.7729,11.7659,11.7587,11.7514,11.7441,11.7366,11.699,11.6478,11.5965,11.5449,11.493,11.441,11.3886,11.336,11.2831,11.2115,11.0659,10.9202,10.7743,10.6283,10.4821,10.3357,10.1892,10.0424,9.8956,9.8108,9.7519,9.6929,9.634,9.5749,9.5159,9.4567,9.3976,9.3384,9.293,9.2991,9.3055,9.312,9.3188,9.3258,9.333,9.3404,9.348,9.3559,9.3913,9.4375,9.4837,9.5298,9.5759,9.622,9.668,9.714,9.76,9.772,9.6617,9.5514,9.441,9.3306,9.2201,9.1096,8.9991,8.8885,8.7778,8.6112,8.4225,8.2338,8.0451,7.8562,7.6674,7.4785,7.2895,7.1005,6.939,6.8775,6.8163,6.7552,6.6944,6.6338,6.5735,6.5134,6.4535,6.3939,6.3336,6.2728,6.2121,6.1513,6.0905,6.0296,5.9687,5.9078
13.4437,13.3493,13.2551,13.161,13.067,12.9732,12.8794,12.7858,12.6923,12.5908,12.4849,12.379,12.273,12.167,12.061,11.955,11.8489,11.7427,11.6504,11.636,11.6214,11.6066,11.5916,11.5766,11.5613,11.546,11.5305,11.5149,11.522,11.5409,11.5598,11.5786,11.5972,11.6158,11.6342,11.6526,11.6709,11.6983,11.7739,11.8494,11.9249,12.0004,12.0759,12.1514,12.2269,12.3023,12.3778,12.4262,12.461,12.4957,12.5305,12.5653,12.6,12.6348,12.6696,12.7044,12.7204,12.6441,12.5679,12.4916,12.4153,12.339,12.2626,12.1862,12.1097,12.0331,11.9892,11.9611,11.9329,11.9047,11.8765,11.8482,11.8199,11.7916,11.7632,11.738,11.7275,11.717,11.7063,11.6956,11.6848,11.6739,11.6628,11.6517,11.6405,11.5963,11.5366,11.4767,11.4166,11.3562,11.2956,11.2347,11.1736,11.1121,11.0342,10.8853,10.7363,10.5872,10.4379,10.2884,10.1387,9.9889,9.8389,9.6888,9.602,9.5439,9.4857,9.4275,9.3692,9.3109,9.2526,9.1942,9.1358,9.0909,9.1034,9.1162,9.1291,9.1423,9.1557,9.1693,9.1831,9.1972,9.2115,9.2481,9.2946,9.341,9.3874,9.4338,9.4801,9.5264,9.5726,9.6189,9.6352,9.5249,9.4146,9.3042,9.1938,9.0833,8.9728,8.8622,8.7516,8.6409,8.4765,8.2877,8.0989,7.9101,7.7212,7.5322,7.3432,7.1542,6.965,6.8001,6.7427,6.6855,6.6284,6.5717,6.5151,6.4588,6.4028,6.347,6.2914,6.2324,6.1717,6.111,6.0502,5.9894,5.9286,5.8677,5.8068
13.3726,13.2737,13.175,13.0765,12.978,12.8797,12.7815,12.6834,12.5854,12.4822,12.3762,12.2702,12.1642,12.0582,11.9521,11.8459,11.7398,11.6336,11.5432,11.5343,11.5251,11.5158,11.5064,11.4968,11.487,11.4772,11.4672,11.4571,11.4702,11.495,11.5197,11.5444,11.5689,11.5933,11.6176,11.6419,11.6661,11.699,11.7764,11.8537,11.9311,12.0084,12.0857,12.1631,12.2404,12.3176,12.3949,12.445,12.4815,12.518,12.5545,12.5909,12.6274,12.6639,12.7004,12.7369,12.753,12.6682,12.5834,12.4986,12.4137,12.3288,12.2439,12.1588,12.0738,11.9886,11.9407,11.9111,11.8815,11.8518,11.8221,11.7923,11.7625,11.7327,11.7029,11.6757,11.6615,11.6472,11.6328,11.6183,11.6037,11.5891,11.5743,11.5595,11.5445,11.4938,11.4256,11.3572,11.2885,11.2196,11.1504,11.081,11.0113,10.9413,10.857,10.7048,10.5526,10.4001,10.2475,10.0948,9.9419,9.7888,9.6355,9.4821,9.3933,9.3359,9.2785,9.221,9.1635,9.106,9.0484,8.9908,8.9331,8.8885,8.9075,8.9266,8.946,8.9656,8.9854,9.0054,9.0256,9.0461,9.0668,9.1049,9.1517,9.1984,9.245,9.2916,9.3382,9.3848,9.4313,9.4778,9.4984,9.3881,9.2778,9.1674,9.0569,8.9464,8.8359,8.7253,8.6146,8.5039,8.3418,8.1529,7.964,7.7751,7.5861,7.3971,7.208,7.0188,6.8296,6.661,6.6075,6.5544,6.5014,6.4487,6.3962,6.3439,6.2919,6.2401,6.1886,6.1313,6.0706,6.0099,5.9491,5.8884,5.8275,5.7667,5.7058
13.3013,13.198,13.0948,12.9918,12.8889,12.7861,12.6834,12.5808,12.4784,12.3735,12.2675,12.1615,12.0554,11.9493,11.8431,11.7369,11.6307,11.5245,11.4362,11.4327,11.429,11.4252,11.4212,11.4171,11.4129,11.4085,11.404,11.3993,11.4185,11.4492,11.4798,11.5103,11.5407,11.5709,11.6011,11.6313,11.6613,11.6997,11.7789,11.8581,11.9373,12.0164,12.0956,12.1747,12.2538,12.333,12.4121,12.4638,12.502,12.5402,12.5784,12.6166,12.6548,12.693,12.7313,12.7695,12.7857,12.6923,12.5989,12.5055,12.4121,12.3186,12.2251,12.1316,12.0379,11.9442,11.8922,11.8611,11.83,11.7989,11.7677,11.7365,11.7052,11.6739,11.6426,11.6134,11.5955,11.5774,11.5593,11.5411,11.5228,11.5044,11.4859,11.4673,11.4486,11.3915,11.3148,11.2378,11.1606,11.0832,11.0055,10.9275,10.8493,10.7708,10.6798,10.5244,10.3689,10.2132,10.0573,9.9013,9.7451,9.5888,9.4322,9.2755,9.1845,9.1279,9.0712,9.0145,8.9578,8.901,8.8442,8.7873,8.7304,8.6859,8.7113,8.7368,8.7626,8.7886,8.8147,8.8412,8.8678,8.8946,8.9217,8.9618,9.0087,9.0557,9.1026,9.1495,9.1963,9.2431,9.2899,9.3367,9.3616,9.2513,9.1409,9.0305,8.9201,8.8095,8.699,8.5884,8.4777,8.367,8.2071,8.0181,7.8292,7.6401,7.4511,7.2619,7.0727,6.8835,6.6942,6.5215,6.4721,6.423,6.3741,6.3254,6.2769,6.2287,6.1805,6.1324,6.0843,6.0284,5.9674,5.9063,5.8453,5.7841,5.723,5.6618,5.6005
13.2299,13.1221,13.0145,12.907,12.7996,12.6923,12.5852,12.4781,12.3712,12.2649,12.1588,12.0527,11.9466,11.8404,11.7342,11.6279,11.5216,11.4153,11.3292,11.3312,11.333,11.3347,11.3362,11.3375,11.3388,11.3399,11.3408,11.3417,11.3669,11.4035,11.4399,11.4763,11.5125,11.5487,11.5847,11.6207,11.6566,11.7004,11.7815,11.8625,11.9435,12.0245,12.1054,12.1864,12.2673,12.3483,12.4292,12.4826,12.5225,12.5625,12.6024,12.6423,12.6822,12.7222,12.7621,12.8021,12.8184,12.7164,12.6145,12.5125,12.4105,12.3085,12.2064,12.1043,12.0021,11.8998,11.8437,11.8112,11.7786,11.746,11.7133,11.6806,11.6479,11.6151,11.5823,11.5512,11.5295,11.5077,11.4859,11.4639,11.4419,11.4197,11.3975,11.3752,11.3527,11.2894,11.2041,11.1186,11.0329,10.9469,10.8607,10.7742,10.6875,10.6005,10.5028,10.3441,10.1853,10.0263,9.8672,9.7079,9.5485,9.3888,9.229,9.0691,8.9756,8.9198,8.8639,8.808,8.752,8.696,8.6399,8.5838,8.5277,8.483,8.5148,8.5468,8.5789,8.6113,8.6439,8.6767,8.7097,8.7429,8.7764,8.8182,8.8649,8.9115,8.9579,9.004,9.05,9.0958,9.1414,9.1867,9.2144,9.1032,8.992,8.8808,8.7695,8.6583,8.5471,8.4358,8.3246,8.2133,8.0565,7.8696,7.6829,7.4965,7.3104,7.1245,6.9389,6.7536,6.5686,6.3957,6.3485,6.3012,6.254,6.2069,6.1598,6.1127,6.0656,6.0186,5.9716,5.9167,5.8557,5.7947,5.7337,5.6726,5.6115,5.5504,5.4892
13.1357,13.032,12.928,12.8238,12.7192,12.6144,12.5094,12.4041,12.2985,12.1949,12.0918,11.9885,11.885,11.7813,11.6774,11.5733,11.469,11.3644,11.2817,11.2875,11.2931,11.2987,11.3041,11.3095,11.3147,11.3199,11.325,11.33,11.3576,11.3954,11.4334,11.4715,11.5096,11.5479,11.5862,11.6246,11.6631,11.7091,11.7886,11.8682,11.9479,12.0276,12.1075,12.1875,12.2675,12.3475,12.4276,12.4806,12.5204,12.5603,12.6001,12.6399,12.6797,12.7194,12.7591,12.7988,12.8136,12.7039,12.5942,12.4844,12.3745,12.2646,12.1546,12.0445,11.9343,11.824,11.7621,11.7251,11.688,11.6507,11.6132,11.5755,11.5376,11.4995,11.4612,11.4241,11.3955,11.3667,11.3377,11.3083,11.2788,11.249,11.2188,11.1885,11.1578,11.0873,10.9947,10.9019,10.8091,10.7162,10.6232,10.5301,10.4369,10.3437,10.2417,10.0829,9.9242,9.7655,9.607,9.4486,9.2904,9.1322,8.9742,8.8164,8.7258,8.676,8.6265,8.5773,8.5284,8.4798,8.4316,8.3836,8.336,8.2979,8.3335,8.3692,8.4049,8.4406,8.4764,8.5123,8.5482,8.5842,8.6203,8.6612,8.7051,8.7487,8.7922,8.8355,8.8786,8.9215,8.9641,9.0066,9.0358,8.9255,8.8152,8.7049,8.5946,8.4843,8.374,8.2637,8.1533,8.043,7.8918,7.7101,7.5286,7.3474,7.1664,6.9858,6.8054,6.6252,6.4454,6.2731,6.2269,6.1808,6.1347,6.0886,6.0426,5.9966,5.9506,5.9047,5.8588,5.8049,5.744,5.6831,5.6221,5.5611,5.5,5.439,5.3778
13.0321,12.9356,12.8388,12.7417,12.6444,12.5468,12.4489,12.3508,12.2524,12.1563,12.0609,11.9653,11.8694,11.7734,11.6771,11.5806,11.4839,11.387,11.3128,11.3238,11.3348,11.3456,11.3563,11.3669,11.3774,11.3879,11.3983,11.4086,11.4345,11.4673,11.5002,11.5333,11.5664,11.5996,11.6329,11.6663,11.6997,11.7398,11.8087,11.8777,11.9467,12.0159,12.0852,12.1545,12.2239,12.2933,12.3628,12.4074,12.44,12.4726,12.5053,12.5379,12.5704,12.603,12.6355,12.668,12.6762,12.5624,12.4485,12.3345,12.2204,12.1063,11.9921,11.8779,11.7635,11.6491,11.5783,11.5305,11.4825,11.4344,11.386,11.3375,11.2887,11.2398,11.1906,11.1429,11.1056,11.0679,11.0301,10.992,10.9536,10.915,10.8761,10.837,10.7975,10.7253,10.6341,10.5428,10.4514,10.3599,10.2684,10.1767,10.085,9.9932,9.8942,9.7429,9.5916,9.4405,9.2895,9.1386,8.9878,8.8372,8.6866,8.5363,8.4531,8.4138,8.3748,8.336,8.2976,8.2594,8.2216,8.1841,8.1469,8.1169,8.1553,8.1937,8.2321,8.2706,8.3092,8.3478,8.3865,8.4253,8.4642,8.5043,8.5453,8.5861,8.6267,8.6671,8.7073,8.7473,8.7871,8.8267,8.8572,8.7478,8.6385,8.5291,8.4197,8.3103,8.2009,8.0914,7.982,7.8726,7.7267,7.5502,7.3739,7.1979,7.0222,6.8467,6.6715,6.4966,6.3219,6.1503,6.1052,6.0602,6.0152,5.9702,5.9253,5.8804,5.8355,5.7907,5.7459,5.6932,5.6323,5.5714,5.5105,5.4495,5.3886,5.3275,5.2665
12.9288,12.8394,12.7498,12.6599,12.5698,12.4794,12.3887,12.2978,12.2066,12.118,12.0303,11.9423,11.854,11.7656,11.6769,11.5881,11.499,11.4098,11.344,11.3603,11.3765,11.3926,11.4086,11.4245,11.4403,11.456,11.4716,11.4872,11.5113,11.5391,11.567,11.595,11.623,11.6512,11.6795,11.7078,11.7362,11.7704,11.8287,11.887,11.9455,12.0041,12.0627,12.1214,12.1802,12.2391,12.2979,12.3341,12.3596,12.385,12.4104,12.4358,12.4612,12.4866,12.5119,12.5372,12.5388,12.4208,12.3027,12.1846,12.0664,11.9481,11.8297,11.7113,11.5928,11.4742,11.3946,11.3359,11.2771,11.2181,11.159,11.0996,11.04,10.9802,10.9202,10.8619,10.8157,10.7693,10.7227,10.6758,10.6287,10.5813,10.5336,10.4856,10.4374,10.3633,10.2735,10.1837,10.0937,10.0036,9.9135,9.8233,9.733,9.6426,9.5465,9.4026,9.2589,9.1153,8.9717,8.8283,8.685,8.5418,8.3988,8.2559,8.1801,8.1512,8.1226,8.0943,8.0663,8.0386,8.0112,7.9841,7.9573,7.9358,7.9769,8.018,8.0593,8.1005,8.1419,8.1833,8.2247,8.2663,8.3079,8.3476,8.3857,8.4236,8.4613,8.4988,8.5361,8.5732,8.6102,8.6469,8.6785,8.5701,8.4616,8.3531,8.2447,8.1362,8.0277,7.9192,7.8107,7.7021,7.5614,7.39,7.2189,7.0481,6.8776,6.7073,6.5373,6.3675,6.1981,6.0289,5.9835,5.9396,5.8957,5.8518,5.808,5.7642,5.7204,5.6767,5.633,5.5814,5.5206,5.4598,5.3989,5.338,5.2771,5.2161,5.1551
12.8257,12.7435,12.6611,12.5784,12.4954,12.4122,12.3287,12.2449,12.1609,12.08,11.9998,11.9195,11.8389,11.758,11.677,11.5958,11.5144,11.4328,11.3753,11.3969,11.4183,11.4397,11.461,11.4821,11.5032,11.5242,11.5451,11.566,11.5881,11.6108,11.6337,11.6566,11.6797,11.7028,11.726,11.7493,11.7727,11.8009,11.8486,11.8963,11.9442,11.9921,12.0402,12.0883,12.1365,12.1847,12.233,12.2608,12.2791,12.2973,12.3156,12.3338,12.352,12.3701,12.3883,12.4064,12.4014,12.2793,12.157,12.0347,11.9123,11.7898,11.6673,11.5447,11.422,11.2993,11.211,11.1415,11.0718,11.002,10.932,10.8618,10.7914,10.7208,10.6499,10.5809,10.526,10.4708,10.4154,10.3597,10.3038,10.2477,10.1912,10.1345,10.0775,10.0013,9.9129,9.8245,9.7359,9.6473,9.5586,9.4698,9.3809,9.292,9.1986,9.0622,8.926,8.7898,8.6537,8.5178,8.3819,8.2463,8.1107,7.9753,7.9068,7.8883,7.8701,7.8523,7.8347,7.8174,7.8004,7.7837,7.7674,7.7545,7.7984,7.8423,7.8863,7.9303,7.9744,8.0186,8.0628,8.1071,8.1514,8.191,8.2262,8.2613,8.2961,8.3307,8.3651,8.3994,8.4334,8.4672,8.4998,8.3923,8.2847,8.1772,8.0696,7.962,7.8544,7.7468,7.6392,7.5316,7.3957,7.2296,7.0637,6.898,6.7326,6.5675,6.4027,6.2382,6.0739,5.91,5.8617,5.8189,5.7761,5.7333,5.6906,5.6478,5.6052,5.5625,5.5199,5.4696,5.4089,5.3481,5.2873,5.2265,5.1656,5.1047,5.0438
12.7228,12.6479,12.5726,12.4971,12.4213,12.3452,12.2689,12.1923,12.1155,12.0421,11.9696,11.8969,11.8239,11.7507,11.6773,11.6037,11.5299,11.4559,11.4067,11.4336,11.4603,11.4869,11.5135,11.5399,11.5663,11.5925,11.6187,11.6448,11.6648,11.6825,11.7003,11.7182,11.7362,11.7543,11.7725,11.7907,11.8091,11.8313,11.8683,11.9055,11.9428,11.9801,12.0176,12.0551,12.0927,12.1303,12.168,12.1875,12.1986,12.2096,12.2207,12.2317,12.2427,12.2537,12.2647,12.2756,12.2641,12.1377,12.0113,11.8848,11.7583,11.6316,11.505,11.3782,11.2513,11.1244,11.0275,10.9472,10.8667,10.786,10.7052,10.6242,10.5429,10.4615,10.3798,10.3001,10.2364,10.1724,10.1083,10.0438,9.9792,9.9142,9.849,9.7835,9.7177,9.6392,9.5523,9.4652,9.3781,9.2909,9.2037,9.1163,9.0289,8.9413,8.8505,8.7216,8.5928,8.4641,8.3355,8.207,8.0787,7.9504,7.8224,7.6944,7.6331,7.625,7.6173,7.6098,7.6026,7.5958,7.5892,7.583,7.5771,7.5732,7.6198,7.6665,7.7132,7.76,7.8068,7.8537,7.9007,7.9478,7.9949,8.0346,8.0669,8.099,8.131,8.1627,8.1943,8.2256,8.2568,8.2877,8.3184,8.2144,8.1078,8.0012,7.8945,7.7878,7.6812,7.5745,7.4678,7.3611,7.2297,7.0688,6.908,6.7476,6.5874,6.4275,6.2678,6.1085,5.9494,5.7906,5.7399,5.6981,5.6564,5.6147,5.5731,5.5314,5.4899,5.4483,5.4068,5.3578,5.2972,5.2365,5.1757,5.1149,5.0541,4.9933,4.9324
12.6203,12.5525,12.4844,12.416,12.3474,12.2785,12.2093,12.1399,12.0703,12.0045,11.9396,11.8745,11.8091,11.7436,11.6778,11.6118,11.5456,11.4793,11.4383,11.4704,11.5024,11.5343,11.5661,11.5978,11.6294,11.6609,11.6924,11.7238,11.7413,11.754,11.7668,11.7797,11.7926,11.8057,11.8189,11.8321,11.8454,11.8615,11.888,11.9146,11.9412,11.968,11.9949,12.0218,12.0488,12.0759,12.103,12.1142,12.118,12.1219,12.1258,12.1296,12.1335,12.1373,12.1411,12.1448,12.1267,11.9962,11.8656,11.7349,11.6042,11.4735,11.3426,11.2117,11.0807,10.9496,10.844,10.7529,10.6616,10.5701,10.4785,10.3866,10.2946,10.2023,10.1098,10.0194,9.9469,9.8742,9.8013,9.7281,9.6546,9.5809,9.5069,9.4327,9.3581,9.2771,9.1916,9.106,9.0203,8.9345,8.8487,8.7628,8.6767,8.5906,8.5022,8.3807,8.2594,8.1382,8.0171,7.896,7.7752,7.6544,7.5338,7.4133,7.359,7.3614,7.3641,7.367,7.3702,7.3738,7.3776,7.3818,7.3863,7.3917,7.4411,7.4905,7.54,7.5895,7.6391,7.6888,7.7385,7.7883,7.8382,7.8783,7.9077,7.937,7.966,7.9949,8.0235,8.052,8.0803,8.1083,8.1362,8.0365,7.9308,7.8251,7.7193,7.6136,7.5078,7.402,7.2963,7.1905,7.0635,6.9077,6.7521,6.5969,6.4418,6.2871,6.1326,5.9785,5.8246,5.671,5.6179,5.5773,5.5366,5.4961,5.4555,5.415,5.3745,5.334,5.2936,5.2461,5.1854,5.1248,5.0641,5.0034,4.9426,4.8818,4.821
12.5179,12.4573,12.3964,12.3352,12.2737,12.212,12.15,12.0878,12.0253,11.9671,11.9099,11.8523,11.7946,11.7366,11.6785,11.6201,11.5615,11.5028,11.47,11.5073,11.5446,11.5818,11.6188,11.6558,11.6926,11.7294,11.7662,11.8028,11.8178,11.8255,11.8332,11.8411,11.849,11.8571,11.8652,11.8734,11.8817,11.8916,11.9075,11.9235,11.9396,11.9558,11.9721,11.9885,12.0049,12.0214,12.0379,12.0408,12.0375,12.0342,12.0309,12.0276,12.0242,12.0209,12.0174,12.014,11.9893,11.8546,11.7199,11.5851,11.4502,11.3153,11.1803,11.0452,10.91,10.7748,10.6607,10.5588,10.4566,10.3544,10.2519,10.1492,10.0464,9.9433,9.84,9.7388,9.6576,9.5761,9.4944,9.4125,9.3303,9.2478,9.1651,9.082,8.9987,8.9149,8.8309,8.7467,8.6624,8.5781,8.4937,8.4092,8.3246,8.2399,8.1537,8.0397,7.9258,7.8121,7.6984,7.5848,7.4714,7.3581,7.245,7.1319,7.0846,7.0974,7.1105,7.1238,7.1375,7.1514,7.1656,7.1802,7.1951,7.2104,7.2622,7.3144,7.3667,7.4189,7.4713,7.5237,7.5762,7.6288,7.6814,7.7221,7.7486,7.775,7.8012,7.8272,7.853,7.8786,7.9039,7.9291,7.9541,7.8586,7.7538,7.649,7.5441,7.4393,7.3344,7.2296,7.1247,7.0198,6.8969,6.7463,6.5959,6.4458,6.296,6.1464,5.9971,5.8481,5.6994,5.551,5.4959,5.4564,5.4168,5.3773,5.3379,5.2984,5.259,5.2197,5.1804,5.1343,5.0737,5.0131,4.9525,4.8918,4.8311,4.7704,4.7096
12.4159,12.3624,12.3086,12.2546,12.2003,12.1457,12.0909,12.0359,11.9806,11.93,11.8803,11.8304,11.7803,11.7299,11.6793,11.6286,11.5776,11.5265,11.5018,11.5444,11.5869,11.6293,11.6717,11.7139,11.756,11.7981,11.84,11.8819,11.8942,11.8968,11.8996,11.9024,11.9053,11.9084,11.9115,11.9146,11.9179,11.9217,11.927,11.9324,11.9379,11.9436,11.9493,11.9551,11.9609,11.9668,11.9728,11.9674,11.9569,11.9464,11.936,11.9255,11.915,11.9044,11.8938,11.8832,11.852,11.7131,11.5742,11.4353,11.2962,11.1572,11.018,10.8787,10.7394,10.6,10.4775,10.3647,10.2518,10.1387,10.0254,9.912,9.7983,9.6844,9.5703,9.4584,9.3684,9.2782,9.1877,9.097,9.0061,8.9148,8.8233,8.7316,8.6395,8.5528,8.4701,8.3874,8.3046,8.2216,8.1386,8.0556,7.9724,7.8891,7.8049,7.6984,7.592,7.4857,7.3795,7.2734,7.1674,7.0616,6.9559,6.8503,6.8098,6.833,6.8565,6.8802,6.9043,6.9286,6.9533,6.9783,7.0036,7.0292,7.0833,7.1382,7.1932,7.2483,7.3034,7.3585,7.4138,7.4691,7.5244,7.566,7.5897,7.6132,7.6365,7.6596,7.6825,7.7052,7.7278,7.7501,7.7721,7.6806,7.5767,7.4728,7.3689,7.2649,7.161,7.057,6.9531,6.8491,6.73,6.5845,6.4393,6.2944,6.1498,6.0054,5.8613,5.7174,5.5739,5.4306,5.3738,5.3354,5.2969,5.2585,5.2201,5.1818,5.1435,5.1052,5.067,5.0225,4.962,4.9014,4.8409,4.7803,4.7196,4.6589,4.5982
12.314,12.2677,12.2211,12.1743,12.1271,12.0797,12.0321,11.9842,11.936,11.8931,11.851,11.8087,11.7661,11.7234,11.6804,11.6373,11.5939,11.5504,11.5337,11.5816,11.6294,11.677,11.7246,11.7721,11.8195,11.8668,11.914,11.9612,11.9705,11.9681,11.9659,11.9637,11.9616,11.9596,11.9577,11.9558,11.9541,11.9516,11.9463,11.9412,11.9361,11.9312,11.9263,11.9216,11.9168,11.9122,11.9076,11.8939,11.8763,11.8587,11.841,11.8234,11.8057,11.788,11.7702,11.7524,11.7146,11.5716,11.4286,11.2855,11.1423,10.999,10.8557,10.7123,10.5688,10.4253,10.2943,10.1708,10.047,9.9231,9.7991,9.6748,9.5503,9.4256,9.3007,9.178,9.0793,8.9803,8.8811,8.7817,8.682,8.582,8.4818,8.3813,8.2805,8.1906,8.1093,8.028,7.9466,7.8651,7.7836,7.7019,7.6202,7.5383,7.456,7.357,7.258,7.1591,7.0604,6.9617,6.8632,6.7648,6.6666,6.5685,6.5347,6.5683,6.6022,6.6363,6.6707,6.7055,6.7405,6.7759,6.8116,6.8476,6.9042,6.9619,7.0197,7.0775,7.1353,7.1932,7.2512,7.3093,7.3674,7.4101,7.4309,7.4516,7.472,7.4922,7.5122,7.5321,7.5517,7.5711,7.5904,7.5026,7.3996,7.2966,7.1935,7.0905,6.9875,6.8844,6.7814,6.6783,6.5628,6.4225,6.2825,6.1427,6.0032,5.864,5.7251,5.5864,5.448,5.3099,5.2517,5.2143,5.1769,5.1396,5.1024,5.0651,5.0279,4.9907,4.9536,4.9107,4.8503,4.7898,4.7293,4.6687,4.6081,4.5475,4.4868
12.2125,12.1733,12.1339,12.0942,12.0542,12.0139,11.9734,11.9327,11.8917,11.8563,11.8219,11.7872,11.7522,11.7171,11.6817,11.6462,11.6104,11.5745,11.5658,11.6189,11.6719,11.7248,11.7777,11.8304,11.883,11.9356,11.9881,12.0405,12.0468,12.0394,12.0321,12.0249,12.0177,12.0107,12.0038,11.9969,11.9902,11.9813,11.9655,11.9498,11.9342,11.9187,11.9033,11.888,11.8727,11.8575,11.8423,11.8204,11.7956,11.7709,11.7461,11.7212,11.6964,11.6715,11.6466,11.6217,11.5772,11.4301,11.2829,11.1357,10.9883,10.8409,10.6935,10.5459,10.3983,10.2506,10.1112,9.9769,9.8424,9.7077,9.5728,9.4378,9.3025,9.167,9.0313,8.8978,8.7904,8.6827,8.5747,8.4665,8.3581,8.2494,8.1404,8.0312,7.9216,7.8283,7.7485,7.6686,7.5887,7.5086,7.4284,7.3482,7.2679,7.1875,7.1069,7.0153,6.9238,6.8324,6.7411,6.6499,6.5588,6.4678,6.377,6.2864,6.2593,6.3032,6.3475,6.392,6.4368,6.4819,6.5274,6.5731,6.6192,6.6656,6.7251,6.7855,6.846,6.9065,6.9671,7.0278,7.0885,7.1493,7.2102,7.2543,7.2723,7.29,7.3076,7.3249,7.3421,7.3591,7.3758,7.3924,7.4087,7.3245,7.2224,7.1203,7.0182,6.9161,6.8139,6.7118,6.6097,6.5075,6.3952,6.2602,6.1253,5.9907,5.8564,5.7223,5.5886,5.4551,5.3219,5.1889,5.1294,5.0932,5.0569,5.0207,4.9845,4.9483,4.9122,4.8761,4.8401,4.7989,4.7385,4.6781,4.6176,4.5571,4.4966,4.436,4.3755
12.1112,12.0792,12.0469,12.0143,11.9815,11.9484,11.915,11.8814,11.8476,11.8199,11.793,11.7659,11.7385,11.711,11.6832,11.6552,11.6271,11.5987,11.598,11.6563,11.7146,11.7728,11.8308,11.8888,11.9467,12.0045,12.0622,12.1199,12.1229,12.1105,12.0982,12.086,12.0738,12.0618,12.0499,12.038,12.0262,12.011,11.9846,11.9584,11.9322,11.9062,11.8802,11.8543,11.8285,11.8027,11.777,11.7469,11.715,11.683,11.6511,11.6191,11.5871,11.5551,11.523,11.4909,11.4399,11.2886,11.1373,10.9859,10.8344,10.6828,10.5312,10.3795,10.2278,10.0759,9.9283,9.7831,9.6378,9.4924,9.3467,9.2009,9.0548,8.9086,8.7621,8.6178,8.5016,8.3851,8.2684,8.1515,8.0343,7.9169,7.7992,7.6812,7.5629,7.4661,7.3877,7.3092,7.2307,7.152,7.0733,6.9945,6.9156,6.8366,6.7575,6.6734,6.5893,6.5054,6.4215,6.3377,6.2541,6.1706,6.0872,6.004,5.9834,6.0378,6.0924,6.1473,6.2025,6.258,6.3138,6.3699,6.4264,6.4832,6.5458,6.609,6.6722,6.7355,6.7988,6.8622,6.9257,6.9893,7.0529,7.0987,7.1138,7.1286,7.1433,7.1578,7.1721,7.1862,7.2001,7.2138,7.2272,7.1463,7.0452,6.944,6.8428,6.7416,6.6403,6.5391,6.4379,6.3366,6.2274,6.0975,5.9678,5.8384,5.7092,5.5803,5.4517,5.3234,5.1953,5.0676,5.0071,4.9719,4.9368,4.9016,4.8665,4.8315,4.7964,4.7615,4.7265,4.6871,4.6268,4.5664,4.506,4.4456,4.3851,4.3246,4.2641
12.0101,11.9853,11.9601,11.9347,11.909,11.883,11.8568,11.8304,11.8037,11.7836,11.7643,11.7448,11.725,11.7051,11.6849,11.6645,11.6439,11.6232,11.6303,11.6939,11.7574,11.8208,11.8841,11.9473,12.0105,12.0735,12.1365,12.1994,12.199,12.1816,12.1642,12.147,12.1299,12.1128,12.0959,12.079,12.0622,12.0405,12.0036,11.9668,11.9301,11.8936,11.857,11.8206,11.7842,11.7479,11.7116,11.6734,11.6343,11.5952,11.5561,11.517,11.4778,11.4386,11.3994,11.3602,11.3026,11.1471,10.9916,10.8361,10.6805,10.5248,10.369,10.2132,10.0573,9.9013,9.7454,9.5895,9.4334,9.2772,9.1207,8.9641,8.8073,8.6502,8.493,8.3378,8.2129,8.0877,7.9623,7.8367,7.7107,7.5846,7.4581,7.3314,7.2044,7.1038,7.0268,6.9498,6.8726,6.7954,6.7181,6.6407,6.5632,6.4857,6.408,6.3313,6.2547,6.1781,6.1017,6.0254,5.9492,5.8731,5.7972,5.7214,5.7073,5.772,5.837,5.9023,5.9678,6.0337,6.0999,6.1664,6.2332,6.3004,6.3664,6.4323,6.4983,6.5643,6.6304,6.6966,6.7628,6.8291,6.8954,6.9432,6.9554,6.9674,6.9792,6.9908,7.0022,7.0135,7.0245,7.0353,7.0459,6.9681,6.8679,6.7676,6.6673,6.567,6.4667,6.3664,6.266,6.1657,6.0593,5.9345,5.81,5.6858,5.5618,5.438,5.3146,5.1914,5.0685,4.9459,4.8848,4.8507,4.8166,4.7825,4.7485,4.7146,4.6806,4.6467,4.6128,4.5753,4.515,4.4547,4.3944,4.334,4.2736,4.2131,4.1526
11.9094,11.8916,11.8736,11.8553,11.8368,11.8179,11.7989,11.7795,11.76,11.7476,11.7359,11.7239,11.7118,11.6994,11.6868,11.674,11.661,11.6478,11.6627,11.7316,11.8003,11.869,11.9375,12.006,12.0743,12.1426,12.2108,12.279,12.275,12.2525,12.2302,12.208,12.1858,12.1638,12.1418,12.1199,12.0981,12.07,12.0225,11.9752,11.928,11.8808,11.8338,11.7868,11.7399,11.693,11.6462,11.5998,11.5536,11.5073,11.4611,11.4148,11.3685,11.3222,11.2758,11.2294,11.1652,11.0057,10.846,10.6863,10.5266,10.3667,10.2068,10.0469,9.8868,9.7267,9.5626,9.3959,9.2291,9.062,8.8949,8.7275,8.5599,8.3921,8.224,8.058,7.9243,7.7904,7.6563,7.5219,7.3873,7.2524,7.1173,6.9818,6.8461,6.7414,6.6659,6.5903,6.5146,6.4388,6.3629,6.2869,6.2109,6.1347,6.0585,5.989,5.9198,5.8507,5.7817,5.7128,5.6441,5.5754,5.5069,5.4386,5.4308,5.5059,5.5812,5.6569,5.7328,5.809,5.8856,5.9624,6.0396,6.1171,6.1869,6.2556,6.3243,6.3931,6.4619,6.5308,6.5997,6.6688,6.7379,6.7878,6.7971,6.8063,6.8152,6.824,6.8325,6.8409,6.849,6.857,6.8647,6.7899,6.6905,6.5912,6.4918,6.3924,6.293,6.1936,6.0942,5.9947,5.8909,5.7713,5.6519,5.5328,5.414,5.2954,5.1771,5.0591,4.9413,4.8239,4.7623,4.7293,4.6968,4.666,4.6352,4.6044,4.5736,4.5429,4.5122,4.4787,4.4209,4.3632,4.3055,4.2478,4.1902,4.1326,4.075
11.8088,11.7982,11.7873,11.7762,11.7648,11.7531,11.7411,11.7289,11.7165,11.7118,11.7076,11.7033,11.6987,11.6939,11.6889,11.6836,11.6782,11.6727,11.6953,11.7694,11.8433,11.9172,11.991,12.0647,12.1383,12.2118,12.2853,12.3587,12.3509,12.3234,12.2961,12.2688,12.2417,12.2147,12.1877,12.1608,12.134,12.0993,12.0413,11.9834,11.9257,11.868,11.8104,11.7529,11.6955,11.6381,11.5808,11.5262,11.4728,11.4194,11.366,11.3126,11.2592,11.2057,11.1522,11.0987,11.0279,10.8642,10.7004,10.5366,10.3727,10.2087,10.0447,9.8806,9.7164,9.5521,9.3799,9.2024,9.0248,8.847,8.6691,8.4909,8.3126,8.134,7.9552,7.7783,7.6359,7.4933,7.3505,7.2074,7.064,6.9204,6.7765,6.6324,6.4879,6.3791,6.305,6.2308,6.1565,6.0821,6.0076,5.9331,5.8584,5.7837,5.7089,5.6465,5.5847,5.5231,5.4615,5.4,5.3387,5.2775,5.2164,5.1555,5.1539,5.2393,5.3251,5.4111,5.4973,5.5839,5.6708,5.758,5.8456,5.9335,6.0073,6.0787,6.1501,6.2217,6.2949,6.3685,6.4418,6.5149,6.5877,6.6409,6.6485,6.6558,6.6628,6.6696,6.676,6.6822,6.688,6.6935,6.6987,6.6268,6.5283,6.4297,6.3309,6.2319,6.1329,6.0336,5.9342,5.8347,5.7329,5.6222,5.5121,5.4026,5.2937,5.1853,5.0776,4.9704,4.8639,4.758,4.6999,4.6697,4.6396,4.6095,4.5794,4.5494,4.5194,4.4894,4.4595,4.4277,4.3707,4.3138,4.2569,4.2001,4.1433,4.0865,4.0298
11.7776,11.7704,11.7631,11.7557,11.748,11.7403,11.7324,11.7243,11.7162,11.7139,11.7122,11.7105,11.7087,11.7069,11.7051,11.7033,11.7015,11.6997,11.7255,11.7992,11.8731,11.9471,12.0212,12.0954,12.1698,12.2442,12.3188,12.3935,12.3811,12.3489,12.3167,12.2847,12.2527,12.2208,12.189,12.1572,12.1255,12.0848,12.0184,11.952,11.8857,11.8194,11.7531,11.6869,11.6206,11.5543,11.488,11.4253,11.364,11.3027,11.2414,11.18,11.1186,11.0571,10.9956,10.9339,10.8555,10.6861,10.5166,10.347,10.1773,10.0074,9.8375,9.6673,9.497,9.3266,9.1475,8.9629,8.7781,8.5933,8.4083,8.2233,8.0381,7.8529,7.6675,7.4841,7.3375,7.1908,7.0441,6.8973,6.7504,6.6035,6.4566,6.3096,6.1626,6.0556,5.9892,5.923,5.857,5.7912,5.7256,5.6602,5.5951,5.5302,5.4656,5.4156,5.3667,5.3181,5.2698,5.2219,5.1742,5.1269,5.08,5.0334,5.0411,5.1339,5.2267,5.3195,5.4124,5.5053,5.5982,5.6912,5.7842,5.8773,5.9509,6.0205,6.0898,6.1589,6.2278,6.2965,6.3649,6.4331,6.501,6.5507,6.553,6.555,6.5568,6.5582,6.5593,6.5602,6.5607,6.5609,6.5608,6.4888,6.3885,6.288,6.1874,6.0866,5.9857,5.8846,5.7834,5.682,5.5806,5.4801,5.3802,5.2808,5.182,5.0838,4.9862,4.8893,4.7929,4.6972,4.6411,4.6117,4.5823,4.553,4.5236,4.4943,4.465,4.4358,4.4066,4.3766,4.3204,4.2643,4.2083,4.1523,4.0963,4.0404,3.9845
11.7637,11.7609,11.7579,11.7548,11.7516,11.7482,11.7447,11.741,11.7372,11.7361,11.7352,11.7343,11.7333,11.7324,11.7314,11.7304,11.7294,11.7284,11.7535,11.8216,11.8899,11.9583,12.0268,12.0954,12.1642,12.233,12.302,12.3711,12.3513,12.3125,12.2737,12.2351,12.1965,12.158,12.1195,12.0811,12.0428,11.9954,11.9225,11.8497,11.777,11.7042,11.6315,11.5588,11.4861,11.4134,11.3406,11.269,11.1977,11.1265,11.0552,10.9838,10.9125,10.841,10.7695,10.6979,10.6099,10.432,10.2539,10.0758,9.8976,9.7192,9.5407,9.362,9.1832,9.0042,8.8225,8.6388,8.4551,8.2712,8.0873,7.9032,7.7191,7.5349,7.3505,7.1679,7.0242,6.8805,6.7367,6.5929,6.449,6.3051,6.1611,6.0171,5.873,5.7727,5.7187,5.6648,5.6112,5.5578,5.5045,5.4516,5.3988,5.3463,5.2941,5.2559,5.2191,5.1826,5.1463,5.1104,5.0748,5.0396,5.0047,4.9702,4.9837,5.078,5.1722,5.2665,5.3609,5.4552,5.5497,5.6441,5.7386,5.8331,5.9036,5.9682,6.0327,6.0969,6.1609,6.2247,6.2883,6.3516,6.4146,6.4608,6.4578,6.4545,6.4509,6.4471,6.4429,6.4384,6.4337,6.4286,6.4232,6.3509,6.2487,6.1464,6.044,5.9414,5.8386,5.7357,5.6327,5.5295,5.4278,5.3374,5.2476,5.1584,5.0698,4.9818,4.8943,4.8075,4.7212,4.6356,4.5823,4.5536,4.525,4.4964,4.4678,4.4392,4.4107,4.3822,4.3537,4.3253,4.2701,4.2148,4.1596,4.1044,4.0493,3.9942,3.9392
11.7499,11.7515,11.7529,11.7541,11.7553,11.7562,11.7571,11.7578,11.7584,11.7583,11.7582,11.7581,11.758,11.7578,11.7577,11.7575,11.7573,11.7571,11.7814,11.8439,11.9066,11.9694,12.0323,12.0953,12.1585,12.2217,12.2851,12.3485,12.3214,12.276,12.2306,12.1853,12.1402,12.095,12.05,12.005,11.9601,11.9059,11.8266,11.7474,11.6682,11.589,11.5098,11.4307,11.3515,11.2724,11.1932,11.1126,11.0314,10.9502,10.8689,10.7877,10.7063,10.6249,10.5435,10.462,10.3642,10.1778,9.9913,9.8047,9.6179,9.431,9.244,9.0568,8.8695,8.682,8.4974,8.3147,8.132,7.9492,7.7662,7.5832,7.4001,7.2168,7.0335,6.8516,6.7109,6.5701,6.4293,6.2884,6.1475,6.0065,5.8655,5.7244,5.5833,5.4895,5.4479,5.4064,5.3651,5.324,5.2832,5.2426,5.2022,5.162,5.1221,5.0959,5.0711,5.0466,5.0224,4.9986,4.9751,4.9519,4.929,4.9066,4.9262,5.022,5.1177,5.2135,5.3093,5.4052,5.501,5.597,5.693,5.789,5.8564,5.9162,5.9758,6.0351,6.0943,6.1532,6.2118,6.2702,6.3284,6.3712,6.3628,6.3543,6.3454,6.3362,6.3267,6.317,6.3069,6.2965,6.2858,6.213,6.1091,6.0049,5.9007,5.7963,5.6917,5.587,5.4821,5.377,5.2743,5.1941,5.1145,5.0354,4.9569,4.879,4.8017,4.725,4.6489,4.5735,4.5235,4.4955,4.4676,4.4397,4.4119,4.384,4.3563,4.3285,4.3008,4.2731,4.2197,4.1652,4.1108,4.0565,4.0022,3.9479,3.8937
11.7363,11.7422,11.748,11.7536,11.7591,11.7644,11.7696,11.7747,11.7796,11.7805,11.7812,11.782,11.7826,11.7833,11.784,11.7846,11.7853,11.7859,11.8092,11.8661,11.9231,11.9803,12.0377,12.0951,12.1526,12.2103,12.2681,12.3259,12.2914,12.2394,12.1874,12.1355,12.0837,12.032,11.9804,11.9288,11.8773,11.8163,11.7306,11.6449,11.5593,11.4737,11.3881,11.3025,11.2169,11.1313,11.0457,10.9562,10.865,10.7739,10.6827,10.5915,10.5002,10.4089,10.3175,10.226,10.1186,9.9237,9.7287,9.5335,9.3383,9.1429,8.9473,8.7516,8.5558,8.3598,8.1723,7.9907,7.8089,7.6271,7.4452,7.2631,7.081,6.8988,6.7165,6.5353,6.3976,6.2598,6.1219,5.984,5.846,5.7079,5.5699,5.4317,5.2936,5.2061,5.1768,5.1477,5.1188,5.09,5.0615,5.0333,5.0052,4.9774,4.9499,4.9355,4.9228,4.9103,4.8982,4.8864,4.8749,4.8638,4.853,4.8425,4.8687,4.9659,5.0631,5.1604,5.2577,5.355,5.4524,5.5498,5.6472,5.7447,5.8095,5.8644,5.9191,5.9735,6.0278,6.0818,6.1356,6.1891,6.2424,6.2817,6.2681,6.2542,6.2401,6.2256,6.2108,6.1958,6.1804,6.1647,6.1487,6.0753,5.9695,5.8636,5.7575,5.6512,5.5448,5.4383,5.3316,5.2247,5.1203,5.0502,4.9807,4.9118,4.8434,4.7757,4.7085,4.6419,4.576,4.5107,4.4646,4.4374,4.4102,4.383,4.3559,4.3288,4.3018,4.2748,4.2478,4.2208,4.1692,4.1156,4.062,4.0085,3.955,3.9016,3.8482
11.7228,11.7331,11.7432,11.7532,11.7631,11.7728,11.7823,11.7918,11.8011,11.8028,11.8043,11.8058,11.8073,11.8088,11.8103,11.8118,11.8132,11.8147,11.8368,11.8881,11.9396,11.9912,12.0429,12.0948,12.1467,12.1988,12.251,12.3032,12.2613,12.2027,12.1441,12.0856,12.0272,11.9689,11.9107,11.8525,11.7944,11.7267,11.6345,11.5424,11.4504,11.3583,11.2663,11.1743,11.0823,10.9902,10.8982,10.7997,10.6986,10.5975,10.4964,10.3952,10.294,10.1928,10.0914,9.99,9.873,9.6696,9.4661,9.2624,9.0586,8.8547,8.6507,8.4465,8.2422,8.0377,7.8472,7.6666,7.4858,7.305,7.1241,6.943,6.7619,6.5807,6.3994,6.219,6.0842,5.9493,5.8144,5.6794,5.5444,5.4093,5.2742,5.139,5.0038,4.9224,4.9054,4.8887,4.8721,4.8557,4.8396,4.8236,4.8079,4.7925,4.7773,4.7748,4.7741,4.7737,4.7736,4.7738,4.7744,4.7753,4.7765,4.7781,4.8111,4.9098,5.0085,5.1072,5.206,5.3048,5.4037,5.5025,5.6015,5.7004,5.7627,5.8127,5.8626,5.9122,5.9615,6.0107,6.0596,6.1083,6.1567,6.1926,6.1737,6.1545,6.135,6.1153,6.0952,6.0748,6.0542,6.0332,6.0119,5.9377,5.8301,5.7223,5.6144,5.5063,5.3981,5.2897,5.1812,5.0725,4.9656,4.9057,4.8463,4.7875,4.7293,4.6717,4.6146,4.5582,4.5024,4.4472,4.4056,4.3791,4.3527,4.3263,4.2999,4.2736,4.2473,4.221,4.1947,4.1685,4.1186,4.0659,4.0131,3.9605,3.9078,3.8552,3.8027
11.7095,11.7241,11.7386,11.753,11.7672,11.7813,11.7952,11.809,11.8226,11.825,11.8274,11.8297,11.8321,11.8344,11.8367,11.839,11.8412,11.8435,11.8643,11.91,11.9559,12.0019,12.048,12.0943,12.1407,12.1872,12.2337,12.2804,12.2311,12.1658,12.1007,12.0356,11.9706,11.9057,11.8409,11.7761,11.7114,11.637,11.5384,11.4399,11.3414,11.2429,11.1445,11.046,10.9476,10.8491,10.7507,10.6432,10.5322,10.4212,10.3101,10.199,10.0879,9.9767,9.8654,9.7541,9.6274,9.4155,9.2035,8.9913,8.7791,8.5667,8.3541,8.1415,7.9286,7.7156,7.5221,7.3425,7.1627,6.9829,6.803,6.623,6.4428,6.2626,6.0823,5.9026,5.7708,5.6388,5.5069,5.3748,5.2427,5.1106,4.9784,4.8462,4.7139,4.6384,4.6338,4.6294,4.6252,4.6211,4.6173,4.6137,4.6104,4.6073,4.6044,4.6138,4.6251,4.6367,4.6487,4.6609,4.6735,4.6864,4.6997,4.7133,4.7535,4.8536,4.9538,5.054,5.1543,5.2546,5.3549,5.4552,5.5556,5.6561,5.7161,5.7613,5.8062,5.851,5.8955,5.9398,5.9838,6.0276,6.0711,6.1036,6.0794,6.055,6.0302,6.0052,5.9798,5.9542,5.9282,5.9019,5.8754,5.8002,5.6907,5.5811,5.4714,5.3615,5.2514,5.1412,5.0309,4.9204,4.8104,4.7606,4.7113,4.6627,4.6146,4.567,4.5201,4.4738,4.4281,4.383,4.3466,4.3209,4.2952,4.2695,4.2439,4.2183,4.1927,4.1671,4.1416,4.1162,4.0681,4.0161,3.9642,3.9124,3.8606,3.8088,3.7571
11.6963,11.7153,11.7342,11.7529,11.7715,11.7899,11.8082,11.8263,11.8441,11.8473,11.8505,11.8537,11.8568,11.8599,11.863,11.8661,11.8692,11.8723,11.8916,11.9318,11.9721,12.0125,12.0531,12.0937,12.1345,12.1754,12.2164,12.2575,12.2007,12.1289,12.0572,11.9855,11.9139,11.8424,11.771,11.6997,11.6284,11.5472,11.4422,11.3373,11.2323,11.1275,11.0226,10.9177,10.8129,10.708,10.6031,10.4866,10.3657,10.2448,10.1238,10.0028,9.8817,9.7606,9.6394,9.5181,9.3818,9.1614,8.9409,8.7203,8.4995,8.2786,8.0576,7.8365,7.6151,7.3937,7.197,7.0184,6.8396,6.6608,6.4819,6.3029,6.1238,5.9445,5.7652,5.5862,5.4573,5.3283,5.1993,5.0702,4.941,4.8118,4.6826,4.5533,4.424,4.3542,4.3619,4.3698,4.3779,4.3862,4.3948,4.4035,4.4125,4.4217,4.4312,4.4524,4.4758,4.4994,4.5234,4.5476,4.5722,4.5971,4.6224,4.6481,4.6958,4.7974,4.8991,5.0008,5.1025,5.2042,5.306,5.4079,5.5097,5.6117,5.6698,5.7101,5.7501,5.79,5.8296,5.869,5.9082,5.9471,5.9858,6.015,5.9855,5.9557,5.9257,5.8953,5.8647,5.8338,5.8025,5.771,5.7391,5.6627,5.5514,5.44,5.3285,5.2167,5.1049,4.9929,4.8807,4.7684,4.6559,4.6148,4.5757,4.5372,4.4992,4.4618,4.425,4.3888,4.3532,4.3182,4.2876,4.2626,4.2376,4.2127,4.1878,4.1629,4.1381,4.1132,4.0885,4.0637,4.0174,3.9663,3.9152,3.8642,3.8132,3.7623,3.7114
11.6833,11.7067,11.7299,11.753,11.7759,11.7986,11.8213,11.8438,11.8656,11.8696,11.8736,11.8776,11.8816,11.8855,11.8894,11.8934,11.8973,11.9012,11.9188,11.9534,11.9881,12.023,12.058,12.0931,12.1283,12.1636,12.199,12.2345,12.1703,12.0919,12.0135,11.9353,11.8571,11.7791,11.7011,11.6231,11.5452,11.4573,11.3459,11.2346,11.1232,11.0119,10.9006,10.7894,10.6781,10.5668,10.4555,10.33,10.1992,10.0683,9.9374,9.8065,9.6755,9.5445,9.4134,9.2822,9.1363,8.9074,8.6784,8.4493,8.22,7.9907,7.7612,7.5315,7.3017,7.0717,6.8719,6.6942,6.5165,6.3387,6.1608,5.9828,5.8046,5.6264,5.4481,5.2698,5.1438,5.0177,4.8916,4.7655,4.6393,4.513,4.3867,4.2604,4.134,4.0697,4.0898,4.11,4.1304,4.1511,4.1719,4.193,4.2142,4.2358,4.2576,4.2907,4.3261,4.3617,4.3977,4.434,4.4706,4.5075,4.5448,4.5825,4.6381,4.7412,4.8443,4.9475,5.0507,5.1539,5.2572,5.3605,5.4638,5.5672,5.6236,5.659,5.6942,5.7292,5.764,5.7986,5.8329,5.8669,5.9007,5.9265,5.8918,5.8567,5.8214,5.7858,5.7498,5.7136,5.6771,5.6403,5.6031,5.5254,5.4123,5.299,5.1857,5.0721,4.9584,4.8446,4.7306,4.6165,4.5022,4.4685,4.4395,4.4111,4.3832,4.3559,4.3292,4.3031,4.2776,4.2528,4.2285,4.2042,4.18,4.1558,4.1316,4.1075,4.0834,4.0593,4.0353,4.0113,3.9667,3.9164,3.8662,3.816,3.7658,3.7157,3.6657
11.6705,11.6982,11.7258,11.7532,11.7804,11.8075,11.8345,11.8614,11.8872,11.892,11.8968,11.9016,11.9064,11.9111,11.9159,11.9206,11.9253,11.93,11.9459,11.9749,12.0041,12.0334,12.0628,12.0923,12.1219,12.1516,12.1815,12.2114,12.1397,12.0547,11.9698,11.885,11.8003,11.7156,11.631,11.5465,11.462,11.3674,11.2496,11.1318,11.0141,10.8964,10.7787,10.661,10.5433,10.4256,10.3079,10.1734,10.0327,9.8919,9.7511,9.6102,9.4693,9.3284,9.1874,9.0463,8.8907,8.6534,8.4159,8.1783,7.9406,7.7027,7.4647,7.2266,6.9883,6.7499,6.5467,6.3701,6.1934,6.0166,5.8396,5.6626,5.4855,5.3083,5.131,4.9536,4.8302,4.7071,4.584,4.4608,4.3375,4.2142,4.0908,3.9674,3.844,3.785,3.8174,3.8499,3.8827,3.9156,3.9487,3.9821,4.0157,4.0496,4.0837,4.1287,4.1761,4.2237,4.2717,4.32,4.3686,4.4175,4.4668,4.5164,4.5803,4.6849,4.7895,4.8941,4.9988,5.1035,5.2082,5.313,5.4178,5.5227,5.5776,5.6082,5.6385,5.6687,5.6986,5.7283,5.7577,5.7869,5.8159,5.8383,5.7983,5.758,5.7174,5.6765,5.6353,5.5938,5.552,5.5099,5.4674,5.3881,5.2732,5.1582,5.043,4.9276,4.8121,4.6964,4.5806,4.4647,4.3485,4.3216,4.3027,4.2843,4.2666,4.2494,4.2328,4.2168,4.2014,4.1867,4.1693,4.1458,4.1223,4.0988,4.0754,4.052,4.0286,4.0053,3.982,3.9587,3.9159,3.8665,3.817,3.7677,3.7184,3.6691,3.6198
11.6578,11.6899,11.7218,11.7535,11.7851,11.8166,11.8479,11.8791,11.9087,11.9143,11.92,11.9256,11.9312,11.9367,11.9423,11.9479,11.9534,11.9589,11.9729,11.9963,12.0199,12.0436,12.0674,12.0914,12.1154,12.1396,12.1638,12.1882,12.109,12.0175,11.926,11.8346,11.7433,11.652,11.5609,11.4698,11.3787,11.2774,11.1532,11.029,10.9049,10.7807,10.6566,10.5325,10.4084,10.2843,10.1602,10.0167,9.8661,9.7154,9.5647,9.4139,9.2631,9.1123,8.9613,8.8103,8.6452,8.3993,8.1534,7.9073,7.6611,7.4148,7.1684,6.9217,6.675,6.4281,6.2216,6.046,5.8702,5.6944,5.5185,5.3425,5.1664,4.9902,4.8139,4.6375,4.5166,4.3965,4.2762,4.156,4.0356,3.9153,3.7948,3.6744,3.5539,3.5,3.5447,3.5895,3.6346,3.6798,3.7253,3.771,3.8169,3.863,3.9094,3.9663,4.0257,4.0853,4.1453,4.2056,4.2662,4.3271,4.3884,4.45,4.5225,4.6285,4.7346,4.8407,4.9468,5.053,5.1592,5.2655,5.3717,5.4781,5.5318,5.5575,5.583,5.6083,5.6334,5.6582,5.6828,5.7071,5.7312,5.7504,5.7051,5.6595,5.6136,5.5674,5.5209,5.4742,5.4271,5.3797,5.332,5.251,5.1343,5.0174,4.9004,4.7832,4.6659,4.5484,4.4308,4.313,4.195,4.174,4.1652,4.157,4.1493,4.1422,4.1357,4.1298,4.1246,4.1199,4.1101,4.0873,4.0646,4.0419,4.0192,3.9965,3.9739,3.9513,3.9287,3.9062,3.8651,3.8165,3.7679,3.7193,3.6708,3.6224,3.574
11.6453,11.6817,11.7179,11.754,11.79,11.8258,11.8614,11.897,11.9303,11.9367,11.9432,11.9496,11.956,11.9624,11.9688,11.9751,11.9815,11.9878,11.9997,12.0176,12.0356,12.0537,12.072,12.0903,12.1088,12.1274,12.1461,12.1649,12.0782,11.9801,11.882,11.7841,11.6862,11.5884,11.4907,11.393,11.2954,11.1873,11.0567,10.9262,10.7956,10.6651,10.5345,10.404,10.2735,10.143,10.0125,9.86,9.6994,9.5389,9.3783,9.2176,9.0569,8.8962,8.7353,8.5744,8.3997,8.1454,7.8909,7.6364,7.3817,7.127,6.872,6.617,6.3617,6.1063,5.8964,5.7218,5.5471,5.3723,5.1974,5.0224,4.8473,4.6721,4.4968,4.3214,4.203,4.0857,3.9685,3.8511,3.7337,3.6163,3.4988,3.3813,3.2637,3.2148,3.2717,3.3289,3.3862,3.4438,3.5015,3.5595,3.6177,3.6762,3.7349,3.8036,3.875,3.9466,4.0186,4.0908,4.1634,4.2363,4.3096,4.3832,4.4646,4.5721,4.6797,4.7872,4.8948,5.0025,5.1102,5.2179,5.3256,5.4334,5.4862,5.5071,5.5277,5.5482,5.5684,5.5883,5.6081,5.6276,5.6468,5.6627,5.6121,5.5612,5.5101,5.4586,5.4069,5.3548,5.3025,5.2498,5.1968,5.1139,4.9954,4.8767,4.7579,4.6389,4.5197,4.4004,4.281,4.1614,4.0416,4.0259,4.0272,4.029,4.0315,4.0345,4.038,4.0422,4.047,4.0525,4.0509,4.0288,4.0068,3.9848,3.9629,3.9409,3.919,3.8972,3.8753,3.8535,3.8142,3.7664,3.7186,3.6709,3.6232,3.5756,3.528
11.6329,11.6736,11.7142,11.7546,11.7949,11.8351,11.8751,11.915,11.9519,11.9591,11.9664,11.9736,11.9808,11.9881,11.9952,12.0024,12.0096,12.0168,12.0264,12.0387,12.0512,12.0637,12.0764,12.0892,12.1021,12.1152,12.1283,12.1415,12.0473,11.9426,11.838,11.7335,11.629,11.5247,11.4204,11.3161,11.2119,11.0972,10.9602,10.8232,10.6863,10.5493,10.4124,10.2755,10.1386,10.0017,9.8648,9.7032,9.5328,9.3623,9.1918,9.0213,8.8507,8.68,8.5093,8.3385,8.1542,7.8914,7.6285,7.3655,7.1024,6.8391,6.5757,6.3122,6.0485,5.7847,5.5713,5.3977,5.2239,5.0501,4.8762,4.7022,4.5281,4.3539,4.1796,4.0052,3.8893,3.775,3.6606,3.5462,3.4318,3.3173,3.2027,3.0881,2.9735,2.9293,2.9985,3.068,3.1376,3.2074,3.2775,3.3477,3.4182,3.489,3.56,3.6406,3.7239,3.8076,3.8915,3.9757,4.0603,4.1452,4.2304,4.3161,4.4067,4.5157,4.6247,4.7337,4.8428,4.9519,5.061,5.1702,5.2795,5.3887,5.4408,5.4569,5.4726,5.4882,5.5036,5.5187,5.5336,5.5482,5.5626,5.5752,5.5194,5.4632,5.4068,5.3501,5.2931,5.2357,5.1781,5.1202,5.062,4.977,4.8566,4.7361,4.6155,4.4946,4.3737,4.2526,4.1313,4.0099,3.8883,3.8772,3.8885,3.9005,3.913,3.9261,3.9397,3.954,3.9689,3.9844,3.9916,3.9703,3.949,3.9277,3.9065,3.8853,3.8641,3.843,3.8219,3.8009,3.7632,3.7163,3.6693,3.6224,3.5756,3.5288,3.482
11.6207,11.6657,11.7107,11.7554,11.8001,11.8445,11.8889,11.9331,11.9735,11.9816,11.9896,11.9977,12.0057,12.0137,12.0218,12.0297,12.0377,12.0457,12.053,12.0597,12.0666,12.0736,12.0807,12.088,12.0953,12.1028,12.1103,12.118,12.0163,11.905,11.7939,11.6828,11.5718,11.4608,11.35,11.2392,11.1284,11.007,10.8636,10.7202,10.5769,10.4335,10.2902,10.1469,10.0036,9.8603,9.717,9.5464,9.3661,9.1857,9.0053,8.8249,8.6444,8.4639,8.2833,8.1026,7.9087,7.6374,7.3661,7.0946,6.8231,6.5514,6.2795,6.0075,5.7354,5.4631,5.2461,5.0735,4.9008,4.728,4.555,4.382,4.2089,4.0357,3.8624,3.6891,3.5755,3.4642,3.3528,3.2413,3.1298,3.0182,2.9066,2.7949,2.6832,2.6435,2.7251,2.8068,2.8887,2.9708,3.0531,3.1356,3.2184,3.3015,3.3847,3.4773,3.5726,3.6682,3.7641,3.8603,3.9568,4.0537,4.1509,4.2485,4.3487,4.4592,4.5696,4.6801,4.7907,4.9013,5.0119,5.1225,5.2332,5.344,5.3957,5.4068,5.4178,5.4285,5.439,5.4492,5.4593,5.4691,5.4786,5.4879,5.4269,5.3655,5.3038,5.2418,5.1795,5.1169,5.0541,4.9909,4.9274,4.8401,4.7179,4.5956,4.4731,4.3505,4.2278,4.1048,3.9818,3.8585,3.7351,3.7278,3.7493,3.7713,3.7939,3.817,3.8408,3.8651,3.8901,3.9176,3.9447,3.9344,3.9237,3.9128,3.9015,3.8899,3.8781,3.8658,3.8533,3.8404,3.8115,3.7719,3.7318,3.6914,3.6507,3.6095,3.5679
11.6086,11.658,11.7073,11.7564,11.8053,11.8541,11.9028,11.9514,11.9951,12.004,12.0129,12.0218,12.0306,12.0395,12.0483,12.0571,12.0659,12.0747,12.0794,12.0806,12.0819,12.0834,12.0849,12.0866,12.0884,12.0903,12.0923,12.0944,11.9852,11.8674,11.7496,11.632,11.5144,11.3969,11.2795,11.1622,11.0448,10.9167,10.7669,10.6172,10.4674,10.3177,10.168,10.0183,9.8686,9.7189,9.5692,9.3896,9.1994,9.0091,8.8189,8.6286,8.4382,8.2478,8.0573,7.8668,7.6632,7.3835,7.1037,6.8238,6.5438,6.2636,5.9833,5.7029,5.4223,5.1415,4.9209,4.7493,4.5776,4.4058,4.2339,4.0618,3.8897,3.7175,3.5453,3.3729,3.2618,3.1533,3.0448,2.9363,2.8277,2.7191,2.6104,2.5016,2.3929,2.3575,2.4513,2.5453,2.6395,2.7339,2.8285,2.9233,3.0183,3.1136,3.2092,3.3136,3.4208,3.5284,3.6363,3.7444,3.8529,3.9618,4.0709,4.1805,4.2907,4.4026,4.5145,4.6265,4.7385,4.8506,4.9627,5.0748,5.1869,5.3062,5.3671,5.3829,5.3987,5.4143,5.4298,5.4451,5.4603,5.4753,5.4902,5.505,5.4513,5.3959,5.3405,5.2849,5.2293,5.1737,5.1179,5.0621,5.0061,4.9293,4.818,4.7068,4.5955,4.4843,4.3731,4.262,4.1508,4.0397,3.9286,3.9294,3.9625,3.9954,4.028,4.0604,4.0926,4.1245,4.1562,4.1876,4.2106,4.1945,4.1781,4.1614,4.1443,4.127,4.1094,4.0914,4.0731,4.0544,4.0205,3.9748,3.9286,3.8821,3.8353,3.788,3.7403
11.7042,11.7483,11.7925,11.837,11.8816,11.9263,11.9713,12.0163,12.0558,12.0578,12.06,12.0625,12.0652,12.0682,12.0715,12.0749,12.0786,12.0825,12.0798,12.0714,12.0633,12.0554,12.0478,12.0405,12.0334,12.0265,12.0198,12.0134,11.9008,11.7809,11.6609,11.541,11.4209,11.3009,11.1807,11.0606,10.9403,10.8094,10.6577,10.5059,10.3541,10.2022,10.0502,9.8981,9.746,9.5939,9.4417,9.2587,9.065,8.8713,8.6775,8.4836,8.2897,8.0958,7.9019,7.7079,7.5014,7.2207,6.9399,6.6592,6.3785,6.0978,5.8172,5.5366,5.256,4.9756,4.7592,4.596,4.433,4.27,4.1073,3.9447,3.7823,3.6201,3.4582,3.2965,3.1995,3.1064,3.0136,2.9211,2.8291,2.7375,2.6464,2.5557,2.4655,2.4467,2.5587,2.671,2.7837,2.8968,3.0102,3.1241,3.2383,3.353,3.4681,3.5878,3.7091,3.8306,3.9524,4.0744,4.1966,4.3192,4.4419,4.5649,4.6872,4.8042,4.9212,5.0382,5.1552,5.2722,5.3891,5.506,5.6228,5.7397,5.7971,5.8066,5.816,5.8253,5.8344,5.8435,5.8523,5.8611,5.8696,5.878,5.822,5.7626,5.7033,5.6438,5.5843,5.5247,5.465,5.4052,5.3453,5.2669,5.154,5.0411,4.9283,4.8155,4.7027,4.59,4.4772,4.3645,4.2518,4.2438,4.2714,4.2988,4.3259,4.3528,4.3794,4.4058,4.432,4.4579,4.4769,4.455,4.4328,4.4104,4.3876,4.3645,4.3411,4.3173,4.2932,4.2688,4.2299,4.1781,4.1259,4.0733,4.0203,3.9669,3.9132
11.8113,11.8511,11.8911,11.9313,11.9717,12.0122,12.0529,12.0938,12.1277,12.1213,12.1151,12.1092,12.1035,12.0981,12.0929,12.0879,12.0832,12.0787,12.065,12.0439,12.0231,12.0025,11.9822,11.9621,11.9423,11.9227,11.9033,11.8841,11.7702,11.6507,11.5312,11.4116,11.292,11.1724,11.0526,10.9329,10.8131,10.6832,10.5343,10.3853,10.2362,10.087,9.9378,9.7885,9.6392,9.4898,9.3404,9.1619,8.9733,8.7847,8.596,8.4073,8.2186,8.0299,7.8411,7.6523,7.4514,7.179,6.9066,6.6342,6.3618,6.0894,5.8171,5.5448,5.2726,5.0005,4.795,4.6455,4.4962,4.3471,4.1981,4.0493,3.9007,3.7523,3.6041,3.4562,3.3779,3.3042,3.2308,3.1578,3.0852,3.013,2.9413,2.8701,2.7993,2.7949,2.9177,3.0409,3.1644,3.2883,3.4125,3.5372,3.6623,3.7878,3.9137,4.0384,4.1627,4.2872,4.412,4.537,4.6623,4.7878,4.9136,5.0396,5.1639,5.2761,5.3884,5.5006,5.6128,5.725,5.8371,5.9492,6.0613,6.1734,6.2273,6.2305,6.2336,6.2365,6.2394,6.2421,6.2446,6.247,6.2493,6.2514,6.1928,6.1295,6.0662,6.0028,5.9394,5.8758,5.8122,5.7485,5.6847,5.6045,5.49,5.3756,5.2612,5.1468,5.0324,4.918,4.8037,4.6894,4.5751,4.5586,4.5806,4.6025,4.6241,4.6455,4.6666,4.6875,4.7082,4.7285,4.7436,4.7159,4.688,4.6597,4.6312,4.6023,4.5732,4.5437,4.5138,4.4837,4.4398,4.3819,4.3236,4.2649,4.2058,4.1464,4.0865
11.9182,11.9538,11.9896,12.0255,12.0617,12.098,12.1345,12.1711,12.1994,12.1846,12.17,12.1557,12.1416,12.1277,12.1141,12.1008,12.0876,12.0747,12.05,12.0162,11.9826,11.9493,11.9163,11.8835,11.851,11.8186,11.7865,11.7546,11.6396,11.5205,11.4014,11.2823,11.1631,11.0439,10.9246,10.8052,10.6858,10.5571,10.4109,10.2646,10.1183,9.9719,9.8254,9.6789,9.5324,9.3857,9.2391,9.065,8.8816,8.6981,8.5146,8.3311,8.1475,7.9639,7.7803,7.5966,7.4015,7.1373,6.8732,6.6091,6.3451,6.081,5.817,5.5531,5.2892,5.0253,4.8306,4.6949,4.5594,4.424,4.2888,4.1538,4.019,3.8843,3.7499,3.6158,3.556,3.5016,3.4477,3.3941,3.3409,3.2882,3.2359,3.184,3.1327,3.1428,3.2765,3.4105,3.5448,3.6795,3.8146,3.9501,4.086,4.2224,4.3591,4.4889,4.6162,4.7438,4.8716,4.9996,5.1279,5.2564,5.3851,5.5142,5.6408,5.7482,5.8557,5.9631,6.0705,6.1779,6.2853,6.3927,6.5,6.6073,6.6578,6.6547,6.6514,6.6481,6.6446,6.641,6.6372,6.6333,6.6293,6.625,6.5638,6.4966,6.4294,6.3621,6.2947,6.2272,6.1597,6.0921,6.0244,5.9422,5.8262,5.7101,5.5941,5.4781,5.3622,5.2462,5.1303,5.0144,4.8985,4.8737,4.8902,4.9066,4.9227,4.9386,4.9542,4.9696,4.9847,4.9995,5.0106,4.9772,4.9435,4.9095,4.8752,4.8406,4.8057,4.7704,4.7348,4.6989,4.6501,4.5861,4.5217,4.4569,4.3918,4.3263,4.2603
12.0249,12.0563,12.0879,12.1196,12.1516,12.1837,12.2159,12.2483,12.2709,12.2476,12.2246,12.2019,12.1794,12.1572,12.1351,12.1134,12.0918,12.0705,12.0347,11.9881,11.9419,11.8959,11.8501,11.8046,11.7594,11.7143,11.6695,11.6248,11.509,11.3904,11.2717,11.153,11.0342,10.9154,10.7965,10.6776,10.5586,10.4309,10.2875,10.144,10.0004,9.8568,9.7131,9.5694,9.4256,9.2817,9.1378,8.9682,8.7899,8.6116,8.4332,8.2548,8.0764,7.8979,7.7195,7.5409,7.3514,7.0956,6.8398,6.5841,6.3283,6.0726,5.8169,5.5612,5.3056,5.0501,4.8661,4.7442,4.6224,4.5008,4.3794,4.2581,4.137,4.0162,3.8955,3.7751,3.7338,3.6988,3.6643,3.6301,3.5963,3.563,3.5301,3.4976,3.4657,3.4906,3.635,3.7798,3.925,4.0705,4.2165,4.3628,4.5095,4.6566,4.8042,4.9394,5.0697,5.2003,5.331,5.4621,5.5933,5.7248,5.8566,5.9886,6.1178,6.2205,6.3232,6.4258,6.5285,6.6311,6.7337,6.8363,6.9388,7.0413,7.0885,7.0791,7.0695,7.0599,7.0501,7.0402,7.0301,7.0199,7.0095,6.999,6.935,6.8639,6.7927,6.7215,6.6502,6.5788,6.5074,6.4358,6.3642,6.28,6.1624,6.0447,5.9271,5.8096,5.692,5.5745,5.457,5.3395,5.222,5.1891,5.2001,5.211,5.2216,5.232,5.2421,5.2519,5.2616,5.2709,5.278,5.2389,5.1994,5.1597,5.1196,5.0792,5.0386,4.9976,4.9562,4.9145,4.8608,4.7907,4.7203,4.6495,4.5782,4.5066,4.4346
12.1315,12.1587,12.186,12.2136,12.2413,12.2692,12.2972,12.3254,12.3421,12.3104,12.279,12.2479,12.217,12.1863,12.1559,12.1258,12.0958,12.0661,12.019,11.9598,11.9008,11.8421,11.7837,11.7255,11.6675,11.6098,11.5522,11.4949,11.3784,11.2602,11.142,11.0236,10.9053,10.7869,10.6684,10.5499,10.4314,10.3048,10.1641,10.0234,9.8826,9.7417,9.6008,9.4598,9.3188,9.1777,9.0365,8.8714,8.6982,8.5251,8.3519,8.1786,8.0053,7.832,7.6586,7.4853,7.3014,7.0539,6.8064,6.5589,6.3115,6.0641,5.8167,5.5693,5.322,5.0748,4.9015,4.7933,4.6853,4.5774,4.4698,4.3622,4.2549,4.1478,4.0409,3.9343,3.9113,3.8957,3.8805,3.8657,3.8514,3.8374,3.8239,3.8108,3.7983,3.8381,3.9933,4.149,4.3049,4.4613,4.618,4.7751,4.9327,5.0906,5.249,5.3898,5.5231,5.6566,5.7904,5.9244,6.0587,6.1932,6.328,6.463,6.595,6.6929,6.7908,6.8887,6.9866,7.0844,7.1823,7.2801,7.3779,7.4756,7.5195,7.5038,7.4879,7.472,7.4559,7.4396,7.4233,7.4067,7.3901,7.3732,7.3064,7.2313,7.1563,7.0811,7.0059,6.9306,6.8552,6.7797,6.7042,6.6179,6.4987,6.3794,6.2603,6.1411,6.022,5.9028,5.7837,5.6647,5.5456,5.5048,5.5104,5.5157,5.5208,5.5257,5.5303,5.5347,5.5388,5.5426,5.5458,5.5009,5.4557,5.4102,5.3644,5.3183,5.2719,5.2251,5.178,5.1306,5.072,4.9958,4.9193,4.8424,4.7651,4.6874,4.6093
12.2379,12.2609,12.284,12.3074,12.3309,12.3545,12.3784,12.4024,12.413,12.373,12.3332,12.2936,12.2543,12.2153,12.1765,12.1379,12.0996,12.0614,12.0031,11.9312,11.8595,11.7881,11.717,11.6461,11.5754,11.505,11.4347,11.3647,11.2479,11.1301,11.0122,10.8943,10.7764,10.6584,10.5403,10.4223,10.3041,10.1787,10.0408,9.9028,9.7648,9.6267,9.4885,9.3503,9.212,9.0736,8.9353,8.7746,8.6066,8.4386,8.2705,8.1024,7.9342,7.766,7.5978,7.4296,7.2514,7.0122,6.773,6.5338,6.2946,6.0555,5.8164,5.5774,5.3384,5.0995,4.9367,4.8423,4.7481,4.654,4.56,4.4662,4.3727,4.2793,4.1861,4.0932,4.0885,4.0923,4.0965,4.1011,4.1061,4.1115,4.1173,4.1237,4.1305,4.1854,4.3514,4.5178,4.6846,4.8518,5.0193,5.1872,5.3556,5.5243,5.6935,5.8401,5.9764,6.1129,6.2497,6.3867,6.524,6.6615,6.7993,6.9373,7.0723,7.1655,7.2586,7.3517,7.4449,7.538,7.631,7.7241,7.8171,7.91,7.9507,7.9287,7.9066,7.8843,7.8619,7.8394,7.8167,7.7939,7.7709,7.7478,7.6779,7.599,7.52,7.4409,7.3618,7.2826,7.2033,7.1239,7.0444,6.9559,6.835,6.7142,6.5935,6.4727,6.352,6.2313,6.1106,5.9899,5.8693,5.8209,5.821,5.8208,5.8204,5.8198,5.8189,5.8178,5.8164,5.8147,5.8128,5.7633,5.7124,5.6611,5.6096,5.5577,5.5056,5.4531,5.4002,5.3471,5.2836,5.2014,5.1188,5.0358,4.9524,4.8687,4.7845
12.3442,12.3629,12.3819,12.401,12.4203,12.4398,12.4594,12.4792,12.4837,12.4353,12.3871,12.3391,12.2915,12.2441,12.1969,12.1499,12.1032,12.0566,11.9869,11.9023,11.8179,11.7338,11.65,11.5664,11.4831,11.3999,11.317,11.2343,11.1173,10.9999,10.8825,10.765,10.6475,10.5299,10.4123,10.2946,10.1769,10.0527,9.9175,9.7823,9.647,9.5116,9.3762,9.2408,9.1052,8.9696,8.834,8.6778,8.515,8.3521,8.1891,8.0261,7.8631,7.7001,7.537,7.3739,7.2013,6.9704,6.7395,6.5086,6.2778,6.0469,5.8161,5.5854,5.3547,5.124,4.9719,4.8912,4.8107,4.7303,4.6501,4.5701,4.4902,4.4106,4.3312,4.252,4.2654,4.2886,4.3121,4.3361,4.3604,4.3852,4.4104,4.4361,4.4623,4.5324,4.7093,4.8865,5.0641,5.242,5.4203,5.5991,5.7782,5.9578,6.1377,6.2903,6.4296,6.5691,6.7089,6.8489,6.9892,7.1297,7.2704,7.4114,7.5498,7.6382,7.7266,7.815,7.9033,7.9916,8.0799,8.1682,8.2565,8.3447,8.3822,8.3539,8.3254,8.2969,8.2682,8.2394,8.2104,8.1813,8.152,8.1226,8.0497,7.9668,7.8839,7.8009,7.7179,7.6347,7.5515,7.4682,7.3849,7.2939,7.1715,7.0491,6.9268,6.8044,6.6821,6.5598,6.4375,6.3153,6.193,6.1373,6.1319,6.1262,6.1203,6.1142,6.1078,6.1012,6.0943,6.0872,6.0798,6.0261,5.9695,5.9125,5.8552,5.7976,5.7397,5.6814,5.6228,5.564,5.4957,5.4074,5.3187,5.2297,5.1402,5.0504,4.9602
12.4503,12.4649,12.4796,12.4945,12.5096,12.5249,12.5403,12.5558,12.5541,12.4973,12.4407,12.3844,12.3284,12.2726,12.217,12.1616,12.1065,12.0516,11.9704,11.8731,11.776,11.6793,11.5828,11.4865,11.3905,11.2947,11.1991,11.1036,10.9868,10.8698,10.7528,10.6357,10.5186,10.4014,10.2842,10.167,10.0497,9.9266,9.7942,9.6618,9.5292,9.3966,9.264,9.1313,8.9985,8.8657,8.7328,8.5811,8.4234,8.2656,8.1078,7.9499,7.792,7.6341,7.4762,7.3182,7.1513,6.9287,6.706,6.4834,6.2609,6.0383,5.8158,5.5933,5.3709,5.1486,5.0069,4.94,4.8732,4.8065,4.74,4.6737,4.6076,4.5417,4.476,4.4105,4.442,4.4846,4.5275,4.5708,4.6145,4.6586,4.7032,4.7482,4.7937,4.8792,5.0669,5.2549,5.4433,5.632,5.8211,6.0106,6.2006,6.3909,6.5817,6.7404,6.8827,7.0253,7.168,7.311,7.4543,7.5978,7.7415,7.8855,8.0275,8.1111,8.1947,8.2783,8.3619,8.4455,8.529,8.6126,8.6961,8.7795,8.814,8.7793,8.7446,8.7097,8.6748,8.6396,8.6044,8.569,8.5334,8.4977,8.4216,8.3348,8.248,8.1611,8.0741,7.9871,7.9,7.8128,7.7255,7.632,7.508,7.3841,7.2601,7.1362,7.0123,6.8884,6.7646,6.6407,6.5169,6.454,6.4431,6.432,6.4206,6.409,6.3971,6.385,6.3726,6.36,6.3471,6.2893,6.2269,6.1642,6.1011,6.0378,5.9741,5.9102,5.8459,5.7812,5.7081,5.6138,5.5191,5.424,5.3285,5.2326,5.1363
12.5563,12.5667,12.5772,12.5879,12.5988,12.6098,12.621,12.6324,12.6243,12.5591,12.4942,12.4295,12.365,12.3009,12.2369,12.1732,12.1097,12.0464,11.9535,11.8436,11.7339,11.6244,11.5153,11.4063,11.2976,11.1891,11.0809,10.9727,10.8562,10.7397,10.6231,10.5064,10.3897,10.273,10.1562,10.0393,9.9224,9.8007,9.671,9.5413,9.4115,9.2817,9.1517,9.0218,8.8918,8.7617,8.6316,8.4844,8.3318,8.1791,8.0265,7.8737,7.721,7.5682,7.4154,7.2625,7.1012,6.8869,6.6725,6.4582,6.2439,6.0296,5.8154,5.6012,5.3871,5.173,5.0419,4.9886,4.9356,4.8826,4.8298,4.7772,4.7248,4.6726,4.6207,4.5689,4.6184,4.6802,4.7425,4.8051,4.8682,4.9316,4.9955,5.0599,5.1247,5.2258,5.4243,5.6231,5.8222,6.0217,6.2216,6.4219,6.6226,6.8238,7.0253,7.1905,7.3358,7.4813,7.6271,7.773,7.9193,8.0658,8.2125,8.3595,8.5053,8.5842,8.663,8.7419,8.8207,8.8995,8.9783,9.0571,9.1358,9.2145,9.246,9.2051,9.164,9.1229,9.0816,9.0402,8.9986,8.9569,8.9151,8.8731,8.7937,8.703,8.6123,8.5215,8.4306,8.3397,8.2486,8.1575,8.0663,7.9703,7.8447,7.7191,7.5936,7.4681,7.3426,7.2172,7.0917,6.9663,6.8409,6.7711,6.7547,6.738,6.7212,6.7041,6.6867,6.6691,6.6512,6.6331,6.6147,6.5529,6.4847,6.4163,6.3475,6.2784,6.209,6.1393,6.0693,5.9989,5.9211,5.8207,5.7199,5.6187,5.5172,5.4152,5.3129
12.6621,12.6683,12.6746,12.6811,12.6878,12.6946,12.7016,12.7088,12.6942,12.6207,12.5473,12.4743,12.4015,12.3289,12.2566,12.1845,12.1126,12.0409,11.9364,11.8138,11.6914,11.5693,11.4475,11.3259,11.2045,11.0834,10.9625,10.8418,10.7257,10.6096,10.4934,10.3771,10.2608,10.1445,10.0281,9.9117,9.7952,9.6747,9.5478,9.4208,9.2938,9.1667,9.0395,8.9123,8.7851,8.6577,8.5304,8.3877,8.2402,8.0927,7.9451,7.7975,7.6499,7.5022,7.3546,7.2068,7.0511,6.845,6.639,6.4329,6.2269,6.0209,5.815,5.6091,5.4032,5.1974,5.0767,5.0372,4.9978,4.9586,4.9195,4.8806,4.8419,4.8034,4.7651,4.7271,4.7944,4.8756,4.9572,5.0391,5.1215,5.2043,5.2875,5.3712,5.4554,5.5722,5.7814,5.991,6.2009,6.4112,6.6219,6.833,7.0444,7.2563,7.4687,7.6405,7.7887,7.9373,8.086,8.235,8.3842,8.5337,8.6834,8.8334,8.9833,9.0574,9.1315,9.2056,9.2797,9.3537,9.4278,9.5018,9.5758,9.6497,9.6782,9.631,9.5837,9.5363,9.4887,9.441,9.3932,9.3452,9.297,9.2488,9.166,9.0714,8.9768,8.8821,8.7873,8.6924,8.5975,8.5025,8.4074,8.3086,8.1814,8.0543,7.9272,7.8001,7.673,7.546,7.4189,7.2919,7.1649,7.0885,7.0666,7.0444,7.0221,6.9995,6.9767,6.9536,6.9302,6.9066,6.8828,6.8168,6.7429,6.6687,6.5942,6.5194,6.4443,6.3689,6.2931,6.217,6.1344,6.028,5.9211,5.8139,5.7063,5.5983,5.4899
12.7678,12.7698,12.7719,12.7742,12.7767,12.7793,12.7821,12.7851,12.7639,12.682,12.6003,12.5189,12.4377,12.3568,12.2761,12.1956,12.1153,12.0353,11.919,11.7837,11.6487,11.514,11.3795,11.2452,11.1112,10.9774,10.8438,10.7108,10.5952,10.4794,10.3637,10.2478,10.132,10.0161,9.9001,9.7841,9.668,9.5488,9.4246,9.3004,9.1761,9.0518,8.9274,8.8029,8.6784,8.5538,8.4292,8.291,8.1487,8.0063,7.8638,7.7213,7.5788,7.4363,7.2937,7.1511,7.001,6.8032,6.6054,6.4077,6.2099,6.0122,5.8145,5.6169,5.4193,5.2218,5.1114,5.0856,5.0599,5.0343,5.009,4.9838,4.9588,4.934,4.9094,4.8851,4.9702,5.0707,5.1716,5.2728,5.3745,5.4766,5.5792,5.6821,5.7856,5.9184,6.1384,6.3587,6.5794,6.8004,7.0219,7.2437,7.466,7.6886,7.9117,8.0904,8.2416,8.3931,8.5448,8.6968,8.849,9.0015,9.1542,9.3072,9.4604,9.5308,9.6001,9.6695,9.7388,9.8081,9.8774,9.9467,10.0159,10.0851,10.1107,10.0572,10.0036,9.9499,9.8961,9.8421,9.788,9.7337,9.6793,9.6247,9.5385,9.44,9.3414,9.2428,9.1441,9.0454,8.9465,8.8476,8.7486,8.6469,8.5182,8.3895,8.2608,8.1321,8.0035,7.8749,7.7462,7.6177,7.4891,7.4062,7.3788,7.3512,7.3234,7.2953,7.267,7.2384,7.2096,7.1805,7.1512,7.0811,7.0015,6.9216,6.8414,6.7609,6.68,6.5989,6.5174,6.4355,6.3482,6.2357,6.1228,6.0096,5.8959,5.7819,5.6674
12.8734,12.8711,12.8691,12.8672,12.8654,12.8639,12.8625,12.8613,12.8333,12.743,12.653,12.5632,12.4737,12.3844,12.2953,12.2065,12.1179,12.0295,11.9013,11.7533,11.6057,11.4583,11.3112,11.1643,11.0176,10.8712,10.7249,10.5799,10.4646,10.3493,10.234,10.1186,10.0031,9.8876,9.7721,9.6565,9.5408,9.4229,9.3015,9.18,9.0584,8.9368,8.8152,8.6935,8.5717,8.4499,8.328,8.1944,8.0571,7.9198,7.7825,7.6452,7.5078,7.3704,7.2329,7.0954,6.9509,6.7614,6.5718,6.3823,6.1928,6.0034,5.814,5.6246,5.4353,5.246,5.146,5.1339,5.1219,5.11,5.0983,5.0868,5.0755,5.0644,5.0535,5.0429,5.1456,5.2655,5.3857,5.5062,5.6272,5.7486,5.8704,5.9927,6.1155,6.2643,6.495,6.7261,6.9576,7.1894,7.4216,7.6542,7.8872,8.1206,8.3545,8.5402,8.6944,8.8489,9.0036,9.1586,9.3138,9.4692,9.6249,9.7808,9.937,10.0043,10.0689,10.1335,10.1981,10.2627,10.3272,10.3918,10.4562,10.5207,10.5435,10.4837,10.4238,10.3638,10.3037,10.2435,10.1831,10.1225,10.0618,10.001,9.9111,9.8087,9.7063,9.6038,9.5012,9.3985,9.2958,9.193,9.0901,8.9854,8.8551,8.7248,8.5945,8.4643,8.334,8.2038,8.0737,7.9435,7.8133,7.7242,7.6914,7.6583,7.6249,7.5914,7.5576,7.5236,7.4893,7.4547,7.4199,7.3458,7.2605,7.1749,7.0889,7.0027,6.9161,6.8292,6.742,6.6545,6.5625,6.4439,6.325,6.2056,6.0859,5.9659,5.8454
12.9788,12.9723,12.9661,12.96,12.9541,12.9483,12.9427,12.9373,12.9025,12.8038,12.7054,12.6073,12.5094,12.4118,12.3144,12.2172,12.1202,12.0234,11.8833,11.7227,11.5624,11.4024,11.2426,11.0831,10.9238,10.7647,10.6058,10.449,10.3341,10.2192,10.1043,9.9893,9.8743,9.7592,9.644,9.5288,9.4136,9.297,9.1783,9.0596,8.9408,8.822,8.703,8.5841,8.465,8.346,8.2268,8.0977,7.9656,7.8334,7.7012,7.569,7.4367,7.3044,7.1721,7.0397,6.9008,6.7195,6.5382,6.357,6.1758,5.9946,5.8134,5.6323,5.4512,5.2702,5.1805,5.182,5.1837,5.1855,5.1875,5.1897,5.1921,5.1946,5.1974,5.2005,5.3208,5.4599,5.5994,5.7393,5.8795,6.0202,6.1613,6.3029,6.445,6.61,6.8515,7.0933,7.3356,7.5781,7.8211,8.0644,8.3082,8.5524,8.797,8.9899,9.1471,9.3046,9.4623,9.6202,9.7784,9.9368,10.0955,10.2544,10.4136,10.4781,10.5379,10.5978,10.6576,10.7174,10.7772,10.837,10.8967,10.9564,10.9765,10.9104,10.8443,10.778,10.7116,10.6451,10.5784,10.5116,10.4447,10.3775,10.284,10.1777,10.0713,9.9649,9.8584,9.7519,9.6452,9.5385,9.4317,9.324,9.1921,9.0602,8.9283,8.7965,8.6647,8.5329,8.4011,8.2694,8.1377,8.0426,8.0042,7.9657,7.9269,7.8879,7.8479,7.8057,7.7634,7.7212,7.679,7.5995,7.5076,7.4158,7.3241,7.2326,7.1412,7.0499,6.9588,6.8678,6.7741,6.6545,6.5354,6.4166,6.2982,6.1802,6.0625
13.0835,13.0734,13.0629,13.0526,13.0425,13.0326,13.0228,13.0132,12.9714,12.8644,12.7577,12.6512,12.5449,12.4389,12.3332,12.2276,12.1223,12.0172,11.865,11.6918,11.5188,11.3462,11.1738,11.0016,10.8297,10.658,10.4865,10.3181,10.2036,10.0891,9.9746,9.86,9.7454,9.6307,9.516,9.4012,9.2864,9.1711,9.0552,8.9392,8.8232,8.7071,8.5909,8.4747,8.3584,8.2421,8.1257,8.0011,7.8741,7.7471,7.62,7.4928,7.3657,7.2385,7.1113,6.984,6.8506,6.6776,6.5046,6.3316,6.1586,5.9857,5.8128,5.6399,5.4671,5.2944,5.2148,5.2301,5.2454,5.2609,5.2766,5.2924,5.3085,5.3247,5.3412,5.3579,5.4957,5.6541,5.8129,5.972,6.1315,6.2915,6.4519,6.6127,6.774,6.9555,7.2077,7.4603,7.7133,7.9666,8.2203,8.4744,8.7289,8.9838,9.2392,9.4395,9.5997,9.7602,9.9209,10.0818,10.2429,10.4043,10.566,10.7279,10.8901,10.9519,11.007,11.0612,11.1125,11.1636,11.2145,11.2653,11.3159,11.3662,11.3792,11.3031,11.2271,11.1511,11.0751,10.9991,10.9231,10.8471,10.7711,10.6952,10.5952,10.4824,10.3697,10.257,10.1445,10.032,9.9195,9.8072,9.6949,9.5825,9.4468,9.3112,9.1758,9.0404,8.9052,8.77,8.635,8.5001,8.3653,8.2638,8.2205,8.1772,8.134,8.0907,8.0475,8.0042,7.9609,7.9177,7.8744,7.7971,7.7062,7.6154,7.5248,7.4343,7.344,7.2537,7.1637,7.0737,6.9823,6.867,6.752,6.6375,6.5233,6.4095,6.2961
13.0985,13.0797,13.0612,13.043,13.0251,13.0076,12.9903,12.9734,12.9245,12.8146,12.7048,12.5952,12.4856,12.3761,12.2667,12.1574,12.0482,11.939,11.7776,11.5941,11.4108,11.2277,11.0448,10.8621,10.6796,10.4972,10.3149,10.1367,10.0202,9.9036,9.7871,9.6705,9.554,9.4374,9.3208,9.2043,9.0876,8.9716,8.8563,8.7409,8.6255,8.51,8.3944,8.2788,8.1631,8.0473,7.9314,7.8073,7.6807,7.5541,7.4274,7.3005,7.1736,7.0466,6.9195,6.7923,6.6604,6.4984,6.3363,6.1742,6.0121,5.8499,5.6877,5.5255,5.3634,5.2012,5.1316,5.1574,5.1833,5.2091,5.2351,5.2611,5.2872,5.3133,5.3396,5.3659,5.5262,5.7104,5.8952,6.0805,6.2663,6.4528,6.6399,6.8276,7.0161,7.2193,7.4769,7.7346,7.9925,8.2505,8.5088,8.7673,9.026,9.2849,9.544,9.7459,9.9037,10.0616,10.2195,10.3775,10.5356,10.6938,10.852,11.0103,11.1687,11.2227,11.2677,11.3125,11.3571,11.4016,11.4459,11.49,11.534,11.5778,11.5881,11.5108,11.4335,11.3562,11.2789,11.2016,11.1243,11.0471,10.9698,10.8926,10.793,10.6804,10.5678,10.4553,10.3428,10.2305,10.1181,10.0059,9.8938,9.7817,9.6472,9.5125,9.3779,9.2434,9.109,8.9747,8.8406,8.7065,8.5726,8.4686,8.4243,8.38,8.3357,8.2914,8.2471,8.2028,8.1585,8.1142,8.0699,7.9945,7.9047,7.815,7.7254,7.6359,7.5466,7.4575,7.3685,7.2796,7.1902,7.0791,6.9684,6.8581,6.7481,6.6386,6.5294
13.1132,13.0845,13.0561,13.028,13.0003,12.9729,12.9458,12.919,12.8608,12.7467,12.6326,12.5187,12.4049,12.2912,12.1776,12.064,11.9505,11.8371,11.6658,11.4714,11.2772,11.0833,10.8895,10.6959,10.5024,10.3092,10.116,9.9279,9.8068,9.6856,9.5645,9.4433,9.3222,9.201,9.0799,8.9587,8.8375,8.7178,8.6004,8.4828,8.3652,8.2476,8.1298,8.012,7.8942,7.7762,7.6582,7.5302,7.3993,7.2684,7.1374,7.0063,6.8751,6.7438,6.6124,6.4809,6.3471,6.1991,6.0509,5.9028,5.7545,5.6063,5.458,5.3098,5.1615,5.0133,4.9549,4.9905,5.0262,5.0619,5.0977,5.1335,5.1694,5.2054,5.2414,5.2776,5.4658,5.6828,5.9003,6.1183,6.3369,6.5561,6.7759,6.9964,7.2176,7.4474,7.7097,7.9721,8.2348,8.4976,8.7607,9.0239,9.2874,9.551,9.8149,10.02,10.1772,10.3345,10.4918,10.6493,10.8067,10.9643,11.122,11.2797,11.4374,11.4874,11.5257,11.5639,11.6019,11.6398,11.6775,11.7151,11.7524,11.7896,11.7971,11.7185,11.6399,11.5613,11.4827,11.4042,11.3256,11.2471,11.1686,11.0901,10.9909,10.8784,10.7659,10.6535,10.5412,10.4289,10.3167,10.2046,10.0926,9.9806,9.8476,9.7138,9.58,9.4463,9.3128,9.1794,9.0461,8.9129,8.7798,8.6734,8.6281,8.5828,8.5374,8.4921,8.4468,8.4015,8.3561,8.3108,8.2655,8.1919,8.1031,8.0144,7.9259,7.8375,7.7493,7.6611,7.5732,7.4853,7.3976,7.2909,7.1844,7.0783,6.9726,6.8673,6.7624
13.1276,13.089,13.0507,13.0128,12.9752,12.9379,12.9009,12.8642,12.7969,12.6786,12.5603,12.4422,12.3241,12.2062,12.0883,11.9705,11.8528,11.7351,11.5537,11.3485,11.1434,10.9386,10.7339,10.5294,10.3251,10.1209,9.9169,9.719,9.5933,9.4676,9.3418,9.2161,9.0904,8.9646,8.8388,8.713,8.5872,8.4641,8.3444,8.2247,8.105,7.9851,7.8652,7.7453,7.6252,7.5051,7.3849,7.2531,7.1179,6.9827,6.8474,6.712,6.5765,6.4409,6.3053,6.1695,6.0338,5.8997,5.7655,5.6312,5.4969,5.3626,5.2283,5.0939,4.9596,4.8253,4.778,4.8235,4.869,4.9145,4.9601,5.0057,5.0515,5.0973,5.1431,5.1891,5.405,5.6547,5.9049,6.1557,6.407,6.6589,6.9114,7.1646,7.4185,7.6753,7.9424,8.2096,8.477,8.7446,9.0124,9.2804,9.5486,9.817,10.0856,10.2941,10.4507,10.6074,10.7642,10.921,11.0779,11.2349,11.3919,11.5491,11.7062,11.7523,11.784,11.8156,11.847,11.8783,11.9094,11.9404,11.9711,12.0017,12.0061,11.9262,11.8464,11.7665,11.6867,11.6068,11.527,11.4472,11.3674,11.2876,11.1887,11.0763,10.964,10.8517,10.7395,10.6274,10.5153,10.4033,10.2914,10.1796,10.048,9.9149,9.782,9.6492,9.5166,9.384,9.2515,9.1192,8.987,8.8783,8.832,8.7856,8.7393,8.6929,8.6466,8.6002,8.5539,8.5075,8.4611,8.3892,8.3015,8.2138,8.1264,8.039,7.9518,7.8647,7.7778,7.691,7.6044,7.5024,7.4002,7.2983,7.1968,7.0957,6.995
13.1416,13.0931,13.045,12.9972,12.9497,12.9026,12.8557,12.8092,12.733,12.6104,12.4879,12.3655,12.2432,12.121,11.9989,11.8769,11.7549,11.633,11.4414,11.2253,11.0094,10.7936,10.5781,10.3627,10.1475,9.9325,9.7176,9.5101,9.3797,9.2494,9.1191,8.9888,8.8584,8.7281,8.5977,8.4674,8.337,8.2103,8.0885,7.9666,7.8447,7.7227,7.6006,7.4785,7.3563,7.234,7.1116,6.9759,6.8365,6.697,6.5574,6.4177,6.278,6.1381,5.9981,5.8581,5.7205,5.6003,5.48,5.3597,5.2393,5.1189,4.9984,4.878,4.7576,4.6372,4.6012,4.6564,4.7117,4.7671,4.8224,4.8779,4.9334,4.989,5.0447,5.1005,5.3437,5.6261,5.909,6.1924,6.4764,6.761,7.0462,7.3321,7.6187,7.9032,8.175,8.447,8.7191,8.9915,9.264,9.5368,9.8097,10.0829,10.3563,10.5682,10.7242,10.8803,11.0365,11.1928,11.3491,11.5055,11.6619,11.8185,11.9751,12.0174,12.0425,12.0675,12.0923,12.117,12.1415,12.1659,12.1901,12.2141,12.2152,12.1341,12.0529,11.9718,11.8906,11.8095,11.7284,11.6473,11.5662,11.4852,11.3866,11.2743,11.1621,11.0499,10.9378,10.8258,10.7139,10.602,10.4903,10.3785,10.2483,10.1161,9.984,9.8521,9.7203,9.5886,9.457,9.3255,9.1941,9.0833,9.0359,8.9885,8.9411,8.8938,8.8464,8.799,8.7516,8.7042,8.6568,8.5864,8.4997,8.4132,8.3267,8.2404,8.1543,8.0683,7.9824,7.8966,7.811,7.7136,7.6156,7.518,7.4207,7.3238,7.2273
13.1552,13.0969,13.0389,12.9813,12.9239,12.8669,12.8102,12.7538,12.6689,12.5421,12.4154,12.2887,12.1622,12.0358,11.9094,11.7831,11.6569,11.5308,11.3289,11.1019,10.8751,10.6485,10.4221,10.1958,9.9698,9.7439,9.5181,9.301,9.1661,9.0312,8.8963,8.7614,8.6265,8.4915,8.3566,8.2216,8.0866,7.9565,7.8325,7.7085,7.5844,7.4602,7.336,7.2117,7.0873,6.9628,6.8383,6.6988,6.5551,6.4113,6.2674,6.1234,5.9794,5.8353,5.691,5.5467,5.4072,5.3009,5.1945,5.088,4.9816,4.875,4.7685,4.662,4.5555,4.449,4.4242,4.4892,4.5543,4.6195,4.6847,4.7499,4.8153,4.8807,4.9462,5.0117,5.2819,5.597,5.9126,6.2287,6.5453,6.8626,7.1805,7.499,7.8182,8.1309,8.4075,8.6842,8.9611,9.2382,9.5155,9.793,10.0707,10.3487,10.6268,10.8423,10.9978,11.1533,11.3089,11.4645,11.6203,11.7761,11.9319,12.0879,12.2439,12.2827,12.3012,12.3196,12.3379,12.356,12.3739,12.3917,12.4093,12.4267,12.4244,12.3419,12.2595,12.1771,12.0947,12.0123,11.9299,11.8475,11.7652,11.6828,11.5844,11.4723,11.3602,11.2481,11.1362,11.0243,10.9125,10.8007,10.6891,10.5775,10.4485,10.3172,10.186,10.0549,9.9239,9.7931,9.6623,9.5317,9.4012,9.2884,9.2399,9.1915,9.1431,9.0947,9.0463,8.9979,8.9494,8.901,8.8526,8.7836,8.698,8.6124,8.527,8.4418,8.3567,8.2717,8.1869,8.1022,8.0176,7.9246,7.8307,7.7373,7.6443,7.5516,7.4593
13.1685,13.1003,13.0325,12.965,12.8978,12.831,12.7644,12.6982,12.6047,12.4736,12.3427,12.2118,12.0811,11.9504,11.8198,11.6893,11.5589,11.4285,11.2161,10.9782,10.7405,10.5031,10.2658,10.0287,9.7918,9.555,9.3184,9.0919,8.9524,8.8129,8.6734,8.5339,8.3944,8.2549,8.1154,7.9758,7.8363,7.7027,7.5765,7.4503,7.3241,7.1977,7.0713,6.9449,6.8183,6.6917,6.565,6.4216,6.2736,6.1255,5.9774,5.8292,5.6808,5.5324,5.3839,5.2353,5.0939,5.0014,4.9089,4.8164,4.7238,4.6311,4.5385,4.4459,4.3532,4.2606,4.2471,4.322,4.3969,4.4718,4.5468,4.6219,4.697,4.7722,4.8475,4.9229,5.2196,5.5674,5.9156,6.2643,6.6136,6.9635,7.3141,7.6652,8.0171,8.3586,8.6399,8.9213,9.203,9.4849,9.7669,10.0492,10.3316,10.6143,10.8972,11.1165,11.2713,11.4263,11.5813,11.7363,11.8915,12.0467,12.202,12.3573,12.5128,12.5482,12.5602,12.572,12.5837,12.5952,12.6065,12.6177,12.6287,12.6395,12.6336,12.5498,12.4661,12.3824,12.2988,12.2151,12.1314,12.0478,11.9641,11.8805,11.7823,11.6702,11.5582,11.4463,11.3345,11.2227,11.1111,10.9994,10.8879,10.7764,10.6487,10.5182,10.3879,10.2577,10.1275,9.9975,9.8676,9.7379,9.6082,9.4935,9.444,9.3946,9.3451,9.2957,9.2462,9.1968,9.1473,9.0979,9.0485,8.9807,8.8961,8.8116,8.7273,8.6431,8.559,8.4751,8.3913,8.3076,8.2241,8.1351,8.0456,7.9563,7.8675,7.7791,7.691
13.1815,13.1034,13.0258,12.9484,12.8714,12.7947,12.7183,12.6422,12.5404,12.4051,12.2699,12.1348,11.9998,11.8649,11.7301,11.5953,11.4607,11.3261,11.103,10.8543,10.6058,10.3575,10.1093,9.8614,9.6136,9.366,9.1185,8.8827,8.7386,8.5945,8.4505,8.3064,8.1623,8.0182,7.8741,7.73,7.5858,7.4488,7.3205,7.1922,7.0637,6.9352,6.8067,6.678,6.5493,6.4205,6.2917,6.1444,5.9921,5.8398,5.6874,5.5349,5.3823,5.2296,5.0768,4.9239,4.7805,4.702,4.6233,4.5446,4.4659,4.3872,4.3084,4.2297,4.1509,4.0722,4.07,4.1546,4.2393,4.3241,4.4088,4.4937,4.5786,4.6636,4.7486,4.8338,5.1569,5.5372,5.9181,6.2995,6.6814,7.0639,7.4471,7.8309,8.2154,8.5861,8.8722,9.1584,9.4448,9.7314,10.0182,10.3052,10.5924,10.8798,11.1674,11.3907,11.5449,11.6993,11.8537,12.0081,12.1627,12.3173,12.472,12.6268,12.7817,12.814,12.8194,12.8246,12.8297,12.8346,12.8394,12.844,12.8484,12.8526,12.8428,12.7578,12.6728,12.5878,12.5029,12.4179,12.333,12.2481,12.1632,12.0783,11.9801,11.8682,11.7563,11.6445,11.5328,11.4212,11.3096,11.1981,11.0867,10.9753,10.8489,10.7193,10.5898,10.4604,10.3311,10.2019,10.0729,9.944,9.8152,9.6986,9.6482,9.5977,9.5472,9.4967,9.4463,9.3958,9.3453,9.2948,9.2444,9.1778,9.0942,9.0108,8.9275,8.8443,8.7613,8.6784,8.5956,8.513,8.4305,8.3454,8.2601,8.1751,8.0905,8.0062,7.9224
13.1941,13.1062,13.0187,12.9315,12.8447,12.7581,12.6719,12.586,12.4759,12.3364,12.197,12.0576,11.9184,11.7793,11.6402,11.5013,11.3624,11.2236,10.9897,10.7301,10.4708,10.2116,9.9526,9.6938,9.4352,9.1767,8.9184,8.6734,8.5248,8.3761,8.2274,8.0788,7.9301,7.7815,7.6328,7.4841,7.3353,7.195,7.0645,6.934,6.8034,6.6727,6.542,6.4112,6.2803,6.1494,6.0184,5.8672,5.7106,5.554,5.3973,5.2406,5.0837,4.9267,4.7697,4.6125,4.4671,4.4024,4.3377,4.2729,4.208,4.1432,4.0783,4.0134,3.9485,3.8837,3.8928,3.9872,4.0817,4.1762,4.2707,4.3654,4.4601,4.5548,4.6497,4.7446,5.0937,5.5066,5.92,6.334,6.7486,7.1637,7.5794,7.9959,8.413,8.8135,9.1043,9.3953,9.6865,9.9778,10.2694,10.5611,10.853,11.1452,11.4376,11.6648,11.8185,11.9723,12.1261,12.28,12.4339,12.588,12.7421,12.8963,13.0505,13.08,13.0788,13.0774,13.076,13.0743,13.0725,13.0705,13.0684,13.066,13.0521,12.9658,12.8796,12.7933,12.7071,12.6209,12.5347,12.4485,12.3623,12.2761,12.1779,12.0661,11.9544,11.8427,11.7311,11.6196,11.5082,11.3968,11.2855,11.1743,11.049,10.9202,10.7916,10.663,10.5346,10.4063,10.2781,10.15,10.0221,9.9039,9.8524,9.8008,9.7493,9.6978,9.6463,9.5948,9.5433,9.4918,9.4403,9.3747,9.2922,9.2098,9.1276,9.0454,8.9634,8.8816,8.7999,8.7183,8.6369,8.5554,8.4743,8.3935,8.3131,8.2331,8.1534
13.2063,13.1086,13.0113,12.9143,12.8176,12.7212,12.6252,12.5294,12.4113,12.2676,12.1239,11.9804,11.8369,11.6936,11.5503,11.4071,11.264,11.121,10.8761,10.6057,10.3355,10.0655,9.7957,9.5261,9.2566,8.9872,8.7181,8.4641,8.3108,8.1576,8.0044,7.8511,7.6979,7.5447,7.3914,7.2381,7.0848,6.9411,6.8084,6.6757,6.543,6.4102,6.2773,6.1443,6.0113,5.8782,5.745,5.5899,5.4291,5.2682,5.1073,4.9462,4.7851,4.6239,4.4626,4.3011,4.1537,4.1029,4.052,4.0011,3.9501,3.8991,3.848,3.797,3.746,3.695,3.7155,3.8197,3.9239,4.0282,4.1326,4.237,4.3414,4.446,4.5506,4.6553,5.0299,5.4755,5.9215,6.3681,6.8152,7.2629,7.7112,8.1602,8.6099,9.0409,9.3364,9.6321,9.928,10.2241,10.5204,10.8169,11.1136,11.4105,11.7076,11.939,12.0921,12.2453,12.3985,12.5518,12.7052,12.8587,13.0122,13.1658,13.3195,13.3462,13.3384,13.3305,13.3225,13.3142,13.3058,13.2973,13.2886,13.2797,13.2614,13.1739,13.0864,12.9988,12.9113,12.8238,12.7364,12.6489,12.5614,12.474,12.3757,12.264,12.1524,12.0409,11.9294,11.818,11.7067,11.5955,11.4843,11.3732,11.249,11.1211,10.9933,10.8657,10.7381,10.6106,10.4833,10.3561,10.2289,10.1092,10.0566,10.0041,9.9515,9.899,9.8465,9.794,9.7414,9.6889,9.6364,9.5716,9.4901,9.4088,9.3276,9.2465,9.1656,9.0847,9.0041,8.9236,8.8432,8.7651,8.6882,8.6116,8.5354,8.4596,8.3841
13.2182,13.1107,13.0036,12.8967,12.7902,12.684,12.5781,12.4725,12.3466,12.1986,12.0508,11.903,11.7553,11.6078,11.4603,11.3128,11.1655,11.0182,10.7623,10.4811,10.2,9.9192,9.6385,9.3581,9.0777,8.7976,8.5176,8.2546,8.0968,7.939,7.7812,7.6234,7.4656,7.3078,7.1499,6.9921,6.8342,6.6871,6.5524,6.4175,6.2826,6.1476,6.0126,5.8775,5.7423,5.607,5.4717,5.3127,5.1476,4.9825,4.8172,4.6519,4.4865,4.321,4.1554,3.9897,3.8403,3.8033,3.7663,3.7292,3.6921,3.6549,3.6177,3.5806,3.5434,3.5063,3.5381,3.6521,3.7661,3.8802,3.9943,4.1084,4.2227,4.337,4.4514,4.5659,4.9657,5.4438,5.9224,6.4015,6.8812,7.3615,7.8424,8.3239,8.8062,9.2681,9.5684,9.8689,10.1695,10.4703,10.7713,11.0726,11.374,11.6756,11.9774,12.2132,12.3657,12.5183,12.671,12.8237,12.9765,13.1294,13.2823,13.4353,13.5884,13.6127,13.5983,13.5838,13.5692,13.5544,13.5394,13.5243,13.509,13.4936,13.4708,13.382,13.2932,13.2044,13.1156,13.0269,12.9381,12.8494,12.7606,12.6719,12.5735,12.462,12.3505,12.2391,12.1277,12.0165,11.9053,11.7941,11.6831,11.5721,11.4491,11.322,11.1951,11.0682,10.9415,10.8149,10.6884,10.562,10.4358,10.3145,10.2609,10.2074,10.1538,10.1003,10.0467,9.9931,9.9396,9.886,9.8325,9.7685,9.688,9.6077,9.5275,9.4475,9.3676,9.2878,9.2082,9.1287,9.0494,8.9745,8.9017,8.8294,8.7574,8.6858,8.6146
13.2298,13.1125,12.9955,12.8788,12.7625,12.6465,12.5308,12.4154,12.2817,12.1296,11.9775,11.8255,11.6736,11.5218,11.3701,11.2185,11.0669,10.9154,10.6482,10.3561,10.0643,9.7726,9.4812,9.1898,8.8987,8.6077,8.3169,8.0451,7.8827,7.7203,7.558,7.3956,7.2332,7.0708,6.9084,6.746,6.5836,6.4332,6.2963,6.1593,6.0222,5.8851,5.7478,5.6106,5.4732,5.3358,5.1983,5.0354,4.8661,4.6967,4.5272,4.3576,4.1879,4.0182,3.8483,3.6784,3.5268,3.5037,3.4805,3.4573,3.434,3.4107,3.3873,3.364,3.3407,3.3174,3.3607,3.4844,3.6082,3.732,3.8559,3.9798,4.1038,4.2279,4.352,4.4763,4.901,5.4117,5.9228,6.4345,6.9467,7.4595,7.9729,8.487,9.0018,9.4953,9.8003,10.1055,10.4109,10.7164,11.0222,11.3281,11.6343,11.9406,12.2472,12.4874,12.6394,12.7914,12.9434,13.0956,13.2478,13.4001,13.5524,13.7049,13.8574,13.8793,13.8584,13.8374,13.8162,13.7948,13.7733,13.7516,13.7297,13.7077,13.6803,13.5902,13.5001,13.41,13.32,13.2299,13.1399,13.0499,12.9599,12.8699,12.7713,12.6599,12.5485,12.4372,12.326,12.2149,12.1038,11.9928,11.8818,11.771,11.649,11.5228,11.3967,11.2707,11.1449,11.0191,10.8935,10.7679,10.6425,10.5199,10.4653,10.4107,10.3561,10.3016,10.247,10.1924,10.1378,10.0832,10.0287,9.9652,9.8858,9.8066,9.7274,9.6484,9.5696,9.4908,9.4122,9.3338,9.2555,9.1836,9.115,9.0468,8.9791,8.9117,8.8446
13.241,13.1139,12.9871,12.8606,12.7345,12.6087,12.4832,12.3579,12.2168,12.0604,11.9041,11.7479,11.5918,11.4358,11.2798,11.124,10.9682,10.8125,10.5339,10.231,9.9283,9.6258,9.3235,9.0214,8.7195,8.4177,8.116,7.8355,7.6685,7.5016,7.3347,7.1677,7.0008,6.8338,6.6669,6.4999,6.3329,6.1792,6.0401,5.901,5.7618,5.6225,5.4831,5.3437,5.2042,5.0646,4.9249,4.7581,4.5845,4.4109,4.2371,4.0633,3.8894,3.7153,3.5412,3.367,3.2134,3.2041,3.1947,3.1853,3.1758,3.1664,3.1569,3.1474,3.1379,3.1285,3.1831,3.3166,3.4502,3.5837,3.7174,3.851,3.9848,4.1186,4.2526,4.3866,4.8359,5.379,5.9227,6.4668,7.0116,7.5569,8.1029,8.6495,9.1967,9.7224,10.0321,10.342,10.6521,10.9624,11.2729,11.5835,11.8944,12.2055,12.5168,12.7617,12.913,13.0644,13.2159,13.3675,13.5191,13.6708,13.8226,13.9744,14.1263,14.1462,14.1187,14.0911,14.0634,14.0354,14.0074,13.9791,13.9507,13.9221,13.8898,13.7984,13.7071,13.6157,13.5244,13.4331,13.3418,13.2505,13.1592,13.0679,12.9691,12.8578,12.7466,12.6354,12.5243,12.4133,12.3023,12.1914,12.0806,11.9699,11.849,11.7236,11.5984,11.4732,11.3482,11.2233,11.0985,10.9738,10.8492,10.7254,10.6698,10.6141,10.5585,10.5029,10.4473,10.3917,10.3361,10.2805,10.2249,10.1619,10.0836,10.0053,9.9272,9.8493,9.7715,9.6938,9.6162,9.5388,9.4615,9.3923,9.328,9.264,9.2004,9.1372,9.0744
