15.5256,15.5021,15.4787,15.4553,15.4319,15.4086,15.3853,15.362,15.3388,15.3159,15.297,15.2781,15.2592,15.2403,15.2214,15.2025,15.1837,15.1648,15.1459,15.0843,15.0039,14.9235,14.843,14.7626,14.6822,14.6018,14.5214,14.441,14.3985,14.4366,14.4748,14.5131,14.5513,14.5896,14.6279,14.6662,14.7044,14.7427,14.7628,14.7819,14.801,14.82,14.8391,14.8582,14.8773,14.8963,14.9154,14.9449,14.9822,15.0196,15.0569,15.0942,15.1316,15.1689,15.2062,15.2436,15.2573,15.1758,15.0942,15.0127,14.9312,14.8497,14.7681,14.6866,14.6051,14.5236,14.4115,14.2929,14.1742,14.0556,13.937,13.8184,13.6998,13.5812,13.4626,13.3985,13.4008,13.4032,13.4057,13.4082,13.4107,13.4132,13.4158,13.4184,13.4206,13.4186,13.4165,13.4146,13.4127,13.4108,13.4091,13.4074,13.4058,13.4043,13.4273,13.4608,13.4942,13.5274,13.5606,13.5938,13.6268,13.6597,13.6925,13.6956,13.6369,13.5783,13.5196,13.461,13.4023,13.3437,13.285,13.2264,13.1678,13.1422,13.1184,13.0944,13.0704,13.0463,13.022,12.9976,12.9731,12.9485,12.9534,12.9808,13.0082,13.0355,13.0629,13.0904,13.1178,13.1453,13.1727,13.1945,13.1919,13.1893,13.1867,13.1841,13.1815,13.1789,13.1763,13.1736,13.171,13.1495,13.1231,13.0963,13.0689,13.0411,13.0128,12.984,12.9547,12.9249,12.8862,12.8357,12.7848,12.7336,12.682,12.63,12.5775,12.5247,12.4715,12.4177,12.3603,12.3029,12.2454,12.1879,12.1303,12.0726,12.015,11.9573,11.8995
15.5448,15.5205,15.4961,15.4718,15.4476,15.4234,15.3992,15.375,15.3509,15.3273,15.3084,15.2895,15.2706,15.2517,15.2328,15.2139,15.195,15.1762,15.1573,15.0951,15.0151,14.935,14.8549,14.7748,14.6947,14.6146,14.5345,14.4544,14.4113,14.4433,14.4754,14.5077,14.54,14.5724,14.6049,14.6374,14.6701,14.7028,14.7227,14.742,14.7613,14.7805,14.7998,14.819,14.8383,14.8575,14.8767,14.9052,14.9406,14.976,15.0114,15.0468,15.0821,15.1175,15.1528,15.1881,15.2013,15.1248,15.0482,14.9717,14.8951,14.8186,14.7421,14.6656,14.5891,14.5127,14.403,14.286,14.169,14.052,13.935,13.8181,13.7012,13.5843,13.4674,13.404,13.4078,13.4116,13.4154,13.4192,13.4231,13.427,13.4309,13.4349,13.4387,13.4391,13.4397,13.4403,13.4409,13.4417,13.4425,13.4434,13.4443,13.4454,13.4665,13.4967,13.5269,13.5569,13.5869,13.6168,13.6466,13.6763,13.7059,13.7082,13.6496,13.5909,13.5322,13.4736,13.4149,13.3563,13.2976,13.239,13.1803,13.1516,13.1252,13.0986,13.072,13.0452,13.0183,12.9913,12.9642,12.9369,12.9397,12.9674,12.9952,13.023,13.0508,13.0786,13.1065,13.1343,13.1622,13.1851,13.1825,13.1799,13.1773,13.1747,13.1721,13.1695,13.1668,13.1642,13.1616,13.1349,13.1009,13.0665,13.0316,12.9962,12.9604,12.924,12.8872,12.8498,12.8051,12.7495,12.6934,12.637,12.5802,12.5231,12.4655,12.4075,12.3492,12.2904,12.233,12.1755,12.118,12.0605,12.0029,11.9453,11.8876,11.8299,11.7722
15.564,15.5388,15.5136,15.4884,15.4632,15.4381,15.413,15.388,15.363,15.3386,15.3197,15.3008,15.2819,15.2631,15.2442,15.2253,15.2064,15.1875,15.1687,15.106,15.0263,14.9465,14.8667,14.787,14.7072,14.6275,14.5477,14.4679,14.4239,14.4499,14.476,14.5022,14.5285,14.5548,14.5813,14.6078,14.6344,14.661,14.6806,14.6999,14.7192,14.7385,14.7578,14.777,14.7962,14.8155,14.8347,14.8619,14.8952,14.9284,14.9616,14.9948,15.028,15.0611,15.0943,15.1274,15.14,15.069,14.9979,14.9269,14.8559,14.7849,14.7139,14.6429,14.5719,14.501,14.3939,14.2786,14.1634,14.0481,13.9329,13.8177,13.7025,13.5874,13.4722,13.4095,13.4147,13.4198,13.425,13.4302,13.4355,13.4407,13.446,13.4514,13.4566,13.4596,13.4627,13.4659,13.4691,13.4724,13.4758,13.4793,13.4828,13.4864,13.5058,13.5328,13.5597,13.5865,13.6133,13.6399,13.6665,13.693,13.7193,13.7209,13.6622,13.6035,13.5449,13.4862,13.4275,13.3689,13.3102,13.2516,13.1929,13.1612,13.1321,13.1029,13.0736,13.0442,13.0147,12.9851,12.9553,12.9254,12.9259,12.954,12.9822,13.0104,13.0386,13.0669,13.0951,13.1234,13.1516,13.1757,13.1731,13.1705,13.1679,13.1653,13.1627,13.16,13.1574,13.1548,13.1522,13.1207,13.0792,13.0372,12.9947,12.9518,12.9084,12.8645,12.8201,12.7752,12.7243,12.6635,12.6023,12.5408,12.4789,12.4165,12.3538,12.2907,12.2272,12.1632,12.1056,12.0482,11.9907,11.9332,11.8756,11.818,11.7603,11.7026,11.6449
15.5832,15.5571,15.531,15.5049,15.4788,15.4528,15.4269,15.4009,15.375,15.35,15.3311,15.3122,15.2933,15.2744,15.2555,15.2367,15.2178,15.1989,15.1801,15.1169,15.0375,14.958,14.8786,14.7992,14.7197,14.6403,14.5609,14.4814,14.4364,14.4564,14.4764,14.4966,14.5168,14.5372,14.5576,14.5781,14.5986,14.6192,14.6386,14.6579,14.6772,14.6965,14.7157,14.735,14.7542,14.7734,14.7926,14.8187,14.8497,14.8808,14.9118,14.9428,14.9738,15.0048,15.0357,15.0667,15.0787,15.0132,14.9476,14.8821,14.8166,14.7511,14.6856,14.6201,14.5547,14.4893,14.3848,14.2712,14.1577,14.0442,13.9308,13.8173,13.7039,13.5904,13.477,13.4151,13.4216,13.4281,13.4347,13.4412,13.4478,13.4545,13.4611,13.4678,13.4745,13.4801,13.4858,13.4915,13.4973,13.5031,13.5091,13.5151,13.5212,13.5274,13.5452,13.569,13.5926,13.6162,13.6397,13.6632,13.6865,13.7097,13.7329,13.7335,13.6748,13.6161,13.5575,13.4988,13.4401,13.3815,13.3228,13.2642,13.2055,13.1709,13.1392,13.1073,13.0754,13.0434,13.0112,12.979,12.9466,12.9141,12.9121,12.9406,12.9692,12.9978,13.0264,13.0551,13.0837,13.1124,13.1411,13.1663,13.1637,13.1611,13.1585,13.1559,13.1532,13.1506,13.148,13.1454,13.1428,13.107,13.0579,13.0084,12.9584,12.9079,12.8569,12.8054,12.7535,12.701,12.6439,12.5779,12.5116,12.4449,12.3778,12.3104,12.2425,12.1742,12.1056,12.0365,11.9783,11.9208,11.8634,11.8058,11.7483,11.6906,11.633,11.5753,11.5175
15.6024,15.5753,15.5483,15.5214,15.4944,15.4675,15.4407,15.4139,15.3871,15.3613,15.3424,15.3236,15.3047,15.2858,15.2669,15.248,15.2292,15.2103,15.1914,15.1278,15.0487,14.9696,14.8905,14.8114,14.7322,14.6531,14.574,14.4949,14.4489,14.4628,14.4768,14.4909,14.5051,14.5194,14.5338,14.5483,14.5628,14.5773,14.5965,14.6158,14.6351,14.6544,14.6737,14.693,14.7122,14.7314,14.7506,14.7755,14.8043,14.8332,14.862,14.8908,14.9196,14.9484,14.9772,15.0059,15.0173,14.9573,14.8973,14.8373,14.7773,14.7173,14.6573,14.5973,14.5374,14.4775,14.3756,14.2639,14.1521,14.0403,13.9286,13.8169,13.7052,13.5935,13.4818,13.4206,13.4285,13.4364,13.4443,13.4522,13.4602,13.4682,13.4762,13.4843,13.4923,13.5005,13.5087,13.517,13.5254,13.5338,13.5423,13.5509,13.5595,13.5682,13.5847,13.6052,13.6256,13.646,13.6663,13.6865,13.7066,13.7266,13.7466,13.7461,13.6875,13.6288,13.5701,13.5114,13.4527,13.3941,13.3354,13.2767,13.2181,13.1806,13.1463,13.1119,13.0773,13.0426,13.0079,12.973,12.938,12.9029,12.8982,12.9272,12.9562,12.9852,13.0142,13.0433,13.0723,13.1014,13.1304,13.1569,13.1543,13.1517,13.1491,13.1465,13.1438,13.1412,13.1386,13.136,13.1334,13.0937,13.0371,12.98,12.9224,12.8644,12.8059,12.7469,12.6874,12.6273,12.5638,12.4927,12.4212,12.3494,12.2771,12.2045,12.1315,12.0581,11.9843,11.9101,11.8509,11.7935,11.736,11.6785,11.6209,11.5633,11.5056,11.4479,11.3902
15.6215,15.5936,15.5657,15.5378,15.51,15.4822,15.4545,15.4267,15.3991,15.3727,15.3538,15.3349,15.316,15.2972,15.2783,15.2594,15.2405,15.2217,15.2028,15.1387,15.0599,14.9811,14.9023,14.8236,14.7448,14.666,14.5872,14.5084,14.4612,14.4691,14.4771,14.4852,14.4933,14.5016,14.51,14.5184,14.5269,14.5354,14.5545,14.5738,14.5931,14.6124,14.6317,14.6509,14.6702,14.6894,14.7086,14.7322,14.7589,14.7855,14.8122,14.8388,14.8655,14.8921,14.9187,14.9452,14.956,14.9015,14.847,14.7925,14.738,14.6835,14.629,14.5745,14.5201,14.4657,14.3665,14.2565,14.1464,14.0364,13.9264,13.8164,13.7065,13.5965,13.4866,13.4261,13.4353,13.4446,13.4539,13.4632,13.4725,13.4818,13.4912,13.5007,13.5101,13.5209,13.5316,13.5425,13.5534,13.5644,13.5754,13.5866,13.5978,13.6091,13.6242,13.6415,13.6588,13.6759,13.693,13.71,13.7268,13.7436,13.7603,13.7588,13.7001,13.6414,13.5827,13.524,13.4653,13.4067,13.348,13.2893,13.2307,13.1905,13.1535,13.1165,13.0793,13.042,13.0046,12.9671,12.9295,12.8917,12.8844,12.9138,12.9432,12.9726,13.002,13.0314,13.0609,13.0903,13.1198,13.1475,13.1449,13.1423,13.1396,13.137,13.1344,13.1318,13.1292,13.1266,13.1239,13.0809,13.0167,12.9521,12.887,12.8214,12.7553,12.6888,12.6217,12.5542,12.4841,12.4078,12.3312,12.2542,12.1768,12.0991,12.0209,11.9424,11.8634,11.784,11.7236,11.6661,11.6087,11.5511,11.4936,11.436,11.3783,11.3206,11.2629
15.6406,15.6118,15.583,15.5542,15.5255,15.4969,15.4682,15.4396,15.411,15.3841,15.3652,15.3463,15.3274,15.3085,15.2896,15.2708,15.2519,15.233,15.2142,15.1496,15.0711,14.9927,14.9142,14.8358,14.7573,14.6788,14.6004,14.5219,14.4734,14.4753,14.4772,14.4793,14.4815,14.4837,14.486,14.4884,14.4909,14.4934,14.5124,14.5317,14.551,14.5703,14.5896,14.6089,14.6282,14.6474,14.6666,14.6889,14.7134,14.7379,14.7624,14.7868,14.8113,14.8357,14.8601,14.8845,14.8947,14.8456,14.7966,14.7476,14.6986,14.6496,14.6006,14.5517,14.5027,14.4538,14.3573,14.249,14.1407,14.0325,13.9242,13.816,13.7077,13.5995,13.4913,13.4316,13.4422,13.4528,13.4634,13.4741,13.4848,13.4955,13.5062,13.517,13.5279,13.5411,13.5545,13.5679,13.5814,13.5949,13.6085,13.6222,13.636,13.6498,13.6639,13.6779,13.692,13.7059,13.7197,13.7335,13.7472,13.7607,13.7742,13.7714,13.7127,13.654,13.5953,13.5366,13.478,13.4193,13.3606,13.3019,13.2433,13.2005,13.1609,13.1212,13.0814,13.0415,13.0015,12.9614,12.9211,12.8808,12.8705,12.9003,12.9301,12.9599,12.9897,13.0196,13.0494,13.0793,13.1092,13.138,13.1354,13.1328,13.1302,13.1276,13.125,13.1224,13.1198,13.1172,13.1145,13.0685,12.9968,12.9246,12.852,12.7789,12.7053,12.6312,12.5566,12.4815,12.4046,12.3232,12.2415,12.1594,12.0768,11.9939,11.9107,11.827,11.7429,11.6584,11.5962,11.5388,11.4813,11.4238,11.3662,11.3086,11.251,11.1933,11.1355
15.6596,15.6299,15.6003,15.5706,15.541,15.5115,15.4819,15.4524,15.423,15.3954,15.3765,15.3577,15.3388,15.3199,15.301,15.2822,15.2633,15.2444,15.2256,15.1605,15.0824,15.0043,14.9261,14.848,14.7698,14.6917,14.6136,14.5354,14.4855,14.4814,14.4773,14.4734,14.4695,14.4657,14.462,14.4584,14.4548,14.4513,14.4703,14.4897,14.509,14.5283,14.5476,14.5669,14.5861,14.6054,14.6246,14.6457,14.668,14.6903,14.7126,14.7348,14.7571,14.7794,14.8016,14.8238,14.8333,14.7898,14.7463,14.7027,14.6592,14.6157,14.5722,14.5288,14.4853,14.4419,14.3482,14.2416,14.135,14.0285,13.922,13.8155,13.709,13.6025,13.4961,13.437,13.449,13.461,13.473,13.485,13.497,13.5091,13.5212,13.5334,13.5456,13.5614,13.5773,13.5932,13.6093,13.6254,13.6415,13.6578,13.6741,13.6905,13.7036,13.7145,13.7253,13.736,13.7466,13.7571,13.7676,13.7779,13.7882,13.784,13.7253,13.6666,13.6079,13.5492,13.4906,13.4319,13.3732,13.3145,13.2558,13.2106,13.1684,13.1261,13.0836,13.0411,12.9985,12.9557,12.9129,12.8699,12.8567,12.8868,12.917,12.9472,12.9775,13.0077,13.038,13.0682,13.0985,13.1286,13.126,13.1234,13.1208,13.1182,13.1156,13.113,13.1104,13.1077,13.1051,13.0566,12.9773,12.8976,12.8174,12.7368,12.6557,12.574,12.4919,12.4093,12.3256,12.239,12.1521,12.0649,11.9772,11.8892,11.8008,11.7119,11.6227,11.5331,11.4689,11.4114,11.354,11.2964,11.2389,11.1813,11.1236,11.0659,11.0082
15.6786,15.6481,15.6175,15.587,15.5565,15.526,15.4956,15.4653,15.4349,15.4068,15.3879,15.369,15.3501,15.3313,15.3124,15.2935,15.2747,15.2558,15.2369,15.1714,15.0936,15.0158,14.938,14.8602,14.7824,14.7046,14.6267,14.5489,14.4975,14.4874,14.4773,14.4673,14.4574,14.4476,14.4379,14.4283,14.4187,14.4092,14.4283,14.4476,14.4669,14.4863,14.5056,14.5248,14.5441,14.5634,14.5826,14.6024,14.6225,14.6426,14.6627,14.6828,14.7029,14.723,14.743,14.7631,14.7719,14.7339,14.6959,14.6578,14.6198,14.5818,14.5438,14.5058,14.4679,14.43,14.339,14.2341,14.1293,14.0245,13.9197,13.815,13.7102,13.6055,13.5008,13.4425,13.4558,13.4691,13.4825,13.4959,13.5093,13.5227,13.5362,13.5497,13.5632,13.5816,13.6,13.6185,13.6371,13.6558,13.6745,13.6933,13.7121,13.7311,13.7434,13.7511,13.7586,13.7661,13.7735,13.7809,13.7881,13.7952,13.8023,13.7967,13.738,13.6793,13.6206,13.5619,13.5032,13.4445,13.3858,13.3271,13.2684,13.2207,13.1759,13.131,13.086,13.0408,12.9956,12.9502,12.9047,12.8591,12.8428,12.8733,12.9039,12.9346,12.9652,12.9958,13.0265,13.0571,13.0878,13.1185,13.1166,13.114,13.1114,13.1088,13.1062,13.1036,13.101,13.0983,13.0957,13.0451,12.9583,12.8711,12.7834,12.6952,12.6065,12.5174,12.4277,12.3376,12.2468,12.1551,12.0631,11.9707,11.8779,11.7848,11.6912,11.5973,11.5029,11.4082,11.3415,11.2841,11.2266,11.1691,11.1115,11.0539,10.9963,10.9386,10.8809
15.6976,15.6662,15.6347,15.6033,15.5719,15.5406,15.5093,15.478,15.4468,15.4181,15.3993,15.3804,15.3615,15.3426,15.3238,15.3049,15.286,15.2672,15.2483,15.1824,15.1049,15.0274,14.9499,14.8724,14.7949,14.7174,14.6399,14.5624,14.5094,14.4932,14.4772,14.4612,14.4453,14.4295,14.4138,14.3981,14.3825,14.367,14.3862,14.4056,14.4249,14.4442,14.4635,14.4828,14.5021,14.5214,14.5406,14.5591,14.577,14.595,14.6129,14.6308,14.6487,14.6666,14.6845,14.7024,14.7106,14.678,14.6455,14.6129,14.5804,14.5479,14.5154,14.4829,14.4504,14.418,14.3298,14.2267,14.1236,14.0205,13.9175,13.8144,13.7114,13.6084,13.5054,13.4479,13.4626,13.4772,13.492,13.5067,13.5215,13.5363,13.5511,13.566,13.5809,13.6017,13.6227,13.6438,13.6649,13.6861,13.7074,13.7287,13.7501,13.7716,13.7833,13.7878,13.7921,13.7964,13.8006,13.8047,13.8087,13.8126,13.8165,13.8093,13.7506,13.6919,13.6332,13.5745,13.5158,13.4571,13.3984,13.3397,13.281,13.231,13.1836,13.1361,13.0884,13.0407,12.9928,12.9448,12.8967,12.8485,12.8289,12.8598,12.8908,12.9218,12.9529,12.9839,13.015,13.046,13.0771,13.1082,13.1072,13.1046,13.102,13.0994,13.0968,13.0942,13.0915,13.0889,13.0863,13.034,12.9397,12.845,12.7498,12.654,12.5579,12.4612,12.364,12.2663,12.1684,12.0716,11.9745,11.8769,11.779,11.6807,11.582,11.483,11.3835,11.2836,11.2142,11.1567,11.0993,11.0417,10.9842,10.9266,10.8689,10.8113,10.7535
15.7166,15.6842,15.6519,15.6196,15.5873,15.5551,15.5229,15.4908,15.4587,15.4295,15.4106,15.3917,15.3729,15.354,15.3351,15.3163,15.2974,15.2785,15.2597,15.1933,15.1161,15.039,14.9618,14.8847,14.8075,14.7303,14.6531,14.576,14.5212,14.499,14.477,14.455,14.4331,14.4112,14.3895,14.3678,14.3462,14.3248,14.3442,14.3635,14.3828,14.4022,14.4215,14.4408,14.4601,14.4793,14.4986,14.5158,14.5316,14.5473,14.5631,14.5788,14.5946,14.6103,14.626,14.6417,14.6492,14.6221,14.5951,14.568,14.5409,14.5139,14.4869,14.4599,14.4329,14.4059,14.3206,14.2192,14.1178,14.0165,13.9152,13.8139,13.7126,13.6113,13.5101,13.4533,13.4693,13.4854,13.5014,13.5175,13.5337,13.5498,13.566,13.5822,13.5985,13.6218,13.6453,13.6689,13.6926,13.7164,13.7402,13.7641,13.7881,13.8121,13.8233,13.8245,13.8257,13.8268,13.8277,13.8286,13.8294,13.8301,13.8308,13.8219,13.7632,13.7045,13.6458,13.5871,13.5284,13.4697,13.411,13.3523,13.2936,13.2414,13.1914,13.1412,13.091,13.0406,12.9901,12.9395,12.8888,12.838,12.8149,12.8463,12.8777,12.9091,12.9405,12.972,13.0034,13.0349,13.0664,13.0979,13.0978,13.0952,13.0926,13.09,13.0874,13.0848,13.0821,13.0795,13.0769,13.0235,12.9216,12.8194,12.7166,12.6134,12.5097,12.4055,12.3008,12.1956,12.0903,11.9884,11.8861,11.7835,11.6804,11.577,11.4732,11.369,11.2644,11.1594,11.0868,11.0294,10.9719,10.9144,10.8568,10.7992,10.7416,10.6839,10.6262
15.7355,15.7023,15.669,15.6359,15.6027,15.5696,15.5365,15.5035,15.4705,15.4409,15.422,15.4031,15.3842,15.3654,15.3465,15.3276,15.3088,15.2899,15.2711,15.2043,15.1274,15.0506,14.9737,14.8969,14.82,14.7432,14.6664,14.5895,14.5329,14.5047,14.4766,14.4486,14.4207,14.3929,14.3652,14.3375,14.3099,14.2827,14.3021,14.3215,14.3408,14.3601,14.3795,14.3988,14.4181,14.4373,14.4566,14.4725,14.4861,14.4997,14.5132,14.5268,14.5404,14.5539,14.5674,14.581,14.5878,14.5662,14.5446,14.523,14.5015,14.4799,14.4584,14.4368,14.4153,14.3939,14.3113,14.2117,14.1121,14.0125,13.9129,13.8133,13.7137,13.6142,13.5147,13.4587,13.476,13.4935,13.5109,13.5284,13.5458,13.5634,13.5809,13.5985,13.6161,13.6418,13.6679,13.6941,13.7203,13.7466,13.773,13.7994,13.8259,13.8525,13.8634,13.8614,13.8594,13.8572,13.855,13.8527,13.8503,13.8478,13.8452,13.8346,13.7759,13.7171,13.6584,13.5997,13.541,13.4823,13.4236,13.3649,13.3062,13.2519,13.1993,13.1465,13.0937,13.0407,12.9876,12.9344,12.8811,12.8276,12.801,12.8327,12.8645,12.8964,12.9282,12.96,12.9919,13.0238,13.0557,13.0876,13.0884,13.0858,13.0832,13.0806,13.078,13.0753,13.0727,13.0701,13.0675,13.0133,12.904,12.7942,12.6839,12.5732,12.462,12.3503,12.2381,12.1254,12.0126,11.9055,11.7981,11.6904,11.5822,11.4737,11.3647,11.2554,11.1457,11.0356,10.9594,10.902,10.8445,10.787,10.7295,10.6719,10.6143,10.5566,10.4989
15.7544,15.7203,15.6862,15.6521,15.6181,15.5841,15.5501,15.5162,15.4823,15.4522,15.4334,15.4145,15.3956,15.3767,15.3579,15.339,15.3202,15.3013,15.2825,15.2152,15.1387,15.0622,14.9857,14.9091,14.8326,14.7561,14.6796,14.603,14.5445,14.5103,14.4762,14.4422,14.4083,14.3745,14.3408,14.3071,14.2735,14.2406,14.26,14.2794,14.2987,14.3181,14.3374,14.3567,14.376,14.3953,14.4146,14.4291,14.4406,14.452,14.4634,14.4748,14.4862,14.4976,14.5089,14.5202,14.5264,14.5103,14.4942,14.4781,14.462,14.4459,14.4298,14.4138,14.3977,14.3817,14.3021,14.2042,14.1063,14.0084,13.9106,13.8127,13.7149,13.6171,13.5193,13.464,13.4828,13.5015,13.5203,13.5391,13.558,13.5769,13.5958,13.6147,13.6337,13.6618,13.6904,13.7191,13.7479,13.7767,13.8057,13.8347,13.8637,13.8929,13.9036,13.8984,13.8931,13.8878,13.8823,13.8768,13.8712,13.8655,13.8597,13.8472,13.7885,13.7298,13.671,13.6123,13.5536,13.4949,13.4362,13.3775,13.3188,13.2626,13.2073,13.1519,13.0964,13.0408,12.9851,12.9293,12.8734,12.8173,12.787,12.8192,12.8514,12.8836,12.9158,12.9481,12.9803,13.0126,13.0449,13.0772,13.079,13.0764,13.0738,13.0712,13.0685,13.0659,13.0633,13.0607,13.0581,13.0036,12.8868,12.7695,12.6517,12.5334,12.4147,12.2955,12.1758,12.0556,11.9352,11.823,11.7105,11.5976,11.4843,11.3707,11.2566,11.1422,11.0273,10.9121,10.8321,10.7747,10.717,10.6582,10.5992,10.54,10.4805,10.4208,10.3609
15.7733,15.7382,15.7033,15.6683,15.6334,15.5985,15.5637,15.5289,15.4941,15.4636,15.4447,15.4258,15.407,15.3881,15.3692,15.3504,15.3315,15.3127,15.2938,15.2262,15.15,15.0738,14.9976,14.9214,14.8452,14.769,14.6928,14.6166,14.556,14.5158,14.4757,14.4357,14.3958,14.356,14.3163,14.2766,14.237,14.1986,14.218,14.2373,14.2567,14.276,14.2954,14.3147,14.334,14.3533,14.3726,14.3858,14.3951,14.4043,14.4136,14.4228,14.432,14.4412,14.4504,14.4595,14.465,14.4543,14.4437,14.4331,14.4224,14.4118,14.4012,14.3907,14.3801,14.3696,14.2928,14.1967,14.1005,14.0043,13.9082,13.8121,13.716,13.6199,13.5239,13.4694,13.4895,13.5096,13.5297,13.5499,13.5701,13.5903,13.6106,13.6309,13.6512,13.6817,13.7129,13.7441,13.7755,13.8068,13.8383,13.8698,13.9014,13.9331,13.9438,13.9354,13.927,13.9184,13.9098,13.901,13.8922,13.8833,13.8743,13.8599,13.8011,13.7424,13.6837,13.6249,13.5662,13.5075,13.4488,13.3901,13.3313,13.2733,13.2154,13.1574,13.0993,13.0411,12.9828,12.9244,12.8659,12.8072,12.773,12.8056,12.8382,12.8708,12.9034,12.9361,12.9687,13.0014,13.0339,13.0653,13.0665,13.0617,13.0566,13.051,13.045,13.0385,13.0315,13.0241,13.0162,12.9579,12.8318,12.7055,12.5791,12.4525,12.3256,12.1986,12.0715,11.9441,11.8165,11.6998,11.5831,11.4662,11.3493,11.2323,11.1152,10.9981,10.8808,10.7635,10.6788,10.6182,10.5574,10.4964,10.4352,10.3737,10.312,10.2501,10.188
15.78,15.7445,15.709,15.6736,15.6381,15.6028,15.5674,15.5321,15.4968,15.4656,15.4449,15.4243,15.404,15.3838,15.3638,15.344,15.3243,15.3047,15.2853,15.218,15.1431,15.0682,14.9932,14.9182,14.8431,14.7681,14.693,14.6179,14.5563,14.5115,14.4668,14.422,14.3772,14.3323,14.2874,14.2426,14.1976,14.1543,14.174,14.1937,14.2133,14.2328,14.2524,14.2719,14.2913,14.3107,14.3301,14.3421,14.3493,14.3564,14.3635,14.3706,14.3777,14.3848,14.3918,14.3989,14.4036,14.3983,14.3931,14.3878,14.3825,14.3772,14.3718,14.3665,14.3611,14.3557,14.2817,14.1872,14.0927,13.9983,13.9038,13.8094,13.7151,13.6208,13.5266,13.4728,13.494,13.5152,13.5364,13.5576,13.5789,13.6001,13.6213,13.6425,13.6638,13.6959,13.7288,13.7617,13.7946,13.8275,13.8604,13.8933,13.9262,13.959,13.9684,13.9551,13.9417,13.9281,13.9143,13.9003,13.886,13.8716,13.857,13.838,13.7781,13.7181,13.6581,13.5981,13.538,13.478,13.4179,13.3579,13.2978,13.2375,13.1771,13.1167,13.0563,12.9959,12.9354,12.8749,12.8144,12.7538,12.7161,12.7482,12.7803,12.8125,12.8447,12.8768,12.9091,12.9413,12.9736,13.0059,13.0018,12.9896,12.9768,12.9637,12.9501,12.936,12.9215,12.9065,12.8911,12.8307,12.7024,12.5739,12.4453,12.3164,12.1874,12.0582,11.9288,11.7992,11.6694,11.5518,11.4347,11.3174,11.2,11.0826,10.9651,10.8475,10.7298,10.612,10.5239,10.4611,10.398,10.3348,10.2713,10.2076,10.1437,10.0796,10.0152
15.7744,15.738,15.7016,15.6652,15.6288,15.5925,15.5562,15.5199,15.4837,15.45,15.4226,15.3954,15.3683,15.3414,15.3147,15.2881,15.2617,15.2355,15.2093,15.1404,15.0654,14.9904,14.9153,14.8402,14.7651,14.6899,14.6148,14.5396,14.4781,14.4332,14.3883,14.3434,14.2985,14.2535,14.2085,14.1635,14.1185,14.0754,14.0971,14.1188,14.1404,14.162,14.1835,14.205,14.2264,14.2478,14.2692,14.282,14.2893,14.2966,14.3038,14.3111,14.3183,14.3255,14.3326,14.3398,14.3446,14.3394,14.3341,14.3289,14.3236,14.3182,14.3129,14.3076,14.3022,14.2968,14.2268,14.1369,14.0471,13.9573,13.8676,13.7779,13.6882,13.5986,13.509,13.4576,13.4793,13.5009,13.5225,13.5442,13.5658,13.5875,13.6091,13.6308,13.6524,13.6845,13.7174,13.7503,13.7832,13.8161,13.849,13.8819,13.9147,13.9476,13.9546,13.9352,13.9156,13.8958,13.8759,13.8557,13.8354,13.8148,13.794,13.7702,13.7105,13.6508,13.5911,13.5313,13.4716,13.4118,13.3521,13.2923,13.2325,13.1723,13.1119,13.0515,12.9911,12.9306,12.8701,12.8096,12.7491,12.6886,12.6488,12.6818,12.7148,12.7478,12.7808,12.8139,12.847,12.8801,12.9132,12.9463,12.9376,12.9178,12.8975,12.8768,12.8556,12.834,12.8119,12.7894,12.7663,12.7037,12.5732,12.4425,12.3116,12.1805,12.0493,11.9178,11.7862,11.6544,11.5224,11.4039,11.2863,11.1685,11.0507,10.9329,10.8149,10.6969,10.5787,10.4605,10.3691,10.3041,10.2388,10.1733,10.1076,10.0417,9.9756,9.9092,9.8426
15.7688,15.7314,15.6941,15.6568,15.6195,15.5822,15.545,15.5077,15.4705,15.4343,15.4001,15.3662,15.3324,15.2988,15.2653,15.2321,15.199,15.166,15.1332,15.0628,14.9877,14.9126,14.8374,14.7622,14.687,14.6118,14.5365,14.4612,14.3999,14.3549,14.3099,14.2649,14.2198,14.1747,14.1296,14.0845,14.0393,13.9966,14.0203,14.0439,14.0675,14.0911,14.1146,14.1381,14.1615,14.1849,14.2083,14.222,14.2294,14.2368,14.2441,14.2515,14.2588,14.2662,14.2735,14.2807,14.2857,14.2804,14.2752,14.2699,14.2646,14.2593,14.254,14.2486,14.2433,14.2379,14.1717,14.0866,14.0014,13.9163,13.8313,13.7462,13.6612,13.5763,13.4914,13.4425,13.4645,13.4866,13.5087,13.5307,13.5528,13.5749,13.5969,13.619,13.6411,13.673,13.706,13.7389,13.7718,13.8047,13.8376,13.8705,13.9033,13.9362,13.9409,13.9153,13.8896,13.8637,13.8377,13.8114,13.7849,13.7582,13.7313,13.7023,13.6429,13.5835,13.524,13.4646,13.4051,13.3457,13.2862,13.2267,13.1672,13.1071,13.0467,12.9863,12.9259,12.8654,12.8049,12.7444,12.6838,12.6233,12.5816,12.6154,12.6492,12.6831,12.717,12.7509,12.7848,12.8188,12.8527,12.8867,12.8738,12.8464,12.8185,12.7903,12.7616,12.7324,12.7028,12.6726,12.6421,12.5768,12.4441,12.3112,12.1781,12.0448,11.9113,11.7776,11.6438,11.5098,11.3755,11.256,11.1379,11.0197,10.9015,10.7832,10.6648,10.5463,10.4278,10.3091,10.2145,10.1472,10.0797,10.012,9.9441,9.876,9.8076,9.739,9.6702
15.7632,15.7249,15.6866,15.6483,15.6101,15.5719,15.5337,15.4955,15.4574,15.4183,15.3775,15.3368,15.2963,15.256,15.2158,15.1759,15.136,15.0964,15.0568,14.9852,14.91,14.8348,14.7595,14.6842,14.6089,14.5336,14.4582,14.3829,14.3217,14.2766,14.2315,14.1863,14.1411,14.0959,14.0507,14.0054,13.9601,13.9178,13.9434,13.9691,13.9947,14.0202,14.0458,14.0712,14.0967,14.1221,14.1474,14.1619,14.1694,14.1769,14.1845,14.1919,14.1994,14.2068,14.2143,14.2217,14.2267,14.2215,14.2162,14.211,14.2057,14.2004,14.1951,14.1897,14.1843,14.179,14.1167,14.0362,13.9557,13.8753,13.7949,13.7145,13.6342,13.5539,13.4737,13.4273,13.4498,13.4723,13.4948,13.5173,13.5397,13.5622,13.5847,13.6072,13.6298,13.6616,13.6945,13.7274,13.7604,13.7933,13.8262,13.859,13.8919,13.9248,13.9274,13.8957,13.8639,13.8318,13.7996,13.7672,13.7346,13.7018,13.6687,13.6344,13.5753,13.5161,13.457,13.3978,13.3387,13.2795,13.2203,13.1611,13.1019,13.0419,12.9815,12.9211,12.8606,12.8002,12.7397,12.6791,12.6186,12.558,12.5143,12.5489,12.5836,12.6184,12.6531,12.6878,12.7226,12.7574,12.7922,12.8271,12.8104,12.7754,12.74,12.7042,12.6679,12.6312,12.594,12.5564,12.5182,12.4501,12.3151,12.18,12.0447,11.9092,11.7735,11.6376,11.5015,11.3653,11.2288,11.108,10.9895,10.871,10.7523,10.6335,10.5147,10.3958,10.2768,10.1577,10.06,9.9905,9.9208,9.8509,9.7807,9.7104,9.6398,9.5689,9.4979
15.7576,15.7183,15.6791,15.6398,15.6007,15.5615,15.5224,15.4833,15.4442,15.4022,15.3546,15.3072,15.26,15.213,15.1662,15.1195,15.073,15.0266,14.9803,14.9076,14.8323,14.757,14.6816,14.6063,14.5309,14.4554,14.38,14.3045,14.2435,14.1983,14.153,14.1077,14.0624,14.0171,13.9717,13.9263,13.8809,13.839,13.8666,13.8943,13.9219,13.9494,13.9769,14.0044,14.0318,14.0592,14.0866,14.1018,14.1095,14.1171,14.1248,14.1324,14.14,14.1475,14.1551,14.1626,14.1678,14.1625,14.1573,14.152,14.1468,14.1414,14.1361,14.1308,14.1254,14.12,14.0616,13.9858,13.91,13.8342,13.7585,13.6828,13.6071,13.5315,13.456,13.4121,13.435,13.4579,13.4809,13.5038,13.5267,13.5496,13.5725,13.5955,13.6184,13.6502,13.6831,13.716,13.7489,13.7818,13.8147,13.8476,13.8805,13.9134,13.914,13.8763,13.8383,13.8001,13.7618,13.7232,13.6845,13.6455,13.6063,13.5665,13.5077,13.4488,13.3899,13.3311,13.2722,13.2133,13.1544,13.0955,13.0365,12.9767,12.9163,12.8559,12.7954,12.7349,12.6744,12.6139,12.5533,12.4927,12.4469,12.4824,12.518,12.5536,12.5892,12.6248,12.6604,12.696,12.7317,12.7674,12.7473,12.7048,12.6619,12.6185,12.5747,12.5304,12.4857,12.4405,12.3948,12.3235,12.1863,12.0489,11.9114,11.7737,11.6358,11.4977,11.3594,11.2209,11.0823,10.9602,10.8412,10.7222,10.6031,10.4839,10.3646,10.2453,10.1259,10.0063,9.9057,9.834,9.7621,9.6899,9.6175,9.545,9.4721,9.3991,9.3258
15.7519,15.7117,15.6715,15.6313,15.5912,15.5511,15.511,15.471,15.431,15.3858,15.3315,15.2775,15.2236,15.1699,15.1163,15.0629,15.0097,14.9566,14.9037,14.83,14.7546,14.6792,14.6038,14.5283,14.4528,14.3773,14.3017,14.2261,14.1653,14.12,14.0746,14.0292,13.9837,13.9383,13.8928,13.8473,13.8018,13.7602,13.7899,13.8195,13.8491,13.8786,13.9081,13.9375,13.967,13.9963,14.0257,14.0417,14.0495,14.0573,14.0651,14.0728,14.0805,14.0882,14.0959,14.1035,14.1088,14.1036,14.0984,14.0931,14.0878,14.0825,14.0772,14.0719,14.0665,14.0611,14.0064,13.9353,13.8642,13.793,13.722,13.651,13.58,13.509,13.4382,13.397,13.4203,13.4436,13.467,13.4903,13.5136,13.537,13.5603,13.5837,13.607,13.6388,13.6717,13.7046,13.7375,13.7704,13.8033,13.8362,13.8691,13.902,13.9009,13.857,13.8129,13.7686,13.7241,13.6794,13.6346,13.5895,13.5442,13.4986,13.44,13.3815,13.3229,13.2643,13.2057,13.1471,13.0885,13.0298,12.9712,12.9115,12.8511,12.7906,12.7302,12.6697,12.6092,12.5486,12.4881,12.4275,12.3795,12.4159,12.4523,12.4887,12.5252,12.5616,12.5981,12.6346,12.6711,12.7077,12.6847,12.6347,12.5842,12.5333,12.4819,12.4301,12.3778,12.3251,12.2719,12.197,12.0576,11.918,11.7783,11.6383,11.4982,11.3579,11.2174,11.0767,10.9359,10.8123,10.6929,10.5735,10.4539,10.3343,10.2146,10.0948,9.975,9.855,9.7516,9.6777,9.6035,9.5291,9.4545,9.3797,9.3047,9.2294,9.1539
15.7462,15.705,15.6639,15.6228,15.5817,15.5407,15.4997,15.4587,15.4177,15.3692,15.3083,15.2475,15.1869,15.1265,15.0663,15.0062,14.9463,14.8865,14.8269,14.7524,14.6769,14.6014,14.5259,14.4503,14.3747,14.2991,14.2235,14.1478,14.0871,14.0416,13.9961,13.9506,13.905,13.8595,13.8139,13.7682,13.7226,13.6814,13.7131,13.7447,13.7763,13.8078,13.8393,13.8707,13.9021,13.9335,13.9648,13.9816,13.9896,13.9975,14.0054,14.0132,14.0211,14.0289,14.0367,14.0445,14.0499,14.0446,14.0394,14.0342,14.0289,14.0236,14.0183,14.0129,14.0076,14.0022,13.9513,13.8848,13.8183,13.7519,13.6855,13.6191,13.5528,13.4865,13.4203,13.3818,13.4055,13.4293,13.453,13.4768,13.5006,13.5243,13.5481,13.5719,13.5956,13.6274,13.6603,13.6932,13.7261,13.759,13.7919,13.8248,13.8577,13.8906,13.8879,13.8378,13.7876,13.7372,13.6866,13.6358,13.5849,13.5337,13.4822,13.4306,13.3724,13.3141,13.2558,13.1975,13.1392,13.0809,13.0225,12.9642,12.9058,12.8463,12.7859,12.7254,12.6649,12.6044,12.5439,12.4834,12.4228,12.3622,12.3121,12.3493,12.3866,12.4239,12.4612,12.4985,12.5358,12.5732,12.6105,12.6479,12.6225,12.5649,12.5069,12.4484,12.3896,12.3302,12.2704,12.2101,12.1494,12.0706,11.929,11.7872,11.6453,11.5031,11.3608,11.2183,11.0756,10.9327,10.7896,10.6645,10.5447,10.4248,10.3048,10.1847,10.0646,9.9444,9.8241,9.7037,9.5976,9.5214,9.4451,9.3685,9.2917,9.2146,9.1374,9.0599,8.9821
15.7404,15.6983,15.6563,15.6142,15.5722,15.5302,15.4883,15.4463,15.4044,15.3525,15.2848,15.2174,15.1501,15.083,15.0161,14.9493,14.8827,14.8162,14.7499,14.6748,14.5992,14.5236,14.448,14.3723,14.2966,14.2209,14.1452,14.0694,14.0089,13.9633,13.9177,13.872,13.8264,13.7807,13.7349,13.6892,13.6434,13.6027,13.6363,13.6699,13.7035,13.737,13.7705,13.8039,13.8373,13.8707,13.904,13.9216,13.9296,13.9377,13.9457,13.9537,13.9616,13.9696,13.9775,13.9854,13.9909,13.9857,13.9805,13.9752,13.9699,13.9647,13.9593,13.954,13.9487,13.9433,13.896,13.8342,13.7724,13.7106,13.6489,13.5872,13.5255,13.4639,13.4023,13.3666,13.3907,13.4149,13.4391,13.4633,13.4875,13.5117,13.5359,13.5601,13.5843,13.616,13.6489,13.6818,13.7147,13.7476,13.7805,13.8134,13.8463,13.8792,13.875,13.8189,13.7626,13.706,13.6493,13.5924,13.5353,13.478,13.4205,13.3627,13.3047,13.2468,13.1887,13.1307,13.0727,13.0146,12.9566,12.8985,12.8404,12.7811,12.7207,12.6602,12.5997,12.5392,12.4787,12.4181,12.3575,12.2969,12.2446,12.2827,12.3208,12.359,12.3971,12.4353,12.4734,12.5116,12.5499,12.5881,12.5607,12.4956,12.43,12.364,12.2976,12.2307,12.1634,12.0956,12.0273,11.9444,11.8006,11.6566,11.5124,11.368,11.2235,11.0788,10.9339,10.7888,10.6435,10.5167,10.3965,10.2761,10.1557,10.0352,9.9146,9.794,9.6732,9.5524,9.4438,9.3654,9.2868,9.208,9.129,9.0497,8.9702,8.8905,8.8106
15.7347,15.6916,15.6486,15.6056,15.5627,15.5197,15.4768,15.434,15.3911,15.3355,15.2612,15.187,15.1131,15.0393,14.9657,14.8922,14.8189,14.7458,14.6728,14.5972,14.5215,14.4458,14.3701,14.2943,14.2185,14.1427,14.0669,13.9911,13.9307,13.885,13.8392,13.7935,13.7477,13.7018,13.656,13.6101,13.5642,13.524,13.5596,13.5952,13.6307,13.6662,13.7017,13.7371,13.7725,13.8078,13.8432,13.8615,13.8697,13.8778,13.886,13.8941,13.9022,13.9102,13.9183,13.9263,13.932,13.9267,13.9215,13.9163,13.911,13.9057,13.9004,13.8951,13.8897,13.8844,13.8408,13.7836,13.7265,13.6693,13.6122,13.5552,13.4982,13.4412,13.3843,13.3514,13.376,13.4006,13.4252,13.4498,13.4744,13.499,13.5236,13.5482,13.5729,13.6045,13.6375,13.6704,13.7033,13.7362,13.7691,13.802,13.8349,13.8678,13.8624,13.8001,13.7377,13.675,13.6122,13.5492,13.486,13.4226,13.3589,13.2951,13.2371,13.1794,13.1217,13.0639,13.0062,12.9484,12.8906,12.8328,12.775,12.7159,12.6555,12.595,12.5345,12.474,12.4134,12.3529,12.2923,12.2317,12.1771,12.2161,12.255,12.294,12.333,12.372,12.411,12.4501,12.4892,12.5283,12.4992,12.4266,12.3535,12.28,12.2061,12.1317,12.0568,11.9815,11.9057,11.8183,11.6722,11.526,11.3797,11.2331,11.0863,10.9394,10.7923,10.645,10.4975,10.3689,10.2482,10.1275,10.0066,9.8857,9.7647,9.6436,9.5224,9.4012,9.2901,9.2095,9.1287,9.0477,8.9664,8.8849,8.8032,8.7213,8.6392
15.7288,15.6849,15.6409,15.597,15.5531,15.5092,15.4654,15.4216,15.3778,15.3183,15.2373,15.1565,15.0758,14.9954,14.9151,14.835,14.755,14.6752,14.5955,14.5196,14.4438,14.368,14.2922,14.2163,14.1405,14.0646,13.9886,13.9127,13.8525,13.8066,13.7608,13.7149,13.669,13.623,13.577,13.531,13.485,13.4453,13.4829,13.5205,13.558,13.5955,13.6329,13.6703,13.7077,13.745,13.7823,13.8014,13.8097,13.818,13.8263,13.8345,13.8427,13.8509,13.8591,13.8673,13.873,13.8678,13.8626,13.8573,13.8521,13.8468,13.8415,13.8362,13.8308,13.8255,13.7855,13.733,13.6805,13.628,13.5756,13.5232,13.4708,13.4185,13.3663,13.3362,13.3612,13.3862,13.4112,13.4363,13.4613,13.4863,13.5114,13.5364,13.5615,13.5931,13.626,13.659,13.6919,13.7248,13.7577,13.7906,13.8235,13.8564,13.8499,13.7815,13.713,13.6442,13.5753,13.5062,13.4368,13.3673,13.2976,13.2276,13.1694,13.112,13.0546,12.9971,12.9396,12.8822,12.8247,12.7672,12.7097,12.6507,12.5902,12.5298,12.4693,12.4087,12.3482,12.2876,12.227,12.1664,12.1096,12.1494,12.1892,12.229,12.2688,12.3087,12.3486,12.3885,12.4284,12.4684,12.4382,12.3581,12.2775,12.1964,12.115,12.033,11.9506,11.8678,11.7845,11.6923,11.5441,11.3957,11.2471,11.0983,10.9493,10.8002,10.6509,10.5013,10.3516,10.2212,10.1001,9.9789,9.8576,9.7362,9.6148,9.4933,9.3716,9.2499,9.1366,9.0538,8.9708,8.8875,8.8041,8.7204,8.6364,8.5523,8.4679
15.723,15.6781,15.6332,15.5883,15.5435,15.4987,15.4539,15.4091,15.3644,15.3009,15.2133,15.1258,15.0384,14.9513,14.8643,14.7775,14.6909,14.6044,14.518,14.442,14.3661,14.2902,14.2143,14.1383,14.0624,13.9864,13.9104,13.8343,13.7743,13.7283,13.6823,13.6363,13.5903,13.5442,13.4981,13.452,13.4058,13.3666,13.4062,13.4458,13.4853,13.5247,13.5642,13.6036,13.6429,13.6822,13.7215,13.7413,13.7498,13.7582,13.7666,13.7749,13.7833,13.7916,13.7999,13.8082,13.814,13.8088,13.8036,13.7984,13.7931,13.7878,13.7825,13.7772,13.7719,13.7665,13.7301,13.6823,13.6344,13.5866,13.5388,13.4911,13.4434,13.3957,13.3481,13.3209,13.3464,13.3718,13.3973,13.4227,13.4482,13.4737,13.4991,13.5246,13.5501,13.5817,13.6146,13.6475,13.6805,13.7134,13.7463,13.7792,13.8121,13.845,13.8376,13.7631,13.6884,13.6136,13.5385,13.4633,13.3879,13.3123,13.2364,13.1603,13.1017,13.0446,12.9874,12.9303,12.8731,12.8159,12.7587,12.7015,12.6442,12.5855,12.525,12.4645,12.404,12.3435,12.2829,12.2224,12.1617,12.1011,12.042,12.0826,12.1233,12.164,12.2047,12.2454,12.2861,12.3268,12.3676,12.4084,12.3776,12.2899,12.2018,12.1132,12.0243,11.9348,11.8449,11.7546,11.6637,11.5665,11.416,11.2654,11.1146,10.9636,10.8125,10.6611,10.5096,10.3578,10.2059,10.0735,9.9519,9.8303,9.7086,9.5868,9.4649,9.3429,9.2209,9.0988,8.9833,8.8982,8.813,8.7275,8.6418,8.5559,8.4698,8.3835,8.2969
15.7171,15.6712,15.6254,15.5796,15.5338,15.4881,15.4424,15.3967,15.351,15.2834,15.189,15.0948,15.0009,14.9071,14.8134,14.7199,14.6266,14.5334,14.4404,14.3644,14.2884,14.2124,14.1364,14.0603,13.9843,13.9082,13.8321,13.756,13.6961,13.65,13.6039,13.5577,13.5116,13.4654,13.4192,13.3729,13.3267,13.288,13.3296,13.3711,13.4126,13.454,13.4954,13.5368,13.5781,13.6194,13.6607,13.6813,13.6898,13.6984,13.7069,13.7154,13.7238,13.7323,13.7407,13.7491,13.7551,13.7499,13.7447,13.7394,13.7342,13.7289,13.7236,13.7183,13.713,13.7076,13.6748,13.6315,13.5883,13.5452,13.502,13.4589,13.4159,13.3729,13.3299,13.3057,13.3316,13.3575,13.3833,13.4092,13.4351,13.461,13.4869,13.5127,13.5386,13.5703,13.6032,13.6361,13.669,13.702,13.7349,13.7678,13.8007,13.8336,13.8254,13.7448,13.6641,13.5831,13.502,13.4207,13.3391,13.2574,13.1755,13.0933,13.0341,12.9772,12.9203,12.8634,12.8065,12.7496,12.6927,12.6358,12.5788,12.5203,12.4598,12.3993,12.3388,12.2783,12.2177,12.1571,12.0965,12.0359,11.9752,12.0159,12.0574,12.0989,12.1404,12.182,12.2236,12.2652,12.3068,12.3484,12.3174,12.2222,12.1265,12.0305,11.934,11.837,11.7396,11.6418,11.5434,11.4408,11.2881,11.1353,10.9823,10.8291,10.6757,10.5222,10.3684,10.2145,10.0604,9.9258,9.8038,9.6817,9.5596,9.4374,9.315,9.1926,9.0702,8.9476,8.8301,8.7428,8.6554,8.5677,8.4798,8.3917,8.3033,8.2148,8.126
15.7112,15.6644,15.6176,15.5709,15.5242,15.4775,15.4308,15.3842,15.3376,15.2656,15.1646,15.0637,14.9631,14.8626,14.7623,14.6622,14.5622,14.4623,14.3628,14.2867,14.2107,14.1346,14.0585,13.9824,13.9062,13.83,13.7538,13.6776,13.6178,13.5716,13.5254,13.4791,13.4329,13.3865,13.3402,13.2938,13.2475,13.2093,13.2529,13.2964,13.3399,13.3833,13.4267,13.4701,13.5134,13.5567,13.5999,13.6212,13.6299,13.6385,13.6472,13.6558,13.6644,13.673,13.6815,13.6901,13.6961,13.6909,13.6857,13.6805,13.6752,13.67,13.6647,13.6594,13.654,13.6487,13.6194,13.5808,13.5422,13.5037,13.4652,13.4268,13.3883,13.35,13.3117,13.2905,13.3168,13.3431,13.3694,13.3957,13.422,13.4483,13.4746,13.5009,13.5272,13.5589,13.5918,13.6247,13.6576,13.6905,13.7235,13.7564,13.7893,13.8222,13.8134,13.7267,13.6399,13.5528,13.4656,13.3782,13.2906,13.2027,13.1147,13.0264,12.9664,12.9098,12.8532,12.7966,12.74,12.6833,12.6267,12.5701,12.5134,12.4551,12.3946,12.3341,12.2736,12.213,12.1524,12.0918,12.0312,11.9706,11.9099,11.949,11.9914,12.0338,12.0761,12.1186,12.161,12.2034,12.2459,12.2884,12.2575,12.1548,12.0517,11.9481,11.8441,11.7397,11.6348,11.5294,11.4235,11.3152,11.1603,11.0053,10.8501,10.6947,10.5391,10.3834,10.2274,10.0713,9.915,9.7782,9.6557,9.5332,9.4106,9.288,9.1652,9.0424,8.9195,8.7965,8.6778,8.5896,8.5012,8.4129,8.3245,8.2361,8.1476,8.0591,7.9705
15.7052,15.6575,15.6098,15.5621,15.5145,15.4668,15.4192,15.3717,15.3241,15.2476,15.1399,15.0324,14.9251,14.818,14.711,14.6042,14.4975,14.391,14.2852,14.2091,14.133,14.0568,13.9806,13.9044,13.8281,13.7518,13.6755,13.5992,13.5396,13.4933,13.4469,13.4006,13.3541,13.3077,13.2613,13.2148,13.1683,13.1307,13.1763,13.2218,13.2672,13.3126,13.358,13.4033,13.4486,13.4939,13.5391,13.5611,13.5699,13.5787,13.5875,13.5962,13.6049,13.6136,13.6223,13.631,13.6372,13.632,13.6268,13.6216,13.6163,13.611,13.6058,13.6004,13.5951,13.5898,13.5639,13.53,13.496,13.4622,13.4283,13.3945,13.3607,13.327,13.2934,13.2753,13.302,13.3287,13.3554,13.3821,13.4088,13.4356,13.4623,13.489,13.5158,13.5474,13.5804,13.6133,13.6462,13.6791,13.712,13.745,13.7779,13.8108,13.8016,13.7088,13.6159,13.5227,13.4294,13.3359,13.2422,13.1483,13.0541,12.9598,12.8987,12.8424,12.7861,12.7297,12.6734,12.6171,12.5607,12.5043,12.448,12.3899,12.3294,12.2689,12.2083,12.1478,12.0872,12.0266,11.966,11.9053,11.8446,11.8822,11.9254,11.9686,12.0118,12.0535,12.0951,12.1368,12.1784,12.2199,12.1885,12.0779,11.9674,11.8567,11.7461,11.6354,11.5246,11.4138,11.303,11.1915,11.0339,10.8762,10.7181,10.5598,10.4012,10.2424,10.0832,9.9238,9.7641,9.6258,9.5057,9.3858,9.2661,9.1466,9.0272,8.9081,8.7892,8.6704,8.5541,8.4659,8.3776,8.2892,8.2009,8.1125,8.024,7.9355,7.847
15.6614,15.6116,15.562,15.5126,15.4632,15.414,15.3649,15.316,15.2671,15.188,15.0779,14.9677,14.8576,14.7473,14.6371,14.5268,14.4165,14.3062,14.1969,14.1226,14.0482,13.9737,13.899,13.8242,13.7492,13.6741,13.5989,13.5236,13.4653,13.4199,13.3743,13.3287,13.283,13.2372,13.1913,13.1454,13.0993,13.0628,13.11,13.1571,13.2041,13.2512,13.2982,13.3453,13.3923,13.4393,13.4863,13.509,13.5181,13.5273,13.5364,13.5455,13.5546,13.5637,13.5728,13.5819,13.5883,13.5824,13.5764,13.5704,13.5644,13.5584,13.5523,13.5461,13.5399,13.5337,13.5104,13.4802,13.4501,13.4199,13.3896,13.3594,13.329,13.2987,13.2683,13.252,13.278,13.304,13.3298,13.3556,13.3813,13.4069,13.4324,13.4578,13.4831,13.5117,13.5409,13.5699,13.5987,13.6272,13.6554,13.6833,13.711,13.7383,13.7245,13.6246,13.5244,13.4242,13.3237,13.2231,13.1224,13.0215,12.9204,12.8191,12.7549,12.6969,12.6389,12.5809,12.5228,12.4646,12.4065,12.3483,12.2901,12.2321,12.1746,12.1173,12.0603,12.0035,11.947,11.8908,11.8349,11.7792,11.7239,11.7584,11.8005,11.8425,11.8844,11.9264,11.9683,12.0101,12.052,12.0938,12.0664,11.9559,11.8452,11.7346,11.6239,11.5131,11.4023,11.2915,11.1806,11.0697,10.9094,10.7481,10.5864,10.4245,10.2624,10.0999,9.9372,9.7742,9.6109,9.4714,9.3548,9.2385,9.1223,9.0063,8.8905,8.775,8.6596,8.5444,8.4304,8.3422,8.2539,8.1656,8.0772,7.9888,7.9004,7.8119,7.7234
15.592,15.5375,15.4832,15.429,15.375,15.3211,15.2673,15.2136,15.16,15.0776,14.9674,14.8572,14.747,14.6367,14.5264,14.4161,14.3057,14.1953,14.0866,14.0172,13.9477,13.878,13.8082,13.7382,13.6681,13.5979,13.5276,13.4572,13.4042,13.3642,13.324,13.2838,13.2434,13.203,13.1625,13.1219,13.0812,13.0502,13.099,13.1478,13.1965,13.2453,13.294,13.3427,13.3914,13.4401,13.4888,13.5138,13.5256,13.5375,13.5493,13.5611,13.5729,13.5848,13.5966,13.6085,13.6159,13.6026,13.5893,13.576,13.5627,13.5493,13.5359,13.5225,13.509,13.4954,13.4689,13.4372,13.4054,13.3737,13.3418,13.31,13.2781,13.2462,13.2142,13.1954,13.2178,13.2401,13.2624,13.2845,13.3066,13.3286,13.3504,13.3722,13.3939,13.4143,13.4341,13.4537,13.4731,13.4922,13.511,13.5295,13.5478,13.5657,13.5462,13.443,13.3397,13.2363,13.1327,13.0289,12.925,12.8209,12.7167,12.6122,12.5477,12.4907,12.4337,12.3767,12.3196,12.2625,12.2054,12.1483,12.0911,12.0365,11.9866,11.937,11.8876,11.8385,11.7896,11.741,11.6928,11.6448,11.5971,11.6303,11.6726,11.7148,11.757,11.7992,11.8414,11.8835,11.9256,11.9676,11.9444,11.8338,11.7231,11.6124,11.5017,11.3909,11.2801,11.1692,11.0583,10.9474,10.7851,10.6202,10.455,10.2895,10.1237,9.9577,9.7914,9.6248,9.458,9.3167,9.2037,9.0909,8.9783,8.8659,8.7536,8.6416,8.5297,8.4181,8.3067,8.2185,8.1302,8.0419,7.9536,7.8652,7.7768,7.6884,7.5999
15.5224,15.4632,15.4042,15.3453,15.2866,15.2279,15.1694,15.1111,15.0528,14.9672,14.857,14.7467,14.6364,14.5261,14.4157,14.3053,14.1949,14.0844,13.9764,13.9119,13.8472,13.7824,13.7175,13.6524,13.5872,13.5218,13.4564,13.3908,13.3433,13.3086,13.2738,13.2389,13.2039,13.1688,13.1337,13.0984,13.0631,13.0375,13.088,13.1385,13.1889,13.2393,13.2897,13.3401,13.3905,13.4409,13.4912,13.5185,13.5331,13.5477,13.5622,13.5768,13.5913,13.6059,13.6205,13.635,13.6435,13.6229,13.6023,13.5817,13.561,13.5403,13.5196,13.4988,13.478,13.4571,13.4275,13.3942,13.3608,13.3275,13.2941,13.2606,13.2272,13.1936,13.1601,13.1389,13.1576,13.1763,13.1949,13.2135,13.2319,13.2503,13.2685,13.2867,13.3048,13.3171,13.3276,13.3378,13.3477,13.3574,13.3668,13.376,13.3848,13.3934,13.3679,13.2616,13.1551,13.0485,12.9418,12.8348,12.7277,12.6205,12.5131,12.4055,12.3404,12.2845,12.2285,12.1725,12.1165,12.0604,12.0043,11.9482,11.892,11.8407,11.7984,11.7564,11.7146,11.6731,11.6319,11.591,11.5503,11.5099,11.4699,11.5022,11.5447,11.5872,11.6297,11.6721,11.7145,11.7568,11.7991,11.8414,11.8224,11.7117,11.601,11.4903,11.3795,11.2687,11.1579,11.0469,10.936,10.825,10.661,10.4925,10.3237,10.1546,9.9853,9.8157,9.6458,9.4757,9.3052,9.1618,9.0524,8.9431,8.834,8.7251,8.6164,8.5079,8.3996,8.2916,8.1837,8.0948,8.0066,7.9183,7.83,7.7416,7.6532,7.5648,7.4763
15.4526,15.3888,15.325,15.2615,15.198,15.1347,15.0715,15.0084,14.9454,14.8569,14.7466,14.6362,14.5259,14.4154,14.305,14.1945,14.084,13.9735,13.8663,13.8067,13.7469,13.6869,13.6268,13.5666,13.5063,13.4458,13.3852,13.3245,13.2824,13.2531,13.2237,13.1941,13.1645,13.1348,13.1049,13.0751,13.0451,13.0249,13.0771,13.1292,13.1813,13.2334,13.2855,13.3376,13.3896,13.4417,13.4937,13.5233,13.5406,13.5579,13.5752,13.5925,13.6097,13.627,13.6443,13.6616,13.6711,13.6431,13.6152,13.5873,13.5594,13.5314,13.5033,13.4753,13.4471,13.419,13.3861,13.3512,13.3162,13.2813,13.2463,13.2113,13.1762,13.1411,13.106,13.0824,13.0975,13.1126,13.1276,13.1425,13.1573,13.1721,13.1867,13.2013,13.2157,13.2202,13.2212,13.222,13.2226,13.2229,13.2229,13.2226,13.2221,13.2212,13.1897,13.0802,12.9706,12.8608,12.7509,12.6408,12.5306,12.4202,12.3096,12.1988,12.1331,12.0782,12.0233,11.9683,11.9133,11.8582,11.8032,11.7481,11.6929,11.6445,11.6099,11.5755,11.5413,11.5075,11.4739,11.4405,11.4075,11.3748,11.3423,11.3741,11.4168,11.4596,11.5023,11.5449,11.5875,11.6301,11.6727,11.7153,11.7003,11.5897,11.4789,11.3682,11.2574,11.1465,11.0356,10.9247,10.8137,10.7026,10.5372,10.365,10.1927,10.02,9.8471,9.6739,9.5005,9.3268,9.1528,9.0067,8.9008,8.7951,8.6895,8.5842,8.479,8.3741,8.2693,8.1648,8.0604,7.9711,7.8829,7.7946,7.7063,7.618,7.5296,7.4412,7.3527
15.3827,15.3142,15.2457,15.1774,15.1093,15.0412,14.9733,14.9055,14.8379,14.7465,14.6361,14.5257,14.4153,14.3048,14.1943,14.0838,13.9732,13.8626,13.7564,13.7016,13.6466,13.5915,13.5363,13.481,13.4255,13.3699,13.3141,13.2583,13.2217,13.1977,13.1736,13.1494,13.1251,13.1008,13.0763,13.0518,13.0271,13.0123,13.0662,13.12,13.1738,13.2276,13.2813,13.3351,13.3888,13.4425,13.4962,13.5281,13.5481,13.5681,13.5881,13.6081,13.6281,13.6482,13.6682,13.6882,13.6986,13.6634,13.6282,13.593,13.5577,13.5224,13.4871,13.4517,13.4163,13.3808,13.3446,13.3082,13.2717,13.2351,13.1986,13.162,13.1253,13.0887,13.052,13.0259,13.0375,13.0489,13.0603,13.0716,13.0828,13.0939,13.1049,13.1159,13.1267,13.1234,13.115,13.1065,13.0976,13.0885,13.0792,13.0695,13.0596,13.0494,13.0116,12.8989,12.7862,12.6732,12.5602,12.4469,12.3335,12.2199,12.1062,11.9923,11.9258,11.8719,11.818,11.764,11.71,11.656,11.602,11.5479,11.4938,11.448,11.421,11.3942,11.3677,11.3415,11.3155,11.2898,11.2644,11.2392,11.2144,11.246,11.2889,11.3319,11.3748,11.4177,11.4606,11.5035,11.5463,11.5891,11.5783,11.4676,11.3568,11.246,11.1352,11.0243,10.9134,10.8024,10.6914,10.5803,10.4135,10.2378,10.0619,9.8856,9.7092,9.5324,9.3554,9.1781,9.0005,8.8513,8.749,8.6468,8.5448,8.443,8.3414,8.2399,8.1387,8.0377,7.9369,7.8474,7.7592,7.671,7.5827,7.4944,7.406,7.3176,7.2292
15.3126,15.2394,15.1663,15.0933,15.0204,14.9477,14.8751,14.8026,14.7302,14.6361,14.5257,14.4152,14.3047,14.1942,14.0836,13.973,13.8624,13.7517,13.6465,13.5966,13.5465,13.4963,13.4459,13.3954,13.3448,13.294,13.2432,13.1922,13.161,13.1424,13.1236,13.1048,13.0859,13.0668,13.0477,13.0285,13.0092,12.9997,13.0553,13.1108,13.1662,13.2217,13.2771,13.3325,13.3879,13.4433,13.4987,13.5328,13.5556,13.5783,13.6011,13.6238,13.6465,13.6693,13.692,13.7148,13.7262,13.6837,13.6412,13.5987,13.5561,13.5136,13.4709,13.4283,13.3855,13.3427,13.3032,13.2652,13.2271,13.189,13.1509,13.1127,13.0745,13.0362,12.9979,12.9695,12.9774,12.9853,12.9931,13.0007,13.0083,13.0158,13.0233,13.0306,13.0378,13.0268,13.0091,12.9911,12.9729,12.9544,12.9357,12.9167,12.8974,12.8778,12.8335,12.7178,12.6018,12.4857,12.3695,12.2531,12.1365,12.0198,11.9029,11.7859,11.7184,11.6655,11.6126,11.5597,11.5068,11.4538,11.4007,11.3477,11.2946,11.2512,11.2318,11.2127,11.1938,11.1752,11.1568,11.1387,11.1209,11.1034,11.0862,11.1178,11.161,11.2042,11.2474,11.2906,11.3337,11.3768,11.4198,11.4628,11.4563,11.3455,11.2347,11.1239,11.013,10.9021,10.7911,10.6801,10.569,10.4579,10.29,10.1108,9.9313,9.7515,9.5714,9.3911,9.2105,9.0296,8.8485,8.6957,8.5969,8.4983,8.3998,8.3015,8.2034,8.1056,8.0079,7.9104,7.8131,7.7237,7.6355,7.5473,7.4591,7.3707,7.2824,7.194,7.1056
15.2424,15.1644,15.0866,15.0089,14.9314,14.8539,14.7766,14.6994,14.6224,14.5257,14.4152,14.3047,14.1941,14.0835,13.9729,13.8622,13.7515,13.6408,13.5368,13.4917,13.4465,13.4011,13.3556,13.31,13.2642,13.2183,13.1723,13.1262,13.1004,13.0871,13.0737,13.0602,13.0466,13.033,13.0192,13.0053,12.9914,12.9872,13.0444,13.1015,13.1587,13.2158,13.2729,13.33,13.3871,13.4442,13.5013,13.5376,13.5631,13.5886,13.614,13.6395,13.6649,13.6904,13.7159,13.7413,13.7539,13.7041,13.6543,13.6044,13.5546,13.5047,13.4548,13.4048,13.3548,13.3047,13.2619,13.2222,13.1826,13.1429,13.1031,13.0634,13.0236,12.9838,12.9439,12.9132,12.9175,12.9217,12.9259,12.9299,12.9339,12.9378,12.9416,12.9453,12.9489,12.9304,12.9033,12.876,12.8484,12.8206,12.7925,12.7641,12.7354,12.7064,12.6556,12.5367,12.4176,12.2983,12.1789,12.0594,11.9397,11.8198,11.6997,11.5795,11.511,11.4592,11.4073,11.3554,11.3034,11.2515,11.1995,11.1474,11.0954,11.0542,11.0424,11.0308,11.0195,11.0085,10.9977,10.9873,10.9771,10.9672,10.9576,10.9896,11.0331,11.0766,11.12,11.1634,11.2067,11.2501,11.2933,11.3366,11.3343,11.2235,11.1126,11.0018,10.8908,10.7799,10.6689,10.5578,10.4467,10.3356,10.1668,9.984,9.8009,9.6175,9.4339,9.25,9.0658,8.8814,8.6967,8.5399,8.4446,8.3495,8.2546,8.1598,8.0653,7.9709,7.8768,7.7829,7.6891,7.6,7.5118,7.4236,7.3354,7.2471,7.1588,7.0704,6.982
15.172,15.0893,15.0068,14.9244,14.8422,14.76,14.678,14.5962,14.5144,14.4153,14.3048,14.1942,14.0836,13.9729,13.8622,13.7515,13.6407,13.5299,13.4272,13.387,13.3466,13.3061,13.2654,13.2246,13.1837,13.1427,13.1015,13.0602,13.0399,13.032,13.0239,13.0158,13.0075,12.9992,12.9908,12.9822,12.9737,12.9746,13.0335,13.0923,13.1512,13.21,13.2688,13.3275,13.3863,13.445,13.5038,13.5425,13.5706,13.5988,13.627,13.6552,13.6834,13.7115,13.7397,13.7679,13.7815,13.7244,13.6673,13.6102,13.5531,13.4959,13.4387,13.3814,13.3241,13.2668,13.2205,13.1793,13.138,13.0968,13.0555,13.0141,12.9728,12.9314,12.8899,12.8569,12.8576,12.8582,12.8588,12.8592,12.8596,12.8599,12.8601,12.8602,12.8602,12.8343,12.7978,12.7611,12.7241,12.6869,12.6494,12.6117,12.5736,12.5353,12.4777,12.3557,12.2334,12.111,11.9885,11.8658,11.7429,11.6199,11.4967,11.3733,11.3036,11.2527,11.2019,11.151,11.1001,11.0491,10.9981,10.9471,10.8961,10.8568,10.8526,10.8486,10.845,10.8415,10.8384,10.8355,10.8329,10.8306,10.8286,10.8615,10.9052,10.9489,10.9925,11.0362,11.0798,11.1233,11.1669,11.2104,11.2122,11.1014,10.9905,10.8796,10.7687,10.6577,10.5466,10.4355,10.3244,10.2132,10.0438,9.8574,9.6707,9.4838,9.2966,9.1091,8.9214,8.7334,8.5451,8.3838,8.2921,8.2005,8.1091,8.0179,7.9269,7.8361,7.7455,7.655,7.5648,7.4763,7.3882,7.3,7.2118,7.1235,7.0352,6.9468,6.8584
15.1014,15.014,14.9268,14.8398,14.7528,14.666,14.5793,14.4927,14.4063,14.3049,14.1943,14.0837,13.973,13.8622,13.7515,13.6407,13.5298,13.419,13.3177,13.2823,13.2468,13.2111,13.1753,13.1394,13.1033,13.0671,13.0308,12.9944,12.9795,12.9769,12.9742,12.9714,12.9685,12.9655,12.9624,12.9592,12.956,12.9621,13.0227,13.0832,13.1437,13.2041,13.2646,13.325,13.3855,13.4459,13.5063,13.5473,13.5782,13.6091,13.64,13.6709,13.7018,13.7327,13.7636,13.7945,13.8091,13.7448,13.6804,13.616,13.5516,13.4871,13.4226,13.3581,13.2935,13.2288,13.1791,13.1363,13.0935,13.0507,13.0078,12.9649,12.9219,12.879,12.8359,12.8007,12.7977,12.7948,12.7917,12.7886,12.7853,12.782,12.7786,12.7751,12.7715,12.7383,12.6925,12.6464,12.6001,12.5535,12.5067,12.4595,12.4121,12.3644,12.3,12.1747,12.0493,11.9238,11.7981,11.6722,11.5462,11.42,11.2937,11.1672,11.0961,11.0463,10.9964,10.9466,10.8967,10.8468,10.7968,10.7468,10.6968,10.6591,10.6625,10.6661,10.6701,10.6742,10.6787,10.6834,10.6884,10.6937,10.6993,10.7333,10.7772,10.8212,10.8651,10.9089,10.9528,10.9966,11.0404,11.0841,11.0902,10.9793,10.8684,10.7575,10.6465,10.5355,10.4244,10.3133,10.2021,10.0909,9.921,9.731,9.5408,9.3503,9.1595,8.9685,8.7772,8.5856,8.3938,8.2276,8.1393,8.0513,7.9634,7.8757,7.7883,7.701,7.6139,7.527,7.4403,7.3526,7.2645,7.1763,7.0881,6.9999,6.9116,6.8232,6.7349
15.0306,14.9386,14.8467,14.7549,14.6633,14.5718,14.4804,14.3892,14.298,14.1946,14.0839,13.9731,13.8624,13.7516,13.6408,13.5299,13.419,13.3081,13.2083,13.1778,13.1471,13.1163,13.0853,13.0542,13.023,12.9917,12.9602,12.9286,12.9192,12.922,12.9246,12.9271,12.9295,12.9318,12.9341,12.9362,12.9383,12.9496,13.0118,13.074,13.1362,13.1983,13.2605,13.3226,13.3847,13.4468,13.5089,13.5521,13.5857,13.6194,13.653,13.6866,13.7202,13.7538,13.7874,13.821,13.8368,13.7651,13.6935,13.6218,13.5501,13.4784,13.4066,13.3348,13.2629,13.191,13.1378,13.0934,13.049,13.0046,12.9601,12.9157,12.8711,12.8266,12.782,12.7445,12.738,12.7314,12.7247,12.7179,12.7111,12.7042,12.6972,12.6901,12.6828,12.6425,12.5873,12.5319,12.4762,12.4203,12.3641,12.3076,12.2509,12.1938,12.1223,11.9939,11.8654,11.7367,11.6078,11.4788,11.3496,11.2203,11.0908,10.9611,10.8886,10.8398,10.791,10.7421,10.6933,10.6443,10.5954,10.5464,10.4974,10.4611,10.4721,10.4833,10.4948,10.5066,10.5187,10.531,10.5436,10.5565,10.5696,10.6051,10.6493,10.6935,10.7376,10.7817,10.8258,10.8698,10.9139,10.9579,10.9682,10.8573,10.7463,10.6354,10.5243,10.4133,10.3022,10.191,10.0798,9.9685,9.7984,9.6048,9.411,9.217,9.0227,8.8281,8.6332,8.4381,8.2426,8.071,7.9863,7.9018,7.8175,7.7333,7.6494,7.5656,7.482,7.3987,7.3155,7.2289,7.1408,7.0526,6.9645,6.8762,6.788,6.6997,6.6113
14.9597,14.863,14.7664,14.67,14.5737,14.4775,14.3814,14.2855,14.1896,14.0842,13.9734,13.8626,13.7518,13.6409,13.53,13.4191,13.3082,13.1972,13.099,13.0733,13.0475,13.0215,12.9954,12.9692,12.9428,12.9163,12.8897,12.8629,12.859,12.8671,12.875,12.8829,12.8906,12.8983,12.9058,12.9133,12.9208,12.9371,13.001,13.0649,13.1287,13.1925,13.2563,13.3201,13.3839,13.4477,13.5114,13.557,13.5933,13.6296,13.666,13.7023,13.7386,13.7749,13.8113,13.8476,13.8645,13.7855,13.7066,13.6277,13.5487,13.4697,13.3906,13.3115,13.2324,13.1532,13.0964,13.0505,13.0045,12.9585,12.9125,12.8665,12.8204,12.7742,12.7281,12.6883,12.6782,12.668,12.6578,12.6474,12.637,12.6264,12.6158,12.6051,12.5943,12.5469,12.4824,12.4176,12.3526,12.2873,12.2218,12.156,12.0898,12.0234,11.9447,11.8131,11.6815,11.5496,11.4176,11.2855,11.1532,11.0207,10.888,10.7552,10.681,10.6333,10.5855,10.5376,10.4898,10.4419,10.394,10.346,10.298,10.2627,10.2814,10.3002,10.3193,10.3387,10.3583,10.3782,10.3984,10.4189,10.4396,10.4769,10.5213,10.5657,10.6101,10.6545,10.6988,10.7431,10.7873,10.8316,10.8462,10.7352,10.6243,10.5132,10.4022,10.2911,10.1799,10.0687,9.9575,9.8462,9.676,9.4789,9.2815,9.0839,8.886,8.6879,8.4894,8.2907,8.0918,7.9143,7.8331,7.7521,7.6713,7.5907,7.5102,7.43,7.35,7.2701,7.1905,7.1052,7.0171,6.929,6.8408,6.7526,6.6643,6.5761,6.4877
14.8886,14.7872,14.686,14.5848,14.4838,14.383,14.2822,14.1816,14.0811,13.9738,13.863,13.7521,13.6412,13.5303,13.4193,13.3083,13.1973,13.0862,12.9899,12.969,12.948,12.9269,12.9056,12.8842,12.8627,12.841,12.8192,12.7974,12.7989,12.8123,12.8256,12.8387,12.8518,12.8648,12.8777,12.8905,12.9032,12.9247,12.9902,13.0557,13.1212,13.1867,13.2522,13.3177,13.3831,13.4485,13.514,13.5618,13.6009,13.6399,13.6789,13.718,13.757,13.7961,13.8351,13.8742,13.8921,13.8059,13.7197,13.6335,13.5473,13.461,13.3747,13.2883,13.2019,13.1154,13.0551,13.0076,12.9601,12.9125,12.8649,12.8173,12.7696,12.7219,12.6742,12.6322,12.6185,12.6047,12.5909,12.5769,12.5629,12.5488,12.5345,12.5202,12.5058,12.4515,12.3776,12.3035,12.2292,12.1546,12.0797,12.0045,11.9291,11.8533,11.7672,11.6325,11.4976,11.3627,11.2275,11.0922,10.9568,10.8211,10.6854,10.5494,10.4734,10.4267,10.3799,10.3331,10.2863,10.2394,10.1925,10.1456,10.0986,10.0641,10.0903,10.1168,10.1434,10.1704,10.1976,10.2251,10.2529,10.2809,10.3093,10.3486,10.3933,10.438,10.4826,10.5272,10.5718,10.6163,10.6608,10.7053,10.7241,10.6132,10.5022,10.3911,10.28,10.1689,10.0577,9.9465,9.8352,9.7239,9.5538,9.3531,9.1522,8.951,8.7496,8.5479,8.3459,8.1437,7.9411,7.7573,7.6796,7.6022,7.5249,7.4478,7.3709,7.2941,7.2176,7.1413,7.0652,6.9815,6.8934,6.8053,6.7172,6.629,6.5407,6.4525,6.3641
14.8173,14.7113,14.6053,14.4995,14.3939,14.2883,14.1829,14.0776,13.9724,13.8634,13.7525,13.6416,13.5306,13.4196,13.3086,13.1976,13.0865,12.9753,12.8808,12.8648,12.8487,12.8324,12.8159,12.7994,12.7827,12.7658,12.7489,12.7319,12.7389,12.7576,12.7762,12.7947,12.8131,12.8314,12.8496,12.8677,12.8858,12.9122,12.9794,13.0466,13.1138,13.181,13.2481,13.3152,13.3823,13.4494,13.5165,13.5667,13.6084,13.6502,13.692,13.7337,13.7754,13.8172,13.859,13.9007,13.9198,13.8264,13.7329,13.6394,13.5459,13.4524,13.3588,13.2652,13.1715,13.0778,13.0138,12.9647,12.9156,12.8665,12.8173,12.7681,12.7189,12.6696,12.6203,12.5762,12.5589,12.5415,12.524,12.5065,12.4889,12.4711,12.4533,12.4354,12.4174,12.3563,12.2731,12.1897,12.106,12.022,11.9378,11.8533,11.7685,11.6834,11.5897,11.4519,11.3139,11.1758,11.0375,10.8991,10.7605,10.6217,10.4828,10.3437,10.2658,10.2201,10.1743,10.1285,10.0827,10.0369,9.991,9.9451,9.8991,9.8652,9.899,9.933,9.9673,10.0018,10.0366,10.0717,10.107,10.1426,10.1786,10.2204,10.2653,10.3102,10.3551,10.3999,10.4447,10.4895,10.5343,10.579,10.6021,10.4911,10.3801,10.269,10.1579,10.0467,9.9355,9.8242,9.7129,9.6015,9.4318,9.2276,9.0231,8.8184,8.6134,8.4081,8.2026,7.9968,7.7907,7.6001,7.5259,7.452,7.3782,7.3046,7.2312,7.1579,7.0845,7.0112,6.938,6.8557,6.7676,6.6795,6.5916,6.5037,6.416,6.3284,6.2408
14.7459,14.6352,14.5246,14.4141,14.3037,14.1935,14.0834,13.9734,13.8636,13.753,13.642,13.531,13.42,13.309,13.1979,13.0868,12.9756,12.8644,12.7719,12.7607,12.7494,12.7379,12.7263,12.7146,12.7027,12.6908,12.6786,12.6664,12.6789,12.703,12.7269,12.7507,12.7744,12.798,12.8216,12.845,12.8684,12.8998,12.9687,13.0375,13.1064,13.1752,13.244,13.3128,13.3816,13.4504,13.5191,13.5716,13.616,13.6605,13.705,13.7494,13.7939,13.8383,13.8828,13.9273,13.9475,13.8468,13.7461,13.6454,13.5446,13.4438,13.343,13.2421,13.1411,13.0401,12.9725,12.9218,12.8712,12.8205,12.7697,12.7189,12.6681,12.6173,12.5664,12.5202,12.4993,12.4783,12.4573,12.4361,12.4149,12.3936,12.3722,12.3507,12.3291,12.2613,12.1688,12.076,11.983,11.8897,11.7962,11.7023,11.6082,11.5138,11.4124,11.2714,11.1303,10.989,10.8476,10.706,10.5643,10.4224,10.2803,10.1381,10.0582,10.0135,9.9687,9.9239,9.8791,9.8343,9.7894,9.7445,9.6996,9.666,9.7074,9.7489,9.7908,9.8329,9.8752,9.9179,9.9608,10.004,10.0474,10.0912,10.1354,10.1795,10.2233,10.2669,10.3102,10.3534,10.3964,10.4391,10.4642,10.3512,10.2381,10.1249,10.0116,9.8982,9.7846,9.671,9.5572,9.4433,9.2742,9.0686,8.8631,8.6578,8.4527,8.2477,8.0429,7.8383,7.6339,7.4411,7.3693,7.2976,7.226,7.1545,7.083,7.0117,6.9405,6.8694,6.7984,6.7187,6.6325,6.5465,6.4605,6.3747,6.289,6.2033,6.1178
14.6497,14.5425,14.4351,14.3274,14.2194,14.1112,14.0028,13.8941,13.7852,13.6771,13.5692,13.461,13.3526,13.244,13.1352,13.0262,12.9169,12.8076,12.7183,12.7107,12.703,12.6952,12.6873,12.6793,12.6711,12.6629,12.6546,12.6463,12.661,12.6862,12.7115,12.7369,12.7624,12.7879,12.8135,12.8392,12.865,12.8983,12.9655,13.0329,13.1003,13.1678,13.2355,13.3031,13.3709,13.4387,13.5065,13.559,13.6041,13.6491,13.6942,13.7392,13.7842,13.8292,13.8741,13.919,13.9386,13.8311,13.7236,13.616,13.5083,13.4006,13.2928,13.1849,13.077,12.9689,12.8961,12.8415,12.7867,12.7318,12.6767,12.6214,12.566,12.5104,12.4546,12.4028,12.375,12.3469,12.3186,12.29,12.2612,12.232,12.2026,12.1729,12.1429,12.0677,11.9674,11.8669,11.7663,11.6657,11.565,11.4642,11.3633,11.2623,11.1559,11.014,10.8722,10.7305,10.5888,10.4471,10.3055,10.164,10.0226,9.8813,9.8039,9.7653,9.727,9.6891,9.6514,9.614,9.577,9.5403,9.5039,9.4769,9.5222,9.5676,9.613,9.6585,9.7041,9.7497,9.7954,9.8411,9.887,9.9301,9.9711,10.012,10.0526,10.0931,10.1333,10.1733,10.2131,10.2526,10.2788,10.1649,10.0509,9.9368,9.8225,9.7082,9.5937,9.4791,9.3644,9.2495,9.085,8.8831,8.6814,8.4799,8.2786,8.0774,7.8765,7.6757,7.475,7.2816,7.212,7.1425,7.0731,7.0037,6.9345,6.8654,6.7963,6.7274,6.6586,6.5815,6.4974,6.4133,6.3294,6.2455,6.1618,6.0781,5.9946
14.5432,14.4425,14.3415,14.2403,14.1388,14.0371,13.9351,13.8329,13.7305,13.6295,13.5289,13.4281,13.3271,13.2258,13.1243,13.0227,12.9208,12.8188,12.7377,12.7356,12.7334,12.731,12.7286,12.726,12.7234,12.7207,12.7178,12.7149,12.7287,12.7497,12.7707,12.7919,12.8132,12.8345,12.8559,12.8773,12.8989,12.9271,12.984,13.0411,13.0982,13.1555,13.2128,13.2702,13.3277,13.3852,13.4428,13.4868,13.5244,13.5619,13.5995,13.637,13.6746,13.712,13.7495,13.7869,13.7996,13.6879,13.5761,13.4643,13.3524,13.2405,13.1284,13.0163,12.9041,12.7918,12.7116,12.6483,12.5848,12.5211,12.4573,12.3934,12.3292,12.2649,12.2004,12.1396,12.1022,12.0645,12.0266,11.9885,11.9501,11.9114,11.8724,11.8331,11.7936,11.7165,11.6174,11.5183,11.4192,11.3199,11.2205,11.1211,11.0216,10.922,10.818,10.6818,10.5456,10.4095,10.2734,10.1374,10.0015,9.8657,9.7299,9.5942,9.5237,9.4958,9.4682,9.4408,9.4138,9.387,9.3606,9.3345,9.3088,9.2901,9.3383,9.3866,9.435,9.4834,9.5319,9.5804,9.629,9.6777,9.7265,9.7691,9.807,9.8447,9.8822,9.9194,9.9565,9.9933,10.0299,10.0663,10.0935,9.9787,9.8637,9.7487,9.6335,9.5182,9.4028,9.2873,9.1716,9.0558,8.8954,8.6974,8.4995,8.3018,8.1043,7.9069,7.7098,7.5128,7.3159,7.122,7.0546,6.9873,6.92,6.8529,6.7858,6.7189,6.652,6.5852,6.5186,6.4442,6.3621,6.28,6.1981,6.1162,6.0345,5.9528,5.8713
14.4369,14.3426,14.2481,14.1533,14.0583,13.9631,13.8676,13.7719,13.676,13.5821,13.4889,13.3954,13.3017,13.2078,13.1137,13.0194,12.9249,12.8302,12.7573,12.7606,12.7639,12.767,12.77,12.773,12.7758,12.7785,12.7812,12.7837,12.7963,12.8131,12.8299,12.8469,12.8639,12.881,12.8982,12.9154,12.9327,12.9558,13.0024,13.0492,13.0961,13.1431,13.1901,13.2373,13.2845,13.3317,13.379,13.4146,13.4447,13.4748,13.5048,13.5349,13.5649,13.5949,13.6249,13.6548,13.6607,13.5447,13.4287,13.3127,13.1965,13.0803,12.9641,12.8477,12.7313,12.6147,12.5272,12.4551,12.3829,12.3106,12.2381,12.1654,12.0926,12.0195,11.9463,11.8765,11.8295,11.7823,11.7349,11.6871,11.6392,11.5909,11.5424,11.4936,11.4444,11.3651,11.2675,11.1698,11.072,10.9741,10.8761,10.778,10.6799,10.5816,10.4799,10.3494,10.2188,10.0884,9.958,9.8276,9.6973,9.5671,9.437,9.3069,9.2432,9.2259,9.2089,9.1922,9.1758,9.1596,9.1438,9.1284,9.1132,9.1032,9.1543,9.2055,9.2568,9.3081,9.3595,9.411,9.4625,9.5142,9.5658,9.6083,9.643,9.6775,9.7118,9.7459,9.7798,9.8135,9.847,9.8802,9.9083,9.7925,9.6766,9.5606,9.4445,9.3283,9.2119,9.0955,8.9789,8.8622,8.7057,8.5115,8.3174,8.1235,7.9298,7.7362,7.5428,7.3496,7.1566,6.9638,6.897,6.8319,6.7668,6.7018,6.637,6.5722,6.5075,6.443,6.3785,6.3068,6.2266,6.1465,6.0666,5.9867,5.907,5.8273,5.7478
14.3308,14.243,14.155,14.0667,13.9781,13.8893,13.8003,13.7111,13.6216,13.5349,13.449,13.3629,13.2766,13.19,13.1033,13.0163,12.9291,12.8418,12.777,12.7858,12.7945,12.8031,12.8116,12.82,12.8283,12.8365,12.8446,12.8526,12.8638,12.8764,12.889,12.9018,12.9146,12.9275,12.9404,12.9535,12.9666,12.9843,13.0207,13.0572,13.0939,13.1306,13.1674,13.2042,13.2412,13.2781,13.3151,13.3423,13.3649,13.3875,13.4101,13.4327,13.4553,13.4778,13.5003,13.5227,13.5218,13.4016,13.2813,13.161,13.0407,12.9202,12.7997,12.6791,12.5585,12.4377,12.3428,12.2621,12.1812,12.1002,12.019,11.9376,11.856,11.7743,11.6924,11.6135,11.557,11.5002,11.4432,11.386,11.3284,11.2706,11.2125,11.1542,11.0955,11.0138,10.9175,10.8212,10.7247,10.6282,10.5316,10.4349,10.3381,10.2412,10.1417,10.0168,9.8919,9.7671,9.6423,9.5176,9.393,9.2684,9.1439,9.0195,8.9624,8.9557,8.9493,8.9432,8.9374,8.9319,8.9267,8.9218,8.9173,8.9161,8.9702,9.0243,9.0785,9.1328,9.1871,9.2415,9.2959,9.3505,9.4051,9.4476,9.4791,9.5105,9.5417,9.5726,9.6033,9.6339,9.6642,9.6942,9.7231,9.6064,9.4895,9.3726,9.2556,9.1384,9.0211,8.9038,8.7862,8.6686,8.5158,8.3253,8.135,7.9449,7.755,7.5652,7.3756,7.1862,6.997,6.808,6.7393,6.6763,6.6135,6.5507,6.488,6.4254,6.3629,6.3005,6.2382,6.1692,6.091,6.0129,5.935,5.8571,5.7793,5.7017,5.6241
14.2249,14.1436,14.062,13.9802,13.8981,13.8158,13.7332,13.6505,13.5674,13.488,13.4094,13.3307,13.2516,13.1724,13.093,13.0134,12.9336,12.8536,12.7968,12.8111,12.8252,12.8393,12.8532,12.8671,12.8809,12.8945,12.9081,12.9216,12.9313,12.9396,12.9481,12.9566,12.9652,12.9739,12.9826,12.9914,13.0003,13.0128,13.0389,13.0652,13.0915,13.118,13.1445,13.1711,13.1978,13.2245,13.2512,13.2701,13.2852,13.3003,13.3154,13.3305,13.3456,13.3607,13.3757,13.3906,13.3829,13.2584,13.134,13.0094,12.8848,12.7602,12.6354,12.5106,12.3857,12.2607,12.1586,12.0691,11.9795,11.8898,11.7999,11.7098,11.6196,11.5291,11.4385,11.3507,11.2846,11.2183,11.1518,11.0849,11.0179,10.9505,10.8829,10.8149,10.7467,10.6624,10.5675,10.4725,10.3774,10.2823,10.187,10.0917,9.9963,9.9008,9.8034,9.6841,9.5648,9.4456,9.3265,9.2074,9.0884,8.9695,8.8506,8.7318,8.6812,8.6851,8.6893,8.6938,8.6986,8.7037,8.7091,8.7148,8.7209,8.7289,8.7859,8.843,8.9001,8.9573,9.0145,9.0718,9.1292,9.1866,9.2442,9.287,9.3154,9.3436,9.3716,9.3994,9.427,9.4544,9.4815,9.5084,9.5351,9.4203,9.3025,9.1847,9.0667,8.9486,8.8304,8.7121,8.5936,8.4751,8.3256,8.1389,7.9524,7.7661,7.58,7.394,7.2082,7.0226,6.8371,6.6519,6.5815,6.5207,6.46,6.3994,6.3388,6.2784,6.2181,6.1579,6.0978,6.0314,5.9553,5.8792,5.8032,5.7273,5.6516,5.5759,5.5003
14.1193,14.0444,13.9693,13.8939,13.8183,13.7425,13.6664,13.59,13.5135,13.4413,13.37,13.2986,13.2269,13.155,13.083,13.0107,12.9382,12.8655,12.8167,12.8365,12.8561,12.8756,12.895,12.9143,12.9336,12.9527,12.9717,12.9907,12.9987,13.0028,13.007,13.0113,13.0157,13.0202,13.0248,13.0294,13.034,13.0411,13.057,13.073,13.0891,13.1053,13.1216,13.1379,13.1543,13.1708,13.1873,13.1977,13.2054,13.213,13.2207,13.2283,13.2359,13.2435,13.2511,13.2586,13.2439,13.1153,12.9866,12.8578,12.729,12.6001,12.4711,12.3421,12.2129,12.0837,11.9744,11.8762,11.778,11.6795,11.5809,11.4822,11.3832,11.2841,11.1848,11.088,11.0124,10.9365,10.8604,10.7841,10.7075,10.6306,10.5534,10.4759,10.3982,10.311,10.2175,10.1239,10.0301,9.9363,9.8425,9.7485,9.6544,9.5603,9.4648,9.3512,9.2376,9.124,9.0105,8.8971,8.7837,8.6704,8.5571,8.444,8.3996,8.4141,8.4289,8.444,8.4594,8.4751,8.4911,8.5074,8.5241,8.5417,8.6016,8.6615,8.7216,8.7816,8.8418,8.902,8.9623,9.0227,9.0831,9.1266,9.1519,9.1769,9.2018,9.2264,9.2508,9.275,9.299,9.3228,9.3463,9.2342,9.1156,8.9968,8.8779,8.7588,8.6397,8.5205,8.4011,8.2816,8.1352,7.9523,7.7696,7.5871,7.4047,7.2225,7.0405,6.8587,6.6771,6.4956,6.4235,6.3648,6.3063,6.2479,6.1895,6.1313,6.0732,6.0151,5.9572,5.8935,5.8194,5.7453,5.6713,5.5974,5.5236,5.45,5.3764
14.0139,13.9455,13.8768,13.8079,13.7387,13.6693,13.5997,13.5298,13.4597,13.3947,13.3308,13.2667,13.2024,13.1378,13.0731,13.0081,12.943,12.8777,12.8368,12.862,12.8871,12.9121,12.9369,12.9617,12.9864,13.0109,13.0354,13.0599,13.066,13.0659,13.0659,13.0661,13.0662,13.0665,13.0668,13.0672,13.0677,13.0693,13.075,13.0807,13.0866,13.0925,13.0986,13.1047,13.1108,13.117,13.1233,13.1254,13.1256,13.1257,13.1259,13.1261,13.1263,13.1264,13.1265,13.1265,13.105,12.9722,12.8392,12.7062,12.5732,12.4401,12.3069,12.1736,12.0402,11.9068,11.7903,11.6834,11.5765,11.4694,11.3621,11.2546,11.147,11.0392,10.9312,10.8255,10.7403,10.6549,10.5693,10.4834,10.3972,10.3108,10.2241,10.1371,10.0498,9.9596,9.8674,9.7752,9.6828,9.5904,9.4979,9.4052,9.3126,9.2198,9.1262,9.0182,8.9102,8.8022,8.6943,8.5865,8.4788,8.3711,8.2635,8.156,8.1177,8.1428,8.1682,8.1939,8.2198,8.2461,8.2727,8.2997,8.3269,8.3545,8.4171,8.48,8.5429,8.6059,8.669,8.7321,8.7953,8.8586,8.9219,8.9664,8.9885,9.0104,9.0321,9.0535,9.0748,9.0959,9.1167,9.1373,9.1577,9.0482,8.9286,8.8089,8.6891,8.5691,8.4491,8.3289,8.2086,8.0882,7.9445,7.7655,7.5866,7.4078,7.2292,7.0508,6.8726,6.6946,6.5167,6.3391,6.2653,6.2089,6.1525,6.0963,6.0401,5.9841,5.9281,5.8722,5.8165,5.7555,5.6833,5.6112,5.5392,5.4673,5.3955,5.3239,5.2523
13.9087,13.8468,13.7846,13.7221,13.6594,13.5964,13.5332,13.4698,13.4062,13.3484,13.2919,13.2351,13.1781,13.1209,13.0634,13.0058,12.948,12.89,12.857,12.8876,12.9182,12.9486,12.9789,13.0092,13.0393,13.0693,13.0993,13.1291,13.1333,13.129,13.1248,13.1207,13.1167,13.1127,13.1089,13.1051,13.1013,13.0974,13.0928,13.0883,13.084,13.0797,13.0755,13.0713,13.0672,13.0632,13.0592,13.053,13.0457,13.0384,13.0312,13.0239,13.0166,13.0092,13.0019,12.9944,12.9661,12.829,12.6919,12.5547,12.4174,12.2801,12.1426,12.0051,11.8675,11.7299,11.6062,11.4907,11.3751,11.2593,11.1433,11.0272,10.9109,10.7944,10.6777,10.5631,10.4684,10.3734,10.2783,10.1828,10.0872,9.9912,9.895,9.7984,9.7016,9.6081,9.5173,9.4264,9.3354,9.2444,9.1532,9.062,8.9707,8.8793,8.7874,8.685,8.5826,8.4803,8.378,8.2758,8.1737,8.0716,7.9697,7.8678,7.8354,7.8711,7.9071,7.9433,7.9799,8.0168,8.0539,8.0915,8.1293,8.1675,8.2325,8.2983,8.3641,8.43,8.496,8.5621,8.6282,8.6944,8.7606,8.8063,8.8252,8.844,8.8625,8.8808,8.899,8.9169,8.9345,8.952,8.9692,8.8623,8.7418,8.6211,8.5004,8.3795,8.2585,8.1374,8.0161,7.8948,7.7537,7.5784,7.4033,7.2283,7.0535,6.8789,6.7045,6.5302,6.3561,6.1823,6.107,6.0528,5.9986,5.9445,5.8905,5.8366,5.7829,5.7292,5.6756,5.6174,5.5471,5.477,5.407,5.3371,5.2673,5.1976,5.128
13.8038,13.7483,13.6925,13.6365,13.5802,13.5237,13.467,13.41,13.3528,13.3024,13.2531,13.2036,13.154,13.1041,13.054,13.0037,12.9532,12.9025,12.8773,12.9134,12.9494,12.9853,13.0211,13.0567,13.0923,13.1278,13.1632,13.1985,13.2004,13.192,13.1836,13.1753,13.167,13.1589,13.1508,13.1428,13.1349,13.1254,13.1106,13.0959,13.0813,13.0667,13.0523,13.0379,13.0236,13.0093,12.9951,12.9806,12.9658,12.9511,12.9364,12.9216,12.9069,12.8921,12.8773,12.8624,12.8272,12.6859,12.5446,12.4031,12.2616,12.1201,11.9784,11.8367,11.6949,11.553,11.4222,11.2981,11.1737,11.0493,10.9246,10.7998,10.6749,10.5497,10.4243,10.3008,10.1966,10.0921,9.9874,9.8825,9.7773,9.6718,9.566,9.46,9.3536,9.2566,9.1672,9.0777,8.988,8.8983,8.8085,8.7187,8.6287,8.5387,8.4484,8.3516,8.2549,8.1582,8.0615,7.965,7.8684,7.772,7.6756,7.5794,7.5527,7.599,7.6456,7.6924,7.7396,7.787,7.8348,7.8829,7.9313,7.9801,8.0478,8.1165,8.1852,8.254,8.3229,8.3919,8.4609,8.53,8.5992,8.6463,8.6621,8.6777,8.6931,8.7083,8.7232,8.738,8.7525,8.7668,8.7809,8.6764,8.5549,8.4334,8.3117,8.1899,8.0679,7.9459,7.8237,7.7015,7.5626,7.3911,7.2198,7.0486,6.8776,6.7067,6.5361,6.3656,6.1953,6.0252,5.9486,5.8965,5.8445,5.7926,5.7408,5.6891,5.6375,5.586,5.5346,5.479,5.4108,5.3427,5.2747,5.2067,5.1389,5.0712,5.0036
13.6991,13.65,13.6007,13.5511,13.5013,13.4512,13.4009,13.3504,13.2996,13.2565,13.2146,13.1724,13.13,13.0875,13.0447,13.0017,12.9585,12.9152,12.8978,12.9393,12.9808,13.0221,13.0633,13.1044,13.1454,13.1864,13.2272,13.268,13.2675,13.2549,13.2423,13.2298,13.2174,13.205,13.1928,13.1806,13.1684,13.1533,13.1283,13.1033,13.0785,13.0537,13.029,13.0044,12.9799,12.9554,12.931,12.9081,12.8859,12.8638,12.8416,12.8194,12.7972,12.7749,12.7527,12.7303,12.6884,12.5428,12.3972,12.2516,12.1059,11.9601,11.8142,11.6683,11.5222,11.3761,11.2383,11.1055,10.9725,10.8394,10.7061,10.5726,10.4389,10.3051,10.1711,10.0386,9.9249,9.8109,9.6967,9.5823,9.4675,9.3525,9.2373,9.1217,9.0058,8.9051,8.817,8.7289,8.6406,8.5523,8.4638,8.3753,8.2867,8.198,8.1093,8.0181,7.927,7.8359,7.7449,7.6539,7.563,7.4722,7.3814,7.2908,7.2697,7.3266,7.3837,7.4411,7.4988,7.5569,7.6152,7.6738,7.7328,7.7922,7.8629,7.9345,8.0062,8.0779,8.1497,8.2216,8.2935,8.3655,8.4376,8.4865,8.4992,8.5116,8.5238,8.5359,8.5477,8.5593,8.5707,8.5819,8.5928,8.4906,8.3682,8.2457,8.1231,8.0003,7.8775,7.7545,7.6314,7.5082,7.3713,7.2036,7.036,6.8686,6.7014,6.5343,6.3675,6.2008,6.0342,5.8679,5.79,5.7401,5.6903,5.6405,5.5909,5.5414,5.4919,5.4426,5.3934,5.3406,5.2743,5.2082,5.1422,5.0762,5.0104,4.9447,4.879
13.5946,13.552,13.5091,13.4659,13.4225,13.3789,13.3351,13.291,13.2467,13.2109,13.1762,13.1414,13.1063,13.0711,13.0356,12.9999,12.9641,12.928,12.9184,12.9654,13.0122,13.059,13.1057,13.1522,13.1987,13.245,13.2913,13.3375,13.3346,13.3177,13.3009,13.2842,13.2676,13.2511,13.2346,13.2182,13.2019,13.1811,13.1458,13.1106,13.0756,13.0406,13.0057,12.9709,12.9361,12.9014,12.8667,12.8356,12.806,12.7764,12.7468,12.7171,12.6875,12.6578,12.6281,12.5983,12.5495,12.3997,12.2499,12.1001,11.9501,11.8001,11.65,11.4999,11.3496,11.1993,11.0545,10.913,10.7713,10.6295,10.4876,10.3454,10.2031,10.0606,9.918,9.7766,9.6534,9.5299,9.4062,9.2822,9.158,9.0335,8.9087,8.7836,8.6582,8.5536,8.4669,8.38,8.2931,8.2062,8.1191,8.0319,7.9447,7.8574,7.77,7.6844,7.5989,7.5135,7.428,7.3427,7.2574,7.1722,7.0871,7.002,6.9864,7.0538,7.1215,7.1895,7.2577,7.3263,7.3952,7.4644,7.534,7.6039,7.678,7.7525,7.827,7.9017,7.9764,8.0511,8.126,8.2009,8.2759,8.3268,8.3363,8.3456,8.3547,8.3636,8.3723,8.3808,8.389,8.397,8.4048,8.3048,8.1815,8.058,7.9345,7.8108,7.687,7.5631,7.4391,7.315,7.1798,7.0158,6.852,6.6884,6.525,6.3617,6.1986,6.0357,5.8729,5.7104,5.6313,5.5835,5.5359,5.4883,5.4409,5.3935,5.3462,5.2991,5.252,5.202,5.1377,5.0736,5.0095,4.9456,4.8817,4.818,4.7543
13.4904,13.4542,13.4177,13.381,13.344,13.3068,13.2694,13.2318,13.1939,13.1654,13.1381,13.1106,13.0828,13.0549,13.0267,12.9983,12.9698,12.9411,12.9391,12.9915,13.0438,13.096,13.1481,13.2001,13.252,13.3038,13.3555,13.4072,13.4015,13.3805,13.3595,13.3386,13.3178,13.2971,13.2764,13.2558,13.2353,13.2087,13.1632,13.1179,13.0726,13.0274,12.9823,12.9373,12.8923,12.8474,12.8025,12.7631,12.726,12.689,12.6519,12.6148,12.5777,12.5406,12.5035,12.4663,12.4106,12.2567,12.1026,11.9486,11.7944,11.6402,11.4859,11.3315,11.1771,11.0225,10.8707,10.7206,10.5703,10.4198,10.2692,10.1184,9.9674,9.8163,9.6649,9.5148,9.382,9.249,9.1158,8.9823,8.8486,8.7146,8.5803,8.4457,8.3108,8.202,8.1166,8.0312,7.9456,7.86,7.7743,7.6885,7.6026,7.5167,7.4307,7.3506,7.2707,7.1908,7.111,7.0313,6.9516,6.872,6.7925,6.7131,6.7026,6.7806,6.8589,6.9374,7.0162,7.0954,7.1748,7.2546,7.3347,7.4152,7.4929,7.5703,7.6478,7.7253,7.8029,7.8806,7.9583,8.0361,8.114,8.1673,8.1737,8.1798,8.1858,8.1915,8.1971,8.2024,8.2075,8.2124,8.217,8.119,7.9948,7.8704,7.746,7.6214,7.4967,7.3718,7.2469,7.1218,6.988,6.8278,6.6678,6.508,6.3483,6.1888,6.0295,5.8703,5.7114,5.5526,5.4724,5.4268,5.3814,5.336,5.2907,5.2455,5.2004,5.1554,5.1105,5.0632,5.001,4.9388,4.8767,4.8147,4.7529,4.6911,4.6295
13.3864,13.3566,13.3266,13.2963,13.2657,13.235,13.204,13.1727,13.1413,13.1202,13.1002,13.08,13.0595,13.0389,13.018,12.9969,12.9757,12.9543,12.96,13.0178,13.0756,13.1332,13.1907,13.2481,13.3055,13.3627,13.4199,13.4769,13.4684,13.4432,13.418,13.3929,13.3679,13.343,13.3182,13.2934,13.2687,13.2363,13.1806,13.125,13.0695,13.0141,12.9588,12.9036,12.8484,12.7933,12.7382,12.6905,12.646,12.6016,12.5571,12.5126,12.468,12.4235,12.3789,12.3342,12.2717,12.1136,11.9553,11.7971,11.6387,11.4803,11.3218,11.1632,11.0045,10.8458,10.687,10.5282,10.3693,10.2102,10.0509,9.8914,9.7318,9.572,9.412,9.253,9.1108,8.9683,8.8256,8.6826,8.5394,8.3958,8.2521,8.108,7.9636,7.8504,7.7664,7.6823,7.5981,7.5138,7.4295,7.3451,7.2606,7.176,7.0913,7.0166,6.9423,6.8681,6.7939,6.7197,6.6457,6.5717,6.4978,6.4239,6.4186,6.5071,6.5959,6.685,6.7744,6.864,6.954,7.0444,7.135,7.226,7.3077,7.388,7.4684,7.5488,7.6293,7.7099,7.7905,7.8713,7.9521,8.0079,8.0112,8.0142,8.017,8.0196,8.022,8.0242,8.0261,8.0279,8.0294,7.9333,7.8082,7.6829,7.5575,7.432,7.3063,7.1806,7.0547,6.9287,6.796,6.6396,6.4834,6.3273,6.1714,6.0157,5.8601,5.7048,5.5496,5.3946,5.3134,5.27,5.2276,5.1884,5.1492,5.1101,5.071,5.0319,4.9929,4.9521,4.8954,4.8388,4.7822,4.7257,4.6692,4.6127,4.5563
13.2826,13.2592,13.2356,13.2118,13.1876,13.1633,13.1387,13.1139,13.0889,13.0752,13.0625,13.0496,13.0364,13.0231,13.0095,12.9957,12.9818,12.9677,12.9809,13.0442,13.1074,13.1705,13.2334,13.2963,13.359,13.4217,13.4843,13.5468,13.5353,13.5058,13.4765,13.4472,13.418,13.3889,13.3599,13.3309,13.302,13.2637,13.1978,13.132,13.0663,13.0008,12.9352,12.8698,12.8044,12.7391,12.6738,12.6179,12.566,12.5141,12.4622,12.4102,12.3583,12.3063,12.2543,12.2022,12.1329,11.9705,11.8081,11.6456,11.483,11.3204,11.1577,10.9949,10.832,10.6691,10.5034,10.336,10.1684,10.0006,9.8327,9.6646,9.4963,9.3279,9.1593,8.9914,8.8397,8.6877,8.5355,8.383,8.2303,8.0773,7.924,7.7704,7.6166,7.4988,7.4161,7.3334,7.2506,7.1676,7.0847,7.0016,6.9184,6.8352,6.7519,6.6825,6.6138,6.5452,6.4766,6.408,6.3395,6.2711,6.2028,6.1346,6.1341,6.2332,6.3325,6.4322,6.5321,6.6323,6.7329,6.8337,6.9349,7.0365,7.1224,7.2056,7.2889,7.3722,7.4575,7.5431,7.6285,7.7136,7.7984,7.8581,7.8596,7.8607,7.8616,7.8622,7.8625,7.8625,7.8621,7.8615,7.8605,7.7674,7.6425,7.5175,7.3924,7.2671,7.1417,7.0162,6.8906,6.7649,6.6352,6.4892,6.344,6.1993,6.0554,5.9121,5.7696,5.6277,5.4866,5.3462,5.2701,5.2315,5.1931,5.1546,5.1162,5.0779,5.0396,5.0013,4.9631,4.9237,4.8677,4.8118,4.7559,4.7,4.6442,4.5885,4.5328
13.2466,13.2259,13.205,13.184,13.1629,13.1416,13.1203,13.0988,13.0773,13.0658,13.0552,13.0446,13.034,13.0234,13.0128,13.0022,12.9915,12.9809,12.9973,13.0605,13.1239,13.1874,13.251,13.3147,13.3785,13.4424,13.5064,13.5705,13.5558,13.523,13.4902,13.4575,13.4249,13.3923,13.3597,13.3272,13.2947,13.2515,13.1779,13.1043,13.0307,12.9572,12.8836,12.8101,12.7365,12.663,12.5894,12.5254,12.4654,12.4053,12.3452,12.2851,12.2249,12.1647,12.1044,12.044,11.9668,11.7983,11.6296,11.4608,11.2919,11.1229,10.9537,10.7844,10.6149,10.4452,10.2731,10.0993,9.9254,9.7514,9.5773,9.403,9.2287,9.0542,8.8797,8.7059,8.5496,8.3933,8.2369,8.0805,7.924,7.7675,7.6109,7.4544,7.2978,7.1817,7.1069,7.0323,6.9578,6.8836,6.8096,6.7359,6.6624,6.5891,6.5162,6.4588,6.4028,6.347,6.2915,6.2364,6.1817,6.1273,6.0733,6.0196,6.0285,6.1351,6.2418,6.3485,6.4552,6.5619,6.6687,6.7756,6.8824,6.9894,7.0749,7.156,7.2368,7.3173,7.3976,7.4777,7.5575,7.637,7.7162,7.7724,7.7684,7.7642,7.7597,7.7549,7.7498,7.7444,7.7387,7.7327,7.7264,7.6339,7.5077,7.3813,7.2549,7.1283,7.0015,6.8747,6.7477,6.6206,6.4922,6.3579,6.2243,6.0913,5.959,5.8274,5.6965,5.5663,5.4369,5.3081,5.2339,5.1961,5.1584,5.1208,5.0832,5.0456,5.0081,4.9706,4.9331,4.8952,4.8399,4.7847,4.7295,4.6743,4.6192,4.5642,4.5092
13.2275,13.2102,13.1928,13.1753,13.1576,13.1398,13.1219,13.1039,13.0858,13.0752,13.065,13.0549,13.0447,13.0346,13.0244,13.0142,13.004,12.9938,13.0094,13.0674,13.1255,13.1838,13.2422,13.3006,13.3592,13.4179,13.4766,13.5355,13.5154,13.4782,13.4411,13.4041,13.3671,13.3301,13.2932,13.2563,13.2195,13.1716,13.093,13.0145,12.9359,12.8574,12.7789,12.7005,12.622,12.5435,12.465,12.3925,12.3224,12.2523,12.1822,12.1121,12.042,11.9718,11.9015,11.8312,11.744,11.5654,11.3867,11.2078,11.0289,10.8498,10.6705,10.4911,10.3116,10.1319,9.9554,9.7812,9.6069,9.4324,9.2579,9.0832,8.9084,8.7335,8.5585,8.3844,8.2318,8.0792,7.9265,7.7738,7.621,7.4682,7.3153,7.1625,7.0096,6.9008,6.8388,6.777,6.7153,6.6539,6.5927,6.5317,6.471,6.4106,6.3504,6.3056,6.2623,6.2193,6.1766,6.1342,6.0922,6.0506,6.0093,5.9684,5.9831,6.091,6.199,6.307,6.415,6.5231,6.6312,6.7393,6.8475,6.9557,7.0375,7.113,7.1883,7.2632,7.338,7.4125,7.4867,7.5606,7.6343,7.6869,7.6776,7.668,7.6581,7.6479,7.6374,7.6267,7.6156,7.6042,7.5925,7.5006,7.373,7.2453,7.1174,6.9895,6.8614,6.7332,6.6048,6.4764,6.3485,6.2259,6.1039,5.9826,5.862,5.742,5.6228,5.5042,5.3864,5.2693,5.1976,5.1606,5.1237,5.0869,5.05,5.0133,4.9765,4.9398,4.9032,4.8666,4.8121,4.7575,4.703,4.6486,4.5942,4.5398,4.4855
13.2086,13.1947,13.1808,13.1667,13.1525,13.1381,13.1237,13.1091,13.0945,13.0846,13.0749,13.0652,13.0554,13.0457,13.036,13.0263,13.0165,13.0068,13.0214,13.0742,13.1271,13.1801,13.2332,13.2865,13.3398,13.3932,13.4468,13.5004,13.4749,13.4334,13.392,13.3506,13.3092,13.2679,13.2266,13.1854,13.1442,13.0915,13.008,12.9246,12.8411,12.7577,12.6742,12.5908,12.5074,12.4239,12.3405,12.2594,12.1794,12.0994,12.0193,11.9392,11.859,11.7789,11.6986,11.6183,11.5212,11.3325,11.1438,10.9549,10.7658,10.5767,10.3874,10.1979,10.0083,9.8186,9.6378,9.4631,9.2883,9.1135,8.9385,8.7634,8.5882,8.4128,8.2374,8.0628,7.9139,7.765,7.616,7.467,7.3179,7.1688,7.0197,6.8705,6.7213,6.6197,6.5704,6.5214,6.4725,6.4239,6.3755,6.3273,6.2794,6.2317,6.1843,6.1521,6.1215,6.0912,6.0612,6.0316,6.0024,5.9735,5.9449,5.9168,5.9377,6.0469,6.1562,6.2655,6.3748,6.4842,6.5936,6.7031,6.8125,6.9221,7.0004,7.0703,7.14,7.2094,7.2786,7.3475,7.4162,7.4846,7.5527,7.6016,7.5869,7.572,7.5567,7.5412,7.5253,7.5092,7.4927,7.476,7.4589,7.3673,7.2384,7.1093,6.9801,6.8508,6.7213,6.5918,6.4621,6.3322,6.2041,6.0932,5.9828,5.8732,5.7642,5.6559,5.5482,5.4413,5.3351,5.2297,5.1613,5.1251,5.089,5.0529,5.0169,4.9809,4.9449,4.909,4.8731,4.8373,4.7842,4.7303,4.6765,4.6228,4.5691,4.5154,4.4618
13.1898,13.1794,13.1688,13.1582,13.1474,13.1366,13.1256,13.1145,13.1033,13.094,13.0847,13.0754,13.0662,13.0569,13.0476,13.0383,13.029,13.0197,13.0333,13.0808,13.1285,13.1763,13.2242,13.2722,13.3203,13.3685,13.4168,13.4652,13.4344,13.3885,13.3427,13.297,13.2513,13.2056,13.16,13.1144,13.0689,13.0115,12.923,12.8346,12.7462,12.6578,12.5695,12.4811,12.3927,12.3043,12.2159,12.1264,12.0364,11.9463,11.8563,11.7662,11.6761,11.5859,11.4957,11.4054,11.2985,11.0997,10.9009,10.7019,10.5029,10.3037,10.1043,9.9048,9.7052,9.5053,9.3201,9.145,8.9698,8.7945,8.6191,8.4435,8.2679,8.0921,7.9162,7.7411,7.596,7.4507,7.3055,7.1601,7.0148,6.8694,6.7239,6.5785,6.433,6.3382,6.3018,6.2655,6.2294,6.1936,6.1579,6.1225,6.0874,6.0525,6.0179,5.9982,5.9803,5.9627,5.9455,5.9286,5.9121,5.8959,5.8801,5.8647,5.8922,6.0027,6.1133,6.2239,6.3346,6.4453,6.556,6.6667,6.7775,6.8884,6.9634,7.0278,7.0919,7.1558,7.2194,7.2828,7.3459,7.4087,7.4713,7.5166,7.4966,7.4762,7.4556,7.4347,7.4135,7.392,7.3701,7.348,7.3255,7.2341,7.1038,6.9734,6.8428,6.7121,6.5813,6.4504,6.3194,6.1882,6.0591,5.9597,5.861,5.763,5.6656,5.569,5.473,5.3777,5.2832,5.1893,5.1249,5.0895,5.0542,5.0189,4.9837,4.9484,4.9133,4.8781,4.8431,4.808,4.7562,4.7031,4.65,4.597,4.544,4.491,4.4381
13.1711,13.1641,13.157,13.1498,13.1425,13.1351,13.1275,13.1199,13.1121,13.1034,13.0946,13.0857,13.0769,13.0681,13.0593,13.0504,13.0416,13.0327,13.045,13.0873,13.1298,13.1723,13.215,13.2578,13.3007,13.3436,13.3867,13.4299,13.3938,13.3436,13.2934,13.2433,13.1933,13.1433,13.0933,13.0434,12.9935,12.9313,12.838,12.7446,12.6513,12.558,12.4646,12.3713,12.278,12.1847,12.0914,11.9933,11.8933,11.7933,11.6933,11.5932,11.4932,11.393,11.2928,11.1925,11.0757,10.8669,10.658,10.449,10.2399,10.0307,9.8213,9.6118,9.4021,9.1922,9.0025,8.8269,8.6513,8.4756,8.2997,8.1237,7.9476,7.7714,7.5951,7.4194,7.278,7.1364,6.9949,6.8532,6.7116,6.5699,6.4281,6.2864,6.1446,6.0565,6.0328,6.0093,5.986,5.9629,5.9401,5.9174,5.8951,5.873,5.8511,5.8439,5.8388,5.8339,5.8294,5.8253,5.8215,5.818,5.8149,5.8123,5.8467,5.9585,6.0704,6.1823,6.2943,6.4063,6.5183,6.6303,6.7424,6.8546,6.9267,6.9855,7.0441,7.1024,7.1605,7.2183,7.2759,7.3332,7.3902,7.4319,7.4064,7.3807,7.3548,7.3285,7.3019,7.275,7.2478,7.2203,7.1925,7.101,6.9693,6.8375,6.7056,6.5736,6.4414,6.3091,6.1767,6.0442,5.9133,5.8256,5.7385,5.6521,5.5664,5.4814,5.397,5.3134,5.2304,5.1482,5.0885,5.0539,5.0194,4.9848,4.9504,4.9159,4.8816,4.8472,4.8129,4.7787,4.7282,4.6758,4.6234,4.5711,4.5188,4.4665,4.4143
13.1525,13.149,13.1453,13.1416,13.1377,13.1337,13.1296,13.1254,13.1211,13.1128,13.1044,13.0961,13.0877,13.0793,13.0709,13.0625,13.0541,13.0457,13.0566,13.0937,13.1309,13.1683,13.2057,13.2433,13.2809,13.3187,13.3565,13.3945,13.3531,13.2985,13.2441,13.1896,13.1352,13.0809,13.0266,12.9723,12.9181,12.8511,12.7528,12.6546,12.5563,12.458,12.3598,12.2616,12.1633,12.0651,11.9668,11.8601,11.7502,11.6402,11.5303,11.4202,11.3102,11.2001,11.0899,10.9797,10.853,10.6341,10.4152,10.1962,9.977,9.7578,9.5383,9.3188,9.099,8.8791,8.6848,8.5089,8.3328,8.1566,7.9803,7.8039,7.6274,7.4507,7.274,7.0977,6.9599,6.8221,6.6842,6.5463,6.4083,6.2703,6.1323,5.9942,5.8561,5.7746,5.7636,5.7529,5.7423,5.732,5.7219,5.712,5.7024,5.6931,5.684,5.6893,5.6968,5.7047,5.713,5.7215,5.7304,5.7397,5.7493,5.7594,5.8011,5.9143,6.0275,6.1407,6.2539,6.3672,6.4805,6.5939,6.7073,6.8208,6.8902,6.9435,6.9965,7.0493,7.1018,7.1541,7.2061,7.2578,7.3093,7.3473,7.3166,7.2855,7.2542,7.2225,7.1906,7.1583,7.1258,7.0929,7.0597,6.9679,6.8349,6.7018,6.5685,6.4351,6.3016,6.1679,6.0342,5.9003,5.7669,5.6908,5.6154,5.5406,5.4665,5.393,5.3203,5.2483,5.1769,5.1064,5.052,5.0182,4.9845,4.9507,4.917,4.8834,4.8498,4.8162,4.7827,4.7493,4.7002,4.6484,4.5968,4.5451,4.4935,4.4419,4.3904
13.134,13.134,13.1338,13.1335,13.133,13.1325,13.1318,13.1311,13.1301,13.1222,13.1143,13.1064,13.0984,13.0905,13.0826,13.0746,13.0666,13.0587,13.0681,13.1,13.132,13.1641,13.1963,13.2287,13.2611,13.2936,13.3263,13.359,13.3123,13.2534,13.1946,13.1358,13.0771,13.0184,12.9598,12.9012,12.8426,12.7709,12.6677,12.5645,12.4613,12.3581,12.2549,12.1518,12.0486,11.9454,11.8422,11.727,11.607,11.4871,11.3672,11.2472,11.1272,11.0072,10.887,10.7668,10.6302,10.4014,10.1724,9.9434,9.7142,9.4849,9.2554,9.0258,8.7961,8.5661,8.3672,8.1908,8.0143,7.8377,7.6609,7.4841,7.3071,7.13,6.9529,6.7759,6.6418,6.5076,6.3735,6.2392,6.105,5.9706,5.8363,5.7019,5.5675,5.4923,5.4941,5.4962,5.4984,5.5008,5.5034,5.5063,5.5095,5.5128,5.5165,5.5343,5.5546,5.5752,5.5961,5.6174,5.639,5.661,5.6833,5.7061,5.7555,5.87,5.9845,6.099,6.2135,6.3281,6.4428,6.5574,6.6721,6.7869,6.854,6.9017,6.9492,6.9964,7.0434,7.0901,7.1366,7.1827,7.2287,7.2631,7.227,7.1905,7.1538,7.1168,7.0795,7.0419,7.004,6.9658,6.9272,6.835,6.7006,6.5661,6.4314,6.2967,6.1618,6.0268,5.8917,5.7565,5.6211,5.5553,5.4915,5.4283,5.3658,5.304,5.2428,5.1824,5.1227,5.0637,5.0155,4.9825,4.9495,4.9166,4.8837,4.8508,4.818,4.7852,4.7525,4.7198,4.6721,4.6211,4.5701,4.5191,4.4682,4.4173,4.3665
13.1157,13.1191,13.1223,13.1254,13.1285,13.1314,13.1341,13.1368,13.1391,13.1317,13.1242,13.1167,13.1092,13.1017,13.0942,13.0867,13.0792,13.0717,13.0795,13.1062,13.1329,13.1598,13.1869,13.214,13.2412,13.2685,13.2959,13.3234,13.2715,13.2083,13.1451,13.082,13.0189,12.9559,12.8929,12.83,12.7671,12.6906,12.5825,12.4743,12.3662,12.2581,12.15,12.0419,11.9338,11.8257,11.7176,11.5937,11.4639,11.334,11.2041,11.0742,10.9442,10.8142,10.6842,10.554,10.4075,10.1686,9.9297,9.6906,9.4514,9.2121,8.9726,8.733,8.4932,8.2532,8.0496,7.8727,7.6958,7.5187,7.3415,7.1643,6.9869,6.8094,6.6317,6.454,6.3236,6.1932,6.0627,5.9321,5.8016,5.6709,5.5403,5.4096,5.2789,5.2098,5.2244,5.2391,5.2541,5.2693,5.2847,5.3003,5.3162,5.3323,5.3487,5.379,5.412,5.4453,5.4789,5.5129,5.5472,5.5818,5.6169,5.6523,5.7098,5.8256,5.9414,6.0572,6.1731,6.289,6.4049,6.5209,6.6369,6.753,6.8179,6.8601,6.902,6.9437,6.9852,7.0263,7.0673,7.1079,7.1483,7.1791,7.1376,7.0958,7.0537,7.0114,6.9687,6.9258,6.8825,6.8389,6.795,6.702,6.5663,6.4304,6.2945,6.1584,6.0221,5.8858,5.7493,5.6127,5.476,5.4191,5.3669,5.3153,5.2644,5.2142,5.1647,5.1159,5.0677,5.0204,4.9789,4.9467,4.9145,4.8823,4.8502,4.8181,4.7861,4.7541,4.7222,4.6903,4.6439,4.5936,4.5433,4.493,4.4428,4.3927,4.3425
13.0975,13.1043,13.111,13.1175,13.124,13.1303,13.1365,13.1427,13.1481,13.1411,13.1341,13.1271,13.12,13.113,13.1059,13.0988,13.0918,13.0847,13.0908,13.1122,13.1338,13.1555,13.1772,13.1992,13.2212,13.2432,13.2654,13.2877,13.2306,13.163,13.0955,13.0281,12.9607,12.8933,12.826,12.7587,12.6915,12.6103,12.4972,12.3841,12.2711,12.1581,12.045,11.932,11.819,11.706,11.5929,11.4605,11.3207,11.1808,11.041,10.9011,10.7612,10.6213,10.4813,10.3412,10.1848,9.9359,9.6869,9.4378,9.1886,8.9393,8.6898,8.4402,8.1904,7.9404,7.7319,7.5547,7.3773,7.1998,7.0222,6.8445,6.6666,6.4887,6.3106,6.1325,6.0054,5.8786,5.7518,5.625,5.4981,5.3712,5.2442,5.1172,4.9902,4.927,4.9543,4.9818,5.0095,5.0374,5.0656,5.0939,5.1225,5.1514,5.1805,5.2233,5.269,5.315,5.3613,5.4079,5.455,5.5023,5.5501,5.5982,5.6641,5.7812,5.8983,6.0154,6.1326,6.2498,6.367,6.4843,6.6016,6.719,6.7821,6.8187,6.8551,6.8913,6.9272,6.9628,6.9982,7.0333,7.0682,7.0953,7.0485,7.0013,6.9539,6.9062,6.8582,6.8099,6.7613,6.7124,6.6631,6.5692,6.4321,6.2949,6.1576,6.0201,5.8825,5.7448,5.607,5.4691,5.331,5.2822,5.2416,5.2016,5.1623,5.1237,5.0858,5.0485,5.012,4.9762,4.9423,4.9109,4.8794,4.8481,4.8167,4.7854,4.7542,4.723,4.6918,4.6607,4.6157,4.5661,4.5165,4.4669,4.4174,4.368,4.3185
13.0794,13.0896,13.0998,13.1098,13.1196,13.1294,13.1391,13.1486,13.1572,13.1506,13.144,13.1374,13.1308,13.1242,13.1176,13.111,13.1044,13.0977,13.1019,13.1181,13.1345,13.151,13.1675,13.1842,13.201,13.2179,13.2349,13.2519,13.1896,13.1177,13.0459,12.9741,12.9024,12.8307,12.759,12.6874,12.6159,12.5299,12.4119,12.2939,12.1759,12.058,11.94,11.8221,11.7042,11.5862,11.4683,11.3271,11.1774,11.0276,10.8779,10.7281,10.5782,10.4283,10.2784,10.1284,9.9621,9.7032,9.4442,9.1851,8.9259,8.6666,8.4071,8.1474,7.8876,7.6276,7.4143,7.2366,7.0588,6.8808,6.7028,6.5247,6.3464,6.168,5.9895,5.8109,5.6871,5.564,5.4409,5.3178,5.1945,5.0713,4.948,4.8247,4.7014,4.644,4.684,4.7243,4.7647,4.8053,4.8461,4.8872,4.9286,4.9702,5.012,5.0673,5.1256,5.1843,5.2433,5.3027,5.3623,5.4224,5.4828,5.5436,5.6184,5.7368,5.8552,5.9736,6.0921,6.2106,6.3291,6.4477,6.5663,6.685,6.7465,6.7776,6.8085,6.8391,6.8695,6.8996,6.9294,6.959,6.9883,7.0118,6.9596,6.9071,6.8544,6.8013,6.748,6.6943,6.6403,6.5861,6.5315,6.4364,6.298,6.1594,6.0207,5.8819,5.743,5.604,5.4648,5.3255,5.186,5.1446,5.1156,5.0872,5.0595,5.0325,5.0061,4.9805,4.9556,4.9314,4.9056,4.875,4.8443,4.8137,4.7832,4.7527,4.7222,4.6918,4.6614,4.6311,4.5875,4.5386,4.4896,4.4408,4.392,4.3432,4.2945
13.0614,13.0751,13.0887,13.1021,13.1154,13.1286,13.1417,13.1547,13.1662,13.1601,13.1539,13.1478,13.1416,13.1355,13.1293,13.1231,13.117,13.1108,13.1129,13.1239,13.1351,13.1463,13.1577,13.1692,13.1808,13.1925,13.2042,13.2161,13.1485,13.0723,12.9962,12.9201,12.844,12.768,12.692,12.6161,12.5402,12.4494,12.3265,12.2036,12.0807,11.9579,11.835,11.7122,11.5893,11.4665,11.3436,11.1938,11.0341,10.8744,10.7147,10.555,10.3952,10.2354,10.0755,9.9156,9.7395,9.4706,9.2016,8.9325,8.6632,8.3939,8.1244,7.8547,7.5849,7.3149,7.0967,6.9185,6.7403,6.5619,6.3834,6.2049,6.0262,5.8474,5.6684,5.4894,5.3688,5.2494,5.13,5.0105,4.8909,4.7714,4.6518,4.5322,4.4125,4.3607,4.4134,4.4664,4.5195,4.5729,4.6264,4.6802,4.7343,4.7886,4.8432,4.9109,4.9819,5.0533,5.125,5.197,5.2693,5.3421,5.4152,5.4886,5.5726,5.6923,5.812,5.9317,6.0515,6.1713,6.2911,6.411,6.5309,6.6509,6.7111,6.7367,6.762,6.7871,6.812,6.8365,6.8609,6.8849,6.9087,6.9285,6.871,6.8132,6.7551,6.6967,6.638,6.579,6.5197,6.46,6.4001,6.3037,6.1639,6.024,5.884,5.7438,5.6035,5.4631,5.3226,5.182,5.0412,5.0063,4.9889,4.9721,4.956,4.9405,4.9258,4.9117,4.8984,4.8857,4.8689,4.839,4.8092,4.7794,4.7496,4.7199,4.6902,4.6605,4.6309,4.6014,4.5592,4.511,4.4627,4.4146,4.3665,4.3184,4.2703
13.0436,13.0607,13.0777,13.0945,13.1113,13.1279,13.1444,13.1609,13.1752,13.1696,13.1639,13.1582,13.1525,13.1468,13.141,13.1353,13.1296,13.1238,13.1238,13.1296,13.1356,13.1416,13.1478,13.1541,13.1604,13.1669,13.1735,13.1801,13.1074,13.0269,12.9464,12.866,12.7856,12.7052,12.6249,12.5447,12.4644,12.3689,12.2411,12.1133,11.9855,11.8577,11.7299,11.6022,11.4744,11.3466,11.2189,11.0604,10.8908,10.7212,10.5516,10.3819,10.2122,10.0425,9.8726,9.7028,9.5168,9.2379,8.9589,8.6798,8.4006,8.1213,7.8418,7.5621,7.2823,7.0023,6.779,6.6005,6.4218,6.243,6.0641,5.8851,5.7059,5.5267,5.3473,5.1679,5.0504,4.9347,4.8189,4.7031,4.5873,4.4714,4.3555,4.2396,4.1236,4.0771,4.1426,4.2082,4.2741,4.3401,4.4064,4.4729,4.5397,4.6067,4.674,4.7542,4.8379,4.9219,5.0062,5.0909,5.1759,5.2613,5.3471,5.4332,5.5268,5.6478,5.7688,5.8898,6.0109,6.132,6.2531,6.3743,6.4955,6.6167,6.676,6.696,6.7158,6.7354,6.7547,6.7738,6.7925,6.8111,6.8293,6.8455,6.7826,6.7195,6.656,6.5923,6.5282,6.4639,6.3993,6.3343,6.269,6.1711,6.03,5.8887,5.7473,5.6058,5.4642,5.3224,5.1805,5.0385,4.8964,4.8674,4.8615,4.8563,4.8517,4.8479,4.8447,4.8422,4.8404,4.8393,4.8321,4.803,4.7739,4.7449,4.7159,4.687,4.6581,4.6292,4.6004,4.5716,4.5309,4.4833,4.4358,4.3883,4.3409,4.2935,4.2462
13.0259,13.0464,13.0668,13.0871,13.1073,13.1273,13.1473,13.1671,13.1843,13.1791,13.1738,13.1686,13.1633,13.158,13.1528,13.1475,13.1422,13.1369,13.1345,13.1352,13.1359,13.1368,13.1377,13.1388,13.14,13.1413,13.1426,13.1441,13.0662,12.9813,12.8965,12.8118,12.7271,12.6424,12.5578,12.4732,12.3887,12.2883,12.1556,12.0229,11.8902,11.7575,11.6248,11.4922,11.3595,11.2268,11.0941,10.9269,10.7474,10.5679,10.3884,10.2088,10.0292,9.8495,9.6698,9.49,9.2942,9.0053,8.7163,8.4272,8.138,7.8487,7.5592,7.2696,6.9798,6.6898,6.4614,6.2824,6.1033,5.9241,5.7447,5.5653,5.3857,5.206,5.0262,4.8463,4.7319,4.6199,4.5078,4.3957,4.2836,4.1714,4.0591,3.9469,3.8346,3.7933,3.8714,3.9498,4.0283,4.1071,4.1861,4.2653,4.3448,4.4245,4.5045,4.5971,4.6935,4.7901,4.8871,4.9845,5.0822,5.1802,5.2786,5.3774,5.4809,5.6032,5.7255,5.8478,5.9702,6.0926,6.215,6.3375,6.46,6.5826,6.6411,6.6556,6.6699,6.6839,6.6977,6.7112,6.7245,6.7375,6.7502,6.7627,6.6945,6.626,6.5572,6.4882,6.4188,6.3491,6.2791,6.2088,6.1382,6.0386,5.8961,5.7534,5.6107,5.4678,5.3249,5.1818,5.0385,4.8952,4.7517,4.7277,4.7334,4.7398,4.7468,4.7545,4.7628,4.7719,4.7817,4.7941,4.8072,4.7887,4.7698,4.7507,4.7313,4.7115,4.6915,4.6711,4.6504,4.6294,4.5963,4.555,4.5132,4.471,4.4283,4.3851,4.3414
13.0083,13.0322,13.0561,13.0798,13.1034,13.1269,13.1503,13.1735,13.1934,13.1886,13.1838,13.179,13.1742,13.1693,13.1645,13.1597,13.1548,13.1499,13.1452,13.1406,13.1362,13.1318,13.1276,13.1235,13.1195,13.1155,13.1117,13.1079,13.0249,12.9357,12.8466,12.7575,12.6685,12.5796,12.4906,12.4017,12.3128,12.2077,12.0701,11.9325,11.7949,11.6573,11.5197,11.3821,11.2445,11.1069,10.9693,10.7934,10.604,10.4146,10.2251,10.0356,9.8461,9.6565,9.4669,9.2772,9.0716,8.7727,8.4737,8.1747,7.8755,7.5761,7.2767,6.9771,6.6773,6.3773,6.1438,5.9644,5.7848,5.6052,5.4254,5.2455,5.0655,4.8854,4.7052,4.5248,4.4134,4.3051,4.1967,4.0882,3.9798,3.8712,3.7627,3.6541,3.5455,3.5092,3.6,3.6911,3.7823,3.8738,3.9654,4.0574,4.1495,4.2419,4.3346,4.4397,4.5487,4.658,4.7677,4.8777,4.988,5.0987,5.2097,5.3212,5.435,5.5586,5.6822,5.8058,5.9295,6.0532,6.1769,6.3007,6.4245,6.5548,6.6214,6.6391,6.6567,6.6742,6.6914,6.7085,6.7254,6.7422,6.7587,6.775,6.7138,6.6506,6.5874,6.5241,6.4608,6.3975,6.3341,6.2706,6.2072,6.1182,5.9873,5.8564,5.7258,5.5953,5.4649,5.3346,5.2045,5.0746,4.9448,4.9299,4.9482,4.9664,4.9844,5.0022,5.0199,5.0374,5.0548,5.0719,5.0818,5.0576,5.033,5.0082,4.983,4.9576,4.9318,4.9057,4.8793,4.8526,4.8136,4.765,4.716,4.6665,4.6166,4.5662,4.5152
13.1058,13.1263,13.147,13.1677,13.1886,13.2095,13.2305,13.2516,13.2684,13.2568,13.2455,13.2344,13.2235,13.2129,13.2025,13.1923,13.1823,13.1725,13.1599,13.145,13.1305,13.1162,13.1022,13.0885,13.075,13.0618,13.0488,13.036,12.9496,12.8582,12.7667,12.6752,12.5838,12.4923,12.4007,12.3092,12.2177,12.1099,11.9706,11.8312,11.6917,11.5522,11.4127,11.2731,11.1334,10.9937,10.854,10.6747,10.4815,10.2883,10.0951,9.9018,9.7084,9.5151,9.3217,9.1283,8.9195,8.6194,8.3193,8.0193,7.7193,7.4193,7.1194,6.8195,6.5197,6.22,5.9904,5.8189,5.6475,5.4763,5.3053,5.1345,4.9639,4.7934,4.6233,4.4534,4.3564,4.2635,4.171,4.079,3.9873,3.896,3.8052,3.7148,3.625,3.605,3.7129,3.8212,3.9298,4.0387,4.148,4.2576,4.3676,4.4779,4.5886,4.7077,4.8297,4.9519,5.0743,5.1969,5.3196,5.4426,5.5658,5.6892,5.8133,5.9408,6.0683,6.1957,6.3231,6.4505,6.5777,6.705,6.8321,6.9592,7.0219,7.0327,7.0434,7.054,7.0643,7.0745,7.0846,7.0944,7.1041,7.1135,7.0509,6.9846,6.9184,6.8521,6.7857,6.7193,6.6529,6.5864,6.5199,6.431,6.3008,6.1707,6.0408,5.911,5.7814,5.6519,5.5226,5.3934,5.2643,5.2421,5.2561,5.27,5.2838,5.2974,5.3108,5.324,5.3371,5.35,5.3568,5.3268,5.2966,5.266,5.2351,5.204,5.1725,5.1407,5.1086,5.0761,5.0314,4.9756,4.9193,4.8626,4.8054,4.7478,4.6896
13.2155,13.2343,13.2532,13.2722,13.2913,13.3105,13.3297,13.3491,13.3628,13.3438,13.325,13.3065,13.2882,13.2701,13.2523,13.2346,13.2172,13.2,13.1767,13.1487,13.1209,13.0934,13.0662,13.0393,13.0126,12.9862,12.96,12.934,12.8448,12.7519,12.659,12.5661,12.4732,12.3803,12.2874,12.1944,12.1014,11.993,11.8552,11.7173,11.5794,11.4414,11.3034,11.1653,11.0272,10.8891,10.7509,10.5752,10.3865,10.1978,10.0091,9.8203,9.6315,9.4427,9.2538,9.0649,8.8615,8.5715,8.2815,7.9916,7.7017,7.4118,7.122,6.8322,6.5425,6.2529,6.0353,5.8782,5.7213,5.5645,5.4079,5.2515,5.0953,4.9393,4.7836,4.6281,4.5493,4.4754,4.4019,4.3288,4.256,4.1837,4.1119,4.0405,3.9696,3.963,4.0796,4.1966,4.3139,4.4315,4.5495,4.6678,4.7864,4.9054,5.0248,5.1473,5.2709,5.3947,5.5187,5.6429,5.7673,5.8919,6.0167,6.1417,6.2665,6.3886,6.5107,6.6327,6.7547,6.8767,6.9985,7.1204,7.2421,7.3638,7.4226,7.4266,7.4304,7.434,7.4375,7.4409,7.444,7.447,7.4497,7.4523,7.3881,7.3188,7.2495,7.1801,7.1107,7.0413,6.9718,6.9023,6.8327,6.7437,6.6142,6.4849,6.3558,6.2267,6.0978,5.9691,5.8405,5.7121,5.5838,5.5545,5.5643,5.5739,5.5834,5.5928,5.6019,5.6109,5.6197,5.6284,5.6322,5.5965,5.5605,5.5242,5.4877,5.4508,5.4136,5.3761,5.3383,5.3001,5.2497,5.1867,5.1232,5.0593,4.9948,4.9299,4.8646
13.3252,13.3423,13.3594,13.3766,13.394,13.4114,13.4289,13.4465,13.4569,13.4305,13.4043,13.3784,13.3526,13.3271,13.3019,13.2768,13.252,13.2273,13.1933,13.152,13.111,13.0704,13.03,12.9898,12.95,12.9103,12.8709,12.8317,12.7399,12.6456,12.5513,12.457,12.3627,12.2683,12.174,12.0796,11.9851,11.8761,11.7398,11.6035,11.4671,11.3306,11.1942,11.0576,10.921,10.7844,10.6477,10.4757,10.2915,10.1074,9.9231,9.7389,9.5546,9.3702,9.1859,9.0015,8.8035,8.5236,8.2437,7.9639,7.6841,7.4043,7.1245,6.8449,6.5653,6.2857,6.08,5.9374,5.7948,5.6525,5.5103,5.3684,5.2266,5.0851,4.9437,4.8027,4.7419,4.687,4.6324,4.5783,4.5245,4.4711,4.4182,4.3658,4.3138,4.3208,4.4462,4.5718,4.6978,4.8241,4.9507,5.0777,5.205,5.3327,5.4608,5.5868,5.712,5.8375,5.9631,6.0889,6.215,6.3412,6.4676,6.5943,6.7199,6.8366,6.9533,7.0699,7.1865,7.3031,7.4196,7.536,7.6523,7.7686,7.8236,7.8207,7.8176,7.8144,7.811,7.8075,7.8037,7.7998,7.7957,7.7914,7.7254,7.6531,7.5808,7.5084,7.4359,7.3635,7.2909,7.2184,7.1457,7.0564,6.9277,6.7991,6.6707,6.5424,6.4143,6.2863,6.1584,6.0307,5.9032,5.8671,5.8727,5.8781,5.8833,5.8884,5.8933,5.8981,5.9026,5.907,5.9079,5.8665,5.8248,5.7828,5.7406,5.698,5.6551,5.6119,5.5684,5.5245,5.4686,5.3983,5.3276,5.2564,5.1848,5.1126,5.04
13.4348,13.4501,13.4655,13.481,13.4966,13.5123,13.528,13.5439,13.5509,13.517,13.4834,13.45,13.4169,13.384,13.3513,13.3188,13.2865,13.2544,13.2095,13.155,13.1009,13.047,12.9934,12.9401,12.887,12.8342,12.7816,12.7292,12.6351,12.5394,12.4436,12.3479,12.2521,12.1563,12.0605,11.9647,11.8689,11.7592,11.6244,11.4896,11.3548,11.2199,11.0849,10.9499,10.8149,10.6798,10.5446,10.3762,10.1966,10.0169,9.8372,9.6574,9.4776,9.2978,9.118,8.9381,8.7454,8.4757,8.2059,7.9361,7.6664,7.3967,7.127,6.8574,6.5879,6.3185,6.1246,5.9964,5.8683,5.7404,5.6126,5.4851,5.3577,5.2306,5.1037,4.977,4.9343,4.8983,4.8627,4.8274,4.7926,4.7582,4.7242,4.6907,4.6577,4.6785,4.8125,4.9469,5.0815,5.2165,5.3518,5.4874,5.6234,5.7598,5.8965,6.0262,6.1531,6.2802,6.4074,6.5349,6.6626,6.7904,6.9185,7.0468,7.1734,7.2848,7.3961,7.5073,7.6185,7.7297,7.8408,7.9518,8.0628,8.1737,8.2249,8.2151,8.2052,8.1951,8.1848,8.1744,8.1638,8.153,8.142,8.1308,8.0629,7.9876,7.9122,7.8368,7.7613,7.6858,7.6102,7.5346,7.4589,7.369,7.2411,7.1132,6.9856,6.858,6.7307,6.6034,6.4763,6.3494,6.2226,6.1801,6.1814,6.1825,6.1835,6.1843,6.185,6.1855,6.1858,6.186,6.184,6.1369,6.0895,6.0418,5.9939,5.9456,5.897,5.8481,5.7989,5.7493,5.688,5.6105,5.5325,5.4541,5.3753,5.2959,5.2161
13.5444,13.558,13.5716,13.5853,13.5991,13.6131,13.6271,13.6412,13.6446,13.6033,13.5623,13.5215,13.4809,13.4406,13.4005,13.3606,13.3209,13.2814,13.2254,13.1578,13.0904,13.0234,12.9566,12.8901,12.8238,12.7578,12.692,12.6264,12.5302,12.433,12.3359,12.2387,12.1415,12.0443,11.9471,11.8498,11.7526,11.6423,11.5091,11.3758,11.2425,11.1091,10.9757,10.8422,10.7087,10.5751,10.4415,10.2768,10.1016,9.9265,9.7513,9.576,9.4007,9.2254,9.0501,8.8747,8.6874,8.4277,8.168,7.9083,7.6487,7.389,7.1295,6.87,6.6105,6.3512,6.1691,6.0553,5.9416,5.8281,5.7147,5.6016,5.4886,5.3759,5.2634,5.1512,5.1263,5.1093,5.0926,5.0763,5.0604,5.0449,5.0298,5.0152,5.0011,5.036,5.1787,5.3217,5.465,5.6086,5.7526,5.8969,6.0416,6.1867,6.3321,6.4656,6.5941,6.7228,6.8517,6.9808,7.1101,7.2396,7.3693,7.4992,7.6272,7.7331,7.839,7.9449,8.0507,8.1565,8.2622,8.3678,8.4734,8.5789,8.6265,8.6098,8.593,8.576,8.5589,8.5416,8.5241,8.5065,8.4886,8.4706,8.4006,8.3222,8.2438,8.1653,8.0868,8.0082,7.9296,7.851,7.7723,7.6816,7.5544,7.4273,7.3004,7.1736,7.047,6.9205,6.7942,6.668,6.5419,6.4932,6.4903,6.4872,6.4839,6.4805,6.4769,6.4732,6.4693,6.4652,6.4605,6.4077,6.3546,6.3012,6.2476,6.1936,6.1393,6.0847,6.0298,5.9746,5.9079,5.8231,5.738,5.6524,5.5663,5.4797,5.3926
13.6539,13.6657,13.6776,13.6896,13.7016,13.7138,13.7261,13.7384,13.738,13.6893,13.6409,13.5927,13.5447,13.497,13.4495,13.4022,13.3551,13.3082,13.241,13.1602,13.0797,12.9995,12.9195,12.8398,12.7604,12.6812,12.6022,12.5235,12.4253,12.3267,12.2281,12.1295,12.0309,11.9323,11.8336,11.735,11.6363,11.5255,11.3938,11.262,11.1302,10.9984,10.8665,10.7345,10.6025,10.4705,10.3384,10.1773,10.0067,9.836,9.6653,9.4946,9.3238,9.153,8.9822,8.8113,8.6293,8.3797,8.1301,7.8805,7.6309,7.3814,7.1319,6.8824,6.6331,6.3838,6.2135,6.1141,6.0148,5.9157,5.8167,5.718,5.6194,5.5211,5.423,5.3251,5.3181,5.32,5.3222,5.3248,5.3278,5.3312,5.3351,5.3394,5.3442,5.3933,5.5447,5.6963,5.8483,6.0006,6.1533,6.3062,6.4596,6.6133,6.7673,6.905,7.0351,7.1654,7.296,7.4267,7.5576,7.6887,7.8201,7.9516,8.0811,8.1816,8.2822,8.3827,8.4831,8.5835,8.6838,8.7841,8.8843,8.9844,9.0283,9.0048,8.9811,8.9573,8.9333,8.9091,8.8848,8.8602,8.8355,8.8106,8.7384,8.6569,8.5755,8.494,8.4124,8.3308,8.2492,8.1675,8.0858,7.9942,7.8677,7.7414,7.6152,7.4892,7.3633,7.2376,7.112,6.9865,6.8612,6.8066,6.7994,6.7921,6.7846,6.7769,6.7691,6.7611,6.753,6.7446,6.7361,6.6788,6.6201,6.561,6.5016,6.442,6.382,6.3217,6.2611,6.2002,6.1283,6.0364,5.944,5.8511,5.7578,5.664,5.5698
13.7634,13.7734,13.7835,13.7938,13.8041,13.8145,13.825,13.8356,13.8313,13.7752,13.7193,13.6637,13.6084,13.5532,13.4983,13.4436,13.3891,13.3348,13.2563,13.1623,13.0686,12.9752,12.8821,12.7893,12.6967,12.6043,12.5122,12.4203,12.3204,12.2204,12.1203,12.0203,11.9203,11.8202,11.7201,11.62,11.5199,11.4086,11.2785,11.1482,11.018,10.8876,10.7573,10.6269,10.4964,10.3659,10.2353,10.0779,9.9118,9.7456,9.5794,9.4132,9.2469,9.0806,8.9142,8.7479,8.5713,8.3317,8.0921,7.8526,7.6131,7.3736,7.1342,6.8948,6.6555,6.4163,6.2578,6.1727,6.0878,6.0031,5.9185,5.8341,5.75,5.666,5.5823,5.4989,5.5096,5.5304,5.5515,5.573,5.5949,5.6172,5.64,5.6632,5.6869,5.7504,5.9104,6.0708,6.2314,6.3924,6.5537,6.7153,6.8773,7.0397,7.2024,7.3443,7.476,7.608,7.7402,7.8725,8.0051,8.1378,8.2708,8.4039,8.5352,8.6304,8.7255,8.8206,8.9157,9.0107,9.1056,9.2005,9.2953,9.3901,9.4304,9.4001,9.3695,9.3388,9.308,9.2769,9.2457,9.2143,9.1828,9.151,9.0763,8.9918,8.9073,8.8228,8.7382,8.6536,8.5689,8.4842,8.3994,8.3067,8.181,8.0554,7.93,7.8047,7.6796,7.5546,7.4297,7.305,7.1804,7.1203,7.1089,7.0973,7.0856,7.0737,7.0616,7.0494,7.037,7.0244,7.0116,6.9503,6.8859,6.8211,6.7561,6.6907,6.6251,6.5591,6.4928,6.4262,6.3492,6.2501,6.1505,6.0504,5.9499,5.8489,5.7474
13.8727,13.881,13.8894,13.8979,13.9065,13.9151,13.9239,13.9327,13.9243,13.8608,13.7976,13.7346,13.6718,13.6092,13.5469,13.4848,13.4229,13.3612,13.2713,13.1641,13.0573,12.9508,12.8445,12.7385,12.6327,12.5272,12.4219,12.3168,12.2154,12.114,12.0125,11.9111,11.8096,11.7081,11.6066,11.5051,11.4036,11.2918,11.1632,11.0345,10.9057,10.7769,10.6481,10.5192,10.3903,10.2613,10.1322,9.9785,9.8169,9.6552,9.4935,9.3318,9.17,9.0082,8.8463,8.6845,8.5132,8.2837,8.0542,7.8247,7.5952,7.3658,7.1365,6.9071,6.6779,6.4487,6.3019,6.2312,6.1607,6.0904,6.0202,5.9502,5.8804,5.8108,5.7415,5.6724,5.7009,5.7405,5.7805,5.8209,5.8617,5.9029,5.9446,5.9867,6.0292,6.1074,6.276,6.445,6.6143,6.7839,6.9539,7.1242,7.2948,7.4658,7.6372,7.7835,7.9169,8.0505,8.1843,8.3183,8.4525,8.5868,8.7214,8.8562,8.9895,9.0793,9.169,9.2588,9.3484,9.4381,9.5276,9.6172,9.7066,9.796,9.8328,9.7956,9.7582,9.7206,9.6829,9.645,9.607,9.5687,9.5303,9.4917,9.4144,9.3269,9.2393,9.1518,9.0641,8.9765,8.8888,8.801,8.7132,8.6192,8.4942,8.3694,8.2447,8.1202,7.9958,7.8715,7.7474,7.6234,7.4996,7.4342,7.4186,7.4027,7.3868,7.3706,7.3543,7.3379,7.3212,7.3044,7.2874,7.2222,7.1521,7.0817,7.0109,6.9399,6.8686,6.7969,6.7249,6.6526,6.5707,6.4643,6.3575,6.2503,6.1426,6.0344,5.9257
13.9821,13.9886,13.9952,14.002,14.0088,14.0157,14.0227,14.0298,14.0171,13.9462,13.8756,13.8052,13.735,13.6651,13.5953,13.5258,13.4565,13.3874,13.2859,13.1657,13.0457,12.926,12.8066,12.6874,12.5685,12.4498,12.3314,12.2133,12.1104,12.0076,11.9047,11.8018,11.699,11.596,11.4931,11.3902,11.2872,11.175,11.0479,10.9207,10.7935,10.6662,10.5389,10.4115,10.2841,10.1567,10.0292,9.8792,9.722,9.5648,9.4076,9.2504,9.0931,8.9358,8.7784,8.621,8.4551,8.2356,8.0162,7.7968,7.5774,7.358,7.1387,6.9194,6.7002,6.4811,6.3459,6.2896,6.2335,6.1775,6.1217,6.066,6.0106,5.9554,5.9004,5.8457,5.8918,5.9503,6.0092,6.0685,6.1281,6.1882,6.2487,6.3097,6.3712,6.4641,6.6414,6.8191,6.997,7.1753,7.3539,7.5328,7.7121,7.8918,8.0718,8.2228,8.3578,8.493,8.6284,8.764,8.8998,9.0358,9.172,9.3084,9.4439,9.5283,9.6127,9.6971,9.7814,9.8657,9.9499,10.034,10.1181,10.2021,10.2355,10.1914,10.1472,10.1028,10.0582,10.0135,9.9685,9.9234,9.8782,9.8327,9.7526,9.6621,9.5715,9.4809,9.3902,9.2996,9.2088,9.118,9.0272,8.9317,8.8074,8.6833,8.5594,8.4356,8.3119,8.1884,8.0651,7.9419,7.8188,7.7484,7.7285,7.7084,7.6882,7.6679,7.6473,7.6266,7.6057,7.5847,7.5635,7.4945,7.4187,7.3426,7.2662,7.1895,7.1124,7.0351,6.9575,6.8795,6.7927,6.6791,6.5651,6.4507,6.3357,6.2203,6.1044
14.0913,14.0961,14.101,14.106,14.1111,14.1163,14.1215,14.1269,14.1097,14.0314,13.9534,13.8756,13.798,13.7207,13.6436,13.5667,13.49,13.4135,13.3003,13.1669,13.0338,12.9009,12.7684,12.6361,12.504,12.3722,12.2406,12.1097,12.0054,11.9011,11.7969,11.6926,11.5883,11.4839,11.3796,11.2752,11.1708,11.0582,10.9326,10.807,10.6813,10.5555,10.4297,10.3039,10.178,10.0521,9.9261,9.7798,9.6272,9.4745,9.3218,9.169,9.0162,8.8634,8.7105,8.5576,8.397,8.1875,7.9781,7.7688,7.5594,7.3501,7.1408,6.9316,6.7225,6.5134,6.3898,6.3479,6.3061,6.2645,6.223,6.1817,6.1407,6.0998,6.0592,6.0188,6.0825,6.1599,6.2376,6.3157,6.3943,6.4732,6.5526,6.6324,6.7127,6.8207,7.0067,7.1929,7.3795,7.5664,7.7537,7.9413,8.1292,8.3175,8.5062,8.6619,8.7986,8.9354,9.0724,9.2097,9.3471,9.4847,9.6225,9.7606,9.8985,9.9776,10.0566,10.1356,10.2146,10.2935,10.3723,10.4511,10.5298,10.6084,10.6385,10.5875,10.5364,10.4852,10.4337,10.3822,10.3304,10.2785,10.2263,10.174,10.0909,9.9974,9.9038,9.8102,9.7165,9.6228,9.529,9.4352,9.3413,9.2441,9.1206,8.9972,8.874,8.751,8.6281,8.5053,8.3827,8.2602,8.1379,8.0628,8.0387,8.0144,7.99,7.9654,7.9406,7.9157,7.8905,7.8653,7.8398,7.7672,7.6857,7.6039,7.5218,7.4394,7.3567,7.2737,7.1904,7.1067,7.0152,6.8944,6.7732,6.6516,6.5294,6.4068,6.2838
14.2005,14.2036,14.2067,14.21,14.2133,14.2167,14.2202,14.2238,14.202,14.1164,14.0309,13.9458,13.8608,13.7761,13.6916,13.6073,13.5232,13.4394,13.3143,13.1678,13.0215,12.8756,12.7299,12.5845,12.4393,12.2944,12.1496,12.0061,11.9004,11.7947,11.689,11.5833,11.4775,11.3718,11.266,11.1603,11.0545,10.9414,10.8174,10.6933,10.5691,10.4449,10.3206,10.1963,10.0719,9.9475,9.823,9.6805,9.5323,9.3841,9.2359,9.0876,8.9393,8.7909,8.6426,8.4942,8.3388,8.1394,7.9401,7.7407,7.5414,7.3422,7.1429,6.9438,6.7446,6.5456,6.4336,6.406,6.3786,6.3513,6.3242,6.2973,6.2705,6.244,6.2178,6.1918,6.2729,6.3691,6.4657,6.5627,6.66,6.7578,6.8561,6.9548,7.0539,7.1771,7.3717,7.5666,7.7618,7.9574,8.1533,8.3495,8.5461,8.743,8.9403,9.1011,9.2393,9.3778,9.5165,9.6553,9.7943,9.9336,10.073,10.2127,10.3525,10.427,10.5007,10.5743,10.6479,10.7214,10.7949,10.8683,10.9417,11.015,11.0417,10.9839,10.9259,10.8678,10.8096,10.7512,10.6926,10.6338,10.5748,10.5156,10.4294,10.3329,10.2362,10.1396,10.0429,9.9461,9.8493,9.7525,9.6556,9.5564,9.4337,9.3111,9.1886,9.0663,8.9442,8.8221,8.7003,8.5785,8.457,8.3775,8.3491,8.3206,8.2919,8.2631,8.2341,8.2049,8.1756,8.1461,8.1164,8.0402,7.953,7.8656,7.7778,7.6897,7.6014,7.5127,7.4237,7.3344,7.2382,7.1102,6.9819,6.853,6.7237,6.5939,6.4636
14.3096,14.311,14.3124,14.3139,14.3154,14.3171,14.3189,14.3208,14.2941,14.2011,14.1083,14.0158,13.9234,13.8313,13.7395,13.6478,13.5563,13.4651,13.3281,13.1684,13.009,12.85,12.6911,12.5326,12.3743,12.2162,12.0584,11.9024,11.7953,11.6882,11.5811,11.474,11.3668,11.2596,11.1525,11.0453,10.938,10.8247,10.7021,10.5795,10.4569,10.3342,10.2114,10.0886,9.9658,9.8429,9.72,9.5812,9.4375,9.2938,9.15,9.0062,8.8624,8.7185,8.5747,8.4308,8.2807,8.0913,7.902,7.7127,7.5234,7.3342,7.145,6.9558,6.7668,6.5778,6.4773,6.464,6.4509,6.438,6.4252,6.4126,6.4002,6.3881,6.3762,6.3645,6.463,6.578,6.6935,6.8093,6.9255,7.0421,7.1592,7.2767,7.3947,7.5333,7.7366,7.9401,8.144,8.3481,8.5526,8.7575,8.9627,9.1683,9.3742,9.5402,9.6801,9.8201,9.9604,10.1009,10.2415,10.3824,10.5235,10.6647,10.8062,10.8767,10.945,11.0132,11.0815,11.1496,11.2177,11.2858,11.3538,11.4217,11.4452,11.3805,11.3158,11.2508,11.1857,11.1205,11.055,10.9894,10.9236,10.8576,10.7681,10.6685,10.5688,10.4691,10.3694,10.2696,10.1698,10.07,9.9701,9.8688,9.7468,9.6249,9.5032,9.3816,9.2602,9.1389,9.0178,8.8968,8.776,8.6924,8.6598,8.6271,8.5942,8.5611,8.5279,8.4945,8.461,8.4272,8.3933,8.3136,8.2208,8.1276,8.0342,7.9405,7.8464,7.7521,7.6574,7.5624,7.4617,7.3266,7.191,7.055,6.9185,6.7815,6.644
14.4187,14.4183,14.4179,14.4177,14.4175,14.4175,14.4175,14.4176,14.386,14.2856,14.1855,14.0855,13.9858,13.8864,13.7871,13.6881,13.5892,13.4906,13.3415,13.1687,12.9962,12.824,12.6521,12.4805,12.3091,12.1379,11.9669,11.7988,11.6903,11.5817,11.4732,11.3646,11.2561,11.1475,11.0389,10.9303,10.8216,10.7079,10.5869,10.4658,10.3447,10.2235,10.1023,9.981,9.8597,9.7383,9.6169,9.4819,9.3427,9.2034,9.0642,8.9249,8.7855,8.6461,8.5067,8.3673,8.2225,8.0432,7.8639,7.6846,7.5053,7.3261,7.147,6.9678,6.7888,6.6098,6.5208,6.5219,6.5231,6.5245,6.5261,6.5278,6.5298,6.5319,6.5343,6.537,6.6528,6.7867,6.921,7.0556,7.1906,7.3261,7.462,7.5983,7.7351,7.8894,8.1012,8.3134,8.5259,8.7387,8.9518,9.1653,9.3791,9.5933,9.8078,9.9792,10.1207,10.2624,10.4043,10.5464,10.6887,10.8312,10.9738,11.1167,11.2598,11.3265,11.3894,11.4523,11.5152,11.578,11.6408,11.7035,11.7661,11.8287,11.8489,11.7775,11.7058,11.6341,11.5621,11.4901,11.4178,11.3453,11.2727,11.1999,11.1069,11.0042,10.9016,10.7988,10.6961,10.5933,10.4905,10.3876,10.2847,10.1811,10.0598,9.9387,9.8177,9.6969,9.5762,9.4557,9.3353,9.2151,9.095,9.0076,8.9708,8.9338,8.8967,8.8594,8.8213,8.7813,8.7412,8.7011,8.661,8.5765,8.4772,8.378,8.279,8.18,8.0812,7.9826,7.8841,7.7857,7.6835,7.5469,7.4106,7.2747,7.1391,7.004,6.8692
14.5273,14.5256,14.5235,14.5215,14.5196,14.5178,14.5161,14.5144,14.4777,14.3699,14.2624,14.1551,14.048,13.9412,13.8346,13.7282,13.622,13.5159,13.3546,13.1687,12.9832,12.7979,12.6128,12.4281,12.2435,12.0593,11.8752,11.6951,11.5852,11.4752,11.3652,11.2553,11.1453,11.0353,10.9253,10.8152,10.7052,10.5912,10.4717,10.3522,10.2326,10.1129,9.9932,9.8734,9.7536,9.6338,9.5139,9.3826,9.2479,9.1131,8.9783,8.8435,8.7086,8.5737,8.4388,8.3039,8.1643,7.995,7.8257,7.6565,7.4872,7.318,7.1489,6.9798,6.8108,6.6418,6.5643,6.5797,6.5952,6.6109,6.6268,6.6428,6.6591,6.6756,6.6923,6.7093,6.8423,6.9951,7.1481,7.3016,7.4554,7.6097,7.7644,7.9195,8.0752,8.2452,8.4657,8.6865,8.9076,9.129,9.3508,9.5729,9.7953,10.0181,10.2413,10.4182,10.5613,10.7047,10.8482,10.9919,11.1358,11.2799,11.4242,11.5687,11.7134,11.7765,11.8341,11.8909,11.9451,11.9993,12.0534,12.1074,12.1612,12.2149,12.2287,12.1476,12.0665,11.9855,11.9044,11.8234,11.7424,11.6613,11.5803,11.4993,11.4009,11.2934,11.186,11.0787,10.9714,10.8642,10.7571,10.65,10.543,10.436,10.313,10.1902,10.0675,9.9449,9.8225,9.7001,9.5779,9.4559,9.3339,9.2413,9.1999,9.1585,9.117,9.0756,9.0341,8.9926,8.9511,8.9096,8.8681,8.7859,8.6875,8.5892,8.4911,8.3931,8.2952,8.1975,8.0999,8.0025,7.9029,7.7703,7.6382,7.5064,7.375,7.2439,7.1133
14.5509,14.5409,14.5313,14.522,14.513,14.5043,14.4959,14.4878,14.4445,14.3344,14.2245,14.1146,14.0048,13.8951,13.7854,13.6759,13.5664,13.457,13.2871,13.0918,12.8966,12.7016,12.5068,12.3121,12.1176,11.9233,11.729,11.5397,11.4259,11.3122,11.1985,11.0848,10.9712,10.8575,10.7439,10.6303,10.5167,10.4005,10.2808,10.1609,10.0411,9.9211,9.8011,9.6811,9.5609,9.4407,9.3204,9.1885,9.0532,8.9178,8.7823,8.6468,8.5111,8.3754,8.2395,8.1036,7.9647,7.8077,7.6507,7.4936,7.3364,7.1792,7.0221,6.8649,6.7077,6.5506,6.4836,6.5096,6.5356,6.5617,6.5878,6.614,6.6403,6.6666,6.693,6.7195,6.8734,7.0501,7.2274,7.4051,7.5833,7.7621,7.9414,8.1214,8.302,8.4926,8.7191,8.9459,9.173,9.4002,9.6278,9.8555,10.0836,10.3119,10.5405,10.7199,10.8613,11.0027,11.1443,11.286,11.4277,11.5696,11.7116,11.8536,11.9958,12.0524,12.1015,12.1506,12.1995,12.2483,12.297,12.3456,12.394,12.4424,12.4545,12.3719,12.2892,12.2066,12.124,12.0414,11.9588,11.8762,11.7936,11.711,11.6128,11.5053,11.398,11.2907,11.1834,11.0763,10.9692,10.8622,10.7553,10.6484,10.5268,10.405,10.2833,10.1618,10.0404,9.9191,9.7979,9.6769,9.556,9.4612,9.4184,9.3756,9.3327,9.2899,9.247,9.2041,9.1612,9.1183,9.0753,8.9951,8.8977,8.8003,8.7032,8.6061,8.5092,8.4124,8.3157,8.2192,8.1219,7.9935,7.8654,7.7378,7.6105,7.4836,7.3571
14.5741,14.5548,14.5358,14.5171,14.4988,14.4807,14.463,14.4455,14.3933,14.2793,14.1653,14.0515,13.9378,13.8241,13.7105,13.597,13.4836,13.3703,13.1912,12.986,12.781,12.5762,12.3715,12.167,11.9626,11.7584,11.5543,11.3561,11.236,11.116,10.996,10.8761,10.7562,10.6363,10.5164,10.3965,10.2766,10.1556,10.033,9.9104,9.7877,9.6649,9.5421,9.4193,9.2963,9.1733,9.0502,8.9132,8.7722,8.6311,8.49,8.3487,8.2074,8.066,7.9244,7.7828,7.641,7.4988,7.3565,7.2142,7.0718,6.9294,6.787,6.6446,6.5022,6.3598,6.3042,6.3397,6.3752,6.4107,6.4462,6.4819,6.5175,6.5533,6.5891,6.6251,6.8049,7.012,7.2196,7.4277,7.6362,7.8453,8.055,8.2653,8.4763,8.6922,8.9262,9.1603,9.3947,9.6294,9.8643,10.0994,10.3348,10.5705,10.8065,10.9906,11.1323,11.2741,11.416,11.5581,11.7002,11.8424,11.9848,12.1272,12.2697,12.3231,12.3668,12.4105,12.454,12.4975,12.5408,12.584,12.6271,12.67,12.6804,12.5962,12.512,12.4278,12.3437,12.2595,12.1753,12.0912,12.007,11.9229,11.8246,11.7172,11.6099,11.5027,11.3955,11.2884,11.1814,11.0744,10.9675,10.8607,10.7405,10.6197,10.4991,10.3786,10.2582,10.138,10.0179,9.8979,9.7781,9.6812,9.637,9.5928,9.5485,9.5043,9.46,9.4157,9.3713,9.327,9.2826,9.2043,9.1078,9.0114,8.9152,8.819,8.723,8.6272,8.5314,8.4359,8.3404,8.2163,8.0924,7.9688,7.8457,7.7229,7.6005
14.597,14.5684,14.54,14.512,14.4843,14.4569,14.4298,14.4029,14.3419,14.224,14.1061,13.9883,13.8707,13.7531,13.6355,13.5181,13.4007,13.2835,13.0951,12.88,12.6652,12.4505,12.236,12.0216,11.8075,11.5934,11.3795,11.1724,11.0461,10.9198,10.7935,10.6673,10.5411,10.4149,10.2887,10.1625,10.0364,9.9105,9.7852,9.6597,9.5342,9.4087,9.2831,9.1574,9.0317,8.9059,8.78,8.6379,8.4912,8.3445,8.1976,8.0507,7.9037,7.7566,7.6094,7.462,7.3173,7.1898,7.0623,6.9347,6.8071,6.6794,6.5518,6.4241,6.2965,6.1689,6.1248,6.1697,6.2146,6.2595,6.3045,6.3496,6.3947,6.4399,6.4851,6.5305,6.736,6.9735,7.2114,7.4497,7.6886,7.9281,8.1681,8.4087,8.65,8.8917,9.133,9.3746,9.6163,9.8583,10.1006,10.3431,10.5859,10.8289,11.0723,11.2612,11.4033,11.5455,11.6878,11.8302,11.9727,12.1153,12.2579,12.4007,12.5436,12.5939,12.6323,12.6706,12.7088,12.7468,12.7848,12.8226,12.8603,12.8979,12.9063,12.8206,12.7348,12.6491,12.5634,12.4776,12.3919,12.3062,12.2205,12.1348,12.0364,11.9291,11.8218,11.7146,11.6075,11.5005,11.3935,11.2866,11.1798,11.073,10.9541,10.8344,10.7148,10.5954,10.476,10.3568,10.2378,10.1188,10,9.9014,9.8557,9.8101,9.7644,9.7187,9.673,9.6273,9.5816,9.5358,9.49,9.4135,9.3179,9.2224,9.1271,9.0319,8.9368,8.8419,8.7471,8.6524,8.5579,8.4389,8.319,8.1996,8.0806,7.9619,7.8436
14.6196,14.5816,14.5439,14.5066,14.4695,14.4327,14.3963,14.3601,14.2905,14.1686,14.0468,13.925,13.8034,13.6819,13.5604,13.4391,13.3178,13.1965,12.9987,12.7738,12.5491,12.3246,12.1003,11.8761,11.6521,11.4282,11.2044,10.9886,10.856,10.7234,10.5909,10.4584,10.3259,10.1934,10.061,9.9285,9.7961,9.6655,9.5373,9.4091,9.2808,9.1525,9.0241,8.8956,8.7671,8.6384,8.5098,8.3626,8.2102,8.0578,7.9053,7.7526,7.6,7.4472,7.2943,7.1413,6.9935,6.8808,6.768,6.6552,6.5423,6.4294,6.3165,6.2036,6.0908,5.9779,5.9453,5.9996,6.0539,6.1083,6.1627,6.2172,6.2717,6.3263,6.381,6.4358,6.6667,6.9344,7.2026,7.4713,7.7405,8.0103,8.2806,8.5515,8.8231,9.0911,9.3398,9.5887,9.8378,10.0871,10.3368,10.5866,10.8368,11.0872,11.3379,11.5319,11.6744,11.8169,11.9595,12.1023,12.2451,12.3881,12.5311,12.6743,12.8175,12.8649,12.8979,12.9309,12.9637,12.9964,13.029,13.0615,13.0938,13.126,13.1324,13.045,12.9577,12.8704,12.7831,12.6959,12.6086,12.5213,12.434,12.3468,12.2482,12.141,12.0337,11.9266,11.8195,11.7126,11.6056,11.4988,11.392,11.2853,11.1677,11.049,10.9305,10.8121,10.6938,10.5756,10.4576,10.3397,10.2219,10.1216,10.0745,10.0274,9.9804,9.9333,9.8862,9.839,9.7919,9.7447,9.6975,9.6226,9.5279,9.4334,9.339,9.2447,9.1506,9.0566,8.9627,8.869,8.7754,8.6611,8.5454,8.4301,8.3152,8.2006,8.0864
14.6419,14.5946,14.5475,14.5008,14.4544,14.4083,14.3625,14.317,14.2389,14.113,13.9873,13.8617,13.7361,13.6106,13.4852,13.3599,13.2347,13.1095,12.9021,12.6674,12.4329,12.1985,11.9644,11.7304,11.4965,11.2628,11.0292,10.8047,10.6658,10.527,10.3882,10.2494,10.1106,9.9719,9.8332,9.6944,9.5557,9.4204,9.2894,9.1584,9.0273,8.8962,8.765,8.6337,8.5024,8.371,8.2395,8.0872,7.9292,7.7711,7.6129,7.4546,7.2962,7.1378,6.9792,6.8205,6.6697,6.5718,6.4737,6.3756,6.2775,6.1794,6.0812,5.983,5.8849,5.7868,5.7657,5.8295,5.8932,5.957,6.0208,6.0847,6.1486,6.2127,6.2768,6.341,6.5969,6.8949,7.1934,7.4924,7.7919,8.0919,8.3925,8.6937,8.9956,9.2903,9.5463,9.8026,10.0591,10.3158,10.5727,10.83,11.0875,11.3452,11.6033,11.8026,11.9454,12.0883,12.2313,12.3744,12.5176,12.6609,12.8043,12.9478,13.0914,13.1361,13.1638,13.1913,13.2188,13.2461,13.2734,13.3005,13.3275,13.3543,13.3584,13.2696,13.1807,13.0918,13.003,12.9141,12.8253,12.7365,12.6476,12.5588,12.4601,12.3528,12.2457,12.1386,12.0316,11.9246,11.8178,11.711,11.6042,11.4976,11.3812,11.2636,11.1461,11.0287,10.9115,10.7944,10.6774,10.5605,10.4438,10.3418,10.2934,10.2449,10.1964,10.1479,10.0994,10.0508,10.0023,9.9537,9.9051,9.8316,9.7378,9.6442,9.5508,9.4574,9.3642,9.2712,9.1782,9.0854,8.9928,8.883,8.7715,8.6603,8.5494,8.439,8.3289
14.6639,14.6072,14.5508,14.4947,14.439,14.3835,14.3284,14.2735,14.1872,14.0574,13.9277,13.7982,13.6687,13.5393,13.4099,13.2807,13.1515,13.0224,12.8052,12.5607,12.3164,12.0722,11.8282,11.5844,11.3408,11.0972,10.8538,10.6207,10.4755,10.3304,10.1853,10.0403,9.8953,9.7503,9.6053,9.4603,9.3153,9.1753,9.0415,8.9077,8.7738,8.6399,8.5059,8.3718,8.2377,8.1035,7.9692,7.8118,7.6481,7.4843,7.3205,7.1565,6.9925,6.8284,6.6641,6.4998,6.3459,6.2627,6.1794,6.096,6.0126,5.9292,5.8458,5.7623,5.6789,5.5956,5.5861,5.6592,5.7324,5.8056,5.8788,5.9521,6.0254,6.0989,6.1724,6.246,6.5266,6.8549,7.1837,7.5129,7.8427,8.173,8.5039,8.8353,9.1675,9.4894,9.7527,10.0163,10.2802,10.5442,10.8086,11.0731,11.338,11.6031,11.8685,12.0732,12.2164,12.3596,12.503,12.6464,12.79,12.9337,13.0774,13.2213,13.3653,13.4075,13.4298,13.452,13.4741,13.4961,13.518,13.5397,13.5614,13.5829,13.5846,13.4941,13.4037,13.3133,13.2229,13.1325,13.0421,12.9517,12.8613,12.7709,12.6719,12.5647,12.4576,12.3506,12.2436,12.1367,12.0299,11.9231,11.8165,11.7099,11.5947,11.4781,11.3616,11.2453,11.1291,11.013,10.8971,10.7813,10.6656,10.5622,10.5123,10.4624,10.4125,10.3626,10.3127,10.2628,10.2128,10.1628,10.1128,10.0405,9.9477,9.8551,9.7625,9.6701,9.5778,9.4857,9.3937,9.3018,9.2101,9.1047,8.9972,8.8901,8.7834,8.6771,8.5711
14.6855,14.6194,14.5537,14.4884,14.4233,14.3585,14.294,14.2298,14.1354,14.0017,13.868,13.7345,13.6011,13.4678,13.3345,13.2014,13.0683,12.9352,12.7082,12.4538,12.1997,11.9457,11.6919,11.4383,11.1848,10.9315,10.6783,10.4366,10.2851,10.1338,9.9824,9.8311,9.6798,9.5285,9.3773,9.226,9.0748,8.9302,8.7936,8.657,8.5203,8.3836,8.2468,8.1099,7.973,7.836,7.699,7.5364,7.367,7.1976,7.0281,6.8584,6.6887,6.519,6.3491,6.1791,6.0221,5.9536,5.885,5.8163,5.7477,5.679,5.6103,5.5416,5.4729,5.4042,5.4064,5.4889,5.5714,5.654,5.7367,5.8194,5.9021,5.985,6.0679,6.1509,6.4559,6.8145,7.1735,7.533,7.893,8.2535,8.6146,8.9764,9.3387,9.6883,9.959,10.2299,10.5011,10.7725,11.0442,11.3161,11.5883,11.8607,12.1335,12.3438,12.4874,12.631,12.7747,12.9185,13.0624,13.2065,13.3506,13.4948,13.6391,13.6791,13.696,13.7129,13.7296,13.7462,13.7628,13.7792,13.7955,13.8116,13.8108,13.7188,13.6268,13.5348,13.4429,13.3509,13.259,13.167,13.0751,12.9831,12.8837,12.7766,12.6695,12.5625,12.4556,12.3488,12.242,12.1353,12.0287,11.9221,11.8081,11.6925,11.5771,11.4618,11.3467,11.2316,11.1167,11.0019,10.8873,10.7826,10.7314,10.6801,10.6288,10.5774,10.5261,10.4747,10.4234,10.372,10.3206,10.2494,10.1576,10.0658,9.9742,9.8827,9.7914,9.7002,9.6091,9.5181,9.4273,9.326,9.2227,9.1197,9.0171,8.9149,8.813
14.7067,14.6314,14.5564,14.4817,14.4073,14.3332,14.2594,14.1858,14.0834,13.9458,13.8083,13.6708,13.5335,13.3962,13.259,13.1219,12.9849,12.8479,12.6109,12.3467,12.0828,11.819,11.5554,11.292,11.0287,10.7655,10.5025,10.2523,10.0946,9.937,9.7794,9.6218,9.4643,9.3067,9.1492,8.9917,8.8342,8.685,8.5456,8.4062,8.2668,8.1273,7.9877,7.848,7.7083,7.5685,7.4287,7.261,7.0859,6.9108,6.7356,6.5604,6.385,6.2095,6.034,5.8583,5.6982,5.6444,5.5905,5.5366,5.4827,5.4287,5.3747,5.3207,5.2667,5.2128,5.2266,5.3185,5.4104,5.5024,5.5945,5.6865,5.7787,5.8709,5.9632,6.0556,6.3848,6.7736,7.1628,7.5525,7.9427,8.3335,8.7248,9.1168,9.5094,9.887,10.1651,10.4433,10.7219,11.0006,11.2796,11.5589,11.8384,12.1182,12.3983,12.6145,12.7583,12.9023,13.0464,13.1906,13.3348,13.4792,13.6237,13.7683,13.913,13.9508,13.9624,13.9739,13.9853,13.9966,14.0078,14.0188,14.0297,14.0405,14.037,13.9435,13.8499,13.7564,13.6629,13.5694,13.4759,13.3824,13.2889,13.1954,13.0955,12.9884,12.8814,12.7745,12.6676,12.5609,12.4541,12.3475,12.2409,12.1344,12.0214,11.9069,11.7926,11.6783,11.5642,11.4502,11.3363,11.2226,11.109,11.0032,10.9505,10.8978,10.8451,10.7923,10.7396,10.6868,10.634,10.5812,10.5284,10.4583,10.3673,10.2765,10.1858,10.0953,10.0049,9.9146,9.8244,9.7344,9.6445,9.5471,9.4478,9.349,9.2504,9.1523,9.0546
14.7277,14.643,14.5587,14.4747,14.3909,14.3075,14.2244,14.1415,14.0314,13.8898,13.7483,13.607,13.4657,13.3245,13.1834,13.0424,12.9014,12.7605,12.5133,12.2394,11.9656,11.6921,11.4187,11.1454,10.8723,10.5994,10.3266,10.068,9.904,9.7401,9.5763,9.4125,9.2487,9.0849,8.9211,8.7573,8.5936,8.4398,8.2977,8.1555,8.0132,7.8709,7.7285,7.5861,7.4436,7.301,7.1584,6.9855,6.8048,6.624,6.4432,6.2623,6.0812,5.9001,5.7189,5.5376,5.3743,5.3352,5.2961,5.2568,5.2176,5.1783,5.139,5.0997,5.0605,5.0212,5.0467,5.148,5.2493,5.3507,5.4521,5.5536,5.6552,5.7568,5.8585,5.9603,6.3132,6.7322,7.1516,7.5715,7.992,8.4129,8.8345,9.2566,9.6794,10.0856,10.371,10.6566,10.9425,11.2286,11.5149,11.8015,12.0884,12.3755,12.6629,12.8851,13.0293,13.1736,13.3181,13.4626,13.6072,13.752,13.8968,14.0418,14.1868,14.2227,14.229,14.2351,14.2412,14.2471,14.2529,14.2587,14.2642,14.2697,14.2633,14.1682,14.0732,13.9781,13.883,13.7879,13.6929,13.5978,13.5028,13.4077,13.3073,13.2003,13.0933,12.9865,12.8797,12.7729,12.6663,12.5597,12.4531,12.3467,12.2347,12.1213,12.0079,11.8947,11.7816,11.6687,11.5558,11.4431,11.3306,11.2238,11.1697,11.1156,11.0615,11.0073,10.9532,10.899,10.8448,10.7906,10.7364,10.667,10.577,10.4871,10.3974,10.3078,10.2183,10.1289,10.0397,9.9506,9.8616,9.7679,9.6727,9.5779,9.4835,9.3895,9.2958
14.7483,14.6543,14.5607,14.4673,14.3743,14.2816,14.1891,14.097,13.9792,13.8337,13.6883,13.543,13.3978,13.2527,13.1077,12.9627,12.8179,12.6731,12.4156,12.1318,11.8483,11.5649,11.2817,10.9987,10.7158,10.4331,10.1505,9.8835,9.7133,9.5432,9.3731,9.203,9.0329,8.8629,8.6929,8.5229,8.3528,8.1946,8.0496,7.9046,7.7596,7.6145,7.4694,7.3241,7.1788,7.0335,6.888,6.71,6.5237,6.3373,6.1508,5.9642,5.7775,5.5907,5.4038,5.2169,5.0504,5.026,5.0015,4.977,4.9525,4.9279,4.9033,4.8787,4.8541,4.8295,4.8667,4.9774,5.0881,5.1989,5.3097,5.4206,5.5315,5.6425,5.7536,5.8648,6.2412,6.6903,7.14,7.5901,8.0407,8.4918,8.9436,9.3959,9.8489,10.284,10.5768,10.8697,11.1629,11.4563,11.75,12.0439,12.3381,12.6326,12.9273,13.1557,13.3003,13.445,13.5897,13.7346,13.8796,14.0247,14.1699,14.3152,14.4606,14.4948,14.4957,14.4965,14.4972,14.4978,14.4983,14.4987,14.4989,14.4991,14.4897,14.3931,14.2964,14.1998,14.1032,14.0066,13.91,13.8133,13.7167,13.6201,13.5191,13.4122,13.3053,13.1984,13.0917,12.985,12.8784,12.7718,12.6654,12.559,12.448,12.3356,12.2233,12.1111,11.999,11.8871,11.7753,11.6636,11.5521,11.4445,11.389,11.3335,11.2779,11.2224,11.1668,11.1113,11.0557,11.0001,10.9444,10.8758,10.7867,10.6977,10.6089,10.5202,10.4316,10.3432,10.2549,10.1667,10.0787,9.9883,9.8973,9.8066,9.7163,9.6263,9.5368
14.7686,14.6653,14.5624,14.4597,14.3574,14.2553,14.1536,14.0521,13.9269,13.7775,13.6282,13.479,13.3299,13.1808,13.0319,12.883,12.7342,12.5855,12.3176,12.0241,11.7307,11.4376,11.1446,10.8518,10.5591,10.2666,9.9742,9.699,9.5225,9.3461,9.1698,8.9934,8.8171,8.6409,8.4646,8.2883,8.112,7.9493,7.8016,7.6538,7.506,7.3581,7.2102,7.0622,6.9141,6.7659,6.6177,6.4345,6.2425,6.0504,5.8583,5.6661,5.4737,5.2813,5.0888,4.8962,4.7265,4.7168,4.707,4.6971,4.6873,4.6773,4.6674,4.6575,4.6476,4.6378,4.6867,4.8068,4.9269,5.047,5.1672,5.2874,5.4077,5.5281,5.6486,5.7691,6.1687,6.648,7.1278,7.6081,8.0889,8.5702,9.0521,9.5346,10.0177,10.4823,10.7824,11.0827,11.3832,11.6839,11.9849,12.2862,12.5877,12.8895,13.1915,13.4263,13.5712,13.7163,13.8614,14.0067,14.152,14.2975,14.443,14.5887,14.7344,14.7671,14.7627,14.7582,14.7535,14.7488,14.7439,14.7389,14.7339,14.7286,14.7162,14.618,14.5198,14.4216,14.3234,14.2253,14.1271,14.0289,13.9308,13.8326,13.7309,13.624,13.5172,13.4104,13.3037,13.197,13.0905,12.984,12.8776,12.7712,12.6612,12.5498,12.4385,12.3274,12.2164,12.1055,11.9947,11.8841,11.7736,11.6653,11.6084,11.5514,11.4945,11.4376,11.3806,11.3236,11.2666,11.2096,11.1525,11.0844,10.9962,10.9082,10.8203,10.7325,10.6449,10.5574,10.47,10.3828,10.2957,10.2085,10.1215,10.0349,9.9487,9.8629,9.7774
14.7886,14.676,14.5637,14.4518,14.3401,14.2288,14.1178,14.007,13.8745,13.7212,13.5679,13.4148,13.2618,13.1088,12.956,12.8032,12.6505,12.4978,12.2194,11.9161,11.613,11.31,11.0073,10.7047,10.4022,10.0999,9.7977,9.5143,9.3316,9.149,8.9664,8.7838,8.6012,8.4187,8.2362,8.0537,7.8712,7.704,7.5535,7.403,7.2523,7.1017,6.951,6.8002,6.6493,6.4984,6.3474,6.159,5.9613,5.7636,5.5658,5.3679,5.17,4.9719,4.7737,4.5754,4.4025,4.4075,4.4124,4.4172,4.422,4.4268,4.4315,4.4363,4.4411,4.4459,4.5066,4.636,4.7655,4.895,5.0246,5.1542,5.2838,5.4136,5.5434,5.6733,6.0957,6.6052,7.1152,7.6256,8.1365,8.648,9.16,9.6727,10.1859,10.6805,10.9878,11.2954,11.6033,11.9113,12.2197,12.5282,12.8371,13.1462,13.4556,13.6968,13.8421,13.9876,14.1331,14.2787,14.4244,14.5702,14.7161,14.8621,15.0082,15.0396,15.0298,15.0199,15.01,14.9999,14.9897,14.9794,14.969,14.9584,14.9427,14.8429,14.7432,14.6434,14.5437,14.444,14.3443,14.2446,14.1449,14.0451,13.9427,13.8359,13.7291,13.6223,13.5157,13.4091,13.3026,13.1962,13.0898,12.9835,12.8743,12.764,12.6537,12.5436,12.4336,12.3238,12.2141,12.1045,11.995,11.8861,11.8278,11.7695,11.7112,11.6528,11.5944,11.536,11.4776,11.4192,11.3608,11.293,11.2058,11.1187,11.0317,10.9448,10.8581,10.7715,10.6851,10.5988,10.5126,10.4283,10.3455,10.263,10.1809,10.0991,10.0177
