13.3384,13.2954,13.2524,13.2094,13.1664,13.1234,13.0804,13.0375,12.9945,12.9524,12.9208,12.8892,12.8576,12.826,12.7944,12.7628,12.7313,12.6997,12.6682,12.5934,12.4997,12.406,12.3123,12.2186,12.1249,12.0311,11.9374,11.8436,11.7997,11.8615,11.9235,11.9855,12.0477,12.1099,12.1721,12.2342,12.2964,12.3586,12.4024,12.4452,12.488,12.5308,12.5736,12.6164,12.6592,12.7019,12.7447,12.7855,12.8246,12.8638,12.903,12.9421,12.9813,13.0205,13.0597,13.0988,13.1121,13.021,12.9299,12.8388,12.7477,12.6566,12.5655,12.4744,12.3833,12.2922,12.1744,12.0508,11.9273,11.8037,11.6802,11.5566,11.4331,11.3095,11.186,11.1373,11.1801,11.2232,11.2663,11.3095,11.3528,11.3961,11.4394,11.4827,11.5244,11.5444,11.5644,11.5845,11.6046,11.6247,11.6449,11.6651,11.6853,11.7056,11.7438,11.7896,11.8352,11.8808,11.9263,11.9716,12.0168,12.0619,12.1069,12.1222,12.0761,12.0299,11.9838,11.9377,11.8916,11.8456,11.7995,11.7534,11.7073,11.694,11.6822,11.6703,11.6582,11.6459,11.6335,11.6209,11.608,11.595,11.5941,11.6026,11.6111,11.6196,11.6282,11.6367,11.6453,11.6539,11.6625,11.6609,11.6156,11.5703,11.525,11.4797,11.4344,11.3891,11.3438,11.2985,11.2532,11.2043,11.154,11.103,11.0514,10.9991,10.9462,10.8925,10.8382,10.7832,10.7299,10.6793,10.6285,10.5773,10.5258,10.474,10.4218,10.3693,10.3165,10.2635,10.2132,10.163,10.1126,10.0622,10.0118,9.9613,9.9108,9.8602,9.8095
13.3611,13.3181,13.2751,13.2321,13.1891,13.1461,13.1031,13.0602,13.0172,12.9752,12.9436,12.912,12.8804,12.8488,12.8173,12.7857,12.7541,12.7226,12.6911,12.6162,12.5234,12.4306,12.3377,12.2449,12.1521,12.0592,11.9663,11.8735,11.8293,11.8843,11.9394,11.9947,12.05,12.1055,12.161,12.2167,12.2724,12.3282,12.3718,12.4147,12.4577,12.5006,12.5435,12.5865,12.6294,12.6723,12.7151,12.755,12.7926,12.8303,12.8679,12.9055,12.9431,12.9807,13.0183,13.0558,13.0694,12.9856,12.9018,12.818,12.7343,12.6506,12.5669,12.4832,12.3997,12.3161,12.2016,12.0802,11.9589,11.8376,11.7163,11.5951,11.4739,11.3528,11.2317,11.1838,11.228,11.2721,11.3163,11.3605,11.4048,11.4491,11.4934,11.5378,11.5806,11.6011,11.6217,11.6423,11.6629,11.6835,11.7042,11.7249,11.7457,11.7665,11.8015,11.8429,11.8843,11.9255,11.9667,12.0077,12.0485,12.0893,12.1299,12.1438,12.0976,12.0515,12.0054,11.9593,11.9132,11.8671,11.821,11.775,11.7289,11.7109,11.6948,11.6787,11.6623,11.6458,11.6291,11.6122,11.5951,11.5778,11.5747,11.5837,11.5927,11.6016,11.6106,11.6197,11.6287,11.6378,11.6468,11.647,11.6018,11.5565,11.5112,11.4659,11.4206,11.3753,11.33,11.2847,11.2394,11.1825,11.1218,11.0605,10.9985,10.9358,10.8725,10.8085,10.7438,10.6784,10.617,10.5624,10.5075,10.4522,10.3967,10.3408,10.2845,10.228,10.1711,10.1139,10.0637,10.0134,9.9631,9.9127,9.8623,9.8118,9.7612,9.7106,9.66
13.3839,13.3409,13.2978,13.2548,13.2118,13.1688,13.1258,13.0829,13.0399,12.9981,12.9665,12.9349,12.9033,12.8717,12.8401,12.8086,12.777,12.7455,12.7139,12.639,12.547,12.4551,12.3632,12.2712,12.1793,12.0873,11.9953,11.9034,11.8588,11.907,11.9553,12.0037,12.0523,12.1009,12.1497,12.1985,12.2474,12.2964,12.3396,12.3826,12.4255,12.4685,12.5114,12.5544,12.5973,12.6402,12.6831,12.7219,12.7578,12.7937,12.8295,12.8654,12.9013,12.9371,12.9729,13.0087,13.0226,12.9468,12.8711,12.7953,12.7196,12.6439,12.5683,12.4927,12.4171,12.3416,12.2305,12.1113,11.9921,11.873,11.754,11.6349,11.5159,11.397,11.2781,11.2307,11.2759,11.321,11.3662,11.4115,11.4567,11.5021,11.5474,11.5928,11.6369,11.6579,11.679,11.7001,11.7212,11.7423,11.7635,11.7848,11.806,11.8273,11.8593,11.8965,11.9335,11.9704,12.0072,12.0439,12.0804,12.1168,12.1532,12.1654,12.1192,12.0731,12.027,11.9809,11.9348,11.8887,11.8426,11.7965,11.7504,11.7279,11.7076,11.6872,11.6666,11.6458,11.6248,11.6036,11.5823,11.5607,11.5553,11.5647,11.5742,11.5836,11.5931,11.6026,11.6121,11.6216,11.6312,11.6332,11.5879,11.5427,11.4974,11.4521,11.4068,11.3615,11.3162,11.2709,11.2256,11.1613,11.0903,11.0186,10.9462,10.8732,10.7995,10.7251,10.6501,10.5744,10.5045,10.4458,10.3868,10.3274,10.2678,10.2079,10.1476,10.087,10.026,9.9647,9.9141,9.8639,9.8135,9.7631,9.7127,9.6622,9.6117,9.5611,9.5105
13.4066,13.3636,13.3206,13.2776,13.2345,13.1915,13.1485,13.1056,13.0626,13.0209,12.9893,12.9577,12.9261,12.8946,12.863,12.8314,12.7999,12.7683,12.7368,12.6618,12.5707,12.4797,12.3886,12.2976,12.2065,12.1154,12.0244,11.9333,11.8881,11.9295,11.9711,12.0127,12.0544,12.0963,12.1382,12.1802,12.2223,12.2645,12.3075,12.3505,12.3934,12.4364,12.4793,12.5222,12.5652,12.6081,12.651,12.6888,12.7229,12.7571,12.7912,12.8253,12.8594,12.8935,12.9276,12.9616,12.9757,12.908,12.8403,12.7726,12.7049,12.6372,12.5696,12.502,12.4345,12.367,12.2593,12.1423,12.0254,11.9085,11.7916,11.6747,11.5579,11.4412,11.3245,11.2776,11.3238,11.3699,11.4162,11.4624,11.5087,11.555,11.6014,11.6478,11.6931,11.7146,11.7362,11.7578,11.7795,11.8011,11.8228,11.8446,11.8664,11.8882,11.9173,11.9501,11.9828,12.0154,12.0478,12.0802,12.1124,12.1445,12.1765,12.187,12.1408,12.0947,12.0486,12.0024,11.9563,11.9102,11.8641,11.818,11.772,11.7451,11.7206,11.6959,11.671,11.646,11.6208,11.5953,11.5697,11.5439,11.5359,11.5457,11.5557,11.5656,11.5755,11.5855,11.5955,11.6055,11.6155,11.6194,11.5741,11.5288,11.4836,11.4383,11.393,11.3477,11.3024,11.2571,11.2117,11.1408,11.0594,10.9773,10.8946,10.8112,10.7271,10.6424,10.557,10.4709,10.3921,10.3294,10.2663,10.2029,10.1392,10.0752,10.0109,9.9462,9.8812,9.8158,9.7646,9.7143,9.664,9.6136,9.5632,9.5127,9.4622,9.4116,9.3609
13.4294,13.3864,13.3433,13.3003,13.2573,13.2143,13.1712,13.1283,13.0853,13.0438,13.0122,12.9806,12.949,12.9174,12.8859,12.8543,12.8227,12.7912,12.7597,12.6846,12.5944,12.5043,12.4141,12.324,12.2338,12.1436,12.0534,11.9632,11.9174,11.952,11.9867,12.0215,12.0565,12.0915,12.1267,12.1619,12.1972,12.2326,12.2753,12.3183,12.3613,12.4043,12.4472,12.4901,12.5331,12.576,12.6189,12.6557,12.6881,12.7205,12.7528,12.7852,12.8176,12.8499,12.8822,12.9146,12.9289,12.8692,12.8095,12.7498,12.6901,12.6305,12.5709,12.5113,12.4518,12.3924,12.2882,12.1734,12.0586,11.9439,11.8292,11.7145,11.5999,11.4853,11.3708,11.3245,11.3717,11.4188,11.4661,11.5133,11.5606,11.608,11.6553,11.7027,11.7493,11.7714,11.7935,11.8156,11.8377,11.8599,11.8821,11.9044,11.9267,11.949,11.9753,12.0038,12.0322,12.0605,12.0886,12.1166,12.1446,12.1724,12.2,12.2086,12.1624,12.1163,12.0701,12.024,11.9779,11.9318,11.8857,11.8396,11.7935,11.7626,11.7338,11.7048,11.6757,11.6464,11.6169,11.5872,11.5573,11.5272,11.5164,11.5267,11.5371,11.5475,11.558,11.5684,11.5788,11.5893,11.5998,11.6056,11.5603,11.515,11.4697,11.4244,11.3792,11.3339,11.2885,11.2432,11.1979,11.1209,11.0291,10.9366,10.8436,10.7498,10.6554,10.5604,10.4646,10.3682,10.2801,10.2133,10.1461,10.0787,10.0109,9.9429,9.8745,9.8057,9.7367,9.6672,9.615,9.5648,9.5144,9.4641,9.4136,9.3632,9.3126,9.262,9.2114
13.4522,13.4091,13.3661,13.323,13.28,13.237,13.194,13.1509,13.1079,13.0666,13.035,13.0034,12.9719,12.9403,12.9087,12.8772,12.8456,12.8141,12.7825,12.7074,12.6182,12.5289,12.4396,12.3503,12.261,12.1717,12.0824,11.9931,11.9465,11.9743,12.0022,12.0303,12.0584,12.0867,12.115,12.1435,12.172,12.2006,12.2432,12.2862,12.3292,12.3721,12.4151,12.458,12.501,12.5439,12.5868,12.6226,12.6532,12.6838,12.7145,12.7451,12.7757,12.8063,12.8369,12.8675,12.882,12.8303,12.7786,12.727,12.6753,12.6237,12.5721,12.5206,12.4691,12.4177,12.317,12.2044,12.0918,11.9793,11.8668,11.7543,11.6419,11.5295,11.4171,11.3713,11.4195,11.4677,11.516,11.5642,11.6126,11.6609,11.7093,11.7577,11.8055,11.8281,11.8507,11.8733,11.896,11.9187,11.9414,11.9642,11.987,12.0098,12.0335,12.0577,12.0817,12.1057,12.1295,12.1532,12.1768,12.2003,12.2237,12.2302,12.184,12.1379,12.0917,12.0456,11.9995,11.9533,11.9072,11.8611,11.815,11.7801,11.7471,11.7139,11.6805,11.6469,11.6132,11.5793,11.5451,11.5108,11.4969,11.5077,11.5186,11.5295,11.5403,11.5512,11.5622,11.5731,11.5841,11.5918,11.5465,11.5012,11.4559,11.4106,11.3653,11.32,11.2747,11.2294,11.1841,11.1015,10.9994,10.8966,10.7932,10.6891,10.5844,10.479,10.3729,10.2661,10.1683,10.0974,10.0262,9.9547,9.8829,9.8108,9.7383,9.6655,9.5924,9.5189,9.4655,9.4152,9.3649,9.3145,9.2641,9.2136,9.1631,9.1125,9.0619
13.4749,13.4318,13.3888,13.3457,13.3027,13.2597,13.2167,13.1736,13.1306,13.0895,13.0579,13.0263,12.9947,12.9632,12.9316,12.9,12.8685,12.8369,12.8054,12.7303,12.6419,12.5535,12.4651,12.3767,12.2883,12.1999,12.1115,12.0231,11.9755,11.9965,12.0177,12.0389,12.0603,12.0817,12.1033,12.1249,12.1467,12.1685,12.211,12.254,12.297,12.34,12.383,12.4259,12.4689,12.5118,12.5547,12.5894,12.6183,12.6472,12.6761,12.705,12.7339,12.7627,12.7916,12.8204,12.8351,12.7915,12.7478,12.7041,12.6605,12.6169,12.5733,12.5298,12.4863,12.4429,12.3458,12.2354,12.125,12.0146,11.9043,11.794,11.6838,11.5736,11.4634,11.4182,11.4674,11.5166,11.5658,11.6151,11.6645,11.7138,11.7632,11.8126,11.8617,11.8848,11.9079,11.9311,11.9543,11.9775,12.0007,12.024,12.0473,12.0706,12.0918,12.1117,12.1314,12.1511,12.1706,12.19,12.2093,12.2284,12.2474,12.2518,12.2056,12.1594,12.1133,12.0672,12.021,11.9749,11.9288,11.8827,11.8366,11.7979,11.7606,11.7231,11.6855,11.6477,11.6097,11.5715,11.5331,11.4946,11.4774,11.4887,11.5,11.5113,11.5227,11.5341,11.5455,11.5569,11.5683,11.5779,11.5327,11.4874,11.4421,11.3968,11.3515,11.3062,11.2609,11.2156,11.1703,11.0828,10.9704,10.8572,10.7435,10.6291,10.514,10.3982,10.2818,10.1647,10.0568,9.9819,9.9066,9.8311,9.7552,9.679,9.6025,9.5256,9.4484,9.3709,9.3159,9.2656,9.2153,9.165,9.1145,9.0641,9.0135,8.963,8.9124
13.4977,13.4546,13.4115,13.3685,13.3254,13.2824,13.2394,13.1963,13.1533,13.1123,13.0807,13.0492,13.0176,12.986,12.9545,12.9229,12.8913,12.8598,12.8283,12.7531,12.6657,12.5782,12.4907,12.4032,12.3156,12.2281,12.1406,12.053,12.0044,12.0186,12.033,12.0474,12.062,12.0767,12.0915,12.1063,12.1213,12.1363,12.1789,12.2219,12.2649,12.3079,12.3509,12.3938,12.4368,12.4797,12.5226,12.5563,12.5834,12.6106,12.6377,12.6649,12.692,12.7191,12.7462,12.7733,12.7883,12.7526,12.7169,12.6813,12.6456,12.61,12.5745,12.5389,12.5035,12.4681,12.3746,12.2664,12.1582,12.05,11.9418,11.8337,11.7257,11.6176,11.5097,11.465,11.5152,11.5654,11.6157,11.666,11.7163,11.7667,11.8171,11.8676,11.9179,11.9415,11.9652,11.9888,12.0125,12.0362,12.06,12.0837,12.1076,12.1314,12.1503,12.1658,12.1812,12.1965,12.2117,12.2268,12.2418,12.2567,12.2714,12.2734,12.2272,12.181,12.1349,12.0887,12.0426,11.9965,11.9503,11.9042,11.8581,11.8158,11.7743,11.7326,11.6907,11.6486,11.6064,11.5639,11.5213,11.4785,11.4578,11.4696,11.4814,11.4932,11.5051,11.5169,11.5288,11.5406,11.5525,11.5641,11.5188,11.4736,11.4283,11.383,11.3377,11.2924,11.2471,11.2018,11.1564,11.0647,10.9419,10.8185,10.6944,10.5696,10.4442,10.3182,10.1914,10.0639,9.9455,9.8666,9.7873,9.7076,9.6277,9.5475,9.4669,9.386,9.3048,9.2232,9.1664,9.1161,9.0658,9.0154,8.965,8.9145,8.864,8.8134,8.7628
13.5204,13.4773,13.4343,13.3912,13.3481,13.3051,13.2621,13.219,13.176,13.1352,13.1036,13.072,13.0404,13.0089,12.9773,12.9458,12.9142,12.8827,12.8512,12.7761,12.6895,12.6029,12.5162,12.4296,12.343,12.2563,12.1697,12.083,12.0331,12.0406,12.0482,12.0559,12.0637,12.0716,12.0796,12.0876,12.0958,12.104,12.1468,12.1898,12.2328,12.2758,12.3187,12.3617,12.4047,12.4476,12.4906,12.5231,12.5485,12.574,12.5994,12.6248,12.6501,12.6755,12.7009,12.7262,12.7414,12.7137,12.686,12.6584,12.6307,12.6031,12.5756,12.548,12.5206,12.4932,12.4034,12.2973,12.1913,12.0853,11.9793,11.8734,11.7675,11.6617,11.5559,11.5118,11.563,11.6143,11.6656,11.7169,11.7682,11.8196,11.871,11.9224,11.9739,11.9982,12.0224,12.0465,12.0707,12.0949,12.1192,12.1435,12.1678,12.1922,12.2088,12.22,12.2311,12.2422,12.2531,12.2638,12.2745,12.285,12.2954,12.295,12.2488,12.2026,12.1565,12.1103,12.0642,12.018,11.9719,11.9258,11.8796,11.8339,11.7881,11.7422,11.696,11.6497,11.6032,11.5566,11.5097,11.4626,11.4383,11.4505,11.4628,11.4751,11.4874,11.4997,11.512,11.5244,11.5367,11.5491,11.505,11.4597,11.4145,11.3692,11.3239,11.2786,11.2333,11.1879,11.1426,11.0473,10.9141,10.7803,10.6459,10.5109,10.3751,10.2387,10.1016,9.9638,9.8346,9.7515,9.6682,9.5845,9.5005,9.4162,9.3316,9.2467,9.1614,9.0758,9.0168,8.9665,8.9162,8.8659,8.8154,8.765,8.7145,8.6639,8.6133
13.5432,13.5001,13.457,13.4139,13.3709,13.3278,13.2848,13.2417,13.1987,13.158,13.1265,13.0949,13.0633,13.0317,13.0002,12.9686,12.9371,12.9055,12.874,12.799,12.7133,12.6275,12.5418,12.4561,12.3703,12.2846,12.1988,12.113,12.0618,12.0625,12.0633,12.0642,12.0652,12.0663,12.0676,12.0689,12.0703,12.0717,12.1146,12.1576,12.2006,12.2436,12.2866,12.3296,12.3726,12.4155,12.4585,12.49,12.5136,12.5373,12.561,12.5846,12.6083,12.6319,12.6555,12.6791,12.6944,12.6748,12.6551,12.6354,12.6158,12.5962,12.5766,12.5571,12.5376,12.5182,12.4321,12.3283,12.2244,12.1206,12.0168,11.9131,11.8094,11.7057,11.6021,11.5586,11.6108,11.6631,11.7154,11.7677,11.82,11.8724,11.9249,11.9773,12.0298,12.0549,12.0796,12.1042,12.1289,12.1537,12.1784,12.2032,12.2281,12.2529,12.2675,12.2744,12.2812,12.2879,12.2945,12.301,12.3073,12.3136,12.3197,12.3166,12.2704,12.2242,12.178,12.1319,12.0857,12.0396,11.9934,11.9473,11.9012,11.8522,11.8021,11.7519,11.7016,11.651,11.6003,11.5494,11.4983,11.447,11.4187,11.4314,11.4442,11.4569,11.4697,11.4825,11.4953,11.5081,11.5209,11.5338,11.4912,11.4459,11.4006,11.3553,11.31,11.2647,11.2194,11.1741,11.1288,11.0304,10.8869,10.7428,10.5981,10.4527,10.3067,10.1599,10.0125,9.8644,9.7238,9.6367,9.5493,9.4616,9.3736,9.2853,9.1966,9.1076,9.0183,8.9286,8.8672,8.817,8.7667,8.7163,8.6659,8.6154,8.5649,8.5144,8.4638
13.5659,13.5228,13.4797,13.4367,13.3936,13.3505,13.3075,13.2644,13.2214,13.1809,13.1493,13.1177,13.0862,13.0546,13.023,12.9915,12.96,12.9284,12.8969,12.8219,12.7371,12.6523,12.5674,12.4825,12.3977,12.3128,12.2279,12.143,12.0903,12.0842,12.0783,12.0724,12.0667,12.061,12.0555,12.05,12.0446,12.0394,12.0825,12.1255,12.1685,12.2115,12.2545,12.2975,12.3405,12.3834,12.4264,12.4568,12.4787,12.5007,12.5226,12.5445,12.5664,12.5883,12.6102,12.6321,12.6475,12.6358,12.6241,12.6125,12.6008,12.5892,12.5776,12.5661,12.5546,12.5432,12.4609,12.3592,12.2575,12.1559,12.0543,11.9527,11.8512,11.7497,11.6482,11.6054,11.6586,11.7119,11.7652,11.8185,11.8719,11.9253,11.9787,12.0322,12.0857,12.1116,12.1367,12.1619,12.1871,12.2124,12.2377,12.263,12.2883,12.3137,12.3263,12.3289,12.3314,12.3338,12.3361,12.3382,12.3403,12.3422,12.344,12.3382,12.292,12.2458,12.1996,12.1534,12.1073,12.0611,12.015,11.9688,11.9227,11.8706,11.8163,11.7619,11.7073,11.6525,11.5975,11.5424,11.487,11.4315,11.3991,11.4123,11.4255,11.4387,11.4519,11.4652,11.4785,11.4918,11.5051,11.5184,11.4774,11.4321,11.3868,11.3415,11.2962,11.2509,11.2056,11.1603,11.115,11.0142,10.8604,10.706,10.5509,10.3952,10.2389,10.0818,9.9241,9.7657,9.6134,9.5222,9.4308,9.339,9.247,9.1546,9.0619,8.9688,8.8755,8.7818,8.7177,8.6674,8.6171,8.5668,8.5163,8.4659,8.4154,8.3648,8.3142
13.5887,13.5456,13.5025,13.4594,13.4163,13.3732,13.3302,13.2871,13.2441,13.2038,13.1722,13.1406,13.109,13.0775,13.0459,13.0144,12.9828,12.9513,12.9198,12.8449,12.7609,12.677,12.593,12.509,12.4251,12.3411,12.2571,12.1731,12.1187,12.1059,12.0931,12.0805,12.068,12.0556,12.0433,12.0311,12.0189,12.0073,12.0503,12.0934,12.1364,12.1794,12.2224,12.2654,12.3084,12.3513,12.3943,12.4236,12.4438,12.464,12.4842,12.5044,12.5246,12.5447,12.5649,12.585,12.6006,12.5969,12.5932,12.5895,12.5858,12.5822,12.5786,12.575,12.5715,12.5681,12.4896,12.3901,12.2906,12.1911,12.0917,11.9923,11.893,11.7936,11.6944,11.6522,11.7064,11.7607,11.815,11.8693,11.9237,11.9781,12.0325,12.087,12.1415,12.1683,12.1939,12.2196,12.2453,12.2711,12.2969,12.3227,12.3485,12.3744,12.3852,12.3835,12.3817,12.3798,12.3778,12.3756,12.3734,12.371,12.3685,12.3597,12.3136,12.2674,12.2212,12.175,12.1288,12.0827,12.0365,11.9904,11.9443,11.8892,11.8307,11.772,11.7132,11.6542,11.595,11.5356,11.476,11.4162,11.3795,11.3931,11.4068,11.4205,11.4342,11.4479,11.4617,11.4754,11.4892,11.503,11.4636,11.4183,11.373,11.3277,11.2824,11.2371,11.1918,11.1465,11.1011,10.9985,10.8344,10.6697,10.5044,10.3384,10.1717,10.0044,9.8363,9.6676,9.5032,9.408,9.3125,9.2167,9.1206,9.0242,8.9274,8.8304,8.7329,8.6352,8.5681,8.5179,8.4676,8.4172,8.3668,8.3163,8.2658,8.2153,8.1647
13.6114,13.5683,13.5252,13.4821,13.439,13.3959,13.3529,13.3098,13.2668,13.2266,13.195,13.1635,13.1319,13.1003,13.0688,13.0372,13.0057,12.9742,12.9426,12.8679,12.7848,12.7017,12.6187,12.5356,12.4525,12.3694,12.2862,12.2031,12.147,12.1274,12.1079,12.0885,12.0693,12.0501,12.031,12.012,11.9931,11.9751,12.0182,12.0612,12.1043,12.1473,12.1903,12.2333,12.2763,12.3192,12.3622,12.3904,12.4089,12.4274,12.4458,12.4643,12.4827,12.5011,12.5195,12.5379,12.5536,12.5579,12.5622,12.5665,12.5708,12.5751,12.5795,12.5839,12.5884,12.5929,12.5183,12.421,12.3236,12.2264,12.1291,12.0319,11.9347,11.8376,11.7405,11.6989,11.7542,11.8095,11.8648,11.9201,11.9755,12.0309,12.0863,12.1418,12.1973,12.2249,12.2511,12.2773,12.3035,12.3298,12.3561,12.3824,12.4088,12.4352,12.4442,12.4382,12.4321,12.4259,12.4196,12.4132,12.4066,12.3999,12.3931,12.3813,12.3351,12.289,12.2428,12.1966,12.1504,12.1042,12.0581,12.0119,11.9658,11.908,11.8453,11.7823,11.7193,11.656,11.5926,11.5289,11.4651,11.4011,11.3598,11.374,11.3881,11.4022,11.4164,11.4306,11.4448,11.459,11.4733,11.4875,11.4497,11.4045,11.3592,11.3139,11.2686,11.2233,11.178,11.1326,11.0873,10.9835,10.8091,10.6341,10.4584,10.2821,10.1052,9.9275,9.7492,9.5702,9.3932,9.294,9.1945,9.0947,8.9945,8.8941,8.7933,8.6922,8.5907,8.4889,8.4185,8.3683,8.3178,8.2662,8.2145,8.1626,8.1105,8.0582,8.0057
13.6342,13.591,13.5479,13.5048,13.4617,13.4187,13.3756,13.3325,13.2894,13.2495,13.2179,13.1863,13.1547,13.1232,13.0916,13.0601,13.0286,12.997,12.9655,12.8909,12.8087,12.7265,12.6443,12.5621,12.4799,12.3976,12.3154,12.2332,12.1752,12.1488,12.1226,12.0965,12.0704,12.0445,12.0187,11.9929,11.9672,11.943,11.986,12.0291,12.0721,12.1151,12.1582,12.2012,12.2442,12.2872,12.3301,12.3573,12.374,12.3907,12.4074,12.4241,12.4408,12.4575,12.4742,12.4908,12.5066,12.5189,12.5311,12.5434,12.5557,12.568,12.5804,12.5928,12.6052,12.6177,12.547,12.4518,12.3567,12.2616,12.1665,12.0714,11.9764,11.8815,11.7865,11.7457,11.8019,11.8582,11.9145,11.9709,12.0273,12.0837,12.1401,12.1966,12.2532,12.2816,12.3082,12.3349,12.3617,12.3885,12.4153,12.4421,12.469,12.4959,12.5033,12.493,12.4826,12.4721,12.4615,12.4508,12.44,12.429,12.4179,12.4029,12.3567,12.3105,12.2643,12.2182,12.172,12.1258,12.0796,12.0335,11.9873,11.9269,11.86,11.7928,11.7255,11.658,11.5904,11.5225,11.4545,11.3862,11.3402,11.3548,11.3694,11.384,11.3986,11.4133,11.428,11.4426,11.457,11.4695,11.4307,11.3825,11.3339,11.2851,11.2358,11.1863,11.1364,11.0861,11.0355,10.9272,10.7411,10.5549,10.3685,10.182,9.9952,9.8082,9.621,9.4336,9.2461,9.1431,9.0401,8.937,8.8338,8.7306,8.6273,8.5239,8.4205,8.3169,8.2426,8.1899,8.137,8.0839,8.0306,7.9771,7.9235,7.8697,7.8157
13.6398,13.5969,13.554,13.5112,13.4684,13.4256,13.3828,13.34,13.2973,13.2574,13.2247,13.1921,13.1597,13.1274,13.0953,13.0632,13.0313,12.9995,12.9679,12.8942,12.8139,12.7336,12.6532,12.5727,12.4923,12.4118,12.3313,12.2507,12.1919,12.1603,12.1287,12.0971,12.0655,12.0338,12.0022,11.9705,11.9388,11.9089,11.9522,11.9956,12.0388,12.0821,12.1253,12.1684,12.2116,12.2547,12.2977,12.3238,12.3389,12.3539,12.369,12.384,12.399,12.414,12.4289,12.4439,12.4598,12.4799,12.5,12.52,12.5401,12.5601,12.5802,12.6002,12.6202,12.6402,12.5732,12.4801,12.387,12.294,12.201,12.1081,12.0153,11.9225,11.8298,11.7895,11.8462,11.9028,11.9595,12.016,12.0726,12.1291,12.1855,12.2419,12.2983,12.3268,12.3532,12.3796,12.406,12.4324,12.4588,12.4852,12.5116,12.538,12.5424,12.5255,12.5084,12.491,12.4734,12.4555,12.4373,12.4189,12.4001,12.3783,12.3291,12.2798,12.2303,12.1807,12.1311,12.0812,12.0313,11.9812,11.9309,11.8667,11.7955,11.7243,11.653,11.5817,11.5103,11.4389,11.3675,11.296,11.2454,11.2587,11.272,11.2853,11.2986,11.3119,11.3252,11.3386,11.3519,11.3653,11.3239,11.2703,11.2164,11.1622,11.1076,11.0527,10.9974,10.9418,10.8858,10.7773,10.589,10.4005,10.2119,10.023,9.8339,9.6446,9.4551,9.2654,9.0755,8.9697,8.8664,8.7632,8.6598,8.5564,8.4529,8.3493,8.2457,8.142,8.0649,8.0106,7.9562,7.9016,7.8468,7.7918,7.7366,7.6813,7.6258
13.6282,13.5845,13.5408,13.4972,13.4535,13.4099,13.3663,13.3228,13.2792,13.2373,13.1993,13.1615,13.1239,13.0863,13.0489,13.0116,12.9745,12.9374,12.9005,12.8261,12.7463,12.6664,12.5866,12.5066,12.4267,12.3467,12.2667,12.1867,12.1285,12.0968,12.065,12.0333,12.0015,11.9697,11.9378,11.906,11.8741,11.8446,11.8901,11.9355,11.9808,12.0261,12.0714,12.1167,12.1619,12.2071,12.2523,12.2795,12.2952,12.311,12.3267,12.3423,12.358,12.3737,12.3893,12.4049,12.4214,12.4415,12.4616,12.4817,12.5017,12.5218,12.5418,12.5618,12.5818,12.6018,12.5397,12.4524,12.3652,12.278,12.1908,12.1037,12.0167,11.9298,11.8429,11.8046,11.8588,11.9131,11.9673,12.0215,12.0757,12.1298,12.1838,12.2378,12.2918,12.3204,12.3468,12.3732,12.3996,12.426,12.4524,12.4788,12.5052,12.5316,12.5323,12.5069,12.4812,12.4552,12.429,12.4025,12.3757,12.3486,12.3213,12.2918,12.24,12.1881,12.136,12.0838,12.0315,11.9791,11.9265,11.8738,11.821,11.7562,11.6849,11.6137,11.5423,11.471,11.3996,11.3281,11.2566,11.1851,11.1327,11.1469,11.1611,11.1754,11.1896,11.2039,11.2182,11.2325,11.2467,11.2611,11.2173,11.1584,11.0992,11.0396,10.9797,10.9194,10.8588,10.7978,10.7365,10.6277,10.4371,10.2463,10.0553,9.8641,9.6728,9.4812,9.2894,9.0974,8.9052,8.7962,8.6928,8.5893,8.4858,8.3822,8.2785,8.1748,8.0709,7.967,7.8873,7.8315,7.7756,7.7194,7.6631,7.6066,7.5499,7.4931,7.436
13.6166,13.5721,13.5276,13.4831,13.4387,13.3943,13.3499,13.3055,13.2611,13.2171,13.1739,13.1308,13.0879,13.0451,13.0024,12.9599,12.9175,12.8752,12.833,12.7579,12.6786,12.5993,12.5199,12.4405,12.3611,12.2817,12.2022,12.1227,12.0651,12.0332,12.0013,11.9694,11.9375,11.9055,11.8735,11.8415,11.8095,11.7803,11.8279,11.8754,11.9228,11.9702,12.0176,12.065,12.1123,12.1595,12.2068,12.2352,12.2516,12.268,12.2844,12.3007,12.3171,12.3334,12.3497,12.366,12.383,12.4031,12.4232,12.4433,12.4633,12.4834,12.5034,12.5234,12.5435,12.5635,12.5062,12.4247,12.3433,12.2619,12.1806,12.0993,12.0181,11.937,11.856,11.8196,11.8715,11.9234,11.9752,12.027,12.0788,12.1305,12.1822,12.2338,12.2854,12.314,12.3404,12.3668,12.3933,12.4197,12.4461,12.4725,12.4989,12.5253,12.5225,12.4885,12.4542,12.4196,12.3848,12.3497,12.3144,12.2787,12.2428,12.2055,12.151,12.0965,12.0418,11.987,11.9321,11.8771,11.8219,11.7666,11.7111,11.6457,11.5744,11.5031,11.4317,11.3603,11.2888,11.2173,11.1458,11.0742,11.0199,11.0351,11.0503,11.0654,11.0806,11.0958,11.1111,11.1263,11.1415,11.1568,11.1111,11.0468,10.9822,10.9173,10.852,10.7864,10.7204,10.6541,10.5875,10.4781,10.2852,10.0921,9.8989,9.7054,9.5118,9.3179,9.1238,8.9296,8.7351,8.6228,8.5192,8.4155,8.3118,8.208,8.1041,8.0002,7.8962,7.7921,7.7099,7.6525,7.595,7.5374,7.4795,7.4215,7.3633,7.3049,7.2463
13.605,13.5597,13.5144,13.4691,13.4238,13.3786,13.3334,13.2882,13.243,13.1967,13.1482,13.0999,13.0517,13.0037,12.9558,12.908,12.8604,12.8128,12.7654,12.6898,12.611,12.5322,12.4533,12.3745,12.2956,12.2166,12.1376,12.0586,12.0017,11.9697,11.9376,11.9055,11.8735,11.8413,11.8092,11.7771,11.7449,11.7161,11.7657,11.8153,11.8648,11.9143,11.9638,12.0132,12.0626,12.112,12.1613,12.1909,12.208,12.225,12.2421,12.2591,12.2761,12.2931,12.3101,12.327,12.3446,12.3647,12.3848,12.4049,12.4249,12.445,12.465,12.4851,12.5051,12.5251,12.4726,12.397,12.3214,12.2458,12.1703,12.0948,12.0194,11.9441,11.8689,11.8348,11.8843,11.9337,11.9832,12.0326,12.0819,12.1313,12.1805,12.2298,12.279,12.3077,12.3341,12.3605,12.3869,12.4133,12.4397,12.4661,12.4925,12.5189,12.5129,12.4703,12.4274,12.3843,12.3409,12.2972,12.2533,12.2091,12.1645,12.1192,12.0622,12.005,11.9477,11.8903,11.8328,11.7752,11.7174,11.6594,11.6014,11.5352,11.4639,11.3925,11.321,11.2496,11.178,11.1065,11.0349,10.9633,10.9071,10.9232,10.9393,10.9555,10.9716,10.9877,11.0039,11.0201,11.0363,11.0524,11.0051,10.9355,10.8655,10.7953,10.7247,10.6537,10.5824,10.5108,10.4387,10.3287,10.1335,9.9382,9.7426,9.5469,9.3509,9.1548,8.9584,8.7619,8.5651,8.4493,8.3456,8.2417,8.1378,8.0338,7.9298,7.8256,7.7214,7.6172,7.5325,7.4736,7.4146,7.3554,7.2961,7.2365,7.1768,7.1169,7.0568
13.5933,13.5472,13.5011,13.455,13.4089,13.3629,13.3168,13.2708,13.2248,13.1762,13.1225,13.0689,13.0155,12.9622,12.909,12.856,12.8031,12.7503,12.6976,12.6216,12.5434,12.4651,12.3868,12.3084,12.23,12.1516,12.0731,11.9946,11.9383,11.9061,11.8739,11.8417,11.8094,11.7772,11.7449,11.7126,11.6803,11.6519,11.7036,11.7553,11.8069,11.8585,11.91,11.9615,12.013,12.0645,12.1159,12.1466,12.1643,12.1821,12.1998,12.2175,12.2351,12.2528,12.2705,12.2881,12.3062,12.3263,12.3464,12.3665,12.3866,12.4066,12.4267,12.4467,12.4667,12.4867,12.439,12.3692,12.2994,12.2296,12.1599,12.0903,12.0207,11.9512,11.8818,11.8499,11.897,11.9441,11.9912,12.0382,12.0851,12.1321,12.179,12.2258,12.2726,12.3013,12.3277,12.3541,12.3805,12.407,12.4334,12.4598,12.4862,12.5126,12.5036,12.4524,12.4009,12.3492,12.2973,12.245,12.1925,12.1397,12.0866,12.033,11.9734,11.9136,11.8537,11.7937,11.7336,11.6733,11.6129,11.5524,11.4917,11.4247,11.3533,11.2819,11.2104,11.1388,11.0673,10.9957,10.924,10.8523,10.7943,10.8113,10.8284,10.8454,10.8625,10.8796,10.8967,10.9138,10.9309,10.9481,10.8994,10.8244,10.7492,10.6735,10.5976,10.5213,10.4447,10.3677,10.2903,10.1794,9.9819,9.7843,9.5865,9.3884,9.1902,8.9918,8.7931,8.5943,8.3953,8.2759,8.172,8.0679,7.9638,7.8597,7.7554,7.6511,7.5467,7.4422,7.3552,7.2949,7.2343,7.1736,7.1127,7.0516,6.9904,6.929,6.8674
13.5816,13.5347,13.4878,13.4409,13.394,13.3471,13.3003,13.2535,13.2067,13.1555,13.0965,13.0377,12.979,12.9205,12.8621,12.8038,12.7457,12.6877,12.6297,12.5535,12.4758,12.398,12.3202,12.2423,12.1644,12.0865,12.0086,11.9306,11.8749,11.8425,11.8102,11.7778,11.7454,11.713,11.6806,11.6481,11.6156,11.5877,11.6415,11.6952,11.749,11.8026,11.8563,11.9099,11.9634,12.017,12.0705,12.1023,12.1207,12.1391,12.1575,12.1758,12.1942,12.2125,12.2308,12.2492,12.2678,12.2879,12.308,12.3281,12.3482,12.3682,12.3883,12.4083,12.4283,12.4484,12.4054,12.3413,12.2773,12.2134,12.1495,12.0856,12.0219,11.9582,11.8946,11.8651,11.9098,11.9545,11.9992,12.0438,12.0884,12.1329,12.1775,12.2219,12.2663,12.2949,12.3213,12.3478,12.3742,12.4006,12.427,12.4534,12.4798,12.5062,12.4945,12.4347,12.3747,12.3144,12.2539,12.1931,12.132,12.0706,12.0089,11.9469,11.8847,11.8223,11.7598,11.6972,11.6345,11.5716,11.5086,11.4455,11.3822,11.3142,11.2428,11.1713,11.0997,11.0281,10.9565,10.8849,10.8132,10.7414,10.6814,10.6994,10.7174,10.7354,10.7534,10.7714,10.7894,10.8075,10.8256,10.8436,10.794,10.7137,10.6331,10.5521,10.4708,10.3892,10.3073,10.2249,10.1422,10.0303,9.8305,9.6306,9.4305,9.2302,9.0296,8.8289,8.628,8.4269,8.2256,8.1025,7.9984,7.8942,7.7899,7.6855,7.5811,7.4766,7.372,7.2673,7.1781,7.1162,7.0541,6.9919,6.9295,6.8669,6.8041,6.7412,6.678
13.5699,13.5222,13.4744,13.4267,13.379,13.3313,13.2837,13.2361,13.1885,13.1346,13.0704,13.0064,12.9425,12.8787,12.8151,12.7516,12.6882,12.6249,12.5617,12.4854,12.4082,12.3309,12.2536,12.1763,12.0989,12.0215,11.9441,11.8666,11.8115,11.779,11.7465,11.7139,11.6814,11.6488,11.6162,11.5836,11.551,11.5235,11.5794,11.6352,11.691,11.7468,11.8025,11.8582,11.9138,11.9695,12.025,12.058,12.0771,12.0961,12.1152,12.1342,12.1532,12.1722,12.1912,12.2102,12.2294,12.2495,12.2696,12.2897,12.3098,12.3298,12.3499,12.3699,12.39,12.41,12.3716,12.3134,12.2552,12.1971,12.139,12.0809,12.023,11.9651,11.9073,11.8803,11.9227,11.965,12.0072,12.0495,12.0917,12.1339,12.176,12.218,12.2601,12.2885,12.315,12.3414,12.3678,12.3942,12.4207,12.4471,12.4735,12.4999,12.4856,12.4173,12.3487,12.2799,12.2107,12.1414,12.0717,12.0017,11.9315,11.8609,11.796,11.7311,11.666,11.6008,11.5354,11.47,11.4044,11.3386,11.2728,11.2037,11.1322,11.0607,10.9891,10.9174,10.8458,10.774,10.7023,10.6305,10.5684,10.5873,10.6063,10.6252,10.6442,10.6632,10.6821,10.7011,10.7201,10.7392,10.6889,10.6032,10.5173,10.431,10.3444,10.2574,10.1701,10.0825,9.9945,9.8812,9.6792,9.477,9.2746,9.072,8.8692,8.6662,8.463,8.2596,8.056,7.9291,7.8248,7.7204,7.6159,7.5114,7.4068,7.3021,7.1973,7.0925,7.001,6.9376,6.874,6.8103,6.7463,6.6822,6.618,6.5535,6.4888
13.5582,13.5096,13.4611,13.4125,13.364,13.3155,13.2671,13.2187,13.1702,13.1136,13.0442,12.9749,12.9058,12.8368,12.7679,12.6991,12.6305,12.562,12.4936,12.4173,12.3406,12.2638,12.1871,12.1102,12.0334,11.9565,11.8796,11.8026,11.748,11.7154,11.6827,11.6501,11.6174,11.5846,11.5519,11.5191,11.4864,11.4594,11.5173,11.5753,11.6331,11.691,11.7488,11.8065,11.8643,11.922,11.9796,12.0137,12.0334,12.0532,12.0729,12.0926,12.1123,12.132,12.1516,12.1713,12.191,12.2111,12.2312,12.2513,12.2714,12.2915,12.3115,12.3316,12.3516,12.3716,12.3379,12.2854,12.233,12.1807,12.1284,12.0762,12.024,11.9719,11.9199,11.8956,11.9355,11.9755,12.0154,12.0552,12.095,12.1348,12.1745,12.2142,12.2539,12.2822,12.3086,12.335,12.3615,12.3879,12.4143,12.4407,12.4671,12.4936,12.477,12.4001,12.3229,12.2455,12.1679,12.0899,12.0117,11.9332,11.8544,11.7753,11.7075,11.6399,11.5722,11.5044,11.4365,11.3684,11.3002,11.2319,11.1634,11.0933,11.0217,10.9501,10.8784,10.8067,10.735,10.6632,10.5914,10.5196,10.4554,10.4753,10.4952,10.5151,10.535,10.5549,10.5748,10.5947,10.6147,10.6346,10.584,10.4931,10.4018,10.3102,10.2182,10.1259,10.0333,9.9403,9.847,9.7324,9.5281,9.3236,9.1189,8.914,8.7089,8.5037,8.2982,8.0925,7.8866,7.7557,7.6512,7.5466,7.442,7.3372,7.2324,7.1276,7.0226,6.9176,6.8241,6.7592,6.6941,6.6288,6.5633,6.4977,6.4319,6.3659,6.2998
13.5464,13.497,13.4477,13.3983,13.349,13.2997,13.2505,13.2012,13.152,13.0924,13.0178,12.9433,12.8689,12.7947,12.7206,12.6466,12.5727,12.499,12.4253,12.3492,12.273,12.1968,12.1205,12.0442,11.9679,11.8915,11.8151,11.7386,11.6846,11.6518,11.619,11.5862,11.5533,11.5205,11.4876,11.4547,11.4217,11.3953,11.4553,11.5153,11.5753,11.6352,11.695,11.7549,11.8147,11.8745,11.9342,11.9694,11.9898,12.0102,12.0306,12.051,12.0713,12.0917,12.112,12.1323,12.1526,12.1727,12.1928,12.2129,12.233,12.2531,12.2731,12.2932,12.3132,12.3332,12.3041,12.2574,12.2108,12.1643,12.1178,12.0713,12.025,11.9787,11.9325,11.9109,11.9484,11.986,12.0235,12.061,12.0984,12.1358,12.1732,12.2105,12.2477,12.2758,12.3022,12.3287,12.3551,12.3815,12.4079,12.4344,12.4608,12.4872,12.4686,12.3831,12.2974,12.2115,12.1252,12.0387,11.952,11.8649,11.7775,11.6899,11.6191,11.5489,11.4786,11.4082,11.3377,11.267,11.1962,11.1252,11.0542,10.9828,10.9112,10.8395,10.7678,10.696,10.6243,10.5524,10.4806,10.4087,10.3424,10.3632,10.384,10.4049,10.4257,10.4465,10.4674,10.4883,10.5092,10.53,10.4794,10.3832,10.2866,10.1896,10.0924,9.9948,9.8968,9.7985,9.6998,9.5836,9.377,9.1703,8.9633,8.7561,8.5488,8.3412,8.1335,7.9255,7.7174,7.5824,7.4777,7.3729,7.268,7.1631,7.0581,6.9531,6.8479,6.7427,6.6473,6.5808,6.5142,6.4474,6.3804,6.3133,6.246,6.1785,6.1108
13.5346,13.4844,13.4342,13.3841,13.334,13.2839,13.2338,13.1838,13.1337,13.0711,12.9912,12.9115,12.8319,12.7524,12.6731,12.5939,12.5148,12.4358,12.3569,12.2812,12.2055,12.1297,12.054,11.9782,11.9023,11.8265,11.7506,11.6747,11.6212,11.5883,11.5553,11.5223,11.4893,11.4563,11.4232,11.3902,11.3571,11.3312,11.3933,11.4554,11.5174,11.5794,11.6413,11.7033,11.7652,11.827,11.8888,11.9251,11.9462,11.9673,11.9883,12.0094,12.0304,12.0514,12.0724,12.0934,12.1142,12.1343,12.1544,12.1745,12.1946,12.2147,12.2348,12.2548,12.2748,12.2949,12.2702,12.2294,12.1886,12.1478,12.1071,12.0664,12.0259,11.9854,11.9449,11.9262,11.9614,11.9965,12.0317,12.0668,12.1018,12.1368,12.1718,12.2067,12.2416,12.2694,12.2959,12.3223,12.3487,12.3752,12.4016,12.428,12.4544,12.4809,12.4604,12.3664,12.2722,12.1777,12.0829,11.9878,11.8925,11.7969,11.701,11.6048,11.5307,11.4579,11.385,11.312,11.2389,11.1656,11.0922,11.0187,10.945,10.8723,10.8006,10.7289,10.6571,10.5853,10.5135,10.4416,10.3697,10.2977,10.2293,10.2511,10.2728,10.2946,10.3164,10.3382,10.36,10.3818,10.4036,10.4254,10.3752,10.2736,10.1716,10.0694,9.9668,9.8639,9.7606,9.657,9.553,9.435,9.2262,9.0171,8.8079,8.5984,8.3888,8.179,7.9689,7.7587,7.5483,7.409,7.3041,7.1992,7.0941,6.989,6.8838,6.7786,6.6733,6.5679,6.4705,6.4026,6.3344,6.2661,6.1976,6.129,6.0602,5.9911,5.9219
13.5227,13.4718,13.4208,13.3698,13.3189,13.268,13.2171,13.1663,13.1154,13.0496,12.9645,12.8795,12.7947,12.71,12.6255,12.541,12.4567,12.3725,12.2884,12.2131,12.1379,12.0627,11.9874,11.9122,11.8368,11.7615,11.6861,11.6107,11.5578,11.5247,11.4916,11.4584,11.4253,11.3921,11.3589,11.3257,11.2925,11.2671,11.3313,11.3954,11.4595,11.5236,11.5876,11.6516,11.7156,11.7796,11.8435,11.8808,11.9026,11.9243,11.946,11.9677,11.9894,12.0111,12.0328,12.0544,12.0758,12.0959,12.116,12.1361,12.1562,12.1763,12.1964,12.2164,12.2365,12.2565,12.2363,12.2012,12.1662,12.1312,12.0963,12.0615,12.0267,11.992,11.9573,11.9415,11.9744,12.0071,12.0399,12.0726,12.1053,12.1379,12.1705,12.2031,12.2356,12.263,12.2895,12.3159,12.3424,12.3688,12.3952,12.4217,12.4481,12.4745,12.4525,12.3499,12.2471,12.1441,12.0408,11.9372,11.8333,11.7292,11.6247,11.5199,11.4424,11.3671,11.2916,11.216,11.1403,11.0644,10.9884,10.9123,10.836,10.7618,10.6901,10.6183,10.5465,10.4747,10.4028,10.3308,10.2588,10.1868,10.1162,10.1389,10.1616,10.1843,10.207,10.2297,10.2525,10.2752,10.298,10.3207,10.2712,10.1642,10.057,9.9494,9.8415,9.7333,9.6247,9.5157,9.4064,9.2865,9.0754,8.8641,8.6526,8.4408,8.2289,8.0168,7.8045,7.592,7.3793,7.2356,7.1306,7.0254,6.9202,6.8149,6.7096,6.6041,6.4986,6.393,6.2939,6.2244,6.1548,6.085,6.015,5.9448,5.8744,5.8039,5.7332
13.5109,13.4591,13.4073,13.3555,13.3038,13.2521,13.2004,13.1487,13.0971,13.028,12.9377,12.8475,12.7574,12.6675,12.5777,12.4881,12.3985,12.3091,12.2198,12.1451,12.0704,11.9957,11.9209,11.8462,11.7713,11.6965,11.6216,11.5467,11.4943,11.4611,11.4278,11.3945,11.3612,11.3279,11.2946,11.2612,11.2278,11.203,11.2693,11.3355,11.4017,11.4679,11.534,11.6,11.6661,11.7321,11.7981,11.8365,11.8589,11.8813,11.9037,11.9261,11.9485,11.9708,11.9932,12.0155,12.0374,12.0575,12.0776,12.0977,12.1178,12.1379,12.158,12.1781,12.1981,12.2181,12.2023,12.1731,12.1438,12.1146,12.0855,12.0564,12.0274,11.9985,11.9696,11.9569,11.9874,12.0178,12.0482,12.0785,12.1088,12.1391,12.1693,12.1994,12.2296,12.2567,12.2831,12.3096,12.336,12.3624,12.3889,12.4153,12.4417,12.4682,12.4448,12.3337,12.2224,12.1108,11.9989,11.8868,11.7744,11.6617,11.5487,11.4354,11.3542,11.2763,11.1982,11.12,11.0417,10.9632,10.8847,10.8059,10.7271,10.6514,10.5796,10.5077,10.4359,10.364,10.292,10.22,10.148,10.0759,10.0038,10.0267,10.0503,10.0739,10.0976,10.1213,10.1449,10.1686,10.1923,10.216,10.1674,10.0552,9.9426,9.8298,9.7165,9.603,9.4891,9.3748,9.2602,9.1382,8.9248,8.7112,8.4974,8.2834,8.0692,7.8548,7.6403,7.4255,7.2105,7.0623,6.957,6.8517,6.7463,6.6408,6.5353,6.4297,6.324,6.2182,6.1174,6.0464,5.9753,5.9039,5.8324,5.7607,5.6889,5.6168,5.5446
13.499,13.4464,13.3938,13.3412,13.2887,13.2362,13.1837,13.1312,13.0788,13.0062,12.9106,12.8152,12.72,12.6248,12.5298,12.435,12.3402,12.2455,12.1511,12.077,12.0029,11.9287,11.8544,11.7802,11.7059,11.6315,11.5572,11.4828,11.4309,11.3975,11.3641,11.3307,11.2972,11.2637,11.2302,11.1967,11.1632,11.139,11.2073,11.2756,11.3439,11.4121,11.4803,11.5485,11.6166,11.6847,11.7527,11.7922,11.8153,11.8384,11.8615,11.8845,11.9075,11.9305,11.9535,11.9765,11.999,12.0191,12.0392,12.0594,12.0795,12.0995,12.1196,12.1397,12.1597,12.1798,12.1683,12.1448,12.1214,12.098,12.0746,12.0513,12.0281,12.0049,11.9819,11.9724,12.0004,12.0285,12.0565,12.0844,12.1123,12.1402,12.1681,12.1959,12.2236,12.2503,12.2768,12.3032,12.3296,12.3561,12.3825,12.409,12.4354,12.4618,12.4373,12.3177,12.1978,12.0777,11.9573,11.8367,11.7157,11.5945,11.473,11.3512,11.2662,11.1856,11.1049,11.0242,10.9432,10.8622,10.781,10.6997,10.6183,10.5409,10.469,10.3972,10.3252,10.2533,10.1813,10.1092,10.0371,9.965,9.8928,9.9144,9.939,9.9636,9.9881,10.0127,10.0373,10.062,10.0866,10.1112,10.064,9.9465,9.8286,9.7104,9.5919,9.473,9.3538,9.2342,9.1143,8.99,8.7743,8.5584,8.3424,8.1261,7.9096,7.693,7.4761,7.2591,7.0418,6.889,6.7835,6.678,6.5724,6.4668,6.361,6.2552,6.1494,6.0434,5.9424,5.8719,5.8013,5.7308,5.6601,5.5895,5.5187,5.448,5.3772
13.4871,13.4336,13.3803,13.3269,13.2735,13.2202,13.1669,13.1136,13.0604,12.9842,12.8835,12.7828,12.6824,12.582,12.4818,12.3817,12.2817,12.1819,12.0826,12.009,11.9353,11.8617,11.7879,11.7142,11.6404,11.5666,11.4927,11.4188,11.3675,11.3339,11.3004,11.2668,11.2332,11.1995,11.1659,11.1322,11.0985,11.075,11.1454,11.2158,11.2861,11.3564,11.4267,11.4969,11.5671,11.6373,11.7074,11.748,11.7717,11.7954,11.8192,11.8429,11.8666,11.8903,11.9139,11.9376,11.9606,11.9807,12.0009,12.021,12.0411,12.0612,12.0812,12.1013,12.1213,12.1414,12.1343,12.1166,12.0989,12.0812,12.0637,12.0461,12.0287,12.0113,11.994,11.9878,12.0135,12.0392,12.0648,12.0904,12.1159,12.1414,12.1669,12.1923,12.2177,12.2439,12.2704,12.2968,12.3233,12.3497,12.3762,12.4026,12.429,12.4555,12.4301,12.302,12.1736,12.0449,11.916,11.7868,11.6573,11.5276,11.3975,11.2672,11.1782,11.095,11.0118,10.9284,10.8449,10.7612,10.6775,10.5936,10.5095,10.4304,10.3585,10.2866,10.2146,10.1426,10.0705,9.9984,9.9263,9.8541,9.7819,9.8021,9.8276,9.8531,9.8786,9.9026,9.9266,9.9505,9.9743,9.9981,9.9511,9.8275,9.7038,9.5801,9.4564,9.3325,9.2086,9.0847,8.9607,8.8355,8.6185,8.4016,8.1848,7.9679,7.7511,7.5342,7.3174,7.1006,6.8839,6.7293,6.6272,6.5252,6.4234,6.3218,6.2203,6.1191,6.0181,5.9173,5.8189,5.7484,5.6779,5.6073,5.5367,5.466,5.3953,5.3246,5.2538
13.4356,13.381,13.3264,13.272,13.2176,13.1634,13.1092,13.0551,13.0011,12.9231,12.8206,12.7181,12.6156,12.5131,12.4105,12.3079,12.2052,12.1025,12.0008,11.93,11.859,11.7879,11.7165,11.645,11.5734,11.5016,11.4297,11.3576,11.308,11.2754,11.2428,11.21,11.1772,11.1442,11.1112,11.0781,11.0449,11.0225,11.0946,11.1667,11.2388,11.3108,11.3828,11.4548,11.5269,11.5989,11.6709,11.7124,11.7368,11.7612,11.7857,11.8101,11.8345,11.859,11.8835,11.9079,11.9315,11.9504,11.9693,11.9882,12.007,12.0258,12.0446,12.0632,12.0818,12.1003,12.0962,12.083,12.0697,12.0564,12.043,12.0296,12.0162,12.0027,11.9891,11.9845,12.0067,12.0289,12.0509,12.0729,12.0947,12.1164,12.138,12.1595,12.1809,12.2036,12.2264,12.2491,12.2715,12.2937,12.3156,12.3373,12.3588,12.38,12.35,12.2125,12.0749,11.9371,11.7991,11.6609,11.5225,11.3839,11.2451,11.1061,11.0123,10.926,10.8397,10.7533,10.6669,10.5804,10.4938,10.4072,10.3206,10.2406,10.1711,10.1017,10.0325,9.9636,9.8948,9.8263,9.7579,9.6898,9.622,9.6388,9.6627,9.6865,9.7103,9.7339,9.7575,9.781,9.8044,9.8278,9.7844,9.6608,9.5372,9.4134,9.2897,9.1658,9.0419,8.918,8.794,8.6699,8.4558,8.2401,8.0244,7.8087,7.5931,7.3775,7.1619,6.9463,6.7308,6.5749,6.4763,6.3779,6.2796,6.1816,6.0838,5.9861,5.8887,5.7914,5.6954,5.6249,5.5544,5.4838,5.4132,5.3426,5.2719,5.2012,5.1305
13.3576,13.2994,13.2413,13.1833,13.1254,13.0676,13.0098,12.9522,12.8946,12.8141,12.7116,12.6091,12.5065,12.4039,12.3012,12.1985,12.0958,11.9931,11.8919,11.8274,11.7627,11.6978,11.6328,11.5675,11.5022,11.4367,11.371,11.3052,11.262,11.2353,11.2086,11.1817,11.1548,11.1277,11.1006,11.0733,11.0461,11.0297,11.1038,11.1778,11.2519,11.3259,11.3999,11.4738,11.5478,11.6218,11.6958,11.7391,11.7653,11.7916,11.8178,11.8441,11.8703,11.8966,11.9229,11.9492,11.9723,11.9803,11.9882,11.9961,12.004,12.0119,12.0196,12.0273,12.035,12.0425,12.0338,12.0186,12.0032,11.9879,11.9725,11.957,11.9415,11.9259,11.9103,11.9029,11.9209,11.9388,11.9567,11.9744,11.992,12.0096,12.027,12.0443,12.0614,12.0771,12.0921,12.107,12.1216,12.136,12.1501,12.164,12.1776,12.191,12.1565,12.015,11.8733,11.7315,11.5894,11.4472,11.3047,11.1621,11.0192,10.8761,10.7814,10.6959,10.6104,10.5247,10.4391,10.3534,10.2676,10.1818,10.0959,10.0184,9.9552,9.8922,9.8293,9.7667,9.7043,9.642,9.58,9.5182,9.4567,9.4717,9.4952,9.5186,9.5419,9.5652,9.5884,9.6115,9.6345,9.6575,9.6177,9.4941,9.3705,9.2467,9.123,8.9991,8.8752,8.7513,8.6273,8.5032,8.2929,8.0784,7.8639,7.6495,7.4351,7.2207,7.0063,6.7919,6.5776,6.4202,6.3252,6.2304,6.1357,6.0412,5.9469,5.8528,5.759,5.6653,5.5718,5.5014,5.4309,5.3604,5.2898,5.2192,5.1485,5.0778,5.0071
13.2794,13.2177,13.156,13.0945,13.033,12.9717,12.9104,12.8492,12.7881,12.7052,12.6026,12.5,12.3973,12.2947,12.192,12.0892,11.9864,11.8836,11.7832,11.725,11.6665,11.6079,11.5491,11.4902,11.4311,11.3718,11.3124,11.2529,11.2161,11.1953,11.1744,11.1535,11.1324,11.1113,11.09,11.0687,11.0473,11.037,11.113,11.189,11.265,11.3409,11.4169,11.4928,11.5688,11.6447,11.7207,11.7657,11.7938,11.8219,11.85,11.878,11.9061,11.9342,11.9624,11.9905,12.0132,12.0102,12.0072,12.0041,12.0011,11.998,11.9948,11.9915,11.9882,11.9848,11.9715,11.9542,11.9368,11.9194,11.9019,11.8844,11.8668,11.8492,11.8315,11.8213,11.8351,11.8488,11.8625,11.876,11.8895,11.9028,11.916,11.9291,11.9421,11.9508,11.958,11.9651,11.9719,11.9784,11.9848,11.9909,11.9967,12.0022,11.9631,11.8176,11.6718,11.5259,11.3798,11.2335,11.087,10.9403,10.7934,10.6463,10.5505,10.4658,10.381,10.2962,10.2113,10.1263,10.0413,9.9563,9.8712,9.796,9.7391,9.6824,9.6258,9.5695,9.5134,9.4575,9.4018,9.3463,9.2911,9.3046,9.3277,9.3507,9.3736,9.3965,9.4193,9.442,9.4646,9.4872,9.4511,9.3274,9.2038,9.0801,8.9563,8.8324,8.7085,8.5846,8.4606,8.3365,8.13,7.9167,7.7034,7.4902,7.277,7.0638,6.8506,6.6374,6.4243,6.2653,6.1739,6.0826,5.9915,5.9006,5.8098,5.7193,5.629,5.5389,5.449,5.3779,5.3074,5.2369,5.1663,5.0957,5.0251,4.9544,4.8837
13.2011,13.1359,13.0707,13.0056,12.9406,12.8757,12.8108,12.7461,12.6814,12.5962,12.4936,12.3909,12.2882,12.1855,12.0827,11.9799,11.8771,11.7742,11.6747,11.6227,11.5705,11.5182,11.4656,11.4129,11.3601,11.3071,11.254,11.2007,11.1703,11.1554,11.1404,11.1253,11.1102,11.0949,11.0795,11.0641,11.0486,11.0442,11.1222,11.2002,11.2781,11.356,11.434,11.5119,11.5898,11.6677,11.7456,11.7924,11.8223,11.8522,11.8821,11.912,11.9419,11.9719,12.0018,12.0318,12.0541,12.0401,12.0262,12.0122,11.9982,11.9841,11.97,11.9558,11.9415,11.9271,11.9092,11.8898,11.8704,11.8509,11.8314,11.8118,11.7922,11.7725,11.7528,11.7397,11.7494,11.7589,11.7684,11.7777,11.787,11.7961,11.8051,11.814,11.8228,11.8246,11.8241,11.8233,11.8223,11.8211,11.8196,11.8179,11.8159,11.8137,11.7699,11.6203,11.4705,11.3205,11.1703,11.02,10.8694,10.7187,10.5677,10.4166,10.3196,10.2356,10.1516,10.0675,9.9834,9.8993,9.8151,9.7308,9.6465,9.5733,9.5227,9.4723,9.4221,9.3721,9.3223,9.2727,9.2233,9.1742,9.1252,9.1375,9.1602,9.1828,9.2054,9.2278,9.2502,9.2725,9.2948,9.3169,9.2844,9.1608,9.0371,8.9134,8.7896,8.6657,8.5418,8.4179,8.2938,8.1698,7.9669,7.7549,7.5428,7.3308,7.1188,6.9068,6.6948,6.4829,6.271,6.1102,6.0223,5.9346,5.847,5.7597,5.6725,5.5856,5.4988,5.4123,5.3259,5.2544,5.1839,5.1134,5.0429,4.9723,4.9017,4.831,4.7603
13.1227,13.0539,12.9852,12.9165,12.848,12.7795,12.7112,12.6429,12.5746,12.4873,12.3846,12.2818,12.1791,12.0763,11.9734,11.8706,11.7677,11.6647,11.5663,11.5205,11.4746,11.4285,11.3823,11.3358,11.2893,11.2425,11.1957,11.1487,11.1246,11.1156,11.1065,11.0973,11.088,11.0786,11.0691,11.0595,11.0499,11.0515,11.1314,11.2114,11.2913,11.3712,11.451,11.5309,11.6108,11.6906,11.7705,11.8191,11.8508,11.8825,11.9143,11.946,11.9777,12.0095,12.0413,12.073,12.095,12.0701,12.0452,12.0203,11.9953,11.9703,11.9452,11.9201,11.8949,11.8695,11.8469,11.8255,11.804,11.7824,11.7609,11.7392,11.7175,11.6958,11.674,11.6583,11.6637,11.6691,11.6743,11.6795,11.6845,11.6895,11.6943,11.699,11.7036,11.6987,11.6903,11.6817,11.6729,11.6639,11.6547,11.6451,11.6354,11.6253,11.5767,11.4231,11.2692,11.1152,10.961,10.8066,10.652,10.4972,10.3422,10.187,10.0886,10.0054,9.9222,9.8389,9.7556,9.6722,9.5887,9.5052,9.4217,9.3503,9.306,9.262,9.2181,9.1744,9.1309,9.0876,9.0445,9.0017,8.9591,8.9704,8.9927,9.0149,9.0371,9.0592,9.0812,9.1031,9.1249,9.1467,9.1177,8.9941,8.8704,8.7467,8.6229,8.499,8.3751,8.2512,8.1271,8.0031,7.8039,7.593,7.3822,7.1713,6.9605,6.7498,6.539,6.3283,6.1175,5.9548,5.8705,5.7863,5.7023,5.6185,5.5349,5.4515,5.3683,5.2854,5.2026,5.1309,5.0604,4.99,4.9194,4.8489,4.7783,4.7076,4.637
13.0442,12.9718,12.8996,12.8274,12.7553,12.6833,12.6114,12.5395,12.4678,12.3783,12.2755,12.1728,12.0699,11.9671,11.8642,11.7612,11.6583,11.5553,11.458,11.4185,11.3789,11.339,11.299,11.2589,11.2185,11.1781,11.1375,11.0967,11.079,11.0759,11.0727,11.0693,11.0659,11.0624,11.0588,11.0551,11.0513,11.0588,11.1407,11.2226,11.3044,11.3863,11.4681,11.55,11.6318,11.7136,11.7954,11.8458,11.8793,11.9129,11.9464,11.98,12.0135,12.0471,12.0807,12.1143,12.1359,12.1001,12.0643,12.0284,11.9925,11.9566,11.9206,11.8845,11.8483,11.8121,11.7847,11.7611,11.7376,11.714,11.6904,11.6667,11.643,11.6192,11.5953,11.5769,11.5781,11.5793,11.5803,11.5813,11.5822,11.5829,11.5836,11.5841,11.5845,11.5729,11.5567,11.5403,11.5238,11.5069,11.4899,11.4726,11.455,11.4372,11.3837,11.226,11.0681,10.91,10.7518,10.5933,10.4347,10.2758,10.1168,9.9575,9.8576,9.7752,9.6928,9.6102,9.5277,9.445,9.3624,9.2797,9.1969,9.1271,9.0892,9.0514,9.0138,8.9764,8.9392,8.9022,8.8655,8.8289,8.7926,8.8034,8.8253,8.8471,8.8688,8.8905,8.9121,8.9336,8.9551,8.9764,8.951,8.8274,8.7037,8.58,8.4562,8.3323,8.2084,8.0844,7.9604,7.8363,7.6407,7.4311,7.2214,7.0118,6.8022,6.5926,6.3831,6.1735,5.964,5.7992,5.7184,5.6378,5.5574,5.4772,5.3971,5.3173,5.2376,5.1582,5.079,5.0074,4.9369,4.8665,4.796,4.7254,4.6549,4.5842,4.5136
12.9655,12.8896,12.8138,12.7381,12.6625,12.5869,12.5115,12.4361,12.3608,12.2694,12.1665,12.0637,11.9608,11.8579,11.7549,11.6519,11.5489,11.4458,11.3499,11.3167,11.2833,11.2497,11.2159,11.182,11.1479,11.1137,11.0794,11.0449,11.0335,11.0363,11.0389,11.0415,11.0439,11.0463,11.0485,11.0507,11.0528,11.0661,11.15,11.2338,11.3176,11.4014,11.4852,11.569,11.6528,11.7366,11.8204,11.8725,11.9078,11.9432,11.9786,12.014,12.0493,12.0847,12.1202,12.1556,12.1769,12.1301,12.0834,12.0366,11.9897,11.9429,11.8959,11.8489,11.8018,11.7547,11.7224,11.6968,11.6712,11.6456,11.6199,11.5942,11.5684,11.5425,11.5167,11.4955,11.4926,11.4896,11.4864,11.4832,11.4799,11.4765,11.4729,11.4693,11.4655,11.4472,11.4233,11.3991,11.3747,11.3501,11.3253,11.3002,11.2749,11.2493,11.1907,11.029,10.8671,10.7049,10.5426,10.3801,10.2175,10.0546,9.8915,9.7282,9.6266,9.545,9.4633,9.3815,9.2997,9.2179,9.136,9.0541,8.9721,8.9037,8.872,8.8405,8.8092,8.7782,8.7473,8.7166,8.6861,8.6559,8.6259,8.6363,8.6578,8.6793,8.7006,8.7219,8.7431,8.7642,8.7853,8.8062,8.7844,8.6607,8.537,8.4133,8.2895,8.1656,8.0417,7.9177,7.7937,7.6696,7.4775,7.269,7.0606,6.8522,6.6438,6.4354,6.2271,6.0188,5.8104,5.6434,5.5662,5.4891,5.4122,5.3355,5.2591,5.1828,5.1067,5.0308,4.9551,4.8838,4.8134,4.743,4.6725,4.602,4.5314,4.4608,4.3902
12.8867,12.8073,12.7279,12.6487,12.5695,12.4904,12.4114,12.3325,12.2537,12.1604,12.0575,11.9546,11.8516,11.7487,11.6456,11.5426,11.4395,11.3364,11.242,11.215,11.1878,11.1605,11.133,11.1053,11.0775,11.0495,11.0214,10.9931,10.9881,10.9967,11.0053,11.0137,11.022,11.0302,11.0384,11.0464,11.0544,11.0734,11.1592,11.245,11.3308,11.4166,11.5024,11.5881,11.6739,11.7596,11.8453,11.8992,11.9364,11.9735,12.0107,12.0479,12.0852,12.1224,12.1596,12.1969,12.2178,12.1602,12.1025,12.0448,11.987,11.9292,11.8714,11.8135,11.7555,11.6974,11.6602,11.6326,11.6049,11.5772,11.5495,11.5217,11.4938,11.466,11.438,11.4142,11.4071,11.3999,11.3926,11.3852,11.3777,11.3701,11.3623,11.3545,11.3465,11.3217,11.29,11.2581,11.2259,11.1935,11.1609,11.128,11.0949,11.0615,10.9979,10.8321,10.6661,10.5,10.3336,10.1671,10.0004,9.8335,9.6663,9.499,9.3956,9.3147,9.2338,9.1528,9.0718,8.9907,8.9096,8.8284,8.7472,8.6799,8.6546,8.6294,8.6044,8.5796,8.555,8.5307,8.5065,8.4826,8.4588,8.4693,8.4904,8.5115,8.5324,8.5533,8.5741,8.5948,8.6155,8.6361,8.6177,8.494,8.3703,8.2466,8.1228,7.9989,7.875,7.751,7.627,7.5029,7.3142,7.1069,6.8997,6.6925,6.4853,6.2782,6.071,5.8639,5.6568,5.4873,5.4136,5.3401,5.2668,5.1937,5.1207,5.048,4.9755,4.9031,4.831,4.7603,4.6899,4.6195,4.5491,4.4786,4.408,4.3374,4.2668
12.8078,12.7248,12.6419,12.5592,12.4765,12.3938,12.3113,12.2289,12.1465,12.0514,11.9485,11.8455,11.7425,11.6394,11.5364,11.4332,11.3301,11.2269,11.1342,11.1134,11.0925,11.0714,11.0501,11.0287,11.0071,10.9854,10.9635,10.9415,10.9428,10.9573,10.9717,10.986,11.0002,11.0143,11.0283,11.0422,11.056,11.0808,11.1686,11.2563,11.3441,11.4318,11.5195,11.6072,11.6949,11.7826,11.8703,11.9259,11.9649,12.0039,12.0429,12.0819,12.121,12.16,12.1991,12.2381,12.2588,12.1902,12.1216,12.053,11.9844,11.9157,11.8469,11.7781,11.7091,11.6401,11.598,11.5683,11.5386,11.5088,11.479,11.4492,11.4193,11.3894,11.3594,11.333,11.3217,11.3103,11.2988,11.2872,11.2756,11.2638,11.2519,11.2398,11.2277,11.1964,11.1569,11.1172,11.0773,11.0371,10.9967,10.9561,10.9152,10.874,10.8052,10.6354,10.4653,10.2952,10.1248,9.9542,9.7834,9.6125,9.4413,9.2699,9.1645,9.0844,9.0043,8.9241,8.8438,8.7635,8.6831,8.6027,8.5223,8.456,8.4369,8.418,8.3993,8.3809,8.3626,8.3445,8.3266,8.3089,8.2915,8.3023,8.323,8.3437,8.3642,8.3847,8.4051,8.4255,8.4457,8.4659,8.451,8.3274,8.2037,8.0799,7.9561,7.8322,7.7083,7.5843,7.4603,7.3362,7.1508,6.9448,6.7387,6.5327,6.3268,6.1208,5.9149,5.7089,5.503,5.331,5.2609,5.1909,5.1212,5.0516,4.9822,4.913,4.844,4.7752,4.7067,4.6368,4.5664,4.496,4.4256,4.3551,4.2846,4.214,4.1434
12.7288,12.6423,12.5558,12.4695,12.3833,12.2971,12.2111,12.1251,12.0392,11.9425,11.8395,11.7364,11.6333,11.5302,11.4271,11.3239,11.2207,11.1174,11.0265,11.012,10.9973,10.9824,10.9674,10.9522,10.9369,10.9214,10.9058,10.89,10.8976,10.918,10.9382,10.9584,10.9784,10.9984,11.0182,11.038,11.0577,11.0882,11.1779,11.2676,11.3573,11.447,11.5367,11.6263,11.716,11.8056,11.8953,11.9526,11.9934,12.0343,12.0751,12.1159,12.1568,12.1976,12.2385,12.2794,12.2998,12.2203,12.1408,12.0613,11.9817,11.9021,11.8225,11.7427,11.6629,11.583,11.5358,11.504,11.4723,11.4405,11.4086,11.3768,11.3448,11.3128,11.2808,11.2518,11.2363,11.2208,11.2051,11.1894,11.1735,11.1575,11.1414,11.1252,11.1089,11.0712,11.024,10.9765,10.9288,10.8809,10.8327,10.7843,10.7356,10.6867,10.6126,10.4387,10.2647,10.0904,9.916,9.7414,9.5666,9.3916,9.2164,9.041,8.9334,8.8541,8.7747,8.6953,8.6158,8.5363,8.4567,8.377,8.2974,8.2318,8.219,8.2064,8.194,8.1818,8.1698,8.158,8.1464,8.135,8.1239,8.1353,8.1557,8.1759,8.1961,8.2161,8.2362,8.2561,8.276,8.2957,8.2843,8.1607,8.037,7.9132,7.7894,7.6655,7.5416,7.4176,7.2936,7.1694,6.9874,6.7825,6.5777,6.3729,6.1681,5.9634,5.7586,5.5539,5.3492,5.1745,5.1079,5.0415,4.9753,4.9092,4.8434,4.7778,4.7123,4.6471,4.582,4.5133,4.4429,4.3726,4.3021,4.2317,4.1612,4.0906,4.0201
12.6496,12.5595,12.4696,12.3797,12.29,12.2003,12.1107,12.0212,11.9317,11.8335,11.7304,11.6273,11.5242,11.421,11.3178,11.2146,11.1113,11.008,10.919,10.9107,10.9023,10.8936,10.8848,10.8759,10.8668,10.8575,10.8482,10.8386,10.8525,10.8788,10.9049,10.9309,10.9568,10.9826,11.0083,11.0339,11.0595,11.0956,11.1872,11.2789,11.3706,11.4622,11.5538,11.6454,11.7371,11.8287,11.9203,11.9793,12.022,12.0646,12.1073,12.1499,12.1926,12.2353,12.2779,12.3206,12.3408,12.2505,12.1601,12.0696,11.9792,11.8887,11.7981,11.7075,11.6167,11.5259,11.4736,11.4398,11.406,11.3722,11.3383,11.3043,11.2704,11.2363,11.2022,11.1707,11.1511,11.1313,11.1115,11.0916,11.0715,11.0514,11.0311,11.0107,10.9902,10.9462,10.8912,10.836,10.7805,10.7248,10.6689,10.6127,10.5563,10.4996,10.4201,10.2422,10.0641,9.8858,9.7074,9.5288,9.3499,9.1709,8.9917,8.8122,8.7023,8.6237,8.5451,8.4665,8.3877,8.309,8.2302,8.1513,8.0724,8.0073,8.0008,7.9945,7.9884,7.9825,7.9767,7.9712,7.9659,7.9609,7.956,7.9684,7.9883,8.0081,8.0279,8.0476,8.0672,8.0868,8.1062,8.1256,8.1176,7.994,7.8703,7.7465,7.6227,7.4988,7.3749,7.2509,7.1268,7.0027,6.8238,6.6202,6.4166,6.213,6.0094,5.8059,5.6023,5.3988,5.1953,5.0177,4.9547,4.8918,4.8291,4.7666,4.7043,4.6423,4.5804,4.5187,4.4572,4.3898,4.3194,4.2491,4.1787,4.1082,4.0378,3.9672,3.8967
12.5703,12.4767,12.3832,12.2899,12.1966,12.1034,12.0102,11.9172,11.8242,11.7245,11.6214,11.5182,11.415,11.3118,11.2085,11.1052,11.0019,10.8985,10.8116,10.8096,10.8074,10.805,10.8024,10.7997,10.7968,10.7938,10.7906,10.7873,10.8075,10.8396,10.8716,10.9034,10.9352,10.9668,10.9984,11.0299,11.0613,11.103,11.1966,11.2902,11.3838,11.4774,11.571,11.6646,11.7581,11.8517,11.9452,12.0061,12.0505,12.095,12.1395,12.1839,12.2284,12.2729,12.3174,12.3619,12.3819,12.2806,12.1793,12.078,11.9767,11.8752,11.7738,11.6723,11.5706,11.4689,11.4114,11.3756,11.3397,11.3039,11.2679,11.2319,11.1959,11.1598,11.1237,11.0897,11.0658,11.0419,11.0179,10.9938,10.9696,10.9453,10.9209,10.8963,10.8716,10.8214,10.7586,10.6956,10.6324,10.5689,10.5052,10.4413,10.3771,10.3127,10.2277,10.0458,9.8637,9.6814,9.4989,9.3162,9.1334,8.9503,8.767,8.5835,8.4712,8.3934,8.3155,8.2376,8.1597,8.0817,8.0036,7.9256,7.8474,7.7826,7.7824,7.7824,7.7825,7.7829,7.7834,7.7842,7.7852,7.7864,7.7878,7.8014,7.8209,7.8404,7.8598,7.8791,7.8983,7.9175,7.9365,7.9555,7.951,7.8273,7.7036,7.5798,7.456,7.3321,7.2082,7.0842,6.9601,6.836,6.6602,6.4578,6.2554,6.053,5.8506,5.6483,5.4459,5.2436,5.0413,4.8607,4.8012,4.7419,4.6828,4.6238,4.5651,4.5065,4.4481,4.39,4.332,4.2662,4.1959,4.1256,4.0552,3.9848,3.9143,3.8438,3.7733
12.4909,12.3938,12.2968,12.1998,12.103,12.0063,11.9096,11.8131,11.7166,11.6156,11.5124,11.4091,11.3059,11.2026,11.0992,10.9959,10.8925,10.789,10.7044,10.7086,10.7126,10.7164,10.7201,10.7236,10.727,10.7302,10.7332,10.7362,10.7627,10.8006,10.8384,10.8761,10.9137,10.9512,10.9886,11.026,11.0633,11.1104,11.206,11.3016,11.3971,11.4927,11.5882,11.6837,11.7792,11.8748,11.9703,12.0328,12.0791,12.1254,12.1716,12.2179,12.2642,12.3105,12.3568,12.4032,12.4229,12.3108,12.1986,12.0864,11.9742,11.8619,11.7495,11.6371,11.5246,11.412,11.3492,11.3114,11.2735,11.2356,11.1976,11.1596,11.1215,11.0834,11.0452,11.0087,10.9807,10.9526,10.9244,10.8961,10.8678,10.8393,10.8107,10.782,10.7531,10.6967,10.6262,10.5554,10.4845,10.4132,10.3418,10.2701,10.1982,10.126,10.0354,9.8494,9.6633,9.477,9.2905,9.1038,8.9169,8.7298,8.5425,8.355,8.24,8.163,8.0859,8.0088,7.9316,7.8544,7.7771,7.6998,7.6224,7.5576,7.5637,7.5699,7.5764,7.583,7.5898,7.5969,7.6041,7.6116,7.6193,7.6345,7.6536,7.6727,7.6917,7.7106,7.7294,7.7482,7.7668,7.7854,7.7843,7.6606,7.5369,7.4131,7.2893,7.1654,7.0415,6.9175,6.7934,6.6693,6.4966,6.2954,6.0942,5.893,5.6918,5.4906,5.2895,5.0884,4.8873,4.7035,4.6475,4.5917,4.5361,4.4807,4.4255,4.3707,4.3164,4.2621,4.2079,4.1443,4.0746,4.005,3.9354,3.8658,3.7963,3.7269,3.6575
12.4113,12.3107,12.2102,12.1097,12.0094,11.9091,11.8089,11.7089,11.6088,11.5066,11.4033,11.3,11.1967,11.0934,10.99,10.8865,10.7831,10.6796,10.5973,10.6077,10.618,10.628,10.6379,10.6476,10.6572,10.6667,10.6759,10.6851,10.7179,10.7616,10.8053,10.8488,10.8923,10.9356,10.9789,11.0221,11.0652,11.1179,11.2154,11.3129,11.4105,11.5079,11.6054,11.7029,11.8004,11.8978,11.9953,12.0596,12.1077,12.1557,12.2038,12.2519,12.3,12.3482,12.3963,12.4444,12.464,12.341,12.2179,12.0949,11.9717,11.8486,11.7254,11.6021,11.4787,11.3552,11.2871,11.2472,11.2073,11.1673,11.1273,11.0872,11.0471,11.0069,10.9667,10.9277,10.8956,10.8633,10.831,10.7985,10.766,10.7333,10.7006,10.6677,10.6347,10.5722,10.4939,10.4154,10.3367,10.2577,10.1785,10.0991,10.0194,9.9395,9.8432,9.6532,9.4631,9.2727,9.0822,8.8915,8.7006,8.5095,8.3182,8.1266,8.0088,7.9325,7.8562,7.7799,7.7034,7.627,7.5505,7.4739,7.3973,7.3324,7.3447,7.3573,7.37,7.3829,7.396,7.4093,7.4228,7.4366,7.4506,7.4681,7.4871,7.5059,7.5245,7.5428,7.561,7.579,7.5967,7.6143,7.6157,7.492,7.3681,7.2442,7.1203,6.9963,6.8722,6.7482,6.624,6.4999,6.3311,6.1329,5.9348,5.737,5.5394,5.342,5.1449,4.948,4.7513,4.5673,4.5142,4.4613,4.4084,4.3555,4.3028,4.2501,4.1975,4.1451,4.0926,4.031,3.9625,3.894,3.8256,3.7572,3.6888,3.6205,3.5523
12.3114,12.2155,12.1194,12.0229,11.9261,11.829,11.7317,11.6341,11.5362,11.437,11.3372,11.237,11.1367,11.036,10.9352,10.8342,10.7329,10.6314,10.5529,10.5677,10.5823,10.5968,10.6112,10.6255,10.6396,10.6537,10.6678,10.6817,10.7167,10.7612,10.8059,10.8508,10.8957,10.9408,10.9859,11.0312,11.0765,11.1311,11.2268,11.3227,11.4186,11.5147,11.6109,11.7072,11.8035,11.8999,11.9963,12.0597,12.1071,12.1545,12.2019,12.2493,12.2967,12.344,12.3913,12.4385,12.4558,12.3233,12.1907,12.058,11.9252,11.7924,11.6594,11.5264,11.3933,11.2601,11.185,11.14,11.0948,11.0494,11.0038,10.958,10.912,10.8657,10.8192,10.7736,10.7347,10.6957,10.6564,10.6169,10.5772,10.5372,10.497,10.4566,10.4158,10.3467,10.2616,10.1765,10.0912,10.0059,9.9205,9.835,9.7495,9.6638,9.5643,9.3748,9.1854,8.9962,8.8072,8.6183,8.4296,8.2411,8.0528,7.8647,7.7505,7.6811,7.6121,7.5434,7.475,7.4069,7.3391,7.2717,7.2047,7.1474,7.1642,7.1812,7.1982,7.2153,7.2324,7.2497,7.267,7.2844,7.3018,7.3184,7.3343,7.3499,7.3653,7.3806,7.3956,7.4104,7.425,7.4393,7.4417,7.3181,7.1945,7.0708,6.9471,6.8233,6.6995,6.5756,6.4517,6.3278,6.1639,5.9701,5.7766,5.5833,5.3902,5.1974,5.0047,4.8124,4.6202,4.4359,4.3846,4.3334,4.2823,4.2312,4.1803,4.1294,4.0786,4.0279,3.9773,3.9177,3.8503,3.7829,3.7157,3.6484,3.5812,3.5141,3.447
12.2031,12.1151,12.0267,11.9381,11.8492,11.76,11.6705,11.5807,11.4907,11.3997,11.3081,11.2163,11.1242,11.0319,10.9394,10.8467,10.7537,10.6606,10.5913,10.6118,10.6321,10.6524,10.6725,10.6926,10.7126,10.7324,10.7522,10.7719,10.8044,10.8425,10.8808,10.9192,10.9577,10.9963,11.035,11.0738,11.1127,11.1601,11.2437,11.3275,11.4113,11.4953,11.5794,11.6635,11.7478,11.832,11.9164,11.9687,12.0058,12.0429,12.0799,12.117,12.154,12.191,12.2279,12.2648,12.273,12.1368,12.0005,11.8641,11.7277,11.5911,11.4545,11.3178,11.181,11.0441,10.9598,10.9033,10.8466,10.7897,10.7326,10.6753,10.6178,10.56,10.5019,10.4455,10.4002,10.3546,10.3089,10.2629,10.2167,10.1702,10.1235,10.0766,10.0294,9.9594,9.8762,9.793,9.7096,9.6261,9.5426,9.459,9.3753,9.2915,9.1962,9.0163,8.8365,8.6568,8.4774,8.298,8.1189,7.94,7.7613,7.5827,7.477,7.4188,7.3609,7.3033,7.246,7.189,7.1324,7.0761,7.0202,6.9716,6.9914,7.0114,7.0314,7.0514,7.0716,7.0918,7.1121,7.1324,7.1529,7.169,7.1816,7.1941,7.2064,7.2185,7.2303,7.242,7.2534,7.2646,7.2676,7.1442,7.0208,6.8974,6.7739,6.6503,6.5267,6.4031,6.2794,6.1557,5.9964,5.8071,5.6181,5.4293,5.2408,5.0524,4.8643,4.6765,4.4888,4.3043,4.2549,4.2054,4.1561,4.1068,4.0576,4.0085,3.9595,3.9106,3.8617,3.8042,3.738,3.6718,3.6057,3.5396,3.4735,3.4075,3.3416
12.095,12.0148,11.9344,11.8536,11.7725,11.6912,11.6095,11.5276,11.4454,11.3626,11.2793,11.1958,11.1121,11.0281,10.9438,10.8594,10.7748,10.6899,10.6297,10.656,10.6821,10.7081,10.734,10.7599,10.7856,10.8112,10.8367,10.8622,10.892,10.9237,10.9555,10.9875,11.0195,11.0517,11.084,11.1164,11.1489,11.189,11.2605,11.3321,11.4039,11.4758,11.5478,11.6198,11.692,11.7641,11.8364,11.8777,11.9045,11.9312,11.9579,11.9846,12.0113,12.038,12.0646,12.0911,12.0902,11.9503,11.8103,11.6702,11.5301,11.3899,11.2496,11.1092,10.9687,10.8281,10.7347,10.6667,10.5985,10.5302,10.4616,10.3928,10.3237,10.2544,10.1849,10.1176,10.0657,10.0137,9.9615,9.909,9.8563,9.8033,9.7502,9.6967,9.6431,9.5722,9.4909,9.4094,9.3279,9.2463,9.1647,9.0829,9.0011,8.9192,8.8279,8.6575,8.4873,8.3172,8.1473,7.9775,7.8079,7.6386,7.4694,7.3005,7.2032,7.1561,7.1093,7.0628,7.0166,6.9708,6.9252,6.8801,6.8353,6.7956,6.8185,6.8414,6.8644,6.8874,6.9105,6.9337,6.957,6.9803,7.0038,7.0196,7.0292,7.0385,7.0476,7.0565,7.0652,7.0737,7.082,7.09,7.0935,6.9704,6.8472,6.7239,6.6007,6.4773,6.3539,6.2305,6.1071,5.9835,5.8286,5.6439,5.4594,5.2751,5.0911,4.9072,4.7236,4.5403,4.3571,4.1743,4.125,4.0773,4.0298,3.9823,3.9349,3.8876,3.8403,3.7932,3.7461,3.6907,3.6256,3.5606,3.4956,3.4306,3.3657,3.3009,3.2361
11.9872,11.9149,11.8423,11.7693,11.6961,11.6226,11.5488,11.4747,11.4004,11.3257,11.2508,11.1756,11.1001,11.0244,10.9485,10.8724,10.796,10.7195,10.6683,10.7003,10.7322,10.764,10.7957,10.8272,10.8587,10.8901,10.9214,10.9526,10.9795,11.0047,11.0301,11.0557,11.0813,11.1071,11.1329,11.1589,11.1849,11.2177,11.2771,11.3367,11.3964,11.4562,11.5161,11.576,11.6361,11.6962,11.7563,11.7867,11.8031,11.8195,11.8359,11.8523,11.8686,11.885,11.9012,11.9174,11.9074,11.7638,11.6202,11.4764,11.3326,11.1887,11.0447,10.9006,10.7564,10.6121,10.5098,10.4303,10.3506,10.2707,10.1906,10.1103,10.0298,9.949,9.868,9.7897,9.7314,9.6729,9.6142,9.5552,9.496,9.4366,9.3769,9.317,9.2569,9.1849,9.1054,9.0259,8.9462,8.8665,8.7867,8.7068,8.6268,8.5468,8.4592,8.2984,8.1377,7.9772,7.8169,7.6567,7.4967,7.3369,7.1773,7.0179,6.929,6.893,6.8573,6.8219,6.7868,6.7521,6.7177,6.6836,6.6499,6.6196,6.6454,6.6713,6.6973,6.7233,6.7494,6.7756,6.8018,6.8281,6.8545,6.8704,6.8768,6.883,6.8889,6.8947,6.9003,6.9056,6.9107,6.9156,6.9194,6.7965,6.6735,6.5505,6.4274,6.3043,6.1812,6.058,5.9347,5.8114,5.6606,5.4804,5.3004,5.1206,4.941,4.7617,4.5826,4.4038,4.2252,4.0468,3.995,3.9491,3.9034,3.8576,3.812,3.7665,3.721,3.6756,3.6303,3.5771,3.5131,3.4492,3.3854,3.3216,3.2579,3.1942,3.1305
11.8797,11.8153,11.7505,11.6854,11.62,11.5543,11.4883,11.4221,11.3556,11.2891,11.2225,11.1555,11.0884,11.021,10.9534,10.8855,10.8175,10.7492,10.707,10.7448,10.7824,10.82,10.8574,10.8947,10.932,10.9691,11.0062,11.0431,11.0669,11.0857,11.1047,11.1238,11.143,11.1623,11.1818,11.2013,11.2209,11.2463,11.2936,11.3411,11.3887,11.4365,11.4843,11.5322,11.5801,11.6281,11.6762,11.6956,11.7017,11.7077,11.7138,11.7199,11.7259,11.7319,11.7379,11.7438,11.7246,11.5774,11.43,11.2826,11.135,10.9874,10.8398,10.692,10.5441,10.3962,10.2849,10.1939,10.1027,10.0114,9.9198,9.828,9.736,9.6438,9.5513,9.4619,9.3972,9.3322,9.2669,9.2015,9.1359,9.07,9.0038,8.9374,8.8708,8.7975,8.7199,8.6422,8.5645,8.4866,8.4087,8.3306,8.2525,8.1743,8.0903,7.9391,7.788,7.637,7.4862,7.3356,7.1851,7.0348,6.8848,6.7349,6.6545,6.6296,6.6049,6.5806,6.5566,6.533,6.5097,6.4867,6.4641,6.4434,6.4722,6.5011,6.53,6.559,6.5881,6.6173,6.6465,6.6758,6.7052,6.7214,6.7246,6.7276,6.7305,6.7331,6.7355,6.7376,6.7396,6.7414,6.7429,6.6226,6.4998,6.377,6.2542,6.1313,6.0084,5.8854,5.7623,5.6392,5.4923,5.3166,5.1411,4.9658,4.7908,4.6159,4.4414,4.267,4.0929,3.919,3.8649,3.8208,3.7768,3.7329,3.689,3.6452,3.6015,3.5579,3.5144,3.4634,3.4006,3.3378,3.2752,3.2125,3.1499,3.0874,3.0249
11.7725,11.7159,11.6589,11.6016,11.5441,11.4862,11.4281,11.3697,11.3111,11.2528,11.1944,11.1358,11.0769,11.0178,10.9584,10.8989,10.8391,10.7792,10.7459,10.7894,10.8328,10.8761,10.9193,10.9623,11.0053,11.0482,11.091,11.1337,11.1541,11.1666,11.1791,11.1918,11.2046,11.2175,11.2305,11.2436,11.2568,11.2747,11.31,11.3454,11.381,11.4166,11.4524,11.4882,11.5241,11.56,11.596,11.6044,11.6002,11.596,11.5917,11.5875,11.5832,11.5789,11.5745,11.5701,11.5419,11.3909,11.2399,11.0887,10.9375,10.7863,10.6349,10.4834,10.3319,10.1802,10.0601,9.9576,9.855,9.7522,9.6491,9.5459,9.4424,9.3387,9.2347,9.1343,9.063,8.9915,8.9198,8.8479,8.7758,8.7034,8.6308,8.558,8.4849,8.4102,8.3344,8.2586,8.1827,8.1067,8.0306,7.9544,7.8782,7.8018,7.7212,7.5795,7.4379,7.2965,7.1552,7.0141,6.8732,6.7325,6.592,6.4517,6.3795,6.3657,6.3522,6.339,6.3261,6.3135,6.3012,6.2893,6.2778,6.2672,6.2989,6.3308,6.3627,6.3947,6.4267,6.4588,6.491,6.5233,6.5557,6.5725,6.5726,6.5724,6.5721,6.5716,6.5708,6.5699,6.5687,6.5673,6.5657,6.4487,6.3261,6.2036,6.0809,5.9583,5.8355,5.7128,5.5899,5.4671,5.3237,5.1525,4.9815,4.8107,4.6402,4.4699,4.2998,4.1299,3.9603,3.791,3.7347,3.6924,3.6501,3.608,3.5659,3.5239,3.482,3.4401,3.3984,3.3496,3.288,3.2264,3.1648,3.1033,3.0419,2.9805,2.9191
11.6656,11.6168,11.5676,11.5182,11.4685,11.4184,11.3681,11.3176,11.2668,11.2167,11.1666,11.1162,11.0656,11.0148,10.9638,10.9125,10.861,10.8093,10.7849,10.8341,10.8833,10.9323,10.9812,11.0301,11.0788,11.1274,11.176,11.2245,11.2413,11.2473,11.2534,11.2597,11.2661,11.2726,11.2792,11.2859,11.2927,11.3031,11.3263,11.3496,11.3731,11.3967,11.4204,11.4441,11.468,11.4919,11.5158,11.5132,11.4987,11.4842,11.4696,11.4551,11.4405,11.4259,11.4112,11.3965,11.3591,11.2044,11.0497,10.8949,10.74,10.5851,10.43,10.2749,10.1197,9.9644,9.8354,9.7215,9.6074,9.4931,9.3786,9.2638,9.1489,9.0337,8.9183,8.8067,8.7289,8.651,8.5729,8.4945,8.4159,8.337,8.258,8.1786,8.0991,8.0227,7.9489,7.8749,7.8008,7.7267,7.6525,7.5781,7.5038,7.4293,7.3518,7.2196,7.0876,6.9557,6.824,6.6924,6.5611,6.4299,6.2989,6.1681,6.1042,6.1015,6.099,6.0969,6.0951,6.0935,6.0924,6.0916,6.0911,6.091,6.1255,6.1603,6.1952,6.2302,6.2652,6.3003,6.3354,6.3707,6.406,6.4238,6.4207,6.4174,6.4139,6.4102,6.4063,6.4022,6.3979,6.3934,6.3886,6.2748,6.1524,6.0301,5.9077,5.7852,5.6627,5.5402,5.4176,5.2949,5.1548,4.9881,4.8217,4.6554,4.4893,4.3235,4.1579,3.9926,3.8275,3.6626,3.6043,3.5638,3.5233,3.483,3.4426,3.4024,3.3623,3.3222,3.2822,3.2357,3.1752,3.1148,3.0544,2.994,2.9337,2.8735,2.8133
11.5589,11.5179,11.4766,11.435,11.3931,11.3509,11.3084,11.2657,11.2227,11.1808,11.139,11.0969,11.0546,11.0121,10.9693,10.9263,10.8831,10.8397,10.824,10.879,10.9339,10.9887,11.0433,11.0979,11.1524,11.2068,11.2611,11.3153,11.3283,11.3279,11.3277,11.3275,11.3275,11.3276,11.3278,11.3281,11.3284,11.3313,11.3424,11.3537,11.3652,11.3767,11.3883,11.4,11.4118,11.4236,11.4355,11.422,11.3972,11.3723,11.3475,11.3226,11.2977,11.2728,11.2478,11.2228,11.1763,11.018,10.8596,10.7011,10.5426,10.3839,10.2252,10.0664,9.9075,9.7485,9.6108,9.4854,9.3598,9.2341,9.1081,8.9819,8.8555,8.7289,8.602,8.4792,8.395,8.3106,8.226,8.1411,8.0561,7.9708,7.8852,7.7994,7.7134,7.6353,7.5633,7.4911,7.4189,7.3467,7.2743,7.2018,7.1293,7.0567,6.9821,6.8595,6.737,6.6146,6.4924,6.3704,6.2486,6.127,6.0055,5.8843,5.8285,5.8369,5.8455,5.8544,5.8636,5.8732,5.8831,5.8934,5.904,5.915,5.952,5.9897,6.0276,6.0655,6.1035,6.1416,6.1797,6.2179,6.2563,6.2752,6.2689,6.2625,6.2559,6.249,6.242,6.2348,6.2273,6.2196,6.2117,6.1008,5.9787,5.8566,5.7344,5.6121,5.4899,5.3675,5.2451,5.1227,4.9857,4.8235,4.6615,4.4998,4.3382,4.1769,4.0158,3.855,3.6943,3.534,3.4739,3.4351,3.3964,3.3578,3.3193,3.2808,3.2424,3.2041,3.1659,3.1218,3.0624,3.0031,2.9439,2.8847,2.8255,2.7664,2.7073
11.4526,11.4194,11.3859,11.3521,11.318,11.2836,11.249,11.214,11.1788,11.1452,11.1116,11.0778,11.0438,11.0095,10.975,10.9403,10.9054,10.8703,10.8633,10.924,10.9847,11.0452,11.1056,11.1659,11.2261,11.2862,11.3462,11.4062,11.4153,11.4085,11.4018,11.3952,11.3888,11.3825,11.3763,11.3702,11.3641,11.3593,11.3584,11.3577,11.3571,11.3566,11.3561,11.3558,11.3555,11.3553,11.3551,11.3307,11.2956,11.2605,11.2253,11.1902,11.155,11.1198,11.0845,11.0492,10.9936,10.8316,10.6695,10.5073,10.3451,10.1828,10.0204,9.8579,9.6954,9.5327,9.3863,9.2494,9.1124,8.9752,8.8378,8.7002,8.5623,8.4242,8.2859,8.1518,8.0611,7.9702,7.8792,7.7879,7.6964,7.6046,7.5126,7.4203,7.3278,7.2478,7.1776,7.1074,7.037,6.9666,6.8961,6.8255,6.7548,6.6841,6.6122,6.4991,6.3861,6.2733,6.1606,6.0481,5.9358,5.8237,5.7118,5.6001,5.5525,5.5719,5.5915,5.6115,5.6318,5.6525,5.6734,5.6948,5.7164,5.7385,5.7783,5.8191,5.8599,5.9008,5.9417,5.9828,6.0239,6.0651,6.1063,6.1267,6.1173,6.1078,6.098,6.088,6.0778,6.0674,6.0568,6.046,6.0349,5.9269,5.805,5.6831,5.5611,5.4391,5.317,5.1949,5.0727,4.9505,4.8164,4.6586,4.5012,4.3439,4.1868,4.03,3.8734,3.717,3.5609,3.405,3.3433,3.3063,3.2694,3.2326,3.1958,3.1591,3.1225,3.086,3.0495,3.0077,2.9495,2.8914,2.8333,2.7752,2.7172,2.6592,2.6013
11.3465,11.3211,11.2954,11.2694,11.2431,11.2166,11.1897,11.1626,11.1353,11.1098,11.0845,11.059,11.0332,11.0072,10.981,10.9545,10.9279,10.901,10.9027,10.9692,11.0355,11.1018,11.1679,11.234,11.2999,11.3658,11.4315,11.4972,11.5021,11.4889,11.4758,11.4629,11.45,11.4373,11.4247,11.4122,11.3997,11.3872,11.3743,11.3616,11.3489,11.3363,11.3239,11.3115,11.2992,11.2869,11.2747,11.2394,11.194,11.1486,11.1031,11.0577,11.0122,10.9667,10.9212,10.8756,10.8108,10.6451,10.4794,10.3136,10.1477,9.9817,9.8156,9.6495,9.4832,9.3169,9.1618,9.0136,8.8651,8.7165,8.5676,8.4185,8.2693,8.1197,7.9699,7.8244,7.7273,7.63,7.5325,7.4347,7.3368,7.2385,7.1401,7.0414,6.9424,6.8602,6.7919,6.7235,6.655,6.5865,6.5178,6.4491,6.3803,6.3114,6.242,6.1384,6.035,5.9317,5.8285,5.7256,5.6228,5.5202,5.4178,5.3156,5.276,5.3065,5.3372,5.3683,5.3996,5.4313,5.4633,5.4957,5.5284,5.5615,5.6045,5.6482,5.692,5.7359,5.7798,5.8238,5.8679,5.912,5.9563,5.9784,5.9659,5.9532,5.9403,5.9271,5.9138,5.9003,5.8865,5.8726,5.8584,5.7529,5.6313,5.5095,5.3878,5.266,5.1441,5.0222,4.9003,4.7783,4.6467,4.4935,4.3405,4.1877,4.0351,3.8828,3.7307,3.5788,3.4272,3.2758,3.2126,3.1774,3.1423,3.1072,3.0722,3.0373,3.0024,2.9677,2.933,2.8936,2.8366,2.7796,2.7226,2.6657,2.6088,2.552,2.4952
11.2407,11.2231,11.2052,11.187,11.1685,11.1498,11.1308,11.1115,11.0919,11.0747,11.0577,11.0404,11.0229,11.0051,10.9872,10.969,10.9506,10.932,10.9423,11.0145,11.0865,11.1585,11.2304,11.3022,11.3738,11.4454,11.5169,11.5884,11.5888,11.5692,11.5498,11.5304,11.5112,11.492,11.473,11.4541,11.4353,11.415,11.3901,11.3653,11.3406,11.316,11.2915,11.2671,11.2428,11.2185,11.1942,11.148,11.0923,11.0366,10.9809,10.9252,10.8695,10.8137,10.7578,10.702,10.628,10.4587,10.2893,10.1198,9.9502,9.7806,9.6109,9.441,9.2711,9.1011,8.9375,8.7778,8.6179,8.4578,8.2976,8.1371,7.9763,7.8154,7.6541,7.4972,7.3937,7.2899,7.1859,7.0817,6.9773,6.8726,6.7677,6.6626,6.5571,6.4727,6.4062,6.3396,6.273,6.2063,6.1395,6.0726,6.0056,5.9386,5.8715,5.7775,5.6835,5.5898,5.4961,5.4027,5.3094,5.2163,5.1234,5.0308,4.9992,5.0407,5.0825,5.1246,5.167,5.2098,5.2528,5.2962,5.34,5.3842,5.4306,5.4773,5.524,5.5709,5.6178,5.6647,5.7118,5.7589,5.8061,5.8302,5.8146,5.7987,5.7827,5.7664,5.75,5.7333,5.7164,5.6993,5.682,5.579,5.4575,5.336,5.2145,5.0929,4.9713,4.8496,4.7279,4.6061,4.4768,4.3281,4.1796,4.0313,3.8832,3.7353,3.5877,3.4403,3.2932,3.1462,3.0818,3.0484,3.015,2.9817,2.9484,2.9153,2.8822,2.8492,2.8163,2.7794,2.7235,2.6677,2.6118,2.5561,2.5003,2.4447,2.389
11.1351,11.1253,11.1153,11.1049,11.0942,11.0833,11.072,11.0605,11.0488,11.0398,11.031,11.022,11.0128,11.0033,10.9936,10.9836,10.9735,10.9632,10.9819,11.0599,11.1377,11.2154,11.293,11.3705,11.4479,11.5252,11.6024,11.6796,11.6755,11.6495,11.6236,11.5978,11.5722,11.5467,11.5213,11.496,11.4707,11.4427,11.4057,11.3689,11.3322,11.2956,11.2591,11.2226,11.1863,11.1499,11.1137,11.0566,10.9906,10.9247,10.8587,10.7927,10.7267,10.6606,10.5945,10.5283,10.4453,10.2723,10.0992,9.9261,9.7528,9.5795,9.4061,9.2326,9.059,8.8854,8.7133,8.5422,8.3708,8.1993,8.0276,7.8557,7.6835,7.5111,7.3385,7.1701,7.0601,6.9499,6.8394,6.7288,6.6179,6.5068,6.3954,6.2838,6.172,6.085,6.0204,5.9557,5.891,5.8261,5.7611,5.6961,5.631,5.5658,5.5005,5.4163,5.3319,5.2476,5.1635,5.0795,4.9958,4.9122,4.8288,4.7456,4.722,4.7746,4.8274,4.8805,4.934,4.9878,5.0419,5.0963,5.1512,5.2064,5.2566,5.3062,5.3559,5.4057,5.4556,5.5055,5.5555,5.6056,5.6558,5.6822,5.6634,5.6444,5.6253,5.6059,5.5863,5.5664,5.5464,5.5262,5.5057,5.405,5.2837,5.1625,5.0411,4.9198,4.7984,4.6769,4.5554,4.4338,4.3066,4.1624,4.0184,3.8745,3.7309,3.5876,3.4444,3.3015,3.1589,3.0164,2.9509,2.9192,2.8876,2.8561,2.8246,2.7932,2.7619,2.7307,2.6995,2.6652,2.6104,2.5557,2.501,2.4464,2.3918,2.3372,2.2828
11.0299,11.0279,11.0256,11.023,11.0201,11.017,11.0135,11.0098,11.0059,11.0052,11.0047,11.0039,11.0029,11.0017,11.0002,10.9985,10.9966,10.9945,11.0218,11.1054,11.1889,11.2724,11.3557,11.4389,11.522,11.6051,11.688,11.7709,11.762,11.7296,11.6973,11.6652,11.6331,11.6012,11.5694,11.5377,11.5061,11.4702,11.4213,11.3724,11.3237,11.275,11.2265,11.1781,11.1297,11.0814,11.0331,10.9651,10.8889,10.8127,10.7364,10.6602,10.5839,10.5076,10.4312,10.3548,10.2626,10.0859,9.9091,9.7323,9.5554,9.3784,9.2014,9.0242,8.847,8.6696,8.4892,8.3066,8.1239,7.9409,7.7578,7.5745,7.3909,7.2071,7.023,6.8431,6.7266,6.6099,6.4931,6.376,6.2587,6.1411,6.0233,5.9053,5.787,5.6974,5.6346,5.5718,5.5088,5.4458,5.3827,5.3196,5.2563,5.193,5.1296,5.0548,4.9799,4.9051,4.8305,4.7561,4.6818,4.6077,4.5339,4.4602,4.4445,4.508,4.5719,4.6361,4.7006,4.7654,4.8305,4.896,4.9619,5.0281,5.0824,5.135,5.1877,5.2405,5.2933,5.3462,5.3991,5.4522,5.5053,5.5343,5.5124,5.4903,5.468,5.4454,5.4227,5.3998,5.3766,5.3532,5.3296,5.231,5.11,4.9889,4.8678,4.7467,4.6255,4.5042,4.3829,4.2616,4.1362,3.9964,3.8569,3.7175,3.5784,3.4395,3.3009,3.1625,3.0243,2.8863,2.8199,2.7899,2.7609,2.7343,2.7077,2.6811,2.6545,2.6279,2.6013,2.5722,2.5214,2.4705,2.4197,2.3689,2.3181,2.2673,2.2165
10.9249,10.9307,10.9362,10.9414,10.9463,10.951,10.9553,10.9594,10.9632,10.9708,10.9785,10.986,10.9932,11.0002,11.007,11.0136,11.0199,11.0261,11.0617,11.1511,11.2403,11.3295,11.4185,11.5075,11.5963,11.6851,11.7737,11.8623,11.8484,11.8096,11.7709,11.7324,11.694,11.6557,11.6175,11.5794,11.5414,11.4976,11.4366,11.3758,11.315,11.2544,11.1939,11.1334,11.073,11.0127,10.9524,10.8736,10.7871,10.7006,10.6141,10.5276,10.4411,10.3545,10.2679,10.1812,10.0798,9.8995,9.7191,9.5386,9.358,9.1774,8.9967,8.8159,8.6349,8.4539,8.2651,8.0712,7.877,7.6827,7.4881,7.2934,7.0984,6.9031,6.7077,6.5161,6.3932,6.2701,6.1468,6.0233,5.8995,5.7755,5.6513,5.5268,5.4021,5.3097,5.2488,5.1878,5.1267,5.0655,5.0043,4.943,4.8816,4.8201,4.7585,4.6931,4.6277,4.5624,4.4973,4.4323,4.3676,4.303,4.2386,4.1744,4.1665,4.2411,4.316,4.3912,4.4668,4.5426,4.6188,4.6953,4.7722,4.8494,4.9082,4.9637,5.0194,5.0751,5.1324,5.19,5.2474,5.3046,5.3615,5.3942,5.3704,5.3464,5.3221,5.2977,5.273,5.2481,5.223,5.1976,5.1721,5.0763,4.9563,4.8363,4.7162,4.5959,4.4756,4.3552,4.2346,4.114,3.9915,3.8616,3.7324,3.6038,3.4758,3.3485,3.2218,3.0958,2.9704,2.8457,2.783,2.7566,2.7301,2.7036,2.6771,2.6507,2.6242,2.5977,2.5712,2.543,2.4924,2.4418,2.3911,2.3405,2.2899,2.2392,2.1886
10.8941,10.9032,10.9121,10.9209,10.9296,10.9381,10.9465,10.9547,10.9629,10.9726,10.9825,10.9924,11.0023,11.0122,11.0221,11.032,11.042,11.0519,11.0907,11.1793,11.2681,11.3571,11.4462,11.5355,11.6249,11.7145,11.8041,11.8939,11.8739,11.8288,11.7838,11.7389,11.6941,11.6494,11.6049,11.5604,11.5159,11.4648,11.3943,11.3239,11.2535,11.1832,11.1128,11.0424,10.972,10.9016,10.8312,10.7432,10.6478,10.5524,10.457,10.3615,10.2659,10.1703,10.0745,9.9787,9.869,9.6841,9.499,9.3139,9.1287,8.9433,8.7578,8.5721,8.3863,8.2004,8.0055,7.8046,7.6037,7.4027,7.2016,7.0005,6.7992,6.5979,6.3965,6.1989,6.0728,5.9466,5.8204,5.6941,5.5677,5.4412,5.3146,5.1879,5.0612,4.971,4.918,4.8652,4.8125,4.76,4.7077,4.6556,4.6038,4.5522,4.5008,4.449,4.3975,4.3463,4.2954,4.2448,4.1945,4.1446,4.095,4.0458,4.0479,4.1304,4.2129,4.2954,4.3781,4.4607,4.5435,4.6263,4.7091,4.7921,4.8509,4.9047,4.9583,5.0117,5.0649,5.1178,5.1705,5.223,5.2752,5.3053,5.2777,5.2498,5.2218,5.1935,5.165,5.1362,5.1073,5.0781,5.0486,4.9535,4.8325,4.7114,4.5903,4.469,4.3476,4.2262,4.1046,3.9829,3.8615,3.7425,3.6242,3.5064,3.3893,3.2728,3.157,3.0418,2.9273,2.8135,2.752,2.7257,2.6993,2.6729,2.6466,2.6202,2.5938,2.5674,2.5411,2.5139,2.4634,2.413,2.3625,2.312,2.2616,2.2112,2.1607
10.8818,10.895,10.908,10.9209,10.9337,10.9463,10.9588,10.9712,10.9834,10.9934,11.0033,11.0132,11.0231,11.033,11.043,11.0529,11.0628,11.0728,11.1098,11.1913,11.2731,11.355,11.437,11.5192,11.6015,11.684,11.7666,11.8493,11.8193,11.7651,11.7111,11.6571,11.6033,11.5495,11.4959,11.4423,11.3888,11.3289,11.251,11.1732,11.0954,11.0176,10.9399,10.8621,10.7843,10.7065,10.6287,10.5337,10.4317,10.3296,10.2275,10.1253,10.023,9.9207,9.8183,9.7157,9.5995,9.4083,9.2171,9.0258,8.8343,8.6427,8.4509,8.2591,8.0671,7.8749,7.6792,7.481,7.2828,7.0844,6.886,6.6876,6.489,6.2904,6.0917,5.8961,5.7711,5.6461,5.5209,5.3957,5.2704,5.145,5.0195,4.894,4.7683,4.6837,4.6425,4.6014,4.5605,4.5198,4.4794,4.4391,4.399,4.3592,4.3196,4.28,4.2407,4.2017,4.1631,4.1247,4.0866,4.0489,4.0116,3.9746,3.983,4.0676,4.1522,4.2369,4.3216,4.4064,4.4913,4.5762,4.6612,4.7462,4.8022,4.8514,4.9003,4.949,4.9975,5.0458,5.0938,5.1416,5.1892,5.2166,5.1851,5.1535,5.1216,5.0894,5.0571,5.0245,4.9917,4.9587,4.9254,4.8308,4.7088,4.5866,4.4644,4.3421,4.2197,4.0972,3.9746,3.8519,3.7309,3.6228,3.5152,3.4083,3.3021,3.1964,3.0915,2.9872,2.8835,2.7806,2.7211,2.6948,2.6685,2.6423,2.616,2.5897,2.5635,2.5372,2.5109,2.4846,2.4344,2.3841,2.3339,2.2836,2.2333,2.1831,2.1328
10.8697,10.8869,10.9041,10.9211,10.9379,10.9547,10.9713,10.9877,11.0041,11.0143,11.0242,11.0341,11.044,11.0539,11.0638,11.0737,11.0837,11.0936,11.1287,11.2032,11.2779,11.3527,11.4276,11.5027,11.578,11.6534,11.7289,11.8045,11.7646,11.7014,11.6382,11.5752,11.5123,11.4495,11.3868,11.3241,11.2616,11.1929,11.1076,11.0224,10.9372,10.8521,10.7669,10.6817,10.5965,10.5114,10.4261,10.3242,10.2155,10.1067,9.9979,9.889,9.7801,9.6711,9.562,9.4528,9.33,9.1326,8.9352,8.7376,8.5399,8.3421,8.1442,7.9461,7.7478,7.5495,7.3528,7.1573,6.9618,6.7661,6.5704,6.3746,6.1788,5.9828,5.7868,5.5934,5.4695,5.3455,5.2214,5.0973,4.9731,4.8488,4.7244,4.6,4.4754,4.3961,4.3667,4.3374,4.3083,4.2794,4.2507,4.2222,4.1939,4.1659,4.1381,4.1107,4.0836,4.0569,4.0304,4.0042,3.9784,3.9529,3.9278,3.903,3.918,4.0047,4.0915,4.1783,4.2651,4.352,4.439,4.526,4.6131,4.7003,4.7538,4.7982,4.8425,4.8865,4.9303,4.9739,5.0173,5.0604,5.1033,5.1281,5.0928,5.0573,5.0216,4.9856,4.9494,4.913,4.8764,4.8395,4.8024,4.7081,4.5851,4.4619,4.3387,4.2153,4.0918,3.9683,3.8446,3.7209,3.5996,3.5023,3.4057,3.3096,3.2142,3.1194,3.0253,2.9318,2.839,2.7469,2.69,2.6639,2.6377,2.6116,2.5854,2.5593,2.5331,2.5069,2.4807,2.4546,2.4054,2.3553,2.3052,2.2551,2.205,2.155,2.1049
10.8577,10.879,10.9003,10.9214,10.9423,10.9632,10.9839,11.0044,11.0249,11.0351,11.045,11.0549,11.0648,11.0747,11.0847,11.0946,11.1045,11.1145,11.1475,11.2149,11.2825,11.3502,11.4181,11.4861,11.5543,11.6226,11.691,11.7596,11.7098,11.6374,11.5652,11.4932,11.4212,11.3493,11.2775,11.2058,11.1342,11.0568,10.9642,10.8716,10.779,10.6864,10.5939,10.5013,10.4087,10.3161,10.2235,10.1147,9.9993,9.8838,9.7684,9.6528,9.5372,9.4215,9.3057,9.1899,9.0605,8.857,8.6533,8.4495,8.2456,8.0416,7.8374,7.6331,7.4287,7.2241,7.0265,6.8337,6.6408,6.4478,6.2548,6.0617,5.8685,5.6753,5.4819,5.2906,5.1678,5.0449,4.9219,4.7989,4.6758,4.5526,4.4293,4.3059,4.1825,4.1083,4.0906,4.0731,4.0558,4.0387,4.0217,4.005,3.9885,3.9723,3.9562,3.941,3.9262,3.9116,3.8973,3.8834,3.8698,3.8565,3.8436,3.831,3.853,3.9418,4.0306,4.1196,4.2085,4.2976,4.3866,4.4758,4.565,4.6543,4.7055,4.7453,4.7848,4.8242,4.8634,4.9023,4.941,4.9795,5.0177,5.0398,5.0007,4.9613,4.9217,4.8819,4.8419,4.8017,4.7612,4.7205,4.6796,4.5855,4.4614,4.3372,4.2129,4.0885,3.964,3.8395,3.7148,3.59,3.4677,3.3813,3.2955,3.2102,3.1257,3.0417,2.9584,2.8758,2.7938,2.7125,2.659,2.633,2.6069,2.5809,2.5548,2.5288,2.5027,2.4767,2.4506,2.4245,2.3764,2.3265,2.2766,2.2266,2.1767,2.1268,2.077
10.8458,10.8713,10.8966,10.9218,10.9469,10.9718,10.9966,11.0213,11.0458,11.056,11.0659,11.0758,11.0857,11.0956,11.1055,11.1154,11.1254,11.1353,11.1661,11.2265,11.287,11.3476,11.4084,11.4694,11.5305,11.5917,11.6531,11.7145,11.6547,11.5733,11.4921,11.411,11.3299,11.249,11.1682,11.0874,11.0068,10.9207,10.8206,10.7206,10.6207,10.5207,10.4208,10.3208,10.2209,10.1209,10.0209,9.9051,9.783,9.6609,9.5388,9.4166,9.2943,9.1719,9.0495,8.9269,8.791,8.5813,8.3714,8.1614,7.9513,7.7411,7.5307,7.3202,7.1095,6.8987,6.7001,6.51,6.3198,6.1295,5.9391,5.7487,5.5582,5.3676,5.177,4.9878,4.8661,4.7443,4.6224,4.5005,4.3785,4.2563,4.1342,4.0119,3.8896,3.8202,3.8143,3.8086,3.803,3.7977,3.7925,3.7876,3.7828,3.7783,3.7741,3.771,3.7684,3.766,3.7639,3.7622,3.7608,3.7597,3.759,3.7586,3.7879,3.8788,3.9697,4.0608,4.1519,4.243,4.3342,4.4255,4.5168,4.6082,4.6574,4.6925,4.7274,4.7621,4.7966,4.8309,4.8649,4.8987,4.9323,4.9517,4.9087,4.8655,4.8221,4.7785,4.7346,4.6906,4.6463,4.6017,4.557,4.4629,4.3378,4.2126,4.0873,3.9618,3.8363,3.7107,3.5849,3.4591,3.3352,3.2596,3.1846,3.1102,3.0364,2.9633,2.8909,2.8191,2.7479,2.6775,2.628,2.6021,2.5761,2.5502,2.5242,2.4983,2.4723,2.4464,2.4204,2.3944,2.3473,2.2976,2.2479,2.1982,2.1484,2.0987,2.049
10.8341,10.8637,10.8931,10.9224,10.9515,10.9806,11.0095,11.0382,11.0669,11.0768,11.0867,11.0966,11.1065,11.1164,11.1264,11.1363,11.1462,11.1562,11.1846,11.2378,11.2913,11.3449,11.3986,11.4525,11.5065,11.5607,11.615,11.6694,11.5995,11.5091,11.4188,11.3286,11.2386,11.1486,11.0587,10.9689,10.8792,10.7844,10.677,10.5696,10.4623,10.355,10.2476,10.1403,10.033,9.9256,9.8182,9.6955,9.5668,9.438,9.3092,9.1803,9.0513,8.9223,8.7932,8.664,8.5216,8.3056,8.0895,7.8733,7.657,7.4406,7.224,7.0073,6.7904,6.5734,6.3737,6.1862,5.9987,5.8111,5.6234,5.4357,5.2479,5.06,4.872,4.6849,4.5643,4.4437,4.3229,4.202,4.0811,3.9601,3.839,3.7178,3.5966,3.5319,3.5377,3.5438,3.55,3.5564,3.563,3.5698,3.5768,3.5841,3.5916,3.6007,3.6102,3.62,3.6302,3.6406,3.6514,3.6625,3.674,3.6858,3.7227,3.8157,3.9088,4.0019,4.0951,4.1884,4.2817,4.3751,4.4685,4.562,4.6094,4.6399,4.6702,4.7002,4.73,4.7597,4.789,4.8182,4.8471,4.8637,4.8169,4.7699,4.7226,4.6752,4.6275,4.5796,4.5315,4.4831,4.4345,4.3404,4.2143,4.088,3.9616,3.8352,3.7086,3.5819,3.4552,3.3283,3.202,3.1372,3.0731,3.0095,2.9466,2.8843,2.8226,2.7616,2.7013,2.6417,2.597,2.5712,2.5453,2.5195,2.4936,2.4678,2.4419,2.4161,2.3902,2.3644,2.3183,2.2687,2.2192,2.1696,2.1201,2.0706,2.021
10.8225,10.8562,10.8897,10.9231,10.9563,10.9895,11.0224,11.0553,11.0878,11.0977,11.1076,11.1175,11.1274,11.1373,11.1472,11.1572,11.1671,11.177,11.2028,11.2491,11.2954,11.342,11.3886,11.4355,11.4824,11.5295,11.5768,11.6241,11.5442,11.4448,11.3454,11.2462,11.1471,11.0481,10.9491,10.8503,10.7515,10.6481,10.5333,10.4186,10.3038,10.1891,10.0744,9.9597,9.845,9.7303,9.6155,9.4859,9.3505,9.2151,9.0796,8.944,8.8084,8.6727,8.5369,8.4011,8.2521,8.03,7.8077,7.5853,7.3628,7.1401,6.9173,6.6944,6.4714,6.2482,6.0472,5.8625,5.6776,5.4927,5.3077,5.1226,4.9375,4.7523,4.567,4.3821,4.2626,4.143,4.0233,3.9036,3.7837,3.6638,3.5438,3.4237,3.3036,3.2433,3.2609,3.2787,3.2967,3.3148,3.3332,3.3518,3.3705,3.3896,3.4088,3.43,3.4517,3.4737,3.4961,3.5187,3.5417,3.565,3.5886,3.6126,3.6574,3.7525,3.8477,3.943,4.0383,4.1337,4.2291,4.3246,4.4201,4.5158,4.5617,4.5875,4.6131,4.6385,4.6637,4.6886,4.7134,4.7379,4.7621,4.7759,4.7253,4.6744,4.6234,4.5721,4.5206,4.4689,4.4169,4.3647,4.3123,4.218,4.0908,3.9635,3.8361,3.7086,3.581,3.4533,3.3255,3.1976,3.0696,3.0142,2.9609,2.9081,2.856,2.8045,2.7537,2.7035,2.654,2.6052,2.566,2.5402,2.5145,2.4888,2.463,2.4373,2.4115,2.3858,2.36,2.3343,2.2892,2.2399,2.1905,2.1411,2.0918,2.0424,1.9931
10.8111,10.8489,10.8865,10.9239,10.9613,10.9985,11.0356,11.0725,11.1086,11.1185,11.1284,11.1383,11.1482,11.1582,11.1681,11.178,11.188,11.1979,11.221,11.2601,11.2994,11.3389,11.3785,11.4183,11.4582,11.4983,11.5384,11.5787,11.4887,11.3802,11.2719,11.1636,11.0555,10.9474,10.8394,10.7316,10.6238,10.5117,10.3895,10.2674,10.1453,10.0232,9.9012,9.7791,9.657,9.5349,9.4128,9.2762,9.1342,8.9921,8.8499,8.7077,8.5655,8.4231,8.2807,8.1382,7.9827,7.7543,7.5258,7.2972,7.0685,6.8397,6.6107,6.3816,6.1524,5.923,5.7208,5.5387,5.3565,5.1743,4.992,4.8096,4.6271,4.4445,4.2619,4.0793,3.9608,3.8423,3.7238,3.6051,3.4864,3.3675,3.2486,3.1296,3.0106,2.9545,2.9838,3.0134,3.0431,3.073,3.1031,3.1334,3.1639,3.1947,3.2257,3.259,3.2929,3.3271,3.3616,3.3964,3.4315,3.467,3.5028,3.539,3.592,3.6893,3.7866,3.884,3.9814,4.0789,4.1764,4.274,4.3717,4.4694,4.5142,4.5353,4.5563,4.577,4.5975,4.6178,4.6379,4.6577,4.6773,4.6883,4.6338,4.5792,4.5243,4.4692,4.4139,4.3583,4.3026,4.2465,4.1903,4.0956,3.9673,3.839,3.7106,3.582,3.4534,3.3247,3.1958,3.0669,2.9378,2.8906,2.848,2.8061,2.7648,2.7241,2.6841,2.6448,2.6061,2.568,2.5349,2.5093,2.4837,2.4581,2.4324,2.4068,2.3811,2.3555,2.3299,2.3042,2.2602,2.211,2.1618,2.1126,2.0634,2.0142,1.9651
10.7998,10.8417,10.8834,10.9249,10.9664,11.0077,11.0488,11.0899,11.1295,11.1394,11.1493,11.1592,11.1691,11.179,11.1889,11.1989,11.2088,11.2188,11.2389,11.271,11.3033,11.3357,11.3683,11.401,11.4338,11.4668,11.4999,11.5332,11.4331,11.3156,11.1982,11.0809,10.9637,10.8466,10.7296,10.6127,10.4959,10.3752,10.2457,10.1162,9.9867,9.8573,9.7278,9.5984,9.4689,9.3395,9.21,9.0665,8.9178,8.7691,8.6203,8.4714,8.3225,8.1735,8.0244,7.8752,7.7133,7.4787,7.244,7.0092,6.7743,6.5393,6.3041,6.0688,5.8334,5.5978,5.3943,5.2149,5.0354,4.8558,4.6762,4.4964,4.3166,4.1368,3.9568,3.7768,3.6591,3.5417,3.4242,3.3066,3.1889,3.0712,2.9534,2.8355,2.7175,2.6654,2.7065,2.7478,2.7893,2.8309,2.8727,2.9148,2.957,2.9995,3.0423,3.0876,3.1337,3.1801,3.2267,3.2737,3.321,3.3687,3.4167,3.465,3.5266,3.626,3.7254,3.8249,3.9244,4.024,4.1237,4.2234,4.3231,4.423,4.4668,4.4833,4.4996,4.5157,4.5316,4.5472,4.5626,4.5778,4.5928,4.6008,4.5426,4.4841,4.4254,4.3665,4.3073,4.248,4.1884,4.1285,4.0685,3.9732,3.844,3.7146,3.5851,3.4556,3.3259,3.1961,3.0663,2.9363,2.8062,2.7663,2.7345,2.7034,2.6729,2.6431,2.6138,2.5853,2.5574,2.5302,2.5039,2.4784,2.4529,2.4273,2.4018,2.3763,2.3507,2.3252,2.2997,2.2741,2.2311,2.1821,2.133,2.084,2.0351,1.9861,1.9371
10.7887,10.8346,10.8804,10.9261,10.9716,11.0169,11.0622,11.1073,11.1503,11.1602,11.1701,11.18,11.1899,11.1999,11.2098,11.2197,11.2297,11.2396,11.2567,11.2817,11.307,11.3323,11.3579,11.3835,11.4093,11.4353,11.4613,11.4875,11.3773,11.2507,11.1243,10.998,10.8718,10.7457,10.6197,10.4938,10.3679,10.2386,10.1018,9.9649,9.8281,9.6913,9.5545,9.4177,9.2808,9.144,9.0072,8.8568,8.7015,8.5461,8.3906,8.2351,8.0795,7.9239,7.7682,7.6123,7.4439,7.2031,6.9622,6.7213,6.4802,6.2389,5.9976,5.7561,5.5145,5.2727,5.0678,4.8911,4.7142,4.5373,4.3604,4.1833,4.0062,3.829,3.6517,3.4744,3.3573,3.241,3.1246,3.0081,2.8915,2.7749,2.6582,2.5414,2.4245,2.3761,2.4289,2.4819,2.5351,2.5885,2.6421,2.6958,2.7498,2.8041,2.8585,2.9159,2.9742,3.0327,3.0915,3.1507,3.2101,3.2699,3.3301,3.3906,3.4612,3.5626,3.6642,3.7657,3.8674,3.9691,4.0708,4.1726,4.2745,4.3765,4.4196,4.4315,4.4431,4.4546,4.4658,4.4768,4.4876,4.4981,4.5084,4.5136,4.4515,4.3892,4.3267,4.2639,4.201,4.1378,4.0744,4.0107,3.9469,3.851,3.7206,3.5902,3.4597,3.3291,3.1984,3.0676,2.9367,2.8057,2.6746,2.6413,2.6204,2.6001,2.5804,2.5613,2.5429,2.5251,2.508,2.4916,2.4728,2.4474,2.422,2.3966,2.3712,2.3457,2.3203,2.2949,2.2694,2.244,2.202,2.1531,2.1043,2.0555,2.0067,1.9579,1.9091
10.7777,10.8277,10.8776,10.9273,10.9769,11.0264,11.0757,11.1249,11.1712,11.181,11.191,11.2009,11.2108,11.2207,11.2306,11.2406,11.2505,11.2605,11.2743,11.2923,11.3105,11.3288,11.3473,11.3659,11.3847,11.4036,11.4226,11.4417,11.3213,11.1858,11.0503,10.915,10.7798,10.6447,10.5096,10.3747,10.2398,10.102,9.9578,9.8136,9.6694,9.5252,9.381,9.2369,9.0927,8.9485,8.8043,8.6471,8.4851,8.3231,8.161,7.9988,7.8366,7.6743,7.5119,7.3494,7.1744,6.9275,6.6805,6.4333,6.186,5.9386,5.6911,5.4434,5.1956,4.9476,4.7413,4.5672,4.3931,4.2188,4.0445,3.8701,3.6957,3.5211,3.3465,3.1719,3.0555,2.9402,2.8249,2.7095,2.5941,2.4785,2.3629,2.2472,2.1314,2.0865,2.1511,2.2158,2.2807,2.3458,2.4111,2.4766,2.5423,2.6083,2.6745,2.7439,2.8143,2.885,2.956,3.0272,3.0989,3.1708,3.2432,3.3158,3.3956,3.4992,3.6028,3.7065,3.8103,3.9141,4.0179,4.1218,4.2258,4.3299,4.3727,4.3799,4.3869,4.3937,4.4002,4.4066,4.4127,4.4186,4.4243,4.4265,4.3606,4.2945,4.2281,4.1616,4.0948,4.0278,3.9606,3.8931,3.8254,3.7287,3.5974,3.4659,3.3344,3.2028,3.071,2.9392,2.8073,2.6752,2.5431,2.5158,2.5056,2.4961,2.4872,2.4789,2.4712,2.4643,2.4579,2.4523,2.4418,2.4165,2.3912,2.3658,2.3405,2.3152,2.2899,2.2646,2.2392,2.2139,2.1728,2.1242,2.0756,2.0269,1.9783,1.9296,1.881
10.7669,10.821,10.8749,10.9287,10.9824,11.0359,11.0893,11.1426,11.192,11.2019,11.2118,11.2217,11.2316,11.2416,11.2515,11.2614,11.2714,11.2813,11.2917,11.3027,11.3138,11.3251,11.3366,11.3482,11.3599,11.3718,11.3837,11.3958,11.2652,11.1207,10.9762,10.8319,10.6876,10.5435,10.3995,10.2555,10.1116,9.9653,9.8137,9.6621,9.5106,9.3591,9.2076,9.056,8.9045,8.753,8.6014,8.4373,8.2687,8.1,7.9313,7.7625,7.5936,7.4247,7.2557,7.0866,6.905,6.6519,6.3987,6.1454,5.8919,5.6383,5.3846,5.1308,4.8768,4.6226,4.4147,4.2433,4.0719,3.9003,3.7286,3.5569,3.3851,3.2133,3.0413,2.8693,2.7536,2.6395,2.5253,2.411,2.2966,2.1821,2.0676,1.953,1.8383,1.7967,1.873,1.9495,2.0261,2.1029,2.1799,2.2571,2.3345,2.4122,2.4901,2.5715,2.6541,2.7369,2.82,2.9035,2.9872,3.0713,3.1558,3.2406,3.33,3.4357,3.5414,3.6472,3.753,3.859,3.9649,4.0709,4.177,4.2832,4.3259,4.3284,4.3308,4.3329,4.3349,4.3366,4.3381,4.3393,4.3404,4.3396,4.2699,4.1999,4.1298,4.0594,3.9888,3.918,3.847,3.7757,3.7042,3.6065,3.4742,3.3417,3.2091,3.0765,2.9437,2.8108,2.6779,2.5448,2.4116,2.3895,2.3902,2.3914,2.3933,2.3958,2.3989,2.4027,2.4072,2.4123,2.4107,2.3855,2.3603,2.3351,2.3099,2.2847,2.2595,2.2342,2.209,2.1838,2.1437,2.0952,2.0468,1.9983,1.9499,1.9014,1.853
10.7562,10.8143,10.8724,10.9303,10.988,11.0456,11.1031,11.1605,11.2128,11.2227,11.2326,11.2426,11.2525,11.2624,11.2723,11.2823,11.2922,11.3022,11.309,11.313,11.3171,11.3213,11.3257,11.3303,11.335,11.3398,11.3447,11.3498,11.209,11.0554,10.9019,10.7486,10.5954,10.4422,10.2892,10.1362,9.9833,9.8285,9.6695,9.5106,9.3517,9.1929,9.034,8.8751,8.7163,8.5574,8.3985,8.2275,8.0523,7.8769,7.7016,7.5261,7.3506,7.1751,6.9994,6.8237,6.6357,6.3764,6.117,5.8574,5.5978,5.338,5.0782,4.8181,4.558,4.2976,4.0882,3.9194,3.7506,3.5817,3.4127,3.2437,3.0746,2.9054,2.7361,2.5668,2.4518,2.3387,2.2256,2.1124,1.9991,1.8857,1.7723,1.6588,1.5452,1.5067,1.5947,1.6828,1.7712,1.8597,1.9484,2.0373,2.1264,2.2158,2.3054,2.3988,2.4935,2.5885,2.6837,2.7793,2.8752,2.9715,3.0681,3.165,3.2643,3.3721,3.4799,3.5878,3.6958,3.8038,3.9118,4.02,4.1282,4.2364,4.2793,4.2772,4.2749,4.2724,4.2697,4.2668,4.2636,4.2603,4.2566,4.2528,4.1793,4.1056,4.0316,3.9575,3.8831,3.8084,3.7336,3.6585,3.5832,3.4844,3.351,3.2175,3.0839,2.9502,2.8164,2.6825,2.5485,2.4144,2.2802,2.2627,2.2741,2.2861,2.2988,2.312,2.3259,2.3405,2.3557,2.3732,2.3898,2.3731,2.3562,2.3389,2.3214,2.3036,2.2856,2.2672,2.2486,2.2296,2.1962,2.1531,2.1096,2.0658,2.0216,1.977,1.932
10.7456,10.8079,10.87,10.9319,10.9937,11.0554,11.117,11.1784,11.2337,11.2436,11.2535,11.2634,11.2733,11.2833,11.2932,11.3031,11.3131,11.3231,11.3261,11.323,11.3201,11.3173,11.3147,11.3123,11.3099,11.3077,11.3056,11.3037,11.1526,10.99,10.8275,10.6652,10.503,10.3408,10.1788,10.0168,9.8549,9.6916,9.5253,9.3591,9.1928,9.0266,8.8604,8.6942,8.528,8.3618,8.1955,8.0177,7.8358,7.6538,7.4718,7.2898,7.1076,6.9254,6.7432,6.5608,6.3663,6.1008,5.8352,5.5695,5.3037,5.0378,4.7717,4.5056,4.2392,3.9727,3.7616,3.5955,3.4294,3.2631,3.0968,2.9304,2.764,2.5974,2.4308,2.2642,2.1499,2.038,1.9259,1.8138,1.7016,1.5893,1.477,1.3645,1.252,1.2164,1.3161,1.4159,1.516,1.6162,1.7166,1.8172,1.918,2.0191,2.1204,2.2258,2.3326,2.4397,2.5471,2.6548,2.7628,2.8712,2.9799,3.089,3.1985,3.3084,3.4184,3.5284,3.6384,3.7485,3.8587,3.9689,4.0792,4.1958,4.2475,4.2492,4.2509,4.2524,4.2538,4.2551,4.2562,4.2572,4.258,4.2586,4.1926,4.1248,4.057,3.989,3.9211,3.853,3.7849,3.7167,3.6484,3.5593,3.4359,3.3124,3.189,3.0656,2.9423,2.8189,2.6957,2.5724,2.4492,2.4388,2.461,2.4831,2.505,2.5267,2.5482,2.5696,2.5907,2.6116,2.6251,2.6033,2.5812,2.5589,2.5363,2.5134,2.4902,2.4668,2.443,2.419,2.3809,2.3319,2.2825,2.2328,2.1827,2.1322,2.0813
10.8432,10.8991,10.9551,11.0114,11.0678,11.1245,11.1814,11.2385,11.2883,11.2898,11.2917,11.2939,11.2964,11.2991,11.3022,11.3055,11.3091,11.3129,11.3069,11.2924,11.2782,11.2644,11.2508,11.2376,11.2246,11.2118,11.1993,11.187,11.0326,10.8685,10.7042,10.5398,10.3753,10.2107,10.046,9.8812,9.7164,9.5502,9.3815,9.2128,9.044,8.8752,8.7062,8.5372,8.3682,8.199,8.0299,7.8494,7.665,7.4805,7.296,7.1114,6.9268,6.7421,6.5575,6.3728,6.1764,5.9116,5.6468,5.382,5.1172,4.8525,4.5877,4.3231,4.0584,3.7938,3.5883,3.4317,3.2752,3.1189,2.9627,2.8067,2.6509,2.4954,2.34,2.1849,2.0839,1.9861,1.8887,1.7916,1.695,1.5987,1.5029,1.4076,1.3128,1.2923,1.4079,1.5238,1.64,1.7564,1.8732,1.9903,2.1077,2.2255,2.3436,2.4626,2.582,2.7016,2.8214,2.9414,3.0616,3.1819,3.3025,3.4232,3.5432,3.6579,3.7725,3.8872,4.0019,4.1165,4.2311,4.3457,4.4602,4.5747,4.6235,4.6193,4.615,4.6106,4.6061,4.6014,4.5966,4.5917,4.5866,4.5813,4.5132,4.4419,4.3706,4.2992,4.2277,4.1562,4.0845,4.0129,3.9411,3.8508,3.7262,3.6016,3.4771,3.3526,3.2281,3.1037,2.9793,2.8549,2.7306,2.7124,2.7303,2.748,2.7655,2.7828,2.8,2.817,2.8337,2.8503,2.8607,2.8338,2.8066,2.7792,2.7515,2.7235,2.6953,2.6667,2.6379,2.6088,2.566,2.5111,2.4559,2.4003,2.3442,2.2878,2.2311
10.9522,11.0027,11.0533,11.1042,11.1553,11.2065,11.258,11.3097,11.3525,11.3439,11.3357,11.3277,11.32,11.3126,11.3055,11.2987,11.2921,11.2858,11.2667,11.2371,11.2079,11.179,11.1504,11.1221,11.094,11.0662,11.0386,11.0113,10.8577,10.6967,10.5356,10.3744,10.2131,10.0517,9.8901,9.7285,9.5668,9.4038,9.2384,9.0729,8.9073,8.7417,8.576,8.4102,8.2443,8.0784,7.9125,7.7352,7.5541,7.3729,7.1917,7.0104,6.8291,6.6477,6.4664,6.2849,6.0929,5.8374,5.5819,5.3264,5.0709,4.8155,4.5601,4.3047,4.0494,3.7941,3.6002,3.4579,3.3157,3.1737,3.0318,2.8902,2.7487,2.6074,2.4663,2.3255,2.2433,2.165,2.0871,2.0095,1.9324,1.8556,1.7793,1.7035,1.6281,1.6209,1.7443,1.868,1.992,2.1162,2.2408,2.3656,2.4908,2.6163,2.7422,2.8645,2.9857,3.1071,3.2286,3.3504,3.4723,3.5944,3.7168,3.8393,3.9603,4.0707,4.1812,4.2916,4.402,4.5124,4.6228,4.7332,4.8435,4.9537,4.9997,4.9897,4.9795,4.9691,4.9587,4.9481,4.9373,4.9264,4.9154,4.9042,4.834,4.7592,4.6844,4.6095,4.5345,4.4595,4.3844,4.3092,4.2339,4.1423,4.0166,3.8909,3.7652,3.6396,3.5141,3.3885,3.263,3.1376,3.0121,2.9862,2.9998,3.0131,3.0263,3.0393,3.0521,3.0647,3.0771,3.0893,3.0966,3.0646,3.0324,2.9999,2.9671,2.934,2.9007,2.867,2.8331,2.7989,2.7516,2.6908,2.6297,2.5681,2.5062,2.444,2.3813
11.0611,11.1061,11.1513,11.1968,11.2425,11.2884,11.3345,11.3808,11.4165,11.3978,11.3793,11.3612,11.3434,11.3258,11.3086,11.2916,11.2749,11.2584,11.2261,11.1815,11.1372,11.0933,11.0496,11.0062,10.9631,10.9203,10.8776,10.8352,10.6828,10.525,10.3671,10.209,10.0509,9.8927,9.7343,9.5759,9.4174,9.2575,9.0953,8.933,8.7707,8.6082,8.4457,8.2832,8.1205,7.9578,7.7951,7.6211,7.4432,7.2653,7.0874,6.9094,6.7314,6.5533,6.3753,6.1971,6.0093,5.7631,5.5169,5.2707,5.0246,4.7784,4.5323,4.2863,4.0403,3.7943,3.612,3.484,3.3561,3.2284,3.1008,2.9734,2.8462,2.7192,2.5925,2.466,2.4025,2.3436,2.2852,2.2271,2.1694,2.1121,2.0553,1.999,1.9431,1.9494,2.0806,2.212,2.3438,2.4758,2.6081,2.7408,2.8737,3.007,3.1406,3.2664,3.3894,3.5125,3.6358,3.7593,3.883,4.0069,4.131,4.2552,4.3775,4.4837,4.5899,4.6962,4.8023,4.9085,5.0147,5.1208,5.2269,5.333,5.3762,5.3602,5.3441,5.3279,5.3115,5.295,5.2783,5.2615,5.2445,5.2274,5.1549,5.0766,4.9983,4.9199,4.8415,4.7629,4.6844,4.6057,4.5269,4.4338,4.307,4.1802,4.0535,3.9268,3.8001,3.6734,3.5468,3.4202,3.2937,3.2604,3.2695,3.2785,3.2873,3.2959,3.3044,3.3126,3.3207,3.3285,3.3329,3.2958,3.2585,3.2209,3.183,3.1448,3.1064,3.0677,3.0287,2.9894,2.9375,2.8709,2.8039,2.7365,2.6687,2.6005,2.532
11.1697,11.2093,11.2492,11.2893,11.3296,11.3701,11.4108,11.4517,11.4802,11.4513,11.4227,11.3945,11.3665,11.3388,11.3114,11.2843,11.2574,11.2307,11.1852,11.1256,11.0662,11.0072,10.9485,10.8901,10.832,10.7741,10.7164,10.6589,10.508,10.3534,10.1986,10.0437,9.8888,9.7337,9.5785,9.4233,9.2679,9.1113,8.9523,8.7932,8.634,8.4748,8.3155,8.1562,7.9967,7.8372,7.6777,7.5069,7.3324,7.1578,6.9831,6.8084,6.6337,6.4589,6.2842,6.1093,5.9257,5.6888,5.4519,5.215,4.9782,4.7414,4.5046,4.2678,4.0311,3.7945,3.6236,3.5099,3.3963,3.2829,3.1696,3.0565,2.9436,2.8309,2.7184,2.6062,2.5613,2.522,2.483,2.4443,2.4061,2.3683,2.331,2.2941,2.2576,2.2778,2.4167,2.5559,2.6954,2.8352,2.9753,3.1157,3.2564,3.3975,3.5389,3.6683,3.793,3.9179,4.043,4.1682,4.2937,4.4193,4.5451,4.6712,4.7949,4.8969,4.9989,5.1009,5.2028,5.3048,5.4067,5.5086,5.6105,5.7123,5.753,5.7311,5.709,5.6868,5.6645,5.6421,5.6195,5.5968,5.5739,5.5509,5.476,5.3942,5.3124,5.2306,5.1486,5.0666,4.9845,4.9024,4.8201,4.7254,4.5975,4.4696,4.3417,4.2139,4.0861,3.9584,3.8307,3.703,3.5753,3.5347,3.5395,3.5442,3.5486,3.5529,3.557,3.5609,3.5646,3.5681,3.5695,3.5273,3.4849,3.4422,3.3993,3.356,3.3125,3.2687,3.2246,3.1802,3.1239,3.0514,2.9785,2.9052,2.8316,2.7575,2.6831
11.2781,11.3124,11.3468,11.3815,11.4165,11.4516,11.4869,11.5224,11.5436,11.5045,11.4658,11.4274,11.3893,11.3515,11.3139,11.2767,11.2396,11.2029,11.1439,11.0693,10.9949,10.9209,10.8471,10.7737,10.7005,10.6276,10.5549,10.4824,10.3332,10.1818,10.0302,9.8785,9.7267,9.5748,9.4228,9.2707,9.1185,8.965,8.8092,8.6534,8.4974,8.3414,8.1853,8.0292,7.873,7.7167,7.5603,7.3928,7.2215,7.0502,6.8789,6.7075,6.536,6.3646,6.193,6.0215,5.842,5.6145,5.3869,5.1593,4.9318,4.7042,4.4767,4.2493,4.0219,3.7945,3.6352,3.5357,3.4364,3.3372,3.2382,3.1394,3.0408,2.9424,2.8442,2.7462,2.7199,2.7,2.6804,2.6613,2.6425,2.6241,2.6062,2.5888,2.5718,2.6059,2.7526,2.8996,3.0469,3.1944,3.3423,3.4904,3.6389,3.7877,3.9369,4.0701,4.1966,4.3232,4.45,4.5771,4.7043,4.8317,4.9592,5.087,5.2124,5.3101,5.4079,5.5057,5.6035,5.7012,5.7989,5.8966,5.9942,6.0919,6.13,6.1021,6.0742,6.0461,6.0178,5.9895,5.961,5.9324,5.9036,5.8746,5.7973,5.712,5.6267,5.5414,5.4559,5.3704,5.2849,5.1992,5.1135,5.0171,4.888,4.7591,4.6301,4.5012,4.3723,4.2434,4.1146,3.9858,3.857,3.8094,3.8098,3.8101,3.8102,3.8101,3.8098,3.8094,3.8087,3.8079,3.8064,3.7592,3.7117,3.6639,3.6159,3.5676,3.519,3.4701,3.4209,3.3715,3.3107,3.2323,3.1536,3.0744,2.9949,2.915,2.8346
11.3863,11.4152,11.4443,11.4736,11.5032,11.5329,11.5628,11.593,11.6066,11.5574,11.5086,11.4601,11.4118,11.3639,11.3162,11.2688,11.2216,11.1747,11.1023,11.0126,10.9232,10.8342,10.7454,10.657,10.5687,10.4808,10.393,10.3055,10.1585,10.0102,9.8618,9.7133,9.5646,9.4159,9.2671,9.1182,8.9692,8.8188,8.6663,8.5136,8.3609,8.208,8.0552,7.9022,7.7492,7.5961,7.443,7.2787,7.1107,6.9427,6.7746,6.6065,6.4384,6.2702,6.1019,5.9337,5.7584,5.5401,5.3218,5.1035,4.8853,4.6671,4.4488,4.2307,4.0126,3.7945,3.6466,3.5614,3.4763,3.3915,3.3067,3.2222,3.1378,3.0537,2.9698,2.8861,2.8782,2.8777,2.8776,2.8778,2.8785,2.8796,2.8811,2.8831,2.8856,2.934,3.0884,3.2431,3.3981,3.5535,3.7091,3.865,4.0212,4.1778,4.3347,4.4719,4.6001,4.7285,4.8571,4.9858,5.1148,5.244,5.3733,5.5028,5.63,5.7236,5.8171,5.9107,6.0042,6.0978,6.1913,6.2847,6.3782,6.4716,6.5072,6.4734,6.4395,6.4055,6.3714,6.3371,6.3027,6.2682,6.2335,6.1986,6.1187,6.03,5.9412,5.8523,5.7634,5.6744,5.5854,5.4962,5.407,5.3088,5.1787,5.0486,4.9185,4.7885,4.6585,4.5285,4.3985,4.2686,4.1387,4.0843,4.0804,4.0763,4.072,4.0676,4.063,4.0582,4.0532,4.048,4.0426,3.9914,3.9388,3.8859,3.8328,3.7794,3.7258,3.6718,3.6176,3.563,3.498,3.4137,3.329,3.244,3.1586,3.0728,2.9867
11.4944,11.5179,11.5416,11.5656,11.5897,11.6141,11.6386,11.6634,11.6694,11.6101,11.5511,11.4924,11.4341,11.376,11.3182,11.2607,11.2034,11.1464,11.0603,10.9556,10.8512,10.7472,10.6434,10.5399,10.4367,10.3337,10.231,10.1284,9.9839,9.8387,9.6935,9.5481,9.4026,9.2571,9.1114,8.9657,8.8198,8.6727,8.5233,8.3738,8.2243,8.0747,7.925,7.7753,7.6255,7.4756,7.3257,7.1646,6.9999,6.8352,6.6704,6.5055,6.3407,6.1758,6.0108,5.8459,5.6747,5.4657,5.2567,5.0477,4.8388,4.6298,4.4209,4.212,4.0032,3.7945,3.6579,3.5869,3.5162,3.4455,3.3751,3.3048,3.2347,3.1648,3.0951,3.0257,3.0362,3.0551,3.0744,3.0941,3.1142,3.1347,3.1557,3.1771,3.199,3.2618,3.424,3.5865,3.7492,3.9123,4.0757,4.2393,4.4033,4.5676,4.7323,4.8736,5.0035,5.1337,5.264,5.3946,5.5253,5.6562,5.7873,5.9186,6.0478,6.1371,6.2265,6.3158,6.4052,6.4945,6.5838,6.673,6.7623,6.8514,6.8846,6.845,6.8052,6.7653,6.7252,6.6851,6.6447,6.6043,6.5637,6.5229,6.4403,6.3481,6.2558,6.1635,6.0711,5.9786,5.8861,5.7935,5.7008,5.6006,5.4693,5.3381,5.207,5.0758,4.9447,4.8136,4.6826,4.5516,4.4206,4.3594,4.3512,4.3428,4.3341,4.3254,4.3164,4.3072,4.2979,4.2883,4.2786,4.2239,4.1662,4.1083,4.0501,3.9917,3.9329,3.8739,3.8146,3.755,3.6856,3.5955,3.505,3.4141,3.3228,3.2312,3.1391
11.6022,11.6204,11.6387,11.6573,11.6761,11.695,11.7142,11.7336,11.7318,11.6624,11.5933,11.5245,11.4561,11.3879,11.32,11.2523,11.1849,11.1178,11.018,10.8983,10.7789,10.6598,10.5411,10.4226,10.3043,10.1864,10.0686,9.9511,9.8093,9.6673,9.5252,9.383,9.2407,9.0983,8.9558,8.8132,8.6706,8.5265,8.3804,8.2341,8.0878,7.9414,7.7949,7.6484,7.5018,7.3551,7.2084,7.0505,6.8891,6.7276,6.5661,6.4046,6.243,6.0814,5.9197,5.758,5.591,5.3913,5.1916,4.9919,4.7922,4.5926,4.3929,4.1933,3.9938,3.7943,3.669,3.6124,3.5558,3.4995,3.4432,3.3872,3.3314,3.2757,3.2203,3.1651,3.1938,3.2322,3.2709,3.31,3.3495,3.3895,3.4298,3.4706,3.5119,3.5895,3.7594,3.9297,4.1002,4.271,4.4421,4.6135,4.7852,4.9573,5.1297,5.2752,5.407,5.5389,5.671,5.8032,5.9357,6.0684,6.2012,6.3343,6.4657,6.5509,6.636,6.7211,6.8063,6.8914,6.9764,7.0615,7.1465,7.2315,7.2623,7.2167,7.1711,7.1252,7.0793,7.0332,6.987,6.9407,6.8941,6.8475,6.762,6.6663,6.5706,6.4748,6.3789,6.283,6.187,6.0909,5.9947,5.8924,5.7601,5.6278,5.4955,5.3632,5.231,5.0988,4.9667,4.8346,4.7025,4.6349,4.6223,4.6095,4.5965,4.5834,4.5701,4.5566,4.5429,4.529,4.5149,4.4567,4.394,4.331,4.2678,4.2042,4.1404,4.0763,4.012,3.9473,3.8737,3.7777,3.6813,3.5846,3.4874,3.3899,3.292
11.7099,11.7227,11.7356,11.7488,11.7622,11.7759,11.7897,11.8037,11.7939,11.7144,11.6352,11.5564,11.4778,11.3995,11.3214,11.2437,11.1662,11.0889,10.9753,10.8406,10.7062,10.5722,10.4384,10.3049,10.1717,10.0387,9.906,9.7734,9.6347,9.4959,9.357,9.2179,9.0788,8.9396,8.8002,8.6608,8.5213,8.3804,8.2375,8.0944,7.9513,7.8081,7.6648,7.5215,7.3781,7.2346,7.0911,6.9365,6.7783,6.6201,6.4619,6.3036,6.1453,5.987,5.8286,5.6702,5.5074,5.3169,5.1265,4.9361,4.7456,4.5552,4.3649,4.1746,3.9843,3.7941,3.6801,3.6377,3.5954,3.5532,3.5113,3.4695,3.4279,3.3865,3.3453,3.3043,3.3513,3.409,3.4671,3.5256,3.5846,3.6439,3.7036,3.7638,3.8245,3.917,4.0947,4.2727,4.4509,4.6295,4.8083,4.9875,5.1669,5.3467,5.5269,5.6768,5.8103,5.944,6.0778,6.2119,6.3461,6.4805,6.6151,6.7499,6.8838,6.9647,7.0457,7.1266,7.2075,7.2884,7.3693,7.4501,7.5309,7.6117,7.6402,7.5888,7.5372,7.4855,7.4336,7.3817,7.3295,7.2773,7.2249,7.1723,7.0839,6.9848,6.8856,6.7863,6.6869,6.5875,6.488,6.3884,6.2888,6.1843,6.0509,5.9174,5.7841,5.6507,5.5174,5.3841,5.2508,5.1176,4.9844,4.9105,4.8936,4.8765,4.8592,4.8417,4.824,4.8062,4.7882,4.7699,4.7515,4.6899,4.6221,4.5541,4.4858,4.4172,4.3483,4.2791,4.2097,4.14,4.0622,3.9604,3.8581,3.7555,3.6525,3.5491,3.4454
11.8174,11.8248,11.8324,11.8402,11.8483,11.8565,11.8649,11.8736,11.8558,11.7662,11.6769,11.5879,11.4992,11.4108,11.3226,11.2348,11.1472,11.0598,10.9323,10.7826,10.6332,10.4842,10.3354,10.187,10.0388,9.8908,9.7431,9.5958,9.4602,9.3245,9.1888,9.0529,8.9169,8.7809,8.6447,8.5084,8.3721,8.2344,8.0946,7.9548,7.8148,7.6748,7.5347,7.3946,7.2544,7.1141,6.9738,6.8224,6.6675,6.5126,6.3577,6.2027,6.0477,5.8926,5.7375,5.5824,5.4237,5.2425,5.0613,4.8802,4.699,4.5179,4.3368,4.1557,3.9747,3.7938,3.691,3.6628,3.6348,3.6069,3.5791,3.5516,3.5242,3.497,3.4701,3.4434,3.5084,3.5855,3.663,3.7409,3.8192,3.8979,3.9771,4.0567,4.1367,4.2444,4.4298,4.6155,4.8015,4.9878,5.1744,5.3612,5.5484,5.736,5.9238,6.0784,6.2136,6.3491,6.4847,6.6204,6.7564,6.8926,7.0289,7.1655,7.302,7.3787,7.4555,7.5322,7.6089,7.6856,7.7622,7.8389,7.9155,7.9921,8.0184,7.961,7.9035,7.8459,7.7882,7.7303,7.6723,7.6142,7.5559,7.4974,7.406,7.3034,7.2007,7.0979,6.9951,6.8922,6.7892,6.6862,6.5831,6.4763,6.3417,6.2072,6.0727,5.9382,5.8038,5.6694,5.5351,5.4007,5.2664,5.1865,5.1652,5.1437,5.1221,5.1003,5.0783,5.0561,5.0337,5.0111,4.9884,4.9235,4.8506,4.7775,4.7041,4.6304,4.5565,4.4823,4.4078,4.333,4.2512,4.1434,4.0353,3.9269,3.818,3.7088,3.5992
11.9246,11.9267,11.9289,11.9314,11.9341,11.937,11.94,11.9433,11.9173,11.8176,11.7182,11.6191,11.5203,11.4218,11.3236,11.2256,11.1279,11.0304,10.8889,10.7242,10.5599,10.3959,10.2322,10.0687,9.9055,9.7426,9.5799,9.4182,9.2858,9.1533,9.0206,8.8879,8.7551,8.6222,8.4892,8.3561,8.2229,8.0884,7.9518,7.8151,7.6784,7.5416,7.4047,7.2677,7.1307,6.9937,6.8565,6.7084,6.5568,6.4052,6.2535,6.1018,5.95,5.7982,5.6464,5.4945,5.3399,5.168,4.9961,4.8242,4.6523,4.4805,4.3086,4.1369,3.9651,3.7935,3.7018,3.6879,3.674,3.6604,3.6468,3.6335,3.6203,3.6074,3.5947,3.5822,3.6652,3.7617,3.8586,3.9559,4.0535,4.1516,4.2501,4.3491,4.4486,4.5716,4.7648,4.9582,5.1519,5.3459,5.5402,5.7348,5.9298,6.125,6.3206,6.4799,6.6169,6.7541,6.8914,7.029,7.1667,7.3046,7.4427,7.581,7.7195,7.7929,7.8654,7.9379,8.0104,8.0829,8.1554,8.2278,8.3002,8.3726,8.3968,8.3335,8.2702,8.2067,8.143,8.0793,8.0154,7.9513,7.8871,7.8228,7.7283,7.6222,7.516,7.4098,7.3035,7.1971,7.0906,6.9841,6.8775,6.7683,6.6326,6.497,6.3614,6.2258,6.0903,5.9548,5.8194,5.6839,5.5485,5.4626,5.437,5.4112,5.3853,5.3591,5.3328,5.3063,5.2795,5.2526,5.2255,5.1573,5.0794,5.0012,4.9228,4.8441,4.7651,4.6858,4.6062,4.5264,4.4405,4.3269,4.213,4.0987,3.984,3.8689,3.7534
12.0317,12.0284,12.0253,12.0224,12.0197,12.0173,12.015,12.0129,11.9785,11.8687,11.7592,11.6501,11.5412,11.4326,11.3243,11.2162,11.1084,11.0008,10.8451,10.6655,10.4862,10.3073,10.1286,9.9502,9.772,9.5941,9.4165,9.2406,9.1114,8.982,8.8526,8.723,8.5934,8.4636,8.3337,8.2038,8.0738,7.9424,7.809,7.6755,7.542,7.4084,7.2747,7.1409,7.0071,6.8732,6.7393,6.5943,6.446,6.2977,6.1493,6.0008,5.8524,5.7038,5.5553,5.4067,5.2562,5.0936,4.9309,4.7683,4.6056,4.443,4.2805,4.1179,3.9554,3.793,3.7125,3.7128,3.7132,3.7137,3.7144,3.7153,3.7163,3.7176,3.7191,3.7208,3.8217,3.9376,4.0539,4.1705,4.2875,4.405,4.5228,4.6412,4.76,4.8987,5.0995,5.3007,5.5021,5.7038,5.9059,6.1082,6.3109,6.5138,6.7172,6.8814,7.0201,7.159,7.2981,7.4374,7.5769,7.7166,7.8564,7.9965,8.1367,8.2072,8.2755,8.3438,8.4121,8.4804,8.5487,8.6169,8.6851,8.7533,8.7754,8.7063,8.637,8.5676,8.4981,8.4285,8.3587,8.2887,8.2186,8.1484,8.0507,7.9411,7.8314,7.7217,7.612,7.5021,7.3922,7.2822,7.1722,7.0604,6.9236,6.7869,6.6502,6.5135,6.3769,6.2403,6.1037,5.9672,5.8307,5.7391,5.7091,5.679,5.6487,5.6182,5.5875,5.5567,5.5257,5.4944,5.463,5.3915,5.3085,5.2253,5.1418,5.058,4.974,4.8896,4.805,4.7201,4.6303,4.5108,4.391,4.2709,4.1503,4.0294,3.9081
12.1386,12.13,12.1215,12.1133,12.1052,12.0974,12.0897,12.0823,12.0394,11.9196,11.8,11.6807,11.5618,11.4431,11.3247,11.2065,11.0887,10.971,10.8011,10.6065,10.4122,10.2183,10.0247,9.8313,9.6382,9.4453,9.2527,9.0631,8.937,8.8108,8.6845,8.5581,8.4316,8.305,8.1783,8.0515,7.9247,7.7964,7.6662,7.5359,7.4056,7.2752,7.1447,7.0141,6.8835,6.7528,6.6221,6.4803,6.3353,6.1902,6.0451,5.8999,5.7547,5.6095,5.4642,5.3189,5.1724,5.0191,4.8657,4.7123,4.5589,4.4055,4.2522,4.0989,3.9457,3.7925,3.7231,3.7376,3.7522,3.7669,3.7818,3.7969,3.8121,3.8276,3.8433,3.8592,3.978,4.1132,4.2488,4.3848,4.5212,4.658,4.7952,4.9329,5.071,5.2255,5.4341,5.643,5.8522,6.0616,6.2714,6.4814,6.6918,6.9025,7.1135,7.2828,7.4233,7.564,7.7048,7.8458,7.9871,8.1285,8.2701,8.4119,8.5539,8.6216,8.6857,8.7498,8.814,8.8781,8.9421,9.0062,9.0702,9.1342,9.1543,9.0793,9.0041,8.9288,8.8534,8.7779,8.7022,8.6264,8.5504,8.4743,8.3732,8.2602,8.1471,8.0339,7.9207,7.8074,7.694,7.5805,7.467,7.3525,7.2146,7.0768,6.939,6.8012,6.6635,6.5258,6.3881,6.2505,6.1129,6.0158,5.9815,5.947,5.9124,5.8776,5.8422,5.8053,5.7685,5.7316,5.6947,5.6195,5.5314,5.4434,5.3556,5.2679,5.1804,5.093,5.0057,4.9186,4.8283,4.7091,4.5903,4.4719,4.3539,4.2364,4.1193
12.2448,12.2313,12.2175,12.2039,12.1905,12.1773,12.1643,12.1516,12.1001,11.9701,11.8405,11.7111,11.5821,11.4533,11.3248,11.1966,11.0687,10.9409,10.7566,10.5471,10.3379,10.129,9.9204,9.7121,9.5041,9.2963,9.0887,8.8857,8.7627,8.6397,8.5166,8.3933,8.27,8.1465,8.023,7.8993,7.7756,7.6505,7.5235,7.3964,7.2692,7.142,7.0147,6.8873,6.7599,6.6324,6.5048,6.3663,6.2246,6.0827,5.9409,5.799,5.657,5.5151,5.3731,5.231,5.0887,4.9445,4.8004,4.6562,4.5121,4.368,4.2239,4.0799,3.9359,3.792,3.7336,3.7622,3.791,3.8199,3.849,3.8783,3.9078,3.9374,3.9673,3.9974,4.134,4.2885,4.4435,4.5988,4.7545,4.9106,5.0672,5.2242,5.3817,5.5523,5.7686,5.9852,6.202,6.4192,6.6367,6.8544,7.0725,7.2909,7.5097,7.6842,7.8264,7.9688,8.1114,8.2542,8.3972,8.5403,8.6837,8.8272,8.971,9.0362,9.0961,9.1555,9.2129,9.2702,9.3274,9.3844,9.4412,9.4979,9.5131,9.4299,9.3467,9.2635,9.1803,9.0971,9.0139,8.9307,8.8475,8.7643,8.6585,8.5407,8.423,8.3053,8.1876,8.07,7.9525,7.8351,7.7177,7.6001,7.4595,7.3188,7.1783,7.0377,6.8972,6.7568,6.6164,6.476,6.3357,6.2324,6.1942,6.1561,6.1179,6.0797,6.0415,6.0032,5.9649,5.9266,5.8883,5.8151,5.7281,5.6411,5.5544,5.4677,5.3812,5.2949,5.2086,5.1226,5.0348,4.9203,4.8063,4.6927,4.5795,4.4668,4.3544
12.2507,12.2259,12.2015,12.1776,12.154,12.1309,12.1082,12.0858,12.0256,11.8935,11.7614,11.6294,11.4975,11.3656,11.2338,11.1021,10.9704,10.8387,10.6473,10.4307,10.2141,9.9977,9.7813,9.5649,9.3487,9.1324,8.9163,8.7057,8.5826,8.4594,8.3363,8.2131,8.0898,7.9666,7.8433,7.7199,7.5966,7.4719,7.3454,7.2188,7.0923,6.9656,6.8389,6.7122,6.5854,6.4585,6.3316,6.192,6.0487,5.9054,5.7621,5.6186,5.4751,5.3315,5.1878,5.0441,4.9016,4.7677,4.6339,4.4999,4.366,4.232,4.0979,3.9639,3.8299,3.6959,3.6471,3.6861,3.7251,3.7642,3.8033,3.8425,3.8817,3.9211,3.9604,3.9999,4.1577,4.3369,4.5164,4.6965,4.8771,5.0583,5.24,5.4223,5.6053,5.7971,6.0201,6.2434,6.467,6.6908,6.9149,7.1392,7.3639,7.5888,7.8141,7.9919,8.1331,8.2743,8.4157,8.5571,8.6987,8.8404,8.9822,9.124,9.266,9.3246,9.3759,9.427,9.478,9.5289,9.5796,9.6301,9.6805,9.7307,9.7436,9.6588,9.574,9.4893,9.4045,9.3198,9.2351,9.1503,9.0656,8.9809,8.8751,8.7571,8.639,8.5211,8.4032,8.2853,8.1675,8.0498,7.9321,7.8145,7.6738,7.5326,7.3916,7.2505,7.1096,6.9686,6.8277,6.6868,6.546,6.4389,6.3993,6.3597,6.3201,6.2805,6.2409,6.2012,6.1615,6.1218,6.082,6.0107,5.9247,5.8388,5.7531,5.6675,5.582,5.4967,5.4115,5.3265,5.2409,5.1312,5.022,4.9131,4.8047,4.6968,4.5892
12.2562,12.2187,12.1817,12.1452,12.109,12.0733,12.0379,12.0029,11.9317,11.796,11.6604,11.5248,11.3893,11.2539,11.1185,10.9832,10.8479,10.7127,10.5153,10.293,10.0709,9.8488,9.6268,9.4049,9.183,8.9612,8.7394,8.5243,8.399,8.2738,8.1485,8.0231,7.8978,7.7724,7.647,7.5215,7.396,7.2692,7.1407,7.0122,6.8835,6.7549,6.6261,6.4974,6.3685,6.2396,6.1107,5.9659,5.8167,5.6673,5.5179,5.3685,5.219,5.0694,4.9197,4.7699,4.6237,4.5015,4.3793,4.257,4.1346,4.0123,3.8899,3.7675,3.6451,3.5228,3.4834,3.5312,3.5789,3.6267,3.6746,3.7225,3.7704,3.8185,3.8666,3.9148,4.0985,4.308,4.5179,4.7282,4.9391,5.1506,5.3626,5.5753,5.7886,6.0058,6.237,6.4684,6.7,6.9319,7.1641,7.3966,7.6293,7.8624,8.0957,8.2785,8.4199,8.5614,8.7031,8.8448,8.9866,9.1286,9.2706,9.4128,9.555,9.6093,9.6541,9.6988,9.7433,9.7877,9.832,9.876,9.92,9.9637,9.9741,9.8878,9.8015,9.7152,9.6289,9.5426,9.4563,9.37,9.2838,9.1975,9.0918,8.9734,8.8551,8.7369,8.6187,8.5006,8.3826,8.2645,8.1466,8.0287,7.8881,7.7465,7.6049,7.4634,7.3219,7.1804,7.039,6.8977,6.7563,6.6455,6.6045,6.5635,6.5225,6.4814,6.4403,6.3992,6.3581,6.317,6.2758,6.2062,6.1212,6.0364,5.9517,5.8671,5.7827,5.6985,5.6143,5.5303,5.4465,5.3417,5.2373,5.1332,5.0296,4.9264,4.8236
12.2612,12.2111,12.1615,12.1124,12.0636,12.0152,11.9672,11.9196,11.8377,11.6984,11.5592,11.4201,11.281,11.142,11.0031,10.8642,10.7254,10.5866,10.3831,10.1552,9.9275,9.6998,9.4722,9.2447,9.0172,8.7898,8.5624,8.3428,8.2154,8.088,7.9606,7.8332,7.7057,7.5782,7.4507,7.3231,7.1955,7.0666,6.936,6.8054,6.6748,6.5441,6.4133,6.2825,6.1517,6.0208,5.8898,5.7399,5.5846,5.4292,5.2738,5.1184,4.9628,4.8072,4.6515,4.4957,4.3458,4.2352,4.1246,4.0139,3.9032,3.7925,3.6818,3.571,3.4603,3.3495,3.3197,3.3762,3.4327,3.4892,3.5457,3.6024,3.659,3.7158,3.7726,3.8295,4.0389,4.2786,4.5188,4.7594,5.0006,5.2424,5.4847,5.7276,5.9712,6.2145,6.4537,6.6932,6.9329,7.1729,7.4132,7.6537,7.8946,8.1357,8.3771,8.565,8.7067,8.8485,8.9904,9.1324,9.2745,9.4168,9.5591,9.7015,9.844,9.8942,9.9326,9.9708,10.0089,10.0468,10.0846,10.1222,10.1597,10.197,10.2046,10.1168,10.0289,9.9411,9.8533,9.7655,9.6776,9.5898,9.502,9.4142,9.3084,9.1898,9.0712,8.9527,8.8343,8.7159,8.5976,8.4793,8.3611,8.2429,8.1025,7.9604,7.8183,7.6763,7.5343,7.3923,7.2504,7.1085,6.9667,6.8521,6.8097,6.7673,6.7249,6.6824,6.6399,6.5974,6.5549,6.5123,6.4697,6.4016,6.3177,6.2339,6.1503,6.0667,5.9834,5.9002,5.8171,5.7341,5.6513,5.5519,5.4522,5.3529,5.2541,5.1557,5.0577
12.2657,12.2031,12.1409,12.0791,12.0178,11.9568,11.8962,11.836,11.7436,11.6008,11.458,11.3153,11.1727,11.0301,10.8876,10.7452,10.6028,10.4604,10.2508,10.0173,9.784,9.5507,9.3175,9.0844,8.8513,8.6183,8.3853,8.1613,8.0318,7.9023,7.7728,7.6432,7.5136,7.384,7.2543,7.1246,6.9949,6.8639,6.7313,6.5987,6.466,6.3333,6.2005,6.0677,5.9348,5.8019,5.6689,5.5138,5.3525,5.1911,5.0297,4.8682,4.7067,4.545,4.3833,4.2215,4.0679,3.9689,3.8699,3.7709,3.6718,3.5727,3.4736,3.3744,3.2753,3.1762,3.156,3.2211,3.2863,3.3515,3.4168,3.4821,3.5475,3.613,3.6785,3.7441,3.9788,4.2487,4.5192,4.7901,5.0616,5.3336,5.6062,5.8794,6.1533,6.4229,6.6702,6.9178,7.1656,7.4137,7.6621,7.9107,8.1596,8.4088,8.6583,8.8516,8.9936,9.1356,9.2778,9.4201,9.5624,9.7049,9.8475,9.9902,10.133,10.1794,10.2113,10.243,10.2747,10.3062,10.3375,10.3687,10.3997,10.4305,10.4353,10.3459,10.2565,10.1671,10.0777,9.9884,9.899,9.8097,9.7203,9.631,9.5251,9.4062,9.2874,9.1686,9.0499,8.9312,8.8126,8.6941,8.5756,8.4572,8.3169,8.1743,8.0317,7.8892,7.7467,7.6042,7.4618,7.3195,7.1771,7.0589,7.0151,6.9712,6.9274,6.8835,6.8396,6.7956,6.7517,6.7077,6.6637,6.5969,6.5141,6.4313,6.3487,6.2663,6.184,6.1018,6.0197,5.9378,5.856,5.7618,5.6668,5.5723,5.4782,5.3846,5.2913
12.2699,12.1946,12.1198,12.0455,11.9715,11.8979,11.8248,11.752,11.6494,11.503,11.3567,11.2104,11.0642,10.9181,10.772,10.626,10.48,10.3341,10.1183,9.8793,9.6404,9.4015,9.1627,8.924,8.6853,8.4467,8.2082,7.9798,7.8482,7.7165,7.5849,7.4532,7.3215,7.1897,7.0579,6.9261,6.7943,6.6612,6.5266,6.3919,6.2573,6.1225,5.9877,5.8529,5.718,5.583,5.448,5.2876,5.1203,4.953,4.7855,4.6181,4.4505,4.2829,4.1151,3.9473,3.7899,3.7026,3.6152,3.5278,3.4403,3.3528,3.2653,3.1778,3.0903,3.0028,2.9921,3.066,3.1399,3.2138,3.2878,3.3618,3.4359,3.5101,3.5843,3.6586,3.9182,4.2184,4.5191,4.8203,5.122,5.4243,5.7271,6.0306,6.3347,6.6312,6.8866,7.1422,7.3981,7.6543,7.9107,8.1675,8.4244,8.6817,8.9393,9.1381,9.2804,9.4227,9.5651,9.7077,9.8503,9.9931,10.136,10.2789,10.422,10.4648,10.4902,10.5155,10.5407,10.5657,10.5906,10.6153,10.6399,10.6643,10.666,10.575,10.4841,10.3932,10.3023,10.2114,10.1205,10.0296,9.9387,9.8478,9.7418,9.6226,9.5035,9.3845,9.2655,9.1466,9.0277,8.9089,8.7901,8.6714,8.5313,8.3882,8.2451,8.1021,7.9591,7.8162,7.6732,7.5304,7.3876,7.2657,7.2205,7.1752,7.1299,7.0846,7.0393,6.994,6.9486,6.9032,6.8578,6.7922,6.7104,6.6287,6.5472,6.4657,6.3845,6.3033,6.2223,6.1414,6.0607,5.9713,5.8811,5.7914,5.702,5.6131,5.5247
12.2735,12.1857,12.0983,12.0114,11.9248,11.8387,11.7529,11.6675,11.5551,11.4051,11.2552,11.1054,10.9556,10.806,10.6563,10.5068,10.3572,10.2078,9.9857,9.7411,9.4966,9.2522,9.0078,8.7635,8.5192,8.275,8.0309,7.7982,7.6645,7.5307,7.3969,7.2631,7.1293,6.9954,6.8615,6.7276,6.5936,6.4585,6.3218,6.1852,6.0485,5.9117,5.7749,5.638,5.5011,5.3641,5.227,5.0615,4.8882,4.7148,4.5414,4.3679,4.1943,4.0207,3.847,3.6731,3.512,3.4363,3.3605,3.2847,3.2088,3.1329,3.057,2.9811,2.9052,2.8293,2.8282,2.9108,2.9934,3.076,3.1587,3.2414,3.3242,3.407,3.49,3.573,3.8572,4.1877,4.5186,4.85,5.182,5.5144,5.8475,6.1812,6.5155,6.8393,7.1028,7.3665,7.6305,7.8947,8.1592,8.424,8.6891,8.9544,9.2201,9.4247,9.5672,9.7098,9.8525,9.9953,10.1382,10.2813,10.4244,10.5676,10.711,10.7503,10.7693,10.7882,10.8069,10.8255,10.844,10.8623,10.8804,10.8983,10.8967,10.8042,10.7118,10.6193,10.5269,10.4345,10.342,10.2496,10.1572,10.0648,9.9584,9.839,9.7197,9.6003,9.4811,9.3619,9.2428,9.1237,9.0047,8.8857,8.7457,8.6021,8.4586,8.315,8.1716,8.0281,7.8847,7.7413,7.598,7.4726,7.426,7.3793,7.3326,7.2859,7.2391,7.1924,7.1456,7.0988,7.0519,6.9874,6.9067,6.826,6.7455,6.6651,6.5849,6.5048,6.4248,6.345,6.2653,6.1804,6.095,6.01,5.9255,5.8413,5.7576
12.2768,12.1764,12.0764,11.9769,11.8778,11.779,11.6807,11.5827,11.4606,11.3071,11.1537,11.0003,10.847,10.6937,10.5406,10.3874,10.2344,10.0813,9.853,9.6028,9.3527,9.1027,8.8527,8.6028,8.353,8.1032,7.8535,7.6166,7.4807,7.3449,7.209,7.0731,6.9371,6.8011,6.6651,6.5291,6.393,6.2557,6.1171,5.9784,5.8397,5.7009,5.562,5.4231,5.2842,5.1452,5.0061,4.8353,4.656,4.4766,4.2972,4.1177,3.9382,3.7585,3.5788,3.399,3.234,3.1699,3.1057,3.0415,2.9772,2.9129,2.8486,2.7843,2.72,2.6557,2.6642,2.7555,2.8468,2.9381,3.0295,3.1209,3.2123,3.3039,3.3955,3.4872,3.7957,4.1564,4.5176,4.8792,5.2413,5.604,5.9673,6.3312,6.6957,7.0472,7.3188,7.5906,7.8626,8.1349,8.4075,8.6804,8.9535,9.2269,9.5007,9.7112,9.854,9.9969,10.1398,10.2829,10.4261,10.5694,10.7128,10.8563,10.9999,11.0361,11.0487,11.0611,11.0734,11.0856,11.0976,11.1094,11.1211,11.1326,11.1275,11.0335,10.9395,10.8455,10.7516,10.6576,10.5636,10.4697,10.3757,10.2817,10.1751,10.0554,9.9358,9.8162,9.6967,9.5773,9.4579,9.3385,9.2192,9.1,8.9602,8.8161,8.672,8.528,8.384,8.2401,8.0962,7.9523,7.8085,7.6797,7.6316,7.5835,7.5354,7.4872,7.4391,7.3909,7.3427,7.2945,7.2462,7.1826,7.1028,7.0232,6.9438,6.8644,6.7852,6.7062,6.6272,6.5485,6.4698,6.3892,6.3086,6.2284,6.1486,6.0692,5.9902
12.2796,12.1666,12.0541,11.942,11.8303,11.719,11.6081,11.4975,11.3661,11.209,11.052,10.8951,10.7382,10.5814,10.4247,10.268,10.1114,9.9548,9.7202,9.4644,9.2087,8.9531,8.6976,8.4421,8.1867,7.9313,7.676,7.4349,7.297,7.159,7.021,6.883,6.7449,6.6068,6.4687,6.3305,6.1923,6.0529,5.9123,5.7716,5.6308,5.49,5.3492,5.2083,5.0673,4.9263,4.7852,4.6091,4.4238,4.2384,4.053,3.8675,3.682,3.4963,3.3106,3.1248,2.956,2.9035,2.8509,2.7983,2.7456,2.6929,2.6401,2.5874,2.5347,2.482,2.5002,2.6001,2.7001,2.8001,2.9001,3.0002,3.1004,3.2006,3.301,3.4014,3.7338,4.1247,4.516,4.9078,5.3002,5.6931,6.0865,6.4806,6.8753,7.255,7.5346,7.8145,8.0946,8.375,8.6556,8.9365,9.2177,9.4992,9.781,9.9977,10.1408,10.2839,10.4272,10.5705,10.714,10.8575,11.0012,11.145,11.2889,11.3222,11.3283,11.3343,11.3401,11.3459,11.3514,11.3568,11.3621,11.3672,11.3584,11.2629,11.1673,11.0718,10.9763,10.8808,10.7853,10.6898,10.5943,10.4988,10.3918,10.2719,10.152,10.0321,9.9124,9.7926,9.673,9.5533,9.4338,9.3143,9.1747,9.0301,8.8855,8.741,8.5965,8.4521,8.3077,8.1634,8.019,7.8867,7.8372,7.7877,7.7382,7.6886,7.6391,7.5895,7.5399,7.4902,7.4405,7.3777,7.299,7.2204,7.142,7.0637,6.9855,6.9075,6.8296,6.7519,6.6743,6.5977,6.5218,6.4463,6.3713,6.2967,6.2225
12.2819,12.1564,12.0313,11.9066,11.7824,11.6585,11.535,11.4119,11.2714,11.1108,10.9503,10.7898,10.6294,10.469,10.3087,10.1485,9.9883,9.8282,9.5872,9.3259,9.0646,8.8034,8.5423,8.2812,8.0202,7.7593,7.4984,7.2533,7.1132,6.9731,6.833,6.6928,6.5526,6.4124,6.2722,6.1319,5.9916,5.8501,5.7075,5.5647,5.422,5.2792,5.1363,4.9934,4.8504,4.7073,4.5642,4.3828,4.1916,4.0002,3.8088,3.6173,3.4258,3.2342,3.0425,2.8507,2.678,2.6371,2.5961,2.555,2.5139,2.4728,2.4316,2.3905,2.3493,2.3082,2.336,2.4447,2.5533,2.662,2.7707,2.8795,2.9884,3.0973,3.2063,3.3154,3.6715,4.0925,4.514,4.936,5.3585,5.7816,6.2052,6.6294,7.0543,7.4626,7.7503,8.0382,8.3264,8.6148,8.9035,9.1925,9.4817,9.7713,10.0611,10.2842,10.4276,10.571,10.7145,10.8581,11.0018,11.1457,11.2896,11.4337,11.5778,11.6084,11.6081,11.6077,11.6071,11.6064,11.6055,11.6045,11.6033,11.602,11.5893,11.4923,11.3952,11.2981,11.2011,11.104,11.007,10.91,10.813,10.7159,10.6086,10.4883,10.3682,10.2481,10.128,10.008,9.8881,9.7682,9.6483,9.5286,9.3892,9.2441,9.0991,8.9541,8.8091,8.6641,8.5193,8.3744,8.2296,8.0939,8.043,7.9921,7.9411,7.8902,7.8392,7.7882,7.7371,7.6861,7.635,7.5727,7.495,7.4175,7.3401,7.2628,7.1857,7.1087,7.0319,6.9552,6.8786,6.8058,6.7347,6.664,6.5937,6.5238,6.4543
12.2838,12.1457,12.0081,11.8709,11.7341,11.5977,11.4616,11.326,11.1767,11.0125,10.8484,10.6844,10.5204,10.3565,10.1927,10.0289,9.8652,9.7015,9.4541,9.1872,8.9203,8.6536,8.3869,8.1203,7.8537,7.5872,7.3207,7.0715,6.9294,6.7871,6.6449,6.5026,6.3604,6.218,6.0757,5.9333,5.7908,5.6473,5.5026,5.3579,5.2131,5.0683,4.9234,4.7784,4.6334,4.4884,4.3433,4.1566,3.9593,3.762,3.5646,3.3671,3.1696,2.972,2.7743,2.5765,2.4,2.3706,2.3412,2.3117,2.2822,2.2526,2.223,2.1935,2.1639,2.1344,2.1718,2.2891,2.4065,2.5238,2.6412,2.7587,2.8762,2.9938,3.1115,3.2292,3.6087,4.0599,4.5115,4.9637,5.4163,5.8695,6.3233,6.7777,7.2327,7.67,7.9658,8.2617,8.558,8.8544,9.1512,9.4482,9.7455,10.0431,10.3411,10.5707,10.7143,10.858,11.0018,11.1457,11.2897,11.4338,11.578,11.7223,11.8667,11.8948,11.8881,11.8813,11.8743,11.8671,11.8598,11.8524,11.8448,11.837,11.8203,11.7217,11.6231,11.5245,11.4259,11.3274,11.2288,11.1302,11.0317,10.9331,10.8253,10.7048,10.5844,10.464,10.3437,10.2234,10.1032,9.983,9.8629,9.7429,9.6038,9.4582,9.3126,9.1671,9.0216,8.8762,8.7308,8.5855,8.4402,8.3012,8.2488,8.1965,8.1441,8.0918,8.0394,7.9869,7.9345,7.882,7.8295,7.7676,7.691,7.6145,7.5382,7.4619,7.3859,7.3099,7.2341,7.1584,7.0829,7.0136,6.9472,6.8812,6.8157,6.7506,6.6859
12.2853,12.1346,11.9845,11.8347,11.6854,11.5364,11.3878,11.2396,11.0818,10.9141,10.7465,10.5789,10.4114,10.2439,10.0765,9.9092,9.7419,9.5747,9.3209,9.0484,8.776,8.5036,8.2314,7.9592,7.6871,7.415,7.1429,6.8898,6.7455,6.6012,6.4568,6.3124,6.168,6.0236,5.8791,5.7346,5.5901,5.4445,5.2978,5.151,5.0042,4.8574,4.7105,4.5635,4.4165,4.2694,4.1223,3.9303,3.727,3.5237,3.3204,3.1169,2.9134,2.7098,2.5061,2.3024,2.122,2.1042,2.0863,2.0684,2.0504,2.0324,2.0144,1.9964,1.9784,1.9604,2.0076,2.1335,2.2595,2.3856,2.5116,2.6378,2.764,2.8902,3.0166,3.143,3.5454,4.0267,4.5085,4.9908,5.4736,5.9569,6.4408,6.9253,7.4105,7.8773,8.1811,8.4851,8.7894,9.0939,9.3987,9.7038,10.0091,10.3148,10.6208,10.8572,11.0011,11.1451,11.2891,11.4333,11.5775,11.7219,11.8664,12.011,12.1556,12.1815,12.1684,12.1551,12.1417,12.1281,12.1144,12.1005,12.0865,12.0723,12.0514,11.9512,11.8511,11.751,11.6509,11.5508,11.4507,11.3506,11.2505,11.1504,11.0421,10.9213,10.8006,10.6799,10.5593,10.4388,10.3183,10.1979,10.0775,9.9572,9.8184,9.6723,9.5262,9.3802,9.2342,9.0883,8.9424,8.7966,8.6508,8.5085,8.4548,8.401,8.3472,8.2934,8.2396,8.1858,8.1319,8.0781,8.0241,7.9625,7.8869,7.8115,7.7362,7.661,7.5859,7.511,7.4363,7.3616,7.2871,7.221,7.1594,7.0982,7.0374,6.977,6.917
12.2863,12.1231,11.9604,11.7981,11.6362,11.4747,11.3136,11.1529,10.9868,10.8156,10.6444,10.4733,10.3022,10.1312,9.9603,9.7894,9.6186,9.4478,9.1875,8.9095,8.6315,8.3536,8.0758,7.798,7.5203,7.2427,6.9651,6.708,6.5616,6.4152,6.2687,6.1222,5.9757,5.8291,5.6826,5.5359,5.3893,5.2416,5.0929,4.9441,4.7953,4.6465,4.4975,4.3486,4.1995,4.0505,3.9013,3.704,3.4948,3.2855,3.0761,2.8667,2.6572,2.4476,2.238,2.0282,1.8439,1.8377,1.8313,1.825,1.8186,1.8121,1.8057,1.7992,1.7928,1.7864,1.8432,1.9778,2.1125,2.2472,2.382,2.5168,2.6516,2.7865,2.9215,3.0566,3.4817,3.9932,4.5051,5.0174,5.5303,6.0438,6.5578,7.0724,7.5877,8.0844,8.3962,8.7083,9.0206,9.3332,9.646,9.9591,10.2725,10.5862,10.9002,11.1437,11.2879,11.4321,11.5764,11.7208,11.8654,12.01,12.1548,12.2996,12.4446,12.4684,12.4488,12.4291,12.4093,12.3893,12.3692,12.3489,12.3285,12.3079,12.2825,12.1808,12.0792,11.9775,11.8759,11.7742,11.6726,11.571,11.4694,11.3677,11.2588,11.1378,11.0168,10.8959,10.775,10.6542,10.5335,10.4128,10.2922,10.1716,10.033,9.8864,9.7398,9.5933,9.4469,9.3004,9.1541,9.0077,8.8614,8.7159,8.6608,8.6056,8.5504,8.4952,8.44,8.3848,8.3295,8.2742,8.2189,8.1573,8.0828,8.0083,7.9341,7.8599,7.7859,7.7121,7.6383,7.5647,7.4913,7.4281,7.3712,7.3148,7.2587,7.203,7.1478
