12.1785,12.141,12.1034,12.0659,12.0283,11.9908,11.9532,11.9157,11.8782,11.8411,11.8101,11.779,11.748,11.717,11.6859,11.6549,11.6239,11.5929,11.562,11.4877,11.3946,11.3015,11.2083,11.1151,11.0219,10.9288,10.8356,10.7424,10.6958,10.7482,10.8006,10.8532,10.906,10.9587,11.0114,11.0642,11.1169,11.1696,11.2067,11.243,11.2792,11.3155,11.3517,11.3879,11.4242,11.4604,11.4966,11.5293,11.5592,11.5891,11.619,11.6489,11.6788,11.7087,11.7386,11.7685,11.7763,11.6945,11.6128,11.5311,11.4493,11.3676,11.2858,11.2041,11.1223,11.0406,10.939,10.8333,10.7275,10.6218,10.516,10.4103,10.3045,10.1988,10.093,10.0514,10.0879,10.1247,10.1617,10.1987,10.2358,10.2728,10.3099,10.3471,10.3828,10.4013,10.4199,10.4384,10.457,10.4756,10.4943,10.5129,10.5316,10.5503,10.5811,10.6169,10.6527,10.6883,10.7239,10.7593,10.7946,10.8298,10.8649,10.8722,10.8216,10.7711,10.7206,10.6701,10.6196,10.5691,10.5186,10.4681,10.4176,10.4038,10.3919,10.3799,10.3677,10.3553,10.3427,10.33,10.3171,10.3041,10.3062,10.32,10.3337,10.3475,10.3614,10.3752,10.3891,10.4031,10.417,10.423,10.3948,10.3666,10.3383,10.3101,10.2819,10.2536,10.2254,10.1971,10.1689,10.1313,10.091,10.05,10.0084,9.9661,9.9232,9.8796,9.8354,9.7904,9.7429,9.6923,9.6414,9.5903,9.5388,9.4869,9.4348,9.3823,9.3295,9.2764,9.2238,9.1711,9.1184,9.0657,9.0129,8.96,8.9071,8.8541,8.8011
12.2041,12.1666,12.1291,12.0916,12.0542,12.0167,11.9793,11.9418,11.9044,11.8675,11.8365,11.8054,11.7744,11.7433,11.7123,11.6813,11.6503,11.6193,11.5883,11.514,11.4218,11.3295,11.2372,11.1449,11.0527,10.9604,10.8681,10.7758,10.729,10.7751,10.8212,10.8675,10.9139,10.9603,11.0069,11.0535,11.1003,11.1471,11.1839,11.2203,11.2567,11.293,11.3294,11.3657,11.402,11.4383,11.4746,11.5066,11.5353,11.564,11.5926,11.6213,11.65,11.6787,11.7073,11.7359,11.7441,11.6689,11.5938,11.5187,11.4436,11.3686,11.2935,11.2186,11.1436,11.0688,10.9702,10.8664,10.7626,10.6589,10.5552,10.4516,10.3479,10.2444,10.1408,10.1,10.1378,10.1757,10.2136,10.2516,10.2895,10.3276,10.3656,10.4037,10.4406,10.4594,10.4782,10.497,10.5159,10.5348,10.5538,10.5727,10.5917,10.6107,10.6386,10.6704,10.7022,10.7338,10.7654,10.7968,10.8281,10.8593,10.8904,10.8963,10.8458,10.7952,10.7447,10.6942,10.6437,10.5932,10.5427,10.4922,10.4417,10.4236,10.4078,10.3919,10.3759,10.3597,10.3433,10.3267,10.31,10.2931,10.2933,10.3077,10.3222,10.3368,10.3513,10.3659,10.3805,10.3952,10.4099,10.4176,10.3894,10.3612,10.3329,10.3047,10.2764,10.2482,10.22,10.1917,10.1635,10.1183,10.0677,10.0165,9.9647,9.9123,9.8592,9.8054,9.7509,9.6958,9.6406,9.586,9.531,9.4757,9.4202,9.3643,9.3081,9.2515,9.1946,9.1374,9.0848,9.0322,8.9794,8.9267,8.8739,8.821,8.7681,8.7152,8.6622
12.2296,12.1922,12.1548,12.1174,12.0801,12.0427,12.0053,11.9679,11.9306,11.8939,11.8628,11.8318,11.8007,11.7697,11.7387,11.7077,11.6767,11.6457,11.6147,11.5403,11.4489,11.3576,11.2662,11.1748,11.0834,10.992,10.9006,10.8092,10.7621,10.8018,10.8417,10.8817,10.9218,10.9619,11.0022,11.0425,11.083,11.1235,11.16,11.1964,11.2327,11.2691,11.3055,11.3418,11.3781,11.4145,11.4508,11.4819,11.5092,11.5365,11.5638,11.5911,11.6184,11.6457,11.673,11.7002,11.7088,11.6409,11.573,11.5052,11.4374,11.3696,11.3018,11.2341,11.1665,11.0989,11.0033,10.9014,10.7996,10.6978,10.596,10.4943,10.3926,10.291,10.1894,10.149,10.1878,10.2266,10.2655,10.3044,10.3433,10.3823,10.4213,10.4603,10.4983,10.5174,10.5365,10.5557,10.5748,10.594,10.6133,10.6325,10.6518,10.6711,10.6962,10.7241,10.7518,10.7795,10.807,10.8344,10.8617,10.889,10.916,10.9205,10.8699,10.8194,10.7688,10.7183,10.6678,10.6173,10.5668,10.5163,10.4658,10.4435,10.4239,10.4042,10.3843,10.3642,10.344,10.3236,10.303,10.2823,10.2803,10.2955,10.3107,10.326,10.3412,10.3566,10.3719,10.3873,10.4027,10.4122,10.384,10.3557,10.3275,10.2993,10.271,10.2428,10.2145,10.1863,10.1581,10.1058,10.0451,9.9837,9.9217,9.8591,9.7958,9.7318,9.6671,9.6018,9.5386,9.4799,9.4208,9.3615,9.3019,9.2419,9.1816,9.121,9.06,8.9987,8.9458,8.8932,8.8405,8.7877,8.7349,8.6821,8.6292,8.5762,8.5232
12.2552,12.2179,12.1805,12.1432,12.1059,12.0686,12.0313,11.9941,11.9568,11.9202,11.8892,11.8581,11.8271,11.7961,11.7651,11.7341,11.7031,11.6721,11.6411,11.5666,11.4761,11.3856,11.2952,11.2046,11.1141,11.0236,10.9331,10.8426,10.795,10.8285,10.8621,10.8958,10.9296,10.9634,10.9974,11.0315,11.0656,11.0998,11.1361,11.1725,11.2088,11.2452,11.2816,11.3179,11.3542,11.3906,11.4269,11.4572,11.4831,11.5091,11.535,11.5609,11.5869,11.6128,11.6387,11.6645,11.6735,11.6128,11.5523,11.4917,11.4311,11.3706,11.3101,11.2496,11.1892,11.1289,11.0364,10.9364,10.8365,10.7367,10.6368,10.537,10.4373,10.3376,10.2379,10.198,10.2378,10.2775,10.3173,10.3572,10.3971,10.437,10.4769,10.5169,10.556,10.5754,10.5948,10.6143,10.6337,10.6532,10.6728,10.6923,10.7119,10.7315,10.754,10.7778,10.8015,10.8252,10.8487,10.8722,10.8955,10.9187,10.9418,10.9446,10.8941,10.8435,10.793,10.7424,10.6919,10.6414,10.5909,10.5404,10.4899,10.4636,10.4402,10.4166,10.3928,10.3689,10.3449,10.3206,10.2962,10.2716,10.2672,10.2832,10.2991,10.3151,10.3311,10.3472,10.3633,10.3794,10.3955,10.4068,10.3786,10.3503,10.3221,10.2939,10.2656,10.2374,10.2091,10.1809,10.1526,10.094,10.0231,9.9515,9.8793,9.8065,9.733,9.6588,9.584,9.5085,9.4368,9.374,9.3109,9.2475,9.1838,9.1198,9.0554,8.9907,8.9257,8.8603,8.8069,8.7542,8.7015,8.6487,8.5959,8.5431,8.4902,8.4372,8.3843
12.2807,12.2435,12.2063,12.169,12.1318,12.0946,12.0574,12.0202,11.983,11.9466,11.9155,11.8845,11.8535,11.8224,11.7914,11.7604,11.7294,11.6984,11.6675,11.5929,11.5033,11.4137,11.3241,11.2345,11.1449,11.0553,10.9656,10.876,10.8279,10.8551,10.8824,10.9098,10.9373,10.9649,10.9925,11.0203,11.0481,11.076,11.1122,11.1486,11.1849,11.2213,11.2577,11.294,11.3304,11.3667,11.403,11.4325,11.4571,11.4816,11.5062,11.5307,11.5553,11.5798,11.6043,11.6288,11.6381,11.5848,11.5314,11.4781,11.4248,11.3715,11.3183,11.2651,11.212,11.1589,11.0695,10.9715,10.8735,10.7755,10.6776,10.5798,10.4819,10.3841,10.2864,10.247,10.2877,10.3284,10.3692,10.41,10.4508,10.4917,10.5326,10.5735,10.6137,10.6334,10.6531,10.6729,10.6926,10.7124,10.7322,10.7521,10.772,10.7919,10.8118,10.8316,10.8514,10.871,10.8906,10.91,10.9294,10.9486,10.9677,10.9688,10.9182,10.8677,10.8171,10.7666,10.7161,10.6655,10.615,10.5645,10.514,10.4838,10.4565,10.4291,10.4015,10.3738,10.3459,10.3178,10.2896,10.2612,10.2542,10.2708,10.2875,10.3042,10.321,10.3378,10.3546,10.3714,10.3883,10.4014,10.3732,10.3449,10.3167,10.2884,10.2602,10.232,10.2037,10.1755,10.1472,10.0828,10.0017,9.9199,9.8376,9.7545,9.6709,9.5865,9.5015,9.4158,9.3354,9.2685,9.2013,9.1338,9.0661,8.9979,8.9295,8.8607,8.7917,8.7222,8.6679,8.6152,8.5625,8.5098,8.457,8.4041,8.3512,8.2983,8.2453
12.3063,12.2691,12.232,12.1948,12.1577,12.1206,12.0834,12.0463,12.0092,11.973,11.9419,11.9109,11.8798,11.8488,11.8178,11.7868,11.7558,11.7248,11.6938,11.6193,11.5306,11.4419,11.3532,11.2644,11.1757,11.087,10.9982,10.9095,10.8607,10.8815,10.9026,10.9237,10.9449,10.9662,10.9876,11.0091,11.0306,11.0522,11.0882,11.1246,11.161,11.1974,11.2338,11.2701,11.3065,11.3428,11.3792,11.4078,11.431,11.4542,11.4774,11.5005,11.5237,11.5469,11.57,11.5931,11.6028,11.5567,11.5106,11.4645,11.4185,11.3725,11.3265,11.2805,11.2346,11.1888,11.1025,11.0064,10.9104,10.8144,10.7184,10.6224,10.5265,10.4307,10.3348,10.296,10.3376,10.3793,10.421,10.4627,10.5045,10.5463,10.5882,10.63,10.6714,10.6914,10.7114,10.7315,10.7515,10.7716,10.7917,10.8119,10.832,10.8523,10.8698,10.8856,10.9014,10.917,10.9326,10.948,10.9634,10.9786,10.9937,10.9929,10.9423,10.8918,10.8412,10.7907,10.7402,10.6896,10.6391,10.5886,10.5381,10.5042,10.4731,10.4418,10.4104,10.3789,10.3471,10.3152,10.2831,10.2509,10.2411,10.2585,10.2759,10.2933,10.3108,10.3283,10.3458,10.3634,10.381,10.396,10.3677,10.3395,10.3113,10.283,10.2548,10.2265,10.1983,10.17,10.1418,10.0722,9.9809,9.889,9.7964,9.7032,9.6094,9.5149,9.4197,9.3239,9.2341,9.1632,9.092,9.0204,8.9486,8.8764,8.8039,8.7311,8.6579,8.5844,8.5289,8.4762,8.4235,8.3708,8.318,8.2651,8.2122,8.1593,8.1063
12.3319,12.2948,12.2577,12.2206,12.1836,12.1465,12.1095,12.0724,12.0354,11.9993,11.9683,11.9372,11.9062,11.8752,11.8442,11.8132,11.7822,11.7512,11.7202,11.6456,11.5578,11.47,11.3822,11.2943,11.2065,11.1186,11.0308,10.9429,10.8933,10.9079,10.9226,10.9375,10.9524,10.9674,10.9825,10.9977,11.013,11.0283,11.0643,11.1007,11.1371,11.1735,11.2099,11.2462,11.2826,11.319,11.3553,11.3831,11.4049,11.4267,11.4485,11.4703,11.4921,11.5139,11.5357,11.5574,11.5674,11.5286,11.4898,11.4509,11.4121,11.3733,11.3346,11.2959,11.2573,11.2187,11.1356,11.0414,10.9473,10.8532,10.7591,10.6651,10.5711,10.4772,10.3833,10.345,10.3876,10.4302,10.4728,10.5155,10.5582,10.601,10.6438,10.6866,10.7291,10.7494,10.7697,10.79,10.8104,10.8308,10.8512,10.8716,10.8921,10.9126,10.9278,10.9397,10.9514,10.9631,10.9747,10.9861,10.9975,11.0087,11.0199,11.0171,10.9665,10.9159,10.8654,10.8148,10.7643,10.7138,10.6632,10.6127,10.5622,10.5247,10.4898,10.4547,10.4195,10.3841,10.3485,10.3128,10.2769,10.2408,10.228,10.2461,10.2642,10.2824,10.3006,10.3188,10.3371,10.3554,10.3737,10.3906,10.3623,10.3341,10.3059,10.2776,10.2494,10.2211,10.1929,10.1646,10.1364,10.0622,9.9607,9.8586,9.7559,9.6525,9.5485,9.4439,9.3385,9.2325,9.1332,9.0582,8.9829,8.9073,8.8314,8.7551,8.6786,8.6017,8.5244,8.4469,8.3899,8.3372,8.2845,8.2318,8.179,8.1262,8.0733,8.0203,7.9673
12.3574,12.3204,12.2834,12.2465,12.2095,12.1725,12.1355,12.0986,12.0616,12.0257,11.9946,11.9636,11.9326,11.9016,11.8706,11.8395,11.8086,11.7776,11.7466,11.672,11.5851,11.4982,11.4112,11.3243,11.2373,11.1504,11.0634,10.9764,10.9258,10.9342,10.9426,10.9512,10.9598,10.9686,10.9774,10.9863,10.9953,11.0044,11.0404,11.0768,11.1132,11.1496,11.186,11.2224,11.2587,11.2951,11.3314,11.3584,11.3788,11.3993,11.4197,11.4401,11.4606,11.481,11.5014,11.5218,11.5321,11.5005,11.4689,11.4373,11.4057,11.3742,11.3427,11.3112,11.2798,11.2485,11.1686,11.0764,10.9842,10.892,10.7999,10.7078,10.6157,10.5237,10.4317,10.3939,10.4375,10.481,10.5246,10.5682,10.6119,10.6556,10.6993,10.7431,10.7868,10.8074,10.828,10.8486,10.8693,10.89,10.9107,10.9314,10.9522,10.973,10.986,10.9939,11.0016,11.0093,11.0169,11.0244,11.0318,11.039,11.0461,11.0412,10.9906,10.9401,10.8895,10.839,10.7884,10.7379,10.6874,10.6368,10.5863,10.5454,10.5067,10.4677,10.4287,10.3894,10.35,10.3105,10.2708,10.2308,10.2148,10.2336,10.2525,10.2714,10.2903,10.3093,10.3283,10.3473,10.3663,10.3852,10.3569,10.3287,10.3004,10.2722,10.244,10.2157,10.1875,10.1592,10.1309,10.0528,9.9411,9.8289,9.716,9.6025,9.4883,9.3735,9.258,9.1418,9.0325,8.9535,8.8741,8.7944,8.7144,8.6341,8.5535,8.4726,8.3913,8.3097,8.2509,8.1983,8.1456,8.0928,8.04,7.9872,7.9343,7.8814,7.8284
12.383,12.3461,12.3092,12.2723,12.2354,12.1985,12.1616,12.1247,12.0878,12.0521,12.021,11.99,11.959,11.9279,11.8969,11.8659,11.8349,11.804,11.773,11.6984,11.6124,11.5264,11.4403,11.3542,11.2682,11.1821,11.096,11.0099,10.9583,10.9603,10.9625,10.9648,10.9672,10.9696,10.9722,10.9748,10.9776,10.9804,11.0165,11.0529,11.0893,11.1257,11.1621,11.1985,11.2348,11.2712,11.3076,11.3337,11.3528,11.3718,11.3909,11.4099,11.429,11.448,11.467,11.4861,11.4967,11.4723,11.448,11.4236,11.3993,11.375,11.3507,11.3265,11.3023,11.2782,11.2016,11.1113,11.021,10.9308,10.8406,10.7504,10.6602,10.5701,10.4801,10.4429,10.4874,10.5319,10.5764,10.621,10.6656,10.7102,10.7549,10.7996,10.8443,10.8654,10.8863,10.9072,10.9282,10.9491,10.9701,10.9912,11.0122,11.0333,11.0443,11.0482,11.052,11.0557,11.0593,11.0627,11.0661,11.0694,11.0726,11.0654,11.0148,10.9642,10.9136,10.8631,10.8125,10.762,10.7115,10.6609,10.6104,10.5663,10.5237,10.4809,10.438,10.395,10.3518,10.3084,10.2648,10.2211,10.2016,10.2212,10.2407,10.2604,10.28,10.2997,10.3194,10.3392,10.359,10.3788,10.3515,10.3233,10.295,10.2668,10.2385,10.2103,10.182,10.1538,10.1255,10.044,9.9222,9.7998,9.6767,9.5531,9.4288,9.3038,9.1781,9.0518,8.9321,8.849,8.7656,8.6818,8.5978,8.5134,8.4287,8.3437,8.2584,8.1727,8.1119,8.0593,8.0066,7.9538,7.901,7.8482,7.7953,7.7424,7.6894
12.4086,12.3718,12.3349,12.2981,12.2613,12.2244,12.1876,12.1508,12.114,12.0784,12.0474,12.0163,11.9853,11.9543,11.9233,11.8923,11.8613,11.8303,11.7994,11.7249,11.6397,11.5546,11.4694,11.3842,11.299,11.2138,11.1286,11.0434,10.9906,10.9864,10.9823,10.9783,10.9744,10.9706,10.9669,10.9633,10.9597,10.9563,10.9926,11.029,11.0654,11.1018,11.1382,11.1746,11.211,11.2473,11.2837,11.309,11.3267,11.3444,11.362,11.3797,11.3974,11.4151,11.4327,11.4504,11.4613,11.4442,11.4271,11.4099,11.3928,11.3758,11.3587,11.3417,11.3248,11.3079,11.2346,11.1462,11.0579,10.9695,10.8812,10.793,10.7047,10.6166,10.5284,10.4918,10.5373,10.5827,10.6282,10.6737,10.7192,10.7648,10.8104,10.8561,10.9018,10.9234,10.9446,10.9658,10.987,11.0083,11.0296,11.0509,11.0723,11.0937,11.1027,11.1026,11.1024,11.1021,11.1017,11.1012,11.1006,11.0999,11.0991,11.0895,11.0389,10.9883,10.9378,10.8872,10.8367,10.7861,10.7356,10.6851,10.6345,10.5873,10.5409,10.4943,10.4476,10.4007,10.3536,10.3064,10.2591,10.2115,10.1884,10.2087,10.229,10.2493,10.2697,10.2901,10.3105,10.331,10.3515,10.3721,10.3461,10.3179,10.2896,10.2614,10.2331,10.2049,10.1766,10.1484,10.1201,10.0358,9.9038,9.7713,9.6381,9.5043,9.3698,9.2347,9.0989,8.9625,8.8319,8.7448,8.6573,8.5695,8.4814,8.393,8.3042,8.2152,8.1258,8.0361,7.9729,7.9203,7.8676,7.8148,7.7621,7.7092,7.6563,7.6034,7.5504
12.4342,12.3974,12.3607,12.3239,12.2872,12.2504,12.2137,12.177,12.1402,12.1048,12.0737,12.0427,12.0117,11.9807,11.9497,11.9187,11.8877,11.8567,11.8257,11.7513,11.6671,11.5828,11.4985,11.4142,11.3299,11.2456,11.1613,11.077,11.0228,11.0123,11.002,10.9917,10.9816,10.9715,10.9615,10.9517,10.9418,10.9322,10.9686,11.0051,11.0415,11.0779,11.1143,11.1507,11.1871,11.2235,11.2598,11.2842,11.3006,11.3169,11.3332,11.3495,11.3658,11.3821,11.3984,11.4147,11.4259,11.416,11.4061,11.3962,11.3863,11.3765,11.3667,11.3569,11.3472,11.3376,11.2676,11.1811,11.0947,11.0083,10.9219,10.8355,10.7492,10.663,10.5767,10.5408,10.5871,10.6335,10.6799,10.7264,10.7729,10.8194,10.8659,10.9125,10.9592,10.9813,11.0028,11.0243,11.0459,11.0674,11.089,11.1107,11.1323,11.154,11.1612,11.1571,11.1529,11.1487,11.1443,11.1398,11.1353,11.1306,11.1258,11.1137,11.0631,11.0125,10.9619,10.9113,10.8608,10.8102,10.7597,10.7092,10.6586,10.6084,10.5582,10.5078,10.4573,10.4066,10.3557,10.3047,10.2535,10.2021,10.1751,10.1961,10.2172,10.2382,10.2593,10.2805,10.3016,10.3228,10.3441,10.3653,10.3407,10.3125,10.2842,10.256,10.2277,10.1995,10.1712,10.1429,10.1147,10.0282,9.8861,9.7434,9.6001,9.4561,9.3115,9.1663,9.0204,8.8738,8.7321,8.6408,8.5493,8.4575,8.3653,8.2728,8.18,8.0869,7.9935,7.8997,7.8339,7.7813,7.7286,7.6759,7.6231,7.5702,7.5174,7.4644,7.4115
12.4598,12.4231,12.3864,12.3497,12.3131,12.2764,12.2397,12.2031,12.1665,12.1312,12.1001,12.0691,12.0381,12.007,11.976,11.945,11.9141,11.8831,11.8521,11.7778,11.6944,11.611,11.5276,11.4442,11.3608,11.2774,11.1939,11.1105,11.0549,11.0382,11.0215,11.005,10.9886,10.9723,10.9561,10.9399,10.9239,10.9083,10.9447,10.9812,11.0176,11.054,11.0904,11.1268,11.1632,11.1996,11.236,11.2595,11.2745,11.2894,11.3044,11.3193,11.3342,11.3492,11.3641,11.379,11.3905,11.3878,11.3851,11.3825,11.3798,11.3772,11.3746,11.3721,11.3696,11.3672,11.3006,11.216,11.1315,11.047,10.9625,10.8781,10.7937,10.7094,10.625,10.5897,10.637,10.6843,10.7317,10.7791,10.8265,10.8739,10.9214,10.969,11.0166,11.0393,11.0611,11.0829,11.1047,11.1266,11.1485,11.1704,11.1923,11.2143,11.2198,11.2117,11.2036,11.1954,11.187,11.1786,11.17,11.1614,11.1526,11.1378,11.0872,11.0366,10.9861,10.9355,10.8849,10.8344,10.7838,10.7333,10.6827,10.6297,10.5757,10.5215,10.4671,10.4126,10.3579,10.3031,10.248,10.1929,10.1618,10.1835,10.2053,10.2271,10.2489,10.2708,10.2927,10.3146,10.3365,10.3585,10.3353,10.307,10.2788,10.2505,10.2223,10.194,10.1658,10.1375,10.1093,10.0212,9.869,9.7161,9.5627,9.4086,9.2539,9.0985,8.9424,8.7857,8.6324,8.5372,8.4416,8.3457,8.2495,8.153,8.0561,7.9589,7.8614,7.7636,7.6949,7.6423,7.5896,7.5369,7.4841,7.4313,7.3784,7.3255,7.2725
12.4853,12.4487,12.4121,12.3755,12.339,12.3024,12.2658,12.2292,12.1927,12.1575,12.1265,12.0955,12.0644,12.0334,12.0024,11.9714,11.9404,11.9095,11.8785,11.8043,11.7218,11.6393,11.5568,11.4742,11.3917,11.3092,11.2266,11.1441,11.0869,11.0639,11.041,11.0183,10.9956,10.973,10.9505,10.9281,10.9058,10.8844,10.9208,10.9572,10.9937,11.0301,11.0665,11.1029,11.1393,11.1757,11.2121,11.2348,11.2484,11.2619,11.2755,11.2891,11.3027,11.3162,11.3298,11.3433,11.3551,11.3596,11.3642,11.3687,11.3733,11.3779,11.3825,11.3872,11.3919,11.3967,11.3335,11.2509,11.1683,11.0857,11.0031,10.9206,10.8382,10.7557,10.6733,10.6386,10.6868,10.7351,10.7834,10.8317,10.8801,10.9285,10.9769,11.0254,11.0739,11.0973,11.1193,11.1414,11.1636,11.1857,11.2079,11.2301,11.2524,11.2746,11.2785,11.2665,11.2544,11.2422,11.2298,11.2174,11.2049,11.1923,11.1795,11.162,11.1114,11.0608,11.0102,10.9596,10.909,10.8585,10.8079,10.7574,10.7068,10.6512,10.5933,10.5353,10.4771,10.4188,10.3603,10.3016,10.2428,10.1838,10.1485,10.1709,10.1934,10.2159,10.2385,10.2611,10.2837,10.3063,10.329,10.3517,10.3299,10.3016,10.2734,10.2451,10.2169,10.1886,10.1604,10.1321,10.1038,10.0148,9.8524,9.6895,9.5259,9.3617,9.1968,9.0313,8.8652,8.6983,8.5331,8.4337,8.3341,8.2342,8.1339,8.0334,7.9325,7.8313,7.7297,7.6278,7.556,7.5033,7.4504,7.3963,7.342,7.2876,7.2331,7.1784,7.1236
12.5109,12.4744,12.4379,12.4014,12.3649,12.3284,12.2919,12.2554,12.2189,12.1839,12.1528,12.1218,12.0908,12.0598,12.0288,11.9978,11.9668,11.9358,11.9049,11.8308,11.7492,11.6676,11.5859,11.5043,11.4226,11.341,11.2593,11.1776,11.1188,11.0895,11.0604,11.0314,11.0025,10.9736,10.9449,10.9163,10.8877,10.8604,10.8969,10.9333,10.9698,11.0062,11.0426,11.079,11.1154,11.1518,11.1882,11.21,11.2222,11.2345,11.2467,11.2589,11.2711,11.2833,11.2954,11.3076,11.3197,11.3314,11.3431,11.3549,11.3667,11.3785,11.3903,11.4022,11.4142,11.4262,11.3665,11.2857,11.205,11.1244,11.0437,10.9631,10.8826,10.8021,10.7216,10.6875,10.7366,10.7858,10.8351,10.8844,10.9337,10.983,11.0324,11.0818,11.1313,11.1552,11.1776,11.2,11.2224,11.2449,11.2673,11.2898,11.3124,11.3349,11.3373,11.3213,11.3052,11.2891,11.2728,11.2564,11.2399,11.2233,11.2066,11.1861,11.1355,11.0849,11.0343,10.9837,10.9332,10.8826,10.832,10.7815,10.7309,10.6728,10.6111,10.5493,10.4873,10.4252,10.3628,10.3004,10.2377,10.1749,10.1351,10.1583,10.1815,10.2047,10.228,10.2513,10.2747,10.298,10.3211,10.3424,10.3195,10.2883,10.2568,10.2249,10.1926,10.16,10.127,10.0936,10.0597,9.9661,9.7921,9.6179,9.4435,9.2689,9.0941,8.919,8.7438,8.5683,8.3927,8.2894,8.1861,8.0827,7.9793,7.8757,7.7721,7.6685,7.5647,7.4609,7.3852,7.3303,7.2752,7.22,7.1647,7.1092,7.0536,6.9978,6.9419
12.5218,12.4855,12.4493,12.413,12.3768,12.3406,12.3044,12.2682,12.2321,12.197,12.1649,12.133,12.1011,12.0694,12.0378,12.0064,11.975,11.9438,11.9126,11.8395,11.7597,11.6798,11.5999,11.52,11.44,11.36,11.28,11.2,11.1403,11.1062,11.0721,11.038,11.0039,10.9698,10.9356,10.9015,10.8673,10.8348,10.8716,10.9082,10.9449,10.9815,11.0181,11.0546,11.0911,11.1276,11.1641,11.1851,11.196,11.2069,11.2178,11.2286,11.2395,11.2503,11.2612,11.272,11.2843,11.3032,11.322,11.3408,11.3596,11.3784,11.3972,11.416,11.4347,11.4535,11.3971,11.3182,11.2393,11.1604,11.0817,11.0029,10.9242,10.8456,10.7671,10.7335,10.783,10.8325,10.882,10.9315,10.9809,11.0303,11.0796,11.1289,11.1781,11.202,11.2239,11.2458,11.2678,11.2897,11.3117,11.3336,11.3555,11.3775,11.377,11.3549,11.3326,11.31,11.2872,11.2642,11.2409,11.2173,11.1935,11.1667,11.1134,11.06,11.0065,10.9529,10.8992,10.8453,10.7914,10.7373,10.6831,10.6214,10.5558,10.4903,10.4246,10.359,10.2933,10.2276,10.1619,10.0961,10.0519,10.074,10.0961,10.1181,10.1402,10.1624,10.1845,10.2067,10.2288,10.251,10.2246,10.1874,10.1498,10.1118,10.0734,10.0347,9.9956,9.956,9.9161,9.822,9.6455,9.4688,9.2918,9.1147,8.9374,8.7598,8.5821,8.4041,8.2259,8.1201,8.0167,7.9131,7.8095,7.7058,7.6021,7.4983,7.3944,7.2904,7.2123,7.1563,7.1002,7.0439,6.9874,6.9308,6.8741,6.8172,6.7602
12.518,12.481,12.444,12.407,12.3701,12.3331,12.2962,12.2593,12.2225,12.1855,12.1485,12.1117,12.075,12.0384,12.0019,11.9656,11.9293,11.8932,11.8572,11.7834,11.7041,11.6249,11.5456,11.4662,11.3869,11.3075,11.2281,11.1486,11.0897,11.0554,11.0212,10.987,10.9527,10.9184,10.8841,10.8498,10.8155,10.7833,10.822,10.8606,10.8992,10.9377,10.9762,11.0147,11.0531,11.0916,11.13,11.152,11.1634,11.1748,11.1863,11.1977,11.2091,11.2205,11.2318,11.2432,11.256,11.2748,11.2936,11.3124,11.3313,11.3501,11.3688,11.3876,11.4064,11.4252,11.373,11.2991,11.2252,11.1513,11.0776,11.0038,10.9301,10.8565,10.783,10.7509,10.7981,10.8453,10.8924,10.9395,10.9865,11.0335,11.0805,11.1274,11.1743,11.1982,11.2201,11.2421,11.264,11.286,11.3079,11.3298,11.3518,11.3737,11.3699,11.3398,11.3096,11.2791,11.2484,11.2174,11.1862,11.1547,11.1229,11.0891,11.0336,10.978,10.9223,10.8666,10.8107,10.7546,10.6985,10.6423,10.5859,10.5236,10.458,10.3924,10.3268,10.2611,10.1954,10.1296,10.0638,9.998,9.952,9.975,9.998,10.0211,10.0441,10.0672,10.0903,10.1134,10.1365,10.1596,10.1301,10.0868,10.0431,9.999,9.9545,9.9097,9.8645,9.8189,9.7729,9.6779,9.4989,9.3197,9.1403,8.9607,8.7809,8.6008,8.4206,8.2401,8.0594,7.9509,7.8472,7.7435,7.6398,7.536,7.4321,7.3281,7.2241,7.1199,7.0395,6.9824,6.9251,6.8678,6.8102,6.7526,6.6947,6.6368,6.5787
12.5142,12.4764,12.4387,12.401,12.3633,12.3257,12.288,12.2504,12.2128,12.1739,12.132,12.0903,12.0487,12.0072,11.9658,11.9246,11.8835,11.8425,11.8016,11.7272,11.6486,11.5699,11.4912,11.4125,11.3338,11.255,11.1762,11.0973,11.039,11.0046,10.9703,10.9359,10.9015,10.867,10.8326,10.7981,10.7637,10.7319,10.7724,10.813,10.8535,10.8939,10.9344,10.9748,11.0151,11.0555,11.0958,11.1188,11.1308,11.1428,11.1548,11.1667,11.1786,11.1906,11.2025,11.2144,11.2276,11.2464,11.2653,11.2841,11.3029,11.3217,11.3405,11.3593,11.378,11.3968,11.3488,11.2799,11.211,11.1422,11.0734,11.0047,10.936,10.8674,10.7989,10.7685,10.8133,10.858,10.9028,10.9475,10.9922,11.0368,11.0814,11.1259,11.1704,11.1944,11.2164,11.2383,11.2602,11.2822,11.3041,11.3261,11.348,11.3699,11.363,11.325,11.2868,11.2484,11.2098,11.1709,11.1317,11.0923,11.0526,11.0116,10.9539,10.8961,10.8383,10.7803,10.7222,10.664,10.6057,10.5473,10.4888,10.4258,10.3602,10.2945,10.2289,10.1631,10.0974,10.0316,9.9658,9.8999,9.852,9.876,9.8999,9.9239,9.9479,9.9719,9.996,10.02,10.0441,10.0681,10.0359,9.9865,9.9367,9.8865,9.836,9.7851,9.7338,9.6821,9.63,9.5341,9.3526,9.1708,8.9889,8.8068,8.6245,8.4419,8.2592,8.0762,7.893,7.7816,7.6778,7.574,7.4701,7.3661,7.262,7.1579,7.0537,6.9495,6.8667,6.8085,6.7502,6.6917,6.6331,6.5744,6.5155,6.4564,6.3972
12.5103,12.4718,12.4334,12.3949,12.3565,12.3182,12.2798,12.2415,12.2032,12.1621,12.1153,12.0687,12.0222,11.9759,11.9296,11.8835,11.8375,11.7916,11.7458,11.6711,11.5931,11.515,11.4369,11.3588,11.2807,11.2025,11.1243,11.046,10.9884,10.9538,10.9193,10.8848,10.8502,10.8157,10.7811,10.7465,10.7119,10.6804,10.7229,10.7654,10.8078,10.8502,10.8925,10.9349,10.9772,11.0194,11.0617,11.0857,11.0982,11.1107,11.1232,11.1357,11.1482,11.1607,11.1731,11.1856,11.1992,11.2181,11.2369,11.2557,11.2745,11.2933,11.3121,11.3309,11.3497,11.3685,11.3246,11.2607,11.1968,11.133,11.0692,11.0055,10.9418,10.8782,10.8146,10.786,10.8284,10.8709,10.9132,10.9556,10.9979,11.0401,11.0824,11.1245,11.1667,11.1906,11.2126,11.2345,11.2565,11.2784,11.3004,11.3223,11.3442,11.3662,11.3563,11.3104,11.2643,11.218,11.1714,11.1246,11.0775,11.0301,10.9825,10.9341,10.8743,10.8143,10.7543,10.6941,10.6339,10.5735,10.513,10.4525,10.3917,10.328,10.2624,10.1967,10.131,10.0652,9.9994,9.9336,9.8678,9.8019,9.752,9.7769,9.8018,9.8267,9.8517,9.8766,9.9016,9.9266,9.9516,9.9766,9.9421,9.8865,9.8306,9.7744,9.7178,9.6608,9.6034,9.5456,9.4874,9.3903,9.2063,9.0221,8.8377,8.6531,8.4683,8.2832,8.098,7.9125,7.7268,7.6123,7.5084,7.4044,7.3003,7.1962,7.092,6.9877,6.8834,6.779,6.6941,6.6348,6.5754,6.5158,6.4561,6.3962,6.3362,6.2761,6.2158
12.5063,12.4672,12.428,12.3889,12.3498,12.3107,12.2716,12.2325,12.1935,12.1501,12.0985,12.047,11.9956,11.9444,11.8933,11.8423,11.7914,11.7407,11.69,11.615,11.5376,11.4601,11.3826,11.3051,11.2276,11.15,11.0724,10.9948,10.9377,10.903,10.8684,10.8337,10.799,10.7643,10.7295,10.6948,10.66,10.629,10.6734,10.7178,10.7621,10.8064,10.8507,10.895,10.9392,10.9834,11.0276,11.0526,11.0656,11.0787,11.0917,11.1048,11.1178,11.1308,11.1438,11.1568,11.1708,11.1897,11.2085,11.2274,11.2462,11.265,11.2838,11.3026,11.3213,11.3401,11.3003,11.2414,11.1825,11.1237,11.0649,11.0062,10.9475,10.8889,10.8304,10.8036,10.8437,10.8837,10.9237,10.9637,11.0036,11.0435,11.0834,11.1232,11.1629,11.1868,11.2088,11.2307,11.2527,11.2746,11.2966,11.3185,11.3405,11.3624,11.3498,11.296,11.242,11.1878,11.1333,11.0785,11.0235,10.9682,10.9127,10.8567,10.7947,10.7326,10.6704,10.6081,10.5456,10.4831,10.4204,10.3577,10.2948,10.2302,10.1646,10.0988,10.0331,9.9673,9.9015,9.8356,9.7697,9.7038,9.6519,9.6778,9.7037,9.7295,9.7554,9.7813,9.8072,9.8332,9.8591,9.8851,9.8485,9.7869,9.7249,9.6626,9.5999,9.5368,9.4733,9.4095,9.3452,9.2468,9.0602,8.8735,8.6866,8.4995,8.3122,8.1247,7.9369,7.749,7.5608,7.4431,7.339,7.2349,7.1306,7.0264,6.922,6.8176,6.7131,6.6085,6.5215,6.4611,6.4006,6.3399,6.2791,6.2182,6.1571,6.0959,6.0345
12.5024,12.4625,12.4226,12.3828,12.3429,12.3031,12.2633,12.2236,12.1838,12.138,12.0815,12.0251,11.9689,11.9128,11.8568,11.801,11.7452,11.6896,11.634,11.5589,11.4821,11.4052,11.3283,11.2514,11.1745,11.0975,11.0205,10.9435,10.887,10.8522,10.8174,10.7826,10.7478,10.7129,10.678,10.6431,10.6082,10.5776,10.6239,10.6702,10.7165,10.7627,10.8089,10.8551,10.9012,10.9474,10.9935,11.0195,11.0331,11.0467,11.0602,11.0738,11.0874,11.1009,11.1144,11.128,11.1425,11.1613,11.1802,11.199,11.2178,11.2366,11.2554,11.2742,11.293,11.3118,11.276,11.2221,11.1682,11.1144,11.0606,11.0069,10.9532,10.8996,10.846,10.8212,10.8589,10.8966,10.9342,10.9718,11.0094,11.0469,11.0844,11.1219,11.1592,11.1831,11.205,11.227,11.2489,11.2709,11.2928,11.3148,11.3367,11.3587,11.3436,11.2819,11.2199,11.1578,11.0954,11.0327,10.9698,10.9066,10.8431,10.7794,10.7152,10.6509,10.5865,10.522,10.4574,10.3927,10.3279,10.263,10.1979,10.1325,10.0667,10.001,9.9352,9.8694,9.8035,9.7376,9.6717,9.6057,9.5518,9.5786,9.6054,9.6323,9.6591,9.6859,9.7128,9.7397,9.7666,9.7935,9.7553,9.6876,9.6196,9.5512,9.4824,9.4132,9.3437,9.2737,9.2034,9.1033,8.9143,8.7251,8.5357,8.3461,8.1563,7.9663,7.776,7.5856,7.3949,7.2738,7.1696,7.0653,6.9609,6.8565,6.752,6.6474,6.5428,6.4381,6.3489,6.2875,6.2259,6.1641,6.1023,6.0402,5.9781,5.9158,5.8533
12.4984,12.4578,12.4172,12.3766,12.3361,12.2956,12.255,12.2146,12.1741,12.1258,12.0644,12.0032,11.9421,11.8811,11.8202,11.7595,11.6989,11.6384,11.578,11.5028,11.4266,11.3503,11.2741,11.1978,11.1214,11.045,10.9686,10.8922,10.8364,10.8014,10.7665,10.7315,10.6965,10.6615,10.6265,10.5915,10.5564,10.5262,10.5745,10.6227,10.6709,10.719,10.7671,10.8152,10.8633,10.9113,10.9594,10.9863,11.0005,11.0146,11.0287,11.0428,11.0569,11.071,11.0851,11.0992,11.1141,11.1329,11.1518,11.1706,11.1895,11.2083,11.2271,11.2459,11.2647,11.2834,11.2517,11.2028,11.1539,11.105,11.0562,11.0075,10.9588,10.9101,10.8616,10.8389,10.8742,10.9095,10.9448,10.98,11.0152,11.0504,11.0855,11.1206,11.1556,11.1793,11.2012,11.2232,11.2451,11.2671,11.289,11.311,11.3329,11.3549,11.3375,11.2679,11.1981,11.128,11.0577,10.9871,10.9163,10.8452,10.7738,10.7022,10.6358,10.5693,10.5028,10.4361,10.3693,10.3025,10.2355,10.1684,10.1011,10.0347,9.9689,9.9031,9.8373,9.7714,9.7055,9.6396,9.5736,9.5076,9.4517,9.4794,9.5072,9.5349,9.5627,9.5905,9.6183,9.6461,9.674,9.7018,9.6624,9.5886,9.5145,9.44,9.3652,9.2899,9.2143,9.1383,9.0619,8.96,8.7685,8.5768,8.3849,8.1928,8.0005,7.808,7.6153,7.4223,7.2292,7.1046,7.0002,6.8958,6.7913,6.6867,6.582,6.4773,6.3725,6.2677,6.1765,6.1139,6.0513,5.9884,5.9255,5.8624,5.7991,5.7357,5.6722
12.4945,12.4531,12.4118,12.3705,12.3292,12.288,12.2467,12.2055,12.1643,12.1134,12.0471,11.981,11.9151,11.8492,11.7835,11.7179,11.6524,11.5871,11.5218,11.4467,11.3711,11.2955,11.2198,11.1441,11.0684,10.9926,10.9168,10.841,10.7857,10.7506,10.7155,10.6804,10.6453,10.6101,10.575,10.5398,10.5046,10.4748,10.525,10.5752,10.6253,10.6753,10.7254,10.7754,10.8254,10.8753,10.9253,10.9532,10.9679,10.9826,10.9972,11.0119,11.0265,11.0411,11.0557,11.0704,11.0857,11.1046,11.1234,11.1423,11.1611,11.1799,11.1987,11.2175,11.2363,11.2551,11.2273,11.1834,11.1395,11.0956,11.0518,11.008,10.9643,10.9207,10.8771,10.8566,10.8895,10.9225,10.9554,10.9883,11.0211,11.0539,11.0867,11.1194,11.152,11.1755,11.1975,11.2194,11.2414,11.2633,11.2853,11.3072,11.3292,11.3511,11.3317,11.2542,11.1765,11.0985,11.0203,10.9418,10.8631,10.7841,10.7048,10.6253,10.5564,10.4878,10.4191,10.3503,10.2813,10.2123,10.1431,10.0738,10.0044,9.9369,9.8711,9.8053,9.7394,9.6735,9.6076,9.5416,9.4756,9.4096,9.3515,9.3802,9.4089,9.4376,9.4663,9.495,9.5238,9.5525,9.5813,9.6101,9.5698,9.49,9.4098,9.3292,9.2483,9.167,9.0853,9.0032,8.9208,8.8169,8.6229,8.4287,8.2343,8.0397,7.8449,7.6499,7.4547,7.2593,7.0636,6.9354,6.8308,6.7263,6.6216,6.5169,6.4121,6.3072,6.2022,6.0972,6.0041,5.9405,5.8767,5.8128,5.7488,5.6846,5.6202,5.5558,5.4911
12.4904,12.4484,12.4063,12.3643,12.3223,12.2804,12.2384,12.1965,12.1546,12.1008,12.0297,11.9588,11.8879,11.8172,11.7467,11.6762,11.6059,11.5356,11.4655,11.3907,11.3157,11.2406,11.1656,11.0905,11.0153,10.9401,10.865,10.7897,10.7351,10.6998,10.6646,10.6293,10.594,10.5587,10.5234,10.4881,10.4528,10.4235,10.4756,10.5277,10.5797,10.6317,10.6836,10.7355,10.7874,10.8393,10.8912,10.9201,10.9353,10.9505,10.9657,10.9809,10.9961,11.0113,11.0264,11.0415,11.0574,11.0762,11.0951,11.1139,11.1327,11.1516,11.1704,11.1892,11.208,11.2267,11.2029,11.1639,11.125,11.0861,11.0473,11.0085,10.9698,10.9311,10.8925,10.8743,10.9049,10.9355,10.966,10.9965,11.027,11.0575,11.0878,11.1182,11.1485,11.1717,11.1937,11.2156,11.2376,11.2596,11.2815,11.3035,11.3254,11.3474,11.3261,11.2407,11.1551,11.0692,10.9831,10.8967,10.8101,10.7232,10.636,10.5486,10.4772,10.4064,10.3355,10.2645,10.1934,10.1221,10.0508,9.9794,9.9078,9.8391,9.7733,9.7074,9.6415,9.5756,9.5096,9.4436,9.3776,9.3115,9.2513,9.2809,9.3105,9.3402,9.3698,9.3995,9.4292,9.4589,9.4886,9.5183,9.4776,9.3917,9.3054,9.2188,9.1318,9.0444,8.9567,8.8685,8.78,8.6739,8.4774,8.2807,8.0839,7.8868,7.6895,7.492,7.2943,7.0964,6.8982,6.7662,6.6615,6.5567,6.4519,6.347,6.2421,6.1371,6.032,5.9268,5.8318,5.7671,5.7023,5.6373,5.5721,5.5069,5.4414,5.3759,5.3102
12.4864,12.4436,12.4009,12.3581,12.3154,12.2727,12.2301,12.1874,12.1448,12.0881,12.0122,11.9364,11.8607,11.7851,11.7097,11.6344,11.5591,11.484,11.409,11.3347,11.2602,11.1858,11.1113,11.0368,10.9623,10.8877,10.8131,10.7385,10.6844,10.649,10.6136,10.5782,10.5428,10.5074,10.4719,10.4364,10.4009,10.3722,10.4262,10.4802,10.5341,10.588,10.6419,10.6957,10.7495,10.8033,10.8571,10.887,10.9028,10.9185,10.9342,10.95,10.9657,10.9814,10.9971,11.0127,11.029,11.0478,11.0667,11.0855,11.1044,11.1232,11.142,11.1608,11.1796,11.1984,11.1784,11.1445,11.1105,11.0766,11.0428,11.0089,10.9752,10.9415,10.9079,10.892,10.9203,10.9485,10.9767,11.0049,11.033,11.061,11.0891,11.1171,11.145,11.1679,11.1899,11.2119,11.2338,11.2558,11.2777,11.2997,11.3216,11.3436,11.3207,11.2274,11.1339,11.0401,10.9461,10.8519,10.7573,10.6626,10.5675,10.4722,10.398,10.325,10.2519,10.1788,10.1055,10.0321,9.9586,9.885,9.8113,9.7414,9.6755,9.6096,9.5437,9.4777,9.4117,9.3456,9.2795,9.2134,9.151,9.1815,9.2121,9.2427,9.2733,9.3039,9.3346,9.3652,9.3959,9.4265,9.3856,9.2937,9.2014,9.1087,9.0156,8.9222,8.8284,8.7342,8.6396,8.531,8.3321,8.1329,7.9335,7.734,7.5342,7.3342,7.134,6.9336,6.733,6.597,6.4921,6.3872,6.2823,6.1772,6.0721,5.967,5.8617,5.7564,5.6596,5.5938,5.5279,5.4618,5.3956,5.3292,5.2627,5.1961,5.1293
12.4823,12.4388,12.3954,12.3519,12.3085,12.2651,12.2217,12.1783,12.135,12.0753,11.9945,11.9138,11.8333,11.7529,11.6726,11.5924,11.5123,11.4324,11.3525,11.2786,11.2048,11.131,11.0571,10.9832,10.9093,10.8353,10.7613,10.6873,10.6337,10.5982,10.5627,10.5271,10.4915,10.456,10.4204,10.3847,10.3491,10.3209,10.3768,10.4327,10.4885,10.5444,10.6002,10.6559,10.7116,10.7674,10.823,10.8539,10.8702,10.8865,10.9027,10.919,10.9352,10.9515,10.9677,10.9839,11.0006,11.0195,11.0383,11.0572,11.076,11.0948,11.1137,11.1325,11.1513,11.1701,11.1539,11.1249,11.096,11.067,11.0382,11.0093,10.9806,10.9519,10.9232,10.9098,10.9357,10.9616,10.9874,11.0132,11.039,11.0647,11.0904,11.116,11.1416,11.1642,11.1861,11.2081,11.23,11.252,11.274,11.2959,11.3179,11.3398,11.3155,11.2144,11.1129,11.0113,10.9094,10.8073,10.7049,10.6022,10.4993,10.396,10.3188,10.2437,10.1685,10.0932,10.0177,9.9422,9.8665,9.7907,9.7148,9.6436,9.5777,9.5117,9.4458,9.3798,9.3137,9.2476,9.1815,9.1154,9.0507,9.0822,9.1137,9.1452,9.1768,9.2083,9.2399,9.2715,9.3031,9.3347,9.294,9.196,9.0976,8.9989,8.8998,8.8003,8.7004,8.6002,8.4995,8.3883,8.1869,7.9852,7.7834,7.5813,7.3791,7.1766,6.9739,6.771,6.5679,6.4278,6.3228,6.2177,6.1126,6.0074,5.9022,5.7969,5.6915,5.586,5.4875,5.4206,5.3536,5.2864,5.2191,5.1517,5.0841,5.0164,4.9485
12.4782,12.434,12.3898,12.3457,12.3015,12.2574,12.2133,12.1692,12.1252,12.0623,11.9767,11.8911,11.8057,11.7205,11.6353,11.5503,11.4654,11.3806,11.2959,11.2226,11.1494,11.0762,11.0029,10.9296,10.8562,10.7829,10.7095,10.6361,10.583,10.5474,10.5117,10.476,10.4403,10.4046,10.3688,10.3331,10.2973,10.2696,10.3274,10.3852,10.443,10.5007,10.5584,10.6161,10.6738,10.7314,10.789,10.8208,10.8376,10.8544,10.8712,10.888,10.9048,10.9216,10.9384,10.9551,10.9722,10.9911,11.01,11.0288,11.0476,11.0665,11.0853,11.1041,11.1229,11.1417,11.1294,11.1054,11.0814,11.0574,11.0335,11.0096,10.9858,10.9621,10.9385,10.9277,10.9512,10.9747,10.9982,11.0216,11.045,11.0684,11.0917,11.115,11.1382,11.1604,11.1823,11.2043,11.2263,11.2482,11.2702,11.2922,11.3141,11.3361,11.3106,11.2015,11.0922,10.9827,10.8729,10.7629,10.6526,10.5421,10.4313,10.3202,10.2398,10.1625,10.0851,10.0076,9.93,9.8523,9.7745,9.6965,9.6185,9.5458,9.4799,9.4139,9.3479,9.2818,9.2158,9.1496,9.0835,9.0173,8.9511,8.9827,9.0152,9.0477,9.0801,9.1126,9.1452,9.1777,9.2102,9.2428,9.2027,9.0986,8.9942,8.8894,8.7843,8.6787,8.5728,8.4665,8.3598,8.2458,8.0418,7.8377,7.6334,7.4288,7.2241,7.0191,6.814,6.6086,6.403,6.2586,6.1534,6.0482,5.943,5.8376,5.7322,5.6268,5.5212,5.4156,5.3154,5.2474,5.1793,5.1111,5.0427,4.9742,4.9055,4.8367,4.7678
12.4741,12.4292,12.3843,12.3394,12.2945,12.2497,12.2049,12.1601,12.1153,12.0492,11.9587,11.8683,11.7781,11.6879,11.5979,11.5081,11.4183,11.3286,11.2392,11.1666,11.094,11.0214,10.9487,10.876,10.8032,10.7305,10.6577,10.5849,10.5324,10.4966,10.4607,10.4249,10.389,10.3532,10.3173,10.2814,10.2455,10.2183,10.2781,10.3378,10.3975,10.4571,10.5167,10.5763,10.6359,10.6954,10.7549,10.7877,10.805,10.8224,10.8397,10.8571,10.8744,10.8917,10.909,10.9263,10.9439,10.9627,10.9816,11.0004,11.0193,11.0381,11.0569,11.0758,11.0946,11.1134,11.1048,11.0857,11.0667,11.0477,11.0288,11.0099,10.9911,10.9723,10.9536,10.9455,10.9667,10.9879,11.009,11.03,11.0511,11.0721,11.0931,11.114,11.1348,11.1566,11.1786,11.2005,11.2225,11.2445,11.2664,11.2884,11.3103,11.3323,11.3058,11.1889,11.0717,10.9543,10.8367,10.7188,10.6006,10.4822,10.3635,10.2445,10.1608,10.0814,10.0018,9.9221,9.8424,9.7625,9.6825,9.6024,9.5222,9.448,9.3821,9.3161,9.25,9.1839,9.1178,9.0516,8.9855,8.9192,8.853,8.8833,8.9167,8.9501,8.9835,9.0169,9.0504,9.0838,9.1173,9.1508,9.1117,9.0016,8.8911,8.7803,8.6691,8.5575,8.4455,8.3332,8.2204,8.1034,7.8969,7.6903,7.4835,7.2765,7.0693,6.8618,6.6542,6.4463,6.2382,6.0894,5.9841,5.8788,5.7734,5.6679,5.5623,5.4567,5.351,5.2453,5.1447,5.0774,5.0101,4.9427,4.8754,4.8079,4.7405,4.6729,4.6054
12.47,12.4243,12.3787,12.3331,12.2875,12.242,12.1964,12.1509,12.1054,12.0359,11.9406,11.8453,11.7503,11.6553,11.5604,11.4657,11.3711,11.2766,11.1826,11.1106,11.0386,10.9666,10.8945,10.8224,10.7503,10.6781,10.6059,10.5337,10.4817,10.4457,10.4098,10.3738,10.3378,10.3018,10.2657,10.2297,10.1936,10.1671,10.2288,10.2904,10.352,10.4135,10.4751,10.5366,10.598,10.6595,10.7209,10.7546,10.7725,10.7904,10.8083,10.8261,10.844,10.8618,10.8797,10.8975,10.9155,10.9344,10.9532,10.9721,10.9909,11.0098,11.0286,11.0474,11.0662,11.085,11.0802,11.0661,11.052,11.038,11.024,11.0101,10.9962,10.9824,10.9687,10.9634,10.9822,11.001,11.0198,11.0385,11.0572,11.0759,11.0945,11.113,11.1315,11.1528,11.1748,11.1968,11.2187,11.2407,11.2627,11.2846,11.3066,11.3285,11.3013,11.1765,11.0515,10.9262,10.8007,10.6749,10.5489,10.4226,10.296,10.1692,10.0819,10.0003,9.9186,9.8368,9.7548,9.6728,9.5906,9.5084,9.426,9.3503,9.2843,9.2182,9.1521,9.086,9.0198,8.9537,8.8874,8.8212,8.7549,8.7837,8.8181,8.8524,8.8867,8.9194,8.952,8.9845,9.017,9.0494,9.0101,8.8931,8.7761,8.659,8.5418,8.4246,8.3073,8.19,8.0726,7.9541,7.746,7.538,7.3299,7.1218,6.9138,6.7057,6.4976,6.2894,6.0813,5.9307,5.8285,5.7265,5.6247,5.523,5.4216,5.3203,5.2193,5.1184,5.0202,4.953,4.8857,4.8183,4.751,4.6836,4.6161,4.5486,4.4811
12.4278,12.3809,12.3342,12.2875,12.2409,12.1944,12.148,12.1017,12.0554,11.9841,11.8873,11.7904,11.6935,11.5965,11.4995,11.4025,11.3055,11.2084,11.1122,11.043,10.9736,10.904,10.8343,10.7645,10.6945,10.6243,10.5541,10.4837,10.4334,10.3985,10.3635,10.3284,10.2932,10.2579,10.2225,10.187,10.1515,10.1261,10.1893,10.2526,10.3158,10.3789,10.4421,10.5053,10.5684,10.6316,10.6947,10.7293,10.7477,10.7662,10.7846,10.8031,10.8215,10.84,10.8585,10.877,10.8954,10.913,10.9306,10.9483,10.9658,10.9834,11.0008,11.0182,11.0355,11.0528,11.0503,11.04,11.0297,11.0193,11.0089,10.9984,10.9879,10.9773,10.9667,10.9626,10.978,10.9933,11.0085,11.0236,11.0386,11.0535,11.0683,11.083,11.0975,11.1153,11.1336,11.1518,11.1698,11.1875,11.205,11.2222,11.2392,11.256,11.2242,11.0906,10.9568,10.8228,10.6886,10.5543,10.4198,10.2851,10.1502,10.015,9.9231,9.8384,9.7537,9.6689,9.584,9.4991,9.4142,9.3292,9.2441,9.1672,9.1033,9.0395,8.9759,8.9125,8.8493,8.7863,8.7235,8.6609,8.5985,8.6239,8.6566,8.6892,8.7217,8.7542,8.7866,8.8189,8.8512,8.8834,8.8479,8.7309,8.6138,8.4967,8.3796,8.2624,8.1451,8.0278,7.9104,7.7929,7.5871,7.3797,7.1724,6.965,6.7576,6.5502,6.3428,6.1353,5.9279,5.776,5.6773,5.5788,5.4805,5.3823,5.2844,5.1867,5.0891,4.9918,4.8957,4.8285,4.7612,4.6939,4.6266,4.5592,4.4917,4.4243,4.3567
12.3601,12.3097,12.2593,12.2091,12.159,12.1089,12.0589,12.0091,11.9593,11.8854,11.7885,11.6915,11.5946,11.4976,11.4005,11.3034,11.2063,11.1092,11.0135,10.9501,10.8866,10.8229,10.759,10.695,10.6309,10.5666,10.5022,10.4376,10.3935,10.3643,10.3351,10.3057,10.2762,10.2467,10.2171,10.1874,10.1576,10.1381,10.2032,10.2682,10.3333,10.3984,10.4634,10.5284,10.5934,10.6585,10.7235,10.7596,10.7796,10.7996,10.8196,10.8396,10.8596,10.8797,10.8997,10.9198,10.9375,10.9442,10.9508,10.9575,10.9641,10.9706,10.9771,10.9836,10.9899,10.9962,10.9893,10.9771,10.9648,10.9525,10.9401,10.9277,10.9153,10.9028,10.8903,10.8835,10.8948,10.906,10.9171,10.9281,10.939,10.9497,10.9604,10.971,10.9814,10.9921,11.0027,11.0131,11.0232,11.0332,11.0429,11.0523,11.0615,11.0704,11.0341,10.8966,10.759,10.6212,10.4832,10.3451,10.2067,10.0681,9.9294,9.7905,9.6977,9.6136,9.5296,9.4454,9.3612,9.277,9.1927,9.1084,9.024,8.9494,8.8916,8.8339,8.7764,8.7191,8.6621,8.6052,8.5485,8.492,8.4358,8.4594,8.4919,8.5243,8.5566,8.5889,8.6211,8.6533,8.6854,8.7174,8.6857,8.5687,8.4516,8.3345,8.2173,8.1001,7.9828,7.8655,7.7481,7.6307,7.4281,7.2215,7.0148,6.8081,6.6014,6.3947,6.1879,5.9812,5.7744,5.621,5.5258,5.4308,5.336,5.2414,5.147,5.0528,4.9587,4.8649,4.7713,4.7041,4.6368,4.5695,4.5022,4.4348,4.3674,4.2999,4.2324
12.2923,12.2383,12.1844,12.1306,12.0769,12.0233,11.9698,11.9163,11.863,11.7867,11.6897,11.5927,11.4957,11.3986,11.3015,11.2044,11.1072,11.01,10.915,10.8574,10.7997,10.7419,10.6839,10.6257,10.5674,10.509,10.4504,10.3917,10.3536,10.3302,10.3067,10.2831,10.2594,10.2356,10.2117,10.1878,10.1637,10.1501,10.217,10.284,10.3509,10.4178,10.4847,10.5516,10.6185,10.6854,10.7522,10.7899,10.8114,10.833,10.8546,10.8761,10.8977,10.9193,10.9409,10.9626,10.9797,10.9754,10.9711,10.9668,10.9624,10.958,10.9535,10.949,10.9444,10.9397,10.9283,10.9141,10.8999,10.8857,10.8714,10.8571,10.8428,10.8283,10.8139,10.8045,10.8117,10.8187,10.8257,10.8326,10.8394,10.846,10.8526,10.8591,10.8654,10.8691,10.8719,10.8745,10.8769,10.879,10.8809,10.8826,10.884,10.8851,10.8441,10.7028,10.5614,10.4197,10.2779,10.1359,9.9937,9.8513,9.7088,9.566,9.4721,9.3888,9.3054,9.2219,9.1384,9.0549,8.9713,8.8876,8.8039,8.7313,8.6796,8.6281,8.5767,8.5256,8.4746,8.4238,8.3733,8.3229,8.2728,8.295,8.3273,8.3595,8.3916,8.4237,8.4557,8.4877,8.5196,8.5514,8.5235,8.4065,8.2894,8.1723,8.0551,7.9379,7.8206,7.7032,7.5859,7.4684,7.2691,7.0631,6.8571,6.6511,6.4451,6.2391,6.033,5.827,5.6209,5.4658,5.3741,5.2826,5.1913,5.1002,5.0093,4.9186,4.8281,4.7377,4.6476,4.5796,4.5124,4.4451,4.3778,4.3104,4.243,4.1756,4.1081
12.2244,12.1668,12.1094,12.052,11.9947,11.9376,11.8805,11.8235,11.7666,11.688,11.5909,11.4939,11.3967,11.2996,11.2025,11.1053,11.008,10.9108,10.8166,10.7649,10.713,10.661,10.6088,10.5565,10.504,10.4514,10.3987,10.3458,10.3139,10.2962,10.2785,10.2606,10.2426,10.2246,10.2064,10.1882,10.17,10.1621,10.2309,10.2997,10.3685,10.4372,10.506,10.5748,10.6435,10.7123,10.781,10.8202,10.8433,10.8664,10.8896,10.9127,10.9358,10.959,10.9822,11.0053,11.0218,11.0066,10.9913,10.9761,10.9607,10.9454,10.93,10.9145,10.8989,10.8832,10.8673,10.8512,10.8351,10.8189,10.8027,10.7865,10.7702,10.7539,10.7375,10.7255,10.7286,10.7316,10.7344,10.7372,10.7399,10.7424,10.7449,10.7472,10.7494,10.7463,10.7413,10.7361,10.7307,10.7251,10.7192,10.713,10.7066,10.7,10.6542,10.5091,10.3638,10.2184,10.0727,9.9269,9.7809,9.6347,9.4883,9.3416,9.2466,9.1639,9.0812,8.9984,8.9156,8.8327,8.7498,8.6668,8.5838,8.513,8.4674,8.422,8.3768,8.3317,8.2869,8.2422,8.1978,8.1535,8.1095,8.1305,8.1626,8.1946,8.2266,8.2585,8.2903,8.3221,8.3538,8.3854,8.3613,8.2442,8.1272,8.01,7.8929,7.7756,7.6583,7.541,7.4236,7.3061,7.1101,6.9048,6.6995,6.4941,6.2888,6.0835,5.8781,5.6727,5.4674,5.3103,5.2222,5.1342,5.0464,4.9588,4.8714,4.7842,4.6972,4.6103,4.5237,4.4552,4.388,4.3207,4.2534,4.1861,4.1187,4.0512,3.9838
12.1563,12.0952,12.0342,11.9733,11.9125,11.8517,11.7911,11.7305,11.6701,11.5892,11.4921,11.395,11.2978,11.2006,11.1034,11.0062,10.9089,10.8116,10.7183,10.6724,10.6264,10.5802,10.5339,10.4874,10.4408,10.394,10.3471,10.3001,10.2742,10.2623,10.2503,10.2382,10.2259,10.2136,10.2012,10.1888,10.1762,10.1741,10.2448,10.3154,10.3861,10.4567,10.5273,10.5979,10.6686,10.7392,10.8098,10.8505,10.8752,10.8999,10.9246,10.9492,10.9739,10.9987,11.0234,11.0481,11.064,11.0378,11.0116,10.9854,10.9591,10.9328,10.9065,10.88,10.8535,10.8269,10.8063,10.7883,10.7703,10.7522,10.7341,10.7159,10.6977,10.6795,10.6612,10.6467,10.6456,10.6444,10.6432,10.6419,10.6404,10.6389,10.6372,10.6354,10.6336,10.6237,10.6109,10.5979,10.5847,10.5713,10.5576,10.5437,10.5295,10.5151,10.4645,10.3155,10.1664,10.0171,9.8676,9.718,9.5681,9.4181,9.2679,9.1174,9.0211,8.939,8.857,8.7749,8.6927,8.6105,8.5282,8.4459,8.3636,8.2945,8.255,8.2157,8.1766,8.1376,8.0989,8.0603,8.022,7.9839,7.946,7.9661,7.998,8.0298,8.0616,8.0933,8.1249,8.1565,8.188,8.2194,8.199,8.082,7.9649,7.8478,7.7306,7.6134,7.4961,7.3787,7.2613,7.1439,6.951,6.7464,6.5418,6.3371,6.1325,5.9278,5.7231,5.5185,5.3138,5.1547,5.07,4.9856,4.9013,4.8172,4.7333,4.6495,4.566,4.4827,4.3996,4.3307,4.2635,4.1963,4.129,4.0617,3.9943,3.9269,3.8595
12.0881,12.0235,11.9589,11.8944,11.83,11.7658,11.7016,11.6375,11.5734,11.4905,11.3933,11.2961,11.1989,11.1017,11.0044,10.9071,10.8097,10.7124,10.6202,10.5802,10.54,10.4996,10.4591,10.4185,10.3777,10.3367,10.2957,10.2545,10.2347,10.2285,10.2222,10.2158,10.2093,10.2028,10.1961,10.1894,10.1826,10.1862,10.2587,10.3312,10.4037,10.4762,10.5487,10.6212,10.6936,10.7661,10.8386,10.8809,10.9071,10.9333,10.9596,10.9858,11.0121,11.0383,11.0646,11.0909,11.1062,11.0691,11.032,10.9948,10.9576,10.9203,10.883,10.8456,10.8082,10.7706,10.7453,10.7254,10.7055,10.6855,10.6654,10.6454,10.6252,10.6051,10.5848,10.5678,10.5627,10.5574,10.5521,10.5466,10.5411,10.5354,10.5296,10.5238,10.5178,10.5012,10.4806,10.4599,10.4389,10.4177,10.3962,10.3745,10.3526,10.3304,10.2748,10.122,9.9691,9.816,9.6627,9.5092,9.3555,9.2017,9.0476,8.8933,8.7955,8.7141,8.6328,8.5513,8.4698,8.3883,8.3067,8.2251,8.1434,8.0757,8.0423,8.0091,7.9761,7.9432,7.9106,7.8782,7.846,7.8139,7.7821,7.8017,7.8334,7.865,7.8966,7.9281,7.9595,7.9909,8.0222,8.0534,8.0368,7.9198,7.8027,7.6856,7.5684,7.4511,7.3338,7.2165,7.0991,6.9816,6.7918,6.5879,6.384,6.18,5.9761,5.7721,5.5681,5.3641,5.1601,4.9988,4.9176,4.8367,4.7559,4.6753,4.5949,4.5146,4.4346,4.3548,4.2752,4.2063,4.1391,4.0719,4.0046,3.9373,3.8699,3.8026,3.7351
12.0198,11.9516,11.8835,11.8154,11.7475,11.6797,11.6119,11.5443,11.4767,11.3918,11.2945,11.1973,11.1,11.0027,10.9054,10.808,10.7106,10.6131,10.5222,10.488,10.4536,10.4191,10.3844,10.3496,10.3146,10.2795,10.2443,10.2089,10.1952,10.1948,10.1942,10.1936,10.1928,10.192,10.1911,10.1901,10.189,10.1982,10.2726,10.347,10.4213,10.4957,10.57,10.6444,10.7187,10.793,10.8673,10.9112,10.939,10.9668,10.9946,11.0224,11.0502,11.078,11.1058,11.1337,11.1485,11.1004,11.0523,11.0042,10.9561,10.9079,10.8597,10.8113,10.7629,10.7145,10.6844,10.6625,10.6407,10.6188,10.5968,10.5748,10.5528,10.5307,10.5085,10.489,10.4798,10.4704,10.461,10.4514,10.4418,10.432,10.4221,10.4122,10.4021,10.3789,10.3505,10.322,10.2932,10.2643,10.235,10.2056,10.1758,10.1459,10.0852,9.9287,9.7719,9.6149,9.4578,9.3005,9.143,8.9853,8.8275,8.6694,8.5699,8.4892,8.4085,8.3277,8.2469,8.166,8.0851,8.0042,7.9231,7.8566,7.8294,7.8023,7.7753,7.7486,7.7221,7.6958,7.6696,7.6437,7.618,7.6373,7.6688,7.7002,7.7316,7.7629,7.7941,7.8253,7.8564,7.8875,7.8746,7.7576,7.6405,7.5234,7.4062,7.2889,7.1716,7.0542,6.9368,6.8193,6.6327,6.4294,6.2262,6.0229,5.8196,5.6164,5.4131,5.2098,5.0064,4.8427,4.765,4.6875,4.6102,4.5331,4.4562,4.3795,4.303,4.2267,4.1505,4.0818,4.0147,3.9475,3.8802,3.8129,3.7456,3.6782,3.6108
11.9513,11.8796,11.8079,11.7364,11.6649,11.5935,11.5222,11.451,11.3799,11.293,11.1957,11.0984,11.0011,10.9037,10.8063,10.7089,10.6114,10.5139,10.4244,10.396,10.3674,10.3387,10.3099,10.2809,10.2517,10.2225,10.1931,10.1635,10.1559,10.1612,10.1663,10.1714,10.1764,10.1813,10.1861,10.1908,10.1955,10.2103,10.2866,10.3628,10.439,10.5152,10.5914,10.6676,10.7438,10.82,10.8961,10.9415,10.9709,11.0002,11.0296,11.0589,11.0883,11.1177,11.147,11.1764,11.1907,11.1317,11.0727,11.0137,10.9546,10.8955,10.8363,10.7771,10.7178,10.6584,10.6234,10.5997,10.5759,10.5521,10.5282,10.5043,10.4803,10.4563,10.4323,10.4103,10.397,10.3835,10.37,10.3563,10.3426,10.3287,10.3147,10.3006,10.2864,10.2567,10.2206,10.1843,10.1478,10.111,10.074,10.0368,9.9993,9.9616,9.8958,9.7354,9.5748,9.414,9.2531,9.092,8.9307,8.7691,8.6075,8.4456,8.3442,8.2642,8.1842,8.1041,8.024,7.9438,7.8635,7.7832,7.7029,7.6373,7.6162,7.5952,7.5743,7.5537,7.5333,7.5131,7.493,7.4732,7.4536,7.4729,7.5042,7.5354,7.5666,7.5977,7.6287,7.6597,7.6906,7.7215,7.7124,7.5954,7.4783,7.3611,7.2439,7.1266,7.0093,6.892,6.7745,6.657,6.4735,6.2709,6.0683,5.8658,5.6632,5.4606,5.258,5.0553,4.8527,4.6863,4.6121,4.5382,4.4644,4.3908,4.3173,4.2441,4.1711,4.0983,4.0256,3.9574,3.8902,3.823,3.7558,3.6885,3.6212,3.5539,3.4865
11.8828,11.8075,11.7322,11.6571,11.5821,11.5072,11.4324,11.3576,11.2829,11.1943,11.097,10.9996,10.9022,10.8047,10.7073,10.6098,10.5123,10.4147,10.3266,10.3041,10.2814,10.2585,10.2355,10.2123,10.189,10.1655,10.1419,10.1182,10.1166,10.1276,10.1385,10.1493,10.16,10.1707,10.1812,10.1917,10.202,10.2224,10.3005,10.3786,10.4567,10.5347,10.6128,10.6908,10.7689,10.8469,10.9249,10.9719,11.0028,11.0337,11.0646,11.0955,11.1264,11.1573,11.1883,11.2192,11.233,11.1631,11.0931,11.0232,10.9532,10.8832,10.8131,10.7429,10.6727,10.6024,10.5625,10.5368,10.5111,10.4854,10.4596,10.4338,10.4079,10.382,10.356,10.3317,10.3142,10.2967,10.279,10.2613,10.2434,10.2255,10.2074,10.1892,10.1709,10.1347,10.0909,10.0468,10.0025,9.958,9.9132,9.8682,9.823,9.7775,9.7064,9.5422,9.3778,9.2132,9.0485,8.8835,8.7184,8.5531,8.3876,8.2218,8.1186,8.0393,7.9599,7.8805,7.801,7.7215,7.6419,7.5623,7.4826,7.4178,7.4027,7.3878,7.3731,7.3586,7.3442,7.3301,7.3162,7.3024,7.2889,7.3085,7.3396,7.3706,7.4016,7.4325,7.4634,7.4942,7.5249,7.5555,7.5502,7.4332,7.316,7.1989,7.0817,6.9644,6.8471,6.7297,6.6123,6.4948,6.3142,6.1123,5.9105,5.7086,5.5067,5.3047,5.1028,4.9009,4.6989,4.5297,4.4591,4.3886,4.3183,4.2482,4.1782,4.1085,4.039,3.9696,3.9005,3.8329,3.7658,3.6986,3.6314,3.5641,3.4968,3.4295,3.3621
11.8141,11.7352,11.6564,11.5778,11.4992,11.4208,11.3424,11.2641,11.1859,11.0956,10.9981,10.9007,10.8033,10.7058,10.6082,10.5107,10.4131,10.3155,10.2291,10.2123,10.1954,10.1784,10.1612,10.1438,10.1263,10.1087,10.0909,10.073,10.0775,10.0942,10.1108,10.1274,10.1438,10.1601,10.1764,10.1926,10.2087,10.2345,10.3145,10.3944,10.4744,10.5543,10.6342,10.7141,10.794,10.8739,10.9538,11.0023,11.0347,11.0671,11.0996,11.132,11.1645,11.197,11.2295,11.262,11.2753,11.1944,11.1136,11.0328,10.9519,10.8709,10.7899,10.7088,10.6277,10.5464,10.5016,10.474,10.4464,10.4188,10.3911,10.3633,10.3355,10.3077,10.2798,10.2531,10.2315,10.2099,10.1881,10.1663,10.1443,10.1223,10.1001,10.0778,10.0555,10.0129,9.9613,9.9095,9.8574,9.8051,9.7526,9.6999,9.6469,9.5936,9.5172,9.3491,9.1809,9.0125,8.844,8.6752,8.5063,8.3371,8.1678,7.9983,7.8929,7.8143,7.7356,7.6568,7.578,7.4992,7.4202,7.3413,7.2623,7.198,7.189,7.1802,7.1716,7.1632,7.1549,7.1469,7.139,7.1314,7.124,7.1441,7.175,7.2058,7.2366,7.2674,7.298,7.3286,7.3591,7.3896,7.388,7.2709,7.1538,7.0367,6.9194,6.8022,6.6848,6.5674,6.45,6.3325,6.1549,5.9537,5.7525,5.5513,5.3501,5.1489,4.9476,4.7464,4.5451,4.3729,4.3057,4.2387,4.1719,4.1053,4.0389,3.9726,3.9066,3.8407,3.7751,3.7085,3.6413,3.5742,3.507,3.4398,3.3725,3.3052,3.2378
11.7452,11.6628,11.5805,11.4983,11.4162,11.3342,11.2523,11.1705,11.0887,10.9968,10.8993,10.8019,10.7043,10.6068,10.5092,10.4116,10.3139,10.2162,10.1317,10.1207,10.1096,10.0984,10.087,10.0754,10.0637,10.0519,10.0399,10.0279,10.0384,10.0609,10.0832,10.1054,10.1276,10.1497,10.1716,10.1935,10.2154,10.2467,10.3285,10.4103,10.4921,10.5738,10.6556,10.7374,10.8191,10.9009,10.9826,11.0326,11.0666,11.1006,11.1346,11.1686,11.2026,11.2367,11.2707,11.3048,11.3176,11.2258,11.1341,11.0423,10.9505,10.8587,10.7668,10.6748,10.5828,10.4906,10.4407,10.4112,10.3817,10.3521,10.3225,10.2929,10.2632,10.2334,10.2036,10.1745,10.1489,10.1231,10.0973,10.0714,10.0453,10.0192,9.9929,9.9666,9.9401,9.8912,9.8319,9.7723,9.7125,9.6525,9.5922,9.5317,9.4709,9.4099,9.328,9.1562,8.9841,8.8119,8.6396,8.467,8.2942,8.1213,7.9481,7.7748,7.6672,7.5892,7.5112,7.4331,7.355,7.2768,7.1986,7.1203,7.042,6.978,6.9751,6.9724,6.9698,6.9675,6.9653,6.9634,6.9616,6.9601,6.9587,6.9797,7.0104,7.0411,7.0717,7.1022,7.1327,7.1631,7.1934,7.2237,7.2258,7.1087,6.9916,6.8744,6.7572,6.6399,6.5226,6.4052,6.2877,6.1702,5.9956,5.7951,5.5945,5.394,5.1935,4.9929,4.7924,4.5918,4.3912,4.2159,4.1522,4.0887,4.0253,3.9622,3.8993,3.8365,3.7739,3.7116,3.6494,3.584,3.5169,3.4498,3.3826,3.3154,3.2481,3.1808,3.1135
11.6763,11.5903,11.5045,11.4188,11.3331,11.2476,11.1621,11.0767,10.9914,10.8981,10.8005,10.703,10.6054,10.5078,10.4101,10.3125,10.2148,10.117,10.0344,10.0292,10.024,10.0185,10.0129,10.0072,10.0013,9.9953,9.9891,9.9829,9.9995,10.0276,10.0557,10.0836,10.1115,10.1393,10.167,10.1946,10.2221,10.2589,10.3425,10.4262,10.5098,10.5934,10.677,10.7606,10.8442,10.9278,11.0114,11.063,11.0985,11.1341,11.1696,11.2052,11.2408,11.2763,11.3119,11.3475,11.3599,11.2573,11.1546,11.052,10.9493,10.8465,10.7437,10.6409,10.5379,10.4348,10.3798,10.3484,10.317,10.2855,10.254,10.2224,10.1908,10.1592,10.1275,10.0961,10.0663,10.0365,10.0066,9.9765,9.9464,9.9162,9.8858,9.8554,9.8248,9.7697,9.7026,9.6353,9.5677,9.5,9.432,9.3637,9.2952,9.2264,9.139,8.9633,8.7875,8.6115,8.4353,8.2589,8.0823,7.9056,7.7286,7.5515,7.4415,7.3642,7.2868,7.2094,7.1319,7.0544,6.9769,6.8993,6.8216,6.7577,6.7609,6.7643,6.7678,6.7715,6.7755,6.7796,6.7839,6.7885,6.7932,6.8153,6.8458,6.8763,6.9067,6.937,6.9673,6.9975,7.0277,7.0578,7.0636,6.9465,6.8294,6.7122,6.595,6.4777,6.3603,6.2429,6.1255,6.0079,5.8362,5.6364,5.4365,5.2367,5.0368,4.837,4.6371,4.4372,4.2373,4.0586,3.9984,3.9384,3.8785,3.8189,3.7594,3.7002,3.6411,3.5822,3.5235,3.4595,3.3925,3.3253,3.2582,3.191,3.1237,3.0564,2.9891
11.6072,11.5177,11.4283,11.3391,11.2499,11.1608,11.0718,10.9829,10.8941,10.7993,10.7017,10.6041,10.5065,10.4088,10.3111,10.2134,10.1156,10.0178,9.9372,9.9379,9.9384,9.9388,9.939,9.9391,9.939,9.9388,9.9384,9.9379,9.9606,9.9945,10.0282,10.0619,10.0955,10.129,10.1624,10.1957,10.2289,10.2711,10.3566,10.4421,10.5275,10.613,10.6985,10.7839,10.8694,10.9548,11.0403,11.0934,11.1305,11.1676,11.2047,11.2418,11.2789,11.316,11.3532,11.3903,11.4022,11.2887,11.1752,11.0616,10.948,10.8344,10.7207,10.607,10.4931,10.3792,10.319,10.2857,10.2523,10.2189,10.1855,10.152,10.1185,10.0849,10.0513,10.0176,9.9838,9.9499,9.9159,9.8818,9.8475,9.8132,9.7788,9.7443,9.7096,9.6484,9.5735,9.4985,9.4232,9.3477,9.2719,9.1959,9.1197,9.0432,8.95,8.7706,8.5909,8.4111,8.2311,8.0509,7.8705,7.69,7.5092,7.3283,7.2157,7.1391,7.0624,6.9857,6.9089,6.832,6.7551,6.6782,6.6012,6.5372,6.5465,6.5559,6.5655,6.5754,6.5854,6.5956,6.606,6.6166,6.6274,6.6509,6.6813,6.7116,6.7418,6.7719,6.802,6.832,6.862,6.8919,6.9013,6.7843,6.6671,6.55,6.4327,6.3154,6.1981,6.0807,5.9632,5.8457,5.6768,5.4776,5.2785,5.0793,4.8801,4.681,4.4818,4.2826,4.0834,3.9011,3.8444,3.7878,3.7315,3.6753,3.6193,3.5638,3.5086,3.4535,3.3985,3.3366,3.2701,3.2037,3.1374,3.0711,3.0049,2.9388,2.8727
11.5379,11.4449,11.352,11.2592,11.1665,11.0739,10.9814,10.8889,10.7966,10.7006,10.6029,10.5053,10.4076,10.3098,10.212,10.1143,10.0164,9.9186,9.8402,9.8467,9.853,9.8592,9.8652,9.871,9.8768,9.8824,9.8878,9.8931,9.9218,9.9614,10.0009,10.0403,10.0795,10.1187,10.1578,10.1969,10.2358,10.2833,10.3706,10.458,10.5453,10.6326,10.7199,10.8072,10.8945,10.9818,11.0691,11.1238,11.1624,11.201,11.2397,11.2783,11.317,11.3557,11.3944,11.4331,11.4446,11.3202,11.1958,11.0713,10.9469,10.8224,10.6978,10.5731,10.4484,10.3236,10.2581,10.2229,10.1876,10.1524,10.117,10.0816,10.0462,10.0107,9.9752,9.9393,9.9014,9.8634,9.8253,9.7871,9.7488,9.7104,9.6718,9.6332,9.5945,9.5272,9.4446,9.3618,9.2788,9.1955,9.112,9.0283,8.9443,8.8601,8.7612,8.5779,8.3945,8.2108,8.027,7.843,7.6589,7.4745,7.2899,7.1052,6.99,6.914,6.838,6.7619,6.6858,6.6096,6.5334,6.4571,6.3808,6.3165,6.3318,6.3473,6.363,6.3789,6.395,6.4113,6.4277,6.4444,6.4614,6.4871,6.5175,6.5477,6.5777,6.6075,6.637,6.6664,6.6955,6.7244,6.7367,6.6193,6.5019,6.3844,6.2668,6.1492,6.0315,5.9138,5.796,5.6781,5.5128,5.3162,5.1198,4.9236,4.7276,4.5318,4.3362,4.1409,3.9458,3.7631,3.7093,3.6555,3.6018,3.5483,3.4947,3.4413,3.388,3.3347,3.2816,3.2216,3.1565,3.0915,3.0265,2.9616,2.8968,2.832,2.7673
11.446,11.3575,11.2688,11.1797,11.0904,11.0008,10.9109,10.8208,10.7304,10.6373,10.5429,10.4482,10.3534,10.2583,10.1629,10.0674,9.9717,9.8758,9.8009,9.8114,9.8218,9.832,9.8422,9.8523,9.8623,9.8722,9.882,9.8918,9.9227,9.9632,10.0039,10.0446,10.0855,10.1265,10.1676,10.2088,10.25,10.2994,10.3852,10.4711,10.5571,10.6432,10.7294,10.8157,10.902,10.9884,11.0748,11.1286,11.1666,11.2045,11.2425,11.2805,11.3184,11.3563,11.3942,11.432,11.4412,11.3072,11.1732,11.0391,10.905,10.7707,10.6364,10.502,10.3675,10.2329,10.1604,10.12,10.0794,10.0386,9.9976,9.9564,9.9149,9.8732,9.8312,9.7887,9.7443,9.6997,9.655,9.61,9.5647,9.5193,9.4736,9.4277,9.3816,9.3078,9.2185,9.1292,9.0398,8.9503,8.8608,8.7711,8.6814,8.5917,8.4894,8.3063,8.1233,7.9405,7.7578,7.5752,7.3927,7.2105,7.0284,6.8465,6.7347,6.6656,6.5968,6.5284,6.4602,6.3924,6.3249,6.2578,6.191,6.1342,6.1541,6.1741,6.1942,6.2144,6.2346,6.2549,6.2753,6.2958,6.3164,6.341,6.3681,6.3949,6.4216,6.448,6.4742,6.5002,6.526,6.5516,6.5646,6.4472,6.3297,6.2121,6.0944,5.9767,5.8589,5.7411,5.6232,5.5052,5.3447,5.1525,4.9604,4.7686,4.5769,4.3855,4.1943,4.0033,3.8126,3.6295,3.5775,3.5256,3.4738,3.422,3.3703,3.3188,3.2673,3.2158,3.1645,3.1066,3.0428,2.9792,2.9156,2.852,2.7885,2.7251,2.6618
11.3446,11.2635,11.1822,11.1006,11.0187,10.9366,10.8541,10.7715,10.6885,10.6031,10.5165,10.4296,10.3426,10.2553,10.1678,10.0801,9.9922,9.9041,9.8378,9.8535,9.8691,9.8846,9.9,9.9153,9.9305,9.9457,9.9607,9.9757,10.0043,10.0388,10.0735,10.1083,10.1432,10.1782,10.2133,10.2485,10.2838,10.3265,10.4012,10.476,10.551,10.626,10.7011,10.7763,10.8516,10.9269,11.0023,11.046,11.0747,11.1033,11.132,11.1606,11.1892,11.2178,11.2463,11.2748,11.2757,11.1378,10.9998,10.8617,10.7235,10.5853,10.447,10.3086,10.1701,10.0315,9.9491,9.8963,9.8433,9.7901,9.7366,9.683,9.6291,9.575,9.5206,9.4666,9.4162,9.3656,9.3148,9.2638,9.2126,9.1612,9.1095,9.0576,9.0055,8.9311,8.8438,8.7565,8.669,8.5815,8.4939,8.4062,8.3185,8.2306,8.1324,7.9579,7.7834,7.6091,7.435,7.261,7.0871,6.9134,6.7399,6.5665,6.4631,6.4052,6.3476,6.2903,6.2333,6.1767,6.1204,6.0644,6.0088,5.9608,5.9839,6.007,6.0302,6.0535,6.0769,6.1003,6.1238,6.1475,6.1712,6.195,6.2188,6.2423,6.2656,6.2887,6.3116,6.3343,6.3567,6.3789,6.3926,6.2751,6.1575,6.0398,5.922,5.8042,5.6864,5.5684,5.4504,5.3324,5.1764,4.9885,4.8008,4.6133,4.426,4.239,4.0521,3.8655,3.6791,3.4958,3.4457,3.3956,3.3456,3.2957,3.2458,3.1961,3.1464,3.0968,3.0473,2.9914,2.9291,2.8668,2.8045,2.7423,2.6802,2.6182,2.5562
11.2434,11.1698,11.0959,11.0217,10.9473,10.8726,10.7976,10.7223,10.6468,10.5691,10.4903,10.4113,10.332,10.2526,10.1729,10.093,10.013,9.9327,9.8749,9.8958,9.9166,9.9373,9.958,9.9785,9.9989,10.0193,10.0396,10.0598,10.0858,10.1144,10.1431,10.1719,10.2008,10.2298,10.2589,10.2881,10.3174,10.3534,10.417,10.4808,10.5447,10.6087,10.6728,10.7369,10.8011,10.8654,10.9297,10.9634,10.9828,11.0021,11.0214,11.0407,11.06,11.0793,11.0985,11.1176,11.1102,10.9683,10.8263,10.6842,10.5421,10.3999,10.2576,10.1152,9.9727,9.8301,9.7379,9.6727,9.6073,9.5416,9.4758,9.4097,9.3435,9.2769,9.2101,9.1445,9.0881,9.0316,8.9748,8.9178,8.8606,8.8032,8.7455,8.6876,8.6295,8.5545,8.4691,8.3837,8.2982,8.2126,8.127,8.0412,7.9554,7.8695,7.7752,7.6092,7.4433,7.2776,7.112,6.9465,6.7812,6.6161,6.4511,6.2863,6.191,6.1443,6.0979,6.0518,6.006,5.9605,5.9154,5.8706,5.8263,5.7873,5.8135,5.8397,5.8661,5.8925,5.919,5.9456,5.9722,5.999,6.0258,6.0492,6.0696,6.0898,6.1098,6.1296,6.1491,6.1685,6.1876,6.2065,6.2206,6.103,5.9853,5.8675,5.7497,5.6318,5.5138,5.3958,5.2777,5.1595,5.0078,4.8243,4.6409,4.4578,4.2748,4.0921,3.9096,3.7274,3.5453,3.3635,3.3137,3.2654,3.2173,3.1692,3.1212,3.0732,3.0254,2.9777,2.93,2.8762,2.8152,2.7542,2.6933,2.6325,2.5718,2.5111,2.4505
11.1425,11.0764,11.0099,10.9431,10.8761,10.8088,10.7413,10.6735,10.6054,10.5353,10.4643,10.3931,10.3217,10.2501,10.1782,10.1061,10.0339,9.9614,9.912,9.9382,9.9642,9.9902,10.016,10.0417,10.0674,10.093,10.1185,10.1439,10.1672,10.1898,10.2125,10.2353,10.2583,10.2813,10.3045,10.3277,10.351,10.3802,10.4328,10.4855,10.5383,10.5913,10.6443,10.6974,10.7505,10.8038,10.857,10.8808,10.8908,10.9008,10.9108,10.9208,10.9308,10.9407,10.9506,10.9605,10.9448,10.7988,10.6529,10.5068,10.3607,10.2145,10.0682,9.9218,9.7754,9.6288,9.5269,9.4492,9.3714,9.2934,9.2151,9.1367,9.0579,8.979,8.8998,8.8225,8.7602,8.6976,8.6349,8.5719,8.5087,8.4453,8.3817,8.3178,8.2537,8.1777,8.0944,8.0109,7.9273,7.8437,7.76,7.6762,7.5923,7.5084,7.4177,7.2602,7.1029,6.9457,6.7887,6.6318,6.475,6.3184,6.162,6.0058,5.9186,5.883,5.8478,5.8129,5.7782,5.744,5.71,5.6764,5.6432,5.6136,5.6429,5.6723,5.7018,5.7313,5.761,5.7907,5.8205,5.8504,5.8803,5.9036,5.9207,5.9375,5.9542,5.9706,5.9869,6.0029,6.0186,6.0342,6.0486,5.9309,5.8131,5.6952,5.5773,5.4593,5.3412,5.2231,5.105,4.9867,4.839,4.6598,4.4808,4.302,4.1234,3.945,3.7669,3.589,3.4113,3.2339,3.1816,3.1352,3.0888,3.0426,2.9964,2.9503,2.9043,2.8584,2.8125,2.7608,2.7012,2.6416,2.5821,2.5226,2.4632,2.4039,2.3446
11.0419,10.9831,10.9241,10.8648,10.8052,10.7453,10.6852,10.6248,10.5642,10.5017,10.4386,10.3752,10.3116,10.2477,10.1837,10.1195,10.055,9.9904,9.9493,9.9807,10.0119,10.0431,10.0741,10.1051,10.136,10.1668,10.1975,10.2282,10.2485,10.2652,10.2819,10.2987,10.3157,10.3328,10.3499,10.3672,10.3845,10.4069,10.4484,10.4901,10.5319,10.5738,10.6158,10.6578,10.6999,10.7421,10.7843,10.7981,10.7988,10.7995,10.8002,10.8009,10.8016,10.8022,10.8028,10.8033,10.7793,10.6294,10.4794,10.3294,10.1793,10.0291,9.8788,9.7285,9.578,9.4275,9.3159,9.2259,9.1356,9.0452,8.9546,8.8637,8.7726,8.6812,8.5896,8.5006,8.4323,8.3638,8.295,8.2261,8.1569,8.0875,8.0179,7.948,7.8779,7.801,7.7195,7.638,7.5564,7.4747,7.393,7.3111,7.2292,7.1472,7.0599,6.911,6.7623,6.6136,6.4651,6.3168,6.1686,6.0205,5.8727,5.725,5.6458,5.6214,5.5973,5.5736,5.5501,5.527,5.5042,5.4818,5.4598,5.4398,5.4723,5.5048,5.5374,5.5701,5.6028,5.6357,5.6686,5.7016,5.7347,5.7581,5.7718,5.7854,5.7987,5.8118,5.8247,5.8374,5.8499,5.8621,5.8741,5.7588,5.6409,5.5229,5.4049,5.2868,5.1687,5.0505,4.9322,4.8139,4.6699,4.495,4.3204,4.1459,3.9717,3.7977,3.6239,3.4503,3.277,3.1039,3.0493,3.0048,2.9603,2.9158,2.8715,2.8272,2.783,2.739,2.695,2.6454,2.5871,2.5289,2.4707,2.4126,2.3546,2.2966,2.2387
10.9415,10.8902,10.8386,10.7867,10.7345,10.682,10.6293,10.5764,10.5232,10.4684,10.4131,10.3575,10.3017,10.2457,10.1894,10.133,10.0763,10.0195,9.9867,10.0233,10.0598,10.0961,10.1324,10.1686,10.2047,10.2407,10.2766,10.3125,10.3298,10.3404,10.3512,10.362,10.373,10.3841,10.3953,10.4066,10.418,10.4334,10.4639,10.4946,10.5253,10.5562,10.5871,10.6181,10.6492,10.6803,10.7115,10.7154,10.7068,10.6982,10.6896,10.681,10.6723,10.6637,10.6549,10.6462,10.6138,10.4599,10.306,10.152,9.9979,9.8437,9.6895,9.5352,9.3808,9.2262,9.105,9.0026,8.9,8.7972,8.6941,8.5909,8.4874,8.3837,8.2797,8.1788,8.1045,8.03,7.9553,7.8804,7.8052,7.7298,7.6542,7.5784,7.5023,7.4242,7.3447,7.2651,7.1855,7.1057,7.0259,6.946,6.866,6.786,6.702,6.5616,6.4214,6.2813,6.1413,6.0015,5.8619,5.7224,5.583,5.4439,5.3726,5.3594,5.3465,5.3339,5.3216,5.3096,5.298,5.2868,5.2759,5.2659,5.3015,5.3371,5.3729,5.4087,5.4445,5.4805,5.5166,5.5527,5.5889,5.6128,5.6232,5.6334,5.6434,5.6532,5.6628,5.6721,5.6812,5.6901,5.6988,5.5867,5.4687,5.3506,5.2325,5.1144,4.9961,4.8778,4.7595,4.6411,4.5005,4.33,4.1597,3.9896,3.8197,3.65,3.4806,3.3114,3.1424,2.9736,2.917,2.8742,2.8316,2.789,2.7465,2.704,2.6617,2.6194,2.5772,2.5299,2.4729,2.4161,2.3593,2.3025,2.2458,2.1892,2.1327
10.8414,10.7975,10.7533,10.7088,10.6641,10.619,10.5737,10.5282,10.4824,10.4353,10.3878,10.34,10.292,10.2438,10.1953,10.1467,10.0978,10.0488,10.0243,10.0661,10.1077,10.1493,10.1908,10.2322,10.2735,10.3147,10.3558,10.3969,10.4109,10.4155,10.4203,10.4252,10.4303,10.4354,10.4406,10.446,10.4514,10.4598,10.4793,10.499,10.5187,10.5385,10.5584,10.5784,10.5984,10.6185,10.6387,10.6326,10.6147,10.5969,10.579,10.561,10.5431,10.5251,10.5071,10.489,10.4484,10.2905,10.1326,9.9746,9.8165,9.6584,9.5002,9.3419,9.1835,9.025,8.8943,8.7795,8.6645,8.5493,8.4339,8.3182,8.2023,8.0862,7.9698,7.8571,7.7768,7.6963,7.6156,7.5347,7.4536,7.3723,7.2907,7.2089,7.1268,7.0474,6.9698,6.8922,6.8144,6.7366,6.6588,6.5808,6.5028,6.4247,6.3438,6.212,6.0803,5.9487,5.8173,5.686,5.5549,5.4239,5.2931,5.1625,5.099,5.097,5.0952,5.0938,5.0926,5.0918,5.0914,5.0913,5.0915,5.0922,5.1306,5.1693,5.2082,5.2471,5.2861,5.3252,5.3644,5.4036,5.443,5.4676,5.4747,5.4816,5.4882,5.4947,5.501,5.507,5.5128,5.5184,5.5237,5.4146,5.2965,5.1784,5.0602,4.9419,4.8236,4.7052,4.5868,4.4682,4.3309,4.1647,3.9987,3.833,3.6675,3.5021,3.337,3.1721,3.0075,2.8431,2.7845,2.7436,2.7028,2.662,2.6213,2.5807,2.5402,2.4997,2.4594,2.4142,2.3586,2.3031,2.2477,2.1923,2.137,2.0817,2.0265
10.7416,10.7051,10.6683,10.6312,10.5939,10.5562,10.5184,10.4802,10.4418,10.4025,10.3627,10.3227,10.2825,10.2421,10.2015,10.1606,10.1196,10.0783,10.0619,10.1089,10.1558,10.2026,10.2493,10.2959,10.3424,10.3888,10.4351,10.4814,10.4919,10.4906,10.4894,10.4884,10.4874,10.4866,10.4859,10.4852,10.4847,10.4862,10.4946,10.5032,10.5119,10.5207,10.5296,10.5386,10.5476,10.5567,10.5658,10.5498,10.5227,10.4955,10.4683,10.4411,10.4138,10.3866,10.3593,10.3319,10.2829,10.1211,9.9592,9.7972,9.6352,9.4731,9.3109,9.1486,8.9862,8.8238,8.6836,8.5564,8.4291,8.3015,8.1737,8.0457,7.9174,7.789,7.6602,7.5355,7.4492,7.3628,7.2761,7.1892,7.1021,7.0148,6.9273,6.8395,6.7515,6.6705,6.5949,6.5192,6.4434,6.3675,6.2916,6.2156,6.1395,6.0633,5.9853,5.8621,5.7389,5.6159,5.493,5.3702,5.2476,5.1252,5.003,4.8809,4.8251,4.8342,4.8436,4.8533,4.8633,4.8736,4.8843,4.8953,4.9067,4.9185,4.9595,5.0014,5.0434,5.0854,5.1276,5.1698,5.2121,5.2545,5.2969,5.3226,5.3263,5.3299,5.3333,5.3364,5.3393,5.342,5.3445,5.3468,5.3488,5.2425,5.1243,5.0061,4.8878,4.7695,4.6511,4.5326,4.414,4.2954,4.161,3.9992,3.8375,3.6761,3.5149,3.3539,3.1932,3.0326,2.8723,2.7122,2.6519,2.6128,2.5738,2.5349,2.496,2.4572,2.4185,2.3799,2.3414,2.2985,2.2443,2.1901,2.136,2.082,2.028,1.9741,1.9203
10.642,10.6129,10.5835,10.5539,10.5239,10.4937,10.4632,10.4325,10.4015,10.3699,10.3379,10.3057,10.2733,10.2406,10.2078,10.1747,10.1415,10.108,10.0997,10.1519,10.204,10.256,10.3079,10.3597,10.4114,10.463,10.5146,10.566,10.5728,10.5655,10.5584,10.5514,10.5445,10.5377,10.531,10.5244,10.5179,10.5123,10.5098,10.5074,10.5051,10.5029,10.5007,10.4987,10.4967,10.4948,10.4929,10.467,10.4305,10.3941,10.3576,10.3211,10.2846,10.248,10.2114,10.1748,10.1175,9.9517,9.7858,9.6199,9.4539,9.2878,9.1216,8.9554,8.789,8.6226,8.4731,8.3335,8.1938,8.0538,7.9137,7.7733,7.6327,7.4918,7.3507,7.2139,7.1217,7.0293,6.9367,6.8438,6.7508,6.6575,6.564,6.4702,6.3762,6.2936,6.2199,6.1461,6.0723,5.9984,5.9244,5.8503,5.7762,5.7019,5.6267,5.5119,5.3973,5.2828,5.1684,5.0542,4.9401,4.8262,4.7125,4.5989,4.5507,4.571,4.5915,4.6124,4.6335,4.655,4.6768,4.699,4.7215,4.7444,4.7884,4.8334,4.8785,4.9236,4.9689,5.0142,5.0596,5.1051,5.1507,5.1777,5.1781,5.1784,5.1784,5.1782,5.1779,5.1772,5.1764,5.1753,5.1741,5.0704,4.9521,4.8338,4.7155,4.597,4.4785,4.3599,4.2413,4.1226,3.9909,3.8334,3.6761,3.519,3.3621,3.2055,3.0491,2.8929,2.7369,2.5811,2.5192,2.482,2.4448,2.4076,2.3706,2.3337,2.2968,2.26,2.2233,2.1826,2.1298,2.077,2.0243,1.9716,1.919,1.8664,1.8139
10.5427,10.521,10.499,10.4768,10.4542,10.4314,10.4083,10.385,10.3614,10.3375,10.3133,10.2889,10.2642,10.2394,10.2143,10.189,10.1636,10.1379,10.1376,10.195,10.2523,10.3095,10.3666,10.4236,10.4805,10.5373,10.5941,10.6507,10.6536,10.6404,10.6273,10.6143,10.6015,10.5887,10.5761,10.5635,10.5511,10.5384,10.5249,10.5114,10.4981,10.4849,10.4718,10.4587,10.4457,10.4328,10.4199,10.3841,10.3384,10.2926,10.2469,10.2011,10.1553,10.1095,10.0636,10.0177,9.952,9.7823,9.6124,9.4425,9.2726,9.1025,8.9324,8.7622,8.5918,8.4214,8.2626,8.1107,7.9586,7.8063,7.6538,7.5011,7.3481,7.1949,7.0414,6.8925,6.7943,6.6959,6.5973,6.4985,6.3995,6.3002,6.2008,6.1011,6.0011,5.9166,5.8449,5.773,5.7011,5.6292,5.5571,5.485,5.4128,5.3405,5.2678,5.1616,5.0554,4.9495,4.8436,4.7379,4.6324,4.527,4.4218,4.3167,4.276,4.3074,4.3391,4.3711,4.4033,4.436,4.4689,4.5022,4.5359,4.5699,4.6171,4.6652,4.7134,4.7617,4.8101,4.8585,4.907,4.9557,5.0044,5.033,5.0301,5.027,5.0238,5.0203,5.0166,5.0126,5.0085,5.0041,4.9995,4.8983,4.78,4.6616,4.5431,4.4246,4.306,4.1873,4.0686,3.9498,3.8205,3.6673,3.5144,3.3616,3.2091,3.0568,2.9047,2.7528,2.6011,2.4497,2.3864,2.351,2.3156,2.2803,2.2451,2.2099,2.1749,2.1399,2.1051,2.0667,2.0152,1.9638,1.9124,1.8611,1.8098,1.7586,1.7075
10.4437,10.4294,10.4148,10.3999,10.3848,10.3693,10.3536,10.3377,10.3215,10.3053,10.2889,10.2723,10.2554,10.2383,10.2211,10.2036,10.1859,10.168,10.1757,10.2383,10.3007,10.3631,10.4254,10.4876,10.5497,10.6117,10.6736,10.7355,10.7343,10.7151,10.6961,10.6772,10.6584,10.6397,10.6211,10.6026,10.5842,10.5643,10.5398,10.5154,10.4911,10.4668,10.4427,10.4186,10.3947,10.3707,10.3468,10.3012,10.2462,10.1911,10.1361,10.0811,10.026,9.9709,9.9158,9.8606,9.7866,9.6129,9.4391,9.2652,9.0913,8.9172,8.7431,8.569,8.3947,8.2203,8.0523,7.888,7.7236,7.5589,7.3941,7.229,7.0637,6.8981,6.7323,6.5711,6.4669,6.3626,6.258,6.1533,6.0483,5.9431,5.8377,5.732,5.6261,5.5396,5.4698,5.3999,5.33,5.2599,5.1898,5.1196,5.0493,4.979,4.9086,4.8109,4.7134,4.6159,4.5185,4.4214,4.3243,4.2274,4.1307,4.0342,4.001,4.0435,4.0863,4.1294,4.1728,4.2165,4.2606,4.305,4.3498,4.395,4.4456,4.4969,4.5482,4.5996,4.6511,4.7027,4.7543,4.806,4.8579,4.8884,4.8822,4.8758,4.8692,4.8624,4.8554,4.8482,4.8407,4.833,4.8251,4.7262,4.6078,4.4893,4.3708,4.2521,4.1335,4.0147,3.8959,3.777,3.6498,3.501,3.3524,3.204,3.0558,2.9078,2.76,2.6125,2.4651,2.3181,2.2535,2.2198,2.1863,2.1528,2.1194,2.0861,2.0529,2.0197,1.9867,1.9507,1.9005,1.8505,1.8004,1.7505,1.7006,1.6507,1.6009
10.3449,10.338,10.3308,10.3233,10.3155,10.3075,10.2992,10.2907,10.2819,10.2734,10.2648,10.2559,10.2468,10.2375,10.228,10.2183,10.2084,10.1983,10.2138,10.2816,10.3493,10.4168,10.4843,10.5517,10.619,10.6862,10.7533,10.8204,10.8149,10.7898,10.7648,10.7399,10.7152,10.6906,10.666,10.6416,10.6172,10.5902,10.5546,10.5192,10.4839,10.4487,10.4136,10.3785,10.3435,10.3086,10.2737,10.2182,10.1539,10.0897,10.0254,9.9611,9.8967,9.8324,9.768,9.7035,9.6212,9.4435,9.2657,9.0879,8.91,8.732,8.5539,8.3758,8.1976,8.0192,7.842,7.6654,7.4886,7.3116,7.1345,6.957,6.7794,6.6015,6.4233,6.2498,6.1397,6.0294,5.9189,5.8082,5.6972,5.5861,5.4747,5.3631,5.2512,5.1625,5.0947,5.0267,4.9587,4.8906,4.8224,4.7542,4.6858,4.6174,4.549,4.4601,4.371,4.2821,4.1932,4.1045,4.016,3.9276,3.8394,3.7514,3.7255,3.7791,3.833,3.8873,3.9418,3.9966,4.0518,4.1074,4.1633,4.2196,4.2741,4.3285,4.3829,4.4374,4.492,4.5467,4.6014,4.6563,4.7112,4.744,4.7345,4.7248,4.7149,4.7048,4.6944,4.6839,4.6731,4.6621,4.6509,4.5542,4.4356,4.3171,4.1984,4.0797,3.9609,3.8421,3.7232,3.6042,3.4789,3.3344,3.1901,3.046,2.9022,2.7585,2.6151,2.4718,2.3289,2.1861,2.1204,2.0886,2.0569,2.0252,1.9936,1.9621,1.9307,1.8994,1.8682,1.8346,1.7858,1.737,1.6884,1.6397,1.5912,1.5427,1.4943
10.2464,10.2469,10.2471,10.247,10.2466,10.2459,10.245,10.2439,10.2425,10.2417,10.2409,10.2398,10.2384,10.2369,10.2351,10.2332,10.231,10.2287,10.2521,10.3251,10.3979,10.4707,10.5433,10.6159,10.6884,10.7608,10.8331,10.9054,10.8954,10.8643,10.8334,10.8026,10.7719,10.7413,10.7109,10.6805,10.6502,10.6159,10.5693,10.5229,10.4766,10.4305,10.3843,10.3383,10.2923,10.2464,10.2005,10.1352,10.0617,9.9881,9.9146,9.841,9.7674,9.6938,9.6201,9.5464,9.4557,9.2741,9.0924,8.9106,8.7287,8.5468,8.3648,8.1827,8.0005,7.8182,7.6319,7.4429,7.2538,7.0645,6.875,6.6852,6.4952,6.305,6.1145,5.9286,5.8125,5.6963,5.5798,5.4632,5.3463,5.2292,5.1118,4.9943,4.8765,4.7854,4.7195,4.6535,4.5874,4.5213,4.455,4.3887,4.3223,4.2558,4.1893,4.109,4.0284,3.948,3.8677,3.7875,3.7074,3.6276,3.5479,3.4684,3.4497,3.5144,3.5794,3.6448,3.7104,3.7764,3.8427,3.9093,3.9763,4.0437,4.1024,4.1599,4.2175,4.2751,4.3328,4.3906,4.4484,4.5064,4.5644,4.5998,4.5869,4.5739,4.5607,4.5473,4.5336,4.5198,4.5057,4.4914,4.4768,4.3821,4.2635,4.1448,4.0261,3.9073,3.7884,3.6695,3.5505,3.4314,3.3077,3.1676,3.0276,2.8878,2.7483,2.609,2.4698,2.331,2.1923,2.0539,1.9872,1.9572,1.9281,1.9016,1.875,1.8485,1.822,1.7955,1.769,1.7406,1.6961,1.6516,1.6071,1.5626,1.5182,1.4738,1.4294
10.1482,10.156,10.1636,10.1708,10.1778,10.1846,10.1911,10.1973,10.2033,10.2103,10.2172,10.2238,10.2303,10.2365,10.2425,10.2483,10.2539,10.2594,10.2905,10.3687,10.4467,10.5246,10.6025,10.6802,10.7579,10.8355,10.913,10.9905,10.9758,10.9388,10.9019,10.8652,10.8286,10.7921,10.7556,10.7193,10.6831,10.6414,10.5839,10.5266,10.4693,10.4121,10.355,10.298,10.2411,10.1842,10.1273,10.0522,9.9694,9.8866,9.8038,9.721,9.6381,9.5552,9.4723,9.3894,9.2903,9.1047,8.919,8.7333,8.5475,8.3616,8.1756,7.9895,7.8034,7.6171,7.4218,7.2206,7.0191,6.8175,6.6156,6.4136,6.2113,6.0087,5.8059,5.6075,5.4855,5.3633,5.2409,5.1182,4.9954,4.8724,4.7491,4.6256,4.5018,4.4083,4.3443,4.2803,4.2161,4.1519,4.0876,4.0232,3.9587,3.8942,3.8296,3.7577,3.6856,3.6137,3.5418,3.4701,3.3986,3.3272,3.256,3.185,3.1735,3.2493,3.3254,3.4019,3.4786,3.5557,3.6331,3.7108,3.7889,3.8674,3.9306,3.9912,4.0519,4.1126,4.1751,4.2379,4.3005,4.3629,4.425,4.464,4.4493,4.4343,4.4191,4.4036,4.3879,4.372,4.3558,4.3393,4.3226,4.2308,4.1131,3.9952,3.8773,3.7592,3.641,3.5227,3.4043,3.2858,3.1649,3.0345,2.9047,2.7755,2.6469,2.519,2.3917,2.265,2.139,2.0136,1.9507,1.9244,1.8982,1.8719,1.8456,1.8193,1.7931,1.7668,1.7406,1.7131,1.669,1.6248,1.5807,1.5367,1.4926,1.4485,1.4045
10.1196,10.1305,10.1412,10.1518,10.1623,10.1726,10.1828,10.1929,10.2029,10.2119,10.2208,10.2296,10.2385,10.2474,10.2564,10.2653,10.2742,10.2832,10.3172,10.3947,10.4723,10.5501,10.628,10.7061,10.7843,10.8626,10.941,11.0195,10.9991,10.956,10.9131,10.8703,10.8276,10.785,10.7425,10.7,10.6577,10.6091,10.5427,10.4764,10.41,10.3437,10.2775,10.2112,10.1449,10.0786,10.0122,9.9284,9.8374,9.7463,9.6552,9.564,9.4728,9.3815,9.2901,9.1986,9.0916,8.9011,8.7104,8.5196,8.3287,8.1376,7.9465,7.7552,7.5637,7.3721,7.1702,6.9617,6.753,6.5443,6.3356,6.1267,5.9178,5.7088,5.4998,5.2949,5.1704,5.0457,4.921,4.7962,4.6714,4.5465,4.4215,4.2965,4.1714,4.0806,4.0245,3.9686,3.9129,3.8574,3.8021,3.747,3.6921,3.6375,3.5831,3.5247,3.4663,3.4082,3.3504,3.2929,3.2358,3.179,3.1227,3.0666,3.0651,3.1486,3.2323,3.3159,3.3997,3.4834,3.5673,3.6511,3.7351,3.819,3.8824,3.9415,4.0003,4.0589,4.1174,4.1756,4.2336,4.2913,4.3489,4.3851,4.3661,4.3468,4.3273,4.3076,4.2876,4.2673,4.2469,4.2261,4.2051,4.1138,3.9947,3.8756,3.7563,3.6369,3.5174,3.3978,3.2781,3.1583,3.0383,2.9185,2.7992,2.6806,2.5625,2.4451,2.3284,2.2122,2.0968,1.9819,1.9203,1.8942,1.8682,1.8422,1.8161,1.7901,1.7641,1.7381,1.7121,1.6856,1.6418,1.5981,1.5543,1.5106,1.467,1.4233,1.3797
10.1084,10.123,10.1375,10.1519,10.1661,10.1802,10.1942,10.2081,10.2219,10.2309,10.2397,10.2484,10.2572,10.266,10.2747,10.2835,10.2923,10.3012,10.3335,10.4045,10.4756,10.5469,10.6183,10.6899,10.7616,10.8334,10.9053,10.9773,10.9474,10.8954,10.8436,10.7919,10.7403,10.6888,10.6374,10.5861,10.5348,10.4776,10.4037,10.3298,10.256,10.1822,10.1084,10.0346,9.9608,9.8869,9.8131,9.7222,9.6242,9.5263,9.4283,9.3302,9.2321,9.1338,9.0356,8.9372,8.8234,8.6262,8.4288,8.2312,8.0336,7.8358,7.6379,7.4399,7.2417,7.0434,6.8409,6.6357,6.4304,6.2251,6.0197,5.8142,5.6086,5.403,5.1973,4.9951,4.8725,4.7499,4.6271,4.5043,4.3814,4.2585,4.1355,4.0125,3.8893,3.8045,3.7602,3.7161,3.6722,3.6285,3.5849,3.5416,3.4985,3.4557,3.4131,3.3671,3.3211,3.2755,3.2301,3.1851,3.1404,3.0961,3.0522,3.0086,3.0131,3.0985,3.1838,3.2692,3.3547,3.4402,3.5258,3.6114,3.6971,3.7828,3.8432,3.8977,3.9519,4.006,4.0598,4.1134,4.1668,4.22,4.273,4.3065,4.2831,4.2596,4.2358,4.2117,4.1875,4.1629,4.1382,4.1131,4.0878,3.9968,3.8765,3.756,3.6354,3.5147,3.3939,3.273,3.152,3.0308,2.9111,2.8018,2.6931,2.585,2.4775,2.3706,2.2644,2.1588,2.0539,1.9496,1.8898,1.864,1.8382,1.8124,1.7867,1.7609,1.7351,1.7094,1.6837,1.6579,1.6146,1.5712,1.5279,1.4846,1.4413,1.398,1.3548
10.0973,10.1157,10.134,10.1521,10.1701,10.188,10.2057,10.2234,10.2409,10.2499,10.2586,10.2672,10.2758,10.2845,10.2931,10.3018,10.3105,10.3191,10.3496,10.4141,10.4787,10.5435,10.6085,10.6735,10.7387,10.8041,10.8695,10.935,10.8955,10.8347,10.774,10.7134,10.6529,10.5925,10.5322,10.472,10.4119,10.346,10.2646,10.1832,10.1019,10.0206,9.9392,9.8579,9.7766,9.6953,9.6139,9.5159,9.4111,9.3062,9.2013,9.0964,8.9913,8.8862,8.7811,8.6758,8.5553,8.3513,8.1471,7.9429,7.7385,7.5341,7.3294,7.1247,6.9198,6.7147,6.5116,6.3097,6.1078,5.9058,5.7037,5.5016,5.2994,5.0971,4.8948,4.6953,4.5747,4.454,4.3332,4.2123,4.0914,3.9705,3.8494,3.7283,3.6072,3.5282,3.4957,3.4634,3.4312,3.3993,3.3675,3.336,3.3046,3.2736,3.2427,3.2092,3.1756,3.1424,3.1095,3.0769,3.0447,3.0128,2.9813,2.9501,2.9612,3.0482,3.1353,3.2225,3.3097,3.3969,3.4842,3.5716,3.659,3.7464,3.8042,3.8541,3.9038,3.9532,4.0025,4.0515,4.1003,4.1489,4.1973,4.228,4.2004,4.1725,4.1444,4.1161,4.0875,4.0587,4.0297,4.0003,3.9708,3.8799,3.7583,3.6365,3.5146,3.3926,3.2705,3.1483,3.026,2.9035,2.7833,2.6845,2.5863,2.4888,2.3918,2.2955,2.1998,2.1047,2.0103,1.9166,1.8593,1.8337,1.8082,1.7827,1.7572,1.7317,1.7062,1.6807,1.6552,1.6297,1.5874,1.5444,1.5015,1.4585,1.4156,1.3727,1.3298
10.0864,10.1085,10.1305,10.1524,10.1742,10.1958,10.2174,10.2388,10.2601,10.269,10.2775,10.286,10.2945,10.303,10.3115,10.32,10.3286,10.3371,10.3656,10.4236,10.4817,10.54,10.5985,10.6571,10.7158,10.7746,10.8335,10.8926,10.8434,10.7737,10.7042,10.6347,10.5654,10.4961,10.4269,10.3579,10.2888,10.2143,10.1254,10.0366,9.9477,9.8589,9.77,9.6812,9.5924,9.5035,9.4147,9.3095,9.1978,9.0861,8.9743,8.8625,8.7506,8.6386,8.5266,8.4144,8.2871,8.0764,7.8655,7.6546,7.4435,7.2323,7.021,6.8095,6.5979,6.3861,6.1822,5.9837,5.7851,5.5865,5.3877,5.189,4.9901,4.7912,4.5922,4.3955,4.2768,4.1581,4.0392,3.9204,3.8014,3.6824,3.5633,3.4442,3.325,3.2516,3.2309,3.2103,3.19,3.1698,3.1498,3.13,3.1104,3.0911,3.0721,3.0509,3.0298,3.009,2.9885,2.9684,2.9486,2.9291,2.91,2.8913,2.9091,2.9979,3.0868,3.1757,3.2646,3.3536,3.4426,3.5317,3.6209,3.71,3.7654,3.8107,3.8558,3.9007,3.9453,3.9898,4.034,4.078,4.1218,4.1498,4.1178,4.0857,4.0533,4.0207,3.9878,3.9547,3.9214,3.8878,3.8539,3.7631,3.6401,3.5171,3.3939,3.2706,3.1472,3.0236,2.9,2.7762,2.6548,2.5666,2.4789,2.3919,2.3055,2.2197,2.1345,2.05,1.9661,1.8828,1.8287,1.8035,1.7782,1.7529,1.7277,1.7024,1.6771,1.6519,1.6267,1.6014,1.5601,1.5175,1.475,1.4324,1.3899,1.3474,1.3049
10.0755,10.1015,10.1272,10.1529,10.1784,10.2038,10.2291,10.2543,10.2793,10.288,10.2964,10.3047,10.3131,10.3215,10.3299,10.3383,10.3467,10.3551,10.3814,10.4329,10.4846,10.5364,10.5884,10.6405,10.6927,10.745,10.7975,10.85,10.7913,10.7127,10.6342,10.5559,10.4777,10.3996,10.3215,10.2436,10.1657,10.0826,9.9862,9.8898,9.7935,9.6971,9.6008,9.5045,9.4081,9.3118,9.2154,9.1032,8.9846,8.866,8.7473,8.6286,8.5098,8.391,8.2721,8.153,8.019,7.8015,7.584,7.3663,7.1485,6.9306,6.7126,6.4944,6.276,6.0575,5.8527,5.6576,5.4624,5.2671,5.0717,4.8763,4.6808,4.4852,4.2896,4.0956,3.9789,3.8621,3.7453,3.6283,3.5113,3.3943,3.2772,3.16,3.0428,2.9748,2.9658,2.957,2.9484,2.94,2.9318,2.9237,2.9159,2.9084,2.9011,2.8923,2.8836,2.8752,2.8672,2.8594,2.852,2.845,2.8383,2.832,2.8571,2.9476,3.0382,3.1288,3.2195,3.3102,3.4009,3.4918,3.5826,3.6736,3.7268,3.7675,3.808,3.8483,3.8884,3.9282,3.9679,4.0073,4.0465,4.0717,4.0355,3.9991,3.9624,3.9255,3.8884,3.851,3.8133,3.7755,3.7373,3.6464,3.5221,3.3977,3.2732,3.1486,3.0239,2.899,2.7741,2.649,2.5257,2.448,2.3709,2.2944,2.2185,2.1432,2.0685,1.9945,1.9211,1.8484,1.7982,1.7732,1.7482,1.7231,1.6981,1.6731,1.6481,1.6231,1.5981,1.5732,1.5329,1.4906,1.4485,1.4063,1.3641,1.322,1.2799
10.0649,10.0945,10.1241,10.1535,10.1828,10.2119,10.241,10.2699,10.2987,10.307,10.3152,10.3235,10.3317,10.34,10.3482,10.3565,10.3648,10.3731,10.397,10.4421,10.4873,10.5326,10.5781,10.6237,10.6695,10.7153,10.7613,10.8074,10.7389,10.6515,10.5642,10.477,10.3899,10.3029,10.216,10.1292,10.0424,9.9508,9.8469,9.743,9.6391,9.5353,9.4315,9.3277,9.2238,9.12,9.0161,8.8968,8.7713,8.6459,8.5203,8.3947,8.2691,8.1434,8.0176,7.8917,7.7508,7.5267,7.3024,7.078,6.8536,6.6289,6.4042,6.1793,5.9542,5.729,5.5233,5.3315,5.1396,4.9477,4.7557,4.5636,4.3714,4.1792,3.9869,3.7957,3.681,3.5661,3.4512,3.3363,3.2212,3.1061,2.991,2.8758,2.7605,2.6977,2.7005,2.7035,2.7066,2.7099,2.7134,2.7172,2.7211,2.7253,2.7298,2.7334,2.7371,2.7411,2.7455,2.7501,2.7551,2.7605,2.7662,2.7723,2.8049,2.8972,2.9895,3.0818,3.1742,3.2667,3.3592,3.4518,3.5444,3.637,3.6884,3.7245,3.7604,3.7961,3.8316,3.8669,3.902,3.9368,3.9714,3.9938,3.9533,3.9126,3.8717,3.8305,3.7891,3.7474,3.7055,3.6633,3.6209,3.5297,3.4041,3.2784,3.1526,3.0267,2.9007,2.7745,2.6483,2.5219,2.396,2.3288,2.2622,2.1962,2.1308,2.0661,2.0019,1.9384,1.8756,1.8134,1.7677,1.7429,1.7181,1.6933,1.6686,1.6438,1.6191,1.5943,1.5696,1.5449,1.5056,1.4637,1.4219,1.3801,1.3383,1.2966,1.2549
10.0543,10.0877,10.121,10.1542,10.1873,10.2202,10.253,10.2857,10.318,10.326,10.3341,10.3422,10.3504,10.3585,10.3666,10.3748,10.3829,10.3911,10.4125,10.4511,10.4898,10.5287,10.5677,10.6068,10.6461,10.6855,10.725,10.7646,10.6864,10.5901,10.494,10.3979,10.302,10.2061,10.1104,10.0147,9.9191,9.8189,9.7075,9.5961,9.4848,9.3734,9.2621,9.1508,9.0395,8.9281,8.8168,8.6903,8.558,8.4257,8.2933,8.1608,8.0283,7.8957,7.7631,7.6303,7.4827,7.2518,7.0209,6.7898,6.5586,6.3273,6.0958,5.8642,5.6325,5.4006,5.1938,5.0054,4.8169,4.6283,4.4396,4.2508,4.062,3.8732,3.6842,3.4958,3.383,3.2701,3.1572,3.0442,2.9311,2.818,2.7048,2.5915,2.4782,2.4204,2.435,2.4497,2.4645,2.4796,2.4949,2.5103,2.526,2.542,2.5582,2.5741,2.5902,2.6066,2.6234,2.6404,2.6578,2.6756,2.6937,2.7122,2.7527,2.8467,2.9407,3.0348,3.129,3.2232,3.3174,3.4117,3.506,3.6004,3.6501,3.6817,3.713,3.7441,3.7751,3.8058,3.8363,3.8665,3.8966,3.9161,3.8714,3.8264,3.7812,3.7357,3.69,3.6441,3.5979,3.5514,3.5047,3.4131,3.2862,3.1592,3.0321,2.9049,2.7775,2.6501,2.5225,2.3948,2.267,2.209,2.1529,2.0974,2.0426,1.9883,1.9346,1.8816,1.8293,1.7776,1.7371,1.7126,1.688,1.6635,1.639,1.6145,1.59,1.5655,1.5411,1.5166,1.4782,1.4368,1.3953,1.3539,1.3125,1.2712,1.2298
10.0439,10.0811,10.1181,10.1551,10.1919,10.2285,10.2651,10.3015,10.3371,10.345,10.353,10.361,10.369,10.377,10.385,10.393,10.401,10.4091,10.4279,10.46,10.4922,10.5246,10.5572,10.5898,10.6226,10.6556,10.6886,10.7217,10.6338,10.5286,10.4236,10.3187,10.2139,10.1092,10.0046,9.9001,9.7956,9.6869,9.568,9.4491,9.3303,9.2115,9.0927,8.9739,8.8551,8.7363,8.6174,8.4839,8.3447,8.2055,8.0663,7.9269,7.7876,7.6481,7.5086,7.369,7.2146,6.977,6.7394,6.5016,6.2637,6.0257,5.7875,5.5492,5.3108,5.0722,4.8643,4.6792,4.494,4.3088,4.1235,3.9381,3.7526,3.5671,3.3815,3.1958,3.085,2.9741,2.8631,2.752,2.6409,2.5297,2.4185,2.3072,2.1959,2.1429,2.1691,2.1956,2.2222,2.249,2.276,2.3032,2.3306,2.3583,2.3862,2.4144,2.443,2.4718,2.5009,2.5304,2.5602,2.5903,2.6208,2.6517,2.7004,2.7962,2.8919,2.9878,3.0836,3.1796,3.2755,3.3715,3.4676,3.5637,3.612,3.639,3.6658,3.6923,3.7187,3.7448,3.7708,3.7964,3.8219,3.8387,3.7896,3.7404,3.6909,3.6411,3.5912,3.541,3.4905,3.4398,3.3888,3.2965,3.1684,3.0401,2.9116,2.7831,2.6545,2.5257,2.3969,2.2679,2.1388,2.0886,2.043,1.998,1.9536,1.9098,1.8667,1.8242,1.7823,1.7411,1.7065,1.6822,1.6579,1.6337,1.6094,1.5852,1.5609,1.5367,1.5125,1.4883,1.4509,1.4098,1.3687,1.3277,1.2867,1.2457,1.2047
10.0336,10.0746,10.1154,10.156,10.1966,10.237,10.2773,10.3175,10.3562,10.3641,10.3719,10.3797,10.3876,10.3955,10.4033,10.4112,10.4191,10.427,10.4431,10.4687,10.4945,10.5204,10.5465,10.5727,10.599,10.6255,10.652,10.6787,10.581,10.467,10.3531,10.2394,10.1257,10.0122,9.8987,9.7854,9.672,9.5548,9.4284,9.3021,9.1758,9.0495,8.9232,8.7969,8.6706,8.5443,8.418,8.2774,8.1314,7.9853,7.8392,7.693,7.5468,7.4005,7.2541,7.1076,6.9465,6.7022,6.4579,6.2134,5.9688,5.7241,5.4792,5.2343,4.9891,4.7438,4.5348,4.353,4.1712,3.9893,3.8073,3.6252,3.4431,3.2609,3.0787,2.8964,2.787,2.678,2.569,2.4599,2.3507,2.2415,2.1322,2.0229,1.9135,1.8651,1.9031,1.9412,1.9796,2.0181,2.0568,2.0958,2.1349,2.1743,2.214,2.2545,2.2954,2.3366,2.3781,2.4199,2.4621,2.5046,2.5475,2.5908,2.6481,2.7456,2.8431,2.9406,3.0382,3.1359,3.2336,3.3313,3.4291,3.527,3.5741,3.5965,3.6187,3.6407,3.6625,3.6841,3.7054,3.7266,3.7475,3.7614,3.7081,3.6546,3.6008,3.5468,3.4925,3.4381,3.3833,3.3283,3.2731,3.1801,3.0506,2.921,2.7913,2.6614,2.5315,2.4014,2.2713,2.141,2.0106,1.9675,1.9324,1.8979,1.864,1.8308,1.7981,1.7661,1.7347,1.704,1.6759,1.6519,1.6278,1.6038,1.5798,1.5558,1.5318,1.5079,1.4839,1.4599,1.4235,1.3828,1.3421,1.3015,1.2608,1.2202,1.1796
10.0235,10.0682,10.1127,10.1571,10.2014,10.2456,10.2897,10.3336,10.3754,10.3831,10.3908,10.3985,10.4062,10.414,10.4217,10.4295,10.4372,10.445,10.4581,10.4773,10.4966,10.5161,10.5357,10.5554,10.5753,10.5953,10.6154,10.6356,10.528,10.4052,10.2825,10.1599,10.0374,9.915,9.7927,9.6705,9.5484,9.4226,9.2888,9.155,9.0212,8.8874,8.7537,8.6199,8.4861,8.3524,8.2186,8.0709,7.918,7.7651,7.6121,7.4591,7.306,7.1528,6.9996,6.8463,6.6784,6.4274,6.1764,5.9252,5.674,5.4226,5.171,4.9193,4.6675,4.4155,4.2052,4.0268,3.8483,3.6697,3.4911,3.3124,3.1336,2.9547,2.7758,2.5969,2.4889,2.3819,2.2748,2.1677,2.0605,1.9532,1.8459,1.7385,1.631,1.587,1.6367,1.6866,1.7367,1.7869,1.8374,1.888,1.9389,1.99,2.0414,2.0942,2.1474,2.201,2.2549,2.3091,2.3637,2.4186,2.4738,2.5295,2.5957,2.6949,2.7942,2.8935,2.9928,3.0922,3.1916,3.2911,3.3906,3.4902,3.5364,3.5543,3.5719,3.5893,3.6066,3.6236,3.6403,3.6569,3.6732,3.6843,3.6267,3.5689,3.5109,3.4526,3.3941,3.3354,3.2763,3.2171,3.1576,3.0637,2.9329,2.802,2.671,2.5398,2.4086,2.2772,2.1458,2.0142,1.8824,1.8459,1.8212,1.7972,1.7738,1.751,1.7288,1.7073,1.6864,1.6662,1.6453,1.6215,1.5977,1.574,1.5502,1.5265,1.5027,1.479,1.4553,1.4316,1.3961,1.3558,1.3155,1.2752,1.2349,1.1947,1.1545
10.0135,10.0619,10.1102,10.1584,10.2064,10.2543,10.3021,10.3498,10.3945,10.4021,10.4096,10.4172,10.4248,10.4324,10.4401,10.4477,10.4553,10.463,10.473,10.4857,10.4986,10.5116,10.5248,10.538,10.5514,10.565,10.5786,10.5924,10.475,10.3433,10.2117,10.0803,9.949,9.8178,9.6866,9.5556,9.4246,9.2904,9.1491,9.0078,8.8665,8.7253,8.5841,8.4428,8.3016,8.1603,8.0191,7.8643,7.7046,7.5448,7.385,7.2252,7.0652,6.9052,6.7451,6.5849,6.4103,6.1527,5.8949,5.6371,5.3791,5.121,4.8628,4.6044,4.3459,4.0873,3.8757,3.7006,3.5254,3.3502,3.1749,2.9995,2.824,2.6485,2.4729,2.2973,2.1908,2.0858,1.9806,1.8755,1.7702,1.6649,1.5595,1.4541,1.3486,1.3087,1.3701,1.4317,1.4935,1.5555,1.6176,1.68,1.7426,1.8054,1.8685,1.9335,1.9991,2.0651,2.1313,2.1979,2.2648,2.3321,2.3997,2.4677,2.5433,2.6442,2.7452,2.8462,2.9473,3.0484,3.1495,3.2507,3.352,3.4533,3.4989,3.5122,3.5253,3.5381,3.5508,3.5632,3.5754,3.5874,3.5992,3.6074,3.5456,3.4835,3.4212,3.3587,3.2959,3.2329,3.1696,3.1061,3.0423,2.9473,2.8153,2.683,2.5507,2.4183,2.2857,2.1531,2.0203,1.8874,1.7544,1.7235,1.7094,1.6959,1.6829,1.6706,1.6589,1.6479,1.6374,1.6277,1.6146,1.5911,1.5676,1.5441,1.5206,1.4971,1.4736,1.4501,1.4267,1.4032,1.3686,1.3287,1.2888,1.2489,1.209,1.1692,1.1293
10.0036,10.0558,10.1078,10.1597,10.2115,10.2632,10.3147,10.3661,10.4136,10.4211,10.4285,10.436,10.4434,10.4509,10.4584,10.4659,10.4734,10.4809,10.4878,10.494,10.5004,10.507,10.5137,10.5205,10.5275,10.5345,10.5417,10.549,10.4217,10.2812,10.1408,10.0006,9.8604,9.7204,9.5804,9.4405,9.3007,9.1581,9.0093,8.8605,8.7118,8.5631,8.4144,8.2657,8.117,7.9683,7.8196,7.6577,7.4912,7.3246,7.1579,6.9912,6.8244,6.6576,6.4906,6.3236,6.1422,5.8779,5.6135,5.349,5.0843,4.8196,4.5547,4.2896,4.0244,3.7591,3.546,3.3743,3.2025,3.0306,2.8586,2.6865,2.5144,2.3422,2.17,1.9977,1.8927,1.7896,1.6864,1.5832,1.4799,1.3765,1.2731,1.1696,1.0661,1.0302,1.1033,1.1766,1.2501,1.3238,1.3976,1.4717,1.546,1.6205,1.6953,1.7725,1.8505,1.9288,2.0074,2.0864,2.1656,2.2453,2.3252,2.4056,2.4908,2.5935,2.6961,2.7989,2.9017,3.0045,3.1074,3.2103,3.3133,3.4164,3.4616,3.4703,3.4788,3.4871,3.4952,3.5031,3.5107,3.5182,3.5254,3.5308,3.4646,3.3983,3.3317,3.2649,3.1979,3.1306,3.0631,2.9953,2.9272,2.8311,2.6977,2.5642,2.4306,2.2968,2.163,2.029,1.8949,1.7607,1.6264,1.6006,1.5969,1.5939,1.5914,1.5896,1.5883,1.5877,1.5878,1.5885,1.584,1.5607,1.5374,1.5142,1.4909,1.4677,1.4445,1.4212,1.398,1.3748,1.3411,1.3016,1.2621,1.2226,1.1831,1.1436,1.1041
9.9938,10.0498,10.1055,10.1612,10.2167,10.2721,10.3274,10.3826,10.4327,10.4401,10.4474,10.4547,10.462,10.4694,10.4768,10.4841,10.4915,10.4989,10.5023,10.5022,10.5021,10.5022,10.5025,10.5029,10.5034,10.504,10.5047,10.5055,10.3683,10.219,10.0698,9.9207,9.7718,9.6229,9.4741,9.3254,9.1768,9.0257,8.8694,8.7132,8.557,8.4009,8.2447,8.0885,7.9324,7.7762,7.62,7.4511,7.2777,7.1043,6.9308,6.7572,6.5836,6.4099,6.2361,6.0623,5.8742,5.6032,5.3321,5.0609,4.7896,4.5181,4.2465,3.9748,3.7029,3.4309,3.2164,3.048,2.8795,2.7109,2.5423,2.3736,2.2048,2.0359,1.867,1.6981,1.5946,1.4934,1.3922,1.2909,1.1895,1.0881,0.9866,0.8851,0.7835,0.7514,0.8362,0.9212,1.0064,1.0918,1.1773,1.2631,1.3491,1.4353,1.5218,1.6112,1.7015,1.7922,1.8831,1.9744,2.066,2.158,2.2504,2.3431,2.4382,2.5426,2.647,2.7515,2.856,2.9606,3.0652,3.1699,3.2746,3.3793,3.4244,3.4286,3.4325,3.4363,3.4398,3.4431,3.4462,3.4491,3.4518,3.4542,3.3839,3.3133,3.2425,3.1714,3.1001,3.0286,2.9568,2.8847,2.8124,2.7149,2.5802,2.4454,2.3105,2.1754,2.0403,1.905,1.7696,1.6342,1.4985,1.477,1.4839,1.4912,1.4992,1.5079,1.5171,1.527,1.5375,1.5503,1.564,1.5497,1.5352,1.5204,1.5054,1.4901,1.4745,1.4586,1.4424,1.426,1.3992,1.3654,1.3312,1.2966,1.2617,1.2263,1.1905
9.9842,10.0439,10.1034,10.1628,10.2221,10.2812,10.3402,10.3992,10.4519,10.459,10.4662,10.4734,10.4806,10.4879,10.4951,10.5023,10.5096,10.5168,10.5168,10.5101,10.5037,10.4973,10.4911,10.4851,10.4791,10.4733,10.4676,10.462,10.3148,10.1566,9.9986,9.8407,9.6829,9.5253,9.3677,9.2101,9.0527,8.8932,8.7295,8.5658,8.4022,8.2385,8.0749,7.9113,7.7477,7.5841,7.4204,7.2445,7.0643,6.884,6.7037,6.5233,6.3428,6.1623,5.9817,5.801,5.6061,5.3284,5.0507,4.7728,4.4948,4.2167,3.9384,3.6601,3.3815,3.1028,2.8867,2.7217,2.5565,2.3912,2.2259,2.0605,1.8951,1.7296,1.564,1.3984,1.2964,1.1972,1.0979,0.9986,0.8992,0.7997,0.7002,0.6006,0.5009,0.4723,0.5689,0.6656,0.7624,0.8595,0.9567,1.0542,1.1519,1.2498,1.348,1.4495,1.5522,1.6552,1.7585,1.8621,1.9661,2.0704,2.1751,2.2801,2.3856,2.4917,2.5979,2.7041,2.8103,2.9166,3.0229,3.1293,3.2358,3.3484,3.4019,3.4099,3.4177,3.4254,3.4329,3.4403,3.4475,3.4545,3.4614,3.4681,3.4048,3.3397,3.2745,3.2093,3.144,3.0787,3.0133,2.9478,2.8823,2.7945,2.6699,2.5454,2.421,2.2967,2.1724,2.0482,1.9241,1.8001,1.6762,1.6623,1.6802,1.698,1.7157,1.7331,1.7504,1.7675,1.7844,1.8012,1.8116,1.7922,1.7726,1.7527,1.7326,1.7121,1.6914,1.6704,1.6491,1.6275,1.5956,1.5557,1.5154,1.4747,1.4337,1.3922,1.3503
10.0848,10.1382,10.1919,10.2457,10.2998,10.354,10.4085,10.4631,10.5105,10.5092,10.5083,10.5077,10.5074,10.5074,10.5077,10.5082,10.509,10.51,10.5008,10.4829,10.4652,10.4479,10.4308,10.4141,10.3976,10.3814,10.3654,10.3497,10.1993,10.0396,9.8798,9.7199,9.5599,9.3999,9.2397,9.0794,8.9191,8.7567,8.5904,8.4241,8.2577,8.0912,7.9247,7.7581,7.5914,7.4247,7.2579,7.0791,6.896,6.7128,6.5296,6.3463,6.163,5.9797,5.7964,5.613,5.4161,5.1392,4.8623,4.5854,4.3085,4.0317,3.7549,3.4781,3.2015,2.9248,2.7148,2.5598,2.405,2.2503,2.0958,1.9414,1.7873,1.6334,1.4798,1.3264,1.2381,1.1537,1.0696,0.9859,0.9026,0.8197,0.7373,0.6554,0.5739,0.5609,0.6731,0.7855,0.8982,1.0113,1.1246,1.2382,1.3521,1.4664,1.5809,1.6958,1.811,1.9263,2.0418,2.1574,2.2733,2.3893,2.5055,2.6219,2.7376,2.8482,2.9589,3.0695,3.1801,3.2906,3.4012,3.5117,3.6222,3.7326,3.7828,3.7844,3.7858,3.7872,3.7883,3.7893,3.7902,3.7909,3.7914,3.7917,3.7266,3.6582,3.5897,3.5212,3.4526,3.384,3.3153,3.2465,3.1776,3.0891,2.9643,2.8395,2.7148,2.5901,2.4656,2.3411,2.2167,2.0924,1.9682,1.9469,1.9607,1.9743,1.9877,2.001,2.0141,2.027,2.0398,2.0523,2.0596,2.0351,2.0104,1.9853,1.9601,1.9345,1.9087,1.8826,1.8562,1.8295,1.7926,1.7465,1.7001,1.6533,1.6061,1.5585,1.5105
10.1969,10.2453,10.2939,10.3427,10.3917,10.4408,10.4902,10.5398,10.5805,10.5692,10.5582,10.5476,10.5373,10.5272,10.5174,10.5079,10.4986,10.4896,10.4674,10.4342,10.4014,10.3689,10.3367,10.3048,10.2731,10.2417,10.2106,10.1797,10.0302,9.8736,9.717,9.5603,9.4035,9.2465,9.0895,8.9324,8.7752,8.6159,8.4526,8.2892,8.1257,7.9622,7.7985,7.6349,7.4711,7.3073,7.1435,6.9674,6.787,6.6066,6.4261,6.2456,6.0651,5.8845,5.7039,5.5232,5.3302,5.0635,4.7969,4.5302,4.2636,3.997,3.7304,3.4639,3.1974,2.931,2.7332,2.5931,2.4531,2.3133,2.1737,2.0342,1.895,1.7559,1.6171,1.4786,1.4093,1.3446,1.2802,1.2162,1.1526,1.0894,1.0267,0.9645,0.9027,0.9032,1.0226,1.1424,1.2624,1.3827,1.5033,1.6242,1.7454,1.8669,1.9888,2.1067,2.2233,2.3401,2.457,2.5741,2.6915,2.809,2.9267,3.0445,3.161,3.2673,3.3736,3.4798,3.5861,3.6924,3.7986,3.9048,4.0109,4.117,4.1639,4.1592,4.1543,4.1492,4.144,4.1387,4.1332,4.1275,4.1216,4.1156,4.0486,3.9768,3.9051,3.8332,3.7614,3.6894,3.6174,3.5453,3.4732,3.3838,3.2587,3.1336,3.0086,2.8836,2.7588,2.634,2.5093,2.3847,2.2602,2.2318,2.2414,2.2508,2.26,2.2691,2.278,2.2868,2.2953,2.3037,2.3079,2.2783,2.2484,2.2183,2.1879,2.1573,2.1263,2.0951,2.0636,2.0318,1.9899,1.9378,1.8852,1.8323,1.779,1.7253,1.6712
10.3088,10.3522,10.3957,10.4394,10.4834,10.5275,10.5718,10.6163,10.6502,10.6289,10.6079,10.5872,10.5668,10.5467,10.5269,10.5073,10.488,10.469,10.4335,10.3852,10.3372,10.2896,10.2422,10.1951,10.1483,10.1018,10.0555,10.0094,9.8611,9.7077,9.5543,9.4007,9.247,9.0933,8.9394,8.7854,8.6314,8.4751,8.3147,8.1542,7.9937,7.8331,7.6724,7.5117,7.3509,7.19,7.0291,6.8557,6.6781,6.5004,6.3227,6.1449,5.9671,5.7892,5.6114,5.4335,5.2443,4.9879,4.7314,4.475,4.2186,3.9622,3.7058,3.4495,3.1933,2.9371,2.7515,2.6263,2.5012,2.3762,2.2514,2.1268,2.0024,1.8782,1.7543,1.6306,1.5802,1.5351,1.4904,1.4461,1.4022,1.3588,1.3158,1.2732,1.2312,1.2453,1.372,1.4991,1.6264,1.7539,1.8818,2.01,2.1385,2.2673,2.3965,2.5175,2.6356,2.7538,2.8722,2.9908,3.1096,3.2286,3.3477,3.4671,3.5845,3.6864,3.7884,3.8904,3.9923,4.0942,4.1961,4.298,4.3998,4.5016,4.5453,4.5342,4.5229,4.5115,4.5,4.4883,4.4764,4.4644,4.4522,4.4398,4.3707,4.2957,4.2206,4.1455,4.0703,3.995,3.9197,3.8443,3.7689,3.6785,3.5531,3.4277,3.3024,3.1771,3.052,2.9269,2.802,2.6771,2.5522,2.5169,2.5223,2.5275,2.5326,2.5375,2.5423,2.5468,2.5512,2.5554,2.5566,2.5219,2.4869,2.4516,2.4161,2.3804,2.3443,2.308,2.2713,2.2344,2.1877,2.1295,2.0708,2.0118,1.9524,1.8926,1.8324
10.4206,10.4589,10.4973,10.536,10.5749,10.614,10.6532,10.6927,10.7196,10.6882,10.6572,10.6265,10.5961,10.5659,10.5361,10.5065,10.4772,10.4481,10.3993,10.3359,10.2727,10.2099,10.1474,10.0852,10.0233,9.9616,9.9001,9.8389,9.6921,9.5419,9.3916,9.2411,9.0906,8.94,8.7893,8.6385,8.4876,8.3344,8.1769,8.0193,7.8617,7.704,7.5463,7.3885,7.2306,7.0726,6.9147,6.744,6.5691,6.3942,6.2192,6.0442,5.8691,5.694,5.5189,5.3437,5.1584,4.9122,4.666,4.4197,4.1735,3.9274,3.6812,3.4351,3.1891,2.9431,2.7697,2.6593,2.549,2.4389,2.329,2.2192,2.1097,2.0004,1.8913,1.7824,1.7508,1.7254,1.7004,1.6757,1.6515,1.6278,1.6044,1.5816,1.5592,1.5873,1.7213,1.8556,1.9902,2.125,2.2602,2.3957,2.5314,2.6675,2.8039,2.9283,3.0478,3.1675,3.2874,3.4074,3.5277,3.6481,3.7687,3.8896,4.0081,4.1058,4.2034,4.301,4.3986,4.4962,4.5938,4.6913,4.7889,4.8863,4.927,4.9095,4.8919,4.8741,4.8562,4.8382,4.82,4.8016,4.783,4.7643,4.6929,4.6146,4.5363,4.4578,4.3793,4.3008,4.2222,4.1435,4.0648,3.9732,3.8475,3.7218,3.5962,3.4707,3.3452,3.2199,3.0946,2.9694,2.8443,2.8023,2.8035,2.8045,2.8054,2.8062,2.8067,2.8071,2.8073,2.8073,2.8056,2.7657,2.7257,2.6853,2.6447,2.6038,2.5627,2.5212,2.4795,2.4375,2.386,2.3216,2.2569,2.1917,2.1262,2.0603,1.994
10.5322,10.5654,10.5988,10.6324,10.6663,10.7003,10.7345,10.7689,10.7887,10.7473,10.7063,10.6655,10.6251,10.5849,10.545,10.5054,10.4661,10.427,10.3648,10.2862,10.2079,10.13,10.0523,9.975,9.8979,9.8211,9.7445,9.6681,9.5232,9.3761,9.2289,9.0816,8.9343,8.7868,8.6392,8.4916,8.3439,8.1936,8.0391,7.8845,7.7298,7.575,7.4202,7.2653,7.1103,6.9553,6.8003,6.6324,6.4602,6.288,6.1158,5.9435,5.7711,5.5988,5.4264,5.2539,5.0725,4.8365,4.6005,4.3644,4.1284,3.8925,3.6565,3.4207,3.1848,2.9491,2.7878,2.6922,2.5968,2.5015,2.4064,2.3115,2.2168,2.1223,2.028,1.934,1.921,1.9153,1.91,1.905,1.9005,1.8964,1.8927,1.8895,1.8868,1.9291,2.0704,2.212,2.3538,2.496,2.6384,2.7811,2.9242,3.0675,3.2112,3.339,3.46,3.5811,3.7025,3.824,3.9457,4.0676,4.1897,4.312,4.4319,4.5252,4.6185,4.7119,4.8052,4.8984,4.9917,5.0849,5.1781,5.2712,5.3089,5.285,5.2611,5.237,5.2127,5.1883,5.1638,5.139,5.1141,5.0891,5.0154,4.9338,4.8521,4.7704,4.6886,4.6067,4.5248,4.4429,4.3608,4.268,4.1419,4.0159,3.89,3.7642,3.6385,3.5128,3.3873,3.2618,3.1364,3.0879,3.0849,3.0818,3.0785,3.0751,3.0715,3.0677,3.0637,3.0596,3.0549,3.01,2.9648,2.9193,2.8736,2.8276,2.7813,2.7348,2.688,2.6408,2.5846,2.5142,2.4433,2.3721,2.3005,2.2285,2.156
10.6436,10.6718,10.7001,10.7287,10.7575,10.7864,10.8156,10.8449,10.8575,10.8061,10.755,10.7043,10.6538,10.6036,10.5537,10.5041,10.4547,10.4056,10.3298,10.2361,10.1427,10.0497,9.9569,9.8644,9.7722,9.6803,9.5885,9.497,9.3543,9.2103,9.0663,8.9222,8.778,8.6336,8.4892,8.3447,8.2001,8.0529,7.9013,7.7496,7.5979,7.446,7.2941,7.1421,6.9901,6.838,6.6859,6.5207,6.3513,6.1818,6.0123,5.8428,5.6732,5.5035,5.3339,5.1642,4.9866,4.7608,4.5349,4.3091,4.0833,3.8575,3.6318,3.4061,3.1805,2.9549,2.8058,2.725,2.6444,2.5639,2.4837,2.4036,2.3237,2.244,2.1646,2.0854,2.091,2.105,2.1193,2.134,2.1491,2.1646,2.1806,2.1971,2.214,2.2707,2.4193,2.5682,2.7173,2.8667,3.0164,3.1664,3.3167,3.4674,3.6183,3.7497,3.8721,3.9948,4.1176,4.2406,4.3637,4.4871,4.6107,4.7344,4.8558,4.9448,5.0338,5.1228,5.2118,5.3008,5.3897,5.4786,5.5675,5.6563,5.691,5.6609,5.6306,5.6001,5.5695,5.5388,5.5079,5.4768,5.4456,5.4141,5.338,5.253,5.1681,5.0831,4.998,4.9129,4.8277,4.7424,4.6571,4.5627,4.4363,4.3101,4.1839,4.0578,3.9318,3.8058,3.6799,3.5542,3.4284,3.3737,3.3666,3.3593,3.3519,3.3443,3.3365,3.3285,3.3204,3.312,3.3035,3.2545,3.2042,3.1537,3.1029,3.0518,3.0004,2.9488,2.8968,2.8446,2.7838,2.7072,2.6303,2.5529,2.4752,2.3971,2.3186
10.7549,10.778,10.8013,10.8248,10.8485,10.8724,10.8965,10.9208,10.9259,10.8646,10.8035,10.7427,10.6822,10.6221,10.5621,10.5025,10.4431,10.384,10.2946,10.1857,10.0772,9.9691,9.8612,9.7536,9.6462,9.5392,9.4323,9.3257,9.1854,9.0446,8.9038,8.7628,8.6217,8.4805,8.3393,8.1979,8.0565,7.9123,7.7636,7.6148,7.466,7.317,7.1681,7.019,6.8699,6.7207,6.5715,6.4091,6.2424,6.0757,5.9089,5.7421,5.5752,5.4083,5.2414,5.0744,4.9006,4.685,4.4694,4.2537,4.0381,3.8226,3.607,3.3915,3.1761,2.9607,2.8236,2.7576,2.6919,2.6262,2.5608,2.4955,2.4304,2.3655,2.3009,2.2365,2.2607,2.2943,2.3283,2.3626,2.3974,2.4325,2.4682,2.5042,2.5408,2.6123,2.7681,2.9242,3.0806,3.2373,3.3942,3.5515,3.7091,3.867,4.0252,4.1603,4.2842,4.4083,4.5326,4.6571,4.7817,4.9065,5.0315,5.1567,5.2799,5.3646,5.4493,5.534,5.6186,5.7033,5.7879,5.8725,5.957,6.0415,6.0734,6.0369,6.0003,5.9635,5.9266,5.8895,5.8522,5.8148,5.7773,5.7395,5.6607,5.5725,5.4842,5.3959,5.3076,5.2191,5.1306,5.0421,4.9534,4.8575,4.7308,4.6042,4.4778,4.3514,4.225,4.0988,3.9726,3.8466,3.7206,3.6599,3.6486,3.6371,3.6255,3.6137,3.6017,3.5896,3.5773,3.5648,3.5521,3.4994,3.444,3.3884,3.3325,3.2763,3.2198,3.1631,3.106,3.0487,2.9833,2.9007,2.8176,2.7342,2.6504,2.5662,2.4816
10.8659,10.884,10.9022,10.9207,10.9394,10.9582,10.9773,10.9965,10.9941,10.9227,10.8517,10.7809,10.7104,10.6402,10.5703,10.5006,10.4312,10.3621,10.259,10.135,10.0114,9.8881,9.7651,9.6424,9.52,9.3978,9.2758,9.1541,9.0166,8.879,8.7413,8.6034,8.4655,8.3275,8.1893,8.0511,7.9128,7.7717,7.6259,7.48,7.3341,7.1881,7.042,6.8959,6.7497,6.6034,6.4571,6.2975,6.1335,5.9695,5.8054,5.6414,5.4772,5.3131,5.1489,4.9846,4.8147,4.6092,4.4038,4.1983,3.9929,3.7875,3.5822,3.3769,3.1716,2.9664,2.8413,2.7902,2.7392,2.6883,2.6377,2.5872,2.5369,2.4869,2.4371,2.3875,2.4301,2.4834,2.5369,2.5909,2.6453,2.7001,2.7553,2.811,2.8672,2.9536,3.1167,3.2801,3.4437,3.6077,3.7719,3.9364,4.1013,4.2664,4.4319,4.5709,4.6963,4.8219,4.9476,5.0735,5.1996,5.3259,5.4524,5.579,5.7041,5.7845,5.8649,5.9453,6.0256,6.1059,6.1862,6.2665,6.3467,6.4269,6.4561,6.4133,6.3703,6.3272,6.2839,6.2405,6.1969,6.1532,6.1092,6.0652,5.9836,5.8921,5.8005,5.7089,5.6173,5.5256,5.4338,5.3419,5.25,5.1522,5.0253,4.8984,4.7717,4.645,4.5183,4.3918,4.2654,4.139,4.0127,3.9462,3.9307,3.9151,3.8993,3.8834,3.8672,3.851,3.8345,3.8178,3.801,3.7446,3.6841,3.6234,3.5624,3.5011,3.4396,3.3777,3.3156,3.2532,3.1833,3.0946,3.0055,2.9159,2.8261,2.7358,2.6451
10.9768,10.9898,11.003,11.0164,11.0301,11.0439,11.0579,11.0721,11.062,10.9806,10.8996,10.8188,10.7383,10.6581,10.5782,10.4985,10.4191,10.34,10.223,10.0839,9.9452,9.8068,9.6687,9.5309,9.3934,9.2561,9.1191,8.9823,8.8479,8.7134,8.5788,8.4441,8.3093,8.1744,8.0394,7.9044,7.7692,7.6311,7.4882,7.3453,7.2022,7.0592,6.916,6.7728,6.6295,6.4862,6.3428,6.1859,6.0246,5.8633,5.702,5.5407,5.3793,5.2178,5.0564,4.8949,4.7287,4.5334,4.3381,4.1429,3.9476,3.7524,3.5573,3.3621,3.1671,2.9721,2.8589,2.8225,2.7863,2.7503,2.7145,2.6788,2.6433,2.608,2.573,2.5382,2.5993,2.6721,2.7453,2.8189,2.8929,2.9673,3.0421,3.1175,3.1933,3.2948,3.4652,3.6358,3.8067,3.9779,4.1494,4.3212,4.4933,4.6657,4.8384,4.9815,5.1083,5.2353,5.3625,5.4899,5.6175,5.7452,5.8732,6.0013,6.1285,6.2046,6.2806,6.3567,6.4327,6.5087,6.5847,6.6607,6.7366,6.8125,6.839,6.7899,6.7405,6.6911,6.6415,6.5917,6.5418,6.4918,6.4415,6.3911,6.3066,6.2118,6.117,6.0221,5.9272,5.8322,5.7371,5.642,5.5468,5.447,5.3198,5.1926,5.0656,4.9386,4.8117,4.6848,4.5581,4.4314,4.3048,4.2328,4.2132,4.1934,4.1734,4.1533,4.133,4.1126,4.0919,4.0711,4.0501,3.9902,3.9246,3.8588,3.7927,3.7263,3.6597,3.5928,3.5255,3.4581,3.3837,3.2889,3.1937,3.0981,3.0021,2.9058,2.809
11.0875,11.0955,11.1036,11.112,11.1206,11.1294,11.1384,11.1475,11.1296,11.0382,10.9472,10.8564,10.7659,10.6757,10.5858,10.4962,10.4068,10.3176,10.1866,10.0325,9.8787,9.7252,9.5721,9.4192,9.2665,9.1142,8.962,8.8104,8.6792,8.5479,8.4164,8.2849,8.1532,8.0214,7.8896,7.7577,7.6256,7.4905,7.3506,7.2105,7.0704,6.9303,6.79,6.6497,6.5094,6.3689,6.2285,6.0743,5.9157,5.7572,5.5986,5.44,5.2813,5.1226,4.9639,4.8051,4.6427,4.4576,4.2725,4.0874,3.9023,3.7173,3.5323,3.3473,3.1624,2.9776,2.8763,2.8548,2.8334,2.8121,2.7911,2.7702,2.7495,2.729,2.7088,2.6888,2.7681,2.8605,2.9533,3.0465,3.1401,3.2341,3.3286,3.4235,3.5189,3.6359,3.8135,3.9914,4.1695,4.348,4.5267,4.7057,4.8851,5.0647,5.2447,5.392,5.5203,5.6488,5.7774,5.9063,6.0353,6.1645,6.2939,6.4235,6.553,6.6248,6.6965,6.7683,6.84,6.9117,6.9834,7.0551,7.1267,7.1983,7.2222,7.1667,7.1111,7.0553,6.9994,6.9433,6.8871,6.8307,6.7741,6.7173,6.6298,6.5317,6.4336,6.3355,6.2372,6.1389,6.0406,5.9422,5.8437,5.7418,5.6143,5.4868,5.3595,5.2322,5.105,4.9779,4.8508,4.7239,4.597,4.5197,4.4959,4.4719,4.4478,4.4235,4.3991,4.3745,4.3497,4.3247,4.2995,4.2361,4.1654,4.0945,4.0233,3.9519,3.8801,3.8081,3.7358,3.6633,3.5846,3.4837,3.3824,3.2808,3.1787,3.0762,2.9734
11.198,11.2009,11.2041,11.2074,11.211,11.2147,11.2187,11.2228,11.1969,11.0955,10.9945,10.8937,10.7933,10.6931,10.5932,10.4936,10.3942,10.295,10.1499,9.9807,9.8119,9.6433,9.4751,9.3071,9.1394,8.9719,8.8047,8.6387,8.5106,8.3824,8.2541,8.1256,7.9971,7.8685,7.7398,7.611,7.4821,7.35,7.2129,7.0758,6.9386,6.8014,6.6641,6.5267,6.3892,6.2517,6.1141,5.9627,5.8069,5.6511,5.4952,5.3393,5.1834,5.0274,4.8714,4.7153,4.5567,4.3817,4.2068,4.0319,3.857,3.6821,3.5073,3.3325,3.1578,2.9831,2.8937,2.8869,2.8803,2.8738,2.8675,2.8614,2.8555,2.8498,2.8443,2.8391,2.9366,3.0486,3.161,3.2738,3.387,3.5006,3.6146,3.7291,3.8441,3.9768,4.1617,4.3468,4.5322,4.7179,4.9038,5.0901,5.2767,5.4636,5.6508,5.8025,5.9322,6.0622,6.1923,6.3226,6.4531,6.5837,6.7146,6.8456,6.9769,7.0451,7.1126,7.18,7.2474,7.3149,7.3822,7.4496,7.5169,7.5842,7.6056,7.5438,7.4818,7.4197,7.3575,7.2951,7.2325,7.1698,7.1069,7.0439,6.9532,6.8518,6.7504,6.6489,6.5474,6.4459,6.3442,6.2425,6.1407,6.0366,5.9088,5.7811,5.6534,5.5258,5.3983,5.2709,5.1436,5.0163,4.8891,4.8068,4.7788,4.7507,4.7224,4.694,4.6654,4.6366,4.6076,4.5785,4.5492,4.4823,4.4066,4.3306,4.2543,4.1778,4.101,4.0239,3.9465,3.8688,3.7859,3.6789,3.5716,3.4638,3.3557,3.2472,3.1382
11.3083,11.3062,11.3044,11.3027,11.3012,11.2999,11.2988,11.2979,11.2639,11.1525,11.0415,10.9308,10.8203,10.7102,10.6003,10.4907,10.3813,10.2722,10.1129,9.9286,9.7447,9.5611,9.3777,9.1947,9.0119,8.8294,8.6471,8.467,8.342,8.2169,8.0917,7.9665,7.8411,7.7156,7.59,7.4644,7.3386,7.2095,7.0754,6.9412,6.8069,6.6725,6.5381,6.4036,6.2691,6.1345,5.9998,5.8511,5.698,5.5449,5.3918,5.2386,5.0854,4.9321,4.7789,4.6255,4.4706,4.3059,4.1411,3.9763,3.8116,3.6469,3.4822,3.3176,3.153,2.9885,2.9109,2.9189,2.927,2.9353,2.9438,2.9524,2.9613,2.9704,2.9797,2.9892,3.1049,3.2364,3.3684,3.5008,3.6335,3.7667,3.9003,4.0344,4.169,4.3176,4.5097,4.702,4.8947,5.0876,5.2808,5.4743,5.6681,5.8623,6.0567,6.2129,6.3442,6.4755,6.6071,6.7389,6.8708,7.0029,7.1352,7.2677,7.4004,7.4656,7.5288,7.5919,7.655,7.7181,7.7812,7.8443,7.9073,7.9703,7.9893,7.9212,7.8529,7.7845,7.7159,7.6472,7.5783,7.5093,7.4401,7.3707,7.2767,7.172,7.0673,6.9626,6.8578,6.753,6.648,6.5431,6.438,6.3315,6.2034,6.0753,5.9474,5.8195,5.6917,5.564,5.4364,5.3088,5.1813,5.0941,5.062,5.0297,4.9973,4.9647,4.9319,4.899,4.8659,4.8326,4.7991,4.7289,4.6481,4.567,4.4856,4.404,4.3221,4.24,4.1575,4.0748,3.9877,3.8746,3.7612,3.6474,3.5332,3.4186,3.3036
11.4185,11.4114,11.4045,11.3977,11.3912,11.3849,11.3788,11.3728,11.3306,11.2092,11.0882,10.9675,10.8471,10.727,10.6071,10.4876,10.3682,10.2491,10.0755,9.8762,9.6772,9.4785,9.2801,9.082,8.8842,8.6866,8.4893,8.2953,8.1735,8.0515,7.9295,7.8073,7.6851,7.5627,7.4403,7.3178,7.1952,7.069,6.9378,6.8065,6.6751,6.5437,6.4122,6.2806,6.149,6.0173,5.8856,5.7395,5.5892,5.4388,5.2884,5.1379,4.9874,4.8369,4.6863,4.5358,4.3846,4.23,4.0754,3.9208,3.7662,3.6116,3.4571,3.3026,3.1482,2.9938,2.928,2.9507,2.9736,2.9967,3.0199,3.0433,3.0669,3.0908,3.1148,3.1391,3.2728,3.424,3.5755,3.7274,3.8797,4.0325,4.1856,4.3393,4.4934,4.6582,4.8575,5.0571,5.257,5.4571,5.6576,5.8583,6.0594,6.2608,6.4625,6.6233,6.756,6.8889,7.0219,7.1551,7.2885,7.4221,7.5558,7.6898,7.8239,7.8863,7.9451,8.004,8.0628,8.1216,8.1804,8.2391,8.2979,8.3565,8.3732,8.2988,8.2242,8.1495,8.0746,7.9995,7.9244,7.849,7.7735,7.6978,7.6003,7.4924,7.3844,7.2764,7.1683,7.0602,6.952,6.8438,6.7354,6.6263,6.4979,6.3696,6.2413,6.1132,5.9851,5.8571,5.7292,5.6013,5.4735,5.3817,5.3454,5.309,5.2724,5.2357,5.1982,5.1589,5.1196,5.0804,5.0411,4.9665,4.88,4.7937,4.7076,4.6215,4.5357,4.45,4.3644,4.279,4.1909,4.0776,3.9647,3.8522,3.7402,3.6287,3.5176
11.5279,11.5163,11.5044,11.4926,11.4811,11.4698,11.4586,11.4476,11.3969,11.2657,11.1347,11.004,10.8736,10.7436,10.6137,10.4842,10.3549,10.2258,10.0377,9.8234,9.6093,9.3956,9.1822,8.969,8.7562,8.5435,8.3311,8.1237,8.005,7.8862,7.7673,7.6483,7.5291,7.4099,7.2906,7.1712,7.0517,6.9286,6.8003,6.6719,6.5434,6.4149,6.2863,6.1576,6.0289,5.9001,5.7713,5.628,5.4804,5.3327,5.185,5.0373,4.8895,4.7417,4.5938,4.446,4.2985,4.1541,4.0096,3.8651,3.7207,3.5763,3.4319,3.2875,3.1433,2.9991,2.945,2.9825,3.0201,3.0579,3.0959,3.134,3.1724,3.211,3.2498,3.2888,3.4405,3.6112,3.7822,3.9537,4.1256,4.2979,4.4706,4.6438,4.8175,4.9986,5.2052,5.412,5.6191,5.8265,6.0342,6.2422,6.4505,6.6591,6.868,7.0337,7.1678,7.3021,7.4366,7.5713,7.7061,7.8412,7.9764,8.1118,8.2474,8.3071,8.3616,8.4156,8.4675,8.5193,8.571,8.6225,8.6739,8.7251,8.7364,8.6533,8.5701,8.4869,8.4037,8.3206,8.2374,8.1542,8.071,7.9878,7.8853,7.7725,7.6599,7.5472,7.4346,7.3221,7.2096,7.0972,6.9848,6.8723,6.7409,6.6094,6.4781,6.3467,6.2153,6.0839,5.9526,5.8212,5.6898,5.5915,5.5513,5.5112,5.4711,5.4309,5.3908,5.3507,5.3106,5.2706,5.2305,5.1581,5.0729,4.9878,4.9029,4.8182,4.7336,4.6491,4.5648,4.4806,4.395,4.2868,4.1789,4.0716,3.9646,3.8581,3.7521
11.5312,11.5085,11.4863,11.4645,11.4431,11.422,11.4014,11.3812,11.322,11.1886,11.0553,10.922,10.7889,10.6558,10.5227,10.3898,10.2568,10.1239,9.9287,9.7071,9.4855,9.2641,9.0427,8.8214,8.6002,8.379,8.1578,7.9428,7.823,7.7032,7.5835,7.4637,7.3439,7.224,7.1042,6.9843,6.8645,6.7413,6.6136,6.4858,6.3579,6.23,6.102,5.974,5.8459,5.7177,5.5895,5.4458,5.2975,5.1491,5.0006,4.8521,4.7035,4.5549,4.4061,4.2572,4.1105,3.9777,3.8448,3.7119,3.579,3.4461,3.3131,3.1802,3.0473,2.9144,2.8706,2.9188,2.967,3.0152,3.0635,3.1118,3.1602,3.2087,3.2573,3.3059,3.4781,3.6724,3.8671,4.0624,4.2581,4.4544,4.6512,4.8486,5.0466,5.2481,5.461,5.6741,5.8875,6.1012,6.3151,6.5293,6.7438,6.9586,7.1737,7.3424,7.4753,7.6083,7.7414,7.8745,8.0078,8.1412,8.2747,8.4083,8.542,8.595,8.6408,8.6865,8.7321,8.7776,8.8229,8.868,8.913,8.9578,8.9667,8.8817,8.7967,8.7118,8.6268,8.5418,8.4568,8.3718,8.2868,8.2017,8.0989,7.9858,7.8726,7.7595,7.6465,7.5335,7.4205,7.3076,7.1947,7.0819,6.9498,6.8173,6.6848,6.5524,6.4199,6.2875,6.1551,6.0226,5.8902,5.7882,5.7472,5.7063,5.6653,5.6244,5.5835,5.5426,5.5017,5.4608,5.42,5.3496,5.2657,5.1819,5.0982,5.0147,4.9313,4.8481,4.7651,4.6822,4.5988,4.4956,4.3929,4.2905,4.1886,4.0872,3.9862
11.534,11.4989,11.4642,11.4299,11.3961,11.3626,11.3295,11.2968,11.2266,11.0896,10.9527,10.8159,10.6791,10.5424,10.4058,10.2692,10.1326,9.9962,9.7946,9.5671,9.3397,9.1123,8.8851,8.6579,8.4307,8.2037,7.9767,7.7568,7.6333,7.5099,7.3865,7.2631,7.1396,7.0162,6.8927,6.7692,6.6457,6.5196,6.3899,6.2602,6.1304,6.0005,5.8706,5.7407,5.6107,5.4806,5.3504,5.203,5.0505,4.898,4.7455,4.5928,4.4401,4.2873,4.1344,3.9814,3.8328,3.7134,3.5939,3.4744,3.3549,3.2353,3.1158,2.9962,2.8767,2.7572,2.7238,2.7806,2.8375,2.8945,2.9514,3.0085,3.0656,3.1228,3.18,3.2374,3.434,3.657,3.8804,4.1042,4.3286,4.5535,4.7789,5.005,5.2316,5.4575,5.6784,5.8995,6.1208,6.3424,6.5643,6.7865,7.0089,7.2316,7.4546,7.6282,7.7614,7.8946,8.028,8.1614,8.295,8.4286,8.5624,8.6963,8.8303,8.8789,8.9184,8.9578,8.997,9.036,9.075,9.1137,9.1523,9.1908,9.1971,9.1103,9.0235,8.9367,8.8499,8.7631,8.6763,8.5894,8.5026,8.4158,8.3127,8.199,8.0854,7.9718,7.8583,7.7448,7.6314,7.518,7.4047,7.2914,7.1587,7.0252,6.8917,6.7581,6.6246,6.4911,6.3576,6.2241,6.0906,5.9849,5.9432,5.9014,5.8597,5.8179,5.7762,5.7345,5.6928,5.6512,5.6095,5.5411,5.4584,5.3758,5.2934,5.2112,5.1291,5.0471,4.9653,4.8836,4.8021,4.7041,4.6064,4.5091,4.4123,4.3159,4.22
11.5364,11.4888,11.4417,11.395,11.3487,11.3027,11.2572,11.212,11.1311,10.9906,10.8501,10.7096,10.5693,10.4289,10.2887,10.1485,10.0084,9.8683,9.6604,9.427,9.1937,8.9604,8.7273,8.4942,8.2612,8.0283,7.7954,7.5707,7.4436,7.3166,7.1895,7.0624,6.9353,6.8083,6.6811,6.554,6.4268,6.2978,6.1662,6.0345,5.9028,5.7711,5.6393,5.5074,5.3754,5.2434,5.1113,4.9602,4.8036,4.647,4.4903,4.3335,4.1767,4.0197,3.8627,3.7056,3.5552,3.4491,3.343,3.2369,3.1307,3.0245,2.9183,2.8121,2.706,2.5998,2.5768,2.6424,2.708,2.7736,2.8393,2.905,2.9708,3.0367,3.1027,3.1687,3.3895,3.6411,3.8931,4.1456,4.3986,4.6521,4.9062,5.1608,5.4161,5.6668,5.8956,6.1247,6.3539,6.5835,6.8133,7.0434,7.2738,7.5044,7.7354,7.914,8.0474,8.1809,8.3146,8.4483,8.5821,8.7161,8.8501,8.9842,9.1185,9.1631,9.1962,9.2292,9.262,9.2947,9.3273,9.3597,9.3919,9.424,9.4275,9.3389,9.2503,9.1617,9.0731,8.9844,8.8958,8.8072,8.7186,8.6299,8.5264,8.4123,8.2982,8.1841,8.0702,7.9562,7.8423,7.7285,7.6147,7.5009,7.3678,7.2332,7.0986,6.964,6.8294,6.6948,6.5602,6.4257,6.2911,6.1817,6.1392,6.0966,6.054,6.0115,5.969,5.9265,5.884,5.8415,5.799,5.7325,5.651,5.5697,5.4886,5.4075,5.3267,5.246,5.1654,5.085,5.0047,4.9122,4.8196,4.7273,4.6356,4.5442,4.4534
11.5383,11.4783,11.4187,11.3596,11.3008,11.2425,11.1845,11.1269,11.0356,10.8914,10.7473,10.6033,10.4593,10.3154,10.1715,10.0277,9.884,9.7403,9.526,9.2867,9.0475,8.8084,8.5694,8.3305,8.0916,7.8527,7.6139,7.3845,7.2538,7.1231,6.9924,6.8617,6.731,6.6003,6.4695,6.3388,6.208,6.076,5.9425,5.8089,5.6753,5.5416,5.4078,5.274,5.1402,5.0062,4.8722,4.7174,4.5567,4.3959,4.2351,4.0742,3.9132,3.7522,3.591,3.4298,3.2775,3.1848,3.0921,2.9993,2.9065,2.8136,2.7208,2.628,2.5352,2.4424,2.4298,2.5041,2.5784,2.6527,2.7271,2.8015,2.876,2.9506,3.0252,3.1,3.3446,3.6248,3.9054,4.1865,4.4681,4.7502,5.0329,5.3161,5.6,5.876,6.1127,6.3496,6.5869,6.8243,7.0621,7.3001,7.5384,7.777,8.0159,8.1997,8.3334,8.4672,8.6011,8.7351,8.8692,9.0035,9.1378,9.2722,9.4067,9.4475,9.4743,9.5009,9.5273,9.5537,9.5799,9.6059,9.6318,9.6575,9.658,9.5676,9.4771,9.3867,9.2963,9.2059,9.1155,9.025,8.9346,8.8441,8.7401,8.6255,8.511,8.3965,8.282,8.1676,8.0533,7.939,7.8247,7.7105,7.5768,7.4412,7.3055,7.1698,7.0342,6.8986,6.7629,6.6273,6.4917,6.3786,6.3352,6.2918,6.2485,6.2051,6.1618,6.1185,6.0752,6.0319,5.9887,5.9238,5.8436,5.7635,5.6836,5.6038,5.5242,5.4447,5.3654,5.2863,5.2073,5.12,5.0324,4.9452,4.8585,4.7722,4.6864
11.5398,11.4674,11.3954,11.3238,11.2526,11.1818,11.1114,11.0414,10.9399,10.7921,10.6444,10.4968,10.3492,10.2017,10.0543,9.9069,9.7596,9.6123,9.3915,9.1464,8.9013,8.6563,8.4114,8.1666,7.9218,7.6771,7.4324,7.1983,7.0639,6.9296,6.7953,6.661,6.5266,6.3923,6.2579,6.1235,5.9891,5.8542,5.7187,5.5833,5.4477,5.3121,5.1764,5.0407,4.9049,4.769,4.6331,4.4745,4.3097,4.1448,3.9799,3.8149,3.6498,3.4846,3.3193,3.154,2.9998,2.9204,2.8411,2.7616,2.6822,2.6027,2.5232,2.4437,2.3643,2.2848,2.2827,2.3657,2.4486,2.5317,2.6147,2.6978,2.781,2.8643,2.9476,3.0311,3.2993,3.6081,3.9173,4.2269,4.5371,4.8478,5.159,5.4709,5.7833,6.0849,6.3296,6.5745,6.8196,7.065,7.3107,7.5566,7.8029,8.0494,8.2962,8.4855,8.6195,8.7535,8.8877,9.022,9.1564,9.2908,9.4254,9.5601,9.6949,9.7321,9.7525,9.7728,9.7929,9.8128,9.8327,9.8523,9.8718,9.8912,9.8885,9.7963,9.7041,9.6119,9.5196,9.4274,9.3352,9.2429,9.1507,9.0584,8.9539,8.8388,8.7238,8.6089,8.4939,8.3791,8.2642,8.1495,8.0347,7.92,7.786,7.6492,7.5125,7.3758,7.2391,7.1024,6.9657,6.829,6.6923,6.5755,6.5313,6.4871,6.443,6.3988,6.3547,6.3106,6.2665,6.2224,6.1783,6.115,6.036,5.9572,5.8785,5.8,5.7217,5.6434,5.5654,5.4875,5.4097,5.3273,5.2448,5.1627,5.081,4.9998,4.919
11.5409,11.456,11.3716,11.2876,11.204,11.1208,11.038,10.9555,10.8441,10.6927,10.5414,10.3902,10.2391,10.088,9.9369,9.786,9.635,9.4841,9.2569,9.0058,8.7549,8.5041,8.2533,8.0026,7.7519,7.5013,7.2508,7.012,6.874,6.7361,6.5981,6.4602,6.3222,6.1842,6.0462,5.9082,5.7701,5.6324,5.495,5.3576,5.2201,5.0826,4.945,4.8073,4.6696,4.5318,4.394,4.2317,4.0628,3.8938,3.7247,3.5556,3.3863,3.217,3.0476,2.8782,2.7221,2.6561,2.59,2.5239,2.4578,2.3917,2.3255,2.2594,2.1933,2.1272,2.1356,2.2272,2.3189,2.4106,2.5023,2.5941,2.686,2.7779,2.8699,2.962,3.2535,3.5909,3.9286,4.2669,4.6056,4.9448,5.2846,5.625,5.966,6.2937,6.5463,6.7991,7.0522,7.3055,7.5591,7.813,8.0671,8.3216,8.5763,8.7713,8.9055,9.0398,9.1743,9.3088,9.4435,9.5782,9.7131,9.848,9.9831,10.017,10.031,10.0449,10.0586,10.0722,10.0857,10.099,10.1122,10.1252,10.1192,10.0251,9.9311,9.8371,9.7431,9.649,9.555,9.4609,9.3669,9.2728,9.1677,9.0522,8.9367,8.8213,8.7059,8.5905,8.4752,8.36,8.2448,8.1296,7.9952,7.8574,7.7196,7.5818,7.444,7.3062,7.1685,7.0307,6.893,6.7724,6.7274,6.6824,6.6375,6.5925,6.5476,6.5027,6.4578,6.4129,6.3681,6.3061,6.2284,6.1508,6.0734,5.9961,5.919,5.842,5.7652,5.6886,5.612,5.5344,5.4568,5.3798,5.3031,5.2269,5.1512
11.5415,11.4442,11.3474,11.251,11.155,11.0593,10.9641,10.8692,10.7482,10.5933,10.4384,10.2836,10.1288,9.9741,9.8195,9.6649,9.5104,9.3559,9.1221,8.8652,8.6084,8.3517,8.095,7.8384,7.5819,7.3255,7.0691,6.8256,6.684,6.5425,6.4009,6.2593,6.1177,5.9761,5.8345,5.6928,5.5511,5.4105,5.2712,5.1319,4.9925,4.853,4.7135,4.5739,4.4343,4.2946,4.1548,3.9888,3.8158,3.6427,3.4695,3.2962,3.1229,2.9495,2.776,2.6024,2.4443,2.3917,2.3389,2.2862,2.2334,2.1806,2.1278,2.075,2.0222,1.9694,1.9884,2.0887,2.189,2.2894,2.3898,2.4903,2.5908,2.6914,2.7921,2.8929,3.2073,3.5732,3.9395,4.3063,4.6736,5.0414,5.4097,5.7787,6.1482,6.5023,6.7628,7.0236,7.2846,7.5458,7.8073,8.0691,8.3312,8.5935,8.8562,9.057,9.1915,9.3261,9.4608,9.5957,9.7306,9.8656,10.0007,10.136,10.2713,10.302,10.3097,10.3172,10.3246,10.3319,10.339,10.3459,10.3527,10.3594,10.3499,10.254,10.1582,10.0624,9.9665,9.8707,9.7749,9.679,9.5832,9.4873,9.3815,9.2655,9.1496,9.0337,8.9178,8.802,8.6862,8.5705,8.4549,8.3392,8.2044,8.0656,7.9267,7.7879,7.649,7.5102,7.3713,7.2325,7.0937,6.9694,6.9236,6.8778,6.8321,6.7863,6.7406,6.6949,6.6492,6.6035,6.5578,6.4971,6.4207,6.3444,6.2682,6.1922,6.1163,6.0406,5.965,5.8896,5.8143,5.741,5.6685,5.5965,5.5249,5.4537,5.383
11.5417,11.432,11.3228,11.214,11.1055,10.9975,10.8898,10.7826,10.6522,10.4937,10.3352,10.1768,10.0184,9.8602,9.702,9.5438,9.3857,9.2276,8.9872,8.7244,8.4618,8.1992,7.9367,7.6742,7.4118,7.1495,6.8872,6.6392,6.494,6.3488,6.2036,6.0584,5.9132,5.7679,5.6227,5.4774,5.3321,5.1886,5.0474,4.9062,4.7649,4.6235,4.4821,4.3406,4.199,4.0574,3.9157,3.7459,3.5688,3.3915,3.2142,3.0369,2.8594,2.6819,2.5043,2.3266,2.1665,2.1272,2.0878,2.0484,2.0089,1.9694,1.9299,1.8905,1.851,1.8116,1.8411,1.95,2.059,2.1681,2.2772,2.3863,2.4955,2.6048,2.7142,2.8236,3.1607,3.5552,3.95,4.3453,4.7411,5.1374,5.5343,5.9317,6.3298,6.7108,6.9792,7.2479,7.5168,7.7859,8.0554,8.325,8.595,8.8653,9.1359,9.3427,9.4775,9.6124,9.7474,9.8825,10.0177,10.153,10.2884,10.4239,10.5595,10.5873,10.5886,10.5898,10.5908,10.5917,10.5925,10.5931,10.5936,10.5938,10.5806,10.483,10.3854,10.2877,10.1901,10.0925,9.9948,9.8972,9.7995,9.7018,9.5954,9.4789,9.3625,9.2461,9.1298,9.0135,8.8973,8.7811,8.665,8.5489,8.4137,8.2738,8.1339,7.994,7.8541,7.7142,7.5743,7.4344,7.2945,7.1664,7.1198,7.0732,7.0267,6.9801,6.9336,6.8871,6.8406,6.7941,6.7477,6.6881,6.6129,6.5378,6.4629,6.3881,6.3135,6.239,6.1647,6.0905,6.0165,5.9473,5.8799,5.8129,5.7463,5.6802,5.6145
11.5414,11.4194,11.2977,11.1765,11.0557,10.9353,10.8152,10.6955,10.5561,10.394,10.2319,10.0699,9.908,9.7461,9.5843,9.4226,9.2609,9.0992,8.8521,8.5835,8.315,8.0465,7.7782,7.5099,7.2416,6.9734,6.7053,6.4527,6.3039,6.1551,6.0063,5.8574,5.7086,5.5597,5.4108,5.2619,5.113,4.9668,4.8236,4.6805,4.5372,4.3939,4.2506,4.1072,3.9637,3.8201,3.6765,3.503,3.3218,3.1404,2.959,2.7775,2.596,2.4143,2.2326,2.0508,1.8888,1.8627,1.8367,1.8105,1.7844,1.7582,1.732,1.7059,1.6797,1.6536,1.6937,1.8113,1.929,2.0467,2.1645,2.2823,2.4001,2.5181,2.6361,2.7543,3.1137,3.5366,3.96,4.3838,4.8081,5.2329,5.6583,6.0842,6.5108,6.9191,7.1954,7.472,7.7488,8.0259,8.3032,8.5808,8.8587,9.1369,9.4153,9.6285,9.7635,9.8987,10.0339,10.1693,10.3047,10.4403,10.576,10.7118,10.8476,10.8728,10.8677,10.8626,10.8573,10.8518,10.8463,10.8405,10.8346,10.8286,10.8115,10.7121,10.6126,10.5132,10.4138,10.3143,10.2149,10.1154,10.016,9.9165,9.8092,9.6923,9.5754,9.4586,9.3418,9.225,9.1084,8.9917,8.8751,8.7585,8.6231,8.4821,8.3411,8.2001,8.0592,7.9182,7.7772,7.6363,7.4953,7.3635,7.3161,7.2687,7.2214,7.174,7.1267,7.0794,7.0321,6.9848,6.9375,6.879,6.805,6.7312,6.6575,6.584,6.5106,6.4373,6.3643,6.2913,6.2186,6.1532,6.0908,6.0288,5.9673,5.9062,5.8456
11.5408,11.4063,11.2723,11.1387,11.0054,10.8726,10.7402,10.6081,10.4599,10.2942,10.1285,9.9629,9.7974,9.632,9.4666,9.3013,9.136,8.9707,8.7169,8.4425,8.1681,7.8938,7.6195,7.3454,7.0713,6.7972,6.5233,6.2662,6.1137,5.9613,5.8089,5.6564,5.5039,5.3515,5.199,5.0464,4.8939,4.7448,4.5998,4.4547,4.3096,4.1643,4.0191,3.8737,3.7283,3.5829,3.4374,3.2601,3.0747,2.8893,2.7038,2.5182,2.3325,2.1468,1.9609,1.775,1.6109,1.5982,1.5855,1.5726,1.5598,1.5469,1.5341,1.5212,1.5084,1.4956,1.5462,1.6725,1.7989,1.9252,2.0516,2.1781,2.3047,2.4313,2.558,2.6847,3.0663,3.5177,3.9695,4.4218,4.8746,5.3279,5.7818,6.2362,6.6912,7.1272,7.4115,7.6959,7.9806,8.2656,8.5508,8.8363,9.1221,9.4082,9.6946,9.9142,10.0495,10.1849,10.3205,10.4561,10.5918,10.7277,10.8636,10.9997,11.1358,11.1584,11.1471,11.1356,11.1239,11.1122,11.1002,11.0882,11.0759,11.0635,11.0424,10.9412,10.8399,10.7387,10.6375,10.5362,10.435,10.3337,10.2325,10.1312,10.0231,9.9057,9.7884,9.6711,9.5538,9.4366,9.3194,9.2023,9.0852,8.9682,8.8325,8.6905,8.5484,8.4064,8.2643,8.1223,7.9803,7.8383,7.6963,7.5606,7.5124,7.4642,7.4161,7.3679,7.3198,7.2717,7.2236,7.1755,7.1275,7.0698,6.9971,6.9245,6.852,6.7797,6.7076,6.6356,6.5638,6.4921,6.4205,6.3588,6.3014,6.2445,6.188,6.1319,6.0763
11.5396,11.3928,11.2464,11.1004,10.9548,10.8096,10.6648,10.5203,10.3636,10.1943,10.025,9.8559,9.6868,9.5178,9.3488,9.1799,9.011,8.8422,8.5816,8.3013,8.021,7.7409,7.4608,7.1808,6.9008,6.6209,6.3411,6.0796,5.9235,5.7675,5.6114,5.4553,5.2992,5.1431,4.987,4.8309,4.6747,4.5229,4.376,4.2289,4.0819,3.9347,3.7876,3.6403,3.493,3.3456,3.1982,3.0172,2.8277,2.6381,2.4485,2.2588,2.069,1.8792,1.6892,1.4992,1.3331,1.3337,1.3342,1.3347,1.3352,1.3356,1.336,1.3365,1.3369,1.3374,1.3987,1.5337,1.6687,1.8037,1.9388,2.0739,2.2091,2.3443,2.4797,2.6151,3.0184,3.4983,3.9786,4.4593,4.9406,5.4224,5.9047,6.3876,6.8711,7.3352,7.6273,7.9197,8.2123,8.5052,8.7983,9.0917,9.3854,9.6793,9.9736,10.1999,10.3355,10.4712,10.607,10.7429,10.8789,11.015,11.1512,11.2875,11.424,11.4444,11.4266,11.4088,11.3908,11.3727,11.3545,11.3361,11.3175,11.2988,11.2734,11.1704,11.0673,10.9643,10.8613,10.7582,10.6552,10.5521,10.4491,10.346,10.237,10.1191,10.0013,9.8836,9.7658,9.6482,9.5305,9.413,9.2954,9.1779,9.042,8.8989,8.7558,8.6127,8.4696,8.3265,8.1834,8.0403,7.8972,7.7578,7.7088,7.6598,7.6109,7.5619,7.513,7.4641,7.4152,7.3663,7.3174,7.2605,7.189,7.1177,7.0465,6.9754,6.9045,6.8338,6.7632,6.6927,6.6224,6.564,6.5116,6.4597,6.4082,6.3572,6.3066
11.5381,11.3789,11.2201,11.0617,10.9037,10.7462,10.589,10.4321,10.2671,10.0943,9.9214,9.7487,9.576,9.4034,9.2309,9.0584,8.8859,8.7135,8.4462,8.16,7.8739,7.5879,7.3019,7.0161,6.7303,6.4445,6.1589,5.8929,5.7332,5.5736,5.4139,5.2542,5.0945,4.9348,4.7751,4.6153,4.4555,4.301,4.1521,4.0032,3.8542,3.7051,3.556,3.4069,3.2577,3.1084,2.959,2.7742,2.5806,2.387,2.1932,1.9994,1.8056,1.6116,1.4176,1.2234,1.0553,1.0691,1.0829,1.0967,1.1105,1.1242,1.1379,1.1516,1.1654,1.1792,1.2512,1.3948,1.5384,1.682,1.8258,1.9695,2.1134,2.2573,2.4013,2.5454,2.9701,3.4784,3.9872,4.4964,5.0061,5.5163,6.0271,6.5385,7.0504,7.543,7.843,8.1433,8.4438,8.7445,9.0456,9.3468,9.6484,9.9503,10.2524,10.4856,10.6215,10.7574,10.8935,11.0297,11.1659,11.3023,11.4388,11.5754,11.7121,11.7305,11.7064,11.6823,11.658,11.6335,11.6089,11.5842,11.5593,11.5342,11.5045,11.3996,11.2948,11.19,11.0851,10.9803,10.8755,10.7706,10.6657,10.5609,10.4509,10.3326,10.2143,10.0961,9.9779,9.8598,9.7417,9.6236,9.5056,9.3877,9.2515,9.1074,8.9632,8.819,8.6749,8.5307,8.3866,8.2424,8.0983,7.955,7.9052,7.8554,7.8057,7.7559,7.7062,7.6565,7.6068,7.5571,7.5075,7.4511,7.3809,7.3108,7.2408,7.171,7.1014,7.0319,6.9625,6.8933,6.8243,6.7688,6.7215,6.6746,6.6281,6.5821,6.5366
