15.3801,15.3373,15.2946,15.2519,15.2092,15.1665,15.1238,15.0812,15.0385,14.9966,14.9634,14.9302,14.897,14.8638,14.8306,14.7974,14.7643,14.7311,14.698,14.6228,14.5293,14.4358,14.3423,14.2488,14.1553,14.0618,13.9682,13.8747,13.8261,13.8725,13.9191,13.9658,14.0126,14.0593,14.1061,14.1528,14.1996,14.2464,14.2784,14.3095,14.3407,14.3719,14.403,14.4342,14.4654,14.4966,14.5277,14.5622,14.5992,14.6362,14.6732,14.7102,14.7472,14.7842,14.8212,14.8582,14.8696,14.7778,14.686,14.5941,14.5023,14.4105,14.3187,14.2269,14.1351,14.0433,13.9204,13.7909,13.6614,13.532,13.4025,13.273,13.1436,13.0141,12.8846,12.8244,12.8486,12.8731,12.8976,12.9222,12.9468,12.9715,12.9962,13.0209,13.0443,13.0516,13.0589,13.0663,13.0737,13.0812,13.0887,13.0962,13.1038,13.1115,13.1417,13.1816,13.2213,13.261,13.3005,13.3399,13.3793,13.4185,13.4575,13.4663,13.4122,13.3582,13.3041,13.25,13.196,13.142,13.0879,13.0339,12.9799,12.9566,12.935,12.9133,12.8914,12.8695,12.8474,12.8252,12.8029,12.7804,12.7773,12.7888,12.8004,12.8121,12.8238,12.8356,12.8475,12.8594,12.8714,12.8766,12.8529,12.8293,12.8056,12.7819,12.7583,12.7346,12.711,12.6873,12.6636,12.6357,12.6061,12.5759,12.545,12.5135,12.4813,12.4484,12.4149,12.3806,12.3387,12.287,12.235,12.1826,12.1298,12.0766,12.023,11.9689,11.9145,11.8599,11.8081,11.7564,11.7046,11.6527,11.6008,11.5489,11.4969,11.4448,11.3927
15.4026,15.3596,15.3165,15.2736,15.2306,15.1876,15.1447,15.1017,15.0588,15.0167,14.9835,14.9503,14.9171,14.884,14.8508,14.8176,14.7845,14.7513,14.7181,14.6426,14.5496,14.4566,14.3636,14.2705,14.1775,14.0844,13.9914,13.8984,13.8491,13.8891,13.9291,13.9693,14.0096,14.05,14.0904,14.131,14.1716,14.2123,14.2441,14.2755,14.3068,14.3381,14.3695,14.4008,14.4321,14.4634,14.4947,14.5283,14.5636,14.599,14.6343,14.6696,14.7049,14.7402,14.7755,14.8107,14.8222,14.737,14.6517,14.5665,14.4813,14.3962,14.311,14.2259,14.1409,14.0559,13.936,13.8086,13.6812,13.5538,13.4264,13.2991,13.1718,13.0445,12.9173,12.8579,12.8835,12.9092,12.9349,12.9606,12.9864,13.0122,13.038,13.0639,13.0887,13.0972,13.1058,13.1144,13.1231,13.1318,13.1405,13.1493,13.1581,13.167,13.1945,13.2302,13.2659,13.3015,13.3369,13.3723,13.4075,13.4427,13.4777,13.4851,13.4311,13.377,13.3229,13.2689,13.2148,13.1608,13.1067,13.0527,12.9987,12.9722,12.9478,12.9233,12.8987,12.874,12.8492,12.8242,12.7991,12.7739,12.7694,12.7822,12.795,12.808,12.8209,12.834,12.8471,12.8602,12.8735,12.8807,12.8571,12.8334,12.8097,12.786,12.7624,12.7387,12.7151,12.6914,12.6677,12.6317,12.5916,12.5508,12.5094,12.4674,12.4247,12.3812,12.3371,12.2923,12.2426,12.1858,12.1286,12.071,12.0131,11.9548,11.896,11.8369,11.7774,11.7175,11.6657,11.614,11.5622,11.5103,11.4584,11.4065,11.3545,11.3024,11.2503
15.4251,15.3818,15.3385,15.2952,15.2519,15.2087,15.1655,15.1223,15.0791,15.0369,15.0037,14.9705,14.9373,14.9041,14.871,14.8378,14.8046,14.7715,14.7383,14.6624,14.5699,14.4773,14.3848,14.2922,14.1997,14.1071,14.0146,13.922,13.872,13.9055,13.9391,13.9727,14.0065,14.0404,14.0743,14.1084,14.1425,14.1766,14.2082,14.2395,14.2709,14.3022,14.3336,14.3649,14.3962,14.4275,14.4588,14.4913,14.5248,14.5583,14.5917,14.6252,14.6586,14.692,14.7254,14.7588,14.7703,14.6923,14.6143,14.5364,14.4584,14.3805,14.3026,14.2248,14.147,14.0693,13.9526,13.8273,13.7019,13.5766,13.4513,13.3261,13.2008,13.0757,12.9505,12.8916,12.9184,12.9453,12.9721,12.999,13.026,13.0529,13.0799,13.1069,13.1331,13.1428,13.1526,13.1625,13.1724,13.1823,13.1923,13.2024,13.2124,13.2226,13.2473,13.279,13.3106,13.3421,13.3735,13.4048,13.4359,13.467,13.4979,13.504,13.4499,13.3958,13.3418,13.2877,13.2337,13.1796,13.1256,13.0715,13.0175,12.9879,12.9608,12.9335,12.9061,12.8787,12.851,12.8233,12.7955,12.7675,12.7614,12.7755,12.7896,12.8038,12.818,12.8323,12.8466,12.8611,12.8755,12.8848,12.8612,12.8375,12.8138,12.7902,12.7665,12.7428,12.7192,12.6955,12.6718,12.6284,12.5777,12.5264,12.4745,12.4219,12.3687,12.3147,12.2601,12.2048,12.1468,12.0848,12.0225,11.9598,11.8968,11.8333,11.7695,11.7052,11.6405,11.5755,11.5233,11.4716,11.4198,11.3679,11.316,11.2641,11.2121,11.16,11.1079
15.4476,15.404,15.3604,15.3169,15.2733,15.2298,15.1863,15.1428,15.0993,15.0571,15.0239,14.9907,14.9575,14.9243,14.8911,14.858,14.8248,14.7916,14.7585,14.6823,14.5902,14.4981,14.406,14.314,14.2219,14.1298,14.0377,13.9457,13.8949,13.9218,13.9489,13.9761,14.0033,14.0307,14.0581,14.0857,14.1133,14.141,14.1722,14.2036,14.235,14.2663,14.2977,14.329,14.3603,14.3916,14.4229,14.4544,14.486,14.5176,14.5492,14.5807,14.6123,14.6438,14.6754,14.7069,14.7183,14.6476,14.5769,14.5062,14.4355,14.3649,14.2942,14.2236,14.1531,14.0826,13.9692,13.8459,13.7226,13.5994,13.4762,13.353,13.2299,13.1068,12.9837,12.9254,12.9534,12.9813,13.0094,13.0374,13.0655,13.0936,13.1218,13.1499,13.1774,13.1884,13.1995,13.2105,13.2217,13.2329,13.2441,13.2554,13.2667,13.2781,13.3003,13.3279,13.3554,13.3828,13.4102,13.4374,13.4645,13.4915,13.5183,13.5229,13.4688,13.4147,13.3606,13.3065,13.2525,13.1984,13.1444,13.0903,13.0363,13.0037,12.9738,12.9438,12.9137,12.8834,12.8531,12.8226,12.7919,12.7612,12.7534,12.7687,12.7841,12.7995,12.815,12.8305,12.8461,12.8618,12.8775,12.8889,12.8653,12.8416,12.8179,12.7943,12.7706,12.7469,12.7233,12.6996,12.6759,12.6256,12.5645,12.5027,12.4402,12.3771,12.3133,12.2489,12.1837,12.1179,12.0513,11.9842,11.9168,11.849,11.7808,11.7122,11.6433,11.5739,11.5041,11.4339,11.3809,11.3292,11.2774,11.2255,11.1736,11.1217,11.0697,11.0176,10.9655
15.4701,15.4262,15.3823,15.3385,15.2947,15.2509,15.2071,15.1633,15.1196,15.0772,15.044,15.0108,14.9776,14.9445,14.9113,14.8781,14.845,14.8118,14.7787,14.7021,14.6105,14.5189,14.4273,14.3357,14.2441,14.1525,14.0609,13.9693,13.9176,13.938,13.9586,13.9793,14,14.0209,14.0419,14.0629,14.084,14.1052,14.1363,14.1677,14.199,14.2304,14.2618,14.2931,14.3244,14.3557,14.387,14.4174,14.4472,14.4769,14.5066,14.5363,14.566,14.5956,14.6253,14.6549,14.6664,14.6029,14.5395,14.476,14.4126,14.3492,14.2858,14.2224,14.1591,14.0959,13.9858,13.8645,13.7433,13.6222,13.501,13.3799,13.2589,13.1378,13.0168,12.9591,12.9883,13.0174,13.0466,13.0758,13.105,13.1343,13.1636,13.1929,13.2217,13.234,13.2462,13.2586,13.271,13.2834,13.2959,13.3084,13.3209,13.3336,13.3533,13.3769,13.4003,13.4237,13.447,13.4701,13.4931,13.516,13.5388,13.5417,13.4876,13.4335,13.3795,13.3254,13.2713,13.2172,13.1632,13.1091,13.0551,13.0197,12.987,12.9542,12.9213,12.8883,12.8552,12.8219,12.7886,12.7551,12.7454,12.7619,12.7785,12.7952,12.8119,12.8287,12.8456,12.8625,12.8794,12.893,12.8694,12.8457,12.822,12.7984,12.7747,12.751,12.7274,12.7037,12.68,12.6236,12.5519,12.4796,12.4066,12.333,12.2587,12.1837,12.108,12.0316,11.9562,11.884,11.8114,11.7385,11.6652,11.5915,11.5174,11.4429,11.368,11.2927,11.2385,11.1868,11.135,11.0831,11.0312,10.9793,10.9273,10.8753,10.8232
15.4925,15.4484,15.4042,15.3601,15.316,15.272,15.2279,15.1838,15.1398,15.0974,15.0642,15.031,14.9978,14.9646,14.9315,14.8983,14.8651,14.832,14.7988,14.7219,14.6308,14.5397,14.4486,14.3575,14.2664,14.1752,14.0841,13.993,13.9402,13.9541,13.9682,13.9824,13.9967,14.011,14.0255,14.0401,14.0547,14.0694,14.1003,14.1317,14.1631,14.1945,14.2259,14.2572,14.2885,14.3199,14.3512,14.3805,14.4083,14.4362,14.464,14.4918,14.5197,14.5475,14.5752,14.603,14.6144,14.5582,14.502,14.4458,14.3896,14.3334,14.2773,14.2212,14.1651,14.1091,14.0023,13.8832,13.764,13.6449,13.5259,13.4068,13.2878,13.1689,13.0499,12.9929,13.0231,13.0534,13.0838,13.1141,13.1445,13.1749,13.2054,13.2359,13.266,13.2795,13.293,13.3066,13.3202,13.3339,13.3476,13.3613,13.3751,13.389,13.4065,13.426,13.4454,13.4647,13.4839,13.503,13.5219,13.5408,13.5595,13.5606,13.5065,13.4524,13.3983,13.3442,13.2901,13.2361,13.182,13.1279,13.0739,13.0357,13.0003,12.9647,12.9291,12.8933,12.8574,12.8214,12.7853,12.749,12.7372,12.755,12.7729,12.7908,12.8088,12.8268,12.8449,12.8631,12.8813,12.8971,12.8735,12.8498,12.8261,12.8025,12.7788,12.7551,12.7315,12.7078,12.6841,12.6221,12.5399,12.4571,12.3736,12.2895,12.2046,12.1192,12.033,11.9461,11.8614,11.7841,11.7064,11.6284,11.5499,11.4711,11.3919,11.3123,11.2323,11.1518,11.0961,11.0444,10.9926,10.9407,10.8888,10.8369,10.7849,10.7329,10.6808
15.515,15.4706,15.4261,15.3818,15.3374,15.293,15.2487,15.2043,15.16,15.1175,15.0843,15.0511,15.018,14.9848,14.9516,14.9185,14.8853,14.8522,14.819,14.7418,14.6511,14.5605,14.4699,14.3792,14.2886,14.198,14.1073,14.0167,13.9627,13.9701,13.9777,13.9854,13.9932,14.0011,14.0091,14.0171,14.0252,14.0334,14.0644,14.0958,14.1272,14.1586,14.1899,14.2213,14.2526,14.284,14.3153,14.3435,14.3695,14.3955,14.4214,14.4474,14.4733,14.4993,14.5252,14.5511,14.5625,14.5135,14.4645,14.4155,14.3666,14.3176,14.2687,14.2199,14.1711,14.1223,14.0188,13.9017,13.7847,13.6677,13.5507,13.4337,13.3168,13.1999,13.083,13.0266,13.058,13.0894,13.1209,13.1524,13.184,13.2155,13.2472,13.2788,13.3102,13.325,13.3397,13.3546,13.3694,13.3843,13.3993,13.4143,13.4293,13.4444,13.4598,13.4752,13.4906,13.5058,13.5209,13.5359,13.5508,13.5656,13.5803,13.5795,13.5253,13.4712,13.4171,13.3631,13.309,13.2549,13.2008,13.1467,13.0927,13.0518,13.0137,12.9754,12.9369,12.8984,12.8598,12.821,12.7821,12.7431,12.7291,12.7481,12.7672,12.7864,12.8056,12.8249,12.8442,12.8636,12.8831,12.9012,12.8776,12.8539,12.8302,12.8066,12.7829,12.7592,12.7356,12.7119,12.6882,12.6213,12.5286,12.4352,12.3412,12.2466,12.1513,12.0553,11.9586,11.8613,11.7669,11.6845,11.6017,11.5185,11.435,11.3511,11.2668,11.182,11.0969,11.0114,10.9537,10.902,10.8502,10.7983,10.7465,10.6945,10.6425,10.5905,10.5384
15.5374,15.4927,15.448,15.4034,15.3587,15.3141,15.2694,15.2248,15.1803,15.1377,15.1045,15.0713,15.0381,15.005,14.9718,14.9386,14.9055,14.8723,14.8392,14.7616,14.6715,14.5813,14.4912,14.401,14.3109,14.2207,14.1305,14.0404,13.985,13.986,13.9871,13.9883,13.9896,13.991,13.9925,13.9941,13.9957,13.9975,14.0285,14.0599,14.0913,14.1227,14.154,14.1854,14.2168,14.2481,14.2794,14.3065,14.3306,14.3547,14.3788,14.4029,14.427,14.4511,14.4751,14.4992,14.5105,14.4687,14.427,14.3853,14.3435,14.3018,14.2602,14.2185,14.177,14.1354,14.0353,13.9203,13.8053,13.6904,13.5755,13.4606,13.3457,13.2309,13.1161,13.0603,13.0929,13.1254,13.1581,13.1907,13.2234,13.2561,13.2889,13.3217,13.3545,13.3704,13.3865,13.4025,13.4186,13.4347,13.4509,13.4672,13.4834,13.4998,13.5132,13.5246,13.5358,13.547,13.5581,13.569,13.5799,13.5906,13.6012,13.5983,13.5442,13.4901,13.436,13.3819,13.3278,13.2737,13.2196,13.1656,13.1115,13.0681,13.0272,12.9861,12.9449,12.9037,12.8623,12.8208,12.7791,12.7374,12.7208,12.7411,12.7615,12.7819,12.8023,12.8229,12.8435,12.8641,12.8848,12.9053,12.8817,12.858,12.8343,12.8107,12.787,12.7633,12.7397,12.716,12.6923,12.6211,12.5179,12.414,12.3095,12.2044,12.0986,11.9921,11.885,11.7771,11.6728,11.5852,11.4974,11.4091,11.3204,11.2314,11.142,11.0521,10.9619,10.8713,10.8113,10.7596,10.7078,10.6559,10.6041,10.5521,10.5001,10.4481,10.396
15.5599,15.5149,15.4699,15.425,15.38,15.3351,15.2902,15.2453,15.2005,15.1579,15.1247,15.0915,15.0583,15.0251,14.992,14.9588,14.9256,14.8925,14.8594,14.7815,14.6918,14.6022,14.5125,14.4228,14.3331,14.2435,14.1538,14.0641,14.0073,14.0018,13.9964,13.9912,13.986,13.9809,13.9759,13.971,13.9662,13.9614,13.9925,14.0239,14.0553,14.0867,14.1181,14.1495,14.1809,14.2122,14.2436,14.2695,14.2918,14.314,14.3362,14.3585,14.3807,14.4029,14.4251,14.4472,14.4585,14.424,14.3895,14.3549,14.3205,14.286,14.2515,14.2171,14.1828,14.1485,14.0518,13.9389,13.826,13.7131,13.6002,13.4874,13.3746,13.2618,13.1491,13.094,13.1277,13.1614,13.1952,13.229,13.2629,13.2967,13.3306,13.3646,13.3986,13.4159,13.4331,13.4504,13.4678,13.4851,13.5026,13.52,13.5376,13.5551,13.5667,13.574,13.5812,13.5884,13.5954,13.6023,13.6091,13.6157,13.6223,13.6172,13.5631,13.5089,13.4548,13.4007,13.3466,13.2925,13.2384,13.1844,13.1303,13.0845,13.0408,12.997,12.9531,12.909,12.8649,12.8206,12.7762,12.7317,12.7125,12.7341,12.7557,12.7773,12.799,12.8208,12.8426,12.8645,12.8865,12.9085,12.8858,12.8621,12.8384,12.8148,12.7911,12.7674,12.7438,12.7201,12.6964,12.6215,12.5078,12.3935,12.2785,12.1629,12.0466,11.9296,11.8119,11.6936,11.579,11.4863,11.3933,11.3,11.2062,11.1121,11.0175,10.9226,10.8273,10.7315,10.6689,10.6172,10.5654,10.5135,10.4617,10.4097,10.3577,10.3057,10.2536
15.5823,15.537,15.4918,15.4466,15.4013,15.3562,15.311,15.2658,15.2207,15.178,15.1448,15.1116,15.0785,15.0453,15.0121,14.979,14.9458,14.9127,14.8795,14.8014,14.7122,14.623,14.5338,14.4446,14.3554,14.2662,14.177,14.0878,14.0294,14.0175,14.0056,13.9939,13.9822,13.9707,13.9592,13.9478,13.9365,13.9253,13.9566,13.988,14.0194,14.0508,14.0822,14.1136,14.145,14.1763,14.2077,14.2325,14.2529,14.2733,14.2936,14.314,14.3344,14.3547,14.375,14.3953,14.4065,14.3792,14.3519,14.3246,14.2973,14.2701,14.2429,14.2157,14.1886,14.1615,14.0683,13.9574,13.8466,13.7357,13.6249,13.5142,13.4034,13.2927,13.1821,13.1276,13.1625,13.1974,13.2323,13.2673,13.3023,13.3373,13.3724,13.4075,13.4426,13.4613,13.4798,13.4983,13.5169,13.5355,13.5542,13.5729,13.5916,13.6104,13.6203,13.6236,13.6267,13.6298,13.6328,13.6356,13.6384,13.641,13.6435,13.636,13.5819,13.5278,13.4737,13.4196,13.3655,13.3114,13.2573,13.2032,13.1491,13.1009,13.0545,13.0079,12.9613,12.9145,12.8676,12.8206,12.7734,12.7262,12.7042,12.7269,12.7498,12.7727,12.7956,12.8187,12.8417,12.8649,12.8881,12.9114,12.8899,12.8662,12.8425,12.8189,12.7952,12.7715,12.7479,12.7242,12.7005,12.6225,12.4983,12.3735,12.2481,12.122,11.9952,11.8677,11.7396,11.6108,11.4855,11.3878,11.2897,11.1912,11.0923,10.9931,10.8935,10.7934,10.693,10.5921,10.5265,10.4748,10.423,10.3711,10.3193,10.2673,10.2153,10.1633,10.1112
15.6047,15.5592,15.5137,15.4681,15.4227,15.3772,15.3317,15.2863,15.2409,15.1982,15.165,15.1318,15.0986,15.0654,15.0323,14.9991,14.966,14.9328,14.8997,14.8213,14.7326,14.6438,14.5551,14.4664,14.3777,14.289,14.2002,14.1115,14.0515,14.033,14.0147,13.9965,13.9784,13.9604,13.9424,13.9246,13.9068,13.8892,13.9206,13.9521,13.9835,14.0149,14.0463,14.0777,14.1091,14.1405,14.1718,14.1955,14.214,14.2325,14.251,14.2695,14.288,14.3065,14.325,14.3434,14.3545,14.3344,14.3143,14.2942,14.2742,14.2542,14.2342,14.2142,14.1943,14.1745,14.0848,13.9759,13.8672,13.7584,13.6497,13.541,13.4323,13.3237,13.2151,13.1613,13.1973,13.2333,13.2694,13.3055,13.3417,13.3778,13.414,13.4503,13.4866,13.5067,13.5264,13.5462,13.566,13.5858,13.6057,13.6257,13.6457,13.6657,13.674,13.6733,13.6724,13.6714,13.6703,13.6691,13.6678,13.6664,13.6648,13.6549,13.6008,13.5466,13.4925,13.4384,13.3843,13.3302,13.2761,13.222,13.1679,13.1175,13.0683,13.019,12.9696,12.9201,12.8704,12.8207,12.7708,12.7208,12.6957,12.7198,12.7439,12.768,12.7922,12.8165,12.8408,12.8652,12.8896,12.9141,12.894,12.8703,12.8466,12.823,12.7993,12.7756,12.752,12.7283,12.7046,12.6242,12.4895,12.3542,12.2183,12.0817,11.9445,11.8066,11.6679,11.5286,11.3924,11.2895,11.1863,11.0828,10.9788,10.8745,10.7697,10.6646,10.5591,10.4531,10.3841,10.3324,10.2806,10.2287,10.1769,10.1249,10.0729,10.0209,9.9688
15.6271,15.5813,15.5355,15.4897,15.444,15.3982,15.3525,15.3067,15.261,15.2183,15.1851,15.152,15.1188,15.0856,15.0525,15.0193,14.9862,14.953,14.9199,14.8412,14.7529,14.6647,14.5765,14.4882,14.4,14.3117,14.2235,14.1352,14.0734,14.0485,14.0237,13.999,13.9744,13.95,13.9255,13.9012,13.877,13.8532,13.8847,13.9161,13.9476,13.979,14.0104,14.0418,14.0732,14.1046,14.1359,14.1585,14.1751,14.1918,14.2084,14.2251,14.2417,14.2583,14.2749,14.2915,14.3024,14.2896,14.2767,14.2639,14.251,14.2382,14.2254,14.2127,14.2,14.1873,14.1012,13.9944,13.8877,13.781,13.6743,13.5677,13.4611,13.3545,13.248,13.1949,13.2321,13.2693,13.3065,13.3437,13.381,13.4184,13.4557,13.4931,13.5305,13.5521,13.573,13.594,13.6151,13.6361,13.6573,13.6784,13.6997,13.721,13.7279,13.7231,13.7181,13.7131,13.708,13.7027,13.6974,13.6919,13.6863,13.6738,13.6196,13.5655,13.5114,13.4572,13.4031,13.349,13.2949,13.2408,13.1867,13.1342,13.0823,13.0302,12.9781,12.9258,12.8734,12.8209,12.7683,12.7155,12.6873,12.7125,12.7379,12.7633,12.7887,12.8142,12.8398,12.8654,12.8911,12.9169,12.8981,12.8744,12.8507,12.8271,12.8034,12.7797,12.7561,12.7324,12.7087,12.6264,12.4813,12.3356,12.1892,12.0421,11.8944,11.746,11.597,11.4472,11.2996,11.1916,11.0834,10.9747,10.8656,10.7562,10.6464,10.5361,10.4255,10.3145,10.2417,10.1899,10.1382,10.0863,10.0345,9.9825,9.9305,9.8785,9.8264
15.6495,15.6034,15.5573,15.5113,15.4652,15.4192,15.3732,15.3272,15.2812,15.2385,15.2053,15.1721,15.1389,15.1058,15.0726,15.0395,15.0063,14.9732,14.9401,14.8611,14.7733,14.6856,14.5978,14.5101,14.4223,14.3345,14.2468,14.159,14.0952,14.0639,14.0326,14.0015,13.9704,13.9395,13.9086,13.8778,13.8471,13.8173,13.8488,13.8802,13.9117,13.9431,13.9745,14.0059,14.0373,14.0687,14.1001,14.1215,14.1363,14.1511,14.1658,14.1806,14.1954,14.2101,14.2248,14.2396,14.2504,14.2447,14.2391,14.2334,14.2278,14.2222,14.2166,14.2111,14.2056,14.2002,14.1176,14.0129,13.9083,13.8036,13.699,13.5944,13.4899,13.3854,13.2809,13.2285,13.2668,13.3052,13.3435,13.3819,13.4204,13.4589,13.4974,13.5359,13.5745,13.5974,13.6196,13.6418,13.6641,13.6864,13.7088,13.7312,13.7537,13.7762,13.7818,13.773,13.764,13.7549,13.7457,13.7364,13.727,13.7175,13.7079,13.6926,13.6385,13.5843,13.5302,13.4761,13.4219,13.3678,13.3137,13.2596,13.2055,13.151,13.0964,13.0416,12.9867,12.9316,12.8765,12.8212,12.7659,12.7104,12.6787,12.7053,12.7318,12.7585,12.7851,12.8119,12.8387,12.8656,12.8925,12.9195,12.9022,12.8785,12.8548,12.8312,12.8075,12.7838,12.7602,12.7365,12.7128,12.6294,12.4738,12.3176,12.1607,12.0032,11.845,11.6862,11.5266,11.3664,11.2071,11.0941,10.9807,10.8669,10.7528,10.6383,10.5233,10.408,10.2923,10.1762,10.0993,10.0475,9.9955,9.942,9.8883,9.8344,9.7803,9.7259,9.6714
15.6719,15.6255,15.5792,15.5328,15.4865,15.4402,15.3939,15.3476,15.3014,15.2586,15.2255,15.1923,15.1591,15.1259,15.0928,15.0596,15.0265,14.9934,14.9602,14.881,14.7937,14.7065,14.6192,14.5319,14.4446,14.3573,14.27,14.1827,14.1169,14.0791,14.0414,14.0038,13.9663,13.9289,13.8915,13.8543,13.8171,13.7813,13.8128,13.8443,13.8757,13.9072,13.9386,13.97,14.0014,14.0328,14.0642,14.0844,14.0974,14.1103,14.1232,14.1361,14.149,14.1619,14.1748,14.1876,14.1983,14.1999,14.2014,14.203,14.2046,14.2062,14.2078,14.2095,14.2112,14.213,14.134,14.0314,13.9288,13.8262,13.7237,13.6211,13.5187,13.4162,13.3138,13.2621,13.3016,13.3411,13.3806,13.4201,13.4597,13.4993,13.539,13.5787,13.6184,13.6427,13.6662,13.6896,13.7131,13.7367,13.7603,13.7839,13.8076,13.8313,13.8359,13.823,13.81,13.7969,13.7836,13.7703,13.7569,13.7433,13.7296,13.7115,13.6573,13.6032,13.549,13.4949,13.4408,13.3866,13.3325,13.2784,13.2243,13.168,13.1105,13.053,12.9954,12.9376,12.8797,12.8217,12.7636,12.7053,12.6702,12.6979,12.7257,12.7536,12.7815,12.8095,12.8376,12.8657,12.8935,12.9196,12.9013,12.8745,12.8474,12.8198,12.7917,12.7632,12.7342,12.7047,12.6747,12.5859,12.418,12.2499,12.0815,11.913,11.7443,11.5753,11.4061,11.2367,11.0671,10.9492,10.8312,10.7132,10.595,10.4768,10.3584,10.24,10.1215,10.0029,9.9208,9.8658,9.8105,9.755,9.6993,9.6434,9.5873,9.531,9.4744
15.6766,15.6303,15.584,15.5378,15.4916,15.4454,15.3992,15.3531,15.3069,15.2641,15.2296,15.1953,15.1611,15.1271,15.0932,15.0595,15.0259,14.9924,14.9591,14.8805,14.7947,14.709,14.6232,14.5373,14.4514,14.3655,14.2796,14.1937,14.1269,14.0841,14.0413,13.9985,13.9557,13.9129,13.87,13.8271,13.7842,13.7431,13.775,13.8067,13.8384,13.8701,13.9017,13.9333,13.9649,13.9964,14.0279,14.0471,14.0582,14.0693,14.0805,14.0915,14.1026,14.1137,14.1247,14.1357,14.1463,14.1549,14.1636,14.1722,14.1808,14.1893,14.1979,14.2064,14.2149,14.2234,14.1479,14.0473,13.9466,13.846,13.7455,13.645,13.5445,13.4442,13.3439,13.2928,13.3329,13.373,13.413,13.453,13.493,13.533,13.5729,13.6128,13.6526,13.6775,13.7013,13.7251,13.7489,13.7726,13.7964,13.8202,13.8439,13.8677,13.8697,13.8507,13.8314,13.812,13.7923,13.7724,13.7522,13.7317,13.711,13.6868,13.6305,13.5742,13.5177,13.4612,13.4047,13.3481,13.2914,13.2346,13.1778,13.1184,13.0578,12.9971,12.9364,12.8756,12.8148,12.754,12.6932,12.6323,12.593,12.6202,12.6473,12.6746,12.7018,12.7291,12.7564,12.7838,12.8112,12.8387,12.8157,12.7813,12.7465,12.7113,12.6756,12.6394,12.6027,12.5656,12.528,12.4376,12.2671,12.0964,11.9255,11.7544,11.5831,11.4115,11.2397,11.0677,10.8955,10.7755,10.6571,10.5385,10.4199,10.3012,10.1825,10.0636,9.9446,9.8255,9.7399,9.6829,9.6256,9.5682,9.5105,9.4526,9.3945,9.3362,9.2777
15.6634,15.6163,15.5692,15.5221,15.475,15.428,15.381,15.334,15.287,15.242,15.2018,15.1617,15.1218,15.0821,15.0424,15.003,14.9636,14.9244,14.8853,14.8056,14.7201,14.6346,14.549,14.4635,14.3778,14.2922,14.2065,14.1208,14.0545,14.0116,13.9687,13.9257,13.8828,13.8398,13.7968,13.7537,13.7107,13.67,13.7039,13.7378,13.7717,13.8055,13.8393,13.8731,13.9068,13.9405,13.9741,13.9943,14.0057,14.0171,14.0285,14.0399,14.0513,14.0626,14.074,14.0853,14.0961,14.1047,14.1133,14.1219,14.1305,14.1391,14.1477,14.1562,14.1647,14.1732,14.1025,14.0075,13.9126,13.8176,13.7228,13.628,13.5332,13.4385,13.3439,13.295,13.3334,13.3719,13.4103,13.4486,13.4869,13.5253,13.5635,13.6018,13.6399,13.6649,13.6887,13.7125,13.7362,13.76,13.7838,13.8075,13.8313,13.8551,13.8539,13.8273,13.8005,13.7735,13.7462,13.7187,13.691,13.6629,13.6347,13.604,13.5468,13.4894,13.4321,13.3746,13.3171,13.2595,13.2019,13.1442,13.0864,13.0267,12.9661,12.9054,12.8446,12.7839,12.7231,12.6622,12.6013,12.5404,12.4995,12.528,12.5566,12.5852,12.6138,12.6425,12.6713,12.7,12.7288,12.7577,12.7305,12.6885,12.6461,12.6032,12.5598,12.516,12.4718,12.427,12.3817,12.2894,12.1164,11.9431,11.7696,11.5959,11.422,11.2479,11.0735,10.899,10.7242,10.6018,10.4829,10.3639,10.2449,10.1257,10.0065,9.8872,9.7678,9.6482,9.5592,9.5002,9.4409,9.3815,9.3218,9.2619,9.2019,9.1416,9.081
15.6502,15.6022,15.5543,15.5064,15.4584,15.4106,15.3627,15.3148,15.267,15.2198,15.1738,15.128,15.0824,15.0369,14.9915,14.9463,14.9012,14.8562,14.8114,14.7307,14.6455,14.5602,14.4749,14.3896,14.3042,14.2189,14.1334,14.048,13.9821,13.9391,13.896,13.8529,13.8098,13.7667,13.7235,13.6803,13.6371,13.5968,13.6329,13.669,13.705,13.741,13.7769,13.8128,13.8487,13.8846,13.9204,13.9415,13.9532,13.9649,13.9766,13.9883,13.9999,14.0116,14.0232,14.0348,14.0458,14.0545,14.0631,14.0717,14.0803,14.0889,14.0975,14.106,14.1145,14.123,14.0571,13.9677,13.8784,13.7892,13.7,13.6109,13.5218,13.4328,13.3439,13.2972,13.334,13.3708,13.4075,13.4442,13.4809,13.5176,13.5542,13.5908,13.6273,13.6522,13.676,13.6998,13.7236,13.7474,13.7712,13.7949,13.8187,13.8424,13.8383,13.8041,13.7698,13.7352,13.7004,13.6653,13.63,13.5944,13.5586,13.5212,13.463,13.4047,13.3464,13.288,13.2295,13.171,13.1124,13.0538,12.995,12.9351,12.8744,12.8137,12.7529,12.6921,12.6313,12.5704,12.5095,12.4486,12.4058,12.4358,12.4657,12.4958,12.5258,12.5559,12.586,12.6162,12.6464,12.6766,12.6458,12.5961,12.5461,12.4955,12.4446,12.3931,12.3412,12.2888,12.2359,12.1414,11.9658,11.7899,11.6139,11.4376,11.2611,11.0844,10.9075,10.7304,10.553,10.4281,10.3088,10.1894,10.0699,9.9503,9.8306,9.7108,9.5909,9.471,9.3786,9.3176,9.2563,9.1949,9.1333,9.0714,9.0093,8.9471,8.8846
15.637,15.5882,15.5394,15.4906,15.4418,15.3931,15.3444,15.2957,15.247,15.1973,15.1456,15.0941,15.0427,14.9915,14.9404,14.8894,14.8386,14.7879,14.7373,14.6558,14.5709,14.4859,14.4008,14.3158,14.2307,14.1455,14.0604,13.9752,13.9097,13.8666,13.8233,13.7801,13.7369,13.6936,13.6503,13.607,13.5636,13.5236,13.5619,13.6001,13.6383,13.6765,13.7146,13.7526,13.7907,13.8286,13.8666,13.8887,13.9007,13.9127,13.9247,13.9366,13.9486,13.9605,13.9724,13.9843,13.9956,14.0043,14.0129,14.0215,14.0301,14.0387,14.0473,14.0558,14.0643,14.0728,14.0115,13.9279,13.8443,13.7607,13.6772,13.5937,13.5103,13.427,13.3437,13.2995,13.3346,13.3697,13.4048,13.4399,13.4749,13.5099,13.5449,13.5798,13.6147,13.6396,13.6634,13.6872,13.711,13.7347,13.7585,13.7823,13.8061,13.8298,13.8229,13.7812,13.7393,13.6971,13.6547,13.6121,13.5693,13.5261,13.4827,13.4385,13.3793,13.3201,13.2608,13.2014,13.142,13.0825,13.023,12.9634,12.9037,12.8434,12.7827,12.7219,12.6612,12.6004,12.5395,12.4786,12.4177,12.3568,12.3121,12.3435,12.3748,12.4062,12.4377,12.4692,12.5007,12.5323,12.5639,12.5955,12.5614,12.5041,12.4464,12.3883,12.3297,12.2706,12.2111,12.1511,12.0905,11.9936,11.8154,11.6369,11.4583,11.2795,11.1004,10.9211,10.7416,10.5619,10.382,10.2545,10.1347,10.0148,9.8949,9.7748,9.6547,9.5345,9.4142,9.2937,9.1981,9.1351,9.0719,9.0085,8.9449,8.881,8.817,8.7527,8.6882
15.6238,15.5741,15.5244,15.4748,15.4252,15.3756,15.3261,15.2765,15.227,15.1747,15.1173,15.06,15.0029,14.946,14.8891,14.8324,14.7759,14.7194,14.6631,14.581,14.4962,14.4115,14.3267,14.2419,14.1571,14.0722,13.9873,13.9024,13.8374,13.794,13.7507,13.7073,13.6639,13.6205,13.577,13.5336,13.4901,13.4505,13.4909,13.5313,13.5717,13.612,13.6522,13.6924,13.7326,13.7728,13.8129,13.8359,13.8482,13.8605,13.8727,13.885,13.8972,13.9095,13.9217,13.9339,13.9454,13.954,13.9627,13.9713,13.9799,13.9885,13.997,14.0056,14.0141,14.0226,13.966,13.888,13.8101,13.7322,13.6543,13.5765,13.4988,13.4211,13.3435,13.3017,13.3352,13.3687,13.4021,13.4355,13.4689,13.5023,13.5356,13.5689,13.6021,13.627,13.6507,13.6745,13.6983,13.7221,13.7459,13.7697,13.7934,13.8172,13.8077,13.7584,13.709,13.6593,13.6093,13.5592,13.5088,13.4581,13.4071,13.3557,13.2956,13.2354,13.1752,13.1149,13.0545,12.9941,12.9336,12.873,12.8124,12.7517,12.691,12.6302,12.5694,12.5086,12.4477,12.3869,12.3259,12.265,12.2184,12.2511,12.2839,12.3167,12.3495,12.3824,12.4153,12.4483,12.4813,12.5143,12.4774,12.4126,12.3472,12.2815,12.2152,12.1486,12.0814,12.0138,11.9456,11.8459,11.6651,11.4841,11.3029,11.1215,10.9399,10.758,10.5759,10.3936,10.2111,10.0808,9.9606,9.8403,9.7199,9.5994,9.4788,9.3582,9.2374,9.1165,9.0178,8.9528,8.8876,8.8222,8.7566,8.6908,8.6248,8.5585,8.4921
15.6105,15.56,15.5095,15.459,15.4085,15.3581,15.3077,15.2573,15.207,15.152,15.0888,15.0258,14.963,14.9003,14.8377,14.7753,14.713,14.6509,14.5888,14.5061,14.4216,14.3371,14.2526,14.1681,14.0835,13.9989,13.9142,13.8296,13.765,13.7215,13.678,13.6345,13.5909,13.5474,13.5038,13.4602,13.4165,13.3774,13.42,13.4625,13.505,13.5475,13.5899,13.6322,13.6746,13.7169,13.7591,13.7831,13.7957,13.8083,13.8208,13.8334,13.8459,13.8584,13.8709,13.8834,13.8952,13.9038,13.9125,13.9211,13.9297,13.9383,13.9468,13.9554,13.9639,13.9724,13.9204,13.8481,13.7758,13.7036,13.6314,13.5592,13.4872,13.4152,13.3433,13.304,13.3359,13.3677,13.3995,13.4312,13.463,13.4947,13.5263,13.558,13.5896,13.6143,13.6381,13.6619,13.6857,13.7095,13.7333,13.757,13.7808,13.8046,13.7927,13.7359,13.6789,13.6216,13.5642,13.5065,13.4485,13.3903,13.3318,13.273,13.212,13.1508,13.0896,13.0284,12.9671,12.9057,12.8443,12.7827,12.7212,12.66,12.5993,12.5385,12.4777,12.4169,12.356,12.2951,12.2341,12.1732,12.1246,12.1587,12.1928,12.227,12.2613,12.2955,12.3298,12.3642,12.3986,12.433,12.3939,12.3214,12.2485,12.1751,12.1012,12.0269,11.9521,11.8769,11.8011,11.6984,11.515,11.3314,11.1476,10.9637,10.7794,10.595,10.4104,10.2255,10.0404,9.9072,9.7866,9.6658,9.545,9.424,9.303,9.1819,9.0607,8.9394,8.8376,8.7706,8.7035,8.6361,8.5685,8.5007,8.4327,8.3645,8.2961
15.5972,15.5458,15.4945,15.4431,15.3918,15.3406,15.2893,15.2381,15.1869,15.129,15.0602,14.9914,14.9229,14.8544,14.7862,14.718,14.65,14.5821,14.5143,14.4312,14.347,14.2628,14.1785,14.0942,14.0099,13.9256,13.8412,13.7568,13.6926,13.649,13.6053,13.5617,13.518,13.4742,13.4305,13.3867,13.343,13.3043,13.3491,13.3938,13.4384,13.483,13.5275,13.5721,13.6165,13.661,13.7054,13.7303,13.7432,13.756,13.7689,13.7817,13.7946,13.8074,13.8202,13.8329,13.8449,13.8536,13.8622,13.8709,13.8795,13.888,13.8966,13.9052,13.9137,13.9222,13.8747,13.8081,13.7414,13.6749,13.6084,13.5419,13.4755,13.4092,13.3429,13.3063,13.3365,13.3667,13.3968,13.427,13.457,13.4871,13.5171,13.5471,13.5771,13.6017,13.6255,13.6493,13.6731,13.6968,13.7206,13.7444,13.7682,13.792,13.7779,13.7136,13.649,13.5842,13.5192,13.454,13.3885,13.3227,13.2567,13.1904,13.1283,13.0663,13.0041,12.9419,12.8797,12.8173,12.7549,12.6925,12.6299,12.5684,12.5076,12.4468,12.386,12.3251,12.2642,12.2033,12.1423,12.0813,12.0307,12.0662,12.1017,12.1373,12.1729,12.2086,12.2443,12.28,12.3158,12.3517,12.3107,12.2306,12.1501,12.0691,11.9876,11.9057,11.8233,11.7405,11.6571,11.551,11.365,11.1789,10.9925,10.806,10.6192,10.4322,10.245,10.0576,9.8699,9.7337,9.6126,9.4914,9.3701,9.2487,9.1272,9.0056,8.884,8.7622,8.6576,8.5886,8.5195,8.4501,8.3806,8.3108,8.2408,8.1706,8.1002
15.5838,15.5316,15.4794,15.4273,15.3751,15.323,15.2709,15.2189,15.1668,15.1059,15.0313,14.9569,14.8826,14.8084,14.7344,14.6606,14.5868,14.5132,14.4397,14.3564,14.2724,14.1885,14.1044,14.0204,13.9363,13.8522,13.7681,13.684,13.6202,13.5764,13.5326,13.4888,13.445,13.4011,13.3572,13.3133,13.2694,13.2313,13.2782,13.325,13.3718,13.4185,13.4652,13.5119,13.5585,13.6051,13.6517,13.6775,13.6907,13.7038,13.717,13.7301,13.7432,13.7563,13.7694,13.7825,13.7947,13.8034,13.812,13.8206,13.8292,13.8378,13.8464,13.855,13.8635,13.872,13.829,13.768,13.7071,13.6462,13.5853,13.5245,13.4637,13.4031,13.3425,13.3087,13.3372,13.3658,13.3942,13.4227,13.4512,13.4796,13.5079,13.5363,13.5646,13.589,13.6128,13.6366,13.6604,13.6842,13.708,13.7318,13.7556,13.7793,13.7633,13.6915,13.6194,13.5471,13.4745,13.4017,13.3287,13.2554,13.1818,13.108,13.0448,12.9817,12.9186,12.8555,12.7923,12.729,12.6657,12.6022,12.5388,12.4767,12.4159,12.3551,12.2942,12.2334,12.1724,12.1115,12.0505,11.9895,11.9367,11.9736,12.0106,12.0476,12.0846,12.1216,12.1587,12.1958,12.233,12.2702,12.228,12.1403,12.0521,11.9635,11.8745,11.7849,11.6949,11.6045,11.5135,11.4037,11.2152,11.0265,10.8376,10.6485,10.4591,10.2696,10.0798,9.8898,9.6996,9.5602,9.4386,9.3169,9.1952,9.0734,8.9514,8.8294,8.7073,8.5851,8.4777,8.4067,8.3356,8.2643,8.1928,8.121,8.049,7.9769,7.9045
15.5704,15.5174,15.4644,15.4114,15.3584,15.3054,15.2525,15.1996,15.1467,15.0826,15.0023,14.9222,14.8422,14.7623,14.6826,14.603,14.5235,14.4442,14.365,14.2815,14.1978,14.1141,14.0304,13.9466,13.8628,13.7789,13.6951,13.6112,13.5478,13.5039,13.46,13.416,13.372,13.328,13.284,13.2399,13.1959,13.1583,13.2073,13.2563,13.3052,13.3541,13.4029,13.4518,13.5005,13.5493,13.598,13.6247,13.6382,13.6516,13.6651,13.6785,13.6919,13.7053,13.7186,13.732,13.7445,13.7531,13.7618,13.7704,13.779,13.7876,13.7962,13.8048,13.8133,13.8218,13.7832,13.7279,13.6726,13.6174,13.5622,13.507,13.4519,13.3969,13.3419,13.311,13.3379,13.3648,13.3917,13.4185,13.4453,13.4721,13.4988,13.5255,13.5521,13.5764,13.6002,13.624,13.6478,13.6716,13.6954,13.7191,13.7429,13.7667,13.749,13.6696,13.5899,13.5101,13.43,13.3497,13.2691,13.1883,13.1072,13.0259,12.9612,12.8972,12.8332,12.7691,12.7049,12.6407,12.5764,12.512,12.4476,12.385,12.3242,12.2634,12.2025,12.1416,12.0807,12.0197,11.9587,11.8977,11.8427,11.881,11.9193,11.9577,11.9961,12.0345,12.073,12.1115,12.1501,12.1887,12.1456,12.0503,11.9546,11.8584,11.7617,11.6646,11.567,11.4689,11.3704,11.2566,11.0656,10.8743,10.6828,10.4911,10.2992,10.1071,9.9147,9.7222,9.5294,9.3866,9.2646,9.1425,9.0204,8.8981,8.7757,8.6532,8.5307,8.408,8.2979,8.225,8.1519,8.0786,8.0051,7.9314,7.8574,7.7833,7.7089
15.557,15.5031,15.4493,15.3954,15.3416,15.2878,15.234,15.1803,15.1265,15.0592,14.9732,14.8873,14.8016,14.716,14.6306,14.5453,14.4601,14.375,14.2901,14.2067,14.1232,14.0398,13.9563,13.8728,13.7892,13.7056,13.622,13.5384,13.4754,13.4314,13.3873,13.3432,13.299,13.2549,13.2107,13.1665,13.1223,13.0852,13.1364,13.1875,13.2386,13.2897,13.3407,13.3916,13.4426,13.4935,13.5443,13.5719,13.5857,13.5994,13.6131,13.6268,13.6405,13.6542,13.6679,13.6815,13.6942,13.7029,13.7116,13.7202,13.7288,13.7374,13.746,13.7546,13.7631,13.7716,13.7374,13.6878,13.6381,13.5885,13.539,13.4895,13.44,13.3907,13.3414,13.3134,13.3387,13.3639,13.3891,13.4143,13.4395,13.4646,13.4897,13.5147,13.5397,13.5637,13.5875,13.6113,13.6351,13.6589,13.6827,13.7065,13.7303,13.7541,13.7348,13.6479,13.5607,13.4734,13.3858,13.2979,13.2098,13.1215,13.0329,12.944,12.8777,12.8128,12.7478,12.6827,12.6176,12.5524,12.4872,12.4219,12.3565,12.2933,12.2325,12.1717,12.1108,12.0499,11.9889,11.9279,11.8669,11.8059,11.7486,11.7883,11.828,11.8678,11.9076,11.9474,11.9873,12.0272,12.0671,12.1071,12.0637,11.9608,11.8574,11.7536,11.6494,11.5447,11.4395,11.3338,11.2277,11.1097,10.9161,10.7222,10.5282,10.3339,10.1394,9.9448,9.7498,9.5547,9.3594,9.2132,9.0907,8.9682,8.8455,8.7228,8.6,8.4771,8.3541,8.231,8.1183,8.0434,7.9683,7.8931,7.8176,7.7419,7.666,7.5899,7.5135
15.5436,15.4889,15.4342,15.3795,15.3248,15.2702,15.2155,15.1609,15.1064,15.0356,14.9438,14.8522,14.7608,14.6695,14.5784,14.4874,14.3965,14.3057,14.2151,14.1318,14.0487,13.9655,13.8822,13.799,13.7157,13.6323,13.549,13.4656,13.403,13.3588,13.3146,13.2703,13.2261,13.1818,13.1375,13.0931,13.0487,13.0123,13.0656,13.1189,13.1721,13.2253,13.2784,13.3315,13.3846,13.4376,13.4906,13.5191,13.5332,13.5472,13.5612,13.5752,13.5892,13.6032,13.6171,13.631,13.644,13.6527,13.6613,13.67,13.6786,13.6872,13.6958,13.7043,13.7129,13.7214,13.6916,13.6476,13.6036,13.5596,13.5157,13.4718,13.4281,13.3843,13.3407,13.3158,13.3395,13.363,13.3866,13.4101,13.4337,13.4571,13.4806,13.504,13.5274,13.5511,13.5749,13.5987,13.6225,13.6463,13.6701,13.6939,13.7177,13.7415,13.7208,13.6264,13.5317,13.4368,13.3417,13.2464,13.1507,13.0549,12.9587,12.8623,12.7942,12.7283,12.6624,12.5964,12.5303,12.4642,12.398,12.3318,12.2654,12.2017,12.1408,12.08,12.0191,11.9581,11.8972,11.8362,11.7751,11.7141,11.6545,11.6956,11.7367,11.7778,11.819,11.8602,11.9015,11.9428,11.9841,12.0255,11.9822,11.8717,11.7607,11.6493,11.5375,11.4252,11.3124,11.1991,11.0854,10.9629,10.7667,10.5703,10.3737,10.1769,9.9798,9.7826,9.5851,9.3874,9.1895,9.0397,8.9168,8.7938,8.6707,8.5476,8.4243,8.301,8.1775,8.054,7.9388,7.862,7.7849,7.7077,7.6302,7.5525,7.4747,7.3966,7.3183
15.5301,15.4746,15.419,15.3635,15.308,15.2525,15.197,15.1416,15.0862,15.0118,14.9143,14.817,14.7199,14.6229,14.5261,14.4293,14.3328,14.2363,14.1399,14.057,13.9741,13.8911,13.8082,13.7251,13.6421,13.559,13.4759,13.3928,13.3306,13.2863,13.2419,13.1975,13.1531,13.1086,13.0642,13.0197,12.9752,12.9393,12.9948,13.0502,13.1056,13.1609,13.2162,13.2714,13.3266,13.3818,13.437,13.4663,13.4807,13.495,13.5093,13.5236,13.5379,13.5521,13.5663,13.5806,13.5938,13.6025,13.6111,13.6197,13.6284,13.637,13.6456,13.6541,13.6627,13.6712,13.6457,13.6073,13.5689,13.5306,13.4924,13.4542,13.416,13.3779,13.3399,13.3183,13.3402,13.3622,13.3841,13.406,13.4279,13.4497,13.4715,13.4933,13.515,13.5384,13.5623,13.5861,13.6099,13.6337,13.6575,13.6813,13.705,13.7288,13.7071,13.6051,13.5029,13.4005,13.2979,13.195,13.0919,12.9885,12.8849,12.781,12.7107,12.6439,12.577,12.5101,12.4431,12.376,12.3089,12.2417,12.1744,12.11,12.0491,11.9883,11.9273,11.8664,11.8054,11.7444,11.6833,11.6222,11.5611,11.6027,11.6452,11.6878,11.7303,11.7729,11.8156,11.8583,11.901,11.9438,11.901,11.7829,11.6644,11.5454,11.426,11.3061,11.1857,11.0649,10.9436,10.8163,10.6175,10.4186,10.2194,10.02,9.8204,9.6206,9.4206,9.2203,9.0198,8.8663,8.743,8.6195,8.496,8.3724,8.2487,8.1249,8.001,7.877,7.7595,7.6807,7.6016,7.5224,7.443,7.3634,7.2835,7.2034,7.1231
15.5166,15.4602,15.4038,15.3475,15.2911,15.2348,15.1785,15.1222,15.0659,14.9878,14.8846,14.7817,14.6788,14.5761,14.4736,14.3712,14.2689,14.1667,14.0648,13.9822,13.8995,13.8168,13.7341,13.6513,13.5686,13.4857,13.4029,13.32,13.2582,13.2137,13.1692,13.1247,13.0801,13.0355,12.9909,12.9463,12.9016,12.8664,12.924,12.9815,13.039,13.0965,13.1539,13.2113,13.2687,13.326,13.3833,13.4135,13.4282,13.4428,13.4574,13.4719,13.4865,13.5011,13.5156,13.5301,13.5435,13.5522,13.5609,13.5695,13.5782,13.5868,13.5954,13.6039,13.6125,13.621,13.5997,13.567,13.5343,13.5016,13.469,13.4364,13.4039,13.3715,13.3391,13.3207,13.3411,13.3614,13.3817,13.4019,13.4221,13.4423,13.4625,13.4826,13.5027,13.5258,13.5496,13.5734,13.5972,13.621,13.6448,13.6686,13.6924,13.7162,13.6935,13.5841,13.4744,13.3645,13.2543,13.1439,13.0333,12.9224,12.8113,12.6998,12.6273,12.5595,12.4917,12.4238,12.3559,12.2879,12.2198,12.1516,12.0834,12.0183,11.9574,11.8965,11.8356,11.7746,11.7136,11.6526,11.5915,11.5304,11.4693,11.5099,11.5537,11.5977,11.6416,11.6856,11.7296,11.7737,11.8178,11.862,11.8203,11.6946,11.5685,11.442,11.3149,11.1875,11.0595,10.9311,10.8022,10.6698,10.4685,10.267,10.0652,9.8633,9.6611,9.4587,9.2562,9.0533,8.8503,8.6929,8.5691,8.4452,8.3213,8.1972,8.073,7.9488,7.8245,7.7,7.5815,7.5026,7.4236,7.3446,7.2655,7.1864,7.1072,7.028,6.9488
15.5031,15.4459,15.3886,15.3314,15.2742,15.2171,15.1599,15.1028,15.0457,14.9637,14.8548,14.7461,14.6376,14.5292,14.4209,14.3128,14.2048,14.097,13.9897,13.9073,13.8249,13.7425,13.66,13.5775,13.495,13.4125,13.3299,13.2473,13.1858,13.1412,13.0965,13.0518,13.0071,12.9624,12.9176,12.8729,12.8281,12.7935,12.8532,12.9129,12.9726,13.0322,13.0917,13.1513,13.2108,13.2702,13.3297,13.3607,13.3757,13.3906,13.4054,13.4203,13.4352,13.45,13.4648,13.4796,13.4933,13.502,13.5107,13.5193,13.5279,13.5365,13.5451,13.5537,13.5623,13.5708,13.5538,13.5266,13.4996,13.4725,13.4455,13.4186,13.3917,13.3649,13.3382,13.3232,13.3419,13.3606,13.3792,13.3978,13.4164,13.435,13.4535,13.472,13.4904,13.5132,13.537,13.5608,13.5846,13.6084,13.6322,13.656,13.6798,13.7036,13.6802,13.5632,13.446,13.3286,13.211,13.0931,12.9749,12.8565,12.7379,12.6189,12.5439,12.4752,12.4064,12.3376,12.2687,12.1997,12.1307,12.0616,11.9924,11.9267,11.8658,11.8048,11.7439,11.6829,11.6219,11.5608,11.4997,11.4386,11.3774,11.4169,11.4622,11.5075,11.5528,11.5962,11.6396,11.683,11.7262,11.7694,11.7275,11.5935,11.4593,11.3252,11.1909,11.0567,10.9223,10.7879,10.6535,10.5181,10.3146,10.1109,9.9072,9.7034,9.4995,9.2954,9.0913,8.887,8.6826,8.5237,8.4032,8.2828,8.1627,8.0429,7.9232,7.8038,7.6847,7.5658,7.45,7.3711,7.2921,7.2131,7.1341,7.055,6.9758,6.8967,6.8174
15.4474,15.3887,15.3302,15.2718,15.2135,15.1552,15.0971,15.0391,14.9811,14.897,14.7863,14.6756,14.5648,14.454,14.3432,14.2323,14.1214,14.0104,13.9004,13.8207,13.7408,13.6607,13.5805,13.5001,13.4195,13.3388,13.258,13.177,13.1172,13.0737,13.0301,12.9863,12.9425,12.8985,12.8545,12.8103,12.7661,12.7327,12.7942,12.8556,12.917,12.9784,13.0398,13.1012,13.1626,13.2239,13.2853,13.3171,13.3324,13.3476,13.3629,13.3781,13.3934,13.4087,13.424,13.4393,13.4532,13.4607,13.4683,13.4757,13.4832,13.4906,13.4979,13.5052,13.5124,13.5195,13.5054,13.4827,13.46,13.4373,13.4145,13.3917,13.3688,13.3459,13.3229,13.3097,13.3256,13.3415,13.3572,13.3728,13.3884,13.4038,13.4191,13.4343,13.4494,13.4685,13.4886,13.5085,13.5282,13.5476,13.5667,13.5856,13.6042,13.6225,13.5945,13.4693,13.3439,13.2183,13.0926,12.9667,12.8406,12.7144,12.588,12.4614,12.3824,12.3113,12.2401,12.1689,12.0977,12.0264,11.955,11.8837,11.8122,11.7456,11.6868,11.6281,11.5696,11.5113,11.4532,11.3953,11.3376,11.2801,11.2229,11.2585,11.3019,11.3452,11.3885,11.4316,11.4747,11.5177,11.5607,11.6036,11.5661,11.4321,11.2979,11.1637,11.0295,10.8951,10.7608,10.6263,10.4919,10.3573,10.1542,9.9497,9.7452,9.5406,9.3359,9.131,8.9261,8.721,8.5158,8.3559,8.2396,8.1235,8.0076,7.8919,7.7764,7.6612,7.5463,7.4316,7.3184,7.2395,7.1606,7.0816,7.0026,6.9235,6.8444,6.7653,6.6861
15.3633,15.3007,15.2382,15.1759,15.1136,15.0514,14.9894,14.9274,14.8655,14.7787,14.6679,14.5571,14.4463,14.3354,14.2245,14.1136,14.0026,13.8916,13.7821,13.7087,13.635,13.5612,13.4872,13.413,13.3387,13.2642,13.1896,13.1149,13.0618,13.0247,12.9874,12.95,12.9126,12.875,12.8373,12.7995,12.7617,12.7348,12.7982,12.8617,12.9251,12.9884,13.0518,13.1152,13.1785,13.2418,13.3052,13.3388,13.356,13.3731,13.3902,13.4074,13.4245,13.4417,13.4589,13.476,13.4897,13.4867,13.4837,13.4807,13.4776,13.4745,13.4714,13.4681,13.4648,13.4614,13.443,13.4185,13.3939,13.3692,13.3446,13.3198,13.2951,13.2703,13.2454,13.2294,13.2411,13.2528,13.2643,13.2757,13.2871,13.2983,13.3094,13.3204,13.3313,13.3429,13.3545,13.366,13.3771,13.3881,13.3988,13.4092,13.4193,13.4292,13.3963,13.268,13.1395,13.0108,12.882,12.753,12.6238,12.4945,12.365,12.2353,12.1556,12.0853,12.015,11.9447,11.8743,11.8038,11.7333,11.6628,11.5922,11.5282,11.4756,11.4231,11.3708,11.3188,11.2669,11.2152,11.1638,11.1125,11.0615,11.0952,11.1383,11.1813,11.2242,11.267,11.3098,11.3525,11.3952,11.4378,11.4048,11.2707,11.1365,11.0023,10.868,10.7336,10.5992,10.4648,10.3302,10.1957,9.9938,9.7886,9.5833,9.3778,9.1723,8.9667,8.7609,8.5551,8.3491,8.1879,8.0757,7.9638,7.8521,7.7406,7.6294,7.5184,7.4076,7.2971,7.1869,7.108,7.0291,6.9502,6.8712,6.7921,6.713,6.6339,6.5547
15.279,15.2125,15.1461,15.0798,15.0136,14.9475,14.8815,14.8156,14.7498,14.6603,14.5495,14.4387,14.3278,14.2168,14.1059,13.9948,13.8838,13.7727,13.664,13.5968,13.5294,13.4618,13.394,13.3261,13.258,13.1898,13.1214,13.0529,13.0064,12.9757,12.9448,12.9138,12.8827,12.8515,12.8202,12.7888,12.7574,12.7369,12.8023,12.8677,12.9331,12.9985,13.0638,13.1291,13.1945,13.2598,13.3251,13.3605,13.3796,13.3986,13.4176,13.4366,13.4556,13.4747,13.4937,13.5128,13.5262,13.5127,13.4992,13.4857,13.4721,13.4585,13.4448,13.4311,13.4173,13.4034,13.3806,13.3542,13.3277,13.3012,13.2746,13.248,13.2214,13.1947,13.1679,13.1492,13.1567,13.1642,13.1715,13.1787,13.1859,13.1929,13.1998,13.2066,13.2132,13.2174,13.2206,13.2236,13.2263,13.2288,13.231,13.233,13.2347,13.2361,13.1982,13.0668,12.9352,12.8034,12.6715,12.5394,12.4071,12.2747,12.1421,12.0093,11.9288,11.8593,11.7899,11.7204,11.6508,11.5812,11.5116,11.4419,11.3722,11.3106,11.2642,11.2179,11.1719,11.126,11.0803,11.0349,10.9896,10.9446,10.8998,10.9319,10.9746,11.0173,11.0599,11.1025,11.1449,11.1873,11.2297,11.2719,11.2434,11.1093,10.9751,10.8408,10.7065,10.5721,10.4377,10.3032,10.1686,10.034,9.8335,9.6275,9.4214,9.2151,9.0088,8.8024,8.5958,8.3892,8.1824,8.0195,7.9116,7.8039,7.6963,7.5891,7.482,7.3752,7.2687,7.1624,7.0563,6.9765,6.8976,6.8187,6.7397,6.6607,6.5816,6.5025,6.4234
15.1946,15.1242,15.0538,14.9836,14.9135,14.8435,14.7736,14.7037,14.634,14.542,14.4311,14.3202,14.2092,14.0982,13.9872,13.8761,13.765,13.6539,13.546,13.485,13.4239,13.3625,13.301,13.2393,13.1774,13.1154,13.0533,12.991,12.9512,12.9268,12.9023,12.8777,12.853,12.8282,12.8032,12.7782,12.7531,12.7391,12.8065,12.8738,12.9412,13.0085,13.0758,13.1431,13.2104,13.2777,13.345,13.3823,13.4032,13.4241,13.445,13.4659,13.4868,13.5077,13.5286,13.5495,13.5627,13.5387,13.5147,13.4907,13.4666,13.4425,13.4184,13.3941,13.3698,13.3454,13.3183,13.29,13.2616,13.2332,13.2047,13.1762,13.1477,13.1191,13.0904,13.0691,13.0724,13.0756,13.0788,13.0818,13.0847,13.0875,13.0903,13.0928,13.0953,13.0921,13.0868,13.0814,13.0757,13.0697,13.0635,13.057,13.0503,13.0432,13.0002,12.8656,12.7309,12.5961,12.4611,12.3259,12.1905,12.055,11.9193,11.7835,11.7019,11.6333,11.5647,11.4961,11.4274,11.3586,11.2898,11.221,11.1521,11.0927,11.0525,11.0124,10.9726,10.933,10.8935,10.8543,10.8153,10.7765,10.7379,10.7685,10.811,10.8534,10.8957,10.9379,10.9801,11.0222,11.0642,11.1061,11.082,10.9479,10.8136,10.6793,10.545,10.4106,10.2761,10.1416,10.007,9.8724,9.6733,9.4664,9.2595,9.0525,8.8453,8.6381,8.4308,8.2233,8.0157,7.8509,7.7472,7.6436,7.5403,7.4372,7.3344,7.2318,7.1294,7.0273,6.9254,6.845,6.7661,6.6872,6.6083,6.5293,6.4502,6.3711,6.292
15.1101,15.0357,14.9614,14.8873,14.8133,14.7393,14.6655,14.5917,14.518,14.4236,14.3127,14.2017,14.0907,13.9796,13.8685,13.7574,13.6462,13.535,13.4282,13.3734,13.3185,13.2633,13.208,13.1526,13.0969,13.0412,12.9853,12.9292,12.8961,12.8781,12.8599,12.8417,12.8233,12.8049,12.7863,12.7677,12.749,12.7412,12.8106,12.8799,12.9493,13.0186,13.0879,13.1572,13.2264,13.2957,13.365,13.404,13.4268,13.4495,13.4723,13.4951,13.5179,13.5407,13.5635,13.5863,13.5992,13.5647,13.5302,13.4957,13.4612,13.4266,13.392,13.3573,13.3225,13.2876,13.256,13.2257,13.1955,13.1652,13.1348,13.1044,13.074,13.0435,13.013,12.989,12.9881,12.9871,12.9861,12.9849,12.9837,12.9823,12.9808,12.9792,12.9775,12.967,12.9533,12.9394,12.9252,12.9108,12.8962,12.8812,12.866,12.8506,12.8022,12.6646,12.5268,12.3889,12.2508,12.1125,11.974,11.8354,11.6967,11.5577,11.475,11.4073,11.3395,11.2717,11.2039,11.136,11.068,11,10.932,10.8745,10.8405,10.8067,10.7731,10.7397,10.7064,10.6734,10.6406,10.608,10.5757,10.6052,10.6474,10.6894,10.7314,10.7734,10.8152,10.857,10.8987,10.9404,10.9207,10.7865,10.6522,10.5179,10.3835,10.2491,10.1146,9.98,9.8454,9.7108,9.513,9.3054,9.0977,8.8899,8.6819,8.4739,8.2658,8.0575,7.8491,7.682,7.5825,7.4831,7.384,7.2851,7.1865,7.088,6.9899,6.8919,6.7943,6.7135,6.6346,6.5557,6.4768,6.3978,6.3188,6.2397,6.1606
15.0254,14.9471,14.8689,14.7908,14.7129,14.635,14.5572,14.4795,14.4019,14.3053,14.1943,14.0832,13.9721,13.861,13.7498,13.6386,13.5274,13.4161,13.3105,13.262,13.2132,13.1643,13.1153,13.066,13.0166,12.9671,12.9174,12.8675,12.8411,12.8294,12.8176,12.8058,12.7938,12.7817,12.7695,12.7572,12.7449,12.7434,12.8148,12.8861,12.9574,13.0287,13.0999,13.1712,13.2424,13.3137,13.3849,13.4258,13.4504,13.475,13.4997,13.5243,13.549,13.5737,13.5983,13.623,13.6357,13.5908,13.5458,13.5008,13.4558,13.4107,13.3656,13.3204,13.2752,13.2298,13.1936,13.1615,13.1294,13.0972,13.0649,13.0327,13.0003,12.9679,12.9355,12.9089,12.9039,12.8987,12.8935,12.8881,12.8827,12.8771,12.8714,12.8656,12.8597,12.842,12.8199,12.7975,12.775,12.7521,12.729,12.7057,12.6821,12.6581,12.6044,12.4636,12.3228,12.1817,12.0405,11.8992,11.7576,11.6159,11.4741,11.332,11.2481,11.1812,11.1143,11.0474,10.9803,10.9133,10.8462,10.7791,10.7119,10.6561,10.6283,10.6007,10.5733,10.5461,10.5191,10.4923,10.4657,10.4393,10.4131,10.4419,10.4838,10.5255,10.5672,10.6088,10.6504,10.6918,10.7333,10.7746,10.7593,10.6251,10.4908,10.3564,10.222,10.0876,9.953,9.8185,9.6838,9.5491,9.3529,9.1445,8.9359,8.7273,8.5186,8.3097,8.1008,7.8917,7.6826,7.5129,7.4175,7.3223,7.2274,7.1327,7.0382,6.944,6.85,6.7563,6.6628,6.5819,6.5031,6.4242,6.3453,6.2664,6.1874,6.1083,6.0293
14.9405,14.8583,14.7762,14.6943,14.6124,14.5306,14.4489,14.3673,14.2857,14.1869,14.0758,13.9647,13.8536,13.7424,13.6312,13.5199,13.4086,13.2973,13.193,13.1507,13.1082,13.0655,13.0226,12.9796,12.9364,12.8931,12.8496,12.806,12.7861,12.7809,12.7755,12.7699,12.7643,12.7586,12.7527,12.7468,12.7408,12.7456,12.8189,12.8922,12.9655,13.0387,13.112,13.1852,13.2584,13.3316,13.4049,13.4475,13.474,13.5005,13.5271,13.5536,13.5801,13.6067,13.6332,13.6598,13.6722,13.6168,13.5614,13.506,13.4505,13.3949,13.3393,13.2837,13.2279,13.1721,13.1313,13.0973,13.0633,13.0292,12.9951,12.9609,12.9267,12.8924,12.8581,12.829,12.8197,12.8104,12.8009,12.7914,12.7818,12.772,12.7621,12.7522,12.7421,12.7172,12.6867,12.6559,12.6249,12.5936,12.5621,12.5303,12.4983,12.4659,12.4066,12.2628,12.1188,11.9747,11.8304,11.686,11.5413,11.3965,11.2516,11.1065,11.0212,10.9551,10.8891,10.8229,10.7568,10.6906,10.6243,10.558,10.4917,10.4374,10.4159,10.3945,10.3733,10.3523,10.3314,10.3108,10.2904,10.2703,10.2503,10.2787,10.3202,10.3616,10.403,10.4443,10.4855,10.5267,10.5678,10.6088,10.5979,10.4637,10.3293,10.195,10.0605,9.926,9.7915,9.6569,9.5222,9.3875,9.1928,8.9836,8.7742,8.5648,8.3553,8.1456,7.9359,7.726,7.5161,7.3434,7.2522,7.1613,7.0705,6.98,6.8897,6.7997,6.7099,6.6203,6.531,6.4504,6.3716,6.2928,6.2139,6.1349,6.056,5.977,5.8979
14.8556,14.7695,14.6834,14.5975,14.5117,14.426,14.3404,14.2549,14.1694,14.0685,13.9574,13.8462,13.735,13.6238,13.5125,13.4012,13.2898,13.1784,13.0756,13.0395,13.0032,12.9667,12.9301,12.8933,12.8563,12.8192,12.7819,12.7445,12.7313,12.7324,12.7334,12.7342,12.7349,12.7356,12.7361,12.7365,12.7369,12.7479,12.8231,12.8984,12.9736,13.0489,13.1241,13.1993,13.2745,13.3496,13.4248,13.4693,13.4977,13.526,13.5544,13.5828,13.6113,13.6397,13.6681,13.6965,13.7088,13.6429,13.577,13.5111,13.4452,13.3792,13.3131,13.247,13.1808,13.1145,13.069,13.0332,12.9972,12.9613,12.9252,12.8892,12.8531,12.8169,12.7807,12.7491,12.7356,12.7221,12.7085,12.6947,12.6809,12.667,12.6529,12.6388,12.6245,12.5927,12.5537,12.5145,12.475,12.4353,12.3954,12.3552,12.3147,12.274,12.2089,12.062,11.9149,11.7677,11.6204,11.4728,11.3251,11.1772,11.0292,10.881,10.7942,10.729,10.6638,10.5985,10.5332,10.4678,10.4024,10.337,10.2715,10.2185,10.2032,10.188,10.173,10.1582,10.1436,10.1291,10.115,10.101,10.0872,10.1154,10.1566,10.1977,10.2388,10.2798,10.3207,10.3616,10.4024,10.4431,10.4366,10.3023,10.1679,10.0335,9.899,9.7645,9.6299,9.4953,9.3606,9.2259,9.0327,8.8227,8.6126,8.4024,8.192,7.9816,7.771,7.5604,7.3496,7.1737,7.0867,6.9999,6.9134,6.827,6.7409,6.6551,6.5695,6.4841,6.399,6.3189,6.2401,6.1613,6.0824,6.0035,5.9246,5.8456,5.7665
14.7705,14.6804,14.5905,14.5007,14.4109,14.3213,14.2318,14.1423,14.053,13.9502,13.839,13.7277,13.6165,13.5051,13.3938,13.2824,13.171,13.0595,12.9584,12.9285,12.8984,12.8681,12.8377,12.8071,12.7763,12.7454,12.7144,12.6832,12.6767,12.6841,12.6914,12.6986,12.7056,12.7126,12.7195,12.7263,12.733,12.7501,12.8274,12.9046,12.9818,13.059,13.1362,13.2133,13.2905,13.3677,13.4448,13.491,13.5213,13.5516,13.5818,13.6121,13.6424,13.6727,13.703,13.7333,13.7454,13.6691,13.5927,13.5163,13.4399,13.3635,13.2869,13.2104,13.1337,13.0569,13.0068,12.969,12.9312,12.8933,12.8554,12.8175,12.7795,12.7415,12.7034,12.6692,12.6516,12.6339,12.6161,12.5982,12.5801,12.562,12.5438,12.5254,12.507,12.4682,12.4208,12.3732,12.3254,12.2773,12.2289,12.1803,12.1314,12.0822,12.0113,11.8613,11.7112,11.5609,11.4104,11.2598,11.109,10.958,10.8069,10.6556,10.5672,10.5028,10.4385,10.374,10.3096,10.2451,10.1805,10.1159,10.0513,9.9994,9.9902,9.9812,9.9724,9.9638,9.9554,9.9472,9.9392,9.9314,9.9238,9.9521,9.993,10.0339,10.0746,10.1153,10.1559,10.1965,10.237,10.2774,10.2752,10.1409,10.0065,9.8721,9.7376,9.603,9.4684,9.3337,9.199,9.0642,8.8727,8.6619,8.451,8.2399,8.0288,7.8176,7.6062,7.3948,7.1832,7.0037,6.9209,6.8383,6.7559,6.6738,6.5918,6.5102,6.4287,6.3475,6.2666,6.1873,6.1086,6.0298,5.951,5.8721,5.7931,5.7142,5.6351
14.6852,14.5913,14.4974,14.4037,14.31,14.2165,14.1231,14.0297,13.9364,13.8318,13.7205,13.6092,13.4979,13.3865,13.2751,13.1637,13.0522,12.9406,12.8413,12.8176,12.7937,12.7697,12.7454,12.721,12.6965,12.6718,12.647,12.622,12.6221,12.6358,12.6495,12.663,12.6765,12.6898,12.703,12.7162,12.7292,12.7524,12.8316,12.9108,12.99,13.0691,13.1483,13.2274,13.3066,13.3857,13.4648,13.5128,13.5449,13.5771,13.6092,13.6414,13.6735,13.7057,13.7378,13.77,13.782,13.6952,13.6084,13.5216,13.4347,13.3478,13.2608,13.1738,13.0867,12.9995,12.9445,12.9048,12.8652,12.8254,12.7856,12.7458,12.7059,12.666,12.626,12.5894,12.5676,12.5457,12.5237,12.5016,12.4795,12.4572,12.4347,12.4122,12.3896,12.344,12.2882,12.2322,12.1759,12.1194,12.0626,12.0056,11.9482,11.8907,11.8138,11.6607,11.5075,11.3541,11.2006,11.0469,10.893,10.7389,10.5847,10.4303,10.3401,10.2767,10.2131,10.1495,10.0859,10.0223,9.9585,9.8948,9.831,9.78,9.777,9.7742,9.7716,9.7692,9.7669,9.7649,9.7631,9.7615,9.7602,9.7889,9.8295,9.87,9.9105,9.9508,9.9912,10.0314,10.0716,10.1117,10.1138,9.9795,9.8451,9.7106,9.5761,9.4415,9.3069,9.1722,9.0374,8.9026,8.7127,8.5011,8.2894,8.0776,7.8657,7.6536,7.4415,7.2292,7.0169,6.8335,6.7548,6.6764,6.5982,6.5202,6.4425,6.365,6.2877,6.2107,6.1339,6.0558,5.9771,5.8983,5.8195,5.7406,5.6617,5.5828,5.5038
14.5998,14.502,14.4042,14.3066,14.209,14.1116,14.0142,13.9169,13.8197,13.7134,13.6021,13.4907,13.3793,13.2679,13.1564,13.0449,12.9334,12.8218,12.7244,12.7069,12.6892,12.6713,12.6533,12.6351,12.6168,12.5983,12.5796,12.5609,12.5676,12.5877,12.6077,12.6276,12.6474,12.667,12.6866,12.7061,12.7255,12.7547,12.8359,12.917,12.9982,13.0793,13.1604,13.2415,13.3226,13.4037,13.4848,13.5346,13.5686,13.6026,13.6366,13.6706,13.7046,13.7387,13.7727,13.8068,13.8186,13.7214,13.6241,13.5269,13.4296,13.3322,13.2348,13.1373,13.0397,12.9421,12.8823,12.8407,12.7991,12.7575,12.7159,12.6742,12.6324,12.5906,12.5487,12.5097,12.4837,12.4576,12.4315,12.4052,12.3788,12.3524,12.3258,12.2991,12.2722,12.22,12.1557,12.0913,12.0266,11.9617,11.8965,11.831,11.7653,11.6993,11.6163,11.4602,11.3039,11.1474,10.9908,10.834,10.6771,10.5199,10.3626,10.2052,10.1131,10.0504,9.9878,9.925,9.8622,9.7994,9.7365,9.6736,9.6107,9.5603,9.5635,9.5669,9.5705,9.5743,9.5782,9.5824,9.5868,9.5914,9.5962,9.6257,9.6659,9.7062,9.7463,9.7864,9.8264,9.8663,9.9062,9.946,9.9525,9.8181,9.6836,9.5492,9.4146,9.28,9.1453,9.0106,8.8758,8.741,8.5528,8.3404,8.1279,7.9153,7.7025,7.4897,7.2768,7.0637,6.8506,6.6629,6.5884,6.5142,6.4402,6.3664,6.2928,6.2195,6.1464,6.0735,6.0009,5.9243,5.8456,5.7668,5.688,5.6092,5.5303,5.4514,5.3724
14.5143,14.4125,14.3109,14.2093,14.1078,14.0065,13.9052,13.804,13.703,13.5951,13.4837,13.3723,13.2608,13.1493,13.0377,12.9262,12.8145,12.7029,12.6076,12.5963,12.5848,12.5731,12.5613,12.5493,12.5372,12.5249,12.5124,12.4999,12.5132,12.5397,12.566,12.5922,12.6184,12.6444,12.6703,12.6961,12.7218,12.757,12.8401,12.9233,13.0064,13.0895,13.1726,13.2556,13.3387,13.4217,13.5048,13.5564,13.5923,13.6281,13.664,13.6999,13.7358,13.7717,13.8076,13.8435,13.8552,13.7476,13.6399,13.5322,13.4244,13.3166,13.2088,13.1009,12.9929,12.8848,12.82,12.7766,12.7332,12.6896,12.6461,12.6025,12.5589,12.5152,12.4715,12.43,12.3999,12.3696,12.3393,12.3088,12.2783,12.2476,12.2169,12.186,12.155,12.0961,12.0235,11.9506,11.8775,11.8042,11.7306,11.6568,11.5826,11.5082,11.419,11.2597,11.1004,10.9408,10.7811,10.6213,10.4612,10.301,10.1407,9.9801,9.886,9.8242,9.7623,9.7005,9.6385,9.5765,9.5145,9.4524,9.3903,9.3404,9.3498,9.3594,9.3692,9.3791,9.3893,9.3996,9.4102,9.421,9.432,9.4625,9.5024,9.5423,9.5822,9.6219,9.6616,9.7013,9.7408,9.7803,9.7911,9.6567,9.5222,9.3877,9.2531,9.1185,8.9838,8.849,8.7142,8.5794,8.3929,8.1797,7.9664,7.753,7.5395,7.3259,7.1121,6.8983,6.6844,6.4921,6.4218,6.3517,6.2819,6.2122,6.1428,6.0737,6.0048,5.9361,5.8677,5.7927,5.7141,5.6353,5.5565,5.4777,5.3989,5.32,5.241
14.4286,14.3229,14.2174,14.1119,14.0066,13.9013,13.7961,13.691,13.586,13.4767,13.3652,13.2538,13.1422,13.0307,12.9191,12.8074,12.6957,12.584,12.4909,12.4858,12.4805,12.4751,12.4694,12.4636,12.4577,12.4516,12.4454,12.439,12.459,12.4918,12.5244,12.557,12.5894,12.6218,12.654,12.6862,12.7183,12.7593,12.8445,12.9295,13.0146,13.0997,13.1847,13.2698,13.3548,13.4398,13.5248,13.5782,13.6159,13.6537,13.6914,13.7292,13.7669,13.8047,13.8424,13.8802,13.8919,13.7738,13.6557,13.5375,13.4194,13.3011,13.1829,13.0645,12.9461,12.8276,12.7578,12.7125,12.6672,12.6218,12.5764,12.5309,12.4854,12.4398,12.3942,12.3504,12.3161,12.2817,12.2472,12.2125,12.1778,12.143,12.1081,12.073,12.0378,11.9724,11.8914,11.8101,11.7286,11.6469,11.5649,11.4827,11.4002,11.3174,11.2217,11.0594,10.8969,10.7343,10.5715,10.4086,10.2455,10.0822,9.9188,9.7552,9.6589,9.5979,9.5369,9.4759,9.4148,9.3536,9.2924,9.2312,9.17,9.1203,9.1359,9.1516,9.1676,9.1837,9.2,9.2166,9.2333,9.2503,9.2675,9.2993,9.3389,9.3785,9.418,9.4575,9.4969,9.5362,9.5755,9.6146,9.6297,9.4953,9.3608,9.2263,9.0916,8.957,8.8223,8.6875,8.5526,8.4177,8.2331,8.0191,7.805,7.5908,7.3765,7.1621,6.9475,6.7329,6.5182,6.321,6.2549,6.189,6.1233,6.0578,5.9926,5.9279,5.8637,5.7997,5.7357,5.6632,5.5852,5.5073,5.4293,5.3515,5.2736,5.1958,5.1181
14.3428,14.2332,14.1238,14.0144,13.9051,13.796,13.6869,13.5779,13.469,13.3583,13.2468,13.1352,13.0237,12.912,12.8004,12.6887,12.5769,12.4651,12.3744,12.3755,12.3764,12.3771,12.3777,12.3781,12.3783,12.3784,12.3784,12.3782,12.4048,12.444,12.483,12.5218,12.5606,12.5993,12.6379,12.6764,12.7148,12.7617,12.8488,12.9358,13.0229,13.1099,13.1969,13.2839,13.3709,13.4579,13.5448,13.6,13.6396,13.6792,13.7188,13.7584,13.798,13.8377,13.8773,13.917,13.9286,13.8,13.6715,13.5429,13.4143,13.2857,13.157,13.0282,12.8994,12.7704,12.6956,12.6484,12.6012,12.554,12.5067,12.4593,12.4119,12.3645,12.317,12.2709,12.2324,12.1938,12.1551,12.1163,12.0774,12.0384,11.9993,11.9601,11.9207,11.8488,11.7594,11.6698,11.5799,11.4898,11.3994,11.3088,11.2179,11.1267,11.0245,10.8591,10.6936,10.5279,10.362,10.196,10.0299,9.8635,9.697,9.5303,9.4317,9.3716,9.3114,9.2512,9.191,9.1307,9.0704,9.01,8.9495,8.8999,8.9216,8.9436,8.9657,8.988,9.0105,9.0332,9.0562,9.0793,9.1026,9.1354,9.1741,9.2126,9.2508,9.2888,9.3266,9.3641,9.4014,9.4385,9.4561,9.3208,9.1856,9.0504,8.9152,8.78,8.6449,8.5098,8.3748,8.2397,8.0585,7.8468,7.6354,7.4242,7.2134,7.0029,6.7927,6.5829,6.3734,6.1769,6.1141,6.0515,5.9889,5.9263,5.8639,5.8016,5.7393,5.6772,5.6151,5.5446,5.4676,5.3907,5.3139,5.2371,5.1603,5.0835,5.0068
14.2337,14.1285,14.0231,13.9173,13.8113,13.705,13.5985,13.4916,13.3845,13.277,13.169,13.0608,12.9523,12.8436,12.7346,12.6254,12.516,12.4064,12.3196,12.3251,12.3306,12.3359,12.3411,12.3462,12.3512,12.3561,12.3609,12.3656,12.3949,12.4354,12.476,12.5168,12.5576,12.5985,12.6396,12.6807,12.7219,12.7712,12.8565,12.942,13.0276,13.1133,13.1991,13.2849,13.3709,13.4568,13.5429,13.5974,13.6367,13.676,13.7153,13.7546,13.7939,13.8331,13.8723,13.9114,13.9211,13.7834,13.6456,13.5077,13.3697,13.2317,13.0936,12.9554,12.8171,12.6787,12.5971,12.5448,12.4922,12.4395,12.3866,12.3334,12.28,12.2264,12.1725,12.1197,12.0745,12.0291,11.9834,11.9376,11.8915,11.8452,11.7986,11.7518,11.7047,11.6259,11.5295,11.433,11.3365,11.2398,11.1431,11.0463,10.9494,10.8525,10.7463,10.5807,10.4151,10.2496,10.0841,9.9188,9.7535,9.5884,9.4234,9.2585,9.1623,9.1079,9.0538,8.9999,8.9463,8.8929,8.8399,8.7871,8.7347,8.6911,8.7162,8.7413,8.7665,8.7917,8.8169,8.8421,8.8674,8.8928,8.9182,8.9497,8.9851,9.0203,9.0552,9.0899,9.1244,9.1587,9.1927,9.2266,9.2458,9.1123,8.9788,8.8454,8.712,8.5786,8.4453,8.312,8.1787,8.0455,7.8708,7.6651,7.4598,7.2547,7.05,6.8456,6.6415,6.4378,6.2344,6.0389,5.9781,5.9173,5.8566,5.7961,5.7355,5.6751,5.6148,5.5546,5.4944,5.4259,5.35,5.2741,5.1983,5.1226,5.0469,4.9712,4.8955
14.1148,14.0171,13.9191,13.8208,13.7222,13.6234,13.5243,13.4249,13.3252,13.2259,13.1264,13.0267,12.9268,12.8266,12.7261,12.6254,12.5246,12.4235,12.346,12.3578,12.3694,12.3808,12.3922,12.4034,12.4146,12.4256,12.4366,12.4474,12.475,12.51,12.545,12.5802,12.6155,12.6508,12.6863,12.7219,12.7575,12.8003,12.8739,12.9477,13.0216,13.0956,13.1697,13.2438,13.3181,13.3923,13.4667,13.5114,13.542,13.5725,13.6031,13.6336,13.6641,13.6946,13.725,13.7554,13.7572,13.6154,13.4735,13.3316,13.1895,13.0474,12.9052,12.763,12.6206,12.4781,12.3866,12.3219,12.257,12.1919,12.1265,12.061,11.9952,11.9292,11.8629,11.7985,11.7466,11.6945,11.6422,11.5897,11.5369,11.4839,11.4307,11.3772,11.3235,11.2441,11.1498,11.0554,10.9609,10.8664,10.7718,10.6771,10.5823,10.4875,10.385,10.2262,10.0674,9.9088,9.7502,9.5917,9.4333,9.275,9.1168,8.9588,8.8694,8.8249,8.7807,8.7367,8.693,8.6495,8.6063,8.5635,8.5209,8.4851,8.5125,8.5401,8.5676,8.5952,8.6228,8.6505,8.6782,8.7059,8.7337,8.7641,8.7962,8.8281,8.8598,8.8912,8.9225,8.9535,8.9842,9.0147,9.0354,8.9037,8.772,8.6403,8.5087,8.3771,8.2456,8.114,7.9825,7.8511,7.6826,7.4831,7.2838,7.0848,6.8862,6.6879,6.4899,6.2922,6.0949,5.9008,5.8419,5.7831,5.7243,5.6656,5.607,5.5485,5.4901,5.4318,5.3736,5.3071,5.2323,5.1575,5.0827,5.008,4.9334,4.8587,4.7841
13.9962,13.9059,13.8153,13.7245,13.6334,13.542,13.4503,13.3583,13.2662,13.175,13.0841,12.9929,12.9015,12.8098,12.7178,12.6257,12.5333,12.4407,12.3726,12.3905,12.4083,12.4259,12.4434,12.4608,12.4781,12.4953,12.5124,12.5294,12.5551,12.5845,12.6139,12.6435,12.6732,12.7031,12.7329,12.7629,12.793,12.8293,12.8912,12.9533,13.0155,13.0778,13.1402,13.2026,13.2652,13.3278,13.3904,13.4254,13.4472,13.469,13.4908,13.5125,13.5343,13.556,13.5777,13.5993,13.5934,13.4475,13.3015,13.1555,13.0094,12.8632,12.7169,12.5706,12.4241,12.2776,12.1763,12.0991,12.0218,11.9443,11.8666,11.7887,11.7105,11.6321,11.5534,11.4773,11.4188,11.36,11.3011,11.2419,11.1825,11.1228,11.0629,11.0028,10.9424,10.8622,10.77,10.6777,10.5854,10.4929,10.4004,10.3078,10.2152,10.1225,10.0234,9.8715,9.7196,9.5677,9.416,9.2644,9.1128,8.9614,8.81,8.6588,8.5762,8.5416,8.5072,8.4731,8.4393,8.4057,8.3724,8.3395,8.3068,8.2789,8.3087,8.3387,8.3686,8.3986,8.4286,8.4587,8.4888,8.5189,8.5491,8.5786,8.6075,8.6361,8.6645,8.6927,8.7206,8.7484,8.7759,8.8031,8.8249,8.695,8.5651,8.4352,8.3053,8.1755,8.0457,7.916,7.7862,7.6565,7.4941,7.3006,7.1075,6.9146,6.722,6.5298,6.3379,6.1463,5.9551,5.7642,5.7056,5.6487,5.5918,5.5351,5.4784,5.4218,5.3653,5.3089,5.2526,5.1882,5.1144,5.0407,4.967,4.8934,4.8198,4.7462,4.6727
13.8778,13.795,13.7119,13.6285,13.5448,13.4608,13.3766,13.2921,13.2073,13.1244,13.042,12.9593,12.8764,12.7932,12.7098,12.6261,12.5423,12.4582,12.3994,12.4234,12.4473,12.4711,12.4948,12.5183,12.5418,12.5651,12.5884,12.6115,12.635,12.6589,12.6828,12.7068,12.731,12.7552,12.7795,12.8039,12.8285,12.8581,12.9084,12.9588,13.0093,13.0599,13.1106,13.1614,13.2122,13.2632,13.3141,13.3393,13.3523,13.3654,13.3784,13.3915,13.4045,13.4175,13.4304,13.4433,13.4295,13.2795,13.1295,12.9794,12.8292,12.6789,12.5286,12.3782,12.2277,12.077,11.966,11.8765,11.7868,11.697,11.6069,11.5166,11.426,11.3352,11.2442,11.1562,11.091,11.0256,10.96,10.8942,10.8281,10.7618,10.6953,10.6285,10.5614,10.4803,10.3902,10.3,10.2097,10.1194,10.029,9.9385,9.848,9.7574,9.6617,9.5166,9.3715,9.2265,9.0816,8.9368,8.7921,8.6475,8.503,8.3587,8.2827,8.258,8.2335,8.2092,8.1853,8.1616,8.1382,8.115,8.0922,8.0726,8.1049,8.1372,8.1695,8.2019,8.2343,8.2668,8.2993,8.3318,8.3644,8.3933,8.4189,8.4443,8.4694,8.4943,8.519,8.5434,8.5677,8.5916,8.6143,8.4862,8.358,8.2299,8.1019,7.9738,7.8458,7.7178,7.5898,7.4619,7.3052,7.1178,6.9307,6.744,6.5575,6.3713,6.1855,6,5.8148,5.63,5.5692,5.5142,5.4592,5.4044,5.3496,5.2949,5.2404,5.1859,5.1315,5.0693,4.9966,4.9239,4.8513,4.7787,4.7061,4.6336,4.5611
13.7597,13.6843,13.6086,13.5327,13.4564,13.3799,13.3031,13.226,13.1487,13.0741,13.0002,12.926,12.8516,12.7769,12.702,12.6268,12.5514,12.4759,12.4263,12.4565,12.4865,12.5164,12.5463,12.5759,12.6055,12.635,12.6644,12.6937,12.7149,12.7332,12.7515,12.77,12.7886,12.8073,12.826,12.8449,12.8638,12.8868,12.9254,12.9641,13.003,13.0419,13.0809,13.12,13.1592,13.1985,13.2377,13.2531,13.2575,13.2618,13.2661,13.2704,13.2747,13.2789,13.2832,13.2873,13.2656,13.1116,12.9575,12.8033,12.649,12.4947,12.3403,12.1858,12.0312,11.8765,11.7559,11.654,11.5519,11.4497,11.3472,11.2446,11.1416,11.0385,10.935,10.8352,10.7634,10.6914,10.6191,10.5466,10.4739,10.4009,10.3277,10.2543,10.1806,10.0983,10.0103,9.9222,9.8341,9.7459,9.6576,9.5692,9.4808,9.3922,9.2998,9.1615,9.0233,8.8851,8.7471,8.6091,8.4712,8.3335,8.1958,8.0583,7.9888,7.974,7.9593,7.945,7.9309,7.917,7.9035,7.8903,7.8773,7.8662,7.9009,7.9356,7.9703,8.0051,8.0399,8.0748,8.1096,8.1446,8.1796,8.2082,8.2305,8.2526,8.2745,8.2961,8.3175,8.3387,8.3596,8.3803,8.4008,8.2773,8.1509,8.0246,7.8983,7.772,7.6458,7.5195,7.3934,7.2672,7.116,6.9347,6.7537,6.5729,6.3925,6.2125,6.0327,5.8533,5.6742,5.4955,5.4326,5.3795,5.3265,5.2736,5.2207,5.1679,5.1153,5.0627,5.0102,4.9502,4.8786,4.807,4.7354,4.6639,4.5924,4.5209,4.4495
13.6419,13.5739,13.5057,13.4371,13.3683,13.2992,13.2298,13.1602,13.0903,13.024,12.9586,12.8929,12.827,12.7608,12.6944,12.6277,12.5608,12.4938,12.4533,12.4897,12.5258,12.5619,12.5979,12.6337,12.6694,12.7051,12.7406,12.776,12.7947,12.8074,12.8202,12.8331,12.8461,12.8592,12.8725,12.8858,12.8992,12.9154,12.9423,12.9694,12.9966,13.0238,13.0512,13.0786,13.1061,13.1337,13.1613,13.167,13.1626,13.1582,13.1538,13.1493,13.1449,13.1404,13.1359,13.1313,13.1018,12.9437,12.7855,12.6272,12.4689,12.3105,12.152,11.9935,11.8348,11.6761,11.5458,11.4316,11.3172,11.2026,11.0877,10.9727,10.8574,10.7419,10.6261,10.5144,10.4359,10.3572,10.2783,10.1991,10.1198,10.0402,9.9603,9.8802,9.7999,9.7162,9.6304,9.5444,9.4584,9.3722,9.2861,9.1998,9.1135,9.0271,8.9377,8.8062,8.6748,8.5435,8.4123,8.2811,8.1501,8.0192,7.8883,7.7576,7.6946,7.6896,7.6849,7.6804,7.6761,7.6722,7.6685,7.6651,7.662,7.6597,7.6968,7.7339,7.771,7.8082,7.8454,7.8826,7.9199,7.9573,7.9946,8.0232,8.0423,8.0611,8.0797,8.098,8.1162,8.1341,8.1518,8.1692,8.1864,8.0683,7.9437,7.8191,7.6946,7.5701,7.4456,7.3212,7.1968,7.0724,6.9264,6.7512,6.5762,6.4016,6.2272,6.0532,5.8795,5.7062,5.5332,5.3605,5.2959,5.2448,5.1936,5.1426,5.0917,5.0408,4.9901,4.9394,4.8888,4.8311,4.7606,4.69,4.6195,4.549,4.4785,4.4081,4.3378
13.5244,13.4638,13.403,13.3418,13.2804,13.2187,13.1568,13.0946,13.0321,12.9742,12.9173,12.8601,12.8026,12.7449,12.687,12.6288,12.5704,12.5119,12.4805,12.523,12.5653,12.6075,12.6496,12.6916,12.7334,12.7752,12.8169,12.8585,12.8744,12.8815,12.8888,12.8961,12.9036,12.9112,12.9188,12.9266,12.9344,12.9439,12.9591,12.9745,12.99,13.0056,13.0213,13.0371,13.053,13.0689,13.0848,13.0807,13.0676,13.0545,13.0414,13.0282,13.0151,13.0019,12.9886,12.9753,12.9379,12.7757,12.6135,12.4512,12.2888,12.1263,11.9638,11.8012,11.6384,11.4756,11.3359,11.2093,11.0825,10.9555,10.8284,10.701,10.5733,10.4455,10.3173,10.1936,10.1084,10.0231,9.9376,9.8518,9.7658,9.6795,9.5931,9.5063,9.4193,9.3342,9.2504,9.1665,9.0826,8.9986,8.9145,8.8303,8.7461,8.6618,8.5754,8.4507,8.3262,8.2017,8.0773,7.953,7.8288,7.7047,7.5807,7.4568,7.4001,7.4049,7.41,7.4154,7.421,7.4269,7.4331,7.4395,7.4463,7.4534,7.4926,7.5321,7.5716,7.6112,7.6508,7.6904,7.7301,7.7698,7.8096,7.8384,7.8542,7.8697,7.885,7.9001,7.915,7.9297,7.9441,7.9583,7.9722,7.8592,7.7364,7.6136,7.4908,7.3681,7.2454,7.1227,7.0001,6.8775,6.7365,6.5673,6.3984,6.2298,6.0616,5.8936,5.726,5.5587,5.3918,5.2251,5.1591,5.1099,5.0607,5.0115,4.9625,4.9136,4.8647,4.8159,4.7673,4.712,4.6424,4.5729,4.5035,4.434,4.3646,4.2953,4.226
13.4071,13.3539,13.3005,13.2468,13.1928,13.1385,13.084,13.0292,12.9741,12.9246,12.8762,12.8275,12.7785,12.7293,12.6798,12.6302,12.5803,12.5302,12.5079,12.5565,12.6049,12.6533,12.7015,12.7496,12.7976,12.8455,12.8933,12.941,12.9539,12.9555,12.9572,12.9591,12.961,12.963,12.9651,12.9673,12.9696,12.9722,12.9758,12.9795,12.9834,12.9873,12.9914,12.9955,12.9997,13.004,13.0082,12.9945,12.9727,12.9508,12.929,12.9071,12.8852,12.8633,12.8413,12.8193,12.7741,12.6078,12.4415,12.2752,12.1087,11.9422,11.7756,11.6089,11.4421,11.2752,11.126,10.9871,10.848,10.7087,10.5691,10.4294,10.2894,10.1492,10.0087,9.8729,9.7811,9.6891,9.597,9.5045,9.4119,9.319,9.2259,9.1325,9.0389,8.952,8.8704,8.7886,8.7068,8.6249,8.5429,8.4608,8.3787,8.2965,8.2129,8.0951,7.9773,7.8597,7.7421,7.6246,7.5072,7.3899,7.2728,7.1557,7.1052,7.1199,7.1349,7.1501,7.1655,7.1813,7.1973,7.2136,7.2302,7.2472,7.2883,7.3302,7.3721,7.4141,7.4561,7.4981,7.5402,7.5823,7.6244,7.6537,7.6662,7.6785,7.6906,7.7024,7.714,7.7254,7.7365,7.7475,7.7581,7.65,7.5289,7.4079,7.2869,7.166,7.045,6.9241,6.8033,6.6824,6.5462,6.383,6.2202,6.0577,5.8955,5.7336,5.5721,5.4108,5.2499,5.0894,5.0222,4.9748,4.9275,4.8803,4.8332,4.7862,4.7392,4.6924,4.6456,4.5927,4.5242,4.4558,4.3874,4.319,4.2507,4.1824,4.1141
13.2901,13.2443,13.1983,13.152,13.1054,13.0586,13.0114,12.9641,12.9164,12.8753,12.8353,12.7951,12.7546,12.7139,12.6729,12.6317,12.5903,12.5487,12.5354,12.5901,12.6447,12.6991,12.7535,12.8077,12.8618,12.9159,12.9698,13.0236,13.0334,13.0295,13.0256,13.0219,13.0183,13.0148,13.0113,13.008,13.0047,13.0004,12.9924,12.9845,12.9767,12.969,12.9614,12.9538,12.9464,12.939,12.9316,12.9082,12.8777,12.8471,12.8166,12.786,12.7554,12.7247,12.6941,12.6633,12.6102,12.4399,12.2696,12.0991,11.9286,11.758,11.5874,11.4166,11.2458,11.0748,10.9163,10.765,10.6136,10.4619,10.3101,10.158,10.0057,9.8531,9.7003,9.5523,9.4539,9.3553,9.2565,9.1574,9.0581,8.9586,8.8589,8.7589,8.6586,8.5699,8.4903,8.4106,8.3309,8.2511,8.1712,8.0913,8.0112,7.9311,7.8502,7.7392,7.6283,7.5175,7.4067,7.296,7.1855,7.075,6.9647,6.8544,6.81,6.8346,6.8594,6.8844,6.9097,6.9353,6.9611,6.9873,7.0138,7.0405,7.0839,7.1282,7.1725,7.2169,7.2613,7.3057,7.3501,7.3946,7.4392,7.4692,7.4784,7.4874,7.4962,7.5048,7.5132,7.5213,7.5292,7.5368,7.5443,7.4407,7.3214,7.2022,7.083,6.9638,6.8446,6.7255,6.6064,6.4873,6.3555,6.1984,6.0417,5.8852,5.7291,5.5732,5.4177,5.2626,5.1077,4.9533,4.8851,4.8397,4.7943,4.749,4.7038,4.6586,4.6136,4.5687,4.5238,4.4734,4.406,4.3386,4.2712,4.2039,4.1366,4.0694,4.0022
13.1733,13.135,13.0964,13.0575,13.0183,12.9789,12.9391,12.8992,12.8589,12.8263,12.7947,12.763,12.731,12.6987,12.6662,12.6335,12.6005,12.5674,12.563,12.6238,12.6845,12.7451,12.8056,12.866,12.9262,12.9864,13.0464,13.1064,13.1128,13.1033,13.094,13.0847,13.0755,13.0664,13.0575,13.0486,13.0398,13.0285,13.0088,12.9893,12.9698,12.9505,12.9312,12.9121,12.893,12.874,12.855,12.8219,12.7826,12.7434,12.7041,12.6648,12.6255,12.5862,12.5468,12.5074,12.4464,12.2721,12.0976,11.9231,11.7486,11.5739,11.3992,11.2244,11.0495,10.8745,10.7066,10.543,10.3793,10.2153,10.0511,9.8867,9.722,9.5572,9.392,9.2318,9.1268,9.0215,8.9161,8.8104,8.7045,8.5984,8.492,8.3853,8.2785,8.1877,8.1102,8.0326,7.955,7.8773,7.7995,7.7216,7.6437,7.5657,7.4874,7.3832,7.2791,7.1751,7.0711,6.9673,6.8635,6.7599,6.6563,6.5529,6.5145,6.5489,6.5835,6.6184,6.6535,6.6889,6.7246,6.7606,6.7969,6.8335,6.8795,6.9261,6.9728,7.0196,7.0663,7.1131,7.16,7.2069,7.2538,7.2848,7.2908,7.2965,7.3021,7.3074,7.3125,7.3174,7.322,7.3264,7.3305,7.2313,7.1138,6.9963,6.8789,6.7615,6.6441,6.5267,6.4094,6.2921,6.1644,6.0134,5.8627,5.7123,5.5623,5.4125,5.2631,5.1139,4.9652,4.8167,4.748,4.7044,4.6609,4.6175,4.5742,4.531,4.4879,4.4448,4.4019,4.354,4.2876,4.2213,4.155,4.0887,4.0225,3.9563,3.8901
13.0568,13.0259,12.9947,12.9632,12.9314,12.8994,12.8671,12.8345,12.8017,12.7774,12.7544,12.7311,12.7075,12.6838,12.6597,12.6355,12.611,12.5863,12.5908,12.6577,12.7246,12.7913,12.8579,12.9243,12.9907,13.057,13.1232,13.1893,13.1921,13.1771,13.1622,13.1474,13.1327,13.1181,13.1035,13.0891,13.0748,13.0564,13.0251,12.9939,12.9629,12.9319,12.901,12.8702,12.8395,12.8089,12.7782,12.7355,12.6876,12.6396,12.5916,12.5437,12.4957,12.4476,12.3995,12.3514,12.2826,12.1042,11.9257,11.7471,11.5685,11.3898,11.211,11.0322,10.8532,10.6741,10.4971,10.3212,10.1451,9.9688,9.7923,9.6155,9.4386,9.2614,9.0839,8.9114,8.7997,8.6879,8.5758,8.4635,8.351,8.2382,8.1252,8.0119,7.8984,7.8054,7.73,7.6546,7.579,7.5034,7.4277,7.352,7.2761,7.2002,7.1243,7.027,6.9297,6.8325,6.7353,6.6383,6.5413,6.4445,6.3478,6.2511,6.2186,6.2628,6.3073,6.352,6.397,6.4422,6.4877,6.5335,6.5797,6.6261,6.6749,6.724,6.773,6.8222,6.8713,6.9205,6.9697,7.019,7.0683,7.1006,7.1033,7.1058,7.1081,7.1101,7.112,7.1136,7.115,7.1161,7.117,7.0219,6.9061,6.7904,6.6747,6.5591,6.4434,6.3278,6.2123,6.0967,5.9731,5.8281,5.6835,5.5391,5.3951,5.2514,5.108,4.9649,4.8222,4.6798,4.6106,4.569,4.5274,4.4859,4.4445,4.4032,4.362,4.3208,4.2798,4.2345,4.1692,4.1039,4.0386,3.9734,3.9082,3.8431,3.778
12.9406,12.9171,12.8933,12.8692,12.8448,12.8201,12.7952,12.77,12.7446,12.7289,12.7143,12.6995,12.6844,12.669,12.6535,12.6377,12.6217,12.6054,12.6187,12.6918,12.7647,12.8375,12.9102,12.9828,13.0553,13.1277,13.2,13.2722,13.2713,13.2508,13.2303,13.21,13.1897,13.1696,13.1495,13.1296,13.1097,13.0842,13.0413,12.9985,12.9558,12.9132,12.8707,12.8283,12.786,12.7437,12.7014,12.6491,12.5925,12.5358,12.4792,12.4225,12.3658,12.3091,12.2523,12.1955,12.1188,11.9363,11.7538,11.5712,11.3885,11.2057,11.0229,10.84,10.657,10.4738,10.2876,10.0994,9.911,9.7224,9.5336,9.3445,9.1553,8.9657,8.776,8.5911,8.4728,8.3543,8.2356,8.1167,7.9976,7.8782,7.7586,7.6387,7.5185,7.4231,7.3498,7.2765,7.203,7.1295,7.0559,6.9822,6.9085,6.8347,6.7608,6.6705,6.5801,6.4896,6.3993,6.3091,6.2189,6.1289,6.039,5.9492,5.9224,5.9765,6.0307,6.0853,6.1401,6.1951,6.2505,6.3061,6.362,6.4183,6.4702,6.5217,6.5731,6.6246,6.6762,6.7278,6.7794,6.831,6.8827,6.9165,6.9159,6.9152,6.9142,6.913,6.9116,6.91,6.9081,6.906,6.9036,6.8123,6.6983,6.5844,6.4705,6.3566,6.2427,6.1289,6.0151,5.9013,5.7813,5.6424,5.5038,5.3655,5.2275,5.0899,4.9525,4.8155,4.6788,4.5425,4.4732,4.4335,4.3938,4.3542,4.3147,4.2753,4.2359,4.1967,4.1576,4.115,4.0507,3.9864,3.9222,3.8581,3.7939,3.7299,3.6658
12.8246,12.8085,12.7921,12.7754,12.7584,12.7411,12.7236,12.7058,12.6878,12.6806,12.6744,12.6681,12.6614,12.6545,12.6474,12.6401,12.6325,12.6248,12.6467,12.7259,12.805,12.8839,12.9628,13.0415,13.1201,13.1986,13.277,13.3553,13.3504,13.3243,13.2984,13.2725,13.2467,13.221,13.1955,13.17,13.1446,13.1119,13.0574,13.003,12.9487,12.8945,12.8404,12.7863,12.7324,12.6785,12.6246,12.5627,12.4973,12.432,12.3667,12.3013,12.2359,12.1705,12.105,12.0395,11.955,11.7685,11.5819,11.3952,11.2085,11.0217,10.8348,10.6478,10.4607,10.2736,10.0783,9.8778,9.6771,9.4762,9.275,9.0737,8.8721,8.6703,8.4682,8.2708,8.146,8.0209,7.8956,7.77,7.6443,7.5183,7.392,7.2655,7.1388,7.0408,6.9696,6.8983,6.827,6.7555,6.684,6.6125,6.5408,6.4691,6.3973,6.3139,6.2302,6.1466,6.0631,5.9797,5.8963,5.8131,5.73,5.647,5.6259,5.6898,5.7538,5.8182,5.8828,5.9477,6.0128,6.0783,6.144,6.2101,6.2655,6.3193,6.3731,6.427,6.481,6.5349,6.5889,6.643,6.697,6.7325,6.7288,6.7248,6.7205,6.7161,6.7114,6.7065,6.7014,6.696,6.6904,6.6026,6.4904,6.3782,6.2661,6.154,6.0419,5.9298,5.8177,5.7057,5.5892,5.4563,5.3238,5.1915,5.0596,4.928,4.7967,4.6657,4.535,4.4047,4.3356,4.2978,4.2607,4.226,4.1911,4.1563,4.1214,4.0865,4.0515,4.0138,3.9529,3.8919,3.831,3.77,3.709,3.648,3.5869
12.7089,12.7002,12.6912,12.6818,12.6722,12.6624,12.6522,12.6418,12.6312,12.6325,12.6348,12.6369,12.6387,12.6403,12.6416,12.6427,12.6436,12.6443,12.675,12.7603,12.8454,12.9305,13.0154,13.1002,13.1849,13.2695,13.3541,13.4385,13.4295,13.3978,13.3663,13.3349,13.3036,13.2724,13.2413,13.2103,13.1794,13.1395,13.0733,13.0073,12.9414,12.8756,12.8099,12.7442,12.6787,12.6132,12.5477,12.4762,12.4022,12.3282,12.2541,12.1801,12.106,12.0319,11.9578,11.8836,11.7912,11.6006,11.41,11.2193,11.0285,10.8376,10.6467,10.4557,10.2646,10.0733,9.8691,9.6563,9.4432,9.23,9.0166,8.803,8.5891,8.375,8.1606,7.9507,7.8192,7.6875,7.5556,7.4235,7.2911,7.1585,7.0256,6.8925,6.7592,6.6584,6.5893,6.5201,6.4508,6.3815,6.3121,6.2426,6.1731,6.1035,6.0338,5.9571,5.8802,5.8034,5.7267,5.6501,5.5735,5.4971,5.4207,5.3445,5.329,5.4027,5.4766,5.5508,5.6252,5.6999,5.7748,5.8501,5.9256,6.0015,6.0606,6.1168,6.173,6.2293,6.2883,6.3478,6.407,6.466,6.5248,6.5646,6.56,6.5552,6.5501,6.5447,6.539,6.5329,6.5266,6.5199,6.5129,6.4298,6.3204,6.2109,6.1013,5.9915,5.8815,5.7714,5.6612,5.5508,5.4379,5.3151,5.1928,5.071,4.9497,4.829,4.7089,4.5893,4.4702,4.3517,4.2859,4.2509,4.2158,4.1807,4.1456,4.1104,4.0752,4.0399,4.0046,3.9675,3.9065,3.8455,3.7845,3.7234,3.6623,3.6012,3.5401
12.6681,12.6621,12.656,12.6497,12.6433,12.6368,12.6302,12.6235,12.6166,12.6204,12.625,12.6297,12.6343,12.639,12.6436,12.6483,12.6529,12.6576,12.6918,12.7771,12.8626,12.9483,13.034,13.1199,13.2059,13.292,13.3782,13.4645,13.4506,13.4139,13.3772,13.3407,13.3042,13.2678,13.2314,13.1952,13.1589,13.1126,13.0373,12.962,12.8868,12.8116,12.7364,12.6612,12.586,12.5108,12.4355,12.3549,12.2721,12.1893,12.1064,12.0234,11.9404,11.8573,11.7742,11.6909,11.5902,11.3944,11.1985,11.0025,10.8064,10.6102,10.4138,10.2172,10.0205,9.8237,9.6128,9.3928,9.1727,8.9525,8.7322,8.5119,8.2915,8.0711,7.8505,7.6343,7.5001,7.3658,7.2315,7.0971,6.9626,6.8281,6.6936,6.559,6.4243,6.3265,6.266,6.2057,6.1457,6.0858,6.0262,5.9668,5.9077,5.8488,5.7902,5.7273,5.6645,5.602,5.5398,5.478,5.4166,5.3556,5.295,5.2349,5.2302,5.3123,5.3945,5.4767,5.5591,5.6414,5.7239,5.8064,5.889,5.9717,6.0318,6.0871,6.1422,6.1971,6.2518,6.3062,6.3604,6.4144,6.4681,6.504,6.4938,6.4833,6.4726,6.4615,6.4501,6.4384,6.4264,6.414,6.4013,6.3179,6.2065,6.095,5.9834,5.8716,5.7597,5.6476,5.5354,5.423,5.3102,5.1966,5.0835,4.9709,4.8588,4.7473,4.6363,4.5258,4.416,4.3067,4.2417,4.2063,4.1709,4.1355,4.1,4.0645,4.029,3.9934,3.9578,3.9213,3.8602,3.7991,3.738,3.6768,3.6157,3.5545,3.4933
12.6459,12.6435,12.6409,12.6382,12.6354,12.6324,12.6294,12.6262,12.6229,12.6272,12.632,12.6367,12.6415,12.6463,12.6511,12.6559,12.6607,12.6655,12.6985,12.7779,12.8574,12.9371,13.0169,13.0968,13.1769,13.257,13.3373,13.4176,13.3957,13.3517,13.3078,13.2641,13.2203,13.1767,13.1331,13.0896,13.0462,12.9924,12.9102,12.828,12.7457,12.6636,12.5814,12.4992,12.417,12.3348,12.2526,12.1631,12.0705,11.978,11.8854,11.7928,11.7001,11.6073,11.5144,11.4215,11.3115,11.1085,10.9054,10.7022,10.4989,10.2954,10.0918,9.888,9.6841,9.48,9.2686,9.0524,8.836,8.6196,8.4031,8.1865,7.9699,7.7532,7.5364,7.3233,7.1919,7.0604,6.9288,6.7972,6.6655,6.5338,6.402,6.2702,6.1383,6.0474,5.9999,5.9525,5.9054,5.8585,5.8118,5.7654,5.7192,5.6733,5.6277,5.5785,5.5293,5.4805,5.4321,5.384,5.3363,5.289,5.2422,5.1957,5.1981,5.2823,5.3666,5.451,5.5355,5.62,5.7046,5.7893,5.874,5.9589,6.0158,6.066,6.1161,6.1659,6.2155,6.2649,6.314,6.3629,6.4115,6.4438,6.4279,6.4117,6.3953,6.3785,6.3615,6.3441,6.3264,6.3084,6.2901,6.2061,6.0928,5.9793,5.8657,5.7519,5.638,5.5239,5.4097,5.2953,5.182,5.0776,4.9736,4.8702,4.7673,4.6649,4.5631,4.4619,4.3612,4.261,4.1974,4.1617,4.126,4.0903,4.0545,4.0186,3.9828,3.9469,3.9109,3.8749,3.8139,3.7527,3.6915,3.6303,3.569,3.5077,3.4465
12.6239,12.625,12.626,12.6268,12.6275,12.6281,12.6286,12.629,12.6293,12.634,12.6389,12.6438,12.6487,12.6537,12.6586,12.6635,12.6684,12.6733,12.705,12.7785,12.8521,12.9258,12.9997,13.0737,13.1478,13.222,13.2963,13.3707,13.3406,13.2894,13.2383,13.1873,13.1364,13.0855,13.0348,12.984,12.9334,12.8723,12.783,12.6938,12.6046,12.5155,12.4263,12.3371,12.248,12.1588,12.0696,11.9712,11.8689,11.7667,11.6644,11.5621,11.4597,11.3572,11.2547,11.152,11.0328,10.8226,10.6123,10.4019,10.1913,9.9806,9.7698,9.5588,9.3477,9.1364,8.9244,8.7119,8.4993,8.2866,8.0739,7.8611,7.6482,7.4353,7.2223,7.0123,6.8836,6.7549,6.6261,6.4972,6.3683,6.2394,6.1104,5.9813,5.8522,5.7681,5.7335,5.6991,5.6649,5.6309,5.5972,5.5637,5.5304,5.4975,5.4648,5.4293,5.3938,5.3587,5.324,5.2896,5.2556,5.222,5.1888,5.1561,5.1659,5.2523,5.3387,5.4253,5.5118,5.5985,5.6853,5.7721,5.859,5.9459,5.9999,6.0451,6.0901,6.1349,6.1794,6.2237,6.2678,6.3117,6.3553,6.3837,6.3622,6.3404,6.3183,6.2959,6.2732,6.2501,6.2268,6.2031,6.1791,6.0944,5.9791,5.8636,5.748,5.6323,5.5164,5.4003,5.2841,5.1677,5.0533,4.958,4.8632,4.769,4.6752,4.582,4.4894,4.3973,4.3057,4.2148,4.1532,4.1172,4.0812,4.0451,4.009,3.9728,3.9366,3.9004,3.8641,3.8278,3.7675,3.7063,3.645,3.5837,3.5224,3.461,3.3996
12.602,12.6066,12.6111,12.6155,12.6198,12.624,12.628,12.6319,12.6357,12.6408,12.6458,12.6509,12.6559,12.661,12.6661,12.6711,12.6762,12.6812,12.7114,12.7789,12.8466,12.9144,12.9823,13.0504,13.1185,13.1868,13.2551,13.3236,13.2855,13.227,13.1687,13.1105,13.0524,12.9943,12.9363,12.8783,12.8205,12.752,12.6558,12.5596,12.4634,12.3673,12.2712,12.175,12.0789,11.9828,11.8866,11.7792,11.6673,11.5554,11.4434,11.3314,11.2193,11.1072,10.9949,10.8826,10.7541,10.5367,10.3192,10.1016,9.8838,9.6659,9.4479,9.2297,9.0114,8.7929,8.5801,8.3714,8.1625,7.9536,7.7447,7.5356,7.3265,7.1173,6.9081,6.7012,6.5753,6.4493,6.3233,6.1972,6.0711,5.9449,5.8187,5.6924,5.5661,5.4884,5.4668,5.4453,5.4241,5.403,5.3822,5.3616,5.3413,5.3213,5.3015,5.2797,5.2579,5.2365,5.2155,5.1948,5.1745,5.1546,5.1351,5.116,5.1336,5.2221,5.3107,5.3994,5.4881,5.5769,5.6658,5.7548,5.8438,5.9329,5.9843,6.0245,6.0644,6.1041,6.1436,6.1828,6.2219,6.2607,6.2992,6.324,6.2968,6.2693,6.2416,6.2135,6.1851,6.1564,6.1274,6.0981,6.0685,5.9828,5.8655,5.7481,5.6305,5.5127,5.3949,5.2768,5.1586,5.0403,4.924,4.8379,4.7523,4.6672,4.5826,4.4986,4.4151,4.3321,4.2497,4.1679,4.109,4.0727,4.0363,3.9999,3.9635,3.927,3.8905,3.8539,3.8173,3.7807,3.7212,3.6599,3.5985,3.5371,3.4757,3.4143,3.3528
12.5802,12.5884,12.5964,12.6044,12.6122,12.6199,12.6275,12.635,12.6423,12.6476,12.6528,12.658,12.6632,12.6683,12.6735,12.6787,12.6839,12.6891,12.7176,12.7792,12.841,12.9028,12.9648,13.0269,13.0892,13.1515,13.2139,13.2764,13.2302,13.1645,13.099,13.0336,12.9682,12.9029,12.8377,12.7726,12.7075,12.6316,12.5285,12.4253,12.3222,12.2191,12.116,12.0129,11.9098,11.8067,11.7036,11.5872,11.4656,11.344,11.2224,11.1007,10.9789,10.8571,10.7352,10.6132,10.4755,10.2509,10.0262,9.8013,9.5764,9.3513,9.126,8.9006,8.6751,8.4494,8.2358,8.0308,7.8258,7.6206,7.4154,7.2101,7.0047,6.7993,6.5938,6.3901,6.2669,6.1437,6.0205,5.8972,5.7738,5.6504,5.5269,5.4034,5.2799,5.2085,5.1998,5.1913,5.1829,5.1748,5.1669,5.1593,5.1519,5.1447,5.1379,5.1297,5.1216,5.1139,5.1065,5.0995,5.0929,5.0867,5.0809,5.0755,5.1012,5.1919,5.2827,5.3735,5.4643,5.5553,5.6463,5.7374,5.8286,5.9198,5.9689,6.004,6.0389,6.0735,6.108,6.1422,6.1761,6.2099,6.2434,6.2645,6.2317,6.1985,6.1651,6.1314,6.0974,6.063,6.0284,5.9934,5.9581,5.8713,5.752,5.6326,5.5131,5.3933,5.2735,5.1534,5.0333,4.9129,4.7942,4.7172,4.6408,4.5648,4.4894,4.4145,4.3402,4.2664,4.1931,4.1205,4.0648,4.0282,3.9915,3.9548,3.918,3.8812,3.8444,3.8075,3.7706,3.7336,3.6749,3.6135,3.552,3.4906,3.4291,3.3675,3.306
12.5585,12.5702,12.5819,12.5934,12.6047,12.616,12.6271,12.6381,12.649,12.6544,12.6597,12.665,12.6704,12.6757,12.681,12.6863,12.6917,12.697,12.7237,12.7794,12.8352,12.8912,12.9472,13.0034,13.0597,13.1161,13.1726,13.2292,13.1747,13.1019,13.0292,12.9565,12.884,12.8115,12.7391,12.6667,12.5944,12.5112,12.4011,12.291,12.1809,12.0708,11.9608,11.8507,11.7407,11.6306,11.5205,11.3952,11.2639,11.1326,11.0013,10.87,10.7385,10.607,10.4754,10.3438,10.1968,9.965,9.7331,9.5011,9.2689,9.0366,8.8042,8.5716,8.3389,8.1059,7.8915,7.6902,7.4889,7.2875,7.0861,6.8845,6.6829,6.4813,6.2795,6.0789,5.9586,5.8381,5.7176,5.5971,5.4765,5.3558,5.2351,5.1144,4.9936,4.9284,4.9326,4.9369,4.9415,4.9463,4.9513,4.9566,4.9621,4.9679,4.9739,4.9794,4.985,4.9909,4.9972,5.0039,5.0109,5.0184,5.0262,5.0345,5.0688,5.1616,5.2545,5.3475,5.4405,5.5335,5.6267,5.7199,5.8132,5.9066,5.9537,5.9837,6.0136,6.0432,6.0726,6.1017,6.1306,6.1593,6.1878,6.2053,6.1668,6.128,6.0889,6.0496,6.0099,5.9699,5.9296,5.889,5.848,5.76,5.6387,5.5173,5.3957,5.274,5.1522,5.0302,4.908,4.7857,4.6638,4.596,4.5287,4.4619,4.3956,4.3299,4.2647,4.2001,4.136,4.0725,4.0207,3.9837,3.9467,3.9097,3.8726,3.8354,3.7983,3.7611,3.7238,3.6865,3.6286,3.5671,3.5056,3.444,3.3824,3.3208,3.2592
12.537,12.5522,12.5674,12.5824,12.5973,12.6121,12.6268,12.6414,12.6557,12.6612,12.6667,12.6721,12.6776,12.683,12.6885,12.694,12.6994,12.7049,12.7297,12.7795,12.8293,12.8793,12.9295,12.9797,13.0301,13.0805,13.1311,13.1818,13.1192,13.0391,12.9592,12.8794,12.7996,12.7199,12.6403,12.5607,12.4812,12.3907,12.2736,12.1565,12.0395,11.9225,11.8055,11.6885,11.5715,11.4544,11.3374,11.2031,11.0622,10.9212,10.7803,10.6392,10.4981,10.3569,10.2157,10.0743,9.9182,9.6792,9.4401,9.2009,8.9615,8.722,8.4824,8.2426,8.0027,7.7626,7.5471,7.3496,7.1521,6.9544,6.7567,6.5589,6.3611,6.1631,5.9652,5.7677,5.6501,5.5325,5.4147,5.2969,5.1791,5.0612,4.9433,4.8253,4.7073,4.6479,4.665,4.6823,4.6998,4.7175,4.7354,4.7536,4.772,4.7907,4.8096,4.8286,4.8479,4.8675,4.8875,4.9078,4.9285,4.9496,4.9712,4.9931,5.0363,5.1313,5.2263,5.3214,5.4165,5.5117,5.607,5.7024,5.7978,5.8933,5.9387,5.9637,5.9885,6.013,6.0374,6.0615,6.0854,6.109,6.1324,6.1463,6.1022,6.0578,6.013,5.968,5.9227,5.8771,5.8311,5.7848,5.7383,5.6487,5.5254,5.4021,5.2785,5.1548,5.031,4.907,4.7829,4.6586,4.5341,4.4742,4.4161,4.3584,4.3013,4.2447,4.1887,4.1331,4.0782,4.0238,3.9766,3.9393,3.9019,3.8646,3.8271,3.7897,3.7522,3.7147,3.6771,3.6395,3.5823,3.5207,3.4591,3.3975,3.3358,3.2741,3.2124
12.5155,12.5344,12.5531,12.5716,12.5901,12.6084,12.6266,12.6447,12.6624,12.668,12.6736,12.6792,12.6848,12.6904,12.696,12.7016,12.7072,12.7128,12.7355,12.7794,12.8233,12.8674,12.9116,12.9559,13.0004,13.0449,13.0896,13.1343,13.0635,12.9763,12.8891,12.8021,12.7151,12.6283,12.5414,12.4547,12.368,12.2701,12.1461,12.0221,11.8981,11.7741,11.6501,11.5262,11.4022,11.2782,11.1542,11.011,10.8604,10.7098,10.5592,10.4085,10.2577,10.1069,9.9559,9.8049,9.6396,9.3934,9.1471,8.9007,8.6541,8.4075,8.1606,7.9137,7.6665,7.4192,7.2027,7.009,6.8152,6.6213,6.4273,6.2333,6.0392,5.845,5.6508,5.4565,5.3416,5.2267,5.1118,4.9967,4.8817,4.7665,4.6514,4.5361,4.4209,4.3672,4.3972,4.4274,4.4578,4.4884,4.5192,4.5502,4.5816,4.6131,4.645,4.6775,4.7105,4.7437,4.7773,4.8113,4.8457,4.8805,4.9156,4.9512,5.0038,5.1009,5.198,5.2952,5.3925,5.4898,5.5873,5.6848,5.7823,5.88,5.9239,5.9438,5.9636,5.9831,6.0024,6.0215,6.0403,6.0589,6.0773,6.0876,6.0378,5.9878,5.9374,5.8867,5.8358,5.7845,5.7329,5.681,5.6288,5.5375,5.4123,5.2869,5.1614,5.0358,4.91,4.784,4.6579,4.5316,4.4052,4.3519,4.3029,4.2544,4.2064,4.159,4.112,4.0657,4.0198,3.9746,3.9325,3.8948,3.8572,3.8195,3.7817,3.744,3.7062,3.6683,3.6304,3.5925,3.536,3.4743,3.4126,3.3509,3.2892,3.2274,3.1656
12.4943,12.5166,12.5389,12.561,12.583,12.6048,12.6266,12.6482,12.6691,12.6748,12.6806,12.6863,12.692,12.6978,12.7035,12.7092,12.7149,12.7207,12.7412,12.7791,12.8172,12.8553,12.8936,12.932,12.9705,13.0092,13.0479,13.0867,13.0077,12.9133,12.819,12.7247,12.6306,12.5365,12.4425,12.3485,12.2547,12.1495,12.0185,11.8875,11.7566,11.6257,11.4947,11.3638,11.2329,11.102,10.9711,10.8188,10.6586,10.4983,10.338,10.1777,10.0173,9.8568,9.6962,9.5356,9.361,9.1076,8.8541,8.6005,8.3468,8.0929,7.8389,7.5848,7.3304,7.076,6.8583,6.6683,6.4782,6.2881,6.0979,5.9076,5.7172,5.5268,5.3363,5.1458,5.0331,4.921,4.8088,4.6965,4.5842,4.4718,4.3594,4.247,4.1345,4.0862,4.1291,4.1722,4.2154,4.2589,4.3026,4.3466,4.3908,4.4353,4.48,4.5261,4.5726,4.6195,4.6668,4.7144,4.7624,4.8108,4.8597,4.9089,4.9711,5.0704,5.1696,5.269,5.3684,5.4679,5.5674,5.667,5.7667,5.8665,5.9093,5.9242,5.9389,5.9534,5.9676,5.9817,5.9955,6.009,6.0224,6.0292,5.9738,5.9181,5.8621,5.8058,5.7491,5.6922,5.635,5.5775,5.5196,5.4265,5.2993,5.1719,5.0444,4.9168,4.789,4.6611,4.533,4.4047,4.2763,4.2291,4.1892,4.1498,4.111,4.0726,4.0348,3.9976,3.9609,3.9248,3.8884,3.8504,3.8124,3.7744,3.7364,3.6983,3.6601,3.622,3.5838,3.5455,3.4897,3.428,3.3662,3.3044,3.2426,3.1807,3.1188
12.4731,12.499,12.5248,12.5504,12.5759,12.6013,12.6266,12.6518,12.6758,12.6816,12.6875,12.6934,12.6993,12.7051,12.711,12.7169,12.7227,12.7286,12.7468,12.7788,12.8109,12.8431,12.8755,12.908,12.9406,12.9733,13.0061,13.039,12.9518,12.8502,12.7487,12.6473,12.5459,12.4447,12.3435,12.2423,12.1412,12.0287,11.8908,11.7529,11.615,11.4772,11.3393,11.2015,11.0636,10.9257,10.7878,10.6266,10.4567,10.2868,10.1169,9.9469,9.7768,9.6067,9.4365,9.2662,9.0824,8.8218,8.5612,8.3004,8.0395,7.7784,7.5172,7.2559,6.9944,6.7328,6.5138,6.3276,6.1413,5.9549,5.7684,5.5818,5.3952,5.2085,5.0218,4.835,4.7246,4.6152,4.5057,4.3962,4.2867,4.1771,4.0674,3.9577,3.848,3.805,3.8607,3.9167,3.9728,4.0292,4.0858,4.1426,4.1997,4.257,4.3147,4.3742,4.4344,4.4949,4.5558,4.6171,4.6788,4.7408,4.8033,4.8661,4.9384,5.0398,5.1412,5.2427,5.3442,5.4458,5.5475,5.6493,5.7511,5.853,5.8949,5.9047,5.9144,5.9239,5.9331,5.9421,5.9509,5.9594,5.9677,5.971,5.91,5.8486,5.787,5.725,5.6628,5.6002,5.5374,5.4742,5.4107,5.3155,5.1863,5.057,4.9276,4.7979,4.6682,4.5383,4.4082,4.278,4.1476,4.1057,4.0749,4.0447,4.0149,3.9857,3.9571,3.9289,3.9014,3.8744,3.8443,3.806,3.7677,3.7294,3.691,3.6526,3.6141,3.5756,3.5371,3.4985,3.4434,3.3816,3.3197,3.2579,3.1959,3.134,3.0721
12.4521,12.4815,12.5108,12.54,12.569,12.598,12.6268,12.6555,12.6825,12.6885,12.6945,12.7005,12.7065,12.7125,12.7185,12.7245,12.7305,12.7365,12.7522,12.7783,12.8045,12.8308,12.8573,12.8838,12.9105,12.9373,12.9642,12.9912,12.8958,12.787,12.6783,12.5697,12.4611,12.3527,12.2443,12.136,12.0277,11.9079,11.763,11.6182,11.4734,11.3286,11.1838,11.039,10.8942,10.7494,10.6046,10.4344,10.2549,10.0753,9.8957,9.7161,9.5364,9.3566,9.1767,8.9968,8.8038,8.5361,8.2682,8.0003,7.7322,7.464,7.1956,6.9271,6.6584,6.3896,6.1694,5.9868,5.8043,5.6216,5.4388,5.256,5.0732,4.8902,4.7072,4.5242,4.416,4.3093,4.2027,4.0959,3.9891,3.8822,3.7753,3.6684,3.5614,3.5235,3.5921,3.6609,3.7299,3.7992,3.8686,3.9383,4.0083,4.0785,4.149,4.222,4.2958,4.37,4.4445,4.5194,4.5947,4.6703,4.7464,4.8229,4.9057,5.0091,5.1127,5.2163,5.3199,5.4237,5.5275,5.6314,5.7353,5.8394,5.8807,5.8855,5.8902,5.8946,5.8988,5.9027,5.9065,5.91,5.9132,5.9131,5.8464,5.7794,5.7122,5.6446,5.5767,5.5085,5.44,5.3712,5.3021,5.2047,5.0735,4.9422,4.8108,4.6792,4.5475,4.4156,4.2835,4.1513,4.019,3.9818,3.9601,3.939,3.9184,3.8983,3.8787,3.8597,3.8413,3.8234,3.8003,3.7617,3.723,3.6844,3.6457,3.6069,3.5682,3.5293,3.4905,3.4516,3.3972,3.3352,3.2733,3.2113,3.1493,3.0873,3.0253
12.4311,12.4641,12.4969,12.5297,12.5622,12.5947,12.6271,12.6593,12.6892,12.6953,12.7014,12.7076,12.7137,12.7199,12.726,12.7321,12.7383,12.7444,12.7575,12.7776,12.7979,12.8184,12.8389,12.8596,12.8804,12.9012,12.9222,12.9433,12.8396,12.7236,12.6078,12.492,12.3763,12.2606,12.1451,12.0296,11.9142,11.787,11.6352,11.4835,11.3317,11.18,11.0282,10.8765,10.7248,10.5731,10.4213,10.2421,10.0529,9.8638,9.6745,9.4852,9.2959,9.1065,8.917,8.7274,8.5253,8.2504,7.9753,7.7002,7.4249,7.1495,6.874,6.5983,6.3225,6.0465,5.8248,5.6461,5.4672,5.2883,5.1093,4.9302,4.7511,4.5719,4.3926,4.2133,4.1073,4.0035,3.8995,3.7955,3.6915,3.5874,3.4832,3.379,3.2748,3.2417,3.3232,3.4048,3.4867,3.5688,3.6511,3.7337,3.8165,3.8996,3.9829,4.0693,4.1568,4.2446,4.3327,4.4213,4.5101,4.5994,4.6891,4.7792,4.8728,4.9784,5.0841,5.1898,5.2956,5.4015,5.5074,5.6134,5.7195,5.8257,5.8667,5.8665,5.8661,5.8655,5.8647,5.8636,5.8623,5.8608,5.859,5.8554,5.7831,5.7105,5.6376,5.5644,5.4909,5.4171,5.343,5.2686,5.1938,5.0939,4.9608,4.8275,4.6941,4.5606,4.4268,4.293,4.159,4.0248,3.8905,3.8573,3.8448,3.8327,3.8212,3.8102,3.7998,3.7899,3.7806,3.7718,3.7562,3.7173,3.6784,3.6394,3.6004,3.5613,3.5222,3.4831,3.4439,3.4047,3.3509,3.2889,3.2269,3.1648,3.1027,3.0407,2.9785
12.4104,12.4469,12.4832,12.5195,12.5556,12.5916,12.6275,12.6632,12.6959,12.7021,12.7084,12.7147,12.721,12.7272,12.7335,12.7398,12.746,12.7523,12.7626,12.7769,12.7913,12.8058,12.8204,12.8352,12.8501,12.865,12.8801,12.8953,12.7833,12.6602,12.5371,12.4142,12.2913,12.1685,12.0458,11.9231,11.8005,11.6661,11.5073,11.3486,11.19,11.0313,10.8726,10.714,10.5553,10.3967,10.238,10.0498,9.851,9.6522,9.4533,9.2544,9.0554,8.8564,8.6573,8.4581,8.2467,7.9646,7.6824,7.4001,7.1177,6.8351,6.5524,6.2696,5.9866,5.7034,5.4803,5.3052,5.1301,4.9549,4.7797,4.6043,4.4289,4.2535,4.078,3.9024,3.7987,3.6975,3.5963,3.4951,3.3938,3.2925,3.1911,3.0896,2.9882,2.9596,3.054,3.1485,3.2432,3.3382,3.4333,3.5288,3.6244,3.7203,3.8166,3.9164,4.0174,4.1188,4.2206,4.3227,4.4252,4.5281,4.6314,4.7351,4.8399,4.9476,5.0554,5.1633,5.2712,5.3792,5.4873,5.5954,5.7036,5.8119,5.8529,5.8477,5.8423,5.8366,5.8308,5.8247,5.8184,5.8118,5.805,5.798,5.7201,5.6419,5.5633,5.4845,5.4054,5.326,5.2462,5.1662,5.0858,4.9833,4.8482,4.7129,4.5776,4.442,4.3063,4.1705,4.0345,3.8984,3.7621,3.7323,3.7288,3.7259,3.7235,3.7216,3.7203,3.7195,3.7193,3.7214,3.7237,3.6939,3.6639,3.6337,3.6032,3.5724,3.5414,3.5102,3.4787,3.4469,3.4012,3.3462,3.291,3.2355,3.1797,3.1235,3.0671
12.3897,12.4297,12.4696,12.5094,12.549,12.5885,12.628,12.6672,12.7026,12.709,12.7154,12.7218,12.7282,12.7346,12.741,12.7474,12.7538,12.7602,12.7676,12.7759,12.7844,12.7931,12.8018,12.8107,12.8197,12.8287,12.8379,12.8472,12.7269,12.5966,12.4664,12.3363,12.2062,12.0763,11.9464,11.8165,11.6867,11.545,11.3794,11.2137,11.0481,10.8826,10.717,10.5514,10.3858,10.2202,10.0546,9.8574,9.649,9.4406,9.2321,9.0235,8.815,8.6063,8.3976,8.1887,7.9682,7.6789,7.3896,7.1001,6.8105,6.5208,6.2309,5.9409,5.6508,5.3604,5.1357,4.9644,4.793,4.6216,4.45,4.2784,4.1068,3.935,3.7632,3.5914,3.4899,3.3916,3.2931,3.1946,3.0961,2.9975,2.8989,2.8002,2.7014,2.6773,2.7845,2.8919,2.9994,3.1072,3.2152,3.3235,3.432,3.5408,3.6498,3.763,3.8777,3.9927,4.108,4.2237,4.3398,4.4563,4.5732,4.6905,4.8069,4.9168,5.0267,5.1367,5.2467,5.3568,5.467,5.5773,5.6876,5.8049,5.8553,5.8544,5.8534,5.8522,5.8509,5.8495,5.848,5.8463,5.8445,5.8425,5.7712,5.6981,5.6249,5.5516,5.4781,5.4045,5.3307,5.2568,5.1827,5.089,4.9629,4.8366,4.7103,4.5838,4.4572,4.3304,4.2035,4.0765,3.9493,3.9264,3.9337,3.9408,3.9477,3.9544,3.9609,3.9671,3.9732,3.979,3.9777,3.9431,3.9083,3.8732,3.8379,3.8023,3.7665,3.7304,3.694,3.6574,3.6076,3.5478,3.4878,3.4274,3.3667,3.3057,3.2444
12.4855,12.5205,12.5557,12.591,12.6265,12.6621,12.6978,12.7337,12.7647,12.7631,12.7618,12.7607,12.76,12.7595,12.7593,12.7593,12.7596,12.76,12.7586,12.7556,12.7529,12.7506,12.7486,12.7468,12.7453,12.7441,12.7432,12.7424,12.618,12.4851,12.3522,12.2192,12.0862,11.9531,11.82,11.6868,11.5536,11.4085,11.2404,11.0723,10.9041,10.7358,10.5674,10.399,10.2306,10.062,9.8934,9.6927,9.4808,9.2687,9.0567,8.8446,8.6324,8.4202,8.208,7.9957,7.7724,7.4833,7.1943,6.9053,6.6163,6.3274,6.0384,5.7496,5.4607,5.172,4.953,4.7919,4.631,4.4702,4.3095,4.149,3.9888,3.8287,3.6689,3.5093,3.4219,3.3386,3.2557,3.1731,3.091,3.0093,2.928,2.8473,2.7669,2.7593,2.8847,3.0105,3.1367,3.2632,3.3901,3.5174,3.6451,3.7733,3.9018,4.0311,4.1608,4.2907,4.4209,4.5514,4.6822,4.8132,4.9445,5.0762,5.2057,5.3222,5.4388,5.5555,5.6722,5.789,5.9059,6.0228,6.1397,6.2568,6.305,6.2977,6.2904,6.2829,6.2753,6.2676,6.2597,6.2517,6.2436,6.2353,6.1603,6.082,6.0035,5.925,5.8462,5.7674,5.6884,5.6092,5.5299,5.4327,5.3023,5.1718,5.0412,4.9105,4.7797,4.6487,4.5175,4.3863,4.2549,4.2233,4.2257,4.228,4.23,4.2318,4.2334,4.2348,4.2359,4.2369,4.232,4.1926,4.1529,4.113,4.0729,4.0325,3.9918,3.9509,3.9097,3.8682,3.8145,3.7498,3.6849,3.6196,3.5541,3.4883,3.4221
12.5937,12.6251,12.6567,12.6885,12.7204,12.7525,12.7847,12.817,12.843,12.8322,12.8216,12.8114,12.8014,12.7917,12.7822,12.773,12.764,12.7553,12.7414,12.7234,12.7057,12.6884,12.6713,12.6545,12.638,12.6218,12.6058,12.59,12.4636,12.3308,12.1978,12.0649,11.9318,11.7988,11.6656,11.5325,11.3992,11.2548,11.0891,10.9233,10.7574,10.5915,10.4255,10.2594,10.0933,9.9271,9.7608,9.5641,9.3569,9.1496,8.9423,8.7349,8.5275,8.32,8.1125,7.9049,7.6871,7.4076,7.1282,6.8488,6.5694,6.2901,6.0107,5.7314,5.4522,5.173,4.9659,4.8193,4.6728,4.5265,4.3803,4.2344,4.0886,3.943,3.7977,3.6526,3.584,3.5203,3.457,3.394,3.3315,3.2694,3.2077,3.1465,3.0858,3.0927,3.2291,3.3658,3.503,3.6404,3.7783,3.9166,4.0553,4.1943,4.3339,4.4691,4.6029,4.737,4.8714,5.0061,5.141,5.2762,5.4117,5.5475,5.6805,5.7945,5.9086,6.0227,6.1369,6.2512,6.3655,6.4798,6.5943,6.7088,6.7549,6.7413,6.7276,6.7139,6.6999,6.6859,6.6717,6.6574,6.6429,6.6283,6.5497,6.4661,6.3824,6.2986,6.2146,6.1305,6.0463,5.9619,5.8774,5.7766,5.642,5.5073,5.3724,5.2375,5.1024,4.9672,4.8318,4.6963,4.5607,4.5205,4.518,4.5154,4.5125,4.5095,4.5062,4.5027,4.499,4.4951,4.4867,4.4424,4.3979,4.3532,4.3082,4.263,4.2175,4.1717,4.1257,4.0794,4.0217,3.9522,3.8824,3.8123,3.7419,3.6712,3.6002
12.7017,12.7296,12.7577,12.7859,12.8142,12.8427,12.8714,12.9002,12.921,12.901,12.8812,12.8617,12.8425,12.8236,12.8049,12.7865,12.7683,12.7503,12.7239,12.6909,12.6582,12.6258,12.5937,12.5619,12.5304,12.4992,12.4682,12.4374,12.3093,12.1764,12.0435,11.9105,11.7775,11.6444,11.5113,11.3781,11.2449,11.1011,10.9377,10.7743,10.6108,10.4472,10.2835,10.1198,9.956,9.7922,9.6283,9.4356,9.2331,9.0305,8.8279,8.6252,8.4225,8.2198,8.017,7.8142,7.6018,7.3319,7.0621,6.7923,6.5225,6.2527,5.983,5.7133,5.4436,5.174,4.9786,4.8465,4.7145,4.5827,4.451,4.3195,4.1883,4.0572,3.9263,3.7957,3.7458,3.7017,3.6579,3.6146,3.5716,3.5291,3.487,3.4454,3.4043,3.4259,3.5732,3.7209,3.869,4.0174,4.1662,4.3155,4.4651,4.6151,4.7656,4.9069,5.0449,5.1832,5.3218,5.4606,5.5997,5.7391,5.8788,6.0187,6.1555,6.2669,6.3784,6.49,6.6017,6.7134,6.8252,6.937,7.0489,7.1608,7.205,7.1852,7.1652,7.1451,7.1248,7.1045,7.084,7.0634,7.0426,7.0217,6.9393,6.8505,6.7615,6.6725,6.5833,6.494,6.4045,6.3149,6.2251,6.1207,5.9818,5.8429,5.7038,5.5647,5.4253,5.2859,5.1463,5.0066,4.8668,4.818,4.8106,4.8031,4.7954,4.7875,4.7793,4.771,4.7624,4.7536,4.7416,4.6926,4.6432,4.5937,4.5439,4.4938,4.4435,4.3929,4.3421,4.291,4.2292,4.1548,4.0802,4.0053,3.93,3.8545,3.7787
12.8097,12.834,12.8585,12.8831,12.9079,12.9329,12.958,12.9832,12.9988,12.9695,12.9405,12.9118,12.8834,12.8552,12.8274,12.7997,12.7723,12.7451,12.706,12.658,12.6103,12.5629,12.5158,12.469,12.4225,12.3762,12.3302,12.2845,12.1549,12.022,11.8891,11.7562,11.6231,11.4901,11.357,11.2238,11.0906,10.9475,10.7864,10.6253,10.4642,10.3029,10.1416,9.9802,9.8188,9.6573,9.4957,9.3071,9.1093,8.9114,8.7135,8.5156,8.3176,8.1196,7.9215,7.7234,7.5164,7.2562,6.996,6.7357,6.4755,6.2153,5.9552,5.695,5.435,5.175,4.9912,4.8736,4.7561,4.6387,4.5215,4.4045,4.2877,4.1711,4.0548,3.9387,3.9073,3.8828,3.8586,3.8348,3.8115,3.7885,3.766,3.744,3.7224,3.7588,3.9171,4.0758,4.2348,4.3941,4.5539,4.7141,4.8746,5.0356,5.197,5.3446,5.4868,5.6293,5.772,5.915,6.0583,6.2018,6.3457,6.4898,6.6305,6.7394,6.8484,6.9575,7.0666,7.1757,7.285,7.3943,7.5036,7.613,7.6554,7.6293,7.603,7.5766,7.55,7.5234,7.4966,7.4696,7.4425,7.4153,7.3291,7.2351,7.1409,7.0466,6.9522,6.8576,6.7629,6.6681,6.5731,6.465,6.3219,6.1788,6.0355,5.8921,5.7486,5.6049,5.4611,5.3171,5.1731,5.1157,5.1035,5.0911,5.0785,5.0658,5.0528,5.0395,5.0261,5.0125,4.9969,4.943,4.8889,4.8345,4.7799,4.725,4.6699,4.6145,4.5588,4.5029,4.4371,4.3579,4.2784,4.1986,4.1185,4.0381,3.9575
12.9174,12.9382,12.9592,12.9803,13.0015,13.0229,13.0445,13.0661,13.0762,13.0377,12.9995,12.9616,12.924,12.8867,12.8496,12.8127,12.7761,12.7397,12.6877,12.6247,12.562,12.4997,12.4376,12.3758,12.3143,12.2531,12.192,12.1313,12.0005,11.8677,11.7348,11.6018,11.4688,11.3357,11.2026,11.0695,10.9362,10.7938,10.6351,10.4764,10.3176,10.1587,9.9997,9.8407,9.6816,9.5224,9.3632,9.1786,8.9855,8.7924,8.5992,8.4059,8.2127,8.0193,7.826,7.6326,7.4311,7.1804,6.9298,6.6791,6.4285,6.1779,5.9273,5.6767,5.4263,5.1758,5.0037,4.9005,4.7975,4.6946,4.5919,4.4894,4.387,4.2849,4.183,4.0814,4.0685,4.0635,4.0589,4.0547,4.0509,4.0475,4.0446,4.0421,4.0401,4.0915,4.2608,4.4303,4.6003,4.7706,4.9413,5.1124,5.2839,5.4558,5.6281,5.7822,5.9286,6.0752,6.2221,6.3693,6.5167,6.6645,6.8125,6.9608,7.1056,7.212,7.3185,7.425,7.5315,7.6382,7.7449,7.8516,7.9585,8.0653,8.1061,8.0736,8.041,8.0083,7.9755,7.9425,7.9094,7.8762,7.8428,7.8092,7.7192,7.6199,7.5206,7.421,7.3214,7.2216,7.1217,7.0216,6.9214,6.8095,6.6623,6.5149,6.3674,6.2197,6.072,5.9241,5.7761,5.6279,5.4796,5.4137,5.3967,5.3795,5.362,5.3444,5.3265,5.3084,5.2901,5.2716,5.2525,5.1938,5.1349,5.0757,5.0162,4.9565,4.8966,4.8364,4.7759,4.7151,4.6453,4.5613,4.4769,4.3923,4.3074,4.2222,4.1366
13.0251,13.0423,13.0597,13.0773,13.095,13.1128,13.1308,13.149,13.1534,13.1057,13.0583,13.0112,12.9644,12.9178,12.8715,12.8255,12.7797,12.7341,12.6691,12.5911,12.5135,12.4361,12.3591,12.2823,12.2058,12.1296,12.0536,11.9778,11.8461,11.7133,11.5804,11.4474,11.3144,11.1814,11.0483,10.9151,10.7819,10.6402,10.4839,10.3275,10.171,10.0144,9.8578,9.7011,9.5444,9.3876,9.2307,9.0501,8.8617,8.6733,8.4848,8.2963,8.1077,7.9191,7.7305,7.5418,7.3457,7.1046,6.8636,6.6225,6.3814,6.1404,5.8994,5.6584,5.4175,5.1766,5.016,4.9273,4.8388,4.7503,4.6621,4.574,4.4862,4.3985,4.3111,4.2239,4.2294,4.244,4.259,4.2743,4.29,4.3062,4.3228,4.3398,4.3574,4.424,4.6042,4.7847,4.9656,5.1468,5.3284,5.5105,5.6929,5.8757,6.059,6.2197,6.3703,6.5211,6.6721,6.8234,6.9751,7.1269,7.2791,7.4316,7.5809,7.6847,7.7886,7.8926,7.9966,8.1007,8.2049,8.3091,8.4134,8.5177,8.557,8.5182,8.4793,8.4403,8.4012,8.3619,8.3225,8.283,8.2433,8.2034,8.1095,8.0051,7.9004,7.7957,7.6908,7.5858,7.4807,7.3754,7.2699,7.1543,7.0028,6.8512,6.6995,6.5476,6.3957,6.2436,6.0913,5.939,5.7864,5.7121,5.6902,5.6681,5.6458,5.6233,5.6005,5.5776,5.5545,5.5311,5.5075,5.4449,5.3811,5.3171,5.2529,5.1884,5.1236,5.0586,4.9933,4.9277,4.8539,4.765,4.6758,4.5864,4.4966,4.4066,4.3162
13.1326,13.1463,13.1602,13.1742,13.1883,13.2026,13.2171,13.2317,13.2303,13.1734,13.1168,13.0605,13.0045,12.9488,12.8933,12.838,12.783,12.7282,12.6502,12.5572,12.4646,12.3722,12.2802,12.1885,12.097,12.0058,11.9149,11.8241,11.6918,11.5589,11.426,11.2931,11.1601,11.027,10.8939,10.7608,10.6276,10.4866,10.3326,10.1786,10.0244,9.8702,9.7159,9.5616,9.4072,9.2527,9.0982,8.9216,8.738,8.5543,8.3705,8.1867,8.0028,7.8189,7.635,7.451,7.2604,7.0288,6.7973,6.5658,6.3343,6.1028,5.8714,5.64,5.4086,5.1774,5.0283,4.954,4.8799,4.8059,4.7321,4.6585,4.5851,4.5119,4.4389,4.3662,4.3901,4.4242,4.4587,4.4935,4.5288,4.5645,4.6006,4.6372,4.6743,4.7563,4.9474,5.1388,5.3306,5.5228,5.7153,5.9083,6.1016,6.2954,6.4895,6.6571,6.8118,6.9668,7.122,7.2775,7.4332,7.5893,7.7456,7.9023,8.0562,8.1575,8.2588,8.3603,8.4618,8.5633,8.665,8.7667,8.8684,8.9702,9.0082,8.9631,8.9179,8.8726,8.8272,8.7816,8.7359,8.6901,8.6441,8.598,8.5001,8.3904,8.2806,8.1706,8.0605,7.9503,7.8399,7.7294,7.6187,7.4993,7.3436,7.1878,7.0318,6.8758,6.7196,6.5633,6.4068,6.2502,6.0935,6.0107,5.9839,5.957,5.9298,5.9025,5.8749,5.8471,5.8191,5.7909,5.7624,5.6963,5.6277,5.5589,5.4898,5.4205,5.3509,5.2811,5.211,5.1406,5.0628,4.9691,4.8751,4.7808,4.6862,4.5913,4.4961
13.24,13.2502,13.2605,13.271,13.2816,13.2923,13.3032,13.3143,13.3069,13.2409,13.1751,13.1096,13.0444,12.9794,12.9148,12.8503,12.7861,12.7222,12.6309,12.523,12.4153,12.3081,12.2011,12.0944,11.9879,11.8818,11.7758,11.6701,11.5374,11.4046,11.2717,11.1387,11.0057,10.8727,10.7396,10.6065,10.4733,10.3331,10.1814,10.0297,9.8779,9.726,9.5741,9.4221,9.27,9.1179,8.9657,8.7932,8.6143,8.4352,8.2562,8.0771,7.8979,7.7187,7.5395,7.3602,7.175,6.953,6.731,6.5091,6.2871,6.0652,5.8433,5.6215,5.3997,5.178,5.0404,4.9806,4.9209,4.8614,4.802,4.7429,4.6839,4.6251,4.5666,4.5082,4.5504,4.604,4.658,4.7124,4.7672,4.8224,4.8781,4.9342,4.9908,5.0883,5.2903,5.4927,5.6954,5.8985,6.1019,6.3058,6.51,6.7147,6.9198,7.0944,7.2532,7.4123,7.5717,7.7314,7.8913,8.0515,8.212,8.3728,8.5315,8.6303,8.7291,8.8281,8.927,9.0261,9.1252,9.2243,9.3235,9.4228,9.4596,9.4082,9.3567,9.3051,9.2534,9.2016,9.1496,9.0975,9.0452,8.9928,8.8909,8.776,8.661,8.5458,8.4305,8.315,8.1994,8.0837,7.9678,7.8445,7.6846,7.5246,7.3644,7.2041,7.0437,6.8832,6.7225,6.5617,6.4008,6.3096,6.278,6.2462,6.2142,6.182,6.1495,6.1169,6.0841,6.051,6.0177,5.9481,5.8747,5.801,5.7272,5.653,5.5786,5.504,5.4291,5.3539,5.2721,5.1735,5.0747,4.9756,4.8761,4.7764,4.6764
13.3473,13.3539,13.3607,13.3676,13.3747,13.3819,13.3893,13.3968,13.3833,13.308,13.2331,13.1584,13.084,13.0099,12.936,12.8624,12.789,12.7159,12.6112,12.4883,12.3658,12.2435,12.1216,11.9999,11.8786,11.7574,11.6366,11.5158,11.383,11.2502,11.1173,10.9844,10.8514,10.7184,10.5853,10.4521,10.319,10.1796,10.0302,9.8808,9.7314,9.5818,9.4322,9.2826,9.1328,8.983,8.8332,8.6648,8.4905,8.3162,8.1419,7.9674,7.793,7.6185,7.444,7.2694,7.0896,6.8772,6.6647,6.4523,6.24,6.0276,5.8153,5.603,5.3907,5.1786,5.0524,5.007,4.9618,4.9167,4.8718,4.827,4.7825,4.7381,4.694,4.6501,4.7105,4.7836,4.8571,4.931,5.0053,5.08,5.1552,5.2308,5.3069,5.4201,5.633,5.8463,6.0599,6.2739,6.4883,6.703,6.9182,7.1338,7.3498,7.5315,7.6945,7.8578,8.0213,8.1852,8.3492,8.5136,8.6783,8.8432,9.007,9.1032,9.1995,9.2959,9.3924,9.4889,9.5854,9.6821,9.7788,9.8755,9.9113,9.8536,9.7958,9.738,9.6799,9.6218,9.5635,9.5051,9.4466,9.3878,9.282,9.1619,9.0416,8.9212,8.8007,8.68,8.5592,8.4383,8.3172,8.19,8.0258,7.8616,7.6972,7.5327,7.3681,7.2034,7.0385,6.8735,6.7083,6.6088,6.5723,6.5357,6.4988,6.4618,6.4245,6.387,6.3493,6.3114,6.2732,6.2001,6.1219,6.0435,5.9648,5.8859,5.8067,5.7272,5.6475,5.5675,5.4817,5.3783,5.2747,5.1707,5.0664,4.9619,4.857
13.4545,13.4576,13.4608,13.4642,13.4677,13.4714,13.4752,13.4792,13.4593,13.3749,13.2908,13.2069,13.1234,13.0401,12.957,12.8742,12.7917,12.7093,12.5912,12.4534,12.3159,12.1787,12.0418,11.9052,11.7689,11.6328,11.497,11.3614,11.2287,11.0958,10.963,10.83,10.6971,10.564,10.4309,10.2978,10.1646,10.0261,9.8791,9.732,9.5849,9.4377,9.2904,9.1431,8.9957,8.8482,8.7007,8.5364,8.3668,8.1972,8.0276,7.8578,7.6881,7.5183,7.3484,7.1786,7.0041,6.8013,6.5984,6.3956,6.1927,5.9899,5.7871,5.5844,5.3817,5.1791,5.0643,5.0333,5.0025,4.9718,4.9413,4.911,4.8809,4.851,4.8213,4.7918,4.8702,4.9629,5.0559,5.1493,5.2431,5.3373,5.4319,5.527,5.6226,5.7517,5.9755,6.1997,6.4242,6.6491,6.8743,7.1,7.3261,7.5525,7.7794,7.9686,8.1357,8.3031,8.4708,8.6388,8.807,8.9756,9.1444,9.3135,9.4825,9.5763,9.67,9.7639,9.8578,9.9518,10.0458,10.1399,10.2341,10.3283,10.3632,10.2993,10.2352,10.171,10.1067,10.0423,9.9778,9.9131,9.8482,9.7832,9.6733,9.548,9.4225,9.2969,9.1711,9.0453,8.9193,8.7931,8.6668,8.5356,8.3673,8.1988,8.0303,7.8616,7.6927,7.5238,7.3547,7.1855,7.0161,6.9083,6.867,6.8255,6.7838,6.7419,6.6997,6.6574,6.6149,6.5721,6.5291,6.4525,6.3695,6.2862,6.2027,6.119,6.035,5.9508,5.8663,5.7815,5.6917,5.5835,5.475,5.3662,5.2571,5.1477,5.0381
13.5615,13.5611,13.5608,13.5606,13.5606,13.5607,13.561,13.5615,13.5351,13.4415,13.3482,13.2552,13.1625,13.07,12.9778,12.8858,12.7941,12.7026,12.5709,12.4181,12.2657,12.1135,11.9617,11.8102,11.6589,11.5079,11.3572,11.2071,11.0743,10.9415,10.8086,10.6757,10.5427,10.4097,10.2766,10.1435,10.0103,9.8726,9.7279,9.5832,9.4384,9.2935,9.1486,9.0036,8.8585,8.7134,8.5682,8.408,8.2432,8.0782,7.9133,7.7482,7.5832,7.4181,7.2529,7.0878,6.9187,6.7254,6.5321,6.3388,6.1454,5.9522,5.7589,5.5657,5.3726,5.1795,5.076,5.0595,5.0431,5.0268,5.0107,4.9948,4.9791,4.9636,4.9483,4.9333,5.0297,5.1418,5.2543,5.3672,5.4805,5.5942,5.7083,5.8229,5.9379,6.0831,6.3178,6.5528,6.7882,7.024,7.2602,7.4967,7.7337,7.971,8.2088,8.4055,8.5768,8.7484,8.9202,9.0923,9.2647,9.4374,9.6104,9.7836,9.9571,10.0494,10.1406,10.2319,10.3233,10.4148,10.5063,10.5979,10.6895,10.7812,10.8154,10.7452,10.6748,10.6044,10.5338,10.4631,10.3923,10.3213,10.2502,10.1789,10.0649,9.9343,9.8036,9.6728,9.5419,9.4108,9.2796,9.1482,9.0167,8.8815,8.709,8.5363,8.3635,8.1906,8.0176,7.8444,7.6712,7.4977,7.3242,7.208,7.1619,7.1155,7.069,7.0223,6.9753,6.9281,6.8808,6.8332,6.7853,6.7052,6.6174,6.5293,6.441,6.3525,6.2637,6.1747,6.0854,5.9958,5.902,5.789,5.6756,5.562,5.4481,5.3339,5.2194
13.6684,13.6644,13.6606,13.6569,13.6534,13.65,13.6467,13.6436,13.6106,13.5079,13.4054,13.3032,13.2013,13.0997,12.9983,12.8972,12.7963,12.6956,12.5501,12.3825,12.2151,12.0481,11.8813,11.7149,11.5487,11.3828,11.2171,11.0527,10.9199,10.7871,10.6542,10.5213,10.3884,10.2553,10.1223,9.9891,9.856,9.7191,9.5768,9.4344,9.292,9.1494,9.0068,8.8642,8.7214,8.5786,8.4358,8.2797,8.1195,7.9593,7.799,7.6387,7.4783,7.3179,7.1574,6.9969,6.8333,6.6495,6.4657,6.2819,6.0981,5.9144,5.7307,5.547,5.3634,5.1799,5.0877,5.0855,5.0835,5.0817,5.08,5.0785,5.0772,5.0761,5.0752,5.0745,5.1889,5.3205,5.4524,5.5848,5.7175,5.8507,5.9843,6.1183,6.2529,6.4142,6.6598,6.9057,7.152,7.3987,7.6457,7.8931,8.141,8.3892,8.6379,8.8423,9.0177,9.1935,9.3695,9.5457,9.7223,9.8991,10.0762,10.2536,10.4313,10.5226,10.6113,10.7001,10.7889,10.8779,10.9669,11.0559,11.145,11.2342,11.2678,11.1913,11.1147,11.038,10.9611,10.8841,10.807,10.7298,10.6524,10.5748,10.4567,10.3209,10.185,10.049,9.9128,9.7766,9.6402,9.5036,9.3669,9.2276,9.0509,8.874,8.697,8.5199,8.3427,8.1653,7.9879,7.8102,7.6325,7.5081,7.4571,7.4059,7.3545,7.303,7.2512,7.1992,7.147,7.0945,7.0419,6.9582,6.8656,6.7727,6.6797,6.5863,6.4927,6.3989,6.3048,6.2104,6.1127,5.9948,5.8767,5.7582,5.6395,5.5205,5.4012
13.7752,13.7677,13.7603,13.7531,13.746,13.7391,13.7323,13.7257,13.6859,13.574,13.4623,13.351,13.2399,13.1291,13.0186,12.9083,12.7983,12.6884,12.5291,12.3465,12.1642,11.9823,11.8006,11.6192,11.4381,11.2573,11.0767,10.8983,10.7656,10.6327,10.4999,10.367,10.234,10.101,9.9679,9.8348,9.7017,9.5657,9.4257,9.2857,9.1455,9.0053,8.865,8.7247,8.5843,8.4439,8.3033,8.1513,7.9958,7.8403,7.6847,7.5291,7.3734,7.2177,7.0619,6.9061,6.7478,6.5735,6.3993,6.225,6.0508,5.8766,5.7024,5.5282,5.3542,5.1801,5.0992,5.1115,5.1239,5.1364,5.1491,5.162,5.1751,5.1884,5.2019,5.2156,5.3478,5.4988,5.6502,5.802,5.9542,6.1069,6.2599,6.4134,6.5674,6.7451,7.0016,7.2584,7.5155,7.7731,8.031,8.2893,8.548,8.8072,9.0667,9.279,9.4586,9.6385,9.8186,9.999,10.1797,10.3607,10.5419,10.7235,10.9053,10.9958,11.082,11.1683,11.2546,11.3411,11.4275,11.514,11.6006,11.6872,11.7205,11.6377,11.5548,11.4718,11.3887,11.3055,11.2221,11.1386,11.0549,10.9711,10.8487,10.7077,10.5666,10.4254,10.2841,10.1426,10.001,9.8592,9.7173,9.5739,9.393,9.2119,9.0307,8.8494,8.668,8.4865,8.3048,8.123,7.941,7.8084,7.7526,7.6966,7.6404,7.584,7.5272,7.4701,7.4131,7.3562,7.2994,7.2134,7.1176,7.0219,6.9264,6.831,6.7358,6.6408,6.5459,6.4512,6.3544,6.2382,6.1222,6.0066,5.8913,5.7763,5.6616
13.8813,13.8708,13.8599,13.8492,13.8386,13.8281,13.8178,13.8077,13.7608,13.6398,13.519,13.3985,13.2783,13.1583,13.0387,12.9192,12.8,12.681,12.5077,12.3102,12.113,11.9161,11.7196,11.5233,11.3273,11.1316,10.9361,10.7439,10.6112,10.4784,10.3455,10.2126,10.0797,9.9467,9.8136,9.6805,9.5473,9.4123,9.2747,9.1369,8.9991,8.8612,8.7233,8.5853,8.4472,8.3091,8.1709,8.023,7.8722,7.7214,7.5705,7.4195,7.2685,7.1175,6.9664,6.8153,6.6623,6.4976,6.3328,6.1681,6.0034,5.8387,5.674,5.5094,5.3449,5.1804,5.1106,5.1373,5.164,5.191,5.218,5.2453,5.2728,5.3004,5.3283,5.3565,5.5064,5.6769,5.8477,6.019,6.1906,6.3627,6.5352,6.7081,6.8816,7.0758,7.3431,7.6108,7.8788,8.1472,8.416,8.6852,8.9548,9.2248,9.4952,9.7155,9.8993,10.0833,10.2676,10.4522,10.637,10.8221,11.0075,11.1932,11.3792,11.4692,11.5529,11.6357,11.7157,11.7955,11.8751,11.9544,12.0335,12.1124,12.1403,12.0473,11.9543,11.8614,11.7685,11.6757,11.583,11.4903,11.3976,11.305,11.1762,11.0281,10.8802,10.7323,10.5846,10.4371,10.2896,10.1423,9.9952,9.8478,9.6645,9.4814,9.2987,9.1163,8.9342,8.7524,8.5709,8.3898,8.209,8.0731,8.0158,7.9587,7.9017,7.8448,7.788,7.7313,7.6748,7.6183,7.562,7.4782,7.3834,7.2888,7.1943,7.1001,7.0059,6.912,6.8182,6.7245,6.6298,6.5166,6.4038,6.2912,6.179,6.0671,5.9556
13.8943,13.8741,13.8543,13.8348,13.8157,13.797,13.7785,13.7604,13.7059,13.5821,13.4584,13.3348,13.2113,13.0879,12.9645,12.8413,12.7181,12.595,12.4123,12.2045,11.9968,11.7894,11.5821,11.375,11.1681,10.9612,10.7546,10.5523,10.4176,10.2829,10.1481,10.0134,9.8787,9.7439,9.6091,9.4743,9.3394,9.2036,9.0664,8.9291,8.7918,8.6544,8.5169,8.3794,8.2418,8.1041,7.9663,7.8189,7.6685,7.5181,7.3677,7.2171,7.0664,6.9157,6.7649,6.6139,6.4626,6.3097,6.1566,6.0036,5.8505,5.6973,5.5442,5.3911,5.2379,5.0849,5.0257,5.0634,5.1011,5.1389,5.1767,5.2147,5.2526,5.2907,5.3289,5.3672,5.5396,5.7362,5.9334,6.131,6.3292,6.528,6.7275,6.9276,7.1284,7.3447,7.618,7.8915,8.1652,8.4391,8.7133,8.9876,9.2622,9.5369,9.812,10.0343,10.216,10.3978,10.5797,10.7616,10.9436,11.1256,11.3077,11.4899,11.6722,11.7533,11.8254,11.8974,11.9692,12.0408,12.1121,12.1832,12.2541,12.3247,12.35,12.2567,12.1634,12.0701,11.9769,11.8838,11.7907,11.6977,11.6047,11.5118,11.3848,11.238,11.0912,10.9446,10.7981,10.6517,10.5055,10.3594,10.2134,10.0675,9.8891,9.7104,9.532,9.3538,9.176,8.9986,8.8214,8.6446,8.4681,8.3316,8.2748,8.2181,8.1616,8.1051,8.0488,7.9926,7.9364,7.8804,7.8246,7.7428,7.6492,7.5556,7.4622,7.369,7.276,7.1831,7.0904,6.9978,6.9049,6.7948,6.6851,6.5757,6.4666,6.3578,6.2493
13.9069,13.8758,13.8451,13.8148,13.7848,13.7552,13.7259,13.6969,13.6323,13.5042,13.3763,13.2484,13.1206,12.9929,12.8653,12.7378,12.6103,12.483,12.2908,12.0728,11.855,11.6374,11.4199,11.2026,10.9855,10.7685,10.5516,10.3402,10.2017,10.0632,9.9247,9.7861,9.6476,9.509,9.3704,9.2317,9.093,8.9542,8.8152,8.6761,8.5369,8.3977,8.2584,8.119,7.9796,7.84,7.7004,7.5497,7.3957,7.2416,7.0874,6.9332,6.7788,6.6244,6.4699,6.3153,6.1627,6.0238,5.8849,5.746,5.607,5.468,5.329,5.19,5.051,4.9121,4.8641,4.9116,4.9592,5.0067,5.0544,5.1021,5.1499,5.1977,5.2457,5.2938,5.4942,5.7234,5.9531,6.1834,6.4142,6.6456,6.8777,7.1104,7.3438,7.5866,7.8652,8.1439,8.4229,8.702,8.9814,9.261,9.5408,9.8208,10.1011,10.3266,10.5074,10.6882,10.8692,11.0502,11.2313,11.4124,11.5936,11.7749,11.9562,12.0317,12.0956,12.1594,12.2229,12.2863,12.3494,12.4123,12.475,12.5374,12.5597,12.4661,12.3724,12.2788,12.1853,12.0919,11.9984,11.9051,11.8118,11.7185,11.5934,11.4477,11.3022,11.1568,11.0115,10.8663,10.7212,10.5763,10.4315,10.2869,10.1135,9.9391,9.765,9.5912,9.4177,9.2445,9.0717,8.8992,8.727,8.5901,8.5338,8.4775,8.4214,8.3654,8.3095,8.2537,8.1981,8.1425,8.0871,8.0075,7.9148,7.8224,7.7301,7.6379,7.546,7.4542,7.3625,7.271,7.1797,7.0728,6.9662,6.8599,6.7539,6.6482,6.5428
13.9191,13.8771,13.8356,13.7944,13.7535,13.713,13.6729,13.633,13.5586,13.4262,13.294,13.1619,13.0298,12.8979,12.766,12.6342,12.5025,12.3709,12.169,11.9409,11.7129,11.4851,11.2575,11.0301,10.8028,10.5756,10.3486,10.1282,9.9858,9.8435,9.7011,9.5588,9.4164,9.274,9.1316,8.9891,8.8466,8.7048,8.5639,8.423,8.282,8.141,7.9998,7.8586,7.7173,7.576,7.4346,7.2805,7.1228,6.965,6.8072,6.6493,6.4913,6.3332,6.175,6.0167,5.8627,5.738,5.6132,5.4884,5.3635,5.2386,5.1137,4.9888,4.864,4.7391,4.7025,4.7598,4.8171,4.8745,4.9319,4.9894,5.047,5.1047,5.1624,5.2203,5.4482,5.71,5.9723,6.2352,6.4986,6.7626,7.0272,7.2925,7.5585,7.8284,8.1122,8.3962,8.6804,8.9648,9.2494,9.5342,9.8193,10.1045,10.3901,10.6189,10.7987,10.9787,11.1587,11.3388,11.519,11.6992,11.8795,12.0599,12.2403,12.3103,12.3661,12.4216,12.477,12.5321,12.587,12.6417,12.6962,12.7504,12.7695,12.6755,12.5815,12.4876,12.3938,12.3,12.2062,12.1125,12.0189,11.9253,11.802,11.6575,11.5131,11.3689,11.2248,11.0808,10.937,10.7932,10.6496,10.5062,10.3377,10.1676,9.9978,9.8283,9.6591,9.4902,9.3217,9.1535,8.9856,8.8486,8.7927,8.7369,8.6812,8.6257,8.5702,8.5149,8.4597,8.4046,8.3496,8.272,8.1805,8.0891,7.9978,7.9068,7.8159,7.7251,7.6346,7.5441,7.4539,7.3506,7.2471,7.1438,7.0409,6.9383,6.8361
13.9309,13.8781,13.8257,13.7736,13.7219,13.6706,13.6195,13.5688,13.4847,13.3481,13.2116,13.0752,12.9389,12.8027,12.6666,12.5305,12.3946,12.2587,12.0471,11.8087,11.5706,11.3327,11.0949,10.8573,10.6198,10.3825,10.1453,9.916,9.7699,9.6237,9.4775,9.3314,9.1852,9.039,8.8927,8.7464,8.6001,8.4554,8.3127,8.1699,8.0271,7.8842,7.7413,7.5982,7.4551,7.3119,7.1687,7.0113,6.8499,6.6885,6.527,6.3653,6.2037,6.0419,5.88,5.718,5.5627,5.4521,5.3414,5.2307,5.1199,5.0092,4.8984,4.7876,4.6768,4.5661,4.5408,4.6078,4.675,4.7421,4.8093,4.8766,4.944,5.0114,5.079,5.1466,5.4018,5.6962,5.991,6.2864,6.5824,6.879,7.1762,7.4741,7.7726,8.07,8.3591,8.6483,8.9378,9.2274,9.5173,9.8073,10.0976,10.3881,10.6789,10.9112,11.0901,11.2692,11.4483,11.6275,11.8068,11.9861,12.1655,12.3449,12.5245,12.5893,12.6368,12.6842,12.7313,12.7783,12.825,12.8715,12.9177,12.9637,12.9793,12.8849,12.7906,12.6964,12.6022,12.5081,12.414,12.32,12.226,12.1321,12.0105,11.8672,11.724,11.581,11.438,11.2953,11.1526,11.0101,10.8677,10.7254,10.5616,10.3958,10.2303,10.0651,9.9003,9.7357,9.5715,9.4076,9.244,9.107,9.0516,8.9962,8.941,8.8859,8.8309,8.776,8.7212,8.6666,8.612,8.5365,8.446,8.3557,8.2655,8.1755,8.0857,7.996,7.9065,7.8172,7.728,7.6282,7.5277,7.4276,7.3278,7.2283,7.1291
13.9423,13.8787,13.8154,13.7525,13.6899,13.6277,13.5658,13.5043,13.4106,13.2698,13.1291,12.9884,12.8479,12.7074,12.567,12.4268,12.2865,12.1464,11.9248,11.6764,11.4281,11.18,10.9321,10.6843,10.4367,10.1892,9.9418,9.7038,9.5538,9.4039,9.2539,9.1039,8.9539,8.8039,8.6538,8.5037,8.3536,8.206,8.0614,7.9169,7.7722,7.6275,7.4827,7.3378,7.1929,7.0479,6.9028,6.7421,6.577,6.4119,6.2467,6.0814,5.9161,5.7506,5.585,5.4194,5.2627,5.1662,5.0696,4.973,4.8763,4.7796,4.6829,4.5863,4.4896,4.393,4.379,4.4558,4.5327,4.6097,4.6867,4.7637,4.8409,4.9181,4.9954,5.0728,5.3549,5.6818,6.0092,6.3372,6.6657,6.9948,7.3245,7.655,7.9861,8.3116,8.6059,8.9003,9.195,9.4899,9.785,10.0803,10.3758,10.6716,10.9676,11.2035,11.3815,11.5597,11.7379,11.9162,12.0945,12.273,12.4515,12.63,12.8086,12.8685,12.9079,12.947,12.986,13.0247,13.0632,13.1015,13.1396,13.1774,13.189,13.0944,12.9997,12.9052,12.8106,12.7162,12.6218,12.5274,12.4331,12.3389,12.2189,12.0768,11.9348,11.793,11.6512,11.5097,11.3682,11.2269,11.0856,10.9446,10.7854,10.6239,10.4627,10.3018,10.1412,9.9809,9.821,9.6614,9.5021,9.3655,9.3105,9.2556,9.2008,9.1461,9.0915,9.0371,8.9828,8.9286,8.8745,8.8009,8.7115,8.6222,8.5331,8.4442,8.3555,8.2669,8.1784,8.0902,8.002,7.9055,7.8081,7.7111,7.6144,7.518,7.4219
13.9533,13.8788,13.8047,13.731,13.6576,13.5845,13.5118,13.4394,13.3365,13.1914,13.0464,12.9015,12.7567,12.612,12.4674,12.3229,12.1784,12.034,11.8024,11.5438,11.2853,11.0271,10.769,10.5111,10.2533,9.9957,9.7382,9.4915,9.3377,9.184,9.0302,8.8764,8.7226,8.5687,8.4149,8.261,8.1071,7.9565,7.8102,7.6637,7.5173,7.3707,7.2241,7.0774,6.9306,6.7838,6.6369,6.4728,6.3041,6.1353,5.9664,5.7975,5.6285,5.4593,5.2901,5.1208,4.9627,4.8802,4.7977,4.7152,4.6326,4.55,4.4674,4.3849,4.3023,4.2198,4.2171,4.3037,4.3904,4.4771,4.5639,4.6507,4.7376,4.8246,4.9117,4.9989,5.3075,5.6669,6.0268,6.3873,6.7484,7.11,7.4723,7.8352,8.1988,8.553,8.8525,9.1523,9.4522,9.7523,10.0526,10.3532,10.6539,10.9549,11.2562,11.4958,11.673,11.8502,12.0275,12.2049,12.3824,12.5599,12.7375,12.9151,13.0928,13.148,13.1792,13.2101,13.2409,13.2714,13.3018,13.3319,13.3617,13.3913,13.3988,13.3038,13.2089,13.114,13.0191,12.9243,12.8296,12.7349,12.6403,12.5457,12.4273,12.2864,12.1456,12.0049,11.8644,11.724,11.5837,11.4436,11.3036,11.1637,11.0088,10.8516,10.6947,10.5381,10.3819,10.2259,10.0703,9.915,9.76,9.6239,9.5693,9.5149,9.4605,9.4063,9.3522,9.2982,9.2443,9.1905,9.1368,9.0652,8.9769,8.8887,8.8007,8.7128,8.6251,8.5376,8.4502,8.363,8.276,8.1826,8.0883,7.9944,7.9007,7.8074,7.7145
13.964,13.8787,13.7937,13.7091,13.6249,13.541,13.4574,13.3742,13.2622,13.1129,12.9637,12.8145,12.6655,12.5165,12.3676,12.2188,12.0701,11.9215,11.6797,11.4109,11.1424,10.874,10.6058,10.3377,10.0698,9.802,9.5343,9.2791,9.1216,8.964,8.8064,8.6488,8.4912,8.3336,8.1759,8.0182,7.8605,7.707,7.5589,7.4106,7.2623,7.1139,6.9655,6.8169,6.6684,6.5197,6.3709,6.2036,6.0312,5.8587,5.6862,5.5136,5.3408,5.168,4.9951,4.8222,4.6626,4.5942,4.5258,4.4574,4.3889,4.3204,4.2519,4.1833,4.1149,4.0464,4.0551,4.1515,4.248,4.3445,4.441,4.5376,4.6343,4.731,4.8279,4.9249,5.2596,5.6515,6.044,6.4369,6.8305,7.2246,7.6194,8.0148,8.411,8.7943,9.0991,9.404,9.7092,10.0146,10.3201,10.6259,10.9319,11.2381,11.5446,11.7882,11.9644,12.1408,12.3172,12.4937,12.6702,12.8468,13.0235,13.2002,13.3771,13.4278,13.4508,13.4735,13.4961,13.5185,13.5406,13.5625,13.5842,13.6056,13.6086,13.5133,13.418,13.3228,13.2276,13.1325,13.0374,12.9424,12.8474,12.7525,12.6356,12.4959,12.3563,12.2168,12.0775,11.9383,11.7992,11.6602,11.5214,11.3827,11.2321,11.0792,10.9266,10.7743,10.6223,10.4707,10.3193,10.1683,10.0176,9.8822,9.8281,9.7741,9.7202,9.6664,9.6128,9.5592,9.5058,9.4524,9.3992,9.3295,9.2422,9.1551,9.0682,8.9814,8.8948,8.8083,8.722,8.6359,8.5499,8.4595,8.3683,8.2774,8.1869,8.0967,8.0068
13.9743,13.8781,13.7823,13.6869,13.5918,13.4971,13.4027,13.3087,13.1878,13.0342,12.8808,12.7274,12.5741,12.4209,12.2678,12.1147,11.9618,11.8089,11.5568,11.2779,10.9992,10.7206,10.4423,10.1641,9.886,9.6081,9.3303,9.0667,8.9054,8.744,8.5826,8.4212,8.2598,8.0983,7.9369,7.7754,7.6138,7.4576,7.3075,7.1575,7.0073,6.8571,6.7068,6.5565,6.4061,6.2556,6.105,5.9343,5.7582,5.5821,5.4059,5.2296,5.0532,4.8768,4.7002,4.5235,4.3625,4.3082,4.2539,4.1995,4.1451,4.0906,4.0362,3.9818,3.9273,3.873,3.8931,3.9993,4.1055,4.2117,4.318,4.4244,4.5308,4.6373,4.7439,4.8507,5.2112,5.6356,6.0606,6.486,6.9121,7.3387,7.7659,8.1938,8.6224,9.0356,9.3456,9.6557,9.9661,10.2767,10.5875,10.8985,11.2097,11.5212,11.8329,12.0806,12.2559,12.4314,12.6069,12.7824,12.9581,13.1338,13.3096,13.4854,13.6613,13.7079,13.7227,13.7372,13.7516,13.7658,13.7798,13.7935,13.807,13.8202,13.8184,13.7228,13.6272,13.5316,13.4361,13.3406,13.2452,13.1499,13.0546,12.9594,12.8438,12.7053,12.5669,12.4286,12.2905,12.1525,12.0146,11.8768,11.7392,11.6017,11.4551,11.3065,11.1582,11.0102,10.8625,10.7152,10.5681,10.4214,10.275,10.1406,10.0869,10.0334,9.9799,9.9266,9.8733,9.8202,9.7672,9.7143,9.6616,9.5936,9.5075,9.4214,9.3355,9.2498,9.1643,9.0789,8.9937,8.9086,8.8237,8.7361,8.648,8.5603,8.4728,8.3857,8.2989
13.9842,13.8772,13.7706,13.6643,13.5584,13.4529,13.3477,13.2428,13.1133,12.9555,12.7977,12.6401,12.4826,12.3251,12.1678,12.0105,11.8533,11.6962,11.4336,11.1446,10.8558,10.5671,10.2786,9.9903,9.7021,9.414,9.1261,8.8542,8.6891,8.5239,8.3587,8.1935,8.0283,7.863,7.6978,7.5325,7.3671,7.208,7.0562,6.9043,6.7523,6.6003,6.4482,6.296,6.1438,5.9915,5.8391,5.665,5.4853,5.3055,5.1256,4.9457,4.7656,4.5855,4.4053,4.2249,4.0624,4.0222,3.9819,3.9416,3.9012,3.8608,3.8205,3.7801,3.7397,3.6994,3.731,3.8469,3.9629,4.0788,4.1949,4.311,4.4272,4.5435,4.6598,4.7763,5.1623,5.6192,6.0766,6.5346,6.993,7.4521,7.9118,8.3722,8.8332,9.2767,9.5919,9.9073,10.2229,10.5387,10.8547,11.171,11.4874,11.8041,12.121,12.373,12.5474,12.722,12.8966,13.0712,13.246,13.4208,13.5956,13.7706,13.9456,13.9882,13.9948,14.0012,14.0074,14.0134,14.0192,14.0248,14.0301,14.0352,14.0283,13.9323,13.8363,13.7404,13.6446,13.5488,13.4531,13.3574,13.2618,13.1662,13.0521,12.9147,12.7775,12.6404,12.5035,12.3666,12.2299,12.0934,11.9569,11.8206,11.6779,11.5336,11.3896,11.2459,11.1025,10.9594,10.8167,10.6742,10.5321,10.3989,10.3457,10.2926,10.2396,10.1867,10.1339,10.0812,10.0286,9.9762,9.9239,9.8578,9.7726,9.6877,9.6029,9.5182,9.4337,9.3494,9.2653,9.1813,9.0974,9.0126,8.9276,8.8429,8.7585,8.6745,8.5907
13.9937,13.8759,13.7585,13.6414,13.5247,13.4083,13.2923,13.1766,13.0386,12.8766,12.7146,12.5528,12.391,12.2293,12.0677,11.9062,11.7447,11.5833,11.3102,11.0111,10.7121,10.4133,10.1147,9.8163,9.518,9.2198,8.9217,8.6417,8.4727,8.3037,8.1348,7.9658,7.7967,7.6277,7.4586,7.2895,7.1204,6.9585,6.8049,6.6511,6.4973,6.3435,6.1896,6.0356,5.8815,5.7274,5.5731,5.3957,5.2123,5.0289,4.8453,4.6617,4.478,4.2942,4.1103,3.9263,3.7623,3.7361,3.7099,3.6836,3.6573,3.631,3.6046,3.5783,3.552,3.5257,3.5688,3.6945,3.8202,3.9459,4.0717,4.1975,4.3235,4.4495,4.5756,4.7018,5.113,5.6023,6.0922,6.5825,7.0735,7.565,8.0571,8.5499,9.0434,9.5177,9.8381,10.1587,10.4796,10.8006,11.1218,11.4433,11.765,12.0869,12.409,12.6654,12.839,13.0126,13.1863,13.3601,13.5339,13.7078,13.8818,14.0558,14.2299,14.2688,14.2673,14.2655,14.2635,14.2614,14.259,14.2564,14.2535,14.2504,14.2381,14.1418,14.0455,13.9493,13.8531,13.757,13.6609,13.5649,13.469,13.3731,13.2602,13.1241,12.988,12.8521,12.7164,12.5807,12.4452,12.3098,12.1746,12.0395,11.9005,11.7605,11.6207,11.4813,11.3422,11.2034,11.0649,10.9268,10.789,10.6572,10.6044,10.5517,10.4992,10.4467,10.3944,10.3422,10.29,10.238,10.1861,10.1218,10.0378,9.9539,9.8701,9.7865,9.7031,9.6199,9.5368,9.4539,9.3711,9.2888,9.2068,9.1252,9.044,8.963,8.8824
14.0028,13.8742,13.746,13.6181,13.4906,13.3634,13.2366,13.1101,12.9638,12.7975,12.6314,12.4653,12.2993,12.1333,11.9675,11.8017,11.636,11.4704,11.1866,10.8773,10.5682,10.2593,9.9506,9.642,9.3336,9.0253,8.7172,8.4291,8.2563,8.0835,7.9108,7.738,7.5651,7.3923,7.2194,7.0466,6.8736,6.709,6.5535,6.3979,6.2423,6.0866,5.9309,5.7751,5.6192,5.4632,5.3072,5.1264,4.9393,4.7522,4.565,4.3778,4.1904,4.0029,3.8154,3.6277,3.4621,3.45,3.4378,3.4256,3.4133,3.401,3.3887,3.3765,3.3642,3.352,3.4065,3.5419,3.6774,3.8128,3.9484,4.084,4.2197,4.3554,4.4913,4.6272,5.0632,5.585,6.1072,6.63,7.1533,7.6772,8.2018,8.727,9.2529,9.7586,10.0842,10.4101,10.7361,11.0624,11.3888,11.7155,12.0424,12.3695,12.6969,12.9579,13.1305,13.3033,13.4761,13.6489,13.8218,13.9948,14.1679,14.341,14.5142,14.5497,14.54,14.5301,14.5199,14.5096,14.499,14.4883,14.4772,14.466,14.448,14.3513,14.2547,14.1582,14.0617,13.9652,13.8688,13.7725,13.6762,13.58,13.4683,13.3333,13.1985,13.0638,12.9292,12.7948,12.6604,12.5262,12.3922,12.2582,12.1228,11.9871,11.8517,11.7165,11.5817,11.4472,11.313,11.1791,11.0456,10.9155,10.8631,10.8109,10.7588,10.7068,10.6549,10.6031,10.5514,10.4998,10.4484,10.3858,10.3028,10.22,10.1373,10.0548,9.9724,9.8903,9.8082,9.7264,9.6447,9.5647,9.4859,9.4074,9.3292,9.2513,9.1737
14.0115,13.8721,13.7331,13.5944,13.4561,13.3182,13.1805,13.0432,12.8889,12.7184,12.548,12.3776,12.2074,12.0373,11.8672,11.6972,11.5273,11.3574,11.0627,10.7433,10.4242,10.1051,9.7863,9.4676,9.1491,8.8307,8.5124,8.2164,8.0398,7.8633,7.6867,7.5101,7.3335,7.1569,6.9802,6.8035,6.6268,6.4594,6.3021,6.1447,5.9873,5.8298,5.6722,5.5146,5.3569,5.1991,5.0412,4.8571,4.6664,4.4756,4.2847,4.0938,3.9028,3.7116,3.5204,3.3291,3.1619,3.1638,3.1657,3.1675,3.1693,3.171,3.1728,3.1745,3.1763,3.1781,3.2442,3.3893,3.5345,3.6797,3.825,3.9703,4.1157,4.2612,4.4068,4.5525,5.0129,5.5671,6.1217,6.6769,7.2326,7.7889,8.3459,8.9035,9.4618,9.9994,10.3302,10.6613,10.9926,11.324,11.6557,11.9876,12.3197,12.652,12.9846,13.2504,13.4221,13.594,13.7658,13.9378,14.1098,14.2819,14.4541,14.6263,14.7986,14.8309,14.813,14.7949,14.7766,14.7581,14.7394,14.7205,14.7013,14.6819,14.6578,14.5608,14.4639,14.367,14.2702,14.1734,14.0767,13.98,13.8834,13.7869,13.6763,13.5426,13.4089,13.2754,13.142,13.0087,12.8756,12.7426,12.6097,12.477,12.345,12.2135,12.0823,11.9515,11.8209,11.6907,11.5608,11.4312,11.302,11.1737,11.1218,11.07,11.0183,10.9668,10.9153,10.864,10.8127,10.7616,10.7106,10.6497,10.5678,10.486,10.4044,10.323,10.2417,10.1606,10.0796,9.9988,9.9182,9.8405,9.7647,9.6893,9.6142,9.5394,9.4649
