13.6769,13.6342,13.5915,13.5488,13.5061,13.4634,13.4207,13.378,13.3353,13.2935,13.2641,13.2347,13.2053,13.1759,13.1466,13.1172,13.0878,13.0584,13.0291,12.9572,12.8667,12.7761,12.6856,12.595,12.5044,12.4138,12.3232,12.2326,12.1891,12.2454,12.3017,12.3582,12.4148,12.4714,12.528,12.5846,12.6412,12.6978,12.7327,12.7664,12.8,12.8336,12.8673,12.9009,12.9346,12.9682,13.0019,13.037,13.0733,13.1095,13.1458,13.182,13.2183,13.2546,13.2908,13.3271,13.3392,13.2536,13.168,13.0825,12.9969,12.9113,12.8257,12.7402,12.6546,12.569,12.4578,12.3412,12.2245,12.1079,11.9912,11.8746,11.7579,11.6413,11.5247,11.4773,11.5146,11.5521,11.5897,11.6273,11.665,11.7027,11.7404,11.7781,11.8146,11.8352,11.8557,11.8763,11.8969,11.9176,11.9383,11.959,11.9797,12.0005,12.0471,12.1046,12.1621,12.2194,12.2766,12.3337,12.3906,12.4475,12.5042,12.5263,12.4768,12.4272,12.3777,12.3281,12.2786,12.2291,12.1795,12.13,12.0805,12.0659,12.0531,12.0401,12.0271,12.0139,12.0007,11.9872,11.9737,11.96,11.9668,11.9891,12.0115,12.0339,12.0563,12.0788,12.1013,12.1238,12.1463,12.1604,12.1381,12.1159,12.0936,12.0714,12.0491,12.0269,12.0046,11.9824,11.9601,11.9252,11.8867,11.8475,11.8076,11.7671,11.7258,11.6838,11.6411,11.5977,11.552,11.5039,11.4554,11.4066,11.3575,11.3081,11.2584,11.2083,11.1579,11.107,11.0535,11,10.9464,10.8927,10.839,10.7853,10.7315,10.6776,10.6237
13.6964,13.6538,13.6112,13.5687,13.5261,13.4836,13.441,13.3985,13.3559,13.3145,13.2851,13.2557,13.2263,13.1969,13.1675,13.1381,13.1088,13.0794,13.05,12.9781,12.8884,12.7988,12.7091,12.6195,12.5298,12.4401,12.3504,12.2607,12.2169,12.2664,12.3161,12.3659,12.4158,12.4659,12.516,12.5661,12.6164,12.6667,12.7014,12.7352,12.769,12.8028,12.8366,12.8703,12.9041,12.9379,12.9716,13.0059,13.0407,13.0755,13.1103,13.1451,13.1798,13.2146,13.2493,13.284,13.2963,13.2174,13.1384,13.0595,12.9807,12.9018,12.823,12.7442,12.6655,12.5868,12.4786,12.3639,12.2493,12.1347,12.0201,11.9056,11.7911,11.6766,11.5622,11.5155,11.5541,11.5926,11.6312,11.6699,11.7085,11.7472,11.7859,11.8247,11.8623,11.8834,11.9046,11.9257,11.9469,11.9682,11.9894,12.0107,12.032,12.0534,12.0968,12.15,12.2032,12.2563,12.3093,12.3621,12.4149,12.4675,12.5199,12.5409,12.4914,12.4418,12.3922,12.3427,12.2932,12.2436,12.1941,12.1446,12.095,12.077,12.0614,12.0456,12.0297,12.0137,11.9975,11.9812,11.9648,11.9483,11.9533,11.9763,11.9994,12.0224,12.0455,12.0686,12.0918,12.115,12.1382,12.154,12.1318,12.1095,12.0873,12.065,12.0428,12.0205,11.9982,11.976,11.9537,11.9107,11.8612,11.8111,11.7603,11.7087,11.6565,11.6036,11.5499,11.4955,11.4417,11.3895,11.337,11.2842,11.2311,11.1776,11.1239,11.0698,11.0153,10.9606,10.9071,10.8535,10.7999,10.7463,10.6926,10.6388,10.585,10.5312,10.4773
13.7158,13.6734,13.631,13.5885,13.5461,13.5037,13.4613,13.4189,13.3765,13.3355,13.306,13.2766,13.2472,13.2179,13.1885,13.1591,13.1297,13.1004,13.071,12.9989,12.9102,12.8215,12.7327,12.644,12.5552,12.4664,12.3776,12.2888,12.2445,12.2874,12.3304,12.3735,12.4168,12.4601,12.5035,12.547,12.5906,12.6342,12.6685,12.7023,12.7361,12.7699,12.8037,12.8375,12.8713,12.905,12.9388,12.9721,13.0053,13.0384,13.0715,13.1046,13.1377,13.1708,13.2038,13.2369,13.2493,13.1777,13.1061,13.0345,12.963,12.8914,12.8199,12.7484,12.677,12.6057,12.5006,12.3879,12.2753,12.1627,12.0502,11.9376,11.8251,11.7127,11.6002,11.5541,11.5936,11.6332,11.6728,11.7124,11.7521,11.7918,11.8315,11.8712,11.91,11.9317,11.9534,11.9752,11.9969,12.0187,12.0406,12.0624,12.0843,12.1063,12.1465,12.1956,12.2445,12.2934,12.3421,12.3907,12.4392,12.4876,12.5358,12.5555,12.5059,12.4564,12.4068,12.3573,12.3077,12.2582,12.2086,12.1591,12.1096,12.0883,12.0698,12.0511,12.0324,12.0135,11.9945,11.9754,11.9561,11.9367,11.9398,11.9635,11.9872,12.0109,12.0347,12.0585,12.0823,12.1061,12.13,12.1476,12.1254,12.1031,12.0809,12.0586,12.0364,12.0141,11.9918,11.9696,11.9473,11.8969,11.8364,11.7753,11.7136,11.6511,11.5879,11.524,11.4594,11.3941,11.3317,11.2755,11.2189,11.1621,11.1049,11.0475,10.9896,10.9315,10.873,10.8142,10.7606,10.707,10.6534,10.5998,10.5461,10.4923,10.4385,10.3847,10.3308
13.7352,13.6929,13.6507,13.6084,13.5662,13.5239,13.4817,13.4394,13.3972,13.3564,13.327,13.2976,13.2682,13.2388,13.2094,13.1801,13.1507,13.1213,13.092,13.0199,12.932,12.8442,12.7563,12.6685,12.5806,12.4927,12.4048,12.3169,12.2721,12.3083,12.3446,12.381,12.4176,12.4542,12.491,12.5278,12.5647,12.6016,12.6356,12.6694,12.7032,12.737,12.7708,12.8046,12.8384,12.8722,12.9059,12.9383,12.9698,13.0012,13.0327,13.0641,13.0955,13.1269,13.1583,13.1897,13.2023,13.138,13.0738,13.0095,12.9452,12.881,12.8168,12.7527,12.6886,12.6245,12.5226,12.4119,12.3013,12.1907,12.0802,11.9697,11.8592,11.7487,11.6383,11.5926,11.6332,11.6737,11.7143,11.7549,11.7956,11.8363,11.877,11.9178,11.9577,11.98,12.0023,12.0246,12.0469,12.0693,12.0917,12.1141,12.1366,12.1591,12.1964,12.2412,12.286,12.3306,12.3751,12.4195,12.4637,12.5079,12.5519,12.5701,12.5205,12.471,12.4214,12.3719,12.3223,12.2727,12.2232,12.1737,12.1241,12.0997,12.0783,12.0568,12.0352,12.0134,11.9916,11.9696,11.9475,11.9252,11.9262,11.9506,11.975,11.9994,12.0238,12.0483,12.0728,12.0973,12.1218,12.1412,12.119,12.0967,12.0745,12.0522,12.03,12.0077,11.9855,11.9632,11.9409,11.8837,11.8123,11.7403,11.6675,11.5941,11.52,11.4452,11.3696,11.2933,11.222,11.1617,11.1011,11.0402,10.9791,10.9175,10.8557,10.7935,10.7311,10.6682,10.6141,10.5606,10.507,10.4533,10.3996,10.3459,10.2921,10.2382,10.1844
13.7546,13.7125,13.6704,13.6283,13.5862,13.5441,13.502,13.4599,13.4178,13.3774,13.348,13.3186,13.2892,13.2598,13.2304,13.201,13.1717,13.1423,13.1129,13.0408,12.9539,12.8669,12.78,12.693,12.606,12.5191,12.4321,12.3451,12.2995,12.329,12.3587,12.3884,12.4183,12.4483,12.4783,12.5085,12.5387,12.569,12.6027,12.6365,12.6704,12.7042,12.738,12.7718,12.8056,12.8393,12.8731,12.9045,12.9343,12.9641,12.9939,13.0236,13.0534,13.0831,13.1129,13.1426,13.1553,13.0983,13.0414,12.9844,12.9275,12.8706,12.8137,12.7568,12.7,12.6433,12.5446,12.4359,12.3273,12.2187,12.1102,12.0017,11.8932,11.7847,11.6763,11.6312,11.6727,11.7143,11.7558,11.7975,11.8391,11.8808,11.9225,11.9642,12.0054,12.0282,12.0511,12.074,12.0969,12.1198,12.1428,12.1658,12.1889,12.2119,12.2464,12.287,12.3275,12.3679,12.4082,12.4483,12.4884,12.5283,12.5681,12.5847,12.5351,12.4856,12.436,12.3864,12.3369,12.2873,12.2378,12.1882,12.1387,12.1112,12.0869,12.0626,12.0381,12.0135,11.9888,11.964,11.939,11.9139,11.9127,11.9377,11.9627,11.9878,12.0129,12.038,12.0632,12.0884,12.1136,12.1348,12.1126,12.0903,12.0681,12.0458,12.0236,12.0013,11.9791,11.9568,11.9345,11.8712,11.7888,11.7059,11.6222,11.5378,11.4528,11.367,11.2805,11.1933,11.1125,11.0482,10.9836,10.9187,10.8535,10.7879,10.7221,10.6559,10.5893,10.5225,10.4676,10.4141,10.3605,10.3068,10.2532,10.1994,10.1456,10.0918,10.0379
13.7741,13.7321,13.6902,13.6482,13.6062,13.5643,13.5223,13.4804,13.4384,13.3983,13.3689,13.3395,13.3101,13.2807,13.2514,13.222,13.1926,13.1633,13.1339,13.0618,12.9757,12.8897,12.8036,12.7176,12.6315,12.5454,12.4593,12.3732,12.3268,12.3497,12.3726,12.3957,12.4189,12.4422,12.4656,12.4891,12.5126,12.5362,12.5698,12.6036,12.6375,12.6713,12.7051,12.7389,12.7727,12.8065,12.8402,12.8707,12.8988,12.9269,12.9551,12.9831,13.0112,13.0393,13.0674,13.0954,13.1083,13.0586,13.009,12.9593,12.9097,12.8601,12.8105,12.7609,12.7114,12.662,12.5665,12.4599,12.3533,12.2467,12.1402,12.0337,11.9272,11.8207,11.7143,11.6697,11.7122,11.7548,11.7973,11.84,11.8826,11.9253,11.968,12.0107,12.053,12.0764,12.0999,12.1233,12.1468,12.1704,12.1939,12.2175,12.2411,12.2648,12.2965,12.3329,12.3692,12.4053,12.4414,12.4773,12.5131,12.5488,12.5844,12.5993,12.5497,12.5002,12.4506,12.401,12.3514,12.3019,12.2523,12.2028,12.1532,12.1228,12.0957,12.0685,12.0412,12.0137,11.9862,11.9585,11.9307,11.9027,11.899,11.9247,11.9504,11.9762,12.002,12.0278,12.0536,12.0794,12.1053,12.1285,12.1062,12.084,12.0617,12.0394,12.0172,11.9949,11.9727,11.9504,11.9281,11.8593,11.766,11.6721,11.5775,11.4822,11.3862,11.2895,11.1921,11.094,11.0032,10.9349,10.8663,10.7974,10.7281,10.6586,10.5887,10.5185,10.4479,10.377,10.3211,10.2676,10.214,10.1604,10.1067,10.0529,9.9992,9.9453,9.8914
13.7935,13.7517,13.7099,13.6681,13.6263,13.5845,13.5427,13.5009,13.4591,13.4193,13.3899,13.3605,13.3311,13.3017,13.2723,13.2429,13.2136,13.1842,13.1549,13.0827,12.9976,12.9125,12.8273,12.7421,12.657,12.5718,12.4866,12.4014,12.354,12.3702,12.3865,12.4029,12.4194,12.4361,12.4528,12.4696,12.4864,12.5034,12.5369,12.5708,12.6046,12.6384,12.6723,12.7061,12.7399,12.7736,12.8074,12.8369,12.8633,12.8898,12.9162,12.9427,12.9691,12.9955,13.0219,13.0483,13.0613,13.0189,12.9766,12.9342,12.8919,12.8495,12.8073,12.765,12.7228,12.6807,12.5885,12.4839,12.3793,12.2747,12.1701,12.0656,11.9611,11.8567,11.7523,11.7082,11.7517,11.7953,11.8388,11.8824,11.9261,11.9697,12.0134,12.0572,12.1007,12.1247,12.1487,12.1727,12.1968,12.2209,12.245,12.2692,12.2934,12.3176,12.3468,12.3789,12.411,12.4429,12.4747,12.5064,12.538,12.5695,12.6008,12.6139,12.5643,12.5147,12.4652,12.4156,12.366,12.3164,12.2669,12.2173,12.1677,12.1345,12.1046,12.0745,12.0444,12.0141,11.9836,11.9531,11.9224,11.8916,11.8854,11.9118,11.9381,11.9645,11.991,12.0174,12.0439,12.0705,12.097,12.1221,12.0998,12.0776,12.0553,12.0331,12.0108,11.9885,11.9663,11.944,11.9217,11.8481,11.7439,11.639,11.5335,11.4273,11.3204,11.2128,11.1044,10.9954,10.8943,10.8219,10.7493,10.6763,10.6031,10.5295,10.4556,10.3813,10.3068,10.2319,10.1746,10.1211,10.0675,10.0139,9.9602,9.9065,9.8527,9.7989,9.745
13.813,13.7713,13.7296,13.688,13.6463,13.6047,13.563,13.5214,13.4797,13.4402,13.4108,13.3814,13.352,13.3227,13.2933,13.2639,13.2345,13.2052,13.1758,13.1037,13.0195,12.9353,12.851,12.7667,12.6824,12.5982,12.5139,12.4296,12.3811,12.3906,12.4003,12.41,12.4199,12.4298,12.4399,12.45,12.4602,12.4705,12.504,12.5379,12.5717,12.6056,12.6394,12.6732,12.707,12.7408,12.7746,12.8031,12.8278,12.8526,12.8774,12.9022,12.9269,12.9517,12.9764,13.0011,13.0143,12.9792,12.9441,12.909,12.874,12.839,12.804,12.769,12.7341,12.6993,12.6104,12.5078,12.4052,12.3026,12.2001,12.0976,11.9951,11.8927,11.7903,11.7467,11.7912,11.8357,11.8803,11.9249,11.9695,12.0142,12.0589,12.1036,12.1483,12.1729,12.1975,12.2221,12.2467,12.2714,12.2961,12.3208,12.3456,12.3704,12.3971,12.4251,12.4529,12.4806,12.5082,12.5357,12.5631,12.5903,12.6174,12.6285,12.5789,12.5293,12.4797,12.4302,12.3806,12.331,12.2814,12.2319,12.1823,12.1464,12.1136,12.0807,12.0477,12.0145,11.9813,11.9479,11.9143,11.8807,11.8717,11.8987,11.9258,11.9529,11.98,12.0071,12.0343,12.0615,12.0887,12.1157,12.0934,12.0712,12.0489,12.0267,12.0044,11.9822,11.9599,11.9376,11.9154,11.8375,11.7224,11.6066,11.4902,11.3731,11.2552,11.1367,11.0174,10.8975,10.7856,10.7092,10.6325,10.5556,10.4783,10.4007,10.3228,10.2445,10.1659,10.087,10.0281,9.9746,9.921,9.8674,9.8137,9.76,9.7062,9.6524,9.5985
13.8324,13.7909,13.7494,13.7079,13.6664,13.6249,13.5834,13.5419,13.5004,13.4612,13.4318,13.4024,13.373,13.3436,13.3142,13.2849,13.2555,13.2262,13.1968,13.1247,13.0414,12.9581,12.8747,12.7913,12.708,12.6246,12.5412,12.4578,12.4081,12.4109,12.4139,12.417,12.4202,12.4235,12.4269,12.4304,12.4339,12.4375,12.4711,12.505,12.5389,12.5727,12.6065,12.6403,12.6742,12.7079,12.7417,12.7692,12.7923,12.8155,12.8386,12.8617,12.8848,12.9079,12.9309,12.954,12.9672,12.9394,12.9116,12.8839,12.8561,12.8284,12.8007,12.773,12.7454,12.7178,12.6323,12.5317,12.4311,12.3305,12.23,12.1295,12.029,11.9286,11.8282,11.7852,11.8307,11.8762,11.9218,11.9673,12.013,12.0586,12.1043,12.15,12.1958,12.2211,12.2462,12.2714,12.2966,12.3219,12.3471,12.3724,12.3978,12.4231,12.4476,12.4713,12.4949,12.5184,12.5418,12.5651,12.5882,12.6113,12.6342,12.6431,12.5935,12.5439,12.4943,12.4447,12.3951,12.3456,12.296,12.2464,12.1968,12.1583,12.1227,12.0869,12.0511,12.0151,11.979,11.9427,11.9064,11.8699,11.858,11.8857,11.9134,11.9412,11.9689,11.9967,12.0246,12.0524,12.0803,12.1083,12.087,12.0648,12.0425,12.0203,11.998,11.9758,11.9535,11.9312,11.909,11.8276,11.7016,11.5749,11.4475,11.3195,11.1907,11.0613,10.9311,10.8003,10.6771,10.5967,10.5161,10.4351,10.3538,10.2722,10.1902,10.108,10.0254,9.9424,9.8817,9.8281,9.7746,9.7209,9.6673,9.6135,9.5598,9.5059,9.4521
13.8519,13.8105,13.7692,13.7278,13.6864,13.6451,13.6037,13.5624,13.521,13.4821,13.4527,13.4233,13.394,13.3646,13.3352,13.3058,13.2765,13.2471,13.2178,13.1458,13.0633,12.9809,12.8984,12.816,12.7335,12.651,12.5685,12.486,12.4349,12.4311,12.4275,12.4239,12.4204,12.4171,12.4138,12.4106,12.4075,12.4045,12.4382,12.4721,12.506,12.5398,12.5737,12.6075,12.6413,12.6751,12.7089,12.7354,12.7568,12.7783,12.7997,12.8212,12.8426,12.864,12.8854,12.9068,12.9202,12.8997,12.8792,12.8587,12.8382,12.8177,12.7973,12.7769,12.7566,12.7363,12.6542,12.5556,12.457,12.3584,12.2599,12.1614,12.0629,11.9645,11.8661,11.8236,11.8701,11.9166,11.9632,12.0098,12.0564,12.103,12.1497,12.1964,12.2432,12.2693,12.295,12.3207,12.3465,12.3723,12.3982,12.4241,12.45,12.4759,12.4982,12.5177,12.5371,12.5564,12.5755,12.5946,12.6135,12.6324,12.6511,12.6578,12.6081,12.5585,12.5089,12.4593,12.4097,12.3601,12.3105,12.261,12.2114,12.1704,12.1319,12.0933,12.0546,12.0158,11.9768,11.9378,11.8985,11.8592,11.8443,11.8726,11.901,11.9294,11.9579,11.9863,12.0148,12.0434,12.0719,12.1005,12.0806,12.0584,12.0361,12.0139,11.9916,11.9694,11.9471,11.9248,11.9026,11.8183,11.6814,11.5438,11.4055,11.2666,11.127,10.9866,10.8455,10.7038,10.5689,10.4846,10.3999,10.3149,10.2295,10.1439,10.058,9.9717,9.8851,9.7981,9.7352,9.6816,9.6281,9.5745,9.5208,9.4671,9.4133,9.3595,9.3056
13.8714,13.8301,13.7889,13.7477,13.7065,13.6653,13.6241,13.5829,13.5417,13.5031,13.4737,13.4443,13.4149,13.3855,13.3562,13.3268,13.2974,13.2681,13.2387,13.1668,13.0853,13.0038,12.9222,12.8406,12.759,12.6774,12.5958,12.5142,12.4616,12.4512,12.4409,12.4307,12.4206,12.4106,12.4006,12.3908,12.381,12.3715,12.4054,12.4392,12.4731,12.507,12.5408,12.5746,12.6085,12.6423,12.6761,12.7015,12.7213,12.7411,12.7609,12.7807,12.8005,12.8202,12.84,12.8597,12.8731,12.8599,12.8466,12.8334,12.8202,12.8071,12.7939,12.7808,12.7678,12.7548,12.6761,12.5795,12.4829,12.3863,12.2898,12.1932,12.0968,12.0003,11.9039,11.8621,11.9095,11.9571,12.0046,12.0522,12.0998,12.1474,12.1951,12.2428,12.2906,12.3174,12.3437,12.3701,12.3964,12.4228,12.4492,12.4757,12.5021,12.5287,12.5489,12.5642,12.5793,12.5944,12.6094,12.6242,12.639,12.6536,12.6681,12.6724,12.6227,12.5731,12.5235,12.4739,12.4243,12.3747,12.3251,12.2755,12.2259,12.1826,12.1413,12.0998,12.0583,12.0166,11.9748,11.9329,11.8908,11.8487,11.8305,11.8595,11.8886,11.9176,11.9468,11.9759,12.0051,12.0343,12.0635,12.0927,12.0743,12.052,12.0298,12.0075,11.9852,11.963,11.9407,11.9184,11.8962,11.8097,11.6618,11.5134,11.3642,11.2144,11.0638,10.9126,10.7606,10.608,10.461,10.3726,10.2839,10.1949,10.1056,10.0159,9.926,9.8357,9.7451,9.6541,9.5887,9.5352,9.4816,9.428,9.3743,9.3206,9.2668,9.213,9.1591
13.8908,13.8498,13.8087,13.7676,13.7266,13.6855,13.6444,13.6034,13.5623,13.5241,13.4947,13.4653,13.4359,13.4065,13.3771,13.3478,13.3184,13.2891,13.2597,13.1879,13.1073,13.0266,12.946,12.8653,12.7846,12.7039,12.6232,12.5425,12.4883,12.4712,12.4542,12.4374,12.4206,12.404,12.3874,12.3709,12.3545,12.3386,12.3725,12.4063,12.4402,12.4741,12.5079,12.5418,12.5756,12.6094,12.6432,12.6676,12.6858,12.7039,12.7221,12.7402,12.7583,12.7764,12.7945,12.8125,12.826,12.8201,12.8141,12.8082,12.8022,12.7963,12.7905,12.7847,12.7789,12.7732,12.698,12.6033,12.5087,12.4142,12.3196,12.2251,12.1306,12.0362,11.9418,11.9005,11.949,11.9975,12.046,12.0946,12.1432,12.1918,12.2405,12.2892,12.3379,12.3656,12.3925,12.4194,12.4463,12.4732,12.5002,12.5272,12.5543,12.5814,12.5997,12.6108,12.6217,12.6326,12.6434,12.654,12.6645,12.675,12.6852,12.687,12.6373,12.5877,12.5381,12.4885,12.4389,12.3893,12.3397,12.2901,12.2405,12.1949,12.1507,12.1065,12.0621,12.0175,11.9729,11.9281,11.8833,11.8382,11.8167,11.8464,11.8761,11.9058,11.9356,11.9654,11.9953,12.0251,12.055,12.0849,12.0679,12.0456,12.0234,12.0011,11.9788,11.9566,11.9343,11.9121,11.8898,11.8017,11.643,11.4836,11.3235,11.1628,11.0014,10.8393,10.6764,10.5129,10.3534,10.261,10.1682,10.0752,9.9819,9.8882,9.7943,9.7,9.6054,9.5104,9.4422,9.3887,9.3351,9.2815,9.2278,9.1741,9.1204,9.0665,9.0127
13.9103,13.8694,13.8285,13.7876,13.7466,13.7057,13.6648,13.6239,13.583,13.545,13.5156,13.4862,13.4568,13.4275,13.3981,13.3687,13.3394,13.31,13.2807,13.209,13.1293,13.0495,12.9697,12.89,12.8102,12.7304,12.6506,12.5707,12.5148,12.4911,12.4674,12.4439,12.4206,12.3973,12.374,12.3509,12.3279,12.3057,12.3396,12.3735,12.4073,12.4412,12.4751,12.5089,12.5427,12.5766,12.6104,12.6338,12.6503,12.6667,12.6832,12.6997,12.7161,12.7326,12.749,12.7654,12.7789,12.7802,12.7816,12.7829,12.7842,12.7856,12.787,12.7884,12.7899,12.7915,12.7198,12.6272,12.5346,12.442,12.3494,12.2569,12.1644,12.072,11.9796,11.9389,11.9884,12.0379,12.0874,12.137,12.1866,12.2362,12.2858,12.3355,12.3853,12.4137,12.4412,12.4686,12.4961,12.5237,12.5512,12.5788,12.6064,12.6341,12.6506,12.6575,12.6643,12.6709,12.6775,12.6839,12.6903,12.6964,12.7025,12.7016,12.6519,12.6023,12.5527,12.5031,12.4534,12.4038,12.3542,12.3046,12.255,12.2073,12.1603,12.1132,12.066,12.0186,11.9711,11.9235,11.8758,11.8279,11.8029,11.8332,11.8636,11.894,11.9244,11.9549,11.9854,12.0159,12.0465,12.0771,12.0615,12.0392,12.017,11.9947,11.9725,11.9502,11.9279,11.9057,11.8834,11.7943,11.6247,11.4545,11.2836,11.112,10.9397,10.7667,10.5929,10.4185,10.246,10.1496,10.0528,9.9558,9.8585,9.7608,9.6628,9.5645,9.4659,9.367,9.2957,9.2422,9.1884,9.1336,9.0786,9.0235,8.9682,8.9128,8.8572
13.9298,13.889,13.8483,13.8075,13.7667,13.726,13.6852,13.6444,13.6037,13.566,13.5366,13.5072,13.4778,13.4484,13.4191,13.3897,13.3603,13.331,13.3016,13.2302,13.1513,13.0724,12.9936,12.9147,12.8358,12.7569,12.6779,12.599,12.5412,12.5108,12.4806,12.4504,12.4204,12.3905,12.3606,12.3309,12.3012,12.2728,12.3067,12.3406,12.3745,12.4083,12.4422,12.4761,12.5099,12.5437,12.5775,12.5999,12.6147,12.6295,12.6444,12.6592,12.674,12.6887,12.7035,12.7183,12.7318,12.7404,12.749,12.7576,12.7662,12.7748,12.7835,12.7922,12.8009,12.8097,12.7417,12.651,12.5604,12.4698,12.3792,12.2887,12.1982,12.1078,12.0173,11.9773,12.0278,12.0783,12.1288,12.1793,12.2299,12.2805,12.3312,12.3818,12.4326,12.4619,12.4899,12.5179,12.546,12.5741,12.6022,12.6304,12.6586,12.6868,12.7017,12.7043,12.7069,12.7094,12.7117,12.714,12.7161,12.7181,12.7199,12.7162,12.6665,12.6169,12.5673,12.5176,12.468,12.4184,12.3688,12.3192,12.2696,12.2198,12.17,12.1201,12.07,12.0198,11.9695,11.919,11.8685,11.8178,11.789,11.82,11.8511,11.8821,11.9132,11.9444,11.9755,12.0067,12.0376,12.0667,12.05,12.0248,11.9992,11.9733,11.947,11.9203,11.8932,11.8657,11.8379,11.7444,11.5625,11.3804,11.1981,11.0155,10.8327,10.6497,10.4665,10.283,10.0994,9.9993,9.8991,9.7988,9.6985,9.5981,9.4977,9.3972,9.2966,9.196,9.1212,9.0656,9.0098,8.9538,8.8978,8.8415,8.7852,8.7287,8.672
13.9352,13.8947,13.8541,13.8136,13.7731,13.7326,13.6922,13.6517,13.6113,13.5737,13.543,13.5126,13.4823,13.4521,13.422,13.3921,13.3623,13.3327,13.3031,13.2326,13.1555,13.0784,13.0013,12.9242,12.847,12.7698,12.6926,12.6153,12.5566,12.5211,12.4856,12.45,12.4145,12.3789,12.3433,12.3077,12.272,12.2381,12.2723,12.3065,12.3406,12.3747,12.4087,12.4427,12.4767,12.5106,12.5445,12.5659,12.5791,12.5923,12.6055,12.6187,12.6319,12.645,12.6581,12.6713,12.6849,12.7006,12.7163,12.732,12.7477,12.7634,12.7791,12.7948,12.8104,12.826,12.7614,12.6727,12.584,12.4953,12.4067,12.3182,12.2297,12.1413,12.053,12.0135,12.0645,12.1154,12.1663,12.2171,12.2679,12.3187,12.3695,12.4202,12.4708,12.5003,12.5282,12.5561,12.5839,12.6118,12.6397,12.6676,12.6955,12.7233,12.7351,12.7313,12.7272,12.7229,12.7183,12.7133,12.7081,12.7026,12.6968,12.6866,12.6346,12.5826,12.5304,12.4782,12.426,12.3736,12.3212,12.2687,12.2161,12.1631,12.1099,12.0567,12.0034,11.9502,11.8968,11.8435,11.7901,11.7367,11.7037,11.7335,11.7633,11.7932,11.823,11.8529,11.8827,11.9126,11.9425,11.9724,11.9523,11.921,11.8894,11.8574,11.825,11.7923,11.7592,11.7256,11.6917,11.598,11.4133,11.2285,11.0434,10.8581,10.6726,10.4868,10.3009,10.1146,9.9282,9.8253,9.7251,9.6248,9.5244,9.424,9.3236,9.223,9.1224,9.0218,8.9448,8.8881,8.8312,8.7742,8.717,8.6597,8.6022,8.5446,8.4869
13.9266,13.8852,13.8438,13.8025,13.7612,13.7199,13.6786,13.6374,13.5962,13.5565,13.5206,13.4848,13.4492,13.4137,13.3784,13.3431,13.308,13.2731,13.2382,13.1668,13.0903,13.0137,12.937,12.8603,12.7836,12.7069,12.6301,12.5534,12.4952,12.4595,12.4239,12.3882,12.3525,12.3168,12.281,12.2453,12.2095,12.1759,12.2124,12.2488,12.2852,12.3216,12.3579,12.3942,12.4305,12.4667,12.5029,12.5255,12.5393,12.5531,12.5669,12.5807,12.5944,12.6082,12.6219,12.6356,12.6497,12.6655,12.6812,12.6969,12.7126,12.7283,12.744,12.7596,12.7753,12.7909,12.7308,12.6475,12.5642,12.481,12.3978,12.3147,12.2316,12.1486,12.0657,12.028,12.0767,12.1254,12.1741,12.2227,12.2713,12.3198,12.3683,12.4168,12.4652,12.4948,12.5226,12.5505,12.5784,12.6063,12.6342,12.6621,12.69,12.7178,12.7256,12.7128,12.6998,12.6865,12.6729,12.6591,12.6449,12.6305,12.6157,12.5978,12.5446,12.4913,12.4379,12.3844,12.3308,12.2772,12.2235,12.1697,12.1158,12.0624,12.0092,11.956,11.9028,11.8495,11.7962,11.7428,11.6895,11.636,11.6013,11.6321,11.6628,11.6935,11.7242,11.755,11.7857,11.8165,11.8472,11.878,11.8549,11.8176,11.7799,11.7419,11.7034,11.6646,11.6254,11.5859,11.5459,11.4517,11.2643,11.0767,10.8889,10.7009,10.5126,10.3241,10.1354,9.9464,9.7572,9.6513,9.551,9.4507,9.3504,9.2499,9.1494,9.0489,8.9483,8.8476,8.7685,8.7107,8.6527,8.5946,8.5363,8.4779,8.4194,8.3607,8.3018
13.9178,13.8757,13.8335,13.7914,13.7492,13.7072,13.6651,13.6231,13.581,13.5392,13.498,13.4569,13.416,13.3752,13.3346,13.294,13.2536,13.2133,13.1731,13.1011,13.025,12.9489,12.8727,12.7965,12.7203,12.644,12.5677,12.4914,12.4338,12.398,12.3622,12.3264,12.2905,12.2547,12.2188,12.1829,12.147,12.1137,12.1525,12.1912,12.2299,12.2685,12.3072,12.3457,12.3843,12.4228,12.4612,12.485,12.4994,12.5139,12.5282,12.5426,12.557,12.5713,12.5857,12.6,12.6146,12.6303,12.646,12.6617,12.6774,12.6931,12.7088,12.7245,12.7401,12.7558,12.7002,12.6223,12.5444,12.4666,12.3888,12.3111,12.2334,12.1558,12.0783,12.0425,12.089,12.1355,12.1819,12.2283,12.2747,12.321,12.3673,12.4135,12.4597,12.4892,12.5171,12.545,12.5729,12.6008,12.6287,12.6566,12.6845,12.7123,12.7163,12.6946,12.6726,12.6504,12.6279,12.6051,12.582,12.5586,12.5349,12.5091,12.4546,12.4,12.3453,12.2906,12.2358,12.1809,12.1259,12.0708,12.0156,11.9617,11.9086,11.8553,11.8021,11.7488,11.6955,11.6422,11.5888,11.5354,11.4989,11.5305,11.5621,11.5938,11.6254,11.657,11.6886,11.7203,11.752,11.7837,11.7578,11.7145,11.6707,11.6266,11.5822,11.5373,11.4921,11.4464,11.4004,11.3057,11.1155,10.9252,10.7346,10.5438,10.3528,10.1616,9.9701,9.7784,9.5864,9.4773,9.377,9.2767,9.1763,9.0758,8.9753,8.8748,8.7741,8.6734,8.5922,8.5333,8.4743,8.4151,8.3557,8.2962,8.2366,8.1768,8.1169
13.9091,13.8661,13.8231,13.7802,13.7373,13.6944,13.6515,13.6087,13.5659,13.5218,13.4753,13.4289,13.3827,13.3366,13.2906,13.2448,13.199,13.1534,13.108,13.0354,12.9598,12.8841,12.8084,12.7327,12.6569,12.5811,12.5053,12.4295,12.3724,12.3365,12.3005,12.2645,12.2286,12.1926,12.1565,12.1205,12.0844,12.0516,12.0926,12.1336,12.1746,12.2155,12.2564,12.2973,12.3381,12.3789,12.4196,12.4446,12.4596,12.4746,12.4896,12.5046,12.5195,12.5345,12.5494,12.5643,12.5794,12.5951,12.6109,12.6266,12.6423,12.658,12.6737,12.6893,12.705,12.7206,12.6695,12.597,12.5245,12.4521,12.3797,12.3074,12.2352,12.163,12.0909,12.0571,12.1014,12.1456,12.1898,12.234,12.2781,12.3222,12.3662,12.4102,12.4542,12.4837,12.5116,12.5395,12.5674,12.5953,12.6232,12.6511,12.679,12.7068,12.7073,12.6766,12.6457,12.6145,12.5831,12.5514,12.5193,12.487,12.4544,12.4205,12.3647,12.3088,12.2529,12.1968,12.1407,12.0845,12.0283,11.9719,11.9155,11.861,11.8079,11.7547,11.7014,11.6482,11.5949,11.5415,11.4881,11.4347,11.3965,11.429,11.4615,11.494,11.5265,11.559,11.5915,11.6241,11.6567,11.6892,11.6611,11.6117,11.5619,11.5118,11.4612,11.4103,11.3591,11.3074,11.2553,11.1597,10.9669,10.7738,10.5805,10.3869,10.1932,9.9992,9.8049,9.6105,9.4158,9.3033,9.203,9.1027,9.0022,8.9018,8.8012,8.7006,8.6,8.4992,8.4161,8.3561,8.2959,8.2356,8.1752,8.1146,8.0539,7.993,7.932
13.9003,13.8565,13.8128,13.769,13.7253,13.6816,13.6379,13.5943,13.5507,13.5042,13.4524,13.4007,13.3492,13.2978,13.2465,13.1954,13.1443,13.0934,13.0427,12.9697,12.8945,12.8193,12.7441,12.6689,12.5936,12.5183,12.4429,12.3675,12.311,12.2749,12.2388,12.2027,12.1666,12.1304,12.0943,12.0581,12.0219,11.9894,12.0328,12.0761,12.1193,12.1625,12.2057,12.2488,12.2919,12.335,12.378,12.4042,12.4198,12.4354,12.451,12.4665,12.4821,12.4976,12.5132,12.5287,12.5442,12.56,12.5757,12.5914,12.6071,12.6228,12.6385,12.6542,12.6698,12.6855,12.6388,12.5717,12.5046,12.4376,12.3706,12.3037,12.2369,12.1701,12.1034,12.0717,12.1137,12.1558,12.1977,12.2397,12.2816,12.3234,12.3652,12.407,12.4488,12.4782,12.5061,12.534,12.5619,12.5898,12.6177,12.6456,12.6735,12.7013,12.6985,12.6589,12.6191,12.579,12.5386,12.4979,12.457,12.4157,12.3741,12.3319,12.2748,12.2177,12.1604,12.1031,12.0457,11.9883,11.9307,11.8731,11.8154,11.7604,11.7072,11.654,11.6008,11.5475,11.4942,11.4409,11.3875,11.3341,11.294,11.3274,11.3608,11.3942,11.4276,11.461,11.4944,11.5278,11.5613,11.5948,11.5647,11.5092,11.4534,11.3972,11.3407,11.2837,11.2264,11.1687,11.1105,11.014,10.8184,10.6225,10.4265,10.2302,10.0337,9.837,9.64,9.4428,9.2454,9.1293,9.029,8.9286,8.8282,8.7277,8.6271,8.5265,8.4258,8.325,8.24,8.1789,8.1176,8.0563,7.9948,7.9331,7.8713,7.8093,7.7472
13.8915,13.8469,13.8024,13.7578,13.7133,13.6688,13.6243,13.5799,13.5354,13.4864,13.4293,13.3723,13.3155,13.2588,13.2022,13.1458,13.0895,13.0333,12.9772,12.904,12.8293,12.7546,12.6798,12.605,12.5302,12.4554,12.3805,12.3056,12.2496,12.2134,12.1771,12.1409,12.1046,12.0683,12.032,11.9957,11.9594,11.9273,11.9729,12.0185,12.064,12.1095,12.155,12.2004,12.2458,12.2911,12.3364,12.3638,12.38,12.3962,12.4124,12.4285,12.4447,12.4608,12.4769,12.493,12.5091,12.5248,12.5406,12.5563,12.572,12.5877,12.6034,12.619,12.6347,12.6504,12.608,12.5463,12.4846,12.423,12.3615,12.2999,12.2385,12.1771,12.1158,12.0863,12.1262,12.1659,12.2057,12.2454,12.2851,12.3247,12.3643,12.4038,12.4434,12.4727,12.5006,12.5285,12.5564,12.5843,12.6122,12.6401,12.6679,12.6958,12.6899,12.6414,12.5927,12.5436,12.4943,12.4447,12.3949,12.3447,12.2942,12.2434,12.185,12.1266,12.0681,12.0095,11.9508,11.8921,11.8332,11.7743,11.7154,11.6597,11.6065,11.5533,11.5001,11.4468,11.3935,11.3402,11.2868,11.2334,11.1915,11.2257,11.26,11.2943,11.3286,11.3629,11.3972,11.4315,11.4659,11.5002,11.4686,11.4071,11.3452,11.283,11.2204,11.1574,11.0941,11.0303,10.9661,10.8684,10.67,10.4715,10.2727,10.0736,9.8744,9.6749,9.4752,9.2753,9.0751,8.9553,8.855,8.7546,8.6541,8.5536,8.453,8.3523,8.2516,8.1509,8.064,8.0018,7.9395,7.877,7.8144,7.7516,7.6888,7.6257,7.5625
13.8827,13.8373,13.7919,13.7466,13.7013,13.656,13.6107,13.5654,13.5202,13.4685,13.4061,13.3438,13.2817,13.2197,13.1579,13.0961,13.0345,12.973,12.9117,12.8383,12.7641,12.6898,12.6156,12.5412,12.4669,12.3925,12.3181,12.2437,12.1882,12.1518,12.1154,12.079,12.0426,12.0062,11.9698,11.9333,11.8968,11.8653,11.9131,11.961,12.0088,12.0566,12.1043,12.152,12.1996,12.2473,12.2949,12.3234,12.3402,12.357,12.3737,12.3905,12.4072,12.424,12.4407,12.4574,12.4739,12.4897,12.5054,12.5211,12.5368,12.5525,12.5682,12.5839,12.5996,12.6152,12.5772,12.5209,12.4646,12.4084,12.3522,12.2961,12.24,12.1841,12.1281,12.101,12.1386,12.1761,12.2137,12.2512,12.2886,12.326,12.3634,12.4007,12.438,12.4671,12.495,12.5229,12.5508,12.5787,12.6066,12.6345,12.6624,12.6903,12.6816,12.6242,12.5665,12.5086,12.4503,12.3918,12.3331,12.274,12.2146,12.1548,12.0952,12.0355,11.9757,11.9159,11.8559,11.7959,11.7358,11.6756,11.6154,11.559,11.5058,11.4526,11.3994,11.3462,11.2929,11.2395,11.1862,11.1328,11.0889,11.124,11.1592,11.1944,11.2296,11.2648,11.3,11.3352,11.3704,11.4057,11.3729,11.3053,11.2374,11.1691,11.1005,11.0315,10.9621,10.8923,10.8221,10.723,10.5219,10.3205,10.119,9.9172,9.7153,9.513,9.3106,9.1079,8.905,8.7813,8.681,8.5805,8.48,8.3795,8.2789,8.1782,8.0775,7.9767,7.888,7.8248,7.7613,7.6978,7.6341,7.5703,7.5063,7.4422,7.3779
13.8738,13.8276,13.7815,13.7353,13.6892,13.6431,13.597,13.551,13.5049,13.4504,13.3827,13.3152,13.2477,13.1805,13.1133,13.0463,12.9794,12.9127,12.846,12.7726,12.6989,12.6251,12.5513,12.4775,12.4036,12.3297,12.2557,12.1818,12.1267,12.0903,12.0537,12.0172,11.9807,11.9441,11.9075,11.8709,11.8343,11.8032,11.8534,11.9035,11.9536,12.0036,12.0536,12.1036,12.1535,12.2034,12.2533,12.2829,12.3003,12.3177,12.3351,12.3525,12.3698,12.3871,12.4044,12.4217,12.4388,12.4545,12.4702,12.486,12.5017,12.5174,12.5331,12.5488,12.5644,12.5801,12.5464,12.4954,12.4445,12.3937,12.3429,12.2922,12.2415,12.1909,12.1404,12.1157,12.1511,12.1864,12.2217,12.257,12.2922,12.3274,12.3625,12.3976,12.4327,12.4616,12.4895,12.5174,12.5453,12.5732,12.6011,12.629,12.6569,12.6848,12.6735,12.6072,12.5406,12.4738,12.4066,12.3392,12.2715,12.2035,12.1352,12.0666,12.0055,11.9445,11.8834,11.8223,11.7611,11.6998,11.6384,11.577,11.5154,11.4583,11.4052,11.352,11.2988,11.2455,11.1922,11.1389,11.0855,11.0321,10.9863,11.0223,11.0584,11.0944,11.1305,11.1666,11.2027,11.2388,11.2749,11.3111,11.2774,11.2038,11.1299,11.0556,10.9809,10.9059,10.8304,10.7546,10.6784,10.5777,10.3739,10.1698,9.9655,9.761,9.5563,9.3514,9.1462,8.9408,8.7351,8.6073,8.5069,8.4065,8.306,8.2054,8.1048,8.0041,7.9033,7.8025,7.7122,7.6478,7.5833,7.5187,7.4539,7.389,7.3239,7.2587,7.1934
13.8649,13.8179,13.771,13.724,13.6771,13.6302,13.5833,13.5365,13.4896,13.4322,13.3592,13.2863,13.2136,13.1411,13.0687,12.9964,12.9242,12.8521,12.7802,12.707,12.6337,12.5604,12.4871,12.4137,12.3403,12.2668,12.1934,12.1199,12.0653,12.0287,11.992,11.9554,11.9187,11.882,11.8452,11.8085,11.7717,11.7412,11.7936,11.846,11.8984,11.9507,12.003,12.0552,12.1074,12.1596,12.2117,12.2425,12.2605,12.2785,12.2965,12.3144,12.3324,12.3503,12.3682,12.3861,12.4036,12.4193,12.4351,12.4508,12.4665,12.4822,12.4979,12.5136,12.5293,12.5449,12.5155,12.4699,12.4244,12.379,12.3336,12.2882,12.2429,12.1977,12.1526,12.1304,12.1636,12.1967,12.2298,12.2628,12.2958,12.3288,12.3617,12.3946,12.4274,12.4561,12.484,12.5119,12.5398,12.5677,12.5956,12.6235,12.6514,12.6793,12.6657,12.5905,12.515,12.4392,12.3632,12.2869,12.2103,12.1334,12.0561,11.9786,11.9158,11.8535,11.7912,11.7288,11.6663,11.6037,11.5411,11.4783,11.4155,11.3576,11.3045,11.2513,11.1981,11.1448,11.0915,11.0382,10.9849,10.9315,10.8836,10.9205,10.9575,10.9944,11.0314,11.0684,11.1054,11.1424,11.1794,11.2164,11.1823,11.1027,11.0227,10.9424,10.8617,10.7806,10.6991,10.6173,10.535,10.4326,10.226,10.0192,9.8122,9.605,9.3975,9.1898,8.9819,8.7738,8.5654,8.4333,8.3329,8.2325,8.1319,8.0313,7.9307,7.8299,7.7292,7.6283,7.5364,7.4709,7.4054,7.3396,7.2738,7.2078,7.1416,7.0754,7.0089
13.856,13.8082,13.7605,13.7127,13.665,13.6173,13.5696,13.5219,13.4743,13.4138,13.3355,13.2574,13.1794,13.1016,13.0239,12.9463,12.8688,12.7915,12.7142,12.6413,12.5685,12.4957,12.4228,12.3499,12.277,12.204,12.131,12.058,12.0039,11.9671,11.9303,11.8935,11.8567,11.8198,11.783,11.7461,11.7092,11.6792,11.7339,11.7886,11.8432,11.8978,11.9523,12.0068,12.0613,12.1158,12.1702,12.2021,12.2207,12.2393,12.2579,12.2764,12.2949,12.3134,12.3319,12.3504,12.3684,12.3842,12.3999,12.4157,12.4314,12.4471,12.4628,12.4785,12.4941,12.5098,12.4845,12.4444,12.4042,12.3642,12.3242,12.2842,12.2443,12.2045,12.1647,12.1452,12.1761,12.207,12.2379,12.2687,12.2995,12.3302,12.3609,12.3916,12.4222,12.4506,12.4785,12.5064,12.5343,12.5622,12.5901,12.618,12.6459,12.6738,12.6581,12.574,12.4896,12.4049,12.32,12.2348,12.1493,12.0635,11.9774,11.8909,11.8261,11.7626,11.699,11.6353,11.5715,11.5077,11.4438,11.3798,11.3157,11.2569,11.2038,11.1506,11.0974,11.0442,10.9909,10.9376,10.8842,10.8308,10.7809,10.8187,10.8566,10.8944,10.9323,10.9701,11.008,11.0459,11.0838,11.1217,11.0875,11.0018,10.9158,10.8295,10.7428,10.6557,10.5682,10.4803,10.392,10.2876,10.0783,9.8688,9.6591,9.4491,9.2389,9.0285,8.8178,8.607,8.3958,8.2593,8.1589,8.0584,7.9579,7.8572,7.7566,7.6558,7.555,7.4541,7.3607,7.2942,7.2275,7.1607,7.0937,7.0267,6.9594,6.8921,6.8245
13.8471,13.7985,13.7499,13.7014,13.6528,13.6043,13.5558,13.5074,13.459,13.3952,13.3117,13.2283,13.145,13.0619,12.9789,12.896,12.8133,12.7307,12.6482,12.5757,12.5034,12.431,12.3586,12.2861,12.2137,12.1412,12.0687,11.9961,11.9425,11.9056,11.8686,11.8317,11.7947,11.7577,11.7207,11.6837,11.6466,11.6172,11.6742,11.7311,11.788,11.8449,11.9017,11.9585,12.0152,12.072,12.1287,12.1617,12.1809,12.2001,12.2192,12.2384,12.2575,12.2766,12.2957,12.3148,12.3333,12.349,12.3648,12.3805,12.3962,12.4119,12.4276,12.4433,12.459,12.4747,12.4535,12.4187,12.384,12.3493,12.3147,12.2801,12.2456,12.2111,12.1767,12.16,12.1887,12.2174,12.246,12.2746,12.3032,12.3317,12.3602,12.3886,12.417,12.445,12.473,12.5009,12.5288,12.5567,12.5846,12.6125,12.6404,12.6683,12.6508,12.5578,12.4645,12.3709,12.2771,12.183,12.0886,11.9939,11.8989,11.8036,11.7365,11.6717,11.6068,11.5418,11.4768,11.4117,11.3465,11.2812,11.2159,11.1562,11.1031,11.0499,10.9967,10.9435,10.8902,10.8369,10.7836,10.7302,10.6782,10.7169,10.7556,10.7943,10.8331,10.8718,10.9106,10.9494,10.9881,11.0269,10.993,10.9013,10.8093,10.7169,10.6242,10.5311,10.4376,10.3437,10.2494,10.1429,9.9308,9.7185,9.5061,9.2934,9.0804,8.8673,8.6539,8.4403,8.2265,8.0854,7.9849,7.8844,7.7838,7.6832,7.5824,7.4817,7.3809,7.28,7.185,7.1174,7.0497,6.9818,6.9138,6.8456,6.7773,6.7089,6.6403
13.8381,13.7887,13.7393,13.69,13.6407,13.5914,13.5421,13.4928,13.4436,13.3765,13.2877,13.199,13.1105,13.0221,12.9338,12.8457,12.7577,12.6698,12.582,12.5101,12.4382,12.3663,12.2944,12.2224,12.1504,12.0784,12.0063,11.9342,11.8811,11.844,11.8069,11.7698,11.7327,11.6956,11.6584,11.6213,11.5841,11.5552,11.6145,11.6737,11.7329,11.792,11.8511,11.9102,11.9692,12.0282,12.0872,12.1213,12.1411,12.1609,12.1806,12.2003,12.2201,12.2398,12.2594,12.2791,12.2981,12.3139,12.3296,12.3453,12.3611,12.3768,12.3925,12.4082,12.4239,12.4395,12.4225,12.3931,12.3637,12.3344,12.3051,12.2759,12.2468,12.2177,12.1887,12.1748,12.2013,12.2278,12.2542,12.2806,12.3069,12.3332,12.3595,12.3857,12.4119,12.4395,12.4674,12.4953,12.5233,12.5512,12.5791,12.607,12.6349,12.6628,12.6437,12.5418,12.4396,12.3372,12.2345,12.1315,12.0282,11.9246,11.8207,11.7165,11.6469,11.5808,11.5147,11.4485,11.3821,11.3158,11.2493,11.1828,11.1161,11.0556,11.0024,10.9493,10.8961,10.8428,10.7895,10.7362,10.6829,10.6295,10.5761,10.615,10.6546,10.6942,10.7338,10.7735,10.8131,10.8528,10.8924,10.9321,10.8988,10.8011,10.7031,10.6047,10.5059,10.4068,10.3073,10.2074,10.1071,9.9982,9.7835,9.5685,9.3532,9.1378,8.9222,8.7063,8.4902,8.2738,8.0573,7.9114,7.8109,7.7103,7.6097,7.5091,7.4083,7.3076,7.2067,7.1058,7.0095,6.9408,6.872,6.803,6.7339,6.6647,6.5953,6.5257,6.4561
13.8291,13.7789,13.7287,13.6786,13.6285,13.5784,13.5283,13.4782,13.4282,13.3576,13.2635,13.1696,13.0758,12.9821,12.8886,12.7952,12.7019,12.6087,12.5158,12.4444,12.373,12.3016,12.2301,12.1586,12.0871,12.0156,11.944,11.8723,11.8196,11.7824,11.7452,11.708,11.6707,11.6335,11.5962,11.5589,11.5215,11.4933,11.5548,11.6163,11.6777,11.7391,11.8005,11.8618,11.9231,11.9844,12.0456,12.0809,12.1013,12.1216,12.142,12.1623,12.1826,12.2029,12.2232,12.2435,12.2629,12.2787,12.2945,12.3102,12.3259,12.3416,12.3573,12.373,12.3887,12.4044,12.3914,12.3674,12.3434,12.3194,12.2955,12.2717,12.2479,12.2242,12.2006,12.1897,12.214,12.2382,12.2624,12.2866,12.3107,12.3348,12.3589,12.3829,12.4068,12.434,12.4619,12.4898,12.5177,12.5457,12.5736,12.6015,12.6294,12.6573,12.6369,12.5261,12.415,12.3037,12.1921,12.0802,11.968,11.8556,11.7428,11.6297,11.5574,11.49,11.4226,11.3551,11.2875,11.2199,11.1522,11.0843,11.0164,10.9549,10.9017,10.8486,10.7954,10.7421,10.6889,10.6356,10.5822,10.5289,10.4755,10.513,10.5535,10.594,10.6346,10.6751,10.7156,10.7562,10.7967,10.8373,10.8049,10.7013,10.5972,10.4928,10.388,10.2829,10.1774,10.0714,9.9651,9.8538,9.6363,9.4185,9.2006,8.9824,8.7641,8.5455,8.3266,8.1076,7.8883,7.7374,7.6369,7.5363,7.4357,7.335,7.2342,7.1334,7.0325,6.9316,6.8356,6.7681,6.7005,6.6329,6.5652,6.4975,6.4298,6.3621,6.2943
13.8201,13.7691,13.7181,13.6672,13.6162,13.5653,13.5145,13.4636,13.4128,13.3386,13.2392,13.14,13.0409,12.942,12.8432,12.7445,12.646,12.5475,12.4497,12.3788,12.3079,12.2369,12.1659,12.0949,12.0238,11.9528,11.8816,11.8105,11.7582,11.7209,11.6835,11.6461,11.6087,11.5713,11.5339,11.4965,11.459,11.4314,11.4952,11.5589,11.6226,11.6863,11.7499,11.8135,11.8771,11.9406,12.0041,12.0405,12.0615,12.0824,12.1034,12.1243,12.1452,12.1661,12.187,12.2078,12.2278,12.2435,12.2593,12.275,12.2908,12.3065,12.3222,12.3379,12.3536,12.3693,12.3603,12.3416,12.323,12.3044,12.2859,12.2674,12.249,12.2307,12.2124,12.2046,12.2266,12.2487,12.2706,12.2926,12.3145,12.3364,12.3582,12.38,12.4018,12.4285,12.4564,12.4843,12.5122,12.5401,12.5681,12.596,12.6239,12.6518,12.6303,12.5106,12.3906,12.2704,12.15,12.0292,11.9082,11.7868,11.6652,11.5432,11.4679,11.3993,11.3306,11.2618,11.193,11.124,11.055,10.986,10.9168,10.8542,10.8011,10.7479,10.6947,10.6415,10.5882,10.5349,10.4816,10.4282,10.3748,10.4111,10.4524,10.4938,10.5352,10.575,10.6149,10.6547,10.6944,10.7341,10.7018,10.5916,10.4812,10.3709,10.2604,10.1499,10.0394,9.9288,9.8182,9.7061,9.4874,9.2688,9.0503,8.8317,8.6132,8.3948,8.1764,7.958,7.7397,7.5872,7.49,7.393,7.2961,7.1994,7.1028,7.0064,6.9102,6.8141,6.7203,6.6528,6.5852,6.5176,6.45,6.3823,6.3146,6.2469,6.1791
13.7742,13.7218,13.6695,13.6174,13.5653,13.5133,13.4615,13.4097,13.358,13.2818,13.1807,13.0795,12.9784,12.8772,12.7759,12.6746,12.5733,12.472,12.3716,12.3033,12.2348,12.1661,12.0973,12.0284,11.9593,11.89,11.8206,11.7511,11.7005,11.6642,11.6277,11.5912,11.5546,11.5179,11.4811,11.4442,11.4072,11.3808,11.4464,11.5121,11.5777,11.6432,11.7088,11.7744,11.8399,11.9055,11.971,12.0084,12.03,12.0516,12.0731,12.0947,12.1163,12.1379,12.1595,12.1811,12.2015,12.2161,12.2306,12.2452,12.2597,12.2742,12.2886,12.303,12.3172,12.3314,12.3252,12.3107,12.2962,12.2816,12.2671,12.2524,12.2378,12.223,12.2083,12.2019,12.2207,12.2394,12.258,12.2765,12.295,12.3133,12.3315,12.3496,12.3676,12.3907,12.4152,12.4394,12.4634,12.4872,12.5108,12.5341,12.5572,12.58,12.5537,12.4243,12.2948,12.1651,12.0351,11.905,11.7746,11.644,11.5132,11.3822,11.3025,11.2313,11.1601,11.0889,11.0176,10.9463,10.8749,10.8035,10.732,10.6686,10.6178,10.5673,10.5169,10.4668,10.4169,10.3672,10.3177,10.2685,10.2195,10.2529,10.2932,10.3335,10.3737,10.4139,10.454,10.4941,10.5342,10.5742,10.546,10.4358,10.3254,10.2151,10.1046,9.9941,9.8836,9.773,9.6624,9.5517,9.3363,9.1192,8.9021,8.685,8.468,8.251,8.0341,7.8172,7.6004,7.4462,7.352,7.2579,7.1641,7.0703,6.9767,6.8833,6.7901,6.697,6.605,6.5375,6.47,6.4024,6.3348,6.2671,6.1995,6.1317,6.064
13.7035,13.6474,13.5915,13.5357,13.4799,13.4243,13.3687,13.3133,13.2579,13.1792,13.078,12.9768,12.8755,12.7743,12.673,12.5716,12.4702,12.3688,12.2691,12.2065,12.1437,12.0807,12.0176,11.9544,11.891,11.8275,11.7638,11.7,11.6554,11.625,11.5944,11.5638,11.533,11.5021,11.4712,11.4402,11.4091,11.3887,11.4562,11.5238,11.5913,11.6589,11.7264,11.7939,11.8614,11.9289,11.9964,12.0355,12.0588,12.0821,12.1054,12.1287,12.152,12.1754,12.1987,12.2221,12.242,12.2461,12.2501,12.2541,12.258,12.2619,12.2657,12.2695,12.2732,12.2768,12.2663,12.25,12.2337,12.2173,12.2009,12.1845,12.168,12.1514,12.1348,12.1259,12.1406,12.1553,12.1699,12.1844,12.1988,12.213,12.2272,12.2413,12.2552,12.2715,12.2882,12.3048,12.3211,12.3372,12.3531,12.3687,12.3841,12.3992,12.3682,12.2342,12.1,11.9655,11.8309,11.696,11.561,11.4257,11.2902,11.1544,11.0736,11.0033,10.9328,10.8624,10.7919,10.7213,10.6507,10.58,10.5093,10.4483,10.4041,10.3601,10.3163,10.2728,10.2294,10.1862,10.1433,10.1006,10.0581,10.0905,10.1311,10.1716,10.2122,10.2527,10.2931,10.3335,10.3739,10.4143,10.3902,10.2799,10.1696,10.0592,9.9488,9.8383,9.7278,9.6172,9.5066,9.3959,9.185,8.9694,8.7538,8.5382,8.3227,8.1072,7.8918,7.6764,7.461,7.305,7.2138,7.1227,7.0318,6.9411,6.8505,6.76,6.6698,6.5797,6.4897,6.4223,6.3547,6.2872,6.2196,6.1519,6.0843,6.0165,5.9488
13.6326,13.5729,13.5133,13.4538,13.3944,13.3351,13.2759,13.2168,13.1577,13.0765,12.9753,12.874,12.7727,12.6714,12.57,12.4686,12.3672,12.2657,12.1667,12.1097,12.0527,11.9954,11.938,11.8805,11.8228,11.765,11.7071,11.649,11.6105,11.5859,11.5612,11.5364,11.5115,11.4865,11.4614,11.4362,11.411,11.3965,11.4661,11.5356,11.605,11.6745,11.744,11.8134,11.8828,11.9523,12.0217,12.0625,12.0875,12.1126,12.1377,12.1627,12.1878,12.2129,12.238,12.2631,12.2826,12.2761,12.2695,12.2629,12.2563,12.2497,12.2429,12.2361,12.2293,12.2223,12.2075,12.1894,12.1712,12.153,12.1348,12.1165,12.0982,12.0798,12.0614,12.0499,12.0606,12.0713,12.0818,12.0923,12.1026,12.1129,12.123,12.133,12.143,12.1524,12.1614,12.1703,12.179,12.1874,12.1956,12.2035,12.2112,12.2187,12.1829,12.0442,11.9053,11.7661,11.6268,11.4872,11.3475,11.2075,11.0673,10.9269,10.8448,10.7752,10.7055,10.6358,10.566,10.4962,10.4264,10.3565,10.2865,10.2278,10.1902,10.1527,10.1155,10.0784,10.0416,10.005,9.9686,9.9324,9.8965,9.928,9.9689,10.0098,10.0507,10.0915,10.1322,10.173,10.2137,10.2543,10.2344,10.1241,10.0138,9.9034,9.793,9.6825,9.572,9.4614,9.3508,9.2401,9.0337,8.8195,8.6054,8.3913,8.1773,7.9633,7.7493,7.5354,7.3215,7.1636,7.0754,6.9873,6.8994,6.8116,6.724,6.6365,6.5492,6.4621,6.3751,6.307,6.2395,6.1719,6.1044,6.0367,5.9691,5.9014,5.8336
13.5616,13.4983,13.435,13.3719,13.3088,13.2458,13.1829,13.1201,13.0574,12.9739,12.8726,12.7712,12.6699,12.5685,12.467,12.3656,12.2641,12.1625,12.0644,12.0132,11.9618,11.9103,11.8586,11.8068,11.7548,11.7027,11.6504,11.5981,11.5657,11.5469,11.5281,11.5091,11.4901,11.4709,11.4517,11.4324,11.413,11.4045,11.4759,11.5473,11.6187,11.6901,11.7615,11.8329,11.9043,11.9757,12.047,12.0895,12.1163,12.1431,12.1699,12.1967,12.2235,12.2504,12.2772,12.3041,12.3232,12.3061,12.289,12.2719,12.2547,12.2375,12.2202,12.2028,12.1854,12.1679,12.1487,12.1287,12.1088,12.0887,12.0687,12.0486,12.0285,12.0083,11.9881,11.974,11.9807,11.9873,11.9938,12.0002,12.0066,12.0128,12.0189,12.0249,12.0308,12.0334,12.0348,12.036,12.037,12.0378,12.0383,12.0386,12.0386,12.0384,11.9977,11.8543,11.7107,11.5669,11.4228,11.2786,11.1342,10.9895,10.8446,10.6995,10.6159,10.547,10.4781,10.4092,10.3402,10.2712,10.2021,10.1329,10.0638,10.0071,9.976,9.9451,9.9143,9.8838,9.8535,9.8234,9.7936,9.764,9.7346,9.7655,9.8068,9.848,9.8891,9.9302,9.9713,10.0124,10.0534,10.0943,10.0786,9.9683,9.858,9.7476,9.6372,9.5267,9.4162,9.3056,9.195,9.0843,8.8823,8.6696,8.457,8.2444,8.0318,7.8193,7.6068,7.3944,7.182,7.0221,6.9368,6.8517,6.7667,6.6819,6.5973,6.5128,6.4285,6.3443,6.2603,6.1917,6.1242,6.0567,5.9891,5.9215,5.8539,5.7862,5.7185
13.4905,13.4235,13.3566,13.2898,13.223,13.1564,13.0898,13.0234,12.957,12.8712,12.7698,12.6684,12.567,12.4655,12.3641,12.2625,12.161,12.0594,11.9622,11.9167,11.871,11.8252,11.7792,11.7331,11.6869,11.6405,11.5939,11.5473,11.521,11.5081,11.4951,11.4819,11.4687,11.4554,11.442,11.4286,11.415,11.4124,11.4858,11.5591,11.6325,11.7058,11.7791,11.8525,11.9258,11.9991,12.0724,12.1166,12.1451,12.1737,12.2022,12.2308,12.2593,12.2879,12.3165,12.345,12.3639,12.3362,12.3085,12.2808,12.2531,12.2253,12.1975,12.1696,12.1416,12.1135,12.0899,12.0681,12.0463,12.0245,12.0026,11.9807,11.9587,11.9367,11.9147,11.8981,11.9008,11.9034,11.9059,11.9083,11.9106,11.9128,11.9149,11.9168,11.9187,11.9146,11.9084,11.9019,11.8952,11.8883,11.8811,11.8738,11.8661,11.8582,11.8127,11.6645,11.5162,11.3677,11.219,11.0701,10.921,10.7716,10.622,10.4722,10.387,10.3189,10.2508,10.1826,10.1143,10.0461,9.9777,9.9094,9.8409,9.7861,9.7615,9.7371,9.7129,9.6889,9.6652,9.6416,9.6183,9.5952,9.5723,9.603,9.6446,9.6861,9.7276,9.769,9.8104,9.8517,9.8931,9.9343,9.9228,9.8125,9.7022,9.5918,9.4814,9.3709,9.2604,9.1498,9.0392,8.9285,8.7308,8.5196,8.3084,8.0973,7.8862,7.6752,7.4642,7.2532,7.0423,6.8803,6.798,6.7159,6.6339,6.5521,6.4704,6.3889,6.3075,6.2263,6.1453,6.0764,6.009,5.9415,5.8739,5.8063,5.7387,5.671,5.6033
13.4193,13.3486,13.278,13.2075,13.1372,13.0669,12.9966,12.9265,12.8565,12.7685,12.6671,12.5657,12.4642,12.3626,12.2611,12.1595,12.0579,11.9562,11.8602,11.8204,11.7804,11.7403,11.7,11.6596,11.619,11.5783,11.5375,11.4966,11.4763,11.4693,11.4621,11.4549,11.4475,11.44,11.4325,11.4249,11.4172,11.4203,11.4956,11.5709,11.6462,11.7215,11.7968,11.872,11.9473,12.0225,12.0977,12.1437,12.1739,12.2042,12.2345,12.2648,12.2951,12.3254,12.3557,12.386,12.4045,12.3663,12.3281,12.2898,12.2516,12.2132,12.1749,12.1364,12.0979,12.0592,12.0311,12.0075,11.9839,11.9602,11.9366,11.9128,11.889,11.8652,11.8414,11.8223,11.821,11.8195,11.818,11.8164,11.8147,11.8128,11.8109,11.8089,11.8067,11.796,11.7821,11.7679,11.7536,11.739,11.7242,11.7092,11.6939,11.6783,11.6277,11.4749,11.3219,11.1687,11.0153,10.8617,10.7079,10.5539,10.3996,10.2451,10.158,10.0907,10.0233,9.9559,9.8885,9.8209,9.7534,9.6858,9.6181,9.5648,9.5467,9.5289,9.5112,9.4938,9.4765,9.4595,9.4427,9.4261,9.4098,9.4405,9.4824,9.5242,9.566,9.6077,9.6494,9.6911,9.7327,9.7743,9.767,9.6567,9.5464,9.436,9.3256,9.2151,9.1046,8.994,8.8834,8.7727,8.5792,8.3695,8.1598,7.9501,7.7405,7.531,7.3215,7.112,6.9026,6.7384,6.659,6.5799,6.5008,6.422,6.3433,6.2647,6.1864,6.1081,6.0301,5.9612,5.8937,5.8262,5.7587,5.6911,5.6235,5.5558,5.4881
13.3479,13.2736,13.1993,13.1252,13.0512,12.9772,12.9033,12.8295,12.7558,12.6659,12.5644,12.4629,12.3613,12.2597,12.1581,12.0565,11.9548,11.8531,11.7583,11.7242,11.6899,11.6555,11.6209,11.5862,11.5513,11.5163,11.4812,11.4459,11.4318,11.4306,11.4293,11.4278,11.4263,11.4247,11.423,11.4212,11.4194,11.4283,11.5055,11.5828,11.66,11.7372,11.8144,11.8916,11.9688,12.0459,12.1231,12.1707,12.2027,12.2348,12.2668,12.2988,12.3308,12.3629,12.3949,12.427,12.4452,12.3964,12.3477,12.2989,12.2501,12.2012,12.1523,12.1033,12.0542,12.0051,11.9723,11.9469,11.9215,11.896,11.8705,11.845,11.8194,11.7937,11.768,11.7466,11.7412,11.7357,11.7302,11.7245,11.7188,11.713,11.707,11.7009,11.6948,11.6775,11.656,11.6342,11.6122,11.5899,11.5675,11.5447,11.5218,11.4986,11.4429,11.2854,11.1278,10.9699,10.8118,10.6535,10.495,10.3363,10.1774,10.0182,9.9291,9.8625,9.7959,9.7292,9.6625,9.5958,9.529,9.4621,9.3952,9.3433,9.3317,9.3204,9.3092,9.2983,9.2876,9.2771,9.2668,9.2568,9.247,9.278,9.3202,9.3623,9.4044,9.4465,9.4885,9.5305,9.5724,9.6143,9.6111,9.5009,9.3906,9.2802,9.1698,9.0593,8.9488,8.8382,8.7276,8.6169,8.4275,8.2192,8.011,7.8029,7.5948,7.3867,7.1786,6.9706,6.7627,6.5962,6.5198,6.4436,6.3676,6.2917,6.216,6.1404,6.065,5.9897,5.9147,5.8459,5.7785,5.711,5.6435,5.5759,5.5083,5.4407,5.373
13.2765,13.1984,13.1205,13.0427,12.965,12.8874,12.8099,12.7325,12.6551,12.5632,12.4617,12.3601,12.2585,12.1568,12.0551,11.9534,11.8517,11.7499,11.6565,11.6281,11.5996,11.5708,11.5419,11.5129,11.4837,11.4544,11.425,11.3954,11.3874,11.392,11.3965,11.4009,11.4052,11.4095,11.4136,11.4176,11.4216,11.4363,11.5155,11.5946,11.6738,11.7529,11.8321,11.9112,11.9903,12.0694,12.1485,12.1978,12.2316,12.2653,12.2991,12.3328,12.3666,12.4004,12.4342,12.468,12.4859,12.4266,12.3673,12.308,12.2486,12.1892,12.1298,12.0702,12.0106,11.9509,11.9135,11.8863,11.8591,11.8318,11.8045,11.7771,11.7497,11.7223,11.6948,11.6709,11.6615,11.652,11.6424,11.6328,11.623,11.6132,11.6032,11.5931,11.5829,11.5592,11.53,11.5006,11.4709,11.441,11.4109,11.3805,11.3499,11.3191,11.2582,11.0961,10.9337,10.7712,10.6084,10.4454,10.2823,10.1189,9.9553,9.7914,9.7001,9.6343,9.5684,9.5025,9.4366,9.3706,9.3045,9.2384,9.1723,9.1215,9.1164,9.1116,9.107,9.1026,9.0984,9.0944,9.0906,9.0871,9.0838,9.1154,9.1579,9.2004,9.2428,9.2852,9.3275,9.3698,9.412,9.4543,9.4553,9.3451,9.2348,9.1244,9.014,8.9035,8.793,8.6824,8.5717,8.4611,8.2757,8.0689,7.8622,7.6555,7.4489,7.2423,7.0357,6.8292,6.6227,6.4538,6.3805,6.3072,6.2341,6.1612,6.0885,6.0158,5.9434,5.8711,5.799,5.7306,5.6632,5.5957,5.5282,5.4607,5.3931,5.3255,5.2578
13.2048,13.1232,13.0416,12.9601,12.8788,12.7975,12.7163,12.6352,12.5542,12.4605,12.3589,12.2573,12.1556,12.0539,11.9522,11.8504,11.7486,11.6467,11.5549,11.5322,11.5093,11.4863,11.4631,11.4397,11.4163,11.3926,11.3689,11.345,11.3431,11.3535,11.3639,11.3741,11.3842,11.3943,11.4043,11.4141,11.424,11.4443,11.5254,11.6065,11.6876,11.7687,11.8497,11.9308,12.0118,12.0928,12.1739,12.2249,12.2604,12.2959,12.3314,12.3669,12.4024,12.4379,12.4734,12.509,12.5266,12.4568,12.3869,12.3171,12.2472,12.1773,12.1073,12.0373,11.9671,11.8969,11.8548,11.8258,11.7967,11.7676,11.7385,11.7093,11.6801,11.6508,11.6215,11.5952,11.5818,11.5683,11.5548,11.5411,11.5273,11.5134,11.4995,11.4854,11.4712,11.4411,11.4042,11.3671,11.3298,11.2923,11.2545,11.2165,11.1783,11.1397,11.0737,10.9068,10.7398,10.5726,10.4051,10.2375,10.0697,9.9016,9.7333,9.5648,9.471,9.406,9.3409,9.2758,9.2106,9.1454,9.0801,9.0147,8.9494,8.8994,8.9009,8.9026,8.9045,8.9066,8.9089,8.9114,8.9142,8.9172,8.9204,8.9529,8.9957,9.0384,9.0812,9.1239,9.1665,9.2091,9.2517,9.2942,9.2995,9.1893,9.0789,8.9686,8.8582,8.7477,8.6372,8.5266,8.4159,8.3053,8.1238,7.9186,7.7133,7.5081,7.3029,7.0978,6.8927,6.6877,6.4827,6.3113,6.2409,6.1706,6.1005,6.0305,5.9607,5.8911,5.8216,5.7523,5.6831,5.6153,5.5479,5.4805,5.413,5.3455,5.2779,5.2103,5.1426
13.1331,13.0477,12.9625,12.8774,12.7924,12.7075,12.6227,12.5379,12.4533,12.3579,12.2562,12.1545,12.0528,11.951,11.8492,11.7473,11.6455,11.5436,11.4534,11.4364,11.4192,11.4019,11.3844,11.3667,11.3489,11.331,11.3129,11.2947,11.2988,11.3151,11.3313,11.3474,11.3633,11.3792,11.395,11.4107,11.4264,11.4523,11.5354,11.6184,11.7014,11.7844,11.8674,11.9504,12.0333,12.1163,12.1993,12.252,12.2892,12.3264,12.3637,12.4009,12.4381,12.4754,12.5127,12.55,12.5673,12.4869,12.4066,12.3263,12.2459,12.1654,12.0849,12.0044,11.9237,11.843,11.7961,11.7652,11.7344,11.7035,11.6725,11.6415,11.6105,11.5794,11.5483,11.5197,11.5022,11.4847,11.4672,11.4495,11.4317,11.4138,11.3958,11.3777,11.3595,11.3231,11.2786,11.2339,11.1889,11.1437,11.0983,11.0527,11.0068,10.9606,10.8892,10.7177,10.546,10.3741,10.202,10.0297,9.8572,9.6845,9.5115,9.3383,9.242,9.1777,9.1134,9.049,8.9846,8.9201,8.8556,8.791,8.7264,8.6771,8.6851,8.6933,8.7017,8.7103,8.7191,8.7282,8.7374,8.7469,8.7566,8.7903,8.8334,8.8765,8.9195,8.9625,9.0055,9.0484,9.0913,9.1341,9.1437,9.0334,8.9231,8.8128,8.7023,8.5919,8.4813,8.3708,8.2601,8.1495,7.9719,7.7681,7.5643,7.3606,7.1569,6.9532,6.7496,6.5461,6.3425,6.1686,6.1011,6.0338,5.9666,5.8996,5.8328,5.7661,5.6996,5.6332,5.5671,5.5001,5.4327,5.3652,5.2978,5.2302,5.1627,5.0951,5.0275
13.0612,12.9722,12.8833,12.7946,12.7059,12.6174,12.5289,12.4405,12.3522,12.2552,12.1535,12.0517,11.9499,11.8481,11.7462,11.6443,11.5424,11.4404,11.3521,11.3408,11.3292,11.3176,11.3057,11.2938,11.2816,11.2694,11.257,11.2445,11.2547,11.2768,11.2988,11.3207,11.3425,11.3642,11.3858,11.4074,11.4288,11.4604,11.5453,11.6303,11.7152,11.8002,11.8851,11.97,12.0549,12.1398,12.2247,12.2791,12.318,12.357,12.396,12.4349,12.4739,12.5129,12.5519,12.5909,12.608,12.5172,12.4263,12.3355,12.2445,12.1536,12.0626,11.9715,11.8804,11.7891,11.7374,11.7047,11.672,11.6393,11.6065,11.5737,11.5409,11.508,11.4751,11.4441,11.4227,11.4012,11.3796,11.3579,11.3361,11.3142,11.2922,11.2701,11.2479,11.2053,11.1531,11.1008,11.0482,10.9954,10.9423,10.889,10.8355,10.7817,10.7049,10.5287,10.3524,10.1758,9.999,9.8221,9.6449,9.4675,9.2898,9.112,9.0129,8.9494,8.8858,8.8222,8.7586,8.6948,8.6311,8.5673,8.5034,8.4545,8.469,8.4837,8.4986,8.5137,8.5291,8.5446,8.5604,8.5764,8.5926,8.6277,8.6712,8.7145,8.7579,8.8012,8.8445,8.8877,8.9309,8.974,8.9879,8.8776,8.7673,8.6569,8.5465,8.4361,8.3255,8.215,8.1043,7.9936,7.8198,7.6175,7.4152,7.213,7.0107,6.8086,6.6064,6.4043,6.2023,6.0256,5.9611,5.8968,5.8326,5.7686,5.7047,5.641,5.5774,5.514,5.4508,5.3848,5.3174,5.25,5.1825,5.115,5.0475,4.9799,4.9123
12.9891,12.8965,12.804,12.7116,12.6193,12.5271,12.435,12.3429,12.251,12.1525,12.0507,11.9489,11.847,11.7451,11.6432,11.5413,11.4393,11.3372,11.2509,11.2452,11.2394,11.2334,11.2272,11.2209,11.2145,11.2079,11.2012,11.1944,11.2107,11.2386,11.2664,11.2941,11.3218,11.3493,11.3767,11.4041,11.4314,11.4684,11.5553,11.6422,11.7291,11.816,11.9028,11.9896,12.0765,12.1633,12.2501,12.3062,12.3469,12.3876,12.4283,12.469,12.5097,12.5504,12.5912,12.6319,12.6488,12.5474,12.4461,12.3447,12.2433,12.1418,12.0403,11.9387,11.8371,11.7353,11.6787,11.6442,11.6097,11.5752,11.5406,11.506,11.4713,11.4366,11.4019,11.3687,11.3433,11.3177,11.2921,11.2664,11.2406,11.2147,11.1887,11.1626,11.1364,11.0876,11.0278,10.9678,10.9076,10.8472,10.7865,10.7256,10.6644,10.603,10.5207,10.3399,10.1589,9.9776,9.7962,9.6146,9.4327,9.2506,9.0683,8.8858,8.7838,8.7211,8.6583,8.5954,8.5325,8.4695,8.4065,8.3435,8.2804,8.2316,8.2526,8.2739,8.2953,8.3169,8.3387,8.3608,8.383,8.4055,8.4283,8.4651,8.5089,8.5526,8.5962,8.6398,8.6834,8.727,8.7705,8.8139,8.8321,8.7218,8.6115,8.5011,8.3907,8.2802,8.1697,8.0592,7.9485,7.8378,7.6677,7.4668,7.266,7.0652,6.8645,6.6638,6.4631,6.2625,6.062,5.8825,5.821,5.7596,5.6983,5.6373,5.5763,5.5156,5.455,5.3945,5.3343,5.2695,5.2021,5.1347,5.0673,4.9998,4.9323,4.8647,4.7971
12.917,12.8207,12.7246,12.6285,12.5326,12.4367,12.341,12.2453,12.1497,12.0499,11.948,11.8461,11.7442,11.6422,11.5402,11.4382,11.3361,11.2341,11.1498,11.1498,11.1497,11.1493,11.1489,11.1482,11.1475,11.1466,11.1456,11.1444,11.1668,11.2005,11.2341,11.2677,11.3011,11.3344,11.3677,11.4009,11.434,11.4765,11.5654,11.6542,11.743,11.8318,11.9205,12.0093,12.098,12.1868,12.2755,12.3333,12.3757,12.4182,12.4606,12.503,12.5455,12.5879,12.6304,12.6729,12.6895,12.5777,12.4658,12.354,12.2421,12.1301,12.0181,11.906,11.7939,11.6816,11.62,11.5837,11.5474,11.5111,11.4747,11.4383,11.4018,11.3653,11.3287,11.2933,11.2639,11.2343,11.2047,11.175,11.1452,11.1153,11.0853,11.0552,11.0249,10.9701,10.9027,10.8351,10.7672,10.6992,10.6309,10.5623,10.4935,10.4245,10.3367,10.1512,9.9655,9.7796,9.5935,9.4072,9.2207,9.0339,8.847,8.6598,8.5547,8.4927,8.4306,8.3685,8.3064,8.2442,8.1819,8.1196,8.0573,8.0085,8.036,8.0637,8.0917,8.1198,8.1481,8.1766,8.2054,8.2344,8.2636,8.3025,8.3466,8.3906,8.4345,8.4785,8.5224,8.5662,8.61,8.6538,8.6762,8.566,8.4557,8.3453,8.2349,8.1244,8.0139,7.9033,7.7927,7.682,7.5155,7.3161,7.1168,6.9174,6.7182,6.5189,6.3198,6.1206,5.9215,5.7392,5.6806,5.6222,5.5639,5.5058,5.4478,5.3902,5.333,5.2759,5.2189,5.1558,5.0889,5.0219,4.9549,4.8879,4.8209,4.7539,4.6868
12.8447,12.7448,12.645,12.5453,12.4457,12.3462,12.2468,12.1475,12.0482,11.9472,11.8453,11.7433,11.6413,11.5393,11.4372,11.3352,11.233,11.1309,11.0489,11.0546,11.0601,11.0654,11.0706,11.0757,11.0806,11.0853,11.09,11.0945,11.1229,11.1625,11.2019,11.2413,11.2805,11.3197,11.3587,11.3977,11.4367,11.4847,11.5754,11.6661,11.7569,11.8476,11.9383,12.029,12.1196,12.2103,12.301,12.3604,12.4046,12.4487,12.4929,12.5371,12.5813,12.6254,12.6697,12.7139,12.7303,12.608,12.4856,12.3633,12.2409,12.1184,11.9959,11.8734,11.7507,11.628,11.5613,11.5232,11.4851,11.447,11.4088,11.3705,11.3323,11.2939,11.2556,11.2179,11.1845,11.151,11.1174,11.0837,11.0499,11.0159,10.9819,10.9478,10.9136,10.8528,10.7778,10.7025,10.627,10.5513,10.4754,10.3993,10.3228,10.2462,10.1528,9.9626,9.7722,9.5817,9.3909,9.2,9.0088,8.8174,8.6258,8.4339,8.3255,8.2643,8.203,8.1417,8.0803,8.0188,7.9573,7.8958,7.8342,7.7851,7.8192,7.8534,7.8878,7.9224,7.9572,7.9922,8.0275,8.063,8.0988,8.1405,8.1852,8.2298,8.2742,8.3185,8.3627,8.4067,8.4505,8.4942,8.5205,8.4102,8.2999,8.1895,8.079,7.9685,7.8579,7.7473,7.6366,7.5259,7.3636,7.1671,6.9708,6.7747,6.5787,6.383,6.1875,5.9922,5.7971,5.6142,5.5582,5.5022,5.4464,5.3906,5.3349,5.2792,5.2237,5.1682,5.1127,5.0509,4.9842,4.9174,4.8506,4.7838,4.717,4.6501,4.5833
12.75,12.6545,12.5587,12.4626,12.3663,12.2697,12.1728,12.0757,11.9783,11.8801,11.7814,11.6825,11.5834,11.484,11.3845,11.2847,11.1847,11.0845,11.006,11.0156,11.0251,11.0344,11.0437,11.0528,11.0619,11.0709,11.0798,11.0887,11.1194,11.16,11.2008,11.2417,11.2827,11.3238,11.3649,11.4062,11.4476,11.4976,11.5867,11.6759,11.7652,11.8545,11.944,12.0336,12.1232,12.2129,12.3027,12.3614,12.4053,12.4491,12.4929,12.5366,12.5804,12.6241,12.6678,12.7114,12.7259,12.5943,12.4627,12.3311,12.1993,12.0675,11.9356,11.8036,11.6715,11.5394,11.4658,11.4225,11.379,11.3353,11.2914,11.2473,11.2029,11.1583,11.1134,11.069,11.0291,10.9891,10.9488,10.9083,10.8676,10.8266,10.7855,10.7441,10.7024,10.635,10.5533,10.4715,10.3896,10.3076,10.2256,10.1435,10.0612,9.979,9.8823,9.6924,9.5027,9.3131,9.1237,8.9344,8.7454,8.5565,8.3679,8.1795,8.0745,8.0203,7.9663,7.9127,7.8594,7.8064,7.7537,7.7014,7.6495,7.6079,7.6465,7.6852,7.7239,7.7627,7.8016,7.8405,7.8795,7.9186,7.9578,7.9991,8.0418,8.0844,8.1268,8.169,8.2111,8.253,8.2948,8.3365,8.3649,8.2545,8.1441,8.0336,7.923,7.8124,7.7018,7.591,7.4802,7.3694,7.2118,7.0193,6.8269,6.6348,6.4428,6.251,6.0595,5.8681,5.6769,5.4933,5.439,5.3847,5.3304,5.2762,5.2221,5.1681,5.1142,5.0603,5.0065,4.9459,4.8794,4.8128,4.7462,4.6796,4.613,4.5464,4.4797
12.646,12.5578,12.4693,12.3805,12.2914,12.2021,12.1125,12.0227,11.9326,11.8422,11.7514,11.6604,11.5691,11.4776,11.386,11.2941,11.202,11.1097,11.0398,11.0546,11.0693,11.0839,11.0983,11.1127,11.127,11.1412,11.1554,11.1694,11.198,11.2329,11.268,11.3031,11.3384,11.3738,11.4092,11.4448,11.4804,11.5239,11.6013,11.6789,11.7565,11.8342,11.9121,11.99,12.068,12.146,12.2241,12.2732,12.3084,12.3436,12.3788,12.414,12.4491,12.4843,12.5193,12.5544,12.5612,12.4258,12.2904,12.1549,12.0194,11.8838,11.7481,11.6123,11.4764,11.3404,11.2567,11.2006,11.1443,11.0878,11.031,10.974,10.9168,10.8593,10.8016,10.7454,10.6995,10.6534,10.6071,10.5606,10.5139,10.4669,10.4198,10.3723,10.3247,10.2567,10.1768,10.0968,10.0168,9.9366,9.8564,9.7761,9.6958,9.6153,9.5229,9.3428,9.1628,8.983,8.8033,8.6238,8.4445,8.2655,8.0866,7.908,7.8113,7.7681,7.7251,7.6825,7.6402,7.5982,7.5566,7.5153,7.4744,7.4413,7.4828,7.5243,7.5658,7.6074,7.6491,7.6909,7.7327,7.7746,7.8166,7.8579,7.8985,7.939,7.9794,8.0196,8.0596,8.0995,8.1392,8.1788,8.2093,8.0988,7.9883,7.8777,7.7671,7.6563,7.5456,7.4347,7.3239,7.2129,7.0598,6.8713,6.6829,6.4946,6.3066,6.1188,5.9312,5.7438,5.5566,5.3724,5.3196,5.267,5.2143,5.1618,5.1093,5.0569,5.0046,4.9523,4.9002,4.841,4.7746,4.7083,4.6419,4.5755,4.509,4.4426,4.3761
12.5422,12.4613,12.3801,12.2986,12.2168,12.1348,12.0525,11.97,11.8872,11.8045,11.7216,11.6384,11.5551,11.4715,11.3877,11.3037,11.2194,11.135,11.0738,11.0938,11.1137,11.1334,11.1531,11.1727,11.1922,11.2116,11.231,11.2502,11.2765,11.3057,11.335,11.3645,11.394,11.4237,11.4534,11.4833,11.5132,11.5501,11.6158,11.6817,11.7477,11.8138,11.88,11.9463,12.0127,12.0791,12.1455,12.1849,12.2115,12.2381,12.2648,12.2913,12.3179,12.3444,12.3709,12.3973,12.3965,12.2573,12.1181,11.9788,11.8395,11.7,11.5605,11.4209,11.2812,11.1415,11.0478,10.9788,10.9097,10.8403,10.7707,10.7009,10.6309,10.5606,10.49,10.4218,10.3699,10.3178,10.2655,10.213,10.1603,10.1073,10.0542,10.0007,9.9471,9.8783,9.8002,9.7221,9.6439,9.5656,9.4872,9.4088,9.3302,9.2516,9.1633,8.9929,8.8226,8.6526,8.4827,8.3129,8.1434,7.9741,7.805,7.6361,7.5476,7.5154,7.4835,7.4519,7.4206,7.3897,7.3591,7.3288,7.2989,7.2746,7.3189,7.3632,7.4076,7.452,7.4965,7.5411,7.5857,7.6305,7.6753,7.7167,7.7553,7.7938,7.8321,7.8702,7.9082,7.9461,7.9838,8.0213,8.0538,7.9432,7.8325,7.7218,7.6111,7.5003,7.3894,7.2785,7.1675,7.0564,6.9076,6.723,6.5385,6.3543,6.1702,5.9863,5.8026,5.6192,5.4359,5.2529,5.2002,5.1491,5.0981,5.0472,4.9964,4.9456,4.8949,4.8442,4.7937,4.736,4.6698,4.6037,4.5375,4.4713,4.4051,4.3388,4.2725
12.4387,12.365,12.2911,12.2169,12.1425,12.0677,11.9927,11.9175,11.842,11.767,11.692,11.6167,11.5412,11.4655,11.3896,11.3135,11.2371,11.1606,11.1079,11.133,11.1581,11.1831,11.208,11.2328,11.2575,11.2821,11.3067,11.3312,11.3549,11.3784,11.402,11.4257,11.4496,11.4735,11.4976,11.5217,11.5459,11.5761,11.6303,11.6845,11.7389,11.7934,11.8479,11.9026,11.9573,12.012,12.0668,12.0966,12.1146,12.1327,12.1507,12.1687,12.1866,12.2046,12.2225,12.2403,12.2318,12.0888,11.9458,11.8027,11.6596,11.5163,11.373,11.2296,11.0861,10.9426,10.839,10.7572,10.6752,10.593,10.5106,10.428,10.3451,10.262,10.1786,10.0983,10.0404,9.9823,9.924,9.8655,9.8068,9.7479,9.6887,9.6293,9.5696,9.4998,9.4236,9.3473,9.271,9.1945,9.118,9.0413,8.9647,8.8879,8.8033,8.6427,8.4822,8.3219,8.1617,8.0017,7.842,7.6824,7.523,7.3639,7.2836,7.2624,7.2415,7.2209,7.2007,7.1807,7.1611,7.1418,7.1229,7.1078,7.1549,7.202,7.2492,7.2965,7.3438,7.3912,7.4387,7.4862,7.5338,7.5757,7.6122,7.6486,7.6849,7.721,7.7569,7.7927,7.8284,7.8639,7.8982,7.7875,7.6768,7.566,7.4551,7.3442,7.2332,7.1222,7.0111,6.9,6.7552,6.5745,6.394,6.2137,6.0335,5.8536,5.6739,5.4943,5.315,5.1359,5.0807,5.0312,4.9818,4.9325,4.8833,4.8341,4.7851,4.7361,4.6871,4.631,4.565,4.4991,4.4331,4.3671,4.3011,4.235,4.1689
12.3354,12.2691,12.2024,12.1355,12.0683,12.0009,11.9332,11.8652,11.797,11.7297,11.6626,11.5952,11.5276,11.4598,11.3917,11.3235,11.255,11.1863,11.142,11.1724,11.2027,11.2329,11.263,11.293,11.3229,11.3527,11.3825,11.4122,11.4332,11.451,11.4689,11.4869,11.5051,11.5233,11.5416,11.5601,11.5786,11.602,11.6445,11.6872,11.7299,11.7728,11.8157,11.8587,11.9018,11.9449,11.9881,12.0082,12.0177,12.0271,12.0366,12.046,12.0554,12.0647,12.074,12.0833,12.0671,11.9203,11.7735,11.6266,11.4797,11.3327,11.1855,11.0383,10.8911,10.7437,10.6303,10.5357,10.4409,10.3459,10.2506,10.1552,10.0595,9.9636,9.8674,9.7749,9.711,9.6469,9.5826,9.5181,9.4534,9.3885,9.3233,9.2579,9.1922,9.1213,9.047,8.9725,8.898,8.8234,8.7487,8.6739,8.599,8.5241,8.4431,8.2922,8.1415,7.9909,7.8405,7.6903,7.5402,7.3904,7.2407,7.0913,7.0192,7.009,6.9992,6.9896,6.9803,6.9713,6.9627,6.9545,6.9466,6.9409,6.9908,7.0407,7.0907,7.1408,7.191,7.2412,7.2915,7.3418,7.3923,7.4347,7.4692,7.5036,7.5378,7.5718,7.6058,7.6395,7.6731,7.7066,7.7398,7.6318,7.521,7.4101,7.2992,7.1881,7.0771,6.9659,6.8547,6.7435,6.6025,6.4257,6.2492,6.0728,5.8966,5.7206,5.5448,5.3692,5.1939,5.0187,4.961,4.9132,4.8654,4.8178,4.7701,4.7226,4.6751,4.6277,4.5804,4.5259,4.4602,4.3944,4.3287,4.2629,4.197,4.1312,4.0653
12.2324,12.1733,12.114,12.0543,11.9944,11.9343,11.8738,11.8131,11.7522,11.6927,11.6334,11.5739,11.5142,11.4542,11.394,11.3337,11.2731,11.2123,11.1764,11.212,11.2474,11.2828,11.3181,11.3533,11.3884,11.4234,11.4584,11.4933,11.5113,11.5235,11.5357,11.548,11.5605,11.573,11.5856,11.5984,11.6112,11.6278,11.6587,11.6897,11.7208,11.7521,11.7834,11.8148,11.8463,11.8778,11.9093,11.9199,11.9207,11.9216,11.9224,11.9233,11.9241,11.9249,11.9256,11.9263,11.9024,11.7519,11.6012,11.4506,11.2998,11.149,10.9981,10.8471,10.696,10.5448,10.4217,10.3142,10.2066,10.0988,9.9908,9.8826,9.7741,9.6653,9.5563,9.4516,9.3817,9.3116,9.2413,9.1708,9.1001,9.0292,8.958,8.8866,8.815,8.7428,8.6703,8.5977,8.525,8.4522,8.3793,8.3064,8.2334,8.1603,8.0827,7.9415,7.8005,7.6596,7.519,7.3785,7.2382,7.098,6.9582,6.8185,6.7545,6.7553,6.7564,6.7578,6.7595,6.7616,6.7639,6.7667,6.7698,6.7738,6.8265,6.8793,6.9321,6.985,7.038,7.091,7.1441,7.1973,7.2506,7.2939,7.3263,7.3586,7.3908,7.4228,7.4547,7.4864,7.5179,7.5494,7.5806,7.4762,7.3652,7.2543,7.1432,7.0321,6.9209,6.8097,6.6984,6.587,6.4496,6.2768,6.1041,5.9317,5.7594,5.5874,5.4155,5.2439,5.0724,4.9012,4.8413,4.7951,4.7489,4.7029,4.6569,4.6109,4.5651,4.5193,4.4736,4.4209,4.3554,4.2898,4.2242,4.1586,4.093,4.0274,3.9617
12.1297,12.0779,12.0258,11.9734,11.9208,11.8679,11.8147,11.7613,11.7077,11.6559,11.6045,11.5529,11.501,11.4489,11.3966,11.3441,11.2913,11.2384,11.2108,11.2516,11.2923,11.3328,11.3733,11.4137,11.454,11.4942,11.5344,11.5745,11.5894,11.5959,11.6024,11.609,11.6158,11.6226,11.6295,11.6366,11.6437,11.6535,11.6727,11.6921,11.7117,11.7313,11.751,11.7708,11.7906,11.8105,11.8305,11.8314,11.8237,11.816,11.8083,11.8006,11.7928,11.785,11.7772,11.7693,11.7377,11.5834,11.429,11.2745,11.12,10.9653,10.8106,10.6558,10.501,10.346,10.2132,10.0929,9.9725,9.8519,9.7311,9.6101,9.4888,9.3672,9.2454,9.1283,9.0525,8.9764,8.9001,8.8237,8.747,8.67,8.5929,8.5155,8.4379,8.3642,8.2935,8.2228,8.1519,8.081,8.0099,7.9388,7.8676,7.7964,7.7219,7.5905,7.4592,7.3281,7.1971,7.0664,6.9358,6.8054,6.6752,6.5453,6.4893,6.5011,6.5132,6.5256,6.5383,6.5514,6.5647,6.5785,6.5925,6.607,6.6622,6.7178,6.7734,6.8291,6.8849,6.9408,6.9967,7.0527,7.1088,7.1531,7.1835,7.2138,7.2439,7.2739,7.3037,7.3334,7.3629,7.3922,7.4215,7.3205,7.2095,7.0984,6.9872,6.876,6.7648,6.6534,6.542,6.4306,6.2964,6.1275,5.9589,5.7903,5.622,5.4539,5.286,5.1183,4.9508,4.7835,4.7214,4.6768,4.6323,4.5878,4.5435,4.4992,4.4549,4.4108,4.3667,4.3159,4.2505,4.1852,4.1198,4.0544,3.989,3.9235,3.858
12.0272,11.9827,11.9378,11.8927,11.8474,11.8017,11.7559,11.7097,11.6633,11.6194,11.5759,11.5321,11.488,11.4438,11.3993,11.3547,11.3098,11.2648,11.2454,11.2913,11.3372,11.383,11.4287,11.4742,11.5197,11.5652,11.6105,11.6558,11.6675,11.6682,11.669,11.6699,11.671,11.6721,11.6734,11.6747,11.6761,11.679,11.6867,11.6945,11.7024,11.7104,11.7185,11.7267,11.7349,11.7432,11.7516,11.7429,11.7267,11.7104,11.6941,11.6778,11.6615,11.6452,11.6288,11.6123,11.5731,11.4149,11.2567,11.0985,10.9401,10.7817,10.6232,10.4646,10.306,10.1472,10.0048,9.8717,9.7386,9.6052,9.4716,9.3377,9.2036,9.0693,8.9347,8.8052,8.7233,8.6413,8.559,8.4766,8.3939,8.311,8.2279,8.1445,8.0609,7.9856,7.9168,7.8478,7.7788,7.7097,7.6405,7.5712,7.5019,7.4324,7.3609,7.2392,7.1177,6.9963,6.875,6.754,6.6331,6.5125,6.392,6.2718,6.2238,6.2466,6.2697,6.2931,6.3167,6.3408,6.3651,6.3898,6.4149,6.4403,6.4977,6.5561,6.6146,6.6731,6.7317,6.7904,6.8491,6.9079,6.9668,7.0124,7.0408,7.069,7.0971,7.125,7.1528,7.1804,7.2079,7.2352,7.2624,7.1649,7.0537,6.9425,6.8313,6.72,6.6086,6.4972,6.3857,6.2741,6.143,5.9781,5.8133,5.6488,5.4844,5.3202,5.1562,4.9924,4.8289,4.6655,4.6014,4.5585,4.5156,4.4727,4.43,4.3873,4.3447,4.3021,4.2596,4.2108,4.1457,4.0805,4.0153,3.9501,3.8849,3.8196,3.7544
11.925,11.8877,11.8502,11.8123,11.7742,11.7358,11.6972,11.6583,11.6192,11.5831,11.5474,11.5115,11.4753,11.4389,11.4023,11.3655,11.3285,11.2913,11.28,11.3312,11.3823,11.4332,11.4841,11.5349,11.5855,11.6362,11.6867,11.7371,11.7454,11.7404,11.7355,11.7308,11.7261,11.7216,11.7172,11.7128,11.7085,11.7044,11.7005,11.6967,11.693,11.6894,11.6859,11.6825,11.6792,11.6759,11.6726,11.6544,11.6296,11.6048,11.58,11.5551,11.5302,11.5053,11.4803,11.4553,11.4084,11.2465,11.0845,10.9224,10.7603,10.5981,10.4358,10.2734,10.111,9.9484,9.7965,9.6507,9.5047,9.3585,9.2121,9.0655,8.9187,8.7715,8.6242,8.4821,8.3943,8.3063,8.218,8.1296,8.0409,7.9521,7.8629,7.7736,7.684,7.607,7.54,7.4728,7.4056,7.3384,7.271,7.2036,7.136,7.0684,6.9997,6.8877,6.7758,6.6642,6.5526,6.4413,6.3302,6.2192,6.1085,5.998,5.958,5.9917,6.0258,6.0601,6.0948,6.1298,6.1651,6.2007,6.2368,6.2732,6.3332,6.3944,6.4556,6.517,6.5784,6.6399,6.7014,6.763,6.8247,6.8718,6.8982,6.9244,6.9504,6.9763,7.002,7.0276,7.0531,7.0784,7.1035,7.0092,6.898,6.7867,6.6753,6.5639,6.4525,6.3409,6.2293,6.1177,5.9894,5.8284,5.6676,5.5069,5.3465,5.1862,5.0262,4.8663,4.7067,4.5472,4.4814,4.44,4.3987,4.3575,4.3163,4.2753,4.2343,4.1933,4.1525,4.1057,4.0408,3.9758,3.9108,3.8458,3.7808,3.7158,3.6507
11.823,11.793,11.7627,11.7321,11.7013,11.6702,11.6388,11.6072,11.5753,11.547,11.5192,11.4911,11.4628,11.4342,11.4055,11.3765,11.3473,11.318,11.3148,11.3712,11.4274,11.4836,11.5396,11.5956,11.6515,11.7073,11.763,11.8186,11.8232,11.8125,11.802,11.7915,11.7812,11.771,11.7608,11.7508,11.7408,11.7296,11.7141,11.6988,11.6835,11.6683,11.6532,11.6383,11.6233,11.6085,11.5936,11.5659,11.5325,11.4991,11.4657,11.4323,11.3989,11.3654,11.3319,11.2984,11.2437,11.078,10.9123,10.7464,10.5805,10.4145,10.2484,10.0823,9.916,9.7497,9.5883,9.4297,9.271,9.112,8.9529,8.7935,8.6338,8.4739,8.3138,8.1591,8.0653,7.9713,7.8771,7.7827,7.6881,7.5932,7.4981,7.4028,7.3073,7.2283,7.1631,7.0978,7.0325,6.967,6.9015,6.8359,6.7702,6.7044,6.6382,6.5359,6.4337,6.3318,6.23,6.1283,6.0269,5.9257,5.8246,5.7238,5.6917,5.7364,5.7815,5.8268,5.8724,5.9183,5.9646,6.0113,6.0583,6.1056,6.1685,6.2325,6.2966,6.3607,6.4249,6.4892,6.5536,6.618,6.6825,6.7314,6.7556,6.7798,6.8038,6.8277,6.8514,6.8749,6.8983,6.9216,6.9447,6.8536,6.7423,6.6309,6.5194,6.4079,6.2963,6.1847,6.073,5.9612,5.8356,5.6785,5.5216,5.3649,5.2083,5.052,4.8959,4.74,4.5842,4.4287,4.3612,4.3214,4.2818,4.2422,4.2026,4.1632,4.1238,4.0845,4.0452,4.0006,3.9359,3.8711,3.8063,3.7415,3.6767,3.6119,3.547
11.7213,11.6986,11.6755,11.6522,11.6286,11.6047,11.5806,11.5563,11.5317,11.5112,11.4912,11.4709,11.4505,11.4298,11.4088,11.3877,11.3664,11.3449,11.3498,11.4113,11.4727,11.5341,11.5953,11.6564,11.7175,11.7785,11.8394,11.9002,11.9009,11.8845,11.8683,11.8522,11.8362,11.8203,11.8045,11.7887,11.7731,11.7548,11.7277,11.7007,11.6739,11.6471,11.6205,11.5939,11.5674,11.541,11.5145,11.4773,11.4354,11.3935,11.3515,11.3096,11.2676,11.2256,11.1835,11.1414,11.0791,10.9096,10.74,10.5704,10.4007,10.2309,10.0611,9.8911,9.7211,9.551,9.3802,9.2089,9.0374,8.8656,8.6937,8.5216,8.3492,8.1765,8.0036,7.8362,7.7364,7.6365,7.5363,7.4359,7.3353,7.2345,7.1334,7.0322,6.9306,6.8496,6.7862,6.7228,6.6592,6.5956,6.5319,6.4681,6.4042,6.3403,6.2763,6.1838,6.0914,5.9991,5.907,5.8151,5.7233,5.6318,5.5405,5.4494,5.4251,5.4808,5.5368,5.593,5.6496,5.7065,5.7638,5.8213,5.8793,5.9376,6.0037,6.0705,6.1374,6.2043,6.2714,6.3384,6.4056,6.4729,6.5402,6.591,6.6132,6.6353,6.6573,6.6791,6.7008,6.7223,6.7437,6.7649,6.7859,6.698,6.5865,6.475,6.3635,6.2519,6.1402,6.0284,5.9167,5.8048,5.6815,5.5283,5.3753,5.2226,5.07,4.9176,4.7654,4.6134,4.4616,4.31,4.2409,4.2028,4.1647,4.1267,4.0888,4.0509,4.0132,3.9755,3.9378,3.8955,3.831,3.7664,3.7018,3.6372,3.5726,3.508,3.4433
11.6199,11.6044,11.5886,11.5725,11.5562,11.5396,11.5227,11.5056,11.4882,11.4756,11.4634,11.451,11.4384,11.4255,11.4124,11.3991,11.3857,11.372,11.3848,11.4515,11.5182,11.5847,11.6511,11.7174,11.7836,11.8498,11.9158,11.9818,11.9785,11.9565,11.9346,11.9128,11.8911,11.8695,11.848,11.8266,11.8053,11.7798,11.7411,11.7026,11.6642,11.6259,11.5876,11.5495,11.5114,11.4734,11.4354,11.3887,11.3382,11.2878,11.2373,11.1868,11.1363,11.0857,11.0351,10.9845,10.9144,10.7412,10.5678,10.3944,10.2209,10.0474,9.8737,9.7,9.5262,9.3523,9.1722,8.9881,8.8039,8.6194,8.4347,8.2498,8.0647,7.8793,7.6936,7.5134,7.4077,7.3017,7.1956,7.0892,6.9827,6.8759,6.7689,6.6616,6.5541,6.4708,6.4093,6.3477,6.2859,6.2242,6.1623,6.1003,6.0383,5.9762,5.914,5.8314,5.7487,5.6661,5.5837,5.5015,5.4195,5.3376,5.256,5.1746,5.1581,5.2248,5.2917,5.3589,5.4264,5.4943,5.5625,5.631,5.6999,5.7692,5.8387,5.9084,5.9781,6.0478,6.1177,6.1876,6.2575,6.3276,6.3977,6.4507,6.4709,6.491,6.5109,6.5307,6.5503,6.5698,6.5891,6.6083,6.6273,6.5423,6.4308,6.3192,6.2075,6.0958,5.9841,5.8722,5.7603,5.6484,5.5272,5.3779,5.2289,5.08,4.9313,4.7829,4.6346,4.4865,4.3386,4.191,4.1205,4.084,4.0475,4.0111,3.9748,3.9386,3.9024,3.8663,3.8303,3.7904,3.7261,3.6617,3.5973,3.5329,3.4685,3.404,3.3396
11.5187,11.5104,11.5019,11.4931,11.484,11.4746,11.465,11.4551,11.445,11.4402,11.4359,11.4313,11.4265,11.4215,11.4162,11.4108,11.4051,11.3993,11.42,11.4919,11.5637,11.6354,11.7069,11.7784,11.8498,11.9212,11.9924,12.0636,12.056,12.0283,12.0007,11.9733,11.9459,11.9187,11.8915,11.8644,11.8374,11.8047,11.7544,11.7044,11.6544,11.6045,11.5547,11.505,11.4554,11.4058,11.3562,11.3,11.241,11.182,11.123,11.064,11.0049,10.9458,10.8867,10.8275,10.7498,10.5727,10.3956,10.2184,10.0412,9.8638,9.6864,9.5089,9.3313,9.1537,8.9643,8.7675,8.5705,8.3733,8.1759,7.9782,7.7803,7.5822,7.3837,7.1907,7.079,6.9671,6.855,6.7427,6.6301,6.5174,6.4044,6.2912,6.1777,6.092,6.0323,5.9725,5.9126,5.8527,5.7926,5.7325,5.6723,5.612,5.5516,5.4788,5.4058,5.3329,5.2602,5.1876,5.1153,5.0431,4.9712,4.8995,4.8908,4.9683,5.0462,5.1244,5.2028,5.2816,5.3608,5.4403,5.5201,5.6003,5.6737,5.7462,5.8187,5.8912,5.9639,6.0366,6.1093,6.1822,6.2551,6.3105,6.3286,6.3467,6.3646,6.3823,6.3999,6.4174,6.4347,6.4518,6.4688,6.3867,6.2751,6.1634,6.0516,5.9398,5.8279,5.716,5.604,5.4919,5.3726,5.2273,5.0822,4.9372,4.7925,4.6479,4.5035,4.3594,4.2154,4.0717,4,3.9651,3.9309,3.8987,3.8665,3.8342,3.802,3.7697,3.7375,3.7021,3.6404,3.5787,3.517,3.4553,3.3936,3.3319,3.2702
11.4178,11.4167,11.4154,11.4138,11.412,11.4099,11.4075,11.4049,11.402,11.4051,11.4086,11.4118,11.4148,11.4176,11.4202,11.4226,11.4248,11.4268,11.4553,11.5324,11.6093,11.6862,11.7629,11.8396,11.9162,11.9927,12.0691,12.1454,12.1334,12.1001,12.0668,12.0337,12.0006,11.9677,11.9349,11.9021,11.8695,11.8294,11.7676,11.706,11.6445,11.583,11.5217,11.4604,11.3992,11.3381,11.277,11.2113,11.1438,11.0763,11.0087,10.9412,10.8736,10.806,10.7383,10.6706,10.5852,10.4043,10.2234,10.0425,9.8614,9.6803,9.4991,9.3179,9.1365,8.955,8.7566,8.547,8.3373,8.1273,7.9171,7.7067,7.4961,7.2852,7.0741,6.868,6.7504,6.6325,6.5145,6.3962,6.2777,6.159,6.04,5.9209,5.8014,5.7132,5.6553,5.5973,5.5393,5.4811,5.4229,5.3646,5.3062,5.2478,5.1892,5.1259,5.0626,4.9994,4.9363,4.8735,4.8108,4.7483,4.6861,4.624,4.623,4.7116,4.8004,4.8895,4.9789,5.0686,5.1587,5.2491,5.3399,5.431,5.5086,5.5838,5.6591,5.7345,5.8115,5.8887,5.9658,6.0426,6.1192,6.1779,6.1949,6.2115,6.2279,6.244,6.2597,6.2751,6.2902,6.305,6.3194,6.2401,6.1285,6.0169,5.9051,5.7931,5.6811,5.569,5.4567,5.3443,5.2273,5.0911,4.9556,4.8206,4.6863,4.5527,4.4197,4.2874,4.1558,4.0248,3.9562,3.924,3.8918,3.8596,3.8274,3.7951,3.7629,3.7306,3.6983,3.664,3.6025,3.541,3.4796,3.4181,3.3566,3.2952,3.2337
11.3854,11.3872,11.3887,11.3902,11.3915,11.3928,11.3939,11.3949,11.3958,11.401,11.4066,11.4122,11.4178,11.4234,11.429,11.4347,11.4403,11.4459,11.4775,11.5542,11.631,11.7079,11.785,11.8622,11.9395,12.0169,12.0944,12.172,12.155,12.1163,12.0776,12.0391,12.0007,11.9623,11.9241,11.8858,11.8477,11.801,11.7301,11.6593,11.5884,11.5176,11.4468,11.376,11.3052,11.2344,11.1635,11.089,11.0129,10.9369,10.8607,10.7846,10.7083,10.632,10.5556,10.4792,10.3857,10.2002,10.0147,9.829,9.6432,9.4573,9.2712,9.085,8.8987,8.7122,8.5074,8.2904,8.0734,7.8563,7.6392,7.4219,7.2047,6.9874,6.77,6.5574,6.4367,6.316,6.1951,6.0742,5.9531,5.832,5.7108,5.5896,5.4682,5.3821,5.3318,5.2816,5.2317,5.1819,5.1323,5.0829,5.0337,4.9847,4.9359,4.8865,4.8373,4.7884,4.7398,4.6915,4.6436,4.596,4.5488,4.502,4.511,4.6073,4.7036,4.8001,4.8965,4.9931,5.0897,5.1863,5.2831,5.3799,5.4576,5.5313,5.6048,5.6781,5.7512,5.8241,5.8968,5.9693,6.0415,6.0968,6.1081,6.119,6.1297,6.14,6.15,6.1598,6.1691,6.1782,6.1869,6.1084,5.9956,5.8826,5.7696,5.6564,5.5432,5.4298,5.3163,5.2027,5.0871,4.962,4.8375,4.7137,4.5905,4.468,4.3461,4.2249,4.1044,3.9846,3.9172,3.885,3.8528,3.8206,3.7883,3.756,3.7238,3.6915,3.6591,3.6259,3.5646,3.5034,3.4422,3.3809,3.3197,3.2585,3.1973
11.3702,11.3753,11.3803,11.3852,11.39,11.3946,11.3991,11.4036,11.4079,11.4134,11.4189,11.4245,11.4301,11.4356,11.4412,11.4468,11.4524,11.458,11.4882,11.5588,11.6295,11.7004,11.7715,11.8426,11.9139,11.9852,12.0567,12.1283,12.103,12.0568,12.0107,11.9647,11.9188,11.873,11.8272,11.7815,11.7359,11.6817,11.6039,11.526,11.4482,11.3704,11.2926,11.2148,11.1371,11.0592,10.9814,10.8984,10.8132,10.728,10.6428,10.5575,10.4721,10.3867,10.3012,10.2156,10.1135,9.922,9.7304,9.5386,9.3467,9.1548,8.9626,8.7704,8.578,8.3854,8.1806,7.9675,7.7544,7.5412,7.3279,7.1146,6.9012,6.6878,6.4743,6.2647,6.1448,6.0247,5.9046,5.7843,5.664,5.5436,5.4231,5.3025,5.1819,5.1009,5.0619,5.023,4.9843,4.9458,4.9075,4.8694,4.8315,4.7938,4.7564,4.7195,4.6829,4.6466,4.6106,4.575,4.5397,4.5048,4.4702,4.4361,4.4514,4.5499,4.6484,4.747,4.8456,4.9444,5.0431,5.142,5.2409,5.3399,5.4149,5.4843,5.5534,5.6224,5.6911,5.7596,5.828,5.8961,5.964,6.016,6.0215,6.0268,6.0317,6.0363,6.0407,6.0447,6.0483,6.0517,6.0547,5.9767,5.8627,5.7485,5.6342,5.5198,5.4053,5.2907,5.1759,5.0611,4.9462,4.8322,4.7188,4.6061,4.494,4.3826,4.2718,4.1617,4.0523,3.9436,3.8782,3.846,3.8138,3.7815,3.7492,3.7169,3.6846,3.6523,3.62,3.5876,3.5267,3.4657,3.4047,3.3437,3.2827,3.2217,3.1608
11.3551,11.3636,11.372,11.3803,11.3885,11.3965,11.4045,11.4123,11.4201,11.4257,11.4312,11.4368,11.4423,11.4478,11.4534,11.4589,11.4645,11.47,11.4986,11.5632,11.6279,11.6928,11.7578,11.8229,11.8881,11.9535,12.0189,12.0844,12.0509,11.9972,11.9437,11.8902,11.8368,11.7835,11.7303,11.6771,11.6241,11.5624,11.4775,11.3927,11.3079,11.2232,11.1384,11.0536,10.9689,10.8841,10.7993,10.7078,10.6135,10.5191,10.4248,10.3304,10.2359,10.1413,10.0467,9.952,9.8414,9.6438,9.4461,9.2483,9.0503,8.8523,8.6541,8.4557,8.2573,8.0586,7.8537,7.6446,7.4353,7.226,7.0166,6.8072,6.5977,6.3881,6.1785,5.9721,5.8528,5.7334,5.614,5.4945,5.3748,5.2551,5.1354,5.0155,4.8955,4.8194,4.7917,4.7642,4.7368,4.7095,4.6825,4.6557,4.629,4.6026,4.5765,4.5521,4.5281,4.5045,4.4811,4.4581,4.4355,4.4132,4.3912,4.3697,4.3917,4.4924,4.5931,4.6939,4.7947,4.8956,4.9965,5.0976,5.1987,5.2998,5.3724,5.4374,5.5022,5.5668,5.6312,5.6954,5.7594,5.8231,5.8867,5.9354,5.9353,5.9348,5.934,5.933,5.9316,5.9299,5.9278,5.9254,5.9227,5.8451,5.7298,5.6144,5.4989,5.3832,5.2675,5.1516,5.0356,4.9195,4.8046,4.7017,4.5995,4.4978,4.3968,4.2965,4.1968,4.0978,3.9995,3.9019,3.8392,3.807,3.7747,3.7424,3.7101,3.6778,3.6455,3.6132,3.5808,3.5485,3.4888,3.428,3.3673,3.3065,3.2458,3.185,3.1243
11.3401,11.352,11.3638,11.3755,11.3871,11.3986,11.4099,11.4212,11.4323,11.438,11.4435,11.449,11.4545,11.46,11.4655,11.4711,11.4766,11.4821,11.509,11.5675,11.6262,11.685,11.744,11.8031,11.8623,11.9216,11.981,12.0405,11.9986,11.9375,11.8765,11.8156,11.7547,11.694,11.6333,11.5727,11.5121,11.4429,11.3511,11.2593,11.1676,11.0758,10.9841,10.8924,10.8007,10.7089,10.6172,10.5171,10.4137,10.3102,10.2068,10.1032,9.9996,9.896,9.7922,9.6884,9.5692,9.3656,9.1618,8.9579,8.7539,8.5498,8.3456,8.1412,7.9366,7.7319,7.5269,7.3216,7.1162,6.9108,6.7053,6.4997,6.2941,6.0884,5.8827,5.6794,5.5608,5.4422,5.3234,5.2046,5.0857,4.9667,4.8476,4.7284,4.6092,4.5378,4.5213,4.505,4.4889,4.473,4.4572,4.4416,4.4263,4.4112,4.3963,4.3843,4.373,4.362,4.3513,4.3409,4.3308,4.3212,4.3118,4.3029,4.332,4.4348,4.5377,4.6407,4.7437,4.8467,4.9499,5.0531,5.1563,5.2597,5.3301,5.3908,5.4512,5.5114,5.5715,5.6313,5.6909,5.7504,5.8095,5.8551,5.8493,5.8431,5.8366,5.8298,5.8228,5.8153,5.8076,5.7995,5.7911,5.7136,5.597,5.4804,5.3636,5.2468,5.1298,5.0127,4.8954,4.7781,4.6624,4.5706,4.4794,4.3889,4.299,4.2097,4.1211,4.0332,3.946,3.8594,3.8002,3.768,3.7357,3.7034,3.6711,3.6388,3.6064,3.5741,3.5417,3.5093,3.4509,3.3903,3.3298,3.2693,3.2088,3.1482,3.0877
11.3252,11.3405,11.3558,11.3709,11.3859,11.4007,11.4155,11.4302,11.4447,11.4504,11.4558,11.4613,11.4667,11.4722,11.4777,11.4832,11.4887,11.4942,11.5191,11.5717,11.6243,11.6771,11.7301,11.7831,11.8363,11.8896,11.9429,11.9964,11.9463,11.8777,11.8092,11.7408,11.6725,11.6043,11.5362,11.4681,11.4001,11.3234,11.2246,11.1259,11.0272,10.9285,10.8298,10.7311,10.6324,10.5337,10.435,10.3264,10.2139,10.1013,9.9887,9.8761,9.7634,9.6506,9.5378,9.4248,9.2971,9.0874,8.8776,8.6676,8.4576,8.2474,8.0371,7.8266,7.616,7.4053,7.2,6.9986,6.7971,6.5955,6.3939,6.1922,5.9904,5.7886,5.5868,5.3867,5.2688,5.1509,5.0328,4.9147,4.7965,4.6782,4.5598,4.4414,4.3228,4.2558,4.2507,4.2457,4.2408,4.2361,4.2316,4.2273,4.2233,4.2194,4.2158,4.2163,4.2175,4.2191,4.221,4.2232,4.2258,4.2287,4.232,4.2357,4.2722,4.3772,4.4823,4.5874,4.6926,4.7978,4.9031,5.0085,5.1139,5.2194,5.288,5.3443,5.4004,5.4563,5.512,5.5674,5.6227,5.6778,5.7326,5.7751,5.7635,5.7517,5.7395,5.727,5.7142,5.7011,5.6877,5.6739,5.6598,5.5821,5.4643,5.3464,5.2284,5.1103,4.9921,4.8737,4.7553,4.6367,4.5195,4.4388,4.3587,4.2792,4.2004,4.1223,4.0447,3.9679,3.8917,3.8163,3.7612,3.7289,3.6966,3.6643,3.632,3.5997,3.5673,3.5349,3.5025,3.4701,3.4129,3.3526,3.2923,3.232,3.1717,3.1115,3.0512
11.3104,11.3292,11.3478,11.3663,11.3847,11.403,11.4212,11.4392,11.4572,11.4627,11.4681,11.4735,11.479,11.4844,11.4899,11.4953,11.5008,11.5062,11.5292,11.5757,11.6223,11.6691,11.716,11.763,11.8102,11.8574,11.9048,11.9522,11.8938,11.8177,11.7418,11.666,11.5902,11.5145,11.439,11.3634,11.2879,11.2038,11.098,10.9923,10.8867,10.781,10.6754,10.5697,10.4641,10.3584,10.2527,10.1356,10.014,9.8923,9.7707,9.6489,9.5271,9.4053,9.2833,9.1613,9.025,8.8092,8.5933,8.3773,8.1612,7.945,7.7286,7.5121,7.2954,7.0786,6.8731,6.6755,6.4779,6.2802,6.0824,5.8846,5.6868,5.4888,5.2908,5.094,4.9768,4.8596,4.7422,4.6248,4.5073,4.3897,4.272,4.1543,4.0364,3.9737,3.9798,3.986,3.9924,3.999,4.0058,4.0127,4.0199,4.0273,4.035,4.0478,4.0617,4.0759,4.0904,4.1052,4.1204,4.1359,4.1518,4.1681,4.2123,4.3195,4.4267,4.534,4.6414,4.7488,4.8563,4.9638,5.0714,5.1791,5.246,5.298,5.3497,5.4013,5.4526,5.5038,5.5547,5.6054,5.6559,5.6954,5.6781,5.6605,5.6426,5.6245,5.606,5.5872,5.568,5.5486,5.5288,5.4507,5.3317,5.2126,5.0933,4.974,4.8545,4.7349,4.6152,4.4954,4.376,4.3063,4.2373,4.1689,4.1012,4.0341,3.9677,3.9019,3.8368,3.7724,3.7222,3.6899,3.6576,3.6253,3.5929,3.5606,3.5282,3.4958,3.4634,3.431,3.375,3.3149,3.2548,3.1948,3.1347,3.0747,3.0146
11.2958,11.3179,11.34,11.3619,11.3837,11.4054,11.427,11.4484,11.4696,11.475,11.4804,11.4858,11.4912,11.4966,11.502,11.5075,11.5129,11.5183,11.5391,11.5796,11.6202,11.6609,11.7018,11.7428,11.784,11.8252,11.8665,11.908,11.8411,11.7577,11.6743,11.591,11.5078,11.4247,11.3416,11.2587,11.1757,11.0841,10.9714,10.8588,10.7461,10.6335,10.5209,10.4083,10.2957,10.1831,10.0705,9.9448,9.8141,9.6834,9.5526,9.4218,9.2909,9.1599,9.0289,8.8977,8.7529,8.531,8.3091,8.0871,7.8649,7.6426,7.4202,7.1976,6.9749,6.7521,6.5461,6.3524,6.1587,5.9649,5.771,5.577,5.383,5.189,4.9949,4.8013,4.6848,4.5683,4.4516,4.3349,4.2181,4.1012,3.9842,3.8672,3.75,3.6913,3.7086,3.7261,3.7438,3.7616,3.7797,3.7979,3.8163,3.835,3.8538,3.879,3.9055,3.9323,3.9594,3.9868,4.0146,4.0427,4.0712,4.1,4.1523,4.2617,4.3711,4.4806,4.5901,4.6997,4.8093,4.9191,5.0288,5.1387,5.2043,5.2519,5.2993,5.3465,5.3935,5.4403,5.4868,5.5332,5.5794,5.6159,5.5929,5.5696,5.5461,5.5222,5.498,5.4735,5.4487,5.4235,5.398,5.3194,5.1991,5.0788,4.9583,4.8377,4.717,4.5961,4.4752,4.3541,4.233,4.1732,4.1153,4.058,4.0013,3.9452,3.8899,3.8352,3.7811,3.7278,3.6832,3.6509,3.6186,3.5862,3.5539,3.5215,3.4891,3.4567,3.4242,3.3918,3.337,3.2771,3.2173,3.1575,3.0977,3.0378,2.978
11.2813,11.3068,11.3323,11.3576,11.3828,11.4079,11.4328,11.4577,11.482,11.4873,11.4927,11.4981,11.5034,11.5088,11.5142,11.5196,11.525,11.5304,11.5488,11.5833,11.6179,11.6527,11.6875,11.7225,11.7576,11.7928,11.8282,11.8636,11.7884,11.6975,11.6067,11.5159,11.4253,11.3347,11.2442,11.1538,11.0634,10.9643,10.8447,10.7251,10.6055,10.486,10.3664,10.2469,10.1273,10.0078,9.8882,9.754,9.6142,9.4743,9.3345,9.1946,9.0546,8.9145,8.7744,8.6342,8.4808,8.2529,8.0249,7.7968,7.5686,7.3403,7.1118,6.8832,6.6544,6.4255,6.2191,6.0293,5.8394,5.6495,5.4595,5.2694,5.0792,4.8891,4.6988,4.5085,4.3928,4.2769,4.161,4.045,3.9289,3.8127,3.6964,3.5801,3.4636,3.4087,3.4373,3.466,3.4949,3.524,3.5533,3.5827,3.6124,3.6423,3.6724,3.7099,3.749,3.7883,3.828,3.868,3.9084,3.9491,3.9901,4.0316,4.0923,4.2038,4.3154,4.427,4.5387,4.6505,4.7623,4.8742,4.9862,5.0982,5.1627,5.2059,5.249,5.2918,5.3345,5.3769,5.4192,5.4612,5.503,5.5366,5.508,5.479,5.4498,5.4202,5.3903,5.3601,5.3296,5.2988,5.2676,5.1881,5.0666,4.945,4.8233,4.7015,4.5795,4.4575,4.3353,4.213,4.0905,4.0394,3.9926,3.9463,3.9007,3.8557,3.8114,3.7677,3.7248,3.6825,3.6442,3.6119,3.5795,3.5472,3.5148,3.4824,3.45,3.4175,3.3851,3.3526,3.299,3.2394,3.1798,3.1202,3.0606,3.001,2.9414
11.2669,11.2958,11.3247,11.3534,11.382,11.4105,11.4388,11.4671,11.4943,11.4997,11.505,11.5103,11.5157,11.521,11.5264,11.5317,11.5371,11.5424,11.5584,11.5869,11.6155,11.6442,11.6731,11.7021,11.7312,11.7604,11.7897,11.8191,11.7355,11.6372,11.5389,11.4407,11.3427,11.2447,11.1467,11.0489,10.951,10.8445,10.7179,10.5914,10.4649,10.3384,10.2119,10.0854,9.9589,9.8324,9.7059,9.5631,9.4142,9.2653,9.1164,8.9674,8.8183,8.6692,8.52,8.3707,8.2087,7.9748,7.7407,7.5066,7.2723,7.038,6.8034,6.5688,6.334,6.0991,5.8921,5.7061,5.5201,5.3341,5.1479,4.9617,4.7754,4.5891,4.4027,4.2163,4.1007,3.9856,3.8704,3.755,3.6396,3.5242,3.4086,3.2929,3.1772,3.1258,3.1656,3.2056,3.2458,3.2861,3.3266,3.3673,3.4082,3.4493,3.4907,3.5404,3.5921,3.644,3.6963,3.7489,3.8018,3.8551,3.9087,3.9627,4.0322,4.1459,4.2596,4.3735,4.4873,4.6012,4.7152,4.8293,4.9434,5.0576,5.1212,5.1601,5.1989,5.2374,5.2757,5.3138,5.3517,5.3894,5.4269,5.4576,5.4233,5.3887,5.3537,5.3185,5.2829,5.247,5.2108,5.1743,5.1374,5.0569,4.9342,4.8113,4.6884,4.5653,4.4421,4.3188,4.1954,4.0719,3.9482,3.905,3.8692,3.834,3.7994,3.7655,3.7322,3.6996,3.6677,3.6365,3.6053,3.5729,3.5405,3.5081,3.4757,3.4433,3.4109,3.3784,3.346,3.3135,3.2609,3.2016,3.1422,3.0829,3.0235,2.9642,2.9048
11.2526,11.2849,11.3172,11.3493,11.3813,11.4132,11.4449,11.4766,11.5067,11.512,11.5173,11.5226,11.5279,11.5332,11.5385,11.5438,11.5492,11.5545,11.5679,11.5904,11.613,11.6357,11.6585,11.6815,11.7046,11.7278,11.7511,11.7745,11.6825,11.5767,11.471,11.3654,11.2599,11.1545,11.0491,10.9438,10.8386,10.7246,10.5911,10.4576,10.3241,10.1907,10.0573,9.9238,9.7904,9.657,9.5235,9.3722,9.2142,9.0562,8.8982,8.7401,8.582,8.4238,8.2655,8.1071,7.9366,7.6966,7.4566,7.2164,6.9761,6.7357,6.4951,6.2544,6.0136,5.7726,5.565,5.383,5.2008,5.0186,4.8363,4.654,4.4716,4.2891,4.1066,3.924,3.8087,3.6943,3.5797,3.4651,3.3504,3.2356,3.1207,3.0058,2.8908,2.8427,2.8938,2.945,2.9964,3.0479,3.0997,3.1516,3.2037,3.2561,3.3087,3.3706,3.4348,3.4993,3.5642,3.6293,3.6948,3.7607,3.8269,3.8935,3.972,4.0879,4.2038,4.3198,4.4358,4.5519,4.6681,4.7843,4.9006,5.017,5.08,5.1145,5.1489,5.1831,5.2171,5.2509,5.2845,5.3178,5.351,5.3789,5.3389,5.2986,5.258,5.217,5.1758,5.1342,5.0924,5.0501,5.0076,4.9258,4.8018,4.6777,4.5535,4.4292,4.3048,4.1803,4.0556,3.9308,3.806,3.7699,3.7451,3.721,3.6974,3.6746,3.6523,3.6308,3.6099,3.5897,3.5663,3.5339,3.5015,3.4691,3.4367,3.4042,3.3718,3.3393,3.3068,3.2743,3.2229,3.1638,3.1046,3.0455,2.9864,2.9273,2.8682
11.2384,11.2742,11.3098,11.3453,11.3807,11.416,11.4512,11.4862,11.519,11.5243,11.5296,11.5348,11.5401,11.5454,11.5507,11.556,11.5613,11.5666,11.5773,11.5937,11.6103,11.627,11.6439,11.6608,11.6779,11.6951,11.7124,11.7298,11.6294,11.5162,11.403,11.29,11.1771,11.0642,10.9514,10.8387,10.726,10.6046,10.4641,10.3237,10.1833,10.043,9.9026,9.7622,9.6219,9.4815,9.3411,9.1812,9.0142,8.8471,8.68,8.5129,8.3457,8.1784,8.0111,7.8436,7.6645,7.4185,7.1724,6.9262,6.6799,6.4334,6.1868,5.9401,5.6932,5.4462,5.2379,5.0597,4.8814,4.7031,4.5247,4.3462,4.1676,3.989,3.8104,3.6317,3.5166,3.4029,3.2891,3.1751,3.0611,2.9471,2.8329,2.7186,2.6043,2.5594,2.6217,2.6841,2.7467,2.8095,2.8724,2.9356,2.999,3.0625,3.1264,3.2005,3.2772,3.3543,3.4317,3.5094,3.5874,3.6658,3.7446,3.8238,3.9118,4.0298,4.1479,4.266,4.3842,4.5025,4.6208,4.7392,4.8577,4.9762,5.0389,5.0691,5.0992,5.129,5.1587,5.1882,5.2174,5.2464,5.2752,5.3005,5.2548,5.2088,5.1625,5.1159,5.069,5.0217,4.9742,4.9263,4.8781,4.7947,4.6695,4.5442,4.4188,4.2932,4.1676,4.0418,3.9159,3.7899,3.6638,3.6342,3.6204,3.6073,3.5948,3.583,3.5718,3.5613,3.5514,3.5423,3.5273,3.4949,3.4625,3.43,3.3976,3.3651,3.3327,3.3002,3.2677,3.2352,3.1848,3.126,3.0671,3.0082,2.9493,2.8904,2.8315
11.2244,11.2635,11.3026,11.3415,11.3802,11.4189,11.4575,11.4959,11.5314,11.5366,11.5419,11.5471,11.5523,11.5576,11.5628,11.5681,11.5734,11.5786,11.5864,11.5969,11.6075,11.6182,11.6291,11.64,11.6511,11.6623,11.6736,11.685,11.5761,11.4555,11.3349,11.2145,11.0941,10.9738,10.8536,10.7335,10.6134,10.4845,10.3371,10.1898,10.0425,9.8952,9.7479,9.6006,9.4533,9.306,9.1587,8.9902,8.8141,8.638,8.4619,8.2856,8.1094,7.933,7.7566,7.5801,7.3925,7.1404,6.8883,6.636,6.3837,6.1312,5.8786,5.6258,5.3729,5.1199,4.9108,4.7365,4.562,4.3875,4.213,4.0383,3.8637,3.6889,3.5141,3.3393,3.2246,3.1115,2.9984,2.8852,2.7719,2.6585,2.545,2.4315,2.3178,2.2758,2.3493,2.423,2.4968,2.5708,2.645,2.7193,2.7939,2.8687,2.9437,3.0299,3.1193,3.2089,3.2988,3.3891,3.4797,3.5706,3.662,3.7537,3.8515,3.9716,4.0919,4.2122,4.3326,4.453,4.5735,4.694,4.8147,4.9354,4.998,5.0239,5.0496,5.0751,5.1005,5.1256,5.1505,5.1752,5.1997,5.2223,5.1709,5.1192,5.0673,5.015,4.9624,4.9095,4.8563,4.8027,4.7488,4.6637,4.5372,4.4107,4.284,4.1573,4.0304,3.9034,3.7763,3.649,3.5216,3.4977,3.495,3.4929,3.4915,3.4907,3.4905,3.491,3.4922,3.4941,3.4883,3.4559,3.4234,3.391,3.3585,3.3261,3.2936,3.2611,3.2285,3.196,3.1468,3.0881,3.0295,2.9708,2.9122,2.8535,2.7949
11.2105,11.253,11.2954,11.3377,11.3799,11.422,11.4639,11.5058,11.5437,11.5489,11.5541,11.5594,11.5646,11.5698,11.575,11.5802,11.5855,11.5907,11.5955,11.5999,11.6045,11.6093,11.6141,11.6191,11.6242,11.6294,11.6347,11.6401,11.5228,11.3947,11.2667,11.1389,11.0111,10.8834,10.7557,10.6282,10.5006,10.3644,10.2101,10.0558,9.9016,9.7473,9.5931,9.4389,9.2847,9.1304,8.9762,8.7992,8.614,8.4289,8.2437,8.0584,7.8731,7.6877,7.5022,7.3166,7.1204,6.8623,6.6042,6.3459,6.0875,5.829,5.5704,5.3116,5.0526,4.7936,4.5837,4.4132,4.2426,4.072,3.9012,3.7305,3.5596,3.3888,3.2178,3.0469,2.9325,2.8201,2.7077,2.5952,2.4826,2.3699,2.2571,2.1443,2.0313,1.992,2.0767,2.1616,2.2466,2.3318,2.4172,2.5028,2.5886,2.6746,2.7608,2.8591,2.9609,3.0631,3.1656,3.2684,3.3715,3.475,3.5789,3.6831,3.7911,3.9134,4.0358,4.1583,4.2808,4.4034,4.5261,4.6488,4.7716,4.8944,4.9572,4.9788,5.0002,5.0214,5.0424,5.0632,5.0838,5.1042,5.1244,5.1443,5.0873,5.03,4.9723,4.9144,4.8561,4.7975,4.7386,4.6794,4.6198,4.5327,4.4051,4.2773,4.1494,4.0214,3.8933,3.765,3.6367,3.5082,3.3796,3.3607,3.369,3.3779,3.3875,3.3977,3.4086,3.4201,3.4323,3.447,3.4608,3.4379,3.4147,3.3912,3.3674,3.3434,3.319,3.2943,3.2693,3.2439,3.2023,3.1498,3.0968,3.0433,2.9895,2.9351,2.8803
11.1967,11.2426,11.2884,11.3341,11.3796,11.4251,11.4704,11.5157,11.5561,11.5613,11.5664,11.5716,11.5768,11.582,11.5872,11.5924,11.5976,11.6028,11.6044,11.6029,11.6015,11.6002,11.5991,11.598,11.5971,11.5963,11.5956,11.5951,11.4692,11.3338,11.1984,11.0631,10.9279,10.7928,10.6577,10.5228,10.3878,10.2442,10.0829,9.9218,9.7606,9.5994,9.4383,9.2772,9.116,8.9549,8.7937,8.6081,8.4139,8.2197,8.0254,7.8311,7.6367,7.4423,7.2477,7.0531,6.8484,6.5843,6.3201,6.0558,5.7914,5.5268,5.2622,4.9974,4.7324,4.4673,4.2565,4.0898,3.9231,3.7563,3.5895,3.4226,3.2556,3.0886,2.9215,2.7543,2.6404,2.5288,2.417,2.3052,2.1933,2.0813,1.9692,1.8571,1.7448,1.708,1.8039,1.9,1.9962,2.0926,2.1892,2.2859,2.3829,2.4801,2.5776,2.6879,2.8023,2.917,3.032,3.1473,3.263,3.379,3.4954,3.6122,3.7306,3.8551,3.9797,4.1043,4.229,4.3538,4.4786,4.6035,4.7284,4.8599,4.9319,4.9581,4.9842,5.0101,5.036,5.0618,5.0874,5.113,5.1384,5.1637,5.1134,5.0613,5.009,4.9568,4.9044,4.852,4.7996,4.7471,4.6945,4.6176,4.5005,4.3834,4.2663,4.1493,4.0323,3.9152,3.7982,3.6812,3.5642,3.5537,3.5741,3.5944,3.6144,3.6343,3.6541,3.6737,3.6931,3.7123,3.7232,3.6947,3.666,3.637,3.6076,3.578,3.5481,3.5179,3.4873,3.4565,3.4095,3.35,3.2901,3.2298,3.169,3.1077,3.046
11.2836,11.3248,11.3661,11.4077,11.4493,11.4911,11.5331,11.5751,11.6114,11.609,11.607,11.6052,11.6036,11.6024,11.6013,11.6005,11.6,11.5996,11.5928,11.5805,11.5685,11.5568,11.5454,11.5343,11.5234,11.5128,11.5024,11.4922,11.3623,11.2241,11.0859,10.9476,10.8093,10.671,10.5326,10.3941,10.2556,10.1085,9.9449,9.7811,9.6173,9.4534,9.2894,9.1254,8.9613,8.7972,8.633,8.4441,8.2466,8.0491,7.8515,7.6538,7.4561,7.2584,7.0606,6.8628,6.6554,6.3917,6.128,5.8643,5.6006,5.3369,5.0732,4.8096,4.546,4.2825,4.0773,3.9206,3.7639,3.6074,3.4511,3.2949,3.1389,2.9831,2.8275,2.6721,2.5711,2.4733,2.3759,2.2788,2.1821,2.0858,1.99,1.8947,1.7998,1.7781,1.8906,2.0034,2.1165,2.23,2.3438,2.458,2.5725,2.6874,2.8026,2.9275,3.0557,3.184,3.3126,3.4414,3.5705,3.6998,3.8293,3.9591,4.0891,4.2194,4.3498,4.4801,4.6105,4.741,4.8714,5.0019,5.1323,5.2628,5.3325,5.3533,5.3741,5.3947,5.4153,5.4357,5.456,5.4763,5.4964,5.5163,5.4643,5.4087,5.353,5.2972,5.2414,5.1855,5.1296,5.0736,5.0175,4.9395,4.8207,4.702,4.5833,4.4645,4.3458,4.2271,4.1084,3.9898,3.8711,3.853,3.8692,3.8852,3.9011,3.9167,3.9323,3.9476,3.9628,3.9778,3.9859,3.9519,3.9176,3.8831,3.8482,3.8131,3.7776,3.7419,3.7058,3.6694,3.6172,3.5508,3.484,3.4167,3.349,3.2808,3.2122
11.3811,11.4188,11.4566,11.4946,11.5327,11.571,11.6094,11.6479,11.6791,11.668,11.6571,11.6465,11.6361,11.626,11.6162,11.6066,11.5972,11.588,11.5693,11.5428,11.5166,11.4907,11.4651,11.4398,11.4147,11.3899,11.3653,11.3409,11.209,11.0708,10.9326,10.7943,10.656,10.5177,10.3792,10.2408,10.1022,9.9558,9.7944,9.6329,9.4713,9.3097,9.148,8.9862,8.8243,8.6624,8.5005,8.3155,8.1225,7.9295,7.7364,7.5433,7.3501,7.1569,6.9637,6.7704,6.5682,6.3129,6.0576,5.8023,5.5471,5.2918,5.0366,4.7814,4.5262,4.2711,4.077,3.9341,3.7914,3.6488,3.5063,3.3641,3.222,3.0801,2.9384,2.797,2.7149,2.6367,2.5588,2.4813,2.4042,2.3276,2.2513,2.1756,2.1003,2.0927,2.2147,2.3371,2.4598,2.5828,2.7062,2.8299,2.9539,3.0784,3.2032,3.3327,3.464,3.5955,3.7272,3.8591,3.9913,4.1237,4.2564,4.3893,4.5215,4.6486,4.7757,4.9028,5.0299,5.157,5.2842,5.4114,5.5386,5.6658,5.7333,5.7488,5.7642,5.7795,5.7947,5.8099,5.8249,5.8398,5.8546,5.8692,5.8153,5.7562,5.697,5.6378,5.5785,5.5192,5.4598,5.4003,5.3408,5.2615,5.1411,5.0207,4.9003,4.7799,4.6595,4.5391,4.4188,4.2984,4.1781,4.1525,4.1645,4.1763,4.1879,4.1994,4.2107,4.2219,4.2328,4.2436,4.2489,4.2094,4.1696,4.1295,4.0892,4.0485,4.0075,3.9663,3.9247,3.8828,3.8254,3.7521,3.6784,3.6042,3.5296,3.4545,3.3789
11.4785,11.5127,11.5469,11.5814,11.616,11.6507,11.6855,11.7205,11.7466,11.7267,11.707,11.6875,11.6684,11.6495,11.6308,11.6124,11.5942,11.5763,11.5455,11.5048,11.4644,11.4243,11.3845,11.345,11.3057,11.2667,11.2279,11.1893,11.0557,10.9175,10.7793,10.641,10.5027,10.3643,10.2259,10.0874,9.9489,9.8031,9.6439,9.4847,9.3254,9.166,9.0065,8.847,8.6874,8.5277,8.368,8.1869,7.9985,7.81,7.6214,7.4328,7.2442,7.0555,6.8668,6.678,6.4809,6.2341,5.9872,5.7403,5.4935,5.2467,4.9998,4.7531,4.5063,4.2596,4.0764,3.9475,3.8187,3.69,3.5615,3.4331,3.305,3.177,3.0492,2.9217,2.8583,2.7997,2.7414,2.6835,2.626,2.5689,2.5123,2.4561,2.4004,2.407,2.5386,2.6705,2.8028,2.9354,3.0683,3.2015,3.3352,3.4692,3.6036,3.7379,3.8723,4.0069,4.1417,4.2767,4.412,4.5476,4.6833,4.8193,4.9541,5.0778,5.2016,5.3255,5.4493,5.5732,5.6971,5.821,5.9449,6.0688,6.1343,6.1445,6.1546,6.1646,6.1745,6.1843,6.194,6.2035,6.213,6.2223,6.1665,6.1039,6.0413,5.9786,5.9159,5.853,5.7902,5.7272,5.6642,5.5836,5.4615,5.3394,5.2174,5.0953,4.9733,4.8512,4.7292,4.6072,4.4851,4.4523,4.46,4.4676,4.4751,4.4823,4.4894,4.4964,4.5031,4.5097,4.5123,4.4673,4.422,4.3764,4.3305,4.2843,4.2378,4.191,4.1439,4.0965,4.034,3.9539,3.8732,3.7921,3.7106,3.6286,3.5462
11.5758,11.6064,11.6372,11.6681,11.6991,11.7303,11.7616,11.7931,11.8138,11.7851,11.7566,11.7284,11.7004,11.6727,11.6453,11.618,11.591,11.5643,11.5214,11.4665,11.4119,11.3576,11.3036,11.2499,11.1964,11.1432,11.0902,11.0374,10.9024,10.7643,10.626,10.4877,10.3494,10.211,10.0726,9.9341,9.7956,9.6505,9.4935,9.3365,9.1794,9.0223,8.865,8.7078,8.5504,8.393,8.2355,8.0583,7.8744,7.6904,7.5064,7.3223,7.1382,6.954,6.7699,6.5856,6.3937,6.1552,5.9168,5.6783,5.4399,5.2015,4.9631,4.7247,4.4864,4.2481,4.0758,3.9608,3.8459,3.7311,3.6165,3.502,3.3877,3.2737,3.1598,3.0462,3.0015,2.9624,2.9237,2.8854,2.8475,2.81,2.7729,2.7363,2.7001,2.7212,2.8623,3.0038,3.1456,3.2877,3.4302,3.573,3.7162,3.8597,4.0036,4.1429,4.2804,4.4181,4.5561,4.6943,4.8327,4.9713,5.1102,5.2493,5.3867,5.5072,5.6277,5.7483,5.8689,5.9895,6.1101,6.2308,6.3514,6.4721,6.5355,6.5404,6.5451,6.5498,6.5544,6.5589,6.5633,6.5675,6.5717,6.5757,6.5179,6.4518,6.3857,6.3195,6.2533,6.1871,6.1207,6.0543,5.9878,5.9058,5.782,5.6583,5.5345,5.4108,5.2871,5.1634,5.0397,4.916,4.7923,4.7523,4.7559,4.7592,4.7625,4.7655,4.7684,4.7711,4.7737,4.7761,4.7761,4.7255,4.6747,4.6236,4.5722,4.5205,4.4685,4.4162,4.3636,4.3106,4.2432,4.1561,4.0686,3.9806,3.8922,3.8033,3.714
11.673,11.7,11.7273,11.7546,11.7821,11.8098,11.8376,11.8655,11.8808,11.8432,11.806,11.7689,11.7322,11.6957,11.6594,11.6234,11.5876,11.552,11.4969,11.4278,11.359,11.2906,11.2224,11.1545,11.0868,11.0194,10.9522,10.8853,10.7492,10.611,10.4727,10.3344,10.1961,10.0577,9.9193,9.7808,9.6422,9.4978,9.3431,9.1884,9.0335,8.8786,8.7236,8.5686,8.4135,8.2583,8.1031,7.9297,7.7503,7.5709,7.3914,7.2118,7.0322,6.8526,6.6729,6.4932,6.3064,6.0764,5.8463,5.6163,5.3863,5.1563,4.9263,4.6963,4.4664,4.2366,4.0751,3.9739,3.8729,3.772,3.6713,3.5707,3.4703,3.3702,3.2702,3.1705,3.1444,3.1249,3.1057,3.0869,3.0686,3.0506,3.0331,3.0161,2.9995,3.0351,3.1858,3.3368,3.4882,3.6398,3.7918,3.9442,4.0969,4.25,4.4035,4.5479,4.6885,4.8293,4.9704,5.1117,5.2532,5.395,5.537,5.6792,5.8195,5.9367,6.054,6.1713,6.2886,6.4059,6.5233,6.6406,6.758,6.8754,6.9369,6.9365,6.9359,6.9353,6.9346,6.9338,6.9328,6.9318,6.9306,6.9293,6.8694,6.7999,6.7303,6.6607,6.591,6.5212,6.4514,6.3816,6.3116,6.2281,6.1026,5.9772,5.8518,5.7264,5.6011,5.4757,5.3503,5.225,5.0996,5.0526,5.0519,5.0511,5.0501,5.049,5.0477,5.0462,5.0445,5.0427,5.0402,4.9842,4.9278,4.8712,4.8143,4.7571,4.6996,4.6417,4.5836,4.5252,4.4529,4.3589,4.2645,4.1696,4.0743,3.9785,3.8823
11.77,11.7936,11.8172,11.8411,11.865,11.8892,11.9134,11.9378,11.9475,11.9011,11.8551,11.8093,11.7637,11.7184,11.6734,11.6286,11.584,11.5396,11.4721,11.3888,11.3059,11.2232,11.1409,11.0588,10.977,10.8954,10.8141,10.7329,10.5959,10.4577,10.3194,10.1811,10.0428,9.9044,9.7659,9.6274,9.4889,9.3452,9.1928,9.0402,8.8876,8.7349,8.5822,8.4294,8.2765,8.1236,7.9706,7.8012,7.6263,7.4514,7.2764,7.1014,6.9263,6.7512,6.576,6.4008,6.2191,5.9975,5.7759,5.5542,5.3326,5.111,4.8894,4.6679,4.4464,4.2249,4.0742,3.987,3.8998,3.8128,3.726,3.6393,3.5528,3.4665,3.3804,3.2945,3.2869,3.287,3.2874,3.2882,3.2893,3.2909,3.293,3.2954,3.2984,3.3489,3.5091,3.6696,3.8305,3.9917,4.1533,4.3152,4.4774,4.64,4.803,4.9528,5.0965,5.2404,5.3846,5.529,5.6736,5.8185,5.9636,6.109,6.2523,6.3663,6.4803,6.5943,6.7084,6.8224,6.9365,7.0507,7.1648,7.2789,7.3386,7.3328,7.3269,7.321,7.315,7.3088,7.3026,7.2963,7.2898,7.2832,7.221,7.1481,7.075,7.0019,6.9288,6.8556,6.7824,6.709,6.6356,6.5504,6.4233,6.2963,6.1692,6.0421,5.9151,5.7881,5.661,5.534,5.407,5.3531,5.3482,5.3432,5.338,5.3327,5.3272,5.3215,5.3156,5.3096,5.3034,5.2431,5.1813,5.1192,5.0567,4.994,4.931,4.8677,4.804,4.7401,4.6631,4.5622,4.4609,4.3591,4.2569,4.1543,4.0511
11.8669,11.8869,11.9071,11.9274,11.9478,11.9684,11.9892,12.01,12.0139,11.9588,11.9039,11.8493,11.795,11.7409,11.6871,11.6335,11.5801,11.527,11.4469,11.3495,11.2524,11.1556,11.0591,10.9629,10.8669,10.7711,10.6756,10.5803,10.4426,10.3044,10.1661,10.0278,9.8895,9.7511,9.6126,9.4741,9.3355,9.1926,9.0424,8.8921,8.7417,8.5913,8.4408,8.2902,8.1396,7.9889,7.8382,7.6727,7.5023,7.3319,7.1614,6.9909,6.8203,6.6497,6.4791,6.3084,6.1318,5.9186,5.7053,5.4921,5.2789,5.0657,4.8525,4.6394,4.4263,4.2132,4.0733,3.9999,3.9266,3.8535,3.7805,3.7077,3.6351,3.5626,3.4904,3.4184,3.4292,3.4488,3.4687,3.4891,3.5098,3.5309,3.5524,3.5745,3.5969,3.6624,3.8322,4.0023,4.1727,4.3434,4.5145,4.6859,4.8577,5.0298,5.2023,5.3575,5.5044,5.6514,5.7987,5.9462,6.094,6.242,6.3902,6.5386,6.6853,6.796,6.9067,7.0175,7.1283,7.2391,7.3499,7.4608,7.5717,7.6825,7.7404,7.7293,7.7182,7.7069,7.6956,7.6842,7.6726,7.661,7.6492,7.6373,7.5729,7.4964,7.4199,7.3434,7.2668,7.1901,7.1134,7.0366,6.9598,6.8729,6.7441,6.6154,6.4867,6.3579,6.2292,6.1005,5.9718,5.8432,5.7145,5.6539,5.6448,5.6356,5.6262,5.6167,5.6069,5.5971,5.587,5.5768,5.5664,5.5025,5.4351,5.3675,5.2996,5.2313,5.1628,5.094,5.0248,4.9554,4.8737,4.766,4.6578,4.5491,4.4401,4.3305,4.2205
11.9637,11.9802,11.9968,12.0136,12.0305,12.0476,12.0648,12.0821,12.0801,12.0162,11.9525,11.8892,11.8261,11.7632,11.7006,11.6382,11.5761,11.5141,11.4214,11.3099,11.1986,11.0877,10.977,10.8666,10.7565,10.6466,10.5369,10.4274,10.2893,10.1511,10.0128,9.8745,9.7362,9.5977,9.4593,9.3208,9.1822,9.0401,8.8921,8.744,8.5959,8.4477,8.2994,8.1511,8.0027,7.8543,7.7058,7.5441,7.3783,7.2124,7.0464,6.8804,6.7144,6.5483,6.3822,6.216,6.0445,5.8397,5.6348,5.43,5.2252,5.0203,4.8156,4.6108,4.4061,4.2015,4.0722,4.0127,3.9532,3.894,3.8349,3.7759,3.7172,3.6586,3.6003,3.5421,3.5712,3.6103,3.6498,3.6896,3.7298,3.7705,3.8116,3.8531,3.8951,3.9758,4.1551,4.3347,4.5146,4.6948,4.8754,5.0564,5.2377,5.4193,5.6014,5.7623,5.9122,6.0624,6.2127,6.3634,6.5142,6.6653,6.8166,6.9682,7.1184,7.2258,7.3333,7.4408,7.5483,7.6559,7.7635,7.8711,7.9787,8.0863,8.1425,8.1261,8.1096,8.0931,8.0765,8.0597,8.0429,8.0259,8.0089,7.9917,7.9249,7.845,7.765,7.685,7.605,7.5249,7.4447,7.3644,7.2841,7.1954,7.065,6.9346,6.8042,6.6738,6.5435,6.4131,6.2827,6.1524,6.0221,5.9549,5.9416,5.9282,5.9146,5.9009,5.887,5.8729,5.8586,5.8442,5.8296,5.7622,5.6893,5.6162,5.5428,5.469,5.395,5.3207,5.246,5.1711,5.0849,4.9703,4.8552,4.7397,4.6237,4.5073,4.3904
12.0604,12.0733,12.0864,12.0997,12.1131,12.1266,12.1403,12.1541,12.146,12.0733,12.0009,11.9287,11.8569,11.7852,11.7139,11.6427,11.5718,11.5011,11.3956,11.2699,11.1445,11.0194,10.8946,10.7701,10.6458,10.5217,10.3979,10.2742,10.136,9.9978,9.8595,9.7212,9.5828,9.4444,9.3059,9.1674,9.0288,8.8875,8.7418,8.5959,8.4501,8.3041,8.1581,8.012,7.8658,7.7196,7.5733,7.4156,7.2543,7.0929,6.9315,6.77,6.6085,6.4469,6.2853,6.1236,5.9572,5.7607,5.5643,5.3678,5.1714,4.975,4.7786,4.5822,4.3859,4.1896,4.071,4.0253,3.9798,3.9344,3.8891,3.844,3.7991,3.7544,3.7099,3.6656,3.7129,3.7715,3.8305,3.8898,3.9496,4.0097,4.0703,4.1313,4.1929,4.2889,4.4777,4.6668,4.8563,5.0461,5.2362,5.4266,5.6174,5.8086,6.0002,6.1669,6.3199,6.4732,6.6267,6.7804,6.9344,7.0886,7.243,7.3977,7.5515,7.6557,7.76,7.8642,7.9685,8.0728,8.1771,8.2814,8.3858,8.4901,8.5447,8.5231,8.5013,8.4795,8.4575,8.4355,8.4134,8.3911,8.3687,8.3463,8.277,8.1937,8.1103,8.0268,7.9433,7.8597,7.7761,7.6924,7.6086,7.5181,7.386,7.2539,7.1219,6.9898,6.8578,6.7258,6.5937,6.4617,6.3297,6.2562,6.2387,6.2211,6.2033,6.1854,6.1673,6.149,6.1306,6.1119,6.0931,6.0223,5.9439,5.8653,5.7863,5.7071,5.6276,5.5478,5.4676,5.3872,5.2966,5.175,5.0531,4.9307,4.8078,4.6846,4.5608
12.1569,12.1663,12.1759,12.1857,12.1955,12.2056,12.2157,12.226,12.2116,12.1301,12.049,11.9681,11.8874,11.807,11.7269,11.647,11.5673,11.4878,11.3694,11.2296,11.0901,10.9509,10.8119,10.6732,10.5348,10.3966,10.2587,10.1209,9.9828,9.8445,9.7063,9.5679,9.4295,9.2911,9.1526,9.0141,8.8755,8.735,8.5915,8.4479,8.3042,8.1605,8.0167,7.8729,7.729,7.585,7.4409,7.2872,7.1304,6.9735,6.8165,6.6595,6.5025,6.3454,6.1883,6.0312,5.8698,5.6817,5.4937,5.3056,5.1176,4.9295,4.7415,4.5536,4.3656,4.1777,4.0697,4.0379,4.0061,3.9746,3.9432,3.9119,3.8809,3.85,3.8193,3.7889,3.8543,3.9324,4.0109,4.0897,4.169,4.2486,4.3287,4.4092,4.4902,4.6019,4.8002,4.9988,5.1978,5.3971,5.5967,5.7966,5.997,6.1977,6.3987,6.5714,6.7276,6.8839,7.0405,7.1974,7.3544,7.5117,7.6693,7.827,7.9848,8.0858,8.1867,8.2877,8.3888,8.4898,8.5909,8.6919,8.793,8.8941,8.9472,8.9203,8.8932,8.8661,8.8388,8.8115,8.7841,8.7565,8.7289,8.7011,8.6294,8.5425,8.4557,8.3688,8.2818,8.1948,8.1077,8.0206,7.9333,7.8408,7.707,7.5733,7.4396,7.3059,7.1722,7.0385,6.9048,6.7712,6.6375,6.5577,6.536,6.5142,6.4923,6.4701,6.4478,6.4254,6.4027,6.3799,6.3569,6.2827,6.1988,6.1147,6.0303,5.9456,5.8606,5.7752,5.6896,5.6037,5.5087,5.3803,5.2515,5.1222,4.9925,4.8624,4.7317
12.2533,12.2592,12.2653,12.2715,12.2779,12.2844,12.291,12.2978,12.277,12.1868,12.0968,12.0072,11.9177,11.8286,11.7397,11.651,11.5626,11.4743,11.343,11.189,11.0354,10.882,10.7289,10.5761,10.4236,10.2713,10.1192,9.9677,9.8295,9.6912,9.553,9.4146,9.2762,9.1378,8.9993,8.8608,8.7222,8.5825,8.4412,8.2999,8.1584,8.017,7.8754,7.7338,7.5921,7.4503,7.3085,7.1587,7.0064,6.854,6.7016,6.5491,6.3966,6.244,6.0914,5.9388,5.7824,5.6028,5.4231,5.2434,5.0637,4.8841,4.7044,4.5248,4.3453,4.1658,4.0683,4.0503,4.0324,4.0147,3.9971,3.9797,3.9625,3.9454,3.9286,3.912,3.9955,4.0931,4.191,4.2893,4.388,4.4871,4.5867,4.6867,4.7872,4.9146,5.1225,5.3306,5.539,5.7478,5.9569,6.1664,6.3763,6.5865,6.797,6.9759,7.1351,7.2946,7.4543,7.6142,7.7744,7.9348,8.0954,8.2563,8.4174,8.5159,8.6136,8.7114,8.8091,8.9069,9.0047,9.1026,9.2004,9.2983,9.3499,9.3177,9.2853,9.2529,9.2204,9.1878,9.155,9.1222,9.0892,9.0562,8.9818,8.8916,8.8013,8.7109,8.6205,8.53,8.4395,8.3489,8.2582,8.1636,8.0282,7.8928,7.7574,7.622,7.4867,7.3514,7.216,7.0807,6.9454,6.8594,6.8336,6.8076,6.7814,6.7551,6.7287,6.702,6.6752,6.6482,6.621,6.5435,6.4541,6.3645,6.2746,6.1844,6.0939,6.0031,5.912,5.8205,5.7213,5.5861,5.4504,5.3143,5.1777,5.0407,4.9032
12.3496,12.352,12.3546,12.3573,12.3601,12.3631,12.3662,12.3695,12.3421,12.2431,12.1444,12.046,11.9478,11.8499,11.7523,11.6548,11.5576,11.4606,11.3161,11.1481,10.9803,10.8128,10.6457,10.4787,10.3121,10.1457,9.9795,9.8144,9.6762,9.538,9.3997,9.2613,9.1229,8.9845,8.846,8.7074,8.5688,8.43,8.291,8.1519,8.0127,7.8734,7.7341,7.5947,7.4552,7.3157,7.1762,7.0303,6.8825,6.7346,6.5867,6.4387,6.2907,6.1426,5.9945,5.8464,5.6951,5.5238,5.3524,5.1811,5.0098,4.8386,4.6673,4.4961,4.3249,4.1538,4.0667,4.0626,4.0585,4.0546,4.0509,4.0473,4.0439,4.0407,4.0377,4.0349,4.1363,4.2534,4.3708,4.4885,4.6067,4.7253,4.8443,4.9638,5.0837,5.2272,5.4445,5.6621,5.8801,6.0984,6.317,6.536,6.7553,6.975,7.1951,7.3802,7.5426,7.7052,7.868,8.031,8.1943,8.3578,8.5215,8.6855,8.8497,8.9462,9.0406,9.1351,9.2297,9.3242,9.4188,9.5133,9.6079,9.7025,9.7528,9.7153,9.6777,9.6399,9.6021,9.5642,9.5262,9.4881,9.4499,9.4115,9.3345,9.2408,9.147,9.0532,8.9593,8.8654,8.7714,8.6774,8.5833,8.4865,8.3494,8.2124,8.0753,7.9383,7.8013,7.6643,7.5273,7.3903,7.2533,7.1615,7.1314,7.1012,7.0709,7.0404,7.0097,6.9789,6.9479,6.9167,6.8853,6.8047,6.7098,6.6147,6.5193,6.4236,6.3276,6.2313,6.1347,6.0378,5.9345,5.7924,5.6498,5.5068,5.3634,5.2195,5.0752
12.4458,12.4447,12.4437,12.4429,12.4422,12.4417,12.4413,12.441,12.4069,12.2992,12.1918,12.0846,11.9777,11.871,11.7646,11.6584,11.5525,11.4467,11.289,11.1068,10.9249,10.7434,10.5621,10.3811,10.2003,10.0198,9.8395,9.6611,9.5229,9.3847,9.2464,9.108,8.9696,8.8311,8.6926,8.5541,8.4155,8.2776,8.1408,8.0039,7.8669,7.7299,7.5928,7.4556,7.3184,7.1811,7.0438,6.9019,6.7586,6.6152,6.4717,6.3283,6.1847,6.0412,5.8976,5.7539,5.6077,5.4447,5.2818,5.1189,4.9559,4.793,4.6301,4.4673,4.3044,4.1417,4.0651,4.0747,4.0845,4.0944,4.1045,4.1147,4.1251,4.1358,4.1466,4.1576,4.2769,4.4134,4.5502,4.6875,4.8251,4.9631,5.1016,5.2405,5.3799,5.5396,5.7664,5.9935,6.2209,6.4487,6.6768,6.9053,7.1341,7.3633,7.5928,7.7845,7.9499,8.1156,8.2815,8.4477,8.614,8.7806,8.9475,9.1145,9.2819,9.3765,9.4678,9.559,9.6503,9.7416,9.8329,9.9242,10.0155,10.1069,10.1559,10.1131,10.0702,10.0272,9.9841,9.9409,9.8976,9.8542,9.8107,9.7671,9.6873,9.5901,9.4929,9.3957,9.2984,9.201,9.1036,9.0061,8.9085,8.8095,8.6707,8.532,8.3933,8.2547,8.116,7.9773,7.8387,7.7,7.5614,7.4637,7.4295,7.3951,7.3606,7.3259,7.2903,7.2523,7.2143,7.1763,7.1383,7.0528,6.9513,6.8499,6.7487,6.6477,6.5469,6.4462,6.3457,6.2454,6.141,5.9984,5.8563,5.7148,5.5738,5.4334,5.2936
12.5413,12.5372,12.5327,12.5284,12.5242,12.5202,12.5163,12.5125,12.4715,12.355,12.2388,12.1229,12.0073,11.8919,11.7767,11.6618,11.5471,11.4326,11.2615,11.0652,10.8693,10.6736,10.4782,10.2831,10.0882,9.8936,9.6992,9.5079,9.3696,9.2314,9.0931,8.9547,8.8163,8.6778,8.5393,8.4007,8.2621,8.1252,7.9906,7.8559,7.7212,7.5864,7.4515,7.3166,7.1816,7.0465,6.9114,6.7735,6.6347,6.4958,6.3568,6.2178,6.0788,5.9397,5.8006,5.6615,5.5203,5.3657,5.2111,5.0565,4.902,4.7474,4.5929,4.4384,4.2839,4.1295,4.0633,4.0868,4.1104,4.1341,4.158,4.182,4.2062,4.2307,4.2553,4.2801,4.4171,4.5731,4.7294,4.886,5.0431,5.2006,5.3585,5.5169,5.6757,5.8517,6.088,6.3246,6.5616,6.7988,7.0364,7.2744,7.5127,7.7513,7.9904,8.1887,8.3572,8.526,8.695,8.8642,9.0337,9.2034,9.3733,9.5435,9.7139,9.807,9.895,9.9823,10.0674,10.1523,10.237,10.3214,10.4055,10.4894,10.5331,10.4814,10.4297,10.378,10.3262,10.2743,10.2223,10.1703,10.1182,10.0661,9.9804,9.877,9.7736,9.6703,9.5671,9.4638,9.3606,9.2575,9.1544,9.051,8.9084,8.7658,8.6233,8.481,8.3387,8.1966,8.0546,7.9126,7.7708,7.6663,7.6275,7.5887,7.5499,7.5111,7.4723,7.4335,7.3948,7.356,7.3173,7.2348,7.1349,7.0352,6.9356,6.8362,6.737,6.638,6.5391,6.4404,6.3395,6.2034,6.0679,5.9329,5.7985,5.6647,5.5314
12.5533,12.5396,12.5263,12.5133,12.5007,12.4884,12.4765,12.4648,12.4162,12.2972,12.1782,12.0594,11.9406,11.8219,11.7033,11.5847,11.4662,11.3478,11.1681,10.9625,10.7571,10.5518,10.3467,10.1417,9.9368,9.7321,9.5275,9.3268,9.1879,9.0489,8.9099,8.7708,8.6317,8.4925,8.3533,8.2141,8.0748,7.9376,7.8033,7.669,7.5347,7.4002,7.2657,7.1312,6.9966,6.8619,6.7272,6.589,6.4497,6.3104,6.1711,6.0316,5.8921,5.7525,5.6129,5.4731,5.3327,5.1889,5.0449,4.901,4.757,4.613,4.4689,4.3249,4.1809,4.037,3.9806,4.0146,4.0486,4.0827,4.1169,4.1511,4.1854,4.2197,4.2542,4.2887,4.4474,4.6283,4.8097,4.9916,5.1741,5.3571,5.5407,5.7249,5.9098,6.1072,6.3503,6.5936,6.8372,7.081,7.3251,7.5694,7.814,8.0588,8.3039,8.5051,8.6722,8.8394,9.0066,9.174,9.3414,9.509,9.6766,9.8442,10.012,10.0963,10.1731,10.2498,10.3263,10.4025,10.4785,10.5542,10.6297,10.705,10.7443,10.6896,10.6348,10.58,10.5251,10.4701,10.4151,10.36,10.3049,10.2497,10.1638,10.0601,9.9564,9.8528,9.7492,9.6456,9.5421,9.4387,9.3352,9.2318,9.0907,8.9489,8.8072,8.6657,8.5242,8.3828,8.2416,8.1004,7.9594,7.8521,7.8125,7.773,7.7334,7.6939,7.6543,7.6148,7.5753,7.5358,7.4963,7.4166,7.3184,7.2203,7.1223,7.0246,6.927,6.8296,6.7323,6.6353,6.5375,6.408,6.279,6.1506,6.0227,5.8954,5.7687
12.5649,12.5406,12.5167,12.4931,12.4698,12.4469,12.4244,12.4021,12.3436,12.2207,12.0978,11.975,11.8522,11.7296,11.607,11.4845,11.3621,11.2397,11.0514,10.8369,10.6225,10.4083,10.1942,9.9803,9.7665,9.5528,9.3392,9.1307,8.99,8.8493,8.7085,8.5677,8.4269,8.286,8.1451,8.0041,7.8631,7.7242,7.5883,7.4523,7.3163,7.1802,7.044,6.9078,6.7716,6.6352,6.4988,6.3563,6.2121,6.0677,5.9233,5.7789,5.6343,5.4897,5.345,5.2002,5.0572,4.9265,4.7956,4.6648,4.5339,4.403,4.2721,4.1412,4.0103,3.8795,3.8335,3.8767,3.9198,3.963,4.0063,4.0496,4.093,4.1365,4.1801,4.2238,4.4085,4.62,4.8319,5.0443,5.2573,5.4708,5.6849,5.8997,6.1151,6.3378,6.5878,6.838,7.0885,7.3392,7.5902,7.8414,8.0929,8.3446,8.5967,8.8016,8.9682,9.1348,9.3015,9.4683,9.6352,9.8021,9.9691,10.1362,10.3034,10.3814,10.4496,10.5176,10.5854,10.653,10.7204,10.7875,10.8543,10.9209,10.9556,10.8978,10.84,10.7821,10.7241,10.6661,10.6081,10.5499,10.4917,10.4334,10.3473,10.2432,10.1392,10.0353,9.9313,9.8275,9.7236,9.6198,9.5161,9.4124,9.2729,9.132,8.9911,8.8503,8.7096,8.569,8.4285,8.2881,8.1479,8.038,7.9976,7.9573,7.917,7.8767,7.8364,7.7961,7.7559,7.7156,7.6754,7.5984,7.5018,7.4053,7.309,7.2129,7.1169,7.0211,6.9255,6.83,6.7348,6.612,6.4896,6.3678,6.2465,6.1257,6.0055
12.5761,12.5412,12.5067,12.4725,12.4386,12.4051,12.3719,12.3391,12.271,12.144,12.0172,11.8904,11.7638,11.6372,11.5107,11.3842,11.2578,11.1315,10.9346,10.7111,10.4878,10.2646,10.0416,9.8187,9.596,9.3733,9.1508,8.9346,8.7921,8.6497,8.5072,8.3646,8.2221,8.0795,7.9368,7.7941,7.6513,7.5108,7.3732,7.2356,7.0979,6.9601,6.8223,6.6845,6.5465,6.4085,6.2705,6.1237,5.9744,5.825,5.6756,5.5261,5.3765,5.2269,5.0772,4.9273,4.7817,4.664,4.5463,4.4286,4.3108,4.193,4.0752,3.9574,3.8396,3.7218,3.6864,3.7386,3.7909,3.8433,3.8956,3.9481,4.0006,4.0532,4.1059,4.1587,4.3692,4.6112,4.8536,5.0965,5.34,5.584,5.8286,6.0739,6.3197,6.5682,6.8251,7.0822,7.3396,7.5972,7.8551,8.1132,8.3716,8.6303,8.8892,9.0982,9.2642,9.4303,9.5964,9.7626,9.9289,10.0953,10.2617,10.4283,10.5949,10.6667,10.7263,10.7857,10.8449,10.9038,10.9626,11.021,11.0792,11.1372,11.167,11.1062,11.0453,10.9843,10.9233,10.8623,10.8011,10.7399,10.6786,10.6173,10.5308,10.4264,10.3221,10.2178,10.1135,10.0093,9.9052,9.801,9.697,9.5929,9.4552,9.315,9.1749,9.0348,8.8949,8.7551,8.6154,8.4758,8.3363,8.2239,8.1828,8.1417,8.1006,8.0595,8.0185,7.9775,7.9365,7.8955,7.8545,7.7801,7.6851,7.5902,7.4955,7.401,7.3067,7.2125,7.1185,7.0247,6.9311,6.8156,6.6998,6.5845,6.4697,6.3555,6.2419
12.587,12.5415,12.4963,12.4515,12.4071,12.363,12.3192,12.2757,12.1982,12.0673,11.9365,11.8058,11.6752,11.5447,11.4142,11.2838,11.1535,11.0232,10.8175,10.5851,10.3528,10.1207,9.8888,9.657,9.4253,9.1937,8.9622,8.7384,8.5942,8.45,8.3058,8.1615,8.0172,7.8729,7.7285,7.584,7.4396,7.2973,7.1581,7.0188,6.8795,6.7401,6.6006,6.4611,6.3215,6.1818,6.0421,5.891,5.7367,5.5823,5.4278,5.2733,5.1187,4.9641,4.8093,4.6545,4.5061,4.4016,4.297,4.1923,4.0876,3.9829,3.8782,3.7734,3.6688,3.5641,3.5392,3.6005,3.6619,3.7234,3.7849,3.8464,3.9081,3.9698,4.0316,4.0935,4.3295,4.6019,4.8748,5.1482,5.4222,5.6967,5.9717,6.2474,6.5238,6.7984,7.0623,7.3263,7.5906,7.8551,8.1199,8.3849,8.6502,8.9157,9.1816,9.3948,9.5602,9.7257,9.8913,10.0569,10.2227,10.3885,10.5544,10.7203,10.8864,10.9524,11.0034,11.0541,11.1047,11.155,11.2051,11.2549,11.3045,11.3538,11.3785,11.3146,11.2507,11.1867,11.1226,11.0585,10.9943,10.93,10.8657,10.8013,10.7142,10.6095,10.5049,10.4003,10.2957,10.1912,10.0867,9.9823,9.8779,9.7735,9.6374,9.4979,9.3586,9.2194,9.0802,8.9412,8.8023,8.6635,8.5248,8.4098,8.3679,8.3261,8.2843,8.2425,8.2007,8.1589,8.1171,8.0754,8.0336,7.9616,7.8682,7.775,7.6819,7.589,7.4963,7.4038,7.3114,7.2192,7.1272,7.0188,6.9094,6.8007,6.6924,6.5848,6.4777
12.5974,12.5413,12.4856,12.4302,12.3752,12.3205,12.2661,12.212,12.1252,11.9904,11.8557,11.7211,11.5865,11.452,11.3177,11.1833,11.0491,10.9149,10.7002,10.4588,10.2177,9.9766,9.7358,9.495,9.2544,9.0139,8.7735,8.5422,8.3963,8.2504,8.1044,7.9584,7.8124,7.6663,7.5202,7.374,7.2278,7.0839,6.943,6.802,6.661,6.52,6.3789,6.2377,6.0964,5.9551,5.8138,5.6583,5.499,5.3396,5.1801,5.0205,4.8609,4.7012,4.5415,4.3816,4.2306,4.1391,4.0476,3.956,3.8644,3.7727,3.6811,3.5895,3.4979,3.4063,3.3919,3.4623,3.5328,3.6034,3.674,3.7447,3.8154,3.8862,3.9571,4.0281,4.2893,4.5922,4.8955,5.1994,5.5038,5.8087,6.1143,6.4204,6.7272,7.0286,7.2993,7.5702,7.8414,8.1128,8.3845,8.6564,8.9286,9.201,9.4737,9.6915,9.8563,10.0212,10.1862,10.3513,10.5164,10.6817,10.847,11.0124,11.1779,11.2384,11.2807,11.3229,11.3648,11.4065,11.4479,11.4891,11.5301,11.5708,11.5902,11.5232,11.4562,11.3892,11.3221,11.2549,11.1876,11.1203,11.0529,10.9854,10.8977,10.7927,10.6877,10.5828,10.4779,10.3731,10.2682,10.1635,10.0588,9.9541,9.8195,9.6809,9.5423,9.4039,9.2655,9.1273,8.9891,8.8511,8.7131,8.5958,8.5532,8.5106,8.468,8.4254,8.3829,8.3403,8.2978,8.2553,8.2128,8.1431,8.0513,7.9597,7.8683,7.777,7.6859,7.595,7.5042,7.4136,7.3232,7.2214,7.1186,7.0164,6.9147,6.8136,6.713
12.6075,12.5408,12.4745,12.4085,12.3429,12.2776,12.2126,12.148,12.0522,11.9135,11.7748,11.6362,11.4977,11.3593,11.221,11.0827,10.9445,10.8064,10.5827,10.3324,10.0823,9.8324,9.5826,9.3329,9.0834,8.8339,8.5846,8.3459,8.1983,8.0507,7.903,7.7552,7.6075,7.4597,7.3118,7.1639,7.016,6.8704,6.7279,6.5853,6.4426,6.2999,6.1571,6.0143,5.8714,5.7284,5.5854,5.4256,5.2612,5.0968,4.9323,4.7678,4.6031,4.4384,4.2736,4.1087,3.955,3.8766,3.7981,3.7196,3.6411,3.5625,3.4839,3.4054,3.3269,3.2483,3.2445,3.3241,3.4037,3.4833,3.563,3.6428,3.7226,3.8025,3.8826,3.9627,4.2486,4.582,4.9158,5.2501,5.5849,5.9203,6.2562,6.5928,6.9301,7.2585,7.5361,7.814,8.092,8.3703,8.6489,8.9277,9.2068,9.4861,9.7657,9.9881,10.1524,10.3167,10.4811,10.6457,10.8102,10.9749,11.1397,11.3045,11.4694,11.5247,11.5584,11.5919,11.6252,11.6582,11.6911,11.7236,11.756,11.7881,11.802,11.732,11.6619,11.5918,11.5216,11.4514,11.3811,11.3107,11.2403,11.1697,11.0813,10.9759,10.8706,10.7653,10.6601,10.555,10.4498,10.3447,10.2397,10.1347,10.0016,9.8638,9.726,9.5883,9.4507,9.3133,9.1759,9.0386,8.9015,8.7818,8.7384,8.6951,8.6517,8.6084,8.5651,8.5218,8.4786,8.4353,8.3921,8.3244,8.2343,8.1443,8.0545,7.9648,7.8753,7.786,7.6969,7.6079,7.5191,7.4236,7.3274,7.2317,7.1365,7.0419,6.9479
12.6173,12.54,12.4631,12.3865,12.3103,12.2344,12.1589,12.0836,11.9791,11.8364,11.6938,11.5513,11.4088,11.2665,11.1242,10.982,10.8399,10.6978,10.465,10.2058,9.9468,9.6879,9.4292,9.1706,8.9121,8.6538,8.3956,8.1496,8.0003,7.8509,7.7015,7.5521,7.4026,7.253,7.1034,6.9538,6.8041,6.6569,6.5127,6.3685,6.2241,6.0798,5.9353,5.7909,5.6463,5.5017,5.357,5.1928,5.0235,4.854,4.6845,4.5149,4.3453,4.1756,4.0058,3.8359,3.6794,3.614,3.5486,3.4832,3.4177,3.3522,3.2867,3.2212,3.1558,3.0903,3.097,3.1857,3.2744,3.3632,3.452,3.5408,3.6297,3.7188,3.8079,3.8971,4.2075,4.5713,4.9355,5.3002,5.6654,6.0312,6.3976,6.7646,7.1323,7.4884,7.7729,8.0576,8.3425,8.6277,8.9132,9.1989,9.4848,9.771,10.0575,10.2848,10.4485,10.6122,10.7761,10.94,11.1041,11.2682,11.4323,11.5966,11.761,11.8112,11.8363,11.8612,11.8859,11.9103,11.9345,11.9585,11.9822,12.0057,12.0139,11.9408,11.8677,11.7946,11.7213,11.648,11.5747,11.5013,11.4277,11.3542,11.2648,11.1591,11.0535,10.9479,10.8424,10.7369,10.6314,10.526,10.4206,10.3153,10.1837,10.0466,9.9096,9.7727,9.6359,9.4992,9.3626,9.2261,9.0898,8.9678,8.9237,8.8796,8.8356,8.7915,8.7474,8.7034,8.6594,8.6154,8.5714,8.5057,8.4171,8.3287,8.2405,8.1525,8.0646,7.977,7.8894,7.8021,7.7149,7.6253,7.5356,7.4464,7.3578,7.2697,7.1822
12.6266,12.5387,12.4513,12.3641,12.2773,12.1909,12.1048,12.019,11.9058,11.7592,11.6126,11.4662,11.3198,11.1736,11.0274,10.8812,10.7352,10.5892,10.3471,10.079,9.811,9.5433,9.2756,9.0081,8.7407,8.4735,8.2063,7.9533,7.8023,7.6512,7.5,7.3488,7.1976,7.0464,6.8951,6.7437,6.5923,6.4434,6.2976,6.1517,6.0057,5.8597,5.7136,5.5674,5.4212,5.2749,5.1286,4.9601,4.7857,4.6112,4.4367,4.2621,4.0875,3.9127,3.7379,3.563,3.4038,3.3515,3.2991,3.2467,3.1943,3.1419,3.0894,3.037,2.9846,2.9322,2.9495,3.0473,3.1451,3.2429,3.3408,3.4387,3.5368,3.6349,3.733,3.8313,4.166,4.5601,4.9547,5.3498,5.7455,6.1417,6.5384,6.9359,7.3339,7.7181,8.0094,8.301,8.5929,8.8849,9.1773,9.4698,9.7627,10.0558,10.3491,10.5814,10.7446,10.9078,11.0711,11.2344,11.3979,11.5614,11.725,11.8887,12.0525,12.0981,12.1146,12.1308,12.1469,12.1627,12.1783,12.1937,12.2088,12.2237,12.2259,12.1498,12.0737,11.9974,11.9212,11.8448,11.7684,11.6919,11.6154,11.5387,11.4483,11.3423,11.2364,11.1305,11.0246,10.9188,10.813,10.7073,10.6016,10.4959,10.3657,10.2294,10.0932,9.9571,9.821,9.6851,9.5493,9.4136,9.278,9.1539,9.1091,9.0642,9.0194,8.9746,8.9298,8.885,8.8402,8.7955,8.7507,8.6868,8.5999,8.5131,8.4265,8.3401,8.2539,8.1678,8.0819,7.9962,7.9106,7.8266,7.7434,7.6607,7.5786,7.497,7.4161
12.6356,12.5371,12.4391,12.3414,12.2441,12.147,12.0503,11.954,11.8324,11.6818,11.5314,11.381,11.2307,11.0805,10.9304,10.7803,10.6303,10.4804,10.2289,9.9519,9.6751,9.3984,9.1219,8.8455,8.5692,8.293,8.017,7.757,7.6042,7.4514,7.2985,7.1456,6.9927,6.8397,6.6866,6.5336,6.3804,6.2299,6.0824,5.9348,5.7872,5.6395,5.4918,5.344,5.1961,5.0482,4.9002,4.7273,4.5479,4.3684,4.1889,4.0093,3.8297,3.6499,3.4701,3.2902,3.1281,3.0889,3.0496,3.0102,2.9709,2.9315,2.8921,2.8527,2.8133,2.774,2.8019,2.9088,3.0156,3.1226,3.2295,3.3365,3.4436,3.5508,3.6581,3.7655,4.124,4.5485,4.9735,5.399,5.825,6.2515,6.6787,7.1065,7.5349,7.9476,8.2459,8.5443,8.843,9.142,9.4412,9.7406,10.0404,10.3403,10.6406,10.8781,11.0407,11.2033,11.366,11.5288,11.6917,11.8547,12.0178,12.1809,12.3441,12.3852,12.3931,12.4008,12.4082,12.4155,12.4224,12.4292,12.4357,12.442,12.4381,12.3589,12.2797,12.2004,12.1211,12.0417,11.9623,11.8827,11.8031,11.7235,11.6319,11.5256,11.4193,11.3131,11.2069,11.1007,10.9946,10.8886,10.7826,10.6766,10.5477,10.4122,10.2767,10.1414,10.0061,9.871,9.7359,9.601,9.4662,9.3401,9.2945,9.2489,9.2033,9.1577,9.1122,9.0666,9.0211,8.9756,8.9301,8.8678,8.7825,8.6974,8.6124,8.5276,8.443,8.3585,8.2742,8.1901,8.1062,8.0273,7.9506,7.8745,7.7989,7.7239,7.6494
12.6442,12.5352,12.4266,12.3183,12.2104,12.1028,11.9956,11.8887,11.7589,11.6044,11.45,11.2957,11.1415,10.9874,10.8333,10.6793,10.5254,10.3716,10.1106,9.8247,9.539,9.2534,8.9679,8.6826,8.3974,8.1124,7.8274,7.5606,7.4061,7.2516,7.097,6.9423,6.7877,6.633,6.4782,6.3234,6.1686,6.0164,5.8672,5.718,5.5687,5.4194,5.27,5.1205,4.971,4.8214,4.6718,4.4945,4.3101,4.1256,3.9411,3.7565,3.5718,3.3871,3.2022,3.0173,2.8524,2.8262,2.8,2.7737,2.7473,2.721,2.6946,2.6683,2.642,2.6157,2.6543,2.7702,2.8861,3.0021,3.1182,3.2343,3.3504,3.4667,3.583,3.6995,4.0815,4.5364,4.9917,5.4476,5.9039,6.3609,6.8184,7.2765,7.7353,8.177,8.4821,8.7875,9.0931,9.3989,9.705,10.0113,10.3179,10.6247,10.9318,11.1748,11.3368,11.4989,11.661,11.8233,11.9856,12.148,12.3105,12.473,12.6357,12.6727,12.6719,12.671,12.6699,12.6685,12.6669,12.665,12.663,12.6606,12.6503,12.5681,12.4859,12.4036,12.3212,12.2388,12.1563,12.0737,11.991,11.9083,11.8155,11.7088,11.6022,11.4957,11.3892,11.2827,11.1763,11.0699,10.9635,10.8573,10.7297,10.5949,10.4602,10.3256,10.1912,10.0568,9.9225,9.7884,9.6543,9.5263,9.4799,9.4336,9.3872,9.3409,9.2946,9.2483,9.2021,9.1558,9.1095,9.0487,8.965,8.8815,8.7982,8.715,8.632,8.5491,8.4664,8.384,8.3016,8.2276,8.1575,8.0878,8.0188,7.9502,7.8823
12.6524,12.5329,12.4137,12.2949,12.1764,12.0583,11.9405,11.823,11.6852,11.5269,11.3685,11.2103,11.0522,10.8941,10.7362,10.5782,10.4204,10.2626,9.9921,9.6973,9.4026,9.1082,8.8138,8.5196,8.2255,7.9316,7.6377,7.3642,7.208,7.0517,6.8954,6.7391,6.5827,6.4262,6.2697,6.1132,5.9566,5.8028,5.652,5.5011,5.3502,5.1992,5.0482,4.8971,4.7459,4.5947,4.4434,4.2617,4.0722,3.8828,3.6933,3.5037,3.314,3.1242,2.9344,2.7445,2.5767,2.5636,2.5503,2.5371,2.5238,2.5105,2.4971,2.4838,2.4705,2.4572,2.5065,2.6315,2.7565,2.8816,3.0067,3.1319,3.2571,3.3824,3.5078,3.6334,4.0386,4.5238,5.0095,5.4957,5.9824,6.4696,6.9575,7.4459,7.9351,8.4063,8.7183,9.0305,9.3429,9.6556,9.9686,10.2818,10.5952,10.9089,11.2229,11.4715,11.6329,11.7945,11.9561,12.1177,12.2795,12.4413,12.6032,12.7652,12.9273,12.9604,12.9511,12.9415,12.9318,12.9218,12.9116,12.9012,12.8905,12.8796,12.8627,12.7775,12.6922,12.6068,12.5214,12.4359,12.3504,12.2648,12.1791,12.0933,11.999,11.8921,11.7852,11.6783,11.5715,11.4647,11.3579,11.2512,11.1446,11.0379,10.9116,10.7776,10.6437,10.5099,10.3762,10.2426,10.1091,9.9757,9.8424,9.7125,9.6654,9.6183,9.5712,9.5242,9.4771,9.4301,9.383,9.336,9.289,9.2295,9.1475,9.0655,8.9838,8.9022,8.8208,8.7396,8.6586,8.5777,8.497,8.4274,8.3638,8.3007,8.2381,8.1761,8.1147
12.6602,12.5302,12.4005,12.2711,12.1421,12.0134,11.8851,11.757,11.6115,11.4492,11.287,11.1248,10.9628,10.8008,10.6389,10.4771,10.3153,10.1536,9.8733,9.5696,9.2661,8.9627,8.6595,8.3564,8.0534,7.7506,7.4478,7.1678,7.0098,6.8519,6.6938,6.5357,6.3776,6.2195,6.0613,5.903,5.7447,5.5892,5.4368,5.2842,5.1317,4.979,4.8263,4.6736,4.5208,4.3679,4.215,4.0288,3.8344,3.6399,3.4454,3.2508,3.0562,2.8614,2.6666,2.4716,2.301,2.3009,2.3007,2.3004,2.3002,2.2999,2.2995,2.2992,2.299,2.2987,2.3587,2.4928,2.6268,2.761,2.8951,3.0294,3.1637,3.2981,3.4325,3.5671,3.9952,4.5108,5.0268,5.5433,6.0603,6.5779,7.096,7.6148,8.1342,8.6354,8.9543,9.2733,9.5926,9.9122,10.232,10.552,10.8724,11.1929,11.5138,11.7682,11.9291,12.0901,12.2511,12.4122,12.5734,12.7346,12.896,13.0574,13.2189,13.2484,13.2305,13.2124,13.1941,13.1755,13.1567,13.1377,13.1184,13.0989,13.0753,12.987,12.8986,12.8102,12.7218,12.6332,12.5446,12.456,12.3673,12.2784,12.1826,12.0754,11.9681,11.8609,11.7538,11.6467,11.5396,11.4326,11.3256,11.2186,11.0934,10.9602,10.8271,10.6941,10.5611,10.4283,10.2956,10.163,10.0305,9.8988,9.851,9.8031,9.7553,9.7075,9.6597,9.6119,9.5641,9.5163,9.4686,9.4102,9.3298,9.2495,9.1693,9.0894,9.0096,8.93,8.8505,8.7713,8.6922,8.6268,8.5696,8.513,8.457,8.4015,8.3465
