13.3955,13.3579,13.3203,13.2827,13.2452,13.2076,13.1701,13.1325,13.095,13.058,13.0282,12.9983,12.9685,12.9387,12.9088,12.879,12.8492,12.8194,12.7896,12.7168,12.6252,12.5336,12.4419,12.3503,12.2586,12.167,12.0753,11.9836,11.9374,11.9874,12.0376,12.0879,12.1383,12.1887,12.2391,12.2894,12.3398,12.3902,12.4247,12.4582,12.4918,12.5253,12.5589,12.5924,12.626,12.6595,12.6931,12.7298,12.7689,12.8081,12.8472,12.8863,12.9255,12.9646,13.0037,13.0428,13.0577,12.9745,12.8913,12.8081,12.7249,12.6417,12.5585,12.4753,12.3922,12.309,12.1966,12.078,11.9594,11.8408,11.7222,11.6036,11.485,11.3664,11.2478,11.1968,11.2283,11.26,11.2918,11.3237,11.3555,11.3874,11.4194,11.4514,11.482,11.4959,11.5098,11.5238,11.5378,11.5518,11.5659,11.58,11.5941,11.6083,11.6426,11.6855,11.7283,11.7709,11.8135,11.856,11.8983,11.9405,11.9826,11.9928,11.9368,11.8808,11.8248,11.7688,11.7128,11.6568,11.6008,11.5448,11.4888,11.4693,11.4517,11.4338,11.4158,11.3977,11.3793,11.3608,11.3421,11.3232,11.321,11.3316,11.3423,11.3529,11.3636,11.3744,11.3851,11.3959,11.4068,11.4106,11.3843,11.3581,11.3318,11.3056,11.2793,11.253,11.2267,11.2004,11.1741,11.1385,11.1002,11.0612,11.0216,10.9814,10.9405,10.899,10.8569,10.8141,10.7691,10.7217,10.674,10.626,10.5777,10.5291,10.4802,10.4309,10.3813,10.331,10.2745,10.2179,10.1613,10.1046,10.0478,9.991,9.9342,9.8773,9.8203
13.4187,13.3812,13.3436,13.3061,13.2686,13.2311,13.1936,13.1561,13.1186,13.0818,13.0519,13.0221,12.9922,12.9624,12.9326,12.9028,12.873,12.8432,12.8134,12.7403,12.6494,12.5584,12.4675,12.3765,12.2855,12.1945,12.1036,12.0126,11.9659,12.0096,12.0533,12.0972,12.1412,12.1853,12.2294,12.2737,12.318,12.3624,12.3966,12.4303,12.464,12.4977,12.5314,12.565,12.5987,12.6323,12.666,12.7018,12.7393,12.7768,12.8143,12.8518,12.8892,12.9267,12.9641,13.0016,13.0164,12.9394,12.8624,12.7855,12.7085,12.6316,12.5547,12.4779,12.4011,12.3244,12.2148,12.0982,11.9816,11.8649,11.7484,11.6318,11.5153,11.3988,11.2824,11.2321,11.2649,11.2977,11.3305,11.3633,11.3962,11.4291,11.4621,11.4951,11.5269,11.5414,11.556,11.5707,11.5853,11.6,11.6147,11.6295,11.6443,11.6591,11.6905,11.7293,11.768,11.8066,11.8451,11.8835,11.9218,11.96,11.998,12.007,11.951,11.895,11.8389,11.7829,11.7269,11.6709,11.6149,11.5589,11.503,11.4789,11.4571,11.4352,11.4131,11.3908,11.3683,11.3457,11.3228,11.2998,11.2955,11.3069,11.3184,11.3298,11.3413,11.3528,11.3644,11.376,11.3876,11.3931,11.3668,11.3406,11.3143,11.288,11.2618,11.2355,11.2092,11.1829,11.1566,11.1136,11.0654,11.0165,10.9671,10.917,10.8663,10.8149,10.7629,10.7102,10.6578,10.6063,10.5546,10.5026,10.4502,10.3976,10.3446,10.2912,10.2376,10.1836,10.127,10.0704,10.0138,9.9571,9.9003,9.8435,9.7867,9.7298,9.6729
13.442,13.4045,13.367,13.3295,13.292,13.2545,13.2171,13.1796,13.1422,13.1055,13.0756,13.0458,13.016,12.9861,12.9563,12.9265,12.8967,12.8669,12.8371,12.7638,12.6736,12.5833,12.493,12.4027,12.3124,12.2221,12.1318,12.0415,11.9943,12.0316,12.069,12.1065,12.144,12.1817,12.2195,12.2573,12.2953,12.3333,12.3672,12.4009,12.4346,12.4683,12.5019,12.5356,12.5693,12.6029,12.6366,12.6714,12.707,12.7427,12.7783,12.814,12.8496,12.8852,12.9208,12.9564,12.9711,12.901,12.8309,12.7608,12.6907,12.6206,12.5506,12.4806,12.4106,12.3407,12.2343,12.1196,12.0049,11.8903,11.7756,11.6611,11.5465,11.432,11.3175,11.2677,11.3015,11.3353,11.3691,11.403,11.4369,11.4708,11.5048,11.5387,11.5717,11.587,11.6022,11.6175,11.6328,11.6482,11.6636,11.679,11.6944,11.7099,11.7384,11.7732,11.8079,11.8424,11.8769,11.9112,11.9454,11.9795,12.0135,12.0212,11.9652,11.9091,11.8531,11.7971,11.7411,11.6851,11.6291,11.5731,11.5171,11.4886,11.4627,11.4367,11.4104,11.384,11.3575,11.3307,11.3038,11.2766,11.27,11.2822,11.2944,11.3067,11.3189,11.3313,11.3436,11.356,11.3684,11.3755,11.3493,11.323,11.2968,11.2705,11.2442,11.2179,11.1916,11.1654,11.1391,11.0893,11.0312,10.9725,10.9132,10.8532,10.7926,10.7314,10.6695,10.607,10.5467,10.4912,10.4355,10.3794,10.323,10.2663,10.2092,10.1519,10.0942,10.0361,9.9795,9.9229,9.8663,9.8096,9.7529,9.6961,9.6392,9.5823,9.5254
13.4652,13.4277,13.3903,13.3529,13.3154,13.278,13.2406,13.2031,13.1657,13.1292,13.0994,13.0695,13.0397,13.0099,12.98,12.9502,12.9204,12.8906,12.8609,12.7873,12.6978,12.6082,12.5186,12.429,12.3393,12.2497,12.1601,12.0705,12.0227,12.0535,12.0845,12.1156,12.1468,12.1781,12.2095,12.2409,12.2725,12.3041,12.3377,12.3714,12.4051,12.4388,12.4725,12.5062,12.5399,12.5735,12.6072,12.6409,12.6747,12.7085,12.7423,12.7761,12.8099,12.8437,12.8774,12.9112,12.9259,12.8626,12.7993,12.7361,12.6728,12.6096,12.5464,12.4832,12.4201,12.3571,12.2536,12.1409,12.0282,11.9155,11.8029,11.6903,11.5777,11.4652,11.3526,11.3033,11.3381,11.3729,11.4078,11.4426,11.4775,11.5124,11.5474,11.5824,11.6166,11.6325,11.6484,11.6643,11.6803,11.6963,11.7124,11.7285,11.7446,11.7607,11.7865,11.8172,11.8478,11.8783,11.9087,11.939,11.9692,11.9992,12.0292,12.0354,11.9794,11.9233,11.8673,11.8113,11.7553,11.6993,11.6432,11.5872,11.5312,11.4985,11.4685,11.4383,11.408,11.3775,11.3468,11.316,11.2849,11.2537,11.2444,11.2574,11.2704,11.2835,11.2965,11.3096,11.3228,11.3359,11.3491,11.358,11.3317,11.3055,11.2792,11.253,11.2267,11.2004,11.1741,11.1478,11.1215,11.0656,10.9976,10.9291,10.8599,10.7901,10.7196,10.6485,10.5768,10.5044,10.4359,10.3764,10.3166,10.2565,10.196,10.1353,10.0742,10.0128,9.9511,9.889,9.8321,9.7755,9.7188,9.6621,9.6054,9.5486,9.4918,9.4349,9.3779
13.4885,13.451,13.4136,13.3762,13.3388,13.3014,13.2641,13.2267,13.1893,13.1529,13.1231,13.0933,13.0634,13.0336,13.0038,12.974,12.9442,12.9144,12.8846,12.8109,12.722,12.6331,12.5441,12.4552,12.3663,12.2773,12.1884,12.0995,12.0509,12.0753,12.0999,12.1247,12.1495,12.1744,12.1994,12.2244,12.2496,12.2748,12.3083,12.342,12.3757,12.4094,12.4431,12.4768,12.5105,12.5441,12.5778,12.6105,12.6424,12.6744,12.7063,12.7383,12.7702,12.8022,12.8341,12.866,12.8806,12.8242,12.7677,12.7113,12.6549,12.5985,12.5422,12.4859,12.4296,12.3734,12.273,12.1623,12.0515,11.9408,11.8301,11.7195,11.6089,11.4983,11.3877,11.3389,11.3747,11.4105,11.4464,11.4822,11.5181,11.5541,11.59,11.626,11.6614,11.678,11.6945,11.7112,11.7278,11.7445,11.7612,11.7779,11.7947,11.8115,11.8347,11.8614,11.8879,11.9144,11.9407,11.967,11.9931,12.0191,12.0449,12.0496,11.9936,11.9375,11.8815,11.8255,11.7694,11.7134,11.6574,11.6014,11.5454,11.5085,11.4744,11.4402,11.4057,11.3711,11.3363,11.3014,11.2662,11.2309,11.2189,11.2326,11.2464,11.2603,11.2741,11.288,11.3019,11.3159,11.3299,11.3405,11.3142,11.288,11.2617,11.2354,11.2092,11.1829,11.1566,11.1303,11.104,11.0424,10.9646,10.8862,10.8072,10.7275,10.6472,10.5663,10.4847,10.4025,10.3254,10.2618,10.198,10.1338,10.0694,10.0046,9.9394,9.874,9.8082,9.7421,9.6846,9.628,9.5714,9.5147,9.4579,9.4011,9.3443,9.2874,9.2305
13.5117,13.4743,13.437,13.3996,13.3622,13.3249,13.2876,13.2502,13.2129,13.1767,13.1468,13.117,13.0872,13.0573,13.0275,12.9977,12.9679,12.9381,12.9083,12.8344,12.7462,12.658,12.5697,12.4815,12.3932,12.305,12.2167,12.1285,12.079,12.0971,12.1153,12.1336,12.152,12.1706,12.1892,12.2079,12.2266,12.2454,12.2788,12.3125,12.3463,12.38,12.4137,12.4474,12.4811,12.5147,12.5484,12.58,12.6101,12.6402,12.6704,12.7005,12.7306,12.7607,12.7907,12.8208,12.8354,12.7857,12.7361,12.6866,12.637,12.5874,12.5379,12.4884,12.439,12.3896,12.2924,12.1836,12.0748,11.9661,11.8573,11.7486,11.64,11.5314,11.4228,11.3745,11.4113,11.4481,11.485,11.5218,11.5587,11.5957,11.6327,11.6697,11.7062,11.7234,11.7407,11.758,11.7753,11.7926,11.81,11.8274,11.8448,11.8623,11.8831,11.9057,11.9282,11.9506,11.9728,11.995,12.0171,12.039,12.0608,12.0638,12.0078,11.9517,11.8957,11.8396,11.7836,11.7276,11.6716,11.6155,11.5595,11.5187,11.4805,11.4422,11.4036,11.3649,11.326,11.287,11.2477,11.2083,11.1932,11.2078,11.2224,11.237,11.2516,11.2663,11.281,11.2958,11.3105,11.3229,11.2967,11.2704,11.2442,11.2179,11.1916,11.1653,11.139,11.1127,11.0864,11.0199,10.9322,10.844,10.7551,10.6656,10.5755,10.4847,10.3932,10.3011,10.2151,10.1475,10.0796,10.0115,9.9429,9.8741,9.805,9.7355,9.6657,9.5955,9.5371,9.4805,9.4239,9.3672,9.3105,9.2537,9.1968,9.14,9.083
13.535,13.4976,13.4603,13.423,13.3857,13.3484,13.3111,13.2738,13.2365,13.2004,13.1705,13.1407,13.1109,13.0811,13.0513,13.0215,12.9917,12.9619,12.9321,12.858,12.7704,12.6829,12.5953,12.5078,12.4202,12.3326,12.245,12.1575,12.1069,12.1187,12.1305,12.1425,12.1545,12.1667,12.1789,12.1912,12.2036,12.216,12.2494,12.2831,12.3168,12.3505,12.3843,12.418,12.4516,12.4853,12.519,12.5495,12.5778,12.6061,12.6344,12.6626,12.6909,12.7192,12.7474,12.7756,12.7901,12.7473,12.7045,12.6618,12.619,12.5763,12.5336,12.4909,12.4483,12.4058,12.3117,12.2049,12.0981,11.9913,11.8845,11.7778,11.6711,11.5644,11.4578,11.4101,11.4479,11.4857,11.5235,11.5614,11.5993,11.6373,11.6753,11.7133,11.751,11.7689,11.7868,11.8048,11.8227,11.8407,11.8588,11.8768,11.8949,11.913,11.9315,11.95,11.9685,11.9868,12.0051,12.0232,12.0412,12.0591,12.0769,12.078,12.022,11.9659,11.9099,11.8538,11.7978,11.7417,11.6857,11.6297,11.5737,11.5291,11.4868,11.4444,11.4017,11.3589,11.3159,11.2728,11.2294,11.1858,11.1676,11.1829,11.1983,11.2137,11.2291,11.2446,11.2601,11.2756,11.2912,11.3054,11.2792,11.2529,11.2266,11.2004,11.1741,11.1478,11.1215,11.0952,11.0689,10.9979,10.9004,10.8023,10.7036,10.6043,10.5043,10.4037,10.3024,10.2005,10.1051,10.0335,9.9616,9.8894,9.8168,9.744,9.6708,9.5973,9.5234,9.4492,9.3896,9.333,9.2764,9.2197,9.163,9.1062,9.0494,8.9925,8.9356
13.5582,13.5209,13.4836,13.4464,13.4091,13.3718,13.3346,13.2973,13.2601,13.2241,13.1943,13.1644,13.1346,13.1048,13.075,13.0452,13.0154,12.9856,12.9558,12.8816,12.7947,12.7078,12.6209,12.5341,12.4472,12.3603,12.2734,12.1865,12.1348,12.1402,12.1456,12.1512,12.1569,12.1627,12.1685,12.1745,12.1805,12.1866,12.2199,12.2537,12.2874,12.3211,12.3548,12.3885,12.4222,12.4559,12.4896,12.519,12.5455,12.5719,12.5984,12.6248,12.6512,12.6776,12.704,12.7304,12.7448,12.7088,12.6729,12.6369,12.601,12.5651,12.5292,12.4934,12.4576,12.4219,12.3311,12.2262,12.1213,12.0165,11.9117,11.8069,11.7022,11.5975,11.4928,11.4456,11.4844,11.5232,11.5621,11.601,11.6399,11.6788,11.7178,11.7568,11.7958,11.8144,11.8329,11.8515,11.8702,11.8888,11.9075,11.9262,11.945,11.9638,11.98,11.9945,12.0089,12.0232,12.0374,12.0515,12.0655,12.0793,12.0931,12.0922,12.0362,11.9801,11.924,11.868,11.8119,11.7559,11.6999,11.6438,11.5878,11.5397,11.4933,11.4467,11.4,11.3531,11.306,11.2587,11.2113,11.1636,11.1419,11.158,11.1742,11.1903,11.2066,11.2228,11.2391,11.2554,11.2718,11.2879,11.2616,11.2354,11.2091,11.1828,11.1565,11.1303,11.104,11.0777,11.0514,10.9765,10.8692,10.7613,10.6527,10.5436,10.4338,10.3233,10.2122,10.1005,9.9954,9.9197,9.8438,9.7675,9.691,9.6141,9.5369,9.4593,9.3814,9.3032,9.2421,9.1855,9.1289,9.0722,9.0155,8.9587,8.9019,8.845,8.7881
13.5815,13.5442,13.507,13.4697,13.4325,13.3953,13.3581,13.3208,13.2836,13.2478,13.218,13.1882,13.1584,13.1285,13.0987,13.0689,13.0391,13.0093,12.9796,12.9052,12.819,12.7328,12.6466,12.5604,12.4742,12.3879,12.3017,12.2155,12.1626,12.1616,12.1607,12.1599,12.1592,12.1586,12.1581,12.1576,12.1573,12.157,12.1905,12.2242,12.258,12.2917,12.3254,12.3591,12.3928,12.4265,12.4602,12.4885,12.5131,12.5377,12.5624,12.587,12.6116,12.6361,12.6607,12.6853,12.6995,12.6703,12.6412,12.6121,12.583,12.5539,12.5249,12.4958,12.4669,12.438,12.3504,12.2474,12.1445,12.0417,11.9388,11.836,11.7332,11.6305,11.5278,11.4811,11.5209,11.5608,11.6006,11.6405,11.6804,11.7204,11.7604,11.8004,11.8405,11.8598,11.879,11.8983,11.9176,11.9369,11.9562,11.9756,11.9951,12.0145,12.0287,12.0391,12.0495,12.0598,12.0699,12.08,12.0899,12.0997,12.1094,12.1064,12.0504,11.9943,11.9382,11.8822,11.8261,11.7701,11.714,11.658,11.6019,11.5504,11.4999,11.4492,11.3984,11.3474,11.2962,11.2449,11.1933,11.1416,11.1161,11.133,11.15,11.167,11.184,11.201,11.2181,11.2352,11.2523,11.2695,11.2441,11.2178,11.1916,11.1653,11.139,11.1127,11.0864,11.0601,11.0338,10.9557,10.8386,10.7208,10.6025,10.4835,10.3638,10.2436,10.1226,10.0011,9.8859,9.8062,9.7262,9.646,9.5654,9.4845,9.4032,9.3217,9.2398,9.1575,9.0946,9.0381,8.9814,8.9248,8.868,8.8113,8.7544,8.6976,8.6406
13.6047,13.5675,13.5303,13.4931,13.4559,13.4187,13.3816,13.3444,13.3072,13.2716,13.2417,13.2119,13.1821,13.1523,13.1225,13.0927,13.0629,13.0331,13.0033,12.9288,12.8433,12.7577,12.6722,12.5867,12.5012,12.4156,12.3301,12.2445,12.1902,12.1829,12.1756,12.1684,12.1614,12.1544,12.1475,12.1407,12.134,12.1274,12.161,12.1948,12.2285,12.2623,12.296,12.3297,12.3634,12.3971,12.4308,12.458,12.4808,12.5036,12.5263,12.5491,12.5719,12.5946,12.6174,12.6401,12.6542,12.6318,12.6095,12.5872,12.5649,12.5427,12.5204,12.4982,12.4761,12.454,12.3697,12.2687,12.1678,12.0668,11.966,11.8651,11.7643,11.6635,11.5628,11.5167,11.5575,11.5983,11.6392,11.6801,11.721,11.7619,11.8029,11.8439,11.885,11.9052,11.9251,11.945,11.965,11.985,12.005,12.025,12.0451,12.0652,12.0775,12.0839,12.0902,12.0964,12.1025,12.1085,12.1144,12.1202,12.1258,12.1206,12.0645,12.0085,11.9524,11.8963,11.8403,11.7842,11.7282,11.6721,11.6161,11.5613,11.5067,11.4519,11.397,11.3419,11.2866,11.2312,11.1755,11.1197,11.0904,11.1081,11.1258,11.1435,11.1613,11.1792,11.197,11.2149,11.2328,11.2508,11.2266,11.2003,11.174,11.1478,11.1215,11.0952,11.0689,11.0426,11.0163,10.9355,10.8086,10.681,10.5528,10.424,10.2945,10.1644,10.0337,9.9023,9.7767,9.693,9.609,9.5247,9.4401,9.3551,9.2699,9.1843,9.0984,9.0121,8.9471,8.8906,8.834,8.7773,8.7206,8.6638,8.607,8.5501,8.4932
13.628,13.5908,13.5537,13.5165,13.4793,13.4422,13.4051,13.3679,13.3308,13.2953,13.2655,13.2356,13.2058,13.176,13.1462,13.1164,13.0866,13.0568,13.0271,12.9524,12.8676,12.7827,12.6979,12.613,12.5282,12.4433,12.3585,12.2736,12.2178,12.204,12.1904,12.1769,12.1635,12.1502,12.1369,12.1238,12.1107,12.0978,12.1316,12.1653,12.1991,12.2328,12.2666,12.3003,12.334,12.3677,12.4014,12.4275,12.4484,12.4694,12.4903,12.5113,12.5322,12.5531,12.574,12.5949,12.6088,12.5933,12.5778,12.5623,12.5468,12.5314,12.516,12.5006,12.4852,12.4699,12.3889,12.2899,12.1909,12.092,11.9931,11.8942,11.7953,11.6965,11.5977,11.5522,11.594,11.6358,11.6777,11.7196,11.7615,11.8035,11.8454,11.8875,11.9295,11.9506,11.9712,11.9918,12.0124,12.033,12.0537,12.0744,12.0951,12.1159,12.1263,12.1287,12.131,12.1332,12.1352,12.1372,12.1391,12.1408,12.1424,12.1348,12.0787,12.0227,11.9666,11.9105,11.8545,11.7984,11.7423,11.6863,11.6302,11.5723,11.5136,11.4548,11.3958,11.3366,11.2772,11.2177,11.158,11.098,11.0645,11.083,11.1015,11.1201,11.1387,11.1573,11.1759,11.1946,11.2133,11.232,11.209,11.1828,11.1565,11.1302,11.1039,11.0777,11.0514,11.0251,10.9988,10.9159,10.7791,10.6417,10.5037,10.3651,10.2258,10.0859,9.9454,9.8042,9.6677,9.58,9.492,9.4037,9.315,9.2261,9.1368,9.0472,8.9572,8.867,8.7996,8.7431,8.6865,8.6298,8.5731,8.5163,8.4595,8.4026,8.3457
13.6513,13.6141,13.577,13.5399,13.5028,13.4657,13.4286,13.3915,13.3544,13.319,13.2892,13.2594,13.2296,13.1997,13.1699,13.1401,13.1103,13.0806,13.0508,12.976,12.8919,12.8077,12.7236,12.6394,12.5552,12.471,12.3869,12.3027,12.2452,12.2251,12.2051,12.1853,12.1655,12.1458,12.1262,12.1067,12.0873,12.0683,12.1021,12.1359,12.1696,12.2034,12.2371,12.2709,12.3046,12.3383,12.372,12.397,12.4161,12.4352,12.4543,12.4734,12.4925,12.5116,12.5307,12.5497,12.5635,12.5548,12.5461,12.5374,12.5287,12.5201,12.5115,12.5029,12.4943,12.4859,12.4082,12.3111,12.2141,12.1171,12.0201,11.9232,11.8263,11.7294,11.6326,11.5877,11.6305,11.6733,11.7162,11.7591,11.802,11.845,11.8879,11.931,11.974,11.996,12.0172,12.0385,12.0597,12.081,12.1024,12.1237,12.1451,12.1666,12.1753,12.1737,12.1719,12.1701,12.1681,12.166,12.1638,12.1615,12.1591,12.149,12.0929,12.0369,11.9808,11.9247,11.8686,11.8126,11.7565,11.7004,11.6444,11.5835,11.5208,11.4578,11.3947,11.3315,11.268,11.2044,11.1406,11.0766,11.0387,11.058,11.0773,11.0966,11.116,11.1353,11.1548,11.1742,11.1937,11.2132,11.1915,11.1652,11.139,11.1127,11.0864,11.0601,11.0338,11.0075,10.9812,10.8968,10.7502,10.603,10.4552,10.3068,10.1578,10.0081,9.8577,9.7067,9.559,9.4673,9.3753,9.2829,9.1903,9.0973,9.004,8.9104,8.8164,8.7221,8.6522,8.5956,8.539,8.4823,8.4256,8.3688,8.312,8.2552,8.1982
13.6745,13.6374,13.6003,13.5633,13.5262,13.4891,13.4521,13.415,13.378,13.3428,13.3129,13.2831,13.2533,13.2235,13.1937,13.1639,13.1341,13.1043,13.0745,12.9997,12.9162,12.8327,12.7493,12.6658,12.5823,12.4988,12.4153,12.3317,12.2725,12.2461,12.2198,12.1935,12.1674,12.1414,12.1154,12.0896,12.0638,12.0389,12.0727,12.1064,12.1402,12.174,12.2077,12.2414,12.2752,12.3089,12.3426,12.3664,12.3837,12.401,12.4183,12.4356,12.4528,12.4701,12.4873,12.5045,12.5181,12.5162,12.5143,12.5124,12.5106,12.5087,12.5069,12.5051,12.5034,12.5017,12.4274,12.3323,12.2373,12.1422,12.0472,11.9522,11.8572,11.7623,11.6674,11.6231,11.6669,11.7108,11.7547,11.7985,11.8425,11.8864,11.9304,11.9745,12.0185,12.0414,12.0633,12.0852,12.1071,12.1291,12.1511,12.1731,12.1951,12.2172,12.2244,12.2187,12.2129,12.2071,12.2011,12.195,12.1887,12.1824,12.176,12.1632,12.1071,12.051,11.995,11.9389,11.8828,11.8267,11.7706,11.7146,11.6585,11.5949,11.5281,11.461,11.3939,11.3265,11.259,11.1913,11.1234,11.0553,11.0128,11.0329,11.0529,11.0731,11.0932,11.1134,11.1336,11.1538,11.1741,11.1944,11.174,11.1477,11.1214,11.0952,11.0689,11.0426,11.0163,10.99,10.9637,10.8784,10.722,10.565,10.4074,10.2491,10.0903,9.9308,9.7706,9.6098,9.4506,9.3549,9.2588,9.1624,9.0658,8.9688,8.8715,8.7738,8.6759,8.5775,8.5047,8.4481,8.3913,8.3335,8.2756,8.2176,8.1595,8.1013,8.043
13.6978,13.6607,13.6237,13.5867,13.5496,13.5126,13.4756,13.4386,13.4016,13.3665,13.3367,13.3068,13.277,13.2472,13.2174,13.1876,13.1578,13.1281,13.0983,13.0234,12.9406,12.8578,12.775,12.6921,12.6093,12.5265,12.4437,12.3608,12.2997,12.267,12.2343,12.2017,12.1692,12.1369,12.1046,12.0724,12.0402,12.0094,12.0432,12.077,12.1108,12.1445,12.1783,12.212,12.2458,12.2795,12.3132,12.3359,12.3513,12.3668,12.3823,12.3977,12.4131,12.4286,12.444,12.4594,12.4728,12.4777,12.4826,12.4875,12.4924,12.4974,12.5023,12.5073,12.5124,12.5175,12.4467,12.3535,12.2604,12.1673,12.0742,11.9812,11.8882,11.7952,11.7023,11.6586,11.7034,11.7482,11.7931,11.838,11.8829,11.9279,11.9729,12.0179,12.063,12.0868,12.1093,12.1319,12.1544,12.1771,12.1997,12.2224,12.2451,12.2679,12.2736,12.2639,12.2541,12.2442,12.2342,12.224,12.2138,12.2034,12.1929,12.1774,12.1213,12.0652,12.0091,11.9531,11.897,11.8409,11.7848,11.7287,11.6727,11.6064,11.5355,11.4644,11.3932,11.3217,11.2501,11.1783,11.1063,11.0342,10.9869,11.0077,11.0286,11.0495,11.0704,11.0914,11.1124,11.1334,11.1541,11.1732,11.1518,11.1227,11.0934,11.0636,11.0335,11.0031,10.9722,10.9409,10.9093,10.8196,10.652,10.4841,10.316,10.1477,9.9792,9.8104,9.6415,9.4723,9.303,9.2035,9.1039,9.0042,8.9045,8.8047,8.7049,8.605,8.505,8.405,8.3291,8.271,8.2129,8.1546,8.0963,8.0379,7.9793,7.9207,7.862
13.7055,13.6686,13.6318,13.595,13.5583,13.5215,13.4848,13.4481,13.4114,13.3764,13.3455,13.3148,13.2842,13.2537,13.2234,13.1931,13.163,13.133,13.1031,13.029,12.9478,12.8666,12.7853,12.704,12.6227,12.5414,12.46,12.3786,12.3166,12.2789,12.2412,12.2034,12.1656,12.1279,12.0901,12.0523,12.0144,11.9784,12.0124,12.0464,12.0803,12.1143,12.1482,12.182,12.2159,12.2497,12.2835,12.3051,12.3188,12.3325,12.3462,12.3598,12.3734,12.3871,12.4007,12.4143,12.4275,12.4391,12.4506,12.4622,12.4737,12.4853,12.4968,12.5083,12.5198,12.5313,12.4637,12.3724,12.2811,12.1899,12.0988,12.0076,11.9166,11.8256,11.7347,11.6915,11.7367,11.7818,11.8269,11.872,11.917,11.9619,12.0068,12.0516,12.0964,12.1203,12.1426,12.165,12.1873,12.2096,12.2319,12.2542,12.2765,12.2988,12.3017,12.2858,12.2696,12.2533,12.2367,12.2198,12.2026,12.1852,12.1675,12.1459,12.0873,12.0287,11.9699,11.9111,11.8522,11.7932,11.7341,11.6749,11.6156,11.546,11.4711,11.3962,11.3213,11.2463,11.1713,11.0963,11.0212,10.9461,10.8943,10.9144,10.9344,10.9545,10.9746,10.9947,11.0149,11.0351,11.0553,11.0755,11.0506,11.0156,10.9802,10.9445,10.9084,10.8719,10.835,10.7977,10.7601,10.6698,10.4996,10.3291,10.1585,9.9877,9.8166,9.6453,9.4738,9.3021,9.1302,9.0283,8.9286,8.8289,8.7291,8.6292,8.5293,8.4293,8.3293,8.2291,8.1515,8.093,8.0344,7.9758,7.917,7.8582,7.7992,7.7402,7.6811
13.6975,13.6599,13.6223,13.5847,13.5472,13.5097,13.4722,13.4347,13.3972,13.3603,13.3246,13.289,13.2536,13.2183,13.1831,13.1481,13.1131,13.0783,13.0436,12.9687,12.888,12.8073,12.7266,12.6459,12.5651,12.4843,12.4035,12.3226,12.2612,12.2234,12.1855,12.1476,12.1097,12.0718,12.0338,11.9959,11.9579,11.9221,11.9578,11.9933,12.0289,12.0644,12.0999,12.1354,12.1708,12.2062,12.2416,12.2639,12.2778,12.2916,12.3054,12.3192,12.333,12.3468,12.3605,12.3743,12.3876,12.3992,12.4108,12.4224,12.4339,12.4455,12.457,12.4685,12.48,12.4915,12.4283,12.3422,12.2561,12.1701,12.0841,11.9982,11.9123,11.8265,11.7408,11.699,11.7411,11.7832,11.8252,11.8672,11.9091,11.951,11.9928,12.0345,12.0762,12.1001,12.1225,12.1448,12.1671,12.1895,12.2118,12.2341,12.2564,12.2787,12.2782,12.2545,12.2305,12.2063,12.1819,12.1572,12.1323,12.107,12.0815,12.0532,11.9932,11.9331,11.8729,11.8126,11.7522,11.6917,11.6311,11.5705,11.5097,11.4398,11.3649,11.29,11.215,11.14,11.0649,10.9898,10.9147,10.8395,10.7858,10.8071,10.8283,10.8496,10.8709,10.8922,10.9136,10.9349,10.9563,10.9777,10.9498,10.9087,10.8674,10.8256,10.7835,10.741,10.6981,10.6549,10.6112,10.5201,10.3473,10.1743,10.0012,9.8278,9.6542,9.4804,9.3064,9.1321,8.9576,8.8531,8.7534,8.6536,8.5537,8.4537,8.3537,8.2537,8.1535,8.0533,7.9739,7.915,7.856,7.7969,7.7378,7.6785,7.6192,7.5597,7.5002
13.6895,13.6511,13.6127,13.5744,13.5361,13.4978,13.4595,13.4213,13.383,13.3441,13.3036,13.2632,13.2229,13.1828,13.1428,13.1029,13.0631,13.0235,12.9839,12.9084,12.8283,12.7481,12.668,12.5878,12.5075,12.4272,12.347,12.2666,12.2058,12.1678,12.1298,12.0918,12.0537,12.0156,11.9776,11.9395,11.9013,11.8659,11.9031,11.9403,11.9775,12.0146,12.0517,12.0887,12.1258,12.1628,12.1998,12.2227,12.2367,12.2507,12.2647,12.2786,12.2926,12.3065,12.3204,12.3343,12.3478,12.3594,12.371,12.3825,12.3941,12.4056,12.4172,12.4287,12.4402,12.4516,12.3928,12.3119,12.231,12.1502,12.0694,11.9886,11.908,11.8274,11.7468,11.7065,11.7456,11.7846,11.8235,11.8625,11.9013,11.9401,11.9789,12.0175,12.0561,12.08,12.1023,12.1246,12.147,12.1693,12.1916,12.214,12.2363,12.2586,12.2549,12.2234,12.1916,12.1596,12.1274,12.0949,12.0621,12.0291,11.9958,11.9606,11.8991,11.8375,11.7758,11.714,11.6522,11.5902,11.5282,11.4661,11.4038,11.3336,11.2587,11.1837,11.1087,11.0336,10.9585,10.8834,10.8082,10.733,10.6773,10.6997,10.7222,10.7446,10.7671,10.7896,10.8122,10.8347,10.8573,10.8799,10.8492,10.8022,10.7548,10.7071,10.659,10.6105,10.5616,10.5123,10.4627,10.3705,10.1952,10.0197,9.844,9.6681,9.492,9.3156,9.139,8.9622,8.7852,8.678,8.5781,8.4782,8.3783,8.2783,8.1782,8.078,7.9778,7.8775,7.7963,7.737,7.6776,7.6181,7.5586,7.4989,7.4391,7.3792,7.3193
13.6814,13.6423,13.6031,13.564,13.525,13.4859,13.4468,13.4078,13.3688,13.3277,13.2824,13.2372,13.1921,13.1472,13.1023,13.0576,13.013,12.9685,12.9241,12.8481,12.7685,12.6889,12.6093,12.5296,12.4499,12.3702,12.2904,12.2106,12.1504,12.1123,12.0741,12.0359,11.9977,11.9595,11.9213,11.8831,11.8448,11.8097,11.8485,11.8873,11.9261,11.9648,12.0034,12.0421,12.0807,12.1193,12.1579,12.1815,12.1957,12.2098,12.2239,12.238,12.2521,12.2662,12.2803,12.2944,12.308,12.3196,12.3311,12.3427,12.3543,12.3658,12.3773,12.3888,12.4003,12.4118,12.3573,12.2815,12.2058,12.1302,12.0546,11.979,11.9036,11.8281,11.7528,11.7141,11.7501,11.786,11.8219,11.8578,11.8936,11.9293,11.965,12.0006,12.0361,12.0598,12.0821,12.1045,12.1268,12.1492,12.1715,12.1938,12.2161,12.2384,12.2318,12.1925,12.1529,12.1131,12.0731,12.0328,11.9922,11.9514,11.9103,11.8681,11.8051,11.742,11.6788,11.6156,11.5523,11.4888,11.4253,11.3617,11.298,11.2274,11.1525,11.0774,11.0024,10.9273,10.8521,10.777,10.7017,10.6265,10.5687,10.5923,10.6159,10.6396,10.6633,10.687,10.7107,10.7345,10.7582,10.7821,10.749,10.696,10.6426,10.5889,10.5348,10.4803,10.4254,10.3702,10.3145,10.2211,10.0433,9.8652,9.687,9.5085,9.3299,9.151,8.9719,8.7926,8.613,8.5028,8.4029,8.3029,8.2029,8.1028,8.0026,7.9024,7.802,7.7017,7.6188,7.5591,7.4993,7.4394,7.3794,7.3193,7.2591,7.1988,7.1384
13.6734,13.6334,13.5935,13.5537,13.5138,13.474,13.4341,13.3944,13.3546,13.3112,13.2611,13.211,13.1611,13.1114,13.0617,13.0122,12.9628,12.9134,12.8642,12.7879,12.7088,12.6298,12.5506,12.4715,12.3923,12.3131,12.2339,12.1547,12.095,12.0567,12.0184,11.9801,11.9418,11.9034,11.865,11.8267,11.7882,11.7536,11.794,11.8343,11.8747,11.915,11.9552,11.9955,12.0357,12.0759,12.116,12.1403,12.1546,12.1689,12.1832,12.1975,12.2117,12.226,12.2402,12.2544,12.2681,12.2797,12.2913,12.3029,12.3144,12.326,12.3375,12.349,12.3605,12.372,12.3217,12.2511,12.1806,12.1102,12.0398,11.9694,11.8991,11.8288,11.7587,11.7217,11.7546,11.7875,11.8203,11.8531,11.8859,11.9185,11.9511,11.9837,12.0162,12.0396,12.062,12.0843,12.1067,12.129,12.1513,12.1737,12.196,12.2183,12.2089,12.1618,12.1145,12.0669,12.019,11.9709,11.9226,11.874,11.8251,11.7755,11.7111,11.6465,11.5819,11.5172,11.4524,11.3875,11.3225,11.2574,11.1923,11.1213,11.0463,10.9712,10.8961,10.8209,10.7457,10.6705,10.5953,10.52,10.46,10.4848,10.5096,10.5345,10.5594,10.5843,10.6092,10.6341,10.6591,10.6841,10.6491,10.5901,10.5308,10.471,10.4109,10.3505,10.2896,10.2283,10.1667,10.0718,9.8915,9.7109,9.5301,9.3491,9.1679,8.9865,8.8049,8.623,8.441,8.3277,8.2277,8.1276,8.0275,7.9273,7.827,7.7267,7.6263,7.5259,7.4413,7.3812,7.321,7.2606,7.2002,7.1397,7.0791,7.0184,6.9576
13.6653,13.6246,13.5839,13.5432,13.5026,13.462,13.4214,13.3809,13.3403,13.2946,13.2396,13.1847,13.13,13.0755,13.021,12.9666,12.9124,12.8583,12.8042,12.7276,12.6491,12.5706,12.492,12.4134,12.3348,12.2561,12.1774,12.0987,12.0396,12.0012,11.9627,11.9243,11.8858,11.8473,11.8088,11.7703,11.7317,11.6974,11.7394,11.7813,11.8233,11.8652,11.907,11.9489,11.9907,12.0324,12.0742,12.0991,12.1136,12.128,12.1424,12.1569,12.1713,12.1857,12.2001,12.2144,12.2283,12.2399,12.2515,12.263,12.2746,12.2861,12.2977,12.3092,12.3207,12.3322,12.2861,12.2207,12.1554,12.0901,12.0249,11.9597,11.8945,11.8295,11.7645,11.7294,11.7592,11.7891,11.8188,11.8485,11.8782,11.9078,11.9374,11.9668,11.9963,12.0195,12.0418,12.0642,12.0865,12.1089,12.1312,12.1535,12.1758,12.1982,12.1863,12.1314,12.0762,12.0208,11.9652,11.9093,11.8532,11.7968,11.7401,11.6831,11.6171,11.5511,11.485,11.4188,11.3526,11.2862,11.2198,11.1532,11.0866,11.0151,10.94,10.8649,10.7898,10.7146,10.6393,10.5641,10.4888,10.4134,10.3513,10.3773,10.4033,10.4293,10.4554,10.4815,10.5076,10.5338,10.5599,10.5861,10.5496,10.4846,10.4192,10.3535,10.2874,10.2209,10.1541,10.0869,10.0192,9.9227,9.7398,9.5567,9.3734,9.1899,9.0062,8.8222,8.638,8.4537,8.2691,8.1525,8.0524,7.9523,7.8521,7.7518,7.6515,7.5511,7.4506,7.3501,7.2639,7.2033,7.1427,7.0819,7.0211,6.9602,6.8992,6.838,6.7768
13.6571,13.6157,13.5742,13.5328,13.4914,13.45,13.4087,13.3673,13.326,13.2778,13.218,13.1583,13.0988,13.0394,12.9801,12.921,12.8619,12.8029,12.7441,12.6674,12.5894,12.5114,12.4334,12.3553,12.2772,12.1991,12.1209,12.0427,11.9842,11.9456,11.9071,11.8684,11.8298,11.7912,11.7525,11.7138,11.6752,11.6413,11.6848,11.7284,11.7719,11.8154,11.8588,11.9023,11.9457,11.989,12.0324,12.0579,12.0725,12.0871,12.1017,12.1163,12.1309,12.1454,12.1599,12.1745,12.1884,12.2001,12.2116,12.2232,12.2348,12.2463,12.2579,12.2694,12.2809,12.2924,12.2504,12.1902,12.1301,12.07,12.0099,11.9499,11.8899,11.83,11.7702,11.7371,11.7639,11.7906,11.8173,11.844,11.8706,11.8972,11.9236,11.9501,11.9764,11.9993,12.0217,12.044,12.0664,12.0887,12.1111,12.1334,12.1557,12.178,12.1638,12.1011,12.0382,11.975,11.9116,11.848,11.784,11.7199,11.6554,11.5906,11.5233,11.4558,11.3882,11.3205,11.2528,11.185,11.117,11.049,10.9809,10.909,10.8338,10.7587,10.6835,10.6082,10.533,10.4576,10.3823,10.3069,10.2425,10.2697,10.2969,10.3241,10.3514,10.3787,10.406,10.4333,10.4607,10.488,10.4503,10.3793,10.308,10.2363,10.1642,10.0918,10.019,9.9457,9.8721,9.7738,9.5883,9.4027,9.2169,9.0308,8.8445,8.6581,8.4714,8.2845,8.0973,7.9774,7.8772,7.777,7.6767,7.5763,7.4759,7.3754,7.2749,7.1743,7.0865,7.0255,6.9644,6.9033,6.842,6.7807,6.7192,6.6577,6.5961
13.649,13.6068,13.5645,13.5223,13.4802,13.438,13.3959,13.3538,13.3117,13.2608,13.1962,13.1318,13.0674,13.0032,12.9391,12.8752,12.8113,12.7475,12.6839,12.6072,12.5297,12.4523,12.3748,12.2972,12.2197,12.1421,12.0644,11.9868,11.9288,11.8901,11.8514,11.8126,11.7738,11.7351,11.6963,11.6574,11.6186,11.5851,11.6303,11.6754,11.7205,11.7656,11.8106,11.8557,11.9006,11.9456,11.9905,12.0167,12.0315,12.0462,12.061,12.0757,12.0904,12.1051,12.1198,12.1345,12.1486,12.1602,12.1718,12.1834,12.1949,12.2065,12.218,12.2296,12.2411,12.2526,12.2147,12.1597,12.1047,12.0498,11.9949,11.94,11.8853,11.8305,11.7759,11.7448,11.7686,11.7923,11.8159,11.8395,11.8631,11.8866,11.91,11.9334,11.9567,11.9791,12.0015,12.0239,12.0462,12.0686,12.0909,12.1132,12.1356,12.1579,12.1416,12.0711,12.0004,11.9295,11.8583,11.7868,11.7151,11.6432,11.5709,11.4984,11.4294,11.3605,11.2914,11.2223,11.1531,11.0838,11.0144,10.9449,10.8753,10.8028,10.7276,10.6524,10.5772,10.5019,10.4266,10.3512,10.2758,10.2004,10.1337,10.162,10.1904,10.2189,10.2473,10.2758,10.3043,10.3328,10.3613,10.3899,10.3514,10.2744,10.1971,10.1194,10.0414,9.9629,9.8841,9.8049,9.7254,9.625,9.437,9.2488,9.0605,8.8719,8.6831,8.4941,8.3049,8.1154,7.9258,7.8022,7.702,7.6017,7.5013,7.4009,7.3004,7.1998,7.0992,6.9985,6.9091,6.8477,6.7862,6.7246,6.6629,6.6012,6.5393,6.4774,6.4154
13.6408,13.5978,13.5548,13.5119,13.4689,13.426,13.3831,13.3402,13.2974,13.2438,13.1743,13.1051,13.0359,12.9669,12.898,12.8292,12.7605,12.692,12.6235,12.547,12.4701,12.3931,12.3162,12.2392,12.1621,12.0851,12.008,11.9309,11.8734,11.8345,11.7957,11.7568,11.7179,11.6789,11.64,11.601,11.562,11.529,11.5758,11.6225,11.6692,11.7159,11.7625,11.8091,11.8556,11.9022,11.9487,11.9755,11.9904,12.0053,12.0202,12.0351,12.05,12.0649,12.0797,12.0945,12.1088,12.1204,12.132,12.1435,12.1551,12.1667,12.1782,12.1897,12.2012,12.2127,12.179,12.1291,12.0793,12.0295,11.9798,11.9301,11.8805,11.831,11.7815,11.7526,11.7733,11.794,11.8146,11.8351,11.8556,11.876,11.8964,11.9167,11.9369,11.959,11.9814,12.0037,12.0261,12.0484,12.0708,12.0931,12.1154,12.1377,12.1196,12.0413,11.9628,11.8841,11.8052,11.7259,11.6465,11.5667,11.4867,11.4064,11.3356,11.2652,11.1947,11.1241,11.0534,10.9827,10.9118,10.8409,10.7698,10.6966,10.6214,10.5462,10.4709,10.3956,10.3202,10.2448,10.1693,10.0939,10.0248,10.0543,10.0839,10.1135,10.1432,10.1728,10.2025,10.2322,10.262,10.2917,10.2528,10.1698,10.0865,10.0029,9.9188,9.8344,9.7497,9.6645,9.5789,9.4763,9.2858,9.0951,8.9042,8.7131,8.5218,8.3303,8.1385,7.9465,7.7543,7.6271,7.5268,7.4264,7.3259,7.2254,7.1248,7.0242,6.9235,6.8227,6.7317,6.6699,6.608,6.546,6.4839,6.4217,6.3595,6.2971,6.2347
13.6326,13.5888,13.5451,13.5013,13.4576,13.414,13.3703,13.3267,13.283,13.2265,13.1523,13.0782,13.0043,12.9305,12.8568,12.7832,12.7097,12.6363,12.563,12.4868,12.4104,12.334,12.2576,12.1811,12.1046,12.0281,11.9515,11.8749,11.818,11.779,11.74,11.7009,11.6619,11.6228,11.5837,11.5446,11.5055,11.4729,11.5213,11.5696,11.6179,11.6661,11.7143,11.7625,11.8107,11.8588,11.9069,11.9343,11.9494,11.9644,11.9795,11.9945,12.0096,12.0246,12.0396,12.0546,12.0689,12.0805,12.0921,12.1037,12.1153,12.1268,12.1384,12.1499,12.1614,12.1729,12.1432,12.0985,12.0539,12.0093,11.9647,11.9202,11.8757,11.8313,11.787,11.7605,11.7781,11.7957,11.8132,11.8307,11.8482,11.8655,11.8829,11.9001,11.9173,11.9388,11.9612,11.9836,12.0059,12.0283,12.0506,12.0729,12.0953,12.1176,12.0978,12.0118,11.9255,11.839,11.7523,11.6653,11.578,11.4905,11.4027,11.3147,11.2419,11.17,11.098,11.026,10.9538,10.8816,10.8093,10.7369,10.6644,10.5905,10.5152,10.4399,10.3646,10.2892,10.2138,10.1383,10.0629,9.9873,9.9158,9.9466,9.9774,10.0082,10.039,10.0698,10.1007,10.1316,10.1625,10.1935,10.1545,10.0655,9.9763,9.8867,9.7967,9.7063,9.6155,9.5244,9.4329,9.3278,9.1348,8.9415,8.7481,8.5545,8.3606,8.1666,7.9723,7.7778,7.5831,7.452,7.3516,7.2511,7.1506,7.05,6.9493,6.8486,6.7478,6.6469,6.5543,6.4921,6.4298,6.3674,6.3049,6.2423,6.1796,6.1169,6.054
13.6244,13.5798,13.5353,13.4908,13.4463,13.4019,13.3574,13.313,13.2686,13.2092,13.1301,13.0513,12.9725,12.8939,12.8154,12.737,12.6587,12.5805,12.5024,12.4266,12.3508,12.2749,12.199,12.123,12.0471,11.9711,11.8951,11.819,11.7626,11.7234,11.6843,11.6451,11.6059,11.5667,11.5274,11.4882,11.4489,11.4169,11.4668,11.5167,11.5666,11.6164,11.6662,11.7159,11.7657,11.8154,11.8651,11.8931,11.9083,11.9235,11.9388,11.9539,11.9691,11.9843,11.9995,12.0146,12.0291,12.0407,12.0523,12.0639,12.0755,12.087,12.0986,12.1101,12.1216,12.1331,12.1074,12.0678,12.0284,11.9889,11.9495,11.9102,11.8709,11.8316,11.7925,11.7684,11.7829,11.7975,11.812,11.8264,11.8408,11.8551,11.8694,11.8836,11.8977,11.9187,11.941,11.9634,11.9858,12.0081,12.0305,12.0528,12.0751,12.0975,12.0762,11.9824,11.8884,11.7941,11.6996,11.6049,11.5099,11.4146,11.319,11.2232,11.1482,11.0748,11.0014,10.9279,10.8543,10.7806,10.7068,10.6329,10.5589,10.4843,10.409,10.3337,10.2583,10.1829,10.1074,10.0319,9.9564,9.8808,9.8068,9.8388,9.8707,9.9027,9.9347,9.9668,9.9988,10.0309,10.063,10.0952,10.0565,9.9616,9.8664,9.7708,9.6748,9.5785,9.4817,9.3846,9.2871,9.1794,8.9839,8.7881,8.5922,8.396,8.1997,8.0031,7.8063,7.6093,7.412,7.2769,7.1764,7.0758,6.9752,6.8745,6.7738,6.6729,6.5721,6.4711,6.377,6.3144,6.2517,6.1889,6.1259,6.0629,5.9998,5.9367,5.8734
13.6161,13.5708,13.5255,13.4802,13.435,13.3898,13.3446,13.2994,13.2542,13.1916,13.1078,13.0241,12.9406,12.8572,12.7739,12.6907,12.6076,12.5246,12.4417,12.3664,12.2911,12.2158,12.1404,12.065,11.9896,11.9141,11.8386,11.7631,11.7072,11.6679,11.6286,11.5892,11.5499,11.5105,11.4712,11.4318,11.3924,11.3608,11.4123,11.4638,11.5153,11.5667,11.618,11.6694,11.7207,11.772,11.8233,11.8519,11.8673,11.8826,11.898,11.9134,11.9287,11.944,11.9593,11.9746,11.9893,12.0009,12.0125,12.0241,12.0356,12.0472,12.0587,12.0703,12.0818,12.0933,12.0715,12.0371,12.0028,11.9685,11.9343,11.9001,11.8659,11.8319,11.7979,11.7763,11.7878,11.7993,11.8107,11.8221,11.8335,11.8447,11.856,11.8671,11.8782,11.8985,11.9209,11.9432,11.9656,11.988,12.0103,12.0327,12.055,12.0773,12.0548,11.9533,11.8515,11.7495,11.6472,11.5447,11.4419,11.3389,11.2356,11.132,11.0546,10.9797,10.9048,10.8298,10.7548,10.6796,10.6044,10.529,10.4536,10.3782,10.3028,10.2274,10.152,10.0765,10.001,9.9255,9.8499,9.7743,9.6986,9.7309,9.7641,9.7972,9.8304,9.8636,9.8969,9.9302,9.9635,9.9968,9.9588,9.858,9.7568,9.6552,9.5533,9.451,9.3483,9.2452,9.1418,9.0312,8.8331,8.6349,8.4364,8.2377,8.0388,7.8397,7.6404,7.4409,7.2411,7.1017,7.0012,6.9005,6.7998,6.6991,6.5982,6.4973,6.3964,6.2953,6.1998,6.1367,6.0736,6.0103,5.947,5.8836,5.8201,5.7565,5.6928
13.6078,13.5617,13.5157,13.4696,13.4236,13.3776,13.3317,13.2857,13.2398,13.174,13.0854,12.9969,12.9086,12.8203,12.7322,12.6443,12.5564,12.4686,12.381,12.3063,12.2315,12.1567,12.0818,12.007,11.9321,11.8571,11.7822,11.7072,11.6517,11.6123,11.5729,11.5334,11.4939,11.4544,11.4149,11.3754,11.3358,11.3048,11.3579,11.4109,11.464,11.517,11.5699,11.6229,11.6758,11.7287,11.7815,11.8107,11.8262,11.8418,11.8573,11.8728,11.8883,11.9037,11.9192,11.9347,11.9494,11.961,11.9726,11.9842,11.9958,12.0074,12.0189,12.0304,12.042,12.0535,12.0356,12.0064,11.9772,11.9481,11.919,11.8899,11.861,11.832,11.8032,11.7843,11.7928,11.8012,11.8096,11.8179,11.8262,11.8344,11.8426,11.8507,11.8587,11.8783,11.9007,11.9231,11.9455,11.9678,11.9902,12.0125,12.0349,12.0572,12.0336,11.9243,11.8148,11.705,11.595,11.4848,11.3742,11.2635,11.1524,11.0411,10.961,10.8847,10.8083,10.7319,10.6553,10.5787,10.502,10.4252,10.3483,10.272,10.1966,10.1212,10.0457,9.9702,9.8946,9.8191,9.7434,9.6678,9.5921,9.623,9.6573,9.6917,9.7261,9.7605,9.7949,9.8293,9.8638,9.8983,9.8614,9.7546,9.6475,9.54,9.4321,9.3238,9.2152,9.1062,8.9967,8.8831,8.6825,8.4818,8.2808,8.0796,7.8782,7.6765,7.4747,7.2726,7.0704,6.9266,6.826,6.7253,6.6245,6.5236,6.4227,6.3217,6.2207,6.1196,6.0239,5.9625,5.901,5.8394,5.7779,5.7163,5.6546,5.5929,5.5312
13.5995,13.5526,13.5058,13.459,13.4122,13.3655,13.3188,13.2721,13.2254,13.1562,13.0628,12.9695,12.8764,12.7834,12.6905,12.5977,12.505,12.4125,12.3203,12.2461,12.1719,12.0976,12.0233,11.949,11.8746,11.8002,11.7258,11.6513,11.5963,11.5567,11.5171,11.4775,11.4379,11.3983,11.3586,11.3189,11.2793,11.2488,11.3034,11.3581,11.4127,11.4673,11.5218,11.5763,11.6308,11.6853,11.7397,11.7695,11.7852,11.8009,11.8165,11.8322,11.8478,11.8635,11.8791,11.8947,11.9096,11.9212,11.9328,11.9444,11.956,11.9675,11.9791,11.9906,12.0021,12.0136,11.9996,11.9755,11.9515,11.9275,11.9036,11.8797,11.8559,11.8321,11.8084,11.7923,11.7977,11.8031,11.8085,11.8137,11.819,11.8242,11.8293,11.8343,11.8393,11.8582,11.8806,11.9029,11.9253,11.9477,11.97,11.9924,12.0147,12.037,12.0127,11.8956,11.7783,11.6608,11.5431,11.4251,11.3068,11.1883,11.0694,10.9504,10.8674,10.7897,10.7118,10.6339,10.5559,10.4778,10.3997,10.3214,10.2431,10.1659,10.0904,10.0149,9.9394,9.8639,9.7883,9.7126,9.637,9.5613,9.4855,9.515,9.5505,9.5861,9.6216,9.6556,9.6895,9.7234,9.7573,9.791,9.7541,9.6406,9.5271,9.4135,9.2998,9.1861,9.0723,8.9585,8.8446,8.7296,8.5276,8.3256,8.1236,7.9216,7.7196,7.5176,7.3156,7.1136,6.9117,6.7666,6.6694,6.5724,6.4756,6.379,6.2826,6.1864,6.0905,5.9947,5.9017,5.8402,5.7788,5.7172,5.6557,5.5941,5.5325,5.4708,5.4091
13.5523,13.5043,13.4564,13.4085,13.3608,13.3131,13.2655,13.218,13.1706,13.0997,13.0048,12.9099,12.815,12.7201,12.6251,12.5301,12.435,12.3399,12.2455,12.1741,12.1025,12.0307,11.9587,11.8866,11.8144,11.742,11.6695,11.5968,11.5435,11.5049,11.4662,11.4274,11.3885,11.3495,11.3105,11.2714,11.2322,11.2027,11.2587,11.3146,11.3706,11.4265,11.4824,11.5383,11.5941,11.65,11.7059,11.7362,11.7521,11.768,11.7839,11.7998,11.8157,11.8316,11.8475,11.8635,11.8785,11.8889,11.8993,11.9096,11.92,11.9302,11.9404,11.9506,11.9606,11.9706,11.9591,11.939,11.9189,11.8987,11.8785,11.8583,11.838,11.8176,11.7972,11.7822,11.7836,11.7849,11.786,11.7871,11.788,11.7888,11.7895,11.79,11.7904,11.8054,11.8241,11.8426,11.8609,11.8789,11.8966,11.9141,11.9314,11.9483,11.9192,11.7936,11.6678,11.5418,11.4157,11.2894,11.1629,11.0362,10.9093,10.7822,10.6952,10.6149,10.5345,10.4541,10.3737,10.2932,10.2126,10.132,10.0514,9.9737,9.9009,9.8283,9.7559,9.6838,9.6118,9.5401,9.4687,9.3975,9.3265,9.3525,9.3866,9.4205,9.4544,9.4883,9.5221,9.5558,9.5894,9.623,9.5898,9.4763,9.3628,9.2492,9.1355,9.0218,8.908,8.7942,8.6803,8.5664,8.3668,8.1657,7.9647,7.7636,7.5626,7.3615,7.1605,6.9594,6.7584,6.6123,6.5188,6.4255,6.3324,6.2395,6.1468,6.0544,5.9621,5.8701,5.7794,5.718,5.6565,5.595,5.5335,5.4719,5.4103,5.3487,5.287
13.479,13.4275,13.3761,13.3248,13.2735,13.2224,13.1713,13.1204,13.0694,12.9961,12.9012,12.8062,12.7112,12.6162,12.5212,12.4261,12.331,12.2359,12.142,12.0765,12.0108,11.945,11.8791,11.8129,11.7467,11.6802,11.6137,11.547,11.4997,11.4665,11.4333,11.4,11.3666,11.3331,11.2995,11.2659,11.2321,11.2083,11.266,11.3237,11.3814,11.4391,11.4968,11.5544,11.6121,11.6697,11.7274,11.7592,11.7767,11.7941,11.8116,11.829,11.8465,11.864,11.8815,11.899,11.9133,11.9128,11.9123,11.9118,11.9112,11.9106,11.9099,11.9091,11.9083,11.9074,11.8915,11.8695,11.8475,11.8254,11.8033,11.7812,11.759,11.7367,11.7144,11.6967,11.6934,11.69,11.6864,11.6828,11.679,11.6751,11.6711,11.6669,11.6626,11.6699,11.6804,11.6907,11.7007,11.7105,11.72,11.7293,11.7383,11.747,11.7131,11.584,11.4547,11.3253,11.1957,11.0659,10.9359,10.8058,10.6754,10.5449,10.4573,10.378,10.2986,10.2191,10.1396,10.0601,9.9805,9.9008,9.8212,9.7465,9.6807,9.615,9.5496,9.4844,9.4194,9.3546,9.2901,9.2258,9.1618,9.1859,9.2198,9.2536,9.2873,9.321,9.3546,9.3881,9.4216,9.455,9.4256,9.3121,9.1985,9.0849,8.9713,8.8575,8.7438,8.6299,8.516,8.4021,8.2059,8.0058,7.8057,7.6056,7.4055,7.2054,7.0053,6.8052,6.6051,6.4577,6.3679,6.2784,6.189,6.0998,6.0108,5.9221,5.8335,5.7452,5.6571,5.5957,5.5343,5.4728,5.4113,5.3498,5.2882,5.2266,5.1649
13.4056,13.3506,13.2957,13.2409,13.1862,13.1316,13.077,13.0226,12.9682,12.8925,12.7975,12.7025,12.6075,12.5124,12.4173,12.3222,12.227,12.1318,12.0385,11.979,11.9193,11.8595,11.7995,11.7393,11.679,11.6186,11.558,11.4973,11.4559,11.4283,11.4005,11.3727,11.3447,11.3167,11.2886,11.2604,11.2322,11.2139,11.2734,11.3329,11.3923,11.4518,11.5112,11.5706,11.6301,11.6895,11.7489,11.7823,11.8013,11.8203,11.8393,11.8583,11.8773,11.8963,11.9154,11.9344,11.9482,11.9368,11.9254,11.914,11.9025,11.891,11.8794,11.8678,11.856,11.8442,11.8239,11.8,11.7761,11.7522,11.7282,11.7041,11.68,11.6559,11.6317,11.6113,11.6033,11.5951,11.5869,11.5785,11.5701,11.5615,11.5527,11.5439,11.5349,11.5347,11.5369,11.539,11.5408,11.5423,11.5436,11.5447,11.5454,11.5459,11.507,11.3745,11.2417,11.1088,10.9758,10.8425,10.7091,10.5755,10.4416,10.3076,10.2194,10.141,10.0626,9.9841,9.9055,9.8269,9.7483,9.6696,9.5909,9.5191,9.4601,9.4014,9.3429,9.2846,9.2266,9.1688,9.1112,9.0539,8.9968,9.0193,9.053,9.0866,9.1202,9.1537,9.1871,9.2205,9.2538,9.287,9.2613,9.1478,9.0343,8.9206,8.807,8.6932,8.5795,8.4656,8.3517,8.2378,8.045,7.8458,7.6467,7.4475,7.2483,7.0492,6.85,6.6509,6.4517,6.3029,6.2168,6.131,6.0453,5.9598,5.8746,5.7895,5.7047,5.62,5.5356,5.4735,5.4121,5.3506,5.2891,5.2276,5.166,5.1044,5.0428
13.3321,13.2736,13.2153,13.157,13.0988,13.0407,12.9826,12.9247,12.8668,12.7889,12.6938,12.5988,12.5037,12.4086,12.3134,12.2182,12.123,12.0277,11.9352,11.8817,11.828,11.7741,11.7201,11.6659,11.6115,11.557,11.5024,11.4477,11.4123,11.3901,11.3678,11.3454,11.323,11.3004,11.2777,11.255,11.2322,11.2195,11.2808,11.342,11.4032,11.4645,11.5257,11.5869,11.6481,11.7092,11.7704,11.8053,11.8259,11.8464,11.867,11.8875,11.9081,11.9287,11.9493,11.9699,11.983,11.9608,11.9385,11.9162,11.8938,11.8715,11.849,11.8265,11.8039,11.7812,11.7563,11.7306,11.7048,11.6789,11.653,11.6271,11.6011,11.5751,11.549,11.5259,11.5132,11.5004,11.4874,11.4744,11.4612,11.4479,11.4345,11.421,11.4073,11.3996,11.3936,11.3874,11.381,11.3743,11.3674,11.3602,11.3528,11.345,11.3011,11.165,11.0289,10.8925,10.7559,10.6192,10.4823,10.3452,10.208,10.0705,9.9815,9.904,9.8265,9.749,9.6714,9.5938,9.5161,9.4384,9.3606,9.2913,9.2393,9.1875,9.136,9.0846,9.0335,8.9826,8.932,8.8816,8.8314,8.8528,8.8863,8.9197,8.9531,8.9864,9.0196,9.0528,9.0859,9.119,9.0971,8.9836,8.87,8.7564,8.6427,8.529,8.4152,8.3013,8.1874,8.0734,7.884,7.6858,7.4876,7.2894,7.0911,6.8929,6.6947,6.4965,6.2983,6.1478,6.0655,5.9833,5.9014,5.8196,5.738,5.6567,5.5755,5.4946,5.4139,5.3512,5.2898,5.2284,5.1669,5.1054,5.0439,4.9823,4.9207
13.2585,13.1965,13.1347,13.0729,13.0112,12.9496,12.8881,12.8267,12.7654,12.6853,12.5902,12.495,12.3999,12.3047,12.2095,12.1142,12.019,11.9236,11.8321,11.7845,11.7367,11.6888,11.6407,11.5925,11.5441,11.4956,11.447,11.3982,11.3687,11.352,11.3352,11.3183,11.3013,11.2842,11.267,11.2497,11.2324,11.2251,11.2882,11.3512,11.4142,11.4771,11.5401,11.6031,11.666,11.729,11.7919,11.8284,11.8505,11.8726,11.8947,11.9168,11.9389,11.9611,11.9832,12.0054,12.0179,11.9848,11.9516,11.9185,11.8852,11.852,11.8187,11.7853,11.7518,11.7182,11.6888,11.6611,11.6334,11.6057,11.5779,11.5501,11.5222,11.4943,11.4663,11.4406,11.4232,11.4057,11.3881,11.3703,11.3525,11.3345,11.3164,11.2981,11.2798,11.2646,11.2505,11.2361,11.2214,11.2065,11.1914,11.176,11.1603,11.1444,11.0952,10.9557,10.8161,10.6762,10.5362,10.3961,10.2557,10.1151,9.9744,9.8335,9.7435,9.667,9.5904,9.5139,9.4372,9.3606,9.2839,9.2071,9.1303,9.0633,9.0182,8.9734,8.9287,8.8843,8.8401,8.7962,8.7524,8.709,8.6658,8.6862,8.7195,8.7528,8.786,8.8191,8.8522,8.8852,8.9181,8.951,8.9328,8.8193,8.7057,8.5921,8.4784,8.3647,8.2509,8.137,8.0231,7.9091,7.723,7.5257,7.3284,7.1311,6.9339,6.7366,6.5393,6.342,6.1448,5.9926,5.9139,5.8354,5.7572,5.6791,5.6012,5.5236,5.4462,5.3689,5.2919,5.2289,5.1676,5.1062,5.0448,4.9833,4.9218,4.8602,4.7986
13.1847,13.1193,13.0539,12.9887,12.9235,12.8585,12.7935,12.7286,12.6638,12.5816,12.4865,12.3913,12.2961,12.2009,12.1056,12.0103,11.9149,11.8196,11.7291,11.6874,11.6456,11.6037,11.5616,11.5193,11.4769,11.4343,11.3916,11.3488,11.3253,11.314,11.3027,11.2912,11.2796,11.268,11.2563,11.2445,11.2326,11.2308,11.2956,11.3603,11.4251,11.4899,11.5546,11.6193,11.684,11.7488,11.8135,11.8514,11.8751,11.8987,11.9224,11.9461,11.9697,11.9934,12.0171,12.0408,12.0528,12.0088,11.9648,11.9208,11.8767,11.8326,11.7884,11.7441,11.6997,11.6553,11.6212,11.5917,11.5621,11.5325,11.5028,11.4731,11.4433,11.4135,11.3836,11.3554,11.3333,11.3111,11.2888,11.2663,11.2438,11.2211,11.1983,11.1754,11.1523,11.1299,11.1075,11.0849,11.062,11.0389,11.0156,10.992,10.9681,10.944,10.8894,10.7465,10.6034,10.4601,10.3166,10.173,10.0292,9.8852,9.741,9.5966,9.5054,9.4299,9.3543,9.2787,9.203,9.1273,9.0516,8.9758,8.8999,8.835,8.7969,8.7589,8.7212,8.6837,8.6464,8.6094,8.5726,8.5361,8.4998,8.5196,8.5528,8.5859,8.6189,8.6518,8.6847,8.7176,8.7503,8.783,8.7686,8.655,8.5415,8.4278,8.3141,8.2004,8.0866,7.9727,7.8588,7.7448,7.5619,7.3656,7.1692,6.9729,6.7765,6.5802,6.3839,6.1875,5.9912,5.837,5.7621,5.6873,5.6127,5.5384,5.4642,5.3903,5.3165,5.243,5.1697,5.1067,5.0453,4.984,4.9226,4.8611,4.7996,4.7381,4.6765
13.1108,13.0419,12.9731,12.9044,12.8357,12.7672,12.6988,12.6304,12.5621,12.478,12.3828,12.2876,12.1923,12.097,12.0017,11.9063,11.8109,11.7155,11.6262,11.5905,11.5547,11.5187,11.4825,11.4462,11.4097,11.3731,11.3364,11.2995,11.2819,11.2761,11.2702,11.2642,11.2581,11.2519,11.2457,11.2393,11.2329,11.2364,11.303,11.3695,11.4361,11.5026,11.5691,11.6356,11.7021,11.7685,11.835,11.8745,11.8997,11.9249,11.9501,11.9753,12.0005,12.0258,12.051,12.0763,12.0877,12.0329,11.978,11.9231,11.8682,11.8132,11.7581,11.703,11.6478,11.5925,11.5537,11.5222,11.4908,11.4593,11.4277,11.3961,11.3644,11.3327,11.301,11.2702,11.2434,11.2165,11.1895,11.1624,11.1352,11.1078,11.0804,11.0528,11.025,10.9953,10.9647,10.9339,10.9028,10.8715,10.84,10.8082,10.7761,10.7437,10.6838,10.5373,10.3908,10.244,10.0971,9.95,9.8027,9.6553,9.5076,9.3598,9.2674,9.1928,9.1182,9.0435,8.9688,8.8941,8.8193,8.7444,8.6695,8.6064,8.5752,8.5442,8.5134,8.4828,8.4525,8.4223,8.3925,8.3628,8.3335,8.3531,8.386,8.419,8.4518,8.4846,8.5173,8.55,8.5826,8.6151,8.6043,8.4908,8.3772,8.2635,8.1498,8.0361,7.9223,7.8084,7.6945,7.5805,7.4008,7.2054,7.01,6.8146,6.6192,6.4238,6.2284,6.033,5.8376,5.6813,5.61,5.5389,5.468,5.3974,5.3269,5.2567,5.1866,5.1168,5.0472,4.9844,4.9231,4.8618,4.8004,4.7389,4.6775,4.6159,4.5544
13.0368,12.9644,12.8921,12.8199,12.7478,12.6758,12.6039,12.5321,12.4603,12.3744,12.2792,12.1839,12.0885,11.9932,11.8978,11.8024,11.7069,11.6114,11.5235,11.4937,11.4638,11.4338,11.4036,11.3732,11.3427,11.312,11.2813,11.2503,11.2387,11.2383,11.2378,11.2373,11.2366,11.2359,11.2351,11.2342,11.2332,11.2421,11.3104,11.3787,11.447,11.5153,11.5836,11.6518,11.7201,11.7883,11.8566,11.8976,11.9243,11.9511,11.9778,12.0046,12.0314,12.0581,12.0849,12.1117,12.1227,12.057,11.9912,11.9255,11.8597,11.7939,11.728,11.662,11.5959,11.5298,11.4862,11.4528,11.4195,11.3861,11.3526,11.3191,11.2856,11.252,11.2184,11.1851,11.1537,11.1221,11.0904,11.0586,11.0267,10.9946,10.9625,10.9302,10.8978,10.8609,10.8221,10.7831,10.7438,10.7043,10.6646,10.6246,10.5843,10.5437,10.4782,10.3283,10.1783,10.0281,9.8777,9.7272,9.5764,9.4255,9.2744,9.1231,9.0293,8.9557,8.882,8.8083,8.7345,8.6607,8.5869,8.513,8.4391,8.3776,8.3533,8.3292,8.3053,8.2816,8.2582,8.235,8.212,8.1893,8.1668,8.1865,8.2193,8.252,8.2847,8.3173,8.3499,8.3824,8.4148,8.4471,8.4401,8.3265,8.2129,8.0993,7.9856,7.8718,7.758,7.6441,7.5301,7.4161,7.2396,7.0451,6.8507,6.6562,6.4617,6.2672,6.0728,5.8783,5.6839,5.5252,5.4577,5.3903,5.3231,5.2561,5.1894,5.1228,5.0564,4.9903,4.9244,4.8622,4.8009,4.7395,4.6782,4.6168,4.5553,4.4938,4.4323
12.9626,12.8868,12.811,12.7354,12.6598,12.5843,12.5089,12.4336,12.3584,12.2708,12.1755,12.0801,11.9847,11.8893,11.7939,11.6984,11.6029,11.5073,11.4209,11.3971,11.3731,11.349,11.3248,11.3004,11.2758,11.2511,11.2262,11.2013,11.1955,11.2006,11.2056,11.2105,11.2153,11.22,11.2246,11.2292,11.2337,11.2478,11.3179,11.388,11.458,11.5281,11.5981,11.6681,11.7381,11.8081,11.8781,11.9206,11.9489,11.9772,12.0056,12.0339,12.0622,12.0905,12.1188,12.1472,12.1576,12.0811,12.0045,11.9279,11.8513,11.7746,11.6979,11.621,11.5441,11.4671,11.4186,11.3834,11.3482,11.3129,11.2776,11.2422,11.2068,11.1713,11.1358,11.1001,11.0639,11.0277,10.9913,10.9548,10.9182,10.8815,10.8447,10.8077,10.7706,10.7267,10.6797,10.6325,10.585,10.5373,10.4894,10.4412,10.3927,10.3439,10.2727,10.1194,9.9659,9.8122,9.6584,9.5044,9.3502,9.1959,9.0413,8.8866,8.7911,8.7185,8.6458,8.573,8.5002,8.4274,8.3545,8.2816,8.2086,8.1484,8.131,8.1138,8.0969,8.0801,8.0636,8.0473,8.0312,8.0154,7.9999,8.02,8.0526,8.0851,8.1176,8.1501,8.1825,8.2148,8.247,8.2792,8.2758,8.1623,8.0487,7.935,7.8213,7.7075,7.5937,7.4798,7.3658,7.2518,7.0784,6.8848,6.6913,6.4977,6.3042,6.1107,5.9172,5.7236,5.5301,5.369,5.3051,5.2414,5.1779,5.1146,5.0516,4.9887,4.926,4.8636,4.8013,4.7399,4.6786,4.6173,4.556,4.4946,4.4331,4.3717,4.3102
12.8883,12.809,12.7298,12.6507,12.5717,12.4927,12.4139,12.3351,12.2564,12.1672,12.0718,11.9764,11.8809,11.7855,11.69,11.5944,11.4988,11.4032,11.3184,11.3006,11.2826,11.2644,11.2461,11.2276,11.209,11.1902,11.1713,11.1523,11.1524,11.1629,11.1734,11.1837,11.194,11.2041,11.2142,11.2242,11.2341,11.2535,11.3254,11.3972,11.469,11.5408,11.6126,11.6844,11.7562,11.828,11.8997,11.9437,11.9736,12.0034,12.0333,12.0631,12.093,12.1229,12.1528,12.1826,12.1926,12.1052,12.0178,11.9304,11.8429,11.7554,11.6678,11.5802,11.4924,11.4046,11.3512,11.3141,11.2769,11.2398,11.2026,11.1653,11.128,11.0906,11.0532,11.0151,10.9743,10.9334,10.8923,10.8512,10.8099,10.7685,10.727,10.6854,10.6436,10.5926,10.5374,10.482,10.4264,10.3705,10.3144,10.258,10.2013,10.1444,10.0673,9.9105,9.7536,9.5965,9.4392,9.2818,9.1241,8.9663,8.8083,8.6501,8.553,8.4813,8.4095,8.3377,8.2659,8.194,8.1221,8.0501,7.9781,7.919,7.9085,7.8982,7.8882,7.8783,7.8687,7.8593,7.8501,7.8412,7.8326,7.8534,7.8859,7.9183,7.9506,7.9828,8.015,8.0472,8.0792,8.1112,8.1116,7.998,7.8844,7.7707,7.657,7.5432,7.4294,7.3155,7.2015,7.0875,6.917,6.7244,6.5318,6.3392,6.1467,5.9541,5.7615,5.5689,5.3763,5.2125,5.1523,5.0923,5.0325,4.9729,4.9135,4.8543,4.7953,4.7366,4.678,4.6176,4.5564,4.4951,4.4338,4.3724,4.311,4.2495,4.1881
12.8139,12.7312,12.6485,12.5659,12.4834,12.401,12.3187,12.2364,12.1543,12.0636,11.9681,11.8726,11.7771,11.6816,11.586,11.4904,11.3948,11.2991,11.2161,11.2042,11.1922,11.1799,11.1675,11.155,11.1423,11.1295,11.1165,11.1034,11.1094,11.1254,11.1413,11.157,11.1727,11.1883,11.2039,11.2193,11.2347,11.2593,11.3329,11.4065,11.4801,11.5536,11.6272,11.7007,11.7742,11.8478,11.9213,11.9668,11.9982,12.0296,12.061,12.0924,12.1238,12.1552,12.1867,12.2181,12.2276,12.1294,12.0312,11.9329,11.8346,11.7362,11.6378,11.5393,11.4408,11.3421,11.2837,11.2447,11.2057,11.1666,11.1276,11.0884,11.0492,11.01,10.9707,10.9302,10.8847,10.8391,10.7934,10.7476,10.7016,10.6556,10.6094,10.5631,10.5166,10.4587,10.3954,10.3318,10.268,10.2039,10.1396,10.075,10.0101,9.945,9.862,9.7018,9.5414,9.3808,9.2201,9.0592,8.8981,8.7369,8.5754,8.4138,8.3148,8.244,8.1732,8.1024,8.0315,7.9606,7.8896,7.8186,7.7475,7.6893,7.6857,7.6824,7.6792,7.6762,7.6735,7.671,7.6688,7.6668,7.665,7.6869,7.7192,7.7514,7.7835,7.8156,7.8476,7.8796,7.9115,7.9433,7.9473,7.8338,7.7201,7.6065,7.4927,7.3789,7.2651,7.1512,7.0372,6.9232,6.7557,6.564,6.3724,6.1807,5.989,5.7974,5.6057,5.4141,5.2225,5.0557,4.9992,4.9429,4.8868,4.8309,4.7752,4.7197,4.6644,4.6093,4.5544,4.4953,4.4341,4.3729,4.3116,4.2502,4.1888,4.1274,4.0659
12.7394,12.6532,12.567,12.481,12.395,12.3092,12.2234,12.1377,12.0521,11.9599,11.8644,11.7689,11.6733,11.5778,11.4821,11.3865,11.2908,11.1951,11.114,11.108,11.1019,11.0956,11.0891,11.0825,11.0758,11.0689,11.0618,11.0547,11.0665,11.0879,11.1093,11.1305,11.1516,11.1726,11.1936,11.2145,11.2353,11.265,11.3404,11.4158,11.4911,11.5664,11.6417,11.717,11.7923,11.8676,11.9429,11.9899,12.0229,12.0558,12.0887,12.1217,12.1546,12.1876,12.2206,12.2536,12.2626,12.1536,12.0445,11.9354,11.8263,11.7171,11.6079,11.4986,11.3892,11.2797,11.2162,11.1754,11.1345,11.0935,11.0526,11.0115,10.9705,10.9293,10.8882,10.8454,10.7952,10.745,10.6946,10.6441,10.5935,10.5427,10.4919,10.4409,10.3898,10.325,10.2535,10.1817,10.1097,10.0375,9.965,9.8922,9.8192,9.7459,9.6567,9.4931,9.3293,9.1653,9.0011,8.8368,8.6722,8.5075,8.3426,8.1776,8.0766,8.0068,7.9369,7.867,7.7971,7.7271,7.6571,7.587,7.5169,7.4594,7.4627,7.4662,7.4699,7.4738,7.478,7.4824,7.4871,7.492,7.4971,7.5204,7.5525,7.5845,7.6165,7.6484,7.6802,7.712,7.7437,7.7754,7.7831,7.6695,7.5559,7.4422,7.3284,7.2146,7.1008,6.9868,6.8729,6.7588,6.5943,6.4035,6.2128,6.0221,5.8314,5.6406,5.4499,5.2592,5.0685,4.8987,4.8459,4.7933,4.7409,4.6886,4.6366,4.5848,4.5332,4.4818,4.4306,4.3731,4.3119,4.2506,4.1893,4.128,4.0667,4.0053,3.9438
12.6647,12.5751,12.4855,12.396,12.3066,12.2172,12.128,12.0388,11.9497,11.8563,11.7607,11.6652,11.5695,11.4739,11.3782,11.2825,11.1868,11.091,11.0119,11.0119,11.0117,11.0113,11.0108,11.0101,11.0093,11.0084,11.0073,11.006,11.0237,11.0506,11.0773,11.104,11.1305,11.157,11.1834,11.2097,11.2359,11.2708,11.3479,11.4251,11.5021,11.5792,11.6563,11.7333,11.8104,11.8874,11.9645,12.013,12.0475,12.082,12.1165,12.151,12.1855,12.22,12.2545,12.289,12.2977,12.1778,12.0579,11.938,11.8181,11.6981,11.578,11.4579,11.3377,11.2174,11.1488,11.1061,11.0633,11.0205,10.9776,10.9347,10.8917,10.8487,10.8057,10.7606,10.7058,10.6509,10.5958,10.5406,10.4854,10.43,10.3745,10.3188,10.263,10.1915,10.1118,10.0318,9.9516,9.8712,9.7906,9.7096,9.6284,9.547,9.4516,9.2845,9.1173,8.9498,8.7822,8.6144,8.4465,8.2783,8.11,7.9415,7.8383,7.7695,7.7006,7.6316,7.5627,7.4936,7.4246,7.3555,7.2863,7.2291,7.2393,7.2497,7.2603,7.2712,7.2822,7.2935,7.3051,7.3168,7.3289,7.3538,7.3858,7.4176,7.4494,7.4812,7.5128,7.5445,7.576,7.6075,7.6188,7.5052,7.3916,7.2779,7.1641,7.0503,6.9365,6.8225,6.7086,6.5945,6.4328,6.243,6.0532,5.8634,5.6736,5.4838,5.2941,5.1043,4.9145,4.7415,4.6924,4.6434,4.5947,4.5461,4.4978,4.4497,4.4018,4.3539,4.3061,4.2501,4.1888,4.1274,4.0661,4.0046,3.9432,3.8817,3.8202
12.59,12.4968,12.4038,12.3108,12.218,12.1252,12.0325,11.9399,11.8473,11.7527,11.6571,11.5614,11.4657,11.37,11.2743,11.1785,11.0827,10.9869,10.9101,10.9159,10.9217,10.9272,10.9326,10.9379,10.943,10.948,10.9528,10.9575,10.981,11.0133,11.0455,11.0775,11.1095,11.1414,11.1733,11.205,11.2367,11.2766,11.3555,11.4344,11.5132,11.592,11.6709,11.7497,11.8285,11.9073,11.9861,12.0362,12.0722,12.1082,12.1442,12.1803,12.2163,12.2523,12.2884,12.3245,12.3327,12.202,12.0714,11.9407,11.8099,11.6791,11.5482,11.4173,11.2863,11.1552,11.0814,11.0367,10.9921,10.9474,10.9027,10.8579,10.813,10.7681,10.7232,10.676,10.6164,10.5568,10.4971,10.4373,10.3774,10.3173,10.2571,10.1968,10.1364,10.0581,9.9702,9.8821,9.7938,9.7052,9.6164,9.5273,9.4379,9.3483,9.2466,9.0761,8.9054,8.7345,8.5634,8.3922,8.2208,8.0492,7.8774,7.7055,7.6,7.5321,7.4642,7.3962,7.3282,7.2601,7.192,7.1238,7.0556,6.9986,7.0157,7.033,7.0505,7.0682,7.0862,7.1043,7.1227,7.1414,7.1604,7.1875,7.2192,7.2507,7.282,7.3131,7.344,7.3747,7.4051,7.4353,7.4492,7.3352,7.2211,7.107,6.9928,6.8787,6.7644,6.6502,6.5359,6.4215,6.2634,6.0761,5.8891,5.7024,5.5158,5.3295,5.1434,4.9576,4.772,4.5986,4.5517,4.5049,4.4581,4.4113,4.3646,4.318,4.2714,4.2248,4.1783,4.1234,4.0622,4.001,3.9397,3.8785,3.8171,3.7558,3.6944
12.4914,12.4027,12.3137,12.2244,12.1348,12.045,11.9549,11.8645,11.7739,11.6821,11.5896,11.4969,11.404,11.3109,11.2175,11.1239,11.0302,10.9363,10.8629,10.873,10.8829,10.8928,10.9025,10.9122,10.9218,10.9312,10.9406,10.95,10.9756,11.0088,11.0421,11.0754,11.1089,11.1425,11.1762,11.21,11.2438,11.2856,11.3628,11.4401,11.5175,11.595,11.6726,11.7503,11.8281,11.9058,11.9837,12.0327,12.0679,12.103,12.1381,12.1732,12.2083,12.2433,12.2783,12.3132,12.319,12.1789,12.0387,11.8984,11.7581,11.6176,11.4771,11.3365,11.1958,11.055,10.9743,10.9247,10.875,10.825,10.7748,10.7245,10.6739,10.623,10.5719,10.5184,10.4524,10.3862,10.3198,10.2533,10.1865,10.1196,10.0524,9.985,9.9174,9.8325,9.738,9.6433,9.5486,9.4538,9.3589,9.264,9.169,9.0739,8.9688,8.7984,8.6281,8.4579,8.2879,8.1179,7.9481,7.7784,7.6088,7.4394,7.3372,7.2759,7.2148,7.154,7.0935,7.0333,6.9733,6.9138,6.8545,6.8046,6.8261,6.8476,6.8693,6.891,6.9127,6.9345,6.9564,6.9784,7.0004,7.0265,7.055,7.0833,7.1115,7.1394,7.1671,7.1945,7.2218,7.2488,7.2636,7.15,7.0364,6.9227,6.809,6.6953,6.5815,6.4677,6.3538,6.24,6.0868,5.9042,5.7218,5.5396,5.3577,5.176,4.9946,4.8134,4.6324,4.4589,4.4134,4.3678,4.3224,4.2769,4.2315,4.1862,4.1409,4.0956,4.0504,3.9967,3.9357,3.8746,3.8134,3.7523,3.6911,3.6298,3.5686
12.3829,12.3014,12.2196,12.1375,12.0551,11.9724,11.8895,11.8064,11.723,11.6386,11.5536,11.4685,11.3831,11.2975,11.2117,11.1256,11.0394,10.953,10.888,10.9034,10.9187,10.9338,10.9489,10.9639,10.9788,10.9936,11.0083,11.0229,11.0464,11.0737,11.1011,11.1287,11.1564,11.1841,11.212,11.2399,11.2679,11.3031,11.3691,11.4352,11.5014,11.5677,11.634,11.7005,11.767,11.8335,11.9001,11.9384,11.9632,11.9879,12.0127,12.0374,12.0621,12.0867,12.1113,12.1359,12.1325,11.9887,11.8447,11.7007,11.5567,11.4125,11.2682,11.1239,10.9795,10.8349,10.7451,10.6842,10.623,10.5617,10.5001,10.4383,10.3763,10.3141,10.2516,10.1877,10.117,10.0462,9.9751,9.9038,9.8324,9.7607,9.6888,9.6168,9.5445,9.4594,9.3669,9.2744,9.1818,9.089,8.9963,8.9034,8.8105,8.7175,8.6161,8.4534,8.2907,8.1282,7.9657,7.8034,7.6412,7.4791,7.3172,7.1555,7.0607,7.0097,6.959,6.9085,6.8584,6.8085,6.7589,6.7097,6.6608,6.6189,6.6432,6.6677,6.6921,6.7167,6.7413,6.7659,6.7907,6.8155,6.8404,6.8656,6.891,6.9161,6.941,6.9657,6.9902,7.0145,7.0386,7.0624,7.0779,6.9648,6.8516,6.7384,6.6251,6.5119,6.3985,6.2852,6.1718,6.0583,5.9099,5.7319,5.5542,5.3766,5.1994,5.0223,4.8455,4.6689,4.4925,4.3192,4.2749,4.2307,4.1866,4.1424,4.0983,4.0543,4.0103,3.9663,3.9224,3.87,3.8091,3.7481,3.6871,3.6261,3.565,3.5039,3.4427
12.2747,12.2004,12.1257,12.0508,11.9756,11.9002,11.8244,11.7485,11.6723,11.5953,11.5179,11.4402,11.3624,11.2843,11.206,11.1275,11.0488,10.97,10.9132,10.9339,10.9545,10.975,10.9954,11.0157,11.0359,11.056,11.0761,11.096,11.117,11.1385,11.1601,11.1819,11.2037,11.2256,11.2477,11.2698,11.292,11.3206,11.3753,11.4302,11.4851,11.5402,11.5953,11.6506,11.7058,11.7612,11.8166,11.8441,11.8585,11.8728,11.8872,11.9015,11.9158,11.9301,11.9444,11.9585,11.946,11.7985,11.6508,11.5031,11.3553,11.2074,11.0594,10.9113,10.7632,10.6149,10.5161,10.4437,10.3712,10.2984,10.2255,10.1523,10.079,10.0053,9.9314,9.8572,9.7818,9.7062,9.6304,9.5545,9.4783,9.4019,9.3254,9.2486,9.1716,9.0863,8.9959,8.9054,8.8149,8.7242,8.6335,8.5428,8.4519,8.361,8.2633,8.1081,7.9531,7.7982,7.6434,7.4887,7.3341,7.1797,7.0254,6.8712,6.7839,6.7432,6.7028,6.6627,6.6229,6.5833,6.5441,6.5052,6.4666,6.4331,6.4603,6.4876,6.5149,6.5423,6.5697,6.5972,6.6248,6.6524,6.6801,6.7049,6.7271,6.749,6.7707,6.7923,6.8136,6.8347,6.8556,6.8762,6.8922,6.7795,6.6668,6.5541,6.4413,6.3284,6.2155,6.1026,5.9897,5.8767,5.7327,5.5594,5.3863,5.2134,5.0407,4.8682,4.696,4.5241,4.3523,4.1809,4.1364,4.0935,4.0506,4.0078,3.965,3.9223,3.8796,3.8369,3.7943,3.7433,3.6825,3.6217,3.5608,3.4999,3.4389,3.3779,3.3169
12.1668,12.0996,12.0321,11.9644,11.8964,11.8281,11.7596,11.6908,11.6218,11.5522,11.4823,11.4122,11.3419,11.2713,11.2006,11.1296,11.0585,10.9871,10.9385,10.9646,10.9905,11.0163,11.042,11.0676,11.0931,11.1186,11.1439,11.1692,11.1875,11.2032,11.219,11.2349,11.251,11.2671,11.2833,11.2996,11.316,11.3379,11.3814,11.425,11.4688,11.5126,11.5566,11.6006,11.6446,11.6888,11.7329,11.7497,11.7537,11.7577,11.7617,11.7657,11.7696,11.7735,11.7774,11.7812,11.7595,11.6082,11.4569,11.3054,11.1539,11.0023,10.8506,10.6988,10.5469,10.3949,10.2871,10.2034,10.1195,10.0353,9.951,9.8665,9.7817,9.6967,9.6114,9.5266,9.4465,9.3663,9.2858,9.2052,9.1243,9.0433,8.962,8.8805,8.7989,8.7131,8.6248,8.5364,8.4479,8.3594,8.2708,8.1821,8.0933,8.0045,7.9102,7.7627,7.6153,7.468,7.3208,7.1737,7.0268,6.8799,6.7333,6.5867,6.5067,6.4763,6.4463,6.4165,6.387,6.3578,6.3289,6.3003,6.2721,6.2472,6.2772,6.3073,6.3375,6.3677,6.398,6.4284,6.4588,6.4893,6.5198,6.5443,6.5633,6.5821,6.6006,6.619,6.6371,6.655,6.6727,6.6902,6.7065,6.5943,6.482,6.3697,6.2573,6.145,6.0325,5.9201,5.8076,5.695,5.5553,5.3866,5.2181,5.0498,4.8817,4.7139,4.5463,4.379,4.2119,4.045,3.9978,3.9562,3.9147,3.8731,3.8316,3.7902,3.7488,3.7075,3.6662,3.6166,3.5559,3.4952,3.4344,3.3736,3.3128,3.2519,3.191
12.059,11.9991,11.9388,11.8782,11.8174,11.7563,11.6949,11.6333,11.5715,11.5094,11.447,11.3844,11.3216,11.2586,11.1953,11.1319,11.0683,11.0044,10.964,10.9953,11.0266,11.0577,11.0887,11.1196,11.1505,11.1812,11.2119,11.2424,11.2579,11.2678,11.2778,11.2879,11.2982,11.3085,11.3189,11.3294,11.34,11.355,11.3873,11.4198,11.4523,11.485,11.5177,11.5505,11.5834,11.6163,11.6492,11.6553,11.6489,11.6426,11.6362,11.6298,11.6234,11.6169,11.6104,11.6039,11.5731,11.4181,11.263,11.1078,10.9525,10.7972,10.6418,10.4863,10.3307,10.175,10.0582,9.9631,9.8678,9.7723,9.6767,9.5807,9.4846,9.3882,9.2916,9.1962,9.1114,9.0264,8.9413,8.856,8.7704,8.6847,8.5987,8.5126,8.4262,8.3399,8.2536,8.1673,8.0809,7.9945,7.9079,7.8213,7.7346,7.6479,7.5569,7.417,7.2772,7.1375,6.998,6.8585,6.7192,6.58,6.4409,6.302,6.2291,6.2091,6.1894,6.1699,6.1508,6.1319,6.1133,6.0951,6.0772,6.0612,6.0941,6.127,6.16,6.1931,6.2262,6.2594,6.2926,6.3259,6.3593,6.3839,6.3997,6.4153,6.4307,6.4458,6.4608,6.4755,6.49,6.5043,6.5183,6.409,6.2972,6.1853,6.0734,5.9615,5.8495,5.7375,5.6254,5.5134,5.3776,5.2135,5.0496,4.886,4.7225,4.5593,4.3963,4.2336,4.0711,3.9089,3.8591,3.8188,3.7786,3.7383,3.6982,3.658,3.6179,3.5779,3.5379,3.4899,3.4293,3.3687,3.3081,3.2474,3.1867,3.126,3.0652
11.9516,11.8988,11.8457,11.7923,11.7386,11.6847,11.6305,11.5761,11.5214,11.4668,11.4119,11.3568,11.3015,11.246,11.1903,11.1344,11.0782,11.0219,10.9896,11.0262,11.0628,11.0992,11.1355,11.1717,11.2079,11.2439,11.2799,11.3158,11.3283,11.3323,11.3365,11.3408,11.3453,11.3498,11.3544,11.3591,11.3638,11.3721,11.3932,11.4144,11.4358,11.4572,11.4787,11.5003,11.522,11.5437,11.5655,11.5608,11.5441,11.5274,11.5107,11.4939,11.4771,11.4603,11.4435,11.4266,11.3866,11.2279,11.0691,10.9102,10.7512,10.5921,10.433,10.2738,10.1144,9.955,9.8295,9.723,9.6163,9.5095,9.4024,9.2951,9.1876,9.0799,8.9719,8.8658,8.7763,8.6867,8.5968,8.5068,8.4166,8.3262,8.2355,8.1447,8.0536,7.9666,7.8824,7.7982,7.7139,7.6295,7.545,7.4605,7.3759,7.2912,7.2034,7.0711,6.939,6.8069,6.6749,6.5431,6.4114,6.2798,6.1483,6.017,5.9512,5.9415,5.9321,5.923,5.9141,5.9056,5.8973,5.8894,5.8818,5.8751,5.9108,5.9466,5.9824,6.0183,6.0542,6.0903,6.1264,6.1625,6.1987,6.2236,6.2362,6.2486,6.2608,6.2728,6.2846,6.2961,6.3075,6.3186,6.3294,6.2237,6.1123,6.0009,5.8894,5.778,5.6664,5.5549,5.4433,5.3316,5.1997,5.0402,4.8809,4.7218,4.563,4.4044,4.246,4.0879,3.93,3.7724,3.7204,3.6814,3.6424,3.6035,3.5646,3.5258,3.487,3.4482,3.4095,3.3632,3.3027,3.2422,3.1817,3.1212,3.0606,3,2.9393
11.8444,11.7987,11.7528,11.7066,11.6601,11.6133,11.5663,11.5191,11.4716,11.4244,11.377,11.3294,11.2817,11.2336,11.1854,11.137,11.0884,11.0396,11.0153,11.0573,11.0991,11.1408,11.1825,11.224,11.2654,11.3068,11.3481,11.3893,11.3985,11.3968,11.3951,11.3937,11.3923,11.391,11.3898,11.3887,11.3876,11.389,11.3989,11.409,11.4191,11.4294,11.4397,11.4501,11.4606,11.4711,11.4816,11.4663,11.4392,11.4122,11.3851,11.358,11.3309,11.3037,11.2765,11.2493,11.2001,11.0377,10.8752,10.7126,10.5499,10.3871,10.2242,10.0613,9.8983,9.7351,9.6008,9.483,9.3649,9.2467,9.1283,9.0097,8.8908,8.7717,8.6523,8.5355,8.4413,8.347,8.2525,8.1578,8.0628,7.9677,7.8724,7.7769,7.6811,7.5933,7.5112,7.429,7.3468,7.2645,7.1821,7.0997,7.0171,6.9345,6.8497,6.7251,6.6005,6.476,6.3517,6.2274,6.1033,5.9793,5.8555,5.7318,5.673,5.6736,5.6745,5.6757,5.6771,5.6789,5.681,5.6833,5.686,5.6891,5.7274,5.766,5.8047,5.8434,5.8822,5.921,5.96,5.9989,6.038,6.0635,6.0729,6.0822,6.0912,6.1,6.1086,6.1169,6.1251,6.133,6.1407,6.0383,5.9274,5.8165,5.7055,5.5944,5.4833,5.3722,5.2611,5.1499,5.0214,4.8665,4.7119,4.5574,4.4032,4.2492,4.0954,3.9419,3.7887,3.6356,3.5815,3.5438,3.5061,3.4685,3.4309,3.3934,3.3559,3.3185,3.2811,3.2364,3.1761,3.1157,3.0553,2.9949,2.9345,2.874,2.8134
11.7375,11.699,11.6602,11.6211,11.5818,11.5422,11.5024,11.4623,11.422,11.3822,11.3423,11.3023,11.262,11.2215,11.1808,11.1399,11.0988,11.0575,11.0412,11.0884,11.1355,11.1826,11.2295,11.2763,11.3231,11.3697,11.4163,11.4628,11.4686,11.4611,11.4537,11.4464,11.4392,11.4321,11.4251,11.4182,11.4114,11.4058,11.4046,11.4034,11.4024,11.4014,11.4006,11.3998,11.3991,11.3984,11.3978,11.3717,11.3343,11.2969,11.2595,11.2221,11.1846,11.1471,11.1096,11.072,11.0137,10.8475,10.6813,10.515,10.3486,10.1821,10.0155,9.8488,9.6821,9.5152,9.3722,9.243,9.1136,8.9841,8.8543,8.7243,8.5941,8.4637,8.333,8.2052,8.1064,8.0074,7.9082,7.8088,7.7092,7.6094,7.5094,7.4092,7.3087,7.2199,7.1399,7.0598,6.9797,6.8994,6.8191,6.7387,6.6583,6.5778,6.4958,6.3788,6.2618,6.1449,6.0282,5.9115,5.795,5.6786,5.5624,5.4463,5.3944,5.4053,5.4165,5.428,5.4398,5.4518,5.4642,5.4769,5.4899,5.5032,5.5439,5.5853,5.6268,5.6684,5.71,5.7517,5.7934,5.8353,5.8772,5.9035,5.9098,5.9158,5.9217,5.9273,5.9327,5.9379,5.9429,5.9476,5.9522,5.853,5.7425,5.632,5.5214,5.4109,5.3002,5.1896,5.0789,4.9681,4.8429,4.6926,4.5426,4.3927,4.2431,4.0937,3.9446,3.7957,3.647,3.4986,3.4426,3.4062,3.3698,3.3335,3.2972,3.261,3.2248,3.1886,3.1526,3.1097,3.0495,2.9892,2.929,2.8687,2.8083,2.748,2.6876
11.6308,11.5994,11.5678,11.5359,11.5038,11.4713,11.4387,11.4057,11.3725,11.3402,11.3079,11.2753,11.2425,11.2095,11.1763,11.1429,11.1093,11.0755,11.0671,11.1197,11.1721,11.2244,11.2767,11.3288,11.3808,11.4328,11.4846,11.5364,11.5386,11.5253,11.5121,11.499,11.486,11.4732,11.4604,11.4477,11.435,11.4225,11.4101,11.3977,11.3855,11.3734,11.3614,11.3494,11.3375,11.3256,11.3138,11.2771,11.2294,11.1816,11.1339,11.0861,11.0384,10.9905,10.9426,10.8947,10.8272,10.6573,10.4874,10.3174,10.1473,9.9771,9.8068,9.6364,9.466,9.2954,9.1437,9.0032,8.8625,8.7216,8.5805,8.4391,8.2976,8.1558,8.0137,7.875,7.7715,7.6678,7.5639,7.4599,7.3556,7.2511,7.1464,7.0416,6.9364,6.8465,6.7686,6.6906,6.6125,6.5343,6.4561,6.3778,6.2994,6.221,6.1417,6.0322,5.9229,5.8136,5.7044,5.5954,5.4865,5.3777,5.269,5.1605,5.1154,5.1367,5.1582,5.18,5.202,5.2244,5.247,5.27,5.2933,5.317,5.3602,5.4045,5.4488,5.4932,5.5377,5.5822,5.6268,5.6714,5.7162,5.7437,5.7468,5.7497,5.7523,5.7548,5.757,5.759,5.7608,5.7624,5.7638,5.6676,5.5576,5.4475,5.3374,5.2273,5.1171,5.0069,4.8966,4.7863,4.6641,4.5184,4.373,4.2277,4.0827,3.9379,3.7934,3.6491,3.505,3.3612,3.3035,3.2684,3.2334,3.1984,3.1634,3.1284,3.0936,3.0587,3.0239,2.9829,2.9228,2.8627,2.8026,2.7424,2.6822,2.6219,2.5617
11.5243,11.5002,11.4757,11.451,11.426,11.4007,11.3752,11.3494,11.3234,11.2985,11.2737,11.2486,11.2233,11.1978,11.1721,11.1462,11.1201,11.0938,11.0932,11.1511,11.2088,11.2664,11.3239,11.3813,11.4387,11.4959,11.5531,11.6102,11.6086,11.5895,11.5705,11.5516,11.5328,11.5141,11.4956,11.4771,11.4586,11.4391,11.4154,11.392,11.3686,11.3453,11.3221,11.2989,11.2759,11.2528,11.2299,11.1825,11.1244,11.0663,11.0083,10.9502,10.8921,10.8339,10.7757,10.7174,10.6408,10.4672,10.2935,10.1198,9.946,9.7721,9.5981,9.424,9.2498,9.0756,8.9153,8.7634,8.6114,8.4592,8.3067,8.154,8.0012,7.848,7.6946,7.5449,7.4367,7.3284,7.2198,7.1111,7.0021,6.893,6.7836,6.674,6.5643,6.473,6.3972,6.3213,6.2452,6.1692,6.093,6.0168,5.9405,5.8641,5.7874,5.6855,5.5837,5.4821,5.3805,5.279,5.1777,5.0765,4.9755,4.8746,4.8361,4.8677,4.8995,4.9315,4.9639,4.9965,5.0295,5.0628,5.0964,5.1303,5.1765,5.2236,5.2707,5.318,5.3652,5.4126,5.46,5.5075,5.555,5.584,5.5839,5.5836,5.5831,5.5824,5.5815,5.5803,5.5789,5.5773,5.5755,5.4822,5.3726,5.263,5.1533,5.0436,4.9339,4.8241,4.7143,4.6045,4.4851,4.344,4.2031,4.0625,3.9221,3.7819,3.6419,3.5022,3.3628,3.2235,3.1644,3.1306,3.0969,3.0631,3.0294,2.9958,2.9622,2.9287,2.8952,2.8561,2.7962,2.7362,2.6762,2.6161,2.556,2.4959,2.4358
11.4182,11.4011,11.3838,11.3662,11.3484,11.3303,11.3119,11.2933,11.2744,11.257,11.2396,11.2221,11.2043,11.1862,11.168,11.1496,11.131,11.1122,11.1194,11.1826,11.2456,11.3085,11.3713,11.434,11.4966,11.5592,11.6216,11.684,11.6784,11.6535,11.6287,11.6041,11.5795,11.555,11.5307,11.5064,11.4822,11.4555,11.4207,11.3861,11.3515,11.3171,11.2827,11.2484,11.2141,11.18,11.1458,11.0878,11.0194,10.951,10.8826,10.8142,10.7458,10.6773,10.6088,10.5402,10.4543,10.277,10.0997,9.9222,9.7447,9.5671,9.3894,9.2116,9.0338,8.8558,8.687,8.5238,8.3604,8.1969,8.0331,7.8691,7.7049,7.5404,7.3757,7.2149,7.102,6.989,6.8757,6.7623,6.6487,6.5349,6.4208,6.3066,6.1921,6.0995,6.0258,5.9519,5.878,5.8039,5.7299,5.6557,5.5815,5.5072,5.4328,5.3386,5.2444,5.1503,5.0563,4.9624,4.8687,4.7751,4.6816,4.5883,4.5565,4.5983,4.6404,4.6828,4.7254,4.7683,4.8116,4.8551,4.899,4.9432,4.9926,5.0425,5.0925,5.1426,5.1927,5.2429,5.2931,5.3434,5.3938,5.4245,5.4212,5.4178,5.4141,5.4102,5.4061,5.4018,5.3972,5.3925,5.3875,5.2968,5.1876,5.0785,4.9693,4.86,4.7507,4.6414,4.532,4.4227,4.3057,4.1692,4.033,3.8969,3.7611,3.6255,3.4902,3.3551,3.2202,3.0856,3.0252,2.9927,2.9602,2.9278,2.8954,2.8631,2.8308,2.7986,2.7664,2.7293,2.6695,2.6096,2.5498,2.4898,2.4299,2.3699,2.3098
11.3123,11.3024,11.2922,11.2818,11.271,11.2601,11.2488,11.2374,11.2256,11.2157,11.2058,11.1958,11.1854,11.1749,11.1642,11.1532,11.1421,11.1308,11.1458,11.2142,11.2825,11.3507,11.4188,11.4868,11.5547,11.6225,11.6903,11.7579,11.7481,11.7174,11.6869,11.6564,11.6261,11.5958,11.5657,11.5356,11.5056,11.4718,11.4259,11.3801,11.3343,11.2887,11.2432,11.1978,11.1524,11.107,11.0617,10.993,10.9143,10.8356,10.7569,10.6782,10.5995,10.5207,10.4418,10.3629,10.2679,10.0869,9.9058,9.7247,9.5435,9.3622,9.1808,8.9993,8.8177,8.636,8.4588,8.2843,8.1096,7.9347,7.7596,7.5843,7.4088,7.233,7.057,6.8849,6.7674,6.6496,6.5317,6.4136,6.2954,6.1769,6.0582,5.9393,5.8201,5.726,5.6543,5.5825,5.5106,5.4387,5.3667,5.2946,5.2224,5.1502,5.0779,4.9914,4.9048,4.8183,4.7319,4.6456,4.5595,4.4734,4.3875,4.3018,4.2765,4.3286,4.381,4.4336,4.4865,4.5397,4.5932,4.6471,4.7012,4.7557,4.8086,4.8614,4.9142,4.9671,5.02,5.073,5.1261,5.1792,5.2324,5.2651,5.2587,5.252,5.2452,5.2381,5.2308,5.2234,5.2157,5.2077,5.1996,5.1113,5.0026,4.8939,4.7851,4.6763,4.5675,4.4586,4.3497,4.2408,4.1261,3.9942,3.8626,3.7311,3.5999,3.4689,3.3381,3.2076,3.0773,2.9473,2.8859,2.8547,2.8235,2.7924,2.7613,2.7303,2.6993,2.6684,2.6374,2.6025,2.5428,2.4831,2.4233,2.3635,2.3037,2.2438,2.1839
11.2066,11.2039,11.2008,11.1975,11.1939,11.1901,11.186,11.1817,11.1771,11.1747,11.1723,11.1697,11.1668,11.1638,11.1605,11.1571,11.1534,11.1496,11.1723,11.246,11.3195,11.393,11.4664,11.5397,11.6129,11.686,11.759,11.8319,11.8178,11.7813,11.745,11.7087,11.6726,11.6366,11.6006,11.5648,11.529,11.488,11.4309,11.3739,11.3171,11.2603,11.2037,11.147,11.0905,11.034,10.9776,10.8982,10.8092,10.7202,10.6312,10.5422,10.4531,10.364,10.2749,10.1857,10.0815,9.8968,9.712,9.5272,9.3422,9.1572,8.9721,8.7869,8.6017,8.4163,8.2307,8.0449,7.8588,7.6726,7.4862,7.2996,7.1128,6.9257,6.7383,6.555,6.4328,6.3104,6.1878,6.0651,5.9421,5.8189,5.6956,5.572,5.4482,5.3524,5.2828,5.2131,5.1432,5.0734,5.0034,4.9334,4.8633,4.7932,4.7229,4.6441,4.565,4.4861,4.4073,4.3286,4.25,4.1715,4.0932,4.0151,3.9962,4.0585,4.1212,4.1841,4.2473,4.3107,4.3745,4.4386,4.503,4.5678,4.6245,4.6801,4.7358,4.7914,4.8472,4.903,4.9589,5.0149,5.0709,5.1059,5.0963,5.0865,5.0764,5.0662,5.0558,5.0451,5.0342,5.0232,5.0118,4.9258,4.8176,4.7093,4.601,4.4927,4.3843,4.2758,4.1674,4.0589,3.9462,3.8189,3.6919,3.565,3.4384,3.312,3.1858,3.0599,2.9342,2.8087,2.7465,2.7166,2.6874,2.6602,2.633,2.6057,2.5784,2.551,2.5235,2.4929,2.4357,2.3785,2.3212,2.2639,2.2065,2.1491,2.0917
11.1012,11.1056,11.1097,11.1135,11.1171,11.1204,11.1234,11.1262,11.1288,11.1338,11.1389,11.1438,11.1484,11.1528,11.1571,11.1611,11.1649,11.1686,11.1989,11.2778,11.3567,11.4354,11.5141,11.5927,11.6711,11.7495,11.8278,11.9061,11.8873,11.8451,11.8029,11.7609,11.719,11.6772,11.6355,11.5939,11.5524,11.5041,11.4358,11.3677,11.2997,11.2318,11.164,11.0963,11.0286,10.9609,10.8933,10.8034,10.7041,10.6048,10.5055,10.4062,10.3068,10.2074,10.108,10.0085,9.8951,9.7067,9.5182,9.3296,9.141,8.9523,8.7635,8.5746,8.3856,8.1966,8.0027,7.8055,7.6082,7.4107,7.213,7.0151,6.8169,6.6185,6.4199,6.2251,6.0982,5.9712,5.844,5.7165,5.5889,5.4611,5.3331,5.2049,5.0764,4.9788,4.9112,4.8436,4.7758,4.708,4.6401,4.5722,4.5041,4.4361,4.3679,4.2965,4.225,4.1537,4.0824,4.0113,3.9403,3.8694,3.7986,3.728,3.7155,3.7881,3.861,3.9342,4.0076,4.0814,4.1554,4.2298,4.3045,4.3795,4.4403,4.4987,4.5572,4.6157,4.676,4.7365,4.7968,4.8569,4.9168,4.9552,4.9438,4.9322,4.9203,4.9082,4.8959,4.8833,4.8704,4.8573,4.8439,4.7608,4.6537,4.5465,4.4392,4.3317,4.2241,4.1164,4.0086,3.9006,3.7905,3.6722,3.5545,3.4373,3.3207,3.2046,3.089,2.9741,2.8597,2.7459,2.6866,2.659,2.6314,2.6037,2.576,2.5483,2.5204,2.4926,2.4646,2.4346,2.3772,2.3197,2.2622,2.2046,2.147,2.0894,2.0317
11.0513,11.0595,11.0675,11.0753,11.0829,11.0905,11.0978,11.1051,11.1121,11.1195,11.127,11.1344,11.1418,11.1492,11.1566,11.164,11.1713,11.1787,11.2121,11.2907,11.3695,11.4483,11.5273,11.6064,11.6857,11.765,11.8444,11.924,11.8997,11.8516,11.8037,11.7559,11.7082,11.6605,11.613,11.5655,11.5181,11.463,11.3858,11.3087,11.2316,11.1545,11.0774,11.0003,10.9233,10.8461,10.769,10.6699,10.5617,10.4534,10.3451,10.2367,10.1282,10.0197,9.9111,9.8024,9.6805,9.4875,9.2943,9.1011,8.9077,8.7142,8.5206,8.3268,8.1329,7.9388,7.7388,7.535,7.331,7.1269,6.9228,6.7186,6.5143,6.31,6.1055,5.9049,5.7761,5.6473,5.5184,5.3895,5.2604,5.1313,5.0022,4.8729,4.7436,4.6488,4.5889,4.5292,4.4696,4.4103,4.3511,4.2921,4.2334,4.1748,4.1165,4.0577,3.9992,3.9409,3.8829,3.8253,3.7679,3.711,3.6543,3.598,3.5949,3.6748,3.7548,3.8349,3.9149,3.995,4.0752,4.1554,4.2356,4.3159,4.3769,4.4338,4.4906,4.5471,4.6034,4.6595,4.7154,4.771,4.8264,4.8621,4.8465,4.8306,4.8145,4.7981,4.7815,4.7647,4.7476,4.7302,4.7126,4.6298,4.5212,4.4126,4.3038,4.1949,4.0859,3.9768,3.8675,3.7581,3.6486,3.54,3.4318,3.3242,3.2171,3.1105,3.0046,2.8992,2.7944,2.6902,2.6316,2.6035,2.5754,2.5473,2.5191,2.4908,2.4625,2.4342,2.4057,2.3763,2.3186,2.2609,2.2032,2.1454,2.0875,2.0297,1.9718
11.0153,11.0279,11.0402,11.0524,11.0645,11.0764,11.0881,11.0998,11.1112,11.1193,11.1271,11.1348,11.1426,11.1504,11.1581,11.1659,11.1736,11.1813,11.2136,11.286,11.3587,11.4314,11.5043,11.5773,11.6504,11.7236,11.7969,11.8704,11.8369,11.7804,11.724,11.6677,11.6115,11.5554,11.4994,11.4434,11.3875,11.3241,11.2396,11.1551,11.0707,10.9863,10.9019,10.8175,10.7331,10.6486,10.5642,10.458,10.3429,10.2278,10.1127,9.9974,9.8821,9.7668,9.6513,9.5358,9.4072,9.2079,9.0085,8.8089,8.6093,8.4095,8.2095,8.0095,7.8092,7.6089,7.4081,7.207,7.0059,6.8046,6.6033,6.4019,6.2005,5.9989,5.7974,5.5989,5.4719,5.3449,5.2177,5.0905,4.9632,4.8359,4.7085,4.581,4.4535,4.3643,4.3159,4.2677,4.2196,4.1716,4.1239,4.0764,4.0291,3.982,3.9351,3.8884,3.8419,3.7957,3.7499,3.7043,3.6591,3.6142,3.5696,3.5254,3.5282,3.6098,3.6915,3.7732,3.8549,3.9367,4.0185,4.1003,4.1822,4.2642,4.3223,4.3748,4.4271,4.4792,4.531,4.5827,4.6341,4.6853,4.7363,4.7692,4.7493,4.7292,4.7088,4.6882,4.6674,4.6463,4.625,4.6034,4.5815,4.4988,4.3888,4.2787,4.1685,4.0582,3.9478,3.8372,3.7265,3.6157,3.5062,3.4071,3.3085,3.2104,3.1129,3.0159,2.9195,2.8237,2.7284,2.6338,2.5766,2.5481,2.5195,2.4909,2.4622,2.4334,2.4046,2.3758,2.3469,2.3179,2.2601,2.2022,2.1442,2.0862,2.0281,1.97,1.9119
10.9795,10.9964,11.0132,11.0297,11.0462,11.0625,11.0786,11.0946,11.1104,11.119,11.1271,11.1353,11.1434,11.1516,11.1597,11.1678,11.1759,11.184,11.2148,11.2812,11.3477,11.4144,11.4811,11.548,11.615,11.6821,11.7493,11.8166,11.774,11.709,11.6441,11.5794,11.5147,11.4501,11.3856,11.3212,11.2568,11.1851,11.0933,11.0015,10.9098,10.818,10.7263,10.6346,10.5428,10.4511,10.3593,10.2461,10.1242,10.0022,9.8802,9.7582,9.6361,9.5139,9.3916,9.2692,9.134,8.9284,8.7226,8.5168,8.3108,8.1047,7.8985,7.6921,7.4856,7.2789,7.0773,6.879,6.6807,6.4823,6.2838,6.0853,5.8866,5.6879,5.4891,5.2929,5.1677,5.0424,4.917,4.7915,4.666,4.5404,4.4148,4.289,4.1633,4.0797,4.0427,4.0059,3.9692,3.9327,3.8964,3.8604,3.8245,3.7888,3.7534,3.7187,3.6843,3.6502,3.6164,3.583,3.5498,3.517,3.4845,3.4524,3.4615,3.5447,3.6281,3.7114,3.7948,3.8782,3.9617,4.0452,4.1288,4.2124,4.2679,4.316,4.3638,4.4114,4.4588,4.506,4.553,4.5998,4.6463,4.6765,4.6524,4.628,4.6034,4.5786,4.5535,4.5282,4.5026,4.4767,4.4506,4.3678,4.2564,4.145,4.0333,3.9216,3.8097,3.6977,3.5856,3.4734,3.3632,3.2736,3.1846,3.0961,3.0081,2.9207,2.8339,2.7476,2.6619,2.5768,2.5217,2.4927,2.4636,2.4345,2.4053,2.3761,2.3468,2.3175,2.2881,2.2586,2.2016,2.1434,2.0852,2.027,1.9687,1.9103,1.852
10.9438,10.9651,10.9862,11.0072,11.028,11.0487,11.0692,11.0896,11.1098,11.1187,11.1273,11.1358,11.1443,11.1528,11.1613,11.1698,11.1782,11.1867,11.216,11.2762,11.3366,11.3972,11.4578,11.5186,11.5795,11.6405,11.7016,11.7628,11.7109,11.6374,11.5641,11.4909,11.4178,11.3447,11.2718,11.1989,11.1261,11.046,10.9469,10.8478,10.7487,10.6497,10.5506,10.4516,10.3525,10.2535,10.1544,10.0341,9.9054,9.7766,9.6478,9.5189,9.39,9.261,9.1319,9.0027,8.8607,8.6488,8.4368,8.2247,8.0124,7.8,7.5875,7.3748,7.162,6.9491,6.7465,6.551,6.3555,6.1599,5.9643,5.7685,5.5727,5.3768,5.1809,4.9869,4.8634,4.7399,4.6163,4.4925,4.3688,4.2449,4.121,3.997,3.873,3.7948,3.7692,3.7438,3.7186,3.6936,3.6687,3.644,3.6196,3.5954,3.5714,3.5487,3.5264,3.5044,3.4827,3.4612,3.4402,3.4194,3.399,3.379,3.3947,3.4796,3.5646,3.6496,3.7346,3.8197,3.9048,3.99,4.0752,4.1605,4.2137,4.2573,4.3007,4.3439,4.3868,4.4296,4.4722,4.5145,4.5566,4.584,4.5556,4.527,4.4982,4.4691,4.4398,4.4102,4.3804,4.3503,4.32,4.237,4.1242,4.0113,3.8982,3.785,3.6718,3.5583,3.4448,3.3311,3.2196,3.1396,3.0601,2.9812,2.9028,2.8249,2.7476,2.6709,2.5947,2.5192,2.4668,2.4373,2.4077,2.3781,2.3485,2.3188,2.289,2.2592,2.2293,2.1994,2.1431,2.0847,2.0263,1.9678,1.9093,1.8507,1.7921
10.9083,10.934,10.9595,10.9848,11.01,11.035,11.0599,11.0847,11.1093,11.1185,11.1274,11.1363,11.1451,11.154,11.1629,11.1717,11.1806,11.1894,11.217,11.2711,11.3254,11.3799,11.4344,11.4891,11.5439,11.5988,11.6538,11.7089,11.6477,11.5658,11.484,11.4023,11.3207,11.2392,11.1578,11.0765,10.9952,10.9069,10.8004,10.694,10.5877,10.4813,10.3749,10.2686,10.1622,10.0558,9.9494,9.8221,9.6866,9.551,9.4154,9.2797,9.1439,9.008,8.8721,8.7361,8.5875,8.3693,8.151,7.9326,7.714,7.4953,7.2765,7.0576,6.8385,6.6192,6.4156,6.223,6.0303,5.8376,5.6447,5.4518,5.2588,5.0657,4.8726,4.6809,4.5592,4.4374,4.3155,4.1935,4.0715,3.9494,3.8272,3.705,3.5827,3.5096,3.4955,3.4815,3.4677,3.4541,3.4407,3.4275,3.4144,3.4016,3.3891,3.3784,3.3681,3.3582,3.3485,3.3392,3.3302,3.3215,3.3131,3.3052,3.3278,3.4144,3.501,3.5877,3.6744,3.7611,3.8479,3.9348,4.0216,4.1086,4.1596,4.1988,4.2377,4.2765,4.315,4.3534,4.3915,4.4294,4.467,4.4916,4.459,4.4262,4.3931,4.3598,4.3263,4.2925,4.2584,4.2241,4.1896,4.1062,3.992,3.8776,3.7632,3.6486,3.5339,3.419,3.3041,3.189,3.0755,3.005,2.9351,2.8657,2.7968,2.7285,2.6607,2.5935,2.5269,2.4609,2.4119,2.3819,2.3519,2.3218,2.2917,2.2615,2.2312,2.2009,2.1706,2.1402,2.0847,2.026,1.9673,1.9086,1.8499,1.7911,1.7322
10.8729,10.903,10.9328,10.9626,10.9921,11.0215,11.0508,11.0799,11.1089,11.1182,11.1275,11.1368,11.146,11.1552,11.1645,11.1737,11.1829,11.1921,11.2178,11.2659,11.3141,11.3624,11.4109,11.4594,11.5081,11.5569,11.6058,11.6548,11.5843,11.4939,11.4037,11.3136,11.2236,11.1336,11.0438,10.954,10.8642,10.7676,10.6539,10.5402,10.4265,10.3128,10.1992,10.0855,9.9718,9.8581,9.7444,9.6101,9.4678,9.3254,9.1829,9.0404,8.8978,8.7551,8.6124,8.4695,8.3143,8.0898,7.8652,7.6405,7.4157,7.1907,6.9656,6.7404,6.515,6.2895,6.0848,5.895,5.7051,5.5151,5.3251,5.135,4.9448,4.7545,4.5642,4.3748,4.2549,4.1348,4.0147,3.8945,3.7742,3.6538,3.5334,3.4129,3.2924,3.2242,3.2215,3.219,3.2166,3.2144,3.2124,3.2106,3.209,3.2076,3.2064,3.2077,3.2095,3.2116,3.214,3.2167,3.2198,3.2232,3.2269,3.231,3.2609,3.3492,3.4375,3.5258,3.6141,3.7025,3.791,3.8794,3.968,4.0565,4.1058,4.1405,4.175,4.2093,4.2434,4.2773,4.311,4.3445,4.3777,4.3995,4.3627,4.3256,4.2883,4.2508,4.213,4.175,4.1367,4.0982,4.0594,3.9755,3.8598,3.7441,3.6282,3.5122,3.3961,3.2798,3.1634,3.0469,2.9308,2.8699,2.8095,2.7496,2.6903,2.6315,2.5732,2.5156,2.4585,2.402,2.3571,2.3266,2.2961,2.2655,2.2349,2.2042,2.1735,2.1427,2.1119,2.081,2.0262,1.9673,1.9084,1.8495,1.7905,1.7315,1.6724
10.8377,10.8721,10.9064,10.9405,10.9744,11.0082,11.0418,11.0753,11.1084,11.118,11.1276,11.1373,11.1469,11.1565,11.1661,11.1757,11.1852,11.1948,11.2185,11.2605,11.3026,11.3448,11.3872,11.4297,11.4723,11.515,11.5578,11.6007,11.5208,11.422,11.3233,11.2247,11.1263,11.0279,10.9296,10.8313,10.7332,10.6283,10.5073,10.3863,10.2653,10.1443,10.0234,9.9024,9.7814,9.6604,9.5394,9.3981,9.2489,9.0997,8.9504,8.8011,8.6517,8.5022,8.3526,8.203,8.0411,7.8103,7.5794,7.3484,7.1173,6.8861,6.6547,6.4232,6.1915,5.9597,5.7539,5.5669,5.3798,5.1927,5.0055,4.8182,4.6308,4.4434,4.2558,4.0688,3.9505,3.8322,3.7138,3.5954,3.4768,3.3582,3.2396,3.1208,3.002,2.9386,2.9473,2.9562,2.9652,2.9744,2.9838,2.9934,3.0032,3.0132,3.0235,3.0367,3.0505,3.0647,3.0792,3.0939,3.109,3.1244,3.1402,3.1564,3.194,3.2839,3.3738,3.4638,3.5538,3.6438,3.7339,3.8241,3.9142,4.0045,4.0521,4.0824,4.1125,4.1423,4.172,4.2015,4.2307,4.2598,4.2885,4.3076,4.2665,4.2252,4.1837,4.1419,4.0999,4.0577,4.0152,3.9724,3.9294,3.8449,3.7278,3.6106,3.4933,3.3759,3.2583,3.1406,3.0228,2.9049,2.7868,2.7342,2.6833,2.6329,2.5831,2.5339,2.4852,2.437,2.3895,2.3425,2.3023,2.2713,2.2403,2.2093,2.1781,2.147,2.1158,2.0845,2.0532,2.0218,1.9678,1.9087,1.8495,1.7903,1.7311,1.6719,1.6126
10.8027,10.8414,10.88,10.9185,10.9568,10.9949,11.0329,11.0708,11.1078,11.1178,11.1278,11.1378,11.1478,11.1577,11.1677,11.1776,11.1876,11.1975,11.2191,11.255,11.291,11.3271,11.3634,11.3998,11.4363,11.4729,11.5096,11.5464,11.4571,11.3499,11.2428,11.1358,11.0289,10.922,10.8153,10.7086,10.602,10.4889,10.3606,10.2323,10.104,9.9757,9.8475,9.7192,9.5909,9.4626,9.3343,9.186,9.03,8.874,8.7179,8.5618,8.4056,8.2493,8.0929,7.9365,7.7679,7.5308,7.2937,7.0564,6.819,6.5815,6.3439,6.1061,5.8681,5.6301,5.423,5.2388,5.0546,4.8702,4.6858,4.5013,4.3168,4.1321,3.9474,3.7627,3.6462,3.5296,3.413,3.2962,3.1795,3.0626,2.9457,2.8287,2.7116,2.6527,2.6729,2.6931,2.7135,2.7342,2.7549,2.7759,2.7972,2.8186,2.8403,2.8653,2.8912,2.9174,2.9439,2.9707,2.9979,3.0254,3.0532,3.0813,3.127,3.2185,3.3101,3.4017,3.4934,3.5851,3.6768,3.7686,3.8605,3.9523,3.9986,4.0244,4.0501,4.0755,4.1008,4.1258,4.1506,4.1752,4.1996,4.2158,4.1705,4.125,4.0793,4.0333,3.9871,3.9406,3.8939,3.8469,3.7996,3.7143,3.5958,3.4772,3.3585,3.2397,3.1207,3.0016,2.8823,2.763,2.6435,2.5979,2.5565,2.5157,2.4754,2.4357,2.3965,2.3579,2.3199,2.2824,2.2475,2.2161,2.1846,2.153,2.1214,2.0898,2.0581,2.0263,1.9945,1.9627,1.9094,1.85,1.7906,1.7312,1.6718,1.6123,1.5528
10.7678,10.8109,10.8539,10.8967,10.9393,10.9819,11.0242,11.0664,11.1072,11.1176,11.1279,11.1383,11.1486,11.159,11.1693,11.1796,11.1899,11.2002,11.2195,11.2493,11.2792,11.3093,11.3395,11.3698,11.4002,11.4307,11.4613,11.492,11.3933,11.2777,11.1621,11.0467,10.9313,10.8161,10.7009,10.5858,10.4708,10.3495,10.2138,10.0782,9.9427,9.8071,9.6715,9.536,9.4004,9.2648,9.1292,8.9739,8.8111,8.6483,8.4854,8.3225,8.1594,7.9964,7.8332,7.6699,7.4947,7.2514,7.0079,6.7644,6.5207,6.2769,6.033,5.789,5.5448,5.3004,5.092,4.9107,4.7292,4.5477,4.3661,4.1844,4.0027,3.8209,3.639,3.457,3.3418,3.227,3.1121,2.9971,2.882,2.7669,2.6518,2.5365,2.4212,2.3666,2.3981,2.4298,2.4616,2.4936,2.5258,2.5582,2.5908,2.6236,2.6567,2.6937,2.7316,2.7698,2.8084,2.8472,2.8864,2.9259,2.9657,3.0059,3.0599,3.1531,3.2463,3.3396,3.4329,3.5263,3.6197,3.7131,3.8066,3.9001,3.9452,3.9667,3.9879,4.0089,4.0298,4.0504,4.0708,4.0909,4.1109,4.1243,4.0748,4.025,3.9751,3.9249,3.8744,3.8237,3.7728,3.7216,3.6701,3.5838,3.4639,3.3439,3.2238,3.1035,2.9831,2.8626,2.7419,2.6212,2.5003,2.461,2.4292,2.3979,2.3671,2.3369,2.3072,2.2781,2.2496,2.2217,2.1928,2.1608,2.1289,2.0968,2.0648,2.0326,2.0005,1.9682,1.9359,1.9036,1.851,1.7914,1.7318,1.6721,1.6125,1.5527,1.493
10.733,10.7805,10.8278,10.875,10.922,10.9689,11.0156,11.0622,11.1066,11.1174,11.1281,11.1388,11.1496,11.1603,11.1709,11.1816,11.1923,11.203,11.2198,11.2435,11.2673,11.2913,11.3154,11.3396,11.3639,11.3884,11.4129,11.4376,11.3294,11.2053,11.0813,10.9574,10.8337,10.71,10.5864,10.4629,10.3394,10.2099,10.067,9.9241,9.7813,9.6384,9.4956,9.3527,9.2099,9.067,8.9241,8.7617,8.5922,8.4225,8.2529,8.0831,7.9133,7.7434,7.5735,7.4034,7.2215,6.9719,6.7222,6.4724,6.2225,5.9724,5.7222,5.4719,5.2214,4.9708,4.7611,4.5825,4.4039,4.2252,4.0464,3.8675,3.6886,3.5096,3.3305,3.1513,3.0374,2.9243,2.8111,2.6979,2.5846,2.4712,2.3578,2.2443,2.1307,2.0803,2.1232,2.1662,2.2094,2.2528,2.2964,2.3402,2.3842,2.4284,2.4728,2.5216,2.5716,2.6219,2.6724,2.7233,2.7745,2.826,2.8779,2.9301,2.9928,3.0876,3.1825,3.2774,3.3724,3.4674,3.5625,3.6575,3.7527,3.8479,3.8921,3.9091,3.9259,3.9425,3.9589,3.9751,3.9911,4.0068,4.0223,4.0329,3.9792,3.9253,3.8711,3.8166,3.762,3.707,3.6519,3.5964,3.5408,3.4534,3.3321,3.2107,3.0891,2.9674,2.8456,2.7237,2.6016,2.4794,2.3571,2.3236,2.3013,2.2795,2.2582,2.2375,2.2174,2.1978,2.1788,2.1603,2.1381,2.1056,2.0732,2.0407,2.0081,1.9755,1.9429,1.9101,1.8774,1.8445,1.7926,1.7328,1.6729,1.6131,1.5531,1.4932,1.4332
10.6984,10.7503,10.802,10.8535,10.9049,10.9561,11.0072,11.0581,11.1061,11.1172,11.1283,11.1394,11.1505,11.1615,11.1726,11.1836,11.1947,11.2057,11.2199,11.2375,11.2553,11.2732,11.2912,11.3094,11.3276,11.346,11.3644,11.383,11.2653,11.1328,11.0004,10.8681,10.7359,10.6038,10.4718,10.3398,10.2079,10.0703,9.9201,9.7699,9.6198,9.4696,9.3195,9.1694,9.0192,8.8691,8.7189,8.5496,8.3732,8.1968,8.0203,7.8438,7.6672,7.4905,7.3137,7.1369,6.9483,6.6925,6.4365,6.1804,5.9243,5.6679,5.4115,5.1549,4.8982,4.6413,4.4301,4.2543,4.0785,3.9026,3.7266,3.5506,3.3744,3.1982,3.0219,2.8456,2.7329,2.6216,2.5102,2.3987,2.2871,2.1755,2.0638,1.9521,1.8402,1.7937,1.848,1.9024,1.957,2.0118,2.0667,2.1219,2.1772,2.2328,2.2887,2.3493,2.4113,2.4736,2.5362,2.599,2.6623,2.7258,2.7897,2.8539,2.9256,3.0221,3.1186,3.2152,3.3118,3.4085,3.5052,3.6019,3.6987,3.7955,3.8391,3.8517,3.8641,3.8763,3.8882,3.9,3.9116,3.9229,3.934,3.9418,3.8838,3.8257,3.7673,3.7086,3.6497,3.5906,3.5312,3.4716,3.4117,3.3231,3.2004,3.0775,2.9545,2.8314,2.7082,2.5849,2.4614,2.3378,2.214,2.1856,2.1728,2.1605,2.1487,2.1375,2.1269,2.1168,2.1073,2.0984,2.0834,2.0505,2.0175,1.9846,1.9515,1.9184,1.8853,1.8521,1.8188,1.7855,1.7342,1.6742,1.6141,1.554,1.4939,1.4337,1.3735
10.664,10.7202,10.7762,10.8321,10.8879,10.9435,10.9989,11.0542,11.1055,11.117,11.1285,11.1399,11.1514,11.1628,11.1743,11.1857,11.1971,11.2085,11.2199,11.2314,11.2431,11.255,11.2669,11.279,11.2911,11.3034,11.3158,11.3283,11.2011,11.0601,10.9193,10.7786,10.638,10.4975,10.357,10.2167,10.0764,9.9306,9.7731,9.6157,9.4582,9.3008,9.1434,8.986,8.8286,8.6711,8.5137,8.3374,8.1542,7.971,7.7877,7.6044,7.421,7.2376,7.054,6.8704,6.6752,6.413,6.1508,5.8885,5.6261,5.3635,5.1008,4.8379,4.5749,4.3118,4.0991,3.9261,3.7531,3.58,3.4068,3.2336,3.0602,2.8868,2.7134,2.5398,2.4285,2.3189,2.2092,2.0995,1.9896,1.8797,1.7698,1.6598,1.5497,1.5069,1.5725,1.6383,1.7043,1.7704,1.8368,1.9033,1.97,2.037,2.1042,2.1766,2.2506,2.3249,2.3995,2.4744,2.5496,2.6252,2.7011,2.7774,2.8584,2.9565,3.0547,3.1529,3.2512,3.3495,3.4478,3.5462,3.6446,3.7431,3.7863,3.7945,3.8024,3.8102,3.8178,3.8251,3.8323,3.8392,3.8459,3.8508,3.7887,3.7263,3.6637,3.6008,3.5377,3.4743,3.4107,3.3469,3.2828,3.1928,3.0687,2.9444,2.82,2.6955,2.5709,2.4461,2.3212,2.1962,2.071,2.047,2.0437,2.0409,2.0387,2.037,2.0358,2.0352,2.0352,2.0358,2.0287,1.9954,1.9619,1.9285,1.8949,1.8614,1.8277,1.7941,1.7603,1.7265,1.6758,1.6156,1.5553,1.495,1.4346,1.3742,1.3137
10.6297,10.6903,10.7507,10.8109,10.871,10.9309,10.9907,11.0504,11.105,11.1168,11.1287,11.1405,11.1523,11.1641,11.1759,11.1877,11.1995,11.2112,11.2197,11.2252,11.2308,11.2366,11.2425,11.2484,11.2546,11.2608,11.2671,11.2735,11.1367,10.9874,10.8381,10.689,10.54,10.3911,10.2422,10.0934,9.9447,9.7908,9.626,9.4613,9.2966,9.1319,8.9673,8.8026,8.6379,8.4732,8.3084,8.1252,7.9352,7.7452,7.5552,7.3651,7.1749,6.9846,6.7943,6.6039,6.402,6.1336,5.8652,5.5966,5.3279,5.0591,4.7901,4.521,4.2517,3.9823,3.7681,3.5979,3.4277,3.2574,3.087,2.9166,2.746,2.5754,2.4048,2.234,2.124,2.0161,1.9082,1.8002,1.6921,1.584,1.4757,1.3675,1.2591,1.2198,1.2968,1.374,1.4513,1.5288,1.6065,1.6844,1.7625,1.8408,1.9194,2.0036,2.0896,2.1759,2.2625,2.3494,2.4366,2.5242,2.6121,2.7004,2.7911,2.8909,2.9907,3.0906,3.1905,3.2904,3.3904,3.4905,3.5905,3.6907,3.7336,3.7374,3.741,3.7443,3.7475,3.7504,3.7532,3.7557,3.758,3.76,3.6937,3.6271,3.5603,3.4932,3.4259,3.3583,3.2905,3.2224,3.1541,3.0627,2.9371,2.8114,2.6856,2.5597,2.4336,2.3074,2.1811,2.0547,1.9281,1.9079,1.9141,1.9208,1.928,1.9358,1.9441,1.9531,1.9625,1.9743,1.9853,1.9606,1.9358,1.9106,1.8853,1.8596,1.8336,1.8074,1.7809,1.7541,1.7111,1.6573,1.6031,1.5486,1.4938,1.4386,1.383
10.5956,10.6605,10.7252,10.7898,10.8543,10.9186,10.9827,11.0467,11.1045,11.1167,11.1289,11.1411,11.1533,11.1654,11.1776,11.1897,11.2019,11.214,11.2194,11.2189,11.2184,11.2181,11.2179,11.2178,11.2178,11.218,11.2182,11.2186,11.0722,10.9144,10.7568,10.5993,10.4419,10.2845,10.1273,9.9701,9.813,9.6509,9.4789,9.3069,9.1349,8.963,8.791,8.6191,8.4471,8.2752,8.1032,7.9129,7.7162,7.5194,7.3226,7.1257,6.9287,6.7317,6.5346,6.3374,6.1289,5.8542,5.5795,5.3047,5.0297,4.7547,4.4794,4.2041,3.9286,3.6529,3.437,3.2697,3.1022,2.9347,2.7672,2.5995,2.4318,2.264,2.0961,1.9282,1.8195,1.7134,1.6072,1.5009,1.3945,1.2881,1.1817,1.0751,0.9685,0.9325,1.0209,1.1094,1.1981,1.287,1.376,1.4653,1.5547,1.6444,1.7343,1.8303,1.9283,2.0266,2.1252,2.2241,2.3233,2.4228,2.5227,2.623,2.7237,2.8252,2.9266,3.0282,3.1297,3.2313,3.333,3.4346,3.5364,3.6445,3.6962,3.7042,3.7121,3.7198,3.7274,3.7349,3.7422,3.7493,3.7563,3.7631,3.7039,3.6431,3.5823,3.5214,3.4604,3.3993,3.3381,3.2769,3.2156,3.1339,3.0184,2.903,2.7876,2.6723,2.5571,2.4419,2.3267,2.2116,2.0965,2.0839,2.1008,2.1176,2.1342,2.1505,2.1667,2.1827,2.1984,2.2139,2.2216,2.1919,2.162,2.1319,2.1014,2.0707,2.0398,2.0085,1.977,1.9451,1.8978,1.8386,1.779,1.719,1.6587,1.5981,1.5371
10.6914,10.7497,10.8083,10.867,10.9259,10.9851,11.0444,11.1039,11.1561,11.1595,11.1633,11.1673,11.1717,11.1764,11.1813,11.1866,11.1921,11.1978,11.1939,11.1816,11.1697,11.1581,11.1468,11.1358,11.1251,11.1146,11.1045,11.0945,10.9444,10.7848,10.625,10.4652,10.3052,10.1452,9.9851,9.8249,9.6646,9.4995,9.325,9.1505,8.9759,8.8012,8.6264,8.4516,8.2767,8.1017,7.9267,7.7338,7.5346,7.3354,7.1361,6.9368,6.7374,6.538,6.3385,6.139,5.9287,5.655,5.3813,5.1076,4.8339,4.5603,4.2866,4.013,3.7395,3.466,3.2559,3.0981,2.9405,2.783,2.6257,2.4685,2.3116,2.1548,1.9983,1.842,1.7466,1.6547,1.5631,1.472,1.3812,1.2908,1.2008,1.1113,1.0223,1.0016,1.106,1.2107,1.3156,1.4209,1.5265,1.6324,1.7387,1.8453,1.9522,2.0621,2.1731,2.2842,2.3956,2.5072,2.6189,2.7309,2.8431,2.9555,3.0673,3.174,3.2807,3.3874,3.4942,3.6009,3.7077,3.8144,3.9212,4.0279,4.0765,4.0783,4.0799,4.0814,4.0827,4.0839,4.0849,4.0858,4.0865,4.087,4.0258,3.9614,3.897,3.8326,3.7681,3.7035,3.6388,3.574,3.5092,3.4263,3.31,3.1938,3.0776,2.9614,2.8453,2.7293,2.6133,2.4973,2.3814,2.3612,2.3735,2.3856,2.3975,2.4092,2.4206,2.4319,2.443,2.4538,2.4582,2.4235,2.3886,2.3534,2.318,2.2822,2.2462,2.21,2.1734,2.1365,2.0849,2.0202,1.9552,1.8898,1.8241,1.758,1.6916
10.801,10.8542,10.9075,10.9611,11.0149,11.0689,11.1231,11.1775,11.2229,11.2159,11.2093,11.203,11.1969,11.1912,11.1858,11.1806,11.1757,11.1711,11.1536,11.1256,11.0979,11.0705,11.0435,11.0167,10.9902,10.964,10.938,10.9123,10.762,10.6043,10.4466,10.2887,10.1308,9.9728,9.8147,9.6565,9.4982,9.3353,9.1636,8.9919,8.82,8.6481,8.4762,8.3041,8.132,7.9598,7.7875,7.5979,7.4023,7.2067,7.011,6.8152,6.6194,6.4236,6.2277,6.0318,5.8261,5.5625,5.2988,5.0352,4.7715,4.5079,4.2443,3.9808,3.7173,3.4539,3.2557,3.1124,2.9693,2.8263,2.6835,2.5408,2.3983,2.2561,2.1141,1.9723,1.8952,1.8224,1.75,1.6779,1.6063,1.535,1.4642,1.3938,1.3239,1.3166,1.4295,1.5426,1.656,1.7698,1.8838,1.9982,2.1129,2.2279,2.3433,2.4572,2.5705,2.6841,2.7979,2.9119,3.026,3.1404,3.255,3.3699,3.4833,3.5864,3.6895,3.7926,3.8958,3.9989,4.1021,4.2052,4.3083,4.4114,4.4571,4.4526,4.4479,4.4431,4.4382,4.4331,4.4279,4.4225,4.4169,4.4112,4.3478,4.2799,4.212,4.144,4.076,4.0078,3.9396,3.8714,3.803,3.7188,3.6017,3.4846,3.3676,3.2506,3.1337,3.0168,2.8999,2.7831,2.6664,2.6388,2.6464,2.6538,2.661,2.6681,2.6749,2.6815,2.6879,2.694,2.6952,2.6555,2.6155,2.5753,2.5348,2.4941,2.4531,2.4118,2.3702,2.3283,2.2725,2.2023,2.1318,2.061,1.9898,1.9183,1.8464
10.9104,10.9584,11.0066,11.0551,11.1037,11.1526,11.2016,11.2509,11.2893,11.272,11.255,11.2383,11.2219,11.2058,11.19,11.1744,11.1592,11.1441,11.113,11.0692,11.0257,10.9826,10.9398,10.8973,10.855,10.8131,10.7713,10.7299,10.5796,10.4239,10.2682,10.1123,9.9564,9.8004,9.6443,9.4881,9.3319,9.1712,9.0023,8.8333,8.6642,8.4951,8.3259,8.1566,7.9872,7.8178,7.6484,7.4621,7.2701,7.078,6.8859,6.6937,6.5015,6.3093,6.117,5.9246,5.7235,5.4699,5.2163,4.9627,4.7091,4.4555,4.202,3.9485,3.695,3.4417,3.2555,3.1267,2.998,2.8695,2.7411,2.6129,2.4849,2.3572,2.2296,2.1023,2.0436,1.9899,1.9365,1.8836,1.831,1.7789,1.7271,1.6759,1.6251,1.6315,1.7528,1.8744,1.9963,2.1184,2.2409,2.3638,2.4869,2.6104,2.7343,2.8522,2.968,3.0839,3.2001,3.3165,3.4331,3.5499,3.6669,3.7841,3.8994,3.9989,4.0984,4.1979,4.2975,4.397,4.4965,4.5961,4.6956,4.7951,4.8379,4.8272,4.8163,4.8052,4.794,4.7827,4.7712,4.7595,4.7477,4.7357,4.6699,4.5985,4.5271,4.4556,4.384,4.3124,4.2407,4.1689,4.097,4.0113,3.8934,3.7755,3.6576,3.5398,3.422,3.3043,3.1866,3.069,2.9514,2.9167,2.9196,2.9224,2.9249,2.9273,2.9294,2.9313,2.9331,2.9346,2.9325,2.8877,2.8428,2.7975,2.7521,2.7063,2.6603,2.6139,2.5673,2.5204,2.4604,2.3848,2.3089,2.2326,2.156,2.079,2.0017
11.0196,11.0625,11.1056,11.1489,11.1924,11.2361,11.28,11.3241,11.3555,11.3278,11.3004,11.2733,11.2465,11.2201,11.1939,11.168,11.1423,11.1169,11.072,11.0124,10.9532,10.8944,10.8358,10.7775,10.7196,10.6618,10.6044,10.5471,10.3972,10.2435,10.0898,9.9359,9.782,9.628,9.4739,9.3198,9.1655,9.007,8.8409,8.6747,8.5084,8.3421,8.1756,8.0091,7.8425,7.6759,7.5092,7.3263,7.1378,6.9494,6.7608,6.5722,6.3836,6.1949,6.0062,5.8174,5.6209,5.3773,5.1337,4.8902,4.6466,4.4031,4.1596,3.9161,3.6727,3.4294,3.2551,3.1407,3.0265,2.9125,2.7986,2.6849,2.5714,2.458,2.3449,2.2321,2.1916,2.157,2.1228,2.0889,2.0555,2.0224,1.9898,1.9576,1.9258,1.9462,2.0759,2.206,2.3363,2.4669,2.5979,2.7291,2.8607,2.9927,3.125,3.2471,3.3653,3.4837,3.6023,3.721,3.84,3.9592,4.0787,4.1983,4.3156,4.4115,4.5074,4.6034,4.6993,4.7952,4.8912,4.9871,5.083,5.1789,5.219,5.202,5.1848,5.1675,5.1501,5.1325,5.1147,5.0968,5.0787,5.0605,4.9922,4.9173,4.8424,4.7674,4.6923,4.6171,4.5419,4.4665,4.3911,4.3039,4.1851,4.0664,3.9477,3.829,3.7104,3.5919,3.4734,3.3549,3.2365,3.1948,3.1931,3.1912,3.1891,3.1867,3.1842,3.1815,3.1785,3.1754,3.1701,3.1203,3.0704,3.0201,2.9696,2.9188,2.8678,2.8164,2.7648,2.7129,2.6487,2.5676,2.4863,2.4046,2.3226,2.2402,2.1574
11.1286,11.1663,11.2043,11.2425,11.2809,11.3194,11.3582,11.3972,11.4213,11.3832,11.3455,11.308,11.2709,11.2341,11.1975,11.1613,11.1252,11.0895,11.0306,10.9553,10.8804,10.8058,10.7315,10.6575,10.5838,10.5103,10.4371,10.3641,10.2148,10.0632,9.9114,9.7596,9.6077,9.4557,9.3036,9.1515,8.9992,8.8429,8.6796,8.5162,8.3526,8.1891,8.0254,7.8617,7.6979,7.534,7.3701,7.1905,7.0056,6.8207,6.6357,6.4507,6.2657,6.0806,5.8954,5.7103,5.5182,5.2847,5.0511,4.8176,4.5841,4.3506,4.1171,3.8837,3.6503,3.417,3.2546,3.1547,3.0549,2.9554,2.8559,2.7567,2.6576,2.5587,2.4601,2.3617,2.3394,2.3239,2.3087,2.2939,2.2795,2.2656,2.252,2.2389,2.2263,2.2607,2.3989,2.5374,2.6761,2.8152,2.9546,3.0943,3.2343,3.3747,3.5154,3.642,3.7626,3.8834,4.0043,4.1255,4.2469,4.3685,4.4903,4.6124,4.732,4.8243,4.9166,5.0089,5.1013,5.1936,5.2859,5.3783,5.4706,5.5629,5.6004,5.5771,5.5537,5.5301,5.5064,5.4826,5.4586,5.4344,5.4101,5.3856,5.3147,5.2363,5.1578,5.0793,5.0007,4.922,4.8432,4.7644,4.6855,4.5965,4.4769,4.3573,4.2378,4.1183,3.9989,3.8795,3.7602,3.6409,3.5216,3.4733,3.4669,3.4603,3.4535,3.4465,3.4393,3.4319,3.4243,3.4165,3.408,3.3533,3.2983,3.243,3.1875,3.1317,3.0756,3.0193,2.9627,2.9058,2.8373,2.7509,2.6641,2.577,2.4895,2.4017,2.3136
11.2374,11.27,11.3029,11.3359,11.3692,11.4026,11.4363,11.4701,11.4868,11.4384,11.3903,11.3425,11.295,11.2478,11.2009,11.1543,11.1079,11.0618,10.9889,10.8979,10.8072,10.7169,10.6268,10.5371,10.4477,10.3585,10.2695,10.1808,10.0325,9.8828,9.7331,9.5833,9.4334,9.2834,9.1333,8.9832,8.8329,8.6789,8.5183,8.3576,8.1969,8.0361,7.8752,7.7142,7.5532,7.3921,7.2309,7.0547,6.8734,6.692,6.5107,6.3292,6.1478,5.9662,5.7847,5.6031,5.4155,5.192,4.9685,4.745,4.5215,4.298,4.0746,3.8512,3.6278,3.4045,3.254,3.1685,3.0832,2.9981,2.9131,2.8283,2.7436,2.6592,2.575,2.4911,2.4869,2.4904,2.4943,2.4986,2.5033,2.5084,2.5139,2.5198,2.5263,2.5751,2.7217,2.8686,3.0158,3.1633,3.3111,3.4592,3.6077,3.7565,3.9057,4.0368,4.1598,4.283,4.4064,4.5299,4.6537,4.7777,4.9019,5.0264,5.1485,5.2372,5.3259,5.4146,5.5033,5.5921,5.6808,5.7696,5.8583,5.947,5.982,5.9524,5.9228,5.893,5.863,5.8329,5.8027,5.7723,5.7417,5.7109,5.6374,5.5554,5.4734,5.3914,5.3093,5.2271,5.1448,5.0625,4.98,4.8892,4.7688,4.6483,4.528,4.4077,4.2874,4.1672,4.047,3.9269,3.8068,3.752,3.7409,3.7297,3.7182,3.7066,3.6947,3.6827,3.6704,3.6579,3.6452,3.5866,3.5265,3.4663,3.4057,3.3449,3.2839,3.2225,3.1609,3.099,3.0264,2.9346,2.8424,2.7498,2.6569,2.5637,2.4701
11.3461,11.3736,11.4013,11.4292,11.4573,11.4856,11.5141,11.5428,11.552,11.4932,11.4348,11.3766,11.3188,11.2613,11.204,11.147,11.0903,11.0338,10.9468,10.84,10.7337,10.6276,10.5219,10.4164,10.3112,10.2063,10.1017,9.9972,9.8502,9.7025,9.5548,9.407,9.2591,9.1111,8.9631,8.8149,8.6667,8.5149,8.357,8.1991,8.0412,7.8831,7.725,7.5668,7.4085,7.2502,7.0918,6.9189,6.7412,6.5634,6.3856,6.2077,6.0298,5.8519,5.6739,5.4959,5.3129,5.0994,4.8859,4.6724,4.4589,4.2454,4.032,3.8186,3.6053,3.392,3.2532,3.1822,3.1114,3.0406,2.9701,2.8997,2.8295,2.7596,2.6898,2.6203,2.6341,2.6567,2.6796,2.703,2.7267,2.7509,2.7754,2.8004,2.8259,2.8892,3.0443,3.1996,3.3552,3.5111,3.6674,3.824,3.9809,4.1381,4.2957,4.4316,4.5569,4.6825,4.8083,4.9343,5.0605,5.1869,5.3135,5.4403,5.5651,5.6502,5.7353,5.8204,5.9056,5.9907,6.0758,6.161,6.2461,6.3312,6.3638,6.328,6.2921,6.2561,6.2199,6.1836,6.1471,6.1104,6.0736,6.0366,5.9602,5.8747,5.7892,5.7037,5.618,5.5323,5.4465,5.3607,5.2747,5.1819,5.0606,4.9394,4.8182,4.697,4.5759,4.4549,4.3339,4.2129,4.092,4.031,4.0153,3.9993,3.9832,3.9669,3.9504,3.9337,3.9168,3.8996,3.8822,3.8201,3.7551,3.6899,3.6243,3.5585,3.4924,3.4261,3.3594,3.2925,3.2159,3.1186,3.021,2.923,2.8247,2.726,2.627
11.4545,11.4769,11.4995,11.5223,11.5453,11.5685,11.5919,11.6154,11.6169,11.5478,11.479,11.4105,11.3423,11.2744,11.2068,11.1395,11.0724,11.0056,10.9043,10.7819,10.6598,10.538,10.4166,10.2954,10.1745,10.0539,9.9335,9.8134,9.6679,9.5223,9.3766,9.2308,9.0849,8.9389,8.7928,8.6467,8.5004,8.3509,8.1958,8.0407,7.8855,7.7302,7.5748,7.4194,7.2639,7.1084,6.9527,6.7831,6.609,6.4348,6.2606,6.0863,5.9119,5.7375,5.5631,5.3887,5.2102,5.0067,4.8032,4.5997,4.3962,4.1928,3.9894,3.786,3.5827,3.3794,3.2523,3.1958,3.1394,3.0831,3.0269,2.971,2.9152,2.8597,2.8044,2.7493,2.781,2.8226,2.8646,2.907,2.9498,2.993,3.0366,3.0806,3.1252,3.2032,3.3667,3.5304,3.6945,3.8588,4.0235,4.1885,4.3538,4.5195,4.6855,4.8262,4.954,5.082,5.2102,5.3385,5.4671,5.5959,5.7249,5.8542,5.9818,6.0633,6.1448,6.2264,6.3079,6.3895,6.471,6.5526,6.6341,6.7156,6.7459,6.7039,6.6617,6.6195,6.577,6.5344,6.4917,6.4488,6.4058,6.3625,6.2831,6.1942,6.1052,6.0161,5.927,5.8377,5.7485,5.6591,5.5696,5.4747,5.3526,5.2305,5.1084,4.9865,4.8645,4.7426,4.6208,4.499,4.3773,4.3103,4.2899,4.2693,4.2485,4.2276,4.2064,4.185,4.1634,4.1416,4.1196,4.0541,3.9841,3.9138,3.8432,3.7724,3.7014,3.63,3.5583,3.4864,3.4058,3.303,3.2,3.0966,2.9929,2.8888,2.7844
11.5628,11.5801,11.5975,11.6152,11.6331,11.6512,11.6694,11.6879,11.6815,11.602,11.5229,11.4441,11.3655,11.2873,11.2094,11.1317,11.0543,10.9771,10.8614,10.7233,10.5855,10.4481,10.3109,10.1741,10.0375,9.9012,9.7651,9.6292,9.4857,9.3421,9.1983,9.0545,8.9106,8.7667,8.6226,8.4784,8.3342,8.1869,8.0346,7.8822,7.7298,7.5773,7.4247,7.272,7.1193,6.9665,6.8137,6.6474,6.4768,6.3062,6.1355,5.9648,5.794,5.6232,5.4524,5.2815,5.1074,4.914,4.7205,4.527,4.3335,4.1401,3.9467,3.7533,3.56,3.3667,3.2514,3.2092,3.1672,3.1253,3.0836,3.0421,3.0008,2.9596,2.9187,2.878,2.9276,2.9883,3.0493,3.1107,3.1725,3.2348,3.2974,3.3605,3.424,3.517,3.6889,3.8611,4.0335,4.2063,4.3794,4.5528,4.7265,4.9006,5.075,5.2209,5.351,5.4814,5.612,5.7427,5.8737,6.0049,6.1363,6.2679,6.3986,6.4766,6.5545,6.6324,6.7104,6.7883,6.8663,6.9443,7.0222,7.1002,7.1283,7.08,7.0316,6.9831,6.9344,6.8856,6.8366,6.7875,6.7382,6.6888,6.6063,6.5138,6.4213,6.3287,6.2361,6.1433,6.0505,5.9577,5.8647,5.7675,5.6445,5.5216,5.3988,5.2759,5.1532,5.0305,4.9078,4.7852,4.6626,4.5898,4.5648,4.5395,4.5141,4.4885,4.4627,4.4366,4.4104,4.3839,4.3573,4.2883,4.2133,4.138,4.0625,3.9867,3.9106,3.8343,3.7576,3.6807,3.596,3.4879,3.3794,3.2706,3.1615,3.052,2.9421
11.6709,11.6831,11.6954,11.708,11.7207,11.7337,11.7468,11.7602,11.7457,11.6559,11.5665,11.4773,11.3885,11.2999,11.2117,11.1237,11.0359,10.9484,10.8182,10.6644,10.5109,10.3578,10.205,10.0524,9.9002,9.7481,9.5964,9.445,9.3035,9.1619,9.0201,8.8783,8.7364,8.5945,8.4524,8.3103,8.168,8.0229,7.8734,7.7238,7.5742,7.4244,7.2746,7.1247,6.9747,6.8247,6.6746,6.5116,6.3446,6.1776,6.0105,5.8433,5.6761,5.5089,5.3416,5.1743,5.0047,4.8212,4.6377,4.4543,4.2708,4.0873,3.9039,3.7205,3.5372,3.354,3.2503,3.2225,3.1949,3.1675,3.1402,3.1131,3.0861,3.0594,3.0329,3.0066,3.0739,3.1537,3.2337,3.3141,3.395,3.4762,3.5578,3.6399,3.7225,3.8307,4.011,4.1915,4.3724,4.5536,4.7351,4.9169,5.099,5.2815,5.4644,5.6154,5.748,5.8807,6.0137,6.1469,6.2802,6.4138,6.5476,6.6816,6.8156,6.8899,6.9643,7.0386,7.113,7.1874,7.2617,7.3361,7.4105,7.4848,7.5109,7.4564,7.4018,7.347,7.2921,7.2371,7.1819,7.1265,7.071,7.0153,6.9296,6.8336,6.7376,6.6415,6.5453,6.4491,6.3528,6.2564,6.16,6.0603,5.9365,5.8128,5.6891,5.5655,5.4419,5.3183,5.1948,5.0714,4.948,4.8696,4.8399,4.8101,4.78,4.7497,4.7192,4.6886,4.6577,4.6266,4.5952,4.5229,4.4429,4.3626,4.2821,4.2013,4.1202,4.0389,3.9572,3.8753,3.7866,3.6731,3.5592,3.445,3.3305,3.2156,3.1003
11.7789,11.7859,11.7931,11.8006,11.8082,11.816,11.8241,11.8323,11.8097,11.7096,11.6098,11.5103,11.4111,11.3123,11.2137,11.1153,11.0173,10.9195,10.7746,10.6051,10.436,10.2672,10.0987,9.9304,9.7625,9.5948,9.4274,9.2609,9.1213,8.9817,8.842,8.7022,8.5623,8.4223,8.2822,8.1421,8.0019,7.859,7.7123,7.5654,7.4185,7.2715,7.1245,6.9773,6.8301,6.6829,6.5355,6.3759,6.2125,6.049,5.8854,5.7219,5.5582,5.3945,5.2308,5.0671,4.902,4.7285,4.555,4.3815,4.208,4.0345,3.8611,3.6877,3.5144,3.3411,3.2491,3.2357,3.2225,3.2094,3.1966,3.1838,3.1713,3.159,3.1469,3.135,3.22,3.3187,3.4178,3.5172,3.6171,3.7173,3.8179,3.919,4.0206,4.1441,4.3328,4.5218,4.7111,4.9007,5.0906,5.2808,5.4713,5.6622,5.8535,6.0099,6.1448,6.28,6.4153,6.5509,6.6867,6.8226,6.9588,7.0952,7.2319,7.3034,7.3742,7.445,7.5157,7.5865,7.6573,7.7281,7.7989,7.8696,7.8937,7.833,7.7721,7.7112,7.65,7.5888,7.5273,7.4658,7.404,7.3421,7.2531,7.1536,7.0541,6.9545,6.8548,6.7551,6.6553,6.5554,6.4554,6.3532,6.2286,6.104,5.9795,5.855,5.7306,5.6062,5.4819,5.3576,5.2334,5.1497,5.1154,5.0809,5.0461,5.0112,4.9761,4.9408,4.9052,4.8695,4.8335,4.7578,4.6728,4.5876,4.502,4.4162,4.3302,4.2438,4.1572,4.0703,3.9777,3.8587,3.7394,3.6198,3.4999,3.3796,3.2589
11.8866,11.8885,11.8906,11.893,11.8955,11.8982,11.9011,11.9042,11.8733,11.7629,11.6528,11.543,11.4335,11.3243,11.2154,11.1068,10.9984,10.8903,10.7307,10.5455,10.3607,10.1762,9.992,9.8082,9.6246,9.4412,9.2581,9.0767,8.9392,8.8016,8.6639,8.526,8.3881,8.2502,8.1121,7.9739,7.8357,7.6952,7.5512,7.4071,7.2629,7.1187,6.9744,6.83,6.6856,6.5411,6.3965,6.2402,6.0803,5.9204,5.7604,5.6004,5.4403,5.2802,5.12,4.9599,4.7992,4.6357,4.4722,4.3087,4.1452,3.9817,3.8183,3.6549,3.4915,3.3282,3.2477,3.2488,3.25,3.2513,3.2528,3.2544,3.2563,3.2584,3.2606,3.2631,3.3658,3.4835,3.6016,3.72,3.8388,3.958,4.0777,4.1978,4.3183,4.4574,4.6545,4.8519,5.0496,5.2476,5.4459,5.6445,5.8434,6.0427,6.2423,6.4043,6.5416,6.6792,6.8169,6.9549,7.093,7.2314,7.37,7.5088,7.6478,7.717,7.7842,7.8514,7.9186,7.9858,8.053,8.1202,8.1874,8.2546,8.2768,8.2099,8.1428,8.0756,8.0082,7.9407,7.8731,7.8053,7.7373,7.6692,7.5767,7.4737,7.3707,7.2676,7.1644,7.0612,6.9579,6.8545,6.751,6.6462,6.5207,6.3953,6.2699,6.1446,6.0194,5.8942,5.769,5.6439,5.5188,5.4301,5.3911,5.3519,5.3126,5.273,5.2332,5.1933,5.1531,5.1127,5.0721,4.9931,4.9031,4.8128,4.7223,4.6315,4.5405,4.4491,4.3575,4.2656,4.1691,4.0447,3.9201,3.795,3.6697,3.544,3.4179
11.9942,11.991,11.988,11.9852,11.9826,11.9802,11.9781,11.9761,11.9366,11.8159,11.6955,11.5754,11.4556,11.3361,11.2169,11.0979,10.9792,10.8608,10.6863,10.4855,10.2851,10.0849,9.8851,9.6856,9.4863,9.2873,9.0885,8.8927,8.7571,8.6215,8.4858,8.3499,8.214,8.078,7.942,7.8058,7.6696,7.5313,7.3901,7.2487,7.1073,6.9659,6.8243,6.6827,6.541,6.3993,6.2575,6.1045,5.9482,5.7918,5.6354,5.4789,5.3224,5.1659,5.0093,4.8526,4.6964,4.5429,4.3893,4.2358,4.0823,3.9288,3.7753,3.6219,3.4685,3.3152,3.2463,3.2617,3.2773,3.293,3.3088,3.3249,3.3411,3.3576,3.3742,3.3911,3.5113,3.648,3.785,3.9224,4.0602,4.1984,4.337,4.4761,4.6156,4.7705,4.976,5.1818,5.3879,5.5942,5.8009,6.008,6.2153,6.423,6.631,6.7986,6.9384,7.0783,7.2185,7.3588,7.4993,7.6401,7.7811,7.9222,8.0636,8.1308,8.1944,8.258,8.3216,8.3852,8.4488,8.5125,8.5761,8.6397,8.6601,8.587,8.5137,8.4403,8.3667,8.293,8.2191,8.1451,8.0709,7.9965,7.9005,7.794,7.6875,7.5809,7.4742,7.3675,7.2607,7.1538,7.0468,6.9391,6.8128,6.6866,6.5604,6.4343,6.3082,6.1822,6.0562,5.9302,5.8043,5.7107,5.6671,5.6233,5.5793,5.5351,5.4903,5.4442,5.3981,5.3521,5.306,5.2235,5.1288,5.0343,4.9399,4.8457,4.7516,4.6577,4.564,4.4704,4.374,4.2508,4.128,4.0058,3.884,3.7628,3.642
12.101,12.0932,12.0852,12.0773,12.0696,12.0621,12.0548,12.0477,11.9997,11.8686,11.7379,11.6075,11.4774,11.3476,11.2181,11.0888,10.9598,10.8311,10.6416,10.4252,10.2091,9.9933,9.7778,9.5626,9.3477,9.1331,8.9187,8.7086,8.5751,8.4414,8.3077,8.1739,8.04,7.906,7.7719,7.6377,7.5035,7.3675,7.229,7.0904,6.9518,6.8131,6.6743,6.5354,6.3965,6.2575,6.1184,5.9688,5.8161,5.6633,5.5104,5.3575,5.2045,5.0515,4.8985,4.7454,4.5936,4.4501,4.3065,4.1629,4.0194,3.8759,3.7324,3.5889,3.4455,3.3022,3.2447,3.2745,3.3044,3.3345,3.3647,3.3952,3.4258,3.4566,3.4876,3.5189,3.6565,3.8122,3.9682,4.1245,4.2813,4.4385,4.5961,4.7541,4.9126,5.0835,5.2973,5.5115,5.726,5.9407,6.1558,6.3712,6.587,6.803,7.0194,7.1929,7.3351,7.4774,7.6199,7.7626,7.9056,8.0487,8.192,8.3356,8.4794,8.5447,8.6047,8.6642,8.7223,8.7801,8.8379,8.8955,8.9529,9.0101,9.0263,8.9449,8.8636,8.7822,8.7007,8.6193,8.5378,8.4563,8.3748,8.2932,8.1924,8.0813,7.9703,7.8593,7.7484,7.6375,7.5267,7.4158,7.305,7.1941,7.0648,6.9354,6.806,6.6766,6.5472,6.4177,6.2882,6.1587,6.0292,5.9296,5.8827,5.8359,5.7891,5.7423,5.6956,5.6488,5.6022,5.5555,5.5089,5.4288,5.3354,5.2423,5.1493,5.0564,4.9637,4.8712,4.7788,4.6866,4.5929,4.4752,4.3579,4.2411,4.1248,4.0089,3.8936
12.1056,12.0858,12.0665,12.0476,12.0291,12.0111,11.9935,11.9762,11.9191,11.7857,11.6524,11.5192,11.3861,11.253,11.12,10.9871,10.8542,10.7214,10.5245,10.3004,10.0765,9.8526,9.6288,9.4051,9.1815,8.9579,8.7344,8.5162,8.3819,8.2475,8.1132,7.9788,7.8443,7.7099,7.5754,7.4408,7.3062,7.1703,7.0323,6.8944,6.7564,6.6183,6.4801,6.3419,6.2036,6.0653,5.9269,5.7772,5.6242,5.4712,5.318,5.1649,5.0116,4.8582,4.7048,4.5513,4.4005,4.2681,4.1356,4.0031,3.8705,3.738,3.6054,3.4728,3.3403,3.2077,3.1602,3.2006,3.2409,3.2813,3.3218,3.3623,3.4028,3.4435,3.4842,3.525,3.6834,3.863,4.043,4.2234,4.4044,4.586,4.768,4.9507,5.134,5.3259,5.5484,5.7712,5.9944,6.2178,6.4416,6.6656,6.8901,7.1149,7.34,7.5183,7.6602,7.8023,7.9444,8.0867,8.2292,8.3717,8.5144,8.6572,8.8001,8.8592,8.9109,8.9624,9.0138,9.0651,9.1162,9.1672,9.218,9.2687,9.2821,9.1983,9.1145,9.0307,8.9468,8.8629,8.779,8.6951,8.6111,8.5272,8.4256,8.3138,8.2021,8.0904,7.9787,7.8671,7.7555,7.6439,7.5324,7.4209,7.2902,7.1592,7.0281,6.8971,6.766,6.6348,6.5037,6.3725,6.2413,6.138,6.0905,6.043,5.9956,5.9482,5.9009,5.8536,5.8063,5.759,5.7117,5.6339,5.542,5.4502,5.3585,5.267,5.1757,5.0846,4.9936,4.9027,4.8115,4.6992,4.5873,4.476,4.3651,4.2547,4.1447
12.1098,12.0766,12.0438,12.0116,11.9797,11.9483,11.9173,11.8866,11.8177,11.6805,11.5434,11.4063,11.2694,11.1324,10.9956,10.8588,10.7221,10.5854,10.3819,10.1517,9.9216,9.6915,9.4616,9.2317,9.0019,8.7722,8.5425,8.3192,8.1824,8.0455,7.9086,7.7717,7.6348,7.4978,7.3608,7.2237,7.0866,6.9485,6.809,6.6694,6.5298,6.3901,6.2503,6.1105,5.9706,5.8307,5.6906,5.5376,5.3807,5.2238,5.0668,4.9097,4.7526,4.5954,4.438,4.2806,4.1282,4.0082,3.8882,3.7681,3.648,3.5279,3.4078,3.2877,3.1676,3.0475,3.0099,3.0589,3.1079,3.157,3.2061,3.2552,3.3044,3.3537,3.4031,3.4525,3.636,3.8447,4.054,4.2637,4.4739,4.6846,4.8959,5.1078,5.3204,5.5373,5.7701,6.0032,6.2365,6.4702,6.7042,6.9386,7.1733,7.4083,7.6437,7.8281,7.9707,8.1134,8.2563,8.3993,8.5424,8.6857,8.829,8.9725,9.1161,9.1708,9.2159,9.2608,9.3056,9.3503,9.3948,9.4392,9.4834,9.5274,9.5381,9.4518,9.3656,9.2793,9.193,9.1067,9.0204,8.934,8.8476,8.7612,8.6589,8.5464,8.4339,8.3214,8.209,8.0967,7.9843,7.872,7.7598,7.6476,7.5158,7.3831,7.2504,7.1176,6.9849,6.8521,6.7193,6.5864,6.4536,6.3464,6.2983,6.2502,6.2022,6.1542,6.1062,6.0583,6.0104,5.9625,5.9146,5.839,5.7484,5.658,5.5677,5.4776,5.3876,5.2978,5.2082,5.1188,5.0295,4.9228,4.8164,4.7104,4.605,4.5,4.3955
12.1135,12.0669,12.0208,11.9751,11.9299,11.8851,11.8406,11.7966,11.7163,11.5752,11.4343,11.2933,11.1525,11.0117,10.871,10.7304,10.5898,10.4493,10.2391,10.0027,9.7665,9.5303,9.2942,9.0582,8.8223,8.5864,8.3505,8.1222,7.9828,7.8435,7.7041,7.5646,7.4252,7.2857,7.1461,7.0066,6.8669,6.7267,6.5856,6.4444,6.3032,6.1619,6.0205,5.8791,5.7376,5.596,5.4544,5.2979,5.1372,4.9764,4.8155,4.6546,4.4936,4.3325,4.1713,4.01,3.8558,3.7483,3.6407,3.5331,3.4255,3.3178,3.2101,3.1025,2.9948,2.8872,2.8596,2.9172,2.9748,3.0325,3.0903,3.1481,3.2059,3.2639,3.3219,3.38,3.5881,3.8261,4.0645,4.3034,4.5428,4.7828,5.0233,5.2644,5.5061,5.7485,5.9915,6.2348,6.4785,6.7224,6.9667,7.2112,7.4562,7.7015,7.9471,8.1379,8.2812,8.4246,8.5682,8.7118,8.8556,8.9996,9.1436,9.2878,9.4321,9.4827,9.5211,9.5595,9.5977,9.6357,9.6737,9.7114,9.749,9.7865,9.7941,9.7054,9.6167,9.528,9.4393,9.3506,9.2618,9.173,9.0842,8.9953,8.8922,8.7789,8.6657,8.5525,8.4394,8.3263,8.2132,8.1002,7.9872,7.8743,7.7414,7.6071,7.4727,7.3383,7.2038,7.0694,6.9349,6.8004,6.6659,6.5549,6.5062,6.4575,6.4088,6.3602,6.3116,6.2631,6.2146,6.1661,6.1176,6.0439,5.9547,5.8657,5.7768,5.688,5.5995,5.511,5.4228,5.3347,5.2468,5.146,5.045,4.9445,4.8445,4.7449,4.6459
12.1167,12.0567,11.9972,11.9382,11.8796,11.8214,11.7636,11.7062,11.6148,11.4698,11.325,11.1802,11.0356,10.8909,10.7464,10.6019,10.4574,10.3131,10.0962,9.8537,9.6113,9.369,9.1267,8.8846,8.6425,8.4004,8.1585,7.9251,7.7833,7.6414,7.4994,7.3575,7.2155,7.0735,6.9315,6.7894,6.6473,6.5049,6.3622,6.2194,6.0765,5.9336,5.7907,5.6476,5.5046,5.3614,5.2182,5.0582,4.8936,4.729,4.5642,4.3994,4.2345,4.0696,3.9045,3.7394,3.5834,3.4883,3.3932,3.298,3.2028,3.1076,3.0124,2.9172,2.822,2.7268,2.7091,2.7754,2.8417,2.908,2.9744,3.0408,3.1073,3.1739,3.2406,3.3073,3.5398,3.807,4.0746,4.3427,4.6113,4.8804,5.1501,5.4204,5.6913,5.9595,6.2128,6.4663,6.7202,6.9743,7.2288,7.4837,7.7388,7.9944,8.2503,8.4476,8.5916,8.7357,8.88,9.0244,9.1688,9.3135,9.4582,9.6031,9.7481,9.7947,9.8266,9.8583,9.89,9.9214,9.9528,9.9839,10.0149,10.0458,10.0502,9.9591,9.868,9.7768,9.6857,9.5945,9.5033,9.4121,9.3209,9.2296,9.1255,9.0115,8.8976,8.7837,8.6698,8.556,8.4422,8.3284,8.2147,8.101,7.9672,7.8311,7.6951,7.559,7.4229,7.2868,7.1507,7.0145,6.8783,6.7634,6.714,6.6648,6.6155,6.5663,6.5171,6.4679,6.4188,6.3697,6.3206,6.2488,6.161,6.0733,5.9857,5.8984,5.8112,5.7241,5.6373,5.5506,5.464,5.3688,5.2732,5.1782,5.0836,4.9895,4.8958
12.1194,12.0461,11.9732,11.9008,11.8289,11.7573,11.6862,11.6154,11.5131,11.3643,11.2156,11.067,10.9185,10.77,10.6216,10.4733,10.325,10.1768,9.9531,9.7045,9.456,9.2075,8.9591,8.7108,8.4626,8.2144,7.9663,7.728,7.5836,7.4392,7.2948,7.1503,7.0059,6.8613,6.7168,6.5722,6.4275,6.283,6.1387,5.9943,5.8499,5.7054,5.5608,5.4162,5.2715,5.1268,4.9819,4.8186,4.6501,4.4816,4.313,4.1443,3.9755,3.8067,3.6378,3.4687,3.3109,3.2283,3.1456,3.0629,2.9801,2.8974,2.8146,2.7318,2.649,2.5663,2.5586,2.6335,2.7084,2.7834,2.8584,2.9335,3.0086,3.0838,3.1591,3.2345,3.4911,3.7874,4.0842,4.3814,4.6792,4.9775,5.2763,5.5758,5.8758,6.1703,6.4338,6.6975,6.9616,7.226,7.4908,7.7558,8.0212,8.287,8.5531,8.7573,8.902,9.0468,9.1918,9.3368,9.482,9.6273,9.7728,9.9183,10.064,10.107,10.1323,10.1575,10.1825,10.2074,10.2321,10.2567,10.2811,10.3053,10.3064,10.2129,10.1193,10.0258,9.9322,9.8386,9.745,9.6513,9.5576,9.4639,9.3589,9.2442,9.1295,9.0148,8.9002,8.7857,8.6711,8.5567,8.4422,8.3278,8.193,8.0553,7.9176,7.7798,7.6421,7.5043,7.3665,7.2287,7.0909,6.9719,6.922,6.8721,6.8222,6.7724,6.7226,6.6728,6.623,6.5733,6.5236,6.4536,6.3671,6.2808,6.1946,6.1086,6.0228,5.9371,5.8516,5.7663,5.6811,5.5912,5.5011,5.4114,5.3223,5.2336,5.1454
12.1217,12.035,11.9488,11.863,11.7777,11.6928,11.6083,11.5242,11.4113,11.2587,11.1062,10.9537,10.8013,10.649,10.4968,10.3446,10.1924,10.0404,9.8099,9.5552,9.3005,9.0459,8.7914,8.5369,8.2825,8.0282,7.774,7.5309,7.384,7.2371,7.0901,6.9431,6.7961,6.6491,6.5021,6.3549,6.2078,6.0612,5.9153,5.7693,5.6232,5.4771,5.331,5.1848,5.0385,4.8921,4.7457,4.5789,4.4065,4.2341,4.0617,3.8891,3.7165,3.5438,3.371,3.1981,3.0385,2.9683,2.898,2.8277,2.7574,2.6871,2.6167,2.5464,2.476,2.4057,2.408,2.4916,2.5751,2.6587,2.7424,2.8261,2.9098,2.9937,3.0776,3.1616,3.4419,3.7674,4.0933,4.4197,4.7466,5.074,5.402,5.7306,6.0598,6.3808,6.6546,6.9286,7.2029,7.4775,7.7524,8.0277,8.3034,8.5793,8.8557,9.0671,9.2124,9.3579,9.5036,9.6493,9.7952,9.9412,10.0873,10.2336,10.3799,10.4195,10.4382,10.4568,10.4752,10.4935,10.5117,10.5297,10.5475,10.5652,10.5627,10.4667,10.3708,10.2748,10.1788,10.0828,9.9867,9.8906,9.7945,9.6984,9.5923,9.4768,9.3614,9.246,9.1307,9.0154,8.9002,8.7849,8.6697,8.5546,8.4189,8.2795,8.1402,8.0008,7.8614,7.7219,7.5825,7.443,7.3035,7.1805,7.1299,7.0794,7.0289,6.9785,6.9281,6.8777,6.8273,6.777,6.7267,6.6583,6.5732,6.4882,6.4034,6.3188,6.2343,6.15,6.0659,5.9819,5.8981,5.8132,5.7285,5.6443,5.5605,5.4773,5.3945
12.1235,12.0235,11.9239,11.8248,11.7261,11.6278,11.53,11.4325,11.3094,11.153,10.9966,10.8403,10.6841,10.5279,10.3718,10.2158,10.0598,9.9039,9.6666,9.4057,9.1449,8.8841,8.6235,8.3629,8.1024,7.8419,7.5815,7.3337,7.1843,7.0348,6.8854,6.7359,6.5864,6.4369,6.2873,6.1377,5.988,5.8393,5.6918,5.5442,5.3966,5.2489,5.1011,4.9533,4.8054,4.6574,4.5094,4.3392,4.163,3.9867,3.8104,3.6339,3.4575,3.2809,3.1042,2.9275,2.766,2.7083,2.6504,2.5925,2.5346,2.4767,2.4188,2.3608,2.3029,2.245,2.2574,2.3495,2.4417,2.5339,2.6262,2.7185,2.8109,2.9034,2.9959,3.0885,3.3923,3.7469,4.1019,4.4575,4.8135,5.17,5.5272,5.8849,6.2432,6.5912,6.8751,7.1593,7.4439,7.7287,8.0139,8.2994,8.5852,8.8714,9.158,9.3768,9.5228,9.669,9.8153,9.9618,10.1083,10.255,10.4018,10.5488,10.6958,10.7323,10.7444,10.7564,10.7682,10.7799,10.7915,10.8029,10.8142,10.8252,10.8191,10.7207,10.6223,10.5239,10.4255,10.3271,10.2286,10.1301,10.0315,9.933,9.8257,9.7095,9.5934,9.4773,9.3612,9.2452,9.1292,9.0132,8.8973,8.7814,8.6449,8.5039,8.3628,8.2218,8.0807,7.9396,7.7985,7.6574,7.5162,7.3891,7.3379,7.2868,7.2357,7.1846,7.1336,7.0826,7.0316,6.9807,6.9298,6.8629,6.7791,6.6956,6.6121,6.5289,6.4458,6.3629,6.2801,6.1975,6.1151,6.0349,5.9556,5.8768,5.7984,5.7206,5.6432
12.1248,12.0115,11.8986,11.7861,11.6741,11.5625,11.4513,11.3405,11.2074,11.0471,10.8869,10.7268,10.5667,10.4067,10.2468,10.0869,9.9271,9.7673,9.5231,9.2561,8.9891,8.7223,8.4555,8.1888,7.9221,7.6555,7.389,7.1364,6.9845,6.8326,6.6806,6.5286,6.3766,6.2246,6.0725,5.9204,5.7682,5.6175,5.4683,5.3191,5.1699,5.0206,4.8712,4.7218,4.5723,4.4228,4.2731,4.0994,3.9194,3.7392,3.559,3.3788,3.1984,3.018,2.8375,2.6569,2.4935,2.4482,2.4028,2.3573,2.3118,2.2663,2.2207,2.1752,2.1297,2.0842,2.1067,2.2074,2.3082,2.4091,2.5099,2.6109,2.7119,2.813,2.9141,3.0154,3.3423,3.726,4.1101,4.4948,4.8799,5.2655,5.6518,6.0386,6.426,6.8013,7.0955,7.3899,7.6846,7.9797,8.2751,8.5708,8.8668,9.1633,9.46,9.6864,9.8332,9.9801,10.1271,10.2742,10.4214,10.5688,10.7163,10.8639,11.0117,11.0453,11.0508,11.0562,11.0615,11.0666,11.0716,11.0764,11.0811,11.0856,11.0756,10.9748,10.874,10.7732,10.6723,10.5714,10.4705,10.3696,10.2687,10.1677,10.0592,9.9423,9.8254,9.7086,9.5918,9.475,9.3583,9.2416,9.1249,9.0083,8.8709,8.7283,8.5856,8.4429,8.3002,8.1574,8.0147,7.8719,7.7291,7.5977,7.546,7.4942,7.4425,7.3908,7.3392,7.2876,7.236,7.1844,7.1329,7.0674,6.985,6.9028,6.8208,6.7389,6.6571,6.5756,6.4942,6.4129,6.3319,6.2561,6.1822,6.1088,6.0359,5.9635,5.8915
12.1257,11.999,11.8727,11.747,11.6216,11.4967,11.3721,11.248,11.1053,10.9412,10.7771,10.6131,10.4492,10.2854,10.1216,9.9579,9.7942,9.6306,9.3795,9.1063,8.8332,8.5603,8.2873,8.0145,7.7417,7.469,7.1964,6.9391,6.7847,6.6303,6.4758,6.3213,6.1668,6.0123,5.8577,5.7031,5.5484,5.3956,5.2448,5.0941,4.9432,4.7923,4.6414,4.4903,4.3392,4.1881,4.0369,3.8597,3.6758,3.4918,3.3077,3.1236,2.9394,2.7551,2.5707,2.3863,2.221,2.1881,2.1551,2.122,2.0889,2.0558,2.0227,1.9895,1.9564,1.9234,1.9559,2.0652,2.1747,2.2841,2.3936,2.5032,2.6128,2.7225,2.8322,2.9421,3.2918,3.7046,4.1178,4.5316,4.9458,5.3605,5.7758,6.1917,6.6082,7.0112,7.3156,7.6202,7.9252,8.2304,8.536,8.8419,9.1482,9.4548,9.7618,9.9961,10.1435,10.2911,10.4388,10.5866,10.7345,10.8826,11.0308,11.1791,11.3275,11.3585,11.3574,11.3562,11.3549,11.3535,11.3519,11.3501,11.3482,11.3462,11.3322,11.229,11.1257,11.0225,10.9192,10.8159,10.7126,10.6093,10.5059,10.4025,10.2927,10.1751,10.0574,9.9399,9.8223,9.7049,9.5874,9.47,9.3526,9.2353,9.0971,8.9528,8.8084,8.6641,8.5197,8.3753,8.2309,8.0864,7.942,7.8064,7.754,7.7017,7.6494,7.5971,7.5448,7.4926,7.4404,7.3882,7.3361,7.2718,7.1908,7.11,7.0293,6.9488,6.8684,6.7882,6.7082,6.6283,6.5486,6.477,6.4085,6.3405,6.273,6.206,6.1394
12.1261,11.986,11.8465,11.7074,11.5687,11.4304,11.2926,11.1551,11.0031,10.8351,10.6672,10.4994,10.3316,10.164,9.9963,9.8288,9.6613,9.4938,9.2357,8.9564,8.6772,8.3981,8.1191,7.8401,7.5612,7.2824,7.0036,6.7418,6.5849,6.4279,6.271,6.114,5.957,5.7999,5.6428,5.4857,5.3285,5.1736,5.0213,4.8689,4.7165,4.564,4.4115,4.2588,4.1062,3.9534,3.8006,3.6199,3.4321,3.2443,3.0564,2.8684,2.6803,2.4922,2.304,2.1156,1.9485,1.928,1.9073,1.8867,1.866,1.8452,1.8245,1.8038,1.7831,1.7624,1.805,1.923,2.041,2.1591,2.2772,2.3953,2.5135,2.6318,2.7502,2.8687,3.2409,3.6828,4.1251,4.5679,5.0111,5.455,5.8993,6.3443,6.7899,7.221,7.5355,7.8503,8.1655,8.4809,8.7967,9.1128,9.4293,9.7461,10.0633,10.3057,10.4539,10.6021,10.7505,10.899,11.0476,11.1964,11.3452,11.4942,11.6433,11.6719,11.6642,11.6565,11.6486,11.6406,11.6324,11.6241,11.6157,11.607,11.5889,11.4832,11.3776,11.2719,11.1662,11.0605,10.9548,10.849,10.7432,10.6374,10.5262,10.4079,10.2895,10.1712,10.053,9.9347,9.8166,9.6984,9.5803,9.4622,9.3234,9.1774,9.0314,8.8854,8.7393,8.5933,8.4472,8.3011,8.155,8.0151,7.9621,7.9092,7.8563,7.8034,7.7505,7.6977,7.6449,7.5921,7.5393,7.4761,7.3965,7.317,7.2377,7.1585,7.0795,7.0007,6.9221,6.8435,6.7652,6.6974,6.6344,6.5718,6.5097,6.448,6.3869
12.126,11.9726,11.8198,11.6674,11.5154,11.3638,11.2126,11.0618,10.9007,10.7289,10.5572,10.3855,10.2139,10.0424,9.871,9.6996,9.5283,9.357,9.0918,8.8064,8.5211,8.2359,7.9507,7.6656,7.3806,7.0957,6.8108,6.5444,6.385,6.2256,6.0661,5.9066,5.7471,5.5875,5.4279,5.2683,5.1087,4.9517,4.7978,4.6438,4.4898,4.3357,4.1815,4.0273,3.8731,3.7187,3.5643,3.3801,3.1885,2.9968,2.8051,2.6132,2.4213,2.2293,2.0372,1.845,1.676,1.6678,1.6596,1.6513,1.643,1.6346,1.6263,1.6179,1.6096,1.6013,1.6541,1.7806,1.9073,2.0339,2.1606,2.2874,2.4142,2.5411,2.6681,2.7951,3.1896,3.6605,4.1319,4.6037,5.076,5.5489,6.0223,6.4963,6.9709,7.4305,7.7552,8.0802,8.4056,8.7312,9.0572,9.3835,9.7101,10.0371,10.3645,10.6154,10.7642,10.9131,11.0622,11.2113,11.3607,11.5101,11.6596,11.8093,11.9591,11.9855,11.9713,11.957,11.9426,11.928,11.9133,11.8984,11.8833,11.8681,11.8457,11.7376,11.6295,11.5215,11.4133,11.3052,11.1971,11.0889,10.9807,10.8724,10.7598,10.6407,10.5216,10.4026,10.2836,10.1647,10.0457,9.9269,9.808,9.6892,9.5497,9.4021,9.2544,9.1068,8.9591,8.8114,8.6636,8.5159,8.3681,8.2239,8.1703,8.1167,8.0632,8.0097,7.9562,7.9028,7.8493,7.7959,7.7426,7.6804,7.6021,7.524,7.446,7.3682,7.2906,7.2131,7.1358,7.0587,6.9817,6.9175,6.8598,6.8027,6.7459,6.6897,6.634
12.1254,11.9588,11.7926,11.6269,11.4616,11.2967,11.1322,10.9681,10.7982,10.6226,10.447,10.2716,10.0962,9.9208,9.7455,9.5703,9.3951,9.22,8.9477,8.6562,8.3648,8.0735,7.7822,7.491,7.1999,6.9088,6.6178,6.347,6.1851,6.0231,5.8612,5.6992,5.5372,5.3751,5.213,5.0509,4.8887,4.7298,4.5743,4.4187,4.2631,4.1074,3.9516,3.7958,3.6399,3.484,3.328,3.1404,2.9449,2.7493,2.5537,2.358,2.1622,1.9664,1.7705,1.5744,1.4034,1.4076,1.4118,1.4159,1.4199,1.424,1.428,1.432,1.4361,1.4402,1.5031,1.6382,1.7734,1.9087,2.044,2.1793,2.3148,2.4503,2.5858,2.7215,3.1378,3.6378,4.1382,4.639,5.1404,5.6423,6.1447,6.6477,7.1514,7.6397,7.9747,8.3099,8.6454,8.9812,9.3174,9.6539,9.9907,10.3279,10.6654,10.925,11.0745,11.2241,11.3738,11.5237,11.6737,11.8238,11.974,12.1244,12.2749,12.2994,12.2786,12.2577,12.2367,12.2156,12.1943,12.1729,12.1513,12.1295,12.1026,11.9921,11.8816,11.7711,11.6606,11.55,11.4394,11.3288,11.2182,11.1076,10.9934,10.8736,10.7538,10.634,10.5143,10.3946,10.275,10.1554,10.0358,9.9163,9.7761,9.6269,9.4775,9.3282,9.1789,9.0295,8.8801,8.7307,8.5813,8.4327,8.3784,8.3243,8.2701,8.216,8.1619,8.1079,8.0539,7.9999,7.9459,7.8845,7.8076,7.7309,7.6543,7.5778,7.5016,7.4255,7.3495,7.2738,7.1982,7.1372,7.0849,7.0331,6.9818,6.931,6.8806
