12.3346,12.2855,12.2364,12.1872,12.1381,12.089,12.0399,11.9908,11.9417,11.8933,11.8556,11.8179,11.7801,11.7424,11.7047,11.667,11.6293,11.5916,11.554,11.4727,11.3723,11.2718,11.1714,11.071,10.9705,10.87,10.7695,10.669,10.6187,10.6747,10.7308,10.787,10.8433,10.8997,10.956,11.0123,11.0686,11.125,11.1654,11.2049,11.2445,11.284,11.3235,11.3631,11.4026,11.4422,11.4817,11.515,11.5438,11.5725,11.6013,11.63,11.6588,11.6875,11.7163,11.745,11.7504,11.6617,11.573,11.4843,11.3955,11.3068,11.2181,11.1293,11.0406,10.9519,10.8335,10.7088,10.5841,10.4593,10.3346,10.2099,10.0852,9.9605,9.8358,9.7854,9.8257,9.8663,9.9069,9.9476,9.9883,10.0291,10.0699,10.1107,10.1499,10.1692,10.1884,10.2078,10.2271,10.2465,10.2658,10.2853,10.3047,10.3242,10.3575,10.3967,10.4358,10.4748,10.5136,10.5524,10.591,10.6295,10.6678,10.6789,10.6335,10.5881,10.5426,10.4972,10.4518,10.4064,10.361,10.3156,10.2702,10.2521,10.2354,10.2186,10.2015,10.1843,10.1669,10.1493,10.1315,10.1135,10.1109,10.1201,10.1293,10.1385,10.1477,10.157,10.1662,10.1755,10.1848,10.1845,10.1432,10.1018,10.0604,10.019,9.9776,9.9362,9.8947,9.8533,9.8119,9.7669,9.7206,9.6736,9.626,9.5777,9.5288,9.4792,9.4289,9.378,9.3277,9.2788,9.2295,9.18,9.1301,9.0799,9.0294,8.9785,8.9272,8.8757,8.8253,8.7748,8.7242,8.6736,8.623,8.5723,8.5215,8.4707,8.4199
12.3532,12.3044,12.2556,12.2068,12.158,12.1092,12.0603,12.0115,11.9627,11.9148,11.8771,11.8394,11.8016,11.7639,11.7262,11.6885,11.6508,11.6131,11.5754,11.4942,11.3948,11.2955,11.1961,11.0968,10.9974,10.898,10.7986,10.6991,10.6486,10.6977,10.7469,10.7963,10.8457,10.8953,10.9449,10.9946,11.0444,11.0943,11.1345,11.1742,11.2139,11.2536,11.2933,11.3329,11.3726,11.4122,11.4519,11.4843,11.5114,11.5384,11.5655,11.5925,11.6196,11.6466,11.6736,11.7006,11.7061,11.624,11.5419,11.4598,11.3777,11.2957,11.2137,11.1317,11.0498,10.9679,10.8526,10.73,10.6074,10.4849,10.3624,10.2399,10.1174,9.995,9.8726,9.823,9.8646,9.9062,9.9478,9.9895,10.0312,10.073,10.1148,10.1566,10.197,10.2167,10.2363,10.256,10.2757,10.2955,10.3153,10.3351,10.3549,10.3747,10.405,10.44,10.4748,10.5095,10.5441,10.5786,10.613,10.6473,10.6814,10.6909,10.6455,10.6001,10.5546,10.5092,10.4638,10.4184,10.373,10.3276,10.2822,10.2597,10.2389,10.2179,10.1967,10.1753,10.1538,10.1321,10.1102,10.0881,10.0833,10.0931,10.1029,10.1127,10.1225,10.1323,10.1422,10.1521,10.162,10.1635,10.1221,10.0807,10.0393,9.9979,9.9565,9.9151,9.8737,9.8322,9.7908,9.738,9.6814,9.6243,9.5664,9.5079,9.4488,9.389,9.3285,9.2673,9.209,9.1559,9.1025,9.0487,8.9946,8.9402,8.8854,8.8303,8.7749,8.7191,8.6687,8.6182,8.5676,8.517,8.4664,8.4157,8.3649,8.3141,8.2633
12.3719,12.3234,12.2749,12.2263,12.1778,12.1293,12.0808,12.0323,11.9837,11.9363,11.8986,11.8608,11.8231,11.7854,11.7477,11.71,11.6723,11.6346,11.5969,11.5157,11.4174,11.3192,11.2209,11.1226,11.0243,10.9259,10.8276,10.7293,10.6784,10.7206,10.763,10.8054,10.848,10.8907,10.9334,10.9763,11.0192,11.0622,11.1021,11.1418,11.1815,11.2212,11.2609,11.3006,11.3402,11.3799,11.4195,11.4508,11.476,11.5012,11.5263,11.5515,11.5767,11.6018,11.6269,11.652,11.6575,11.5827,11.5079,11.4331,11.3583,11.2836,11.2089,11.1342,11.0596,10.985,10.873,10.7525,10.632,10.5116,10.3912,10.2709,10.1506,10.0303,9.91,9.8608,9.9034,9.9461,9.9887,10.0314,10.0741,10.1169,10.1597,10.2025,10.2441,10.2641,10.2842,10.3043,10.3244,10.3445,10.3647,10.3848,10.4051,10.4253,10.4526,10.4833,10.5139,10.5444,10.5748,10.6051,10.6352,10.6652,10.6951,10.7029,10.6575,10.6121,10.5666,10.5212,10.4758,10.4304,10.3849,10.3395,10.2941,10.2674,10.2425,10.2174,10.1921,10.1666,10.141,10.1151,10.0891,10.0629,10.0557,10.0661,10.0764,10.0868,10.0972,10.1076,10.1181,10.1286,10.139,10.1424,10.1011,10.0597,10.0183,9.9769,9.9355,9.894,9.8526,9.8112,9.7697,9.7097,9.6429,9.5755,9.5075,9.4388,9.3694,9.2994,9.2287,9.1573,9.0907,9.0334,8.9757,8.9177,8.8594,8.8008,8.7418,8.6825,8.6228,8.5628,8.5121,8.4616,8.411,8.3605,8.3098,8.2591,8.2084,8.1576,8.1067
12.3905,12.3423,12.2941,12.2459,12.1977,12.1495,12.1012,12.053,12.0048,11.9578,11.92,11.8823,11.8446,11.8069,11.7692,11.7315,11.6938,11.6561,11.6184,11.5372,11.4401,11.3429,11.2456,11.1484,11.0512,10.9539,10.8567,10.7594,10.7081,10.7435,10.7789,10.8145,10.8502,10.886,10.9219,10.9579,10.9939,11.0301,11.0697,11.1094,11.1491,11.1888,11.2285,11.2682,11.3079,11.3475,11.3872,11.4173,11.4406,11.4639,11.4872,11.5105,11.5337,11.557,11.5802,11.6034,11.6088,11.5413,11.4738,11.4064,11.3389,11.2714,11.204,11.1367,11.0693,11.0021,10.8933,10.7749,10.6566,10.5383,10.4201,10.3018,10.1837,10.0655,9.9474,9.8987,9.9423,9.9859,10.0296,10.0733,10.117,10.1608,10.2046,10.2484,10.2912,10.3116,10.332,10.3525,10.373,10.3935,10.4141,10.4346,10.4552,10.4758,10.5004,10.5268,10.5532,10.5794,10.6056,10.6316,10.6575,10.6833,10.7089,10.715,10.6695,10.6241,10.5786,10.5332,10.4878,10.4423,10.3969,10.3515,10.3061,10.2753,10.2462,10.217,10.1876,10.158,10.1283,10.0983,10.0682,10.0379,10.0281,10.039,10.05,10.0609,10.0719,10.0829,10.094,10.105,10.1161,10.1214,10.08,10.0386,9.9972,9.9558,9.9144,9.873,9.8316,9.7901,9.7487,9.682,9.605,9.5274,9.4492,9.3703,9.2907,9.2105,9.1296,9.048,8.9726,8.9111,8.8492,8.787,8.7245,8.6617,8.5985,8.5349,8.4711,8.4068,8.3555,8.305,8.2544,8.2039,8.1532,8.1025,8.0518,8.001,7.9501
12.4092,12.3613,12.3134,12.2655,12.2176,12.1696,12.1217,12.0738,12.0258,11.9793,11.9415,11.9038,11.8661,11.8284,11.7907,11.753,11.7153,11.6776,11.6399,11.5588,11.4627,11.3666,11.2704,11.1743,11.0781,10.9819,10.8857,10.7895,10.7377,10.7662,10.7948,10.8235,10.8523,10.8813,10.9103,10.9394,10.9686,10.9979,11.0373,11.077,11.1167,11.1564,11.1961,11.2358,11.2755,11.3152,11.3548,11.3839,11.4053,11.4267,11.448,11.4694,11.4908,11.5122,11.5335,11.5548,11.5602,11.5,11.4398,11.3796,11.3194,11.2593,11.1991,11.1391,11.079,11.019,10.9136,10.7974,10.6812,10.565,10.4489,10.3328,10.2167,10.1007,9.9847,9.9365,9.9811,10.0258,10.0704,10.1151,10.1598,10.2046,10.2494,10.2942,10.3383,10.3591,10.3799,10.4007,10.4216,10.4425,10.4634,10.4844,10.5054,10.5264,10.5482,10.5704,10.5926,10.6146,10.6365,10.6583,10.6799,10.7015,10.7229,10.727,10.6815,10.6361,10.5906,10.5452,10.4997,10.4543,10.4089,10.3634,10.318,10.2834,10.2502,10.2168,10.1833,10.1496,10.1158,10.0817,10.0475,10.013,10.0004,10.0119,10.0235,10.035,10.0466,10.0582,10.0698,10.0815,10.0931,10.1003,10.059,10.0176,9.9762,9.9348,9.8934,9.8519,9.8105,9.7691,9.7276,9.6549,9.5678,9.4799,9.3915,9.3024,9.2126,9.1222,9.0311,8.9393,8.8549,8.7891,8.723,8.6566,8.5899,8.5228,8.4554,8.3877,8.3196,8.2512,8.1989,8.1484,8.0978,8.0473,7.9966,7.9459,7.8952,7.8444,7.7935
12.4279,12.3803,12.3327,12.2851,12.2374,12.1898,12.1422,12.0945,12.0469,12.0007,11.963,11.9253,11.8876,11.8498,11.8121,11.7744,11.7368,11.6991,11.6614,11.5804,11.4854,11.3903,11.2952,11.2002,11.1051,11.01,10.9148,10.8197,10.7671,10.7887,10.8105,10.8323,10.8543,10.8764,10.8986,10.9208,10.9431,10.9655,11.0049,11.0446,11.0843,11.1241,11.1638,11.2035,11.2431,11.2828,11.3225,11.3504,11.3699,11.3894,11.4089,11.4284,11.4479,11.4673,11.4868,11.5062,11.5116,11.4586,11.4057,11.3528,11.2999,11.247,11.1942,11.1414,11.0887,11.036,10.9339,10.8198,10.7057,10.5917,10.4777,10.3637,10.2498,10.1359,10.022,9.9743,10.0199,10.0656,10.1112,10.1569,10.2027,10.2484,10.2942,10.3401,10.3854,10.4065,10.4277,10.449,10.4702,10.4915,10.5128,10.5341,10.5555,10.5769,10.5962,10.6142,10.6321,10.6499,10.6675,10.6851,10.7025,10.7198,10.737,10.739,10.6935,10.6481,10.6026,10.5572,10.5117,10.4663,10.4208,10.3754,10.33,10.2916,10.2543,10.2168,10.1792,10.1414,10.1034,10.0653,10.0269,9.9884,9.9727,9.9848,9.997,10.0091,10.0213,10.0335,10.0457,10.0579,10.0701,10.0793,10.0379,9.9965,9.9551,9.9137,9.8723,9.8309,9.7894,9.748,9.7066,9.6285,9.5311,9.4331,9.3344,9.2352,9.1352,9.0346,8.9333,8.8313,8.7373,8.6674,8.5971,8.5265,8.4556,8.3843,8.3127,8.2407,8.1684,8.0958,8.0422,7.9918,7.9412,7.8907,7.84,7.7893,7.7386,7.6878,7.637
12.4466,12.3993,12.352,12.3047,12.2573,12.21,12.1627,12.1153,12.068,12.0222,11.9845,11.9468,11.909,11.8713,11.8336,11.7959,11.7583,11.7206,11.6829,11.602,11.5081,11.4141,11.3201,11.2261,11.132,11.038,10.944,10.8499,10.7964,10.8112,10.8261,10.8411,10.8562,10.8714,10.8867,10.9021,10.9176,10.9332,10.9724,11.0122,11.0519,11.0917,11.1314,11.1711,11.2108,11.2505,11.2901,11.3169,11.3345,11.3521,11.3697,11.3873,11.4049,11.4225,11.4401,11.4576,11.4629,11.4173,11.3716,11.326,11.2804,11.2348,11.1892,11.1437,11.0982,11.0528,10.9541,10.8422,10.7302,10.6183,10.5065,10.3946,10.2828,10.171,10.0593,10.0121,10.0587,10.1054,10.1521,10.1988,10.2455,10.2923,10.3391,10.3859,10.4324,10.454,10.4756,10.4972,10.5188,10.5405,10.5622,10.5839,10.6056,10.6274,10.6443,10.658,10.6717,10.6853,10.6987,10.712,10.7252,10.7383,10.7512,10.751,10.7055,10.6601,10.6146,10.5692,10.5237,10.4783,10.4328,10.3874,10.3419,10.3,10.2586,10.217,10.1753,10.1334,10.0913,10.049,10.0065,9.9639,9.945,9.9577,9.9704,9.9831,9.9959,10.0087,10.0215,10.0343,10.0471,10.0582,10.0169,9.9755,9.9341,9.8927,9.8512,9.8098,9.7684,9.7269,9.6855,9.6026,9.495,9.3868,9.278,9.1685,9.0584,8.9476,8.8361,8.724,8.6201,8.5459,8.4715,8.3966,8.3215,8.246,8.1702,8.0941,8.0176,7.9407,7.8856,7.8352,7.7846,7.7341,7.6834,7.6328,7.582,7.5312,7.4804
12.4653,12.4183,12.3713,12.3243,12.2772,12.2302,12.1832,12.1361,12.0891,12.0437,12.006,11.9682,11.9305,11.8928,11.8551,11.8174,11.7797,11.7421,11.7044,11.6237,11.5308,11.4379,11.3449,11.252,11.159,11.0661,10.9731,10.8801,10.8256,10.8336,10.8416,10.8498,10.858,10.8664,10.8748,10.8834,10.892,10.9007,10.94,10.9798,11.0195,11.0593,11.099,11.1387,11.1784,11.2181,11.2578,11.2834,11.2991,11.3148,11.3306,11.3463,11.362,11.3777,11.3934,11.409,11.4142,11.3759,11.3375,11.2991,11.2608,11.2225,11.1842,11.146,11.1078,11.0696,10.9744,10.8645,10.7547,10.6449,10.5352,10.4255,10.3158,10.2062,10.0966,10.0499,10.0975,10.1452,10.1929,10.2406,10.2883,10.3361,10.3839,10.4317,10.4795,10.5014,10.5234,10.5454,10.5674,10.5895,10.6115,10.6336,10.6558,10.6779,10.6925,10.702,10.7115,10.7208,10.73,10.7391,10.7481,10.7569,10.7656,10.763,10.7175,10.6721,10.6266,10.5811,10.5357,10.4902,10.4448,10.3993,10.3539,10.3085,10.263,10.2174,10.1715,10.1255,10.0793,10.0329,9.9864,9.9396,9.9172,9.9305,9.9438,9.9571,9.9705,9.9838,9.9972,10.0106,10.0241,10.0372,9.9958,9.9544,9.913,9.8716,9.8302,9.7888,9.7473,9.7059,9.6644,9.5773,9.4596,9.3412,9.2222,9.1026,8.9822,8.8613,8.7396,8.6173,8.5031,8.4248,8.3461,8.2671,8.1877,8.1081,8.028,7.9477,7.867,7.7859,7.729,7.6786,7.628,7.5775,7.5268,7.4762,7.4254,7.3746,7.3238
12.4841,12.4373,12.3906,12.3439,12.2971,12.2504,12.2037,12.1569,12.1102,12.0652,12.0274,11.9897,11.952,11.9143,11.8766,11.8389,11.8012,11.7636,11.7259,11.6454,11.5535,11.4617,11.3698,11.2779,11.1861,11.0942,11.0022,10.9103,10.8547,10.8558,10.857,10.8583,10.8597,10.8612,10.8629,10.8645,10.8663,10.8682,10.9076,10.9474,10.9871,11.0269,11.0666,11.1063,11.1461,11.1858,11.2254,11.2498,11.2637,11.2775,11.2914,11.3052,11.319,11.3329,11.3466,11.3604,11.3656,11.3345,11.3034,11.2723,11.2412,11.2102,11.1792,11.1482,11.1173,11.0864,10.9946,10.8869,10.7792,10.6715,10.5639,10.4563,10.3488,10.2413,10.1338,10.0877,10.1363,10.185,10.2336,10.2823,10.3311,10.3798,10.4286,10.4775,10.5264,10.5489,10.5712,10.5936,10.616,10.6384,10.6609,10.6834,10.7059,10.7284,10.7408,10.7461,10.7513,10.7564,10.7614,10.7663,10.771,10.7757,10.7802,10.775,10.7296,10.6841,10.6386,10.5931,10.5477,10.5022,10.4568,10.4113,10.3659,10.3172,10.2676,10.2179,10.1679,10.1178,10.0675,10.017,9.9664,9.9155,9.8895,9.9033,9.9172,9.9311,9.9451,9.959,9.973,9.987,10.001,10.015,9.9748,9.9334,9.892,9.8505,9.8091,9.7677,9.7263,9.6848,9.6434,9.5527,9.4248,9.2962,9.167,9.0372,8.9067,8.7756,8.6438,8.5113,8.3865,8.3039,8.221,8.1378,8.0542,7.9704,7.8862,7.8016,7.7167,7.6315,7.5724,7.522,7.4714,7.4209,7.3702,7.3196,7.2688,7.218,7.1672
12.5028,12.4564,12.4099,12.3635,12.3171,12.2706,12.2242,12.1777,12.1313,12.0866,12.0489,12.0112,11.9735,11.9358,11.8981,11.8604,11.8227,11.785,11.7474,11.6671,11.5763,11.4855,11.3947,11.3039,11.2131,11.1223,11.0314,10.9406,10.8837,10.8779,10.8723,10.8668,10.8613,10.856,10.8508,10.8456,10.8406,10.8356,10.8752,10.915,10.9547,10.9945,11.0342,11.074,11.1137,11.1534,11.1931,11.2163,11.2283,11.2403,11.2522,11.2642,11.2761,11.288,11.2999,11.3118,11.3169,11.293,11.2692,11.2454,11.2216,11.1978,11.1741,11.1504,11.1267,11.1031,11.0148,10.9092,10.8037,10.6981,10.5926,10.4872,10.3817,10.2763,10.171,10.1255,10.1751,10.2247,10.2744,10.3241,10.3738,10.4236,10.4734,10.5232,10.5731,10.5963,10.619,10.6418,10.6646,10.6874,10.7102,10.7331,10.756,10.7789,10.7892,10.7903,10.7913,10.7922,10.793,10.7936,10.7942,10.7946,10.7948,10.787,10.7416,10.6961,10.6506,10.6051,10.5597,10.5142,10.4687,10.4233,10.3778,10.3261,10.2724,10.2186,10.1645,10.1103,10.0559,10.0013,9.9466,9.8916,9.8617,9.8761,9.8906,9.9051,9.9196,9.9341,9.9487,9.9632,9.9778,9.9925,9.9537,9.9123,9.8709,9.8295,9.7881,9.7466,9.7052,9.6638,9.6223,9.5286,9.3905,9.2518,9.1125,8.9725,8.8318,8.6905,8.5486,8.4059,8.27,8.1833,8.0962,8.0088,7.921,7.833,7.7446,7.6558,7.5667,7.4773,7.4158,7.3654,7.3148,7.2643,7.2136,7.163,7.1122,7.0615,7.0106
12.5215,12.4754,12.4293,12.3831,12.337,12.2908,12.2447,12.1985,12.1524,12.1081,12.0704,12.0327,11.995,11.9573,11.9196,11.8819,11.8442,11.8065,11.7689,11.6888,11.5991,11.5094,11.4197,11.3299,11.2402,11.1504,11.0606,10.9708,10.9126,10.8999,10.8875,10.8751,10.8628,10.8507,10.8386,10.8266,10.8147,10.803,10.8428,10.8826,10.9223,10.9621,11.0019,11.0416,11.0813,11.121,11.1608,11.1828,11.1929,11.203,11.213,11.2231,11.2332,11.2432,11.2532,11.2632,11.2682,11.2516,11.235,11.2185,11.2019,11.1854,11.1689,11.1525,11.1361,11.1197,11.035,10.9315,10.8281,10.7247,10.6213,10.5179,10.4146,10.3114,10.2081,10.1632,10.2138,10.2645,10.3151,10.3658,10.4166,10.4673,10.5181,10.569,10.6199,10.6437,10.6668,10.69,10.7131,10.7363,10.7596,10.7828,10.8061,10.8294,10.8378,10.8347,10.8314,10.8281,10.8246,10.8211,10.8174,10.8136,10.8097,10.7991,10.7536,10.7081,10.6626,10.6171,10.5716,10.5262,10.4807,10.4352,10.3898,10.3352,10.2774,10.2194,10.1613,10.103,10.0445,9.9858,9.927,9.8679,9.8338,9.8489,9.8639,9.879,9.8941,9.9092,9.9244,9.9395,9.9547,9.9699,9.9326,9.8912,9.8498,9.8084,9.767,9.7256,9.6842,9.6427,9.6013,9.5052,9.3569,9.2081,9.0585,8.9084,8.7576,8.6061,8.454,8.3012,8.1539,8.0629,7.9717,7.8801,7.7881,7.6959,7.6033,7.5103,7.4171,7.3234,7.2592,7.2087,7.1582,7.1077,7.057,7.0064,6.9556,6.9049,6.854
12.5403,12.4945,12.4486,12.4028,12.3569,12.3111,12.2652,12.2194,12.1735,12.1296,12.0919,12.0542,12.0165,11.9788,11.9411,11.9034,11.8657,11.828,11.7904,11.7105,11.6219,11.5333,11.4446,11.3559,11.2673,11.1786,11.0898,11.0011,10.9413,10.9218,10.9025,10.8833,10.8642,10.8452,10.8263,10.8075,10.7888,10.7706,10.8104,10.8502,10.89,10.9297,10.9695,11.0092,11.049,11.0887,11.1284,11.1493,11.1575,11.1657,11.1738,11.182,11.1902,11.1984,11.2065,11.2146,11.2194,11.2101,11.2008,11.1915,11.1822,11.173,11.1637,11.1545,11.1454,11.1363,11.0552,10.9538,10.8525,10.7512,10.6499,10.5487,10.4475,10.3464,10.2453,10.2009,10.2526,10.3042,10.3559,10.4076,10.4593,10.5111,10.5629,10.6147,10.6666,10.6911,10.7146,10.7381,10.7617,10.7853,10.8089,10.8325,10.8562,10.8798,10.8864,10.8791,10.8717,10.8641,10.8565,10.8487,10.8408,10.8328,10.8246,10.8111,10.7656,10.7201,10.6746,10.6291,10.5836,10.5382,10.4927,10.4472,10.4017,10.3444,10.2825,10.2205,10.1582,10.0958,10.0332,9.9705,9.9075,9.8444,9.806,9.8216,9.8372,9.8529,9.8686,9.8843,9.9,9.9157,9.9315,9.9473,9.9116,9.8702,9.8288,9.7874,9.746,9.7045,9.6631,9.6216,9.5802,9.4823,9.3239,9.1649,9.0052,8.8449,8.684,8.5224,8.3601,8.1971,8.038,7.9429,7.8474,7.7516,7.6555,7.5591,7.4623,7.3651,7.2677,7.1699,7.1026,7.0521,7.0016,6.9511,6.9004,6.8498,6.7991,6.7483,6.6974
12.5591,12.5135,12.468,12.4224,12.3769,12.3313,12.2858,12.2402,12.1947,12.1511,12.1134,12.0756,12.0379,12.0002,11.9625,11.9249,11.8872,11.8495,11.8118,11.7323,11.6448,11.5572,11.4696,11.382,11.2944,11.2067,11.1191,11.0314,10.9699,10.9436,10.9175,10.8915,10.8655,10.8397,10.814,10.7883,10.7628,10.7382,10.778,10.8178,10.8576,10.8973,10.9371,10.9769,11.0166,11.0563,11.0961,11.1157,11.122,11.1283,11.1347,11.141,11.1473,11.1535,11.1598,11.1661,11.1707,11.1687,11.1666,11.1645,11.1625,11.1605,11.1585,11.1566,11.1547,11.1528,11.0753,10.9761,10.8769,10.7777,10.6786,10.5795,10.4804,10.3814,10.2824,10.2387,10.2913,10.3439,10.3966,10.4493,10.502,10.5548,10.6076,10.6604,10.7133,10.7385,10.7624,10.7863,10.8102,10.8342,10.8582,10.8822,10.9062,10.9303,10.9352,10.9237,10.912,10.9003,10.8884,10.8764,10.8643,10.852,10.8397,10.8231,10.7776,10.7321,10.6866,10.6411,10.5956,10.5501,10.5046,10.4592,10.4137,10.3538,10.2878,10.2217,10.1553,10.0888,10.0222,9.9553,9.8883,9.821,9.7781,9.7943,9.8105,9.8268,9.843,9.8593,9.8756,9.8919,9.9083,9.9247,9.8905,9.8491,9.8077,9.7663,9.7249,9.6835,9.642,9.6006,9.5591,9.4601,9.2915,9.1224,8.9526,8.7821,8.611,8.4393,8.2668,8.0937,7.9224,7.8231,7.7235,7.6235,7.5232,7.4225,7.3216,7.2202,7.1186,7.0166,6.946,6.8955,6.8448,6.7929,6.7409,6.6887,6.6363,6.5838,6.5311
12.5778,12.5326,12.4873,12.4421,12.3968,12.3516,12.3063,12.2611,12.2158,12.1726,12.1348,12.0971,12.0594,12.0217,11.984,11.9463,11.9087,11.871,11.8333,11.7541,11.6676,11.5811,11.4946,11.408,11.3215,11.2349,11.1483,11.0618,10.9984,10.9653,10.9323,10.8995,10.8667,10.8341,10.8015,10.7691,10.7367,10.7057,10.7456,10.7854,10.8252,10.8649,10.9047,10.9445,10.9842,11.024,11.0637,11.0821,11.0866,11.091,11.0955,11.0999,11.1043,11.1087,11.1131,11.1175,11.122,11.1272,11.1323,11.1375,11.1427,11.148,11.1532,11.1586,11.1639,11.1693,11.0955,10.9983,10.9013,10.8042,10.7072,10.6102,10.5132,10.4163,10.3194,10.2764,10.33,10.3836,10.4373,10.491,10.5447,10.5985,10.6523,10.7061,10.7599,10.7859,10.8102,10.8345,10.8588,10.8831,10.9075,10.9319,10.9563,10.9807,10.9841,10.9684,10.9525,10.9365,10.9204,10.9042,10.8879,10.8715,10.8549,10.8351,10.7896,10.7441,10.6986,10.6531,10.6076,10.5621,10.5166,10.4711,10.4257,10.3633,10.2933,10.223,10.1526,10.082,10.0113,9.9403,9.8692,9.7979,9.7502,9.7669,9.7838,9.8006,9.8174,9.8343,9.8512,9.8681,9.8848,9.8995,9.8644,9.8201,9.7754,9.7304,9.685,9.6391,9.5929,9.5463,9.4993,9.3956,9.2154,9.0351,8.8545,8.6738,8.4928,8.3117,8.1303,7.9487,7.767,7.6637,7.5603,7.4567,7.3531,7.2495,7.1457,7.0418,6.9379,6.8339,6.7593,6.7066,6.6536,6.6005,6.5473,6.4939,6.4404,6.3867,6.3328
12.5807,12.5358,12.491,12.4461,12.4013,12.3565,12.3117,12.267,12.2222,12.1792,12.1405,12.1019,12.0635,12.0252,11.987,11.9489,11.911,11.8731,11.8353,11.7572,11.6727,11.5882,11.5036,11.4189,11.3343,11.2496,11.1649,11.0801,11.0159,10.9775,10.9391,10.9007,10.8622,10.8238,10.7853,10.7468,10.7082,10.6716,10.7117,10.7517,10.7917,10.8316,10.8715,10.9114,10.9513,10.9911,11.031,11.0482,11.0509,11.0535,11.0561,11.0587,11.0613,11.0639,11.0664,11.0689,11.0733,11.0856,11.0979,11.1102,11.1224,11.1347,11.1469,11.1592,11.1714,11.1836,11.1132,11.0181,10.923,10.828,10.733,10.6381,10.5432,10.4484,10.3537,10.3111,10.365,10.419,10.4729,10.5267,10.5805,10.6342,10.6879,10.7415,10.795,10.8209,10.8447,10.8685,10.8924,10.9162,10.94,10.9638,10.9875,11.0113,11.0117,10.9896,10.9672,10.9446,10.9218,10.8987,10.8753,10.8517,10.8277,10.8013,10.753,10.7046,10.6561,10.6074,10.5586,10.5097,10.4607,10.4116,10.3623,10.2964,10.2223,10.1481,10.0738,9.9995,9.9252,9.8508,9.7764,9.702,9.6497,9.6654,9.6811,9.6968,9.7126,9.7284,9.7442,9.76,9.7758,9.7916,9.7533,9.703,9.6523,9.6012,9.5497,9.4978,9.4456,9.393,9.3399,9.2355,9.053,8.8704,8.6876,8.5045,8.3213,8.1379,7.9542,7.7704,7.5863,7.4801,7.3763,7.2725,7.1686,7.0646,6.9605,6.8564,6.7521,6.6478,6.5706,6.5166,6.4625,6.4082,6.3538,6.2992,6.2445,6.1896,6.1345
12.5675,12.5219,12.4763,12.4307,12.3851,12.3396,12.2941,12.2486,12.2031,12.1582,12.1146,12.0713,12.028,11.9849,11.9419,11.899,11.8562,11.8135,11.7709,11.6923,11.6084,11.5245,11.4405,11.3566,11.2726,11.1885,11.1044,11.0203,10.9568,10.9183,10.8797,10.8411,10.8025,10.7638,10.7252,10.6865,10.6478,10.6115,10.6527,10.6938,10.7348,10.7759,10.8169,10.8579,10.8989,10.9398,10.9807,10.9987,11.002,11.0052,11.0084,11.0116,11.0148,11.018,11.0211,11.0242,11.0291,11.0414,11.0537,11.066,11.0782,11.0905,11.1027,11.115,11.1272,11.1394,11.0736,10.9839,10.8942,10.8045,10.715,10.6254,10.536,10.4466,10.3572,10.3161,10.3672,10.4182,10.4692,10.5201,10.5709,10.6217,10.6725,10.7232,10.7738,10.7997,10.8236,10.8474,10.8712,10.895,10.9188,10.9426,10.9664,10.9902,10.9873,10.9572,10.9269,10.8964,10.8656,10.8346,10.8033,10.7717,10.7399,10.7064,10.6558,10.6052,10.5544,10.5035,10.4525,10.4014,10.3502,10.2988,10.2473,10.181,10.1068,10.0325,9.9582,9.8839,9.8095,9.735,9.6605,9.586,9.5318,9.5486,9.5655,9.5823,9.5992,9.616,9.6329,9.6498,9.6668,9.6837,9.6426,9.5862,9.5294,9.4723,9.4148,9.3569,9.2986,9.2399,9.1808,9.0755,8.8908,8.7059,8.5208,8.3354,8.1499,7.9642,7.7783,7.5921,7.4058,7.2965,7.1925,7.0883,6.9841,6.8798,6.7754,6.6709,6.5664,6.4617,6.382,6.3268,6.2715,6.216,6.1604,6.1046,6.0487,5.9926,5.9364
12.5543,12.5079,12.4616,12.4153,12.3689,12.3226,12.2764,12.2301,12.1839,12.137,12.0886,12.0404,11.9924,11.9444,11.8966,11.8489,11.8013,11.7538,11.7064,11.6273,11.5441,11.4608,11.3775,11.2942,11.2108,11.1275,11.044,10.9606,10.8977,10.859,10.8202,10.7815,10.7427,10.7039,10.6651,10.6262,10.5874,10.5514,10.5937,10.6359,10.678,10.7202,10.7623,10.8044,10.8465,10.8885,10.9305,10.9492,10.9531,10.9569,10.9607,10.9645,10.9683,10.9721,10.9758,10.9796,10.9849,10.9972,11.0095,11.0218,11.034,11.0463,11.0585,11.0708,11.083,11.0952,11.0339,10.9496,10.8653,10.7811,10.6969,10.6128,10.5287,10.4447,10.3607,10.3212,10.3694,10.4175,10.4655,10.5135,10.5614,10.6093,10.6572,10.7049,10.7526,10.7786,10.8024,10.8263,10.8501,10.8739,10.8977,10.9215,10.9453,10.9691,10.9631,10.9251,10.8869,10.8484,10.8097,10.7708,10.7315,10.692,10.6523,10.6115,10.5587,10.5058,10.4528,10.3997,10.3465,10.2931,10.2397,10.1861,10.1323,10.0657,9.9914,9.917,9.8426,9.7682,9.6937,9.6192,9.5447,9.47,9.4139,9.4318,9.4498,9.4677,9.4857,9.5036,9.5216,9.5397,9.5577,9.5757,9.5321,9.4697,9.4069,9.3437,9.2802,9.2162,9.1519,9.0872,9.0221,8.9157,8.7287,8.5415,8.3541,8.1665,7.9787,7.7907,7.6025,7.4141,7.2254,7.113,7.0086,6.9041,6.7996,6.695,6.5903,6.4855,6.3806,6.2757,6.1934,6.1371,6.0806,6.0239,5.9671,5.9101,5.853,5.7957,5.7383
12.5411,12.494,12.4469,12.3998,12.3527,12.3057,12.2586,12.2116,12.1646,12.1156,12.0625,12.0095,11.9566,11.9039,11.8513,11.7987,11.7463,11.694,11.6418,11.5624,11.4798,11.3972,11.3145,11.2319,11.1491,11.0664,10.9836,10.9008,10.8386,10.7997,10.7608,10.7219,10.6829,10.6439,10.605,10.566,10.5269,10.4913,10.5347,10.578,10.6212,10.6645,10.7077,10.7509,10.7941,10.8372,10.8803,10.8997,10.9042,10.9086,10.913,10.9174,10.9218,10.9262,10.9305,10.9349,10.9407,10.953,10.9653,10.9776,10.9898,11.0021,11.0143,11.0266,11.0388,11.051,10.9942,10.9153,10.8364,10.7575,10.6787,10.6,10.5213,10.4427,10.3642,10.3264,10.3716,10.4168,10.4619,10.507,10.552,10.597,10.6419,10.6867,10.7315,10.7575,10.7813,10.8051,10.829,10.8528,10.8766,10.9004,10.9242,10.948,10.9391,10.8932,10.847,10.8007,10.754,10.7072,10.66,10.6126,10.5649,10.5167,10.4617,10.4065,10.3513,10.296,10.2405,10.1849,10.1292,10.0734,10.0175,9.9503,9.8759,9.8015,9.727,9.6525,9.578,9.5034,9.4288,9.3541,9.2959,9.315,9.334,9.3531,9.3721,9.3912,9.4103,9.4294,9.4485,9.4677,9.422,9.3535,9.2847,9.2155,9.1459,9.076,9.0056,8.9349,8.8637,8.756,8.5667,8.3773,8.1876,7.9977,7.8076,7.6173,7.4268,7.2361,7.0452,6.9294,6.8247,6.72,6.6151,6.5102,6.4052,6.3001,6.1949,6.0896,6.0049,5.9474,5.8897,5.8319,5.7739,5.7157,5.6574,5.5989,5.5403
12.5279,12.48,12.4321,12.3843,12.3365,12.2887,12.2409,12.1931,12.1454,12.0941,12.0362,11.9784,11.9207,11.8632,11.8057,11.7484,11.6912,11.6341,11.5771,11.4974,11.4155,11.3335,11.2515,11.1695,11.0875,11.0054,10.9232,10.8411,10.7795,10.7405,10.7014,10.6623,10.6231,10.584,10.5449,10.5057,10.4665,10.4312,10.4757,10.5201,10.5644,10.6088,10.6531,10.6974,10.7417,10.7859,10.8301,10.8502,10.8553,10.8603,10.8653,10.8703,10.8753,10.8803,10.8852,10.8902,10.8965,10.9088,10.9211,10.9334,10.9456,10.9579,10.9702,10.9824,10.9946,11.0068,10.9544,10.8809,10.8074,10.7339,10.6605,10.5872,10.5139,10.4407,10.3675,10.3316,10.3739,10.4161,10.4584,10.5005,10.5426,10.5847,10.6267,10.6686,10.7105,10.7363,10.7602,10.784,10.8078,10.8316,10.8555,10.8793,10.9031,10.9269,10.9153,10.8615,10.8074,10.7531,10.6986,10.6438,10.5888,10.5335,10.4778,10.4219,10.3647,10.3074,10.2499,10.1923,10.1346,10.0768,10.0189,9.9609,9.9027,9.8349,9.7605,9.686,9.6115,9.5369,9.4623,9.3876,9.3129,9.2381,9.1779,9.1981,9.2182,9.2384,9.2585,9.2787,9.2989,9.3191,9.3394,9.3596,9.3122,9.2377,9.1628,9.0876,9.012,8.936,8.8596,8.7829,8.7057,8.5965,8.4049,8.2131,8.0212,7.829,7.6367,7.4441,7.2513,7.0583,6.8651,6.7459,6.6409,6.5358,6.4307,6.3254,6.2201,6.1147,6.0092,5.9036,5.8166,5.7578,5.6989,5.6399,5.5807,5.5214,5.4619,5.4022,5.3424
12.5146,12.4659,12.4173,12.3688,12.3202,12.2716,12.2231,12.1746,12.1261,12.0725,12.0098,11.9472,11.8847,11.8223,11.7601,11.698,11.636,11.5741,11.5123,11.4325,11.3512,11.2699,11.1886,11.1072,11.0258,10.9443,10.8628,10.7813,10.7204,10.6812,10.6419,10.6027,10.5634,10.5241,10.4847,10.4454,10.406,10.3711,10.4167,10.4622,10.5077,10.5531,10.5985,10.6439,10.6893,10.7346,10.7799,10.8007,10.8064,10.812,10.8176,10.8232,10.8288,10.8344,10.8399,10.8455,10.8522,10.8646,10.8769,10.8892,10.9014,10.9137,10.926,10.9382,10.9504,10.9626,10.9146,10.8465,10.7784,10.7103,10.6423,10.5743,10.5064,10.4386,10.3708,10.3368,10.3762,10.4156,10.4548,10.4941,10.5333,10.5724,10.6115,10.6505,10.6895,10.7152,10.739,10.7629,10.7867,10.8105,10.8343,10.8581,10.882,10.9058,10.8917,10.83,10.768,10.7058,10.6434,10.5807,10.5178,10.4545,10.391,10.3273,10.2678,10.2082,10.1486,10.0888,10.0289,9.9688,9.9087,9.8484,9.788,9.7196,9.645,9.5705,9.4959,9.4212,9.3465,9.2718,9.197,9.1222,9.0599,9.0811,9.1023,9.1236,9.1449,9.1661,9.1874,9.2088,9.2301,9.2515,9.2027,9.1222,9.0413,8.96,8.8784,8.7964,8.714,8.6312,8.548,8.4371,8.2432,8.0492,7.8549,7.6605,7.4658,7.271,7.076,6.8807,6.6852,6.5624,6.4571,6.3517,6.2462,6.1407,6.0351,5.9293,5.8235,5.7176,5.6283,5.5683,5.5083,5.448,5.3877,5.3271,5.2664,5.2056,5.1446
12.5013,12.4519,12.4025,12.3532,12.3039,12.2546,12.2053,12.1561,12.1068,12.0507,11.9832,11.9158,11.8485,11.7814,11.7143,11.6474,11.5806,11.5139,11.4473,11.3676,11.287,11.2063,11.1256,11.0449,10.9641,10.8833,10.8025,10.7216,10.6613,10.6219,10.5825,10.543,10.5036,10.4641,10.4246,10.3851,10.3456,10.3111,10.3577,10.4043,10.4509,10.4974,10.5439,10.5904,10.6369,10.6833,10.7297,10.7512,10.7575,10.7637,10.7699,10.7761,10.7823,10.7885,10.7946,10.8008,10.808,10.8204,10.8327,10.845,10.8572,10.8695,10.8818,10.894,10.9062,10.9184,10.8747,10.812,10.7493,10.6866,10.624,10.5614,10.4989,10.4364,10.374,10.3421,10.3786,10.415,10.4514,10.4877,10.524,10.5602,10.5964,10.6325,10.6686,10.694,10.7179,10.7417,10.7656,10.7894,10.8132,10.837,10.8608,10.8846,10.8683,10.7987,10.7289,10.6588,10.5884,10.5179,10.447,10.3759,10.3045,10.2328,10.171,10.1092,10.0473,9.9853,9.9231,9.8609,9.7985,9.736,9.6734,9.6042,9.5296,9.455,9.3803,9.3056,9.2308,9.156,9.0811,9.0062,8.9418,8.9641,8.9864,9.0088,9.0312,9.0535,9.0759,9.0984,9.1208,9.1432,9.0935,9.007,8.9201,8.8328,8.7452,8.6571,8.5687,8.4799,8.3907,8.2778,8.0817,7.8853,7.6888,7.4921,7.2952,7.0981,6.9007,6.7032,6.5055,6.3789,6.2733,6.1676,6.0618,5.956,5.85,5.744,5.6379,5.5317,5.44,5.3789,5.3177,5.2563,5.1947,5.133,5.0711,5.0091,4.9469
12.4879,12.4378,12.3877,12.3376,12.2876,12.2375,12.1875,12.1375,12.0875,12.0288,11.9565,11.8843,11.8122,11.7403,11.6684,11.5967,11.5251,11.4536,11.3822,11.3027,11.2227,11.1427,11.0627,10.9826,10.9025,10.8223,10.7421,10.6619,10.6022,10.5626,10.523,10.4834,10.4438,10.4042,10.3645,10.3248,10.2851,10.251,10.2988,10.3465,10.3941,10.4418,10.4894,10.537,10.5845,10.632,10.6796,10.7017,10.7086,10.7154,10.7222,10.729,10.7358,10.7426,10.7493,10.7561,10.7638,10.7762,10.7885,10.8008,10.813,10.8253,10.8376,10.8498,10.862,10.8742,10.8348,10.7775,10.7201,10.6628,10.6056,10.5484,10.4912,10.4342,10.3772,10.3474,10.381,10.4145,10.448,10.4814,10.5148,10.5481,10.5814,10.6146,10.6477,10.6729,10.6967,10.7206,10.7444,10.7683,10.7921,10.8159,10.8397,10.8635,10.8452,10.7677,10.6899,10.6119,10.5337,10.4552,10.3765,10.2975,10.2182,10.1386,10.0742,10.0102,9.9461,9.8819,9.8175,9.753,9.6884,9.6237,9.5589,9.4888,9.4142,9.3394,9.2647,9.1899,9.1151,9.0402,8.9653,8.8903,8.8236,8.847,8.8705,8.8939,8.9174,8.9409,8.9644,8.9879,9.0114,9.035,8.9847,8.8921,8.7992,8.7059,8.6122,8.5182,8.4238,8.3289,8.2337,8.1187,7.9202,7.7216,7.5228,7.3239,7.1247,6.9253,6.7257,6.5259,6.3258,6.1954,6.0895,5.9835,5.8774,5.7713,5.665,5.5587,5.4522,5.3457,5.2519,5.1896,5.1272,5.0646,5.0018,4.9389,4.8759,4.8126,4.7493
12.4746,12.4237,12.3729,12.322,12.2712,12.2204,12.1697,12.1189,12.0682,12.0067,11.9296,11.8526,11.7758,11.699,11.6224,11.5459,11.4695,11.3932,11.317,11.2379,11.1585,11.0791,10.9997,10.9203,10.8408,10.7613,10.6817,10.6022,10.5431,10.5033,10.4636,10.4238,10.384,10.3442,10.3044,10.2646,10.2247,10.191,10.2398,10.2886,10.3374,10.3861,10.4348,10.4835,10.5321,10.5808,10.6294,10.6522,10.6597,10.6671,10.6746,10.6819,10.6893,10.6967,10.704,10.7114,10.7196,10.7319,10.7443,10.7566,10.7688,10.7811,10.7934,10.8056,10.8178,10.83,10.7949,10.7429,10.6909,10.639,10.5871,10.5353,10.4836,10.4319,10.3802,10.3528,10.3834,10.4141,10.4446,10.4751,10.5056,10.536,10.5664,10.5967,10.6269,10.6517,10.6756,10.6994,10.7233,10.7471,10.771,10.7948,10.8186,10.8424,10.8223,10.7369,10.6512,10.5653,10.4792,10.3929,10.3062,10.2193,10.1321,10.0446,9.9776,9.9113,9.845,9.7785,9.712,9.6453,9.5785,9.5115,9.4445,9.3735,9.2987,9.2239,9.1491,9.0742,8.9993,8.9244,8.8494,8.7744,8.7054,8.7299,8.7544,8.779,8.8036,8.8281,8.8527,8.8774,8.902,8.9267,8.8761,8.7776,8.6786,8.5793,8.4797,8.3796,8.2792,8.1783,8.0771,7.9596,7.759,7.5581,7.357,7.1557,6.9543,6.7526,6.5507,6.3486,6.1464,6.012,5.9058,5.7995,5.6931,5.5866,5.48,5.3734,5.2666,5.1598,5.0639,5.0004,4.9367,4.873,4.809,4.7449,4.6807,4.6163,4.5517
12.4612,12.4096,12.358,12.3064,12.2548,12.2033,12.1518,12.1003,12.0488,11.9845,11.9026,11.8208,11.7392,11.6577,11.5763,11.495,11.4138,11.3327,11.2517,11.173,11.0943,11.0156,10.9368,10.858,10.7792,10.7003,10.6214,10.5425,10.4839,10.444,10.4041,10.3642,10.3242,10.2843,10.2443,10.2043,10.1642,10.131,10.1809,10.2308,10.2806,10.3305,10.3803,10.43,10.4798,10.5295,10.5792,10.6028,10.6108,10.6188,10.6269,10.6349,10.6428,10.6508,10.6587,10.6667,10.6754,10.6877,10.7001,10.7124,10.7246,10.7369,10.7492,10.7614,10.7736,10.7859,10.7549,10.7083,10.6617,10.6151,10.5686,10.5222,10.4758,10.4295,10.3832,10.3582,10.3859,10.4136,10.4413,10.4689,10.4965,10.524,10.5515,10.5788,10.6062,10.6306,10.6545,10.6783,10.7022,10.726,10.7498,10.7737,10.7975,10.8213,10.7995,10.7063,10.6127,10.519,10.425,10.3307,10.2362,10.1414,10.0463,9.951,9.881,9.8125,9.744,9.6753,9.6065,9.5376,9.4686,9.3994,9.3301,9.2581,9.1833,9.1084,9.0335,8.9586,8.8836,8.8086,8.7335,8.6584,8.5871,8.6127,8.6384,8.664,8.6897,8.7154,8.7411,8.7668,8.7925,8.8183,8.7679,8.6633,8.5584,8.4531,8.3474,8.2414,8.1349,8.0281,7.9208,7.8008,7.5978,7.3947,7.1913,6.9878,6.784,6.5801,6.3759,6.1716,5.967,5.8286,5.722,5.6154,5.5087,5.4019,5.295,5.1881,5.081,4.9739,4.8759,4.8112,4.7464,4.6814,4.6163,4.551,4.4856,4.42,4.3543
12.4478,12.3954,12.3431,12.2907,12.2384,12.1862,12.1339,12.0817,12.0294,11.9622,11.8755,11.7889,11.7025,11.6162,11.53,11.4439,11.358,11.2721,11.1863,11.1082,11.0301,10.952,10.8739,10.7958,10.7176,10.6393,10.5611,10.4828,10.4248,10.3848,10.3447,10.3046,10.2644,10.2243,10.1841,10.144,10.1038,10.071,10.122,10.1729,10.2239,10.2748,10.3257,10.3766,10.4274,10.4782,10.529,10.5533,10.5619,10.5706,10.5792,10.5878,10.5963,10.6049,10.6135,10.622,10.6312,10.6435,10.6558,10.6682,10.6804,10.6927,10.705,10.7172,10.7295,10.7417,10.7149,10.6736,10.6324,10.5912,10.5501,10.509,10.468,10.427,10.3861,10.3636,10.3885,10.4133,10.4381,10.4628,10.4874,10.512,10.5366,10.5611,10.5855,10.6094,10.6333,10.6572,10.681,10.7049,10.7287,10.7525,10.7764,10.8002,10.777,10.6759,10.5745,10.4728,10.371,10.2688,10.1664,10.0637,9.9608,9.8576,9.7845,9.7138,9.643,9.5721,9.5011,9.43,9.3587,9.2874,9.2159,9.1427,9.0679,8.9929,8.918,8.843,8.7679,8.6928,8.6177,8.5425,8.4688,8.4955,8.5223,8.549,8.5758,8.6025,8.6293,8.6561,8.683,8.7098,8.66,8.5494,8.4385,8.3272,8.2155,8.1034,7.991,7.8781,7.7649,7.642,7.4368,7.2314,7.0258,6.8199,6.6139,6.4077,6.2013,5.9947,5.7878,5.6452,5.5383,5.4314,5.3244,5.2173,5.1101,5.0028,4.8955,4.788,4.688,4.6222,4.5562,4.49,4.4237,4.3572,4.2906,4.2239,4.1569
12.4343,12.3812,12.3281,12.2751,12.222,12.169,12.116,12.063,12.01,11.9397,11.8482,11.7569,11.6657,11.5746,11.4836,11.3927,11.302,11.2113,11.1208,11.0433,10.9659,10.8885,10.811,10.7335,10.656,10.5784,10.5008,10.4231,10.3657,10.3255,10.2852,10.2449,10.2046,10.1643,10.124,10.0837,10.0433,10.0109,10.0631,10.1151,10.1672,10.2192,10.2712,10.3231,10.3751,10.427,10.4789,10.5038,10.513,10.5223,10.5315,10.5407,10.5498,10.559,10.5682,10.5773,10.587,10.5993,10.6116,10.6239,10.6362,10.6485,10.6608,10.673,10.6853,10.6975,10.6748,10.6389,10.603,10.5672,10.5314,10.4957,10.4601,10.4245,10.389,10.3691,10.3911,10.413,10.4348,10.4566,10.4784,10.5001,10.5218,10.5433,10.5649,10.5883,10.6122,10.636,10.6599,10.6837,10.7076,10.7314,10.7552,10.7791,10.7548,10.6457,10.5365,10.4269,10.3172,10.2072,10.0969,9.9863,9.8755,9.7644,9.688,9.6151,9.5421,9.469,9.3958,9.3225,9.249,9.1754,9.1017,9.0274,8.9524,8.8774,8.8024,8.7273,8.6522,8.577,8.5018,8.4265,8.3512,8.3782,8.4061,8.4339,8.4618,8.4897,8.5175,8.5455,8.5734,8.6013,8.5524,8.4359,8.3189,8.2016,8.0839,7.9659,7.8474,7.7286,7.6093,7.4834,7.2759,7.0682,6.8603,6.6523,6.444,6.2355,6.0268,5.8179,5.6088,5.4618,5.3546,5.2474,5.1401,5.0326,4.9252,4.8176,4.7099,4.6022,4.5002,4.4332,4.366,4.2987,4.2312,4.1635,4.0957,4.0278,3.9597
12.4209,12.367,12.3132,12.2594,12.2056,12.1518,12.098,12.0443,11.9906,11.917,11.8208,11.7247,11.6287,11.5328,11.4371,11.3414,11.2459,11.1505,11.0553,10.9785,10.9018,10.825,10.7481,10.6713,10.5944,10.5174,10.4405,10.3635,10.3066,10.2662,10.2257,10.1853,10.1449,10.1044,10.0639,10.0234,9.9829,9.951,10.0042,10.0573,10.1105,10.1636,10.2167,10.2697,10.3227,10.3757,10.4287,10.4543,10.4642,10.474,10.4838,10.4936,10.5034,10.5131,10.5229,10.5326,10.5428,10.5551,10.5674,10.5797,10.592,10.6043,10.6166,10.6288,10.6411,10.6533,10.6346,10.6041,10.5736,10.5432,10.5128,10.4824,10.4521,10.4219,10.3917,10.3747,10.3937,10.4127,10.4317,10.4506,10.4694,10.4882,10.507,10.5257,10.5443,10.5672,10.591,10.6149,10.6387,10.6626,10.6864,10.7103,10.7341,10.7579,10.7327,10.6158,10.4986,10.3813,10.2636,10.1458,10.0276,9.9092,9.7905,9.6715,9.5917,9.5166,9.4413,9.366,9.2906,9.215,9.1393,9.0635,8.9876,8.912,8.837,8.7619,8.6868,8.6117,8.5365,8.4612,8.3859,8.3106,8.2352,8.2609,8.2898,8.3188,8.3477,8.3767,8.4057,8.4347,8.4637,8.4928,8.4452,8.3226,8.1997,8.0764,7.9527,7.8286,7.7042,7.5793,7.4541,7.3249,7.1152,6.9052,6.6951,6.4847,6.2742,6.0634,5.8524,5.6413,5.4299,5.2784,5.1709,5.0634,4.9558,4.848,4.7402,4.6324,4.5244,4.4163,4.3139,4.2477,4.1815,4.1152,4.0489,3.9825,3.9161,3.8496,3.7831
12.4074,12.3528,12.2982,12.2436,12.1891,12.1346,12.0801,12.0256,11.9711,11.8942,11.7932,11.6923,11.5916,11.4909,11.3904,11.29,11.1897,11.0895,10.9898,10.9137,10.8376,10.7615,10.6853,10.609,10.5328,10.4565,10.3802,10.3038,10.2474,10.2069,10.1663,10.1257,10.0851,10.0444,10.0038,9.9631,9.9224,9.891,9.9453,9.9995,10.0538,10.108,10.1621,10.2163,10.2704,10.3245,10.3786,10.4048,10.4153,10.4257,10.4361,10.4465,10.4569,10.4672,10.4776,10.4879,10.4986,10.5109,10.5232,10.5355,10.5478,10.5601,10.5724,10.5846,10.5969,10.6091,10.5945,10.5693,10.5442,10.5191,10.494,10.469,10.4441,10.4192,10.3944,10.3802,10.3964,10.4125,10.4285,10.4446,10.4605,10.4764,10.4923,10.5081,10.5238,10.546,10.5699,10.5938,10.6176,10.6415,10.6653,10.6892,10.713,10.7368,10.7108,10.5861,10.4611,10.3358,10.2103,10.0846,9.9586,9.8323,9.7057,9.5789,9.4954,9.4181,9.3406,9.2631,9.1854,9.1077,9.0298,8.9518,8.8736,8.7967,8.7216,8.6464,8.5712,8.496,8.4208,8.3454,8.2701,8.1947,8.1192,8.1435,8.1736,8.2036,8.2336,8.2623,8.291,8.3196,8.3481,8.3766,8.3294,8.2004,8.0713,7.9422,7.813,7.6837,7.5544,7.425,7.2956,7.1651,6.9539,6.7426,6.5313,6.3199,6.1084,5.8969,5.6853,5.4736,5.2619,5.1085,5.0043,4.9002,4.7964,4.6928,4.5893,4.486,4.383,4.2801,4.1802,4.114,4.0477,3.9815,3.9152,3.8488,3.7824,3.716,3.6495
12.3561,12.3002,12.2444,12.1886,12.133,12.0775,12.022,11.9666,11.9113,11.8327,11.7302,11.6277,11.5252,11.4226,11.32,11.2174,11.1147,11.012,10.9102,10.8369,10.7634,10.6898,10.616,10.542,10.468,10.3937,10.3194,10.2449,10.1902,10.1506,10.1109,10.0711,10.0312,9.9912,9.9512,9.9111,9.8708,9.8404,9.8956,9.9508,10.0059,10.061,10.1161,10.1712,10.2263,10.2814,10.3365,10.3634,10.3745,10.3856,10.3967,10.4078,10.4189,10.43,10.4411,10.4522,10.4634,10.4745,10.4857,10.4968,10.5079,10.519,10.53,10.5409,10.5517,10.5625,10.5505,10.5295,10.5084,10.4872,10.466,10.4448,10.4235,10.4021,10.3807,10.3677,10.3799,10.392,10.404,10.4159,10.4277,10.4393,10.4509,10.4623,10.4736,10.492,10.5121,10.5321,10.5518,10.5712,10.5904,10.6093,10.628,10.6463,10.6157,10.4824,10.3489,10.2152,10.0813,9.9473,9.8131,9.6787,9.5442,9.4094,9.3214,9.2412,9.161,9.0807,9.0004,8.92,8.8395,8.7591,8.6785,8.6011,8.5288,8.4567,8.3848,8.3131,8.2417,8.1705,8.0995,8.0288,7.9583,7.9795,8.0083,8.037,8.0657,8.0943,8.1229,8.1514,8.1798,8.2082,8.1651,8.0361,7.907,7.7778,7.6486,7.5194,7.39,7.2607,7.1312,7.0017,6.7917,6.5803,6.3689,6.1574,5.9458,5.7341,5.5224,5.3106,5.0988,4.9437,4.8431,4.7427,4.6424,4.5424,4.4425,4.3429,4.2434,4.1442,4.0464,3.9802,3.914,3.8478,3.7815,3.7151,3.6487,3.5823,3.5158
12.2795,12.2199,12.1604,12.1009,12.0416,11.9824,11.9232,11.8641,11.8052,11.724,11.6214,11.5189,11.4163,11.3136,11.211,11.1083,11.0055,10.9028,10.8015,10.734,10.6663,10.5985,10.5305,10.4623,10.394,10.3256,10.257,10.1884,10.1395,10.1054,10.0711,10.0367,10.0022,9.9677,9.933,9.8983,9.8635,9.8387,9.8956,9.9525,10.0094,10.0663,10.1231,10.18,10.2368,10.2937,10.3505,10.3793,10.3925,10.4058,10.419,10.4322,10.4455,10.4587,10.472,10.4852,10.4963,10.4969,10.4975,10.4981,10.4987,10.4992,10.4996,10.5,10.5003,10.5005,10.484,10.4606,10.4372,10.4137,10.3902,10.3666,10.3429,10.3193,10.2955,10.2794,10.287,10.2945,10.3019,10.3091,10.3163,10.3234,10.3303,10.3371,10.3438,10.3546,10.3664,10.3779,10.3893,10.4003,10.4112,10.4217,10.432,10.442,10.4067,10.2701,10.1333,9.9964,9.8593,9.7221,9.5847,9.447,9.3093,9.1713,9.0826,9.0034,8.9241,8.8447,8.7653,8.6859,8.6064,8.5269,8.4473,8.3729,8.3075,8.2423,8.1773,8.1126,8.0481,7.9838,7.9197,7.8559,7.7924,7.8119,7.8406,7.8693,7.8978,7.9264,7.9548,7.9832,8.0116,8.0399,8.0009,7.8718,7.7427,7.6135,7.4843,7.355,7.2257,7.0963,6.9668,6.8373,6.6296,6.4181,6.2065,5.9949,5.7832,5.5714,5.3596,5.1476,4.9357,4.7786,4.6816,4.5848,4.4882,4.3917,4.2955,4.1995,4.1036,4.008,3.9126,3.8465,3.7803,3.714,3.6478,3.5814,3.5151,3.4487,3.3822
12.2028,12.1395,12.0762,12.0131,11.9501,11.8871,11.8243,11.7615,11.6989,11.6152,11.5126,11.41,11.3073,11.2047,11.1019,10.9992,10.8964,10.7935,10.6929,10.6312,10.5693,10.5073,10.4451,10.3827,10.3202,10.2576,10.1948,10.1319,10.089,10.0602,10.0314,10.0024,9.9733,9.9442,9.9149,9.8856,9.8562,9.8369,9.8956,9.9542,10.0129,10.0715,10.1301,10.1887,10.2473,10.3059,10.3645,10.3952,10.4106,10.426,10.4413,10.4567,10.4721,10.4874,10.5028,10.5182,10.5292,10.5193,10.5094,10.4995,10.4895,10.4795,10.4694,10.4592,10.449,10.4387,10.4175,10.3918,10.366,10.3402,10.3143,10.2884,10.2625,10.2364,10.2104,10.1911,10.1941,10.197,10.1998,10.2025,10.2051,10.2075,10.2098,10.212,10.2141,10.2173,10.2208,10.224,10.227,10.2297,10.2321,10.2343,10.2363,10.2379,10.1977,10.0579,9.9179,9.7778,9.6374,9.497,9.3563,9.2155,9.0744,8.9332,8.8438,8.7655,8.6871,8.6087,8.5303,8.4518,8.3732,8.2946,8.216,8.1444,8.0859,8.0276,7.9696,7.9117,7.8541,7.7968,7.7396,7.6828,7.6261,7.6443,7.6729,7.7015,7.73,7.7584,7.7868,7.8151,7.8433,7.8715,7.8366,7.7075,7.5784,7.4492,7.3199,7.1906,7.0613,6.9319,6.8024,6.6729,6.4675,6.2559,6.0442,5.8324,5.6206,5.4087,5.1967,4.9847,4.7726,4.6133,4.5199,4.4267,4.3337,4.2409,4.1482,4.0558,3.9636,3.8715,3.7797,3.7127,3.6465,3.5803,3.5141,3.4478,3.3814,3.315,3.2486
12.1259,12.0589,11.992,11.9252,11.8584,11.7918,11.7253,11.6588,11.5924,11.5065,11.4038,11.3011,11.1984,11.0957,10.9929,10.8901,10.7872,10.6843,10.5845,10.5286,10.4725,10.4163,10.3598,10.3033,10.2466,10.1897,10.1327,10.0756,10.0385,10.0152,9.9917,9.9681,9.9445,9.9207,9.8969,9.873,9.849,9.8352,9.8956,9.956,10.0164,10.0768,10.1372,10.1975,10.2579,10.3182,10.3785,10.4112,10.4287,10.4462,10.4637,10.4812,10.4987,10.5162,10.5337,10.5512,10.5621,10.5417,10.5213,10.5008,10.4803,10.4598,10.4392,10.4185,10.3977,10.3769,10.351,10.3229,10.2949,10.2667,10.2385,10.2103,10.182,10.1537,10.1252,10.1029,10.1013,10.0996,10.0978,10.0959,10.0939,10.0917,10.0894,10.087,10.0845,10.0803,10.0754,10.0702,10.0649,10.0592,10.0533,10.0472,10.0408,10.034,9.9888,9.8458,9.7026,9.5592,9.4156,9.2719,9.128,8.984,8.8397,8.6953,8.6049,8.5276,8.4501,8.3727,8.2952,8.2176,8.14,8.0624,7.9847,7.9156,7.864,7.8127,7.7615,7.7106,7.6599,7.6095,7.5593,7.5093,7.4596,7.4767,7.5052,7.5337,7.5621,7.5904,7.6187,7.6469,7.6751,7.7032,7.6723,7.5432,7.4141,7.2849,7.1556,7.0263,6.8969,6.7675,6.638,6.5085,6.3054,6.0936,5.8818,5.6699,5.458,5.246,5.0339,4.8217,4.6095,4.4478,4.358,4.2684,4.179,4.0898,4.0007,3.9119,3.8232,3.7348,3.6466,3.5789,3.5128,3.4466,3.3803,3.3141,3.2477,3.1814,3.1149
12.0489,11.9782,11.9076,11.8371,11.7667,11.6963,11.6261,11.556,11.4859,11.3977,11.295,11.1923,11.0895,10.9867,10.8838,10.7809,10.678,10.5751,10.4763,10.4261,10.3758,10.3253,10.2747,10.2239,10.173,10.1219,10.0707,10.0194,9.9881,9.9702,9.9521,9.934,9.9157,9.8974,9.879,9.8605,9.8419,9.8334,9.8956,9.9578,10.0199,10.0821,10.1442,10.2063,10.2684,10.3305,10.3926,10.4271,10.4467,10.4664,10.486,10.5056,10.5253,10.5449,10.5646,10.5842,10.5951,10.5642,10.5332,10.5022,10.4712,10.4402,10.409,10.3778,10.3466,10.3152,10.2845,10.2542,10.2237,10.1933,10.1628,10.1322,10.1016,10.0709,10.0402,10.0148,10.0086,10.0023,9.9959,9.9894,9.9828,9.976,9.9692,9.9621,9.955,9.9434,9.9302,9.9167,9.9029,9.889,9.8747,9.8602,9.8454,9.8304,9.78,9.6338,9.4873,9.3407,9.1939,9.047,8.8999,8.7526,8.6051,8.4574,8.366,8.2896,8.2131,8.1366,8.06,7.9834,7.9067,7.83,7.7533,7.6865,7.6418,7.5974,7.5532,7.5092,7.4654,7.4219,7.3786,7.3355,7.2927,7.3091,7.3376,7.3659,7.3942,7.4225,7.4506,7.4788,7.5068,7.5348,7.508,7.3789,7.2498,7.1205,6.9913,6.8619,6.7325,6.6031,6.4736,6.344,6.1433,5.9314,5.7195,5.5075,5.2954,5.0833,4.8711,4.6588,4.4465,4.282,4.1958,4.1098,4.024,3.9384,3.8529,3.7677,3.6827,3.5978,3.5132,3.4452,3.379,3.3129,3.2466,3.1804,3.1141,3.0477,2.9813
11.9717,11.8973,11.8231,11.7489,11.6748,11.6008,11.5269,11.453,11.3793,11.289,11.1862,11.0834,10.9806,10.8777,10.7748,10.6718,10.5689,10.4659,10.3682,10.3238,10.2792,10.2345,10.1897,10.1447,10.0995,10.0542,10.0088,9.9632,9.9379,9.9253,9.9127,9.8999,9.8871,9.8741,9.8611,9.848,9.8348,9.8317,9.8957,9.9596,10.0235,10.0874,10.1512,10.2151,10.279,10.3428,10.4066,10.443,10.4648,10.4866,10.5083,10.5301,10.5519,10.5736,10.5954,10.6172,10.6281,10.5866,10.5452,10.5037,10.4622,10.4206,10.379,10.3372,10.2955,10.2536,10.2181,10.1854,10.1526,10.1198,10.087,10.0541,10.0212,9.9882,9.9551,9.9268,9.916,9.9051,9.8941,9.883,9.8718,9.8604,9.8489,9.8373,9.8256,9.8067,9.7851,9.7633,9.7412,9.7189,9.6963,9.6735,9.6504,9.627,9.5713,9.4218,9.2722,9.1223,8.9723,8.8221,8.6718,8.5213,8.3706,8.2197,8.1271,8.0516,7.9761,7.9005,7.8248,7.7492,7.6735,7.5977,7.5219,7.4571,7.4194,7.3818,7.3445,7.3074,7.2706,7.2339,7.1975,7.1614,7.1255,7.1415,7.1699,7.1981,7.2264,7.2545,7.2826,7.3106,7.3386,7.3665,7.3437,7.2146,7.0854,6.9562,6.8269,6.6976,6.5682,6.4387,6.3092,6.1796,5.9812,5.7692,5.5571,5.345,5.1328,4.9206,4.7082,4.4958,4.2834,4.116,4.0334,3.951,3.8688,3.7868,3.7049,3.6233,3.5418,3.4606,3.3796,3.3114,3.2453,3.1791,3.1129,3.0467,2.9804,2.9141,2.8477
11.8945,11.8164,11.7384,11.6605,11.5828,11.5051,11.4275,11.35,11.2725,11.1802,11.0774,10.9745,10.8716,10.7687,10.6657,10.5627,10.4597,10.3566,10.2602,10.2216,10.1828,10.1439,10.1048,10.0656,10.0262,9.9867,9.947,9.9072,9.8877,9.8805,9.8733,9.8659,9.8585,9.8509,9.8433,9.8356,9.8278,9.8301,9.8957,9.9614,10.0271,10.0927,10.1583,10.2239,10.2895,10.3551,10.4207,10.459,10.4829,10.5068,10.5307,10.5546,10.5785,10.6024,10.6263,10.6502,10.6611,10.6091,10.5572,10.5052,10.4532,10.4011,10.3489,10.2967,10.2444,10.1921,10.1517,10.1166,10.0816,10.0464,10.0113,9.9761,9.9408,9.9055,9.8701,9.8388,9.8234,9.8079,9.7924,9.7766,9.7608,9.7449,9.7288,9.7126,9.6963,9.6702,9.6403,9.6101,9.5797,9.549,9.5181,9.4869,9.4555,9.4237,9.3627,9.21,9.0571,8.904,8.7508,8.5974,8.4438,8.2901,8.1362,7.982,7.8881,7.8136,7.739,7.6643,7.5896,7.5149,7.4401,7.3653,7.2905,7.2275,7.1966,7.166,7.1356,7.1054,7.0754,7.0457,7.0162,6.987,6.958,6.974,7.0022,7.0304,7.0585,7.0865,7.1145,7.1425,7.1703,7.1982,7.1795,7.0503,6.9211,6.7919,6.6626,6.5332,6.4038,6.2743,6.1448,6.0152,5.8191,5.607,5.3948,5.1825,4.9702,4.7579,4.5454,4.3329,4.1203,3.9498,3.8708,3.792,3.7133,3.6349,3.5567,3.4786,3.4008,3.3231,3.2457,3.1776,3.1115,3.0454,2.9792,2.913,2.8467,2.7804,2.714
11.8171,11.7353,11.6536,11.5721,11.4906,11.4092,11.328,11.2468,11.1657,11.0715,10.9686,10.8657,10.7627,10.6597,10.5567,10.4536,10.3505,10.2474,10.1523,10.1195,10.0865,10.0533,10.02,9.9866,9.9529,9.9192,9.8853,9.8513,9.8376,9.8358,9.834,9.832,9.8299,9.8278,9.8256,9.8233,9.8209,9.8284,9.8958,9.9632,10.0306,10.098,10.1654,10.2327,10.3001,10.3674,10.4348,10.475,10.501,10.527,10.553,10.5791,10.6051,10.6311,10.6572,10.6832,10.6941,10.6317,10.5692,10.5067,10.4442,10.3816,10.319,10.2563,10.1935,10.1306,10.0852,10.0479,10.0105,9.9731,9.9356,9.8981,9.8605,9.8228,9.7851,9.7509,9.7309,9.7109,9.6907,9.6704,9.65,9.6294,9.6088,9.588,9.5671,9.5339,9.4956,9.4571,9.4184,9.3794,9.3401,9.3006,9.2608,9.2207,9.1542,8.9982,8.8421,8.6858,8.5294,8.3728,8.216,8.059,7.9018,7.7445,7.6491,7.5755,7.5018,7.4281,7.3544,7.2806,7.2068,7.1329,7.059,6.9975,6.9736,6.9499,6.9264,6.9031,6.88,6.8572,6.8346,6.8123,6.7902,6.8064,6.8345,6.8626,6.8906,6.9186,6.9465,6.9743,7.0021,7.0298,7.0152,6.886,6.7568,6.6276,6.4982,6.3689,6.2394,6.1099,5.9804,5.8508,5.657,5.4448,5.2325,5.0201,4.8077,4.5952,4.3826,4.17,3.9573,3.7833,3.7079,3.6327,3.5576,3.4828,3.4081,3.3337,3.2594,3.1854,3.1115,3.0439,2.9778,2.9117,2.8455,2.7793,2.713,2.6467,2.5804
11.7395,11.6541,11.5687,11.4835,11.3984,11.3133,11.2283,11.1435,11.0587,10.9627,10.8598,10.7568,10.6538,10.5507,10.4476,10.3445,10.2413,10.1381,10.0446,10.0175,9.9903,9.9629,9.9354,9.9077,9.8798,9.8519,9.8237,9.7955,9.7876,9.7912,9.7947,9.7982,9.8015,9.8047,9.8079,9.811,9.814,9.8268,9.8959,9.9651,10.0342,10.1034,10.1725,10.2416,10.3107,10.3798,10.4488,10.4909,10.5191,10.5472,10.5754,10.6035,10.6317,10.6599,10.688,10.7162,10.7271,10.6542,10.5813,10.5083,10.4353,10.3622,10.2891,10.2159,10.1426,10.0692,10.0189,9.9792,9.9395,9.8997,9.8599,9.8201,9.7801,9.7402,9.7002,9.6631,9.6385,9.6138,9.5891,9.5642,9.5392,9.5141,9.4888,9.4635,9.438,9.3977,9.3511,9.3043,9.2572,9.2099,9.1623,9.1145,9.0664,9.018,8.9457,8.7866,8.6272,8.4677,8.3081,8.1482,7.9882,7.828,7.6676,7.5071,7.4101,7.3374,7.2647,7.1919,7.1191,7.0463,6.9734,6.9004,6.8275,6.7673,6.7503,6.7335,6.7169,6.7005,6.6843,6.6684,6.6527,6.6372,6.622,6.6388,6.6669,6.6948,6.7228,6.7506,6.7784,6.8062,6.8339,6.8615,6.8509,6.7217,6.5925,6.4632,6.3339,6.2045,6.0751,5.9456,5.816,5.6864,5.4949,5.2826,5.0701,4.8577,4.6451,4.4325,4.2198,4.0071,3.7943,3.6166,3.5448,3.4731,3.4017,3.3304,3.2594,3.1885,3.1178,3.0474,2.9771,2.9101,2.844,2.7779,2.7118,2.6456,2.5794,2.5131,2.4468
11.6618,11.5727,11.4837,11.3948,11.306,11.2172,11.1286,11.0401,10.9516,10.8539,10.7509,10.6479,10.5448,10.4417,10.3386,10.2354,10.1322,10.0289,9.937,9.9157,9.8943,9.8726,9.8509,9.8289,9.8068,9.7846,9.7623,9.7398,9.7377,9.7467,9.7556,9.7644,9.7731,9.7818,9.7903,9.7988,9.8072,9.8251,9.8961,9.967,10.0379,10.1087,10.1796,10.2504,10.3213,10.3921,10.4629,10.5069,10.5372,10.5675,10.5977,10.628,10.6583,10.6886,10.7189,10.7492,10.7602,10.6768,10.5933,10.5099,10.4264,10.3428,10.2592,10.1755,10.0918,10.0079,9.9525,9.9105,9.8685,9.8264,9.7843,9.7421,9.6999,9.6576,9.6152,9.5753,9.5462,9.5169,9.4875,9.4581,9.4285,9.3988,9.369,9.339,9.3089,9.2617,9.2068,9.1517,9.0963,9.0406,8.9847,8.9286,8.8721,8.8154,8.7374,8.575,8.4124,8.2497,8.0868,7.9238,7.7605,7.5971,7.4335,7.2698,7.171,7.0993,7.0275,6.9557,6.8838,6.8119,6.7399,6.6679,6.5959,6.5369,6.5267,6.5168,6.5071,6.4976,6.4883,6.4792,6.4704,6.4619,6.4535,6.4712,6.4992,6.5271,6.5549,6.5827,6.6104,6.6381,6.6657,6.6932,6.6866,6.5574,6.4282,6.2989,6.1696,6.0402,5.9107,5.7812,5.6516,5.5219,5.3329,5.1204,4.9078,4.6952,4.4826,4.2698,4.057,3.8442,3.6312,3.4496,3.3814,3.3134,3.2455,3.1778,3.1104,3.0431,2.976,2.9091,2.8425,2.7763,2.7103,2.6442,2.5781,2.5119,2.4457,2.3794,2.3131
11.584,11.4912,11.3985,11.306,11.2135,11.1211,11.0287,10.9365,10.8444,10.7452,10.6421,10.539,10.4359,10.3327,10.2295,10.1263,10.023,9.9197,9.8296,9.8141,9.7983,9.7825,9.7664,9.7503,9.7339,9.7175,9.7009,9.6842,9.6879,9.7023,9.7165,9.7307,9.7448,9.7589,9.7728,9.7866,9.8004,9.8235,9.8962,9.9689,10.0415,10.1141,10.1867,10.2593,10.3319,10.4045,10.477,10.5229,10.5553,10.5877,10.6201,10.6525,10.6849,10.7173,10.7498,10.7822,10.7933,10.6994,10.6055,10.5115,10.4175,10.3235,10.2294,10.1353,10.0411,9.9467,9.8861,9.8418,9.7975,9.7531,9.7086,9.6642,9.6196,9.575,9.5303,9.4876,9.4539,9.42,9.3861,9.352,9.3179,9.2836,9.2492,9.2147,9.18,9.1259,9.0627,8.9992,8.9355,8.8715,8.8073,8.7429,8.6781,8.6131,8.5291,8.3635,8.1977,8.0318,7.8657,7.6994,7.533,7.3663,7.1995,7.0326,6.9319,6.8611,6.7903,6.7194,6.6485,6.5775,6.5065,6.4354,6.3643,6.3061,6.3029,6.2998,6.297,6.2944,6.292,6.2898,6.2879,6.2862,6.2848,6.3037,6.3315,6.3593,6.3871,6.4148,6.4424,6.4699,6.4974,6.5249,6.5224,6.3932,6.2639,6.1346,6.0052,5.8758,5.7463,5.6168,5.4872,5.3575,5.1708,4.9582,4.7455,4.5328,4.32,4.1072,3.8942,3.6813,3.4682,3.2824,3.2178,3.1534,3.0891,3.025,2.9611,2.8974,2.8339,2.7706,2.7075,2.6425,2.5765,2.5105,2.4443,2.3782,2.312,2.2458,2.1795
11.5061,11.4096,11.3133,11.217,11.1208,11.0248,10.9288,10.8329,10.7371,10.6364,10.5333,10.4301,10.3269,10.2237,10.1204,10.0171,9.9138,9.8104,9.7223,9.7125,9.7026,9.6924,9.6822,9.6717,9.6612,9.6505,9.6396,9.6287,9.6381,9.6579,9.6776,9.6971,9.7166,9.736,9.7553,9.7746,9.7937,9.822,9.8964,9.9708,10.0451,10.1195,10.1938,10.2682,10.3425,10.4168,10.4911,10.5389,10.5734,10.608,10.6425,10.677,10.7115,10.7461,10.7806,10.8152,10.8263,10.722,10.6176,10.5132,10.4088,10.3043,10.1997,10.0951,9.9904,9.8856,9.8198,9.7732,9.7265,9.6798,9.6331,9.5862,9.5394,9.4925,9.4455,9.4,9.3616,9.3232,9.2847,9.2461,9.2074,9.1685,9.1295,9.0904,9.0512,8.9903,8.9187,8.8469,8.7749,8.7027,8.6301,8.5574,8.4843,8.411,8.3209,8.1521,7.9831,7.814,7.6446,7.4752,7.3055,7.1357,6.9657,6.7955,6.6927,6.6229,6.553,6.4831,6.4131,6.343,6.273,6.2028,6.1327,6.0751,6.0787,6.0826,6.0866,6.0909,6.0953,6.1,6.105,6.1102,6.1157,6.1361,6.1639,6.1916,6.2192,6.2468,6.2743,6.3018,6.3292,6.3566,6.3581,6.2289,6.0996,5.9703,5.8409,5.7114,5.5819,5.4524,5.3228,5.1931,5.0087,4.796,4.5832,4.3704,4.1575,3.9445,3.7315,3.5184,3.3052,3.115,3.054,2.9931,2.9324,2.8719,2.8116,2.7515,2.6916,2.6319,2.5724,2.5088,2.4428,2.3767,2.3106,2.2445,2.1783,2.1121,2.0458
11.428,11.3279,11.2278,11.1279,11.0281,10.9283,10.8287,10.7291,10.6296,10.5277,10.4245,10.3212,10.218,10.1147,10.0114,9.908,9.8046,9.7012,9.6151,9.6111,9.6069,9.6025,9.598,9.5933,9.5885,9.5836,9.5785,9.5733,9.5885,9.6136,9.6387,9.6636,9.6885,9.7133,9.7379,9.7626,9.7871,9.8204,9.8965,9.9727,10.0488,10.1249,10.201,10.2771,10.3531,10.4292,10.5052,10.5549,10.5916,10.6282,10.6649,10.7015,10.7382,10.7748,10.8115,10.8482,10.8594,10.7446,10.6298,10.5149,10.4,10.2851,10.1701,10.055,9.9398,9.8246,9.7535,9.7046,9.6556,9.6066,9.5575,9.5084,9.4592,9.4099,9.3607,9.3124,9.2695,9.2265,9.1834,9.1402,9.0969,9.0535,9.0099,8.9662,8.9224,8.8548,8.775,8.6949,8.6146,8.534,8.4532,8.3721,8.2907,8.2091,8.1128,7.9408,7.7686,7.5962,7.4237,7.251,7.0781,6.9051,6.7319,6.5585,6.4536,6.3847,6.3157,6.2467,6.1777,6.1086,6.0394,5.9702,5.901,5.8438,5.8543,5.865,5.8759,5.8871,5.8984,5.91,5.9218,5.9339,5.9462,5.9686,5.9962,6.0238,6.0514,6.0789,6.1063,6.1337,6.161,6.1883,6.1938,6.0646,5.9353,5.8059,5.6765,5.5471,5.4176,5.288,5.1584,5.0287,4.8467,4.6338,4.4209,4.208,3.9949,3.7818,3.5687,3.3555,3.1422,2.9474,2.8899,2.8326,2.7755,2.7186,2.6618,2.6057,2.5503,2.4949,2.4397,2.3786,2.3136,2.2487,2.1838,2.119,2.0542,1.9895,1.9248
11.3498,11.246,11.1423,11.0387,10.9352,10.8318,10.7285,10.6252,10.5221,10.4189,10.3156,10.2124,10.109,10.0057,9.9023,9.7989,9.6954,9.5919,9.5081,9.5098,9.5114,9.5127,9.514,9.515,9.516,9.5168,9.5174,9.518,9.539,9.5695,9.5999,9.6302,9.6604,9.6906,9.7206,9.7506,9.7805,9.8188,9.8967,9.9746,10.0525,10.1303,10.2081,10.286,10.3638,10.4416,10.5194,10.5709,10.6097,10.6485,10.6872,10.726,10.7648,10.8036,10.8423,10.8811,10.8926,10.7673,10.642,10.5167,10.3913,10.2659,10.1404,10.0149,9.8893,9.7636,9.6872,9.6359,9.5847,9.5333,9.4819,9.4305,9.379,9.3275,9.2759,9.2249,9.1774,9.1299,9.0822,9.0344,8.9865,8.9385,8.8904,8.8421,8.7938,8.7195,8.6314,8.543,8.4544,8.3655,8.2764,8.187,8.0973,8.0074,7.9048,7.7296,7.5542,7.3786,7.2029,7.0269,6.8509,6.6746,6.4982,6.3216,6.2144,6.1464,6.0784,6.0103,5.9422,5.874,5.8058,5.7376,5.6693,5.6122,5.6296,5.6472,5.665,5.683,5.7012,5.7197,5.7384,5.7573,5.7766,5.8015,5.8293,5.8569,5.8843,5.9115,5.9384,5.9651,5.9915,6.0178,6.0263,5.8969,5.7673,5.6378,5.5082,5.3786,5.2489,5.1192,4.9894,4.8596,4.6814,4.4711,4.261,4.0512,3.8417,3.6324,3.4233,3.2145,3.006,2.8111,2.757,2.7029,2.649,2.5951,2.5413,2.4876,2.434,2.3805,2.327,2.2677,2.2038,2.1399,2.0761,2.0124,1.9487,1.885,1.8214
11.2516,11.152,11.0521,10.9519,10.8515,10.7508,10.6498,10.5487,10.4472,10.3467,10.2465,10.1461,10.0454,9.9445,9.8435,9.7422,9.6407,9.539,9.4586,9.4642,9.4697,9.4752,9.4805,9.4857,9.4909,9.4959,9.5009,9.5058,9.5289,9.5602,9.5916,9.6232,9.6548,9.6866,9.7184,9.7503,9.7823,9.8224,9.8986,9.9749,10.0513,10.1277,10.2043,10.281,10.3577,10.4344,10.5112,10.5623,10.6009,10.6395,10.6781,10.7167,10.7553,10.7938,10.8323,10.8707,10.8803,10.7459,10.6113,10.4767,10.3421,10.2073,10.0724,9.9375,9.8025,9.6674,9.5841,9.5277,9.4711,9.4143,9.3574,9.3002,9.2428,9.1851,9.1272,9.0697,9.0157,8.9614,8.907,8.8523,8.7974,8.7424,8.687,8.6315,8.5757,8.4949,8.4001,8.3052,8.2102,8.1151,8.02,7.9248,7.8296,7.7343,7.6284,7.4537,7.2791,7.1046,6.9302,6.756,6.5819,6.408,6.2342,6.0606,5.9569,5.8959,5.8351,5.7746,5.7145,5.6546,5.5951,5.5359,5.477,5.4275,5.4495,5.4716,5.4937,5.5159,5.5382,5.5605,5.5829,5.6054,5.6279,5.6516,5.676,5.7001,5.7239,5.7476,5.771,5.7942,5.8172,5.8399,5.8494,5.7203,5.5911,5.4619,5.3327,5.2034,5.0741,4.9447,4.8153,4.6859,4.513,4.3077,4.1026,3.8977,3.6931,3.4887,3.2846,3.0807,2.8772,2.682,2.6297,2.5775,2.5253,2.4733,2.4213,2.3694,2.3176,2.2659,2.2143,2.1567,2.0939,2.0311,1.9684,1.9057,1.8431,1.7805,1.7179
11.145,11.0525,10.9597,10.8667,10.7734,10.6798,10.586,10.4919,10.3976,10.3045,10.2119,10.1189,10.0258,9.9325,9.8389,9.7451,9.6512,9.557,9.4849,9.4957,9.5064,9.5169,9.5274,9.5378,9.5481,9.5583,9.5684,9.5785,9.5993,9.6248,9.6505,9.6762,9.7021,9.7281,9.7541,9.7803,9.8065,9.84,9.905,9.9701,10.0352,10.1005,10.1659,10.2313,10.2968,10.3623,10.4279,10.4692,10.4988,10.5285,10.5581,10.5877,10.6173,10.6468,10.6763,10.7058,10.7074,10.5691,10.4308,10.2923,10.1538,10.0152,9.8765,9.7377,9.5989,9.4599,9.3678,9.3002,9.2325,9.1646,9.0965,9.0282,8.9597,8.8909,8.8219,8.754,8.6942,8.6343,8.5741,8.5137,8.4531,8.3923,8.3313,8.27,8.2085,8.1273,8.0346,7.9418,7.8489,7.756,7.663,7.5699,7.4767,7.3835,7.2815,7.1147,6.9481,6.7815,6.6151,6.4488,6.2827,6.1167,5.9508,5.7851,5.6892,5.6388,5.5887,5.5389,5.4894,5.4402,5.3914,5.3429,5.2947,5.2535,5.2783,5.3032,5.3281,5.3531,5.3782,5.4033,5.4285,5.4538,5.4791,5.502,5.5228,5.5434,5.5638,5.5839,5.6038,5.6235,5.643,5.6622,5.6724,5.5437,5.4149,5.286,5.1572,5.0282,4.8993,4.7703,4.6412,4.5122,4.3444,4.144,3.9438,3.7438,3.5441,3.3447,3.1455,2.9466,2.748,2.5527,2.5023,2.4519,2.4015,2.3513,2.3011,2.2511,2.2011,2.1512,2.1014,2.0456,1.9839,1.9222,1.8605,1.7989,1.7373,1.6758,1.6143
11.0386,10.9533,10.8676,10.7817,10.6955,10.609,10.5223,10.4353,10.3481,10.2626,10.1774,10.092,10.0064,9.9206,9.8345,9.7483,9.6619,9.5752,9.5114,9.5273,9.5431,9.5588,9.5745,9.59,9.6054,9.6208,9.6361,9.6513,9.6696,9.6894,9.7092,9.7292,9.7493,9.7695,9.7898,9.8102,9.8306,9.8575,9.9113,9.9651,10.0191,10.0732,10.1273,10.1815,10.2358,10.2902,10.3445,10.376,10.3967,10.4174,10.438,10.4587,10.4793,10.4998,10.5204,10.5408,10.5345,10.3924,10.2502,10.1079,9.9655,9.8231,9.6806,9.538,9.3953,9.2525,9.1515,9.0729,8.994,8.915,8.8358,8.7564,8.6767,8.5968,8.5167,8.4384,8.3729,8.3072,8.2413,8.1752,8.1089,8.0423,7.9756,7.9086,7.8414,7.7596,7.669,7.5783,7.4876,7.3967,7.3059,7.2149,7.1239,7.0328,6.9345,6.7756,6.6169,6.4583,6.2998,6.1414,5.9832,5.8251,5.6672,5.5094,5.4211,5.3814,5.342,5.3028,5.264,5.2255,5.1873,5.1494,5.1119,5.0794,5.107,5.1347,5.1624,5.1902,5.218,5.246,5.274,5.302,5.3302,5.3524,5.3697,5.3868,5.4037,5.4204,5.4368,5.453,5.469,5.4847,5.4954,5.367,5.2386,5.1101,4.9816,4.853,4.7244,4.5958,4.4671,4.3384,4.1754,3.9799,3.7847,3.5897,3.3949,3.2004,3.0062,2.8122,2.6185,2.425,2.3747,2.3261,2.2776,2.2292,2.1809,2.1326,2.0844,2.0363,1.9883,1.9345,1.8738,1.8132,1.7526,1.6921,1.6316,1.5711,1.5107
10.9326,10.8543,10.7758,10.6969,10.6178,10.5385,10.4589,10.379,10.2989,10.2208,10.1432,10.0653,9.9872,9.9089,9.8304,9.7516,9.6727,9.5936,9.5379,9.559,9.58,9.6008,9.6216,9.6423,9.6629,9.6834,9.7038,9.7241,9.7398,9.7538,9.7679,9.7821,9.7964,9.8109,9.8254,9.84,9.8546,9.8749,9.9174,9.9601,10.0029,10.0457,10.0887,10.1317,10.1748,10.2179,10.2611,10.2829,10.2946,10.3063,10.3179,10.3296,10.3413,10.3529,10.3644,10.3759,10.3616,10.2156,10.0696,9.9235,9.7773,9.6311,9.4847,9.3383,9.1918,9.0451,8.9353,8.8456,8.7556,8.6655,8.5752,8.4846,8.3939,8.3029,8.2116,8.1228,8.0516,7.9802,7.9086,7.8367,7.7647,7.6925,7.62,7.5473,7.4744,7.3919,7.3034,7.2148,7.1262,7.0375,6.9487,6.8598,6.7709,6.6819,6.5872,6.4363,6.2855,6.1348,5.9842,5.8337,5.6834,5.5333,5.3833,5.2334,5.1526,5.1236,5.0948,5.0664,5.0382,5.0103,4.9828,4.9556,4.9288,4.9052,4.9356,4.9661,4.9966,5.0272,5.0578,5.0885,5.1193,5.1502,5.1811,5.2031,5.2169,5.2305,5.2439,5.257,5.27,5.2827,5.2952,5.3074,5.3184,5.1904,5.0623,4.9342,4.806,4.6778,4.5496,4.4213,4.293,4.1646,4.0062,3.8156,3.6253,3.4352,3.2454,3.0558,2.8665,2.6775,2.4887,2.3002,2.247,2.2003,2.1536,2.107,2.0604,2.014,1.9676,1.9214,1.8752,1.8233,1.7637,1.7041,1.6446,1.5851,1.5257,1.4663,1.4069
10.8267,10.7556,10.6841,10.6124,10.5404,10.4682,10.3957,10.3229,10.2499,10.1793,10.1091,10.0388,9.9682,9.8974,9.8264,9.7552,9.6838,9.6122,9.5647,9.5909,9.617,9.643,9.6689,9.6947,9.7204,9.746,9.7716,9.7971,9.8099,9.8182,9.8265,9.8349,9.8435,9.8521,9.8609,9.8697,9.8786,9.8921,9.9235,9.955,9.9865,10.0182,10.05,10.0818,10.1137,10.1456,10.1776,10.1896,10.1924,10.1951,10.1978,10.2006,10.2032,10.2059,10.2085,10.211,10.1887,10.0389,9.889,9.7391,9.5891,9.439,9.2889,9.1386,8.9882,8.8378,8.7193,8.6184,8.5174,8.4161,8.3147,8.213,8.1112,8.0091,7.9068,7.8073,7.7304,7.6533,7.5759,7.4984,7.4207,7.3427,7.2645,7.1861,7.1075,7.0242,6.9378,6.8513,6.7648,6.6782,6.5915,6.5047,6.4179,6.331,6.2397,6.0967,5.9538,5.811,5.6684,5.5258,5.3834,5.2412,5.0991,4.9572,4.8838,4.8654,4.8473,4.8295,4.812,4.7948,4.7779,4.7614,4.7452,4.7309,4.7641,4.7973,4.8306,4.864,4.8974,4.9309,4.9645,4.9982,5.0319,5.0539,5.0642,5.0743,5.0842,5.0939,5.1033,5.1125,5.1215,5.1303,5.1388,5.0137,4.886,4.7582,4.6304,4.5026,4.3747,4.2468,4.1188,3.9908,3.8367,3.651,3.4656,3.2805,3.0956,2.9109,2.7265,2.5424,2.3585,2.1749,2.1193,2.0743,2.0294,1.9846,1.9399,1.8953,1.8507,1.8063,1.7619,1.712,1.6535,1.595,1.5365,1.4781,1.4197,1.3614,1.3031
10.7212,10.6571,10.5928,10.5281,10.4633,10.3981,10.3327,10.267,10.2012,10.138,10.0753,10.0125,9.9494,9.8861,9.8226,9.7589,9.695,9.631,9.5915,9.6228,9.6541,9.6852,9.7162,9.7472,9.778,9.8088,9.8395,9.8701,9.88,9.8824,9.885,9.8877,9.8904,9.8933,9.8963,9.8994,9.9025,9.9093,9.9294,9.9497,9.9701,9.9906,10.0112,10.0318,10.0525,10.0733,10.0941,10.0964,10.0902,10.0839,10.0777,10.0715,10.0652,10.0589,10.0525,10.0461,10.0158,9.8622,9.7085,9.5547,9.4009,9.247,9.093,8.9389,8.7848,8.6305,8.5033,8.3913,8.2792,8.1669,8.0543,7.9416,7.8286,7.7154,7.602,7.4919,7.4093,7.3264,7.2434,7.1602,7.0767,6.9931,6.9092,6.8251,6.7407,6.6564,6.5721,6.4877,6.4033,6.3188,6.2342,6.1496,6.0649,5.9801,5.892,5.7569,5.6219,5.487,5.3523,5.2177,5.0832,4.9489,4.8147,4.6807,4.6147,4.6069,4.5995,4.5923,4.5854,4.5789,4.5726,4.5667,4.5612,4.5565,4.5924,4.6285,4.6646,4.7007,4.737,4.7733,4.8096,4.846,4.8826,4.9048,4.9117,4.9183,4.9247,4.9309,4.9368,4.9426,4.9481,4.9533,4.9583,4.837,4.7097,4.5823,4.4548,4.3273,4.1998,4.0723,3.9447,3.817,3.6668,3.4861,3.3056,3.1254,2.9454,2.7657,2.5862,2.407,2.2281,2.0494,1.9914,1.9482,1.9051,1.8622,1.8192,1.7764,1.7337,1.691,1.6485,1.6006,1.5432,1.4857,1.4283,1.371,1.3137,1.2564,1.1992
10.6159,10.5589,10.5016,10.4441,10.3863,10.3283,10.2699,10.2114,10.1526,10.0969,10.0418,9.9864,9.9308,9.875,9.819,9.7629,9.7065,9.6499,9.6184,9.6549,9.6913,9.7275,9.7637,9.7998,9.8358,9.8717,9.9075,9.9432,9.9499,9.9466,9.9434,9.9403,9.9373,9.9344,9.9317,9.929,9.9263,9.9263,9.9353,9.9444,9.9536,9.9629,9.9723,9.9818,9.9913,10.0009,10.0105,10.0031,9.9879,9.9727,9.9576,9.9424,9.9272,9.9119,9.8966,9.8812,9.8429,9.6855,9.528,9.3704,9.2127,9.055,8.8972,8.7393,8.5813,8.4232,8.2874,8.1643,8.0411,7.9177,7.7941,7.6703,7.5462,7.4219,7.2974,7.1766,7.0882,6.9997,6.911,6.822,6.7329,6.6435,6.5539,6.4641,6.3741,6.2886,6.2064,6.1241,6.0418,5.9594,5.8769,5.7944,5.7117,5.6291,5.5441,5.4169,5.2898,5.1628,5.036,4.9093,4.7827,4.6563,4.53,4.4039,4.3451,4.348,4.3512,4.3547,4.3584,4.3625,4.3669,4.3717,4.3767,4.3822,4.4207,4.4595,4.4984,4.5373,4.5764,4.6154,4.6546,4.6938,4.7331,4.7559,4.7593,4.7624,4.7653,4.768,4.7705,4.7728,4.7748,4.7765,4.7781,4.6603,4.5333,4.4063,4.2792,4.1521,4.0249,3.8977,3.7705,3.6432,3.4967,3.3209,3.1454,2.97,2.795,2.6202,2.4456,2.2713,2.0973,1.9236,1.8633,1.822,1.7807,1.7396,1.6985,1.6574,1.6165,1.5757,1.5349,1.4892,1.4328,1.3764,1.3201,1.2638,1.2076,1.1514,1.0952
10.5108,10.4609,10.4108,10.3603,10.3096,10.2586,10.2074,10.156,10.1042,10.056,10.0084,9.9605,9.9125,9.8642,9.8157,9.767,9.7181,9.669,9.6455,9.6871,9.7286,9.77,9.8113,9.8525,9.8936,9.9346,9.9756,10.0165,10.0197,10.0106,10.0017,9.9929,9.9841,9.9755,9.9669,9.9585,9.9501,9.9431,9.941,9.9389,9.9369,9.9351,9.9333,9.9316,9.93,9.9284,9.9269,9.9097,9.8856,9.8615,9.8374,9.8133,9.7891,9.7649,9.7407,9.7164,9.67,9.5088,9.3474,9.186,9.0246,8.863,8.7014,8.5397,8.3778,8.2159,8.0716,7.9375,7.8032,7.6687,7.534,7.3991,7.2639,7.1286,6.993,6.8613,6.7673,6.6731,6.5786,6.484,6.3891,6.2941,6.1988,6.1033,6.0075,5.9207,5.8406,5.7604,5.6802,5.5999,5.5195,5.4391,5.3586,5.278,5.1959,5.0766,4.9575,4.8384,4.7195,4.6007,4.482,4.3635,4.2451,4.1269,4.0752,4.0888,4.1026,4.1167,4.1311,4.1458,4.1608,4.1762,4.1919,4.208,4.2488,4.2904,4.3321,4.3738,4.4156,4.4575,4.4994,4.5414,4.5835,4.6072,4.6071,4.6067,4.6062,4.6054,4.6044,4.6031,4.6017,4.5999,4.598,4.4836,4.357,4.2303,4.1035,3.9768,3.85,3.7231,3.5962,3.4693,3.3263,3.1554,2.9848,2.8144,2.6442,2.4743,2.3047,2.1353,1.9662,1.7974,1.7352,1.6957,1.6562,1.6168,1.5775,1.5383,1.4992,1.4602,1.4212,1.3777,1.3223,1.267,1.2118,1.1566,1.1014,1.0463,0.9912
10.406,10.3632,10.3201,10.2768,10.2331,10.1893,10.1451,10.1007,10.0561,10.0154,9.9752,9.9349,9.8943,9.8535,9.8125,9.7713,9.7299,9.6883,9.6727,9.7194,9.766,9.8126,9.859,9.9053,9.9515,9.9977,10.0438,10.0898,10.0894,10.0746,10.0599,10.0453,10.0308,10.0164,10.0021,9.9879,9.9738,9.9599,9.9465,9.9333,9.9202,9.9072,9.8943,9.8814,9.8686,9.8559,9.8431,9.8163,9.7833,9.7503,9.7172,9.6841,9.6511,9.6179,9.5847,9.5515,9.4971,9.3321,9.1669,9.0017,8.8364,8.6711,8.5056,8.3401,8.1744,8.0087,7.8559,7.7107,7.5653,7.4197,7.274,7.128,6.9818,6.8354,6.6887,6.5462,6.4464,6.3465,6.2464,6.146,6.0455,5.9447,5.8438,5.7426,5.6411,5.5527,5.4748,5.3967,5.3186,5.2404,5.1621,5.0838,5.0054,4.9269,4.8476,4.7362,4.6249,4.5137,4.4027,4.2918,4.181,4.0704,3.9599,3.8496,3.805,3.8291,3.8536,3.8783,3.9033,3.9287,3.9543,3.9803,4.0066,4.0333,4.0768,4.1212,4.1657,4.2102,4.2548,4.2994,4.3441,4.3889,4.4338,4.4587,4.455,4.4512,4.4472,4.4429,4.4384,4.4337,4.4287,4.4235,4.4181,4.3069,4.1806,4.0542,3.9279,3.8015,3.675,3.5485,3.422,3.2954,3.1556,2.9896,2.8239,2.6584,2.4932,2.3282,2.1635,1.999,1.8348,1.6709,1.6069,1.5692,1.5316,1.494,1.4565,1.4191,1.3818,1.3446,1.3074,1.2661,1.2118,1.1576,1.1034,1.0492,0.9951,0.941,0.887
10.3015,10.2657,10.2297,10.1935,10.1569,10.1201,10.083,10.0457,10.0082,9.975,9.9423,9.9094,9.8763,9.843,9.8095,9.7758,9.7419,9.7078,9.7,9.7519,9.8036,9.8552,9.9068,9.9582,10.0096,10.0608,10.112,10.1632,10.1591,10.1385,10.118,10.0977,10.0775,10.0573,10.0373,10.0173,9.9974,9.9765,9.952,9.9276,9.9034,9.8792,9.8551,9.8311,9.8071,9.7832,9.7594,9.7229,9.681,9.639,9.597,9.555,9.513,9.4709,9.4288,9.3866,9.3243,9.1554,8.9864,8.8174,8.6483,8.4791,8.3098,8.1405,7.971,7.8015,7.6403,7.484,7.3276,7.1709,7.0141,6.857,6.6998,6.5423,6.3845,6.2311,6.1257,6.02,5.9142,5.8082,5.702,5.5955,5.4888,5.3819,5.2748,5.1848,5.1089,5.0329,4.9569,4.8808,4.8046,4.7284,4.6521,4.5757,4.499,4.3955,4.2921,4.1889,4.0857,3.9827,3.8798,3.777,3.6745,3.572,3.5344,3.5691,3.6042,3.6395,3.6752,3.7111,3.7474,3.784,3.821,3.8583,3.9048,3.9519,3.9992,4.0465,4.0938,4.1413,4.1887,4.2363,4.284,4.3103,4.3032,4.2959,4.2883,4.2806,4.2726,4.2644,4.256,4.2473,4.2384,4.1301,4.0042,3.8782,3.7522,3.6261,3.5,3.3739,3.2477,3.1215,2.9846,2.8235,2.6627,2.5022,2.3418,2.1818,2.0219,1.8624,1.7031,1.5441,1.4785,1.4426,1.4068,1.371,1.3354,1.2998,1.2642,1.2288,1.1935,1.1544,1.1012,1.048,0.9949,0.9418,0.8888,0.8358,0.7828
10.1972,10.1685,10.1396,10.1104,10.0809,10.0512,10.0212,9.991,9.9605,9.9348,9.9096,9.8842,9.8586,9.8328,9.8067,9.7805,9.7541,9.7275,9.7274,9.7844,9.8413,9.898,9.9547,10.0112,10.0677,10.1241,10.1804,10.2367,10.2286,10.2023,10.1761,10.15,10.124,10.0981,10.0723,10.0466,10.021,9.993,9.9574,9.9219,9.8864,9.8511,9.8159,9.7807,9.7456,9.7106,9.6756,9.6295,9.5786,9.5277,9.4768,9.4259,9.3749,9.3239,9.2729,9.2218,9.1514,8.9787,8.8059,8.6331,8.4602,8.2872,8.1141,7.9409,7.7677,7.5943,7.4248,7.2574,7.0899,6.9222,6.7543,6.5862,6.4179,6.2493,6.0805,5.9161,5.805,5.6937,5.5821,5.4704,5.3585,5.2464,5.134,5.0214,4.9086,4.8168,4.743,4.6691,4.5952,4.5212,4.4471,4.373,4.2988,4.2245,4.1502,4.0546,3.9591,3.8637,3.7685,3.6733,3.5783,3.4835,3.3888,3.2942,3.2634,3.3088,3.3544,3.4004,3.4467,3.4932,3.5401,3.5873,3.6349,3.6828,3.7326,3.7825,3.8325,3.8826,3.9327,3.9829,4.0332,4.0836,4.134,4.162,4.1515,4.1407,4.1297,4.1184,4.107,4.0953,4.0834,4.0712,4.0588,3.9533,3.8277,3.7021,3.5765,3.4508,3.325,3.1993,3.0734,2.9476,2.8133,2.6572,2.5013,2.3456,2.1902,2.035,1.8801,1.7254,1.571,1.4169,1.35,1.3159,1.2819,1.2479,1.2141,1.1803,1.1466,1.113,1.0794,1.0427,0.9905,0.9384,0.8863,0.8343,0.7823,0.7304,0.6785
10.0931,10.0715,10.0497,10.0275,10.0051,9.9825,9.9596,9.9364,9.913,9.8948,9.8771,9.8592,9.8411,9.8227,9.8042,9.7854,9.7665,9.7473,9.755,9.8171,9.879,9.9409,10.0027,10.0644,10.126,10.1875,10.2489,10.3103,10.298,10.266,10.234,10.2022,10.1705,10.1388,10.1073,10.0759,10.0445,10.0094,9.9626,9.916,9.8694,9.8229,9.7766,9.7303,9.684,9.6378,9.5917,9.536,9.4762,9.4163,9.3565,9.2967,9.2368,9.1769,9.117,9.0569,8.9785,8.802,8.6255,8.4488,8.2721,8.0953,7.9184,7.7414,7.5644,7.3872,7.2093,7.0309,6.8524,6.6736,6.4947,6.3155,6.1362,5.9566,5.7767,5.6012,5.4844,5.3674,5.2502,5.1328,5.0152,4.8973,4.7793,4.661,4.5425,4.4487,4.377,4.3053,4.2334,4.1615,4.0895,4.0175,3.9454,3.8732,3.801,3.7135,3.6259,3.5384,3.451,3.3637,3.2766,3.1896,3.1028,3.0161,2.992,3.048,3.1043,3.1609,3.2177,3.2749,3.3324,3.3902,3.4484,3.5069,3.5602,3.613,3.6658,3.7186,3.7715,3.8245,3.8776,3.9307,3.9839,4.014,3.9999,3.9856,3.9712,3.9565,3.9415,3.9264,3.911,3.8954,3.8795,3.7765,3.6513,3.526,3.4007,3.2754,3.15,3.0246,2.8991,2.7736,2.6417,2.4905,2.3395,2.1887,2.0382,1.8879,1.7379,1.5882,1.4387,1.2895,1.2214,1.1891,1.1569,1.1247,1.0927,1.0607,1.0288,0.997,0.9652,0.9308,0.8798,0.8287,0.7777,0.7267,0.6758,0.6249,0.5741
9.9893,9.9748,9.96,9.9449,9.9296,9.914,9.8982,9.8821,9.8657,9.855,9.8448,9.8344,9.8237,9.8129,9.8018,9.7905,9.779,9.7674,9.7827,9.8499,9.9169,9.9839,10.0508,10.1176,10.1843,10.2509,10.3175,10.3839,10.3674,10.3296,10.2919,10.2543,10.2168,10.1795,10.1422,10.105,10.0679,10.0257,9.9677,9.91,9.8523,9.7947,9.7372,9.6797,9.6224,9.565,9.5077,9.4424,9.3737,9.305,9.2362,9.1675,9.0987,9.0299,8.961,8.8921,8.8057,8.6254,8.445,8.2645,8.084,7.9034,7.7227,7.5419,7.361,7.1801,6.994,6.8046,6.615,6.4252,6.2352,6.045,5.8546,5.6639,5.473,5.2863,5.1638,5.0412,4.9183,4.7952,4.6719,4.5484,4.4247,4.3008,4.1766,4.0806,4.011,3.9413,3.8716,3.8018,3.7319,3.662,3.5919,3.5219,3.4517,3.3722,3.2924,3.2128,3.1333,3.0539,2.9746,2.8955,2.8166,2.7378,2.7204,2.7869,2.8538,2.921,2.9884,3.0562,3.1243,3.1927,3.2615,3.3306,3.3878,3.4433,3.4989,3.5545,3.6102,3.666,3.7218,3.7777,3.8337,3.866,3.8485,3.8308,3.8128,3.7946,3.7762,3.7576,3.7388,3.7197,3.7003,3.5997,3.4748,3.3499,3.225,3.1,2.975,2.8499,2.7248,2.5997,2.4699,2.3235,2.1774,2.0316,1.8859,1.7406,1.5954,1.4506,1.306,1.1617,1.0927,1.0622,1.0326,1.0056,0.9787,0.9517,0.9247,0.8977,0.8707,0.8415,0.7943,0.7471,0.6999,0.6526,0.6053,0.558,0.5106
9.8858,9.8783,9.8706,9.8626,9.8543,9.8458,9.837,9.828,9.8187,9.8155,9.8128,9.8098,9.8066,9.8032,9.7996,9.7958,9.7918,9.7876,9.8105,9.8828,9.955,10.027,10.099,10.1709,10.2427,10.3145,10.3861,10.4577,10.4366,10.3931,10.3496,10.3063,10.2631,10.22,10.177,10.1341,10.0913,10.0418,9.9728,9.9038,9.835,9.7663,9.6977,9.6291,9.5606,9.4922,9.4238,9.3488,9.2712,9.1936,9.116,9.0383,8.9606,8.8829,8.8051,8.7273,8.6328,8.4487,8.2645,8.0803,7.8959,7.7115,7.527,7.3424,7.1578,6.973,6.7787,6.5783,6.3776,6.1768,5.9758,5.7745,5.5731,5.3714,5.1695,4.9716,4.8434,4.715,4.5865,4.4577,4.3288,4.1996,4.0702,3.9406,3.8107,3.7124,3.645,3.5774,3.5097,3.442,3.3742,3.3064,3.2385,3.1705,3.1024,3.0306,2.9587,2.887,2.8153,2.7438,2.6724,2.6012,2.5301,2.4592,2.4483,2.5255,2.6029,2.6807,2.7587,2.8371,2.9158,2.9948,3.0741,3.1538,3.2153,3.2735,3.3319,3.3903,3.4506,3.5113,3.5717,3.6319,3.6918,3.7279,3.7085,3.6888,3.6689,3.6488,3.6284,3.6078,3.5869,3.5657,3.5443,3.447,3.3235,3.2,3.0764,2.9526,2.8288,2.7048,2.5807,2.4565,2.33,2.1941,2.0588,1.9242,1.7902,1.6569,1.5242,1.3922,1.2609,1.1302,1.065,1.0379,1.0108,0.9838,0.9567,0.9295,0.9024,0.8753,0.8481,0.8195,0.772,0.7245,0.677,0.6294,0.5818,0.5341,0.4864
9.8438,9.8398,9.8357,9.8315,9.827,9.8225,9.8178,9.813,9.808,9.8073,9.8069,9.8065,9.806,9.8056,9.8052,9.8047,9.8043,9.8038,9.8298,9.9018,9.974,10.0462,10.1186,10.1911,10.2637,10.3364,10.4092,10.4821,10.4553,10.4059,10.3565,10.3073,10.2581,10.2091,10.1601,10.1112,10.0624,10.006,9.9279,9.8498,9.7718,9.6937,9.6157,9.5377,9.4596,9.3816,9.3035,9.2196,9.1333,9.0469,8.9604,8.8739,8.7874,8.7007,8.614,8.5272,8.4244,8.2354,8.0462,7.8569,7.6674,7.4779,7.2882,7.0983,6.9083,6.7181,6.5178,6.311,6.104,5.897,5.6899,5.4827,5.2754,5.0681,4.8607,4.6572,4.527,4.3968,4.2665,4.1362,4.0058,3.8754,3.745,3.6145,3.484,3.3889,3.3296,3.2705,3.2116,3.153,3.0945,3.0363,2.9783,2.9206,2.8631,2.8047,2.7465,2.6886,2.631,2.5738,2.5169,2.4604,2.4043,2.3486,2.3477,2.4328,2.5179,2.6031,2.6883,2.7736,2.859,2.9444,3.0299,3.1154,3.1769,3.2334,3.2896,3.3456,3.4014,3.457,3.5123,3.5673,3.6221,3.6551,3.6311,3.607,3.5826,3.5579,3.5331,3.5079,3.4825,3.4568,3.4309,3.3341,3.2094,3.0847,2.9599,2.8349,2.7099,2.5847,2.4594,2.334,2.2086,2.0837,1.9594,1.8358,1.7128,1.5904,1.4688,1.3478,1.2274,1.1078,1.0435,1.0163,0.9891,0.9619,0.9347,0.9074,0.8801,0.8528,0.8255,0.7975,0.7497,0.7019,0.654,0.6061,0.5582,0.5103,0.4623
9.8171,9.8174,9.8176,9.8176,9.8174,9.8171,9.8166,9.8161,9.8154,9.8155,9.8156,9.8158,9.8159,9.8161,9.8162,9.8163,9.8164,9.8165,9.8416,9.908,9.9746,10.0412,10.108,10.1749,10.2419,10.309,10.3762,10.4435,10.4077,10.3496,10.2917,10.2339,10.1762,10.1187,10.0611,10.0037,9.9464,9.8815,9.7958,9.7101,9.6244,9.5388,9.4531,9.3675,9.2819,9.1962,9.1106,9.018,8.9226,8.8272,8.7317,8.6362,8.5406,8.4449,8.3492,8.2533,8.1419,7.9458,7.7496,7.5533,7.3568,7.1602,6.9635,6.7666,6.5696,6.3724,6.1716,5.9683,5.765,5.5616,5.3582,5.1547,4.9511,4.7474,4.5437,4.3432,4.2164,4.0895,3.9625,3.8355,3.7085,3.5814,3.4543,3.3271,3.2,3.1118,3.065,3.0184,2.9719,2.9257,2.8797,2.8339,2.7884,2.7431,2.6981,2.6525,2.6072,2.5621,2.5174,2.4731,2.4291,2.3854,2.3422,2.2993,2.3049,2.392,2.479,2.5661,2.6533,2.7406,2.8279,2.9152,3.0027,3.0902,3.1484,3.1998,3.2509,3.3018,3.3524,3.4029,3.453,3.503,3.5527,3.5824,3.554,3.5254,3.4965,3.4673,3.4379,3.4082,3.3783,3.3481,3.3177,3.2213,3.0954,2.9695,2.8434,2.7173,2.591,2.4646,2.3382,2.2116,2.0865,1.9726,1.8593,1.7467,1.6347,1.5233,1.4126,1.3026,1.1933,1.0847,1.0221,0.9948,0.9674,0.94,0.9127,0.8853,0.8579,0.8304,0.803,0.7755,0.7275,0.6793,0.6312,0.583,0.5347,0.4865,0.4382
9.7906,9.7952,9.7996,9.8038,9.8079,9.8118,9.8156,9.8193,9.8228,9.8237,9.8244,9.8252,9.8259,9.8266,9.8272,9.8279,9.8286,9.8292,9.8533,9.9141,9.9751,10.0361,10.0973,10.1586,10.22,10.2815,10.3431,10.4048,10.3598,10.2933,10.2268,10.1605,10.0942,10.0281,9.9621,9.8961,9.8302,9.7569,9.6635,9.5703,9.477,9.3838,9.2905,9.1973,9.1041,9.0109,8.9176,8.8164,8.712,8.6075,8.503,8.3984,8.2938,8.1891,8.0843,7.9794,7.8594,7.6563,7.453,7.2497,7.0462,6.8426,6.6389,6.435,6.2309,6.0267,5.8253,5.6257,5.426,5.2263,5.0265,4.8266,4.6266,4.4266,4.2266,4.0292,3.9057,3.7821,3.6585,3.5348,3.4111,3.2873,3.1635,3.0397,2.9158,2.8345,2.8001,2.766,2.732,2.6982,2.6646,2.6313,2.5982,2.5653,2.5328,2.5,2.4675,2.4353,2.4035,2.372,2.3408,2.3101,2.2797,2.2496,2.2621,2.3511,2.4401,2.5291,2.6182,2.7074,2.7967,2.886,2.9753,3.0648,3.1201,3.1663,3.2123,3.2581,3.3037,3.349,3.394,3.4389,3.4834,3.51,3.4771,3.4439,3.4105,3.3769,3.343,3.3088,3.2744,3.2397,3.2048,3.1085,2.9815,2.8543,2.7271,2.5997,2.4723,2.3447,2.217,2.0892,1.9637,1.8608,1.7586,1.6569,1.5559,1.4555,1.3558,1.2568,1.1584,1.0608,1.0007,0.9732,0.9457,0.9182,0.8907,0.8631,0.8356,0.808,0.7804,0.7528,0.7052,0.6568,0.6083,0.5598,0.5112,0.4627,0.4141
9.7643,9.7731,9.7817,9.7902,9.7985,9.8067,9.8147,9.8227,9.8304,9.832,9.8333,9.8345,9.8358,9.837,9.8383,9.8395,9.8407,9.8419,9.8649,9.9201,9.9754,10.0309,10.0865,10.1422,10.198,10.2539,10.3099,10.366,10.3119,10.2367,10.1618,10.0869,10.0121,9.9374,9.8629,9.7883,9.7139,9.6322,9.5312,9.4304,9.3295,9.2287,9.1279,9.0271,8.9263,8.8254,8.7246,8.6147,8.5013,8.3878,8.2742,8.1607,8.047,7.9333,7.8194,7.7055,7.5768,7.3667,7.1565,6.9461,6.7357,6.525,6.3143,6.1034,5.8923,5.6811,5.4789,5.283,5.087,4.8909,4.6947,4.4985,4.3022,4.1058,3.9094,3.7151,3.5949,3.4746,3.3543,3.234,3.1136,2.9931,2.8727,2.7522,2.6316,2.5569,2.535,2.5133,2.4917,2.4703,2.4492,2.4283,2.4076,2.3872,2.3671,2.3471,2.3275,2.3082,2.2892,2.2705,2.2522,2.2343,2.2167,2.1996,2.2192,2.3101,2.401,2.492,2.5831,2.6742,2.7654,2.8567,2.948,3.0393,3.092,3.1331,3.174,3.2147,3.2551,3.2953,3.3353,3.375,3.4144,3.4378,3.4004,3.3627,3.3248,3.2867,3.2483,3.2096,3.1707,3.1315,3.0921,2.9958,2.8676,2.7392,2.6108,2.4822,2.3536,2.2248,2.0959,1.9669,1.8403,1.7484,1.6571,1.5665,1.4764,1.387,1.2983,1.2103,1.1229,1.0362,0.9792,0.9516,0.924,0.8964,0.8687,0.841,0.8133,0.7856,0.7579,0.7301,0.683,0.6342,0.5854,0.5366,0.4878,0.4389,0.39
9.7381,9.7511,9.764,9.7767,9.7893,9.8017,9.814,9.8262,9.8382,9.8402,9.8421,9.8439,9.8457,9.8476,9.8494,9.8511,9.8529,9.8547,9.8763,9.9259,9.9756,10.0255,10.0755,10.1256,10.1759,10.2262,10.2766,10.3271,10.2637,10.1801,10.0966,10.0132,9.9299,9.8467,9.7635,9.6805,9.5975,9.5074,9.3989,9.2904,9.182,9.0736,8.9652,8.8568,8.7484,8.64,8.5315,8.413,8.2906,8.168,8.0455,7.9229,7.8002,7.6774,7.5546,7.4317,7.2943,7.0772,6.86,6.6426,6.4251,6.2075,5.9897,5.7718,5.5538,5.3355,5.1325,4.9403,4.7479,4.5554,4.3629,4.1703,3.9777,3.785,3.5922,3.401,3.2841,3.1672,3.0502,2.9331,2.816,2.6989,2.5818,2.4646,2.3473,2.2791,2.2696,2.2603,2.2511,2.2422,2.2335,2.225,2.2168,2.2088,2.2011,2.1939,2.1871,2.1806,2.1745,2.1686,2.1632,2.1581,2.1534,2.149,2.1762,2.269,2.3619,2.4549,2.5479,2.6409,2.7341,2.8272,2.9205,3.0138,3.0641,3.1001,3.1359,3.1715,3.2068,3.2419,3.2767,3.3113,3.3457,3.3659,3.3239,3.2818,3.2394,3.1967,3.1538,3.1106,3.0672,3.0235,2.9796,2.8832,2.7538,2.6242,2.4946,2.3648,2.2349,2.1049,1.9749,1.8447,1.7163,1.6354,1.555,1.4753,1.3963,1.3179,1.2401,1.163,1.0866,1.0109,0.9578,0.9301,0.9023,0.8745,0.8467,0.8189,0.7911,0.7632,0.7354,0.7075,0.6608,0.6117,0.5626,0.5135,0.4643,0.4151,0.3659
9.712,9.7293,9.7464,9.7634,9.7802,9.7969,9.8134,9.8298,9.846,9.8485,9.8509,9.8533,9.8557,9.8581,9.8604,9.8628,9.8651,9.8675,9.8875,9.9316,9.9758,10.0201,10.0645,10.109,10.1536,10.1984,10.2432,10.2881,10.2155,10.1233,10.0313,9.9393,9.8475,9.7558,9.6641,9.5725,9.481,9.3825,9.2664,9.1504,9.0344,8.9184,8.8024,8.6864,8.5704,8.4544,8.3384,8.2113,8.0798,7.9483,7.8167,7.6851,7.5534,7.4216,7.2897,7.1578,7.0118,6.7877,6.5635,6.3391,6.1146,5.89,5.6652,5.4403,5.2153,4.99,4.7861,4.5975,4.4088,4.22,4.0311,3.8422,3.6531,3.4641,3.2749,3.0868,2.9733,2.8596,2.7459,2.6322,2.5185,2.4046,2.2908,2.1769,2.063,2.001,2.0039,2.007,2.0103,2.0138,2.0175,2.0214,2.0256,2.03,2.0347,2.0403,2.0464,2.0527,2.0594,2.0664,2.0737,2.0815,2.0896,2.0981,2.1331,2.2279,2.3228,2.4176,2.5126,2.6076,2.7026,2.7978,2.893,2.9882,3.0364,3.0673,3.098,3.1285,3.1587,3.1887,3.2184,3.2479,3.2772,3.2941,3.2477,3.201,3.1541,3.1069,3.0595,3.0119,2.964,2.9158,2.8674,2.7707,2.64,2.5093,2.3784,2.2474,2.1164,1.9852,1.8539,1.7225,1.5916,1.5216,1.4523,1.3835,1.3154,1.248,1.1812,1.1151,1.0496,0.9849,0.9364,0.9085,0.8806,0.8527,0.8248,0.7968,0.7689,0.7409,0.7129,0.6848,0.6386,0.5892,0.5398,0.4904,0.4409,0.3914,0.3419
9.6861,9.7076,9.729,9.7502,9.7712,9.7921,9.8129,9.8335,9.8538,9.8568,9.8598,9.8627,9.8657,9.8686,9.8715,9.8744,9.8773,9.8802,9.8987,9.9371,9.9757,10.0145,10.0533,10.0922,10.1313,10.1705,10.2097,10.2491,10.1671,10.0664,9.9658,9.8653,9.765,9.6647,9.5646,9.4645,9.3645,9.2575,9.1339,9.0103,8.8867,8.7631,8.6396,8.516,8.3924,8.2689,8.1453,8.0095,7.869,7.7285,7.5879,7.4472,7.3065,7.1658,7.0249,6.884,6.7293,6.4982,6.267,6.0356,5.8041,5.5725,5.3408,5.1089,4.8768,4.6446,4.4397,4.2547,4.0696,3.8845,3.6992,3.5139,3.3286,3.1431,2.9576,2.7726,2.6624,2.552,2.4417,2.3313,2.2208,2.1103,1.9998,1.8892,1.7786,1.7227,1.738,1.7535,1.7692,1.7851,1.8012,1.8175,1.8341,1.8509,1.868,1.8864,1.9052,1.9244,1.9439,1.9637,1.9839,2.0045,2.0254,2.0467,2.09,2.1868,2.2835,2.3803,2.4772,2.5742,2.6712,2.7682,2.8654,2.9625,3.0089,3.0347,3.0603,3.0857,3.1108,3.1357,3.1603,3.1847,3.2089,3.2225,3.1716,3.1204,3.069,3.0174,2.9655,2.9134,2.861,2.8083,2.7554,2.6582,2.5263,2.3944,2.2623,2.1301,1.9979,1.8655,1.733,1.6004,1.4677,1.4073,1.3489,1.2911,1.234,1.1775,1.1216,1.0665,1.012,0.9582,0.915,0.887,0.859,0.8309,0.8028,0.7747,0.7466,0.7185,0.6903,0.6622,0.6164,0.5668,0.5171,0.4673,0.4175,0.3677,0.3179
9.6604,9.6861,9.7117,9.7371,9.7624,9.7876,9.8126,9.8374,9.8616,9.8651,9.8687,9.8722,9.8757,9.8792,9.8827,9.8861,9.8896,9.893,9.9097,9.9426,9.9756,10.0087,10.042,10.0754,10.1089,10.1424,10.1761,10.2099,10.1185,10.0093,9.9002,9.7912,9.6824,9.5736,9.4649,9.3563,9.2478,9.1325,9.0013,8.8701,8.7389,8.6078,8.4767,8.3455,8.2144,8.0833,7.9521,7.8077,7.6582,7.5086,7.359,7.2094,7.0597,6.9099,6.7601,6.6101,6.4469,6.2088,5.9705,5.7322,5.4937,5.2551,5.0163,4.7775,4.5384,4.2992,4.0932,3.9119,3.7304,3.5489,3.3673,3.1857,3.0039,2.8221,2.6403,2.4584,2.3514,2.2444,2.1373,2.0302,1.9231,1.8159,1.7087,1.6014,1.4941,1.4441,1.4718,1.4997,1.5278,1.556,1.5846,1.6133,1.6423,1.6715,1.701,1.7321,1.7638,1.7957,1.8281,1.8607,1.8937,1.9271,1.9608,1.995,2.0469,2.1455,2.2442,2.343,2.4418,2.5407,2.6396,2.7386,2.8377,2.9368,2.9817,3.0024,3.0228,3.0431,3.0631,3.0829,3.1024,3.1218,3.1408,3.1511,3.0957,3.0401,2.9842,2.9281,2.8717,2.8151,2.7582,2.701,2.6436,2.5458,2.4127,2.2795,2.1463,2.0129,1.8794,1.7459,1.6122,1.4784,1.3444,1.2922,1.2448,1.198,1.1518,1.1062,1.0613,1.0171,0.9736,0.9307,0.8937,0.8655,0.8373,0.8091,0.7809,0.7527,0.7244,0.6961,0.6679,0.6395,0.5943,0.5443,0.4943,0.4442,0.3942,0.3441,0.2939
9.6348,9.6648,9.6946,9.7242,9.7537,9.7831,9.8123,9.8414,9.8694,9.8735,9.8776,9.8816,9.8857,9.8897,9.8938,9.8978,9.9018,9.9058,9.9206,9.9479,9.9753,10.0029,10.0306,10.0584,10.0863,10.1143,10.1424,10.1706,10.0698,9.9521,9.8345,9.717,9.5996,9.4824,9.3652,9.2481,9.131,9.0074,8.8686,8.7298,8.5911,8.4524,8.3137,8.175,8.0363,7.8976,7.7589,7.6058,7.4473,7.2888,7.1302,6.9716,6.8129,6.6541,6.4952,6.3363,6.1644,5.9193,5.6741,5.4288,5.1833,4.9377,4.692,4.4461,4.2,3.9538,3.7467,3.569,3.3912,3.2133,3.0354,2.8573,2.6792,2.5011,2.3229,2.1446,2.0404,1.9367,1.833,1.7292,1.6253,1.5214,1.4175,1.3136,1.2096,1.1652,1.2053,1.2456,1.2861,1.3267,1.3676,1.4088,1.4501,1.4917,1.5336,1.5775,1.6219,1.6667,1.7118,1.7573,1.8031,1.8493,1.8958,1.9427,2.0036,2.1042,2.2048,2.3055,2.4063,2.5071,2.608,2.7089,2.8099,2.911,2.9546,2.9702,2.9856,3.0007,3.0157,3.0304,3.0448,3.059,3.073,3.08,3.0201,2.96,2.8996,2.839,2.7781,2.717,2.6556,2.594,2.5321,2.4334,2.2991,2.1648,2.0303,1.8958,1.7611,1.6263,1.4914,1.3564,1.2213,1.1766,1.1401,1.1042,1.0689,1.0343,1.0004,0.9671,0.9345,0.9026,0.8723,0.844,0.8157,0.7873,0.759,0.7306,0.7022,0.6738,0.6454,0.6169,0.5722,0.5219,0.4716,0.4212,0.3708,0.3204,0.2699
9.6094,9.6435,9.6776,9.7115,9.7452,9.7788,9.8123,9.8456,9.8772,9.8818,9.8865,9.8911,9.8957,9.9003,9.9049,9.9095,9.9141,9.9186,9.9313,9.9531,9.9749,9.9969,10.0191,10.0413,10.0636,10.0861,10.1086,10.1312,10.0209,9.8947,9.7686,9.6427,9.5168,9.391,9.2653,9.1397,9.0141,8.8821,8.7358,8.5895,8.4432,8.2969,8.1507,8.0044,7.8582,7.7119,7.5656,7.4039,7.2364,7.0689,6.9013,6.7337,6.566,6.3982,6.2304,6.0624,5.8819,5.6299,5.3777,5.1253,4.8729,4.6203,4.3676,4.1147,3.8617,3.6085,3.4002,3.2261,3.0519,2.8777,2.7034,2.529,2.3545,2.18,2.0054,1.8308,1.7294,1.629,1.5285,1.428,1.3275,1.2269,1.1263,1.0256,0.925,0.8861,0.9386,0.9912,1.0441,1.0971,1.1504,1.2039,1.2577,1.3117,1.3659,1.4225,1.4797,1.5373,1.5952,1.6535,1.7121,1.771,1.8304,1.8901,1.9603,2.0628,2.1654,2.268,2.3707,2.4735,2.5763,2.6791,2.7821,2.8851,2.9277,2.9382,2.9485,2.9586,2.9684,2.978,2.9874,2.9965,3.0054,3.009,2.9447,2.88,2.8152,2.7501,2.6848,2.6192,2.5533,2.4872,2.4208,2.3211,2.1856,2.0501,1.9144,1.7787,1.6428,1.5068,1.3707,1.2345,1.0982,1.0602,1.0347,1.0097,0.9854,0.9617,0.9387,0.9164,0.8947,0.8737,0.8509,0.8225,0.794,0.7655,0.737,0.7085,0.68,0.6515,0.6229,0.5943,0.5501,0.4995,0.4489,0.3982,0.3475,0.2968,0.246
9.5841,9.6225,9.6607,9.6989,9.7368,9.7746,9.8123,9.8499,9.885,9.8902,9.8954,9.9006,9.9058,9.9109,9.9161,9.9212,9.9264,9.9315,9.9419,9.9581,9.9744,9.9909,10.0074,10.0241,10.0409,10.0577,10.0747,10.0918,9.972,9.8372,9.7027,9.5682,9.4338,9.2995,9.1653,9.0312,8.8972,8.7569,8.603,8.4491,8.2953,8.1414,7.9876,7.8338,7.68,7.5262,7.3724,7.202,7.0255,6.849,6.6724,6.4958,6.3191,6.1424,5.9655,5.7886,5.5995,5.3404,5.0813,4.822,4.5626,4.303,4.0433,3.7835,3.5235,3.2633,3.0537,2.8832,2.7127,2.542,2.3713,2.2006,2.0297,1.8588,1.6879,1.5169,1.4183,1.3212,1.224,1.1268,1.0296,0.9323,0.835,0.7377,0.6403,0.6067,0.6715,0.7366,0.8018,0.8672,0.9329,0.9988,1.0649,1.1313,1.1979,1.2671,1.3372,1.4075,1.4782,1.5493,1.6207,1.6924,1.7645,1.8371,1.9169,2.0214,2.1259,2.2305,2.3351,2.4397,2.5445,2.6493,2.7541,2.8591,2.9011,2.9065,2.9117,2.9167,2.9214,2.9259,2.9302,2.9342,2.938,2.9383,2.8694,2.8003,2.731,2.6614,2.5916,2.5215,2.4512,2.3806,2.3097,2.2089,2.0722,1.9355,1.7986,1.6616,1.5246,1.3874,1.2501,1.1127,0.9752,0.9432,0.9286,0.9146,0.9012,0.8885,0.8764,0.865,0.8542,0.8442,0.8296,0.801,0.7724,0.7438,0.7151,0.6865,0.6578,0.6291,0.6004,0.5717,0.528,0.4771,0.4262,0.3752,0.3242,0.2732,0.2221
9.5589,9.6016,9.644,9.6864,9.7286,9.7706,9.8125,9.8543,9.8928,9.8986,9.9043,9.9101,9.9158,9.9215,9.9273,9.933,9.9386,9.9443,9.9524,9.963,9.9738,9.9847,9.9957,10.0068,10.018,10.0293,10.0407,10.0522,9.9228,9.7796,9.6365,9.4936,9.3507,9.2079,9.0652,8.9226,8.7801,8.6315,8.47,8.3086,8.1472,7.9859,7.8245,7.6631,7.5018,7.3404,7.179,7,6.8145,6.629,6.4435,6.2579,6.0723,5.8865,5.7007,5.5148,5.3171,5.051,4.7849,4.5186,4.2522,3.9857,3.719,3.4522,3.1852,2.9181,2.7071,2.5402,2.3733,2.2063,2.0393,1.8721,1.7049,1.5377,1.3703,1.203,1.1071,1.0133,0.9195,0.8256,0.7316,0.6377,0.5437,0.4496,0.3555,0.327,0.4043,0.4817,0.5593,0.6371,0.7151,0.7933,0.8718,0.9505,1.0295,1.1114,1.1942,1.2774,1.3609,1.4447,1.5289,1.6134,1.6983,1.7836,1.8735,1.9799,2.0863,2.1928,2.2994,2.406,2.5126,2.6194,2.7262,2.833,2.8746,2.8749,2.8751,2.8749,2.8746,2.874,2.8732,2.8722,2.8709,2.8678,2.7944,2.7209,2.647,2.573,2.4987,2.4241,2.3493,2.2743,2.1989,2.0967,1.9588,1.8209,1.6828,1.5447,1.4064,1.268,1.1295,0.9909,0.8522,0.8256,0.8219,0.8188,0.8163,0.8145,0.8134,0.8129,0.813,0.8139,0.8082,0.7795,0.7508,0.722,0.6932,0.6644,0.6356,0.6068,0.578,0.5491,0.506,0.4548,0.4035,0.3522,0.3009,0.2496,0.1982
9.5339,9.5808,9.6275,9.674,9.7204,9.7667,9.8128,9.8588,9.9006,9.907,9.9133,9.9196,9.9259,9.9322,9.9384,9.9447,9.9509,9.9572,9.9628,9.9678,9.973,9.9783,9.9838,9.9893,9.995,10.0007,10.0066,10.0125,9.8735,9.7219,9.5703,9.4188,9.2675,9.1162,8.965,8.8139,8.6629,8.506,8.337,8.1681,7.9991,7.8302,7.6613,7.4924,7.3235,7.1546,6.9857,6.798,6.6035,6.4091,6.2146,6.02,5.8254,5.6307,5.4359,5.241,5.0347,4.7616,4.4885,4.2153,3.9419,3.6684,3.3948,3.121,2.8471,2.573,2.3604,2.1972,2.034,1.8706,1.7072,1.5436,1.3801,1.2164,1.0527,0.889,0.7959,0.7054,0.6149,0.5243,0.4336,0.343,0.2522,0.1615,0.0707,0.0471,0.1367,0.2265,0.3164,0.4066,0.497,0.5876,0.6784,0.7695,0.8608,0.9553,1.051,1.1469,1.2431,1.3397,1.4367,1.534,1.6316,1.7297,1.83,1.9383,2.0467,2.1551,2.2636,2.3721,2.4807,2.5894,2.6981,2.8069,2.8483,2.8436,2.8386,2.8334,2.828,2.8224,2.8165,2.8104,2.804,2.7974,2.7196,2.6416,2.5633,2.4848,2.406,2.327,2.2477,2.1681,2.0883,1.9846,1.8455,1.7064,1.5671,1.4278,1.2883,1.1487,1.0091,0.8693,0.7294,0.7073,0.7145,0.7223,0.7308,0.7399,0.7496,0.7601,0.7712,0.7846,0.7973,0.7769,0.7563,0.7354,0.7143,0.6929,0.6712,0.6492,0.6269,0.6043,0.5678,0.522,0.4759,0.4295,0.3828,0.3356,0.2881
9.5091,9.5602,9.6111,9.6619,9.7125,9.763,9.8133,9.8635,9.9085,9.9154,9.9223,9.9291,9.936,9.9428,9.9496,9.9565,9.9633,9.9701,9.973,9.9725,9.9721,9.9719,9.9718,9.9718,9.9719,9.9721,9.9724,9.9728,9.8241,9.664,9.5039,9.344,9.1841,9.0244,8.8647,8.7051,8.5456,8.3805,8.2039,8.0274,7.851,7.6745,7.4981,7.3216,7.1452,6.9687,6.7923,6.5959,6.3925,6.1891,5.9856,5.7821,5.5785,5.3748,5.1711,4.9672,4.7522,4.4723,4.1922,3.912,3.6317,3.3512,3.0706,2.7899,2.509,2.2279,2.0138,1.8542,1.6946,1.5348,1.375,1.2151,1.0552,0.8951,0.7351,0.5749,0.4847,0.3975,0.3102,0.2229,0.1356,0.0482,-0.0392,-0.1267,-0.2142,-0.233,-0.1311,-0.029,0.0733,0.1758,0.2785,0.3815,0.4847,0.5881,0.6918,0.7989,0.9073,1.016,1.125,1.2344,1.3441,1.4541,1.5646,1.6754,1.7864,1.8967,2.007,2.1173,2.2277,2.3382,2.4487,2.5593,2.67,2.787,2.8371,2.8359,2.8346,2.8331,2.8316,2.8298,2.828,2.826,2.8238,2.8215,2.7508,2.6784,2.6059,2.5334,2.4608,2.3881,2.3153,2.2425,2.1696,2.0755,1.9465,1.8175,1.6885,1.5596,1.4307,1.3018,1.173,1.0442,0.9154,0.9004,0.9182,0.9359,0.9533,0.9706,0.9876,1.0044,1.021,1.0373,1.0462,1.0207,0.9949,0.9688,0.9424,0.9158,0.8889,0.8616,0.8341,0.8063,0.7653,0.7141,0.6625,0.6106,0.5584,0.5058,0.4528
9.5899,9.6354,9.6811,9.727,9.7731,9.8194,9.8658,9.9123,9.9527,9.9518,9.9511,9.9508,9.9508,9.951,9.9515,9.9522,9.9532,9.9544,9.9489,9.9377,9.9268,9.9163,9.906,9.896,9.8863,9.8768,9.8675,9.8585,9.7064,9.5445,9.3825,9.2204,9.0582,8.8959,8.7335,8.571,8.4085,8.2404,8.0614,7.8824,7.7033,7.5241,7.3449,7.1655,6.9861,6.8067,6.6272,6.4273,6.2204,6.0134,5.8063,5.5993,5.3921,5.1849,4.9777,4.7705,4.5529,4.2738,3.9947,3.7156,3.4366,3.1575,2.8786,2.5996,2.3208,2.042,1.8342,1.6851,1.5362,1.3875,1.2389,1.0905,0.9423,0.7944,0.6466,0.4992,0.4234,0.3518,0.2805,0.2097,0.1392,0.0692,-4e-04,-0.0695,-0.1381,-0.1404,-0.0212,0.0982,0.218,0.3381,0.4586,0.5794,0.7006,0.8222,0.9441,1.0657,1.1873,1.3091,1.431,1.5532,1.6756,1.7982,1.921,2.044,2.1658,2.2801,2.3944,2.5086,2.6228,2.7369,2.8509,2.965,3.0789,3.1928,3.2395,3.2322,3.2247,3.2172,3.2095,3.2016,3.1937,3.1855,3.1773,3.1688,3.096,3.0198,2.9436,2.8674,2.7911,2.7146,2.6382,2.5616,2.485,2.3895,2.2591,2.1287,1.9984,1.8681,1.7379,1.6076,1.4774,1.3472,1.217,1.1936,1.2064,1.2191,1.2315,1.2437,1.2557,1.2675,1.279,1.2903,1.2956,1.2648,1.2338,1.2025,1.1709,1.1391,1.1069,1.0745,1.0418,1.0088,0.9632,0.9065,0.8495,0.7921,0.7344,0.6764,0.6179
9.6819,9.7229,9.7642,9.8056,9.8472,9.8889,9.9309,9.973,10.0074,9.9969,9.9867,9.9768,9.9672,9.9579,9.9488,9.94,9.9314,9.923,9.905,9.879,9.8534,9.8281,9.803,9.7783,9.7538,9.7295,9.7055,9.6817,9.5295,9.3699,9.2101,9.0503,8.8904,8.7304,8.5703,8.4101,8.2498,8.0841,7.9083,7.7323,7.5563,7.3802,7.204,7.0277,6.8514,6.675,6.4986,6.3024,6.0994,5.8963,5.6932,5.4901,5.2868,5.0836,4.8803,4.677,4.4643,4.1961,3.9279,3.6597,3.3916,3.1234,2.8553,2.5873,2.3193,2.0514,1.8563,1.7224,1.5887,1.4552,1.3218,1.1886,1.0556,0.9229,0.7904,0.6581,0.6013,0.5494,0.4979,0.4468,0.396,0.3458,0.2959,0.2466,0.1977,0.2096,0.338,0.4668,0.5958,0.7252,0.855,0.9851,1.1155,1.2464,1.3776,1.5031,1.6266,1.7503,1.8742,1.9983,2.1227,2.2472,2.372,2.4969,2.6199,2.7288,2.8377,2.9466,3.0554,3.1642,3.2729,3.3816,3.4902,3.5987,3.6421,3.6287,3.6151,3.6014,3.5876,3.5737,3.5596,3.5454,3.531,3.5164,3.4412,3.3614,3.2815,3.2015,3.1215,3.0414,2.9612,2.8809,2.8005,2.7035,2.5718,2.44,2.3084,2.1767,2.0451,1.9135,1.7819,1.6503,1.5188,1.4871,1.4949,1.5026,1.51,1.5172,1.5241,1.5309,1.5374,1.5437,1.5453,1.5093,1.473,1.4365,1.3998,1.3627,1.3254,1.2877,1.2498,1.2116,1.1615,1.0993,1.0369,0.974,0.9109,0.8473,0.7835
9.7737,9.8102,9.847,9.884,9.9211,9.9584,9.9958,10.0335,10.0617,10.0417,10.022,10.0026,9.9834,9.9645,9.9459,9.9275,9.9094,9.8915,9.8608,9.82,9.7796,9.7395,9.6997,9.6602,9.6209,9.5819,9.5431,9.5046,9.3527,9.1954,9.0379,8.8803,8.7226,8.5649,8.4071,8.2491,8.0911,7.9279,7.7551,7.5823,7.4093,7.2363,7.0632,6.89,6.7167,6.5434,6.3701,6.1775,5.9784,5.7793,5.5801,5.3809,5.1816,4.9822,4.7829,4.5835,4.3758,4.1185,3.8611,3.6038,3.3465,3.0892,2.832,2.5748,2.3177,2.0607,1.8783,1.7596,1.6411,1.5227,1.4045,1.2866,1.1688,1.0512,0.9339,0.8168,0.7789,0.7467,0.7149,0.6835,0.6525,0.622,0.5918,0.5622,0.533,0.5594,0.6971,0.8351,0.9734,1.1121,1.2511,1.3905,1.5302,1.6704,1.8108,1.9404,2.0658,2.1915,2.3174,2.4434,2.5697,2.6962,2.8229,2.9498,3.0741,3.1777,3.2813,3.3848,3.4883,3.5917,3.6951,3.7984,3.9017,4.0049,4.045,4.0254,4.0058,3.986,3.9661,3.946,3.9258,3.9055,3.885,3.8643,3.7867,3.7032,3.6195,3.5359,3.4521,3.3683,3.2844,3.2004,3.1163,3.0176,2.8845,2.7514,2.6184,2.4854,2.3523,2.2194,2.0864,1.9535,1.8206,1.7809,1.7838,1.7864,1.7887,1.7909,1.7929,1.7946,1.7961,1.7974,1.7953,1.7541,1.7127,1.6709,1.629,1.5867,1.5441,1.5013,1.4582,1.4147,1.3602,1.2926,1.2246,1.1564,1.0877,1.0187,0.9494
9.8653,9.8974,9.9297,9.9622,9.9948,10.0277,10.0607,10.0938,10.1158,10.0863,10.057,10.028,9.9993,9.9709,9.9427,9.9148,9.8871,9.8597,9.8162,9.7607,9.7055,9.6507,9.5961,9.5419,9.4878,9.4341,9.3805,9.3272,9.176,9.0208,8.8656,8.7103,8.5549,8.3994,8.2439,8.0882,7.9325,7.7718,7.602,7.4322,7.2623,7.0924,6.9224,6.7523,6.5821,6.4118,6.2416,6.0527,5.8575,5.6623,5.467,5.2717,5.0763,4.8809,4.6855,4.49,4.2872,4.0408,3.7943,3.5479,3.3014,3.055,2.8086,2.5623,2.3161,2.0699,1.9001,1.7966,1.6933,1.5901,1.4871,1.3843,1.2817,1.1794,1.0772,0.9753,0.9562,0.9437,0.9316,0.9199,0.9087,0.8978,0.8874,0.8775,0.868,0.909,1.056,1.2032,1.3508,1.4988,1.6471,1.7957,1.9447,2.0941,2.2438,2.3776,2.505,2.6326,2.7605,2.8885,3.0167,3.1451,3.2738,3.4027,3.5285,3.6268,3.725,3.8232,3.9214,4.0195,4.1175,4.2155,4.3134,4.4113,4.4481,4.4224,4.3967,4.3708,4.3448,4.3186,4.2923,4.2659,4.2393,4.2125,4.1323,4.0451,3.9578,3.8704,3.7829,3.6954,3.6078,3.5201,3.4323,3.3318,3.1973,3.0629,2.9285,2.7941,2.6597,2.5254,2.3911,2.2568,2.1225,2.0751,2.0729,2.0705,2.0678,2.065,2.0619,2.0586,2.0551,2.0514,2.0456,1.9993,1.9526,1.9057,1.8585,1.811,1.7633,1.7152,1.6669,1.6183,1.5593,1.4862,1.4128,1.3391,1.265,1.1906,1.1158
9.9568,9.9844,10.0123,10.0403,10.0685,10.0968,10.1253,10.154,10.1697,10.1306,10.0918,10.0532,10.015,9.977,9.9393,9.9019,9.8646,9.8276,9.7712,9.701,9.6311,9.5615,9.4922,9.4232,9.3545,9.2859,9.2176,9.1496,8.9992,8.8464,8.6934,8.5404,8.3873,8.234,8.0807,7.9273,7.7739,7.6156,7.449,7.2822,7.1154,6.9485,6.7816,6.6145,6.4474,6.2803,6.1131,5.9278,5.7366,5.5452,5.3539,5.1625,4.971,4.7796,4.588,4.3965,4.1987,3.9631,3.7275,3.4919,3.2563,3.0207,2.7852,2.5498,2.3144,2.0791,1.9219,1.8335,1.7454,1.6574,1.5696,1.4819,1.3945,1.3073,1.2203,1.1336,1.1332,1.1404,1.148,1.156,1.1644,1.1733,1.1826,1.1923,1.2026,1.2584,1.4146,1.5712,1.728,1.8852,2.0428,2.2007,2.3589,2.5175,2.6766,2.8148,2.9442,3.0737,3.2035,3.3335,3.4636,3.594,3.7246,3.8554,3.9831,4.076,4.1689,4.2618,4.3546,4.4474,4.5401,4.6328,4.7254,4.8179,4.8514,4.8197,4.7878,4.7558,4.7237,4.6915,4.6591,4.6265,4.5938,4.561,4.4782,4.3872,4.2962,4.2051,4.1139,4.0227,3.9314,3.84,3.7485,3.6461,3.5102,3.3744,3.2386,3.1029,2.9672,2.8314,2.6958,2.5601,2.4245,2.3695,2.3623,2.3549,2.3472,2.3394,2.3313,2.323,2.3145,2.3057,2.2963,2.2447,2.1929,2.1408,2.0884,2.0357,1.9828,1.9296,1.876,1.8222,1.7588,1.6802,1.6014,1.5222,1.4427,1.3628,1.2825
10.0481,10.0713,10.0947,10.1182,10.1419,10.1658,10.1899,10.2141,10.2232,10.1745,10.1262,10.0782,10.0304,9.9829,9.9357,9.8887,9.8419,9.7954,9.7259,9.641,9.5564,9.4721,9.388,9.3043,9.2208,9.1375,9.0545,8.9717,8.8225,8.6719,8.5213,8.3705,8.2196,8.0687,7.9176,7.7665,7.6153,7.4595,7.2959,7.1323,6.9685,6.8047,6.6408,6.4768,6.3128,6.1487,5.9846,5.803,5.6156,5.4282,5.2408,5.0533,4.8658,4.6782,4.4906,4.303,4.1101,3.8853,3.6606,3.4358,3.2111,2.9864,2.7617,2.5371,2.3126,2.0881,1.9435,1.8703,1.7973,1.7245,1.6518,1.5793,1.5071,1.4351,1.3633,1.2917,1.3099,1.3368,1.3641,1.3918,1.4199,1.4484,1.4774,1.5068,1.5368,1.6077,1.7731,1.9389,2.105,2.2715,2.4382,2.6054,2.7729,2.9408,3.1091,3.2519,3.3832,3.5147,3.6465,3.7784,3.9105,4.0428,4.1754,4.3081,4.4379,4.5255,4.613,4.7006,4.7881,4.8755,4.9629,5.0502,5.1375,5.2247,5.255,5.2172,5.1792,5.1411,5.1029,5.0646,5.0261,4.9875,4.9487,4.9097,4.8241,4.7295,4.6347,4.54,4.4451,4.3501,4.2551,4.16,4.0648,3.9604,3.8232,3.686,3.5489,3.4118,3.2747,3.1376,3.0006,2.8635,2.7265,2.6642,2.652,2.6396,2.6269,2.614,2.601,2.5877,2.5741,2.5604,2.5463,2.4906,2.4336,2.3762,2.3187,2.2608,2.2027,2.1442,2.0855,2.0265,1.9586,1.8747,1.7904,1.7057,1.6207,1.5354,1.4497
10.1393,10.158,10.1769,10.196,10.2153,10.2347,10.2543,10.2741,10.2764,10.2183,10.1604,10.1028,10.0455,9.9885,9.9317,9.8752,9.8189,9.7629,9.6803,9.5806,9.4813,9.3823,9.2835,9.185,9.0868,8.9888,8.8911,8.7936,8.6459,8.4975,8.3491,8.2006,8.052,7.9033,7.7545,7.6057,7.4567,7.3034,7.1429,6.9823,6.8217,6.6609,6.5001,6.3392,6.1782,6.0172,5.8561,5.6781,5.4947,5.3112,5.1277,4.9441,4.7605,4.5769,4.3932,4.2094,4.0215,3.8076,3.5936,3.3797,3.1658,2.952,2.7382,2.5244,2.3107,2.0971,1.9649,1.9069,1.8491,1.7914,1.7339,1.6766,1.6195,1.5626,1.506,1.4496,1.4863,1.5329,1.5799,1.6272,1.675,1.7232,1.7718,1.8209,1.8705,1.9567,2.1314,2.3064,2.4818,2.6575,2.8335,3.0099,3.1866,3.3638,3.5413,3.689,3.8223,3.9557,4.0894,4.2232,4.3573,4.4916,4.6261,4.7608,4.8928,4.9751,5.0573,5.1395,5.2217,5.3038,5.3859,5.4679,5.5498,5.6317,5.6589,5.6149,5.5709,5.5267,5.4824,5.438,5.3934,5.3487,5.3038,5.2587,5.1703,5.0719,4.9735,4.875,4.7764,4.6778,4.5791,4.4803,4.3814,4.2748,4.1363,3.9977,3.8592,3.7207,3.5823,3.4438,3.3054,3.167,3.0287,2.9593,2.942,2.9246,2.9069,2.889,2.871,2.8526,2.8341,2.8153,2.7963,2.7368,2.6745,2.612,2.5493,2.4862,2.4229,2.3593,2.2954,2.2312,2.1589,2.0695,1.9797,1.8896,1.7992,1.7084,1.6173
10.2303,10.2445,10.259,10.2736,10.2884,10.3034,10.3186,10.3339,10.3294,10.2617,10.1943,10.1272,10.0604,9.9939,9.9276,9.8615,9.7957,9.7302,9.6343,9.52,9.4059,9.2921,9.1787,9.0655,8.9526,8.8399,8.7274,8.6152,8.4693,8.3232,8.177,8.0308,7.8844,7.738,7.5915,7.4449,7.2982,7.1474,6.99,6.8324,6.6748,6.5171,6.3594,6.2015,6.0436,5.8857,5.7276,5.5533,5.3738,5.1943,5.0146,4.835,4.6553,4.4755,4.2957,4.1159,3.9329,3.7298,3.5267,3.3236,3.1206,2.9175,2.7146,2.5116,2.3088,2.106,1.9863,1.9434,1.9007,1.8582,1.8158,1.7737,1.7317,1.69,1.6485,1.6072,1.6624,1.7287,1.7953,1.8623,1.9297,1.9976,2.0659,2.1346,2.2039,2.3055,2.4895,2.6737,2.8583,3.0433,3.2285,3.4142,3.6002,3.7865,3.9733,4.126,4.2612,4.3966,4.5322,4.668,4.804,4.9403,5.0767,5.2133,5.3479,5.4249,5.5018,5.5787,5.6555,5.7323,5.8091,5.8858,5.9624,6.0389,6.063,6.0129,5.9628,5.9125,5.8621,5.8116,5.7609,5.7101,5.6592,5.608,5.5166,5.4146,5.3124,5.2102,5.108,5.0056,4.9032,4.8007,4.6982,4.5893,4.4494,4.3095,4.1696,4.0298,3.8899,3.7501,3.6104,3.4706,3.3309,3.2546,3.2323,3.2099,3.1872,3.1644,3.1413,3.118,3.0944,3.0706,3.0466,2.9833,2.9159,2.8482,2.7802,2.712,2.6435,2.5747,2.5056,2.4362,2.3595,2.2647,2.1695,2.074,1.9781,1.8819,1.7853
10.3211,10.3309,10.3409,10.3511,10.3615,10.372,10.3827,10.3935,10.382,10.3048,10.2279,10.1513,10.075,9.999,9.9232,9.8476,9.7723,9.6972,9.588,9.4589,9.3302,9.2017,9.0735,8.9456,8.818,8.6906,8.5634,8.4364,8.2927,8.1489,8.005,7.861,7.7169,7.5727,7.4284,7.2841,7.1397,6.9914,6.837,6.6825,6.528,6.3734,6.2187,6.0639,5.9091,5.7542,5.5992,5.4286,5.253,5.0773,4.9016,4.7258,4.55,4.3742,4.1983,4.0224,3.8442,3.652,3.4597,3.2675,3.0752,2.883,2.6909,2.4988,2.3067,2.1148,2.0075,1.9798,1.9522,1.9248,1.8976,1.8705,1.8437,1.8171,1.7907,1.7646,1.8382,1.9241,2.0104,2.0971,2.1841,2.2716,2.3596,2.448,2.5369,2.6542,2.8473,3.0408,3.2347,3.4288,3.6233,3.8182,4.0134,4.209,4.405,4.563,4.7001,4.8375,4.975,5.1128,5.2507,5.3889,5.5273,5.6658,5.8032,5.8749,5.9465,6.018,6.0896,6.161,6.2325,6.3038,6.3751,6.4464,6.4673,6.4112,6.355,6.2986,6.2421,6.1855,6.1288,6.0719,6.0148,5.9576,5.8631,5.7574,5.6516,5.5457,5.4397,5.3337,5.2276,5.1214,5.0151,4.9039,4.7626,4.6213,4.4801,4.3389,4.1977,4.0565,3.9154,3.7743,3.6332,3.5502,3.523,3.4955,3.4678,3.44,3.4119,3.3836,3.355,3.3263,3.2973,3.2302,3.1576,3.0847,3.0116,2.9381,2.8644,2.7905,2.7162,2.6416,2.5606,2.4603,2.3597,2.2587,2.1574,2.0558,1.9538
10.4118,10.4172,10.4227,10.4284,10.4343,10.4404,10.4467,10.4531,10.4344,10.3477,10.2613,10.1752,10.0894,10.0038,9.9185,9.8335,9.7486,9.664,9.5413,9.3976,9.2541,9.111,8.9681,8.8255,8.6832,8.5411,8.3992,8.2576,8.1161,7.9746,7.8329,7.6912,7.5494,7.4074,7.2654,7.1233,6.9812,6.8354,6.6841,6.5327,6.3812,6.2296,6.078,5.9263,5.7745,5.6227,5.4708,5.3038,5.1321,4.9603,4.7885,4.6167,4.4448,4.2728,4.1009,3.9289,3.7556,3.5741,3.3927,3.2113,3.0299,2.8485,2.6671,2.4859,2.3047,2.1235,2.0286,2.016,2.0036,1.9913,1.9792,1.9673,1.9556,1.9441,1.9328,1.9218,2.0138,2.1193,2.2252,2.3315,2.4382,2.5453,2.6529,2.7609,2.8695,3.0026,3.205,3.4077,3.6108,3.8142,4.0179,4.222,4.4265,4.6313,4.8365,4.9999,5.139,5.2783,5.4178,5.5575,5.6973,5.8374,5.9778,6.1183,6.2587,6.325,6.3913,6.4576,6.5238,6.5899,6.6561,6.7221,6.7881,6.854,6.8719,6.8097,6.7474,6.6849,6.6224,6.5597,6.4969,6.4339,6.3708,6.3075,6.2098,6.1004,5.9908,5.8813,5.7716,5.6619,5.5521,5.4422,5.3322,5.2185,5.0758,4.9332,4.7906,4.648,4.5055,4.363,4.2205,4.078,3.9356,3.8461,3.8139,3.7814,3.7488,3.7159,3.6828,3.6495,3.616,3.5822,3.5482,3.4774,3.3996,3.3215,3.2432,3.1646,3.0857,3.0066,2.9271,2.8474,2.762,2.6563,2.5502,2.4439,2.3371,2.23,2.1226
10.5023,10.5033,10.5044,10.5056,10.5071,10.5087,10.5105,10.5125,10.4865,10.3903,10.2944,10.1988,10.1035,10.0084,9.9136,9.819,9.7247,9.6306,9.4943,9.3359,9.1777,9.0199,8.8623,8.7051,8.5481,8.3913,8.2347,8.0788,7.9396,7.8003,7.6609,7.5214,7.3819,7.2422,7.1025,6.9626,6.8227,6.6795,6.5312,6.3829,6.2344,6.0859,5.9374,5.7887,5.64,5.4912,5.3424,5.179,5.0112,4.8434,4.6755,4.5075,4.3395,4.1715,4.0034,3.8353,3.6669,3.4963,3.3256,3.155,2.9844,2.8139,2.6434,2.4729,2.3025,2.1322,2.0496,2.0521,2.0548,2.0576,2.0606,2.0638,2.0672,2.0708,2.0747,2.0788,2.189,2.3142,2.4397,2.5656,2.6919,2.8186,2.9458,3.0735,3.2017,3.3509,3.5625,3.7744,3.9867,4.1993,4.4123,4.6256,4.8393,5.0533,5.2678,5.4368,5.5778,5.719,5.8604,6.0021,6.1439,6.286,6.4282,6.5707,6.7133,6.7754,6.8364,6.8973,6.9582,7.019,7.0798,7.1406,7.2013,7.2619,7.2767,7.2084,7.14,7.0715,7.0029,6.9341,6.8652,6.7962,6.727,6.6576,6.5567,6.4435,6.3303,6.217,6.1037,5.9903,5.8768,5.7632,5.6496,5.5332,5.3892,5.2452,5.1012,4.9573,4.8134,4.6695,4.5257,4.3818,4.238,4.1423,4.1051,4.0676,4.03,3.9921,3.9541,3.9158,3.8772,3.8385,3.7995,3.7249,3.642,3.5587,3.4752,3.3915,3.3074,3.2231,3.1384,3.0535,2.9639,2.8527,2.7412,2.6294,2.5172,2.4047,2.2918
10.5927,10.5892,10.5858,10.5827,10.5797,10.5769,10.5742,10.5717,10.5383,10.4326,10.3272,10.2221,10.1173,10.0127,9.9084,9.8044,9.7006,9.597,9.4469,9.2738,9.101,8.9285,8.7563,8.5843,8.4126,8.2412,8.07,7.9001,7.7632,7.6261,7.489,7.3517,7.2144,7.077,6.9395,6.8019,6.6643,6.5236,6.3784,6.2331,6.0877,5.9423,5.7967,5.6511,5.5055,5.3598,5.214,5.0543,4.8904,4.7264,4.5624,4.3984,4.2343,4.0702,3.906,3.7418,3.5782,3.4184,3.2586,3.0987,2.939,2.7792,2.6195,2.4598,2.3002,2.1407,2.0704,2.0881,2.1058,2.1238,2.1419,2.1602,2.1787,2.1974,2.2164,2.2356,2.364,2.5087,2.6538,2.7994,2.9453,3.0916,3.2384,3.3857,3.5334,3.6989,3.9198,4.1409,4.3624,4.5843,4.8064,5.029,5.2519,5.4751,5.6988,5.8736,6.0166,6.1597,6.3031,6.4466,6.5904,6.7344,6.8786,7.023,7.1676,7.2259,7.2816,7.3372,7.3928,7.4483,7.5038,7.5593,7.6146,7.6699,7.6817,7.6074,7.5329,7.4584,7.3837,7.3088,7.2339,7.1587,7.0835,7.008,6.9037,6.7869,6.67,6.553,6.436,6.3189,6.2017,6.0844,5.9671,5.8479,5.7026,5.5572,5.4119,5.2666,5.1214,4.9761,4.8309,4.6857,4.5406,4.4388,4.3966,4.3542,4.3115,4.2687,4.2256,4.1823,4.1388,4.0951,4.0511,3.9728,3.8847,3.7963,3.7076,3.6187,3.5294,3.4399,3.3501,3.26,3.1661,3.0495,2.9326,2.8153,2.6977,2.5798,2.4615
10.6829,10.675,10.6672,10.6596,10.6521,10.6449,10.6378,10.6308,10.5898,10.4746,10.3598,10.2452,10.1309,10.0168,9.903,9.7895,9.6762,9.5631,9.3992,9.2114,9.024,8.8368,8.6499,8.4633,8.277,8.0908,7.905,7.7214,7.5867,7.4519,7.317,7.1821,7.047,6.9118,6.7766,6.6413,6.5059,6.3677,6.2256,6.0833,5.941,5.7986,5.6561,5.5136,5.371,5.2283,5.0856,4.9296,4.7696,4.6095,4.4494,4.2893,4.1291,3.9688,3.8086,3.6483,3.4895,3.3405,3.1914,3.0424,2.8934,2.7445,2.5956,2.4467,2.2979,2.1492,2.0912,2.1239,2.1567,2.1898,2.223,2.2564,2.29,2.3238,2.3579,2.3922,2.5386,2.703,2.8677,3.0328,3.1983,3.3642,3.5306,3.6975,3.8648,4.0468,4.2769,4.5072,4.7379,4.969,5.2004,5.4321,5.6642,5.8967,6.1295,6.3104,6.4553,6.6003,6.7456,6.8911,7.0369,7.1828,7.3289,7.4752,7.6218,7.6766,7.727,7.7773,7.8276,7.8778,7.928,7.9781,8.0282,8.0782,8.087,8.0066,7.9261,7.8455,7.7647,7.6838,7.6028,7.5216,7.4402,7.3587,7.2509,7.1304,7.0098,6.8891,6.7684,6.6476,6.5268,6.4058,6.2848,6.1628,6.0161,5.8694,5.7227,5.576,5.4294,5.2828,5.1363,4.9897,4.8432,4.7356,4.6884,4.641,4.5934,4.5456,4.4971,4.4473,4.3976,4.3479,4.2982,4.2161,4.1231,4.0303,3.9377,3.8453,3.753,3.6609,3.5689,3.4772,3.3832,3.2678,3.153,3.0386,2.9247,2.8112,2.6983
10.7725,10.7606,10.7483,10.7363,10.7244,10.7127,10.7012,10.6898,10.641,10.5164,10.392,10.268,10.1442,10.0206,9.8974,9.7744,9.6516,9.529,9.3512,9.1487,8.9466,8.7448,8.5433,8.342,8.141,7.9402,7.7397,7.5428,7.4103,7.2778,7.1452,7.0124,6.8796,6.7467,6.6137,6.4807,6.3475,6.2119,6.0728,5.9336,5.7943,5.655,5.5156,5.3761,5.2365,5.0969,4.9572,4.8049,4.6488,4.4926,4.3364,4.1801,4.0238,3.8675,3.7111,3.5547,3.4007,3.2625,3.1243,2.9861,2.8479,2.7097,2.5716,2.4335,2.2955,2.1576,2.1118,2.1596,2.2075,2.2556,2.3039,2.3524,2.4011,2.45,2.4991,2.5485,2.713,2.8969,3.0812,3.2659,3.451,3.6365,3.8225,4.0089,4.1958,4.3945,4.6337,4.8733,5.1132,5.3535,5.5941,5.835,6.0763,6.318,6.56,6.7471,6.8939,7.0409,7.1882,7.3356,7.4832,7.6311,7.7792,7.9274,8.0759,8.1275,8.1726,8.2169,8.259,8.301,8.3428,8.3844,8.4259,8.4673,8.4699,8.3807,8.2915,8.2023,8.1131,8.0239,7.9347,7.8455,7.7562,7.6669,7.5538,7.4279,7.3021,7.1764,7.0508,6.9252,6.7996,6.6742,6.5487,6.4232,6.2736,6.1241,5.9746,5.8253,5.676,5.5268,5.3778,5.2288,5.0798,4.9666,4.9162,4.8659,4.8155,4.7653,4.715,4.6649,4.6147,4.5646,4.5146,4.4348,4.3433,4.2519,4.1607,4.0697,3.9789,3.8882,3.7977,3.7074,3.6159,3.506,3.3965,3.2876,3.1791,3.0711,2.9636
10.7753,10.7533,10.7316,10.7103,10.6894,10.6688,10.6486,10.6287,10.5719,10.4448,10.3178,10.1908,10.0639,9.9371,9.8104,9.6837,9.5571,9.4305,9.2446,9.0337,8.8229,8.6122,8.4016,8.1911,7.9808,7.7705,7.5603,7.3547,7.2209,7.0871,6.9532,6.8194,6.6856,6.5517,6.4178,6.2839,6.1499,6.0142,5.8759,5.7375,5.5991,5.4606,5.3221,5.1835,5.0448,4.9061,4.7673,4.6157,4.4604,4.305,4.1495,3.9939,3.8383,3.6826,3.5268,3.3709,3.219,3.0935,2.9679,2.8423,2.7167,2.5911,2.4654,2.3399,2.2143,2.0888,2.054,2.1128,2.1717,2.2306,2.2896,2.3486,2.4078,2.467,2.5263,2.5857,2.7707,2.9782,3.1862,3.3947,3.6036,3.8131,4.0232,4.2338,4.4451,4.6638,4.9092,5.1549,5.4007,5.6468,5.8931,6.1397,6.3866,6.6337,6.881,7.0707,7.2159,7.3612,7.5065,7.652,7.7976,7.9432,8.089,8.2348,8.3808,8.4256,8.4615,8.4973,8.533,8.5685,8.6039,8.6391,8.6742,8.7091,8.7091,8.618,8.5268,8.4356,8.3444,8.2532,8.162,8.0708,7.9795,7.8883,7.7751,7.6491,7.5231,7.3972,7.2714,7.1456,7.0199,6.8942,6.7686,6.6431,6.4942,6.3449,6.1958,6.0467,5.8977,5.7488,5.6,5.4512,5.3026,5.1865,5.1357,5.085,5.0343,4.9836,4.933,4.8824,4.8319,4.7814,4.731,4.6535,4.5634,4.4734,4.3837,4.2941,4.2047,4.1154,4.0264,3.9375,3.8483,3.7438,3.6397,3.5362,3.4331,3.3305,3.2284
10.7777,10.7444,10.7115,10.679,10.6469,10.6151,10.5836,10.5525,10.4855,10.3547,10.224,10.0933,9.9627,9.8322,9.7017,9.5713,9.441,9.3107,9.1174,8.899,8.6808,8.4627,8.2447,8.0267,7.8089,7.5912,7.3736,7.1615,7.024,6.8866,6.7492,6.6117,6.4742,6.3368,6.1993,6.0617,5.9242,5.7857,5.6458,5.506,5.366,5.226,5.086,4.9458,4.8056,4.6654,4.525,4.3712,4.2136,4.0558,3.898,3.74,3.582,3.424,3.2658,3.1075,2.9555,2.8447,2.7339,2.623,2.512,2.4011,2.2902,2.1793,2.0684,1.9576,1.934,2.0017,2.0695,2.1374,2.2053,2.2732,2.3413,2.4094,2.4776,2.546,2.7552,2.9911,3.2274,3.4642,3.7015,3.9393,4.1777,4.4167,4.6563,4.8988,5.1507,5.4029,5.6553,5.908,6.1608,6.414,6.6674,6.921,7.1749,7.3689,7.514,7.6592,7.8045,7.9499,8.0953,8.2409,8.3866,8.5323,8.6782,8.719,8.7485,8.7779,8.8072,8.8363,8.8652,8.8941,8.9227,8.9512,8.9485,8.8553,8.7621,8.669,8.5758,8.4826,8.3894,8.2962,8.2029,8.1097,7.9964,7.8702,7.7441,7.618,7.492,7.366,7.2401,7.1143,6.9885,6.8628,6.7147,6.5658,6.4169,6.2681,6.1193,5.9707,5.8222,5.6737,5.5253,5.4065,5.3553,5.3041,5.253,5.202,5.151,5.1,5.0491,4.9983,4.9475,4.872,4.7833,4.6948,4.6065,4.5183,4.4304,4.3425,4.2549,4.1674,4.0801,3.9811,3.8825,3.7844,3.6867,3.5895,3.4928
10.7797,10.7352,10.6911,10.6473,10.604,10.5609,10.5182,10.4759,10.399,10.2645,10.13,9.9956,9.8613,9.7271,9.593,9.4589,9.3248,9.1908,8.9901,8.7643,8.5386,8.313,8.0875,7.8622,7.6369,7.4118,7.1867,6.9681,6.8271,6.6861,6.545,6.404,6.2629,6.1218,5.9807,5.8395,5.6984,5.5571,5.4158,5.2744,5.1329,4.9914,4.8498,4.7082,4.5664,4.4247,4.2828,4.1268,3.9667,3.8066,3.6464,3.4861,3.3258,3.1653,3.0048,2.8442,2.6921,2.5959,2.4998,2.4035,2.3073,2.2111,2.1148,2.0186,1.9225,1.8264,1.8139,1.8906,1.9673,2.044,2.1208,2.1977,2.2747,2.3517,2.4289,2.5061,2.7393,3.0035,3.2681,3.5333,3.7989,4.0651,4.3318,4.5991,4.867,5.1336,5.3921,5.6508,5.9098,6.1689,6.4284,6.6881,6.948,7.2082,7.4686,7.6671,7.8121,7.9572,8.1024,8.2477,8.3931,8.5386,8.6842,8.8299,8.9757,9.0127,9.0358,9.0588,9.0816,9.1043,9.1268,9.1492,9.1715,9.1935,9.1878,9.0927,8.9975,8.9024,8.8072,8.712,8.6169,8.5217,8.4265,8.3312,8.2178,8.0914,7.9651,7.8388,7.7126,7.5864,7.4603,7.3343,7.2084,7.0825,6.9353,6.7866,6.638,6.4894,6.341,6.1926,6.0443,5.8962,5.7481,5.6264,5.5748,5.5233,5.4718,5.4204,5.369,5.3177,5.2664,5.2151,5.1639,5.0904,5.0032,4.9161,4.8292,4.7425,4.656,4.5696,4.4834,4.3973,4.3115,4.2181,4.1249,4.0322,3.9399,3.8481,3.7568
10.7814,10.7256,10.6703,10.6153,10.5607,10.5064,10.4525,10.3989,10.3123,10.1741,10.036,9.8979,9.7599,9.622,9.4841,9.3463,9.2085,9.0709,8.8625,8.6293,8.3962,8.1632,7.9303,7.6975,7.4648,7.2322,6.9997,6.7748,6.6301,6.4855,6.3408,6.1962,6.0515,5.9068,5.7621,5.6173,5.4726,5.3286,5.1857,5.0428,4.8998,4.7568,4.6137,4.4705,4.3272,4.1839,4.0405,3.8823,3.7199,3.5574,3.3949,3.2322,3.0695,2.9067,2.7439,2.5809,2.4286,2.3471,2.2656,2.1841,2.1025,2.021,1.9394,1.8579,1.7764,1.695,1.6937,1.7793,1.8649,1.9506,2.0363,2.1221,2.208,2.2939,2.38,2.4661,2.7229,3.0155,3.3084,3.6019,3.8958,4.1902,4.4853,4.7809,5.0771,5.3682,5.6333,5.8986,6.1641,6.4298,6.6958,6.962,7.2285,7.4952,7.7622,7.9653,8.1102,8.2552,8.4004,8.5456,8.6909,8.8363,8.9818,9.1274,9.2731,9.3066,9.3233,9.3398,9.3563,9.3725,9.3887,9.4046,9.4205,9.4361,9.4273,9.3302,9.233,9.1359,9.0387,8.9416,8.8444,8.7472,8.65,8.5528,8.4391,8.3126,8.186,8.0596,7.9332,7.8069,7.6806,7.5544,7.4283,7.3022,7.1558,7.0074,6.8591,6.7108,6.5626,6.4145,6.2665,6.1186,5.9708,5.8464,5.7944,5.7425,5.6906,5.6388,5.587,5.5353,5.4836,5.432,5.3804,5.3088,5.223,5.1373,5.0519,4.9666,4.8814,4.7965,4.7117,4.6271,4.5427,4.4547,4.3669,4.2795,4.1927,4.1063,4.0204
10.7826,10.7156,10.6491,10.5829,10.517,10.4516,10.3864,10.3216,10.2256,10.0837,9.9418,9.8,9.6583,9.5167,9.3751,9.2336,9.0922,8.9508,8.7348,8.4942,8.2536,8.0132,7.7728,7.5326,7.2925,7.0525,6.8125,6.5813,6.4331,6.2848,6.1366,5.9883,5.84,5.6917,5.5434,5.3951,5.2467,5.1001,4.9557,4.8112,4.6667,4.5221,4.3775,4.2328,4.088,3.9432,3.7983,3.6378,3.4731,3.3082,3.1433,2.9783,2.8133,2.6481,2.4829,2.3176,2.1651,2.0983,2.0314,1.9646,1.8977,1.8308,1.7639,1.6971,1.6302,1.5635,1.5735,1.668,1.7625,1.857,1.9517,2.0464,2.1411,2.236,2.3309,2.426,2.7062,3.027,3.3482,3.67,3.9922,4.3149,4.6382,4.9621,5.2866,5.6028,5.8744,6.1462,6.4182,6.6905,6.963,7.2357,7.5087,7.782,8.0556,8.2635,8.4083,8.5533,8.6983,8.8434,8.9887,9.134,9.2794,9.4249,9.5706,9.6007,9.611,9.6211,9.6312,9.641,9.6507,9.6603,9.6697,9.679,9.6669,9.5677,9.4686,9.3695,9.2704,9.1712,9.0721,8.9729,8.8737,8.7745,8.6605,8.5337,8.407,8.2804,8.1538,8.0273,7.9009,7.7745,7.6482,7.5219,7.3764,7.2282,7.0801,6.9321,6.7842,6.6364,6.4887,6.341,6.1934,6.0664,6.014,5.9617,5.9095,5.8573,5.8051,5.753,5.7009,5.6489,5.5969,5.527,5.4427,5.3585,5.2744,5.1905,5.1068,5.0233,4.94,4.8568,4.7738,4.6909,4.6085,4.5265,4.4451,4.3641,4.2836
10.7834,10.7052,10.6275,10.5501,10.473,10.3963,10.32,10.244,10.1387,9.9931,9.8476,9.7021,9.5567,9.4114,9.2661,9.1209,8.9757,8.8307,8.607,8.3589,8.1109,7.863,7.6153,7.3676,7.1201,6.8726,6.6252,6.3878,6.236,6.0841,5.9323,5.7804,5.6285,5.4766,5.3247,5.1727,5.0208,4.8715,4.7256,4.5796,4.4336,4.2875,4.1413,3.9951,3.8488,3.7024,3.556,3.3933,3.2262,3.059,2.8918,2.7244,2.557,2.3895,2.2219,2.0543,1.9015,1.8494,1.7972,1.745,1.6928,1.6406,1.5883,1.5361,1.484,1.4319,1.4532,1.5566,1.66,1.7634,1.8669,1.9705,2.0742,2.178,2.2818,2.3858,2.689,3.0381,3.3876,3.7376,4.0881,4.4391,4.7906,5.1428,5.4956,5.8372,6.1153,6.3936,6.6722,6.951,7.23,7.5093,7.7889,8.0687,8.3488,8.5617,8.7064,8.8513,8.9962,9.1413,9.2864,9.4317,9.577,9.7225,9.868,9.8951,9.8989,9.9027,9.9063,9.9097,9.9131,9.9162,9.9192,9.9221,9.9065,9.8054,9.7043,9.6032,9.5021,9.4009,9.2998,9.1987,9.0975,8.9963,8.8819,8.7549,8.628,8.5012,8.3745,8.2478,8.1212,7.9946,7.8681,7.7416,7.5969,7.449,7.3012,7.1534,7.0058,6.8582,6.7108,6.5634,6.4161,6.2864,6.2337,6.181,6.1283,6.0757,6.0232,5.9707,5.9182,5.8658,5.8135,5.7452,5.6622,5.5795,5.4969,5.4144,5.3321,5.25,5.1681,5.0863,5.0048,4.9267,4.8497,4.7731,4.6971,4.6215,4.5464
10.7838,10.6945,10.6055,10.5169,10.4286,10.3407,10.2532,10.166,10.0517,9.9024,9.7532,9.604,9.4549,9.3059,9.1569,9.008,8.8592,8.7104,8.4789,8.2234,7.968,7.7127,7.4575,7.2025,6.9475,6.6926,6.4378,6.1942,6.0388,5.8833,5.7279,5.5724,5.4169,5.2614,5.1059,4.9504,4.7948,4.6429,4.4955,4.348,4.2004,4.0528,3.9051,3.7574,3.6096,3.4617,3.3137,3.1488,2.9794,2.8098,2.6402,2.4705,2.3007,2.1309,1.961,1.7909,1.638,1.6005,1.563,1.5254,1.4878,1.4502,1.4127,1.3751,1.3376,1.3002,1.3328,1.4451,1.5574,1.6697,1.7821,1.8946,2.0072,2.1198,2.2325,2.3454,2.6714,3.0487,3.4265,3.8047,4.1835,4.5627,4.9425,5.3229,5.7039,6.0714,6.3561,6.6409,6.926,7.2114,7.497,7.7828,8.0688,8.3552,8.6418,8.8599,9.0045,9.1493,9.2942,9.4392,9.5842,9.7294,9.8747,10.02,10.1655,10.1896,10.1871,10.1844,10.1816,10.1787,10.1756,10.1724,10.169,10.1654,10.1462,10.0431,9.94,9.8369,9.7338,9.6307,9.5276,9.4245,9.3214,9.2182,9.1033,8.9761,8.8491,8.7221,8.5951,8.4682,8.3414,8.2147,8.088,7.9614,7.8174,7.6697,7.5222,7.3747,7.2274,7.0801,6.9329,6.7858,6.6388,6.5064,6.4533,6.4002,6.3472,6.2942,6.2413,6.1884,6.1356,6.0828,6.03,5.9633,5.8817,5.8004,5.7192,5.6382,5.5573,5.4767,5.3961,5.3158,5.2357,5.1621,5.0905,5.0193,4.9487,4.8785,4.8088
10.7839,10.6833,10.5831,10.4833,10.3839,10.2848,10.1861,10.0876,9.9647,9.8116,9.6587,9.5059,9.3531,9.2004,9.0477,8.8951,8.7426,8.5901,8.3507,8.0877,7.8249,7.5622,7.2996,7.0372,6.7748,6.5125,6.2503,6.0006,5.8416,5.6825,5.5235,5.3644,5.2053,5.0462,4.8871,4.728,4.5688,4.4143,4.2654,4.1163,3.9673,3.8181,3.6689,3.5197,3.3703,3.2209,3.0714,2.9043,2.7325,2.5606,2.3886,2.2166,2.0445,1.8723,1.7,1.5276,1.3744,1.3515,1.3287,1.3057,1.2828,1.2599,1.2369,1.214,1.1911,1.1683,1.2124,1.3335,1.4547,1.5759,1.6972,1.8186,1.94,2.0615,2.1832,2.3049,2.6534,3.0589,3.4649,3.8714,4.2784,4.6859,5.0939,5.5025,5.9118,6.3055,6.5967,6.8881,7.1797,7.4716,7.7637,8.056,8.3486,8.6415,8.9346,9.158,9.3026,9.4473,9.5921,9.737,9.882,10.0271,10.1723,10.3176,10.4629,10.4844,10.4755,10.4664,10.4572,10.4479,10.4384,10.4288,10.419,10.409,10.386,10.2809,10.1758,10.0708,9.9657,9.8606,9.7555,9.6504,9.5453,9.4402,9.3246,9.1973,9.0701,8.9429,8.8158,8.6887,8.5617,8.4348,8.3079,8.1811,8.0379,7.8905,7.7432,7.596,7.4489,7.3019,7.155,7.0082,6.8614,6.7265,6.673,6.6195,6.5661,6.5127,6.4594,6.4062,6.3529,6.2998,6.2466,6.1812,6.1011,6.0212,5.9414,5.8619,5.7824,5.7032,5.6241,5.5452,5.4665,5.3972,5.3309,5.2651,5.1999,5.1351,5.0707
10.7835,10.6718,10.5604,10.4494,10.3388,10.2285,10.1186,10.009,9.8775,9.7208,9.5641,9.4076,9.2511,9.0947,8.9384,8.7821,8.6259,8.4697,8.2223,7.9519,7.6817,7.4116,7.1416,6.8717,6.6019,6.3322,6.0626,5.8069,5.6443,5.4816,5.319,5.1563,4.9937,4.831,4.6683,4.5055,4.3428,4.1857,4.0352,3.8847,3.7341,3.5834,3.4327,3.2819,3.1311,2.9801,2.8292,2.6598,2.4856,2.3114,2.1371,1.9627,1.7882,1.6137,1.439,1.2643,1.1108,1.1026,1.0943,1.086,1.0777,1.0694,1.0611,1.0528,1.0446,1.0364,1.0918,1.2218,1.3519,1.482,1.6122,1.7424,1.8728,2.0032,2.1337,2.2643,2.6349,3.0687,3.5029,3.9376,4.3728,4.8085,5.2447,5.6816,6.119,6.5395,6.8372,7.1352,7.4333,7.7317,8.0303,8.3292,8.6283,8.9276,9.2273,9.4562,9.6008,9.7454,9.8901,10.0349,10.1798,10.3248,10.4699,10.6151,10.7604,10.7794,10.7641,10.7486,10.733,10.7173,10.7014,10.6854,10.6692,10.6529,10.6258,10.5188,10.4118,10.3047,10.1977,10.0906,9.9835,9.8764,9.7694,9.6622,9.546,9.4185,9.2911,9.1638,9.0364,8.9092,8.782,8.6549,8.5279,8.4009,8.2583,8.1112,7.9642,7.8173,7.6705,7.5237,7.3771,7.2305,7.084,6.9466,6.8927,6.8388,6.785,6.7313,6.6776,6.6239,6.5703,6.5168,6.4632,6.3991,6.3204,6.2419,6.1636,6.0854,6.0074,5.9296,5.8519,5.7745,5.6972,5.6318,5.5709,5.5106,5.4507,5.3912,5.3323
10.7827,10.6598,10.5373,10.4151,10.2933,10.1718,10.0507,9.9299,9.7901,9.6298,9.4694,9.3092,9.149,8.989,8.8289,8.669,8.509,8.3492,8.0937,7.816,7.5383,7.2608,6.9834,6.7061,6.4289,6.1518,5.8748,5.6131,5.4469,5.2807,5.1145,4.9482,4.782,4.6157,4.4494,4.2831,4.1167,3.9571,3.8051,3.653,3.5009,3.3487,3.1965,3.0442,2.8918,2.7394,2.5869,2.4153,2.2387,2.0622,1.8855,1.7088,1.5319,1.3551,1.1781,1.001,0.8471,0.8535,0.8599,0.8662,0.8726,0.8789,0.8852,0.8915,0.8979,0.9043,0.9712,1.1101,1.2491,1.388,1.5271,1.6662,1.8054,1.9447,2.0841,2.2235,2.6161,3.078,3.5405,4.0033,4.4667,4.9306,5.3951,5.8601,6.3257,6.7734,7.0776,7.382,7.6867,7.9916,8.2967,8.6021,8.9077,9.2136,9.5198,9.7544,9.8989,10.0434,10.188,10.3328,10.4776,10.6225,10.7675,10.9126,11.0578,11.0746,11.0529,11.031,11.0091,10.9869,10.9647,10.9423,10.9197,10.897,10.8658,10.7568,10.6477,10.5387,10.4297,10.3207,10.2116,10.1026,9.9935,9.8844,9.7674,9.6398,9.5122,9.3846,9.2571,9.1297,9.0023,8.875,8.7478,8.6206,8.4788,8.332,8.1852,8.0386,7.892,7.7455,7.5991,7.4528,7.3066,7.1667,7.1124,7.0582,7.004,6.9499,6.8958,6.8417,6.7877,6.7338,6.6799,6.6169,6.5396,6.4626,6.3856,6.3089,6.2323,6.1559,6.0797,6.0036,5.9277,5.866,5.8106,5.7556,5.701,5.647,5.5934
10.7816,10.6475,10.5138,10.3804,10.2475,10.1148,9.9825,9.8506,9.7027,9.5387,9.3747,9.2107,9.0469,8.8831,8.7194,8.5557,8.3921,8.2286,7.965,7.6798,7.3948,7.1099,6.8251,6.5404,6.2558,5.9712,5.6868,5.4193,5.2495,5.0797,4.9099,4.74,4.5702,4.4003,4.2304,4.0605,3.8906,3.7284,3.5749,3.4213,3.2677,3.114,2.9603,2.8064,2.6525,2.4986,2.3445,2.1707,1.9919,1.8129,1.6339,1.4548,1.2757,1.0964,0.9171,0.7377,0.5835,0.6045,0.6255,0.6464,0.6673,0.6883,0.7092,0.7301,0.7511,0.7722,0.8506,0.9983,1.1461,1.294,1.4419,1.5899,1.7379,1.8861,2.0343,2.1827,2.5968,3.087,3.5775,4.0686,4.5601,5.0522,5.5448,6.038,6.5318,7.0071,7.3178,7.6288,7.94,8.2514,8.563,8.8749,9.187,9.4994,9.8121,10.0526,10.197,10.3414,10.486,10.6306,10.7754,10.9202,11.0652,11.2102,11.3553,11.37,11.3419,11.3137,11.2853,11.2568,11.2282,11.1994,11.1704,11.1413,11.1058,10.9948,10.8838,10.7728,10.6618,10.5508,10.4398,10.3287,10.2177,10.1066,9.9889,9.861,9.7332,9.6055,9.4778,9.3502,9.2227,9.0952,8.9678,8.8404,8.6992,8.5527,8.4062,8.2598,8.1135,7.9673,7.8212,7.6752,7.5292,7.3868,7.3322,7.2775,7.223,7.1684,7.114,7.0595,7.0052,6.9508,6.8965,6.8346,6.7588,6.6831,6.6076,6.5323,6.4571,6.3821,6.3073,6.2327,6.1582,6.0999,6.0498,6.0002,5.951,5.9024,5.8542
10.7801,10.6348,10.4899,10.3454,10.2013,10.0575,9.914,9.7709,9.6152,9.4474,9.2798,9.1122,8.9446,8.7772,8.6098,8.4424,8.2751,8.1079,7.8361,7.5435,7.2511,6.9588,6.6666,6.3745,6.0825,5.7905,5.4987,5.2254,5.052,4.8786,4.7052,4.5318,4.3584,4.1849,4.0114,3.8379,3.6644,3.4998,3.3447,3.1896,3.0345,2.8793,2.724,2.5687,2.4133,2.2578,2.1022,1.9262,1.745,1.5637,1.3823,1.2009,1.0194,0.8378,0.6561,0.4744,0.3198,0.3554,0.391,0.4265,0.4621,0.4976,0.5331,0.5687,0.6043,0.6399,0.7298,0.8864,1.0431,1.1998,1.3566,1.5134,1.6703,1.8274,1.9845,2.1417,2.5771,3.0954,3.6142,4.1334,4.6531,5.1733,5.6941,6.2154,6.7374,7.2407,7.5579,7.8754,8.1931,8.511,8.8291,9.1475,9.4662,9.7851,10.1043,10.3508,10.4951,10.6395,10.7839,10.9285,11.0732,11.2179,11.3628,11.5077,11.6528,11.6657,11.6312,11.5966,11.5618,11.5269,11.4919,11.4567,11.4214,11.3859,11.3459,11.2329,11.12,11.007,10.894,10.781,10.668,10.555,10.442,10.329,10.2103,10.0822,9.9543,9.8264,9.6985,9.5707,9.443,9.3153,9.1877,9.0602,8.9196,8.7734,8.6272,8.4811,8.335,8.1891,8.0432,7.8975,7.7518,7.607,7.5519,7.4969,7.442,7.3871,7.3322,7.2774,7.2226,7.1679,7.1132,7.0522,6.9778,6.9035,6.8295,6.7556,6.6818,6.6083,6.5349,6.4617,6.3886,6.3334,6.2886,6.2444,6.2006,6.1573,6.1145
