15.8412,15.7989,15.7567,15.7145,15.6723,15.6302,15.588,15.5459,15.5038,15.4623,15.4283,15.3942,15.3602,15.3262,15.2921,15.2581,15.2241,15.1901,15.1562,15.0755,14.9743,14.8732,14.7721,14.6709,14.5698,14.4686,14.3675,14.2664,14.2155,14.2713,14.3272,14.3832,14.4393,14.4954,14.5515,14.6076,14.6637,14.7198,14.7628,14.8051,14.8474,14.8897,14.932,14.9743,15.0166,15.0589,15.1012,15.1436,15.1861,15.2286,15.2711,15.3136,15.3561,15.3986,15.4411,15.4836,15.4996,15.409,15.3184,15.2277,15.1371,15.0465,14.9558,14.8652,14.7746,14.6839,14.5533,14.4142,14.275,14.1359,13.9967,13.8576,13.7185,13.5793,13.4402,13.3868,13.438,13.4895,13.541,13.5926,13.6442,13.6958,13.7475,13.7992,13.8482,13.8637,13.8792,13.8948,13.9105,13.9262,13.942,13.9579,13.9739,13.9899,14.0268,14.0725,14.1181,14.1636,14.2089,14.2542,14.2993,14.3442,14.3891,14.3968,14.3277,14.2586,14.1895,14.1205,14.0514,13.9823,13.9132,13.8442,13.7751,13.7556,13.7387,13.7215,13.7042,13.6867,13.669,13.6511,13.6329,13.6146,13.6145,13.6283,13.6422,13.6561,13.67,13.6839,13.6979,13.712,13.726,13.7338,13.7142,13.6946,13.6751,13.6555,13.6359,13.6163,13.5967,13.5771,13.5575,13.5265,13.4922,13.4572,13.4217,13.3856,13.3488,13.3113,13.2732,13.2345,13.1864,13.1264,13.0661,13.0054,12.9444,12.8831,12.8215,12.7594,12.6971,12.6343,12.5701,12.5058,12.4414,12.377,12.3126,12.2481,12.1835,12.1189,12.0543
15.8675,15.8249,15.7823,15.7397,15.6971,15.6546,15.6121,15.5696,15.5271,15.4854,15.4513,15.4173,15.3832,15.3492,15.3152,15.2812,15.2472,15.2132,15.1792,15.098,14.9973,14.8966,14.7959,14.6952,14.5945,14.4938,14.3931,14.2924,14.2407,14.2889,14.3371,14.3855,14.434,14.4826,14.5314,14.5802,14.6291,14.678,14.7209,14.7634,14.806,14.8485,14.891,14.9334,14.9759,15.0183,15.0608,15.1022,15.1428,15.1834,15.224,15.2645,15.3051,15.3457,15.3862,15.4267,15.4426,15.3588,15.2751,15.1913,15.1075,15.0238,14.9401,14.8564,14.7728,14.6892,14.5618,14.4249,14.288,14.1511,14.0143,13.8774,13.7406,13.6039,13.4672,13.4145,13.4674,13.5203,13.5732,13.6261,13.6791,13.7322,13.7852,13.8383,13.8891,13.9068,13.9246,13.9424,13.9602,13.9781,13.9962,14.0142,14.0324,14.0506,14.0847,14.1258,14.1669,14.2078,14.2486,14.2893,14.3299,14.3703,14.4106,14.4172,14.348,14.2789,14.2098,14.1408,14.0717,14.0026,13.9335,13.8645,13.7954,13.7706,13.7491,13.7274,13.7056,13.6835,13.6612,13.6388,13.6161,13.5932,13.5907,13.6054,13.6202,13.6349,13.6497,13.6646,13.6794,13.6943,13.7093,13.7186,13.6991,13.6795,13.6599,13.6403,13.6208,13.6012,13.5816,13.562,13.5424,13.504,13.4599,13.4151,13.3697,13.3237,13.277,13.2297,13.1818,13.1331,13.0781,13.0138,12.9492,12.8843,12.819,12.7534,12.6875,12.6212,12.5545,12.4875,12.4233,12.359,12.2947,12.2303,12.1658,12.1013,12.0368,11.9722,11.9075
15.8938,15.8508,15.8078,15.7649,15.7219,15.679,15.6361,15.5932,15.5503,15.5084,15.4743,15.4403,15.4063,15.3722,15.3382,15.3042,15.2702,15.2362,15.2022,15.1206,15.0203,14.9201,14.8198,14.7196,14.6193,14.519,14.4188,14.3185,14.2658,14.3063,14.347,14.3877,14.4286,14.4696,14.5106,14.5518,14.5931,14.6344,14.6769,14.7195,14.762,14.8045,14.847,14.8895,14.932,14.9744,15.0169,15.057,15.0955,15.134,15.1724,15.2109,15.2493,15.2877,15.3261,15.3644,15.3802,15.304,15.2278,15.1515,15.0753,14.9991,14.923,14.8469,14.7708,14.6948,14.5709,14.4362,14.3016,14.167,14.0325,13.8979,13.7635,13.629,13.4946,13.4425,13.4967,13.551,13.6053,13.6596,13.714,13.7684,13.8229,13.8774,13.93,13.9499,13.9698,13.9898,14.0099,14.03,14.0502,14.0705,14.0908,14.1113,14.1427,14.1793,14.2158,14.2522,14.2885,14.3247,14.3607,14.3966,14.4323,14.4375,14.3684,14.2993,14.2302,14.1611,14.092,14.0229,13.9538,13.8847,13.8156,13.7858,13.7597,13.7335,13.7071,13.6805,13.6537,13.6266,13.5994,13.572,13.567,13.5825,13.5981,13.6138,13.6294,13.6451,13.6609,13.6767,13.6925,13.7035,13.6839,13.6643,13.6448,13.6252,13.6056,13.586,13.5664,13.5468,13.5272,13.4822,13.4282,13.3735,13.3183,13.2624,13.2059,13.1488,13.091,13.0325,12.9701,12.9015,12.8326,12.7634,12.6939,12.624,12.5538,12.4832,12.4123,12.341,12.2765,12.2122,12.1479,12.0835,12.0191,11.9546,11.89,11.8254,11.7608
15.9202,15.8768,15.8334,15.79,15.7467,15.7034,15.6601,15.6168,15.5736,15.5314,15.4974,15.4633,15.4293,15.3953,15.3613,15.3273,15.2933,15.2593,15.2253,15.1431,15.0433,14.9435,14.8437,14.7439,14.6441,14.5442,14.4444,14.3446,14.2908,14.3237,14.3567,14.3898,14.423,14.4564,14.4898,14.5234,14.557,14.5907,14.633,14.6755,14.7181,14.7606,14.8031,14.8456,14.8881,14.9305,14.973,15.0119,15.0482,15.0845,15.1209,15.1572,15.1934,15.2297,15.266,15.3022,15.3178,15.2491,15.1804,15.1118,15.0431,14.9744,14.9058,14.8373,14.7687,14.7002,14.5799,14.4475,14.3152,14.1829,14.0507,13.9184,13.7862,13.6541,13.522,13.4704,13.526,13.5817,13.6374,13.6931,13.7489,13.8047,13.8606,13.9165,13.9709,13.9929,14.0151,14.0372,14.0595,14.0818,14.1042,14.1267,14.1492,14.1718,14.2008,14.2329,14.2649,14.2967,14.3285,14.3601,14.3916,14.423,14.4542,14.4578,14.3887,14.3196,14.2505,14.1813,14.1122,14.0432,13.9741,13.905,13.8359,13.8011,13.7705,13.7398,13.7088,13.6776,13.6463,13.6147,13.583,13.551,13.5431,13.5596,13.576,13.5925,13.6091,13.6257,13.6423,13.6589,13.6756,13.6883,13.6688,13.6492,13.6296,13.6101,13.5905,13.5709,13.5513,13.5317,13.5121,13.461,13.3971,13.3326,13.2675,13.2018,13.1354,13.0684,13.0008,12.9324,12.8623,12.7895,12.7163,12.6428,12.569,12.4949,12.4204,12.3455,12.2703,12.1948,12.1298,12.0655,12.0012,11.9368,11.8723,11.8078,11.7433,11.6787,11.6141
15.9465,15.9027,15.8589,15.8152,15.7715,15.7278,15.6841,15.6404,15.5968,15.5545,15.5204,15.4864,15.4523,15.4183,15.3843,15.3503,15.3163,15.2823,15.2483,15.1657,15.0664,14.967,14.8676,14.7682,14.6688,14.5695,14.4701,14.3707,14.3156,14.3409,14.3663,14.3918,14.4174,14.4431,14.4689,14.4948,14.5209,14.5469,14.589,14.6316,14.6741,14.7167,14.7592,14.8017,14.8442,14.8866,14.9291,14.9667,15.0009,15.0351,15.0693,15.1034,15.1376,15.1717,15.2058,15.2399,15.2554,15.1942,15.1331,15.072,15.0108,14.9497,14.8886,14.8276,14.7666,14.7057,14.5888,14.4588,14.3288,14.1988,14.0688,13.9389,13.809,13.6791,13.5493,13.4983,13.5553,13.6124,13.6695,13.7266,13.7838,13.841,13.8982,13.9555,14.0117,14.0359,14.0602,14.0846,14.1091,14.1336,14.1582,14.1828,14.2076,14.2324,14.259,14.2866,14.3141,14.3414,14.3686,14.3957,14.4227,14.4495,14.4762,14.4781,14.409,14.3399,14.2708,14.2016,14.1325,14.0634,13.9943,13.9252,13.8562,13.8167,13.7816,13.7462,13.7107,13.675,13.6391,13.603,13.5667,13.5302,13.5193,13.5366,13.5539,13.5713,13.5887,13.6062,13.6236,13.6412,13.6587,13.6732,13.6536,13.6341,13.6145,13.5949,13.5753,13.5557,13.5361,13.5165,13.4969,13.4403,13.3666,13.2922,13.2173,13.1417,13.0655,12.9887,12.9112,12.8331,12.7549,12.6777,12.6003,12.5225,12.4445,12.366,12.2873,12.2081,12.1287,12.0489,11.983,11.9187,11.8544,11.79,11.7256,11.6611,11.5966,11.532,11.4673
15.9728,15.9286,15.8844,15.8403,15.7962,15.7521,15.7081,15.664,15.62,15.5775,15.5434,15.5094,15.4754,15.4414,15.4073,15.3733,15.3393,15.3053,15.2714,15.1883,15.0894,14.9904,14.8915,14.7926,14.6936,14.5947,14.4957,14.3968,14.3403,14.358,14.3757,14.3936,14.4116,14.4297,14.4479,14.4662,14.4846,14.5031,14.545,14.5876,14.6302,14.6727,14.7152,14.7578,14.8003,14.8427,14.8852,14.9216,14.9536,14.9857,15.0177,15.0497,15.0817,15.1137,15.1457,15.1777,15.1929,15.1393,15.0857,15.0321,14.9785,14.925,14.8714,14.8179,14.7645,14.711,14.5978,14.47,14.3423,14.2146,14.087,13.9593,13.8317,13.7041,13.5766,13.5262,13.5846,13.6431,13.7015,13.76,13.8186,13.8772,13.9358,13.9945,14.0524,14.0788,14.1054,14.1319,14.1586,14.1853,14.2121,14.2389,14.2658,14.2928,14.3174,14.3404,14.3634,14.3862,14.4089,14.4315,14.4539,14.4762,14.4984,14.4985,14.4293,14.3602,14.2911,14.2219,14.1528,14.0837,14.0146,13.9455,13.8764,13.8324,13.7927,13.7529,13.7128,13.6726,13.6321,13.5915,13.5507,13.5096,13.4953,13.5135,13.5317,13.55,13.5683,13.5866,13.605,13.6234,13.6418,13.658,13.6385,13.6189,13.5993,13.5798,13.5602,13.5406,13.521,13.5014,13.4818,13.4202,13.3367,13.2525,13.1677,13.0823,12.9963,12.9096,12.8223,12.7343,12.6477,12.5663,12.4846,12.4025,12.3202,12.2375,12.1545,12.0711,11.9874,11.9033,11.8363,11.772,11.7076,11.6433,11.5788,11.5143,11.4498,11.3852,11.3206
15.999,15.9545,15.9099,15.8654,15.821,15.7765,15.732,15.6876,15.6432,15.6005,15.5665,15.5324,15.4984,15.4644,15.4304,15.3964,15.3624,15.3284,15.2944,15.2109,15.1124,15.0139,14.9154,14.8169,14.7184,14.6199,14.5214,14.4229,14.3649,14.3749,14.3851,14.3953,14.4057,14.4162,14.4268,14.4375,14.4483,14.4591,14.5011,14.5437,14.5862,14.6288,14.6713,14.7138,14.7563,14.7988,14.8413,14.8764,14.9063,14.9362,14.9661,14.996,15.0259,15.0558,15.0856,15.1154,15.1305,15.0844,15.0383,14.9923,14.9462,14.9001,14.8541,14.8082,14.7622,14.7164,14.6067,14.4813,14.3558,14.2304,14.1051,13.9797,13.8544,13.7291,13.6039,13.5541,13.6139,13.6737,13.7336,13.7935,13.8534,13.9134,13.9734,14.0334,14.0931,14.1217,14.1504,14.1792,14.208,14.2369,14.2659,14.2949,14.3241,14.3532,14.3759,14.3944,14.4128,14.4311,14.4493,14.4673,14.4853,14.5031,14.5207,14.5188,14.4496,14.3805,14.3114,14.2422,14.1731,14.104,14.0349,13.9658,13.8967,13.8483,13.8041,13.7597,13.7151,13.6704,13.6254,13.5802,13.5348,13.4892,13.4714,13.4904,13.5095,13.5287,13.5478,13.567,13.5862,13.6055,13.6248,13.6429,13.6233,13.6038,13.5842,13.5646,13.545,13.5254,13.5058,13.4862,13.4666,13.4007,13.3073,13.2133,13.1187,13.0235,12.9276,12.8311,12.734,12.6362,12.5407,12.4551,12.3691,12.2828,12.1962,12.1092,12.0219,11.9343,11.8463,11.758,11.6895,11.6252,11.5609,11.4965,11.4321,11.3676,11.3031,11.2385,11.1738
16.0253,15.9804,15.9354,15.8906,15.8457,15.8008,15.756,15.7112,15.6664,15.6236,15.5895,15.5555,15.5214,15.4874,15.4534,15.4194,15.3854,15.3514,15.3175,15.2335,15.1355,15.0374,14.9394,14.8413,14.7432,14.6452,14.5471,14.449,14.3894,14.3918,14.3943,14.3969,14.3997,14.4026,14.4056,14.4087,14.4118,14.4151,14.4571,14.4997,14.5423,14.5848,14.6274,14.6699,14.7124,14.7549,14.7974,14.8312,14.859,14.8868,14.9146,14.9423,14.9701,14.9978,15.0255,15.0532,15.068,15.0295,14.9909,14.9524,14.9138,14.8753,14.8368,14.7984,14.76,14.7216,14.6157,14.4925,14.3694,14.2462,14.1231,14.0001,13.8771,13.7541,13.6311,13.5819,13.6431,13.7043,13.7656,13.8269,13.8882,13.9495,14.0109,14.0724,14.1338,14.1646,14.1955,14.2264,14.2574,14.2885,14.3197,14.3509,14.3822,14.4136,14.4345,14.4485,14.4624,14.4762,14.4898,14.5034,14.5168,14.53,14.5432,14.5391,14.47,14.4008,14.3317,14.2625,14.1934,14.1243,14.0552,13.986,13.9169,13.8644,13.8157,13.7667,13.7176,13.6683,13.6188,13.5691,13.5192,13.4691,13.4474,13.4673,13.4873,13.5073,13.5273,13.5474,13.5675,13.5876,13.6078,13.6278,13.6082,13.5886,13.5691,13.5495,13.5299,13.5103,13.4907,13.4711,13.4515,13.3818,13.2786,13.1748,13.0703,12.9653,12.8596,12.7533,12.6463,12.5387,12.4341,12.3442,12.254,12.1634,12.0725,11.9813,11.8897,11.7978,11.7056,11.613,11.5427,11.4785,11.4141,11.3498,11.2853,11.2208,11.1563,11.0917,11.0271
16.0515,16.0062,15.9609,15.9156,15.8704,15.8252,15.78,15.7348,15.6896,15.6466,15.6125,15.5785,15.5445,15.5105,15.4765,15.4425,15.4085,15.3745,15.3405,15.2562,15.1585,15.0609,14.9633,14.8657,14.768,14.6704,14.5728,14.4752,14.4137,14.4085,14.4034,14.3984,14.3936,14.3889,14.3843,14.3797,14.3753,14.3709,14.4131,14.4557,14.4983,14.5409,14.5835,14.626,14.6685,14.711,14.7535,14.7861,14.8117,14.8373,14.863,14.8886,14.9142,14.9398,14.9654,14.9909,15.0056,14.9745,14.9435,14.9124,14.8814,14.8504,14.8195,14.7885,14.7576,14.7268,14.6246,14.5037,14.3828,14.262,14.1412,14.0204,13.8997,13.779,13.6583,13.6098,13.6723,13.7349,13.7976,13.8602,13.9229,13.9857,14.0485,14.1113,14.1742,14.2074,14.2405,14.2736,14.3068,14.3401,14.3734,14.4068,14.4403,14.4739,14.4933,14.5027,14.5121,14.5214,14.5305,14.5395,14.5484,14.5572,14.5658,14.5595,14.4903,14.4211,14.352,14.2828,14.2137,14.1446,14.0754,14.0063,13.9372,13.8807,13.8274,13.774,13.7203,13.6665,13.6124,13.5582,13.5038,13.4491,13.4234,13.4441,13.465,13.4858,13.5067,13.5277,13.5486,13.5697,13.5907,13.6118,13.5931,13.5735,13.5539,13.5343,13.5147,13.4951,13.4755,13.4559,13.4363,13.3635,13.2504,13.1368,13.0226,12.9077,12.7922,12.6761,12.5593,12.4419,12.3278,12.2336,12.1391,12.0443,11.9491,11.8536,11.7578,11.6617,11.5651,11.4683,11.396,11.3317,11.2674,11.203,11.1386,11.0741,11.0096,10.945,10.8804
16.0778,16.0321,15.9864,15.9407,15.8951,15.8495,15.8039,15.7583,15.7128,15.6696,15.6356,15.6015,15.5675,15.5335,15.4995,15.4655,15.4315,15.3975,15.3635,15.2788,15.1816,15.0844,14.9872,14.8901,14.7929,14.6957,14.5985,14.5013,14.4378,14.425,14.4124,14.3998,14.3874,14.3751,14.3629,14.3507,14.3387,14.3267,14.3692,14.4118,14.4544,14.497,14.5395,14.5821,14.6246,14.6671,14.7096,14.7409,14.7644,14.7879,14.8114,14.8349,14.8583,14.8818,14.9052,14.9286,14.9431,14.9195,14.896,14.8725,14.849,14.8255,14.802,14.7786,14.7553,14.7319,14.6335,14.5149,14.3963,14.2778,14.1592,14.0408,13.9223,13.8039,13.6855,13.6376,13.7015,13.7655,13.8295,13.8936,13.9577,14.0218,14.086,14.1502,14.2144,14.2501,14.2854,14.3207,14.3561,14.3916,14.4271,14.4627,14.4984,14.5341,14.5521,14.5571,14.5619,14.5667,14.5713,14.5758,14.5802,14.5844,14.5885,14.5798,14.5106,14.4414,14.3723,14.3031,14.234,14.1648,14.0957,14.0266,13.9575,13.8972,13.8393,13.7814,13.7232,13.6648,13.6063,13.5475,13.4885,13.4293,13.3993,13.4209,13.4426,13.4644,13.4861,13.5079,13.5298,13.5517,13.5736,13.5955,13.5779,13.5583,13.5388,13.5192,13.4996,13.48,13.4604,13.4408,13.4212,13.3457,13.2229,13.0994,12.9754,12.8507,12.7254,12.5995,12.4729,12.3456,12.2217,12.1232,12.0245,11.9254,11.826,11.7263,11.6262,11.5258,11.425,11.3239,11.2492,11.1849,11.1206,11.0562,10.9918,10.9273,10.8628,10.7982,10.7336
16.104,16.0579,16.0118,15.9658,15.9198,15.8738,15.8278,15.7819,15.7359,15.6927,15.6586,15.6246,15.5906,15.5565,15.5225,15.4885,15.4545,15.4206,15.3866,15.3014,15.2047,15.1079,15.0112,14.9144,14.8177,14.721,14.6242,14.5275,14.4619,14.4415,14.4212,14.4011,14.3811,14.3611,14.3413,14.3216,14.302,14.2826,14.3252,14.3678,14.4104,14.453,14.4956,14.5382,14.5807,14.6232,14.6657,14.6957,14.717,14.7384,14.7598,14.7811,14.8025,14.8238,14.8451,14.8664,14.8806,14.8645,14.8485,14.8325,14.8165,14.8005,14.7846,14.7687,14.7528,14.737,14.6423,14.526,14.4097,14.2935,14.1772,14.0611,13.9449,13.8288,13.7127,13.6654,13.7307,13.7961,13.8615,13.9269,13.9924,14.0579,14.1234,14.189,14.2547,14.2928,14.3303,14.3678,14.4054,14.443,14.4807,14.5185,14.5564,14.5943,14.6111,14.6116,14.6119,14.6122,14.6123,14.6123,14.6121,14.6119,14.6115,14.6001,14.5309,14.4618,14.3926,14.3234,14.2543,14.1851,14.116,14.0469,13.9777,13.9138,13.8515,13.789,13.7263,13.6634,13.6003,13.537,13.4735,13.4098,13.3752,13.3977,13.4203,13.4429,13.4655,13.4882,13.5109,13.5336,13.5564,13.5792,13.5628,13.5432,13.5236,13.504,13.4844,13.4648,13.4452,13.4256,13.406,13.3286,13.1959,13.0627,12.9288,12.7943,12.6592,12.5235,12.3871,12.2501,12.1159,12.0132,11.9102,11.8068,11.7032,11.5992,11.4949,11.3902,11.2852,11.1798,11.1024,11.0382,10.9739,10.9095,10.8451,10.7806,10.7161,10.6515,10.5869
16.1302,16.0837,16.0373,15.9909,15.9445,15.8981,15.8517,15.8054,15.7591,15.7157,15.6817,15.6476,15.6136,15.5796,15.5456,15.5116,15.4776,15.4436,15.4096,15.3241,15.2278,15.1315,15.0352,14.9389,14.8425,14.7462,14.6499,14.5536,14.4858,14.4578,14.43,14.4022,14.3746,14.3471,14.3197,14.2924,14.2652,14.2386,14.2812,14.3239,14.3665,14.4091,14.4517,14.4942,14.5368,14.5793,14.6219,14.6504,14.6697,14.6889,14.7082,14.7274,14.7466,14.7658,14.785,14.8042,14.818,14.8095,14.801,14.7925,14.784,14.7755,14.7671,14.7587,14.7503,14.742,14.6512,14.5371,14.4231,14.3092,14.1952,14.0813,13.9674,13.8536,13.7398,13.6931,13.7599,13.8266,13.8934,13.9602,14.0271,14.094,14.1609,14.2279,14.2949,14.3355,14.3751,14.4148,14.4546,14.4944,14.5343,14.5743,14.6143,14.6544,14.6702,14.6662,14.662,14.6577,14.6534,14.6488,14.6442,14.6394,14.6345,14.6204,14.5513,14.4821,14.4129,14.3437,14.2746,14.2054,14.1363,14.0671,13.998,13.9306,13.8638,13.7967,13.7295,13.6621,13.5945,13.5267,13.4587,13.3905,13.351,13.3744,13.3978,13.4213,13.4448,13.4684,13.4919,13.5156,13.5392,13.5629,13.5476,13.5281,13.5085,13.4889,13.4693,13.4497,13.4301,13.4105,13.3909,13.312,13.1695,13.0265,12.8828,12.7386,12.5937,12.4481,12.302,12.1551,12.0103,11.9034,11.7961,11.6886,11.5807,11.4724,11.3638,11.2549,11.1457,11.036,10.9557,10.8914,10.8271,10.7627,10.6983,10.6338,10.5693,10.5048,10.4401
16.1564,16.1095,16.0627,16.0159,15.9691,15.9224,15.8756,15.8289,15.7822,15.7387,15.7047,15.6707,15.6366,15.6026,15.5686,15.5346,15.5006,15.4666,15.4327,15.3467,15.2509,15.155,15.0591,14.9633,14.8674,14.7715,14.6757,14.5798,14.5096,14.474,14.4386,14.4033,14.3681,14.333,14.298,14.2631,14.2283,14.1946,14.2373,14.2799,14.3225,14.3652,14.4077,14.4503,14.4929,14.5354,14.578,14.6052,14.6223,14.6395,14.6566,14.6737,14.6908,14.7078,14.7249,14.7419,14.7555,14.7545,14.7535,14.7525,14.7515,14.7505,14.7496,14.7487,14.7478,14.747,14.66,14.5483,14.4365,14.3249,14.2132,14.1016,13.99,13.8784,13.7669,13.7209,13.789,13.8571,13.9253,13.9935,14.0617,14.13,14.1983,14.2667,14.3351,14.3781,14.4199,14.4618,14.5037,14.5457,14.5878,14.63,14.6722,14.7145,14.7295,14.7209,14.7123,14.7035,14.6946,14.6856,14.6764,14.6671,14.6577,14.6408,14.5716,14.5024,14.4332,14.364,14.2949,14.2257,14.1565,14.0874,14.0182,13.9476,13.8763,13.8047,13.733,13.661,13.5889,13.5166,13.4441,13.3713,13.3268,13.3511,13.3754,13.3997,13.4241,13.4485,13.4729,13.4974,13.5219,13.5465,13.5325,13.5129,13.4933,13.4737,13.4542,13.4346,13.415,13.3953,13.3757,13.296,13.1437,12.9909,12.8375,12.6834,12.5287,12.3734,12.2174,12.0608,11.9051,11.7939,11.6824,11.5706,11.4584,11.3459,11.2331,11.1199,11.0064,10.8926,10.8089,10.7446,10.6801,10.6143,10.5483,10.4822,10.4159,10.3495,10.2828
16.1826,16.1353,16.0881,16.0409,15.9938,15.9466,15.8995,15.8524,15.8053,15.7618,15.7277,15.6937,15.6597,15.6257,15.5917,15.5577,15.5237,15.4897,15.4557,15.3694,15.274,15.1786,15.0831,14.9877,14.8923,14.7968,14.7014,14.606,14.5332,14.4901,14.4471,14.4042,14.3614,14.3187,14.2762,14.2337,14.1913,14.1507,14.1933,14.236,14.2786,14.3212,14.3638,14.4064,14.449,14.4915,14.5341,14.56,14.575,14.59,14.605,14.6199,14.6349,14.6498,14.6648,14.6797,14.693,14.6994,14.7059,14.7124,14.7189,14.7254,14.732,14.7386,14.7452,14.7519,14.6688,14.5593,14.4499,14.3405,14.2311,14.1218,14.0125,13.9032,13.7939,13.7486,13.8181,13.8876,13.9572,14.0267,14.0964,14.166,14.2357,14.3054,14.3752,14.4207,14.4647,14.5087,14.5528,14.597,14.6413,14.6856,14.73,14.7745,14.7888,14.7758,14.7626,14.7493,14.7359,14.7224,14.7088,14.695,14.6811,14.6611,14.5919,14.5227,14.4535,14.3843,14.3152,14.246,14.1768,14.1077,14.0385,13.9648,13.8889,13.8129,13.7366,13.6602,13.5835,13.5067,13.4297,13.3524,13.3026,13.3277,13.3529,13.3781,13.4033,13.4286,13.4539,13.4793,13.5044,13.5278,13.5127,13.4904,13.4677,13.4445,13.421,13.397,13.3727,13.3479,13.3226,13.2383,13.0747,12.9108,12.7467,12.5823,12.4178,12.253,12.088,11.9228,11.7574,11.6421,11.5267,11.4113,11.2958,11.1802,11.0646,10.9489,10.8331,10.7172,10.6296,10.5628,10.4958,10.4287,10.3615,10.294,10.2264,10.1587,10.0907
16.1919,16.1447,16.0974,16.0502,16.003,15.9558,15.9087,15.8616,15.8145,15.7707,15.7353,15.7,15.6649,15.6299,15.5951,15.5604,15.5259,15.4915,15.4572,15.3715,15.2776,15.1836,15.0897,14.9956,14.9016,14.8075,14.7134,14.6193,14.5452,14.4961,14.447,14.3979,14.3488,14.2996,14.2504,14.2012,14.152,14.1051,14.1479,14.1908,14.2336,14.2763,14.3191,14.3618,14.4045,14.4471,14.4898,14.5144,14.5273,14.5403,14.5532,14.5661,14.5789,14.5918,14.6046,14.6174,14.6304,14.6443,14.6581,14.6719,14.6857,14.6995,14.7132,14.727,14.7407,14.7544,14.675,14.5677,14.4605,14.3533,14.2462,14.1392,14.0322,13.9253,13.8184,13.7737,13.844,13.9142,13.9844,14.0545,14.1246,14.1946,14.2646,14.3345,14.4043,14.4511,14.4961,14.5411,14.5862,14.6312,14.6762,14.7211,14.7661,14.8111,14.8231,14.8033,14.7833,14.763,14.7425,14.7218,14.7008,14.6795,14.6579,14.6316,14.5601,14.4885,14.4168,14.3451,14.2733,14.2014,14.1295,14.0575,13.9854,13.908,13.828,13.7479,13.6678,13.5877,13.5076,13.4274,13.3471,13.2668,13.2123,13.2369,13.2615,13.2861,13.3108,13.3355,13.3602,13.385,13.4098,13.4347,13.4155,13.3865,13.3571,13.3273,13.297,13.2664,13.2353,13.2038,13.1718,13.0865,12.9202,12.7536,12.5869,12.4199,12.2527,12.0853,11.9176,11.7497,11.5816,11.4645,11.3489,11.2333,11.1177,11.0019,10.8861,10.7702,10.6542,10.5382,10.448,10.3799,10.3117,10.2432,10.1747,10.1059,10.037,9.9679,9.8987
16.1844,16.1362,16.088,16.0398,15.9917,15.9436,15.8955,15.8475,15.7995,15.7534,15.7119,15.6705,15.6294,15.5884,15.5475,15.5068,15.4662,15.4258,15.3855,15.2986,15.205,15.1114,15.0177,14.924,14.8303,14.7366,14.6428,14.549,14.4753,14.4261,14.3768,14.3275,14.2782,14.2288,14.1795,14.1301,14.0807,14.0341,14.0779,14.1217,14.1655,14.2093,14.253,14.2967,14.3403,14.384,14.4276,14.4526,14.4656,14.4786,14.4916,14.5045,14.5175,14.5304,14.5433,14.5562,14.5692,14.5831,14.5969,14.6107,14.6245,14.6383,14.6521,14.6658,14.6795,14.6932,14.6194,14.5187,14.418,14.3174,14.2169,14.1164,14.016,13.9157,13.8154,13.7729,13.8405,13.9081,13.9757,14.0432,14.1107,14.1781,14.2455,14.3128,14.38,14.4268,14.4719,14.5169,14.5619,14.6069,14.6519,14.6969,14.7419,14.7869,14.7958,14.7683,14.7405,14.7124,14.6841,14.6556,14.6268,14.5977,14.5683,14.5355,14.4631,14.3907,14.3182,14.2456,14.173,14.1003,14.0275,13.9547,13.8818,13.8043,13.7242,13.6442,13.564,13.4839,13.4037,13.3235,13.2432,13.1629,13.1063,13.1323,13.1583,13.1843,13.2104,13.2366,13.2627,13.2889,13.3152,13.3414,13.3187,13.283,13.2469,13.2103,13.1734,13.1361,13.0983,13.0601,13.0215,12.9349,12.7659,12.5967,12.4273,12.2576,12.0878,11.9177,11.7474,11.5768,11.406,11.2868,11.1711,11.0554,10.9395,10.8236,10.7076,10.5916,10.4754,10.3592,10.2666,10.1971,10.1276,10.0579,9.988,9.9179,9.8477,9.7773,9.7068
16.1768,16.1277,16.0785,16.0294,15.9804,15.9313,15.8823,15.8333,15.7844,15.7358,15.6883,15.6409,15.5937,15.5467,15.4998,15.4531,15.4065,15.36,15.3136,15.2257,15.1324,15.0391,14.9458,14.8524,14.759,14.6656,14.5721,14.4787,14.4055,14.356,14.3066,14.2571,14.2076,14.158,14.1085,14.0589,14.0093,13.9631,14.0079,14.0527,14.0975,14.1422,14.1869,14.2316,14.2762,14.3208,14.3654,14.3908,14.4039,14.4169,14.43,14.443,14.456,14.469,14.482,14.4949,14.508,14.5219,14.5357,14.5495,14.5633,14.5771,14.5909,14.6046,14.6183,14.632,14.5636,14.4695,14.3755,14.2814,14.1875,14.0936,13.9998,13.906,13.8124,13.7721,13.8371,13.9021,13.9671,14.032,14.0969,14.1617,14.2265,14.2912,14.3558,14.4026,14.4476,14.4927,14.5377,14.5827,14.6277,14.6727,14.7177,14.7627,14.7688,14.7335,14.6979,14.662,14.6259,14.5896,14.553,14.5161,14.4789,14.4395,14.3663,14.293,14.2197,14.1463,14.0728,13.9993,13.9257,13.852,13.7783,13.7006,13.6205,13.5404,13.4602,13.3801,13.2998,13.2196,13.1393,13.059,13.0001,13.0276,13.055,13.0825,13.11,13.1376,13.1651,13.1928,13.2204,13.2482,13.2222,13.1798,13.137,13.0938,13.0502,13.0061,12.9617,12.9168,12.8715,12.7834,12.6117,12.4399,12.2678,12.0955,11.923,11.7502,11.5773,11.4041,11.2306,11.1092,10.9934,10.8774,10.7614,10.6453,10.5291,10.4129,10.2966,10.1802,10.0852,10.0145,9.9436,9.8726,9.8014,9.73,9.6585,9.5868,9.515
16.1692,16.1191,16.0691,16.019,15.969,15.919,15.8691,15.8191,15.7692,15.7181,15.6645,15.6111,15.5579,15.5048,15.4519,15.3991,15.3465,15.294,15.2416,15.1528,15.0599,14.9669,14.8739,14.7808,14.6878,14.5946,14.5015,14.4084,14.3357,14.286,14.2364,14.1867,14.137,14.0872,14.0375,13.9877,13.938,13.8921,13.9379,13.9837,14.0295,14.0752,14.1208,14.1665,14.2121,14.2577,14.3033,14.329,14.3421,14.3553,14.3684,14.3815,14.3945,14.4076,14.4206,14.4336,14.4468,14.4606,14.4745,14.4883,14.5021,14.5159,14.5297,14.5434,14.5571,14.5709,14.5079,14.4203,14.3328,14.2454,14.158,14.0707,13.9834,13.8963,13.8092,13.7713,13.8338,13.8962,13.9585,14.0208,14.0831,14.1453,14.2075,14.2696,14.3316,14.3784,14.4234,14.4684,14.5135,14.5585,14.6035,14.6485,14.6935,14.7385,14.742,14.6989,14.6555,14.6119,14.568,14.5238,14.4794,14.4348,14.3898,14.3434,14.2694,14.1953,14.1211,14.0469,13.9726,13.8982,13.8238,13.7493,13.6748,13.5968,13.5167,13.4366,13.3564,13.2762,13.196,13.1157,13.0354,12.955,12.8939,12.9228,12.9517,12.9806,13.0095,13.0385,13.0675,13.0966,13.1257,13.1548,13.1261,13.077,13.0275,12.9776,12.9273,12.8766,12.8254,12.7739,12.7219,12.6321,12.4578,12.2832,12.1085,11.9336,11.7584,11.583,11.4074,11.2315,11.0554,10.9316,10.8156,10.6995,10.5833,10.467,10.3507,10.2343,10.1178,10.0012,9.9039,9.8319,9.7597,9.6874,9.6149,9.5422,9.4694,9.3964,9.3233
16.1616,16.1106,16.0595,16.0086,15.9576,15.9067,15.8558,15.8049,15.7541,15.7002,15.6406,15.5812,15.5219,15.4628,15.4039,15.3451,15.2864,15.2279,15.1695,15.0799,14.9873,14.8946,14.8019,14.7092,14.6165,14.5237,14.4309,14.338,14.2658,14.216,14.1661,14.1163,14.0664,14.0165,13.9665,13.9166,13.8666,13.8212,13.868,13.9147,13.9614,14.0081,14.0548,14.1014,14.148,14.1946,14.2411,14.2672,14.2804,14.2936,14.3068,14.3199,14.3331,14.3462,14.3593,14.3724,14.3856,14.3994,14.4133,14.4271,14.4409,14.4547,14.4685,14.4822,14.496,14.5097,14.452,14.3711,14.2902,14.2093,14.1285,14.0477,13.967,13.8864,13.8059,13.7706,13.8304,13.8902,13.95,14.0097,14.0694,14.129,14.1885,14.248,14.3075,14.3541,14.3992,14.4442,14.4892,14.5343,14.5793,14.6243,14.6693,14.7143,14.7155,14.6645,14.6133,14.5619,14.5103,14.4583,14.4062,14.3537,14.301,14.2474,14.1726,14.0976,14.0226,13.9476,13.8724,13.7973,13.722,13.6467,13.5713,13.4931,13.413,13.3328,13.2526,13.1724,13.0921,13.0118,12.9315,12.8511,12.7877,12.818,12.8483,12.8786,12.909,12.9394,12.9698,13.0003,13.0308,13.0614,13.0303,12.9745,12.9183,12.8618,12.8048,12.7474,12.6896,12.6314,12.5727,12.4809,12.3039,12.1268,11.9494,11.7718,11.5939,11.4159,11.2376,11.0591,10.8804,10.7541,10.6378,10.5215,10.4052,10.2887,10.1722,10.0556,9.939,9.8223,9.7227,9.6494,9.5759,9.5023,9.4285,9.3545,9.2804,9.2061,9.1317
16.1539,16.102,16.05,15.9981,15.9462,15.8943,15.8425,15.7907,15.7389,15.6821,15.6165,15.5511,15.4858,15.4207,15.3557,15.2909,15.2262,15.1616,15.0972,15.007,14.9147,14.8224,14.73,14.6376,14.5452,14.4528,14.3603,14.2677,14.196,14.1459,14.0959,14.0458,13.9958,13.9457,13.8955,13.8454,13.7952,13.7502,13.798,13.8457,13.8934,13.9411,13.9887,14.0363,14.0839,14.1315,14.179,14.2053,14.2186,14.2319,14.2452,14.2584,14.2716,14.2848,14.2979,14.3111,14.3243,14.3382,14.3521,14.3659,14.3797,14.3935,14.4073,14.4211,14.4348,14.4485,14.3962,14.3218,14.2474,14.1731,14.0988,14.0247,13.9505,13.8765,13.8025,13.7699,13.8271,13.8844,13.9415,13.9986,14.0557,14.1127,14.1697,14.2266,14.2834,14.3299,14.3749,14.42,14.465,14.51,14.5551,14.6001,14.6451,14.6901,14.6891,14.6304,14.5714,14.5122,14.4528,14.3931,14.3331,14.2729,14.2124,14.1515,14.0758,14,13.9242,13.8483,13.7723,13.6963,13.6202,13.5441,13.4678,13.3894,13.3092,13.229,13.1488,13.0686,12.9883,12.9079,12.8276,12.7472,12.6814,12.7131,12.7448,12.7765,12.8083,12.8401,12.872,12.9039,12.9359,12.9678,12.9349,12.8724,12.8096,12.7463,12.6827,12.6186,12.5541,12.4892,12.4239,12.3299,12.1502,11.9704,11.7904,11.6101,11.4297,11.249,11.068,10.8869,10.7055,10.5765,10.4601,10.3436,10.2271,10.1105,9.9938,9.877,9.7602,9.6433,9.5416,9.467,9.3922,9.3173,9.2422,9.1669,9.0915,9.0159,8.9401
16.1462,16.0933,16.0404,15.9876,15.9347,15.8819,15.8292,15.7764,15.7237,15.6638,15.5922,15.5207,15.4494,15.3783,15.3073,15.2365,15.1658,15.0952,15.0247,14.9342,14.8422,14.7502,14.6581,14.5661,14.474,14.3818,14.2896,14.1975,14.1261,14.0759,14.0257,13.9754,13.9252,13.8749,13.8246,13.7742,13.7239,13.6793,13.728,13.7767,13.8254,13.8741,13.9227,13.9713,14.0198,14.0683,14.1168,14.1435,14.1569,14.1702,14.1835,14.1968,14.2101,14.2234,14.2366,14.2498,14.2631,14.277,14.2909,14.3047,14.3185,14.3323,14.3461,14.3599,14.3736,14.3873,14.3402,14.2724,14.2046,14.1368,14.0691,14.0015,13.934,13.8665,13.7991,13.7693,13.8239,13.8785,13.9331,13.9876,14.0421,14.0965,14.1508,14.2051,14.2594,14.3057,14.3507,14.3957,14.4408,14.4858,14.5308,14.5758,14.6209,14.6659,14.663,14.5964,14.5297,14.4627,14.3955,14.328,14.2603,14.1923,14.124,14.0554,13.979,13.9024,13.8257,13.749,13.6722,13.5954,13.5185,13.4415,13.3644,13.2857,13.2055,13.1253,13.045,12.9647,12.8844,12.8041,12.7237,12.6432,12.575,12.6081,12.6412,12.6744,12.7076,12.7409,12.7742,12.8075,12.8408,12.8743,12.8398,12.7707,12.7012,12.6312,12.5609,12.4902,12.419,12.3475,12.2754,12.179,11.9967,11.8143,11.6316,11.4487,11.2656,11.0822,10.8986,10.7148,10.5308,10.3989,10.2823,10.1657,10.049,9.9322,9.8154,9.6984,9.5814,9.4643,9.3606,9.2847,9.2086,9.1323,9.0559,8.9794,8.9027,8.8258,8.7487
16.1385,16.0846,16.0308,15.977,15.9232,15.8695,15.8158,15.7621,15.7084,15.6454,15.5677,15.4903,15.413,15.3358,15.2588,15.1819,15.1052,15.0286,14.9521,14.8613,14.7697,14.678,14.5862,14.4945,14.4027,14.3109,14.219,14.1272,14.0562,14.0059,13.9554,13.905,13.8545,13.8041,13.7536,13.7031,13.6525,13.6084,13.6581,13.7078,13.7574,13.8071,13.8566,13.9062,13.9557,14.0052,14.0547,14.0817,14.0952,14.1086,14.1219,14.1353,14.1486,14.162,14.1753,14.1885,14.2019,14.2158,14.2297,14.2435,14.2573,14.2711,14.2849,14.2987,14.3124,14.3261,14.2842,14.2229,14.1617,14.1005,14.0394,13.9783,13.9173,13.8564,13.7955,13.7686,13.8207,13.8727,13.9247,13.9766,14.0285,14.0803,14.1321,14.1838,14.2354,14.2814,14.3265,14.3715,14.4166,14.4616,14.5066,14.5516,14.5966,14.6416,14.637,14.5627,14.4882,14.4135,14.3385,14.2632,14.1877,14.112,14.0359,13.9596,13.8822,13.8048,13.7273,13.6498,13.5722,13.4945,13.4167,13.3389,13.261,13.1819,13.1017,13.0215,12.9412,12.8609,12.7806,12.7002,12.6198,12.5393,12.4685,12.5031,12.5376,12.5722,12.6069,12.6415,12.6762,12.711,12.7458,12.7806,12.7451,12.6693,12.5931,12.5165,12.4395,12.3621,12.2843,12.2061,12.1274,12.0283,11.8434,11.6583,11.4729,11.2874,11.1016,10.9156,10.7294,10.543,10.3563,10.2214,10.1046,9.9878,9.8709,9.754,9.6369,9.5198,9.4027,9.2854,9.1797,9.1024,9.0251,8.9475,8.8698,8.792,8.714,8.6358,8.5574
16.1307,16.0759,16.0212,15.9664,15.9117,15.857,15.8024,15.7478,15.6932,15.6268,15.5431,15.4596,15.3763,15.2931,15.2101,15.1272,15.0445,14.9619,14.8794,14.7885,14.6971,14.6058,14.5144,14.4229,14.3315,14.24,14.1484,14.0569,13.9864,13.9358,13.8852,13.8346,13.7839,13.7333,13.6826,13.6319,13.5811,13.5375,13.5882,13.6388,13.6894,13.74,13.7906,13.8411,13.8917,13.9421,13.9926,14.0199,14.0334,14.0469,14.0603,14.0738,14.0872,14.1006,14.1139,14.1273,14.1407,14.1546,14.1685,14.1823,14.1961,14.2099,14.2237,14.2375,14.2512,14.265,14.2282,14.1734,14.1188,14.0641,14.0095,13.955,13.9006,13.8462,13.7919,13.7681,13.8175,13.8669,13.9163,13.9656,14.0149,14.0642,14.1133,14.1624,14.2115,14.2572,14.3022,14.3473,14.3923,14.4374,14.4824,14.5274,14.5724,14.6174,14.6113,14.5292,14.447,14.3645,14.2817,14.1987,14.1154,14.0319,13.9481,13.864,13.7855,13.7073,13.6289,13.5506,13.4721,13.3936,13.315,13.2364,13.1577,13.0782,12.998,12.9177,12.8374,12.7571,12.6767,12.5963,12.5159,12.4354,12.362,12.3979,12.4339,12.47,12.506,12.5421,12.5782,12.6144,12.6506,12.6868,12.6507,12.5683,12.4854,12.4022,12.3185,12.2345,12.15,12.0651,11.9797,11.8777,11.6902,11.5024,11.3144,11.1262,10.9378,10.7492,10.5603,10.3713,10.1819,10.0438,9.9269,9.8099,9.6929,9.5757,9.4585,9.3413,9.2239,9.1065,8.9988,8.9203,8.8416,8.7628,8.6838,8.6047,8.5253,8.4459,8.3662
16.1229,16.0672,16.0115,15.9558,15.9002,15.8446,15.789,15.7334,15.6779,15.608,15.5183,15.4288,15.3395,15.2503,15.1613,15.0724,14.9836,14.895,14.8065,14.7156,14.6246,14.5336,14.4425,14.3514,14.2602,14.169,14.0778,13.9866,13.9165,13.8658,13.815,13.7641,13.7133,13.6625,13.6116,13.5607,13.5098,13.4666,13.5182,13.5699,13.6215,13.673,13.7246,13.7761,13.8276,13.879,13.9305,13.9581,13.9717,13.9852,13.9987,14.0122,14.0257,14.0392,14.0526,14.066,14.0795,14.0934,14.1073,14.1211,14.1349,14.1487,14.1625,14.1763,14.1901,14.2038,14.1721,14.1239,14.0757,14.0277,13.9796,13.9316,13.8837,13.8359,13.7882,13.7675,13.8144,13.8612,13.908,13.9547,14.0014,14.0481,14.0946,14.1412,14.1876,14.2329,14.278,14.3231,14.3681,14.4131,14.4582,14.5032,14.5482,14.5932,14.5858,14.496,14.4059,14.3157,14.2251,14.1344,14.0433,13.9521,13.8605,13.7686,13.6888,13.6097,13.5306,13.4514,13.3721,13.2928,13.2134,13.1339,13.0544,12.9745,12.8942,12.8139,12.7336,12.6533,12.5729,12.4924,12.4119,12.3314,12.2554,12.2928,12.3302,12.3676,12.4051,12.4426,12.4802,12.5177,12.5554,12.593,12.5567,12.4676,12.3781,12.2882,12.1979,12.1072,12.016,11.9245,11.8325,11.7273,11.5371,11.3467,11.1561,10.9653,10.7742,10.5829,10.3914,10.1997,10.0078,9.8663,9.7492,9.632,9.5148,9.3975,9.2801,9.1627,9.0452,8.9276,8.8181,8.7383,8.6583,8.5782,8.4979,8.4174,8.3368,8.256,8.1751
16.1151,16.0584,16.0018,15.9452,15.8886,15.832,15.7755,15.719,15.6625,15.589,15.4933,15.3978,15.3025,15.2073,15.1123,15.0174,14.9226,14.828,14.7335,14.6428,14.5521,14.4614,14.3706,14.2798,14.189,14.0981,14.0072,13.9163,13.8467,13.7957,13.7447,13.6937,13.6427,13.5917,13.5406,13.4895,13.4384,13.3957,13.4483,13.5009,13.5535,13.606,13.6586,13.7111,13.7635,13.8159,13.8683,13.8963,13.9099,13.9235,13.9371,13.9507,13.9642,13.9777,13.9912,14.0047,14.0183,14.0322,14.046,14.0599,14.0737,14.0876,14.1013,14.1151,14.1289,14.1426,14.1159,14.0743,14.0327,13.9911,13.9496,13.9082,13.8668,13.8256,13.7844,13.767,13.8113,13.8555,13.8997,13.9439,13.988,14.032,14.076,14.12,14.1638,14.2087,14.2538,14.2988,14.3439,14.3889,14.4339,14.479,14.524,14.569,14.5605,14.4629,14.3651,14.2671,14.1688,14.0703,13.9715,13.8725,13.7731,13.6735,13.5922,13.5122,13.4323,13.3522,13.2721,13.192,13.1117,13.0315,12.9511,12.8708,12.7905,12.7102,12.6298,12.5494,12.469,12.3885,12.308,12.2275,12.1487,12.1875,12.2264,12.2652,12.3041,12.343,12.382,12.421,12.4601,12.4991,12.463,12.3673,12.2711,12.1746,12.0776,11.9803,11.8825,11.7843,11.6856,11.5771,11.3842,11.1912,10.9979,10.8045,10.6108,10.4168,10.2227,10.0283,9.8337,9.6888,9.5715,9.4542,9.3368,9.2193,9.1018,8.9841,8.8664,8.7487,8.6375,8.5564,8.4751,8.3936,8.3121,8.2303,8.1484,8.0663,7.9841
16.1072,16.0496,15.992,15.9345,15.877,15.8195,15.762,15.7046,15.6472,15.5698,15.4681,15.3666,15.2653,15.1641,15.0631,14.9622,14.8615,14.7608,14.6603,14.57,14.4796,14.3892,14.2987,14.2082,14.1177,14.0272,13.9366,13.8461,13.7768,13.7256,13.6745,13.6233,13.5721,13.5208,13.4696,13.4183,13.367,13.3248,13.3784,13.432,13.4855,13.5391,13.5926,13.646,13.6994,13.7528,13.8062,13.8345,13.8482,13.8619,13.8755,13.8891,13.9027,13.9163,13.9299,13.9435,13.957,13.971,13.9848,13.9987,14.0125,14.0264,14.0402,14.0539,14.0677,14.0814,14.0597,14.0246,13.9895,13.9545,13.9196,13.8847,13.8499,13.8151,13.7804,13.7666,13.8083,13.8499,13.8915,13.9331,13.9746,14.016,14.0574,14.0988,14.1401,14.1845,14.2295,14.2746,14.3196,14.3647,14.4097,14.4548,14.4998,14.5448,14.5354,14.4301,14.3245,14.2188,14.1127,14.0065,13.8999,13.7931,13.6861,13.5787,13.4955,13.4148,13.334,13.2531,13.1722,13.0912,13.0101,12.929,12.8478,12.767,12.6867,12.6064,12.526,12.4456,12.3651,12.2847,12.2041,12.1236,12.043,12.0822,12.1225,12.1628,12.2031,12.2434,12.2838,12.3242,12.3647,12.4052,12.3697,12.2673,12.1645,12.0613,11.9577,11.8537,11.7493,11.6444,11.5391,11.427,11.2315,11.0358,10.8399,10.6438,10.4475,10.2509,10.0541,9.8571,9.6599,9.5112,9.3938,9.2763,9.1587,9.0411,8.9234,8.8056,8.6877,8.5698,8.4569,8.3745,8.2919,8.2092,8.1263,8.0433,7.9601,7.8767,7.7932
16.0993,16.0408,15.9823,15.9238,15.8653,15.8069,15.7485,15.6901,15.6318,15.5504,15.4428,15.3353,15.228,15.1208,15.0138,14.9069,14.8001,14.6935,14.5872,14.4971,14.4071,14.317,14.2269,14.1367,14.0465,13.9563,13.8661,13.7758,13.7069,13.6556,13.6042,13.5528,13.5014,13.45,13.3986,13.3471,13.2956,13.2539,13.3085,13.3631,13.4176,13.4721,13.5265,13.581,13.6354,13.6898,13.7441,13.7727,13.7864,13.8002,13.8139,13.8276,13.8413,13.8549,13.8686,13.8822,13.8958,13.9097,13.9236,13.9375,13.9513,13.9652,13.979,13.9927,14.0065,14.0202,14.0034,13.9749,13.9463,13.9179,13.8894,13.8611,13.8328,13.8046,13.7764,13.7662,13.8053,13.8443,13.8833,13.9223,13.9612,14.0001,14.0389,14.0777,14.1164,14.1602,14.2053,14.2504,14.2954,14.3405,14.3855,14.4305,14.4756,14.5206,14.5105,14.3974,14.2842,14.1706,14.0569,13.9429,13.8286,13.714,13.5992,13.4841,13.3989,13.3173,13.2357,13.154,13.0723,12.9905,12.9086,12.8266,12.7446,12.6633,12.583,12.5026,12.4222,12.3418,12.2613,12.1808,12.1002,12.0197,11.939,11.9769,12.0185,12.0602,12.1019,12.1437,12.1855,12.2273,12.2692,12.3111,12.2768,12.1677,12.0583,11.9484,11.8382,11.7275,11.6165,11.505,11.393,11.2771,11.0789,10.8806,10.6821,10.4833,10.2844,10.0852,9.8857,9.6861,9.4862,9.3337,9.2161,9.0985,8.9807,8.8629,8.745,8.6271,8.509,8.3909,8.2777,8.1957,8.1137,8.0317,7.9496,7.8674,7.7853,7.703,7.6208
16.0914,16.0319,15.9724,15.913,15.8537,15.7943,15.735,15.6757,15.6164,15.5309,15.4173,15.3038,15.1904,15.0773,14.9643,14.8514,14.7387,14.6261,14.514,14.4243,14.3346,14.2448,14.155,14.0652,13.9753,13.8854,13.7955,13.7055,13.637,13.5855,13.534,13.4824,13.4308,13.3792,13.3276,13.2759,13.2243,13.1831,13.2386,13.2942,13.3496,13.4051,13.4606,13.516,13.5713,13.6267,13.682,13.7109,13.7247,13.7385,13.7523,13.7661,13.7798,13.7935,13.8072,13.8209,13.8346,13.8485,13.8624,13.8763,13.8901,13.904,13.9178,13.9316,13.9453,13.9591,13.9471,13.9251,13.9031,13.8811,13.8592,13.8374,13.8156,13.794,13.7724,13.7658,13.8023,13.8388,13.8752,13.9116,13.9479,13.9842,14.0204,14.0566,14.0927,14.136,14.181,14.2261,14.2712,14.3162,14.3613,14.4063,14.4514,14.4964,14.4858,14.365,14.244,14.1227,14.0012,13.8795,13.7575,13.6352,13.5126,13.3898,13.3023,13.2199,13.1375,13.055,12.9724,12.8897,12.807,12.7243,12.6414,12.5596,12.4792,12.3988,12.3184,12.2379,12.1574,12.0769,11.9963,11.9157,11.8351,11.8714,11.9145,11.9576,12.0007,12.0422,12.0838,12.1252,12.1667,12.2081,12.1738,12.0575,11.9411,11.8247,11.7082,11.5917,11.4751,11.3585,11.2418,11.1239,10.9239,10.7238,10.5236,10.3233,10.1229,9.9224,9.7219,9.5212,9.3205,9.1665,9.0519,8.9374,8.8231,8.709,8.5951,8.4814,8.3678,8.2545,8.1436,8.0616,7.9796,7.8976,7.8155,7.7334,7.6512,7.569,7.4868
16.0375,15.9765,15.9157,15.855,15.7943,15.7338,15.6734,15.6131,15.5529,15.4653,15.3497,15.2342,15.1185,15.0029,14.8872,14.7714,14.6557,14.5398,14.4249,14.3381,14.2512,14.1641,14.0768,13.9893,13.9016,13.8138,13.7258,13.6377,13.571,13.5206,13.4701,13.4195,13.3688,13.3179,13.267,13.216,13.1649,13.1248,13.1811,13.2373,13.2936,13.3498,13.406,13.4622,13.5184,13.5746,13.6308,13.6599,13.6739,13.6878,13.7018,13.7157,13.7297,13.7437,13.7576,13.7716,13.7854,13.7982,13.811,13.8237,13.8364,13.8491,13.8617,13.8743,13.8867,13.8991,13.8907,13.8739,13.8571,13.8402,13.8233,13.8064,13.7894,13.7724,13.7553,13.7506,13.7835,13.8162,13.8488,13.8812,13.9136,13.9458,13.9779,14.0098,14.0416,14.0808,14.1218,14.1626,14.2031,14.2433,14.2832,14.3228,14.3621,14.401,14.3857,14.2565,14.1271,13.9975,13.8678,13.738,13.6079,13.4777,13.3473,13.2168,13.1255,13.0408,12.956,12.8712,12.7863,12.7014,12.6164,12.5314,12.4464,12.3642,12.2867,12.2093,12.1322,12.0554,11.9788,11.9025,11.8264,11.7506,11.675,11.708,11.7501,11.7921,11.8341,11.876,11.9179,11.9598,12.0017,12.0435,12.0135,11.8972,11.7808,11.6644,11.5479,11.4313,11.3147,11.1981,11.0814,10.9646,10.7655,10.5649,10.3642,10.1635,9.9626,9.7617,9.5607,9.3596,9.1584,9.0031,8.8919,8.7808,8.6699,8.5592,8.4487,8.3383,8.2282,8.1182,8.0094,7.9275,7.8455,7.7635,7.6815,7.5994,7.5172,7.4351,7.3528
15.9528,15.8875,15.8224,15.7574,15.6926,15.6278,15.5631,15.4986,15.4341,15.3435,15.2279,15.1123,14.9966,14.8809,14.7651,14.6493,14.5334,14.4176,14.3032,14.2233,14.1432,14.063,13.9825,13.9019,13.8211,13.7401,13.659,13.5777,13.5181,13.4743,13.4305,13.3865,13.3424,13.2982,13.2539,13.2095,13.1651,13.1317,13.19,13.2482,13.3064,13.3646,13.4228,13.481,13.5392,13.5974,13.6555,13.6865,13.7024,13.7182,13.7341,13.75,13.7658,13.7817,13.7976,13.8135,13.8271,13.8294,13.8317,13.834,13.8363,13.8385,13.8407,13.8428,13.8448,13.8467,13.8339,13.8151,13.7962,13.7772,13.7582,13.7392,13.7201,13.701,13.6818,13.6739,13.7014,13.7288,13.7561,13.7833,13.8103,13.8372,13.864,13.8906,13.9171,13.9474,13.9786,14.0095,14.0402,14.0706,14.1006,14.1304,14.1599,14.189,14.1683,14.0362,13.9039,13.7714,13.6389,13.5061,13.3732,13.2401,13.1068,12.9734,12.8817,12.7979,12.7141,12.6303,12.5464,12.4625,12.3785,12.2945,12.2104,12.1314,12.0613,11.9914,11.9217,11.8522,11.783,11.7141,11.6454,11.5769,11.5088,11.5402,11.5827,11.6251,11.6675,11.7098,11.7521,11.7944,11.8366,11.8788,11.8532,11.7369,11.6205,11.5041,11.3876,11.271,11.1544,11.0377,10.921,10.8042,10.6071,10.4061,10.2049,10.0037,9.8024,9.6011,9.3996,9.198,8.9964,8.8395,8.7317,8.624,8.5165,8.4092,8.302,8.1951,8.0883,7.9817,7.8753,7.7934,7.7115,7.6295,7.5474,7.4654,7.3832,7.3011,7.2188
15.8679,15.7984,15.729,15.6598,15.5907,15.5217,15.4527,15.3839,15.3152,15.2218,15.1061,14.9904,14.8747,14.7589,14.643,14.5271,14.4112,14.2953,14.1817,14.1086,14.0354,13.962,13.8884,13.8146,13.7407,13.6666,13.5923,13.5179,13.4653,13.4282,13.3909,13.3536,13.3161,13.2786,13.2409,13.2031,13.1653,13.1386,13.1989,13.2591,13.3193,13.3795,13.4396,13.4998,13.56,13.6201,13.6803,13.7131,13.7309,13.7486,13.7664,13.7842,13.802,13.8198,13.8376,13.8554,13.8687,13.8606,13.8525,13.8444,13.8362,13.828,13.8197,13.8114,13.803,13.7945,13.7772,13.7562,13.7352,13.7142,13.6931,13.672,13.6508,13.6296,13.6084,13.5973,13.6195,13.6416,13.6636,13.6854,13.7072,13.7288,13.7502,13.7716,13.7928,13.8142,13.8356,13.8567,13.8775,13.8981,13.9184,13.9383,13.958,13.9773,13.9509,13.8159,13.6808,13.5454,13.4099,13.2743,13.1385,13.0025,12.8663,12.73,12.6378,12.555,12.4722,12.3894,12.3065,12.2235,12.1405,12.0575,11.9744,11.8984,11.8356,11.7731,11.7108,11.6487,11.5869,11.5253,11.464,11.403,11.3422,11.3724,11.4152,11.458,11.5008,11.5436,11.5863,11.6289,11.6716,11.7142,11.693,11.5766,11.4602,11.3438,11.2272,11.1106,10.994,10.8773,10.7606,10.6438,10.4487,10.2472,10.0457,9.844,9.6423,9.4404,9.2385,9.0365,8.8344,8.6757,8.5713,8.467,8.3628,8.2589,8.1551,8.0515,7.9481,7.8449,7.7419,7.6593,7.5774,7.4954,7.4134,7.3313,7.2492,7.1671,7.0849
15.7828,15.7091,15.6355,15.562,15.4886,15.4154,15.3422,15.2691,15.1961,15.1001,14.9843,14.8685,14.7527,14.6368,14.5209,14.405,14.289,14.173,14.0603,13.9941,13.9277,13.8612,13.7944,13.7275,13.6604,13.5931,13.5257,13.4581,13.4126,13.3821,13.3515,13.3208,13.29,13.259,13.228,13.1968,13.1656,13.1456,13.2078,13.27,13.3322,13.3943,13.4565,13.5186,13.5808,13.6429,13.705,13.7397,13.7594,13.779,13.7987,13.8184,13.8381,13.8578,13.8776,13.8973,13.9104,13.8918,13.8733,13.8548,13.8362,13.8175,13.7988,13.7801,13.7612,13.7423,13.7205,13.6974,13.6744,13.6512,13.6281,13.6049,13.5816,13.5583,13.5349,13.5208,13.5377,13.5545,13.5711,13.5877,13.6041,13.6204,13.6366,13.6526,13.6685,13.6812,13.6928,13.7041,13.7151,13.7259,13.7363,13.7464,13.7563,13.7658,13.7336,13.5957,13.4577,13.3195,13.1811,13.0426,12.9039,12.765,12.626,12.4868,12.3939,12.3121,12.2303,12.1484,12.0665,11.9845,11.9025,11.8205,11.7384,11.665,11.6096,11.5545,11.4996,11.4449,11.3905,11.3363,11.2824,11.2287,11.1753,11.2045,11.2477,11.291,11.3341,11.3773,11.4204,11.4635,11.5065,11.5495,11.5327,11.4164,11.2999,11.1834,11.0669,10.9503,10.8336,10.7169,10.6002,10.4834,10.2904,10.0885,9.8864,9.6843,9.4821,9.2798,9.0774,8.875,8.6724,8.5117,8.4106,8.3097,8.209,8.1084,8.008,7.9078,7.8078,7.7079,7.6083,7.5252,7.4433,7.3613,7.2793,7.1973,7.1152,7.0331,6.9509
15.6976,15.6197,15.5418,15.4641,15.3864,15.3089,15.2315,15.1542,15.077,14.9783,14.8625,14.7466,14.6308,14.5148,14.3989,14.2829,14.1668,14.0507,13.9391,13.8798,13.8202,13.7605,13.7006,13.6405,13.5803,13.5198,13.4593,13.3985,13.36,13.3362,13.3122,13.2881,13.2639,13.2396,13.2151,13.1906,13.166,13.1526,13.2167,13.2809,13.3451,13.4092,13.4733,13.5375,13.6016,13.6657,13.7298,13.7663,13.7879,13.8095,13.8311,13.8527,13.8743,13.8959,13.9175,13.9392,13.9521,13.9231,13.8942,13.8652,13.8362,13.8071,13.778,13.7488,13.7195,13.6902,13.6638,13.6387,13.6135,13.5883,13.563,13.5377,13.5124,13.487,13.4616,13.4443,13.4559,13.4674,13.4788,13.49,13.5011,13.5121,13.523,13.5337,13.5443,13.5485,13.5502,13.5517,13.5529,13.5538,13.5545,13.5548,13.5548,13.5545,13.5164,13.3757,13.2347,13.0936,12.9524,12.811,12.6694,12.5276,12.3857,12.2436,12.1499,12.0691,11.9883,11.9074,11.8265,11.7455,11.6644,11.5834,11.5023,11.4314,11.3834,11.3356,11.2881,11.2408,11.1937,11.1469,11.1004,11.0541,11.0081,11.0366,11.0803,11.1239,11.1674,11.211,11.2545,11.298,11.3414,11.3848,11.3725,11.2561,11.1396,11.0231,10.9066,10.79,10.6733,10.5566,10.4398,10.3229,10.1321,9.9297,9.7272,9.5246,9.322,9.1192,8.9164,8.7135,8.5105,8.3474,8.2497,8.1522,8.0548,7.9576,7.8606,7.7638,7.6672,7.5707,7.4744,7.3911,7.3092,7.2273,7.1453,7.0633,6.9812,6.8991,6.8169
15.6123,15.5301,15.448,15.366,15.2841,15.2023,15.1207,15.0391,14.9577,14.8566,14.7407,14.6248,14.5088,14.3928,14.2768,14.1607,14.0446,13.9285,13.8181,13.7656,13.7129,13.66,13.6069,13.5537,13.5003,13.4467,13.3929,13.3391,13.3076,13.2903,13.273,13.2555,13.2379,13.2202,13.2024,13.1845,13.1665,13.1595,13.2257,13.2919,13.358,13.4241,13.4902,13.5563,13.6224,13.6885,13.7546,13.7929,13.8164,13.8399,13.8634,13.8869,13.9104,13.934,13.9575,13.9811,13.9938,13.9544,13.915,13.8756,13.8362,13.7967,13.7572,13.7176,13.6779,13.6382,13.6071,13.5799,13.5526,13.5253,13.498,13.4706,13.4432,13.4157,13.3882,13.3679,13.3742,13.3804,13.3865,13.3924,13.3983,13.404,13.4096,13.415,13.4203,13.4159,13.4078,13.3995,13.3909,13.3821,13.3729,13.3634,13.3537,13.3436,13.2993,13.1557,13.0118,12.8679,12.7237,12.5794,12.435,12.2904,12.1455,12.0006,11.906,11.8261,11.7463,11.6664,11.5864,11.5064,11.4264,11.3463,11.2661,11.1974,11.1568,11.1164,11.0762,11.0363,10.9966,10.9572,10.918,10.8791,10.8405,10.8687,10.9127,10.9568,11.0007,11.0447,11.0886,11.1324,11.1763,11.2201,11.2122,11.0958,10.9793,10.8628,10.7462,10.6296,10.5129,10.3962,10.2794,10.1625,9.9738,9.771,9.568,9.365,9.1619,8.9587,8.7554,8.552,8.3486,8.183,8.0886,7.9945,7.9005,7.8067,7.713,7.6196,7.5263,7.4332,7.3403,7.257,7.1751,7.0932,7.0112,6.9292,6.8472,6.7651,6.6829
15.5268,15.4403,15.354,15.2678,15.1816,15.0956,15.0097,14.9239,14.8382,14.7348,14.6189,14.5029,14.3869,14.2708,14.1547,14.0386,13.9224,13.8062,13.6972,13.6515,13.6057,13.5596,13.5134,13.467,13.4204,13.3736,13.3267,13.2797,13.2552,13.2446,13.2339,13.223,13.212,13.2009,13.1897,13.1785,13.1671,13.1666,13.2347,13.3028,13.3709,13.439,13.5071,13.5752,13.6432,13.7113,13.7793,13.8195,13.8449,13.8703,13.8957,13.9212,13.9466,13.972,13.9975,14.023,14.0355,13.9857,13.9359,13.8861,13.8363,13.7864,13.7365,13.6865,13.6364,13.5862,13.5504,13.5211,13.4918,13.4624,13.433,13.4036,13.374,13.3445,13.3149,13.2916,13.2926,13.2935,13.2943,13.2949,13.2955,13.2959,13.2962,13.2963,13.2963,13.2835,13.2657,13.2476,13.2292,13.2105,13.1916,13.1723,13.1527,13.1328,13.0823,12.9357,12.789,12.6422,12.4952,12.348,12.2007,12.0532,11.9055,11.7576,11.662,11.5831,11.5042,11.4253,11.3463,11.2673,11.1882,11.1091,11.03,10.9632,10.9299,10.8969,10.8641,10.8315,10.7992,10.7672,10.7354,10.7039,10.6726,10.7008,10.7452,10.7896,10.834,10.8783,10.9226,10.9669,11.0111,11.0553,11.0519,10.9355,10.819,10.7025,10.5859,10.4693,10.3526,10.2358,10.119,10.0021,9.8156,9.6123,9.4089,9.2054,9.0018,8.7981,8.5944,8.3906,8.1867,8.0183,7.9273,7.8365,7.7459,7.6555,7.5652,7.4751,7.3852,7.2955,7.206,7.1228,7.041,6.9591,6.8772,6.7952,6.7132,6.6311,6.549
15.4411,15.3504,15.2598,15.1694,15.079,14.9888,14.8986,14.8086,14.7187,14.6131,14.497,14.381,14.2649,14.1488,14.0326,13.9164,13.8002,13.6839,13.5765,13.5377,13.4986,13.4594,13.42,13.3804,13.3407,13.3007,13.2607,13.2205,13.203,13.199,13.1949,13.1906,13.1862,13.1817,13.1772,13.1725,13.1677,13.1736,13.2437,13.3138,13.3839,13.4539,13.524,13.594,13.6641,13.7341,13.8041,13.8461,13.8734,13.9007,13.9281,13.9554,13.9827,14.0101,14.0375,14.0648,14.0772,14.017,13.9569,13.8967,13.8364,13.7761,13.7158,13.6554,13.5949,13.5343,13.4938,13.4624,13.431,13.3995,13.368,13.3365,13.3049,13.2733,13.2416,13.2153,13.2111,13.2067,13.2022,13.1976,13.1928,13.1879,13.1829,13.1778,13.1725,13.1514,13.1237,13.0958,13.0677,13.0392,13.0105,12.9814,12.9521,12.9224,12.8653,12.7159,12.5663,12.4166,12.2667,12.1166,11.9664,11.816,11.6655,11.5147,11.4179,11.3401,11.2621,11.1842,11.1062,11.0281,10.9501,10.8719,10.7937,10.7286,10.7027,10.6771,10.6517,10.6265,10.6015,10.5768,10.5524,10.5282,10.5043,10.5328,10.5777,10.6225,10.6672,10.712,10.7567,10.8013,10.846,10.8906,10.8917,10.7752,10.6587,10.5422,10.4256,10.3089,10.1922,10.0754,9.9586,9.8417,9.6574,9.4536,9.2497,9.0458,8.8418,8.6376,8.4335,8.2292,8.0248,7.8533,7.7657,7.6783,7.5911,7.504,7.4171,7.3304,7.2439,7.1576,7.0714,6.9887,6.9069,6.825,6.7431,6.6611,6.5791,6.4971,6.415
15.3553,15.2604,15.1656,15.0709,14.9763,14.8818,14.7874,14.6931,14.599,14.4913,14.3752,14.2591,14.143,14.0268,13.9105,13.7943,13.6779,13.5616,13.4559,13.4239,13.3917,13.3593,13.3267,13.294,13.2611,13.228,13.1947,13.1613,13.1509,13.1535,13.156,13.1583,13.1605,13.1626,13.1647,13.1666,13.1685,13.1807,13.2527,13.3248,13.3969,13.4689,13.5409,13.6129,13.6849,13.7569,13.8289,13.8727,13.902,13.9312,13.9604,13.9897,14.0189,14.0482,14.0774,14.1067,14.119,14.0484,13.9778,13.9072,13.8366,13.7659,13.6952,13.6244,13.5535,13.4826,13.4372,13.4037,13.3702,13.3367,13.3031,13.2695,13.2358,13.2021,13.1683,13.1392,13.1296,13.1199,13.1101,13.1002,13.0902,13.0801,13.0698,13.0593,13.0488,13.0194,12.982,12.9443,12.9064,12.8681,12.8296,12.7908,12.7516,12.7122,12.6484,12.4961,12.3437,12.1911,12.0383,11.8854,11.7323,11.579,11.4256,11.272,11.1738,11.097,11.02,10.943,10.866,10.789,10.7118,10.6347,10.5575,10.4938,10.4753,10.457,10.4389,10.4211,10.4035,10.3861,10.3691,10.3523,10.3357,10.3649,10.4101,10.4553,10.5005,10.5456,10.5907,10.6358,10.6808,10.7258,10.7314,10.615,10.4985,10.3819,10.2653,10.1486,10.0318,9.9151,9.7982,9.6813,9.4992,9.2949,9.0906,8.8862,8.6817,8.4772,8.2725,8.0678,7.863,7.6882,7.604,7.5199,7.436,7.3523,7.2688,7.1855,7.1023,7.0194,6.9366,6.8546,6.7728,6.6909,6.609,6.5271,6.4451,6.3631,6.281
15.2693,15.1702,15.0711,14.9722,14.8734,14.7747,14.6761,14.5775,14.4791,14.3695,14.2534,14.1372,14.021,13.9047,13.7884,13.6721,13.5557,13.4393,13.3356,13.3104,13.285,13.2594,13.2336,13.2077,13.1816,13.1553,13.1289,13.1024,13.0989,13.1081,13.1172,13.1261,13.1349,13.1436,13.1523,13.1608,13.1693,13.1877,13.2618,13.3358,13.4098,13.4839,13.5578,13.6318,13.7058,13.7798,13.8537,13.8994,13.9305,13.9616,13.9928,14.0239,14.0551,14.0862,14.1174,14.1486,14.1607,14.0798,13.9988,13.9178,13.8368,13.7558,13.6746,13.5935,13.5122,13.4308,13.3806,13.345,13.3094,13.2738,13.2382,13.2025,13.1667,13.1309,13.0951,13.0631,13.0482,13.0333,13.0182,13.003,12.9877,12.9723,12.9567,12.941,12.9252,12.8877,12.8405,12.793,12.7453,12.6973,12.649,12.6004,12.5515,12.5023,12.4316,12.2764,12.1211,11.9656,11.81,11.6542,11.4982,11.3421,11.1858,11.0293,10.9297,10.8538,10.7779,10.7019,10.6258,10.5497,10.4736,10.3974,10.3212,10.2587,10.2475,10.2366,10.2258,10.2154,10.2051,10.1951,10.1854,10.176,10.1668,10.1969,10.2425,10.2881,10.3337,10.3792,10.4247,10.4701,10.5156,10.561,10.5712,10.4547,10.3382,10.2216,10.1049,9.9882,9.8715,9.7547,9.6378,9.5209,9.341,9.1363,8.9315,8.7267,8.5218,8.3167,8.1116,7.9064,7.7012,7.5228,7.442,7.3613,7.2808,7.2004,7.1203,7.0403,6.9605,6.8809,6.8015,6.7205,6.6387,6.5568,6.475,6.393,6.3111,6.2291,6.147
15.1832,15.0798,14.9766,14.8734,14.7703,14.6674,14.5646,14.4618,14.3592,14.2478,14.1316,14.0153,13.899,13.7827,13.6663,13.5499,13.4335,13.317,13.2153,13.197,13.1784,13.1596,13.1407,13.1216,13.1023,13.0828,13.0632,13.0435,13.047,13.0628,13.0785,13.094,13.1094,13.1247,13.14,13.1551,13.1701,13.1948,13.2709,13.3469,13.4229,13.4988,13.5748,13.6507,13.7267,13.8026,13.8786,13.926,13.959,13.9921,14.0251,14.0582,14.0912,14.1243,14.1574,14.1905,14.2025,14.1112,14.0199,13.9285,13.8371,13.7457,13.6542,13.5626,13.4709,13.3792,13.324,13.2864,13.2487,13.211,13.1733,13.1355,13.0977,13.0598,13.0218,12.9871,12.9669,12.9467,12.9264,12.9059,12.8853,12.8646,12.8438,12.8228,12.8016,12.7562,12.6992,12.642,12.5845,12.5267,12.4686,12.4102,12.3516,12.2926,12.2149,12.0568,11.8986,11.7403,11.5818,11.4231,11.2643,11.1053,10.9461,10.7867,10.6856,10.6106,10.5357,10.4607,10.3856,10.3105,10.2353,10.1601,10.0849,10.0232,10.0194,10.0158,10.0125,10.0093,10.0065,10.0038,10.0014,9.9993,9.9975,10.0289,10.0749,10.1209,10.1669,10.2128,10.2587,10.3045,10.3503,10.3961,10.4109,10.2944,10.1779,10.0613,9.9446,9.8279,9.7111,9.5943,9.4774,9.3605,9.1828,8.9777,8.7725,8.5672,8.3618,8.1563,7.9508,7.7451,7.5394,7.3572,7.2797,7.2024,7.1253,7.0483,6.9715,6.8949,6.8185,6.7423,6.6662,6.5863,6.5046,6.4228,6.3409,6.259,6.1771,6.0951,6.013
15.097,14.9893,14.8818,14.7744,14.6672,14.56,14.4529,14.346,14.2391,14.126,14.0097,13.8934,13.7771,13.6607,13.5442,13.4278,13.3113,13.1947,13.0953,13.0837,13.072,13.06,13.0479,13.0356,13.0231,13.0105,12.9977,12.9847,12.9953,13.0176,13.0399,13.062,13.084,13.1059,13.1277,13.1495,13.1711,13.202,13.28,13.3579,13.4359,13.5138,13.5918,13.6697,13.7476,13.8255,13.9034,13.9527,13.9876,14.0225,14.0575,14.0924,14.1274,14.1624,14.1974,14.2323,14.2443,14.1426,14.0409,13.9392,13.8374,13.7356,13.6337,13.5318,13.4298,13.3277,13.2674,13.2277,13.188,13.1482,13.1084,13.0685,13.0286,12.9887,12.9487,12.9111,12.8857,12.8602,12.8346,12.8089,12.783,12.757,12.7309,12.7046,12.6782,12.6248,12.5581,12.4911,12.4238,12.3563,12.2885,12.2203,12.1519,12.0831,11.9982,11.8373,11.6762,11.515,11.3536,11.1921,11.0304,10.8685,10.7065,10.5442,10.4414,10.3674,10.2934,10.2194,10.1453,10.0712,9.997,9.9228,9.8485,9.7875,9.791,9.7948,9.7988,9.803,9.8075,9.8122,9.8171,9.8224,9.8279,9.8608,9.9073,9.9537,10,10.0463,10.0926,10.1389,10.1851,10.2313,10.2506,10.1341,10.0176,9.901,9.7843,9.6676,9.5508,9.4339,9.317,9.2001,9.0247,8.8191,8.6135,8.4077,8.2019,7.9959,7.7899,7.5838,7.3776,7.1914,7.1173,7.0433,6.9696,6.896,6.8225,6.7493,6.6762,6.6033,6.5307,6.4522,6.3705,6.2887,6.2068,6.125,6.043,5.9611,5.879
15.0105,14.8987,14.787,14.6754,14.5639,14.4525,14.3412,14.23,14.1189,14.0042,13.8879,13.7715,13.6551,13.5386,13.4221,13.3056,13.189,13.0724,12.9754,12.9706,12.9657,12.9605,12.9552,12.9497,12.944,12.9382,12.9322,12.9261,12.9436,12.9726,13.0014,13.0301,13.0587,13.0872,13.1156,13.1439,13.1721,13.2091,13.2891,13.369,13.4489,13.5288,13.6087,13.6886,13.7685,13.8484,13.9282,13.9793,14.0162,14.053,14.0899,14.1267,14.1636,14.2004,14.2373,14.2742,14.2862,14.1741,14.062,13.9499,13.8378,13.7256,13.6134,13.501,13.3887,13.2762,13.2108,13.1691,13.1273,13.0854,13.0435,13.0016,12.9596,12.9176,12.8755,12.8353,12.8046,12.7738,12.7429,12.7119,12.6808,12.6495,12.6181,12.5866,12.5549,12.4937,12.4172,12.3405,12.2634,12.1862,12.1086,12.0307,11.9525,11.874,11.7816,11.6178,11.4539,11.2898,11.1256,10.9612,10.7966,10.6319,10.4669,10.3018,10.1972,10.1242,10.0512,9.9781,9.905,9.8318,9.7586,9.6854,9.6121,9.5515,9.5624,9.5735,9.5848,9.5963,9.6081,9.6202,9.6325,9.6451,9.6579,9.6928,9.7396,9.7864,9.8332,9.8799,9.9266,9.9732,10.0198,10.0664,10.0904,9.9739,9.8573,9.7406,9.624,9.5072,9.3904,9.2736,9.1566,9.0397,8.8666,8.6606,8.4545,8.2483,8.042,7.8356,7.6291,7.4226,7.2159,7.0254,6.9546,6.884,6.8136,6.7434,6.6733,6.6036,6.5341,6.4647,6.3954,6.3187,6.2373,6.156,6.0746,5.9933,5.9121,5.8308,5.7496
14.924,14.8079,14.692,14.5761,14.4604,14.3448,14.2293,14.1138,13.9985,13.8825,13.7661,13.6496,13.5331,13.4166,13.3,13.1834,13.0668,12.9501,12.8556,12.8577,12.8595,12.8612,12.8627,12.864,12.8651,12.8661,12.8669,12.8676,12.8921,12.9276,12.963,12.9983,13.0335,13.0686,13.1035,13.1384,13.1732,13.2163,13.2982,13.3801,13.462,13.5439,13.6257,13.7076,13.7894,13.8713,13.9531,14.006,14.0447,14.0835,14.1222,14.161,14.1997,14.2385,14.2773,14.3161,14.328,14.2056,14.0831,13.9607,13.8382,13.7156,13.593,13.4704,13.3476,13.2248,13.1543,13.1104,13.0666,13.0226,12.9787,12.9347,12.8906,12.8465,12.8024,12.7595,12.7235,12.6875,12.6513,12.6151,12.5787,12.5421,12.5055,12.4687,12.4318,12.3628,12.2765,12.19,12.1033,12.0162,11.9289,11.8413,11.7533,11.6651,11.5651,11.3985,11.2317,11.0647,10.8976,10.7303,10.5629,10.3953,10.2275,10.0596,9.9529,9.8809,9.8089,9.7368,9.6646,9.5925,9.5202,9.448,9.3756,9.3152,9.3334,9.3518,9.3705,9.3894,9.4085,9.4279,9.4475,9.4675,9.4877,9.5248,9.5719,9.6188,9.6655,9.712,9.7583,9.8045,9.8504,9.8961,9.9233,9.8061,9.6889,9.5717,9.4543,9.337,9.2195,9.1021,8.9846,8.867,8.6972,8.4929,8.2887,8.0847,7.881,7.6775,7.4742,7.2711,7.0683,6.8773,6.8089,6.7406,6.6724,6.6041,6.536,6.4678,6.3998,6.3317,6.2638,6.1887,6.1083,6.0279,5.9476,5.8673,5.787,5.7068,5.6266
14.8075,14.6959,14.584,14.4718,14.3594,14.2466,14.1336,14.0203,13.9068,13.794,13.6814,13.5686,13.4554,13.342,13.2284,13.1145,13.0004,12.8861,12.7958,12.8029,12.81,12.8169,12.8236,12.8303,12.8368,12.8432,12.8495,12.8557,12.8832,12.9203,12.9576,12.995,13.0325,13.0701,13.1078,13.1456,13.1834,13.229,13.3093,13.3898,13.4703,13.551,13.6317,13.7126,13.7934,13.8744,13.9554,14.0076,14.046,14.0844,14.1228,14.1611,14.1995,14.2378,14.276,14.3142,14.3242,14.1926,14.061,13.9292,13.7975,13.6656,13.5336,13.4016,13.2695,13.1373,13.06,13.0111,12.962,12.9127,12.8633,12.8136,12.7637,12.7136,12.6632,12.6137,12.5702,12.5265,12.4826,12.4385,12.3941,12.3495,12.3046,12.2595,12.2141,12.1375,12.0434,11.9493,11.855,11.7607,11.6662,11.5717,11.4771,11.3825,11.2783,11.112,10.9459,10.7799,10.614,10.4481,10.2824,10.1169,9.9514,9.7862,9.6831,9.6178,9.5529,9.4882,9.4238,9.3597,9.296,9.2326,9.1695,9.1163,9.139,9.1617,9.1845,9.2074,9.2303,9.2533,9.2763,9.2995,9.3226,9.3586,9.4028,9.4469,9.4907,9.5344,9.5779,9.6212,9.6642,9.7071,9.736,9.6191,9.5022,9.3852,9.2681,9.151,9.0339,8.9167,8.7995,8.6822,8.5176,8.3177,8.118,7.9185,7.7192,7.5202,7.3213,7.1227,6.9243,6.7332,6.6663,6.5993,6.5324,6.4656,6.3988,6.332,6.2653,6.1986,6.132,6.0586,5.9792,5.8998,5.8205,5.7412,5.6619,5.5827,5.5035
14.6785,14.5743,14.4699,14.3651,14.2601,14.1547,14.0491,13.9433,13.8372,13.7329,13.6291,13.525,13.4207,13.3161,13.2113,13.1062,13.0009,12.8953,12.8149,12.8288,12.8425,12.8561,12.8696,12.883,12.8962,12.9093,12.9223,12.9353,12.9612,12.9929,13.0248,13.0567,13.0887,13.1209,13.1531,13.1854,13.2178,13.2571,13.3261,13.3952,13.4644,13.5337,13.6031,13.6726,13.7421,13.8117,13.8814,13.9237,13.9529,13.9821,14.0113,14.0404,14.0696,14.0987,14.1278,14.1568,14.1586,14.023,13.8874,13.7516,13.6159,13.48,13.344,13.208,13.0719,12.9357,12.8492,12.789,12.7286,12.668,12.6072,12.5462,12.485,12.4235,12.3618,12.3016,12.2511,12.2004,12.1495,12.0983,12.0469,11.9953,11.9434,11.8913,11.8389,11.7613,11.6689,11.5765,11.4839,11.3913,11.2985,11.2057,11.1129,11.0199,10.919,10.7603,10.6017,10.4431,10.2846,10.1263,9.9681,9.81,9.652,9.4942,9.3989,9.3443,9.2901,9.2361,9.1824,9.1291,9.076,9.0233,8.9709,8.926,8.9515,8.977,9.0026,9.0283,9.054,9.0798,9.1056,9.1315,9.1575,9.1925,9.2339,9.2751,9.3161,9.3569,9.3976,9.438,9.4782,9.5182,9.5487,9.4321,9.3154,9.1987,9.0819,8.9651,8.8482,8.7313,8.6144,8.4973,8.3378,8.1423,7.9471,7.752,7.5572,7.3626,7.1682,6.974,6.7801,6.5891,6.5235,6.4579,6.3924,6.3269,6.2615,6.1961,6.1307,6.0654,6.0002,5.9284,5.85,5.7716,5.6933,5.615,5.5367,5.4585,5.3803
14.5497,14.453,14.3559,14.2586,14.161,14.0631,13.9649,13.8665,13.7678,13.672,13.577,13.4817,13.3862,13.2904,13.1944,13.0981,13.0016,12.9049,12.8342,12.8548,12.8752,12.8956,12.9158,12.9358,12.9558,12.9756,12.9953,13.015,13.0392,13.0654,13.0918,13.1183,13.1449,13.1716,13.1983,13.2252,13.2522,13.2851,13.3427,13.4005,13.4583,13.5163,13.5744,13.6325,13.6907,13.749,13.8073,13.8396,13.8597,13.8797,13.8997,13.9197,13.9397,13.9596,13.9795,13.9994,13.993,13.8534,13.7138,13.5741,13.4343,13.2944,13.1545,13.0144,12.8743,12.7341,12.6386,12.5671,12.4953,12.4234,12.3513,12.279,12.2064,12.1337,12.0606,11.9895,11.932,11.8743,11.8164,11.7583,11.6999,11.6413,11.5824,11.5233,11.4639,11.385,11.2944,11.2036,11.1128,11.0218,10.9308,10.8397,10.7485,10.6573,10.5596,10.4084,10.2572,10.1061,9.9551,9.8042,9.6535,9.5029,9.3524,9.202,9.1143,9.0705,9.0269,8.9836,8.9407,8.898,8.8556,8.8136,8.7719,8.7356,8.7639,8.7922,8.8206,8.8491,8.8776,8.9061,8.9347,8.9634,8.9922,9.0265,9.0651,9.1034,9.1416,9.1796,9.2174,9.255,9.2924,9.3295,9.3614,9.245,9.1286,9.0122,8.8957,8.7792,8.6626,8.5459,8.4292,8.3125,8.1576,7.9666,7.7758,7.5852,7.3949,7.2047,7.0148,6.8251,6.6356,6.4464,6.3807,6.3164,6.2523,6.1882,6.1241,6.0601,5.9961,5.9322,5.8683,5.7981,5.7207,5.6434,5.566,5.4887,5.4114,5.3342,5.257
14.4212,14.3319,14.2423,14.1524,14.0622,13.9717,13.8809,13.7899,13.6987,13.6114,13.5252,13.4387,13.3519,13.2649,13.1777,13.0902,13.0025,12.9146,12.8536,12.8809,12.9081,12.9351,12.962,12.9888,13.0155,13.042,13.0684,13.0948,13.1171,13.1379,13.1588,13.1798,13.201,13.2222,13.2435,13.2649,13.2864,13.3129,13.3592,13.4056,13.4522,13.4988,13.5456,13.5924,13.6393,13.6862,13.7332,13.7556,13.7664,13.7773,13.7881,13.799,13.8098,13.8206,13.8313,13.842,13.8274,13.6838,13.5402,13.3965,13.2527,13.1089,12.9649,12.8209,12.6768,12.5326,12.4281,12.3452,12.2622,12.179,12.0955,12.0119,11.928,11.8439,11.7596,11.6776,11.6131,11.5484,11.4835,11.4183,11.353,11.2873,11.2215,11.1553,11.089,11.0088,10.9198,10.8307,10.7416,10.6524,10.563,10.4737,10.3842,10.2946,10.2,10.0562,9.9125,9.7689,9.6253,9.4819,9.3387,9.1955,9.0525,8.9096,8.8294,8.7963,8.7634,8.7308,8.6985,8.6665,8.6349,8.6035,8.5725,8.5451,8.5762,8.6073,8.6385,8.6697,8.701,8.7323,8.7638,8.7952,8.8268,8.8607,8.8964,8.9319,8.9673,9.0024,9.0374,9.0721,9.1067,9.141,9.1741,9.058,8.9419,8.8257,8.7095,8.5932,8.4769,8.3605,8.2441,8.1276,7.9773,7.7907,7.6043,7.4182,7.2323,7.0466,6.8611,6.6758,6.4908,6.306,6.2377,6.1749,6.1121,6.0493,5.9866,5.9239,5.8613,5.7988,5.7363,5.6678,5.5914,5.515,5.4387,5.3624,5.2861,5.2098,5.1336
14.293,14.2111,14.1289,14.0464,13.9636,13.8805,13.7972,13.7136,13.6297,13.551,13.4736,13.3959,13.3179,13.2397,13.1613,13.0826,13.0037,12.9245,12.8732,12.9072,12.9411,12.9748,13.0084,13.0419,13.0753,13.1085,13.1417,13.1747,13.1948,13.2102,13.2257,13.2413,13.257,13.2727,13.2886,13.3046,13.3206,13.3406,13.3756,13.4107,13.4459,13.4813,13.5167,13.5522,13.5878,13.6234,13.659,13.6715,13.6732,13.6749,13.6766,13.6782,13.6799,13.6815,13.6831,13.6846,13.6618,13.5142,13.3666,13.2189,13.0711,12.9233,12.7754,12.6274,12.4793,12.3311,12.2177,12.1235,12.0291,11.9346,11.8399,11.7449,11.6497,11.5543,11.4587,11.3658,11.2943,11.2226,11.1507,11.0785,11.0062,10.9335,10.8607,10.7876,10.7142,10.6324,10.5452,10.4578,10.3704,10.2828,10.1952,10.1075,10.0198,9.9319,9.8402,9.7038,9.5676,9.4314,9.2954,9.1594,9.0236,8.8879,8.7523,8.6169,8.5442,8.5217,8.4995,8.4776,8.456,8.4347,8.4137,8.393,8.3727,8.3545,8.3883,8.4222,8.4562,8.4902,8.5243,8.5584,8.5926,8.6269,8.6613,8.695,8.7279,8.7605,8.7931,8.8254,8.8575,8.8894,8.9211,8.9526,8.9839,8.8709,8.7551,8.6391,8.5232,8.4072,8.2912,8.1751,8.0589,7.9427,7.7966,7.6145,7.4326,7.2509,7.0694,6.8881,6.7071,6.5263,6.3457,6.1653,6.0947,6.0332,5.9718,5.9104,5.849,5.7877,5.7265,5.6653,5.6041,5.5374,5.462,5.3866,5.3113,5.236,5.1607,5.0854,5.0102
14.165,14.0905,14.0157,13.9406,13.8652,13.7896,13.7137,13.6375,13.561,13.4909,13.4222,13.3533,13.2842,13.2147,13.1451,13.0752,13.005,12.9347,12.893,12.9337,12.9743,13.0147,13.055,13.0952,13.1352,13.1752,13.215,13.2548,13.2725,13.2824,13.2925,13.3026,13.3129,13.3232,13.3337,13.3442,13.3548,13.3682,13.3919,13.4157,13.4396,13.4636,13.4877,13.5119,13.5362,13.5605,13.5848,13.5873,13.5799,13.5724,13.565,13.5575,13.55,13.5424,13.5348,13.5272,13.4962,13.3446,13.193,13.0414,12.8896,12.7378,12.5859,12.4339,12.2818,12.1296,12.0073,11.9019,11.7962,11.6904,11.5843,11.4781,11.3716,11.2649,11.158,11.0541,10.9756,10.8969,10.818,10.7389,10.6595,10.5799,10.5,10.4199,10.3395,10.2561,10.1705,10.0849,9.9991,9.9133,9.8274,9.7414,9.6553,9.5692,9.4802,9.3513,9.2225,9.0938,8.9652,8.8367,8.7083,8.58,8.4519,8.3239,8.2585,8.2467,8.2352,8.224,8.213,8.2024,8.1921,8.1821,8.1725,8.1637,8.2004,8.2371,8.2738,8.3106,8.3475,8.3844,8.4214,8.4585,8.4956,8.5294,8.5594,8.5893,8.619,8.6484,8.6777,8.7068,8.7357,8.7643,8.7928,8.6838,8.5682,8.4526,8.3369,8.2212,8.1054,7.9896,7.8737,7.7578,7.6157,7.438,7.2605,7.0833,6.9062,6.7294,6.5528,6.3764,6.2003,6.0244,5.9516,5.8915,5.8314,5.7714,5.7114,5.6514,5.5915,5.5317,5.4719,5.407,5.3325,5.2582,5.1838,5.1095,5.0352,4.9609,4.8867
14.0373,13.9702,13.9028,13.8351,13.7671,13.6989,13.6304,13.5616,13.4926,13.431,13.3712,13.311,13.2507,13.19,13.1291,13.068,13.0066,12.945,12.9129,12.9603,13.0076,13.0547,13.1017,13.1486,13.1953,13.242,13.2885,13.3349,13.3501,13.3546,13.3592,13.3639,13.3687,13.3736,13.3786,13.3837,13.3889,13.3956,13.408,13.4205,13.4331,13.4458,13.4586,13.4715,13.4845,13.4975,13.5105,13.5032,13.4866,13.4699,13.4533,13.4367,13.42,13.4033,13.3866,13.3698,13.3306,13.1751,13.0195,12.8638,12.7081,12.5523,12.3964,12.2404,12.0843,11.9282,11.7971,11.6803,11.5634,11.4462,11.3289,11.2114,11.0936,10.9756,10.8574,10.7424,10.657,10.5713,10.4854,10.3993,10.3129,10.2263,10.1395,10.0524,9.965,9.8797,9.7958,9.7119,9.6278,9.5437,9.4595,9.3752,9.2908,9.2064,9.1199,8.9985,8.8771,8.7559,8.6347,8.5137,8.3928,8.272,8.1513,8.0308,7.9725,7.9714,7.9705,7.97,7.9697,7.9697,7.9701,7.9708,7.9718,7.9732,8.0123,8.0518,8.0913,8.1309,8.1706,8.2103,8.25,8.2899,8.3298,8.364,8.3912,8.4182,8.445,8.4717,8.4981,8.5244,8.5504,8.5762,8.6018,8.4967,8.3814,8.266,8.1506,8.0352,7.9197,7.8041,7.6885,7.5729,7.4345,7.2613,7.0882,6.9154,6.7428,6.5704,6.3983,6.2263,6.0546,5.8832,5.8084,5.7496,5.6909,5.6322,5.5736,5.515,5.4565,5.398,5.3396,5.2764,5.203,5.1296,5.0562,4.9829,4.9096,4.8363,4.7631
13.9099,13.8502,13.7902,13.7299,13.6693,13.6084,13.5473,13.4859,13.4243,13.3714,13.3204,13.269,13.2174,13.1655,13.1134,13.061,13.0084,12.9556,12.933,12.9871,13.041,13.0948,13.1485,13.2021,13.2555,13.3089,13.3621,13.4152,13.4276,13.4267,13.4258,13.4251,13.4245,13.4239,13.4235,13.4231,13.4229,13.4229,13.424,13.4252,13.4266,13.428,13.4295,13.4311,13.4327,13.4344,13.4362,13.419,13.3932,13.3674,13.3417,13.3159,13.2901,13.2643,13.2384,13.2124,13.165,13.0055,12.8459,12.6863,12.5266,12.3668,12.2069,12.047,11.8869,11.7268,11.5869,11.4589,11.3306,11.2022,11.0736,10.9448,10.8157,10.6865,10.5569,10.4309,10.3385,10.2458,10.1529,10.0598,9.9665,9.8729,9.7791,9.685,9.5907,9.5032,9.4211,9.3388,9.2565,9.174,9.0915,9.0089,8.9263,8.8435,8.7595,8.6455,8.5316,8.4178,8.3041,8.1905,8.077,7.9636,7.8504,7.7373,7.6862,7.6957,7.7055,7.7156,7.726,7.7367,7.7477,7.759,7.7707,7.7827,7.8241,7.8664,7.9087,7.9511,7.9935,8.036,8.0786,8.1212,8.1639,8.1986,8.223,8.2472,8.2712,8.295,8.3187,8.3421,8.3653,8.3883,8.4111,8.3096,8.1945,8.0795,7.9643,7.8492,7.7339,7.6187,7.5033,7.388,7.253,7.0843,6.9157,6.7473,6.5791,6.4112,6.2434,6.0759,5.9087,5.7416,5.6651,5.6077,5.5503,5.493,5.4358,5.3785,5.3214,5.2643,5.2072,5.1458,5.0734,5.001,4.9286,4.8563,4.7839,4.7117,4.6394
13.7827,13.7304,13.6778,13.6249,13.5717,13.5182,13.4645,13.4105,13.3563,13.3121,13.2698,13.2272,13.1843,13.1412,13.0979,13.0543,13.0105,12.9664,12.9532,13.014,13.0746,13.1351,13.1955,13.2557,13.3159,13.3759,13.4358,13.4956,13.505,13.4986,13.4924,13.4862,13.4801,13.4742,13.4683,13.4625,13.4568,13.4501,13.4399,13.4299,13.4199,13.41,13.4003,13.3906,13.3809,13.3713,13.3618,13.3347,13.2998,13.2649,13.23,13.1951,13.1601,13.1252,13.0902,13.0551,12.9994,12.836,12.6724,12.5088,12.3451,12.1813,12.0175,11.8536,11.6895,11.5254,11.3769,11.2375,11.098,10.9583,10.8184,10.6783,10.538,10.3975,10.2567,10.1195,10.0201,9.9204,9.8206,9.7205,9.6202,9.5196,9.4188,9.3178,9.2165,9.1268,9.0463,8.9657,8.8851,8.8044,8.7236,8.6427,8.5617,8.4806,8.3989,8.2923,8.1858,8.0795,7.9732,7.867,7.761,7.6551,7.5493,7.4436,7.3995,7.4197,7.4401,7.4609,7.4819,7.5032,7.5249,7.5469,7.5692,7.5919,7.6358,7.6809,7.726,7.7711,7.8163,7.8616,7.9069,7.9524,7.9978,8.0335,8.055,8.0764,8.0976,8.1185,8.1393,8.1599,8.1803,8.2005,8.2204,8.1224,8.0077,7.8929,7.778,7.6631,7.5482,7.4331,7.3181,7.203,7.0713,6.907,6.7428,6.5789,6.4151,6.2516,6.0883,5.9253,5.7624,5.5998,5.5217,5.4656,5.4097,5.3537,5.2978,5.242,5.1862,5.1304,5.0747,5.0151,4.9437,4.8723,4.8009,4.7295,4.6582,4.5869,4.5157
13.6558,13.6109,13.5656,13.5201,13.4743,13.4283,13.3819,13.3353,13.2885,13.2531,13.2195,13.1857,13.1516,13.1172,13.0826,13.0478,13.0127,12.9774,12.9736,13.0411,13.1084,13.1756,13.2426,13.3096,13.3764,13.4431,13.5097,13.5761,13.5823,13.5705,13.5588,13.5472,13.5357,13.5244,13.5131,13.5018,13.4907,13.4772,13.4557,13.4344,13.4131,13.392,13.3709,13.3499,13.329,13.3082,13.2874,13.2504,13.2064,13.1623,13.1183,13.0743,13.0302,12.9861,12.9419,12.8977,12.8339,12.6664,12.4989,12.3313,12.1636,11.9959,11.8281,11.6602,11.4922,11.3241,11.1669,11.0163,10.8655,10.7146,10.5634,10.412,10.2604,10.1086,9.9565,9.8082,9.7018,9.5952,9.4883,9.3813,9.274,9.1665,9.0587,8.9507,8.8424,8.7503,8.6715,8.5926,8.5137,8.4346,8.3555,8.2763,8.197,8.1177,8.038,7.9389,7.8399,7.7409,7.6421,7.5434,7.4448,7.3463,7.2479,7.1497,7.1124,7.1432,7.1743,7.2057,7.2374,7.2694,7.3017,7.3343,7.3673,7.4006,7.4474,7.4953,7.5431,7.5911,7.6391,7.6871,7.7352,7.7834,7.8316,7.8684,7.8871,7.9057,7.924,7.9422,7.9601,7.9779,7.9954,8.0128,8.0299,7.9353,7.8208,7.7063,7.5917,7.477,7.3624,7.2476,7.1329,7.018,6.8894,6.7294,6.5697,6.4102,6.2509,6.0918,5.9329,5.7743,5.6159,5.4577,5.3782,5.3235,5.2689,5.2143,5.1598,5.1053,5.0508,4.9964,4.9421,4.8844,4.8139,4.7435,4.6731,4.6027,4.5324,4.4621,4.3919
13.5291,13.4916,13.4538,13.4156,13.3772,13.3385,13.2996,13.2604,13.2209,13.1943,13.1694,13.1444,13.119,13.0934,13.0676,13.0415,13.0152,12.9887,12.9941,13.0683,13.1423,13.2162,13.2899,13.3635,13.437,13.5104,13.5836,13.6568,13.6595,13.6423,13.6252,13.6082,13.5913,13.5745,13.5577,13.5411,13.5245,13.5042,13.4714,13.4388,13.4063,13.3738,13.3415,13.3093,13.2771,13.2449,13.2128,13.1661,13.1129,13.0597,13.0066,12.9534,12.9002,12.847,12.7937,12.7404,12.6683,12.4969,12.3254,12.1538,11.9822,11.8105,11.6387,11.4668,11.2948,11.1227,10.957,10.7952,10.6331,10.4709,10.3085,10.1458,9.983,9.8199,9.6566,9.4969,9.3836,9.27,9.1562,9.0422,8.9279,8.8135,8.6987,8.5837,8.4685,8.3737,8.2966,8.2195,8.1422,8.0649,7.9875,7.9099,7.8324,7.7547,7.6769,7.5853,7.4937,7.4022,7.3108,7.2195,7.1283,7.0372,6.9463,6.8555,6.825,6.8664,6.9082,6.9502,6.9925,7.0351,7.0781,7.1214,7.165,7.2089,7.2589,7.3095,7.3602,7.4109,7.4616,7.5125,7.5634,7.6143,7.6653,7.7035,7.7194,7.7351,7.7506,7.766,7.7811,7.796,7.8107,7.8253,7.8396,7.7481,7.6339,7.5196,7.4053,7.291,7.1766,7.0621,6.9476,6.833,6.7071,6.5516,6.3963,6.2412,6.0864,5.9317,5.7773,5.6231,5.4691,5.3153,5.2346,5.1813,5.128,5.0748,5.0216,4.9685,4.9154,4.8624,4.8094,4.7535,4.6841,4.6146,4.5453,4.4759,4.4065,4.3372,4.268
13.4027,13.3726,13.3421,13.3114,13.2804,13.2491,13.2175,13.1857,13.1536,13.1357,13.1196,13.1033,13.0867,13.0699,13.0528,13.0354,13.0179,13.0001,13.0149,13.0957,13.1763,13.2569,13.3373,13.4176,13.4977,13.5778,13.6577,13.7376,13.7367,13.714,13.6915,13.669,13.6467,13.6245,13.6023,13.5803,13.5583,13.531,13.487,13.4431,13.3993,13.3556,13.312,13.2685,13.225,13.1816,13.1383,13.0817,13.0194,12.9571,12.8949,12.8326,12.7702,12.7079,12.6455,12.583,12.5028,12.3274,12.1519,11.9764,11.8007,11.6251,11.4493,11.2734,11.0975,10.9215,10.7473,10.5741,10.4008,10.2274,10.0537,9.8798,9.7057,9.5313,9.3567,9.1858,9.0655,8.9449,8.8242,8.7032,8.582,8.4605,8.3389,8.2169,8.0947,7.9971,7.9218,7.8463,7.7707,7.6951,7.6193,7.5435,7.4676,7.3917,7.3156,7.2315,7.1473,7.0632,6.9792,6.8954,6.8116,6.728,6.6445,6.5611,6.5372,6.5893,6.6416,6.6943,6.7473,6.8005,6.8541,6.908,6.9622,7.0168,7.0703,7.1237,7.1771,7.2306,7.2841,7.3377,7.3914,7.4451,7.4989,7.5387,7.5518,7.5647,7.5774,7.5899,7.6022,7.6143,7.6262,7.6379,7.6494,7.5609,7.447,7.333,7.219,7.1049,6.9907,6.8765,6.7623,6.648,6.5246,6.3736,6.2227,6.072,5.9216,5.7713,5.6213,5.4715,5.322,5.1727,5.091,5.039,4.9871,4.9352,4.8834,4.8316,4.7799,4.7282,4.6766,4.6226,4.5542,4.4857,4.4173,4.3489,4.2806,4.2123,4.144
13.2766,13.2538,13.2308,13.2074,13.1837,13.1598,13.1356,13.1112,13.0864,13.0774,13.0701,13.0625,13.0547,13.0465,13.0382,13.0296,13.0208,13.0118,13.0357,13.1232,13.2106,13.2978,13.3848,13.4718,13.5586,13.6453,13.7319,13.8184,13.8137,13.7856,13.7577,13.7298,13.7021,13.6744,13.6469,13.6194,13.592,13.5577,13.5024,13.4473,13.3922,13.3373,13.2824,13.2276,13.1729,13.1183,13.0637,12.9973,12.9259,12.8545,12.7831,12.7117,12.6403,12.5688,12.4973,12.4257,12.3372,12.1578,11.9784,11.7989,11.6193,11.4397,11.2599,11.0801,10.9002,10.7202,10.5376,10.3532,10.1687,9.9839,9.799,9.6139,9.4285,9.2429,9.0571,8.8748,8.7475,8.62,8.4923,8.3644,8.2362,8.1078,7.9791,7.8502,7.721,7.6205,7.5468,7.4731,7.3992,7.3252,7.2512,7.1771,7.1029,7.0286,6.9542,6.8775,6.8007,6.724,6.6475,6.571,6.4947,6.4185,6.3424,6.2664,6.249,6.3117,6.3747,6.438,6.5016,6.5655,6.6297,6.6942,6.7591,6.8243,6.8815,6.9377,6.9939,7.0501,7.1065,7.1628,7.2193,7.2758,7.3323,7.3741,7.3843,7.3944,7.4043,7.4139,7.4234,7.4327,7.4418,7.4507,7.4593,7.3737,7.2601,7.1463,7.0326,6.9188,6.8049,6.691,6.577,6.463,6.3419,6.1952,6.0488,5.9025,5.7565,5.6107,5.4651,5.3197,5.1746,5.0297,4.9472,4.8966,4.8468,4.7994,4.752,4.7046,4.6572,4.6099,4.5625,4.5134,4.4489,4.3844,4.3198,4.2553,4.1909,4.1264,4.0619
13.1508,13.1354,13.1196,13.1036,13.0874,13.0708,13.054,13.0369,13.0195,13.0194,13.0208,13.022,13.0228,13.0235,13.0239,13.024,13.0239,13.0236,13.0568,13.1509,13.2449,13.3388,13.4325,13.5261,13.6196,13.713,13.8063,13.8994,13.8906,13.8572,13.8238,13.7905,13.7574,13.7243,13.6913,13.6584,13.6256,13.5843,13.5177,13.4513,13.385,13.3189,13.2527,13.1867,13.1208,13.0548,12.989,12.9128,12.8323,12.7518,12.6713,12.5908,12.5103,12.4297,12.3491,12.2684,12.1717,11.9883,11.8049,11.6215,11.4379,11.2543,11.0706,10.8868,10.7029,10.519,10.328,10.1324,9.9366,9.7406,9.5444,9.3481,9.1515,8.9546,8.7576,8.5639,8.4296,8.2952,8.1605,8.0256,7.8905,7.7551,7.6195,7.4837,7.3475,7.2439,7.1719,7.0998,7.0276,6.9553,6.883,6.8106,6.7381,6.6655,6.5928,6.5232,6.4539,6.3846,6.3155,6.2465,6.1775,6.1087,6.0401,5.9715,5.9605,6.0338,6.1075,6.1814,6.2556,6.33,6.4049,6.48,6.5555,6.6313,6.6927,6.7516,6.8106,6.8696,6.9307,6.9922,7.0534,7.1144,7.1752,7.2204,7.2293,7.2379,7.2463,7.2542,7.2619,7.2692,7.2762,7.2829,7.2892,7.2071,7.0946,6.9819,6.8692,6.7563,6.6433,6.5303,6.417,6.3037,6.1858,6.0485,5.9118,5.7757,5.6401,5.5051,5.3707,5.2369,5.1037,4.9712,4.8926,4.8456,4.7986,4.7517,4.7047,4.6578,4.6109,4.564,4.5171,4.469,4.4048,4.3407,4.2765,4.2124,4.1483,4.0842,4.0201
13.1079,13.0947,13.0814,13.068,13.0544,13.0408,13.027,13.0132,12.9992,13.0013,13.0048,13.0083,13.0118,13.0153,13.0188,13.0224,13.0259,13.0295,13.0662,13.1604,13.2547,13.3492,13.4438,13.5386,13.6334,13.7284,13.8235,13.9187,13.9053,13.867,13.8288,13.7906,13.7526,13.7146,13.6767,13.6388,13.601,13.5535,13.4784,13.4034,13.3284,13.2535,13.1785,13.1035,13.0285,12.9534,12.8784,12.7936,12.7047,12.6158,12.5268,12.4378,12.3487,12.2596,12.1703,12.081,11.9762,11.7877,11.5991,11.4104,11.2215,11.0325,10.8434,10.6541,10.4647,10.2752,10.0777,9.8751,9.6725,9.4697,9.2668,9.0639,8.8609,8.6578,8.4546,8.2547,8.1174,7.98,7.8426,7.7051,7.5675,7.4299,7.2923,7.1546,7.0168,6.9156,6.8514,6.7874,6.7236,6.6599,6.5965,6.5333,6.4703,6.4076,6.3451,6.2884,6.2323,6.1765,6.121,6.0658,6.011,5.9566,5.9024,5.8487,5.8477,5.9291,6.0105,6.092,6.1736,6.2552,6.3369,6.4187,6.5005,6.5824,6.6442,6.7018,6.7593,6.8165,6.8734,6.9302,6.9868,7.0431,7.0992,7.1405,7.1435,7.1462,7.1486,7.1506,7.1524,7.1538,7.1549,7.1556,7.156,7.0745,6.9607,6.8469,6.733,6.619,6.5048,6.3905,6.2762,6.1617,6.045,5.9178,5.7911,5.6649,5.5394,5.4144,5.29,5.1662,5.0431,4.9205,4.8435,4.7969,4.7504,4.7039,4.6574,4.6109,4.5645,4.518,4.4716,4.4246,4.3608,4.297,4.2332,4.1694,4.1057,4.0419,3.9782
13.0857,13.0756,13.0654,13.0551,13.0447,13.0341,13.0235,13.0128,13.0019,13.0042,13.0074,13.0107,13.0139,13.0171,13.0203,13.0236,13.0269,13.0301,13.0653,13.153,13.2408,13.3288,13.4169,13.5052,13.5935,13.682,13.7706,13.8593,13.8379,13.7927,13.7477,13.7027,13.6578,13.613,13.5682,13.5235,13.4788,13.4245,13.3435,13.2625,13.1816,13.1006,13.0197,12.9387,12.8577,12.7768,12.6957,12.6038,12.5073,12.4109,12.3143,12.2177,12.1211,12.0244,11.9276,11.8307,11.7185,11.5225,11.3265,11.1303,10.934,10.7375,10.541,10.3443,10.1474,9.9504,9.7514,9.551,9.3506,9.1501,8.9494,8.7488,8.548,8.3471,8.1462,7.9481,7.8133,7.6784,7.5434,7.4085,7.2734,7.1383,7.0031,6.8679,6.7327,6.6377,6.5854,6.5333,6.4814,6.4296,6.3781,6.3267,6.2756,6.2248,6.1742,6.1297,6.0859,6.0425,5.9994,5.9565,5.9141,5.872,5.8302,5.7888,5.794,5.8775,5.961,6.0445,6.1281,6.2118,6.2955,6.3793,6.4632,6.5471,6.606,6.6589,6.7116,6.7641,6.8164,6.8685,6.9203,6.9719,7.0233,7.0608,7.0579,7.0547,7.0512,7.0473,7.0431,7.0386,7.0338,7.0286,7.0231,6.9419,6.827,6.712,6.5969,6.4817,6.3663,6.2509,6.1353,6.0197,5.9036,5.7864,5.6697,5.5536,5.438,5.3231,5.2087,5.0949,4.9817,4.8692,4.7943,4.7482,4.7022,4.6561,4.6101,4.5641,4.518,4.472,4.4261,4.3801,4.3167,4.2533,4.1898,4.1264,4.063,3.9996,3.9362
13.0636,13.0567,13.0496,13.0424,13.035,13.0276,13.0201,13.0125,13.0048,13.0071,13.0101,13.013,13.0159,13.0189,13.0219,13.0248,13.0278,13.0308,13.0643,13.1455,13.2268,13.3083,13.3899,13.4716,13.5535,13.6355,13.7176,13.7997,13.7704,13.7184,13.6665,13.6147,13.5629,13.5112,13.4596,13.408,13.3565,13.2954,13.2085,13.1215,13.0346,12.9477,12.8608,12.7739,12.687,12.6,12.5131,12.414,12.31,12.2059,12.1018,11.9977,11.8935,11.7892,11.6849,11.5805,11.4607,11.2573,11.0538,10.8502,10.6465,10.4426,10.2386,10.0344,9.8302,9.6257,9.425,9.2269,9.0287,8.8304,8.632,8.4336,8.2351,8.0364,7.8378,7.6414,7.5091,7.3767,7.2443,7.1118,6.9792,6.8466,6.714,6.5813,6.4485,6.3597,6.3192,6.279,6.2389,6.199,6.1593,6.1199,6.0806,6.0416,6.0029,5.9706,5.9392,5.9081,5.8773,5.8469,5.8168,5.787,5.7576,5.7285,5.7404,5.8258,5.9114,5.9969,6.0826,6.1683,6.2541,6.3399,6.4258,6.5117,6.5679,6.6161,6.6642,6.712,6.7596,6.8069,6.8541,6.901,6.9477,6.9815,6.9727,6.9635,6.9541,6.9443,6.9342,6.9238,6.913,6.9019,6.8904,6.8094,6.6933,6.5771,6.4608,6.3444,6.2279,6.1113,5.9946,5.8777,5.7617,5.6545,5.5478,5.4416,5.3361,5.2311,5.1267,5.023,4.9198,4.8172,4.7451,4.6995,4.6539,4.6083,4.5627,4.5171,4.4716,4.426,4.3805,4.335,4.2726,4.2095,4.1465,4.0834,4.0204,3.9573,3.8943
13.0417,13.0378,13.0338,13.0297,13.0255,13.0212,13.0168,13.0123,13.0077,13.0101,13.0127,13.0153,13.018,13.0207,13.0233,13.026,13.0287,13.0314,13.0631,13.1378,13.2126,13.2876,13.3627,13.438,13.5133,13.5888,13.6644,13.7401,13.7028,13.6439,13.5852,13.5265,13.4679,13.4094,13.351,13.2926,13.2342,13.1663,13.0734,12.9805,12.8877,12.7948,12.7019,12.6091,12.5162,12.4233,12.3304,12.2241,12.1126,12.001,11.8893,11.7776,11.6659,11.5541,11.4422,11.3302,11.203,10.9922,10.7812,10.5702,10.359,10.1477,9.9363,9.7247,9.5129,9.3011,9.0986,8.9027,8.7068,8.5107,8.3146,8.1184,7.9221,7.7257,7.5293,7.3347,7.2049,7.075,6.9451,6.8151,6.685,6.5549,6.4247,6.2945,6.1643,6.0813,6.0528,6.0244,5.9962,5.9681,5.9403,5.9127,5.8853,5.8582,5.8313,5.8113,5.7922,5.7734,5.755,5.7368,5.7191,5.7016,5.6845,5.6678,5.6866,5.7741,5.8617,5.9493,6.037,6.1247,6.2125,6.3004,6.3883,6.4763,6.53,6.5736,6.6169,6.66,6.7029,6.7456,6.7881,6.8303,6.8723,6.9024,6.8877,6.8726,6.8572,6.8416,6.8255,6.8092,6.7925,6.7755,6.7581,6.6769,6.5597,6.4423,6.3249,6.2073,6.0896,5.9718,5.8539,5.7359,5.6191,5.5219,5.4252,5.3291,5.2335,5.1385,5.0442,4.9504,4.8572,4.7646,4.6959,4.6508,4.6056,4.5604,4.5153,4.4702,4.4251,4.38,4.3349,4.2899,4.2285,4.1657,4.103,4.0403,3.9777,3.915,3.8523
13.0198,13.019,13.0182,13.0172,13.0161,13.0149,13.0136,13.0122,13.0107,13.013,13.0153,13.0177,13.0201,13.0224,13.0248,13.0272,13.0296,13.0321,13.0617,13.1299,13.1983,13.2668,13.3354,13.4042,13.473,13.542,13.6111,13.6803,13.635,13.5694,13.5038,13.4383,13.3729,13.3075,13.2422,13.177,13.1118,13.0371,12.9382,12.8394,12.7406,12.6418,12.543,12.4442,12.3454,12.2465,12.1476,12.0343,11.9152,11.796,11.6768,11.5576,11.4383,11.3189,11.1994,11.0799,10.9453,10.727,10.5086,10.2902,10.0716,9.8528,9.634,9.4149,9.1958,8.9765,8.7722,8.5786,8.3848,8.191,7.9971,7.8032,7.6091,7.415,7.2208,7.0279,6.9006,6.7732,6.6458,6.5183,6.3907,6.2631,6.1355,6.0078,5.88,5.8028,5.7861,5.7695,5.7532,5.737,5.721,5.7053,5.6897,5.6745,5.6594,5.6515,5.6448,5.6384,5.6322,5.6264,5.621,5.6159,5.6111,5.6067,5.6328,5.7223,5.8119,5.9016,5.9913,6.081,6.1709,6.2608,6.3507,6.4408,6.4924,6.5312,6.5699,6.6083,6.6465,6.6845,6.7223,6.7598,6.7971,6.8236,6.8029,6.782,6.7607,6.7391,6.7172,6.6949,6.6724,6.6494,6.6262,6.5445,6.4261,6.3076,6.189,6.0702,5.9513,5.8324,5.7133,5.5941,5.476,5.3888,5.3021,5.2159,5.1303,5.0453,4.9609,4.8771,4.7939,4.7114,4.6467,4.602,4.5573,4.5126,4.4679,4.4232,4.3786,4.3339,4.2893,4.2447,4.1843,4.1219,4.0596,3.9973,3.9349,3.8726,3.8103
12.998,13.0004,13.0026,13.0047,13.0068,13.0087,13.0105,13.0122,13.0138,13.0158,13.0179,13.02,13.0221,13.0242,13.0263,13.0284,13.0306,13.0327,13.0602,13.1219,13.1838,13.2458,13.308,13.3702,13.4326,13.4951,13.5577,13.6205,13.5672,13.4947,13.4223,13.35,13.2777,13.2055,13.1334,13.0613,12.9893,12.9078,12.803,12.6983,12.5935,12.4888,12.384,12.2793,12.1745,12.0697,11.9649,11.8444,11.7177,11.591,11.4643,11.3375,11.2106,11.0837,10.9567,10.8296,10.6876,10.4619,10.2361,10.0102,9.7841,9.558,9.3317,9.1053,8.8787,8.6519,8.4458,8.2544,8.0629,7.8713,7.6797,7.4879,7.2961,7.1042,6.9122,6.7211,6.5963,6.4714,6.3465,6.2215,6.0964,5.9713,5.8462,5.7209,5.5957,5.5239,5.5191,5.5144,5.5099,5.5055,5.5014,5.4975,5.4938,5.4904,5.4872,5.4915,5.4971,5.5029,5.5091,5.5156,5.5225,5.5297,5.5373,5.5452,5.5789,5.6704,5.7621,5.8538,5.9455,6.0373,6.1292,6.2211,6.3131,6.4052,6.4549,6.489,6.523,6.5567,6.5903,6.6236,6.6566,6.6895,6.7221,6.7451,6.7185,6.6916,6.6645,6.637,6.6091,6.581,6.5525,6.5237,6.4945,6.4122,6.2926,6.1729,6.0531,5.9332,5.8131,5.693,5.5727,5.4523,5.3323,5.255,5.1783,5.1021,5.0265,4.9515,4.8771,4.8033,4.7301,4.6575,4.5974,4.5531,4.5089,4.4647,4.4204,4.3762,4.332,4.2878,4.2437,4.1995,4.1401,4.0781,4.0161,3.9542,3.8922,3.8302,3.7683
12.9764,12.9818,12.9872,12.9924,12.9975,13.0025,13.0075,13.0123,13.0169,13.0187,13.0205,13.0223,13.0241,13.026,13.0278,13.0296,13.0315,13.0333,13.0585,13.1138,13.1692,13.2247,13.2804,13.3362,13.3921,13.4481,13.5042,13.5605,13.4992,13.4199,13.3407,13.2615,13.1824,13.1034,13.0245,12.9456,12.8667,12.7785,12.6678,12.5571,12.4464,12.3357,12.225,12.1143,12.0036,11.8929,11.7821,11.6544,11.5202,11.386,11.2517,11.1174,10.983,10.8485,10.714,10.5794,10.4299,10.1968,9.9635,9.7302,9.4968,9.2632,9.0295,8.7956,8.5616,8.3275,8.1193,7.9302,7.7409,7.5516,7.3621,7.1726,6.9831,6.7934,6.6036,6.4143,6.292,6.1696,6.0472,5.9246,5.8021,5.6795,5.5568,5.4341,5.3113,5.2449,5.2519,5.259,5.2663,5.2738,5.2815,5.2895,5.2976,5.306,5.3147,5.3311,5.349,5.3672,5.3857,5.4045,5.4236,5.4432,5.463,5.4833,5.5249,5.6185,5.7122,5.8059,5.8997,5.9935,6.0874,6.1813,6.2754,6.3695,6.4176,6.4471,6.4763,6.5054,6.5342,6.5629,6.5912,6.6194,6.6474,6.6668,6.6343,6.6016,6.5685,6.5351,6.5014,6.4673,6.4329,6.3982,6.3631,6.28,6.1592,6.0383,5.9173,5.7962,5.675,5.5537,5.4322,5.3107,5.189,5.1207,5.0539,4.9877,4.9221,4.8571,4.7926,4.7288,4.6655,4.6029,4.5481,4.5043,4.4605,4.4167,4.3729,4.3292,4.2854,4.2417,4.198,4.1543,4.0959,4.0343,3.9726,3.911,3.8494,3.7878,3.7262
12.9549,12.9634,12.9719,12.9802,12.9884,12.9965,13.0045,13.0124,13.0201,13.0216,13.0231,13.0246,13.0262,13.0277,13.0293,13.0308,13.0324,13.0339,13.0567,13.1055,13.1544,13.2035,13.2527,13.302,13.3514,13.401,13.4506,13.5004,13.4312,13.345,13.259,13.173,13.0871,13.0012,12.9155,12.8297,12.744,12.6491,12.5324,12.4158,12.2992,12.1825,12.0659,11.9493,11.8326,11.716,11.5993,11.4645,11.3227,11.181,11.0392,10.8973,10.7554,10.6134,10.4713,10.3291,10.1722,9.9317,9.691,9.4503,9.2094,8.9684,8.7273,8.486,8.2446,8.003,7.7929,7.6059,7.4189,7.2318,7.0446,6.8573,6.67,6.4826,6.295,6.1075,5.9876,5.8677,5.7478,5.6278,5.5077,5.3876,5.2674,5.1471,5.0269,4.9656,4.9844,5.0033,5.0225,5.0418,5.0614,5.0811,5.1011,5.1213,5.1418,5.1703,5.2005,5.231,5.2618,5.293,5.3244,5.3562,5.3884,5.4209,5.4709,5.5665,5.6622,5.7579,5.8537,5.9496,6.0455,6.1415,6.2376,6.3337,6.3805,6.4053,6.4299,6.4542,6.4784,6.5023,6.5261,6.5495,6.5728,6.5888,6.5505,6.5118,6.4728,6.4335,6.3939,6.3539,6.3136,6.273,6.232,6.1478,6.0258,5.9038,5.7816,5.6593,5.5369,5.4144,5.2918,5.1691,5.0462,4.9858,4.929,4.8727,4.8171,4.762,4.7075,4.6536,4.6004,4.5477,4.4988,4.4554,4.4121,4.3687,4.3254,4.2821,4.2388,4.1955,4.1523,4.109,4.0517,3.9904,3.9291,3.8679,3.8066,3.7454,3.6842
12.9334,12.9451,12.9566,12.9681,12.9794,12.9906,13.0017,13.0127,13.0232,13.0245,13.0257,13.0269,13.0282,13.0294,13.0307,13.032,13.0333,13.0346,13.0548,13.0971,13.1395,13.1821,13.2248,13.2676,13.3106,13.3537,13.3969,13.4401,13.363,13.27,13.1771,13.0843,12.9916,12.8989,12.8064,12.7138,12.6213,12.5196,12.3971,12.2745,12.1519,12.0294,11.9068,11.7842,11.6616,11.5391,11.4164,11.2745,11.1252,10.9759,10.8266,10.6772,10.5277,10.3782,10.2286,10.0789,9.9145,9.6666,9.4185,9.1704,8.9221,8.6737,8.4252,8.1765,7.9277,7.6787,7.4664,7.2817,7.0969,6.912,6.7271,6.542,6.3569,6.1717,5.9864,5.8011,5.6832,5.5658,5.4484,5.3308,5.2132,5.0956,4.9779,4.8602,4.7424,4.686,4.7166,4.7474,4.7784,4.8096,4.8409,4.8725,4.9043,4.9363,4.9686,5.0092,5.0517,5.0945,5.1376,5.181,5.2248,5.2689,5.3134,5.3582,5.4167,5.5144,5.6121,5.7099,5.8078,5.9056,6.0036,6.1016,6.1997,6.2979,6.3436,6.3637,6.3836,6.4033,6.4228,6.442,6.4611,6.4799,6.4985,6.5111,6.4669,6.4223,6.3774,6.3322,6.2867,6.2408,6.1947,6.1481,6.1013,6.0156,5.8925,5.7693,5.6459,5.5225,5.3989,5.2752,5.1515,5.0276,4.9035,4.8502,4.8034,4.7571,4.7115,4.6663,4.6218,4.5779,4.5346,4.4919,4.4494,4.4065,4.3636,4.3207,4.2779,4.235,4.1922,4.1493,4.1065,4.0637,4.0074,3.9465,3.8856,3.8247,3.7638,3.7029,3.642
12.9121,12.9269,12.9415,12.956,12.9705,12.9848,12.999,13.0131,13.0264,13.0273,13.0283,13.0292,13.0302,13.0312,13.0322,13.0332,13.0342,13.0352,13.0526,13.0885,13.1245,13.1606,13.1968,13.2332,13.2697,13.3063,13.343,13.3798,13.2947,13.1949,13.0952,12.9956,12.896,12.7966,12.6972,12.5978,12.4985,12.3901,12.2616,12.1331,12.0046,11.8761,11.7476,11.6191,11.4906,11.3621,11.2335,11.0844,10.9276,10.7708,10.6139,10.457,10.3,10.143,9.9859,9.8287,9.6568,9.4015,9.1461,8.8905,8.6348,8.379,8.1231,7.867,7.6108,7.3544,7.1399,6.9574,6.7748,6.5922,6.4095,6.2267,6.0438,5.8608,5.6777,5.4946,5.3788,5.2639,5.1489,5.0339,4.9188,4.8036,4.6884,4.5731,4.4578,4.4062,4.4486,4.4912,4.534,4.577,4.6202,4.6636,4.7072,4.751,4.7951,4.8478,4.9026,4.9577,5.0131,5.0688,5.1248,5.1812,5.2379,5.2951,5.3626,5.4623,5.562,5.6618,5.7617,5.8616,5.9616,6.0616,6.1617,6.2619,6.3068,6.3223,6.3375,6.3525,6.3673,6.3819,6.3963,6.4104,6.4243,6.4337,6.3835,6.3331,6.2823,6.2312,6.1798,6.1281,6.076,6.0236,5.9708,5.8835,5.7593,5.6349,5.5103,5.3857,5.261,5.1361,5.0112,4.8861,4.7609,4.7141,4.6772,4.6409,4.6052,4.57,4.5355,4.5015,4.4681,4.4354,4.4,4.3576,4.3151,4.2727,4.2303,4.1879,4.1455,4.1031,4.0607,4.0184,3.9631,3.9026,3.842,3.7815,3.7209,3.6604,3.5999
12.8909,12.9088,12.9265,12.9441,12.9616,12.9791,12.9964,13.0136,13.0295,13.0302,13.0308,13.0315,13.0322,13.0329,13.0336,13.0343,13.035,13.0358,13.0504,13.0797,13.1093,13.1389,13.1687,13.1986,13.2286,13.2588,13.289,13.3194,13.2262,13.1196,13.0131,12.9067,12.8004,12.6941,12.5879,12.4817,12.3756,12.2605,12.1261,11.9917,11.8572,11.7228,11.5884,11.454,11.3196,11.1851,11.0506,10.8943,10.73,10.5657,10.4013,10.2369,10.0724,9.9078,9.7432,9.5784,9.3992,9.1365,8.8736,8.6106,8.3476,8.0844,7.821,7.5575,7.2939,7.0301,6.8134,6.6331,6.4528,6.2724,6.0919,5.9113,5.7306,5.5499,5.369,5.1882,5.0743,4.9619,4.8494,4.7368,4.6242,4.5116,4.3988,4.2861,4.1733,4.1261,4.1804,4.2348,4.2894,4.3442,4.3991,4.4543,4.5098,4.5654,4.6213,4.6861,4.7531,4.8205,4.8881,4.9561,5.0244,5.0931,5.1621,5.2315,5.3083,5.4101,5.5118,5.6137,5.7156,5.8175,5.9195,6.0216,6.1237,6.2259,6.2703,6.281,6.2916,6.302,6.3121,6.322,6.3317,6.3412,6.3504,6.3565,6.3005,6.2441,6.1875,6.1305,6.0732,6.0156,5.9576,5.8993,5.8407,5.7515,5.6261,5.5005,5.3748,5.249,5.1231,4.9971,4.871,4.7447,4.6183,4.5774,4.5505,4.5241,4.4983,4.4731,4.4485,4.4244,4.401,4.3782,4.3506,4.3086,4.2666,4.2246,4.1827,4.1407,4.0988,4.0568,4.0149,3.973,3.9188,3.8586,3.7984,3.7382,3.678,3.6179,3.5577
12.8698,12.8908,12.9116,12.9323,12.9529,12.9734,12.9938,13.0142,13.0326,13.033,13.0334,13.0338,13.0342,13.0346,13.035,13.0355,13.0359,13.0364,13.0479,13.0709,13.0939,13.1171,13.1404,13.1639,13.1874,13.2111,13.2349,13.2588,13.1577,13.0443,12.931,12.8178,12.7046,12.5915,12.4785,12.3655,12.2526,12.1309,11.9905,11.8502,11.7098,11.5695,11.4292,11.2888,11.1485,11.0081,10.8677,10.7042,10.5324,10.3606,10.1887,10.0167,9.8447,9.6726,9.5005,9.3282,9.1416,8.8714,8.6012,8.3308,8.0603,7.7897,7.519,7.2481,6.9771,6.7059,6.4868,6.3088,6.1307,5.9525,5.7742,5.5959,5.4174,5.2389,5.0603,4.8817,4.7698,4.6599,4.5498,4.4398,4.3296,4.2195,4.1092,3.9989,3.8886,3.8458,3.9119,3.9781,4.0445,4.111,4.1778,4.2448,4.312,4.3795,4.4472,4.524,4.6033,4.6829,4.7628,4.8431,4.9237,5.0046,5.0859,5.1676,5.254,5.3578,5.4616,5.5654,5.6693,5.7733,5.8773,5.9814,6.0856,6.1898,6.2339,6.24,6.2459,6.2516,6.2571,6.2623,6.2674,6.2722,6.2767,6.2796,6.2177,6.1555,6.0929,6.0301,5.9669,5.9034,5.8396,5.7754,5.7109,5.6196,5.4929,5.3662,5.2393,5.1124,4.9853,4.8581,4.7308,4.6034,4.4759,4.4401,4.4231,4.4067,4.3908,4.3756,4.3609,4.3468,4.3333,4.3204,4.3012,4.2596,4.2181,4.1765,4.135,4.0935,4.052,4.0106,3.9691,3.9277,3.8745,3.8146,3.7548,3.695,3.6351,3.5753,3.5155
12.8488,12.8729,12.8968,12.9206,12.9443,12.9679,12.9914,13.0148,13.0357,13.0358,13.036,13.0361,13.0362,13.0363,13.0365,13.0366,13.0368,13.0369,13.0454,13.0618,13.0784,13.0952,13.112,13.129,13.1461,13.1634,13.1807,13.1981,13.089,12.9688,12.8487,12.7287,12.6088,12.4889,12.3691,12.2493,12.1296,12.0012,11.8549,11.7086,11.5624,11.4161,11.2699,11.1236,10.9773,10.831,10.6847,10.5141,10.3348,10.1554,9.976,9.7965,9.617,9.4374,9.2578,9.078,8.8839,8.6064,8.3288,8.051,7.7732,7.4952,7.217,6.9388,6.6603,6.3818,6.1603,5.9845,5.8086,5.6326,5.4566,5.2804,5.1042,4.9279,4.7516,4.5751,4.4653,4.3578,4.2503,4.1427,4.035,3.9273,3.8196,3.7118,3.6039,3.5653,3.6431,3.7211,3.7993,3.8777,3.9562,4.035,4.114,4.1933,4.2727,4.3615,4.4531,4.545,4.6372,4.7297,4.8226,4.9157,5.0093,5.1032,5.1996,5.3054,5.4112,5.5171,5.6231,5.7291,5.8351,5.9412,6.0474,6.1537,6.1978,6.1992,6.2004,6.2014,6.2022,6.2028,6.2032,6.2033,6.2032,6.2029,6.1352,6.0671,5.9987,5.9299,5.8609,5.7915,5.7218,5.6517,5.5813,5.4877,5.3599,5.232,5.1039,4.9758,4.8476,4.7192,4.5907,4.4621,4.3334,4.3022,4.2952,4.2887,4.2828,4.2774,4.2727,4.2685,4.2649,4.2639,4.2637,4.2325,4.201,4.1693,4.1372,4.1048,4.0721,4.0391,4.0058,3.9722,3.9267,3.8732,3.8192,3.7647,3.7098,3.6544,3.5984
12.828,12.8551,12.8821,12.909,12.9358,12.9625,12.9891,13.0156,13.0388,13.0387,13.0385,13.0383,13.0382,13.038,13.0379,13.0378,13.0376,13.0375,13.0426,13.0526,13.0628,13.0731,13.0835,13.094,13.1047,13.1155,13.1263,13.1373,13.0203,12.8933,12.7664,12.6396,12.5128,12.3861,12.2595,12.133,12.0064,11.8714,11.7192,11.567,11.4148,11.2627,11.1105,10.9583,10.8062,10.654,10.5017,10.3239,10.1371,9.9502,9.7633,9.5764,9.3893,9.2022,9.0151,8.8278,8.6263,8.3414,8.0564,7.7712,7.486,7.2006,6.9151,6.6295,6.3437,6.0577,5.8337,5.6601,5.4865,5.3127,5.1389,4.965,4.791,4.6169,4.4428,4.2686,4.1607,4.0557,3.9506,3.8455,3.7404,3.6351,3.5299,3.4246,3.3192,3.2845,3.3741,3.4639,3.5538,3.644,3.7343,3.8249,3.9157,4.0067,4.098,4.1987,4.3026,4.4067,4.5112,4.6159,4.721,4.8265,4.9323,5.0385,5.1452,5.253,5.3608,5.4687,5.5767,5.6847,5.7928,5.9009,6.0091,6.124,6.1773,6.1831,6.1888,6.1945,6.2001,6.2056,6.2109,6.2162,6.2214,6.2265,6.1653,6.1024,6.0394,5.9764,5.9132,5.8501,5.7868,5.7235,5.66,5.5763,5.4589,5.3415,5.224,5.1066,4.9891,4.8715,4.7539,4.6363,4.5186,4.4961,4.5011,4.506,4.5107,4.5153,4.5197,4.5239,4.528,4.5319,4.5287,4.4919,4.4548,4.4174,4.3797,4.3417,4.3034,4.2648,4.2259,4.1867,4.1353,4.0745,4.0133,3.9516,3.8894,3.8268,3.7636
12.9345,12.9564,12.9784,13.0006,13.0229,13.0454,13.0681,13.0909,13.1095,13.1006,13.0919,13.0836,13.0756,13.0679,13.0604,13.0532,13.0463,13.0396,13.0351,13.0327,13.0307,13.029,13.0276,13.0266,13.0258,13.0253,13.0251,13.0252,12.9049,12.7763,12.6477,12.519,12.3902,12.2613,12.1324,12.0034,11.8743,11.7368,11.5828,11.4288,11.2747,11.1205,10.9663,10.8119,10.6576,10.5031,10.3487,10.1682,9.9787,9.7891,9.5994,9.4098,9.2201,9.0303,8.8405,8.6507,8.4471,8.162,7.877,7.5919,7.3069,7.0218,6.7368,6.4519,6.167,5.8822,5.6631,5.4983,5.3337,5.1693,5.005,4.8409,4.677,4.5132,4.3497,4.1864,4.0916,4.0007,3.9102,3.82,3.7302,3.6408,3.5518,3.4632,3.3751,3.3558,3.4624,3.5694,3.6767,3.7843,3.8923,4.0007,4.1094,4.2186,4.3281,4.4437,4.5614,4.6794,4.7976,4.916,5.0347,5.1537,5.2729,5.3923,5.5111,5.625,5.739,5.853,5.9671,6.0812,6.1953,6.3095,6.4237,6.5379,6.5892,6.5899,6.5905,6.591,6.5915,6.5918,6.5921,6.5922,6.5923,6.5922,6.5287,6.4619,6.3951,6.3283,6.2613,6.1943,6.1273,6.0601,5.9929,5.9071,5.7872,5.6672,5.5473,5.4272,5.3072,5.1871,5.0669,4.9468,4.8265,4.7967,4.7977,4.7985,4.7992,4.7997,4.8001,4.8003,4.8003,4.8002,4.794,4.7516,4.7089,4.6659,4.6226,4.579,4.5351,4.4909,4.4464,4.4015,4.3445,4.2764,4.208,4.139,4.0696,3.9997,3.9293
13.0545,13.0729,13.0914,13.11,13.1288,13.1478,13.1669,13.1862,13.1999,13.1812,13.1628,13.1448,13.127,13.1095,13.0923,13.0754,13.0587,13.0423,13.0246,13.0061,12.988,12.9702,12.9527,12.9356,12.9187,12.9022,12.8858,12.8698,12.7491,12.6223,12.4954,12.3685,12.2414,12.1143,11.9871,11.8599,11.7325,11.597,11.4458,11.2946,11.1433,10.992,10.8406,10.6891,10.5375,10.3859,10.2343,10.0574,9.8718,9.6862,9.5005,9.3148,9.129,8.9432,8.7574,8.5715,8.3727,8.0966,7.8206,7.5445,7.2685,6.9925,6.7165,6.4406,6.1647,5.8889,5.6807,5.5295,5.3784,5.2274,5.0766,4.9259,4.7754,4.6252,4.4751,4.3253,4.2478,4.1751,4.1026,4.0305,3.9588,3.8875,3.8166,3.7462,3.6762,3.6701,3.7868,3.9037,4.021,4.1386,4.2566,4.3749,4.4936,4.6127,4.7322,4.8529,4.9741,5.0956,5.2173,5.3393,5.4615,5.5839,5.7067,5.8296,5.9512,6.0622,6.1733,6.2844,6.3956,6.5068,6.618,6.7293,6.8406,6.9519,7.0014,6.9969,6.9924,6.9878,6.9831,6.9783,6.9734,6.9684,6.9633,6.9581,6.8922,6.8217,6.751,6.6804,6.6096,6.5388,6.4679,6.3969,6.3259,6.2381,6.1157,5.9931,5.8706,5.748,5.6254,5.5028,5.3801,5.2574,5.1346,5.0976,5.0945,5.0913,5.0879,5.0844,5.0807,5.0769,5.0729,5.0687,5.0597,5.0117,4.9634,4.9148,4.8659,4.8167,4.7672,4.7174,4.6673,4.6168,4.5541,4.4789,4.4032,4.327,4.2503,4.1732,4.0956
13.1744,13.1892,13.2042,13.2194,13.2346,13.2501,13.2657,13.2814,13.29,13.2616,13.2335,13.2057,13.1782,13.1509,13.124,13.0973,13.0709,13.0447,13.0138,12.9792,12.945,12.9111,12.8775,12.8443,12.8113,12.7787,12.7463,12.7141,12.5934,12.4683,12.3432,12.218,12.0927,11.9673,11.8418,11.7163,11.5907,11.4572,11.3089,11.1605,11.012,10.8635,10.7149,10.5663,10.4175,10.2688,10.1199,9.9466,9.765,9.5833,9.4016,9.2198,9.038,8.8561,8.6742,8.4923,8.2982,8.0312,7.7641,7.4971,7.2301,6.9631,6.6961,6.4292,6.1623,5.8955,5.6983,5.5605,5.4228,5.2853,5.148,5.0108,4.8738,4.737,4.6004,4.464,4.4038,4.3491,4.2947,4.2408,4.1871,4.1339,4.0811,4.0287,3.9768,3.9843,4.1109,4.2378,4.365,4.4926,4.6205,4.7488,4.8775,5.0066,5.136,5.262,5.3867,5.5117,5.637,5.7624,5.8881,6.0141,6.1403,6.2668,6.3913,6.4994,6.6076,6.7159,6.8241,6.9324,7.0408,7.1492,7.2576,7.366,7.4138,7.4042,7.3945,7.3847,7.3749,7.365,7.355,7.3448,7.3346,7.3243,7.2559,7.1816,7.1072,7.0327,6.9581,6.8835,6.8088,6.734,6.6591,6.5693,6.4442,6.3192,6.1941,6.069,5.9438,5.8187,5.6934,5.5682,5.4428,5.3987,5.3916,5.3843,5.3769,5.3694,5.3616,5.3538,5.3457,5.3375,5.3258,5.2722,5.2183,5.1641,5.1096,5.0548,4.9997,4.9443,4.8885,4.8325,4.7643,4.6818,4.5989,4.5155,4.4316,4.3472,4.2624
13.2942,13.3055,13.317,13.3286,13.3403,13.3522,13.3643,13.3765,13.3798,13.3416,13.3038,13.2663,13.229,13.1921,13.1554,13.119,13.0828,13.0469,13.0025,12.9519,12.9016,12.8516,12.802,12.7526,12.7036,12.6549,12.6064,12.5582,12.4377,12.3144,12.191,12.0675,11.9439,11.8203,11.6966,11.5728,11.449,11.3174,11.1719,11.0264,10.8807,10.735,10.5893,10.4434,10.2975,10.1516,10.0056,9.8359,9.6582,9.4804,9.3026,9.1248,8.9469,8.769,8.5911,8.4131,8.2238,7.9657,7.7077,7.4496,7.1916,6.9336,6.6757,6.4178,6.1599,5.9021,5.7157,5.5914,5.4672,5.3431,5.2192,5.0955,4.9719,4.8486,4.7254,4.6025,4.5594,4.5228,4.4866,4.4507,4.4151,4.38,4.3453,4.311,4.2771,4.2982,4.4347,4.5716,4.7088,4.8464,4.9843,5.1225,5.2612,5.4002,5.5396,5.671,5.7992,5.9277,6.0565,6.1855,6.3147,6.4442,6.5739,6.7039,6.8315,6.9368,7.0421,7.1474,7.2528,7.3582,7.4637,7.5692,7.6747,7.7802,7.8263,7.8116,7.7968,7.7819,7.767,7.7519,7.7367,7.7215,7.7061,7.6907,7.6198,7.5417,7.4634,7.3851,7.3068,7.2283,7.1498,7.0712,6.9925,6.9005,6.773,6.6454,6.5177,6.3901,6.2624,6.1347,6.0069,5.8791,5.7512,5.7001,5.6889,5.6776,5.6662,5.6546,5.6428,5.6309,5.6188,5.6066,5.5922,5.533,5.4735,5.4137,5.3536,5.2932,5.2325,5.1715,5.1102,5.0486,4.975,4.8853,4.7951,4.7045,4.6134,4.5218,4.4297
13.4139,13.4216,13.4296,13.4377,13.4459,13.4543,13.4628,13.4715,13.4693,13.4214,13.3739,13.3266,13.2796,13.233,13.1866,13.1404,13.0945,13.0489,12.9909,12.9242,12.8578,12.7918,12.7261,12.6607,12.5956,12.5308,12.4662,12.4019,12.2821,12.1605,12.0388,11.9171,11.7952,11.6733,11.5514,11.4293,11.3072,11.1777,11.035,10.8923,10.7495,10.6066,10.4636,10.3206,10.1776,10.0344,9.8913,9.7251,9.5514,9.3776,9.2037,9.0298,8.8559,8.6819,8.5079,8.3339,8.1493,7.9002,7.6512,7.4022,7.1531,6.9041,6.6552,6.4063,6.1574,5.9086,5.7331,5.6222,5.5114,5.4008,5.2903,5.18,5.0699,4.96,4.8503,4.7408,4.7148,4.6963,4.6781,4.6603,4.6428,4.6257,4.6091,4.5928,4.577,4.6119,4.7584,4.9053,5.0524,5.1999,5.3478,5.496,5.6446,5.7935,5.9429,6.0799,6.2117,6.3437,6.4759,6.6084,6.7412,6.8741,7.0074,7.1409,7.2719,7.3742,7.4766,7.5791,7.6816,7.7841,7.8867,7.9893,8.0919,8.1946,8.2391,8.2193,8.1993,8.1793,8.1592,8.139,8.1188,8.0984,8.0779,8.0573,7.9839,7.902,7.8199,7.7378,7.6556,7.5734,7.491,7.4086,7.3261,7.2319,7.1018,6.9717,6.8415,6.7113,6.5811,6.4508,6.3205,6.1901,6.0597,6.0017,5.9865,5.9711,5.9557,5.94,5.9242,5.9083,5.8922,5.8759,5.859,5.7942,5.7291,5.6637,5.5981,5.5321,5.4658,5.3992,5.3323,5.265,5.1863,5.0893,4.9919,4.8941,4.7957,4.6969,4.5976
13.5334,13.5376,13.5421,13.5466,13.5513,13.5562,13.5612,13.5664,13.5585,13.5009,13.4436,13.3867,13.33,13.2736,13.2175,13.1616,13.106,13.0506,12.9789,12.8961,12.8137,12.7316,12.6498,12.5684,12.4873,12.4064,12.3258,12.2454,12.1264,12.0066,11.8867,11.7666,11.6466,11.5264,11.4062,11.2859,11.1655,11.038,10.8981,10.7582,10.6182,10.4782,10.338,10.1979,10.0576,9.9173,9.7769,9.6144,9.4446,9.2747,9.1048,8.9349,8.7649,8.5949,8.4248,8.2547,8.0748,7.8347,7.5947,7.3546,7.1146,6.8746,6.6346,6.3947,6.1549,5.915,5.7503,5.6528,5.5555,5.4583,5.3613,5.2644,5.1677,5.0712,4.9749,4.8789,4.87,4.8695,4.8693,4.8696,4.8701,4.8711,4.8725,4.8743,4.8766,4.9254,5.0819,5.2387,5.3958,5.5532,5.711,5.8692,6.0277,6.1866,6.3459,6.4887,6.624,6.7595,6.8952,7.0312,7.1675,7.304,7.4407,7.5777,7.7123,7.8118,7.9113,8.0109,8.1105,8.2101,8.3098,8.4095,8.5093,8.609,8.6521,8.6271,8.6021,8.5769,8.5517,8.5264,8.501,8.4755,8.4499,8.4242,8.3482,8.2624,8.1766,8.0906,8.0047,7.9186,7.8325,7.7463,7.66,7.5635,7.4308,7.2981,7.1654,7.0327,6.8999,6.7671,6.6342,6.5013,6.3684,6.3035,6.2843,6.2649,6.2454,6.2257,6.2059,6.1859,6.1658,6.1455,6.125,6.0558,5.9851,5.9141,5.8429,5.7713,5.6994,5.6272,5.5547,5.4819,5.398,5.2939,5.1893,5.0842,4.9786,4.8726,4.7661
13.6528,13.6535,13.6544,13.6555,13.6567,13.658,13.6595,13.6612,13.6474,13.5801,13.5131,13.4464,13.38,13.3139,13.2481,13.1825,13.1172,13.0522,12.9665,12.8677,12.7692,12.6711,12.5733,12.4758,12.3786,12.2817,12.185,12.0886,11.9708,11.8527,11.7345,11.6163,11.4979,11.3795,11.261,11.1425,11.0238,10.8983,10.7613,10.6242,10.487,10.3498,10.2125,10.0751,9.9377,9.8002,9.6626,9.5037,9.3378,9.1719,9.0059,8.8399,8.6739,8.5078,8.3417,8.1755,8.0003,7.7692,7.5381,7.3071,7.076,6.845,6.6141,6.3831,6.1522,5.9214,5.7674,5.6834,5.5995,5.5157,5.4321,5.3486,5.2654,5.1823,5.0995,5.0168,5.0248,5.0424,5.0603,5.0785,5.0972,5.1162,5.1356,5.1555,5.1758,5.2387,5.4051,5.5719,5.7389,5.9063,6.074,6.2421,6.4106,6.5795,6.7487,6.8974,7.0362,7.1752,7.3145,7.454,7.5937,7.7337,7.874,8.0145,8.1528,8.2494,8.3461,8.4427,8.5395,8.6362,8.733,8.8299,8.9267,9.0236,9.0653,9.0352,9.005,8.9748,8.9444,8.914,8.8835,8.8529,8.8221,8.7913,8.7126,8.6231,8.5334,8.4437,8.3539,8.264,8.1741,8.0841,7.994,7.8952,7.76,7.6247,7.4895,7.3542,7.2189,7.0835,6.9481,6.8127,6.6772,6.6056,6.5823,6.5589,6.5354,6.5117,6.4878,6.4638,6.4397,6.4153,6.3908,6.3177,6.2415,6.1649,6.0881,6.0109,5.9334,5.8557,5.7776,5.6992,5.6103,5.4989,5.3871,5.2748,5.1621,5.0488,4.9351
13.7721,13.7693,13.7667,13.7642,13.7619,13.7597,13.7577,13.7559,13.736,13.659,13.5823,13.5059,13.4298,13.354,13.2785,13.2032,13.1282,13.0534,12.9537,12.8389,12.7244,12.6102,12.4964,12.3829,12.2696,12.1567,12.044,11.9315,11.8153,11.6989,11.5824,11.4659,11.3493,11.2326,11.1159,10.999,10.8821,10.7587,10.6245,10.4902,10.3558,10.2214,10.0869,9.9524,9.8177,9.6831,9.5483,9.393,9.2311,9.0691,8.907,8.7449,8.5828,8.4207,8.2585,8.0963,7.9257,7.7037,7.4816,7.2595,7.0374,6.8154,6.5934,6.3715,6.1496,5.9277,5.7844,5.7138,5.6433,5.5729,5.5027,5.4327,5.3629,5.2932,5.2238,5.1545,5.1794,5.215,5.2509,5.2872,5.3239,5.361,5.3984,5.4363,5.4746,5.5518,5.7282,5.9048,6.0818,6.2591,6.4368,6.6148,6.7933,6.972,7.1512,7.306,7.4483,7.5908,7.7336,7.8766,8.0198,8.1633,8.3071,8.4511,8.5935,8.6872,8.7809,8.8747,8.9686,9.0624,9.1564,9.2503,9.3443,9.4383,9.4787,9.4435,9.4082,9.3728,9.3374,9.3018,9.2662,9.2304,9.1946,9.1586,9.0773,8.9839,8.8904,8.7969,8.7033,8.6097,8.5159,8.4221,8.3282,8.227,8.0892,7.9515,7.8137,7.6759,7.538,7.4001,7.2622,7.1242,6.9862,6.9079,6.8806,6.8532,6.8256,6.7979,6.77,6.742,6.7138,6.6854,6.6569,6.58,6.4982,6.4161,6.3336,6.2509,6.1679,6.0845,6.0009,5.9169,5.8231,5.7045,5.5855,5.466,5.346,5.2256,5.1046
13.8912,13.8849,13.8788,13.8728,13.867,13.8613,13.8558,13.8504,13.8244,13.7377,13.6513,13.5652,13.4794,13.3939,13.3086,13.2236,13.1389,13.0545,12.9406,12.8097,12.6792,12.549,12.4191,12.2896,12.1603,12.0314,11.9027,11.7743,11.6597,11.5451,11.4304,11.3156,11.2007,11.0857,10.9707,10.8556,10.7405,10.6191,10.4877,10.3562,10.2247,10.0931,9.9614,9.8296,9.6978,9.566,9.4341,9.2823,9.1243,8.9663,8.8081,8.65,8.4918,8.3336,8.1753,8.0171,7.8512,7.6381,7.425,7.2119,6.9988,6.7857,6.5727,6.3597,6.1468,5.934,5.8013,5.7441,5.687,5.6301,5.5733,5.5166,5.4602,5.4039,5.3479,5.2921,5.3337,5.3873,5.4413,5.4956,5.5503,5.6054,5.6609,5.7168,5.7731,5.8647,6.051,6.2376,6.4245,6.6117,6.7993,6.9873,7.1756,7.3644,7.5535,7.7146,7.8603,8.0064,8.1526,8.2991,8.4459,8.5929,8.7401,8.8876,9.0342,9.125,9.2159,9.3068,9.3978,9.4888,9.5798,9.6709,9.762,9.8531,9.8923,9.852,9.8116,9.7711,9.7305,9.6898,9.6491,9.6082,9.5673,9.5262,9.4421,9.3449,9.2476,9.1503,9.0529,8.9555,8.8579,8.7603,8.6626,8.5589,8.4186,8.2783,8.138,7.9977,7.8573,7.7168,7.5764,7.4358,7.2953,7.2104,7.1791,7.1477,7.1161,7.0844,7.0525,7.0204,6.9882,6.9558,6.9232,6.8427,6.7553,6.6676,6.5796,6.4913,6.4027,6.3137,6.2245,6.1349,6.0364,5.9106,5.7844,5.6577,5.5305,5.4029,5.2747
14.0103,14.0005,13.9908,13.9813,13.972,13.9628,13.9538,13.9449,13.9124,13.816,13.7199,13.6241,13.5287,13.4334,13.3385,13.2438,13.1494,13.0552,12.9271,12.7802,12.6336,12.4874,12.3416,12.196,12.0507,11.9058,11.761,11.617,11.5042,11.3913,11.2783,11.1653,11.0521,10.9389,10.8256,10.7123,10.5988,10.4795,10.3509,10.2223,10.0935,9.9647,9.8359,9.7069,9.5779,9.4489,9.3198,9.1717,9.0176,8.8635,8.7093,8.5551,8.4008,8.2465,8.0922,7.9379,7.7766,7.5725,7.3684,7.1642,6.9601,6.756,6.552,6.348,6.144,5.9401,5.8181,5.7743,5.7306,5.687,5.6436,5.6004,5.5574,5.5145,5.4719,5.4294,5.4878,5.5594,5.6314,5.7037,5.7764,5.8495,5.923,5.9969,6.0712,6.1774,6.3736,6.5701,6.7669,6.9641,7.1616,7.3595,7.5578,7.7564,7.9554,8.123,8.2723,8.4218,8.5715,8.7215,8.8718,9.0223,9.173,9.324,9.475,9.5629,9.6509,9.739,9.8271,9.9152,10.0033,10.0915,10.1798,10.268,10.3061,10.2607,10.2152,10.1696,10.1239,10.0781,10.0322,9.9863,9.9402,9.894,9.807,9.7061,9.605,9.5039,9.4027,9.3015,9.2001,9.0987,8.9972,8.891,8.7482,8.6053,8.4625,8.3196,8.1767,8.0337,7.8907,7.7476,7.6045,7.5132,7.4779,7.4424,7.4068,7.3711,7.3351,7.2991,7.2628,7.2264,7.1898,7.1058,7.0128,6.9195,6.8259,6.732,6.6378,6.5433,6.4485,6.3534,6.2502,6.1173,5.9838,5.8499,5.7156,5.5807,5.4454
14.1292,14.1159,14.1027,14.0897,14.0769,14.0642,14.0516,14.0392,14.0002,13.8941,13.7883,13.6828,13.5777,13.4728,13.3681,13.2638,13.1597,13.0558,12.9132,12.7503,12.5877,12.4255,12.2637,12.1021,11.9408,11.7798,11.6191,11.4598,11.3487,11.2376,11.1263,11.015,10.9036,10.7921,10.6805,10.5689,10.4572,10.34,10.2142,10.0883,9.9624,9.8364,9.7104,9.5843,9.4581,9.3318,9.2056,9.061,8.9109,8.7607,8.6104,8.4601,8.3098,8.1594,8.009,7.8586,7.7021,7.5069,7.3117,7.1166,6.9214,6.7263,6.5312,6.3361,6.1411,5.9462,5.8348,5.8044,5.774,5.7439,5.7139,5.684,5.6544,5.6249,5.5956,5.5666,5.6416,5.7312,5.8211,5.9115,6.0021,6.0932,6.1847,6.2766,6.369,6.4899,6.696,6.9024,7.1092,7.3162,7.5237,7.7315,7.9397,8.1482,8.3571,8.5313,8.6841,8.8371,8.9903,9.1438,9.2976,9.4516,9.6058,9.7603,9.915,10.001,10.0861,10.1713,10.2565,10.3417,10.427,10.5123,10.5977,10.683,10.7201,10.6696,10.619,10.5683,10.5175,10.4666,10.4156,10.3645,10.3134,10.2621,10.1722,10.0674,9.9626,9.8577,9.7527,9.6476,9.5425,9.4373,9.332,9.2232,9.0778,8.9325,8.7871,8.6417,8.4962,8.3507,8.2052,8.0596,7.914,7.8163,7.7769,7.7374,7.6978,7.658,7.6181,7.578,7.5377,7.4973,7.4567,7.3692,7.2706,7.1718,7.0726,6.9732,6.8734,6.7733,6.673,6.5723,6.4646,6.3244,6.1838,6.0427,5.9011,5.7591,5.6166
14.2479,14.2311,14.2145,14.198,14.1816,14.1654,14.1494,14.1335,14.0876,13.9719,13.8564,13.7412,13.6264,13.5118,13.3975,13.2835,13.1697,13.0561,12.8989,12.72,12.5415,12.3633,12.1854,12.0079,11.8306,11.6536,11.4769,11.3026,11.1933,11.0838,10.9743,10.8647,10.755,10.6453,10.5355,10.4256,10.3156,10.2004,10.0775,9.9544,9.8313,9.7081,9.5849,9.4616,9.3382,9.2148,9.0913,8.9504,8.8042,8.6579,8.5116,8.3652,8.2188,8.0724,7.9259,7.7794,7.6275,7.4413,7.255,7.0688,6.8826,6.6965,6.5103,6.3243,6.1382,5.9522,5.8514,5.8343,5.8174,5.8006,5.7839,5.7675,5.7512,5.7351,5.7192,5.7036,5.7951,5.9027,6.0106,6.1189,6.2276,6.3367,6.4461,6.556,6.6664,6.8022,7.0182,7.2345,7.4512,7.6681,7.8855,8.1032,8.3213,8.5397,8.7586,8.9396,9.0958,9.2523,9.4091,9.566,9.7233,9.8807,10.0385,10.1964,10.3547,10.4391,10.5214,10.6037,10.686,10.7684,10.8508,10.9332,11.0157,11.0982,11.1344,11.0787,11.023,10.9672,10.9113,10.8553,10.7992,10.743,10.6868,10.6304,10.5375,10.429,10.3203,10.2116,10.1029,9.994,9.8851,9.7761,9.667,9.5555,9.4077,9.2598,9.1118,8.9639,8.8159,8.6679,8.5198,8.3717,8.2235,8.1195,8.0762,8.0327,7.989,7.9452,7.9013,7.8572,7.8129,7.7684,7.7238,7.633,7.5288,7.4244,7.3197,7.2147,7.1094,7.0037,6.8978,6.7915,6.6794,6.5321,6.3843,6.236,6.0872,5.938,5.7883
14.3666,14.3463,14.3261,14.3061,14.2863,14.2666,14.247,14.2276,14.1748,14.0493,13.9242,13.7994,13.6749,13.5506,13.4266,13.3029,13.1795,13.0562,12.8843,12.6894,12.4949,12.3007,12.1069,11.9133,11.7201,11.5271,11.3344,11.1455,11.0379,10.9301,10.8223,10.7145,10.6065,10.4985,10.3904,10.2823,10.174,10.061,9.9408,9.8206,9.7003,9.5799,9.4595,9.339,9.2184,9.0978,8.9771,8.8398,8.6975,8.5551,8.4127,8.2703,8.1278,7.9853,7.8427,7.7002,7.5529,7.3756,7.1984,7.0211,6.8439,6.6666,6.4895,6.3123,6.1352,5.9582,5.8678,5.8641,5.8606,5.8571,5.8539,5.8508,5.8479,5.8451,5.8426,5.8403,5.9483,6.0739,6.1998,6.3261,6.4527,6.5798,6.7072,6.8351,6.9634,7.1142,7.3401,7.5664,7.7929,8.0198,8.2471,8.4747,8.7027,8.931,9.1598,9.3477,9.5075,9.6674,9.8277,9.9881,10.1488,10.3098,10.471,10.6325,10.7942,10.8773,10.9567,11.0361,11.1156,11.1951,11.2746,11.3542,11.4338,11.5134,11.5488,11.488,11.4272,11.3663,11.3053,11.2442,11.183,11.1217,11.0604,10.9989,10.903,10.7907,10.6782,10.5658,10.4532,10.3406,10.2279,10.1151,10.0022,9.888,9.7376,9.5872,9.4367,9.2862,9.1357,8.9851,8.8346,8.6839,8.5332,8.423,8.3757,8.3281,8.2805,8.2327,8.1841,8.1336,8.0832,8.0327,7.9823,7.8871,7.7768,7.6668,7.5569,7.4472,7.3376,7.2283,7.1191,7.0101,6.8973,6.75,6.6031,6.4568,6.311,6.1658,6.0212
14.4845,14.4613,14.4377,14.4142,14.3908,14.3676,14.3446,14.3216,14.2617,14.1265,13.9918,13.8573,13.7231,13.5891,13.4555,13.3221,13.189,13.0561,12.8692,12.6584,12.4479,12.2378,12.028,11.8184,11.6092,11.4003,11.1916,10.9884,10.8825,10.7765,10.6704,10.5643,10.4581,10.3518,10.2454,10.139,10.0325,9.9215,9.8042,9.6867,9.5692,9.4517,9.334,9.2163,9.0986,8.9808,8.8629,8.7292,8.5908,8.4524,8.3139,8.1754,8.0368,7.8982,7.7596,7.6209,7.4783,7.3099,7.1416,6.9733,6.805,6.6368,6.4685,6.3003,6.1322,5.9641,5.8842,5.8938,5.9036,5.9136,5.9237,5.9339,5.9444,5.955,5.9659,5.9769,6.1013,6.2449,6.3887,6.533,6.6776,6.8225,6.9679,7.1138,7.26,7.4261,7.6619,7.898,8.1345,8.3713,8.6084,8.8459,9.0838,9.322,9.5607,9.7557,9.919,10.0825,10.2462,10.4101,10.5743,10.7388,10.9035,11.0684,11.2336,11.3157,11.3922,11.468,11.5415,11.6148,11.6879,11.7608,11.8336,11.9061,11.9365,11.8671,11.7976,11.7281,11.6586,11.5891,11.5195,11.4498,11.3801,11.3104,11.2087,11.09,10.9713,10.8528,10.7342,10.6158,10.4974,10.3791,10.2608,10.1423,9.9883,9.8344,9.6807,9.5271,9.3737,9.2204,9.0673,8.9144,8.7616,8.6456,8.5942,8.5429,8.4916,8.4403,8.389,8.3377,8.2864,8.2352,8.184,8.0916,7.983,7.8745,7.7662,7.658,7.55,7.4423,7.3347,7.2272,7.1178,6.9768,6.8363,6.6963,6.5569,6.4181,6.2798
14.4877,14.4552,14.423,14.3912,14.3598,14.3287,14.2979,14.2674,14.2003,14.0632,13.9262,13.7893,13.6524,13.5156,13.3789,13.2423,13.1057,12.9691,12.7742,12.5547,12.3354,12.1161,11.897,11.678,11.4591,11.2403,11.0216,10.8095,10.7014,10.5933,10.4852,10.3771,10.269,10.161,10.0529,9.9448,9.8367,9.7249,9.6078,9.4907,9.3735,9.2563,9.139,9.0217,8.9042,8.7867,8.6692,8.5349,8.3957,8.2564,8.1171,7.9777,7.8382,7.6986,7.5589,7.4191,7.2768,7.1189,6.961,6.803,6.645,6.4869,6.3288,6.1707,6.0126,5.8545,5.7839,5.8037,5.8235,5.8434,5.8633,5.8832,5.9032,5.9233,5.9434,5.9636,6.1093,6.2775,6.4462,6.6154,6.7851,6.9554,7.1263,7.2979,7.4701,7.6576,7.9014,8.1456,8.39,8.6346,8.8796,9.1248,9.3704,9.6163,9.8625,10.0614,10.2236,10.386,10.5484,10.7109,10.8736,11.0363,11.1992,11.3621,11.5252,11.5995,11.666,11.7323,11.7985,11.8644,11.9302,11.9958,12.0612,12.1264,12.1537,12.0819,12.01,11.9381,11.8661,11.7941,11.7221,11.65,11.5779,11.5058,11.4043,11.2856,11.167,11.0484,10.9299,10.8115,10.6931,10.5748,10.4566,10.3384,10.1866,10.0343,9.8822,9.7302,9.5784,9.4267,9.2752,9.1238,8.9726,8.8545,8.8023,8.7502,8.6981,8.646,8.5939,8.5418,8.4898,8.4377,8.3857,8.2961,8.189,8.0821,7.9753,7.8687,7.7624,7.6561,7.5501,7.4443,7.3377,7.2031,7.069,6.9354,6.8024,6.6699,6.538
14.4906,14.4472,14.4042,14.3616,14.3193,14.2774,14.2358,14.1945,14.1175,13.9768,13.8361,13.6955,13.555,13.4146,13.2743,13.134,12.9937,12.8535,12.6511,12.424,12.197,11.9701,11.7433,11.5167,11.2901,11.0636,10.8373,10.6187,10.5057,10.3927,10.2798,10.1668,10.0539,9.9409,9.8279,9.715,9.602,9.4862,9.3667,9.247,9.1274,9.0076,8.8878,8.768,8.648,8.528,8.408,8.2688,8.1241,7.9794,7.8346,7.6897,7.5447,7.3997,7.2545,7.1093,6.9639,6.8182,6.6725,6.5268,6.3809,6.2351,6.0892,5.9434,5.7975,5.6516,5.5911,5.6201,5.6491,5.6781,5.7072,5.7363,5.7655,5.7948,5.8241,5.8535,6.0262,6.2261,6.4264,6.6272,6.8285,7.0304,7.2329,7.436,7.6398,7.8538,8.1066,8.3598,8.6132,8.8668,9.1208,9.3751,9.6296,9.8845,10.1397,10.3439,10.5063,10.6688,10.8315,10.9942,11.157,11.3199,11.483,11.6461,11.8093,11.8786,11.9378,11.9968,12.0557,12.1144,12.1728,12.2311,12.2892,12.3471,12.371,12.2968,12.2224,12.1481,12.0737,11.9993,11.9248,11.8503,11.7758,11.7012,11.5999,11.4812,11.3626,11.2441,11.1256,11.0072,10.8889,10.7706,10.6524,10.5342,10.3849,10.2342,10.0836,9.9332,9.783,9.6329,9.483,9.3332,9.1836,9.0634,9.0105,8.9575,8.9046,8.8517,8.7989,8.746,8.6931,8.6403,8.5875,8.5004,8.3949,8.2895,8.1844,8.0794,7.9746,7.8699,7.7655,7.6612,7.5571,7.429,7.3012,7.174,7.0473,6.9212,6.7957
14.4931,14.4389,14.3851,14.3316,14.2786,14.2258,14.1734,14.1213,14.0346,13.8902,13.7459,13.6017,13.4576,13.3135,13.1695,13.0256,12.8817,12.7378,12.5279,12.2931,12.0584,11.8239,11.5895,11.3552,11.121,10.8868,10.6528,10.4278,10.31,10.1921,10.0743,9.9564,9.8386,9.7208,9.6029,9.4851,9.3672,9.2475,9.1255,9.0033,8.8812,8.7589,8.6366,8.5143,8.3918,8.2693,8.1468,8.0027,7.8526,7.7024,7.5521,7.4018,7.2513,7.1008,6.9502,6.7995,6.6509,6.5175,6.384,6.2505,6.1169,5.9832,5.8496,5.7159,5.5823,5.4486,5.3981,5.4363,5.4745,5.5128,5.551,5.5894,5.6277,5.6662,5.7047,5.7433,5.9427,6.1741,6.406,6.6384,6.8713,7.1048,7.3389,7.5736,7.809,8.0498,8.3116,8.5738,8.8362,9.0988,9.3618,9.6251,9.8886,10.1525,10.4167,10.6264,10.789,10.9517,11.1145,11.2774,11.4404,11.6035,11.7668,11.9301,12.0935,12.1581,12.2099,12.2617,12.3132,12.3645,12.4157,12.4667,12.5175,12.568,12.5885,12.5117,12.435,12.3582,12.2814,12.2046,12.1277,12.0508,11.9738,11.8968,11.7954,11.6768,11.5582,11.4397,11.3213,11.2029,11.0846,10.9663,10.8482,10.73,10.583,10.4339,10.285,10.1362,9.9875,9.839,9.6907,9.5426,9.3945,9.2724,9.2187,9.165,9.1112,9.0575,9.0039,8.9502,8.8966,8.8429,8.7893,8.7046,8.6007,8.4969,8.3933,8.2899,8.1867,8.0836,7.9807,7.878,7.7755,7.6544,7.533,7.4121,7.2918,7.172,7.0528
14.4952,14.4302,14.3656,14.3013,14.2374,14.1738,14.1106,14.0477,13.9516,13.8036,13.6557,13.5078,13.36,13.2123,13.0647,12.9171,12.7695,12.622,12.4044,12.162,11.9197,11.6775,11.4355,11.1935,10.9517,10.7099,10.4683,10.2369,10.1141,9.9914,9.8687,9.746,9.6233,9.5005,9.3778,9.2551,9.1324,9.0088,8.8843,8.7596,8.6349,8.5102,8.3854,8.2605,8.1356,8.0106,7.8855,7.7366,7.581,7.4254,7.2696,7.1138,6.9579,6.8019,6.6459,6.4897,6.338,6.2168,6.0955,5.9742,5.8528,5.7313,5.6099,5.4884,5.367,5.2455,5.2051,5.2525,5.2999,5.3473,5.3948,5.4423,5.4898,5.5375,5.5852,5.633,5.8587,6.1217,6.3851,6.6491,6.9136,7.1786,7.4443,7.7105,7.9775,8.2456,8.5164,8.7876,9.0589,9.3306,9.6026,9.8748,10.1474,10.4202,10.6934,10.9089,11.0717,11.2346,11.3976,11.5607,11.7239,11.8872,12.0505,12.214,12.3776,12.4378,12.4823,12.5267,12.5709,12.615,12.6589,12.7025,12.746,12.7893,12.806,12.7268,12.6476,12.5684,12.4892,12.4099,12.3306,12.2513,12.1719,12.0925,11.991,11.8724,11.7539,11.6354,11.517,11.3986,11.2803,11.1621,11.0439,10.9258,10.7811,10.6336,10.4862,10.339,10.192,10.0451,9.8983,9.7518,9.6054,9.4815,9.4269,9.3724,9.3179,9.2634,9.2089,9.1545,9.1,9.0456,8.9912,8.9087,8.8064,8.7042,8.6022,8.5003,8.3986,8.2971,8.1958,8.0947,7.9938,7.8794,7.7643,7.6498,7.5358,7.4224,7.3095
14.4969,14.4211,14.3457,14.2706,14.1959,14.1215,14.0475,13.9738,13.8685,13.7169,13.5653,13.4138,13.2624,13.111,12.9597,12.8085,12.6573,12.5062,12.2808,12.0307,11.7808,11.531,11.2813,11.0317,10.7822,10.5328,10.2835,10.0458,9.9182,9.7906,9.663,9.5354,9.4079,9.2803,9.1527,9.0251,8.8975,8.7701,8.643,8.5159,8.3887,8.2615,8.1342,8.0068,7.8793,7.7518,7.6243,7.4705,7.3094,7.1483,6.9871,6.8259,6.6645,6.5031,6.3415,6.1799,6.025,5.916,5.8069,5.6978,5.5886,5.4794,5.3701,5.2609,5.1516,5.0423,5.012,5.0686,5.1252,5.1817,5.2384,5.2951,5.3518,5.4086,5.4655,5.5225,5.7742,6.0687,6.3637,6.6592,6.9553,7.2518,7.549,7.8469,8.1453,8.4412,8.7211,9.0012,9.2815,9.5622,9.8431,10.1244,10.4059,10.6878,10.9699,11.1914,11.3544,11.5174,11.6806,11.8439,12.0073,12.1707,12.3343,12.498,12.6618,12.7177,12.7549,12.792,12.829,12.8657,12.9023,12.9386,12.9748,13.0108,13.0236,12.942,12.8604,12.7788,12.6971,12.6154,12.5337,12.4519,12.3701,12.2882,12.1866,12.068,11.9495,11.831,11.7126,11.5943,11.476,11.3578,11.2397,11.1216,10.979,10.8331,10.6874,10.5418,10.3963,10.251,10.1059,9.9609,9.8161,9.6906,9.6352,9.5799,9.5246,9.4693,9.414,9.3588,9.3036,9.2483,9.1931,9.1127,9.012,8.9113,8.8109,8.7106,8.6105,8.5106,8.4109,8.3113,8.2119,8.1038,7.9951,7.887,7.7794,7.6723,7.5658
14.4982,14.4116,14.3254,14.2396,14.1541,14.0689,13.9841,13.8996,13.7853,13.63,13.4748,13.3197,13.1646,13.0096,12.8547,12.6998,12.545,12.3902,12.1569,11.8992,11.6417,11.3843,11.1269,10.8697,10.6126,10.3556,10.0987,9.8547,9.7222,9.5897,9.4573,9.3248,9.1924,9.0599,8.9275,8.795,8.6625,8.5313,8.4018,8.2721,8.1424,8.0127,7.8829,7.753,7.6231,7.4931,7.363,7.2043,7.0378,6.8712,6.7046,6.5379,6.3711,6.2042,6.0372,5.8701,5.712,5.6152,5.5183,5.4214,5.3244,5.2273,5.1303,5.0332,4.9361,4.8391,4.8189,4.8846,4.9503,5.0161,5.0819,5.1478,5.2137,5.2797,5.3457,5.4118,5.6893,6.0153,6.3418,6.6689,6.9964,7.3245,7.6532,7.9826,8.3126,8.6367,8.9255,9.2146,9.5039,9.7936,10.0835,10.3737,10.6642,10.955,11.2462,11.4739,11.637,11.8003,11.9637,12.1271,12.2907,12.4543,12.6181,12.782,12.9459,12.9979,13.0278,13.0576,13.0872,13.1167,13.146,13.175,13.2039,13.2326,13.2413,13.1573,13.0733,12.9892,12.9051,12.821,12.7369,12.6527,12.5684,12.4841,12.3822,12.2636,12.1451,12.0267,11.9083,11.79,11.6718,11.5536,11.4355,11.3174,11.1769,11.0326,10.8884,10.7444,10.6006,10.4569,10.3133,10.1699,10.0267,9.8997,9.8436,9.7875,9.7314,9.6753,9.6192,9.5632,9.5071,9.4511,9.3951,9.3167,9.2174,9.1184,9.0195,8.9208,8.8223,8.7239,8.6258,8.5278,8.43,8.3279,8.2255,8.1237,8.0224,7.9217,7.8215
14.4991,14.4018,14.3048,14.2081,14.1119,14.0159,13.9203,13.825,13.702,13.5431,13.3842,13.2255,13.0667,12.9081,12.7495,12.591,12.4326,12.2742,12.0329,11.7676,11.5024,11.2374,10.9725,10.7076,10.4429,10.1783,9.9137,9.6635,9.5261,9.3888,9.2515,9.1142,8.9768,8.8395,8.7022,8.5649,8.4275,8.2925,8.1605,8.0283,7.8962,7.7639,7.6316,7.4992,7.3668,7.2343,7.1017,6.9381,6.7662,6.5941,6.4221,6.2499,6.0776,5.9053,5.7329,5.5603,5.399,5.3144,5.2297,5.1449,5.0601,4.9752,4.8904,4.8055,4.7206,4.6357,4.6256,4.7005,4.7754,4.8504,4.9253,5.0004,5.0754,5.1506,5.2258,5.3011,5.6039,5.9614,6.3194,6.678,7.037,7.3966,7.7568,8.1177,8.4792,8.8319,9.1297,9.4278,9.7261,10.0247,10.3236,10.6228,10.9223,11.2221,11.5222,11.7564,11.9197,12.0831,12.2467,12.4103,12.5741,12.7379,12.9019,13.0659,13.2301,13.2783,13.301,13.3235,13.3458,13.368,13.3899,13.4117,13.4333,13.4547,13.4591,13.3726,13.2862,13.1997,13.1132,13.0267,12.9401,12.8535,12.7669,12.6802,12.5778,12.4592,12.3408,12.2223,12.104,11.9857,11.8675,11.7493,11.6312,11.5132,11.3747,11.232,11.0894,10.947,10.8047,10.6626,10.5207,10.3789,10.2372,10.1089,10.052,9.9951,9.9382,9.8813,9.8244,9.7676,9.7108,9.654,9.5972,9.5205,9.4228,9.3253,9.228,9.1309,9.0339,8.9372,8.8406,8.7441,8.6479,8.5515,8.4554,8.36,8.265,8.1706,8.0768
14.4997,14.3916,14.2838,14.1764,14.0693,13.9626,13.8562,13.7501,13.6186,13.456,13.2935,13.1311,12.9688,12.8065,12.6443,12.4822,12.3201,12.1581,11.9088,11.6358,11.363,11.0904,10.8178,10.5454,10.273,10.0007,9.7286,9.4722,9.33,9.1878,9.0456,8.9034,8.7612,8.619,8.4769,8.3347,8.1924,8.0537,7.9192,7.7845,7.6499,7.5151,7.3803,7.2455,7.1105,6.9755,6.8405,6.6719,6.4945,6.317,6.1395,5.9619,5.7842,5.6064,5.4285,5.2505,5.086,5.0136,4.941,4.8684,4.7958,4.7231,4.6504,4.5777,4.505,4.4323,4.4323,4.5164,4.6004,4.6845,4.7687,4.8528,4.9371,5.0214,5.1058,5.1902,5.518,5.907,6.2965,6.6865,7.0771,7.4681,7.8598,8.2521,8.6451,9.027,9.3337,9.6408,9.9481,10.2556,10.5635,10.8717,11.1801,11.4889,11.798,12.0388,12.2024,12.366,12.5297,12.6935,12.8575,13.0215,13.1856,13.3499,13.5142,13.559,13.5743,13.5896,13.6046,13.6195,13.6342,13.6487,13.663,13.6771,13.677,13.5881,13.4993,13.4104,13.3215,13.2325,13.1435,13.0545,12.9654,12.8763,12.7734,12.6548,12.5364,12.418,12.2997,12.1814,12.0632,11.9451,11.827,11.709,11.5724,11.4313,11.2903,11.1495,11.0088,10.8683,10.7279,10.5877,10.4477,10.3181,10.2604,10.2027,10.145,10.0873,10.0297,9.9721,9.9144,9.8568,9.7993,9.7242,9.6281,9.5322,9.4364,9.3409,9.2455,9.1503,9.0552,8.9604,8.8657,8.7746,8.6849,8.5957,8.5071,8.4191,8.3316
14.4999,14.381,14.2624,14.1442,14.0264,13.9089,13.7917,13.6748,13.535,13.3689,13.2027,13.0367,12.8707,12.7048,12.539,12.3732,12.2075,12.0418,11.7844,11.5039,11.2234,10.9432,10.663,10.3829,10.103,9.8231,9.5433,9.2808,9.1337,8.9867,8.8396,8.6926,8.5456,8.3985,8.2515,8.1044,7.9573,7.8149,7.6778,7.5407,7.4035,7.2663,7.129,6.9916,6.8542,6.7167,6.5792,6.4057,6.2228,6.0399,5.857,5.6739,5.4908,5.3075,5.1242,4.9408,4.773,4.7127,4.6523,4.5919,4.5314,4.4709,4.4103,4.3498,4.2893,4.2287,4.2389,4.3321,4.4254,4.5186,4.6119,4.7052,4.7986,4.8921,4.9856,5.0792,5.4317,5.8521,6.2731,6.6946,7.1165,7.5391,7.9622,8.386,8.8104,9.2219,9.5376,9.8536,10.1698,10.4864,10.8032,11.1203,11.4377,11.7555,12.0736,12.3213,12.485,12.6488,12.8127,12.9768,13.1409,13.3051,13.4694,13.6338,13.7983,13.8399,13.848,13.8559,13.8637,13.8713,13.8787,13.8859,13.8929,13.8997,13.8949,13.8037,13.7124,13.6211,13.5298,13.4384,13.347,13.2555,13.164,13.0725,12.9689,12.8504,12.732,12.6136,12.4953,12.3771,12.2589,12.1408,12.0228,11.9048,11.7701,11.6305,11.4911,11.3519,11.2128,11.0739,10.9351,10.7965,10.658,10.5274,10.4689,10.4104,10.3519,10.2934,10.235,10.1766,10.1182,10.0598,10.0014,9.9278,9.8333,9.7389,9.6448,9.5508,9.4569,9.3633,9.2698,9.1765,9.0834,8.9972,8.9139,8.8311,8.7488,8.667,8.5859
14.4997,14.37,14.2407,14.1117,13.9831,13.8549,13.7269,13.5993,13.4514,13.2816,13.1118,12.9422,12.7726,12.603,12.4336,12.2642,12.0948,11.9255,11.6599,11.3717,11.0837,10.7958,10.508,10.2204,9.9328,9.6453,9.3579,9.0894,8.9374,8.7855,8.6336,8.4817,8.3298,8.1779,8.026,7.8741,7.7222,7.576,7.4365,7.2968,7.1572,7.0175,6.8777,6.7378,6.5979,6.4579,6.3179,6.1394,5.9511,5.7628,5.5744,5.3859,5.1973,5.0087,4.8199,4.631,4.4599,4.4118,4.3636,4.3153,4.267,4.2186,4.1702,4.1218,4.0735,4.0251,4.0455,4.1478,4.2502,4.3526,4.455,4.5575,4.66,4.7626,4.8653,4.9681,5.3449,5.7968,6.2492,6.7021,7.1555,7.6095,8.0641,8.5193,8.9751,9.4165,9.7412,10.0662,10.3914,10.7169,11.0427,11.3688,11.6951,12.0218,12.3489,12.6038,12.7677,12.9317,13.0958,13.26,13.4242,13.5886,13.7531,13.9177,14.0824,14.121,14.1219,14.1225,14.123,14.1233,14.1234,14.1234,14.1231,14.1227,14.113,14.0194,13.9257,13.8319,13.7382,13.6444,13.5506,13.4567,13.3628,13.2688,13.1645,13.046,12.9276,12.8093,12.691,12.5728,12.4546,12.3365,12.2185,12.1006,11.9676,11.8297,11.6919,11.5542,11.4167,11.2793,11.1422,11.0051,10.8682,10.7367,10.6774,10.6181,10.5589,10.4996,10.4404,10.3811,10.3219,10.2628,10.2036,10.1313,10.0383,9.9456,9.853,9.7605,9.6683,9.5762,9.4843,9.3926,9.301,9.2194,9.1424,9.0659,8.99,8.9145,8.8397
14.4991,14.3587,14.2186,14.0789,13.9395,13.8005,13.6618,13.5234,13.3676,13.1942,13.0208,12.8475,12.6743,12.5012,12.3281,12.155,11.9821,11.8092,11.5352,11.2394,10.9438,10.6483,10.3529,10.0576,9.7624,9.4674,9.1724,8.8978,8.741,8.5842,8.4275,8.2707,8.114,7.9572,7.8005,7.6437,7.4869,7.3371,7.1951,7.053,6.9108,6.7686,6.6263,6.484,6.3416,6.1991,6.0565,5.8731,5.6794,5.4856,5.2918,5.0979,4.9039,4.7098,4.5156,4.3213,4.1468,4.1108,4.0748,4.0387,4.0025,3.9663,3.9301,3.8938,3.8576,3.8214,3.8519,3.9634,4.0749,4.1865,4.298,4.4097,4.5213,4.6331,4.7449,4.8568,5.2576,5.7409,6.2247,6.7091,7.1939,7.6793,8.1653,8.6519,9.1392,9.6111,9.9447,10.2786,10.6128,10.9472,11.2819,11.617,11.9523,12.2879,12.6239,12.8862,13.0503,13.2145,13.3788,13.5431,13.7076,13.8722,14.0369,14.2017,14.3665,14.4025,14.396,14.3894,14.3826,14.3756,14.3685,14.3612,14.3536,14.3459,14.3312,14.2351,14.139,14.0429,13.9467,13.8505,13.7543,13.658,13.5617,13.4653,13.3601,13.2416,13.1232,13.0049,12.8867,12.7685,12.6503,12.5323,12.4143,12.2963,12.1651,12.0287,11.8925,11.7564,11.6205,11.4847,11.3491,11.2137,11.0784,10.9461,10.886,10.8259,10.7659,10.7058,10.6458,10.5858,10.5258,10.4658,10.4058,10.3347,10.2433,10.1521,10.061,9.9702,9.8795,9.789,9.6986,9.6085,9.5185,9.4412,9.3705,9.3003,9.2307,9.1616,9.093
14.4982,14.347,14.1961,14.0457,13.8955,13.7458,13.5963,13.4472,13.2838,13.1067,12.9297,12.7528,12.576,12.3992,12.2225,12.0458,11.8692,11.6927,11.4103,11.1069,10.8037,10.5006,10.1976,9.8947,9.592,9.2893,8.9867,8.7062,8.5445,8.3829,8.2213,8.0597,7.8981,7.7365,7.5749,7.4133,7.2516,7.0982,6.9537,6.8091,6.6644,6.5197,6.3749,6.2301,6.0852,5.9402,5.7952,5.6068,5.4077,5.2085,5.0092,4.8099,4.6104,4.4109,4.2112,4.0115,3.8337,3.8099,3.786,3.762,3.738,3.7139,3.6898,3.6657,3.6416,3.6175,3.6583,3.779,3.8996,4.0203,4.141,4.2617,4.3826,4.5034,4.6244,4.7454,5.1698,5.6846,6.1998,6.7155,7.2318,7.7486,8.2659,8.784,9.3026,9.8054,10.148,10.4908,10.8339,11.1773,11.521,11.865,12.2092,12.5538,12.8987,13.1687,13.3329,13.4973,13.6618,13.8263,13.991,14.1558,14.3206,14.4856,14.6506,14.6841,14.6704,14.6565,14.6425,14.6282,14.6138,14.5992,14.5844,14.5694,14.5495,14.451,14.3525,14.2539,14.1553,14.0567,13.9581,13.8594,13.7606,13.6619,13.5557,13.4372,13.3189,13.2006,13.0823,12.9642,12.8461,12.728,12.61,12.4921,12.3625,12.2277,12.093,11.9586,11.8242,11.6901,11.556,11.4222,11.2885,11.1555,11.0946,11.0338,10.9729,10.9121,10.8512,10.7904,10.7296,10.6689,10.6081,10.538,10.4481,10.3585,10.269,10.1797,10.0906,10.0017,9.9129,9.8243,9.7359,9.6625,9.5981,9.5342,9.4709,9.4081,9.3459
