13.1433,13.1069,13.0706,13.0342,12.9979,12.9616,12.9253,12.889,12.8527,12.8169,12.7873,12.7577,12.7282,12.6986,12.669,12.6394,12.6098,12.5803,12.5507,12.4771,12.3841,12.2911,12.1981,12.1051,12.0121,11.9191,11.8261,11.7331,11.6843,11.7293,11.7744,11.8196,11.8648,11.9101,11.9553,12.0006,12.0458,12.0911,12.1205,12.149,12.1775,12.206,12.2346,12.2631,12.2916,12.3201,12.3487,12.3856,12.4288,12.4721,12.5153,12.5585,12.6018,12.645,12.6882,12.7314,12.75,12.6688,12.5875,12.5063,12.4251,12.3438,12.2626,12.1814,12.1002,12.0189,11.9069,11.7884,11.6698,11.5513,11.4327,11.3141,11.1956,11.077,10.9585,10.9096,10.9457,10.9819,11.0182,11.0545,11.0908,11.1272,11.1636,11.2001,11.2349,11.2499,11.2649,11.2799,11.2949,11.31,11.3251,11.3402,11.3553,11.3705,11.3996,11.4346,11.4695,11.5043,11.539,11.5736,11.608,11.6423,11.6765,11.6739,11.595,11.5161,11.4372,11.3583,11.2794,11.2005,11.1217,11.0428,10.9639,10.9309,10.9004,10.8698,10.839,10.808,10.7769,10.7457,10.7143,10.6828,10.6774,10.6918,10.7063,10.7208,10.7354,10.7499,10.7645,10.7792,10.7938,10.803,10.789,10.775,10.761,10.747,10.733,10.7189,10.7049,10.6908,10.6768,10.6512,10.6225,10.5932,10.5635,10.5332,10.5024,10.471,10.4391,10.4066,10.3661,10.3151,10.2638,10.2121,10.1601,10.1078,10.0551,10.0021,9.9488,9.8949,9.8372,9.7795,9.7218,9.664,9.6061,9.5482,9.4903,9.4323,9.3743
13.1598,13.1232,13.0866,13.05,13.0135,12.9769,12.9404,12.9039,12.8673,12.8314,12.8018,12.7722,12.7426,12.7131,12.6835,12.6539,12.6243,12.5948,12.5652,12.4913,12.399,12.3067,12.2144,12.122,12.0297,11.9374,11.845,11.7527,11.7034,11.7419,11.7806,11.8194,11.8582,11.8972,11.9362,11.9753,12.0145,12.0538,12.083,12.1117,12.1405,12.1692,12.1978,12.2265,12.2552,12.2838,12.3125,12.3485,12.3901,12.4316,12.4732,12.5147,12.5562,12.5977,12.6392,12.6806,12.699,12.6239,12.5487,12.4735,12.3984,12.3232,12.2481,12.1731,12.098,12.023,11.9138,11.7971,11.6805,11.5638,11.4472,11.3306,11.2141,11.0975,10.981,10.9327,10.9699,11.0072,11.0445,11.0818,11.1191,11.1565,11.1938,11.2313,11.2673,11.2827,11.2982,11.3137,11.3293,11.3448,11.3604,11.376,11.3916,11.4073,11.4334,11.4643,11.4951,11.5257,11.5563,11.5867,11.617,11.6472,11.6772,11.6736,11.5947,11.5158,11.437,11.3581,11.2792,11.2003,11.1214,11.0425,10.9636,10.9267,10.8929,10.8591,10.8251,10.7909,10.7566,10.7222,10.6876,10.6528,10.6453,10.6605,10.6757,10.691,10.7063,10.7216,10.737,10.7523,10.7677,10.7784,10.7644,10.7503,10.7363,10.7223,10.7083,10.6942,10.6802,10.6661,10.6521,10.6205,10.5835,10.5461,10.5081,10.4695,10.4305,10.3909,10.3507,10.31,10.2634,10.208,10.1524,10.0964,10.0401,9.9834,9.9264,9.8691,9.8114,9.7534,9.6957,9.638,9.5803,9.5225,9.4646,9.4067,9.3488,9.2908,9.2327
13.1764,13.1395,13.1027,13.0659,13.0291,12.9923,12.9555,12.9187,12.8819,12.8459,12.8163,12.7867,12.7571,12.7276,12.698,12.6684,12.6388,12.6093,12.5797,12.5055,12.4139,12.3222,12.2306,12.1389,12.0473,11.9556,11.8639,11.7722,11.7224,11.7545,11.7867,11.819,11.8514,11.884,11.9166,11.9492,11.982,12.0148,12.0437,12.0725,12.1012,12.1299,12.1586,12.1873,12.2159,12.2446,12.2732,12.3082,12.3479,12.3875,12.4271,12.4667,12.5063,12.5459,12.5854,12.625,12.6432,12.5748,12.5063,12.4378,12.3693,12.3008,12.2324,12.164,12.0957,12.0273,11.9211,11.8064,11.6917,11.577,11.4623,11.3477,11.233,11.1185,11.0039,10.956,10.9942,11.0324,11.0707,11.109,11.1473,11.1857,11.224,11.2624,11.2996,11.3156,11.3316,11.3476,11.3636,11.3796,11.3957,11.4118,11.4279,11.444,11.4674,11.4941,11.5207,11.5473,11.5737,11.6,11.6261,11.6522,11.6781,11.6734,11.5945,11.5156,11.4367,11.3578,11.2789,11.2,11.1211,11.0422,10.9633,10.9226,10.8856,10.8485,10.8113,10.7739,10.7364,10.6987,10.6609,10.623,10.6132,10.6291,10.6451,10.6611,10.6772,10.6932,10.7093,10.7255,10.7416,10.7537,10.7397,10.7257,10.7116,10.6976,10.6836,10.6695,10.6555,10.6414,10.6274,10.5903,10.5451,10.4994,10.4532,10.4064,10.3591,10.3113,10.2629,10.214,10.161,10.1013,10.0413,9.981,9.9204,9.8594,9.7981,9.7364,9.6744,9.612,9.5542,9.4965,9.4388,9.381,9.3231,9.2652,9.2073,9.1493,9.0912
13.1929,13.1558,13.1187,13.0817,13.0446,13.0076,12.9706,12.9335,12.8965,12.8604,12.8308,12.8012,12.7716,12.7421,12.7125,12.6829,12.6533,12.6238,12.5942,12.5198,12.4288,12.3378,12.2468,12.1558,12.0648,11.9738,11.8828,11.7918,11.7412,11.7669,11.7927,11.8186,11.8446,11.8707,11.8968,11.9231,11.9494,11.9758,12.0044,12.0332,12.0619,12.0906,12.1193,12.148,12.1767,12.2054,12.234,12.2679,12.3056,12.3433,12.381,12.4187,12.4564,12.4941,12.5317,12.5693,12.5874,12.5256,12.4638,12.402,12.3402,12.2784,12.2167,12.1549,12.0933,12.0316,11.9284,11.8156,11.7028,11.5901,11.4774,11.3647,11.252,11.1394,11.0268,10.9793,11.0185,11.0577,11.097,11.1362,11.1755,11.2149,11.2542,11.2936,11.332,11.3484,11.3649,11.3814,11.3979,11.4144,11.431,11.4475,11.4641,11.4808,11.5014,11.524,11.5465,11.5689,11.5912,11.6134,11.6354,11.6573,11.6791,11.6732,11.5942,11.5153,11.4364,11.3575,11.2786,11.1997,11.1208,11.0419,10.963,10.9186,10.8784,10.8381,10.7977,10.7571,10.7164,10.6755,10.6345,10.5933,10.581,10.5977,10.6144,10.6312,10.648,10.6648,10.6817,10.6986,10.7155,10.729,10.715,10.701,10.6869,10.6729,10.6589,10.6448,10.6308,10.6167,10.6027,10.5606,10.5071,10.4532,10.3988,10.3438,10.2883,10.2322,10.1756,10.1185,10.0588,9.9948,9.9305,9.8659,9.8009,9.7356,9.67,9.604,9.5376,9.4709,9.4127,9.355,9.2972,9.2394,9.1816,9.1237,9.0658,9.0078,8.9497
13.2094,13.1721,13.1348,13.0975,13.0602,13.0229,12.9856,12.9484,12.9111,12.8749,12.8453,12.8157,12.7861,12.7566,12.727,12.6974,12.6678,12.6383,12.6087,12.534,12.4437,12.3534,12.2631,12.1728,12.0824,11.9921,11.9017,11.8114,11.76,11.7792,11.7986,11.8181,11.8376,11.8573,11.877,11.8968,11.9167,11.9367,11.9651,11.9939,12.0226,12.0514,12.0801,12.1088,12.1374,12.1661,12.1948,12.2276,12.2634,12.2992,12.335,12.3707,12.4065,12.4423,12.478,12.5137,12.5316,12.4765,12.4213,12.3662,12.3111,12.256,12.2009,12.1458,12.0908,12.0358,11.9357,11.8248,11.714,11.6032,11.4924,11.3817,11.2709,11.1602,11.0496,11.0026,11.0427,11.083,11.1232,11.1634,11.2037,11.244,11.2844,11.3248,11.3644,11.3813,11.3982,11.4152,11.4322,11.4492,11.4662,11.4833,11.5004,11.5175,11.5356,11.554,11.5724,11.5907,11.6088,11.6269,11.6448,11.6626,11.6802,11.6729,11.594,11.5151,11.4362,11.3573,11.2783,11.1994,11.1205,11.0416,10.9627,10.9147,10.8713,10.8278,10.7842,10.7404,10.6964,10.6524,10.6081,10.5637,10.5488,10.5663,10.5837,10.6013,10.6188,10.6364,10.654,10.6716,10.6893,10.7043,10.6903,10.6763,10.6622,10.6482,10.6342,10.6201,10.6061,10.592,10.578,10.5313,10.4697,10.4075,10.3449,10.2817,10.218,10.1537,10.0889,10.0235,9.957,9.8887,9.82,9.7511,9.6818,9.6122,9.5422,9.4719,9.4012,9.3302,9.2711,9.2134,9.1557,9.0979,9.0401,8.9822,8.9243,8.8663,8.8082
13.226,13.1884,13.1508,13.1133,13.0757,13.0382,13.0007,12.9632,12.9257,12.8894,12.8598,12.8302,12.8006,12.7711,12.7415,12.7119,12.6824,12.6528,12.6232,12.5483,12.4587,12.369,12.2794,12.1897,12.1,12.0103,11.9207,11.831,11.7786,11.7914,11.8044,11.8174,11.8306,11.8438,11.8571,11.8705,11.884,11.8975,11.9259,11.9546,11.9834,12.0121,12.0408,12.0695,12.0982,12.1269,12.1555,12.1872,12.2211,12.255,12.2889,12.3228,12.3566,12.3904,12.4243,12.458,12.4758,12.4273,12.3789,12.3304,12.2819,12.2335,12.185,12.1366,12.0883,12.04,11.9429,11.834,11.7251,11.6163,11.5074,11.3986,11.2898,11.1811,11.0724,11.0258,11.067,11.1082,11.1494,11.1906,11.2319,11.2732,11.3145,11.3559,11.3967,11.4141,11.4315,11.449,11.4665,11.484,11.5015,11.519,11.5366,11.5542,11.5698,11.5842,11.5984,11.6126,11.6266,11.6405,11.6543,11.668,11.6815,11.6727,11.5938,11.5148,11.4359,11.357,11.2781,11.1991,11.1202,11.0413,10.9624,10.911,10.8644,10.8177,10.7708,10.7238,10.6767,10.6294,10.5819,10.5343,10.5165,10.5348,10.553,10.5713,10.5896,10.6079,10.6262,10.6446,10.663,10.6796,10.6656,10.6516,10.6376,10.6235,10.6095,10.5954,10.5814,10.5673,10.5533,10.5026,10.4327,10.3624,10.2915,10.2201,10.1481,10.0757,10.0026,9.9291,9.8554,9.7828,9.7098,9.6366,9.5629,9.489,9.4147,9.3401,9.2651,9.1897,9.1296,9.0719,9.0142,8.9564,8.8986,8.8407,8.7827,8.7248,8.6667
13.2425,13.2047,13.1669,13.1291,13.0913,13.0535,13.0158,12.978,12.9403,12.9039,12.8743,12.8447,12.8151,12.7856,12.756,12.7264,12.6969,12.6673,12.6377,12.5626,12.4736,12.3846,12.2956,12.2066,12.1176,12.0286,11.9396,11.8506,11.7972,11.8036,11.8101,11.8167,11.8234,11.8302,11.8371,11.8441,11.8511,11.8582,11.8866,11.9153,11.9441,11.9728,12.0015,12.0302,12.0589,12.0876,12.1163,12.1469,12.1789,12.2108,12.2428,12.2748,12.3067,12.3386,12.3705,12.4024,12.42,12.3782,12.3363,12.2945,12.2527,12.2109,12.1692,12.1274,12.0857,12.0441,11.9501,11.8432,11.7362,11.6293,11.5224,11.4156,11.3087,11.2019,11.0951,11.0491,11.0912,11.1334,11.1756,11.2178,11.2601,11.3024,11.3447,11.387,11.429,11.4469,11.4648,11.4828,11.5007,11.5187,11.5367,11.5548,11.5728,11.5909,11.6042,11.6144,11.6246,11.6346,11.6445,11.6543,11.664,11.6735,11.6829,11.6724,11.5935,11.5146,11.4356,11.3567,11.2778,11.1989,11.1199,11.041,10.9621,10.9074,10.8576,10.8076,10.7576,10.7074,10.657,10.6065,10.5559,10.5051,10.4843,10.5032,10.5222,10.5413,10.5603,10.5794,10.5985,10.6176,10.6368,10.6549,10.6409,10.6269,10.6129,10.5988,10.5848,10.5707,10.5567,10.5426,10.5286,10.4743,10.3963,10.3177,10.2386,10.159,10.0788,9.9982,9.9169,9.8352,9.7541,9.6772,9.5999,9.5223,9.4444,9.3661,9.2875,9.2086,9.1293,9.0496,8.9881,8.9304,8.8727,8.8149,8.757,8.6992,8.6412,8.5832,8.5252
13.259,13.2209,13.1829,13.1448,13.1068,13.0688,13.0308,12.9928,12.9549,12.9184,12.8888,12.8592,12.8296,12.8001,12.7705,12.7409,12.7114,12.6818,12.6523,12.5769,12.4886,12.4003,12.3119,12.2236,12.1353,12.0469,11.9586,11.8702,11.8156,11.8156,11.8157,11.8159,11.8162,11.8166,11.817,11.8176,11.8182,11.8189,11.8473,11.8761,11.9048,11.9335,11.9623,11.991,12.0197,12.0484,12.0771,12.1066,12.1366,12.1667,12.1967,12.2268,12.2568,12.2868,12.3168,12.3468,12.3641,12.329,12.2938,12.2586,12.2235,12.1884,12.1533,12.1182,12.0831,12.0482,11.9574,11.8523,11.7473,11.6424,11.5374,11.4325,11.3276,11.2227,11.1179,11.0723,11.1154,11.1586,11.2018,11.245,11.2882,11.3315,11.3748,11.4181,11.4614,11.4797,11.4981,11.5166,11.535,11.5535,11.572,11.5905,11.609,11.6276,11.6387,11.6448,11.6508,11.6567,11.6625,11.6682,11.6738,11.6792,11.6845,11.6722,11.5933,11.5143,11.4354,11.3565,11.2775,11.1986,11.1196,11.0407,10.9618,10.9039,10.8509,10.7978,10.7445,10.6911,10.6375,10.5838,10.53,10.476,10.452,10.4717,10.4914,10.5112,10.531,10.5508,10.5707,10.5905,10.6104,10.6302,10.6162,10.6022,10.5882,10.5741,10.5601,10.546,10.532,10.5179,10.5039,10.4465,10.3603,10.2735,10.1862,10.0984,10.0101,9.9212,9.8318,9.7418,9.6531,9.5719,9.4903,9.4084,9.3261,9.2435,9.1606,9.0774,8.9937,8.9098,8.8465,8.7889,8.7311,8.6733,8.6155,8.5576,8.4997,8.4417,8.3837
13.2755,13.2372,13.1989,13.1606,13.1223,13.0841,13.0459,13.0076,12.9694,12.9329,12.9033,12.8737,12.8441,12.8146,12.785,12.7554,12.7259,12.6963,12.6668,12.5912,12.5036,12.4159,12.3283,12.2406,12.1529,12.0652,11.9775,11.8898,11.8339,11.8274,11.8211,11.8149,11.8088,11.8028,11.7969,11.791,11.7852,11.7795,11.808,11.8368,11.8655,11.8943,11.923,11.9517,11.9804,12.0091,12.0378,12.0662,12.0943,12.1225,12.1506,12.1788,12.2069,12.235,12.2631,12.2911,12.3083,12.2798,12.2513,12.2227,12.1942,12.1658,12.1373,12.1089,12.0805,12.0522,11.9646,11.8615,11.7584,11.6554,11.5524,11.4494,11.3464,11.2435,11.1406,11.0955,11.1396,11.1838,11.2279,11.2721,11.3163,11.3606,11.4049,11.4492,11.4935,11.5125,11.5314,11.5503,11.5693,11.5882,11.6072,11.6262,11.6452,11.6643,11.6733,11.6753,11.6772,11.679,11.6807,11.6822,11.6837,11.685,11.6862,11.672,11.593,11.5141,11.4351,11.3562,11.2772,11.1983,11.1193,11.0404,10.9615,10.9005,10.8443,10.788,10.7315,10.6749,10.6182,10.5613,10.5042,10.447,10.4196,10.4401,10.4606,10.4811,10.5016,10.5222,10.5428,10.5634,10.5841,10.6048,10.5915,10.5775,10.5635,10.5494,10.5354,10.5213,10.5073,10.4932,10.4792,10.4193,10.3248,10.2298,10.1343,10.0383,9.9418,9.8447,9.7471,9.6489,9.5524,9.4668,9.3809,9.2947,9.2082,9.1213,9.034,8.9465,8.8585,8.7703,8.705,8.6473,8.5896,8.5318,8.474,8.4161,8.3582,8.3002,8.2422
13.292,13.2534,13.2149,13.1764,13.1379,13.0994,13.0609,13.0224,12.984,12.9474,12.9178,12.8882,12.8586,12.8291,12.7995,12.7699,12.7404,12.7108,12.6813,12.6056,12.5186,12.4316,12.3446,12.2576,12.1706,12.0835,11.9965,11.9095,11.8521,11.8392,11.8265,11.8139,11.8014,11.789,11.7766,11.7644,11.7522,11.74,11.7687,11.7975,11.8263,11.855,11.8838,11.9125,11.9412,11.9699,11.9986,12.0258,12.0521,12.0783,12.1045,12.1308,12.157,12.1832,12.2093,12.2355,12.2524,12.2306,12.2087,12.1868,12.165,12.1431,12.1213,12.0996,12.0778,12.0561,11.9717,11.8706,11.7695,11.6684,11.5673,11.4663,11.3652,11.2642,11.1633,11.1187,11.1638,11.2089,11.2541,11.2993,11.3445,11.3897,11.4349,11.4802,11.5255,11.5453,11.5647,11.5841,11.6035,11.623,11.6424,11.6619,11.6814,11.701,11.708,11.7059,11.7037,11.7014,11.6989,11.6964,11.6937,11.6909,11.688,11.6717,11.5928,11.5138,11.4349,11.3559,11.277,11.198,11.1191,11.0401,10.9612,10.8973,10.8379,10.7784,10.7187,10.6589,10.599,10.5389,10.4786,10.4182,10.3872,10.4085,10.4297,10.451,10.4723,10.4936,10.5149,10.5363,10.5577,10.5791,10.5668,10.5528,10.5388,10.5247,10.5107,10.4966,10.4826,10.4685,10.4544,10.3925,10.2898,10.1866,10.083,9.9788,9.8741,9.7688,9.663,9.5566,9.452,9.3621,9.2719,9.1814,9.0905,8.9993,8.9077,8.8159,8.7236,8.631,8.5635,8.5058,8.4481,8.3903,8.3325,8.2746,8.2167,8.1587,8.1007
13.3084,13.2697,13.2309,13.1921,13.1534,13.1147,13.0759,13.0372,12.9985,12.9619,12.9323,12.9027,12.8731,12.8436,12.814,12.7844,12.7549,12.7253,12.6958,12.6199,12.5336,12.4473,12.3609,12.2746,12.1882,12.1019,12.0155,11.9291,11.8701,11.8509,11.8318,11.8128,11.7939,11.775,11.7563,11.7376,11.719,11.7006,11.7294,11.7582,11.787,11.8157,11.8445,11.8732,11.9019,11.9307,11.9593,11.9854,12.0098,12.0341,12.0584,12.0828,12.107,12.1313,12.1556,12.1798,12.1966,12.1813,12.1661,12.1509,12.1357,12.1205,12.1053,12.0902,12.0751,12.06,11.9789,11.8797,11.7805,11.6814,11.5822,11.4831,11.384,11.285,11.1859,11.1419,11.188,11.2341,11.2802,11.3264,11.3725,11.4187,11.465,11.5112,11.5575,11.5781,11.598,11.6178,11.6377,11.6577,11.6776,11.6976,11.7176,11.7376,11.7429,11.7366,11.7303,11.7239,11.7173,11.7107,11.7039,11.697,11.6899,11.6715,11.5925,11.5136,11.4346,11.3557,11.2767,11.1977,11.1188,11.0398,10.9609,10.8942,10.8316,10.7689,10.706,10.643,10.5799,10.5166,10.4532,10.3896,10.3548,10.3768,10.3988,10.4208,10.4428,10.4649,10.487,10.5091,10.5313,10.5535,10.5421,10.5281,10.5141,10.5,10.486,10.4719,10.4579,10.4438,10.4297,10.3661,10.2553,10.144,10.0321,9.9197,9.8068,9.6934,9.5794,9.4648,9.3518,9.2576,9.1631,9.0683,8.9731,8.8776,8.7818,8.6856,8.589,8.4921,8.4219,8.3643,8.3065,8.2488,8.1909,8.1331,8.0752,8.0172,7.9592
13.3249,13.2859,13.2469,13.2079,13.1689,13.1299,13.091,13.052,13.0131,12.9764,12.9468,12.9172,12.8876,12.8581,12.8285,12.7989,12.7694,12.7398,12.7103,12.6343,12.5486,12.463,12.3773,12.2916,12.2059,12.1202,12.0345,11.9488,11.8881,11.8625,11.837,11.8116,11.7862,11.761,11.7359,11.7108,11.6858,11.6613,11.6901,11.7189,11.7477,11.7765,11.8052,11.834,11.8627,11.8914,11.9201,11.9451,11.9675,11.9899,12.0123,12.0347,12.0571,12.0795,12.1019,12.1242,12.1407,12.1321,12.1235,12.1149,12.1063,12.0978,12.0892,12.0807,12.0723,12.0639,11.9861,11.8888,11.7915,11.6943,11.5971,11.4999,11.4028,11.3057,11.2086,11.1651,11.2121,11.2592,11.3063,11.3535,11.4006,11.4478,11.495,11.5423,11.5895,11.6109,11.6312,11.6516,11.672,11.6924,11.7128,11.7333,11.7537,11.7743,11.7778,11.7675,11.757,11.7465,11.7359,11.7251,11.7142,11.7032,11.692,11.6712,11.5923,11.5133,11.4344,11.3554,11.2764,11.1975,11.1185,11.0395,10.9606,10.8913,10.8255,10.7596,10.6935,10.6273,10.561,10.4945,10.4278,10.361,10.3224,10.3451,10.3678,10.3906,10.4134,10.4362,10.459,10.4819,10.5048,10.5277,10.5174,10.5034,10.4894,10.4753,10.4613,10.4472,10.4332,10.4191,10.405,10.3403,10.2213,10.1018,9.9817,9.8612,9.7401,9.6185,9.4963,9.3736,9.252,9.1535,9.0546,8.9555,8.856,8.7562,8.6561,8.5556,8.4547,8.3535,8.2804,8.2227,8.165,8.1072,8.0494,7.9915,7.9336,7.8757,7.8177
13.3414,13.3021,13.2629,13.2236,13.1844,13.1452,13.106,13.0668,13.0276,12.9909,12.9613,12.9317,12.9021,12.8726,12.843,12.8134,12.7839,12.7543,12.7248,12.6487,12.5637,12.4787,12.3937,12.3086,12.2236,12.1386,12.0535,11.9685,11.906,11.874,11.842,11.8102,11.7785,11.7469,11.7154,11.6839,11.6525,11.622,11.6508,11.6796,11.7084,11.7372,11.766,11.7947,11.8234,11.8522,11.8809,11.9047,11.9252,11.9457,11.9662,11.9867,12.0072,12.0277,12.0481,12.0686,12.0848,12.0828,12.0809,12.0789,12.077,12.075,12.0731,12.0713,12.0695,12.0677,11.9932,11.8979,11.8025,11.7072,11.612,11.5167,11.4215,11.3263,11.2312,11.1882,11.2363,11.2843,11.3324,11.3805,11.4287,11.4768,11.525,11.5732,11.6215,11.6436,11.6645,11.6853,11.7062,11.7271,11.748,11.7689,11.7899,11.8109,11.8129,11.7984,11.7839,11.7693,11.7545,11.7396,11.7246,11.7095,11.6943,11.671,11.592,11.5131,11.4341,11.3551,11.2762,11.1972,11.1182,11.0392,10.9603,10.8884,10.8195,10.7503,10.6811,10.6117,10.5422,10.4725,10.4027,10.3327,10.2899,10.3134,10.3368,10.3604,10.3839,10.4074,10.431,10.4547,10.4783,10.502,10.4927,10.4787,10.4647,10.4506,10.4366,10.4225,10.4085,10.3944,10.3803,10.315,10.1878,10.0601,9.9319,9.8031,9.6739,9.5441,9.4137,9.2829,9.1524,9.0496,8.9465,8.843,8.7392,8.6351,8.5307,8.4259,8.3207,8.2152,8.1389,8.0812,8.0233,7.9644,7.9053,7.8461,7.7868,7.7273,7.6677
13.3578,13.3183,13.2788,13.2393,13.1999,13.1604,13.121,13.0816,13.0421,13.0054,12.9758,12.9462,12.9166,12.8871,12.8575,12.8279,12.7984,12.7688,12.7393,12.6631,12.5788,12.4944,12.4101,12.3257,12.2413,12.1569,12.0726,11.9882,11.9237,11.8853,11.847,11.8088,11.7707,11.7327,11.6948,11.6569,11.6192,11.5827,11.6115,11.6404,11.6691,11.6979,11.7267,11.7555,11.7842,11.8129,11.8416,11.8643,11.8829,11.9015,11.9201,11.9387,11.9573,11.9759,11.9944,12.0129,12.0289,12.0335,12.0382,12.0429,12.0476,12.0523,12.057,12.0618,12.0666,12.0714,12.0003,11.9069,11.8135,11.7202,11.6268,11.5335,11.4402,11.347,11.2538,11.2114,11.2604,11.3094,11.3585,11.4076,11.4567,11.5059,11.555,11.6042,11.6534,11.6764,11.6977,11.719,11.7404,11.7617,11.7832,11.8046,11.826,11.8475,11.848,11.8295,11.8109,11.7921,11.7733,11.7543,11.7352,11.716,11.6966,11.6708,11.5918,11.5128,11.4338,11.3549,11.2759,11.1969,11.1179,11.0389,10.96,10.8857,10.8136,10.7413,10.6688,10.5962,10.5235,10.4506,10.3776,10.3044,10.2574,10.2816,10.3058,10.3301,10.3544,10.3787,10.403,10.4274,10.4516,10.4746,10.4646,10.4484,10.4317,10.4146,10.3971,10.3791,10.3607,10.3419,10.3225,10.253,10.1161,9.979,9.8417,9.7042,9.5665,9.4286,9.2905,9.1523,9.0138,8.907,8.8002,8.6932,8.5862,8.4791,8.372,8.2647,8.1574,8.05,7.9701,7.9105,7.8508,7.791,7.7311,7.671,7.6108,7.5505,7.4901
13.3609,13.3213,13.2818,13.2423,13.2028,13.1633,13.1239,13.0845,13.0451,13.0081,12.9772,12.9465,12.9159,12.8855,12.8552,12.825,12.7949,12.765,12.7352,12.6596,12.5769,12.4941,12.4112,12.3284,12.2455,12.1625,12.0796,11.9966,11.9311,11.8878,11.8444,11.801,11.7575,11.7141,11.6706,11.6271,11.5836,11.5418,11.5709,11.5999,11.6289,11.6579,11.6868,11.7157,11.7445,11.7734,11.8021,11.8237,11.8404,11.8572,11.8739,11.8907,11.9074,11.9241,11.9408,11.9574,11.973,11.9842,11.9954,12.0066,12.0177,12.0289,12.04,12.0511,12.0622,12.0733,12.0053,11.9138,11.8222,11.7307,11.6392,11.5477,11.4563,11.365,11.2737,11.2317,11.2811,11.3305,11.3798,11.429,11.4782,11.5273,11.5764,11.6254,11.6744,11.6973,11.7183,11.7393,11.7603,11.7813,11.8022,11.8232,11.8441,11.865,11.8629,11.8385,11.8139,11.7891,11.7641,11.7389,11.7135,11.6878,11.6619,11.6308,11.5506,11.4704,11.3902,11.3099,11.2297,11.1495,11.0692,10.989,10.9087,10.832,10.757,10.6819,10.6068,10.5317,10.4565,10.3813,10.3061,10.2309,10.18,10.2037,10.2275,10.2512,10.275,10.2988,10.3226,10.3464,10.3702,10.394,10.3793,10.3559,10.332,10.3077,10.283,10.2578,10.2322,10.2062,10.1796,10.1083,9.9692,9.8298,9.6903,9.5506,9.4107,9.2706,9.1303,8.9898,8.8491,8.7409,8.6338,8.5266,8.4193,8.3119,8.2044,8.0969,7.9893,7.8816,7.7994,7.739,7.6784,7.6177,7.5569,7.496,7.435,7.3738,7.3125
13.3504,13.31,13.2697,13.2293,13.189,13.1487,13.1084,13.0682,13.028,12.9889,12.9526,12.9166,12.8806,12.8448,12.8091,12.7736,12.7381,12.7028,12.6676,12.5912,12.5088,12.4264,12.3439,12.2615,12.179,12.0964,12.0139,11.9313,11.8664,11.8229,11.7793,11.7358,11.6922,11.6486,11.605,11.5613,11.5177,11.4763,11.5071,11.5379,11.5686,11.5993,11.63,11.6606,11.6912,11.7218,11.7523,11.7745,11.7913,11.8081,11.8249,11.8417,11.8585,11.8752,11.892,11.9087,11.9244,11.9356,11.9467,11.9579,11.9691,11.9802,11.9913,12.0024,12.0135,12.0246,11.9606,11.8735,11.7864,11.6994,11.6125,11.5255,11.4386,11.3518,11.265,11.2241,11.2707,11.3173,11.3639,11.4104,11.4569,11.5033,11.5496,11.5959,11.6421,11.6651,11.6861,11.7071,11.7281,11.7491,11.77,11.791,11.8119,11.8328,11.828,11.797,11.7658,11.7344,11.7028,11.6709,11.6389,11.6066,11.574,11.5378,11.4584,11.3789,11.2994,11.2199,11.1404,11.0609,10.9815,10.902,10.8225,10.7459,10.6709,10.5958,10.5207,10.4456,10.3705,10.2953,10.2201,10.1449,10.0919,10.1164,10.141,10.1656,10.1902,10.2148,10.2394,10.2641,10.2887,10.3134,10.2944,10.2638,10.2327,10.2012,10.1693,10.1369,10.1041,10.0709,10.0372,9.9638,9.8224,9.6808,9.5391,9.3971,9.255,9.1127,8.9701,8.8274,8.6845,8.5748,8.4674,8.3599,8.2523,8.1447,8.0369,7.9291,7.8212,7.7132,7.6288,7.5675,7.5061,7.4445,7.3829,7.3211,7.2592,7.1972,7.135
13.34,13.2987,13.2575,13.2163,13.1752,13.134,13.0929,13.0518,13.0108,12.9695,12.9279,12.8864,12.8451,12.804,12.7629,12.722,12.6812,12.6405,12.6,12.5227,12.4407,12.3587,12.2767,12.1946,12.1125,12.0304,11.9482,11.866,11.8016,11.7579,11.7143,11.6706,11.6268,11.5831,11.5394,11.4956,11.4518,11.4107,11.4433,11.4758,11.5083,11.5407,11.5731,11.6055,11.6379,11.6702,11.7025,11.7253,11.7422,11.7591,11.7759,11.7928,11.8096,11.8264,11.8432,11.8599,11.8757,11.8869,11.8981,11.9092,11.9204,11.9315,11.9427,11.9538,11.9649,11.9759,11.9157,11.8332,11.7506,11.6681,11.5857,11.5033,11.4209,11.3386,11.2563,11.2165,11.2604,11.3043,11.3481,11.3919,11.4356,11.4792,11.5228,11.5664,11.6099,11.6329,11.6539,11.6749,11.6959,11.7168,11.7378,11.7588,11.7797,11.8006,11.7933,11.7557,11.7179,11.6798,11.6416,11.6032,11.5645,11.5256,11.4864,11.4448,11.3661,11.2873,11.2086,11.1299,11.0511,10.9724,10.8937,10.8149,10.7362,10.6598,10.5848,10.5097,10.4346,10.3595,10.2844,10.2092,10.134,10.0588,10.0037,10.0291,10.0545,10.0799,10.1054,10.1308,10.1563,10.1818,10.2073,10.2328,10.2098,10.172,10.1338,10.0951,10.056,10.0165,9.9765,9.936,9.8951,9.8194,9.6758,9.532,9.388,9.2438,9.0995,8.9549,8.8102,8.6652,8.5201,8.4088,8.3011,8.1933,8.0854,7.9775,7.8694,7.7613,7.6532,7.5449,7.4582,7.396,7.3338,7.2714,7.2089,7.1462,7.0835,7.0206,6.9576
13.3295,13.2874,13.2453,13.2033,13.1613,13.1193,13.0774,13.0355,12.9936,12.95,12.903,12.8562,12.8095,12.763,12.7166,12.6703,12.6241,12.5781,12.5322,12.4542,12.3727,12.291,12.2094,12.1277,12.046,11.9643,11.8825,11.8007,11.7368,11.693,11.6492,11.6054,11.5615,11.5176,11.4737,11.4298,11.3859,11.3452,11.3795,11.4138,11.448,11.4822,11.5163,11.5505,11.5845,11.6186,11.6526,11.6762,11.6931,11.71,11.7269,11.7438,11.7607,11.7776,11.7944,11.8112,11.827,11.8382,11.8494,11.8606,11.8717,11.8829,11.894,11.9051,11.9162,11.9273,11.8708,11.7928,11.7148,11.6368,11.5589,11.4809,11.4031,11.3253,11.2475,11.2089,11.2501,11.2912,11.3323,11.3734,11.4143,11.4553,11.4961,11.5369,11.5777,11.6007,11.6217,11.6427,11.6636,11.6846,11.7056,11.7265,11.7475,11.7684,11.7588,11.7145,11.6701,11.6255,11.5806,11.5356,11.4903,11.4448,11.399,11.3517,11.2738,11.1958,11.1178,11.0398,10.9618,10.8838,10.8058,10.7278,10.6498,10.5737,10.4987,10.4236,10.3486,10.2735,10.1983,10.1232,10.048,9.9728,9.9155,9.9417,9.968,9.9942,10.0205,10.0468,10.0731,10.0994,10.1257,10.1521,10.1257,10.0807,10.0352,9.9894,9.9431,9.8964,9.8492,9.8016,9.7535,9.6751,9.5293,9.3833,9.237,9.0907,8.9441,8.7973,8.6503,8.5031,8.3558,8.2427,8.1347,8.0266,7.9185,7.8103,7.702,7.5936,7.4851,7.3766,7.2877,7.2247,7.1615,7.0983,7.0349,6.9714,6.9078,6.8441,6.7802
13.3189,13.276,13.2331,13.1903,13.1474,13.1046,13.0618,13.0191,12.9763,12.9303,12.8779,12.8258,12.7737,12.7218,12.6701,12.6184,12.5669,12.5155,12.4643,12.3858,12.3046,12.2234,12.1421,12.0609,11.9796,11.8982,11.8169,11.7355,11.672,11.6281,11.5841,11.5402,11.4962,11.4521,11.4081,11.3641,11.32,11.2797,11.3157,11.3517,11.3877,11.4236,11.4595,11.4954,11.5312,11.567,11.6028,11.627,11.644,11.661,11.6779,11.6949,11.7118,11.7287,11.7456,11.7625,11.7783,11.7895,11.8007,11.8119,11.823,11.8342,11.8453,11.8564,11.8675,11.8786,11.8259,11.7524,11.6789,11.6054,11.532,11.4586,11.3852,11.3119,11.2387,11.2014,11.2398,11.2782,11.3166,11.3549,11.3931,11.4313,11.4695,11.5075,11.5455,11.5684,11.5894,11.6104,11.6314,11.6524,11.6734,11.6943,11.7153,11.7362,11.7244,11.6736,11.6226,11.5713,11.5199,11.4682,11.4163,11.3642,11.3118,11.2586,11.1814,11.1042,11.0269,10.9497,10.8725,10.7952,10.718,10.6407,10.5635,10.4876,10.4126,10.3375,10.2625,10.1874,10.1123,10.0371,9.962,9.8867,9.8272,9.8543,9.8814,9.9085,9.9356,9.9627,9.9899,10.017,10.0442,10.0714,10.0419,9.9897,9.9371,9.8841,9.8306,9.7767,9.7224,9.6675,9.6123,9.531,9.3829,9.2347,9.0862,8.9376,8.7888,8.6398,8.4906,8.3412,8.1916,8.0767,7.9684,7.86,7.7516,7.6431,7.5345,7.4258,7.3171,7.2083,7.1172,7.0534,6.9894,6.9253,6.861,6.7967,6.7322,6.6676,6.6029
13.3084,13.2646,13.2209,13.1772,13.1335,13.0899,13.0462,13.0026,12.9591,12.9104,12.8527,12.7952,12.7378,12.6806,12.6234,12.5665,12.5096,12.4529,12.3962,12.3173,12.2365,12.1557,12.0749,11.994,11.9131,11.8322,11.7512,11.6702,11.6072,11.5632,11.5191,11.4749,11.4308,11.3867,11.3425,11.2983,11.2541,11.2142,11.252,11.2897,11.3274,11.3651,11.4028,11.4404,11.4779,11.5155,11.553,11.5779,11.5949,11.6119,11.629,11.6459,11.6629,11.6799,11.6968,11.7137,11.7296,11.7408,11.752,11.7632,11.7744,11.7855,11.7966,11.8078,11.8189,11.8299,11.781,11.712,11.643,11.574,11.5051,11.4362,11.3673,11.2985,11.2298,11.1939,11.2296,11.2653,11.3009,11.3365,11.372,11.4075,11.4428,11.4782,11.5135,11.5362,11.5572,11.5782,11.5992,11.6202,11.6412,11.6621,11.6831,11.704,11.6902,11.6328,11.5752,11.5174,11.4593,11.401,11.3425,11.2838,11.2249,11.1655,11.089,11.0126,10.9361,10.8596,10.7831,10.7066,10.6301,10.5536,10.4771,10.4014,10.3265,10.2514,10.1764,10.1013,10.0262,9.9511,9.8759,9.8007,9.739,9.7669,9.7948,9.8227,9.8507,9.8786,9.9066,9.9346,9.9626,9.9906,9.9585,9.8992,9.8394,9.7792,9.7185,9.6574,9.5959,9.5339,9.4715,9.3869,9.2367,9.0862,8.9355,8.7847,8.6337,8.4825,8.331,8.1794,8.0276,7.9106,7.8021,7.6934,7.5847,7.4759,7.3671,7.2581,7.1491,7.04,6.9469,6.8821,6.8173,6.7523,6.6872,6.622,6.5567,6.4912,6.4256
13.2978,13.2532,13.2086,13.1641,13.1196,13.0751,13.0306,12.9862,12.9418,12.8904,12.8273,12.7645,12.7017,12.6391,12.5767,12.5143,12.4521,12.39,12.328,12.2489,12.1685,12.0881,12.0077,11.9272,11.8467,11.7661,11.6856,11.605,11.5424,11.4982,11.454,11.4097,11.3655,11.3212,11.2769,11.2325,11.1882,11.1487,11.1882,11.2277,11.2672,11.3066,11.346,11.3853,11.4247,11.464,11.5032,11.5287,11.5458,11.5629,11.58,11.597,11.614,11.631,11.648,11.665,11.6809,11.6921,11.7033,11.7145,11.7257,11.7368,11.748,11.7591,11.7702,11.7813,11.736,11.6715,11.607,11.5425,11.4781,11.4137,11.3493,11.285,11.2208,11.1865,11.2195,11.2524,11.2853,11.3181,11.3509,11.3836,11.4163,11.4489,11.4814,11.504,11.525,11.546,11.567,11.588,11.609,11.6299,11.6509,11.6718,11.6563,11.5922,11.528,11.4636,11.3989,11.3341,11.269,11.2037,11.1381,11.0723,10.9966,10.9209,10.8452,10.7694,10.6937,10.6179,10.5422,10.4664,10.3906,10.3153,10.2403,10.1653,10.0903,10.0152,9.9401,9.865,9.7899,9.7147,9.6506,9.6794,9.7081,9.7369,9.7657,9.7945,9.8233,9.8521,9.8809,9.9098,9.8755,9.809,9.742,9.6746,9.6068,9.5386,9.4699,9.4007,9.3311,9.2431,9.0906,8.9379,8.785,8.6319,8.4787,8.3252,8.1716,8.0178,7.8637,7.7446,7.6358,7.5269,7.4179,7.3088,7.1997,7.0904,6.9811,6.8718,6.7765,6.7109,6.6452,6.5794,6.5135,6.4474,6.3812,6.3149,6.2484
13.2872,13.2417,13.1963,13.151,13.1056,13.0603,13.015,12.9697,12.9245,12.8702,12.8018,12.7336,12.6655,12.5976,12.5298,12.4621,12.3945,12.3271,12.2597,12.1805,12.1005,12.0205,11.9404,11.8603,11.7802,11.7001,11.6199,11.5397,11.4776,11.4333,11.3889,11.3445,11.3001,11.2557,11.2112,11.1667,11.1223,11.0832,11.1245,11.1657,11.2069,11.2481,11.2892,11.3303,11.3714,11.4124,11.4534,11.4796,11.4967,11.5138,11.531,11.548,11.5651,11.5822,11.5992,11.6163,11.6322,11.6434,11.6546,11.6658,11.677,11.6882,11.6993,11.7104,11.7215,11.7326,11.691,11.6309,11.5709,11.511,11.451,11.3912,11.3313,11.2715,11.2118,11.1791,11.2093,11.2395,11.2697,11.2998,11.3299,11.3598,11.3898,11.4197,11.4495,11.4717,11.4928,11.5138,11.5348,11.5558,11.5767,11.5977,11.6187,11.6396,11.6225,11.5518,11.481,11.41,11.3388,11.2673,11.1956,11.1237,11.0515,10.9791,10.9042,10.8292,10.7542,10.6792,10.6042,10.5292,10.4542,10.3792,10.3042,10.2292,10.1542,10.0792,10.0042,9.9292,9.8541,9.7789,9.7038,9.6286,9.5623,9.5918,9.6214,9.651,9.6806,9.7103,9.7399,9.7696,9.7992,9.8289,9.7929,9.7192,9.645,9.5705,9.4955,9.4201,9.3442,9.2679,9.1912,9.0993,8.9446,8.7897,8.6346,8.4793,8.3238,8.1682,8.0123,7.8563,7.7,7.5787,7.4695,7.3603,7.2511,7.1417,7.0323,6.9228,6.8132,6.7035,6.6063,6.5398,6.4733,6.4066,6.3398,6.2729,6.2058,6.1386,6.0713
13.2765,13.2302,13.184,13.1378,13.0916,13.0455,12.9993,12.9532,12.9071,12.8498,12.7761,12.7025,12.6291,12.5558,12.4827,12.4097,12.3368,12.264,12.1913,12.112,12.0325,11.9528,11.8732,11.7935,11.7138,11.6341,11.5543,11.4745,11.4128,11.3684,11.3238,11.2793,11.2348,11.1902,11.1456,11.101,11.0563,11.0178,11.0608,11.1038,11.1467,11.1896,11.2325,11.2753,11.3181,11.3609,11.4036,11.4304,11.4476,11.4648,11.482,11.4991,11.5162,11.5333,11.5504,11.5675,11.5835,11.5947,11.606,11.6172,11.6283,11.6395,11.6506,11.6618,11.6729,11.684,11.6459,11.5904,11.5349,11.4794,11.424,11.3686,11.3132,11.2579,11.2027,11.1717,11.1993,11.2267,11.2542,11.2815,11.3089,11.3361,11.3633,11.3905,11.4176,11.4395,11.4605,11.4815,11.5026,11.5235,11.5445,11.5655,11.5865,11.6074,11.5888,11.5116,11.4342,11.3566,11.2788,11.2007,11.1225,11.044,10.9652,10.8862,10.8118,10.7375,10.6633,10.589,10.5148,10.4405,10.3662,10.292,10.2177,10.1431,10.0681,9.9931,9.9181,9.8431,9.768,9.6929,9.6178,9.5426,9.4739,9.5043,9.5347,9.5651,9.5956,9.626,9.6565,9.687,9.7175,9.748,9.7106,9.6297,9.5485,9.4668,9.3846,9.302,9.219,9.1356,9.0516,8.9557,8.7987,8.6416,8.4843,8.3268,8.1691,8.0113,7.8532,7.6949,7.5365,7.4127,7.3033,7.1938,7.0842,6.9746,6.8649,6.7551,6.6452,6.5353,6.4361,6.3688,6.3014,6.2338,6.1662,6.0984,6.0305,5.9624,5.8943
13.2658,13.2187,13.1717,13.1246,13.0776,13.0306,12.9836,12.9367,12.8898,12.8293,12.7502,12.6713,12.5926,12.514,12.4355,12.3571,12.2789,12.2008,12.1228,12.0436,11.9644,11.8852,11.806,11.7267,11.6474,11.568,11.4887,11.4093,11.348,11.3034,11.2588,11.2141,11.1694,11.1247,11.08,11.0352,10.9904,10.9524,10.9971,11.0418,11.0865,11.1312,11.1758,11.2203,11.2649,11.3094,11.3539,11.3813,11.3985,11.4157,11.433,11.4502,11.4673,11.4845,11.5016,11.5188,11.5348,11.5461,11.5573,11.5685,11.5796,11.5908,11.602,11.6131,11.6242,11.6353,11.6008,11.5498,11.4988,11.4478,11.3968,11.3459,11.2951,11.2443,11.1935,11.1644,11.1892,11.214,11.2387,11.2633,11.2879,11.3125,11.3369,11.3614,11.3857,11.4073,11.4283,11.4493,11.4703,11.4913,11.5123,11.5333,11.5543,11.5752,11.5554,11.4716,11.3876,11.3034,11.219,11.1344,11.0495,10.9644,10.8791,10.7935,10.7193,10.6458,10.5723,10.4988,10.4253,10.3518,10.2782,10.2047,10.1312,10.057,9.982,9.907,9.832,9.757,9.6819,9.6068,9.5317,9.4565,9.3854,9.4167,9.4479,9.4792,9.5105,9.5418,9.5731,9.6044,9.6357,9.6671,9.6287,9.5407,9.4523,9.3634,9.2741,9.1844,9.0942,9.0036,8.9125,8.8122,8.653,8.4937,8.3342,8.1745,8.0146,7.8545,7.6942,7.5337,7.373,7.2467,7.137,7.0273,6.9174,6.8075,6.6975,6.5875,6.4773,6.3671,6.2659,6.1978,6.1295,6.0611,5.9926,5.924,5.8552,5.7863,5.7173
13.2551,13.2072,13.1593,13.1114,13.0635,13.0157,12.9679,12.9201,12.8724,12.8086,12.7242,12.64,12.5559,12.472,12.3881,12.3044,12.2209,12.1374,12.0541,11.9752,11.8964,11.8176,11.7388,11.6599,11.581,11.502,11.4231,11.344,11.2832,11.2385,11.1937,11.1489,11.104,11.0592,11.0143,10.9694,10.9245,10.887,10.9335,10.9799,11.0263,11.0727,11.119,11.1654,11.2116,11.2579,11.3041,11.3321,11.3494,11.3667,11.384,11.4012,11.4184,11.4357,11.4529,11.47,11.4861,11.4974,11.5086,11.5198,11.531,11.5421,11.5533,11.5644,11.5755,11.5866,11.5557,11.5091,11.4626,11.4161,11.3697,11.3233,11.2769,11.2306,11.1843,11.1571,11.1792,11.2012,11.2232,11.2451,11.267,11.2888,11.3106,11.3323,11.3539,11.3751,11.3961,11.4171,11.4381,11.4591,11.4801,11.5011,11.522,11.543,11.5221,11.4318,11.3412,11.2504,11.1594,11.0682,10.9768,10.8851,10.7932,10.7011,10.6268,10.5541,10.4813,10.4085,10.3358,10.263,10.1902,10.1174,10.0446,9.9709,9.8959,9.8209,9.7459,9.6709,9.5959,9.5208,9.4456,9.3705,9.2969,9.329,9.3611,9.3932,9.4253,9.4574,9.4896,9.5217,9.5539,9.5861,9.5472,9.4521,9.3565,9.2605,9.164,9.0671,8.9698,8.872,8.7738,8.6688,8.5074,8.3459,8.1842,8.0222,7.8601,7.6978,7.5353,7.3726,7.2097,7.0808,6.9708,6.8608,6.7507,6.6405,6.5302,6.4198,6.3094,6.1989,6.0958,6.0268,5.9577,5.8885,5.8191,5.7496,5.68,5.6102,5.5404
13.2444,13.1956,13.1469,13.0982,13.0495,13.0008,12.9522,12.9035,12.8549,12.7878,12.6981,12.6085,12.5191,12.4298,12.3406,12.2516,12.1627,12.0739,11.9852,11.9068,11.8284,11.75,11.6716,11.5931,11.5146,11.436,11.3574,11.2788,11.2184,11.1735,11.1286,11.0836,11.0387,10.9937,10.9487,10.9036,10.8586,10.8216,10.8698,10.918,10.9662,11.0143,11.0623,11.1104,11.1584,11.2064,11.2544,11.2829,11.3003,11.3176,11.335,11.3523,11.3695,11.3868,11.4041,11.4213,11.4375,11.4487,11.4599,11.4711,11.4823,11.4935,11.5046,11.5158,11.5269,11.538,11.5105,11.4684,11.4264,11.3844,11.3424,11.3005,11.2586,11.2168,11.175,11.1499,11.1693,11.1886,11.2078,11.227,11.2462,11.2653,11.2843,11.3033,11.3222,11.3428,11.3639,11.3849,11.4059,11.4269,11.4479,11.4689,11.4898,11.5108,11.4891,11.3921,11.295,11.1976,11.1,11.0023,10.9042,10.806,10.7075,10.6088,10.5343,10.4623,10.3903,10.3182,10.2462,10.1742,10.1021,10.0301,9.9581,9.8847,9.8098,9.7348,9.6599,9.5848,9.5098,9.4347,9.3596,9.2845,9.2093,9.2413,9.2743,9.3072,9.3401,9.3731,9.406,9.439,9.472,9.505,9.4661,9.3638,9.2611,9.1579,9.0543,8.9503,8.8458,8.7409,8.6355,8.5256,8.362,8.1982,8.0343,7.8701,7.7058,7.5413,7.3766,7.2117,7.0466,6.9149,6.8046,6.6943,6.5839,6.4734,6.3629,6.2522,6.1415,6.0307,5.9258,5.856,5.786,5.7159,5.6457,5.5753,5.5048,5.4342,5.3635
13.2336,13.184,13.1344,13.0849,13.0354,12.9859,12.9364,12.8869,12.8375,12.7668,12.6718,12.5769,12.4821,12.3875,12.293,12.1987,12.1044,12.0103,11.9164,11.8385,11.7605,11.6824,11.6044,11.5263,11.4482,11.37,11.2918,11.2136,11.1536,11.1086,11.0635,11.0184,10.9733,10.9282,10.883,10.8379,10.7927,10.7562,10.8062,10.8561,10.906,10.9558,11.0057,11.0554,11.1052,11.1549,11.2046,11.2338,11.2512,11.2686,11.286,11.3033,11.3206,11.338,11.3553,11.3726,11.3888,11.4,11.4112,11.4224,11.4336,11.4448,11.4559,11.4671,11.4782,11.4893,11.4653,11.4277,11.3902,11.3526,11.3152,11.2777,11.2403,11.203,11.1657,11.1427,11.1593,11.1759,11.1924,11.2089,11.2254,11.2417,11.258,11.2743,11.2905,11.3106,11.3316,11.3527,11.3737,11.3947,11.4157,11.4367,11.4576,11.4786,11.4562,11.3526,11.2489,11.145,11.0408,10.9365,10.8319,10.7271,10.6221,10.5168,10.4417,10.3705,10.2992,10.2279,10.1566,10.0853,10.0141,9.9428,9.8715,9.7986,9.7237,9.6487,9.5738,9.4987,9.4237,9.3486,9.2735,9.1984,9.1232,9.1536,9.1874,9.2211,9.2549,9.2887,9.3225,9.3563,9.3901,9.4239,9.3854,9.2759,9.166,9.0557,8.945,8.8338,8.7222,8.6102,8.4977,8.3825,8.2167,8.0507,7.8845,7.7182,7.5517,7.3849,7.218,7.0509,6.8836,6.749,6.6385,6.5278,6.4172,6.3064,6.1956,6.0847,5.9737,5.8626,5.757,5.6878,5.6186,5.5494,5.4802,5.4108,5.3415,5.2721,5.2027
13.2228,13.1724,13.122,13.0716,13.0212,12.9709,12.9206,12.8703,12.82,12.7456,12.6453,12.5451,12.445,12.345,12.2452,12.1456,12.046,11.9466,11.8476,11.7701,11.6925,11.6148,11.5372,11.4595,11.3818,11.304,11.2262,11.1484,11.0888,11.0436,10.9984,10.9532,10.9079,10.8627,10.8174,10.7721,10.7267,10.6909,10.7426,10.7942,10.8459,10.8974,10.949,11.0005,11.052,11.1034,11.1549,11.1846,11.2021,11.2195,11.237,11.2544,11.2718,11.2891,11.3065,11.3238,11.3401,11.3513,11.3625,11.3737,11.3849,11.3961,11.4073,11.4184,11.4295,11.4406,11.42,11.3869,11.3539,11.3208,11.2878,11.2549,11.222,11.1891,11.1563,11.1356,11.1495,11.1633,11.1771,11.1909,11.2046,11.2183,11.2319,11.2454,11.2589,11.2784,11.2994,11.3204,11.3415,11.3625,11.3835,11.4045,11.4254,11.4464,11.4234,11.3133,11.2031,11.0926,10.9819,10.8709,10.7598,10.6484,10.5368,10.4249,10.3492,10.2786,10.2081,10.1376,10.067,9.9965,9.9259,9.8554,9.7848,9.7125,9.6376,9.5626,9.4877,9.4127,9.3376,9.2626,9.1875,9.1124,9.0372,9.0658,9.1004,9.135,9.1696,9.2027,9.2358,9.2688,9.3016,9.3344,9.2952,9.1782,9.0611,8.944,8.8268,8.7096,8.5923,8.475,8.3576,8.2395,8.0716,7.9034,7.7351,7.5666,7.3979,7.2291,7.06,6.8907,6.7213,6.5854,6.478,6.3707,6.2637,6.157,6.0504,5.9441,5.838,5.7322,5.6292,5.5601,5.491,5.4218,5.3525,5.2832,5.2139,5.1445,5.0751
13.1762,13.1242,13.0724,13.0206,12.969,12.9174,12.866,12.8146,12.7634,12.6869,12.5847,12.4825,12.3803,12.2781,12.1758,12.0734,11.9711,11.8687,11.7671,11.692,11.6167,11.5413,11.4657,11.39,11.3142,11.2382,11.162,11.0858,11.0277,10.9834,10.9391,10.8946,10.8501,10.8055,10.7608,10.716,10.6711,10.6363,10.6894,10.7425,10.7955,10.8485,10.9016,10.9546,11.0076,11.0606,11.1136,11.1439,11.1614,11.179,11.1966,11.2141,11.2317,11.2493,11.2669,11.2845,11.3008,11.3109,11.3211,11.3312,11.3413,11.3514,11.3613,11.3713,11.3811,11.3909,11.3725,11.3428,11.3131,11.2834,11.2536,11.2237,11.1938,11.1638,11.1338,11.1139,11.1242,11.1344,11.1445,11.1545,11.1643,11.1741,11.1838,11.1933,11.2027,11.2188,11.2366,11.2541,11.2715,11.2886,11.3054,11.3221,11.3384,11.3545,11.3277,11.2107,11.0936,10.9763,10.859,10.7415,10.6239,10.5062,10.3883,10.2703,10.192,10.1204,10.0487,9.9769,9.9052,9.8334,9.7615,9.6897,9.6178,9.5457,9.4736,9.4016,9.33,9.2585,9.1873,9.1163,9.0456,8.9751,8.9049,8.9295,8.962,8.9945,9.0268,9.059,9.0911,9.1232,9.1551,9.187,9.1512,9.0342,8.9171,8.7999,8.6827,8.5655,8.4482,8.3308,8.2134,8.096,7.9267,7.7565,7.586,7.4154,7.2445,7.0735,6.9023,6.731,6.5594,6.4225,6.3191,6.216,6.1131,6.0104,5.9079,5.8056,5.7036,5.6019,5.5015,5.4324,5.3633,5.2941,5.2249,5.1556,5.0863,5.017,4.9476
13.1056,13.0497,12.994,12.9383,12.8828,12.8273,12.772,12.7167,12.6616,12.5824,12.4802,12.3779,12.2757,12.1733,12.071,11.9686,11.8662,11.7637,11.6627,11.5931,11.5234,11.4536,11.3836,11.3134,11.2432,11.1727,11.1022,11.0315,10.9792,10.9405,10.9016,10.8626,10.8236,10.7844,10.7452,10.7059,10.6665,10.6373,10.6922,10.7471,10.802,10.8568,10.9117,10.9665,11.0213,11.0761,11.1309,11.1629,11.182,11.2012,11.2204,11.2396,11.2588,11.278,11.2972,11.3165,11.3324,11.3328,11.3331,11.3334,11.3337,11.334,11.3342,11.3343,11.3344,11.3343,11.3116,11.2797,11.2476,11.2156,11.1835,11.1513,11.1191,11.0868,11.0545,11.0315,11.0374,11.0432,11.049,11.0546,11.0601,11.0655,11.0708,11.076,11.081,11.0901,11.1003,11.1102,11.1199,11.1293,11.1386,11.1476,11.1563,11.1648,11.1339,11.015,10.896,10.7769,10.6576,10.5383,10.4188,10.2991,10.1794,10.0595,9.981,9.9103,9.8396,9.7689,9.6982,9.6274,9.5566,9.4857,9.4148,9.346,9.2808,9.2158,9.151,9.0864,9.0221,8.9581,8.8943,8.8307,8.7674,8.7896,8.8212,8.8526,8.884,8.9153,8.9466,8.9777,9.0087,9.0396,9.0072,8.8902,8.773,8.6559,8.5386,8.4214,8.304,8.1866,8.0692,7.9517,7.782,7.6096,7.437,7.2643,7.0913,6.9182,6.7448,6.5713,6.3976,6.2593,6.16,6.061,5.9621,5.8635,5.7651,5.6669,5.5689,5.4712,5.3738,5.3047,5.2356,5.1665,5.0973,5.028,4.9587,4.8894,4.82
13.0348,12.975,12.9154,12.8559,12.7964,12.7371,12.6779,12.6187,12.5597,12.4779,12.3756,12.2733,12.171,12.0686,11.9662,11.8637,11.7613,11.6588,11.5583,11.4944,11.4303,11.366,11.3016,11.237,11.1723,11.1074,11.0424,10.9773,10.9309,10.8976,10.8642,10.8307,10.7971,10.7634,10.7297,10.6959,10.662,10.6384,10.6951,10.7518,10.8085,10.8651,10.9218,10.9784,11.0351,11.0917,11.1483,11.1819,11.2027,11.2235,11.2443,11.2651,11.2859,11.3068,11.3276,11.3485,11.364,11.3546,11.3452,11.3357,11.3262,11.3167,11.3071,11.2974,11.2877,11.2779,11.2508,11.2165,11.1822,11.1478,11.1134,11.079,11.0444,11.0099,10.9753,10.9491,10.9507,10.9522,10.9535,10.9548,10.9559,10.957,10.9579,10.9587,10.9594,10.9616,10.9641,10.9664,10.9684,10.9703,10.9719,10.9733,10.9744,10.9752,10.9401,10.8193,10.6984,10.5774,10.4563,10.335,10.2137,10.0922,9.9705,9.8487,9.7699,9.7003,9.6306,9.5609,9.4911,9.4214,9.3516,9.2817,9.2119,9.146,9.0877,9.0296,8.9717,8.9141,8.8567,8.7996,8.7427,8.686,8.6296,8.6496,8.6803,8.7109,8.7413,8.7717,8.802,8.8322,8.8623,8.8923,8.8633,8.7462,8.629,8.5118,8.3945,8.2772,8.1599,8.0425,7.925,7.8075,7.6374,7.4629,7.2882,7.1133,6.9382,6.7629,6.5874,6.4118,6.236,6.0959,6.0007,5.9057,5.8109,5.7163,5.622,5.5278,5.434,5.3403,5.2469,5.177,5.1079,5.0388,4.9696,4.9004,4.8311,4.7618,4.6925
12.9639,12.9002,12.8367,12.7733,12.71,12.6468,12.5836,12.5206,12.4577,12.3734,12.2711,12.1687,12.0663,11.9639,11.8614,11.7589,11.6564,11.5538,11.4542,11.3958,11.3372,11.2785,11.2196,11.1606,11.1015,11.0422,10.9828,10.9233,10.8826,10.8548,10.8269,10.7988,10.7707,10.7425,10.7143,10.6859,10.6575,10.6395,10.698,10.7565,10.815,10.8735,10.9319,10.9904,11.0489,11.1073,11.1657,11.2009,11.2233,11.2457,11.2682,11.2906,11.3131,11.3355,11.358,11.3805,11.3957,11.3765,11.3572,11.338,11.3187,11.2994,11.28,11.2606,11.2411,11.2215,11.19,11.1534,11.1168,11.0801,11.0434,11.0066,10.9698,10.9329,10.896,10.8669,10.8641,10.8612,10.8582,10.8551,10.8519,10.8485,10.8451,10.8415,10.8379,10.8332,10.8281,10.8227,10.8172,10.8114,10.8054,10.7991,10.7926,10.7859,10.7464,10.6237,10.5009,10.378,10.255,10.1319,10.0086,9.8852,9.7617,9.6381,9.5588,9.4902,9.4215,9.3528,9.2841,9.2153,9.1465,9.0777,9.0088,8.9457,8.8943,8.8431,8.7922,8.7415,8.691,8.6407,8.5907,8.541,8.4915,8.5098,8.5395,8.5691,8.5987,8.6282,8.6575,8.6868,8.716,8.745,8.7193,8.6021,8.485,8.3677,8.2504,8.1331,8.0157,7.8983,7.7808,7.6633,7.493,7.3163,7.1394,6.9624,6.7852,6.6078,6.4302,6.2524,6.0745,5.9322,5.841,5.7501,5.6593,5.5688,5.4786,5.3885,5.2987,5.2091,5.1198,5.0493,4.9803,4.9111,4.842,4.7728,4.7035,4.6342,4.5649
12.8928,12.8253,12.7579,12.6906,12.6234,12.5563,12.4893,12.4223,12.3555,12.2689,12.1665,12.0641,11.9616,11.8591,11.7566,11.654,11.5514,11.4488,11.3501,11.2973,11.2443,11.1911,11.1378,11.0844,11.0308,10.9771,10.9233,10.8693,10.8344,10.8121,10.7896,10.7671,10.7444,10.7217,10.6989,10.676,10.6531,10.6406,10.7009,10.7612,10.8215,10.8818,10.9421,11.0024,11.0626,11.1229,11.1831,11.2199,11.2439,11.268,11.292,11.3161,11.3402,11.3643,11.3883,11.4124,11.4273,11.3983,11.3694,11.3403,11.3113,11.2822,11.253,11.2238,11.1945,11.1651,11.1291,11.0903,11.0513,11.0124,10.9734,10.9343,10.8952,10.856,10.8168,10.7847,10.7775,10.7703,10.7629,10.7554,10.7479,10.7402,10.7324,10.7245,10.7164,10.705,10.6922,10.6793,10.6661,10.6527,10.6391,10.6252,10.6111,10.5967,10.5527,10.4282,10.3035,10.1787,10.0538,9.9288,9.8037,9.6784,9.553,9.4274,9.3476,9.28,9.2124,9.1447,9.077,9.0092,8.9414,8.8736,8.8058,8.7451,8.7007,8.6564,8.6123,8.5685,8.5249,8.4816,8.4385,8.3957,8.3531,8.3699,8.3987,8.4275,8.4561,8.4846,8.5131,8.5414,8.5697,8.5978,8.5753,8.4581,8.3409,8.2237,8.1064,7.989,7.8716,7.7541,7.6366,7.5191,7.3486,7.1698,6.9909,6.8117,6.6323,6.4528,6.2731,6.0932,5.9131,5.7682,5.6811,5.5942,5.5076,5.4211,5.3349,5.2489,5.1632,5.0776,4.9924,4.9216,4.8526,4.7835,4.7143,4.6452,4.5759,4.5067,4.4374
12.8216,12.7502,12.6789,12.6077,12.5366,12.4657,12.3948,12.324,12.2533,12.1644,12.062,11.9595,11.857,11.7544,11.6518,11.5492,11.4465,11.3438,11.2462,11.1989,11.1515,11.1039,11.0562,11.0083,10.9603,10.9121,10.8638,10.8154,10.7863,10.7694,10.7525,10.7354,10.7182,10.701,10.6836,10.6662,10.6487,10.6417,10.7038,10.766,10.8281,10.8902,10.9523,11.0144,11.0764,11.1385,11.2006,11.2389,11.2646,11.2902,11.3159,11.3416,11.3673,11.393,11.4187,11.4444,11.459,11.4203,11.3815,11.3427,11.3039,11.265,11.2261,11.1871,11.148,11.1089,11.0683,11.0272,10.986,10.9447,10.9034,10.862,10.8206,10.7792,10.7377,10.7026,10.691,10.6794,10.6677,10.6559,10.6439,10.6319,10.6197,10.6075,10.5951,10.5769,10.5566,10.536,10.5152,10.4942,10.473,10.4515,10.4298,10.4078,10.3591,10.2327,10.1061,9.9795,9.8527,9.7258,9.5987,9.4716,9.3443,9.2169,9.1365,9.0699,9.0032,8.9365,8.8698,8.8031,8.7363,8.6695,8.6027,8.5443,8.5067,8.4694,8.4322,8.3953,8.3586,8.3222,8.286,8.2501,8.2144,8.2301,8.258,8.2858,8.3135,8.3411,8.3687,8.3961,8.4234,8.4507,8.4313,8.3141,8.1969,8.0796,7.9623,7.8449,7.7274,7.61,7.4924,7.3748,7.2044,7.0235,6.8424,6.6611,6.4796,6.298,6.1161,5.9341,5.7519,5.604,5.5209,5.4381,5.3555,5.2731,5.1909,5.109,5.0273,4.9459,4.8647,4.7939,4.7249,4.6558,4.5867,4.5175,4.4483,4.3791,4.3098
12.7503,12.675,12.5998,12.5248,12.4498,12.3749,12.3002,12.2255,12.1509,12.0599,11.9574,11.8549,11.7523,11.6497,11.547,11.4443,11.3416,11.2389,11.1424,11.1007,11.0588,11.0168,10.9746,10.9323,10.8898,10.8472,10.8045,10.7616,10.7383,10.7269,10.7154,10.7038,10.6921,10.6803,10.6684,10.6565,10.6445,10.6428,10.7068,10.7707,10.8346,10.8986,10.9625,11.0264,11.0902,11.1541,11.218,11.2579,11.2852,11.3125,11.3398,11.3671,11.3944,11.4218,11.4491,11.4764,11.4907,11.4422,11.3937,11.3451,11.2965,11.2479,11.1992,11.1505,11.1016,11.0527,11.0076,10.9641,10.9206,10.877,10.8334,10.7898,10.7461,10.7023,10.6585,10.6205,10.6046,10.5886,10.5726,10.5564,10.5401,10.5237,10.5072,10.4905,10.4738,10.449,10.4211,10.3929,10.3645,10.3359,10.3071,10.278,10.2486,10.219,10.1655,10.0372,9.9088,9.7802,9.6516,9.5228,9.3939,9.2648,9.1357,9.0063,8.9252,8.8596,8.794,8.7284,8.6627,8.5969,8.5312,8.4654,8.3995,8.3432,8.3125,8.282,8.2518,8.2218,8.192,8.1624,8.1332,8.1041,8.0753,8.0904,8.1173,8.1442,8.171,8.1977,8.2243,8.2508,8.2772,8.3035,8.2873,8.1701,8.0528,7.9355,7.8182,7.7008,7.5833,7.4658,7.3482,7.2306,7.0603,6.8773,6.6941,6.5106,6.327,6.1433,5.9593,5.7751,5.5908,5.4395,5.3605,5.2817,5.2031,5.1248,5.0467,4.9688,4.8912,4.8138,4.7366,4.6662,4.5972,4.5282,4.4591,4.3899,4.3207,4.2515,4.1822
12.6788,12.5997,12.5206,12.4416,12.3628,12.2841,12.2054,12.1269,12.0484,11.9554,11.8529,11.7502,11.6476,11.5449,11.4422,11.3395,11.2367,11.1339,11.0387,11.0026,10.9662,10.9298,10.8932,10.8564,10.8195,10.7824,10.7453,10.708,10.6904,10.6845,10.6784,10.6723,10.666,10.6597,10.6533,10.6468,10.6402,10.644,10.7097,10.7755,10.8412,10.9069,10.9727,11.0384,11.1041,11.1697,11.2354,11.2769,11.3059,11.3348,11.3637,11.3926,11.4216,11.4505,11.4795,11.5084,11.5224,11.4642,11.4059,11.3476,11.2892,11.2308,11.1724,11.1139,11.0553,10.9966,10.9468,10.9011,10.8553,10.8094,10.7635,10.7176,10.6716,10.6255,10.5794,10.5385,10.5182,10.4979,10.4775,10.457,10.4363,10.4156,10.3947,10.3737,10.3526,10.3213,10.2857,10.25,10.214,10.1778,10.1413,10.1046,10.0677,10.0305,9.972,9.8418,9.7115,9.5811,9.4505,9.3199,9.1891,9.0581,8.9271,8.7959,8.714,8.6494,8.5848,8.5201,8.4554,8.3907,8.326,8.2612,8.1964,8.1418,8.118,8.0944,8.0711,8.0479,8.0251,8.0024,7.98,7.9579,7.936,7.9507,7.9767,8.0027,8.0285,8.0543,8.08,8.1056,8.1311,8.1564,8.1433,8.0261,7.9088,7.7915,7.6741,7.5566,7.4392,7.3216,7.204,7.0864,6.9164,6.7312,6.5458,6.3603,6.1746,5.9887,5.8026,5.6163,5.4298,5.2747,5.1998,5.125,5.0505,4.9763,4.9022,4.8284,4.7548,4.6814,4.6083,4.5385,4.4695,4.4005,4.3314,4.2623,4.1931,4.1239,4.0547
12.6072,12.5242,12.4412,12.3584,12.2757,12.1931,12.1105,12.0281,11.9458,11.8509,11.7483,11.6456,11.5429,11.4402,11.3374,11.2346,11.1318,11.0289,10.9352,10.9046,10.8738,10.8429,10.8118,10.7806,10.7492,10.7178,10.6861,10.6544,10.6426,10.6421,10.6415,10.6408,10.6401,10.6392,10.6382,10.6372,10.6361,10.6451,10.7127,10.7803,10.8478,10.9153,10.9829,11.0504,11.1179,11.1854,11.2529,11.296,11.3265,11.3571,11.3876,11.4181,11.4487,11.4793,11.5098,11.5404,11.5541,11.4861,11.4181,11.35,11.2819,11.2138,11.1456,11.0773,11.009,10.9406,10.8861,10.838,10.7899,10.7418,10.6936,10.6454,10.5971,10.5487,10.5004,10.4565,10.4319,10.4073,10.3825,10.3576,10.3326,10.3075,10.2823,10.257,10.2315,10.1937,10.1505,10.1072,10.0636,10.0198,9.9757,9.9315,9.8869,9.8421,9.7785,9.6465,9.5143,9.382,9.2495,9.117,8.9843,8.8515,8.7186,8.5855,8.5027,8.4391,8.3755,8.3119,8.2482,8.1845,8.1207,8.057,7.9932,7.9401,7.9232,7.9065,7.8901,7.8738,7.8578,7.8421,7.8265,7.8113,7.7963,7.811,7.8361,7.8612,7.8861,7.911,7.9357,7.9604,7.9849,8.0094,7.9993,7.8821,7.7648,7.6474,7.53,7.4125,7.295,7.1774,7.0598,6.9422,6.7726,6.5853,6.3978,6.2101,6.0223,5.8342,5.646,5.4576,5.269,5.1096,5.0388,4.9681,4.8976,4.8274,4.7574,4.6876,4.6181,4.5488,4.4797,4.4108,4.3418,4.2728,4.2038,4.1347,4.0655,3.9963,3.9271
12.5354,12.4485,12.3617,12.275,12.1884,12.1019,12.0156,11.9292,11.843,11.7464,11.6437,11.541,11.4382,11.3354,11.2326,11.1297,11.0268,10.9239,10.8318,10.8067,10.7815,10.7561,10.7306,10.7049,10.6791,10.6532,10.6271,10.6009,10.5949,10.5999,10.6047,10.6095,10.6142,10.6187,10.6232,10.6277,10.632,10.6463,10.7157,10.7851,10.8544,10.9238,10.9931,11.0624,11.1317,11.201,11.2703,11.315,11.3472,11.3793,11.4115,11.4437,11.4758,11.508,11.5402,11.5724,11.5859,11.5081,11.4304,11.3526,11.2747,11.1968,11.1189,11.0409,10.9628,10.8847,10.8254,10.775,10.7246,10.6742,10.6237,10.5732,10.5226,10.472,10.4213,10.3746,10.3457,10.3167,10.2876,10.2583,10.229,10.1996,10.17,10.1403,10.1105,10.0663,10.0155,9.9646,9.9134,9.862,9.8104,9.7585,9.7064,9.654,9.5851,9.4512,9.3171,9.1829,9.0486,8.9142,8.7796,8.645,8.5101,8.3752,8.2914,8.2288,8.1662,8.1036,8.0409,7.9782,7.9155,7.8527,7.7899,7.7382,7.7282,7.7184,7.7088,7.6994,7.6903,7.6814,7.6728,7.6644,7.6563,7.6714,7.6956,7.7197,7.7437,7.7677,7.7915,7.8152,7.8389,7.8624,7.8553,7.738,7.6207,7.5033,7.3859,7.2684,7.1509,7.0333,6.9156,6.7979,6.6288,6.4394,6.2498,6.06,5.8701,5.6799,5.4896,5.299,5.1083,4.9443,4.8775,4.8109,4.7445,4.6783,4.6123,4.5466,4.4811,4.4159,4.3509,4.2831,4.2141,4.1451,4.0761,4.007,3.9379,3.8687,3.7995
12.4636,12.3728,12.2821,12.1915,12.1011,12.0107,11.9204,11.8303,11.7402,11.6419,11.5392,11.4364,11.3335,11.2307,11.1278,11.0249,10.9219,10.8189,10.7285,10.709,10.6893,10.6695,10.6495,10.6294,10.6091,10.5887,10.5682,10.5475,10.5473,10.5577,10.568,10.5782,10.5883,10.5984,10.6083,10.6182,10.628,10.6475,10.7187,10.7899,10.8611,10.9322,11.0033,11.0745,11.1456,11.2167,11.2878,11.3341,11.3679,11.4016,11.4354,11.4692,11.503,11.5368,11.5705,11.6044,11.6177,11.5302,11.4426,11.3551,11.2675,11.1799,11.0922,11.0045,10.9167,10.8288,10.7647,10.712,10.6593,10.6066,10.5539,10.5011,10.4482,10.3953,10.3423,10.2928,10.2595,10.2262,10.1927,10.1591,10.1255,10.0917,10.0578,10.0238,9.9896,9.939,9.8807,9.8222,9.7634,9.7044,9.6452,9.5857,9.526,9.466,9.3917,9.2559,9.12,8.9839,8.8477,8.7114,8.575,8.4384,8.3018,8.1649,8.08,8.0184,7.9568,7.8952,7.8336,7.7719,7.7101,7.6484,7.5866,7.536,7.5328,7.5299,7.5272,7.5247,7.5225,7.5205,7.5187,7.5172,7.516,7.5318,7.5551,7.5783,7.6014,7.6244,7.6473,7.6701,7.6929,7.7155,7.7113,7.594,7.4767,7.3593,7.2418,7.1243,7.0067,6.8891,6.7714,6.6537,6.4853,6.2937,6.102,5.9101,5.718,5.5257,5.3333,5.1406,4.9478,4.7788,4.716,4.6534,4.591,4.5289,4.467,4.4053,4.3439,4.2827,4.2217,4.1554,4.0865,4.0175,3.9485,3.8794,3.8103,3.7411,3.672
12.3915,12.2969,12.2023,12.1079,12.0136,11.9193,11.8252,11.7312,11.6372,11.5374,11.4346,11.3317,11.2289,11.1259,11.023,10.92,10.817,10.7139,10.6254,10.6114,10.5973,10.583,10.5685,10.554,10.5392,10.5244,10.5094,10.4943,10.4997,10.5156,10.5314,10.547,10.5626,10.5781,10.5935,10.6088,10.624,10.6488,10.7218,10.7947,10.8677,10.9407,11.0136,11.0865,11.1594,11.2323,11.3053,11.3531,11.3885,11.4239,11.4593,11.4947,11.5301,11.5655,11.6009,11.6363,11.6494,11.5522,11.455,11.3577,11.2604,11.163,11.0656,10.9682,10.8706,10.773,10.704,10.6491,10.5941,10.5391,10.484,10.4289,10.3738,10.3186,10.2633,10.2111,10.1734,10.1357,10.0979,10.06,10.022,9.9839,9.9456,9.9073,9.8688,9.8119,9.746,9.6799,9.6135,9.547,9.4802,9.4131,9.3458,9.2783,9.1984,9.0607,8.9229,8.785,8.6469,8.5087,8.3704,8.232,8.0934,7.9547,7.8686,7.8081,7.7475,7.6868,7.6262,7.5655,7.5048,7.444,7.3833,7.3335,7.3372,7.3412,7.3453,7.3497,7.3543,7.3592,7.3643,7.3697,7.3753,7.3923,7.4146,7.4369,7.4591,7.4812,7.5032,7.5251,7.5469,7.5686,7.5674,7.45,7.3326,7.2152,7.0977,6.9802,6.8626,6.7449,6.6273,6.5095,6.3418,6.1481,5.9543,5.7603,5.5661,5.3717,5.1771,4.9823,4.7874,4.6129,4.5542,4.4956,4.4373,4.3792,4.3214,4.2637,4.2063,4.1491,4.0922,4.0277,3.9588,3.8898,3.8208,3.7518,3.6827,3.6136,3.5444
12.3193,12.2208,12.1224,12.0241,11.9259,11.8278,11.7298,11.6319,11.5341,11.4329,11.33,11.2271,11.1242,11.0212,10.9182,10.8151,10.7121,10.609,10.5224,10.514,10.5054,10.4966,10.4877,10.4786,10.4694,10.4601,10.4507,10.4411,10.4523,10.4736,10.4948,10.5159,10.5369,10.5578,10.5787,10.5994,10.6201,10.65,10.7248,10.7996,10.8744,10.9491,11.0239,11.0986,11.1733,11.248,11.3227,11.3722,11.4092,11.4462,11.4832,11.5202,11.5572,11.5943,11.6313,11.6683,11.6812,11.5743,11.4673,11.3603,11.2533,11.1462,11.0391,10.9319,10.8246,10.7173,10.6433,10.5861,10.5289,10.4716,10.4142,10.3568,10.2994,10.2419,10.1844,10.1294,10.0874,10.0454,10.0032,9.961,9.9186,9.8762,9.8336,9.7909,9.748,9.685,9.6115,9.5378,9.4639,9.3897,9.3154,9.2407,9.1659,9.0908,9.0052,8.8656,8.7259,8.5861,8.4462,8.3061,8.1659,8.0256,7.8852,7.7446,7.6572,7.5976,7.538,7.4784,7.4188,7.3591,7.2994,7.2396,7.1799,7.1307,7.1413,7.1521,7.1632,7.1744,7.1859,7.1976,7.2096,7.2219,7.2344,7.2528,7.2742,7.2956,7.3168,7.338,7.3591,7.3801,7.401,7.4218,7.4234,7.306,7.1886,7.0711,6.9536,6.8361,6.7184,6.6008,6.4831,6.3653,6.1985,6.0027,5.8067,5.6106,5.4143,5.2178,5.0211,4.8242,4.6271,4.4468,4.3921,4.3376,4.2833,4.2293,4.1755,4.1221,4.0691,4.0163,3.9636,3.9014,3.8332,3.765,3.6969,3.6289,3.5609,3.4931,3.4253
12.247,12.1447,12.0424,11.9402,11.8382,11.7362,11.6343,11.5326,11.4309,11.3284,11.2254,11.1225,11.0195,10.9164,10.8134,10.7103,10.6071,10.504,10.4195,10.4166,10.4135,10.4103,10.4069,10.4034,10.3998,10.396,10.392,10.388,10.405,10.4317,10.4583,10.4849,10.5113,10.5377,10.564,10.5902,10.6163,10.6513,10.7279,10.8045,10.8811,10.9576,11.0341,11.1107,11.1872,11.2637,11.3402,11.3913,11.4299,11.4685,11.5071,11.5457,11.5844,11.623,11.6616,11.7003,11.713,11.5964,11.4797,11.363,11.2462,11.1294,11.0126,10.8957,10.7787,10.6616,10.5827,10.5232,10.4636,10.4041,10.3444,10.2848,10.2251,10.1653,10.1055,10.0477,10.0014,9.9551,9.9086,9.862,9.8153,9.7685,9.7216,9.6746,9.6274,9.5582,9.4771,9.3959,9.3144,9.2327,9.1507,9.0685,8.9861,8.9034,8.8119,8.6705,8.5289,8.3872,8.2454,8.1035,7.9615,7.8193,7.677,7.5345,7.4457,7.3872,7.3286,7.27,7.2113,7.1527,7.094,7.0352,6.9765,6.9277,6.9451,6.9628,6.9807,6.9988,7.0172,7.0358,7.0546,7.0737,7.0931,7.1131,7.1333,7.1533,7.1731,7.1927,7.2121,7.2313,7.2502,7.2689,7.272,7.1538,7.0354,6.917,6.7985,6.6799,6.5612,6.4425,6.3236,6.2047,6.0399,5.8446,5.6495,5.4546,5.2599,5.0653,4.871,4.6769,4.483,4.3016,4.2503,4.199,4.1478,4.0967,4.0457,3.9948,3.944,3.8933,3.8428,3.783,3.7164,3.6498,3.5832,3.5168,3.4504,3.3841,3.3179
12.1521,12.0536,11.9547,11.8556,11.7563,11.6567,11.5569,11.4568,11.3565,11.2566,11.1568,11.0567,10.9564,10.8559,10.7552,10.6543,10.5531,10.4518,10.3708,10.3716,10.3724,10.373,10.3736,10.3741,10.3745,10.3748,10.375,10.3752,10.3944,10.4222,10.4501,10.4782,10.5063,10.5345,10.5628,10.5912,10.6197,10.6566,10.7316,10.8068,10.882,10.9573,11.0327,11.1082,11.1837,11.2593,11.3349,11.3853,11.4234,11.4616,11.4997,11.5378,11.5759,11.6139,11.6519,11.6899,11.7007,11.5754,11.4501,11.3248,11.1993,11.0738,10.9482,10.8225,10.6968,10.5709,10.4857,10.4216,10.3574,10.2929,10.2283,10.1636,10.0986,10.0334,9.968,9.9044,9.8519,9.7993,9.7465,9.6934,9.6402,9.5868,9.5331,9.4793,9.4252,9.3499,9.2626,9.1753,9.0878,9.0004,8.9128,8.8252,8.7375,8.6497,8.5548,8.4138,8.2728,8.1319,7.9911,7.8503,7.7097,7.5691,7.4287,7.2883,7.2026,7.1502,7.098,7.0461,6.9945,6.9431,6.8921,6.8414,6.791,6.7489,6.7706,6.7923,6.8141,6.836,6.858,6.8801,6.9022,6.9244,6.9467,6.9659,6.9828,6.9995,7.016,7.0323,7.0483,7.0642,7.0798,7.0952,7.0989,6.9802,6.8615,6.7426,6.6237,6.5047,6.3857,6.2665,6.1473,6.0279,5.8675,5.6763,5.4853,5.2944,5.1038,4.9134,4.7231,4.5331,4.3433,4.1612,4.112,4.0629,4.0138,3.9649,3.9161,3.8674,3.8187,3.7702,3.7218,3.6645,3.5994,3.5344,3.4695,3.4046,3.3398,3.2751,3.2105
12.0478,11.9558,11.8634,11.7709,11.6781,11.585,11.4917,11.3982,11.3044,11.2117,11.1193,11.0267,10.9338,10.8407,10.7474,10.6539,10.5602,10.4663,10.3934,10.3991,10.4047,10.4102,10.4156,10.4209,10.4261,10.4313,10.4364,10.4414,10.4586,10.4812,10.504,10.5268,10.5497,10.5727,10.5958,10.619,10.6422,10.6731,10.7372,10.8013,10.8656,10.9299,10.9944,11.0589,11.1235,11.1881,11.2527,11.2936,11.323,11.3525,11.3819,11.4113,11.4407,11.47,11.4993,11.5286,11.5317,11.4029,11.274,11.145,11.016,10.8869,10.7578,10.6285,10.4991,10.3697,10.2771,10.204,10.1306,10.0571,9.9834,9.9096,9.8355,9.7613,9.6868,9.6146,9.5568,9.4987,9.4405,9.3821,9.3235,9.2647,9.2057,9.1465,9.087,9.011,8.9254,8.8397,8.7539,8.6681,8.5822,8.4962,8.4101,8.324,8.232,8.0971,7.9622,7.8275,7.6928,7.5582,7.4236,7.2892,7.1549,7.0206,6.9419,6.8994,6.8572,6.8152,6.7735,6.7322,6.6911,6.6503,6.6098,6.5756,6.6003,6.625,6.6498,6.6747,6.6996,6.7246,6.7497,6.7749,6.8002,6.8188,6.8324,6.8458,6.859,6.872,6.8847,6.8973,6.9096,6.9217,6.9257,6.8067,6.6875,6.5683,6.449,6.3296,6.2101,6.0905,5.9709,5.8512,5.6949,5.5077,5.3208,5.134,4.9475,4.7611,4.575,4.389,4.2033,4.0207,3.9736,3.9266,3.8798,3.833,3.7863,3.7398,3.6933,3.647,3.6007,3.5459,3.4824,3.4189,3.3556,3.2923,3.2291,3.1659,3.1029
11.9437,11.8582,11.7724,11.6863,11.6,11.5135,11.4267,11.3397,11.2525,11.167,11.082,10.9968,10.9113,10.8257,10.7398,10.6537,10.5675,10.481,10.4161,10.4266,10.4371,10.4474,10.4577,10.4678,10.4779,10.4879,10.4978,10.5077,10.5228,10.5402,10.5577,10.5753,10.593,10.6108,10.6287,10.6467,10.6647,10.6895,10.7426,10.7958,10.8491,10.9025,10.956,11.0095,11.0631,11.1168,11.1705,11.2018,11.2226,11.2433,11.2641,11.2848,11.3055,11.3261,11.3468,11.3673,11.3627,11.2303,11.0978,10.9653,10.8327,10.7001,10.5673,10.4345,10.3016,10.1685,10.0686,9.9864,9.904,9.8214,9.7387,9.6557,9.5726,9.4893,9.4058,9.3249,9.2616,9.1982,9.1346,9.0709,9.0069,8.9427,8.8783,8.8137,8.7489,8.6722,8.5882,8.5041,8.42,8.3358,8.2515,8.1671,8.0827,7.9982,7.909,7.7802,7.6515,7.5228,7.3943,7.2658,7.1374,7.0091,6.8809,6.7528,6.6809,6.6483,6.616,6.584,6.5523,6.5208,6.4896,6.4588,6.4283,6.4022,6.4298,6.4575,6.4853,6.5132,6.5411,6.5691,6.5971,6.6253,6.6535,6.6719,6.6822,6.6923,6.7022,6.7119,6.7213,6.7305,6.7396,6.7483,6.7526,6.6332,6.5136,6.394,6.2743,6.1545,6.0346,5.9146,5.7946,5.6744,5.522,5.339,5.1561,4.9734,4.7909,4.6086,4.4265,4.2447,4.063,3.8815,3.835,3.7902,3.7455,3.7009,3.6564,3.612,3.5677,3.5235,3.4795,3.4271,3.3652,3.3033,3.2416,3.1798,3.1182,3.0567,2.9952
11.8398,11.7608,11.6816,11.602,11.5222,11.4422,11.362,11.2815,11.2008,11.1225,11.045,10.9671,10.8891,10.8109,10.7324,10.6538,10.5749,10.4959,10.4389,10.4543,10.4696,10.4848,10.4999,10.5149,10.5298,10.5446,10.5594,10.5741,10.5869,10.5991,10.6114,10.6238,10.6363,10.6489,10.6615,10.6743,10.6871,10.7058,10.7479,10.7901,10.8325,10.8749,10.9175,10.96,11.0027,11.0454,11.0882,11.11,11.1221,11.1342,11.1462,11.1583,11.1703,11.1823,11.1942,11.2061,11.1937,11.0577,10.9217,10.7856,10.6495,10.5132,10.3769,10.2405,10.104,9.9674,9.8601,9.7688,9.6774,9.5858,9.494,9.402,9.3098,9.2174,9.1249,9.0352,8.9666,8.8978,8.8289,8.7597,8.6904,8.6208,8.5511,8.4811,8.4109,8.3333,8.2509,8.1685,8.086,8.0034,7.9208,7.838,7.7552,7.6724,7.5858,7.4632,7.3406,7.218,7.0956,6.9732,6.8509,6.7288,6.6067,6.4847,6.4195,6.3969,6.3745,6.3524,6.3306,6.3091,6.2879,6.2669,6.2463,6.2287,6.2593,6.29,6.3207,6.3515,6.3824,6.4134,6.4444,6.4755,6.5067,6.5252,6.5322,6.539,6.5455,6.5519,6.558,6.564,6.5697,6.5752,6.5795,6.4597,6.3397,6.2197,6.0996,5.9794,5.8591,5.7387,5.6183,5.4977,5.3489,5.1699,4.9911,4.8125,4.6341,4.4559,4.2779,4.1,3.9224,3.745,3.6964,3.6537,3.6112,3.5687,3.5264,3.4841,3.442,3.4,3.3581,3.3083,3.2479,3.1876,3.1274,3.0673,3.0072,2.9473,2.8874
11.7362,11.6637,11.591,11.5179,11.4447,11.3712,11.2974,11.2235,11.1493,11.0783,11.0081,10.9377,10.8671,10.7963,10.7252,10.654,10.5825,10.5109,10.4619,10.4821,10.5022,10.5222,10.5422,10.562,10.5818,10.6014,10.6211,10.6406,10.6509,10.6579,10.665,10.6722,10.6795,10.6869,10.6943,10.7018,10.7095,10.7219,10.7531,10.7844,10.8158,10.8473,10.8789,10.9105,10.9422,10.974,11.0058,11.0182,11.0216,11.025,11.0283,11.0317,11.0351,11.0384,11.0416,11.0448,11.0247,10.8852,10.7456,10.6059,10.4662,10.3264,10.1865,10.0465,9.9064,9.7663,9.6518,9.5514,9.4509,9.3502,9.2494,9.1483,9.0471,8.9457,8.8441,8.7456,8.6717,8.5975,8.5232,8.4487,8.3739,8.299,8.2239,8.1486,8.073,7.9943,7.9136,7.8328,7.752,7.671,7.59,7.5089,7.4278,7.3465,7.2625,7.1459,7.0295,6.9131,6.7967,6.6805,6.5643,6.4482,6.3323,6.2164,6.1578,6.1451,6.1327,6.1205,6.1086,6.097,6.0857,6.0747,6.064,6.0551,6.0886,6.1223,6.156,6.1898,6.2236,6.2575,6.2915,6.3256,6.3598,6.3786,6.3823,6.3858,6.389,6.3921,6.3949,6.3976,6.4,6.4022,6.4041,6.2862,6.1658,6.0454,5.9249,5.8043,5.6836,5.5628,5.442,5.321,5.1756,5.0006,4.8259,4.6514,4.477,4.3029,4.1289,3.9552,3.7816,3.6083,3.5575,3.517,3.4766,3.4364,3.3962,3.3561,3.3161,3.2763,3.2365,3.1893,3.1305,3.0718,3.0132,2.9546,2.8961,2.8377,2.7794
11.6328,11.5668,11.5006,11.4341,11.3673,11.3003,11.2331,11.1656,11.0979,11.0343,10.9715,10.9085,10.8453,10.7818,10.7182,10.6544,10.5904,10.5262,10.485,10.51,10.535,10.5598,10.5846,10.6093,10.6338,10.6584,10.6828,10.7072,10.7149,10.7166,10.7185,10.7205,10.7226,10.7248,10.727,10.7293,10.7318,10.7379,10.7582,10.7785,10.799,10.8196,10.8402,10.8609,10.8817,10.9025,10.9234,10.9263,10.921,10.9157,10.9105,10.9052,10.8998,10.8945,10.889,10.8836,10.8557,10.7126,10.5695,10.4263,10.2829,10.1396,9.9961,9.8526,9.7089,9.5652,9.4434,9.334,9.2245,9.1148,9.0049,8.8948,8.7845,8.6741,8.5634,8.4561,8.3768,8.2973,8.2176,8.1377,8.0576,7.9773,7.8968,7.8161,7.7352,7.6554,7.5763,7.4971,7.4179,7.3386,7.2592,7.1797,7.1002,7.0206,6.939,6.8285,6.7182,6.6079,6.4977,6.3875,6.2775,6.1675,6.0577,5.9479,5.8958,5.893,5.8905,5.8882,5.8862,5.8845,5.8832,5.8821,5.8813,5.8813,5.9179,5.9545,5.9911,6.0279,6.0647,6.1016,6.1385,6.1756,6.2127,6.2322,6.2325,6.2327,6.2327,6.2325,6.232,6.2313,6.2304,6.2293,6.228,6.1127,5.992,5.8711,5.7502,5.6292,5.5081,5.387,5.2657,5.1444,5.002,4.8311,4.6605,4.49,4.3197,4.1496,3.9797,3.81,3.6406,3.4713,3.4185,3.3802,3.342,3.3039,3.2658,3.2279,3.1901,3.1524,3.1148,3.0702,3.013,2.9559,2.8988,2.8418,2.7849,2.7281,2.6714
11.5296,11.4702,11.4104,11.3504,11.2902,11.2297,11.1689,11.108,11.0468,10.9904,10.9351,10.8795,10.8237,10.7676,10.7114,10.655,10.5984,10.5416,10.5081,10.538,10.5678,10.5975,10.6271,10.6566,10.686,10.7153,10.7446,10.7738,10.7787,10.7753,10.772,10.7688,10.7656,10.7626,10.7596,10.7568,10.754,10.7538,10.7631,10.7726,10.7821,10.7917,10.8014,10.8112,10.821,10.8309,10.8409,10.8344,10.8204,10.8065,10.7925,10.7786,10.7646,10.7506,10.7365,10.7223,10.6868,10.5401,10.3934,10.2466,10.0997,9.9528,9.8057,9.6586,9.5114,9.3641,9.2352,9.1168,8.9982,8.8794,8.7605,8.6414,8.522,8.4025,8.2828,8.1667,8.082,7.9971,7.9121,7.8268,7.7414,7.6557,7.5699,7.4838,7.3975,7.3164,7.2389,7.1614,7.0838,7.0061,6.9283,6.8505,6.7726,6.6947,6.6153,6.511,6.4067,6.3025,6.1984,6.0944,5.9905,5.8866,5.7829,5.6792,5.6334,5.6405,5.6479,5.6556,5.6635,5.6717,5.6802,5.6891,5.6982,5.7077,5.7469,5.7865,5.8261,5.8658,5.9056,5.9455,5.9854,6.0254,6.0655,6.0859,6.083,6.0799,6.0765,6.073,6.0692,6.0653,6.0611,6.0567,6.052,5.9393,5.8181,5.6969,5.5756,5.4542,5.3327,5.2111,5.0895,4.9677,4.8282,4.6614,4.4948,4.3283,4.1621,3.9961,3.8303,3.6646,3.4992,3.334,3.2794,3.2433,3.2072,3.1712,3.1353,3.0996,3.0639,3.0283,2.9929,2.951,2.8954,2.8398,2.7843,2.7289,2.6736,2.6183,2.5632
11.4267,11.3737,11.3205,11.267,11.2132,11.1592,11.105,11.0506,10.9959,10.9468,10.8989,10.8507,10.8023,10.7536,10.7048,10.6558,10.6066,10.5571,10.5314,10.5662,10.6008,10.6353,10.6697,10.704,10.7383,10.7724,10.8065,10.8406,10.8425,10.8338,10.8253,10.8169,10.8086,10.8004,10.7922,10.7841,10.7762,10.7696,10.768,10.7665,10.7651,10.7638,10.7626,10.7614,10.7604,10.7593,10.7583,10.7424,10.7198,10.6972,10.6746,10.652,10.6293,10.6066,10.5839,10.5611,10.5178,10.3676,10.2173,10.0669,9.9165,9.766,9.6154,9.4647,9.314,9.1631,9.027,8.8996,8.7719,8.6441,8.5162,8.388,8.2597,8.1311,8.0024,7.8773,7.7873,7.6971,7.6066,7.516,7.4252,7.3342,7.243,7.1516,7.06,6.9773,6.9015,6.8256,6.7496,6.6736,6.5975,6.5213,6.445,6.3687,6.2915,6.1933,6.0951,5.997,5.899,5.8011,5.7033,5.6055,5.5079,5.4103,5.3707,5.3877,5.405,5.4226,5.4404,5.4585,5.477,5.4957,5.5147,5.5341,5.5759,5.6185,5.661,5.7037,5.7464,5.7892,5.8321,5.8751,5.9182,5.9397,5.9335,5.9271,5.9205,5.9137,5.9066,5.8994,5.8919,5.8842,5.8762,5.7659,5.6443,5.5227,5.401,5.2791,5.1573,5.0353,4.9132,4.7911,4.6541,4.4914,4.3288,4.1664,4.0043,3.8423,3.6805,3.519,3.3576,3.1965,3.1402,3.1061,3.0722,3.0384,3.0047,2.9711,2.9376,2.9042,2.8709,2.8317,2.7777,2.7237,2.6698,2.6159,2.5621,2.5085,2.4549
11.324,11.2775,11.2308,11.1838,11.1365,11.089,11.0413,10.9933,10.9452,10.9035,10.8629,10.8221,10.7811,10.7398,10.6984,10.6568,10.6149,10.5729,10.5549,10.5944,10.6338,10.6732,10.7124,10.7516,10.7906,10.8296,10.8685,10.9074,10.9061,10.8923,10.8786,10.865,10.8515,10.8381,10.8247,10.8115,10.7983,10.7853,10.7727,10.7603,10.748,10.7358,10.7237,10.7116,10.6996,10.6876,10.6757,10.6504,10.6192,10.5879,10.5567,10.5254,10.4941,10.4627,10.4313,10.3999,10.3489,10.1951,10.0412,9.8873,9.7333,9.5792,9.4251,9.2708,9.1165,8.9621,8.819,8.6825,8.5458,8.409,8.272,8.1348,7.9974,7.8599,7.7221,7.5881,7.4927,7.3971,7.3013,7.2053,7.1092,7.0128,6.9163,6.8195,6.7225,6.6382,6.564,6.4898,6.4154,6.341,6.2665,6.192,6.1174,6.0427,5.9675,5.8754,5.7833,5.6913,5.5994,5.5076,5.4159,5.3242,5.2327,5.1412,5.1076,5.1346,5.1618,5.1892,5.2169,5.245,5.2733,5.3019,5.3309,5.3601,5.4048,5.4503,5.4958,5.5414,5.5871,5.6329,5.6787,5.7247,5.7707,5.7938,5.7843,5.7746,5.7647,5.7545,5.7442,5.7336,5.7229,5.7118,5.7006,5.5925,5.4705,5.3485,5.2264,5.1042,4.9819,4.8595,4.737,4.6145,4.4798,4.3211,4.1626,4.0043,3.8462,3.6883,3.5306,3.3731,3.2157,3.0587,3.0008,2.9689,2.9371,2.9055,2.8739,2.8424,2.8111,2.7798,2.7487,2.7123,2.6598,2.6074,2.555,2.5028,2.4506,2.3985,2.3464
11.2215,11.1815,11.1413,11.1008,11.06,11.019,10.9778,10.9363,10.8946,10.8603,10.8271,10.7937,10.7601,10.7262,10.6922,10.6579,10.6235,10.5889,10.5784,10.6227,10.667,10.7111,10.7552,10.7992,10.8431,10.8869,10.9306,10.9743,10.9697,10.9507,10.9318,10.913,10.8943,10.8757,10.8571,10.8387,10.8203,10.8008,10.7774,10.754,10.7308,10.7077,10.6846,10.6617,10.6388,10.6159,10.5931,10.5584,10.5185,10.4786,10.4387,10.3988,10.3588,10.3188,10.2788,10.2387,10.1799,10.0226,9.8651,9.7077,9.5501,9.3925,9.2348,9.077,8.9191,8.7611,8.6109,8.4654,8.3197,8.1739,8.0279,7.8817,7.7353,7.5887,7.4419,7.2989,7.1981,7.0972,6.9961,6.8947,6.7932,6.6915,6.5896,6.4875,6.3852,6.2991,6.2266,6.1539,6.0812,6.0084,5.9356,5.8626,5.7896,5.7166,5.6433,5.5573,5.4713,5.3855,5.2996,5.2139,5.1283,5.0427,4.9573,4.8719,4.8442,4.8811,4.9182,4.9555,4.9931,5.031,5.0692,5.1078,5.1466,5.1857,5.2335,5.282,5.3305,5.379,5.4277,5.4764,5.5252,5.5741,5.6231,5.6479,5.6352,5.6222,5.609,5.5955,5.5819,5.5681,5.554,5.5397,5.5252,5.4191,5.2967,5.1743,5.0518,4.9292,4.8065,4.6837,4.5609,4.4379,4.3052,4.1506,3.9962,3.8419,3.6879,3.534,3.3803,3.2269,3.0736,2.9206,2.8612,2.8315,2.8019,2.7724,2.743,2.7136,2.6844,2.6553,2.6264,2.5928,2.5419,2.491,2.4402,2.3895,2.3389,2.2883,2.2379
11.1193,11.0858,11.052,11.018,10.9837,10.9492,10.9145,10.8795,10.8443,10.8174,10.7916,10.7655,10.7393,10.7128,10.6861,10.6593,10.6322,10.605,10.602,10.6512,10.7003,10.7492,10.7981,10.8469,10.8956,10.9443,10.9928,11.0413,11.0332,11.009,10.9849,10.9609,10.937,10.9132,10.8895,10.8659,10.8423,10.8162,10.7819,10.7476,10.7135,10.6795,10.6456,10.6117,10.5779,10.5441,10.5104,10.4663,10.4178,10.3692,10.3207,10.2721,10.2235,10.1749,10.1262,10.0775,10.011,9.85,9.6891,9.528,9.3669,9.2058,9.0445,8.8831,8.7217,8.5602,8.403,8.2485,8.0938,7.9389,7.7839,7.6287,7.4732,7.3176,7.1618,7.0097,6.9036,6.7974,6.6909,6.5842,6.4774,6.3703,6.2631,6.1556,6.0479,5.96,5.889,5.818,5.747,5.6758,5.6046,5.5333,5.4619,5.3905,5.3189,5.2391,5.1592,5.0794,4.9997,4.9201,4.8405,4.761,4.6817,4.6024,4.5805,4.6272,4.6742,4.7214,4.7689,4.8167,4.8648,4.9132,4.9619,5.011,5.0621,5.1135,5.165,5.2165,5.2681,5.3198,5.3716,5.4234,5.4753,5.5023,5.4862,5.4699,5.4534,5.4367,5.4198,5.4027,5.3853,5.3677,5.3499,5.2458,5.123,5.0002,4.8772,4.7542,4.6311,4.508,4.3847,4.2614,4.1305,3.9799,3.8295,3.6793,3.5293,3.3795,3.2298,3.0804,2.9312,2.7822,2.7215,2.694,2.6665,2.6391,2.6119,2.5847,2.5577,2.5307,2.5039,2.4731,2.4238,2.3745,2.3253,2.2761,2.2271,2.1781,2.1292
11.0173,10.9903,10.963,10.9355,10.9077,10.8796,10.8514,10.8229,10.7942,10.7747,10.7562,10.7376,10.7187,10.6996,10.6803,10.6608,10.6412,10.6213,10.6258,10.6798,10.7337,10.7874,10.8411,10.8947,10.9483,11.0017,11.0551,11.1084,11.0966,11.0672,11.0379,11.0088,10.9797,10.9507,10.9218,10.893,10.8642,10.8315,10.7863,10.7411,10.6961,10.6512,10.6064,10.5616,10.5169,10.4722,10.4276,10.3742,10.317,10.2599,10.2027,10.1455,10.0882,10.031,9.9737,9.9163,9.842,9.6776,9.513,9.3484,9.1838,9.019,8.8542,8.6893,8.5243,8.3592,8.1951,8.0316,7.8679,7.704,7.54,7.3757,7.2113,7.0467,6.8819,6.7207,6.6092,6.4976,6.3858,6.2738,6.1616,6.0492,5.9366,5.8238,5.7108,5.6208,5.5515,5.4821,5.4127,5.3431,5.2735,5.2038,5.1341,5.0643,4.9944,4.9206,4.8469,4.7732,4.6995,4.626,4.5525,4.4792,4.4059,4.3327,4.3165,4.3731,4.4299,4.487,4.5444,4.6021,4.66,4.7183,4.7769,4.8358,4.8906,4.945,4.9994,5.0539,5.1084,5.1631,5.2178,5.2726,5.3274,5.3567,5.3374,5.3178,5.298,5.278,5.2578,5.2374,5.2168,5.1959,5.1748,5.0724,4.9493,4.826,4.7027,4.5793,4.4558,4.3322,4.2086,4.0849,3.9554,3.8089,3.6626,3.5164,3.3704,3.2247,3.0791,2.9337,2.7886,2.6436,2.5817,2.5563,2.531,2.5058,2.4806,2.4556,2.4307,2.4059,2.3812,2.3534,2.3056,2.2579,2.2102,2.1626,2.1152,2.0677,2.0204
10.9155,10.895,10.8742,10.8531,10.8318,10.8103,10.7885,10.7665,10.7443,10.7322,10.7211,10.7098,10.6983,10.6866,10.6747,10.6626,10.6503,10.6378,10.6497,10.7085,10.7672,10.8257,10.8843,10.9427,11.001,11.0593,11.1174,11.1756,11.1599,11.1253,11.0909,11.0565,11.0223,10.9881,10.954,10.92,10.8861,10.8467,10.7906,10.7345,10.6786,10.6228,10.5671,10.5114,10.4559,10.4003,10.3448,10.2821,10.2163,10.1504,10.0846,10.0188,9.9529,9.887,9.8211,9.7551,9.6731,9.5051,9.337,9.1689,9.0006,8.8323,8.664,8.4955,8.327,8.1583,7.9874,7.8148,7.6421,7.4692,7.2962,7.1229,6.9495,6.7759,6.6021,6.4317,6.3149,6.198,6.0808,5.9635,5.8459,5.7282,5.6103,5.4921,5.3738,5.2816,5.2139,5.1461,5.0783,5.0104,4.9424,4.8744,4.8063,4.7381,4.6698,4.6021,4.5344,4.4668,4.3992,4.3318,4.2644,4.1971,4.1299,4.0628,4.0521,4.1185,4.1853,4.2523,4.3195,4.3871,4.4549,4.523,4.5915,4.6603,4.719,4.7763,4.8337,4.8911,4.9486,5.0062,5.0638,5.1216,5.1794,5.2114,5.1887,5.1659,5.1428,5.1195,5.096,5.0723,5.0484,5.0243,4.9999,4.8991,4.7756,4.6519,4.5282,4.4044,4.2805,4.1565,4.0325,3.9084,3.7802,3.6377,3.4954,3.3533,3.2114,3.0696,2.9281,2.7868,2.6457,2.5048,2.4417,2.4185,2.3962,2.3767,2.3572,2.3377,2.3182,2.2986,2.279,2.2569,2.2136,2.1702,2.1268,2.0834,2.04,1.9965,1.953
10.814,10.7999,10.7856,10.771,10.7562,10.7411,10.7258,10.7103,10.6945,10.6899,10.6862,10.6823,10.6781,10.6738,10.6693,10.6645,10.6596,10.6545,10.6737,10.7373,10.8008,10.8642,10.9275,10.9907,11.0538,11.1169,11.1799,11.2428,11.2231,11.1834,11.1437,11.1042,11.0648,11.0254,10.9862,10.947,10.9079,10.8617,10.7947,10.7278,10.6611,10.5944,10.5278,10.4612,10.3947,10.3283,10.2619,10.1899,10.1154,10.041,9.9666,9.8921,9.8176,9.7431,9.6686,9.5939,9.5041,9.3326,9.161,8.9893,8.8175,8.6457,8.4738,8.3017,8.1297,7.9575,7.7796,7.5981,7.4164,7.2345,7.0525,6.8702,6.6878,6.5052,6.3224,6.1428,6.0207,5.8984,5.7759,5.6532,5.5304,5.4073,5.284,5.1605,5.0368,4.9423,4.8763,4.8101,4.7439,4.6777,4.6113,4.5449,4.4784,4.4118,4.3452,4.2833,4.2217,4.1602,4.0987,4.0373,3.976,3.9148,3.8537,3.7927,3.7874,3.8637,3.9403,4.0171,4.0943,4.1717,4.2494,4.3274,4.4057,4.4843,4.5473,4.6075,4.6678,4.7282,4.7902,4.8524,4.9144,4.9762,5.0378,5.0735,5.0489,5.0241,4.999,4.9738,4.9484,4.9227,4.8969,4.8708,4.8445,4.7464,4.6236,4.5007,4.3777,4.2546,4.1314,4.0081,3.8847,3.7612,3.6359,3.5036,3.372,3.2411,3.1108,2.9811,2.8521,2.7238,2.5962,2.4694,2.4101,2.3904,2.3707,2.351,2.3313,2.3115,2.2917,2.2718,2.2519,2.2304,2.1869,2.1434,2.0998,2.0563,2.0127,1.9691,1.9254
10.7746,10.7627,10.7507,10.7386,10.7264,10.7141,10.7017,10.6892,10.6767,10.6742,10.6725,10.6709,10.6693,10.6677,10.666,10.6644,10.6628,10.6611,10.6835,10.7473,10.8112,10.8752,10.9393,11.0035,11.0678,11.1321,11.1965,11.261,11.2369,11.1924,11.148,11.1038,11.0595,11.0154,10.9713,10.9273,10.8833,10.8311,10.7557,10.6803,10.605,10.5296,10.4543,10.3789,10.3036,10.2282,10.1528,10.0723,9.9897,9.9071,9.8244,9.7417,9.6589,9.576,9.4931,9.4101,9.3126,9.1362,8.9596,8.783,8.6063,8.4294,8.2524,8.0753,7.8981,7.7206,7.5374,7.3503,7.1631,6.9758,6.7884,6.601,6.4135,6.2259,6.0382,5.8537,5.7293,5.6049,5.4805,5.3559,5.2314,5.1067,4.9821,4.8573,4.7326,4.6403,4.5811,4.5221,4.4632,4.4044,4.3459,4.2875,4.2293,4.1714,4.1136,4.0628,4.0127,3.9628,3.9133,3.864,3.815,3.7663,3.7179,3.6699,3.6731,3.7564,3.8398,3.9231,4.0066,4.09,4.1735,4.2571,4.3407,4.4243,4.4874,4.5462,4.6048,4.6632,4.7214,4.7794,4.8372,4.8948,4.9521,4.9858,4.9576,4.9293,4.9007,4.872,4.843,4.8139,4.7845,4.7549,4.7251,4.6278,4.5038,4.3798,4.2557,4.1315,4.0072,3.8828,3.7583,3.6336,3.5094,3.3884,3.268,3.1482,3.0291,2.9106,2.7928,2.6757,2.5593,2.4436,2.3852,2.3653,2.3453,2.3253,2.3053,2.2852,2.2651,2.245,2.2249,2.2039,2.1603,2.1166,2.0729,2.0291,1.9854,1.9416,1.8978
10.7506,10.7415,10.7322,10.7228,10.7134,10.7038,10.6941,10.6844,10.6746,10.6724,10.6708,10.6692,10.6675,10.6659,10.6643,10.6627,10.661,10.6594,10.6808,10.74,10.7993,10.8587,10.9181,10.9777,11.0374,11.0971,11.1569,11.2168,11.1856,11.1348,11.0841,11.0334,10.9828,10.9323,10.8818,10.8314,10.781,10.7224,10.6411,10.5599,10.4786,10.3974,10.3161,10.2349,10.1536,10.0724,9.9911,9.9033,9.813,9.7225,9.6321,9.5416,9.451,9.3604,9.2697,9.1789,9.0737,8.89,8.7061,8.5221,8.338,8.1538,7.9694,7.7849,7.6003,7.4155,7.2305,7.0454,6.8601,6.6748,6.4894,6.304,6.1184,5.9328,5.7471,5.5641,5.4421,5.32,5.1978,5.0756,4.9534,4.8311,4.7087,4.5863,4.4638,4.3772,4.3285,4.2799,4.2315,4.1832,4.1352,4.0873,4.0396,3.9921,3.9448,3.905,3.866,3.8272,3.7888,3.7506,3.7127,3.6751,3.6379,3.601,3.6095,3.6945,3.7794,3.8644,3.9495,4.0345,4.1197,4.2048,4.2901,4.3753,4.4358,4.4903,4.5447,4.5988,4.6528,4.7066,4.7601,4.8135,4.8666,4.8982,4.8665,4.8346,4.8026,4.7703,4.7379,4.7052,4.6723,4.6392,4.6059,4.5092,4.3841,4.259,4.1338,4.0085,3.883,3.7575,3.6319,3.5061,3.3823,3.2724,3.1632,3.0546,2.9467,2.8394,2.7328,2.6269,2.5217,2.4172,2.3604,2.3402,2.3199,2.2996,2.2793,2.259,2.2386,2.2182,2.1978,2.1773,2.1336,2.0898,2.0459,2.002,1.9581,1.9142,1.8702
10.7268,10.7203,10.7138,10.7072,10.7004,10.6936,10.6867,10.6797,10.6726,10.6707,10.6691,10.6674,10.6658,10.6642,10.6626,10.6609,10.6593,10.6577,10.678,10.7326,10.7872,10.842,10.8969,10.9519,11.0069,11.062,11.1173,11.1725,11.1343,11.0771,11.02,10.9629,10.9059,10.849,10.7922,10.7354,10.6786,10.6137,10.5265,10.4393,10.3522,10.265,10.1779,10.0908,10.0036,9.9165,9.8293,9.7343,9.6362,9.538,9.4398,9.3415,9.2431,9.1448,9.0463,8.9478,8.8349,8.6438,8.4525,8.2612,8.0697,7.8781,7.6864,7.4946,7.3026,7.1105,6.9236,6.7405,6.5572,6.3738,6.1904,6.0069,5.8233,5.6397,5.456,5.2745,5.1547,5.035,4.9152,4.7953,4.6753,4.5553,4.4353,4.3152,4.1951,4.1139,4.0756,4.0375,3.9996,3.9618,3.9242,3.8868,3.8495,3.8125,3.7757,3.7468,3.7189,3.6913,3.6639,3.6368,3.6101,3.5836,3.5574,3.5316,3.5459,3.6324,3.719,3.8056,3.8923,3.979,4.0657,4.1525,4.2394,4.3262,4.3843,4.4346,4.4847,4.5347,4.5844,4.6339,4.6833,4.7324,4.7813,4.8107,4.7755,4.7402,4.7046,4.6689,4.6329,4.5967,4.5603,4.5237,4.4869,4.3906,4.2645,4.1383,4.0119,3.8855,3.759,3.6323,3.5056,3.3787,3.2545,3.1558,3.0578,2.9604,2.8636,2.7675,2.6721,2.5774,2.4833,2.39,2.3356,2.3151,2.2945,2.274,2.2534,2.2328,2.2121,2.1915,2.1708,2.15,2.107,2.063,2.019,1.9749,1.9309,1.8868,1.8427
10.703,10.6993,10.6955,10.6916,10.6876,10.6835,10.6793,10.675,10.6706,10.6689,10.6673,10.6657,10.6641,10.6624,10.6608,10.6592,10.6576,10.6559,10.6751,10.725,10.7751,10.8253,10.8756,10.9259,10.9764,11.0269,11.0775,11.1282,11.0828,11.0193,10.9558,10.8923,10.829,10.7657,10.7025,10.6393,10.5762,10.5048,10.4118,10.3187,10.2257,10.1327,10.0397,9.9466,9.8536,9.7606,9.6675,9.5653,9.4594,9.3534,9.2474,9.1414,9.0353,8.9291,8.8229,8.7166,8.5961,8.3976,8.199,8.0003,7.8015,7.6026,7.4035,7.2043,7.0049,6.8054,6.6167,6.4355,6.2542,6.0728,5.8914,5.7098,5.5282,5.3465,5.1648,4.9848,4.8674,4.7499,4.6324,4.5149,4.3972,4.2796,4.1618,4.0441,3.9263,3.8503,3.8226,3.7949,3.7674,3.7401,3.713,3.686,3.6592,3.6327,3.6063,3.5884,3.5716,3.555,3.5388,3.5228,3.5071,3.4917,3.4767,3.4619,3.4822,3.5704,3.6586,3.7468,3.8351,3.9234,4.0118,4.1002,4.1886,4.2771,4.3329,4.379,4.4249,4.4707,4.5162,4.5615,4.6066,4.6515,4.6961,4.7234,4.6848,4.6459,4.6068,4.5675,4.5281,4.4884,4.4485,4.4083,4.368,4.2721,4.1449,4.0176,3.8901,3.7626,3.6349,3.5072,3.3793,3.2513,3.1261,3.0386,2.9517,2.8655,2.7799,2.6949,2.6107,2.5271,2.4442,2.3621,2.3108,2.29,2.2692,2.2483,2.2275,2.2066,2.1857,2.1647,2.1437,2.1227,2.0803,2.0362,1.992,1.9478,1.9036,1.8594,1.8151
10.6793,10.6784,10.6773,10.6761,10.6748,10.6735,10.672,10.6704,10.6688,10.6672,10.6656,10.6639,10.6623,10.6607,10.6591,10.6575,10.6558,10.6542,10.672,10.7174,10.7629,10.8084,10.8541,10.8999,10.9457,10.9916,11.0376,11.0837,11.0313,10.9613,10.8915,10.8217,10.752,10.6823,10.6127,10.5432,10.4737,10.3959,10.297,10.1981,10.0992,10.0003,9.9014,9.8025,9.7036,9.6046,9.5057,9.3962,9.2825,9.1688,9.055,8.9412,8.8274,8.7135,8.5995,8.4854,8.3573,8.1515,7.9455,7.7395,7.5333,7.327,7.1206,6.914,6.7073,6.5005,6.3098,6.1306,5.9512,5.7718,5.5923,5.4127,5.2331,5.0534,4.8736,4.6951,4.58,4.4649,4.3497,4.2344,4.1191,4.0038,3.8884,3.7729,3.6574,3.5866,3.5693,3.5521,3.5351,3.5182,3.5015,3.485,3.4687,3.4526,3.4367,3.4296,3.4239,3.4185,3.4133,3.4084,3.4038,3.3995,3.3955,3.3919,3.4185,3.5083,3.5981,3.6879,3.7778,3.8677,3.9577,4.0477,4.1378,4.2279,4.2818,4.3237,4.3653,4.4068,4.4481,4.4892,4.5301,4.5708,4.6112,4.6363,4.5941,4.5518,4.5092,4.4664,4.4234,4.3802,4.3368,4.2932,4.2493,4.1537,4.0254,3.8969,3.7684,3.6397,3.5109,3.3821,3.2531,3.124,2.997,2.9206,2.8449,2.7698,2.6954,2.6217,2.5486,2.4762,2.4044,2.3334,2.286,2.2649,2.2438,2.2227,2.2016,2.1804,2.1592,2.138,2.1167,2.0954,2.0537,2.0094,1.9651,1.9207,1.8764,1.832,1.7876
10.6558,10.6575,10.6592,10.6607,10.6622,10.6635,10.6648,10.666,10.6671,10.6654,10.6638,10.6622,10.6606,10.659,10.6573,10.6557,10.6541,10.6525,10.6689,10.7097,10.7505,10.7915,10.8326,10.8737,10.915,10.9563,10.9977,11.0392,10.9796,10.9033,10.8271,10.7509,10.6749,10.5989,10.5229,10.447,10.3712,10.287,10.1822,10.0773,9.9726,9.8678,9.763,9.6582,9.5535,9.4487,9.3439,9.2271,9.1056,8.9842,8.8627,8.7411,8.6195,8.4978,8.3761,8.2543,8.1186,7.9054,7.6921,7.4787,7.2651,7.0515,6.8377,6.6238,6.4098,6.1956,6.0029,5.8256,5.6482,5.4708,5.2932,5.1156,4.9379,4.7602,4.5823,4.4053,4.2926,4.1798,4.0669,3.9539,3.841,3.7279,3.6148,3.5017,3.3885,3.3226,3.3157,3.309,3.3024,3.296,3.2898,3.2837,3.2779,3.2722,3.2668,3.2706,3.2759,3.2816,3.2874,3.2936,3.3001,3.3069,3.314,3.3215,3.3547,3.4461,3.5375,3.629,3.7205,3.812,3.9036,3.9952,4.0869,4.1786,4.2308,4.2685,4.3059,4.3432,4.3803,4.4171,4.4538,4.4902,4.5265,4.5494,4.5037,4.4578,4.4117,4.3654,4.319,4.2723,4.2253,4.1782,4.1309,4.0354,3.9059,3.7763,3.6467,3.5169,3.387,3.2571,3.127,2.9968,2.8672,2.802,2.7375,2.6736,2.6103,2.5477,2.4857,2.4245,2.3639,2.3041,2.2612,2.2399,2.2185,2.1971,2.1757,2.1543,2.1328,2.1113,2.0897,2.0682,2.0271,1.9826,1.9382,1.8937,1.8492,1.8046,1.7601
10.6323,10.6368,10.6411,10.6454,10.6496,10.6537,10.6577,10.6616,10.6653,10.6637,10.6621,10.6605,10.6588,10.6572,10.6556,10.654,10.6524,10.6507,10.6656,10.7018,10.7381,10.7745,10.8109,10.8475,10.8841,10.9209,10.9577,10.9945,10.9278,10.8452,10.7626,10.6801,10.5976,10.5153,10.433,10.3507,10.2685,10.178,10.0673,9.9566,9.8459,9.7353,9.6246,9.514,9.4033,9.2927,9.182,9.0579,8.9287,8.7995,8.6703,8.541,8.4116,8.2822,8.1527,8.0231,7.8798,7.6592,7.4386,7.2179,6.997,6.776,6.5549,6.3337,6.1123,5.8907,5.6959,5.5206,5.3452,5.1697,4.9941,4.8185,4.6427,4.4669,4.291,4.1156,4.0051,3.8946,3.784,3.6734,3.5627,3.452,3.3412,3.2304,3.1195,3.0584,3.062,3.0657,3.0695,3.0736,3.0778,3.0822,3.0868,3.0915,3.0965,3.1112,3.1276,3.1443,3.1613,3.1786,3.1961,3.214,3.2321,3.2507,3.2908,3.3838,3.4769,3.57,3.6631,3.7562,3.8494,3.9427,4.0359,4.1293,4.18,4.2134,4.2467,4.2797,4.3126,4.3452,4.3777,4.4099,4.4419,4.4626,4.4134,4.364,4.3144,4.2646,4.2147,4.1645,4.1141,4.0634,4.0126,3.917,3.7865,3.6558,3.525,3.3942,3.2632,3.1321,3.0009,2.8696,2.7382,2.6827,2.6293,2.5766,2.5245,2.473,2.4222,2.3721,2.3227,2.274,2.2365,2.2148,2.1932,2.1715,2.1498,2.1281,2.1064,2.0846,2.0628,2.0409,2.0005,1.9559,1.9113,1.8666,1.8219,1.7773,1.7325
10.6089,10.6161,10.6232,10.6302,10.6371,10.6439,10.6506,10.6573,10.6636,10.662,10.6603,10.6587,10.6571,10.6555,10.6539,10.6522,10.6506,10.649,10.6623,10.6939,10.7256,10.7573,10.7892,10.8212,10.8532,10.8854,10.9176,10.9498,10.8759,10.7869,10.698,10.6091,10.5203,10.4316,10.343,10.2544,10.1658,10.0689,9.9523,9.8358,9.7192,9.6027,9.4862,9.3697,9.2532,9.1366,9.0201,8.8888,8.7518,8.6149,8.4778,8.3408,8.2037,8.0665,7.9293,7.792,7.641,7.4132,7.1852,6.9571,6.7289,6.5006,6.2721,6.0435,5.8148,5.5859,5.389,5.2156,5.0421,4.8686,4.695,4.5213,4.3475,4.1737,3.9997,3.8258,3.7176,3.6094,3.5012,3.3929,3.2845,3.1761,3.0676,2.9591,2.8505,2.794,2.808,2.8221,2.8364,2.8509,2.8655,2.8804,2.8954,2.9106,2.926,2.9515,2.979,3.0068,3.0348,3.0631,3.0918,3.1207,3.1499,3.1795,3.2269,3.3216,3.4162,3.5109,3.6056,3.7004,3.7952,3.89,3.9849,4.0799,4.1294,4.1586,4.1876,4.2164,4.2451,4.2735,4.3017,4.3298,4.3575,4.376,4.3233,4.2704,4.2173,4.164,4.1105,4.0568,4.0029,3.9488,3.8945,3.7988,3.6671,3.5353,3.4035,3.2715,3.1394,3.0072,2.8749,2.7425,2.61,2.5628,2.5205,2.4789,2.438,2.3976,2.358,2.319,2.2807,2.2432,2.2117,2.1898,2.1679,2.146,2.124,2.102,2.08,2.0579,2.0358,2.0137,1.9739,1.9292,1.8844,1.8396,1.7947,1.7499,1.705
10.5856,10.5956,10.6054,10.6151,10.6247,10.6342,10.6437,10.653,10.6618,10.6602,10.6586,10.657,10.6554,10.6537,10.6521,10.6505,10.6489,10.6473,10.6588,10.6858,10.7129,10.7401,10.7674,10.7948,10.8222,10.8498,10.8774,10.9051,10.8239,10.7286,10.6333,10.5381,10.4429,10.3479,10.2529,10.1579,10.063,9.9597,9.8373,9.7149,9.5925,9.4701,9.3477,9.2253,9.1029,8.9805,8.8581,8.7195,8.5749,8.4302,8.2854,8.1406,7.9958,7.8509,7.7059,7.5608,7.4023,7.1671,6.9318,6.6963,6.4608,6.2252,5.9894,5.7535,5.5174,5.2812,5.082,4.9106,4.7391,4.5675,4.3958,4.2241,4.0523,3.8804,3.7084,3.5364,3.4301,3.3242,3.2183,3.1123,3.0062,2.9001,2.7939,2.6877,2.5815,2.5293,2.5538,2.5783,2.6031,2.628,2.653,2.6783,2.7037,2.7294,2.7553,2.7915,2.8301,2.8689,2.908,2.9474,2.9871,3.0271,3.0674,3.108,3.163,3.2592,3.3555,3.4518,3.5481,3.6445,3.7409,3.8374,3.9339,4.0304,4.0789,4.1039,4.1287,4.1533,4.1778,4.202,4.226,4.2498,4.2734,4.2895,4.2333,4.1769,4.1204,4.0636,4.0066,3.9494,3.892,3.8344,3.7765,3.6806,3.5478,3.4149,3.282,3.1489,3.0157,2.8824,2.749,2.6155,2.4818,2.4422,2.4111,2.3806,2.3508,2.3216,2.2931,2.2652,2.2381,2.2116,2.187,2.1648,2.1427,2.1204,2.0982,2.0759,2.0536,2.0313,2.0089,1.9865,1.9473,1.9024,1.8575,1.8125,1.7676,1.7226,1.6775
10.5625,10.5751,10.5876,10.6001,10.6124,10.6247,10.6368,10.6489,10.6601,10.6585,10.6569,10.6552,10.6536,10.652,10.6504,10.6488,10.6471,10.6455,10.6553,10.6777,10.7002,10.7228,10.7455,10.7682,10.7911,10.8141,10.8371,10.8602,10.7718,10.6701,10.5685,10.4669,10.3655,10.2641,10.1627,10.0614,9.9601,9.8505,9.7222,9.5939,9.4657,9.3374,9.2092,9.081,8.9527,8.8244,8.6962,8.5503,8.3979,8.2454,8.093,7.9404,7.7879,7.6352,7.4825,7.3297,7.1636,6.921,6.6784,6.4356,6.1928,5.9498,5.7067,5.4634,5.22,4.9765,4.775,4.6055,4.436,4.2664,4.0967,3.9269,3.757,3.5871,3.4171,3.247,3.1425,3.039,2.9353,2.8316,2.7279,2.6241,2.5202,2.4163,2.3124,2.2645,2.2993,2.3343,2.3695,2.4048,2.4403,2.476,2.5118,2.5479,2.5842,2.6313,2.6809,2.7307,2.7809,2.8313,2.882,2.9331,2.9844,3.0361,3.099,3.1968,3.2947,3.3926,3.4905,3.5885,3.6866,3.7846,3.8827,3.9809,4.0286,4.0494,4.07,4.0904,4.1106,4.1306,4.1504,4.17,4.1894,4.2032,4.1435,4.0836,4.0236,3.9633,3.9028,3.8421,3.7812,3.7201,3.6588,3.5625,3.4286,3.2946,3.1605,3.0263,2.892,2.7576,2.6231,2.4885,2.3538,2.3209,2.3009,2.2816,2.2629,2.2448,2.2274,2.2107,2.1947,2.1794,2.1623,2.1399,2.1174,2.0949,2.0724,2.0498,2.0273,2.0046,1.982,1.9593,1.9208,1.8757,1.8306,1.7855,1.7404,1.6952,1.6501
10.5394,10.5547,10.57,10.5851,10.6002,10.6152,10.63,10.6448,10.6583,10.6567,10.6551,10.6535,10.6519,10.6503,10.6486,10.647,10.6454,10.6438,10.6516,10.6694,10.6873,10.7053,10.7234,10.7416,10.7599,10.7783,10.7967,10.8152,10.7196,10.6116,10.5036,10.3957,10.2879,10.1801,10.0724,9.9648,9.8572,9.7412,9.6071,9.4729,9.3388,9.2047,9.0706,8.9365,8.8024,8.6683,8.5342,8.381,8.2209,8.0607,7.9005,7.7402,7.5799,7.4195,7.2591,7.0986,6.9248,6.675,6.425,6.1749,5.9248,5.6745,5.424,5.1735,4.9227,4.6719,4.468,4.3005,4.1329,3.9652,3.7975,3.6296,3.4617,3.2938,3.1257,2.9576,2.8549,2.7537,2.6523,2.551,2.4495,2.348,2.2465,2.1449,2.0432,1.9994,2.0447,2.0901,2.1357,2.1814,2.2273,2.2734,2.3197,2.3662,2.4129,2.4707,2.5313,2.5922,2.6534,2.7149,2.7767,2.8387,2.9011,2.9638,3.0349,3.1344,3.2338,3.3334,3.4329,3.5325,3.6321,3.7318,3.8315,3.9313,3.9784,3.995,4.0114,4.0276,4.0437,4.0595,4.0751,4.0904,4.1056,4.1171,4.0539,3.9905,3.927,3.8632,3.7992,3.735,3.6707,3.6061,3.5412,3.4444,3.3094,3.1743,3.0391,2.9038,2.7684,2.6329,2.4973,2.3616,2.2257,2.199,2.1901,2.1819,2.1743,2.1674,2.1611,2.1555,2.1506,2.1464,2.1376,2.1149,2.0922,2.0694,2.0466,2.0238,2.0009,1.978,1.9551,1.9322,1.8942,1.849,1.8038,1.7585,1.7132,1.6679,1.6226
10.5164,10.5345,10.5524,10.5703,10.5881,10.6058,10.6233,10.6408,10.6566,10.655,10.6534,10.6518,10.6501,10.6485,10.6469,10.6453,10.6437,10.642,10.6478,10.661,10.6744,10.6878,10.7013,10.7149,10.7286,10.7424,10.7563,10.7702,10.6673,10.5529,10.4386,10.3244,10.2102,10.0961,9.9821,9.8681,9.7542,9.6319,9.4919,9.3519,9.2119,9.072,8.932,8.7921,8.6521,8.5121,8.3721,8.2117,8.0438,7.8759,7.708,7.54,7.372,7.2039,7.0357,6.8675,6.6861,6.4289,6.1717,5.9143,5.6568,5.3992,5.1414,4.8835,4.6255,4.3673,4.1609,3.9954,3.8297,3.664,3.4982,3.3324,3.1664,3.0004,2.8343,2.6681,2.5673,2.4683,2.3693,2.2702,2.1711,2.0719,1.9727,1.8734,1.7741,1.7341,1.7898,1.8456,1.9016,1.9577,2.014,2.0705,2.1272,2.1841,2.2412,2.3098,2.3815,2.4534,2.5256,2.5981,2.6709,2.7441,2.8175,2.8912,2.9708,3.0719,3.1729,3.2741,3.3752,3.4764,3.5777,3.6789,3.7803,3.8816,3.9285,3.9409,3.9531,3.9651,3.9769,3.9885,3.9999,4.0111,4.022,4.0311,3.9644,3.8976,3.8305,3.7632,3.6958,3.6281,3.5603,3.4922,3.4239,3.3264,3.1903,3.0541,2.9178,2.7814,2.6449,2.5083,2.3715,2.2347,2.0978,2.0764,2.0787,2.0815,2.0851,2.0892,2.0941,2.0996,2.1058,2.1127,2.113,2.09,2.067,2.0439,2.0208,1.9977,1.9746,1.9514,1.9283,1.905,1.8677,1.8223,1.7769,1.7315,1.6861,1.6406,1.5951
10.4935,10.5143,10.535,10.5555,10.576,10.5964,10.6167,10.637,10.6549,10.6532,10.6516,10.65,10.6484,10.6468,10.6452,10.6435,10.6419,10.6403,10.6439,10.6525,10.6613,10.6702,10.6791,10.6882,10.6973,10.7065,10.7158,10.7251,10.6149,10.4942,10.3735,10.253,10.1325,10.012,9.8917,9.7714,9.6511,9.5225,9.3766,9.2308,9.085,8.9392,8.7934,8.6475,8.5017,8.3559,8.2101,8.0423,7.8668,7.6911,7.5155,7.3398,7.164,6.9882,6.8123,6.6364,6.4474,6.1829,5.9183,5.6536,5.3888,5.1239,4.8588,4.5936,4.3283,4.0628,3.8539,3.6903,3.5266,3.3628,3.199,3.0351,2.8711,2.707,2.5429,2.3787,2.2796,2.183,2.0863,1.9895,1.8926,1.7958,1.6988,1.6018,1.5048,1.4686,1.5347,1.6009,1.6673,1.7338,1.8005,1.8674,1.9345,2.0018,2.0693,2.1486,2.2313,2.3143,2.3975,2.4811,2.5649,2.649,2.7335,2.8183,2.9066,3.0093,3.112,3.2147,3.3175,3.4203,3.5231,3.626,3.729,3.8319,3.8787,3.8869,3.8949,3.9027,3.9103,3.9177,3.9249,3.9319,3.9386,3.9452,3.8751,3.8048,3.7342,3.6635,3.5925,3.5214,3.45,3.3784,3.3067,3.2085,3.0712,2.9339,2.7965,2.659,2.5214,2.3837,2.2459,2.1079,1.9699,1.9532,1.9665,1.9805,1.9951,2.0104,2.0263,2.043,2.0603,2.0798,2.0981,2.0828,2.0672,2.0514,2.0352,2.0187,2.0019,1.9848,1.9674,1.9497,1.9182,1.8775,1.8364,1.795,1.7531,1.7109,1.6683
10.4707,10.4942,10.5176,10.5409,10.5641,10.5872,10.6102,10.6332,10.6531,10.6515,10.6499,10.6483,10.6467,10.645,10.6434,10.6418,10.6402,10.6386,10.6399,10.644,10.6482,10.6524,10.6568,10.6613,10.6658,10.6704,10.6751,10.6799,10.5623,10.4353,10.3083,10.1814,10.0546,9.9279,9.8012,9.6745,9.5479,9.413,9.2613,9.1096,8.9579,8.8063,8.6546,8.503,8.3513,8.1997,8.048,7.8729,7.6897,7.5063,7.323,7.1395,6.9561,6.7725,6.589,6.4053,6.2087,5.9369,5.665,5.393,5.1209,4.8487,4.5763,4.3038,4.0311,3.7583,3.5468,3.3852,3.2234,3.0616,2.8997,2.7378,2.5757,2.4136,2.2514,2.0891,1.9919,1.8976,1.8032,1.7087,1.6141,1.5196,1.4249,1.3303,1.2355,1.2028,1.2793,1.3559,1.4327,1.5097,1.5868,1.6641,1.7416,1.8193,1.8971,1.9871,2.0808,2.1748,2.2691,2.3636,2.4585,2.5536,2.6491,2.7449,2.8424,2.9467,3.051,3.1553,3.2597,3.3641,3.4685,3.573,3.6776,3.7884,3.8437,3.8561,3.8684,3.8806,3.8926,3.9044,3.9161,3.9276,3.9389,3.95,3.8876,3.8233,3.759,3.6946,3.6301,3.5655,3.5009,3.4362,3.3715,3.2832,3.1559,3.0288,2.9017,2.7747,2.6478,2.5209,2.3941,2.2674,2.1408,2.1307,2.1543,2.1777,2.2009,2.2239,2.2466,2.2691,2.2913,2.3133,2.3278,2.3071,2.286,2.2646,2.243,2.221,2.1987,2.1761,2.1532,2.1299,2.0935,2.0468,1.9997,1.9523,1.9044,1.8562,1.8075
10.546,10.5656,10.5853,10.6051,10.6251,10.6451,10.6653,10.6855,10.702,10.6933,10.6848,10.6766,10.6687,10.661,10.6535,10.6462,10.6391,10.6323,10.6258,10.6198,10.6142,10.6088,10.6037,10.5988,10.5942,10.5898,10.5857,10.5817,10.461,10.3322,10.2033,10.0744,9.9454,9.8164,9.6873,9.5582,9.429,9.2915,9.1378,8.984,8.8302,8.6764,8.5224,8.3684,8.2144,8.0603,7.9062,7.7282,7.5418,7.3554,7.169,6.9825,6.796,6.6095,6.4229,6.2363,6.0374,5.7654,5.4935,5.2215,4.9496,4.6777,4.4058,4.134,3.8622,3.5905,3.3837,3.2306,3.0776,2.9248,2.7722,2.6197,2.4674,2.3153,2.1634,2.0117,1.9273,1.8467,1.7665,1.6866,1.6071,1.528,1.4493,1.371,1.2931,1.2754,1.3679,1.4606,1.5537,1.647,1.7408,1.8348,1.9293,2.0241,2.1192,2.2228,2.3291,2.4357,2.5424,2.6494,2.7565,2.8639,2.9715,3.0793,3.1875,3.2962,3.405,3.5137,3.6224,3.7311,3.8397,3.9483,4.0569,4.1654,4.2171,4.2232,4.2291,4.2348,4.2404,4.2458,4.2511,4.2562,4.2611,4.2659,4.2017,4.134,4.0663,3.9985,3.9307,3.8627,3.7947,3.7267,3.6585,3.5695,3.4419,3.3144,3.1869,3.0595,2.9321,2.8049,2.6777,2.5506,2.4235,2.4051,2.4237,2.442,2.4601,2.478,2.4957,2.5131,2.5303,2.5472,2.5579,2.5317,2.5051,2.4782,2.4511,2.4236,2.3958,2.3677,2.3393,2.3106,2.2692,2.2165,2.1634,2.11,2.0561,2.0019,1.9472
10.6317,10.6487,10.6658,10.683,10.7004,10.7178,10.7354,10.753,10.7656,10.7489,10.7324,10.7161,10.7001,10.6843,10.6687,10.6534,10.6383,10.6234,10.6058,10.5862,10.5669,10.5479,10.5291,10.5106,10.4924,10.4744,10.4566,10.4391,10.3173,10.1895,10.0616,9.9336,9.8056,9.6775,9.5493,9.4211,9.2928,9.1565,9.005,8.8534,8.7017,8.55,8.3982,8.2464,8.0945,7.9425,7.7905,7.6155,7.4325,7.2495,7.0664,6.8833,6.7002,6.517,6.3338,6.1506,5.9559,5.6929,5.43,5.1671,4.9042,4.6413,4.3784,4.1156,3.8528,3.5901,3.3943,3.2546,3.1151,2.9757,2.8365,2.6974,2.5586,2.4199,2.2814,2.1432,2.076,2.0134,1.9512,1.8893,1.8278,1.7667,1.706,1.6457,1.5859,1.5816,1.6835,1.7857,1.8883,1.9911,2.0944,2.1979,2.3019,2.4062,2.5108,2.6185,2.7274,2.8364,2.9457,3.0551,3.1648,3.2747,3.3848,3.4951,3.6048,3.7091,3.8133,3.9176,4.0218,4.126,4.2302,4.3343,4.4384,4.5425,4.5908,4.5904,4.5899,4.5893,4.5885,4.5876,4.5864,4.5852,4.5837,4.582,4.5159,4.4449,4.3738,4.3026,4.2314,4.1601,4.0887,4.0173,3.9458,3.8559,3.7279,3.5999,3.4721,3.3442,3.2165,3.0888,2.9612,2.8337,2.7062,2.6798,2.6933,2.7066,2.7196,2.7324,2.745,2.7574,2.7695,2.7814,2.7884,2.7567,2.7246,2.6922,2.6596,2.6266,2.5934,2.5598,2.5259,2.4916,2.4453,2.3866,2.3276,2.2681,2.2083,2.1481,2.0874
10.7173,10.7317,10.7462,10.7608,10.7756,10.7904,10.8054,10.8204,10.829,10.8042,10.7796,10.7553,10.7313,10.7074,10.6838,10.6604,10.6372,10.6142,10.5855,10.5522,10.5193,10.4867,10.4543,10.4222,10.3903,10.3587,10.3273,10.2961,10.1737,10.0468,9.9198,9.7928,9.6657,9.5385,9.4113,9.2841,9.1567,9.0217,8.8723,8.7228,8.5733,8.4237,8.274,8.1243,7.9745,7.8247,7.6748,7.5028,7.3232,7.1436,6.9639,6.7841,6.6043,6.4245,6.2447,6.0648,5.8743,5.6204,5.3665,5.1126,4.8587,4.6048,4.351,4.0972,3.8434,3.5897,3.4048,3.2785,3.1524,3.0265,2.9007,2.775,2.6496,2.5243,2.3992,2.2744,2.2244,2.1798,2.1356,2.0917,2.0482,2.0051,1.9624,1.9201,1.8783,1.8875,1.9989,2.1106,2.2227,2.335,2.4477,2.5608,2.6742,2.788,2.9021,3.0142,3.1255,3.2371,3.3488,3.4608,3.573,3.6853,3.7979,3.9108,4.0222,4.122,4.2218,4.3216,4.4214,4.5212,4.6209,4.7206,4.8202,4.9198,4.9647,4.958,4.9511,4.9441,4.9369,4.9295,4.922,4.9144,4.9065,4.8985,4.8303,4.7559,4.6814,4.6069,4.5323,4.4576,4.3829,4.3081,4.2332,4.1423,4.0139,3.8855,3.7573,3.629,3.5009,3.3728,3.2448,3.1169,2.989,2.9548,2.9633,2.9715,2.9794,2.9872,2.9947,3.002,3.0091,3.0159,3.0193,2.982,2.9444,2.9066,2.8685,2.83,2.7913,2.7522,2.7128,2.6731,2.6219,2.5572,2.4922,2.4267,2.3609,2.2947,2.2281
10.8029,10.8147,10.8266,10.8386,10.8507,10.8629,10.8753,10.8877,10.8921,10.8593,10.8267,10.7943,10.7622,10.7303,10.6986,10.6672,10.636,10.6049,10.5648,10.518,10.4714,10.4252,10.3792,10.3335,10.288,10.2428,10.1977,10.1529,10.0301,9.9041,9.7781,9.652,9.5258,9.3996,9.2733,9.147,9.0206,8.8868,8.7395,8.5922,8.4448,8.2973,8.1498,8.0023,7.8546,7.7069,7.5592,7.3901,7.2139,7.0376,6.8613,6.6849,6.5085,6.332,6.1556,5.979,5.7928,5.5479,5.303,5.0581,4.8132,4.5683,4.3235,4.0787,3.834,3.5893,3.4152,3.3023,3.1896,3.0771,2.9647,2.8524,2.7404,2.6285,2.5169,2.4054,2.3725,2.346,2.3197,2.2938,2.2683,2.2432,2.2185,2.1942,2.1703,2.1932,2.3141,2.4353,2.5568,2.6787,2.8009,2.9234,3.0463,3.1696,3.2932,3.4098,3.5236,3.6377,3.7519,3.8664,3.9811,4.0959,4.211,4.3263,4.4398,4.5351,4.6305,4.7258,4.8212,4.9165,5.0117,5.107,5.2021,5.2973,5.3389,5.3258,5.3125,5.2991,5.2855,5.2718,5.2579,5.2439,5.2296,5.2152,5.1449,5.0671,4.9892,4.9113,4.8334,4.7553,4.6772,4.5991,4.5208,4.4288,4.2999,4.1712,4.0425,3.9139,3.7853,3.6568,3.5284,3.4001,3.2718,3.2301,3.2335,3.2367,3.2396,3.2423,3.2448,3.247,3.249,3.2508,3.2505,3.2077,3.1647,3.1213,3.0777,3.0338,2.9895,2.945,2.9001,2.8549,2.7989,2.7282,2.6572,2.5858,2.514,2.4418,2.3691
10.8883,10.8975,10.9068,10.9162,10.9258,10.9354,10.9451,10.955,10.955,10.9141,10.8735,10.8331,10.7929,10.753,10.7133,10.6738,10.6345,10.5954,10.5438,10.4834,10.4232,10.3634,10.3038,10.2445,10.1854,10.1266,10.0679,10.0095,9.8865,9.7614,9.6363,9.5112,9.386,9.2607,9.1354,9.01,8.8845,8.752,8.6068,8.4616,8.3164,8.171,8.0257,7.8802,7.7347,7.5892,7.4436,7.2775,7.1046,6.9317,6.7587,6.5857,6.4126,6.2396,6.0664,5.8933,5.7112,5.4753,5.2394,5.0035,4.7676,4.5318,4.2959,4.0602,3.8244,3.5887,3.4255,3.326,3.2267,3.1276,3.0286,2.9297,2.8311,2.7326,2.6343,2.5363,2.5204,2.5118,2.5036,2.4956,2.4881,2.481,2.4742,2.4679,2.462,2.4987,2.6291,2.7598,2.8908,3.0221,3.1538,3.2858,3.4182,3.5509,3.684,3.8054,3.9217,4.0382,4.155,4.2719,4.3891,4.5064,4.624,4.7418,4.8575,4.9484,5.0393,5.1302,5.2211,5.3119,5.4027,5.4935,5.5842,5.6749,5.7133,5.6938,5.6742,5.6544,5.6345,5.6144,5.5941,5.5737,5.5531,5.5323,5.4596,5.3784,5.2972,5.2159,5.1346,5.0532,4.9717,4.8902,4.8086,4.7152,4.586,4.4568,4.3277,4.1987,4.0697,3.9409,3.812,3.6833,3.5546,3.5058,3.5041,3.5021,3.5,3.4977,3.4951,3.4923,3.4892,3.4859,3.482,3.4338,3.3853,3.3364,3.2873,3.2379,3.1882,3.1382,3.0878,3.0371,2.9763,2.8997,2.8227,2.7453,2.6675,2.5893,2.5107
10.9737,10.9802,10.987,10.9938,11.0007,11.0078,11.0149,11.0222,11.0177,10.9688,10.9201,10.8716,10.8234,10.7754,10.7277,10.6802,10.6328,10.5857,10.5225,10.4485,10.3747,10.3013,10.2281,10.1552,10.0825,10.0101,9.9379,9.8659,9.7429,9.6188,9.4946,9.3704,9.2461,9.1218,8.9974,8.873,8.7484,8.6171,8.4741,8.3311,8.1879,8.0448,7.9015,7.7582,7.6148,7.4714,7.328,7.1649,6.9954,6.8258,6.6562,6.4865,6.3168,6.1471,5.9773,5.8075,5.6297,5.4028,5.1759,4.9489,4.7221,4.4952,4.2684,4.0416,3.8148,3.5881,3.4356,3.3496,3.2637,3.1779,3.0923,3.0068,2.9216,2.8365,2.7516,2.667,2.668,2.6774,2.6871,2.6971,2.7076,2.7184,2.7296,2.7412,2.7533,2.804,2.9439,3.084,3.2245,3.3653,3.5065,3.6479,3.7898,3.932,4.0746,4.2008,4.3197,4.4387,4.5579,4.6774,4.797,4.9169,5.037,5.1572,5.2753,5.3618,5.4483,5.5347,5.6212,5.7076,5.7939,5.8802,5.9665,6.0528,6.088,6.0622,6.0361,6.01,5.9837,5.9572,5.9306,5.9037,5.8768,5.8496,5.7744,5.6899,5.6053,5.5207,5.436,5.3513,5.2664,5.1815,5.0965,5.0017,4.8721,4.7425,4.613,4.4836,4.3542,4.2249,4.0957,3.9665,3.8375,3.7817,3.7749,3.768,3.7608,3.7534,3.7457,3.7379,3.7298,3.7214,3.7128,3.6602,3.6062,3.5519,3.4973,3.4424,3.3872,3.3317,3.2759,3.2197,3.1542,3.0716,2.9886,2.9052,2.8214,2.7373,2.6527
11.0589,11.0629,11.067,11.0712,11.0756,11.08,11.0846,11.0893,11.0801,11.0231,10.9664,10.9099,10.8537,10.7977,10.7419,10.6863,10.631,10.5758,10.5009,10.4133,10.3259,10.2389,10.1521,10.0656,9.9794,9.8934,9.8076,9.722,9.5993,9.4761,9.3529,9.2296,9.1063,8.9829,8.8595,8.7359,8.6124,8.4823,8.3415,8.2005,8.0596,7.9185,7.7774,7.6362,7.495,7.3537,7.2123,7.0523,6.8861,6.7199,6.5536,6.3873,6.221,6.0546,5.8882,5.7218,5.5481,5.3302,5.1123,4.8943,4.6764,4.4586,4.2407,4.0229,3.8052,3.5875,3.4457,3.373,3.3005,3.2281,3.1559,3.0838,3.0119,2.9402,2.8687,2.7974,2.8154,2.8427,2.8703,2.8983,2.9267,2.9555,2.9847,3.0142,3.0443,3.1092,3.2585,3.4081,3.558,3.7083,3.8589,4.0099,4.1612,4.3128,4.4649,4.5962,4.7176,4.8391,4.9608,5.0827,5.2049,5.3272,5.4498,5.5726,5.6934,5.7754,5.8574,5.9394,6.0214,6.1033,6.1853,6.2671,6.349,6.4308,6.463,6.4307,6.3984,6.3658,6.3331,6.3003,6.2673,6.2341,6.2008,6.1672,6.0895,6.0016,5.9136,5.8256,5.7376,5.6495,5.5613,5.473,5.3846,5.2882,5.1582,5.0282,4.8983,4.7684,4.6387,4.509,4.3794,4.2498,4.1203,4.0579,4.0461,4.0341,4.0218,4.0094,3.9967,3.9838,3.9707,3.9573,3.9436,3.887,3.8275,3.7678,3.7077,3.6473,3.5867,3.5257,3.4644,3.4027,3.3325,3.2439,3.1549,3.0656,2.9758,2.8857,2.7952
11.1441,11.1455,11.147,11.1486,11.1504,11.1522,11.1542,11.1563,11.1423,11.0773,11.0125,10.948,10.8838,10.8197,10.7559,10.6923,10.6289,10.5657,10.4789,10.3777,10.2768,10.1762,10.0759,9.9758,9.876,9.7764,9.677,9.5778,9.4557,9.3335,9.2112,9.0889,8.9665,8.844,8.7215,8.5989,8.4763,8.3476,8.2088,8.07,7.9312,7.7922,7.6533,7.5142,7.3751,7.236,7.0968,6.9397,6.7769,6.614,6.4511,6.2881,6.1251,5.9621,5.7991,5.636,5.4665,5.2576,5.0486,4.8397,4.6308,4.4219,4.213,4.0042,3.7954,3.5867,3.4556,3.3963,3.3372,3.2782,3.2193,3.1606,3.1021,3.0438,2.9856,2.9277,2.9624,3.0077,3.0533,3.0992,3.1455,3.1923,3.2394,3.2869,3.3349,3.4141,3.5729,3.7319,3.8913,4.0511,4.2111,4.3715,4.5323,4.6934,4.8549,4.9916,5.1154,5.2394,5.3636,5.488,5.6127,5.7375,5.8626,5.9878,6.1115,6.1891,6.2667,6.3443,6.4218,6.4993,6.5768,6.6542,6.7316,6.809,6.8382,6.7996,6.7608,6.7219,6.6829,6.6437,6.6043,6.5648,6.525,6.4851,6.4046,6.3134,6.2221,6.1307,6.0393,5.9478,5.8563,5.7646,5.6729,5.5747,5.4443,5.3139,5.1836,5.0534,4.9232,4.7931,4.6631,4.5331,4.4032,4.3344,4.3175,4.3005,4.2832,4.2657,4.248,4.23,4.2118,4.1934,4.1747,4.1142,4.0492,3.984,3.9184,3.8526,3.7865,3.72,3.6532,3.5861,3.5112,3.4166,3.3217,3.2264,3.1307,3.0346,2.9381
11.2291,11.2279,11.2269,11.2259,11.2251,11.2243,11.2237,11.2232,11.2042,11.1312,11.0584,10.9859,10.9136,10.8415,10.7697,10.6981,10.6266,10.5554,10.4567,10.3419,10.2274,10.1133,9.9994,9.8857,9.7723,9.6592,9.5462,9.4334,9.3122,9.1909,9.0696,8.9482,8.8267,8.7052,8.5836,8.462,8.3403,8.2128,8.0762,7.9395,7.8028,7.666,7.5292,7.3922,7.2553,7.1182,6.9812,6.8271,6.6676,6.5081,6.3485,6.189,6.0293,5.8696,5.7099,5.5502,5.3849,5.1849,4.985,4.785,4.5851,4.3852,4.1853,3.9854,3.7856,3.5859,3.4655,3.4195,3.3737,3.3281,3.2826,3.2372,3.1921,3.1471,3.1024,3.0578,3.1092,3.1724,3.2359,3.2998,3.3641,3.4287,3.4937,3.5592,3.6251,3.7188,3.887,4.0556,4.2244,4.3936,4.5631,4.733,4.9032,5.0738,5.2447,5.3869,5.5131,5.6396,5.7663,5.8933,6.0204,6.1477,6.2752,6.403,6.5298,6.603,6.6761,6.7492,6.8223,6.8954,6.9684,7.0414,7.1144,7.1873,7.2137,7.1687,7.1236,7.0783,7.0329,6.9873,6.9416,6.8957,6.8496,6.8033,6.72,6.6254,6.5307,6.436,6.3412,6.2464,6.1515,6.0565,5.9614,5.8613,5.7304,5.5996,5.4689,5.3383,5.2077,5.0772,4.9468,4.8164,4.6861,4.6112,4.5893,4.5672,4.5449,4.5224,4.4996,4.4766,4.4534,4.4299,4.4062,4.3417,4.2713,4.2006,4.1296,4.0583,3.9866,3.9147,3.8425,3.7699,3.6903,3.5898,3.4889,3.3876,3.286,3.1839,3.0814
11.3141,11.3103,11.3067,11.3031,11.2997,11.2964,11.2932,11.29,11.2659,11.1849,11.1041,11.0235,10.9432,10.8631,10.7833,10.7036,10.6242,10.5449,10.4341,10.3058,10.1777,10.05,9.9225,9.7953,9.6684,9.5417,9.4152,9.2889,9.1687,9.0483,8.9279,8.8074,8.6869,8.5663,8.4457,8.325,8.2042,8.0781,7.9436,7.8091,7.6745,7.5398,7.4051,7.2703,7.1354,7.0005,6.8656,6.7145,6.5584,6.4022,6.246,6.0898,5.9335,5.7772,5.6208,5.4644,5.3033,5.1123,4.9213,4.7303,4.5393,4.3484,4.1575,3.9666,3.7758,3.585,3.4752,3.4426,3.4102,3.3779,3.3457,3.3137,3.2819,3.2503,3.2189,3.1877,3.2558,3.3369,3.4183,3.5001,3.5823,3.6648,3.7478,3.8311,3.915,4.0233,4.201,4.379,4.5573,4.7359,4.9149,5.0942,5.2739,5.4539,5.6343,5.7821,5.9108,6.0398,6.169,6.2984,6.428,6.5578,6.6878,6.8181,6.9483,7.017,7.0857,7.1544,7.2231,7.2917,7.3603,7.4289,7.4974,7.5659,7.5894,7.5381,7.4866,7.4349,7.3832,7.3312,7.2792,7.2269,7.1745,7.1219,7.0355,6.9375,6.8395,6.7414,6.6433,6.5451,6.4468,6.3485,6.2501,6.1478,6.0166,5.8854,5.7543,5.6232,5.4923,5.3614,5.2305,5.0998,4.9691,4.8883,4.8614,4.8342,4.8069,4.7793,4.7515,4.7235,4.6952,4.6667,4.6379,4.5696,4.4937,4.4175,4.341,4.2643,4.1872,4.1098,4.0321,3.9541,3.8699,3.7634,3.6566,3.5493,3.4417,3.3337,3.2252
11.399,11.3926,11.3864,11.3803,11.3742,11.3683,11.3625,11.3568,11.3274,11.2383,11.1495,11.0609,10.9726,10.8845,10.7966,10.709,10.6215,10.5343,10.4112,10.2693,10.1277,9.9865,9.8454,9.7047,9.5642,9.4239,9.2839,9.1445,9.0252,8.9057,8.7863,8.6667,8.5471,8.4275,8.3078,8.188,8.0682,7.9434,7.8111,7.6786,7.5461,7.4136,7.281,7.1483,7.0156,6.8828,6.75,6.602,6.4492,6.2964,6.1435,5.9906,5.8377,5.6847,5.5317,5.3786,5.2216,5.0396,4.8576,4.6756,4.4936,4.3116,4.1296,3.9477,3.7659,3.5841,3.4848,3.4656,3.4465,3.4275,3.4087,3.3901,3.3716,3.3534,3.3353,3.3175,3.402,3.501,3.6004,3.7001,3.8002,3.9006,4.0015,4.1027,4.2045,4.3277,4.5148,4.7022,4.89,5.078,5.2664,5.4552,5.6443,5.8337,6.0236,6.1772,6.3085,6.4399,6.5716,6.7035,6.8356,6.9679,7.1004,7.2331,7.3661,7.4312,7.4955,7.5597,7.6239,7.6881,7.7523,7.8164,7.8805,7.9446,7.9654,7.9077,7.8498,7.7919,7.7337,7.6755,7.617,7.5584,7.4996,7.4406,7.3511,7.2498,7.1484,7.047,6.9455,6.844,6.7424,6.6407,6.5389,6.4344,6.3028,6.1712,6.0397,5.9082,5.7768,5.6455,5.5143,5.3831,5.252,5.1657,5.1337,5.1016,5.0692,5.0366,5.0037,4.9707,4.9374,4.9038,4.87,4.7978,4.7165,4.6348,4.5529,4.4707,4.3881,4.3053,4.2221,4.1386,4.0499,3.9375,3.8247,3.7115,3.5979,3.4839,3.3695
11.4838,11.4748,11.466,11.4573,11.4487,11.4402,11.4318,11.4235,11.3886,11.2915,11.1947,11.0981,11.0018,10.9057,10.8098,10.7141,10.6187,10.5234,10.3879,10.2325,10.0774,9.9226,9.7681,9.6138,9.4597,9.3059,9.1523,9.0001,8.8817,8.7632,8.6446,8.526,8.4074,8.2887,8.1699,8.0511,7.9322,7.8087,7.6785,7.5482,7.4178,7.2874,7.1569,7.0264,6.8958,6.7652,6.6345,6.4894,6.34,6.1905,6.041,5.8914,5.7418,5.5922,5.4426,5.2929,5.14,4.9669,4.7939,4.6208,4.4478,4.2747,4.1017,3.9288,3.7559,3.5831,3.4943,3.4884,3.4827,3.4771,3.4716,3.4663,3.4611,3.4562,3.4515,3.447,3.548,3.6649,3.7822,3.8998,4.0177,4.1361,4.2548,4.374,4.4936,4.6318,4.8284,5.0252,5.2224,5.4199,5.6177,5.8159,6.0145,6.2133,6.4126,6.5723,6.706,6.84,6.9741,7.1085,7.243,7.3778,7.5128,7.648,7.7835,7.8455,7.9054,7.9652,8.025,8.0847,8.1445,8.2042,8.2638,8.3234,8.3416,8.2775,8.2134,8.149,8.0846,8.0199,7.9551,7.8902,7.8251,7.7597,7.6669,7.5623,7.4575,7.3528,7.2479,7.143,7.038,6.933,6.8279,6.721,6.589,6.457,6.3251,6.1932,6.0614,5.9297,5.7981,5.6665,5.535,5.4434,5.4064,5.3692,5.3318,5.2942,5.2563,5.2182,5.1799,5.1413,5.1025,5.0264,4.9396,4.8525,4.7651,4.6774,4.5894,4.5011,4.4125,4.3236,4.2304,4.112,3.9932,3.874,3.7545,3.6346,3.5142
11.5685,11.557,11.5455,11.5342,11.523,11.512,11.501,11.4901,11.4495,11.3445,11.2396,11.1351,11.0307,10.9266,10.8227,10.7191,10.6156,10.5123,10.3644,10.1955,10.0268,9.8585,9.6904,9.5226,9.355,9.1876,9.0205,8.8557,8.7382,8.6206,8.503,8.3854,8.2676,8.1499,8.032,7.9141,7.7962,7.6741,7.546,7.4178,7.2896,7.1613,7.0329,6.9045,6.776,6.6475,6.5189,6.3769,6.2308,6.0847,5.9385,5.7923,5.646,5.4997,5.3534,5.2071,5.0583,4.8942,4.7301,4.566,4.4019,4.2378,4.0738,3.9098,3.7459,3.582,3.5037,3.5112,3.5187,3.5264,3.5343,3.5423,3.5505,3.5589,3.5675,3.5763,3.6938,3.8286,3.9637,4.0992,4.235,4.3712,4.5078,4.6449,4.7824,4.9358,5.1417,5.348,5.5546,5.7616,5.9688,6.1764,6.3844,6.5927,6.8014,6.9673,7.1035,7.2399,7.3765,7.5134,7.6504,7.7877,7.9252,8.0629,8.2008,8.26,8.3154,8.3708,8.4262,8.4815,8.5368,8.5921,8.6473,8.7025,8.7181,8.6477,8.5772,8.5065,8.4357,8.3647,8.2936,8.2223,8.1508,8.0791,7.9829,7.8749,7.7668,7.6587,7.5505,7.4422,7.3339,7.2255,7.117,7.0077,6.8752,6.7428,6.6105,6.4782,6.346,6.2139,6.0819,5.9499,5.818,5.7214,5.6794,5.6372,5.5947,5.552,5.5087,5.4641,5.4196,5.375,5.3305,5.2506,5.1588,5.0672,4.9757,4.8844,4.7932,4.7023,4.6114,4.5208,4.4276,4.3102,4.1934,4.0769,3.9609,3.8454,3.7304
11.6527,11.639,11.625,11.6111,11.5973,11.5837,11.5701,11.5566,11.5103,11.3972,11.2844,11.1718,11.0595,10.9474,10.8355,10.7238,10.6123,10.5011,10.3405,10.1581,9.9759,9.7941,9.6124,9.4311,9.25,9.0691,8.8885,8.7113,8.5947,8.4781,8.3614,8.2447,8.1279,8.0111,7.8942,7.7772,7.6602,7.5395,7.4135,7.2874,7.1613,7.0351,6.9089,6.7826,6.6562,6.5298,6.4034,6.2644,6.1216,5.9788,5.836,5.6931,5.5502,5.4073,5.2643,5.1213,4.9766,4.8215,4.6663,4.5112,4.356,4.2009,4.0458,3.8908,3.7358,3.5808,3.513,3.5338,3.5547,3.5757,3.5968,3.6182,3.6397,3.6614,3.6833,3.7055,3.8392,3.9919,4.1449,4.2982,4.4519,4.606,4.7605,4.9154,5.0708,5.2395,5.4549,5.6706,5.8866,6.103,6.3197,6.5367,6.7541,6.9718,7.1899,7.3622,7.5009,7.6398,7.7789,7.9182,8.0578,8.1975,8.3375,8.4776,8.618,8.6746,8.7256,8.7759,8.8241,8.8722,8.9201,8.9678,9.0154,9.0629,9.0728,8.9936,8.9143,8.8351,8.7559,8.6766,8.5974,8.5182,8.439,8.3598,8.2586,8.1457,8.033,7.9203,7.8076,7.6951,7.5825,7.4701,7.3577,7.2452,7.1104,6.9758,6.8413,6.7068,6.5724,6.4381,6.3039,6.1698,6.0357,5.9339,5.8887,5.8436,5.7985,5.7535,5.7085,5.6635,5.6186,5.5737,5.5289,5.4515,5.3611,5.2709,5.1808,5.091,5.0012,4.9117,4.8223,4.7331,4.6425,4.5304,4.4188,4.3076,4.1969,4.0866,3.9769
11.6579,11.6352,11.6129,11.5909,11.5692,11.5479,11.5269,11.5061,11.4529,11.3376,11.2224,11.1073,10.9923,10.8774,10.7625,10.6477,10.5329,10.4182,10.2501,10.0594,9.8689,9.6785,9.4882,9.298,9.1079,8.918,8.7281,8.5426,8.4247,8.3069,8.189,8.0711,7.9533,7.8353,7.7174,7.5994,7.4814,7.3602,7.2345,7.1087,6.9828,6.857,6.731,6.605,6.4789,6.3528,6.2266,6.087,5.9436,5.8001,5.6565,5.5128,5.3691,5.2253,5.0814,4.9374,4.7933,4.6487,4.5041,4.3595,4.2148,4.0701,3.9254,3.7807,3.636,3.4913,3.433,3.4637,3.4945,3.5253,3.5561,3.587,3.618,3.649,3.6801,3.7113,3.8651,4.0409,4.2172,4.3939,4.5711,4.7488,4.9271,5.106,5.2855,5.4742,5.6961,5.9182,6.1406,6.3632,6.586,6.809,7.0323,7.2559,7.4797,7.6548,7.7922,7.9298,8.0673,8.205,8.3428,8.4807,8.6186,8.7567,8.8948,8.9449,8.9874,9.0296,9.0718,9.1138,9.1557,9.1974,9.239,9.2804,9.288,9.2073,9.1265,9.0457,8.965,8.8842,8.8034,8.7227,8.6419,8.5612,8.4601,8.3472,8.2344,8.1216,8.0088,7.8961,7.7835,7.671,7.5585,7.446,7.312,7.1777,7.0434,6.9093,6.7752,6.6412,6.5072,6.3734,6.2396,6.1353,6.0898,6.0443,5.9989,5.9535,5.9082,5.8629,5.8177,5.7725,5.7273,5.6522,5.5633,5.4745,5.3859,5.2974,5.2091,5.121,5.033,4.9452,4.857,4.7502,4.6438,4.5379,4.4325,4.3275,4.2229
11.6628,11.6301,11.5977,11.5657,11.534,11.5027,11.4716,11.4408,11.3784,11.2596,11.1409,11.0222,10.9036,10.7851,10.6667,10.5483,10.4299,10.3117,10.1361,9.9378,9.7396,9.5415,9.3436,9.1457,8.948,8.7504,8.5528,8.3606,8.2397,8.1188,7.9979,7.877,7.756,7.6351,7.5141,7.3931,7.272,7.1482,7.0206,6.8929,6.7652,6.6375,6.5096,6.3818,6.2538,6.1258,5.9977,5.8541,5.706,5.5578,5.4096,5.2612,5.1128,4.9644,4.8158,4.6672,4.5206,4.3885,4.2563,4.1241,3.9918,3.8595,3.7273,3.595,3.4627,3.3304,3.2819,3.3212,3.3606,3.4,3.4394,3.4789,3.5184,3.558,3.5977,3.6375,3.8158,4.0204,4.2253,4.4307,4.6367,4.8431,5.0501,5.2577,5.4659,5.6785,5.9072,6.1361,6.3653,6.5946,6.8242,7.054,7.2841,7.5145,7.7451,7.9244,8.0618,8.1994,8.337,8.4747,8.6125,8.7504,8.8884,9.0265,9.1647,9.2109,9.2473,9.2836,9.3197,9.3557,9.3915,9.4272,9.4628,9.4982,9.5034,9.421,9.3387,9.2564,9.1741,9.0918,9.0095,8.9272,8.8449,8.7626,8.6617,8.5487,8.4357,8.3228,8.21,8.0972,7.9845,7.8719,7.7593,7.6468,7.5136,7.3796,7.2456,7.1117,6.9779,6.8442,6.7106,6.577,6.4436,6.3367,6.2909,6.2451,6.1993,6.1536,6.108,6.0623,6.0168,5.9712,5.9258,5.8529,5.7654,5.678,5.5908,5.5038,5.4169,5.3302,5.2437,5.1573,5.0711,4.9696,4.8685,4.7678,4.6676,4.5679,4.4686
11.6673,11.6246,11.5822,11.5402,11.4985,11.4571,11.416,11.3752,11.3039,11.1815,11.0592,10.937,10.8148,10.6928,10.5707,10.4488,10.3269,10.2051,10.022,9.816,9.6102,9.4045,9.1988,8.9933,8.7879,8.5827,8.3774,8.1786,8.0546,7.9307,7.8067,7.6828,7.5588,7.4348,7.3107,7.1867,7.0626,6.9362,6.8067,6.6772,6.5476,6.4179,6.2883,6.1585,6.0287,5.8988,5.7689,5.6212,5.4684,5.3155,5.1626,5.0096,4.8566,4.7035,4.5502,4.3969,4.248,4.1283,4.0085,3.8887,3.7688,3.6489,3.529,3.4092,3.2893,3.1695,3.1308,3.1787,3.2266,3.2746,3.3226,3.3707,3.4188,3.467,3.5153,3.5636,3.7661,3.9993,4.233,4.4671,4.7017,4.9368,5.1725,5.4088,5.6457,5.8827,6.1182,6.3539,6.5898,6.8259,7.0623,7.2989,7.5357,7.7729,8.0102,8.194,8.3314,8.469,8.6067,8.7444,8.8822,9.0202,9.1582,9.2963,9.4345,9.4771,9.5075,9.5377,9.5678,9.5978,9.6276,9.6573,9.6868,9.7162,9.7187,9.6349,9.551,9.4672,9.3834,9.2995,9.2157,9.1319,9.048,8.9642,8.8633,8.7502,8.6371,8.5241,8.4112,8.2983,8.1855,8.0728,7.9601,7.8475,7.7152,7.5814,7.4477,7.3142,7.1807,7.0472,6.9139,6.7806,6.6475,6.5382,6.492,6.4459,6.3998,6.3537,6.3077,6.2618,6.2159,6.17,6.1242,6.0535,5.9674,5.8814,5.7957,5.71,5.6246,5.5393,5.4542,5.3692,5.2845,5.1886,5.0928,4.9974,4.9024,4.8079,4.7139
11.6715,11.6187,11.5663,11.5143,11.4626,11.4112,11.3601,11.3093,11.2292,11.1033,10.9774,10.8516,10.7259,10.6003,10.4747,10.3492,10.2238,10.0984,9.9077,9.6941,9.4806,9.2672,9.0539,8.8408,8.6277,8.4148,8.2019,7.9965,7.8695,7.7425,7.6155,7.4885,7.3615,7.2344,7.1073,6.9802,6.8531,6.7241,6.5928,6.4614,6.3299,6.1984,6.0669,5.9352,5.8036,5.6718,5.54,5.3882,5.2307,5.0732,4.9157,4.758,4.6003,4.4425,4.2847,4.1267,3.9753,3.868,3.7606,3.6532,3.5457,3.4383,3.3308,3.2233,3.1158,3.0084,2.9796,3.0361,3.0926,3.1491,3.2057,3.2623,3.319,3.3758,3.4327,3.4896,3.716,3.9779,4.2402,4.503,4.7663,5.0301,5.2944,5.5594,5.8249,6.0868,6.329,6.5715,6.8141,7.057,7.3002,7.5436,7.7872,8.0311,8.2752,8.4635,8.601,8.7386,8.8763,9.0141,9.1519,9.2899,9.4279,9.5661,9.7043,9.7435,9.7678,9.792,9.8161,9.8401,9.8639,9.8875,9.911,9.9344,9.9342,9.8488,9.7634,9.678,9.5926,9.5073,9.4219,9.3366,9.2512,9.1658,9.0648,8.9516,8.8385,8.7254,8.6124,8.4994,8.3865,8.2737,8.1609,8.0482,7.9167,7.7832,7.6499,7.5166,7.3834,7.2502,7.1172,6.9842,6.8513,6.7396,6.6931,6.6467,6.6002,6.5539,6.5075,6.4613,6.415,6.3688,6.3227,6.254,6.1693,6.0848,6.0004,5.9162,5.8322,5.7483,5.6646,5.5811,5.4977,5.4073,5.3167,5.2265,5.1368,5.0475,4.9588
11.6753,11.6125,11.5501,11.4881,11.4264,11.365,11.3039,11.243,11.1544,11.0249,10.8955,10.7662,10.6369,10.5078,10.3786,10.2496,10.1206,9.9916,9.7933,9.572,9.3508,9.1298,8.9089,8.6881,8.4674,8.2468,8.0263,7.8144,7.6844,7.5543,7.4243,7.2942,7.1641,7.034,6.9039,6.7737,6.6435,6.512,6.3788,6.2456,6.1122,5.9789,5.8455,5.712,5.5784,5.4448,5.3111,5.1552,4.9931,4.8309,4.6687,4.5064,4.3441,4.1816,4.0191,3.8565,3.7026,3.6077,3.5127,3.4177,3.3226,3.2275,3.1324,3.0373,2.9423,2.8472,2.8284,2.8934,2.9585,3.0236,3.0887,3.1539,3.2192,3.2845,3.3499,3.4154,3.6655,3.956,4.247,4.5384,4.8303,5.1228,5.4158,5.7094,6.0036,6.2907,6.5397,6.7889,7.0384,7.288,7.5379,7.7881,8.0384,8.2891,8.54,8.7331,8.8706,9.0083,9.146,9.2838,9.4217,9.5596,9.6977,9.8359,9.9741,10.0101,10.0284,10.0466,10.0647,10.0826,10.1004,10.118,10.1355,10.1529,10.1496,10.0627,9.9758,9.8889,9.802,9.7151,9.6282,9.5413,9.4544,9.3675,9.2664,9.1531,9.0399,8.9267,8.8136,8.7005,8.5875,8.4746,8.3617,8.2489,8.1182,7.9851,7.852,7.719,7.5861,7.4532,7.3205,7.1878,7.0552,6.9411,6.8943,6.8475,6.8007,6.754,6.7074,6.6607,6.6142,6.5676,6.5212,6.4544,6.3711,6.288,6.2051,6.1223,6.0397,5.9572,5.875,5.7928,5.7109,5.6256,5.5402,5.4552,5.3708,5.2868,5.2033
11.6787,11.606,11.5336,11.4616,11.3898,11.3184,11.2473,11.1765,11.0796,10.9465,10.8136,10.6807,10.5479,10.4151,10.2824,10.1498,10.0172,9.8847,9.6786,9.4497,9.2209,8.9922,8.7637,8.5352,8.3069,8.0786,7.8505,7.6322,7.4991,7.3661,7.233,7.0999,6.9667,6.8336,6.7004,6.5672,6.434,6.2999,6.1649,6.0297,5.8946,5.7593,5.624,5.4887,5.3533,5.2178,5.0823,4.9222,4.7554,4.5886,4.4218,4.2548,4.0878,3.9207,3.7535,3.5863,3.4299,3.3474,3.2648,3.1821,3.0994,3.0167,2.934,2.8513,2.7686,2.6859,2.6771,2.7507,2.8243,2.8979,2.9716,3.0454,3.1192,3.1931,3.2671,3.3412,3.6145,3.9337,4.2533,4.5733,4.8939,5.215,5.5366,5.8588,6.1816,6.4945,6.7502,7.0062,7.2624,7.5188,7.7755,8.0324,8.2895,8.547,8.8046,9.0027,9.1402,9.2779,9.4156,9.5534,9.6914,9.8294,9.9675,10.1057,10.2439,10.2769,10.2892,10.3014,10.3134,10.3253,10.3371,10.3488,10.3602,10.3716,10.3652,10.2767,10.1883,10.0999,10.0114,9.923,9.8346,9.7461,9.6577,9.5693,9.468,9.3546,9.2413,9.128,9.0148,8.9016,8.7886,8.6755,8.5626,8.4497,8.3197,8.1868,8.0541,7.9214,7.7887,7.6562,7.5237,7.3914,7.2591,7.1426,7.0954,7.0483,7.0012,6.9542,6.9072,6.8603,6.8134,6.7665,6.7197,6.6547,6.5728,6.4911,6.4096,6.3283,6.2471,6.166,6.0852,6.0045,5.924,5.8434,5.7633,5.6836,5.6044,5.5256,5.4473
11.6818,11.5991,11.5167,11.4347,11.353,11.2716,11.1905,11.1097,11.0046,10.868,10.7315,10.595,10.4587,10.3224,10.1861,10.05,9.9138,9.7778,9.5638,9.3272,9.0908,8.8545,8.6183,8.3822,8.1462,7.9103,7.6745,7.45,7.3139,7.1778,7.0416,6.9055,6.7693,6.6331,6.4969,6.3607,6.2244,6.0878,5.9509,5.8139,5.6768,5.5397,5.4026,5.2654,5.1281,4.9908,4.8534,4.6892,4.5178,4.3463,4.1748,4.0032,3.8315,3.6598,3.488,3.3161,3.1572,3.087,3.0168,2.9465,2.8762,2.8059,2.7355,2.6652,2.5949,2.5246,2.5257,2.6078,2.69,2.7722,2.8545,2.9368,3.0192,3.1016,3.1842,3.2668,3.5631,3.9109,4.2591,4.6078,4.957,5.3066,5.6569,6.0077,6.3591,6.6981,6.9606,7.2234,7.4863,7.7495,8.0129,8.2766,8.5405,8.8046,9.0691,9.2722,9.4098,9.5475,9.6853,9.8231,9.9611,10.0991,10.2372,10.3754,10.5138,10.5439,10.5502,10.5563,10.5624,10.5683,10.5741,10.5797,10.5852,10.5905,10.5808,10.4908,10.4008,10.3109,10.2209,10.1309,10.041,9.951,9.8611,9.7711,9.6696,9.5561,9.4427,9.3293,9.216,9.1028,8.9896,8.8765,8.7634,8.6504,8.5212,8.3886,8.2561,8.1237,7.9914,7.8591,7.727,7.5949,7.4629,7.3441,7.2966,7.2492,7.2018,7.1544,7.1071,7.0598,7.0125,6.9654,6.9182,6.8549,6.7744,6.6942,6.6141,6.5341,6.4544,6.3748,6.2953,6.216,6.1369,6.0609,5.986,5.9116,5.8376,5.7641,5.691
11.6846,11.5919,11.4995,11.4075,11.3158,11.2244,11.1333,11.0425,10.9295,10.7894,10.6493,10.5093,10.3694,10.2295,10.0898,9.95,9.8104,9.6708,9.4488,9.2046,8.9605,8.7166,8.4727,8.229,7.9854,7.7419,7.4984,7.2677,7.1286,6.9894,6.8502,6.711,6.5718,6.4326,6.2933,6.1541,6.0147,5.8757,5.7369,5.598,5.4591,5.3202,5.1811,5.0421,4.9029,4.7637,4.6245,4.4561,4.2801,4.104,3.9278,3.7516,3.5753,3.3989,3.2224,3.0459,2.8845,2.8267,2.7688,2.7109,2.6529,2.595,2.537,2.479,2.4211,2.3631,2.3742,2.4649,2.5556,2.6464,2.7372,2.8281,2.919,3.01,3.1011,3.1923,3.5113,3.8877,4.2645,4.6417,5.0195,5.3978,5.7766,6.156,6.5361,6.9016,7.1709,7.4404,7.7101,7.98,8.2502,8.5206,8.7912,9.0621,9.3333,9.5418,9.6794,9.8171,9.9549,10.0928,10.2308,10.3688,10.507,10.6452,10.7836,10.8111,10.8114,10.8115,10.8116,10.8115,10.8113,10.8109,10.8104,10.8097,10.7965,10.705,10.6135,10.522,10.4305,10.339,10.2475,10.156,10.0645,9.973,9.8712,9.7576,9.6441,9.5306,9.4172,9.3039,9.1906,9.0774,8.9642,8.8511,8.7227,8.5904,8.4582,8.3261,8.194,8.0621,7.9302,7.7984,7.6667,7.5457,7.4978,7.45,7.4023,7.3546,7.3069,7.2593,7.2118,7.1642,7.1168,7.055,6.976,6.8971,6.8184,6.7399,6.6616,6.5834,6.5054,6.4275,6.3498,6.2781,6.2084,6.1392,6.0704,6.0021,5.9343
11.687,11.5843,11.482,11.3799,11.2783,11.1769,11.0758,10.975,10.8543,10.7106,10.567,10.4235,10.28,10.1366,9.9933,9.85,9.7068,9.5636,9.3336,9.0818,8.8301,8.5785,8.327,8.0757,7.8244,7.5733,7.3222,7.0854,6.9432,6.801,6.6588,6.5166,6.3743,6.232,6.0898,5.9474,5.8051,5.6635,5.5229,5.3821,5.2414,5.1006,4.9597,4.8187,4.6777,4.5367,4.3956,4.223,4.0424,3.8616,3.6808,3.4999,3.319,3.138,2.9569,2.7757,2.6117,2.5662,2.5207,2.4752,2.4296,2.384,2.3384,2.2928,2.2472,2.2016,2.2227,2.3219,2.4212,2.5205,2.6199,2.7193,2.8187,2.9183,3.0179,3.1176,3.459,3.864,4.2694,4.6752,5.0816,5.4884,5.8958,6.3038,6.7124,7.105,7.381,7.6572,7.9337,8.2103,8.4872,8.7644,9.0418,9.3195,9.5974,9.8114,9.949,10.0867,10.2246,10.3625,10.5005,10.6386,10.7768,10.915,11.0534,11.0785,11.0728,11.0669,11.061,11.0549,11.0487,11.0423,11.0358,11.0291,11.0122,10.9192,10.8261,10.7331,10.6401,10.5471,10.454,10.361,10.268,10.175,10.0728,9.9591,9.8455,9.7319,9.6184,9.505,9.3916,9.2783,9.1651,9.0519,8.9241,8.7921,8.6602,8.5284,8.3967,8.265,8.1334,8.0019,7.8705,7.7472,7.6991,7.6509,7.6029,7.5548,7.5068,7.4589,7.411,7.3632,7.3153,7.255,7.1774,7.1,7.0227,6.9456,6.8687,6.7919,6.7153,6.6388,6.5626,6.4948,6.4304,6.3664,6.3029,6.2398,6.1772
11.689,11.5764,11.4641,11.3521,11.2404,11.1291,11.018,10.9073,10.779,10.6318,10.4846,10.3375,10.1905,10.0436,9.8967,9.7499,9.6031,9.4564,9.2183,8.9588,8.6995,8.4403,8.1812,7.9222,7.6633,7.4046,7.1459,6.903,6.7578,6.6125,6.4673,6.322,6.1767,6.0314,5.8861,5.7408,5.5954,5.4513,5.3088,5.1662,5.0236,4.8809,4.7382,4.5954,4.4526,4.3096,4.1666,3.99,3.8046,3.6193,3.4338,3.2483,3.0627,2.8771,2.6913,2.5055,2.3389,2.3058,2.2727,2.2394,2.2062,2.173,2.1397,2.1064,2.0732,2.04,2.0711,2.1789,2.2867,2.3945,2.5024,2.6104,2.7184,2.8265,2.9346,3.0429,3.4064,3.8399,4.2738,4.7082,5.1431,5.5785,6.0145,6.4511,6.8882,7.3082,7.5909,7.8739,8.1571,8.4405,8.7242,9.0081,9.2922,9.5766,9.8613,10.0809,10.2186,10.3564,10.4942,10.6322,10.7702,10.9083,11.0465,11.1848,11.3232,11.3461,11.3344,11.3226,11.3106,11.2985,11.2863,11.2739,11.2614,11.2487,11.228,11.1334,11.0389,10.9443,10.8498,10.7552,10.6607,10.5661,10.4716,10.377,10.2743,10.1606,10.0469,9.9332,9.8196,9.7061,9.5927,9.4793,9.3659,9.2526,9.1256,8.9939,8.8623,8.7307,8.5993,8.4679,8.3366,8.2054,8.0743,7.9488,7.9003,7.8519,7.8034,7.7551,7.7068,7.6585,7.6103,7.5621,7.5139,7.4549,7.3787,7.3027,7.2269,7.1512,7.0757,7.0003,6.9251,6.8501,6.7752,6.7112,6.652,6.5932,6.5349,6.4771,6.4197
11.6907,11.5681,11.4458,11.3239,11.2022,11.0809,10.9599,10.8392,10.7036,10.5528,10.4021,10.2515,10.101,9.9505,9.8,9.6497,9.4994,9.3491,9.1027,8.8357,8.5687,8.3019,8.0352,7.7686,7.5021,7.2357,6.9694,6.7206,6.5723,6.424,6.2757,6.1275,5.9791,5.8308,5.6824,5.5341,5.3856,5.2391,5.0948,4.9503,4.8058,4.6613,4.5167,4.3721,4.2273,4.0826,3.9377,3.7568,3.5669,3.3769,3.1868,2.9967,2.8064,2.6161,2.4257,2.2353,2.0661,2.0453,2.0245,2.0037,1.9828,1.9619,1.9409,1.92,1.8991,1.8782,1.9194,2.0357,2.1521,2.2685,2.3849,2.5014,2.6179,2.7345,2.8512,2.968,3.3533,3.8153,4.2778,4.7408,5.2042,5.6681,6.1326,6.5977,7.0634,7.5113,7.8008,8.0905,8.3804,8.6705,8.9609,9.2516,9.5424,9.8336,10.125,10.3505,10.4882,10.626,10.7639,10.9018,11.0399,11.178,11.3163,11.4546,11.593,11.6139,11.5962,11.5784,11.5604,11.5424,11.5241,11.5058,11.4873,11.4686,11.4439,11.3478,11.2517,11.1556,11.0595,10.9634,10.8674,10.7713,10.6752,10.5791,10.4759,10.3621,10.2483,10.1345,10.0209,9.9073,9.7937,9.6802,9.5668,9.4534,9.327,9.1956,9.0643,8.933,8.8019,8.6708,8.5398,8.4089,8.2781,8.1504,8.1016,8.0528,8.0041,7.9554,7.9067,7.8581,7.8095,7.761,7.7126,7.6547,7.58,7.5054,7.431,7.3567,7.2826,7.2086,7.1349,7.0612,6.9878,6.9272,6.8732,6.8197,6.7666,6.714,6.6618
11.6921,11.5595,11.4272,11.2953,11.1637,11.0325,10.9015,10.7708,10.6281,10.4738,10.3195,10.1654,10.0113,9.8573,9.7033,9.5494,9.3956,9.2418,8.987,8.7123,8.4378,8.1633,7.889,7.6148,7.3407,7.0667,6.7928,6.5381,6.3868,6.2355,6.0842,5.9328,5.7815,5.6301,5.4787,5.3273,5.1759,5.0269,4.8807,4.7344,4.5881,4.4417,4.2952,4.1487,4.0021,3.8555,3.7088,3.5237,3.3291,3.1345,2.9398,2.745,2.5501,2.3552,2.1602,1.9651,1.7933,1.7849,1.7764,1.7678,1.7593,1.7507,1.7421,1.7335,1.7249,1.7164,1.7677,1.8925,2.0174,2.1423,2.2672,2.3923,2.5173,2.6425,2.7677,2.893,3.2998,3.7903,4.2813,4.7728,5.2648,5.7572,6.2502,6.7438,7.238,7.7142,8.0104,8.3069,8.6035,8.9004,9.1975,9.4949,9.7925,10.0904,10.3885,10.6201,10.7578,10.8956,11.0335,11.1715,11.3096,11.4478,11.586,11.7244,11.8628,11.8819,11.8582,11.8344,11.8105,11.7864,11.7622,11.7379,11.7134,11.6887,11.6598,11.5622,11.4645,11.3669,11.2693,11.1717,11.0741,10.9765,10.8789,10.7813,10.6776,10.5636,10.4497,10.3359,10.2221,10.1084,9.9947,9.8811,9.7676,9.6541,9.5284,9.3973,9.2663,9.1353,9.0045,8.8737,8.743,8.6123,8.4818,8.352,8.3029,8.2538,8.2047,8.1557,8.1067,8.0577,8.0088,7.96,7.9112,7.8545,7.7811,7.708,7.6349,7.5621,7.4894,7.4169,7.3445,7.2723,7.2003,7.1428,7.094,7.0457,6.9978,6.9505,6.9035
