14.206,14.1653,14.1246,14.084,14.0433,14.0027,13.9621,13.9215,13.8809,13.8408,13.8068,13.7729,13.739,13.705,13.6711,13.6372,13.6033,13.5694,13.5355,13.455,13.3541,13.2532,13.1522,13.0513,12.9503,12.8494,12.7484,12.6474,12.592,12.6333,12.6747,12.7162,12.7578,12.7993,12.8409,12.8825,12.9241,12.9657,12.9949,13.0233,13.0518,13.0802,13.1086,13.1371,13.1655,13.194,13.2224,13.2559,13.2932,13.3306,13.3679,13.4052,13.4425,13.4799,13.5172,13.5545,13.5673,13.4808,13.3944,13.308,13.2215,13.1351,13.0486,12.9622,12.8758,12.7893,12.6755,12.5559,12.4363,12.3167,12.1971,12.0775,11.9579,11.8383,11.7187,11.6682,11.702,11.7361,11.7703,11.8046,11.8388,11.8732,11.9075,11.9419,11.9753,11.9953,12.0153,12.0354,12.0555,12.0757,12.0959,12.1161,12.1364,12.1567,12.1997,12.2523,12.3048,12.3572,12.4095,12.4617,12.5137,12.5656,12.6174,12.6355,12.5838,12.532,12.4803,12.4286,12.3768,12.3251,12.2734,12.2217,12.17,12.1549,12.1416,12.1282,12.1146,12.1008,12.0868,12.0727,12.0584,12.0439,12.0493,12.0698,12.0904,12.1109,12.1314,12.152,12.1725,12.1931,12.2136,12.2272,12.2114,12.1956,12.1797,12.1639,12.148,12.1322,12.1163,12.1004,12.0845,12.0561,12.0242,11.9918,11.9588,11.9252,11.8911,11.8564,11.8211,11.7852,11.7438,11.6955,11.6468,11.5978,11.5484,11.4987,11.4486,11.3982,11.3474,11.2958,11.2352,11.1746,11.114,11.0533,10.9925,10.9317,10.8709,10.81,10.749
14.2271,14.1862,14.1452,14.1043,14.0634,14.0225,13.9816,13.9407,13.8999,13.8596,13.8257,13.7917,13.7578,13.7239,13.69,13.656,13.6221,13.5882,13.5543,13.4738,13.374,13.2741,13.1742,13.0744,12.9745,12.8746,12.7746,12.6747,12.6193,12.6545,12.6898,12.7252,12.7607,12.7964,12.8321,12.8678,12.9037,12.9396,12.9685,12.9971,13.0257,13.0543,13.0828,13.1114,13.1399,13.1684,13.197,13.2296,13.2653,13.301,13.3367,13.3724,13.4081,13.4438,13.4794,13.5151,13.5279,13.448,13.3682,13.2883,13.2085,13.1287,13.0489,12.9691,12.8895,12.8098,12.6991,12.5815,12.4639,12.3464,12.229,12.1115,11.9941,11.8767,11.7594,11.7097,11.745,11.7802,11.8156,11.8509,11.8863,11.9217,11.9572,11.9927,12.0273,12.048,12.0688,12.0897,12.1105,12.1314,12.1524,12.1733,12.1944,12.2154,12.2552,12.3035,12.3516,12.3997,12.4476,12.4954,12.5431,12.5907,12.6381,12.6549,12.6032,12.5514,12.4997,12.448,12.3962,12.3445,12.2928,12.2411,12.1894,12.1697,12.1523,12.1347,12.117,12.0991,12.081,12.0628,12.0443,12.0257,12.0284,12.0491,12.0697,12.0903,12.1109,12.1316,12.1522,12.1728,12.1934,12.2081,12.1923,12.1764,12.1606,12.1447,12.1289,12.113,12.0971,12.0813,12.0654,12.0305,11.9897,11.9484,11.9066,11.8642,11.8212,11.7776,11.7335,11.6887,11.6405,11.5877,11.5344,11.4809,11.427,11.3727,11.3181,11.2631,11.2077,11.152,11.0914,11.0308,10.9702,10.9095,10.8487,10.7879,10.7271,10.6662,10.6052
14.2483,14.207,14.1658,14.1246,14.0834,14.0423,14.0011,13.96,13.9189,13.8785,13.8445,13.8106,13.7767,13.7427,13.7088,13.6749,13.641,13.6071,13.5732,13.4926,13.3938,13.2951,13.1962,13.0974,12.9986,12.8997,12.8009,12.702,12.6464,12.6756,12.7048,12.7342,12.7637,12.7932,12.8229,12.8526,12.8824,12.9122,12.9409,12.9695,12.9981,13.0266,13.0552,13.0838,13.1123,13.1409,13.1694,13.201,13.2349,13.2688,13.3027,13.3365,13.3704,13.4042,13.4381,13.4719,13.4848,13.4121,13.3395,13.2668,13.1942,13.1216,13.0491,12.9766,12.9041,12.8317,12.7241,12.6085,12.493,12.3776,12.2621,12.1467,12.0314,11.916,11.8008,11.7516,11.788,11.8244,11.8608,11.8973,11.9338,11.9703,12.0069,12.0435,12.0793,12.1008,12.1223,12.1439,12.1655,12.1871,12.2088,12.2306,12.2523,12.2741,12.3109,12.3548,12.3986,12.4423,12.4859,12.5293,12.5727,12.6159,12.659,12.6744,12.6226,12.5709,12.5191,12.4674,12.4156,12.3639,12.3122,12.2605,12.2088,12.1846,12.1631,12.1414,12.1196,12.0976,12.0754,12.053,12.0304,12.0077,12.0076,12.0283,12.049,12.0697,12.0904,12.1111,12.1319,12.1526,12.1733,12.1889,12.1731,12.1573,12.1414,12.1256,12.1097,12.0939,12.078,12.0621,12.0462,12.0054,11.9558,11.9057,11.855,11.8037,11.7519,11.6994,11.6464,11.5928,11.5376,11.4802,11.4224,11.3643,11.3058,11.247,11.1878,11.1283,11.0684,11.0082,10.9476,10.887,10.8264,10.7657,10.7049,10.6441,10.5833,10.5224,10.4614
14.2694,14.2279,14.1864,14.1449,14.1035,14.0621,14.0206,13.9792,13.9378,13.8973,13.8634,13.8294,13.7955,13.7616,13.7277,13.6938,13.6598,13.6259,13.592,13.5115,13.4138,13.316,13.2183,13.1205,13.0227,12.925,12.8272,12.7293,12.6735,12.6966,12.7198,12.7431,12.7665,12.79,12.8136,12.8373,12.861,12.8848,12.9132,12.9419,12.9704,12.999,13.0276,13.0562,13.0847,13.1133,13.1418,13.1724,13.2044,13.2365,13.2686,13.3006,13.3327,13.3647,13.3967,13.4287,13.4416,13.3762,13.3107,13.2453,13.1799,13.1146,13.0492,12.9839,12.9187,12.8535,12.749,12.6356,12.5221,12.4087,12.2953,12.1819,12.0686,11.9553,11.8421,11.7935,11.831,11.8685,11.906,11.9436,11.9812,12.0188,12.0565,12.0942,12.1313,12.1535,12.1758,12.1981,12.2205,12.2428,12.2653,12.2877,12.3102,12.3328,12.3666,12.4062,12.4456,12.485,12.5242,12.5634,12.6024,12.6412,12.68,12.6938,12.642,12.5903,12.5385,12.4868,12.435,12.3833,12.3316,12.2799,12.2281,12.1997,12.1741,12.1483,12.1224,12.0962,12.0699,12.0434,12.0167,11.9899,11.9868,12.0076,12.0284,12.0491,12.0699,12.0907,12.1115,12.1323,12.1531,12.1698,12.154,12.1381,12.1223,12.1064,12.0906,12.0747,12.0588,12.043,12.0271,11.9809,11.9224,11.8634,11.8039,11.7438,11.6831,11.6218,11.56,11.4975,11.435,11.373,11.3107,11.248,11.185,11.1217,11.0579,10.9939,10.9294,10.8646,10.8038,10.7432,10.6825,10.6219,10.5611,10.5003,10.4395,10.3786,10.3176
14.2905,14.2487,14.207,14.1653,14.1235,14.0818,14.0401,13.9985,13.9568,13.9162,13.8822,13.8483,13.8144,13.7804,13.7465,13.7126,13.6787,13.6448,13.6109,13.5304,13.4337,13.337,13.2403,13.1436,13.0469,12.9502,12.8534,12.7567,12.7004,12.7175,12.7346,12.7519,12.7693,12.7867,12.8043,12.8219,12.8396,12.8573,12.8856,12.9142,12.9428,12.9714,13,13.0286,13.0571,13.0857,13.1142,13.1438,13.174,13.2042,13.2345,13.2647,13.295,13.3252,13.3554,13.3856,13.3985,13.3402,13.282,13.2238,13.1656,13.1075,13.0493,12.9912,12.9332,12.8752,12.774,12.6626,12.5512,12.4398,12.3284,12.2171,12.1058,11.9946,11.8834,11.8354,11.874,11.9126,11.9512,11.9899,12.0286,12.0673,12.1061,12.1449,12.1832,12.2062,12.2292,12.2523,12.2754,12.2985,12.3217,12.3449,12.3681,12.3914,12.4225,12.4577,12.4928,12.5278,12.5627,12.5975,12.6322,12.6667,12.7011,12.7132,12.6614,12.6097,12.5579,12.5062,12.4544,12.4027,12.351,12.2992,12.2475,12.215,12.1853,12.1554,12.1253,12.095,12.0646,12.034,12.0032,11.9722,11.9659,11.9868,12.0077,12.0286,12.0494,12.0703,12.0912,12.112,12.1329,12.1506,12.1348,12.119,12.1031,12.0873,12.0714,12.0556,12.0397,12.0238,12.0079,11.9568,11.8895,11.8217,11.7533,11.6844,11.6149,11.5448,11.4741,11.4028,11.3326,11.2661,11.1992,11.132,11.0645,10.9966,10.9284,10.8598,10.7908,10.7214,10.66,10.5994,10.5387,10.478,10.4173,10.3565,10.2957,10.2348,10.1738
14.3116,14.2696,14.2276,14.1856,14.1436,14.1016,14.0596,14.0177,13.9758,13.935,13.9011,13.8672,13.8332,13.7993,13.7654,13.7315,13.6976,13.6637,13.6298,13.5493,13.4537,13.3581,13.2624,13.1668,13.0711,12.9754,12.8798,12.7841,12.7273,12.7383,12.7494,12.7606,12.7719,12.7834,12.7949,12.8064,12.8181,12.8298,12.858,12.8866,12.9152,12.9438,12.9724,13.001,13.0295,13.0581,13.0866,13.1151,13.1435,13.172,13.2004,13.2288,13.2572,13.2856,13.314,13.3424,13.3553,13.3043,13.2533,13.2023,13.1513,13.1003,13.0494,12.9985,12.9477,12.8969,12.7989,12.6896,12.5802,12.4708,12.3615,12.2523,12.143,12.0338,11.9247,11.8772,11.9169,11.9566,11.9964,12.0362,12.076,12.1158,12.1557,12.1956,12.2352,12.2589,12.2827,12.3065,12.3303,12.3542,12.3781,12.402,12.426,12.4501,12.4785,12.5094,12.5402,12.5708,12.6014,12.6318,12.6621,12.6923,12.7224,12.7326,12.6809,12.6291,12.5773,12.5256,12.4738,12.4221,12.3704,12.3186,12.2669,12.2305,12.1966,12.1626,12.1284,12.0941,12.0595,12.0248,11.9899,11.9548,11.9451,11.966,11.987,12.008,12.0289,12.0499,12.0708,12.0918,12.1127,12.1315,12.1157,12.0998,12.084,12.0681,12.0523,12.0364,12.0205,12.0046,11.9888,11.9333,11.8572,11.7805,11.7033,11.6255,11.5472,11.4683,11.3887,11.3086,11.2306,11.1595,11.0881,11.0164,10.9443,10.8719,10.7991,10.7259,10.6524,10.5786,10.5161,10.4555,10.3949,10.3342,10.2735,10.2127,10.1519,10.091,10.03
14.3327,14.2904,14.2481,14.2058,14.1636,14.1214,14.0791,14.0369,13.9947,13.9539,13.9199,13.886,13.8521,13.8181,13.7842,13.7503,13.7164,13.6825,13.6486,13.5682,13.4737,13.3791,13.2845,13.1899,13.0953,13.0007,12.9061,12.8115,12.754,12.759,12.7641,12.7692,12.7745,12.7799,12.7854,12.7909,12.7965,12.8022,12.8303,12.859,12.8876,12.9162,12.9448,12.9734,13.0019,13.0305,13.0591,13.0865,13.1131,13.1397,13.1663,13.1929,13.2195,13.2461,13.2726,13.2992,13.3121,13.2683,13.2245,13.1807,13.1369,13.0931,13.0494,13.0057,12.9621,12.9185,12.8239,12.7165,12.6092,12.5019,12.3946,12.2874,12.1802,12.073,11.9659,11.9191,11.9599,12.0007,12.0415,12.0824,12.1233,12.1643,12.2053,12.2463,12.2871,12.3116,12.3361,12.3607,12.3852,12.4098,12.4345,12.4592,12.4839,12.5087,12.5346,12.5611,12.5876,12.6139,12.6402,12.6663,12.6922,12.7181,12.7438,12.7521,12.7003,12.6485,12.5967,12.545,12.4932,12.4415,12.3897,12.338,12.2863,12.2461,12.2081,12.17,12.1317,12.0932,12.0546,12.0158,11.9768,11.9376,11.9242,11.9453,11.9663,11.9874,12.0084,12.0294,12.0505,12.0715,12.0925,12.1124,12.0965,12.0807,12.0648,12.049,12.0331,12.0172,12.0014,11.9855,11.9696,11.9104,11.8254,11.7399,11.6539,11.5673,11.4801,11.3923,11.304,11.215,11.1288,11.0532,10.9773,10.901,10.8244,10.7475,10.6701,10.5925,10.5144,10.436,10.3723,10.3117,10.2511,10.1904,10.1297,10.0689,10.0081,9.9472,9.8862
14.3538,14.3112,14.2687,14.2261,14.1836,14.1411,14.0986,14.0561,14.0137,13.9727,13.9388,13.9049,13.8709,13.837,13.8031,13.7692,13.7353,13.7014,13.6675,13.5872,13.4937,13.4002,13.3067,13.2131,13.1196,13.026,12.9324,12.8389,12.7806,12.7796,12.7786,12.7778,12.777,12.7764,12.7758,12.7753,12.7748,12.7745,12.8027,12.8313,12.8599,12.8886,12.9172,12.9457,12.9743,13.0029,13.0315,13.0578,13.0826,13.1074,13.1322,13.157,13.1818,13.2065,13.2313,13.256,13.2689,13.2323,13.1957,13.1591,13.1225,13.0859,13.0494,13.0129,12.9765,12.9401,12.8488,12.7435,12.6382,12.5329,12.4277,12.3225,12.2174,12.1122,12.0072,11.9609,12.0028,12.0447,12.0867,12.1287,12.1707,12.2127,12.2548,12.2969,12.3391,12.3643,12.3895,12.4148,12.4401,12.4655,12.4909,12.5163,12.5418,12.5673,12.5908,12.613,12.6352,12.6572,12.679,12.7008,12.7225,12.744,12.7654,12.7715,12.7197,12.6679,12.6162,12.5644,12.5126,12.4609,12.4091,12.3574,12.3057,12.2619,12.2198,12.1776,12.1352,12.0926,12.0499,12.0069,11.9638,11.9205,11.9034,11.9245,11.9456,11.9667,11.9879,12.009,12.0301,12.0512,12.0723,12.0932,12.0774,12.0615,12.0457,12.0298,12.014,11.9981,11.9822,11.9663,11.9505,11.8879,11.7941,11.6998,11.6049,11.5095,11.4135,11.3169,11.2198,11.122,11.0273,10.9472,10.8668,10.786,10.7048,10.6233,10.5415,10.4593,10.3767,10.2938,10.2285,10.1679,10.1073,10.0466,9.9859,9.9251,9.8642,9.8034,9.7424
14.3749,14.332,14.2892,14.2464,14.2036,14.1608,14.1181,14.0753,14.0326,13.9916,13.9576,13.9237,13.8898,13.8559,13.8219,13.788,13.7541,13.7202,13.6863,13.6061,13.5137,13.4213,13.3288,13.2363,13.1438,13.0513,12.9588,12.8663,12.8071,12.8001,12.7931,12.7862,12.7794,12.7727,12.7661,12.7596,12.7531,12.7467,12.7751,12.8037,12.8323,12.8609,12.8895,12.9181,12.9467,12.9753,13.0039,13.0292,13.0521,13.0751,13.0981,13.1211,13.144,13.167,13.1899,13.2129,13.2257,13.1963,13.1668,13.1374,13.108,13.0787,13.0493,13.0201,12.9908,12.9616,12.8737,12.7704,12.6672,12.5639,12.4607,12.3576,12.2545,12.1514,12.0484,12.0027,12.0457,12.0887,12.1318,12.1749,12.218,12.2612,12.3043,12.3476,12.3908,12.4169,12.4429,12.4689,12.495,12.5211,12.5472,12.5734,12.5996,12.6258,12.6472,12.6651,12.6828,12.7005,12.7181,12.7355,12.7528,12.77,12.7871,12.7909,12.7391,12.6873,12.6356,12.5838,12.532,12.4803,12.4285,12.3768,12.325,12.2778,12.2316,12.1853,12.1388,12.0921,12.0453,11.9983,11.951,11.9036,11.8825,11.9037,11.9249,11.9461,11.9673,11.9885,12.0097,12.0309,12.0521,12.0733,12.0582,12.0424,12.0265,12.0107,11.9948,11.9789,11.9631,11.9472,11.9313,11.866,11.7634,11.6603,11.5566,11.4523,11.3475,11.2421,11.1361,11.0296,10.9262,10.8415,10.7566,10.6712,10.5856,10.4995,10.4132,10.3264,10.2393,10.1519,10.0847,10.0241,9.9634,9.9028,9.842,9.7813,9.7204,9.6596,9.5986
14.3959,14.3528,14.3097,14.2667,14.2236,14.1806,14.1375,14.0945,14.0515,14.0104,13.9765,13.9426,13.9086,13.8747,13.8408,13.8069,13.773,13.7391,13.7052,13.6251,13.5338,13.4424,13.351,13.2595,13.1681,13.0767,12.9852,12.8937,12.8336,12.8205,12.8074,12.7945,12.7817,12.769,12.7564,12.7438,12.7313,12.7189,12.7474,12.7761,12.8047,12.8333,12.8619,12.8905,12.9191,12.9477,12.9763,13.0005,13.0217,13.0428,13.064,13.0852,13.1063,13.1274,13.1486,13.1697,13.1825,13.1602,13.138,13.1158,13.0936,13.0714,13.0492,13.0271,13.0051,12.9831,12.8986,12.7973,12.6961,12.5949,12.4938,12.3927,12.2916,12.1905,12.0895,12.0445,12.0886,12.1327,12.1769,12.2211,12.2653,12.3096,12.3539,12.3982,12.4426,12.4696,12.4963,12.523,12.5498,12.5767,12.6035,12.6305,12.6574,12.6844,12.7037,12.7172,12.7307,12.744,12.7572,12.7704,12.7833,12.7962,12.809,12.8103,12.7586,12.7068,12.655,12.6032,12.5514,12.4997,12.4479,12.3962,12.3444,12.2939,12.2437,12.1932,12.1426,12.0919,12.0409,11.9898,11.9385,11.8869,11.8617,11.883,11.9042,11.9255,11.9468,11.9681,11.9894,12.0106,12.0319,12.0532,12.0391,12.0232,12.0074,11.9915,11.9757,11.9598,11.9439,11.928,11.9121,11.8446,11.7332,11.6212,11.5087,11.3957,11.2821,11.1679,11.0531,10.9377,10.8253,10.7361,10.6466,10.5568,10.4666,10.3761,10.2852,10.1939,10.1023,10.0103,9.9408,9.8802,9.8196,9.7589,9.6982,9.6374,9.5766,9.5158,9.4548
14.417,14.3736,14.3303,14.2869,14.2436,14.2003,14.157,14.1137,14.0705,14.0293,13.9954,13.9614,13.9275,13.8936,13.8597,13.8257,13.7918,13.7579,13.7241,13.6442,13.5539,13.4635,13.3732,13.2828,13.1924,13.102,13.0116,12.9212,12.8599,12.8407,12.8217,12.8028,12.784,12.7652,12.7466,12.728,12.7094,12.6911,12.7198,12.7484,12.7771,12.8057,12.8343,12.8629,12.8915,12.9201,12.9487,12.9718,12.9912,13.0105,13.0299,13.0492,13.0686,13.0879,13.1072,13.1265,13.1392,13.1242,13.1091,13.0941,13.0791,13.0641,13.0491,13.0342,13.0193,13.0045,12.9234,12.8242,12.725,12.6259,12.5268,12.4277,12.3286,12.2296,12.1307,12.0863,12.1315,12.1767,12.222,12.2673,12.3126,12.3579,12.4033,12.4488,12.4942,12.5222,12.5496,12.5771,12.6047,12.6323,12.6599,12.6875,12.7152,12.7429,12.7602,12.7695,12.7786,12.7876,12.7965,12.8053,12.814,12.8225,12.8309,12.8298,12.778,12.7262,12.6744,12.6226,12.5708,12.5191,12.4673,12.4156,12.3638,12.3102,12.2558,12.2013,12.1466,12.0917,12.0367,11.9815,11.9261,11.8705,11.8408,11.8622,11.8835,11.9049,11.9263,11.9476,11.969,11.9903,12.0117,12.033,12.0199,12.0041,11.9882,11.9724,11.9565,11.9406,11.9248,11.9089,11.893,11.8237,11.7035,11.5827,11.4614,11.3396,11.2172,11.0942,10.9706,10.8464,10.7247,10.6311,10.537,10.4427,10.3479,10.2529,10.1575,10.0617,9.9655,9.869,9.797,9.7364,9.6758,9.6151,9.5544,9.4936,9.4328,9.3719,9.311
14.438,14.3944,14.3508,14.3072,14.2636,14.22,14.1764,14.1329,14.0894,14.0481,14.0142,13.9803,13.9463,13.9124,13.8785,13.8446,13.8107,13.7768,13.7429,13.6632,13.574,13.4847,13.3954,13.3061,13.2167,13.1274,13.0381,12.9487,12.8861,12.8609,12.8359,12.8109,12.7861,12.7613,12.7366,12.712,12.6875,12.6635,12.6921,12.7208,12.7494,12.7781,12.8067,12.8353,12.8639,12.8925,12.9211,12.9431,12.9607,12.9782,12.9958,13.0133,13.0308,13.0483,13.0659,13.0833,13.096,13.0881,13.0802,13.0724,13.0645,13.0567,13.0489,13.0412,13.0335,13.0258,12.9483,12.8511,12.7539,12.6568,12.5597,12.4627,12.3657,12.2687,12.1718,12.1281,12.1744,12.2207,12.2671,12.3134,12.3599,12.4063,12.4528,12.4993,12.5459,12.5748,12.603,12.6312,12.6595,12.6878,12.7162,12.7445,12.773,12.8014,12.817,12.8219,12.8267,12.8314,12.836,12.8404,12.8448,12.849,12.8531,12.8492,12.7974,12.7456,12.6938,12.642,12.5902,12.5385,12.4867,12.4349,12.3832,12.3266,12.2682,12.2096,12.1508,12.0918,12.0327,11.9733,11.9138,11.8541,11.8199,11.8414,11.8628,11.8843,11.9057,11.9272,11.9486,11.97,11.9915,12.0129,12.0008,11.9849,11.9691,11.9532,11.9374,11.9215,11.9056,11.8897,11.8738,11.8033,11.6743,11.5448,11.4147,11.284,11.1528,11.021,10.8886,10.7557,10.6245,10.5263,10.4277,10.3288,10.2296,10.13,10.0301,9.9298,9.8291,9.7281,9.6532,9.5926,9.532,9.4713,9.4106,9.3498,9.289,9.2281,9.1672
14.4591,14.4152,14.3713,14.3274,14.2835,14.2397,14.1959,14.1521,14.1083,14.067,14.0331,13.9991,13.9652,13.9313,13.8974,13.8635,13.8296,13.7957,13.7618,13.6823,13.5941,13.5059,13.4176,13.3294,13.2411,13.1528,13.0645,12.9762,12.9122,12.881,12.85,12.819,12.7881,12.7574,12.7267,12.696,12.6655,12.6358,12.6645,12.6932,12.7218,12.7505,12.7791,12.8077,12.8363,12.865,12.8936,12.9144,12.9302,12.9459,12.9616,12.9774,12.9931,13.0088,13.0245,13.0402,13.0527,13.052,13.0513,13.0506,13.05,13.0493,13.0487,13.0481,13.0476,13.0471,12.9731,12.878,12.7828,12.6878,12.5927,12.4977,12.4027,12.3078,12.2129,12.1698,12.2172,12.2647,12.3121,12.3596,12.4071,12.4547,12.5023,12.5499,12.5976,12.6274,12.6563,12.6853,12.7143,12.7434,12.7724,12.8016,12.8307,12.8599,12.8738,12.8744,12.8749,12.8752,12.8755,12.8757,12.8757,12.8756,12.8754,12.8686,12.8168,12.765,12.7132,12.6614,12.6096,12.5579,12.5061,12.4543,12.4026,12.3433,12.2807,12.218,12.1551,12.0921,12.0288,11.9654,11.9018,11.838,11.7991,11.8206,11.8421,11.8637,11.8852,11.9067,11.9282,11.9497,11.9713,11.9928,11.9816,11.9658,11.9499,11.9341,11.9182,11.9023,11.8865,11.8706,11.8547,11.7835,11.6457,11.5074,11.3685,11.229,11.089,10.9484,10.8073,10.6655,10.5245,10.4218,10.3187,10.2153,10.1115,10.0074,9.903,9.7982,9.693,9.5875,9.5093,9.4488,9.3879,9.326,9.2638,9.2016,9.1392,9.0766,9.014
14.4801,14.4359,14.3918,14.3476,14.3035,14.2594,14.2153,14.1712,14.1272,14.0858,14.0519,14.018,13.9841,13.9501,13.9162,13.8823,13.8484,13.8145,13.7806,13.7014,13.6143,13.5271,13.4399,13.3527,13.2655,13.1782,13.091,13.0037,12.9382,12.901,12.864,12.827,12.7901,12.7533,12.7166,12.68,12.6434,12.6082,12.6369,12.6655,12.6942,12.7228,12.7515,12.7801,12.8087,12.8374,12.866,12.8857,12.8997,12.9136,12.9275,12.9414,12.9553,12.9692,12.9831,12.997,13.0095,13.0159,13.0224,13.0289,13.0354,13.0419,13.0484,13.055,13.0617,13.0684,12.9979,12.9048,12.8117,12.7187,12.6256,12.5327,12.4397,12.3468,12.2539,12.2116,12.2601,12.3086,12.3571,12.4057,12.4543,12.503,12.5517,12.6004,12.6492,12.6799,12.7096,12.7393,12.7691,12.7989,12.8287,12.8586,12.8885,12.9184,12.9307,12.927,12.9232,12.9192,12.9152,12.911,12.9067,12.9023,12.8978,12.8881,12.8362,12.7844,12.7326,12.6808,12.629,12.5773,12.5255,12.4737,12.4219,12.36,12.2934,12.2266,12.1596,12.0925,12.0251,11.9576,11.89,11.8221,11.7782,11.7998,11.8214,11.843,11.8646,11.8862,11.9078,11.9294,11.9508,11.9706,11.9584,11.94,11.9212,11.9019,11.8823,11.8621,11.8416,11.8206,11.7991,11.7235,11.5751,11.4266,11.2779,11.129,10.9798,10.8305,10.6809,10.5312,10.3813,10.2743,10.1674,10.0603,9.9532,9.846,9.7388,9.6315,9.5241,9.4167,9.335,9.2723,9.2094,9.1464,9.0833,9.02,8.9567,8.8931,8.8295
14.4889,14.4446,14.4004,14.3561,14.312,14.2678,14.2236,14.1795,14.1354,14.0938,14.0583,14.0229,13.9878,13.9527,13.9179,13.8832,13.8486,13.8142,13.7799,13.7017,13.6165,13.5312,13.4459,13.3606,13.2752,13.1899,13.1045,13.019,12.953,12.9112,12.8694,12.8277,12.7859,12.744,12.7022,12.6603,12.6184,12.5783,12.6073,12.6363,12.6653,12.6942,12.723,12.7518,12.7806,12.8094,12.8381,12.8568,12.869,12.8812,12.8933,12.9055,12.9176,12.9297,12.9418,12.9539,12.9663,12.9798,12.9933,13.0068,13.0203,13.0338,13.0472,13.0606,13.0741,13.0875,13.0205,12.9293,12.8382,12.7471,12.6561,12.5652,12.4743,12.3835,12.2928,12.2511,12.3002,12.3492,12.3982,12.4472,12.4962,12.5451,12.594,12.6428,12.6916,12.7227,12.7523,12.782,12.8117,12.8414,12.8711,12.9008,12.9305,12.9602,12.9695,12.9594,12.9489,12.9382,12.9273,12.916,12.9045,12.8927,12.8806,12.8645,12.8104,12.7563,12.702,12.6477,12.5934,12.5389,12.4844,12.4298,12.3751,12.3099,12.2395,12.1691,12.0987,12.0282,11.9577,11.8871,11.8165,11.7459,11.6977,11.7183,11.7388,11.7594,11.78,11.8006,11.8213,11.8419,11.8625,11.8832,11.8662,11.8407,11.8147,11.7883,11.7615,11.7343,11.7066,11.6784,11.6498,11.5727,11.422,11.2711,11.12,10.9687,10.8172,10.6655,10.5136,10.3615,10.2092,10.1007,9.9937,9.8865,9.7793,9.6721,9.5647,9.4574,9.3499,9.2424,9.1585,9.0948,9.0309,8.967,8.9029,8.8386,8.7742,8.7097,8.645
14.4854,14.4403,14.3952,14.3501,14.3051,14.2601,14.2151,14.1701,14.1252,14.0812,14.0396,13.9982,13.9569,13.9159,13.8749,13.8341,13.7935,13.753,13.7126,13.6334,13.5486,13.4638,13.379,13.2941,13.2092,13.1243,13.0393,12.9543,12.8889,12.847,12.8051,12.7631,12.7212,12.6792,12.6372,12.5952,12.5532,12.5134,12.5452,12.577,12.6087,12.6403,12.6719,12.7035,12.7351,12.7666,12.798,12.818,12.8305,12.843,12.8554,12.8679,12.8803,12.8928,12.9052,12.9176,12.9302,12.9437,12.9572,12.9707,12.9842,12.9977,13.0111,13.0246,13.038,13.0514,12.9893,12.9039,12.8187,12.7334,12.6483,12.5632,12.4781,12.3931,12.3083,12.2687,12.3156,12.3625,12.4094,12.4562,12.503,12.5498,12.5965,12.6432,12.6898,12.7209,12.7506,12.7802,12.8099,12.8396,12.8693,12.899,12.9287,12.9584,12.9641,12.9453,12.9264,12.9071,12.8877,12.8679,12.8479,12.8275,12.8069,12.7835,12.7281,12.6727,12.6172,12.5617,12.5061,12.4504,12.3946,12.3387,12.2828,12.2174,12.147,12.0765,12.0061,11.9355,11.865,11.7944,11.7237,11.6531,11.6029,11.6243,11.6457,11.6671,11.6885,11.7099,11.7313,11.7528,11.7742,11.7957,11.7744,11.7417,11.7086,11.6751,11.6412,11.6068,11.572,11.5367,11.501,11.422,11.269,11.1157,10.9623,10.8086,10.6548,10.5007,10.3464,10.192,10.0373,9.9271,9.82,9.7128,9.6055,9.4981,9.3907,9.2832,9.1757,9.0681,8.9821,8.9174,8.8525,8.7876,8.7225,8.6572,8.5919,8.5264,8.4607
14.4819,14.4359,14.39,14.3441,14.2982,14.2523,14.2065,14.1607,14.1149,14.0685,14.0208,13.9733,13.926,13.8788,13.8318,13.7849,13.7382,13.6916,13.6451,13.5651,13.4808,13.3965,13.3121,13.2277,13.1432,13.0587,12.9742,12.8897,12.8248,12.7827,12.7407,12.6986,12.6565,12.6144,12.5723,12.5302,12.488,12.4486,12.4831,12.5177,12.5521,12.5865,12.6209,12.6552,12.6895,12.7238,12.758,12.7792,12.792,12.8047,12.8175,12.8303,12.843,12.8558,12.8685,12.8812,12.8941,12.9076,12.9211,12.9346,12.9481,12.9616,12.975,12.9885,13.0019,13.0153,12.958,12.8785,12.7991,12.7197,12.6403,12.5611,12.4818,12.4027,12.3236,12.2863,12.331,12.3758,12.4205,12.4652,12.5098,12.5544,12.599,12.6436,12.688,12.7191,12.7488,12.7785,12.8082,12.8378,12.8675,12.8972,12.9269,12.9566,12.9588,12.9316,12.9041,12.8763,12.8483,12.82,12.7915,12.7626,12.7335,12.7025,12.6459,12.5892,12.5325,12.4757,12.4188,12.3618,12.3048,12.2477,12.1905,12.1249,12.0545,11.984,11.9134,11.8429,11.7723,11.7016,11.631,11.5603,11.5081,11.5303,11.5525,11.5747,11.5969,11.6191,11.6414,11.6636,11.6859,11.7081,11.6829,11.6432,11.6029,11.5623,11.5212,11.4797,11.4378,11.3954,11.3525,11.2715,11.1161,10.9605,10.8047,10.6487,10.4925,10.336,10.1794,10.0226,9.8655,9.7535,9.6463,9.539,9.4316,9.3242,9.2167,9.1091,9.0015,8.8938,8.8057,8.74,8.6742,8.6083,8.5422,8.4759,8.4096,8.3431,8.2764
14.4783,14.4315,14.3847,14.338,14.2912,14.2445,14.1978,14.1512,14.1046,14.0556,14.0018,13.9482,13.8948,13.8416,13.7885,13.7355,13.6827,13.6301,13.5775,13.4969,13.413,13.3291,13.2452,13.1612,13.0772,12.9932,12.9091,12.825,12.7606,12.7185,12.6763,12.6341,12.5919,12.5496,12.5074,12.4651,12.4228,12.3838,12.4211,12.4584,12.4956,12.5327,12.5699,12.6069,12.644,12.681,12.718,12.7403,12.7534,12.7665,12.7796,12.7927,12.8058,12.8188,12.8318,12.8449,12.858,12.8715,12.885,12.8985,12.912,12.9255,12.9389,12.9524,12.9658,12.9793,12.9267,12.853,12.7794,12.7059,12.6323,12.5589,12.4855,12.4122,12.339,12.3039,12.3465,12.3891,12.4317,12.4742,12.5167,12.5592,12.6016,12.644,12.6863,12.7173,12.747,12.7767,12.8064,12.8361,12.8658,12.8955,12.9252,12.9549,12.9538,12.918,12.882,12.8457,12.8092,12.7724,12.7353,12.698,12.6603,12.6215,12.5637,12.5058,12.4478,12.3897,12.3316,12.2733,12.215,12.1567,12.0982,12.0324,11.9619,11.8914,11.8208,11.7502,11.6796,11.6089,11.5382,11.4675,11.4133,11.4363,11.4593,11.4823,11.5053,11.5283,11.5514,11.5744,11.5975,11.6206,11.5919,11.545,11.4976,11.4499,11.4017,11.3531,11.304,11.2545,11.2045,11.1211,10.9634,10.8054,10.6472,10.4889,10.3303,10.1715,10.0125,9.8534,9.694,9.5799,9.4726,9.3652,9.2578,9.1502,9.0427,8.935,8.8273,8.7195,8.6294,8.5628,8.496,8.429,8.3619,8.2947,8.2274,8.1599,8.0922
14.4747,14.4271,14.3794,14.3318,14.2843,14.2367,14.1892,14.1417,14.0942,14.0425,13.9826,13.923,13.8635,13.8042,13.745,13.686,13.6271,13.5684,13.5098,13.4286,13.3452,13.2617,13.1782,13.0947,13.0112,12.9276,12.844,12.7604,12.6965,12.6542,12.6119,12.5696,12.5272,12.4848,12.4424,12.4,12.3576,12.319,12.3591,12.3991,12.439,12.479,12.5188,12.5587,12.5985,12.6382,12.678,12.7015,12.7149,12.7283,12.7417,12.7551,12.7685,12.7818,12.7952,12.8085,12.8219,12.8354,12.8489,12.8624,12.8759,12.8894,12.9029,12.9163,12.9298,12.9432,12.8954,12.8275,12.7597,12.692,12.6243,12.5567,12.4891,12.4216,12.3542,12.3215,12.362,12.4025,12.4429,12.4833,12.5236,12.5639,12.6042,12.6444,12.6846,12.7155,12.7452,12.7749,12.8046,12.8343,12.864,12.8937,12.9234,12.9531,12.949,12.9047,12.8602,12.8154,12.7704,12.7251,12.6795,12.6336,12.5874,12.5406,12.4815,12.4223,12.3631,12.3038,12.2444,12.1849,12.1254,12.0657,12.006,11.9399,11.8694,11.7988,11.7282,11.6576,11.5869,11.5162,11.4454,11.3747,11.3184,11.3422,11.366,11.3898,11.4137,11.4375,11.4613,11.4852,11.509,11.5329,11.5012,11.4472,11.3927,11.3379,11.2826,11.2268,11.1706,11.114,11.0569,10.9709,10.8108,10.6505,10.4899,10.3292,10.1683,10.0072,9.8458,9.6843,9.5225,9.4063,9.2989,9.1914,9.0839,8.9763,8.8686,8.7609,8.6531,8.5452,8.4532,8.3856,8.3178,8.2498,8.1818,8.1136,8.0452,7.9768,7.9081
14.4711,14.4226,14.3741,14.3257,14.2773,14.2289,14.1805,14.1322,14.0838,14.0292,13.9633,13.8976,13.832,13.7666,13.7014,13.6363,13.5714,13.5066,13.4419,13.3603,13.2774,13.1944,13.1114,13.0283,12.9452,12.8621,12.7789,12.6957,12.6324,12.59,12.5475,12.505,12.4626,12.42,12.3775,12.3349,12.2924,12.2543,12.2971,12.3398,12.3826,12.4252,12.4678,12.5104,12.553,12.5955,12.638,12.6627,12.6764,12.6901,12.7038,12.7175,12.7312,12.7449,12.7585,12.7721,12.7857,12.7993,12.8128,12.8263,12.8398,12.8533,12.8668,12.8802,12.8937,12.9071,12.864,12.8019,12.74,12.678,12.6162,12.5543,12.4926,12.4309,12.3693,12.3392,12.3776,12.4159,12.4541,12.4924,12.5306,12.5687,12.6069,12.6449,12.683,12.7137,12.7434,12.7731,12.8028,12.8325,12.8622,12.8919,12.9216,12.9513,12.9445,12.8917,12.8386,12.7853,12.7318,12.678,12.6239,12.5695,12.5148,12.4598,12.3994,12.339,12.2785,12.2179,12.1572,12.0965,12.0357,11.9748,11.9139,11.8474,11.7768,11.7062,11.6356,11.5649,11.4942,11.4235,11.3527,11.2819,11.2235,11.2481,11.2727,11.2973,11.322,11.3466,11.3712,11.3959,11.4206,11.4452,11.4109,11.3498,11.2882,11.2262,11.1638,11.101,11.0377,10.9739,10.9097,10.8208,10.6583,10.4956,10.3328,10.1697,10.0064,9.8429,9.6793,9.5154,9.3513,9.2327,9.1252,9.0177,8.9101,8.8024,8.6946,8.5868,8.4789,8.3709,8.2771,8.2085,8.1397,8.0707,8.0017,7.9325,7.8632,7.7937,7.7241
14.4675,14.4181,14.3688,14.3195,14.2702,14.221,14.1718,14.1226,14.0734,14.0157,13.9437,13.872,13.8004,13.7289,13.6576,13.5865,13.5154,13.4446,13.3738,13.2921,13.2096,13.127,13.0445,12.9619,12.8792,12.7965,12.7138,12.6311,12.5683,12.5257,12.4831,12.4405,12.3979,12.3552,12.3126,12.2699,12.2271,12.1896,12.2351,12.2806,12.3261,12.3715,12.4169,12.4622,12.5075,12.5528,12.598,12.6239,12.6379,12.6519,12.6659,12.6799,12.6939,12.7079,12.7218,12.7358,12.7496,12.7632,12.7767,12.7902,12.8037,12.8172,12.8307,12.8441,12.8576,12.871,12.8325,12.7763,12.7201,12.664,12.608,12.552,12.496,12.4402,12.3844,12.357,12.3931,12.4293,12.4654,12.5015,12.5375,12.5736,12.6095,12.6455,12.6814,12.7119,12.7416,12.7713,12.801,12.8307,12.8604,12.8901,12.9198,12.9495,12.9402,12.8789,12.8173,12.7555,12.6935,12.6311,12.5685,12.5056,12.4425,12.379,12.3173,12.2556,12.1939,12.1321,12.0702,12.0082,11.9461,11.884,11.8218,11.7549,11.6843,11.6137,11.543,11.4723,11.4015,11.3307,11.2599,11.1891,11.1285,11.1539,11.1794,11.2048,11.2302,11.2557,11.2811,11.3066,11.332,11.3575,11.321,11.2527,11.1841,11.115,11.0455,10.9755,10.9051,10.8343,10.7629,10.6708,10.506,10.341,10.1758,10.0103,9.8447,9.6789,9.5128,9.3466,9.1801,9.0592,8.9516,8.8439,8.7362,8.6284,8.5206,8.4127,8.3047,8.1967,8.101,8.0314,7.9616,7.8917,7.8217,7.7515,7.6812,7.6107,7.5401
14.4638,14.4136,14.3634,14.3133,14.2632,14.2131,14.1631,14.113,14.063,14.002,13.924,13.8462,13.7685,13.691,13.6137,13.5364,13.4594,13.3824,13.3056,13.2239,13.1418,13.0597,12.9776,12.8954,12.8132,12.731,12.6488,12.5665,12.5042,12.4615,12.4187,12.376,12.3332,12.2904,12.2476,12.2048,12.1619,12.1249,12.1732,12.2214,12.2696,12.3178,12.3659,12.414,12.4621,12.5101,12.558,12.5851,12.5994,12.6137,12.628,12.6423,12.6566,12.6709,12.6852,12.6994,12.7135,12.7271,12.7406,12.7541,12.7676,12.7811,12.7946,12.8081,12.8215,12.835,12.801,12.7506,12.7003,12.65,12.5997,12.5495,12.4994,12.4494,12.3994,12.3747,12.4087,12.4427,12.4767,12.5107,12.5446,12.5784,12.6123,12.6461,12.6798,12.7101,12.7398,12.7695,12.7992,12.8289,12.8587,12.8884,12.9181,12.9478,12.9361,12.8663,12.7962,12.7259,12.6554,12.5846,12.5135,12.4421,12.3704,12.2984,12.2353,12.1724,12.1093,12.0463,11.9831,11.9199,11.8566,11.7932,11.7297,11.6624,11.5918,11.5211,11.4504,11.3796,11.3088,11.238,11.1671,11.0963,11.0335,11.0598,11.086,11.1122,11.1384,11.1647,11.1909,11.2172,11.2435,11.2698,11.2315,11.1561,11.0803,11.0041,10.9275,10.8505,10.773,10.695,10.6166,10.521,10.3538,10.1865,10.0189,9.8511,9.6831,9.5149,9.3466,9.178,9.0092,8.8856,8.7779,8.6702,8.5624,8.4545,8.3466,8.2386,8.1305,8.0224,7.925,7.8544,7.7837,7.7128,7.6417,7.5706,7.4993,7.4278,7.3562
14.4601,14.409,14.358,14.3071,14.2561,14.2052,14.1543,14.1034,14.0526,13.9882,13.9041,13.8203,13.7365,13.653,13.5695,13.4863,13.4031,13.3202,13.2373,13.1557,13.074,12.9924,12.9107,12.829,12.7473,12.6655,12.5837,12.5019,12.4401,12.3972,12.3544,12.3115,12.2685,12.2256,12.1827,12.1397,12.0967,12.0602,12.1113,12.1623,12.2132,12.2641,12.315,12.3658,12.4166,12.4674,12.5181,12.5462,12.5609,12.5755,12.5902,12.6048,12.6194,12.6339,12.6485,12.6631,12.6774,12.691,12.7045,12.718,12.7315,12.745,12.7585,12.772,12.7854,12.7989,12.7695,12.7249,12.6803,12.6358,12.5914,12.547,12.5027,12.4585,12.4143,12.3925,12.4244,12.4562,12.4881,12.5199,12.5516,12.5834,12.6151,12.6467,12.6783,12.7083,12.738,12.7677,12.7975,12.8272,12.8569,12.8866,12.9163,12.946,12.9322,12.854,12.7754,12.6966,12.6176,12.5383,12.4587,12.3788,12.2986,12.2181,12.1533,12.0891,12.0249,11.9605,11.8961,11.8316,11.7671,11.7024,11.6377,11.5699,11.4992,11.4285,11.3577,11.287,11.2161,11.1453,11.0744,11.0035,10.9385,10.9655,10.9926,11.0196,11.0466,11.0737,11.1007,11.1278,11.1549,11.182,11.1423,11.0598,10.977,10.8937,10.8099,10.7258,10.6412,10.5561,10.4706,10.3713,10.2018,10.0321,9.8621,9.692,9.5217,9.3512,9.1804,9.0095,8.8383,8.712,8.6043,8.4964,8.3886,8.2806,8.1726,8.0645,7.9564,7.8481,7.7491,7.6775,7.6058,7.5339,7.4619,7.3897,7.3174,7.245,7.1724
14.4563,14.4045,14.3526,14.3008,14.249,14.1972,14.1455,14.0938,14.0421,13.9742,13.8841,13.7941,13.7044,13.6147,13.5253,13.4359,13.3468,13.2577,13.1688,13.0875,13.0063,12.9251,12.8439,12.7626,12.6813,12.6,12.5186,12.4373,12.376,12.333,12.29,12.2469,12.2039,12.1608,12.1177,12.0746,12.0315,11.9956,12.0494,12.1031,12.1568,12.2105,12.2641,12.3177,12.3712,12.4247,12.4782,12.5074,12.5224,12.5373,12.5523,12.5672,12.5821,12.597,12.6118,12.6267,12.6413,12.6549,12.6684,12.6819,12.6954,12.7089,12.7224,12.7359,12.7493,12.7628,12.7379,12.6991,12.6604,12.6217,12.583,12.5444,12.5059,12.4675,12.4291,12.4103,12.4401,12.4698,12.4995,12.5291,12.5587,12.5883,12.6179,12.6474,12.6769,12.7065,12.7362,12.766,12.7957,12.8254,12.8551,12.8848,12.9145,12.9442,12.9286,12.8418,12.7548,12.6675,12.58,12.4922,12.4041,12.3158,12.2271,12.1381,12.0714,12.0059,11.9404,11.8748,11.8092,11.7434,11.6776,11.6117,11.5457,11.4774,11.4067,11.3359,11.2651,11.1943,11.1234,11.0526,10.9816,10.9107,10.8434,10.8713,10.8991,10.9269,10.9548,10.9826,11.0105,11.0384,11.0662,11.0941,11.0535,10.9639,10.874,10.7836,10.6928,10.6015,10.5098,10.4177,10.3251,10.2218,10.0499,9.8778,9.7056,9.5331,9.3604,9.1875,9.0145,8.8412,8.6677,8.5384,8.4306,8.3227,8.2147,8.1067,7.9986,7.8904,7.7822,7.6739,7.5733,7.5007,7.4279,7.3551,7.2821,7.2089,7.1357,7.0622,6.9887
14.4526,14.3999,14.3472,14.2945,14.2419,14.1893,14.1367,14.0841,14.0316,13.96,13.8638,13.7678,13.672,13.5763,13.4808,13.3855,13.2902,13.1951,13.1002,13.0193,12.9385,12.8578,12.777,12.6962,12.6154,12.5345,12.4536,12.3727,12.3118,12.2687,12.2256,12.1824,12.1392,12.096,12.0528,12.0095,11.9662,11.931,11.9876,12.044,12.1005,12.1569,12.2132,12.2695,12.3258,12.382,12.4382,12.4686,12.4839,12.4991,12.5144,12.5296,12.5448,12.56,12.5752,12.5903,12.6052,12.6187,12.6323,12.6458,12.6593,12.6728,12.6863,12.6998,12.7133,12.7267,12.7063,12.6733,12.6403,12.6074,12.5746,12.5418,12.5091,12.4764,12.4439,12.4282,12.4558,12.4833,12.5109,12.5384,12.5659,12.5933,12.6207,12.6481,12.6754,12.7047,12.7344,12.7642,12.7939,12.8236,12.8533,12.883,12.9127,12.9425,12.9252,12.83,12.7345,12.6387,12.5427,12.4464,12.3499,12.253,12.1559,12.0584,11.9894,11.9228,11.856,11.7892,11.7222,11.6553,11.5882,11.5211,11.4538,11.3849,11.3142,11.2434,11.1725,11.1017,11.0308,10.9598,10.8889,10.8179,10.7483,10.777,10.8056,10.8342,10.8629,10.8915,10.9202,10.9489,10.9776,11.0062,10.9651,10.8684,10.7714,10.6739,10.576,10.4777,10.3789,10.2797,10.18,10.0724,9.8982,9.7237,9.5491,9.3743,9.1993,9.0241,8.8486,8.673,8.4972,8.3649,8.257,8.149,8.0409,7.9328,7.8246,7.7163,7.608,7.4996,7.3975,7.3239,7.2502,7.1763,7.1023,7.0282,6.954,6.8796,6.805
14.4488,14.3952,14.3417,14.2882,14.2347,14.1813,14.1278,14.0744,14.021,13.9456,13.8434,13.7414,13.6395,13.5378,13.4362,13.3348,13.2335,13.1324,13.0314,12.9511,12.8708,12.7905,12.7102,12.6298,12.5494,12.469,12.3886,12.3081,12.2477,12.2044,12.1611,12.1178,12.0745,12.0312,11.9878,11.9444,11.901,11.8665,11.9257,11.985,12.0441,12.1032,12.1623,12.2214,12.2804,12.3394,12.3983,12.4298,12.4454,12.4609,12.4765,12.492,12.5075,12.523,12.5385,12.554,12.5691,12.5826,12.5962,12.6097,12.6232,12.6367,12.6502,12.6637,12.6772,12.6906,12.6746,12.6474,12.6202,12.5931,12.5661,12.5391,12.5122,12.4853,12.4586,12.446,12.4715,12.4969,12.5223,12.5477,12.5731,12.5984,12.6236,12.6489,12.6741,12.7029,12.7327,12.7624,12.7921,12.8218,12.8515,12.8813,12.911,12.9407,12.9221,12.8184,12.7144,12.6101,12.5057,12.4009,12.2959,12.1905,12.0849,11.979,11.9076,11.8396,11.7716,11.7035,11.6354,11.5671,11.4988,11.4304,11.362,11.2924,11.2216,11.1508,11.0799,11.009,10.9381,10.8671,10.7961,10.7251,10.654,10.6826,10.7121,10.7415,10.7709,10.8004,10.8299,10.8593,10.8888,10.9183,10.877,10.7733,10.6692,10.5646,10.4596,10.3542,10.2484,10.1421,10.0353,9.9231,9.7465,9.5698,9.3928,9.2156,9.0383,8.8607,8.683,8.505,8.3268,8.1913,8.0833,7.9752,7.8671,7.7589,7.6506,7.5423,7.4339,7.3254,7.2218,7.1472,7.0725,6.9977,6.9227,6.8476,6.7723,6.697,6.6214
14.4449,14.3905,14.3362,14.2818,14.2275,14.1732,14.119,14.0647,14.0105,13.9311,13.8228,13.7147,13.6068,13.4991,13.3915,13.284,13.1767,13.0695,12.9627,12.8829,12.8031,12.7232,12.6434,12.5634,12.4835,12.4035,12.3235,12.2435,12.1836,12.1402,12.0967,12.0533,12.0098,11.9663,11.9228,11.8793,11.8358,11.8019,11.8639,11.9259,11.9878,12.0497,12.1115,12.1733,12.235,12.2967,12.3584,12.391,12.4069,12.4227,12.4386,12.4544,12.4702,12.486,12.5018,12.5176,12.533,12.5465,12.5601,12.5736,12.5871,12.6006,12.6141,12.6276,12.6411,12.6546,12.6428,12.6214,12.6001,12.5787,12.5575,12.5363,12.5152,12.4941,12.4731,12.4639,12.4873,12.5106,12.5338,12.5571,12.5803,12.6034,12.6266,12.6497,12.6727,12.7011,12.7309,12.7606,12.7903,12.82,12.8498,12.8795,12.9092,12.9389,12.9192,12.807,12.6945,12.5818,12.4689,12.3556,12.2421,12.1283,12.0143,11.8999,11.8258,11.7566,11.6873,11.618,11.5486,11.4791,11.4095,11.3399,11.2702,11.1999,11.1291,11.0582,10.9873,10.9164,10.8454,10.7744,10.7034,10.6323,10.5612,10.5882,10.6185,10.6487,10.679,10.7092,10.7395,10.7698,10.8001,10.8304,10.7894,10.6786,10.5673,10.4557,10.3436,10.2312,10.1182,10.0048,9.891,9.774,9.5951,9.4159,9.2366,9.0571,8.8774,8.6975,8.5174,8.3371,8.1566,8.0178,7.9097,7.8015,7.6933,7.585,7.4766,7.3682,7.2597,7.1512,7.0474,6.9735,6.8997,6.8258,6.7519,6.6779,6.6038,6.5298,6.4557
14.4411,14.3858,14.3306,14.2754,14.2203,14.1652,14.1101,14.055,13.9999,13.9163,13.802,13.6879,13.574,13.4602,13.3466,13.2331,13.1197,13.0065,12.8941,12.8147,12.7354,12.656,12.5765,12.4971,12.4176,12.3381,12.2585,12.1789,12.1194,12.0759,12.0323,11.9888,11.9452,11.9015,11.8579,11.8142,11.7705,11.7374,11.8022,11.8669,11.9315,11.9961,12.0607,12.1252,12.1897,12.2541,12.3185,12.3522,12.3684,12.3845,12.4007,12.4168,12.4329,12.4491,12.4651,12.4812,12.4969,12.5104,12.524,12.5375,12.551,12.5645,12.578,12.5915,12.605,12.6185,12.611,12.5954,12.5798,12.5643,12.5489,12.5334,12.5181,12.5028,12.4876,12.4819,12.5031,12.5242,12.5454,12.5665,12.5875,12.6086,12.6296,12.6505,12.6714,12.6994,12.7291,12.7588,12.7885,12.8183,12.848,12.8777,12.9074,12.9372,12.9165,12.7958,12.6749,12.5537,12.4323,12.3106,12.1887,12.0664,11.9439,11.821,11.744,11.6735,11.603,11.5325,11.4618,11.3911,11.3203,11.2494,11.1784,11.1074,11.0366,10.9657,10.8947,10.8237,10.7527,10.6817,10.6106,10.5395,10.4683,10.4938,10.5249,10.5559,10.5869,10.6167,10.6465,10.6763,10.7061,10.7359,10.6948,10.577,10.459,10.3411,10.2231,10.105,9.9869,9.8688,9.7506,9.6315,9.4506,9.2695,9.0881,8.9066,8.7248,8.5428,8.3606,8.1782,7.9955,7.8549,7.7499,7.645,7.5403,7.4358,7.3315,7.2274,7.1235,7.0198,6.9184,6.8446,6.7708,6.6969,6.623,6.549,6.475,6.401,6.3269
14.3974,14.3403,14.2834,14.2266,14.1699,14.1133,14.0569,14.0005,13.9443,13.8583,13.742,13.6257,13.5093,13.3929,13.2765,13.16,13.0435,12.927,12.8116,12.7349,12.6581,12.581,12.5039,12.4265,12.349,12.2714,12.1936,12.1158,12.058,12.0157,11.9732,11.9306,11.8879,11.8451,11.8023,11.7593,11.7162,11.6845,11.7514,11.8184,11.8854,11.9523,12.0192,12.0861,12.1531,12.22,12.2868,12.3215,12.3381,12.3546,12.3712,12.3877,12.4043,12.4209,12.4375,12.4541,12.47,12.4823,12.4946,12.507,12.5192,12.5315,12.5436,12.5557,12.5678,12.5797,12.5752,12.5642,12.5531,12.5419,12.5308,12.5196,12.5083,12.497,12.4857,12.4816,12.4995,12.5173,12.5351,12.5527,12.5702,12.5876,12.6049,12.6221,12.6391,12.6634,12.6895,12.7153,12.7409,12.7663,12.7915,12.8164,12.841,12.8654,12.8399,12.7098,12.5795,12.449,12.3184,12.1875,12.0564,11.9251,11.7936,11.6618,11.5805,11.5075,11.4345,11.3615,11.2885,11.2153,11.1422,11.069,10.9958,10.9248,10.8575,10.7904,10.7237,10.6572,10.591,10.5251,10.4595,10.3942,10.3293,10.3525,10.3832,10.4138,10.4444,10.475,10.5056,10.5361,10.5667,10.5973,10.5605,10.4426,10.3247,10.2067,10.0886,9.9706,9.8524,9.7343,9.616,9.4978,9.3153,9.1314,8.9474,8.7632,8.5787,8.3941,8.2092,8.0241,7.8387,7.696,7.5945,7.4931,7.3919,7.2908,7.19,7.0893,6.9889,6.8886,6.7895,6.7157,6.6419,6.5681,6.4942,6.4202,6.3462,6.2722,6.1981
14.327,14.2653,14.2037,14.1423,14.0809,14.0198,13.9587,13.8977,13.8369,13.7477,13.6314,13.515,13.3985,13.282,13.1655,13.049,12.9324,12.8158,12.7011,12.6302,12.5591,12.4879,12.4165,12.3449,12.2732,12.2013,12.1294,12.0573,12.006,11.9702,11.9342,11.8981,11.8618,11.8255,11.7891,11.7526,11.716,11.6909,11.76,11.829,11.8981,11.9671,12.0362,12.1052,12.1742,12.2432,12.3122,12.3487,12.3672,12.3858,12.4043,12.4228,12.4413,12.4599,12.4784,12.497,12.5126,12.514,12.5154,12.5168,12.5182,12.5195,12.5207,12.5219,12.523,12.524,12.5152,12.5025,12.4897,12.4768,12.464,12.451,12.4381,12.4251,12.412,12.4054,12.419,12.4325,12.4458,12.4591,12.4723,12.4854,12.4983,12.5111,12.5239,12.5408,12.5589,12.5767,12.5943,12.6117,12.6288,12.6457,12.6623,12.6787,12.6484,12.5139,12.3792,12.2444,12.1093,11.974,11.8386,11.7029,11.567,11.4308,11.3487,11.2768,11.2049,11.133,11.061,10.989,10.917,10.8449,10.7728,10.7054,10.6464,10.5877,10.5293,10.4712,10.4133,10.3558,10.2985,10.2416,10.185,10.2076,10.239,10.2704,10.3018,10.3332,10.3645,10.3959,10.4273,10.4586,10.4261,10.3082,10.1903,10.0723,9.9542,9.8361,9.7179,9.5997,9.4815,9.3632,9.1801,8.9936,8.8069,8.62,8.4328,8.2455,8.0579,7.8701,7.6821,7.537,7.4388,7.3409,7.2432,7.1456,7.0482,6.951,6.854,6.7572,6.6606,6.5868,6.513,6.4392,6.3653,6.2914,6.2174,6.1434,6.0693
14.2564,14.19,14.1238,14.0578,13.9919,13.9261,13.8604,13.7948,13.7293,13.6371,13.5207,13.4042,13.2877,13.1712,13.0546,12.938,12.8213,12.7046,12.5908,12.5256,12.4603,12.3948,12.3292,12.2634,12.1975,12.1314,12.0652,11.9988,11.9541,11.9247,11.8952,11.8656,11.8358,11.806,11.7761,11.746,11.7159,11.6974,11.7685,11.8397,11.9109,11.982,12.0531,12.1242,12.1953,12.2664,12.3375,12.376,12.3964,12.4169,12.4374,12.4579,12.4783,12.4988,12.5194,12.5399,12.5552,12.5457,12.5362,12.5267,12.5171,12.5075,12.4979,12.4881,12.4783,12.4684,12.4553,12.4408,12.4263,12.4118,12.3972,12.3825,12.3679,12.3532,12.3384,12.3293,12.3385,12.3477,12.3567,12.3656,12.3745,12.3832,12.3918,12.4003,12.4087,12.4185,12.4285,12.4383,12.4479,12.4573,12.4664,12.4753,12.4839,12.4922,12.457,12.3182,12.1791,12.0398,11.9004,11.7607,11.6209,11.4808,11.3405,11.2,11.1169,11.0461,10.9753,10.9045,10.8336,10.7626,10.6917,10.6207,10.5497,10.4857,10.4351,10.3847,10.3346,10.2848,10.2353,10.1861,10.1372,10.0886,10.0404,10.0626,10.0948,10.127,10.1592,10.1913,10.2235,10.2556,10.2878,10.3199,10.2918,10.1739,10.0559,9.9379,9.8198,9.7016,9.5835,9.4652,9.347,9.2286,9.045,8.8559,8.6665,8.4769,8.2871,8.0971,7.9068,7.7164,7.5257,7.3776,7.283,7.1885,7.0942,7.0001,6.9062,6.8124,6.7189,6.6255,6.5324,6.4579,6.3841,6.3103,6.2364,6.1625,6.0886,6.0146,5.9405
14.1856,14.1146,14.0438,13.9732,13.9026,13.8322,13.7619,13.6917,13.6217,13.5265,13.41,13.2934,13.1769,13.0603,12.9436,12.8269,12.7102,12.5935,12.4805,12.4212,12.3616,12.3019,12.242,12.182,12.1219,12.0616,12.0011,11.9406,11.9023,11.8794,11.8564,11.8332,11.8099,11.7866,11.7631,11.7395,11.7159,11.7038,11.7771,11.8504,11.9236,11.9969,12.0701,12.1433,12.2165,12.2897,12.3629,12.4032,12.4256,12.448,12.4705,12.4929,12.5154,12.5378,12.5603,12.5828,12.5978,12.5774,12.557,12.5366,12.5161,12.4956,12.4751,12.4544,12.4337,12.4129,12.3953,12.3792,12.3629,12.3467,12.3304,12.3141,12.2977,12.2813,12.2648,12.2532,12.2581,12.2629,12.2676,12.2722,12.2767,12.2811,12.2854,12.2896,12.2936,12.2962,12.2983,12.3001,12.3017,12.3031,12.3042,12.305,12.3056,12.306,12.2658,12.1225,11.9791,11.8354,11.6916,11.5475,11.4033,11.2588,11.1142,10.9693,10.885,10.8153,10.7456,10.6759,10.6061,10.5362,10.4663,10.3964,10.3265,10.2656,10.2233,10.1813,10.1396,10.0981,10.0569,10.016,9.9755,9.9352,9.8953,9.9177,9.9506,9.9836,10.0165,10.0495,10.0824,10.1153,10.1482,10.1811,10.1575,10.0395,9.9215,9.8034,9.6853,9.5672,9.449,9.3307,9.2124,9.0941,8.9101,8.7183,8.5263,8.334,8.1415,7.9488,7.7559,7.5628,7.3694,7.2181,7.1269,7.0359,6.945,6.8544,6.7639,6.6736,6.5835,6.4936,6.4039,6.329,6.2553,6.1814,6.1076,6.0337,5.9598,5.8858,5.8117
14.1146,14.0391,13.9637,13.8884,13.8132,13.7382,13.6633,13.5885,13.5138,13.4159,13.2993,13.1827,13.066,12.9494,12.8326,12.7159,12.5991,12.4823,12.3704,12.3168,12.2631,12.2091,12.155,12.1008,12.0464,11.9918,11.9372,11.8824,11.8507,11.8342,11.8176,11.8009,11.7841,11.7672,11.7502,11.7331,11.7159,11.7103,11.7857,11.8611,11.9364,12.0117,12.0871,12.1624,12.2377,12.3129,12.3882,12.4304,12.4548,12.4792,12.5036,12.528,12.5524,12.5768,12.6012,12.6257,12.6404,12.6092,12.5779,12.5466,12.5152,12.4838,12.4523,12.4208,12.3892,12.3575,12.3354,12.3175,12.2996,12.2816,12.2637,12.2456,12.2275,12.2094,12.1912,12.1772,12.1778,12.1782,12.1786,12.1789,12.1791,12.1791,12.1791,12.1789,12.1786,12.1742,12.1682,12.1621,12.1557,12.149,12.1421,12.135,12.1276,12.1199,12.0746,11.927,11.7792,11.6311,11.4829,11.3345,11.1859,11.037,10.888,10.7387,10.6531,10.5845,10.5159,10.4472,10.3785,10.3098,10.241,10.1722,10.1033,10.0452,10.0113,9.9776,9.9441,9.911,9.8782,9.8456,9.8134,9.7815,9.7499,9.7726,9.8064,9.8401,9.8738,9.9075,9.9413,9.975,10.0086,10.0423,10.0231,9.9052,9.7871,9.669,9.5509,9.4327,9.3145,9.1962,9.0779,8.9595,8.7754,8.5809,8.3862,8.1913,7.9961,7.8008,7.6052,7.4094,7.2134,7.0584,6.9706,6.883,6.7956,6.7084,6.6214,6.5345,6.4479,6.3614,6.2752,6.2001,6.1264,6.0526,5.9787,5.9049,5.8309,5.757,5.683
14.0435,13.9634,13.8833,13.8035,13.7237,13.6441,13.5645,13.4851,13.4058,13.3052,13.1886,13.0719,12.9552,12.8385,12.7217,12.6049,12.488,12.3711,12.2605,12.2126,12.1646,12.1164,12.0681,12.0196,11.971,11.9222,11.8733,11.8243,11.7991,11.7891,11.779,11.7688,11.7584,11.748,11.7374,11.7268,11.7161,11.7169,11.7943,11.8718,11.9492,12.0267,12.1041,12.1815,12.2588,12.3362,12.4136,12.4577,12.484,12.5104,12.5367,12.5631,12.5894,12.6158,12.6422,12.6686,12.6831,12.6409,12.5988,12.5565,12.5143,12.472,12.4297,12.3872,12.3447,12.3021,12.2755,12.2559,12.2363,12.2166,12.1969,12.1772,12.1574,12.1376,12.1177,12.1012,12.0975,12.0936,12.0897,12.0856,12.0815,12.0772,12.0728,12.0683,12.0637,12.0523,12.0384,12.0242,12.0098,11.9952,11.9803,11.9651,11.9498,11.9341,11.8836,11.7316,11.5794,11.427,11.2744,11.1216,10.9686,10.8154,10.6619,10.5083,10.4212,10.3537,10.2861,10.2186,10.1509,10.0833,10.0156,9.9478,9.8801,9.8245,9.7988,9.7735,9.7484,9.7236,9.6991,9.6749,9.651,9.6274,9.6041,9.6276,9.6621,9.6966,9.7311,9.7656,9.8001,9.8346,9.869,9.9035,9.8888,9.7708,9.6527,9.5346,9.4165,9.2983,9.18,9.0617,8.9434,8.825,8.6409,8.4437,8.2463,8.0487,7.8509,7.6529,7.4546,7.2561,7.0574,6.8984,6.8141,6.7299,6.646,6.5622,6.4786,6.3952,6.312,6.229,6.1462,6.0712,5.9975,5.9237,5.8499,5.776,5.7021,5.6282,5.5542
13.9723,13.8875,13.8029,13.7184,13.634,13.5498,13.4656,13.3816,13.2977,13.1946,13.0779,12.9611,12.8444,12.7275,12.6107,12.4938,12.3769,12.2599,12.1507,12.1086,12.0663,12.0239,11.9813,11.9386,11.8957,11.8527,11.8096,11.7663,11.7477,11.7441,11.7404,11.7367,11.7328,11.7288,11.7247,11.7205,11.7163,11.7234,11.803,11.8825,11.9621,12.0416,12.1211,12.2006,12.28,12.3595,12.439,12.485,12.5132,12.5415,12.5698,12.5981,12.6265,12.6548,12.6831,12.7115,12.7258,12.6727,12.6197,12.5666,12.5135,12.4603,12.407,12.3537,12.3003,12.2469,12.2156,12.1943,12.173,12.1516,12.1302,12.1088,12.0873,12.0657,12.0442,12.0253,12.0173,12.0091,12.0008,11.9924,11.984,11.9754,11.9667,11.9578,11.9489,11.9306,11.9087,11.8865,11.8641,11.8415,11.8186,11.7955,11.7721,11.7485,11.6927,11.5363,11.3797,11.223,11.066,10.9088,10.7514,10.5938,10.436,10.278,10.1892,10.1228,10.0563,9.9898,9.9233,9.8567,9.7901,9.7235,9.6568,9.6034,9.5861,9.569,9.5523,9.5358,9.5196,9.5037,9.4881,9.4729,9.4579,9.4824,9.5178,9.553,9.5883,9.6236,9.6589,9.6941,9.7294,9.7646,9.7545,9.6364,9.5183,9.4002,9.282,9.1638,9.0455,8.9272,8.8088,8.6904,8.5065,8.3066,8.1066,7.9063,7.7058,7.5051,7.3042,7.1031,6.9017,6.7381,6.6573,6.5766,6.4961,6.4158,6.3356,6.2557,6.1759,6.0963,6.017,5.9423,5.8686,5.7948,5.721,5.6472,5.5733,5.4993,5.4254
13.9008,13.8114,13.7222,13.6331,13.5441,13.4553,13.3666,13.278,13.1895,13.084,12.9672,12.8504,12.7335,12.6166,12.4997,12.3828,12.2658,12.1488,12.041,12.0047,11.9682,11.9315,11.8947,11.8577,11.8206,11.7833,11.7459,11.7084,11.6963,11.6992,11.702,11.7047,11.7072,11.7097,11.7121,11.7144,11.7165,11.73,11.8117,11.8933,11.9749,12.0565,12.1381,12.2197,12.3013,12.3828,12.4644,12.5122,12.5425,12.5727,12.603,12.6332,12.6635,12.6938,12.724,12.7544,12.7685,12.7046,12.6406,12.5767,12.5127,12.4486,12.3845,12.3203,12.256,12.1917,12.1557,12.1327,12.1097,12.0866,12.0635,12.0404,12.0172,11.9939,11.9707,11.9495,11.9371,11.9246,11.912,11.8993,11.8865,11.8736,11.8606,11.8474,11.8342,11.8091,11.7792,11.749,11.7186,11.688,11.6572,11.6261,11.5947,11.5631,11.5019,11.3412,11.1802,11.019,10.8577,10.6961,10.5344,10.3724,10.2102,10.0478,9.9572,9.8919,9.8265,9.7611,9.6956,9.6301,9.5646,9.499,9.4334,9.382,9.373,9.3643,9.3558,9.3477,9.3398,9.3322,9.3249,9.318,9.3114,9.3373,9.3734,9.4095,9.4455,9.4816,9.5176,9.5536,9.5897,9.6257,9.6201,9.5021,9.384,9.2658,9.1476,9.0293,8.911,8.7927,8.6743,8.5558,8.3722,8.1697,7.967,7.7641,7.5609,7.3576,7.154,6.9502,6.7462,6.5777,6.5003,6.423,6.346,6.2691,6.1924,6.1159,6.0396,5.9634,5.8875,5.8134,5.7397,5.6659,5.5922,5.5183,5.4444,5.3705,5.2966
13.8292,13.7352,13.6414,13.5477,13.4541,13.3607,13.2674,13.1742,13.081,12.9733,12.8565,12.7396,12.6227,12.5057,12.3887,12.2717,12.1547,12.0376,11.9315,11.9009,11.8701,11.8392,11.8081,11.7769,11.7455,11.714,11.6824,11.6506,11.6451,11.6544,11.6637,11.6728,11.6818,11.6907,11.6995,11.7083,11.7169,11.7366,11.8204,11.9041,11.9878,12.0715,12.1552,12.2388,12.3225,12.4061,12.4898,12.5395,12.5717,12.6039,12.6361,12.6683,12.7005,12.7327,12.765,12.7972,12.8112,12.7364,12.6616,12.5868,12.5119,12.437,12.362,12.287,12.2118,12.1366,12.0958,12.0711,12.0464,12.0216,11.9968,11.972,11.9471,11.9222,11.8972,11.8738,11.857,11.8402,11.8233,11.8063,11.7891,11.7719,11.7546,11.7371,11.7195,11.6877,11.6498,11.6117,11.5733,11.5347,11.4959,11.4568,11.4175,11.3779,11.3113,11.1461,10.9808,10.8153,10.6496,10.4836,10.3175,10.1512,9.9846,9.8179,9.7252,9.6609,9.5966,9.5323,9.4679,9.4035,9.3391,9.2746,9.2101,9.1602,9.1596,9.1592,9.159,9.1592,9.1596,9.1603,9.1614,9.1627,9.1644,9.1921,9.229,9.2658,9.3027,9.3395,9.3763,9.4131,9.4499,9.4867,9.4858,9.3677,9.2496,9.1314,9.0132,8.8949,8.7766,8.6582,8.5398,8.4213,8.2381,8.033,7.8276,7.622,7.4162,7.2102,7.0039,6.7974,6.5908,6.417,6.3431,6.2693,6.1956,6.1222,6.0489,5.9759,5.903,5.8303,5.7578,5.6845,5.6108,5.5371,5.4633,5.3895,5.3156,5.2417,5.1678
13.7574,13.6589,13.5604,13.4621,13.364,13.2659,13.168,13.0702,12.9725,12.8627,12.7458,12.6288,12.5118,12.3948,12.2778,12.1607,12.0435,11.9264,11.822,11.7972,11.7722,11.747,11.7217,11.6962,11.6706,11.6448,11.6189,11.5929,11.594,11.6098,11.6254,11.641,11.6565,11.6718,11.6871,11.7022,11.7173,11.7432,11.8291,11.9149,12.0007,12.0864,12.1722,12.258,12.3437,12.4295,12.5152,12.5668,12.6009,12.6351,12.6692,12.7034,12.7376,12.7717,12.8059,12.8401,12.854,12.7683,12.6826,12.5969,12.5112,12.4254,12.3396,12.2537,12.1677,12.0816,12.036,12.0096,11.9832,11.9567,11.9302,11.9036,11.877,11.8504,11.8237,11.7981,11.777,11.7559,11.7346,11.7133,11.6919,11.6703,11.6486,11.6269,11.605,11.5665,11.5206,11.4745,11.4282,11.3816,11.3348,11.2878,11.2405,11.1929,11.1207,10.9512,10.7815,10.6116,10.4415,10.2713,10.1008,9.9301,9.7591,9.588,9.4931,9.4299,9.3667,9.3035,9.2402,9.1768,9.1135,9.0501,8.9867,8.9382,8.9458,8.9537,8.9619,8.9703,8.979,8.9881,8.9974,9.0071,9.0171,9.0469,9.0845,9.1222,9.1598,9.1974,9.235,9.2726,9.3102,9.3477,9.3515,9.2334,9.1152,8.997,8.8787,8.7604,8.6421,8.5237,8.4052,8.2867,8.1042,7.8964,7.6883,7.4801,7.2716,7.0629,6.854,6.6449,6.4355,6.2561,6.1856,6.1152,6.045,5.975,5.9052,5.8356,5.7661,5.6969,5.6278,5.5556,5.4819,5.4082,5.3344,5.2606,5.1868,5.1129,5.039
13.6855,13.5823,13.4793,13.3764,13.2737,13.171,13.0685,12.9661,12.8638,12.7521,12.6351,12.518,12.401,12.2839,12.1668,12.0496,11.9324,11.8152,11.7128,11.6937,11.6744,11.655,11.6354,11.6157,11.5958,11.5758,11.5556,11.5353,11.543,11.5652,11.5873,11.6093,11.6312,11.653,11.6747,11.6963,11.7178,11.7499,11.8378,11.9257,12.0136,12.1014,12.1893,12.2771,12.365,12.4528,12.5406,12.5941,12.6302,12.6663,12.7024,12.7385,12.7746,12.8107,12.8469,12.883,12.8967,12.8002,12.7037,12.6071,12.5106,12.4139,12.3172,12.2205,12.1236,12.0267,11.9761,11.948,11.9199,11.8917,11.8635,11.8353,11.807,11.7787,11.7503,11.7224,11.6971,11.6716,11.6461,11.6204,11.5947,11.5688,11.5428,11.5167,11.4905,11.4455,11.3916,11.3376,11.2833,11.2287,11.174,11.1189,11.0637,11.0081,10.9303,10.7564,10.5824,10.4081,10.2337,10.059,9.8841,9.7091,9.5338,9.3583,9.261,9.1989,9.1368,9.0746,9.0124,8.9501,8.8879,8.8255,8.7632,8.7158,8.7317,8.7479,8.7643,8.7811,8.7981,8.8155,8.8331,8.8511,8.8694,8.9017,8.9401,8.9785,9.0169,9.0552,9.0936,9.132,9.1703,9.2087,9.2171,9.099,8.9808,8.8626,8.7443,8.626,8.5076,8.3892,8.2707,8.1522,7.9704,7.7599,7.5492,7.3383,7.1272,6.9158,6.7043,6.4925,6.2805,6.095,6.0279,5.961,5.8942,5.8277,5.7613,5.6951,5.6291,5.5633,5.4976,5.4266,5.353,5.2793,5.2056,5.1318,5.058,4.9841,4.9102
13.6134,13.5056,13.398,13.2906,13.1832,13.076,12.9689,12.8619,12.755,12.6414,12.5244,12.4073,12.2901,12.173,12.0558,11.9386,11.8213,11.704,11.6036,11.5903,11.5768,11.5631,11.5492,11.5352,11.5211,11.5068,11.4924,11.4779,11.4921,11.5207,11.5493,11.5777,11.606,11.6343,11.6624,11.6905,11.7184,11.7566,11.8466,11.9365,12.0265,12.1165,12.2064,12.2963,12.3862,12.4761,12.5661,12.6214,12.6594,12.6975,12.7355,12.7736,12.8116,12.8497,12.8878,12.9259,12.9395,12.8322,12.7248,12.6174,12.5099,12.4025,12.2949,12.1873,12.0796,11.9718,11.9163,11.8865,11.8567,11.8268,11.7969,11.767,11.737,11.707,11.6769,11.6468,11.6172,11.5874,11.5575,11.5276,11.4975,11.4673,11.4371,11.4066,11.3761,11.3246,11.2628,11.2008,11.1385,11.076,11.0133,10.9503,10.887,10.8235,10.74,10.5617,10.3833,10.2047,10.0259,9.8469,9.6677,9.4882,9.3086,9.1287,9.0288,8.9678,8.9068,8.8457,8.7845,8.7234,8.6622,8.601,8.5397,8.493,8.5172,8.5417,8.5665,8.5915,8.6169,8.6425,8.6684,8.6947,8.7213,8.7564,8.7956,8.8347,8.8739,8.9131,8.9522,8.9913,9.0305,9.0696,9.0828,8.9647,8.8464,8.7282,8.6099,8.4915,8.3731,8.2547,8.1362,8.0176,7.8368,7.6237,7.4103,7.1967,6.9829,6.7689,6.5547,6.3403,6.1256,5.9337,5.87,5.8065,5.7432,5.6801,5.6171,5.5543,5.4918,5.4294,5.3672,5.2977,5.2241,5.1504,5.0767,5.0029,4.9291,4.8553,4.7814
13.5411,13.4288,13.3166,13.2045,13.0926,12.9808,12.8691,12.7575,12.646,12.5308,12.4136,12.2965,12.1793,12.0621,11.9448,11.8275,11.7102,11.5928,11.4946,11.487,11.4792,11.4713,11.4632,11.4549,11.4465,11.438,11.4293,11.4205,11.4413,11.4764,11.5114,11.5462,11.581,11.6156,11.6502,11.6847,11.7191,11.7633,11.8553,11.9474,12.0394,12.1315,12.2235,12.3155,12.4075,12.4995,12.5915,12.6487,12.6887,12.7287,12.7687,12.8087,12.8487,12.8887,12.9287,12.9688,12.9823,12.8641,12.7459,12.6277,12.5094,12.3911,12.2727,12.1542,12.0357,11.9171,11.8565,11.825,11.7935,11.7619,11.7303,11.6987,11.667,11.6353,11.6035,11.5713,11.5373,11.5033,11.4691,11.4348,11.4005,11.366,11.3314,11.2967,11.2618,11.2039,11.1342,11.0642,10.9939,10.9235,10.8528,10.7818,10.7106,10.6392,10.5498,10.3672,10.1844,10.0014,9.8183,9.6349,9.4513,9.2675,9.0835,8.8993,8.7966,8.7367,8.6767,8.6167,8.5567,8.4966,8.4365,8.3763,8.3161,8.2699,8.3025,8.3352,8.3683,8.4016,8.4352,8.4692,8.5034,8.5379,8.5728,8.611,8.651,8.691,8.7309,8.7708,8.8107,8.8507,8.8906,8.9305,8.9485,8.8303,8.7121,8.5938,8.4754,8.3571,8.2386,8.1202,8.0016,7.8831,7.7034,7.4876,7.2715,7.0553,6.8389,6.6222,6.4053,6.1882,5.9709,5.7721,5.7119,5.6518,5.5919,5.5322,5.4727,5.4136,5.3551,5.2966,5.2383,5.1711,5.0983,5.0256,4.953,4.8804,4.8079,4.7355,4.6631
13.4687,13.3518,13.235,13.1183,13.0018,12.8854,12.7691,12.653,12.5369,12.4201,12.3029,12.1857,12.0684,11.9511,11.8338,11.7165,11.5991,11.4816,11.3858,11.3839,11.3818,11.3796,11.3772,11.3747,11.372,11.3692,11.3663,11.3632,11.3906,11.4321,11.4735,11.5148,11.556,11.5971,11.6381,11.679,11.7198,11.77,11.8641,11.9583,12.0524,12.1465,12.2406,12.3347,12.4288,12.5229,12.617,12.676,12.718,12.7599,12.8018,12.8438,12.8857,12.9277,12.9697,13.0117,13.0251,12.8961,12.767,12.638,12.5089,12.3797,12.2505,12.1212,11.9919,11.8624,11.7967,11.7635,11.7303,11.697,11.6637,11.6304,11.597,11.5636,11.5301,11.4959,11.4576,11.4192,11.3807,11.3422,11.3035,11.2647,11.2258,11.1868,11.1476,11.0834,11.0057,10.9277,10.8496,10.7711,10.6925,10.6136,10.5345,10.455,10.3597,10.1728,9.9856,9.7983,9.6108,9.423,9.2351,9.047,8.8586,8.67,8.5644,8.5055,8.4467,8.3877,8.3288,8.2698,8.2107,8.1517,8.0926,8.0465,8.0873,8.1284,8.1697,8.2114,8.2533,8.2955,8.338,8.3808,8.4239,8.4656,8.5061,8.5465,8.5868,8.627,8.6671,8.707,8.7469,8.7866,8.8084,8.6894,8.5703,8.4512,8.332,8.2126,8.0932,7.9737,7.8542,7.7345,7.557,7.3411,7.1254,6.9098,6.6944,6.4792,6.2641,6.0491,5.8343,5.6333,5.5761,5.5191,5.4621,5.4052,5.3484,5.2916,5.235,5.1785,5.122,5.0571,4.9858,4.9146,4.8434,4.7723,4.7013,4.6304,4.5595
13.3689,13.2563,13.1435,13.0303,12.9168,12.8031,12.6891,12.5749,12.4604,12.3465,12.2327,12.1187,12.0045,11.89,11.7753,11.6603,11.5451,11.4298,11.3377,11.3402,11.3425,11.3446,11.3467,11.3486,11.3504,11.3522,11.3538,11.3553,11.3853,11.4281,11.4711,11.5142,11.5574,11.6007,11.6441,11.6876,11.7312,11.7837,11.8762,11.9687,12.0614,12.1542,12.2471,12.34,12.4331,12.5262,12.6193,12.6775,12.7187,12.7599,12.8012,12.8424,12.8836,12.9247,12.9658,13.0069,13.018,12.8795,12.7409,12.6022,12.4634,12.3245,12.1856,12.0465,11.9074,11.7681,11.6955,11.6572,11.6188,11.5801,11.5412,11.5021,11.4628,11.4232,11.3834,11.3425,11.2975,11.2523,11.2068,11.1612,11.1153,11.0692,11.0228,10.9763,10.9294,10.8583,10.7736,10.6889,10.604,10.5191,10.4341,10.349,10.2639,10.1786,10.0798,9.8931,9.7065,9.5201,9.3338,9.1477,8.9618,8.776,8.5905,8.4052,8.303,8.2514,8.2001,8.1492,8.0985,8.0482,7.9983,7.9487,7.8995,7.8613,7.9069,7.9526,7.9983,8.0441,8.09,8.136,8.182,8.2281,8.2744,8.3164,8.3556,8.3946,8.4336,8.4724,8.5111,8.5496,8.5881,8.6264,8.6511,8.5315,8.4119,8.2922,8.1723,8.0525,7.9325,7.8124,7.6922,7.572,7.399,7.1864,6.974,6.7617,6.5496,6.3376,6.1258,5.9141,5.7026,5.4997,5.4444,5.3893,5.3342,5.2792,5.2243,5.1695,5.1148,5.0602,5.0056,4.9429,4.8731,4.8034,4.7338,4.6642,4.5947,4.5252,4.4559
13.2577,13.1526,13.0472,12.9415,12.8355,12.7293,12.6228,12.516,12.409,12.3032,12.1977,12.092,11.986,11.8798,11.7733,11.6667,11.5598,11.4527,11.37,11.3787,11.3873,11.3958,11.4042,11.4124,11.4205,11.4286,11.4365,11.4444,11.4725,11.5094,11.5465,11.5837,11.621,11.6584,11.6959,11.7335,11.7712,11.8169,11.8972,11.9777,12.0583,12.139,12.2198,12.3007,12.3816,12.4626,12.5437,12.5904,12.6207,12.6511,12.6814,12.7117,12.742,12.7722,12.8024,12.8326,12.8341,12.6917,12.5491,12.4065,12.2639,12.1211,11.9782,11.8353,11.6922,11.5491,11.4666,11.4161,11.3654,11.3145,11.2634,11.212,11.1604,11.1085,11.0564,11.0043,10.9533,10.9021,10.8507,10.7991,10.7473,10.6952,10.6429,10.5904,10.5376,10.4659,10.3833,10.3005,10.2176,10.1347,10.0517,9.9686,9.8854,9.8021,9.7076,9.5304,9.3534,9.1765,8.9998,8.8233,8.6469,8.4707,8.2948,8.119,8.0254,7.9853,7.9456,7.9061,7.867,7.8283,7.7899,7.7518,7.7141,7.6847,7.7333,7.782,7.8307,7.8795,7.9284,7.9773,8.0263,8.0754,8.1246,8.1673,8.2051,8.2428,8.2803,8.3178,8.3551,8.3923,8.4294,8.4663,8.4938,8.3737,8.2535,8.1332,8.0128,7.8923,7.7717,7.6511,7.5304,7.4096,7.2408,7.0315,6.8223,6.6133,6.4045,6.1958,5.9873,5.7789,5.5707,5.3659,5.3126,5.2593,5.2062,5.1531,5.1001,5.0472,4.9944,4.9417,4.8891,4.8287,4.7604,4.6921,4.624,4.5559,4.4879,4.4199,4.3521
13.1467,13.0491,12.9512,12.853,12.7545,12.6557,12.5567,12.4574,12.3578,12.2601,12.1629,12.0655,11.9678,11.8698,11.7717,11.6733,11.5747,11.4759,11.4024,11.4174,11.4323,11.4471,11.4618,11.4763,11.4908,11.5051,11.5194,11.5335,11.5596,11.5906,11.6218,11.6531,11.6845,11.716,11.7476,11.7793,11.8111,11.8499,11.9182,11.9866,12.0551,12.1237,12.1924,12.2612,12.3301,12.399,12.468,12.5033,12.5227,12.5421,12.5616,12.581,12.6004,12.6197,12.639,12.6582,12.6502,12.5038,12.3574,12.2109,12.0643,11.9177,11.7709,11.6241,11.4771,11.3301,11.2379,11.1751,11.1122,11.049,10.9856,10.922,10.8581,10.794,10.7296,10.6661,10.6091,10.552,10.4947,10.4372,10.3794,10.3214,10.2631,10.2047,10.1459,10.0736,9.9928,9.9121,9.8312,9.7502,9.6692,9.588,9.5068,9.4255,9.3351,9.1675,9,8.8327,8.6655,8.4986,8.3318,8.1652,7.9988,7.8326,7.7474,7.7188,7.6906,7.6627,7.6351,7.6079,7.581,7.5544,7.5283,7.5081,7.5596,7.6113,7.663,7.7148,7.7666,7.8185,7.8705,7.9226,7.9748,8.0183,8.0547,8.091,8.1272,8.1633,8.1992,8.235,8.2707,8.3063,8.3366,8.2159,8.0951,7.9742,7.8532,7.7322,7.6111,7.4898,7.3685,7.2471,7.0824,6.8764,6.6705,6.4648,6.2592,6.0538,5.8486,5.6435,5.4385,5.2338,5.1806,5.1293,5.078,5.0269,4.9758,4.9248,4.874,4.8232,4.7725,4.7143,4.6475,4.5808,4.5141,4.4475,4.381,4.3145,4.2481
13.036,12.9459,12.8554,12.7647,12.6736,12.5823,12.4908,12.3989,12.3069,12.2173,12.1284,12.0392,11.9498,11.8601,11.7702,11.6801,11.5898,11.4993,11.4349,11.4563,11.4775,11.4986,11.5195,11.5404,11.5611,11.5818,11.6023,11.6228,11.6465,11.6717,11.697,11.7224,11.7479,11.7735,11.7992,11.825,11.8509,11.8829,11.939,11.9953,12.0518,12.1083,12.1649,12.2217,12.2784,12.3353,12.3922,12.4161,12.4247,12.4332,12.4417,12.4502,12.4587,12.4672,12.4756,12.484,12.4663,12.316,12.1657,12.0153,11.8648,11.7143,11.5636,11.4129,11.2621,11.1111,11.0093,10.9343,10.8591,10.7836,10.708,10.6321,10.556,10.4796,10.403,10.328,10.2651,10.202,10.1388,10.0753,10.0116,9.9476,9.8835,9.8191,9.7544,9.6811,9.6024,9.5236,9.4447,9.3657,9.2866,9.2075,9.1282,9.0489,8.9623,8.8043,8.6464,8.4886,8.331,8.1736,8.0163,7.8593,7.7024,7.5458,7.469,7.452,7.4352,7.4188,7.4027,7.387,7.3716,7.3566,7.342,7.3313,7.3858,7.4405,7.4951,7.5499,7.6047,7.6596,7.7146,7.7697,7.8248,7.8694,7.9044,7.9393,7.9741,8.0088,8.0434,8.0778,8.1121,8.1463,8.1793,8.0581,7.9367,7.8153,7.6937,7.5721,7.4504,7.3286,7.2067,7.0848,6.9238,6.721,6.5185,6.316,6.1138,5.9116,5.7097,5.5078,5.3062,5.1047,5.0485,4.9991,4.9498,4.9005,4.8514,4.8023,4.7533,4.7045,4.6557,4.5998,4.5345,4.4693,4.4041,4.339,4.2739,4.209,4.1441
12.9256,12.8429,12.7599,12.6766,12.5931,12.5092,12.4251,12.3408,12.2562,12.1747,12.0941,12.0131,11.932,11.8506,11.769,11.6871,11.6051,11.5228,11.4676,11.4952,11.5228,11.5501,11.5774,11.6046,11.6316,11.6586,11.6854,11.7122,11.7334,11.7527,11.7721,11.7916,11.8112,11.8309,11.8507,11.8707,11.8907,11.9156,11.9597,12.004,12.0483,12.0928,12.1374,12.182,12.2267,12.2715,12.3163,12.3289,12.3266,12.3242,12.3219,12.3195,12.3171,12.3147,12.3122,12.3097,12.2824,12.1282,11.974,11.8197,11.6654,11.5109,11.3564,11.2017,11.047,10.8922,10.7808,10.6935,10.6061,10.5184,10.4305,10.3424,10.254,10.1654,10.0766,9.9899,9.9211,9.8521,9.7829,9.7135,9.6439,9.574,9.5039,9.4336,9.363,9.2886,9.2119,9.135,9.0581,8.9811,8.904,8.8269,8.7496,8.6723,8.5893,8.4408,8.2924,8.1442,7.9962,7.8483,7.7006,7.5531,7.4058,7.2587,7.1902,7.1847,7.1795,7.1746,7.17,7.1658,7.1619,7.1584,7.1552,7.1544,7.2119,7.2695,7.3272,7.3849,7.4427,7.5006,7.5585,7.6166,7.6747,7.7205,7.7541,7.7877,7.8211,7.8544,7.8876,7.9207,7.9536,7.9865,8.0192,7.9003,7.7784,7.6564,7.5342,7.4121,7.2898,7.1674,7.045,6.9224,6.765,6.5655,6.3662,6.1671,5.9681,5.7692,5.5705,5.372,5.1736,4.9754,4.9163,4.8688,4.8214,4.774,4.7268,4.6796,4.6326,4.5856,4.5387,4.4853,4.4214,4.3577,4.294,4.2304,4.1668,4.1034,4.04
12.8155,12.7402,12.6647,12.5889,12.5128,12.4364,12.3597,12.2828,12.2057,12.1324,12.06,11.9873,11.9144,11.8413,11.7679,11.6944,11.6206,11.5466,11.5004,11.5344,11.5682,11.6019,11.6354,11.6689,11.7022,11.7355,11.7686,11.8017,11.8202,11.8336,11.8471,11.8607,11.8744,11.8883,11.9022,11.9162,11.9304,11.9483,11.9803,12.0125,12.0448,12.0772,12.1097,12.1423,12.175,12.2077,12.2405,12.2417,12.2284,12.2152,12.202,12.1887,12.1755,12.1622,12.1488,12.1354,12.0985,11.9404,11.7823,11.6242,11.4659,11.3075,11.1491,10.9906,10.832,10.6733,10.5524,10.4529,10.3532,10.2533,10.1532,10.0528,9.9522,9.8514,9.7503,9.652,9.5773,9.5023,9.4272,9.3519,9.2763,9.2005,9.1244,9.0482,8.9716,8.8961,8.8213,8.7465,8.6715,8.5965,8.5214,8.4462,8.3709,8.2956,8.216,8.077,7.9382,7.7996,7.661,7.5227,7.3846,7.2466,7.1088,6.9713,6.911,6.917,6.9233,6.9299,6.9368,6.9441,6.9517,6.9597,6.968,6.9774,7.0379,7.0985,7.1591,7.2198,7.2806,7.3414,7.4023,7.4633,7.5244,7.5716,7.6039,7.6361,7.6682,7.7001,7.7319,7.7636,7.7952,7.8267,7.858,7.7426,7.6201,7.4975,7.3748,7.252,7.1292,7.0062,6.8832,6.7601,6.606,6.4098,6.2138,6.0179,5.8222,5.6266,5.4312,5.236,5.0409,4.8459,4.7839,4.7383,4.6928,4.6474,4.6021,4.5568,4.5117,4.4666,4.4217,4.3706,4.3082,4.246,4.1838,4.1216,4.0596,3.9976,3.9357
12.7056,12.6378,12.5697,12.5013,12.4327,12.3638,12.2946,12.2251,12.1554,12.0903,12.0262,11.9618,11.8971,11.8322,11.7671,11.7018,11.6363,11.5705,11.5334,11.5737,11.6138,11.6537,11.6936,11.7333,11.773,11.8125,11.852,11.8913,11.9069,11.9144,11.922,11.9297,11.9376,11.9455,11.9536,11.9617,11.97,11.9808,12.0008,12.0209,12.0412,12.0615,12.082,12.1025,12.1231,12.1438,12.1645,12.1544,12.1303,12.1062,12.0821,12.0579,12.0338,12.0096,11.9854,11.9611,11.9146,11.7527,11.5907,11.4286,11.2664,11.1042,10.9419,10.7795,10.617,10.4544,10.3241,10.2124,10.1004,9.9883,9.876,9.7634,9.6506,9.5375,9.4242,9.3141,9.2335,9.1526,9.0716,8.9903,8.9088,8.8271,8.7451,8.6629,8.5804,8.5036,8.4308,8.3579,8.2849,8.2118,8.1387,8.0655,7.9922,7.9188,7.8425,7.713,7.5837,7.4546,7.3256,7.1968,7.0682,6.9398,6.8115,6.6835,6.6314,6.6489,6.6667,6.6848,6.7032,6.7219,6.741,6.7605,6.7804,6.8006,6.8637,6.9273,6.9909,7.0545,7.1183,7.1821,7.246,7.3099,7.374,7.4229,7.4538,7.4846,7.5153,7.5458,7.5763,7.6066,7.6368,7.6669,7.6969,7.5849,7.4618,7.3386,7.2154,7.092,6.9686,6.8451,6.7215,6.5978,6.4468,6.2539,6.0612,5.8686,5.6761,5.4838,5.2917,5.0997,4.9079,4.7162,4.6514,4.6078,4.5642,4.5207,4.4772,4.4339,4.3907,4.3475,4.3045,4.2558,4.1949,4.1341,4.0734,4.0128,3.9522,3.8917,3.8313
12.5959,12.5356,12.475,12.4141,12.3528,12.2914,12.2296,12.1676,12.1054,12.0485,11.9926,11.9364,11.88,11.8234,11.7666,11.7095,11.6522,11.5947,11.5666,11.6131,11.6595,11.7057,11.7519,11.7979,11.8438,11.8897,11.9354,11.981,11.9935,11.9951,11.9968,11.9987,12.0007,12.0027,12.0049,12.0072,12.0095,12.0132,12.0211,12.0292,12.0374,12.0457,12.0541,12.0626,12.0712,12.0798,12.0885,12.067,12.032,11.9971,11.9621,11.9271,11.8921,11.8571,11.822,11.7869,11.7307,11.5649,11.399,11.233,11.067,10.9009,10.7347,10.5684,10.402,10.2355,10.0959,9.9719,9.8478,9.7234,9.5989,9.4741,9.3491,9.2238,9.0982,8.9764,8.8898,8.803,8.716,8.6288,8.5414,8.4537,8.3659,8.2777,8.1894,8.1109,8.0401,7.9692,7.8982,7.8271,7.7559,7.6847,7.6134,7.542,7.4687,7.3488,7.229,7.1094,6.9899,6.8707,6.7516,6.6327,6.514,6.3955,6.3515,6.3804,6.4097,6.4393,6.4692,6.4994,6.53,6.5609,6.5923,6.624,6.6895,6.756,6.8225,6.8892,6.9559,7.0226,7.0895,7.1564,7.2235,7.2742,7.3037,7.3331,7.3625,7.3917,7.4207,7.4497,7.4785,7.5073,7.5359,7.4272,7.3036,7.1798,7.056,6.9321,6.8081,6.684,6.5598,6.4356,6.2874,6.0978,5.9083,5.719,5.5298,5.3408,5.1519,4.9632,4.7747,4.5863,4.5188,4.4771,4.4354,4.3938,4.3523,4.3109,4.2695,4.2283,4.1871,4.1409,4.0815,4.0222,3.963,3.9038,3.8448,3.7858,3.7268
12.4866,12.4337,12.3805,12.327,12.2733,12.2192,12.1649,12.1104,12.0556,12.0069,11.9592,11.9113,11.8632,11.8148,11.7662,11.7174,11.6683,11.6191,11.5998,11.6526,11.7053,11.7579,11.8103,11.8626,11.9148,11.9669,12.019,12.0709,12.08,12.0757,12.0716,12.0676,12.0636,12.0598,12.0561,12.0525,12.049,12.0454,12.0413,12.0374,12.0335,12.0298,12.0262,12.0226,12.0192,12.0158,12.0124,11.9796,11.9338,11.888,11.8422,11.7963,11.7505,11.7046,11.6586,11.6126,11.5468,11.3771,11.2073,11.0375,10.8676,10.6976,10.5275,10.3573,10.187,10.0167,9.8678,9.7316,9.5953,9.4587,9.3219,9.1849,9.0477,8.9102,8.7724,8.6387,8.5462,8.4535,8.3606,8.2675,8.1741,8.0805,7.9867,7.8927,7.7984,7.7183,7.6494,7.5805,7.5115,7.4424,7.3732,7.3039,7.2345,7.1651,7.0946,6.9842,6.874,6.7639,6.654,6.5442,6.4346,6.3253,6.2161,6.1071,6.0711,6.1116,6.1523,6.1933,6.2347,6.2764,6.3185,6.3609,6.4037,6.4469,6.5151,6.5845,6.6541,6.7237,6.7933,6.8631,6.9329,7.0028,7.0728,7.1255,7.1537,7.1818,7.2097,7.2375,7.2653,7.2929,7.3203,7.3477,7.3749,7.2696,7.1453,7.021,6.8966,6.7722,6.6476,6.5229,6.3982,6.2734,6.1278,5.9415,5.7553,5.5692,5.3833,5.1976,5.012,4.8265,4.6413,4.4561,4.3861,4.3462,4.3065,4.2668,4.2272,4.1877,4.1482,4.1089,4.0697,4.0259,3.968,3.9102,3.8524,3.7948,3.7372,3.6797,3.6222
12.3775,12.332,12.2863,12.2403,12.1939,12.1473,12.1005,12.0534,12.006,11.9655,11.9261,11.8864,11.8465,11.8064,11.766,11.7254,11.6847,11.6437,11.6333,11.6924,11.7513,11.8101,11.8689,11.9274,11.9859,12.0443,12.1026,12.1608,12.1664,12.1562,12.1462,12.1363,12.1265,12.1169,12.1073,12.0978,12.0884,12.0775,12.0614,12.0454,12.0296,12.0138,11.9982,11.9826,11.9671,11.9517,11.9363,11.8922,11.8355,11.7788,11.7222,11.6655,11.6088,11.552,11.4952,11.4384,11.3629,11.1894,11.0157,10.842,10.6682,10.4943,10.3203,10.1463,9.9721,9.7979,9.6398,9.4914,9.3429,9.1941,9.0451,8.8959,8.7465,8.5968,8.4468,8.3011,8.2027,8.104,8.0052,7.9062,7.8069,7.7075,7.6077,7.5078,7.4076,7.3256,7.2587,7.1917,7.1247,7.0575,6.9903,6.923,6.8556,6.7882,6.7203,6.6194,6.5187,6.4181,6.3177,6.2175,6.1174,6.0176,5.9179,5.8184,5.7904,5.8423,5.8945,5.947,5.9998,6.053,6.1065,6.1604,6.2147,6.2693,6.3405,6.413,6.4855,6.558,6.6307,6.7034,6.7762,6.849,6.922,6.9769,7.0038,7.0304,7.057,7.0835,7.1098,7.1361,7.1622,7.1881,7.214,7.112,6.9872,6.8623,6.7373,6.6123,6.4871,6.3619,6.2366,6.1112,5.9681,5.785,5.6021,5.4193,5.2366,5.0542,4.8718,4.6897,4.5076,4.3258,4.2532,4.2153,4.1774,4.1396,4.1019,4.0643,4.0268,3.9894,3.9521,3.9107,3.8543,3.798,3.7418,3.6856,3.6295,3.5735,3.5175
12.2687,12.2307,12.1923,12.1537,12.1148,12.0757,12.0363,11.9966,11.9566,11.9244,11.8932,11.8618,11.8301,11.7982,11.7661,11.7338,11.7012,11.6684,11.6669,11.7322,11.7975,11.8626,11.9275,11.9924,12.0572,12.1218,12.1864,12.2509,12.2526,12.2366,12.2208,12.205,12.1894,12.1738,12.1584,12.143,12.1278,12.1095,12.0814,12.0534,12.0255,11.9977,11.97,11.9425,11.9149,11.8875,11.8601,11.8047,11.7371,11.6696,11.6021,11.5346,11.4671,11.3995,11.3319,11.2642,11.1791,11.0016,10.8241,10.6465,10.4688,10.291,10.1132,9.9353,9.7572,9.5791,9.4119,9.2513,9.0906,8.9296,8.7684,8.607,8.4454,8.2835,8.1214,7.9635,7.8592,7.7547,7.65,7.545,7.4399,7.3345,7.2288,7.123,7.0169,6.9329,6.868,6.803,6.7379,6.6727,6.6074,6.5421,6.4767,6.4112,6.3456,6.2543,6.1631,6.0721,5.9812,5.8904,5.7999,5.7095,5.6194,5.5294,5.5093,5.5726,5.6363,5.7003,5.7646,5.8292,5.8942,5.9595,6.0252,6.0913,6.1659,6.2413,6.3168,6.3923,6.4679,6.5435,6.6193,6.6951,6.771,6.8284,6.8539,6.8792,6.9044,6.9295,6.9545,6.9793,7.0041,7.0287,7.0532,6.9544,6.829,6.7036,6.578,6.4524,6.3267,6.2009,6.075,5.949,5.8081,5.6283,5.4486,5.2691,5.0898,4.9105,4.7315,4.5526,4.3738,4.1952,4.1203,4.0842,4.0482,4.0124,3.9766,3.9409,3.9053,3.8697,3.8343,3.7955,3.7406,3.6858,3.631,3.5763,3.5217,3.4672,3.4127
12.1601,12.1295,12.0986,12.0675,12.036,12.0043,11.9723,11.94,11.9075,11.8836,11.8606,11.8374,11.814,11.7903,11.7664,11.7423,11.7179,11.6934,11.7006,11.7722,11.8437,11.9151,11.9864,12.0575,12.1285,12.1995,12.2703,12.3411,12.3388,12.317,12.2952,12.2736,12.2521,12.2307,12.2094,12.1882,12.167,12.1413,12.1012,12.0612,12.0213,11.9815,11.9418,11.9022,11.8627,11.8232,11.7838,11.7171,11.6388,11.5604,11.4821,11.4037,11.3254,11.2469,11.1685,11.09,10.9952,10.8139,10.6325,10.451,10.2694,10.0878,9.9061,9.7243,9.5424,9.3603,9.1841,9.0113,8.8384,8.6653,8.4919,8.3183,8.1445,7.9704,7.7961,7.6261,7.5159,7.4054,7.2948,7.184,7.0729,6.9616,6.8501,6.7383,6.6263,6.5401,6.4771,6.4141,6.351,6.2878,6.2245,6.1611,6.0977,6.0341,5.9705,5.889,5.8073,5.7257,5.6443,5.5631,5.4821,5.4012,5.3206,5.2401,5.2278,5.3026,5.3777,5.4531,5.5288,5.6049,5.6814,5.7582,5.8353,5.9129,5.9911,6.0695,6.1479,6.2264,6.305,6.3836,6.4623,6.5411,6.62,6.68,6.7041,6.728,6.7519,6.7756,6.7992,6.8227,6.8461,6.8693,6.8924,6.7968,6.6709,6.5449,6.4188,6.2926,6.1663,6.0399,5.9135,5.7869,5.648,5.4714,5.295,5.1188,4.9427,4.7667,4.5909,4.4153,4.2398,4.0644,3.9871,3.953,3.9189,3.885,3.8511,3.8173,3.7836,3.75,3.7164,3.6802,3.6268,3.5734,3.5201,3.4669,3.4138,3.3607,3.3077
12.0518,12.0287,12.0052,11.9814,11.9574,11.9331,11.9085,11.8837,11.8586,11.843,11.8282,11.8132,11.798,11.7826,11.7669,11.751,11.7349,11.7186,11.7345,11.8124,11.8901,11.9678,12.0453,12.1227,12.2,12.2772,12.3543,12.4313,12.4249,12.3972,12.3696,12.3421,12.3147,12.2875,12.2603,12.2332,12.2063,12.173,12.1209,12.0689,12.017,11.9652,11.9135,11.8619,11.8104,11.7589,11.7075,11.6295,11.5404,11.4512,11.362,11.2728,11.1836,11.0944,11.0051,10.9158,10.8113,10.6261,10.4409,10.2555,10.0701,9.8846,9.699,9.5133,9.3275,9.1416,8.9564,8.7715,8.5863,8.401,8.2155,8.0297,7.8437,7.6575,7.471,7.2887,7.1726,7.0563,6.9397,6.823,6.706,6.5888,6.4714,6.3537,6.2358,6.1473,6.0863,6.0252,5.9641,5.9028,5.8415,5.7801,5.7186,5.6571,5.5954,5.5234,5.4512,5.3791,5.3072,5.2355,5.164,5.0926,5.0214,4.9505,4.9459,5.0321,5.1187,5.2055,5.2927,5.3803,5.4681,5.5564,5.645,5.734,5.8163,5.8976,5.9789,6.0604,6.1419,6.2235,6.3052,6.3869,6.4687,6.5316,6.5543,6.5769,6.5994,6.6217,6.644,6.6661,6.6881,6.71,6.7318,6.6393,6.5128,6.3862,6.2595,6.1328,6.0059,5.879,5.7519,5.6248,5.4876,5.3143,5.1412,4.9682,4.7954,4.6227,4.4501,4.2777,4.1055,3.9335,3.8539,3.8217,3.7904,3.7621,3.7338,3.7054,3.6771,3.6487,3.6204,3.5899,3.5413,3.4927,3.4441,3.3956,3.3471,3.2986,3.2501
11.9438,11.9281,11.912,11.8957,11.879,11.8622,11.845,11.8276,11.8099,11.8026,11.7961,11.7893,11.7823,11.7751,11.7676,11.7599,11.752,11.744,11.7685,11.8527,11.9367,12.0206,12.1044,12.1881,12.2716,12.3551,12.4385,12.5217,12.5109,12.4773,12.4439,12.4105,12.3773,12.3442,12.3112,12.2782,12.2454,12.2046,12.1405,12.0765,12.0126,11.9488,11.8851,11.8215,11.758,11.6945,11.6311,11.5419,11.4419,11.3419,11.2419,11.1419,11.0419,10.9418,10.8417,10.7416,10.6275,10.4384,10.2493,10.06,9.8707,9.6814,9.4919,9.3023,9.1127,8.9229,8.7288,8.5317,8.3344,8.1369,7.9392,7.7413,7.5431,7.3447,7.146,6.9515,6.8294,6.7072,6.5848,6.4621,6.3393,6.2161,6.0928,5.9692,5.8454,5.7544,5.6954,5.6363,5.5771,5.5178,5.4585,5.399,5.3395,5.2799,5.2202,5.1575,5.0948,5.0322,4.9698,4.9076,4.8456,4.7837,4.722,4.6605,4.6636,4.7613,4.8593,4.9576,5.0562,5.1552,5.2545,5.3541,5.4542,5.5546,5.6413,5.7255,5.8099,5.8943,5.9805,6.0671,6.1535,6.2396,6.3254,6.3922,6.4144,6.4364,6.458,6.4794,6.5003,6.521,6.5413,6.5613,6.5809,6.4919,6.3657,6.2394,6.113,5.9865,5.86,5.7335,5.6069,5.4802,5.3466,5.1836,5.0214,4.8599,4.6991,4.539,4.3798,4.2213,4.0635,3.9066,3.8308,3.8025,3.7743,3.746,3.7177,3.6894,3.6611,3.6328,3.6045,3.5748,3.5266,3.4784,3.4303,3.3822,3.3341,3.286,3.238
11.9045,11.8919,11.8791,11.8662,11.8532,11.84,11.8267,11.8133,11.7997,11.7948,11.7905,11.7863,11.7821,11.7778,11.7736,11.7694,11.7652,11.7609,11.7889,11.8726,11.9565,12.0406,12.1248,12.2092,12.2936,12.3782,12.463,12.5478,12.532,12.4931,12.4544,12.4157,12.3771,12.3386,12.3002,12.2618,12.2235,12.1761,12.1028,12.0295,11.9562,11.883,11.8097,11.7364,11.6632,11.5899,11.5166,11.4179,11.3087,11.1994,11.0901,10.9807,10.8713,10.7618,10.6522,10.5425,10.4197,10.2259,10.032,9.8379,9.6438,9.4495,9.2551,9.0606,8.8659,8.6711,8.4705,8.2661,8.0616,7.857,7.6523,7.4476,7.2427,7.0379,6.8329,6.6319,6.5072,6.3824,6.2575,6.1326,6.0075,5.8824,5.7572,5.632,5.5067,5.4182,5.3674,5.3167,5.2662,5.2159,5.1658,5.1159,5.0662,5.0168,4.9676,4.919,4.8708,4.8229,4.7753,4.728,4.6811,4.6346,4.5884,4.5426,4.5559,4.6617,4.7675,4.8734,4.9793,5.0852,5.1913,5.2973,5.4035,5.5097,5.5964,5.6789,5.7612,5.8434,5.9253,6.0069,6.0884,6.1696,6.2505,6.3135,6.3298,6.3457,6.3614,6.3767,6.3917,6.4063,6.4206,6.4346,6.4482,6.3612,6.2347,6.1081,5.9814,5.8547,5.7279,5.601,5.4741,5.3472,5.2164,5.066,4.9163,4.7673,4.6191,4.4717,4.3249,4.179,4.0338,3.8895,3.8146,3.7863,3.7581,3.7298,3.7016,3.6733,3.645,3.6168,3.5885,3.5596,3.5118,3.4641,3.4164,3.3687,3.3211,3.2734,3.2259
11.8824,11.8736,11.8647,11.8557,11.8465,11.8372,11.8278,11.8182,11.8086,11.8041,11.7999,11.7957,11.7916,11.7874,11.7833,11.7791,11.7749,11.7708,11.7972,11.8738,11.9506,12.0275,12.1046,12.1818,12.2592,12.3367,12.4143,12.492,12.4677,12.4214,12.3752,12.329,12.283,12.237,12.1911,12.1452,12.0995,12.0446,11.9647,11.8848,11.8049,11.725,11.6452,11.5653,11.4854,11.4055,11.3256,11.2201,11.1042,10.9883,10.8723,10.7563,10.6402,10.524,10.4077,10.2914,10.1621,9.9619,9.7616,9.5613,9.3608,9.1602,8.9594,8.7585,8.5575,8.3564,8.1548,7.9529,7.751,7.549,7.3469,7.1448,6.9425,6.7402,6.5379,6.3388,6.2153,6.0917,5.968,5.8442,5.7203,5.5964,5.4724,5.3483,5.2242,5.1414,5.1024,5.0636,5.025,4.9865,4.9483,4.9103,4.8725,4.835,4.7977,4.7619,4.7264,4.6912,4.6564,4.6219,4.5878,4.554,4.5206,4.4876,4.5071,4.6147,4.7224,4.8301,4.9378,5.0456,5.1535,5.2614,5.3694,5.4775,5.561,5.6386,5.716,5.7932,5.8702,5.947,6.0235,6.0998,6.1758,6.2351,6.2454,6.2553,6.265,6.2743,6.2833,6.292,6.3003,6.3083,6.3159,6.2305,6.1037,5.9768,5.8498,5.7228,5.5957,5.4686,5.3414,5.2141,5.0854,4.9476,4.8105,4.6741,4.5384,4.4035,4.2693,4.1359,4.0033,3.8715,3.7984,3.7701,3.7419,3.7137,3.6855,3.6573,3.629,3.6008,3.5726,3.5443,3.497,3.4497,3.4025,3.3552,3.308,3.2608,3.2137
11.8603,11.8554,11.8504,11.8453,11.84,11.8346,11.829,11.8233,11.8175,11.8134,11.8093,11.8052,11.8011,11.797,11.7929,11.7888,11.7847,11.7806,11.8053,11.8748,11.9444,12.0142,12.0842,12.1543,12.2246,12.295,12.3655,12.4361,12.4033,12.3495,12.2958,12.2422,12.1887,12.1353,12.0819,12.0286,11.9754,11.9131,11.8266,11.74,11.6535,11.5671,11.4806,11.3941,11.3076,11.2211,11.1345,11.0223,10.8998,10.7772,10.6545,10.5318,10.4091,10.2862,10.1633,10.0403,9.9044,9.6979,9.4913,9.2846,9.0778,8.8708,8.6637,8.4565,8.2491,8.0416,7.839,7.6398,7.4404,7.241,7.0415,6.8419,6.6423,6.4426,6.2428,6.0457,5.9234,5.8009,5.6784,5.5558,5.4331,5.3103,5.1875,5.0646,4.9416,4.8642,4.8371,4.8102,4.7835,4.7569,4.7306,4.7045,4.6786,4.6529,4.6275,4.6043,4.5816,4.5592,4.5372,4.5155,4.4941,4.4731,4.4524,4.4322,4.4582,4.5677,4.6772,4.7867,4.8963,5.006,5.1157,5.2255,5.3353,5.4452,5.5258,5.5985,5.671,5.7433,5.8154,5.8872,5.9588,6.0302,6.1013,6.157,6.1612,6.1652,6.1689,6.1722,6.1752,6.1779,6.1802,6.1822,6.1839,6.0998,5.9727,5.8455,5.7183,5.591,5.4636,5.3362,5.2087,5.0812,4.9537,4.8285,4.7039,4.58,4.4569,4.3345,4.2129,4.0921,3.972,3.8527,3.7821,3.7539,3.7258,3.6976,3.6694,3.6412,3.613,3.5848,3.5566,3.5284,3.4822,3.4354,3.3885,3.3417,3.2949,3.2482,3.2014
11.8384,11.8374,11.8363,11.835,11.8336,11.832,11.8303,11.8285,11.8266,11.8227,11.8186,11.8146,11.8106,11.8066,11.8026,11.7985,11.7945,11.7905,11.8132,11.8756,11.9381,12.0008,12.0637,12.1267,12.1898,12.2531,12.3165,12.38,12.3387,12.2775,12.2163,12.1553,12.0943,12.0334,11.9726,11.9119,11.8512,11.7815,11.6884,11.5952,11.5021,11.409,11.3159,11.2228,11.1297,11.0366,10.9435,10.8245,10.6953,10.5661,10.4368,10.3074,10.178,10.0485,9.9189,9.7892,9.6468,9.4339,9.221,9.0079,8.7948,8.5815,8.3681,8.1545,7.9408,7.727,7.5233,7.3266,7.1298,6.933,6.7361,6.5391,6.342,6.1449,5.9477,5.7526,5.6314,5.5101,5.3888,5.2674,5.1458,5.0243,4.9026,4.7809,4.6591,4.5868,4.5716,4.5566,4.5417,4.5271,4.5126,4.4983,4.4843,4.4705,4.457,4.4465,4.4365,4.4269,4.4176,4.4086,4.4,4.3917,4.3838,4.3763,4.4093,4.5206,4.6319,4.7433,4.8548,4.9663,5.0778,5.1894,5.3011,5.4128,5.4908,5.5586,5.6262,5.6936,5.7608,5.8277,5.8944,5.9608,6.0271,6.0791,6.0774,6.0754,6.0731,6.0704,6.0674,6.0641,6.0605,6.0565,6.0521,5.9691,5.8417,5.7142,5.5867,5.4591,5.3315,5.2038,5.076,4.9482,4.8213,4.7086,4.5965,4.4852,4.3746,4.2648,4.1557,4.0474,3.9399,3.8331,3.7659,3.7377,3.7096,3.6814,3.6533,3.6251,3.597,3.5688,3.5406,3.5125,3.4674,3.4209,3.3745,3.3282,3.2818,3.2355,3.1892
11.8167,11.8195,11.8223,11.8248,11.8273,11.8296,11.8318,11.8339,11.8358,11.832,11.828,11.8241,11.8201,11.8162,11.8122,11.8083,11.8043,11.8004,11.8209,11.8762,11.9317,11.9873,12.043,12.0989,12.155,12.2111,12.2674,12.3238,12.274,12.2053,12.1368,12.0683,11.9999,11.9315,11.8633,11.7951,11.7269,11.6498,11.5501,11.4504,11.3507,11.2509,11.1512,11.0515,10.9518,10.8521,10.7523,10.6267,10.4908,10.3549,10.2189,10.0829,9.9468,9.8107,9.6744,9.5381,9.3891,9.17,8.9507,8.7313,8.5118,8.2922,8.0724,7.8526,7.6325,7.4124,7.2075,7.0134,6.8192,6.6249,6.4306,6.2362,6.0417,5.8472,5.6525,5.4595,5.3394,5.2193,5.0992,4.9789,4.8586,4.7382,4.6177,4.4971,4.3765,4.3092,4.3059,4.3027,4.2997,4.2969,4.2943,4.2919,4.2897,4.2878,4.2861,4.2882,4.291,4.2941,4.2976,4.3013,4.3055,4.31,4.3148,4.3201,4.3603,4.4734,4.5866,4.6998,4.8131,4.9265,5.0399,5.1533,5.2668,5.3804,5.456,5.5189,5.5816,5.6441,5.7063,5.7684,5.8302,5.8917,5.953,6.0015,5.9938,5.9858,5.9775,5.9689,5.96,5.9507,5.941,5.9311,5.9207,5.8384,5.7108,5.583,5.4552,5.3273,5.1994,5.0714,4.9433,4.8152,4.6882,4.5879,4.4884,4.3896,4.2916,4.1943,4.0977,4.0019,3.9069,3.8127,3.7496,3.7215,3.6934,3.6653,3.6372,3.6091,3.5809,3.5528,3.5247,3.4965,3.4525,3.4065,3.3605,3.3146,3.2686,3.2227,3.1769
11.7951,11.8018,11.8084,11.8148,11.8211,11.8273,11.8334,11.8393,11.8451,11.8413,11.8374,11.8335,11.8296,11.8257,11.8219,11.818,11.8141,11.8102,11.8285,11.8767,11.9251,11.9736,12.0222,12.071,12.12,12.169,12.2182,12.2675,12.2092,12.1331,12.0571,11.9811,11.9053,11.8295,11.7538,11.6781,11.6025,11.5181,11.4118,11.3054,11.1991,11.0928,10.9865,10.8802,10.7739,10.6676,10.5612,10.4288,10.2863,10.1437,10.0011,9.8585,9.7157,9.5729,9.43,9.2871,9.1315,8.906,8.6804,8.4547,8.2289,8.0029,7.7768,7.5506,7.3243,7.0978,6.8917,6.7002,6.5085,6.3169,6.1251,5.9333,5.7414,5.5494,5.3574,5.1663,5.0475,4.9285,4.8095,4.6904,4.5713,4.452,4.3327,4.2133,4.0939,4.0313,4.0398,4.0485,4.0574,4.0664,4.0757,4.0852,4.0949,4.1048,4.115,4.1296,4.1452,4.161,4.1772,4.1937,4.2106,4.2278,4.2454,4.2634,4.3112,4.4262,4.5412,4.6563,4.7714,4.8866,5.0018,5.1171,5.2325,5.3479,5.4214,5.4794,5.5372,5.5948,5.6521,5.7093,5.7662,5.8228,5.8792,5.9242,5.9106,5.8966,5.8823,5.8677,5.8528,5.8375,5.8219,5.806,5.7897,5.7078,5.5798,5.4518,5.3237,5.1955,5.0673,4.939,4.8107,4.6823,4.5543,4.4666,4.3796,4.2933,4.2078,4.123,4.0389,3.9557,3.8732,3.7915,3.7334,3.7053,3.6772,3.6492,3.6211,3.593,3.5649,3.5368,3.5087,3.4806,3.4376,3.392,3.3465,3.3009,3.2555,3.21,3.1646
11.7736,11.7842,11.7946,11.8049,11.8151,11.8252,11.8351,11.8449,11.8544,11.8506,11.8468,11.843,11.8391,11.8353,11.8315,11.8277,11.8239,11.8201,11.8359,11.877,11.9183,11.9597,12.0013,12.043,12.0848,12.1268,12.1689,12.2111,12.1443,12.0607,11.9772,11.8939,11.8106,11.7274,11.6442,11.5611,11.4781,11.3863,11.2733,11.1604,11.0475,10.9346,10.8217,10.7088,10.5959,10.483,10.37,10.2309,10.0818,9.9325,9.7833,9.634,9.4846,9.3351,9.1856,9.036,8.8739,8.6421,8.4102,8.1781,7.946,7.7137,7.4813,7.2488,7.0161,6.7833,6.5758,6.3869,6.1979,6.0088,5.8196,5.6303,5.441,5.2516,5.0621,4.8731,4.7555,4.6377,4.5199,4.402,4.284,4.1659,4.0478,3.9295,3.8113,3.7532,3.7736,3.7941,3.8148,3.8357,3.8568,3.8781,3.8997,3.9215,3.9435,3.9707,3.999,4.0275,4.0564,4.0857,4.1153,4.1452,4.1756,4.2063,4.2621,4.3789,4.4957,4.6127,4.7296,4.8467,4.9637,5.0809,5.1981,5.3153,5.387,5.4401,5.493,5.5457,5.5981,5.6504,5.7024,5.7541,5.8056,5.8472,5.8276,5.8076,5.7874,5.7668,5.7459,5.7246,5.7031,5.6812,5.6589,5.5772,5.4489,5.3206,5.1922,5.0637,4.9352,4.8067,4.678,4.5494,4.4206,4.3444,4.27,4.1962,4.1232,4.0509,3.9794,3.9086,3.8386,3.7695,3.7171,3.6891,3.6611,3.633,3.605,3.5769,3.5489,3.5208,3.4928,3.4647,3.4226,3.3775,3.3324,3.2873,3.2422,3.1972,3.1522
11.7523,11.7667,11.781,11.7952,11.8092,11.8231,11.8369,11.8506,11.8637,11.8599,11.8562,11.8524,11.8487,11.8449,11.8412,11.8374,11.8337,11.83,11.8432,11.8772,11.9113,11.9457,11.9801,12.0148,12.0495,12.0844,12.1194,12.1545,12.0792,11.9882,11.8973,11.8065,11.7158,11.6251,11.5346,11.444,11.3536,11.2544,11.1349,11.0154,10.8959,10.7764,10.6569,10.5374,10.4179,10.2984,10.1788,10.033,9.8772,9.7213,9.5654,9.4095,9.2534,9.0973,8.9412,8.7849,8.6163,8.3782,8.1399,7.9016,7.6631,7.4245,7.1858,6.9469,6.7079,6.4688,6.26,6.0736,5.8872,5.7006,5.514,5.3274,5.1406,4.9538,4.7669,4.58,4.4634,4.3469,4.2302,4.1135,3.9966,3.8797,3.7628,3.6457,3.5286,3.4748,3.507,3.5394,3.572,3.6047,3.6376,3.6708,3.7042,3.7378,3.7717,3.8114,3.8524,3.8937,3.9353,3.9773,4.0196,4.0623,4.1053,4.1487,4.2129,4.3315,4.4502,4.569,4.6878,4.8067,4.9256,5.0446,5.1636,5.2827,5.3528,5.401,5.449,5.4968,5.5443,5.5917,5.6388,5.6857,5.7323,5.7705,5.7449,5.7189,5.6927,5.6662,5.6393,5.6121,5.5845,5.5567,5.5284,5.4465,5.318,5.1894,5.0607,4.932,4.8032,4.6743,4.5454,4.4165,4.2874,4.2216,4.1596,4.0983,4.0378,3.978,3.919,3.8608,3.8033,3.7466,3.7009,3.6729,3.6449,3.6169,3.5889,3.5608,3.5328,3.5048,3.4768,3.4488,3.4077,3.363,3.3183,3.2736,3.229,3.1844,3.1398
11.7311,11.7494,11.7675,11.7856,11.8035,11.8212,11.8389,11.8564,11.8729,11.8692,11.8655,11.8619,11.8582,11.8545,11.8508,11.8472,11.8435,11.8398,11.8503,11.8772,11.9043,11.9315,11.9589,11.9864,12.0141,12.0419,12.0698,12.0978,12.014,11.9156,11.8173,11.719,11.6209,11.5228,11.4248,11.3268,11.2289,11.1225,10.9963,10.8702,10.7441,10.6181,10.492,10.3659,10.2398,10.1137,9.9876,9.835,9.6726,9.5101,9.3476,9.185,9.0223,8.8596,8.6967,8.5339,8.3587,8.1143,7.8697,7.625,7.3802,7.1353,6.8903,6.6451,6.3998,6.1544,5.9441,5.7603,5.5764,5.3925,5.2084,5.0243,4.8402,4.6559,4.4716,4.2872,4.1714,4.056,3.9405,3.8249,3.7093,3.5936,3.4778,3.3619,3.2459,3.1962,3.2402,3.2844,3.3288,3.3734,3.4182,3.4632,3.5084,3.5539,3.5996,3.6517,3.7055,3.7595,3.8138,3.8685,3.9235,3.9789,4.0347,4.0908,4.1636,4.2841,4.4046,4.5252,4.6459,4.7666,4.8874,5.0082,5.129,5.25,5.3188,5.3621,5.4052,5.4481,5.4908,5.5332,5.5754,5.6174,5.6591,5.694,5.6624,5.6305,5.5983,5.5658,5.533,5.4998,5.4663,5.4325,5.3983,5.3159,5.1871,5.0582,4.9292,4.8002,4.6712,4.542,4.4128,4.2836,4.1542,4.0979,4.0485,3.9997,3.9517,3.9044,3.8579,3.8121,3.7671,3.7229,3.6846,3.6567,3.6287,3.6007,3.5727,3.5448,3.5168,3.4888,3.4608,3.4328,3.3927,3.3484,3.3041,3.2599,3.2157,3.1715,3.1274
11.71,11.7322,11.7542,11.7761,11.7978,11.8194,11.8409,11.8623,11.8821,11.8785,11.8749,11.8713,11.8677,11.8641,11.8605,11.8569,11.8533,11.8497,11.8572,11.877,11.897,11.9172,11.9375,11.9579,11.9785,11.9992,12.02,12.041,11.9487,11.8428,11.7371,11.6314,11.5259,11.4204,11.3149,11.2096,11.1042,10.9904,10.8577,10.725,10.5924,10.4597,10.327,10.1944,10.0617,9.929,9.7963,9.6371,9.468,9.2989,9.1297,8.9604,8.7911,8.6218,8.4523,8.2828,8.1012,7.8504,7.5995,7.3485,7.0974,6.8462,6.5948,6.3434,6.0917,5.84,5.6282,5.447,5.2657,5.0843,4.9028,4.7213,4.5397,4.358,4.1763,3.9945,3.8794,3.7651,3.6508,3.5364,3.4219,3.3073,3.1927,3.078,2.9632,2.9173,2.9732,3.0292,3.0854,3.1418,3.1984,3.2553,3.3123,3.3696,3.4271,3.4918,3.5582,3.6249,3.6919,3.7593,3.827,3.8951,3.9636,4.0324,4.1143,4.2366,4.359,4.4814,4.6039,4.7265,4.8491,4.9717,5.0944,5.2172,5.285,5.3234,5.3616,5.3996,5.4374,5.475,5.5123,5.5494,5.5862,5.6178,5.5803,5.5424,5.5043,5.4658,5.427,5.3879,5.3484,5.3086,5.2684,5.1853,5.0562,4.927,4.7978,4.6685,4.5391,4.4097,4.2802,4.1507,4.0211,3.9736,3.9366,3.9003,3.8648,3.83,3.796,3.7627,3.7302,3.6985,3.6684,3.6404,3.6125,3.5846,3.5566,3.5287,3.5007,3.4728,3.4448,3.4169,3.3776,3.3338,3.29,3.2462,3.2024,3.1586,3.1149
11.6891,11.7151,11.741,11.7667,11.7923,11.8178,11.8431,11.8684,11.8914,11.8879,11.8843,11.8808,11.8772,11.8737,11.8702,11.8666,11.8631,11.8596,11.8639,11.8767,11.8896,11.9027,11.9159,11.9293,11.9428,11.9564,11.9702,11.984,11.8833,11.77,11.6568,11.5437,11.4307,11.3178,11.205,11.0922,10.9794,10.8583,10.719,10.5798,10.4405,10.3013,10.162,10.0228,9.8835,9.7443,9.605,9.439,9.2633,9.0876,8.9118,8.7359,8.56,8.384,8.2079,8.0318,7.8436,7.5865,7.3293,7.072,6.8146,6.5571,6.2994,6.0416,5.7837,5.5256,5.3123,5.1336,4.9549,4.7761,4.5972,4.4182,4.2392,4.0601,3.8809,3.7017,3.5873,3.4742,3.3611,3.2478,3.1345,3.0211,2.9077,2.7941,2.6805,2.6382,2.7059,2.7737,2.8418,2.91,2.9784,3.047,3.1159,3.185,3.2544,3.3314,3.4105,3.4899,3.5697,3.6497,3.7302,3.8109,3.8921,3.9736,4.0649,4.1891,4.3133,4.4376,4.5619,4.6863,4.8107,4.9352,5.0597,5.1843,5.2513,5.2849,5.3182,5.3514,5.3843,5.4169,5.4494,5.4816,5.5135,5.5419,5.4984,5.4546,5.4105,5.366,5.3213,5.2762,5.2308,5.185,5.1389,5.0548,4.9254,4.7959,4.6664,4.5368,4.4071,4.2774,4.1477,4.0178,3.8879,3.8485,3.824,3.8002,3.7771,3.7548,3.7332,3.7124,3.6924,3.6732,3.6521,3.6242,3.5963,3.5684,3.5405,3.5126,3.4847,3.4568,3.4289,3.4009,3.3626,3.3191,3.2757,3.2324,3.189,3.1457,3.1024
11.6683,11.6981,11.7279,11.7575,11.7869,11.8162,11.8454,11.8745,11.9007,11.8972,11.8937,11.8902,11.8868,11.8833,11.8798,11.8764,11.8729,11.8694,11.8705,11.8762,11.882,11.888,11.8942,11.9005,11.9069,11.9135,11.9202,11.927,11.8177,11.697,11.5764,11.4559,11.3355,11.2152,11.0949,10.9747,10.8546,10.7261,10.5803,10.4344,10.2886,10.1428,9.997,9.8512,9.7054,9.5595,9.4136,9.241,9.0587,8.8763,8.6939,8.5114,8.3288,8.1462,7.9635,7.7807,7.586,7.3226,7.0592,6.7956,6.5319,6.268,6.0041,5.74,5.4757,5.2114,4.9963,4.8203,4.6441,4.4679,4.2915,4.1151,3.9387,3.7621,3.5855,3.4089,3.2952,3.1833,3.0713,2.9592,2.8471,2.7349,2.6226,2.5102,2.3978,2.3588,2.4383,2.518,2.5978,2.6779,2.7581,2.8385,2.9192,3.0001,3.0813,3.1707,3.2625,3.3546,3.447,3.5398,3.6329,3.7264,3.8202,3.9144,4.0155,4.1415,4.2675,4.3936,4.5198,4.646,4.7723,4.8986,5.025,5.1514,5.2179,5.2466,5.275,5.3033,5.3313,5.3591,5.3867,5.414,5.4411,5.4662,5.4168,5.367,5.317,5.2666,5.2159,5.1648,5.1135,5.0618,5.0097,4.9242,4.7945,4.6648,4.535,4.4051,4.2751,4.1452,4.0151,3.885,3.7548,3.7226,3.7106,3.6993,3.6887,3.6788,3.6697,3.6614,3.6538,3.6471,3.6358,3.608,3.5801,3.5523,3.5244,3.4965,3.4686,3.4408,3.4129,3.385,3.3475,3.3045,3.2615,3.2186,3.1757,3.1328,3.0899
11.6476,11.6813,11.7149,11.7484,11.7817,11.8148,11.8479,11.8808,11.9099,11.9065,11.9031,11.8997,11.8963,11.8929,11.8895,11.8861,11.8827,11.8793,11.8769,11.8755,11.8743,11.8733,11.8723,11.8716,11.8709,11.8704,11.8701,11.8698,11.752,11.6239,11.4959,11.368,11.2402,11.1124,10.9848,10.8572,10.7296,10.5939,10.4415,10.2891,10.1367,9.9843,9.8319,9.6795,9.5271,9.3747,9.2223,9.0429,8.854,8.665,8.4759,8.2868,8.0976,7.9084,7.7191,7.5297,7.3285,7.0588,6.789,6.5191,6.2491,5.979,5.7087,5.4383,5.1678,4.8971,4.6804,4.5069,4.3333,4.1596,3.9858,3.812,3.6381,3.4641,3.2901,3.116,3.0031,2.8923,2.7815,2.6706,2.5596,2.4486,2.3375,2.2263,2.115,2.0792,2.1705,2.262,2.3536,2.4454,2.5375,2.6297,2.7222,2.8149,2.9079,3.0097,3.1141,3.2189,3.324,3.4295,3.5353,3.6414,3.7479,3.8548,3.9659,4.0938,4.2217,4.3496,4.4776,4.6056,4.7337,4.8619,4.9901,5.1184,5.1847,5.2085,5.2321,5.2554,5.2786,5.3015,5.3242,5.3466,5.3688,5.3908,5.3355,5.2798,5.2238,5.1674,5.1108,5.0538,4.9965,4.9388,4.8808,4.7937,4.6637,4.5336,4.4036,4.2734,4.1432,4.0129,3.8826,3.7522,3.6217,3.596,3.5964,3.5976,3.5995,3.6021,3.6055,3.6096,3.6145,3.622,3.631,3.6126,3.594,3.575,3.5559,3.5364,3.5166,3.4966,3.4762,3.4556,3.4251,3.3878,3.3501,3.3118,3.273,3.2337,3.1939
11.6271,11.6647,11.7021,11.7394,11.7765,11.8135,11.8504,11.8872,11.9192,11.9158,11.9125,11.9092,11.9058,11.9025,11.8992,11.8958,11.8925,11.8892,11.8831,11.8747,11.8664,11.8583,11.8503,11.8425,11.8348,11.8272,11.8198,11.8125,11.6862,11.5507,11.4153,11.28,11.1448,11.0096,10.8745,10.7395,10.6045,10.4616,10.3026,10.1436,9.9847,9.8257,9.6668,9.5078,9.3488,9.1899,9.0308,8.8448,8.6493,8.4536,8.258,8.0622,7.8665,7.6706,7.4747,7.2786,7.0709,6.795,6.5189,6.2427,5.9664,5.69,5.4134,5.1367,4.8599,4.5829,4.3644,4.1934,4.0224,3.8513,3.6801,3.5089,3.3375,3.1661,2.9947,2.8231,2.711,2.6014,2.4917,2.382,2.2722,2.1623,2.0523,1.9423,1.8322,1.7993,1.9024,2.0057,2.1091,2.2128,2.3166,2.4206,2.5249,2.6294,2.7342,2.8483,2.9654,3.0829,3.2006,3.3188,3.4372,3.556,3.6752,3.7948,3.9164,4.0461,4.1758,4.3055,4.4354,4.5652,4.6952,4.8252,4.9552,5.0915,5.1661,5.1934,5.2207,5.248,5.2751,5.3022,5.3292,5.3562,5.383,5.4097,5.3608,5.3101,5.2593,5.2085,5.1576,5.1068,5.0559,5.005,4.9541,4.8778,4.7593,4.6409,4.5225,4.4042,4.286,4.1678,4.0498,3.9317,3.8138,3.798,3.8118,3.8256,3.8392,3.8528,3.8663,3.8798,3.8931,3.9064,3.9132,3.8895,3.8655,3.8412,3.8167,3.7919,3.7668,3.7414,3.7157,3.6897,3.653,3.6078,3.5622,3.5161,3.4694,3.4222,3.3745
11.7247,11.757,11.7895,11.8222,11.855,11.8879,11.9211,11.9543,11.9818,11.9705,11.9595,11.9488,11.9383,11.9282,11.9183,11.9086,11.8992,11.89,11.875,11.855,11.8353,11.816,11.7969,11.7781,11.7596,11.7414,11.7234,11.7056,11.5753,11.4373,11.2992,11.161,11.0229,10.8846,10.7463,10.6079,10.4695,10.3235,10.1628,10.0019,9.841,9.68,9.519,9.3578,9.1966,9.0354,8.874,8.6866,8.49,8.2933,8.0966,7.8998,7.703,7.5061,7.3093,7.1124,6.9043,6.6296,6.355,6.0804,5.8058,5.5313,5.2568,4.9824,4.7081,4.4338,4.2212,4.0596,3.8982,3.7369,3.5758,3.4149,3.2542,3.0937,2.9335,2.7735,2.6736,2.5771,2.481,2.3852,2.2898,2.1948,2.1002,2.006,1.9123,1.8936,2.0125,2.1317,2.2511,2.3709,2.4909,2.6113,2.7319,2.8529,2.9743,3.1017,3.2313,3.3611,3.491,3.6211,3.7514,3.8818,4.0125,4.1433,4.2747,4.4085,4.5422,4.676,4.8096,4.9433,5.0769,5.2104,5.3439,5.4773,5.5494,5.5722,5.5949,5.6176,5.6401,5.6626,5.685,5.7074,5.7296,5.7518,5.7019,5.6485,5.5951,5.5417,5.4883,5.4348,5.3813,5.3278,5.2743,5.1977,5.0786,4.9595,4.8404,4.7215,4.6026,4.4837,4.365,4.2463,4.1276,4.1056,4.1166,4.1274,4.1382,4.1489,4.1596,4.1701,4.1806,4.191,4.1958,4.1667,4.1374,4.1078,4.0779,4.0477,4.0173,3.9865,3.9555,3.9242,3.8814,3.8284,3.7749,3.7209,3.6664,3.6113,3.5557
11.8348,11.8633,11.892,11.9208,11.9498,11.979,12.0083,12.0378,12.0599,12.0395,12.0193,11.9994,11.9798,11.9605,11.9414,11.9226,11.904,11.8856,11.8583,11.8237,11.7894,11.7554,11.7217,11.6883,11.6551,11.6222,11.5895,11.5571,11.4254,11.2879,11.1503,11.0127,10.875,10.7373,10.5995,10.4616,10.3237,10.1792,10.022,9.8647,9.7074,9.55,9.3925,9.2349,9.0773,8.9196,8.7619,8.5803,8.3903,8.2004,8.0104,7.8203,7.6302,7.4401,7.2499,7.0597,6.859,6.5953,6.3316,6.068,5.8044,5.5408,5.2773,5.0139,4.7506,4.4873,4.2868,4.139,3.9914,3.8439,3.6967,3.5496,3.4027,3.2561,3.1096,2.9635,2.8798,2.8002,2.7209,2.642,2.5635,2.4854,2.4076,2.3303,2.2534,2.2461,2.3723,2.4988,2.6255,2.7525,2.8799,3.0075,3.1354,3.2637,3.3923,3.5224,3.6532,3.7841,3.9152,4.0465,4.1779,4.3096,4.4414,4.5734,4.7051,4.8339,4.9627,5.0915,5.2203,5.349,5.4777,5.6063,5.7349,5.8634,5.933,5.9511,5.9693,5.9873,6.0053,6.0232,6.041,6.0588,6.0764,6.094,6.0431,5.9871,5.9311,5.8751,5.819,5.7629,5.7068,5.6507,5.5945,5.5177,5.3979,5.2781,5.1584,5.0388,4.9192,4.7997,4.6802,4.5608,4.4415,4.4134,4.4215,4.4295,4.4374,4.4452,4.453,4.4607,4.4682,4.4757,4.4787,4.4443,4.4096,4.3747,4.3394,4.3039,4.2682,4.2321,4.1957,4.1591,4.1105,4.0496,3.9882,3.9263,3.8639,3.801,3.7375
11.9447,11.9694,11.9943,12.0193,12.0446,12.0699,12.0954,12.1211,12.1378,12.1082,12.0789,12.0498,12.0211,11.9926,11.9643,11.9364,11.9086,11.8811,11.8414,11.7921,11.7431,11.6945,11.6461,11.5981,11.5503,11.5027,11.4554,11.4083,11.2755,11.1385,11.0015,10.8643,10.7272,10.5899,10.4526,10.3153,10.1779,10.0348,9.8812,9.7276,9.5738,9.42,9.2661,9.1121,8.958,8.8039,8.6498,8.474,8.2908,8.1075,7.9242,7.7408,7.5574,7.374,7.1905,7.0071,6.8137,6.561,6.3083,6.0556,5.8029,5.5503,5.2978,5.0453,4.793,4.5407,4.3522,4.2182,4.0844,3.9508,3.8174,3.6841,3.551,3.4182,3.2856,3.1532,3.0857,3.023,2.9606,2.8986,2.8369,2.7756,2.7147,2.6542,2.5942,2.5985,2.732,2.8657,2.9997,3.134,3.2686,3.4035,3.5387,3.6743,3.8101,3.9431,4.075,4.2071,4.3394,4.4718,4.6044,4.7372,4.8702,5.0034,5.1356,5.2595,5.3834,5.5073,5.6311,5.755,5.8787,6.0024,6.1261,6.2497,6.3167,6.3303,6.3438,6.3573,6.3707,6.384,6.3972,6.4104,6.4234,6.4364,6.3845,6.3259,6.2672,6.2086,6.1499,6.0912,6.0325,5.9737,5.915,5.8378,5.7173,5.5968,5.4764,5.3561,5.2358,5.1156,4.9955,4.8754,4.7554,4.7214,4.7266,4.7317,4.7367,4.7417,4.7466,4.7514,4.7561,4.7607,4.762,4.7222,4.6822,4.6419,4.6014,4.5605,4.5194,4.478,4.4363,4.3943,4.3401,4.2713,4.2021,4.1323,4.062,3.9912,3.9199
12.0545,12.0754,12.0965,12.1177,12.1392,12.1607,12.1824,12.2043,12.2154,12.1766,12.1382,12.1,12.0621,12.0244,11.987,11.9499,11.913,11.8763,11.824,11.7601,11.6965,11.6333,11.5703,11.5076,11.4452,11.383,11.321,11.2593,11.1257,10.9892,10.8526,10.716,10.5793,10.4426,10.3058,10.169,10.0321,9.8905,9.7405,9.5904,9.4402,9.29,9.1397,8.9893,8.8388,8.6883,8.5377,8.3677,8.1912,8.0146,7.838,7.6613,7.4846,7.3079,7.1311,6.9544,6.7683,6.5266,6.2848,6.0431,5.8014,5.5598,5.3182,5.0767,4.8353,4.5939,4.4175,4.2973,4.1774,4.0575,3.9379,3.8184,3.6992,3.5801,3.4613,3.3428,3.2914,3.2455,3.2,3.1548,3.11,3.0655,3.0215,2.9779,2.9347,2.9508,3.0915,3.2325,3.3738,3.5153,3.6572,3.7994,3.9418,4.0846,4.2278,4.3637,4.4968,4.63,4.7635,4.8971,5.0309,5.1649,5.299,5.4333,5.5662,5.6852,5.8043,5.9232,6.0422,6.1611,6.2799,6.3987,6.5175,6.6361,6.7006,6.7096,6.7185,6.7274,6.7362,6.745,6.7536,6.7622,6.7707,6.7791,6.7259,6.6647,6.6034,6.5422,6.4809,6.4196,6.3582,6.2969,6.2355,6.1579,6.0367,5.9155,5.7944,5.6734,5.5525,5.4316,5.3108,5.1901,5.0694,5.0296,5.0319,5.0341,5.0363,5.0383,5.0404,5.0423,5.0441,5.0459,5.0456,5.0005,4.9551,4.9095,4.8636,4.8175,4.771,4.7243,4.6773,4.6299,4.5702,4.4936,4.4165,4.3389,4.2608,4.1821,4.1029
12.1642,12.1813,12.1986,12.216,12.2336,12.2514,12.2693,12.2874,12.2927,12.2448,12.1972,12.1499,12.1028,12.056,12.0095,11.9632,11.9171,11.8713,11.8064,11.7278,11.6496,11.5717,11.4941,11.4168,11.3398,11.2629,11.1864,11.11,10.9758,10.8398,10.7038,10.5677,10.4315,10.2953,10.159,10.0227,9.8863,9.7463,9.5999,9.4533,9.3067,9.16,9.0133,8.8665,8.7196,8.5726,8.4256,8.2615,8.0917,7.9218,7.7519,7.5819,7.4119,7.2418,7.0718,6.9017,6.723,6.4922,6.2614,6.0306,5.7999,5.5692,5.3386,5.108,4.8775,4.6471,4.4827,4.3763,4.2701,4.1641,4.0583,3.9526,3.8472,3.7419,3.6369,3.5322,3.4969,3.4678,3.4391,3.4107,3.3828,3.3551,3.3279,3.3011,3.2748,3.3028,3.4508,3.5991,3.7476,3.8965,4.0456,4.195,4.3448,4.4948,4.6452,4.7843,4.9185,5.053,5.1876,5.3224,5.4573,5.5925,5.7278,5.8633,5.997,6.1112,6.2253,6.3393,6.4534,6.5673,6.6813,6.7952,6.909,7.0228,7.0847,7.0891,7.0935,7.0978,7.102,7.1061,7.1102,7.1142,7.1181,7.1219,7.0675,7.0037,6.9398,6.8759,6.812,6.7481,6.6842,6.6202,6.5562,6.478,6.3561,6.2343,6.1125,5.9908,5.8692,5.7477,5.6262,5.5048,5.3834,5.3379,5.3373,5.3367,5.336,5.3352,5.3343,5.3334,5.3323,5.3312,5.3296,5.2791,5.2285,5.1775,5.1263,5.0748,5.023,4.971,4.9186,4.866,4.801,4.7165,4.6315,4.5461,4.4601,4.3736,4.2865
12.2737,12.287,12.3005,12.3142,12.328,12.3419,12.3561,12.3703,12.3697,12.3127,12.2559,12.1995,12.1433,12.0874,12.0317,11.9763,11.9211,11.8661,11.7884,11.6952,11.6024,11.5099,11.4177,11.3257,11.2341,11.1426,11.0515,10.9605,10.826,10.6905,10.5549,10.4193,10.2837,10.148,10.0122,9.8764,9.7405,9.6021,9.4592,9.3163,9.1732,9.0301,8.8869,8.7437,8.6004,8.457,8.3135,8.1553,7.9922,7.829,7.6657,7.5024,7.3391,7.1757,7.0124,6.849,6.6776,6.4578,6.2379,6.0181,5.7983,5.5785,5.3589,5.1392,4.9197,4.7003,4.5477,4.4552,4.3628,4.2706,4.1785,4.0866,3.995,3.9035,3.8123,3.7213,3.7021,3.6899,3.678,3.6664,3.6552,3.6445,3.6341,3.6241,3.6146,3.6548,3.81,3.9655,4.1213,4.2774,4.4338,4.5905,4.7475,4.9048,5.0625,5.2048,5.3403,5.4759,5.6116,5.7476,5.8837,6.02,6.1565,6.2932,6.428,6.5373,6.6464,6.7556,6.8647,6.9738,7.0829,7.1918,7.3008,7.4097,7.4689,7.4688,7.4686,7.4683,7.4679,7.4675,7.467,7.4664,7.4658,7.465,7.4092,7.3428,7.2763,7.2098,7.1433,7.0767,7.0102,6.9436,6.877,6.7981,6.6756,6.5531,6.4306,6.3083,6.186,6.0637,5.9416,5.8195,5.6974,5.6464,5.6429,5.6394,5.6358,5.6322,5.6284,5.6246,5.6207,5.6167,5.6126,5.5581,5.5021,5.4458,5.3893,5.3325,5.2754,5.218,5.1603,5.1024,5.0323,4.9399,4.8471,4.7538,4.66,4.5656,4.4707
12.3831,12.3926,12.4023,12.4122,12.4222,12.4324,12.4427,12.4532,12.4465,12.3803,12.3144,12.2488,12.1835,12.1185,12.0537,11.9891,11.9248,11.8607,11.77,11.6623,11.5548,11.4477,11.3409,11.2344,11.1281,11.0221,10.9163,10.8107,10.6761,10.5411,10.4061,10.271,10.1359,10.0007,9.8654,9.7301,9.5948,9.4579,9.3186,9.1792,9.0398,8.9002,8.7606,8.6209,8.4812,8.3414,8.2015,8.0491,7.8927,7.7362,7.5796,7.423,7.2663,7.1097,6.953,6.7963,6.6322,6.4233,6.2144,6.0055,5.7966,5.5878,5.3791,5.1704,4.9618,4.7533,4.6127,4.5339,4.4553,4.3769,4.2986,4.2205,4.1426,4.0649,3.9875,3.9103,3.907,3.9116,3.9165,3.9218,3.9274,3.9335,3.9399,3.9467,3.954,4.0066,4.1691,4.3318,4.4949,4.6582,4.8219,4.9858,5.1501,5.3146,5.4795,5.6254,5.762,5.8987,6.0357,6.1728,6.3101,6.4475,6.5852,6.723,6.8592,6.9635,7.0678,7.1721,7.2763,7.3805,7.4846,7.5887,7.6927,7.7967,7.8534,7.8487,7.8439,7.839,7.8341,7.8291,7.824,7.8189,7.8136,7.8083,7.7511,7.682,7.6129,7.5438,7.4747,7.4055,7.3364,7.2672,7.198,7.1183,6.9951,6.8719,6.7488,6.6258,6.5028,6.3799,6.257,6.1342,6.0115,5.955,5.9487,5.9423,5.9359,5.9294,5.9228,5.9161,5.9093,5.9024,5.8955,5.8375,5.7761,5.7145,5.6527,5.5905,5.5281,5.4654,5.4024,5.3391,5.2641,5.164,5.0633,4.9621,4.8605,4.7583,4.6555
12.4924,12.4981,12.504,12.5101,12.5163,12.5227,12.5292,12.5359,12.523,12.4477,12.3727,12.298,12.2235,12.1493,12.0754,12.0017,11.9282,11.855,11.7513,11.629,11.507,11.3852,11.2638,11.1427,11.0218,10.9012,10.7808,10.6607,10.5263,10.3918,10.2573,10.1227,9.9881,9.8534,9.7186,9.5838,9.449,9.3138,9.1781,9.0422,8.9063,8.7704,8.6343,8.4982,8.362,8.2258,8.0895,7.943,7.7932,7.6434,7.4935,7.3436,7.1936,7.0436,6.8936,6.7435,6.5868,6.3888,6.1908,5.9929,5.795,5.5971,5.3993,5.2015,5.0038,4.8062,4.6775,4.6125,4.5477,4.483,4.4185,4.3542,4.2901,4.2262,4.1625,4.0991,4.1117,4.1331,4.1548,4.1769,4.1993,4.2222,4.2454,4.269,4.2931,4.3582,4.5279,4.6979,4.8683,5.0388,5.2097,5.3809,5.5524,5.7243,5.8964,6.0459,6.1836,6.3216,6.4597,6.5979,6.7364,6.875,7.0138,7.1528,7.2905,7.3899,7.4893,7.5887,7.688,7.7873,7.8865,7.9857,8.0849,8.1839,8.238,8.2287,8.2194,8.2099,8.2005,8.1909,8.1812,8.1715,8.1617,8.1518,8.093,8.0213,7.9496,7.8779,7.8062,7.7344,7.6627,7.5909,7.5191,7.4386,7.3146,7.1908,7.067,6.9433,6.8196,6.696,6.5725,6.449,6.3256,6.2639,6.2547,6.2454,6.2361,6.2267,6.2172,6.2077,6.198,6.1883,6.1785,6.1171,6.0505,5.9836,5.9164,5.849,5.7812,5.7132,5.6449,5.5763,5.4965,5.3885,5.28,5.171,5.0615,4.9515,4.8409
12.6015,12.6034,12.6056,12.6078,12.6103,12.6129,12.6156,12.6185,12.5992,12.5148,12.4307,12.3468,12.2632,12.1799,12.0969,12.0141,11.9315,11.8491,11.7323,11.5954,11.4587,11.3225,11.1865,11.0507,10.9153,10.7801,10.6451,10.5104,10.3765,10.2425,10.1085,9.9744,9.8403,9.7061,9.5719,9.4376,9.3032,9.1697,9.0375,8.9053,8.7729,8.6405,8.5081,8.3755,8.2429,8.1102,7.9775,7.8369,7.6938,7.5506,7.4074,7.2642,7.1209,6.9775,6.8342,6.6908,6.5414,6.3543,6.1673,5.9802,5.7932,5.6063,5.4194,5.2325,5.0458,4.8591,4.7423,4.691,4.64,4.589,4.5383,4.4877,4.4374,4.3872,4.3373,4.2877,4.3162,4.3544,4.3929,4.4317,4.471,4.5106,4.5506,4.591,4.6319,4.7097,4.8867,5.0639,5.2415,5.4193,5.5974,5.7759,5.9546,6.1337,6.3131,6.4663,6.6053,6.7443,6.8836,7.0231,7.1627,7.3025,7.4425,7.5826,7.722,7.8165,7.911,8.0055,8.0999,8.1943,8.2886,8.3829,8.4772,8.5714,8.6228,8.609,8.5951,8.5811,8.567,8.5529,8.5386,8.5244,8.51,8.4955,8.4351,8.3608,8.2865,8.2122,8.1378,8.0635,7.9891,7.9147,7.8403,7.7588,7.6342,7.5097,7.3852,7.2608,7.1365,7.0122,6.888,6.7639,6.6398,6.5729,6.5608,6.5487,6.5365,6.5243,6.5119,6.4995,6.487,6.4744,6.4617,6.3972,6.3252,6.253,6.1805,6.1077,6.0347,5.9614,5.8877,5.8138,5.7295,5.6137,5.4974,5.3805,5.2632,5.1453,5.0269
12.7105,12.7087,12.707,12.7055,12.7041,12.7029,12.7019,12.701,12.6752,12.5816,12.4884,12.3954,12.3027,12.2103,12.1181,12.0262,11.9345,11.843,11.7129,11.5614,11.4102,11.2593,11.1088,10.9585,10.8085,10.6587,10.5091,10.3601,10.2267,10.0932,9.9597,9.8261,9.6925,9.5588,9.4251,9.2913,9.1574,9.0256,8.897,8.7683,8.6396,8.5107,8.3818,8.2528,8.1238,7.9947,7.8655,7.7308,7.5944,7.4579,7.3213,7.1847,7.0481,6.9115,6.7748,6.6381,6.496,6.3198,6.1436,5.9675,5.7914,5.6154,5.4394,5.2635,5.0876,4.9119,4.8069,4.7694,4.7321,4.6949,4.6579,4.6211,4.5845,4.5481,4.512,4.4761,4.5204,4.5753,4.6306,4.6863,4.7423,4.7987,4.8554,4.9126,4.9703,5.061,5.2452,5.4297,5.6145,5.7996,5.985,6.1706,6.3566,6.5429,6.7296,6.8868,7.0268,7.1671,7.3075,7.4481,7.5889,7.7299,7.871,8.0124,8.1536,8.2433,8.3329,8.4224,8.512,8.6015,8.6909,8.7803,8.8697,8.959,9.0078,8.9894,8.9709,8.9524,8.9337,8.915,8.8963,8.8774,8.8584,8.8394,8.7773,8.7004,8.6235,8.5465,8.4696,8.3927,8.3157,8.2387,8.1617,8.0791,7.9538,7.8286,7.7035,7.5784,7.4534,7.3285,7.2036,7.0788,6.954,6.882,6.8671,6.8522,6.8371,6.822,6.8068,6.7915,6.7761,6.7606,6.7451,6.6776,6.6003,6.5228,6.445,6.3669,6.2885,6.2099,6.1309,6.0517,5.9631,5.8394,5.7153,5.5906,5.4654,5.3397,5.2135
12.8194,12.8137,12.8083,12.803,12.7979,12.7929,12.7881,12.7834,12.7508,12.6482,12.5458,12.4437,12.3419,12.2404,12.1391,12.0381,11.9373,11.8367,11.6932,11.5271,11.3614,11.1959,11.0308,10.8659,10.7013,10.537,10.3729,10.2097,10.0768,9.9439,9.8109,9.6778,9.5447,9.4115,9.2783,9.145,9.0117,8.8816,8.7566,8.6314,8.5062,8.381,8.2556,8.1302,8.0047,7.8791,7.7535,7.6248,7.495,7.3652,7.2353,7.1054,6.9754,6.8454,6.7154,6.5854,6.4505,6.2852,6.12,5.9548,5.7896,5.6245,5.4594,5.2944,5.1294,4.9646,4.8714,4.8477,4.8241,4.8006,4.7774,4.7543,4.7315,4.7088,4.6864,4.6643,4.7243,4.7961,4.8681,4.9405,5.0133,5.0864,5.16,5.234,5.3084,5.4122,5.6036,5.7954,5.9874,6.1797,6.3723,6.5652,6.7584,6.952,7.1458,7.3072,7.4484,7.5898,7.7314,7.8732,8.0151,8.1573,8.2996,8.4421,8.5847,8.6702,8.7549,8.8396,8.9242,9.0089,9.0934,9.1779,9.2624,9.3468,9.393,9.37,9.347,9.3239,9.3007,9.2774,9.2541,9.2306,9.2071,9.1835,9.1196,9.0401,8.9606,8.8811,8.8015,8.722,8.6424,8.5628,8.4832,8.3995,8.2735,8.1476,8.0218,7.896,7.7703,7.6447,7.5192,7.3937,7.2682,7.1914,7.1736,7.1558,7.1379,7.1199,7.1018,7.0837,7.0654,7.0471,7.0287,6.9583,6.8757,6.7929,6.7098,6.6264,6.5427,6.4588,6.3745,6.29,6.1972,6.0657,5.9337,5.8012,5.6682,5.5347,5.4007
12.9281,12.9187,12.9094,12.9004,12.8915,12.8827,12.8741,12.8656,12.8262,12.7145,12.603,12.4918,12.3809,12.2703,12.1599,12.0498,11.9399,11.8302,11.6731,11.4925,11.3122,11.1322,10.9525,10.7731,10.5939,10.415,10.2364,10.0594,9.9271,9.7946,9.6621,9.5296,9.3969,9.2643,9.1315,8.9988,8.8659,8.7376,8.6162,8.4946,8.3729,8.2512,8.1294,8.0075,7.8856,7.7636,7.6416,7.5187,7.3956,7.2725,7.1492,7.026,6.9027,6.7793,6.656,6.5326,6.405,6.2507,6.0963,5.942,5.7877,5.6335,5.4793,5.3252,5.1712,5.0172,4.9358,4.9258,4.9159,4.9062,4.8967,4.8874,4.8783,4.8694,4.8607,4.8523,4.928,5.0165,5.1053,5.1945,5.284,5.3739,5.4642,5.555,5.6461,5.7632,5.9619,6.1608,6.3601,6.5596,6.7595,6.9596,7.1601,7.3608,7.5619,7.7275,7.8699,8.0125,8.1553,8.2982,8.4413,8.5846,8.7281,8.8717,9.0156,9.0973,9.1771,9.2569,9.3367,9.4164,9.4961,9.5757,9.6553,9.7348,9.7784,9.7508,9.7232,9.6956,9.6678,9.64,9.6121,9.5841,9.556,9.5279,9.462,9.3799,9.2978,9.2157,9.1335,9.0514,8.9692,8.887,8.8048,8.7198,8.5932,8.4666,8.3401,8.2137,8.0873,7.961,7.8348,7.7086,7.5825,7.5009,7.4803,7.4596,7.4388,7.4179,7.397,7.376,7.3549,7.3337,7.3125,7.2394,7.1515,7.0634,6.975,6.8863,6.7973,6.708,6.6185,6.5287,6.4319,6.2926,6.1528,6.0125,5.8716,5.7303,5.5884
13.0367,13.0235,13.0105,12.9976,12.9849,12.9724,12.96,12.9478,12.9013,12.7805,12.6599,12.5396,12.4196,12.2999,12.1804,12.0612,11.9422,11.8234,11.6527,11.4575,11.2627,11.0681,10.8739,10.6799,10.4862,10.2928,10.0996,9.9091,9.7773,9.6453,9.5133,9.3813,9.2492,9.117,8.9848,8.8525,8.7202,8.5937,8.4758,8.3578,8.2397,8.1215,8.0033,7.8849,7.7666,7.6481,7.5296,7.4127,7.2963,7.1798,7.0632,6.9466,6.83,6.7133,6.5966,6.4799,6.3595,6.2161,6.0726,5.9292,5.7858,5.6425,5.4992,5.3559,5.2128,5.0698,5.0001,5.0038,5.0077,5.0117,5.0159,5.0203,5.0249,5.0297,5.0348,5.0401,5.1315,5.2367,5.3423,5.4482,5.5544,5.6611,5.7681,5.8756,5.9835,6.1141,6.32,6.5262,6.7327,6.9394,7.1465,7.3538,7.5615,7.7695,7.9778,8.1479,8.2914,8.4352,8.5791,8.7232,8.8675,9.0119,9.1565,9.3014,9.4463,9.5245,9.5995,9.6744,9.7493,9.8241,9.8989,9.9737,10.0484,10.123,10.164,10.1318,10.0997,10.0674,10.0351,10.0027,9.9703,9.9378,9.9051,9.8724,9.8046,9.7199,9.6352,9.5504,9.4657,9.381,9.2962,9.2114,9.1266,9.0402,8.9129,8.7857,8.6585,8.5314,8.4044,8.2774,8.1505,8.0236,7.8968,7.8106,7.7871,7.7635,7.7399,7.7162,7.6914,7.6635,7.6356,7.6077,7.5798,7.5011,7.4055,7.3099,7.2146,7.1194,7.0243,6.9294,6.8347,6.7402,6.641,6.4994,6.3583,6.2177,6.0777,5.9383,5.7995
13.1446,13.1282,13.1114,13.0948,13.0783,13.062,13.0458,13.0298,12.9762,12.8462,12.7166,12.5872,12.4581,12.3293,12.2007,12.0724,11.9443,11.8164,11.6319,11.4222,11.2129,11.0038,10.795,10.5865,10.3783,10.1703,9.9625,9.7589,9.6275,9.4961,9.3646,9.233,9.1014,8.9698,8.838,8.7063,8.5745,8.4498,8.3354,8.221,8.1064,7.9918,7.8771,7.7624,7.6475,7.5327,7.4177,7.3068,7.197,7.0871,6.9772,6.8672,6.7573,6.6472,6.5372,6.4271,6.314,6.1814,6.0489,5.9163,5.7838,5.6514,5.519,5.3866,5.2544,5.1222,5.0642,5.0817,5.0993,5.117,5.1349,5.153,5.1714,5.1899,5.2087,5.2277,5.3347,5.4566,5.5789,5.7016,5.8246,5.948,6.0718,6.196,6.3206,6.4648,6.6779,6.8913,7.105,7.319,7.5333,7.7479,7.9628,8.178,8.3935,8.5682,8.7129,8.8578,9.0029,9.1481,9.2936,9.4392,9.585,9.7309,9.8771,9.952,10.022,10.0915,10.1589,10.2262,10.2933,10.3602,10.4269,10.4933,10.5282,10.4884,10.4483,10.4082,10.3679,10.3275,10.2869,10.2462,10.2053,10.1642,10.0909,10.0005,9.9101,9.8197,9.7293,9.6389,9.5486,9.4582,9.3679,9.2772,9.1458,9.0144,8.8831,8.7518,8.6206,8.4895,8.3584,8.2274,8.0964,8.0025,7.9735,7.9445,7.9155,7.8865,7.8575,7.8284,7.7994,7.7703,7.7412,7.6655,7.5714,7.4774,7.3836,7.2899,7.1964,7.1031,7.0099,6.9169,6.8213,6.6864,6.552,6.4181,6.2848,6.1521,6.0199
13.1546,13.1285,13.1027,13.0773,13.0523,13.0276,13.0033,12.9793,12.918,12.7859,12.6538,12.5218,12.3899,12.2581,12.1263,11.9946,11.8629,11.7314,11.5389,11.3208,11.1029,10.8851,10.6673,10.4497,10.2322,10.0148,9.7975,9.5854,9.4538,9.3222,9.1905,9.0588,8.927,8.7952,8.6634,8.5315,8.3995,8.2751,8.1613,8.0475,7.9336,7.8196,7.7057,7.5916,7.4775,7.3634,7.2492,7.1378,7.0273,6.9168,6.8062,6.6955,6.5848,6.4739,6.363,6.252,6.1395,6.0174,5.8953,5.7732,5.6509,5.5287,5.4064,5.2841,5.1618,5.0396,4.9909,5.0183,5.0457,5.0732,5.1007,5.1282,5.1558,5.1835,5.2112,5.2391,5.3671,5.5131,5.6597,5.8068,5.9544,6.1026,6.2514,6.4009,6.551,6.7162,6.9366,7.1572,7.3782,7.5994,7.821,8.0428,8.265,8.4875,8.7103,8.8885,9.032,9.1756,9.3193,9.4631,9.607,9.7511,9.8952,10.0395,10.1839,10.2508,10.311,10.3709,10.4307,10.4903,10.5497,10.6089,10.6679,10.7267,10.7568,10.712,10.6671,10.622,10.5768,10.5315,10.486,10.4404,10.3946,10.3487,10.2741,10.1827,10.0913,9.9999,9.9086,9.8172,9.7259,9.6346,9.5433,9.4519,9.3212,9.1899,9.0586,8.9273,8.7961,8.665,8.5339,8.4028,8.2719,8.1745,8.1443,8.1142,8.084,8.0538,8.0236,7.9934,7.9632,7.9329,7.9026,7.8298,7.7372,7.6447,7.5525,7.4604,7.3684,7.2766,7.185,7.0935,7.0012,6.8729,6.7452,6.618,6.4914,6.3654,6.2399
13.1642,13.1271,13.0904,13.054,13.018,12.9823,12.9469,12.9119,12.8407,12.7048,12.569,12.4333,12.2977,12.1621,12.0266,11.8912,11.7558,11.6205,11.4205,11.1948,10.9692,10.7437,10.5183,10.293,10.0679,9.8428,9.6178,9.3992,9.2666,9.1339,9.0011,8.8683,8.7355,8.6026,8.4696,8.3366,8.2036,8.0778,7.9618,7.8458,7.7298,7.6137,7.4976,7.3814,7.2652,7.1489,7.0325,6.9149,6.7969,6.6789,6.5608,6.4427,6.3244,6.2061,6.0878,5.9693,5.8517,5.7403,5.6289,5.5174,5.4058,5.2942,5.1826,5.071,4.9594,4.8478,4.8084,4.8447,4.881,4.9174,4.9538,4.9902,5.0267,5.0633,5.0999,5.1367,5.2922,5.4702,5.6488,5.8278,6.0074,6.1876,6.3684,6.5498,6.7319,6.9239,7.1536,7.3837,7.6141,7.8447,8.0756,8.3069,8.5384,8.7703,9.0026,9.1862,9.33,9.4739,9.618,9.7621,9.9064,10.0507,10.1952,10.3398,10.4845,10.5459,10.5984,10.6507,10.7028,10.7547,10.8064,10.8579,10.9092,10.9603,10.9855,10.9358,10.886,10.836,10.786,10.7357,10.6854,10.6348,10.5842,10.5333,10.4573,10.3649,10.2726,10.1802,10.0879,9.9956,9.9033,9.811,9.7187,9.6264,9.4967,9.3654,9.234,9.1028,8.9716,8.8404,8.7093,8.5783,8.4473,8.3466,8.3153,8.2839,8.2526,8.2212,8.1899,8.1585,8.127,8.0956,8.0641,7.9939,7.9029,7.812,7.7213,7.6307,7.5403,7.4501,7.36,7.2701,7.1803,7.059,6.9379,6.8174,6.6975,6.5781,6.4593
13.1735,13.1254,13.0776,13.0303,12.9833,12.9366,12.8903,12.8443,12.7632,12.6236,12.4841,12.3447,12.2054,12.0661,11.9269,11.7877,11.6486,11.5096,11.302,11.0686,10.8353,10.6021,10.3691,10.1362,9.9034,9.6707,9.438,9.2131,9.0793,8.9455,8.8117,8.6778,8.5439,8.4099,8.2759,8.1418,8.0076,7.8804,7.7623,7.6442,7.526,7.4078,7.2895,7.1712,7.0528,6.9344,6.8159,6.692,6.5665,6.441,6.3154,6.1898,6.0641,5.9383,5.8125,5.6865,5.5638,5.4631,5.3624,5.2615,5.1606,5.0597,4.9588,4.8578,4.7569,4.6559,4.6257,4.6709,4.7162,4.7614,4.8067,4.8521,4.8975,4.943,4.9885,5.0341,5.2168,5.4268,5.6373,5.8483,6.0599,6.272,6.4847,6.6981,6.9121,7.1314,7.3705,7.61,7.8497,8.0897,8.3301,8.5707,8.8117,9.053,9.2946,9.4839,9.628,9.7723,9.9166,10.0611,10.2057,10.3504,10.4952,10.6401,10.7851,10.8413,10.8861,10.9307,10.9751,11.0193,11.0634,11.1072,11.1509,11.1943,11.2144,11.1599,11.1051,11.0503,10.9953,10.9402,10.8849,10.8295,10.7739,10.7182,10.6405,10.5472,10.4538,10.3605,10.2673,10.174,10.0807,9.9875,9.8942,9.801,9.6722,9.5408,9.4095,9.2782,9.147,9.0159,8.8848,8.7537,8.6227,8.5188,8.4863,8.4538,8.4212,8.3887,8.3561,8.3236,8.291,8.2584,8.2257,8.158,8.0685,7.9791,7.8899,7.8009,7.7121,7.6234,7.5348,7.4465,7.3583,7.2445,7.1302,7.0163,6.9031,6.7904,6.6783
13.1823,13.1232,13.0645,13.0062,12.9482,12.8906,12.8333,12.7763,12.6857,12.5424,12.3991,12.256,12.1129,11.9699,11.827,11.6842,11.5414,11.3986,11.1832,10.9422,10.7012,10.4604,10.2198,9.9792,9.7387,9.4984,9.2581,9.0269,8.8921,8.7572,8.6223,8.4873,8.3523,8.2172,8.0821,7.9469,7.8117,7.683,7.5628,7.4425,7.3222,7.2018,7.0814,6.9609,6.8404,6.7198,6.5992,6.469,6.3361,6.2031,6.07,5.937,5.8038,5.6705,5.5372,5.4038,5.276,5.1859,5.0958,5.0056,4.9154,4.8252,4.7349,4.6446,4.5543,4.464,4.443,4.4971,4.5513,4.6054,4.6596,4.7138,4.7681,4.8225,4.877,4.9315,5.141,5.3829,5.6253,5.8683,6.1117,6.3558,6.6005,6.8458,7.0918,7.3387,7.5872,7.8361,8.0852,8.3346,8.5843,8.8343,9.0847,9.3353,9.5863,9.7816,9.9261,10.0706,10.2153,10.3601,10.505,10.65,10.7951,10.9403,11.0857,11.1369,11.174,11.211,11.2477,11.2843,11.3206,11.3568,11.3928,11.4285,11.4436,11.3841,11.3245,11.2647,11.2049,11.1449,11.0847,11.0244,10.9639,10.9033,10.8238,10.7295,10.6352,10.5409,10.4467,10.3524,10.2582,10.164,10.0698,9.9755,9.8477,9.7163,9.585,9.4537,9.3225,9.1913,9.0602,8.9292,8.7982,8.691,8.6573,8.6237,8.59,8.5562,8.5225,8.4888,8.455,8.4212,8.3874,8.3219,8.234,8.1462,8.0585,7.9711,7.8837,7.7966,7.7096,7.6228,7.5361,7.4296,7.3219,7.2148,7.1082,7.0021,6.8967
13.1908,13.1207,13.0511,12.9817,12.9128,12.8442,12.7759,12.708,12.608,12.461,12.3141,12.1672,12.0204,11.8737,11.7271,11.5805,11.434,11.2875,11.0643,10.8156,10.567,10.3186,10.0702,9.822,9.5739,9.3259,9.078,8.8407,8.7048,8.5688,8.4328,8.2968,8.1607,8.0245,7.8883,7.7521,7.6157,7.4856,7.3632,7.2408,7.1183,6.9958,6.8733,6.7507,6.628,6.5053,6.3825,6.246,6.1056,5.9651,5.8246,5.6841,5.5434,5.4027,5.2619,5.1211,4.9881,4.9087,4.8293,4.7497,4.6702,4.5906,4.5109,4.4313,4.3516,4.272,4.2602,4.3232,4.3863,4.4493,4.5124,4.5755,4.6387,4.702,4.7653,4.8287,5.0646,5.3385,5.6128,5.8877,6.1631,6.439,6.7156,6.9928,7.2707,7.5458,7.8037,8.0619,8.3204,8.5792,8.8383,9.0977,9.3574,9.6174,9.8778,10.0793,10.2241,10.369,10.514,10.6591,10.8043,10.9496,11.095,11.2406,11.3862,11.4328,11.4622,11.4915,11.5206,11.5495,11.5782,11.6067,11.635,11.6631,11.6729,11.6085,11.544,11.4794,11.4146,11.3497,11.2847,11.2195,11.1541,11.0886,11.0071,10.9118,10.8166,10.7214,10.6261,10.5309,10.4357,10.3405,10.2454,10.1502,10.0232,9.8918,9.7605,9.6292,9.498,9.3668,9.2357,9.1046,8.9736,8.8633,8.8285,8.7936,8.7587,8.7239,8.689,8.654,8.6191,8.5841,8.5491,8.4857,8.3993,8.3131,8.227,8.1411,8.0553,7.9697,7.8843,7.799,7.7139,7.6142,7.5132,7.4127,7.3128,7.2134,7.1146
13.1989,13.1179,13.0372,12.9569,12.877,12.7974,12.7182,12.6393,12.5302,12.3795,12.2288,12.0783,11.9278,11.7774,11.627,11.4767,11.3265,11.1763,10.9452,10.6888,10.4326,10.1765,9.9206,9.6647,9.409,9.1533,8.8978,8.6545,8.5175,8.3805,8.2434,8.1062,7.969,7.8318,7.6945,7.5572,7.4198,7.2881,7.1636,7.0391,6.9145,6.7898,6.6652,6.5404,6.4156,6.2908,6.1659,6.0229,5.8751,5.7272,5.5792,5.4312,5.2831,5.1349,4.9867,4.8383,4.7003,4.6315,4.5627,4.4938,4.4249,4.3559,4.2869,4.2179,4.1489,4.0799,4.0774,4.1493,4.2212,4.2931,4.3651,4.4371,4.5091,4.5813,4.6535,4.7258,4.9878,5.2936,5.5998,5.9066,6.2138,6.5217,6.8302,7.1393,7.449,7.7527,8.02,8.2876,8.5555,8.8236,9.0921,9.3608,9.6299,9.8993,10.1691,10.377,10.5221,10.6673,10.8126,10.958,11.1036,11.2492,11.395,11.5408,11.6868,11.7289,11.7507,11.7723,11.7937,11.815,11.836,11.8569,11.8775,11.8979,11.9024,11.8331,11.7638,11.6943,11.6246,11.5548,11.4849,11.4148,11.3446,11.2742,11.1905,11.0942,10.998,10.9018,10.8056,10.7095,10.6133,10.5172,10.421,10.3249,10.1987,10.0673,9.9359,9.8047,9.6734,9.5422,9.4111,9.28,9.149,9.0357,8.9997,8.9636,8.9276,8.8915,8.8555,8.8194,8.7833,8.7471,8.711,8.6495,8.5646,8.4799,8.3954,8.311,8.2268,8.1427,8.0588,7.9751,7.8915,7.7983,7.704,7.6101,7.5169,7.4242,7.332
13.2066,13.1146,13.023,12.9318,12.8409,12.7504,12.6602,12.5703,12.4523,12.2979,12.1435,11.9893,11.8351,11.6809,11.5269,11.3729,11.2189,11.0651,10.8259,10.5619,10.2981,10.0343,9.7707,9.5073,9.2439,8.9806,8.7174,8.4683,8.3302,8.1921,8.0539,7.9157,7.7774,7.6391,7.5007,7.3623,7.2238,7.0907,6.964,6.8373,6.7106,6.5838,6.457,6.3301,6.2032,6.0762,5.9492,5.7998,5.6445,5.4892,5.3338,5.1783,5.0227,4.8671,4.7114,4.5556,4.4124,4.3542,4.296,4.2378,4.1795,4.1212,4.0628,4.0044,3.9461,3.8877,3.8945,3.9752,4.056,4.1368,4.2176,4.2985,4.3795,4.4605,4.5416,4.6228,4.9106,5.2482,5.5863,5.9249,6.2641,6.6038,6.9441,7.2851,7.6267,7.9595,8.2361,8.5131,8.7903,9.0678,9.3456,9.6237,9.9022,10.181,10.4601,10.6747,10.8201,10.9656,11.1112,11.257,11.4028,11.5488,11.6949,11.8411,11.9873,12.0254,12.0395,12.0534,12.0672,12.0808,12.0941,12.1073,12.1203,12.1331,12.1321,12.058,11.9837,11.9093,11.8348,11.7601,11.6853,11.6103,11.5352,11.46,11.3739,11.2767,11.1795,11.0823,10.9852,10.8881,10.7909,10.6938,10.5967,10.4996,10.3742,10.2428,10.1114,9.9801,9.8489,9.7177,9.5866,9.4555,9.3245,9.2081,9.1709,9.1337,9.0965,9.0593,9.0221,8.9848,8.9475,8.9102,8.8729,8.8131,8.7298,8.6467,8.5636,8.4808,8.3981,8.3156,8.2332,8.151,8.069,7.982,7.8942,7.8071,7.7205,7.6344,7.5489
13.2139,13.111,13.0084,12.9062,12.8044,12.7029,12.6018,12.501,12.3743,12.2162,12.0581,11.9001,11.7422,11.5844,11.4266,11.2689,11.1113,10.9537,10.7064,10.4348,10.1633,9.892,9.6208,9.3496,9.0786,8.8077,8.5369,8.2821,8.1429,8.0037,7.8644,7.7251,7.5857,7.4463,7.3069,7.1674,7.0278,6.8932,6.7644,6.6356,6.5067,6.3778,6.2488,6.1198,5.9908,5.8616,5.7325,5.5767,5.4139,5.2511,5.0883,4.9254,4.7624,4.5993,4.4362,4.2729,4.1244,4.0769,4.0294,3.9818,3.9341,3.8864,3.8387,3.7909,3.7432,3.6954,3.7115,3.8011,3.8907,3.9804,4.0701,4.1599,4.2497,4.3396,4.4296,4.5196,4.8329,5.2023,5.5723,5.9427,6.3137,6.6853,7.0575,7.4303,7.8038,8.166,8.452,8.7383,9.0249,9.3118,9.5989,9.8864,10.1742,10.4623,10.7508,10.9723,11.1181,11.2639,11.4099,11.5559,11.7021,11.8484,11.9948,12.1413,12.2879,12.322,12.3285,12.3348,12.3409,12.3468,12.3526,12.3581,12.3634,12.3685,12.362,12.283,12.2039,12.1246,12.0452,11.9656,11.8859,11.8061,11.7261,11.646,11.5573,11.4592,11.361,11.2629,11.1648,11.0667,10.9686,10.8705,10.7725,10.6744,10.5497,10.4183,10.2869,10.1556,10.0243,9.8931,9.762,9.6309,9.4999,9.3806,9.3423,9.3039,9.2655,9.2271,9.1887,9.1503,9.1118,9.0733,9.0348,8.9767,8.8949,8.8133,8.7318,8.6505,8.5694,8.4884,8.4075,8.3269,8.2464,8.1651,8.0841,8.0035,7.9236,7.8442,7.7653
13.2208,13.1069,12.9934,12.8803,12.7676,12.6551,12.543,12.4313,12.2962,12.1344,11.9726,11.8109,11.6493,11.4878,11.3263,11.1649,11.0035,10.8422,10.5867,10.3075,10.0284,9.7495,9.4706,9.1919,8.9132,8.6347,8.3563,8.0958,7.9556,7.8152,7.6749,7.5345,7.3941,7.2536,7.113,6.9724,6.8318,6.6957,6.5647,6.4338,6.3028,6.1718,6.0407,5.9095,5.7783,5.6471,5.5157,5.3536,5.1834,5.0131,4.8428,4.6724,4.502,4.3315,4.1609,3.9902,3.8365,3.7996,3.7627,3.7257,3.6887,3.6516,3.6145,3.5774,3.5402,3.5031,3.5284,3.6269,3.7254,3.824,3.9225,4.0212,4.1198,4.2186,4.3174,4.4163,4.7546,5.1559,5.5577,5.96,6.3628,6.7662,7.1702,7.5749,7.9802,8.3723,8.6677,8.9633,9.2593,9.5555,9.852,10.1489,10.446,10.7435,11.0413,11.27,11.416,11.5622,11.7085,11.8549,12.0014,12.148,12.2947,12.4415,12.5884,12.6189,12.6178,12.6164,12.6149,12.6132,12.6112,12.6091,12.6068,12.6043,12.5921,12.5082,12.4242,12.3401,12.2558,12.1713,12.0868,12.0021,11.9172,11.8322,11.7408,11.6417,11.5426,11.4435,11.3444,11.2454,11.1463,11.0473,10.9483,10.8492,10.7252,10.5937,10.4624,10.3311,10.1998,10.0686,9.9375,9.8064,9.6753,9.5532,9.5137,9.4742,9.4346,9.395,9.3554,9.3158,9.2762,9.2366,9.1969,9.1401,9.0599,8.9798,8.8999,8.8201,8.7405,8.661,8.5818,8.5026,8.4237,8.3478,8.2734,8.1995,8.1262,8.0534,7.9812
13.2273,13.1025,12.9781,12.8541,12.7303,12.607,12.484,12.3613,12.218,12.0524,11.887,11.7216,11.5563,11.391,11.2259,11.0608,10.8957,10.7307,10.4669,10.1801,9.8934,9.6068,9.3203,9.034,8.7477,8.4615,8.1755,7.9095,7.7682,7.6268,7.4854,7.3439,7.2024,7.0608,6.9192,6.7775,6.6358,6.4981,6.3651,6.232,6.0989,5.9657,5.8325,5.6992,5.5659,5.4325,5.299,5.1304,4.9527,4.7751,4.5973,4.4195,4.2416,4.0637,3.8856,3.7075,3.5486,3.5223,3.496,3.4696,3.4432,3.4167,3.3902,3.3637,3.3372,3.3107,3.3453,3.4526,3.56,3.6674,3.7748,3.8823,3.9899,4.0975,4.2051,4.3129,4.676,5.1091,5.5427,5.9767,6.4114,6.8466,7.2824,7.7188,8.1559,8.5785,8.8832,9.1882,9.4935,9.799,10.1049,10.4111,10.7176,11.0244,11.3315,11.5676,11.714,11.8605,12.0071,12.1538,12.3006,12.4475,12.5946,12.7417,12.8889,12.9161,12.9073,12.8983,12.8891,12.8798,12.8702,12.8605,12.8505,12.8403,12.8224,12.7336,12.6448,12.5557,12.4666,12.3773,12.2878,12.1983,12.1085,12.0186,11.9244,11.8243,11.7242,11.6242,11.5241,11.4241,11.3241,11.2241,11.1241,11.0241,10.9007,10.7692,10.6378,10.5065,10.3753,10.2441,10.1129,9.9818,9.8508,9.7259,9.6852,9.6445,9.6038,9.563,9.5223,9.4815,9.4407,9.3999,9.359,9.3035,9.2248,9.1462,9.0678,8.9896,8.9115,8.8336,8.7559,8.6783,8.6009,8.53,8.4622,8.395,8.3283,8.2622,8.1967
13.2335,13.0978,12.9624,12.8274,12.6928,12.5585,12.4245,12.2909,12.1397,11.9704,11.8012,11.6322,11.4631,11.2942,11.1253,10.9565,10.7878,10.6191,10.3469,10.0524,9.7581,9.4639,9.1698,8.8759,8.582,8.2882,7.9946,7.7232,7.5808,7.4383,7.2958,7.1533,7.0107,6.868,6.7253,6.5826,6.4398,6.3006,6.1654,6.0302,5.8949,5.7596,5.6243,5.4888,5.3534,5.2179,5.0823,4.9072,4.7221,4.537,4.3518,4.1666,3.9813,3.7959,3.6104,3.4248,3.2606,3.245,3.2292,3.2135,3.1976,3.1818,3.1659,3.15,3.1341,3.1182,3.1621,3.2783,3.3945,3.5107,3.627,3.7434,3.8598,3.9762,4.0928,4.2094,4.5968,5.0617,5.5271,5.993,6.4594,6.9264,7.394,7.8622,8.3311,8.7844,9.0985,9.4128,9.7274,10.0423,10.3575,10.673,10.9889,11.305,11.6215,11.8653,12.012,12.1588,12.3057,12.4527,12.5998,12.7471,12.8944,13.0419,13.1894,13.2136,13.1971,13.1805,13.1637,13.1467,13.1295,13.1121,13.0945,13.0767,13.0529,12.9593,12.8655,12.7716,12.6776,12.5834,12.4891,12.3947,12.3001,12.2053,12.1079,12.0069,11.9059,11.8049,11.7039,11.6029,11.5019,11.401,11.3,11.1991,11.0761,10.9447,10.8133,10.682,10.5507,10.4195,10.2884,10.1573,10.0262,9.8986,9.8567,9.8149,9.773,9.7311,9.6891,9.6472,9.6052,9.5632,9.5212,9.4667,9.3895,9.3125,9.2357,9.159,9.0824,9.0061,8.9299,8.8538,8.7779,8.7117,8.6506,8.59,8.5299,8.4705,8.4116
13.2393,13.0926,12.9463,12.8004,12.6549,12.5097,12.3648,12.2202,12.0612,11.8883,11.7154,11.5426,11.3699,11.1973,11.0247,10.8522,10.6797,10.5074,10.2267,9.9246,9.6227,9.3209,9.0192,8.7176,8.4162,8.1148,7.8135,7.5369,7.3934,7.2499,7.1063,6.9626,6.8189,6.6752,6.5314,6.3876,6.2437,6.103,5.9657,5.8283,5.691,5.5535,5.416,5.2785,5.1409,5.0032,4.8655,4.6839,4.4914,4.2989,4.1063,3.9136,3.7209,3.528,3.3351,3.1422,2.9726,2.9676,2.9625,2.9573,2.9521,2.9468,2.9415,2.9362,2.9309,2.9256,2.9788,3.1038,3.2289,3.354,3.4791,3.6043,3.7296,3.8549,3.9803,4.1057,4.5172,5.0139,5.511,6.0086,6.5068,7.0056,7.5049,8.0049,8.5056,8.9902,9.3136,9.6372,9.9612,10.2854,10.6099,10.9348,11.26,11.5854,11.9113,12.1629,12.3099,12.457,12.6043,12.7516,12.8991,13.0466,13.1943,13.3421,13.4899,13.5113,13.4872,13.4629,13.4385,13.4138,13.389,13.364,13.3388,13.3134,13.2836,13.1851,13.0864,12.9877,12.8888,12.7898,12.6906,12.5913,12.4918,12.3922,12.2916,12.1896,12.0876,11.9856,11.8837,11.7817,11.6798,11.5779,11.4759,11.374,11.2516,11.1202,10.9888,10.8575,10.7262,10.595,10.4638,10.3327,10.2016,10.0714,10.0284,9.9853,9.9423,9.8992,9.8561,9.813,9.7698,9.7267,9.6835,9.6298,9.5542,9.4787,9.4034,9.3283,9.2533,9.1784,9.1038,9.0293,8.9549,8.8929,8.8384,8.7845,8.7311,8.6782,8.626
