13.6423,13.6081,13.574,13.5398,13.5057,13.4716,13.4374,13.4033,13.3692,13.3358,13.3114,13.2871,13.2628,13.2385,13.2142,13.1899,13.1656,13.1413,13.117,13.0495,12.9632,12.8769,12.7905,12.7042,12.6178,12.5314,12.445,12.3587,12.3176,12.3726,12.4276,12.4828,12.5381,12.5934,12.6486,12.7039,12.7592,12.8145,12.8499,12.8843,12.9187,12.953,12.9874,13.0217,13.0561,13.0905,13.1248,13.1558,13.1843,13.2128,13.2413,13.2698,13.2983,13.3267,13.3552,13.3837,13.3886,13.2984,13.2081,13.1178,13.0276,12.9373,12.8471,12.7568,12.6665,12.5763,12.4628,12.3445,12.2261,12.1077,11.9894,11.871,11.7526,11.6343,11.5159,11.4665,11.5013,11.5364,11.5715,11.6067,11.6418,11.6771,11.7123,11.7476,11.7815,11.7983,11.815,11.8318,11.8486,11.8655,11.8824,11.8993,11.9163,11.9333,11.9691,12.0128,12.0564,12.0999,12.1434,12.1866,12.2298,12.2729,12.3158,12.3276,12.2748,12.2221,12.1694,12.1166,12.0639,12.0112,11.9585,11.9058,11.853,11.8345,11.8177,11.8008,11.7837,11.7664,11.7491,11.7315,11.7138,11.696,11.6961,11.7101,11.724,11.738,11.752,11.766,11.78,11.794,11.8081,11.8143,11.7871,11.7599,11.7326,11.7054,11.6781,11.6509,11.6236,11.5963,11.569,11.5339,11.4963,11.4581,11.4191,11.3795,11.3391,11.298,11.2562,11.2136,11.1671,11.1157,11.0639,11.0118,10.9593,10.9065,10.8532,10.7996,10.7455,10.6911,10.6367,10.5823,10.5278,10.4732,10.4186,10.364,10.3093,10.2545,10.1997
13.6605,13.6263,13.5922,13.5581,13.524,13.4898,13.4557,13.4216,13.3875,13.3543,13.33,13.3056,13.2813,13.257,13.2327,13.2084,13.1841,13.1598,13.1355,13.0678,12.9821,12.8964,12.8107,12.725,12.6393,12.5535,12.4678,12.3821,12.3404,12.3887,12.437,12.4854,12.534,12.5826,12.6313,12.6801,12.729,12.778,12.8133,12.8478,12.8824,12.9169,12.9514,12.9859,13.0204,13.0549,13.0894,13.1196,13.1467,13.1738,13.2008,13.2279,13.2549,13.2819,13.3089,13.3359,13.341,13.2575,13.174,13.0904,13.0069,12.9234,12.84,12.7566,12.6732,12.5899,12.4795,12.3631,12.2467,12.1304,12.0141,11.8978,11.7815,11.6653,11.5492,11.5005,11.5366,11.5728,11.609,11.6452,11.6815,11.7177,11.7541,11.7904,11.8256,11.8431,11.8606,11.8782,11.8958,11.9135,11.9312,11.9489,11.9667,11.9845,12.0173,12.057,12.0965,12.1359,12.1752,12.2144,12.2535,12.2924,12.3313,12.3418,12.2891,12.2363,12.1836,12.1309,12.0781,12.0254,11.9727,11.92,11.8672,11.8447,11.8244,11.804,11.7834,11.7627,11.7418,11.7207,11.6995,11.6782,11.6763,11.6908,11.7052,11.7197,11.7342,11.7488,11.7633,11.7779,11.7925,11.8003,11.7731,11.7458,11.7186,11.6913,11.6641,11.6368,11.6095,11.5823,11.555,11.5115,11.4629,11.4135,11.3635,11.3128,11.2613,11.2092,11.1563,11.1026,11.0477,10.9914,10.9348,10.8778,10.8205,10.7627,10.7046,10.6461,10.5871,10.5278,10.4735,10.419,10.3646,10.31,10.2554,10.2008,10.1461,10.0913,10.0365
13.6786,13.6445,13.6104,13.5763,13.5422,13.5081,13.4741,13.44,13.4059,13.3728,13.3485,13.3242,13.2999,13.2755,13.2512,13.2269,13.2026,13.1784,13.1541,13.0861,13.001,12.916,12.8309,12.7458,12.6608,12.5757,12.4906,12.4055,12.3632,12.4046,12.4462,12.4879,12.5297,12.5715,12.6135,12.6556,12.6977,12.7399,12.7748,12.8094,12.8439,12.8785,12.913,12.9475,12.982,13.0165,13.051,13.0803,13.1057,13.1311,13.1566,13.182,13.2074,13.2328,13.2582,13.2835,13.2889,13.2128,13.1367,13.0605,12.9844,12.9084,12.8323,12.7563,12.6803,12.6044,12.4971,12.3827,12.2684,12.1541,12.0398,11.9255,11.8113,11.6971,11.5829,11.5348,11.572,11.6092,11.6464,11.6837,11.721,11.7584,11.7958,11.8332,11.8696,11.8879,11.9062,11.9246,11.943,11.9615,11.9799,11.9985,12.017,12.0356,12.0657,12.1012,12.1366,12.172,12.2072,12.2423,12.2773,12.3121,12.3469,12.3561,12.3033,12.2506,12.1978,12.1451,12.0923,12.0396,11.9869,11.9341,11.8814,11.8551,11.8313,11.8073,11.7833,11.759,11.7346,11.7101,11.6854,11.6605,11.6564,11.6714,11.6864,11.7015,11.7165,11.7316,11.7467,11.7618,11.7769,11.7863,11.759,11.7318,11.7045,11.6773,11.65,11.6228,11.5955,11.5682,11.541,11.4898,11.4301,11.3696,11.3086,11.2468,11.1842,11.121,11.0571,10.9923,10.9286,10.8675,10.806,10.7441,10.6819,10.6193,10.5563,10.4929,10.4291,10.3649,10.3102,10.2558,10.2013,10.1468,10.0922,10.0376,9.9829,9.9281,9.8733
13.6968,13.6627,13.6286,13.5945,13.5605,13.5264,13.4924,13.4583,13.4243,13.3914,13.367,13.3427,13.3184,13.2941,13.2698,13.2455,13.2212,13.1969,13.1726,13.1044,13.02,12.9356,12.8511,12.7667,12.6823,12.5978,12.5134,12.429,12.3858,12.4205,12.4553,12.4902,12.5253,12.5604,12.5956,12.6309,12.6663,12.7017,12.7363,12.7709,12.8055,12.84,12.8745,12.9091,12.9436,12.9781,13.0126,13.0409,13.0647,13.0885,13.1123,13.1361,13.1599,13.1837,13.2075,13.2312,13.2368,13.1681,13.0993,13.0306,12.9619,12.8932,12.8246,12.756,12.6874,12.6189,12.5147,12.4024,12.29,12.1777,12.0655,11.9532,11.841,11.7288,11.6167,11.569,11.6073,11.6456,11.6839,11.7222,11.7606,11.799,11.8375,11.8759,11.9136,11.9327,11.9518,11.971,11.9902,12.0094,12.0287,12.048,12.0673,12.0867,12.1141,12.1455,12.1769,12.2081,12.2393,12.2703,12.3012,12.332,12.3626,12.3703,12.3175,12.2648,12.212,12.1593,12.1065,12.0538,12.0011,11.9483,11.8956,11.8656,11.8383,11.8108,11.7833,11.7555,11.7276,11.6996,11.6714,11.643,11.6366,11.6521,11.6676,11.6832,11.6988,11.7144,11.73,11.7456,11.7613,11.7722,11.745,11.7177,11.6905,11.6632,11.636,11.6087,11.5815,11.5542,11.5269,11.4687,11.3979,11.3264,11.2543,11.1814,11.1079,11.0336,10.9586,10.8828,10.8099,10.7439,10.6775,10.6108,10.5437,10.4762,10.4083,10.3401,10.2714,10.2024,10.147,10.0926,10.0381,9.9836,9.929,9.8744,9.8197,9.7649,9.7101
13.7149,13.6809,13.6468,13.6128,13.5787,13.5447,13.5107,13.4767,13.4426,13.4099,13.3856,13.3612,13.3369,13.3126,13.2883,13.264,13.2397,13.2154,13.1912,13.1227,13.0389,12.9551,12.8714,12.7876,12.7038,12.62,12.5362,12.4524,12.4084,12.4363,12.4643,12.4925,12.5208,12.5491,12.5776,12.6061,12.6347,12.6634,12.6978,12.7324,12.767,12.8016,12.8361,12.8706,12.9052,12.9397,12.9741,13.0015,13.0237,13.0459,13.0681,13.0903,13.1124,13.1346,13.1567,13.1788,13.1846,13.1233,13.062,13.0006,12.9393,12.878,12.8168,12.7556,12.6944,12.6333,12.5324,12.422,12.3117,12.2014,12.0911,11.9809,11.8707,11.7605,11.6504,11.6033,11.6426,11.6819,11.7213,11.7607,11.8002,11.8396,11.8791,11.9187,11.9576,11.9774,11.9974,12.0173,12.0373,12.0573,12.0774,12.0975,12.1176,12.1378,12.1627,12.19,12.2173,12.2444,12.2715,12.2984,12.3252,12.3519,12.3785,12.3846,12.3318,12.279,12.2263,12.1735,12.1208,12.068,12.0153,11.9625,11.9098,11.8762,11.8454,11.8145,11.7834,11.7522,11.7208,11.6893,11.6576,11.6257,11.6167,11.6327,11.6488,11.6649,11.681,11.6971,11.7133,11.7294,11.7456,11.7582,11.7309,11.7037,11.6764,11.6492,11.6219,11.5947,11.5674,11.5401,11.5129,11.4483,11.3664,11.2839,11.2007,11.1168,11.0322,10.9468,10.8608,10.7739,10.6915,10.6206,10.5494,10.4778,10.4058,10.3335,10.2607,10.1876,10.1141,10.0402,9.9838,9.9294,9.8749,9.8204,9.7658,9.7111,9.6564,9.6017,9.5469
13.7331,13.6991,13.665,13.631,13.597,13.563,13.529,13.495,13.461,13.4284,13.4041,13.3798,13.3555,13.3312,13.3069,13.2826,13.2583,13.234,13.2097,13.141,13.0579,12.9748,12.8916,12.8085,12.7253,12.6422,12.559,12.4759,12.4308,12.4519,12.4732,12.4947,12.5162,12.5378,12.5595,12.5813,12.6032,12.6251,12.6594,12.694,12.7285,12.7631,12.7977,12.8322,12.8667,12.9012,12.9357,12.9621,12.9827,13.0033,13.0238,13.0444,13.0649,13.0855,13.106,13.1265,13.1325,13.0785,13.0246,12.9707,12.9167,12.8628,12.809,12.7551,12.7014,12.6476,12.55,12.4416,12.3333,12.225,12.1168,12.0085,11.9003,11.7922,11.684,11.6375,11.6779,11.7183,11.7587,11.7992,11.8397,11.8802,11.9208,11.9614,12.0015,12.0222,12.0429,12.0637,12.0844,12.1052,12.1261,12.147,12.1679,12.1888,12.2113,12.2346,12.2578,12.2809,12.3038,12.3267,12.3494,12.372,12.3945,12.3988,12.346,12.2933,12.2405,12.1877,12.135,12.0822,12.0295,11.9767,11.924,11.887,11.8527,11.8183,11.7837,11.749,11.7141,11.6791,11.6439,11.6086,11.5967,11.6133,11.6299,11.6465,11.6632,11.6798,11.6965,11.7132,11.7299,11.7441,11.7169,11.6896,11.6624,11.6351,11.6079,11.5806,11.5534,11.5261,11.4988,11.4285,11.3356,11.2421,11.1478,11.0528,10.9572,10.8608,10.7637,10.6658,10.5733,10.4976,10.4215,10.3451,10.2683,10.191,10.1134,10.0355,9.9571,9.8783,9.8205,9.7661,9.7117,9.6571,9.6026,9.5479,9.4932,9.4385,9.3837
13.7512,13.7172,13.6832,13.6492,13.6153,13.5813,13.5473,13.5133,13.4794,13.447,13.4226,13.3983,13.374,13.3497,13.3254,13.3011,13.2768,13.2525,13.2283,13.1593,13.0769,12.9944,12.9119,12.8294,12.7469,12.6644,12.5819,12.4994,12.453,12.4675,12.482,12.4967,12.5115,12.5264,12.5413,12.5564,12.5715,12.5867,12.6209,12.6555,12.6901,12.7247,12.7592,12.7938,12.8283,12.8628,12.8973,12.9227,12.9417,12.9606,12.9796,12.9985,13.0175,13.0364,13.0553,13.0742,13.0803,13.0338,12.9872,12.9406,12.8941,12.8476,12.8011,12.7547,12.7083,12.6619,12.5675,12.4612,12.3549,12.2486,12.1424,12.0362,11.93,11.8238,11.7177,11.6717,11.7132,11.7546,11.7961,11.8376,11.8792,11.9208,11.9624,12.0041,12.0455,12.0669,12.0884,12.11,12.1315,12.1531,12.1748,12.1964,12.2181,12.2399,12.2601,12.2793,12.2984,12.3174,12.3363,12.3551,12.3737,12.3923,12.4107,12.413,12.3603,12.3075,12.2547,12.2019,12.1492,12.0964,12.0437,11.9909,11.9382,11.8979,11.8602,11.8222,11.7842,11.746,11.7076,11.6691,11.6304,11.5916,11.5768,11.5939,11.611,11.6282,11.6453,11.6625,11.6797,11.697,11.7142,11.7301,11.7028,11.6756,11.6483,11.6211,11.5938,11.5666,11.5393,11.5121,11.4848,11.4094,11.3055,11.2009,11.0956,10.9896,10.8829,10.7755,10.6673,10.5584,10.4556,10.375,10.294,10.2127,10.131,10.049,9.9665,9.8837,9.8004,9.7168,9.6573,9.6029,9.5484,9.4939,9.4393,9.3847,9.33,9.2753,9.2205
13.7694,13.7354,13.7014,13.6675,13.6335,13.5996,13.5656,13.5317,13.4977,13.4655,13.4412,13.4169,13.3925,13.3682,13.3439,13.3196,13.2954,13.2711,13.2468,13.1777,13.0958,13.014,12.9322,12.8503,12.7685,12.6866,12.6047,12.5229,12.4752,12.4829,12.4907,12.4987,12.5067,12.5148,12.5231,12.5314,12.5397,12.5482,12.5824,12.617,12.6516,12.6862,12.7208,12.7553,12.7898,12.8244,12.8589,12.8833,12.9006,12.918,12.9353,12.9527,12.97,12.9873,13.0045,13.0218,13.0282,12.989,12.9498,12.9106,12.8714,12.8323,12.7932,12.7541,12.7151,12.6762,12.5851,12.4808,12.3765,12.2722,12.168,12.0638,11.9596,11.8554,11.7513,11.7059,11.7484,11.7909,11.8335,11.8761,11.9187,11.9613,12.004,12.0467,12.0894,12.1117,12.134,12.1563,12.1786,12.201,12.2234,12.2459,12.2684,12.2909,12.309,12.3241,12.3392,12.3541,12.3689,12.3836,12.3982,12.4126,12.427,12.4273,12.3745,12.3217,12.2689,12.2162,12.1634,12.1106,12.0579,12.0051,11.9524,11.909,11.8677,11.8263,11.7848,11.7431,11.7012,11.6592,11.6171,11.5747,11.5568,11.5744,11.5921,11.6098,11.6275,11.6452,11.6629,11.6807,11.6985,11.716,11.6888,11.6615,11.6343,11.6071,11.5798,11.5525,11.5253,11.498,11.4707,11.391,11.276,11.1604,11.044,10.927,10.8093,10.6908,10.5716,10.4517,10.3381,10.2527,10.1669,10.0807,9.9941,9.9072,9.8199,9.7322,9.6441,9.5556,9.4941,9.4396,9.3852,9.3307,9.2761,9.2215,9.1668,9.1121,9.0573
13.7876,13.7536,13.7197,13.6857,13.6518,13.6179,13.5839,13.55,13.5161,13.484,13.4597,13.4354,13.4111,13.3868,13.3625,13.3382,13.3139,13.2896,13.2653,13.196,13.1149,13.0337,12.9525,12.8713,12.79,12.7088,12.6276,12.5464,12.4973,12.4982,12.4993,12.5005,12.5018,12.5032,12.5047,12.5063,12.5079,12.5096,12.544,12.5786,12.6132,12.6477,12.6823,12.7169,12.7514,12.7859,12.8205,12.8439,12.8596,12.8753,12.8911,12.9068,12.9225,12.9381,12.9538,12.9695,12.976,12.9442,12.9123,12.8805,12.8488,12.817,12.7853,12.7536,12.7219,12.6903,12.6027,12.5003,12.398,12.2958,12.1935,12.0913,11.9892,11.887,11.7849,11.7401,11.7837,11.8272,11.8708,11.9145,11.9582,12.0019,12.0456,12.0894,12.1332,12.1564,12.1794,12.2025,12.2257,12.2489,12.2721,12.2953,12.3186,12.3419,12.358,12.3691,12.38,12.3909,12.4016,12.4122,12.4227,12.4331,12.4434,12.4415,12.3887,12.3359,12.2832,12.2304,12.1776,12.1248,12.0721,12.0193,11.9666,11.9202,11.8755,11.8306,11.7855,11.7404,11.695,11.6495,11.6039,11.5581,11.5368,11.555,11.5731,11.5914,11.6096,11.6278,11.6461,11.6644,11.6827,11.701,11.6747,11.6475,11.6203,11.593,11.5658,11.5385,11.5112,11.484,11.4567,11.3732,11.2472,11.1205,10.9932,10.8651,10.7364,10.6069,10.4767,10.3457,10.2209,10.1306,10.04,9.949,9.8576,9.7658,9.6736,9.5811,9.4882,9.3948,9.3308,9.2764,9.222,9.1674,9.1129,9.0583,9.0036,8.9489,8.8941
13.8057,13.7718,13.7379,13.704,13.6701,13.6362,13.6023,13.5684,13.5345,13.5026,13.4783,13.4539,13.4296,13.4053,13.381,13.3567,13.3324,13.3082,13.2839,13.2144,13.1339,13.0533,12.9728,12.8922,12.8116,12.7311,12.6505,12.5699,12.5192,12.5134,12.5078,12.5023,12.4968,12.4915,12.4862,12.4811,12.476,12.471,12.5055,12.5401,12.5747,12.6093,12.6439,12.6784,12.713,12.7475,12.782,12.8044,12.8186,12.8327,12.8468,12.8609,12.875,12.889,12.9031,12.9171,12.9238,12.8993,12.8749,12.8504,12.826,12.8016,12.7773,12.753,12.7287,12.7045,12.6202,12.5199,12.4196,12.3193,12.2191,12.1189,12.0187,11.9186,11.8185,11.7743,11.8189,11.8635,11.9082,11.9529,11.9976,12.0424,12.0872,12.132,12.1769,12.2011,12.2249,12.2488,12.2727,12.2967,12.3207,12.3447,12.3688,12.3929,12.4071,12.4141,12.421,12.4278,12.4344,12.441,12.4474,12.4537,12.4599,12.4558,12.403,12.3502,12.2974,12.2446,12.1918,12.1391,12.0863,12.0335,11.9808,11.9316,11.8833,11.835,11.7864,11.7378,11.6889,11.64,11.5908,11.5415,11.5167,11.5354,11.5542,11.5729,11.5917,11.6104,11.6292,11.6481,11.6669,11.6858,11.6607,11.6335,11.6062,11.579,11.5517,11.5245,11.4972,11.4699,11.4426,11.356,11.219,11.0813,10.943,10.8039,10.6641,10.5236,10.3824,10.2405,10.1041,10.009,9.9135,9.8176,9.7213,9.6247,9.5277,9.4303,9.3325,9.2344,9.1676,9.1132,9.0587,9.0042,8.9497,8.895,8.8404,8.7856,8.7309
13.8239,13.79,13.7561,13.7222,13.6883,13.6544,13.6206,13.5867,13.5529,13.5211,13.4968,13.4725,13.4482,13.4239,13.3996,13.3753,13.351,13.3267,13.3024,13.2328,13.1529,13.073,12.9931,12.9132,12.8332,12.7533,12.6734,12.5934,12.541,12.5285,12.5162,12.5039,12.4917,12.4797,12.4677,12.4558,12.444,12.4324,12.467,12.5016,12.5362,12.5708,12.6054,12.64,12.6745,12.7091,12.7436,12.765,12.7775,12.79,12.8025,12.815,12.8275,12.8399,12.8524,12.8648,12.8716,12.8545,12.8374,12.8203,12.8033,12.7862,12.7692,12.7523,12.7354,12.7185,12.6377,12.5394,12.4411,12.3429,12.2446,12.1464,12.0483,11.9501,11.852,11.8084,11.8541,11.8998,11.9455,11.9913,12.037,12.0829,12.1287,12.1746,12.2205,12.2457,12.2704,12.2951,12.3198,12.3445,12.3693,12.3941,12.419,12.4439,12.4564,12.4593,12.4621,12.4648,12.4674,12.4699,12.4723,12.4745,12.4766,12.47,12.4172,12.3644,12.3116,12.2588,12.206,12.1533,12.1005,12.0477,11.9949,11.9431,11.8913,11.8395,11.7875,11.7353,11.683,11.6306,11.578,11.5252,11.4967,11.5159,11.5352,11.5544,11.5737,11.593,11.6124,11.6317,11.6511,11.6705,11.6466,11.6194,11.5922,11.5649,11.5377,11.5104,11.4831,11.4559,11.4286,11.3395,11.1915,11.0428,10.8934,10.7434,10.5926,10.4411,10.2889,10.1359,9.9876,9.8876,9.7872,9.6865,9.5854,9.484,9.3821,9.2799,9.1773,9.0742,9.0043,8.9499,8.8955,8.841,8.7864,8.7318,8.6771,8.6224,8.5676
13.842,13.8082,13.7743,13.7404,13.7066,13.6727,13.6389,13.6051,13.5712,13.5397,13.5153,13.491,13.4667,13.4424,13.4181,13.3938,13.3695,13.3453,13.321,13.2512,13.172,13.0927,13.0134,12.9341,12.8549,12.7756,12.6963,12.617,12.5627,12.5435,12.5244,12.5054,12.4866,12.4678,12.4491,12.4305,12.4119,12.3939,12.4285,12.4632,12.4978,12.5324,12.567,12.6015,12.6361,12.6707,12.7052,12.7256,12.7365,12.7474,12.7582,12.7691,12.78,12.7908,12.8016,12.8124,12.8193,12.8096,12.7999,12.7902,12.7805,12.7708,12.7612,12.7516,12.742,12.7325,12.6552,12.5589,12.4626,12.3664,12.2701,12.1739,12.0778,11.9816,11.8855,11.8425,11.8893,11.936,11.9828,12.0296,12.0765,12.1233,12.1703,12.2172,12.2642,12.2904,12.3158,12.3413,12.3668,12.3923,12.4179,12.4435,12.4691,12.4948,12.5057,12.5046,12.5033,12.5019,12.5005,12.4989,12.4972,12.4954,12.4935,12.4843,12.4314,12.3786,12.3258,12.273,12.2203,12.1675,12.1147,12.0619,12.0091,11.9547,11.8995,11.8442,11.7887,11.733,11.6773,11.6213,11.5652,11.509,11.4766,11.4964,11.5161,11.5359,11.5558,11.5756,11.5954,11.6153,11.6352,11.6551,11.6326,11.6054,11.5781,11.5509,11.5236,11.4964,11.4691,11.4418,11.4146,11.3237,11.1647,11.005,10.8446,10.6835,10.5218,10.3593,10.196,10.0321,9.8714,9.7666,9.6614,9.5558,9.4499,9.3436,9.2369,9.1298,9.0223,8.9145,8.8411,8.7867,8.7323,8.6778,8.6232,8.5686,8.5139,8.4592,8.4044
13.8602,13.8264,13.7925,13.7587,13.7249,13.691,13.6572,13.6234,13.5896,13.5582,13.5339,13.5096,13.4853,13.4609,13.4367,13.4124,13.3881,13.3638,13.3395,13.2696,13.191,13.1124,13.0338,12.9551,12.8765,12.7978,12.7192,12.6405,12.5843,12.5584,12.5326,12.5069,12.4813,12.4558,12.4304,12.405,12.3798,12.3554,12.3901,12.4247,12.4593,12.4939,12.5285,12.5631,12.5977,12.6322,12.6668,12.6861,12.6954,12.7047,12.714,12.7232,12.7325,12.7417,12.7509,12.7601,12.7671,12.7647,12.7624,12.76,12.7577,12.7553,12.7531,12.7508,12.7486,12.7465,12.6727,12.5784,12.4841,12.3898,12.2956,12.2014,12.1072,12.0131,11.919,11.8767,11.9244,11.9723,12.0201,12.068,12.1159,12.1638,12.2118,12.2598,12.3078,12.335,12.3613,12.3875,12.4138,12.4401,12.4664,12.4928,12.5193,12.5457,12.5552,12.55,12.5446,12.5392,12.5337,12.528,12.5223,12.5164,12.5104,12.4985,12.4457,12.3929,12.3401,12.2873,12.2345,12.1817,12.1289,12.0761,12.0233,11.9665,11.9078,11.849,11.79,11.7309,11.6717,11.6122,11.5527,11.493,11.4565,11.4768,11.4971,11.5174,11.5378,11.5581,11.5785,11.5989,11.6193,11.6398,11.6185,11.5913,11.5641,11.5368,11.5096,11.4823,11.4551,11.4278,11.4005,11.3085,11.1385,10.9678,10.7964,10.6244,10.4516,10.2781,10.1039,9.929,9.7555,9.6458,9.5358,9.4254,9.3146,9.2035,9.0919,8.98,8.8677,8.755,8.6778,8.6235,8.5688,8.5131,8.4573,8.4013,8.3451,8.2888,8.2323
13.8784,13.8446,13.8107,13.7769,13.7431,13.7093,13.6755,13.6418,13.608,13.5767,13.5524,13.5281,13.5038,13.4795,13.4552,13.4309,13.4066,13.3823,13.3581,13.2881,13.2101,13.1321,13.0541,12.9761,12.8981,12.8201,12.7421,12.6641,12.6058,12.5731,12.5406,12.5082,12.4759,12.4437,12.4116,12.3795,12.3476,12.3169,12.3516,12.3862,12.4209,12.4555,12.4901,12.5247,12.5592,12.5938,12.6284,12.6467,12.6544,12.662,12.6697,12.6773,12.685,12.6926,12.7002,12.7078,12.7148,12.7198,12.7248,12.7298,12.7348,12.7398,12.7449,12.75,12.7551,12.7603,12.6902,12.5978,12.5056,12.4133,12.3211,12.2289,12.1367,12.0446,11.9525,11.9108,11.9596,12.0085,12.0574,12.1063,12.1552,12.2042,12.2533,12.3023,12.3514,12.3797,12.4067,12.4337,12.4608,12.4879,12.515,12.5422,12.5694,12.5966,12.6047,12.5955,12.5861,12.5766,12.567,12.5573,12.5475,12.5376,12.5275,12.5127,12.4599,12.4071,12.3543,12.3015,12.2487,12.1959,12.1431,12.0903,12.0375,11.9784,11.9162,11.8539,11.7915,11.7289,11.6662,11.6033,11.5403,11.4771,11.4364,11.4572,11.478,11.4989,11.5197,11.5406,11.5615,11.5825,11.6031,11.6217,11.5991,11.5688,11.5382,11.5071,11.4757,11.4439,11.4117,11.3791,11.346,11.2493,11.0668,10.884,10.701,10.5178,10.3343,10.1507,9.9668,9.7826,9.5983,9.4843,9.3701,9.256,9.1417,9.0273,8.9128,8.7983,8.6837,8.569,8.4877,8.4311,8.3743,8.3174,8.2604,8.2032,8.1458,8.0883,8.0306
13.8833,13.8495,13.8159,13.7822,13.7485,13.7149,13.6813,13.6477,13.6142,13.5829,13.5573,13.5318,13.5066,13.4814,13.4564,13.4315,13.4067,13.3821,13.3575,13.2883,13.2118,13.1354,13.0589,12.9824,12.9059,12.8293,12.7527,12.6761,12.6167,12.5788,12.5409,12.503,12.4651,12.4271,12.3891,12.3512,12.3131,12.2769,12.3118,12.3467,12.3815,12.4162,12.451,12.4857,12.5204,12.555,12.5896,12.607,12.6131,12.6192,12.6253,12.6314,12.6375,12.6435,12.6495,12.6555,12.6627,12.6749,12.6871,12.6993,12.7115,12.7236,12.7357,12.7479,12.76,12.7721,12.7053,12.6149,12.5245,12.4342,12.3439,12.2537,12.1635,12.0734,11.9833,11.9422,11.9916,12.041,12.0903,12.1396,12.1889,12.2381,12.2873,12.3365,12.3857,12.4142,12.4413,12.4683,12.4953,12.5223,12.5493,12.5764,12.6034,12.6304,12.6357,12.62,12.6041,12.588,12.5715,12.5548,12.5378,12.5205,12.5029,12.4816,12.4259,12.3701,12.3142,12.2582,12.2021,12.1459,12.0895,12.033,11.9764,11.9135,11.8475,11.7815,11.7154,11.6493,11.5832,11.517,11.4507,11.3845,11.3393,11.3589,11.3784,11.398,11.4176,11.4372,11.4569,11.4765,11.4962,11.5159,11.4897,11.4533,11.4165,11.3793,11.3417,11.3038,11.2654,11.2267,11.1875,11.0904,10.9051,10.7195,10.5338,10.3478,10.1616,9.9752,9.7885,9.6016,9.4144,9.2977,9.1833,9.0688,8.9542,8.8395,8.7247,8.6098,8.4949,8.3798,8.2957,8.2379,8.1799,8.1218,8.0636,8.0052,7.9466,7.8879,7.829
13.8748,13.8403,13.8058,13.7713,13.7368,13.7024,13.668,13.6336,13.5992,13.5658,13.5349,13.5041,13.4734,13.4429,13.4125,13.3822,13.3521,13.3221,13.2922,13.2219,13.1458,13.0697,12.9936,12.9175,12.8413,12.7651,12.6889,12.6126,12.5537,12.5156,12.4776,12.4395,12.4014,12.3633,12.3252,12.2871,12.2489,12.213,12.2494,12.2857,12.322,12.3582,12.3944,12.4306,12.4668,12.5029,12.539,12.5572,12.5639,12.5706,12.5773,12.5839,12.5905,12.5972,12.6038,12.6103,12.618,12.6302,12.6424,12.6546,12.6667,12.6789,12.691,12.7032,12.7153,12.7274,12.6652,12.5801,12.4952,12.4102,12.3254,12.2405,12.1558,12.071,11.9864,11.9472,11.9948,12.0424,12.09,12.1375,12.185,12.2325,12.28,12.3274,12.3747,12.4034,12.4304,12.4574,12.4845,12.5115,12.5385,12.5655,12.5926,12.6196,12.6211,12.5967,12.5721,12.5472,12.5221,12.4967,12.471,12.445,12.4186,12.3897,12.3317,12.2736,12.2154,12.157,12.0986,12.04,11.9813,11.9225,11.8635,11.8,11.734,11.6679,11.6018,11.5357,11.4695,11.4033,11.337,11.2707,11.2238,11.2444,11.2651,11.2857,11.3064,11.3271,11.3477,11.3685,11.3892,11.4099,11.3806,11.338,11.2951,11.2518,11.2081,11.164,11.1195,11.0747,11.0294,10.9316,10.7436,10.5553,10.3668,10.178,9.989,9.7998,9.6104,9.4207,9.2308,9.1112,8.9965,8.8816,8.7667,8.6517,8.5366,8.4214,8.3061,8.1907,8.1037,8.0448,7.9856,7.9263,7.8669,7.8073,7.7475,7.6876,7.6275
13.8663,13.831,13.7957,13.7604,13.7251,13.6898,13.6546,13.6194,13.5842,13.5486,13.5123,13.4761,13.4401,13.4042,13.3684,13.3328,13.2973,13.2619,13.2266,13.1555,13.0798,13.0041,12.9284,12.8526,12.7768,12.7009,12.6251,12.5492,12.4907,12.4525,12.4143,12.3761,12.3378,12.2996,12.2613,12.223,12.1847,12.1491,12.1869,12.2247,12.2625,12.3002,12.3379,12.3755,12.4132,12.4508,12.4883,12.5074,12.5147,12.522,12.5292,12.5364,12.5436,12.5508,12.558,12.5652,12.5732,12.5855,12.5977,12.6099,12.622,12.6342,12.6463,12.6585,12.6706,12.6827,12.625,12.5453,12.4658,12.3862,12.3068,12.2273,12.148,12.0686,11.9894,11.9523,11.9981,12.0439,12.0897,12.1355,12.1812,12.2269,12.2726,12.3182,12.3638,12.3925,12.4196,12.4466,12.4736,12.5007,12.5277,12.5547,12.5817,12.6088,12.6068,12.5737,12.5404,12.5068,12.4729,12.4388,12.4044,12.3697,12.3347,12.2979,12.2376,12.1772,12.1166,12.0559,11.9951,11.9342,11.8732,11.812,11.7507,11.6865,11.6204,11.5543,11.4882,11.4221,11.3559,11.2896,11.2233,11.157,11.1083,11.1299,11.1516,11.1734,11.1951,11.2168,11.2386,11.2603,11.2821,11.3039,11.2718,11.2231,11.174,11.1246,11.0748,11.0246,10.974,10.923,10.8716,10.773,10.5822,10.3912,10.1999,10.0084,9.8166,9.6247,9.4325,9.24,9.0473,8.9248,8.8097,8.6945,8.5793,8.4639,8.3485,8.233,8.1174,8.0017,7.9119,7.8517,7.7914,7.7309,7.6702,7.6094,7.5485,7.4874,7.4261
13.8578,13.8217,13.7855,13.7494,13.7133,13.6772,13.6412,13.6052,13.5692,13.5313,13.4896,13.448,13.4066,13.3654,13.3243,13.2833,13.2424,13.2016,13.161,13.0892,13.0139,12.9385,12.8631,12.7877,12.7122,12.6368,12.5612,12.4857,12.4277,12.3893,12.351,12.3126,12.2742,12.2358,12.1974,12.1589,12.1205,12.0852,12.1245,12.1638,12.203,12.2422,12.2814,12.3205,12.3596,12.3987,12.4377,12.4576,12.4655,12.4733,12.4811,12.4889,12.4967,12.5045,12.5122,12.52,12.5285,12.5408,12.553,12.5652,12.5773,12.5895,12.6016,12.6138,12.6259,12.638,12.5847,12.5105,12.4363,12.3622,12.2881,12.2141,12.1401,12.0662,11.9923,11.9573,12.0014,12.0455,12.0895,12.1335,12.1775,12.2214,12.2653,12.3091,12.353,12.3817,12.4087,12.4358,12.4628,12.4899,12.5169,12.5439,12.5709,12.5979,12.5927,12.5509,12.5089,12.4666,12.4241,12.3812,12.3381,12.2947,12.251,12.2062,12.1436,12.0808,12.0179,11.9549,11.8918,11.8285,11.7652,11.7017,11.6381,11.5729,11.5069,11.4408,11.3746,11.3084,11.2422,11.1759,11.1096,11.0433,10.9927,11.0154,11.0382,11.0609,11.0837,11.1065,11.1293,11.1522,11.175,11.1979,11.1633,11.1085,11.0533,10.9978,10.9418,10.8855,10.8288,10.7717,10.7142,10.6146,10.421,10.2272,10.0332,9.8389,9.6444,9.4497,9.2547,9.0595,8.8641,8.7383,8.6229,8.5074,8.3918,8.2762,8.1604,8.0446,7.9286,7.8126,7.7202,7.6588,7.5972,7.5356,7.4737,7.4117,7.3496,7.2872,7.2248
13.8493,13.8123,13.7754,13.7384,13.7015,13.6646,13.6278,13.5909,13.5541,13.5137,13.4667,13.4198,13.373,13.3264,13.2799,13.2336,13.1873,13.1412,13.0952,13.0229,12.9479,12.8729,12.7979,12.7228,12.6477,12.5726,12.4974,12.4223,12.3647,12.3262,12.2877,12.2491,12.2106,12.172,12.1334,12.0948,12.0562,12.0213,12.0621,12.1028,12.1435,12.1842,12.2248,12.2654,12.306,12.3466,12.3871,12.4078,12.4163,12.4247,12.4331,12.4414,12.4498,12.4581,12.4665,12.4748,12.4838,12.496,12.5082,12.5204,12.5326,12.5448,12.5569,12.5691,12.5812,12.5933,12.5444,12.4756,12.4068,12.3381,12.2694,12.2007,12.1321,12.0636,11.9952,11.9624,12.0047,12.047,12.0893,12.1315,12.1737,12.2159,12.258,12.3001,12.3422,12.3709,12.3979,12.4249,12.452,12.479,12.5061,12.5331,12.5601,12.5871,12.5788,12.5284,12.4776,12.4267,12.3754,12.3239,12.2721,12.22,12.1676,12.1146,12.0496,11.9845,11.9193,11.8539,11.7885,11.7229,11.6572,11.5914,11.5255,11.4594,11.3933,11.3272,11.261,11.1948,11.1286,11.0623,10.9959,10.9296,10.877,10.9008,10.9247,10.9485,10.9723,10.9962,11.0201,11.044,11.0679,11.0918,11.0551,10.9942,10.9329,10.8713,10.8092,10.7468,10.684,10.6207,10.5571,10.4564,10.26,10.0634,9.8666,9.6696,9.4724,9.2749,9.0771,8.8792,8.681,8.5519,8.4362,8.3203,8.2044,8.0884,7.9723,7.8562,7.7399,7.6236,7.5285,7.4659,7.4032,7.3403,7.2773,7.2141,7.1507,7.0872,7.0235
13.8407,13.8029,13.7652,13.7274,13.6897,13.652,13.6143,13.5767,13.539,13.496,13.4436,13.3914,13.3393,13.2873,13.2355,13.1837,13.1322,13.0807,13.0293,12.9565,12.8819,12.8073,12.7326,12.6579,12.5832,12.5084,12.4336,12.3588,12.3016,12.263,12.2243,12.1857,12.147,12.1083,12.0695,12.0308,11.992,11.9575,11.9997,12.0419,12.0841,12.1262,12.1683,12.2104,12.2524,12.2945,12.3365,12.3581,12.3671,12.376,12.385,12.394,12.4029,12.4118,12.4207,12.4296,12.4391,12.4513,12.4635,12.4757,12.4879,12.5001,12.5122,12.5244,12.5365,12.5486,12.5041,12.4407,12.3773,12.3139,12.2506,12.1873,12.1241,12.061,11.9979,11.9675,12.0081,12.0486,12.0891,12.1295,12.17,12.2104,12.2507,12.2911,12.3314,12.36,12.3871,12.4141,12.4412,12.4682,12.4952,12.5223,12.5493,12.5763,12.5652,12.506,12.4466,12.387,12.3271,12.2669,12.2064,12.1456,12.0845,12.023,11.9557,11.8883,11.8207,11.7531,11.6853,11.6174,11.5494,11.4812,11.413,11.3459,11.2798,11.2136,11.1474,11.0812,11.0149,10.9486,10.8822,10.8158,10.7613,10.7862,10.8111,10.836,10.8609,10.8858,10.9107,10.9357,10.9607,10.9856,10.9473,10.8803,10.8129,10.7451,10.6769,10.6084,10.5395,10.4701,10.4004,10.2983,10.0992,9.8998,9.7003,9.5005,9.3005,9.1002,8.8997,8.699,8.4981,8.3655,8.2494,8.1333,8.017,7.9007,7.7843,7.6678,7.5512,7.4346,7.3369,7.2731,7.2092,7.1451,7.0809,7.0165,6.952,6.8873,6.8224
13.8322,13.7935,13.7549,13.7164,13.6778,13.6393,13.6008,13.5624,13.5239,13.4782,13.4204,13.3628,13.3054,13.248,13.1908,13.1338,13.0768,13.02,12.9633,12.8902,12.816,12.7417,12.6674,12.593,12.5187,12.4443,12.3698,12.2954,12.2386,12.1998,12.161,12.1222,12.0833,12.0445,12.0056,11.9667,11.9278,11.8936,11.9373,11.981,12.0247,12.0683,12.1118,12.1554,12.1989,12.2424,12.2858,12.3083,12.3178,12.3274,12.3369,12.3465,12.356,12.3655,12.3749,12.3844,12.3944,12.4066,12.4188,12.431,12.4432,12.4554,12.4675,12.4797,12.4918,12.5039,12.4637,12.4057,12.3476,12.2897,12.2318,12.1739,12.1161,12.0583,12.0006,11.9727,12.0115,12.0502,12.0889,12.1276,12.1663,12.2049,12.2435,12.2821,12.3206,12.3492,12.3762,12.4033,12.4303,12.4574,12.4844,12.5114,12.5385,12.5655,12.5518,12.484,12.4159,12.3476,12.2789,12.2101,12.1409,12.0714,12.0016,11.9316,11.8619,11.7922,11.7223,11.6523,11.5822,11.512,11.4416,11.3711,11.3005,11.2324,11.1662,11.1,11.0338,10.9676,10.9013,10.8349,10.7685,10.7021,10.6456,10.6715,10.6975,10.7234,10.7494,10.7754,10.8013,10.8274,10.8534,10.8794,10.8398,10.7667,10.6932,10.6193,10.545,10.4704,10.3953,10.3199,10.244,10.1403,9.9385,9.7364,9.5341,9.3315,9.1288,8.9258,8.7225,8.5191,8.3153,8.1791,8.0627,7.9462,7.8297,7.713,7.5963,7.4795,7.3626,7.2456,7.1454,7.0804,7.0153,6.9501,6.8846,6.819,6.7533,6.6874,6.6214
13.8235,13.7841,13.7447,13.7053,13.666,13.6266,13.5873,13.548,13.5088,13.4602,13.3971,13.3341,13.2713,13.2086,13.1461,13.0837,13.0214,12.9592,12.8971,12.8239,12.75,12.6761,12.6021,12.5282,12.4541,12.3801,12.306,12.232,12.1756,12.1367,12.0977,12.0587,12.0197,11.9807,11.9417,11.9026,11.8635,11.8298,11.875,11.9201,11.9652,12.0103,12.0554,12.1004,12.1453,12.1903,12.2352,12.2585,12.2686,12.2788,12.2889,12.299,12.3091,12.3191,12.3292,12.3392,12.3496,12.3619,12.3741,12.3863,12.3985,12.4107,12.4228,12.435,12.4471,12.4592,12.4233,12.3706,12.318,12.2654,12.2129,12.1604,12.1079,12.0556,12.0033,11.9778,12.0149,12.0518,12.0888,12.1257,12.1626,12.1995,12.2363,12.2731,12.3099,12.3383,12.3654,12.3924,12.4195,12.4465,12.4736,12.5006,12.5277,12.5547,12.5387,12.4622,12.3854,12.3084,12.2311,12.1535,12.0757,11.9975,11.9191,11.8403,11.7682,11.6961,11.6239,11.5516,11.4792,11.4066,11.3339,11.2611,11.1882,11.1188,11.0527,10.9865,10.9202,10.8539,10.7876,10.7212,10.6548,10.5884,10.5298,10.5568,10.5838,10.6108,10.6378,10.6649,10.6919,10.719,10.7461,10.7732,10.7326,10.6534,10.5738,10.4938,10.4134,10.3327,10.2515,10.17,10.088,9.9826,9.7779,9.5731,9.368,9.1627,8.9572,8.7515,8.5455,8.3393,8.1328,7.9927,7.876,7.7592,7.6423,7.5254,7.4083,7.2912,7.1739,7.0566,6.954,6.8878,6.8215,6.7551,6.6884,6.6217,6.5547,6.4876,6.4204
13.8149,13.7746,13.7344,13.6942,13.6541,13.6139,13.5738,13.5337,13.4936,13.442,13.3736,13.3053,13.2371,13.1691,13.1012,13.0334,12.9658,12.8982,12.8308,12.7576,12.6841,12.6105,12.5369,12.4633,12.3896,12.316,12.2423,12.1685,12.1126,12.0735,12.0344,11.9952,11.9561,11.9169,11.8777,11.8385,11.7993,11.766,11.8126,11.8593,11.9058,11.9524,11.9989,12.0454,12.0918,12.1382,12.1846,12.2087,12.2194,12.2301,12.2408,12.2515,12.2622,12.2728,12.2834,12.294,12.3049,12.3172,12.3294,12.3416,12.3538,12.366,12.3781,12.3903,12.4024,12.4145,12.3828,12.3355,12.2883,12.2411,12.1939,12.1468,12.0997,12.0527,12.0058,11.983,12.0183,12.0535,12.0887,12.1239,12.159,12.1941,12.2292,12.2642,12.2992,12.3275,12.3546,12.3816,12.4087,12.4357,12.4628,12.4898,12.5168,12.5439,12.5258,12.4406,12.3552,12.2695,12.1835,12.0973,12.0108,11.924,11.8368,11.7494,11.6745,11.6001,11.5256,11.451,11.3762,11.3014,11.2264,11.1512,11.076,11.0053,10.9391,10.8729,10.8066,10.7403,10.674,10.6076,10.5411,10.4747,10.414,10.442,10.4701,10.4981,10.5262,10.5543,10.5824,10.6105,10.6387,10.6668,10.6258,10.5404,10.4547,10.3686,10.2822,10.1953,10.1081,10.0204,9.9324,9.825,9.6176,9.41,9.2022,8.9941,8.7858,8.5773,8.3686,8.1596,7.9504,7.8064,7.6893,7.5722,7.455,7.3377,7.2203,7.1029,6.9853,6.8677,6.7627,6.6953,6.6278,6.5602,6.4923,6.4244,6.3563,6.288,6.2195
13.8062,13.7651,13.7241,13.6831,13.6421,13.6012,13.5602,13.5193,13.4784,13.4237,13.3499,13.2762,13.2027,13.1294,13.0561,12.983,12.91,12.8372,12.7644,12.6913,12.6181,12.5449,12.4717,12.3984,12.3251,12.2518,12.1785,12.1051,12.0496,12.0103,11.9711,11.9318,11.8925,11.8531,11.8138,11.7744,11.735,11.7022,11.7503,11.7984,11.8464,11.8944,11.9424,11.9904,12.0383,12.0862,12.134,12.1589,12.1702,12.1815,12.1928,12.204,12.2152,12.2265,12.2376,12.2488,12.2602,12.2724,12.2847,12.2969,12.3091,12.3213,12.3334,12.3456,12.3577,12.3698,12.3423,12.3004,12.2585,12.2167,12.1749,12.1331,12.0915,12.0498,12.0083,11.9883,12.0217,12.0552,12.0886,12.122,12.1554,12.1888,12.2221,12.2554,12.2886,12.3166,12.3437,12.3708,12.3978,12.4249,12.4519,12.479,12.506,12.5331,12.5131,12.4192,12.3252,12.2308,12.1362,12.0413,11.9461,11.8506,11.7549,11.6588,11.581,11.5042,11.4274,11.3505,11.2734,11.1962,11.1189,11.0414,10.9638,10.8918,10.8256,10.7593,10.693,10.6267,10.5603,10.4939,10.4274,10.3609,10.2981,10.3272,10.3563,10.3854,10.4145,10.4437,10.4729,10.502,10.5312,10.5605,10.5192,10.4278,10.336,10.2438,10.1512,10.0583,9.965,9.8712,9.7771,9.6675,9.4574,9.247,9.0365,8.8257,8.6147,8.4034,8.1919,7.9802,7.7682,7.62,7.5027,7.3852,7.2677,7.1501,7.0324,6.9146,6.7967,6.6787,6.5714,6.5029,6.4342,6.3653,6.2963,6.2272,6.1579,6.0884,6.0188
13.7975,13.7556,13.7138,13.672,13.6302,13.5884,13.5467,13.5049,13.4632,13.4052,13.3261,13.2471,13.1682,13.0895,13.0109,12.9325,12.8542,12.776,12.6979,12.625,12.5522,12.4794,12.4065,12.3336,12.2607,12.1877,12.1147,12.0417,11.9866,11.9472,11.9077,11.8683,11.8288,11.7893,11.7498,11.7103,11.6708,11.6384,11.688,11.7375,11.7871,11.8365,11.886,11.9354,11.9848,12.0341,12.0834,12.1092,12.121,12.1329,12.1447,12.1565,12.1683,12.1801,12.1919,12.2036,12.2155,12.2277,12.2399,12.2522,12.2644,12.2765,12.2887,12.3009,12.313,12.3251,12.3017,12.2652,12.2287,12.1922,12.1558,12.1194,12.0831,12.0469,12.0107,11.9935,12.0252,12.0569,12.0886,12.1202,12.1519,12.1834,12.215,12.2465,12.278,12.3058,12.3329,12.3599,12.387,12.4141,12.4411,12.4682,12.4952,12.5223,12.5007,12.3982,12.2954,12.1924,12.0891,11.9856,11.8817,11.7776,11.6732,11.5684,11.4875,11.4084,11.3293,11.25,11.1706,11.0911,11.0115,10.9317,10.8518,10.7783,10.712,10.6458,10.5794,10.5131,10.4467,10.3802,10.3137,10.2472,10.1821,10.2123,10.2424,10.2726,10.3028,10.333,10.3633,10.3935,10.4238,10.454,10.413,10.3155,10.2176,10.1193,10.0207,9.9216,9.8222,9.7224,9.6222,9.5102,9.2973,9.0842,8.8709,8.6574,8.4436,8.2296,8.0154,7.8009,7.5862,7.4337,7.3161,7.1983,7.0804,6.9625,6.8445,6.7263,6.6081,6.4898,6.3803,6.3105,6.2406,6.1706,6.1004,6.0301,5.9596,5.8889,5.8181
13.7887,13.7461,13.7034,13.6608,13.6182,13.5756,13.533,13.4905,13.448,13.3865,13.3021,13.2177,13.1336,13.0495,12.9656,12.8818,12.7982,12.7146,12.6312,12.5587,12.4863,12.4138,12.3413,12.2687,12.1962,12.1236,12.051,11.9783,11.9235,11.884,11.8444,11.8048,11.7652,11.7255,11.6859,11.6462,11.6065,11.5747,11.6257,11.6767,11.7277,11.7786,11.8295,11.8804,11.9312,11.9821,12.0329,12.0594,12.0718,12.0843,12.0967,12.1091,12.1214,12.1338,12.1461,12.1584,12.1707,12.183,12.1952,12.2074,12.2197,12.2318,12.244,12.2562,12.2683,12.2804,12.2611,12.2299,12.1988,12.1677,12.1367,12.1056,12.0747,12.0438,12.013,11.9988,12.0287,12.0587,12.0886,12.1185,12.1483,12.1782,12.2079,12.2377,12.2674,12.295,12.322,12.3491,12.3762,12.4032,12.4303,12.4573,12.4844,12.5114,12.4885,12.3773,12.2659,12.1542,12.0423,11.9301,11.8176,11.7048,11.5918,11.4784,11.3941,11.3127,11.2312,11.1496,11.0679,10.9861,10.9041,10.822,10.7398,10.6648,10.5985,10.5322,10.4658,10.3994,10.333,10.2666,10.2,10.1335,10.0669,10.0973,10.1286,10.1598,10.1911,10.2223,10.2536,10.2849,10.3162,10.3475,10.3071,10.2035,10.0995,9.9952,9.8904,9.7853,9.6798,9.5739,9.4676,9.3531,9.1375,8.9216,8.7056,8.4893,8.2728,8.056,7.839,7.6218,7.4044,7.2474,7.1294,7.0113,6.8932,6.7749,6.6566,6.5381,6.4196,6.301,6.1892,6.1183,6.0472,5.976,5.9046,5.833,5.7614,5.6895,5.6175
13.78,13.7365,13.693,13.6496,13.6062,13.5628,13.5194,13.4761,13.4327,13.3677,13.2779,13.1883,13.0987,13.0094,12.9201,12.831,12.742,12.6531,12.5645,12.4924,12.4204,12.3482,12.2761,12.2039,12.1317,12.0595,11.9872,11.9149,11.8605,11.8208,11.7811,11.7413,11.7015,11.6618,11.6219,11.5821,11.5423,11.5109,11.5634,11.6159,11.6683,11.7207,11.7731,11.8254,11.8777,11.93,11.9823,12.0096,12.0226,12.0356,12.0486,12.0616,12.0745,12.0874,12.1004,12.1132,12.126,12.1383,12.1505,12.1627,12.1749,12.1871,12.1993,12.2115,12.2236,12.2358,12.2205,12.1947,12.1689,12.1431,12.1175,12.0918,12.0662,12.0407,12.0153,12.0041,12.0323,12.0605,12.0886,12.1167,12.1448,12.1729,12.2009,12.2289,12.2569,12.2841,12.3112,12.3383,12.3653,12.3924,12.4195,12.4465,12.4736,12.5006,12.4765,12.3567,12.2366,12.1163,11.9958,11.8749,11.7538,11.6324,11.5106,11.3886,11.3008,11.2171,11.1333,11.0494,10.9653,10.8812,10.7969,10.7125,10.628,10.5512,10.4849,10.4186,10.3522,10.2858,10.2194,10.1529,10.0863,10.0198,9.9532,9.9824,10.0146,10.0469,10.0792,10.1116,10.1439,10.1762,10.2086,10.241,10.2016,10.0919,9.9818,9.8714,9.7605,9.6493,9.5377,9.4258,9.3134,9.1961,8.9778,8.7592,8.5404,8.3213,8.1021,7.8826,7.6629,7.4429,7.2227,7.0612,6.9429,6.8244,6.7059,6.5873,6.4687,6.3499,6.2311,6.1121,5.9999,5.9302,5.8605,5.7908,5.721,5.6512,5.5813,5.5114,5.4414
13.7712,13.7269,13.6826,13.6384,13.5941,13.5499,13.5057,13.4616,13.4174,13.3487,13.2536,13.1586,13.0638,12.9691,12.8745,12.7801,12.6858,12.5915,12.4979,12.4262,12.3544,12.2827,12.2109,12.1391,12.0672,11.9954,11.9234,11.8515,11.7975,11.7576,11.7177,11.6778,11.6379,11.598,11.558,11.518,11.478,11.4472,11.5012,11.5551,11.609,11.6629,11.7167,11.7705,11.8243,11.878,11.9317,11.9599,11.9734,11.987,12.0006,12.0141,12.0276,12.0411,12.0546,12.0681,12.0813,12.0936,12.1058,12.118,12.1302,12.1424,12.1546,12.1668,12.1789,12.1911,12.1798,12.1593,12.1389,12.1185,12.0982,12.0779,12.0577,12.0375,12.0174,12.0094,12.0358,12.0623,12.0887,12.115,12.1414,12.1677,12.1939,12.2202,12.2464,12.2733,12.3004,12.3274,12.3545,12.3816,12.4086,12.4357,12.4628,12.4898,12.4648,12.3363,12.2076,12.0787,11.9495,11.82,11.6902,11.5601,11.4298,11.2991,11.2075,11.1215,11.0354,10.9492,10.8628,10.7763,10.6897,10.603,10.5162,10.4377,10.3714,10.305,10.2386,10.1722,10.1057,10.0392,9.9727,9.9061,9.8394,9.8673,9.9007,9.934,9.9673,9.999,10.0306,10.0622,10.0937,10.1252,10.0856,9.969,9.8524,9.7357,9.619,9.5022,9.3853,9.2684,9.1514,9.0331,8.8133,8.5936,8.3739,8.1542,7.9345,7.7149,7.4953,7.2758,7.0562,6.8937,6.7793,6.665,6.5509,6.4371,6.3235,6.2102,6.097,5.9842,5.8746,5.805,5.7353,5.6656,5.5958,5.526,5.4562,5.3863,5.3163
13.7273,13.6814,13.6356,13.5899,13.5444,13.4989,13.4535,13.4083,13.3631,13.2923,13.1954,13.0984,13.0014,12.9044,12.8073,12.7102,12.6131,12.5159,12.4196,12.3503,12.2808,12.2111,12.1414,12.0714,12.0014,11.9312,11.8609,11.7904,11.7379,11.699,11.6599,11.6208,11.5816,11.5423,11.5029,11.4634,11.4239,11.3941,11.4492,11.5043,11.5594,11.6145,11.6696,11.7246,11.7797,11.8347,11.8897,11.9186,11.9328,11.9469,11.9611,11.9752,11.9894,12.0036,12.0177,12.0319,12.0456,12.0566,12.0677,12.0787,12.0897,12.1006,12.1115,12.1223,12.133,12.1436,12.135,12.1188,12.1024,12.0861,12.0697,12.0532,12.0367,12.0202,12.0036,11.997,12.0205,12.044,12.0674,12.0907,12.1138,12.1369,12.1598,12.1827,12.2054,12.2288,12.2523,12.2755,12.2986,12.3213,12.3439,12.3661,12.3882,12.4099,12.3801,12.2421,12.1038,11.9653,11.8267,11.6878,11.5487,11.4094,11.2698,11.13,11.0336,10.9444,10.8551,10.7658,10.6765,10.587,10.4975,10.408,10.3184,10.2386,10.1744,10.1103,10.0464,9.9827,9.9192,9.8558,9.7927,9.7298,9.6671,9.6918,9.7238,9.7557,9.7875,9.8193,9.8511,9.8827,9.9144,9.9459,9.9103,9.7937,9.6771,9.5604,9.4437,9.3269,9.21,9.0931,8.9761,8.8591,8.6424,8.4241,8.2058,7.9875,7.7693,7.5511,7.3329,7.1148,6.8967,6.7335,6.6231,6.5129,6.4029,6.2932,6.1836,6.0744,5.9653,5.8565,5.7493,5.6797,5.6101,5.5404,5.4706,5.4008,5.331,5.2612,5.1912
13.6598,13.6099,13.5602,13.5105,13.461,13.4115,13.3622,13.3129,13.2638,13.1902,13.0932,12.9962,12.8991,12.802,12.7049,12.6078,12.5106,12.4133,12.3175,12.2536,12.1895,12.1253,12.0609,11.9963,11.9317,11.8669,11.8019,11.7369,11.6901,11.6566,11.6231,11.5895,11.5558,11.5219,11.488,11.4541,11.42,11.3958,11.4528,11.5096,11.5665,11.6234,11.6802,11.7371,11.7939,11.8507,11.9075,11.938,11.9538,11.9697,11.9855,12.0013,12.0172,12.033,12.0489,12.0647,12.0779,12.0782,12.0784,12.0787,12.0789,12.0791,12.0792,12.0792,12.0791,12.079,12.0661,12.048,12.0298,12.0116,11.9933,11.975,11.9567,11.9383,11.9198,11.9106,11.9301,11.9496,11.969,11.9882,12.0074,12.0264,12.0454,12.0642,12.0829,12.0993,12.1148,12.13,12.1451,12.1599,12.1745,12.1888,12.2028,12.2166,12.182,12.0393,11.8963,11.7532,11.6098,11.4663,11.3225,11.1785,11.0342,10.8898,10.7923,10.7037,10.6151,10.5264,10.4377,10.3489,10.2601,10.1712,10.0822,10.0046,9.9465,9.8886,9.8309,9.7733,9.7159,9.6587,9.6018,9.545,9.4885,9.5117,9.5438,9.5758,9.6077,9.6396,9.6715,9.7033,9.735,9.7667,9.735,9.6184,9.5018,9.3851,9.2684,9.1516,9.0347,8.9178,8.8008,8.6838,8.4714,8.2545,8.0377,7.8208,7.604,7.3872,7.1704,6.9537,6.737,6.573,6.4667,6.3605,6.2546,6.149,6.0435,5.9383,5.8333,5.7285,5.6241,5.5545,5.4848,5.4152,5.3454,5.2757,5.2059,5.136,5.0662
13.5922,13.5383,13.4846,13.4309,13.3774,13.324,13.2707,13.2175,13.1643,13.0881,12.9911,12.894,12.7969,12.6997,12.6025,12.5053,12.4081,12.3108,12.2156,12.1571,12.0984,12.0395,11.9805,11.9213,11.8621,11.8026,11.7431,11.6834,11.6424,11.6144,11.5864,11.5582,11.53,11.5017,11.4733,11.4448,11.4162,11.3976,11.4563,11.515,11.5736,11.6323,11.6909,11.7495,11.8081,11.8667,11.9253,11.9574,11.9749,11.9924,12.0099,12.0274,12.0449,12.0624,12.08,12.0975,12.1102,12.0997,12.0892,12.0787,12.0682,12.0576,12.0469,12.0362,12.0253,12.0144,11.9971,11.9772,11.9572,11.9371,11.917,11.8969,11.8767,11.8564,11.8361,11.8243,11.8398,11.8553,11.8706,11.8859,11.901,11.9161,11.931,11.9458,11.9605,11.9698,11.9774,11.9847,11.9918,11.9986,12.0053,12.0116,12.0177,12.0235,11.9841,11.8366,11.689,11.5412,11.3932,11.2449,11.0964,10.9478,10.7988,10.6497,10.551,10.463,10.3751,10.287,10.199,10.1108,10.0226,9.9344,9.846,9.7704,9.7184,9.6667,9.6151,9.5636,9.5124,9.4614,9.4106,9.3599,9.3095,9.3316,9.3638,9.3959,9.4279,9.46,9.4919,9.5238,9.5557,9.5874,9.5597,9.4431,9.3265,9.2098,9.0931,8.9763,8.8594,8.7425,8.6255,8.5085,8.3004,8.0849,7.8694,7.654,7.4386,7.2232,7.0078,6.7925,6.5772,6.4123,6.31,6.2079,6.1061,6.0045,5.9031,5.8019,5.701,5.6003,5.4999,5.4292,5.3596,5.2899,5.2203,5.1505,5.0807,5.0109,4.9411
13.5244,13.4666,13.4089,13.3513,13.2937,13.2364,13.1791,13.1219,13.0647,12.986,12.8889,12.7918,12.6946,12.5974,12.5001,12.4029,12.3056,12.2082,12.1138,12.0606,12.0073,11.9538,11.9002,11.8465,11.7926,11.7385,11.6844,11.6301,11.5947,11.5723,11.5497,11.5271,11.5043,11.4815,11.4586,11.4356,11.4125,11.3994,11.4599,11.5203,11.5808,11.6412,11.7016,11.762,11.8224,11.8828,11.9431,11.9768,11.996,12.0152,12.0343,12.0535,12.0727,12.0919,12.1111,12.1303,12.1425,12.1213,12.1,12.0788,12.0575,12.0361,12.0147,11.9932,11.9716,11.95,11.9282,11.9064,11.8846,11.8627,11.8407,11.8187,11.7967,11.7746,11.7525,11.738,11.7496,11.761,11.7723,11.7836,11.7947,11.8057,11.8167,11.8275,11.8382,11.8406,11.8402,11.8395,11.8387,11.8376,11.8362,11.8347,11.8328,11.8307,11.7862,11.6341,11.4818,11.3293,11.1766,11.0237,10.8705,10.7172,10.5636,10.4097,10.3096,10.2223,10.135,10.0476,9.9602,9.8727,9.7851,9.6975,9.6098,9.5359,9.4901,9.4445,9.399,9.3537,9.3086,9.2637,9.2191,9.1746,9.1303,9.1514,9.1837,9.216,9.2481,9.2803,9.3123,9.3443,9.3763,9.4082,9.3844,9.2679,9.1512,9.0345,8.9178,8.801,8.6841,8.5672,8.4502,8.3332,8.1293,7.9152,7.7011,7.4871,7.2731,7.0591,6.8452,6.6313,6.4174,6.2512,6.153,6.055,5.9572,5.8597,5.7623,5.6652,5.5684,5.4718,5.3754,5.3039,5.2344,5.1647,5.0951,5.0253,4.9556,4.8858,4.816
13.4565,13.3947,13.333,13.2714,13.2099,13.1486,13.0873,13.0261,12.9651,12.8839,12.7868,12.6895,12.5923,12.495,12.3977,12.3004,12.203,12.1056,12.0121,11.9644,11.9164,11.8683,11.8201,11.7717,11.7232,11.6745,11.6257,11.5769,11.5472,11.5302,11.5132,11.496,11.4787,11.4614,11.4439,11.4264,11.4089,11.4013,11.4635,11.5257,11.5879,11.6501,11.7123,11.7745,11.8366,11.8988,11.9609,11.9963,12.0171,12.0379,12.0588,12.0796,12.1005,12.1213,12.1422,12.1631,12.1748,12.1428,12.1109,12.0789,12.0468,12.0147,11.9826,11.9503,11.918,11.8856,11.8593,11.8357,11.812,11.7882,11.7644,11.7406,11.7167,11.6928,11.6688,11.6518,11.6593,11.6668,11.6741,11.6814,11.6885,11.6955,11.7024,11.7092,11.7159,11.7115,11.7031,11.6946,11.6858,11.6767,11.6674,11.6579,11.6481,11.638,11.5885,11.4318,11.2748,11.1176,10.9602,10.8026,10.6448,10.4867,10.3285,10.17,10.0682,9.9816,9.8949,9.8082,9.7214,9.6345,9.5476,9.4606,9.3736,9.3012,9.2615,9.222,9.1827,9.1435,9.1046,9.0658,9.0273,8.9889,8.9508,8.9713,9.0037,9.036,9.0683,9.1006,9.1327,9.1649,9.1969,9.2289,9.2091,9.0926,8.9759,8.8593,8.7425,8.6257,8.5088,8.3919,8.2749,8.1579,7.958,7.7454,7.5327,7.3201,7.1075,6.8949,6.6824,6.4699,6.2574,6.0899,5.9958,5.9018,5.8081,5.7146,5.6213,5.5283,5.4355,5.3429,5.2506,5.1787,5.1091,5.0395,4.9699,4.9002,4.8304,4.7607,4.6909
13.3885,13.3227,13.257,13.1915,13.126,13.0607,12.9954,12.9303,12.8652,12.7818,12.6846,12.5873,12.49,12.3927,12.2953,12.198,12.1005,12.0031,11.9106,11.8682,11.8256,11.7829,11.74,11.697,11.6539,11.6106,11.5672,11.5237,11.4998,11.4883,11.4767,11.465,11.4532,11.4413,11.4294,11.4174,11.4053,11.4031,11.4671,11.5311,11.5951,11.6591,11.723,11.787,11.8509,11.9148,11.9788,12.0157,12.0382,12.0607,12.0832,12.1057,12.1283,12.1508,12.1733,12.1959,12.2072,12.1645,12.1217,12.079,12.0362,11.9934,11.9505,11.9075,11.8645,11.8213,11.7904,11.7649,11.7394,11.7138,11.6882,11.6625,11.6368,11.611,11.5852,11.5657,11.5692,11.5726,11.576,11.5792,11.5823,11.5854,11.5883,11.5911,11.5938,11.5826,11.5663,11.5498,11.533,11.516,11.4988,11.4813,11.4636,11.4456,11.391,11.2295,11.0679,10.906,10.7439,10.5817,10.4192,10.2565,10.0935,9.9303,9.8268,9.7409,9.6548,9.5687,9.4825,9.3963,9.31,9.2237,9.1373,9.0662,9.0327,8.9993,8.9661,8.9331,8.9003,8.8677,8.8352,8.803,8.771,8.7912,8.8237,8.8561,8.8885,8.9209,8.9531,8.9854,9.0175,9.0497,9.0338,8.9173,8.8006,8.684,8.5672,8.4504,8.3335,8.2166,8.0996,7.9826,7.7867,7.5755,7.3642,7.153,6.9418,6.7307,6.5195,6.3085,6.0974,5.9284,5.8383,5.7484,5.6587,5.5693,5.4801,5.3911,5.3023,5.2138,5.1256,5.0534,4.9839,4.9143,4.8447,4.775,4.7053,4.6356,4.5658
13.3203,13.2505,13.1809,13.1114,13.0419,12.9726,12.9034,12.8343,12.7653,12.6797,12.5824,12.4851,12.3878,12.2904,12.193,12.0955,11.998,11.9005,11.8092,11.7722,11.735,11.6976,11.6601,11.6225,11.5847,11.5468,11.5088,11.4706,11.4524,11.4464,11.4403,11.4341,11.4278,11.4214,11.4149,11.4083,11.4017,11.405,11.4707,11.5365,11.6023,11.668,11.7338,11.7995,11.8652,11.9309,11.9966,12.0351,12.0593,12.0835,12.1077,12.1319,12.156,12.1802,12.2045,12.2287,12.2395,12.1861,12.1327,12.0792,12.0257,11.9721,11.9185,11.8648,11.811,11.7571,11.7215,11.6942,11.6668,11.6394,11.612,11.5844,11.5569,11.5293,11.5016,11.4796,11.4791,11.4785,11.4779,11.4771,11.4762,11.4753,11.4742,11.473,11.4717,11.4539,11.4296,11.4052,11.3805,11.3555,11.3304,11.305,11.2793,11.2533,11.1935,11.0274,10.8611,10.6945,10.5278,10.3609,10.1937,10.0263,9.8587,9.6909,9.5854,9.5001,9.4147,9.3292,9.2437,9.1581,9.0725,8.9868,8.901,8.831,8.8036,8.7764,8.7493,8.7224,8.6957,8.6692,8.6429,8.6168,8.5909,8.611,8.6436,8.6762,8.7087,8.7411,8.7735,8.8059,8.8382,8.8704,8.8585,8.742,8.6254,8.5087,8.3919,8.2751,8.1582,8.0413,7.9243,7.8073,7.6154,7.4055,7.1957,6.9859,6.7761,6.5663,6.3566,6.1469,5.9373,5.7665,5.6805,5.5947,5.5091,5.4237,5.3385,5.2536,5.1689,5.0844,5.0002,4.9281,4.8586,4.7891,4.7195,4.6498,4.5801,4.5104,4.4407
13.2519,13.1782,13.1046,13.0311,12.9578,12.8845,12.8113,12.7382,12.6652,12.5776,12.4803,12.3829,12.2855,12.188,12.0906,11.993,11.8955,11.7979,11.7079,11.6762,11.6444,11.6124,11.5803,11.548,11.5156,11.4831,11.4505,11.4177,11.4052,11.4047,11.404,11.4033,11.4024,11.4015,11.4005,11.3994,11.3982,11.4068,11.4744,11.5419,11.6095,11.677,11.7445,11.812,11.8795,11.947,12.0144,12.0546,12.0804,12.1063,12.1321,12.158,12.1838,12.2097,12.2356,12.2615,12.2719,12.2078,12.1436,12.0794,12.0151,11.9509,11.8865,11.8221,11.7576,11.693,11.6527,11.6235,11.5943,11.565,11.5357,11.5064,11.477,11.4476,11.4181,11.3936,11.3891,11.3845,11.3799,11.3751,11.3702,11.3653,11.3602,11.355,11.3497,11.3253,11.2931,11.2607,11.2281,11.1952,11.1621,11.1288,11.0952,11.0613,10.9962,10.8254,10.6544,10.4832,10.3118,10.1402,9.9684,9.7963,9.6241,9.4516,9.344,9.2593,9.1745,9.0897,9.0048,8.9199,8.8349,8.7498,8.6647,8.5956,8.5743,8.5531,8.5322,8.5114,8.4909,8.4705,8.4503,8.4303,8.4106,8.4308,8.4636,8.4962,8.5289,8.5614,8.5939,8.6264,8.6588,8.6911,8.6833,8.5667,8.4501,8.3334,8.2166,8.0998,7.9829,7.866,7.749,7.632,7.4439,7.2354,7.027,6.8186,6.6102,6.4019,6.1936,5.9853,5.777,5.6044,5.5224,5.4407,5.3591,5.2778,5.1967,5.1158,5.0351,4.9547,4.8746,4.8029,4.7334,4.6638,4.5943,4.5247,4.455,4.3853,4.3156
13.1834,13.1058,13.0282,12.9508,12.8734,12.7962,12.7191,12.642,12.5651,12.4755,12.3781,12.2807,12.1832,12.0857,11.9882,11.8906,11.793,11.6953,11.6068,11.5804,11.554,11.5274,11.5006,11.4737,11.4467,11.4195,11.3922,11.3648,11.358,11.363,11.3678,11.3725,11.3771,11.3817,11.3861,11.3905,11.3948,11.4087,11.4781,11.5474,11.6167,11.686,11.7553,11.8245,11.8938,11.963,12.0323,12.074,12.1015,12.129,12.1566,12.1841,12.2116,12.2391,12.2667,12.2942,12.3043,12.2295,12.1546,12.0796,12.0047,11.9297,11.8546,11.7795,11.7042,11.6289,11.5838,11.5528,11.5218,11.4907,11.4595,11.4284,11.3971,11.3659,11.3345,11.3076,11.2991,11.2906,11.2819,11.2731,11.2643,11.2553,11.2462,11.237,11.2277,11.1969,11.1568,11.1165,11.0759,11.0351,10.9941,10.9528,10.9113,10.8695,10.799,10.6235,10.4479,10.272,10.096,9.9197,9.7432,9.5665,9.3896,9.2124,9.1025,9.0185,8.9343,8.8501,8.7659,8.6816,8.5973,8.5128,8.4284,8.3599,8.3447,8.3297,8.3148,8.3002,8.2857,8.2715,8.2574,8.2436,8.23,8.2507,8.2835,8.3163,8.349,8.3817,8.4143,8.4469,8.4794,8.5118,8.508,8.3914,8.2748,8.1581,8.0413,7.9245,7.8076,7.6907,7.5737,7.4567,7.2723,7.0653,6.8583,6.6513,6.4443,6.2374,6.0304,5.8236,5.6167,5.4421,5.3641,5.2864,5.2089,5.1316,5.0545,4.9777,4.9011,4.8248,4.7487,4.6776,4.6081,4.5386,4.4691,4.3995,4.3298,4.2602,4.1905
13.1148,13.0332,12.9517,12.8703,12.789,12.7078,12.6267,12.5457,12.4648,12.3734,12.276,12.1785,12.0809,11.9834,11.8858,11.7881,11.6905,11.5928,11.5057,11.4848,11.4637,11.4424,11.421,11.3995,11.3778,11.356,11.3341,11.312,11.311,11.3214,11.3317,11.3419,11.3519,11.362,11.3719,11.3817,11.3915,11.4107,11.4818,11.5529,11.6239,11.695,11.766,11.8371,11.9081,11.9791,12.0501,12.0935,12.1227,12.1518,12.181,12.2102,12.2394,12.2686,12.2978,12.327,12.3368,12.2512,12.1656,12.0799,11.9943,11.9085,11.8228,11.7369,11.651,11.565,11.515,11.4821,11.4493,11.4163,11.3834,11.3504,11.3173,11.2842,11.251,11.2217,11.2092,11.1967,11.184,11.1713,11.1584,11.1454,11.1324,11.1192,11.1059,11.0686,11.0206,10.9724,10.9239,10.8752,10.8263,10.7771,10.7276,10.6779,10.6019,10.4218,10.2415,10.061,9.8803,9.6993,9.5182,9.3368,9.1552,8.9734,8.861,8.7776,8.6941,8.6106,8.527,8.4433,8.3596,8.2758,8.192,8.1239,8.1148,8.106,8.0972,8.0887,8.0804,8.0722,8.0643,8.0566,8.049,8.0705,8.1035,8.1364,8.1692,8.202,8.2347,8.2674,8.3,8.3325,8.3327,8.2161,8.0995,7.9828,7.866,7.7492,7.6323,7.5154,7.3984,7.2814,7.1007,6.895,6.6894,6.4838,6.2783,6.0727,5.8672,5.6618,5.4563,5.2794,5.2055,5.1319,5.0584,4.9852,4.9121,4.8394,4.7668,4.6945,4.6224,4.5523,4.4829,4.4134,4.3439,4.2743,4.2047,4.135,4.0653
13.046,12.9605,12.875,12.7896,12.7044,12.6192,12.5342,12.4492,12.3643,12.2713,12.1738,12.0762,11.9786,11.881,11.7833,11.6857,11.5879,11.4902,11.4048,11.3892,11.3735,11.3576,11.3416,11.3254,11.3091,11.2926,11.2761,11.2594,11.264,11.2799,11.2956,11.3113,11.3268,11.3423,11.3577,11.373,11.3882,11.4126,11.4855,11.5583,11.6312,11.704,11.7768,11.8496,11.9224,11.9952,12.068,12.1129,12.1438,12.1746,12.2055,12.2363,12.2672,12.2981,12.3289,12.3598,12.3692,12.2729,12.1766,12.0803,11.9839,11.8875,11.791,11.6944,11.5978,11.5011,11.4462,11.4115,11.3768,11.342,11.3072,11.2724,11.2375,11.2025,11.1675,11.1358,11.1194,11.1028,11.0862,11.0694,11.0526,11.0357,11.0186,11.0014,10.9841,10.9405,10.8846,10.8285,10.7721,10.7155,10.6586,10.6015,10.5441,10.4865,10.405,10.2202,10.0352,9.8501,9.6647,9.4791,9.2933,9.1073,8.921,8.7345,8.6195,8.5367,8.4539,8.371,8.288,8.205,8.1219,8.0388,7.9556,7.8877,7.8848,7.882,7.8794,7.877,7.8747,7.8727,7.8709,7.8692,7.8678,7.8903,7.9234,7.9564,7.9893,8.0222,8.0551,8.0878,8.1206,8.1532,8.1574,8.0408,7.9242,7.8075,7.6907,7.5739,7.457,7.3401,7.2231,7.1061,6.929,6.7247,6.5205,6.3163,6.1122,5.908,5.7039,5.4999,5.2958,5.1165,5.0467,4.9771,4.9076,4.8384,4.7695,4.7007,4.6322,4.564,4.4959,4.427,4.3576,4.2882,4.2187,4.1491,4.0795,4.0099,3.9402
12.9771,12.8876,12.7982,12.7088,12.6196,12.5305,12.4415,12.3526,12.2638,12.1692,12.0716,11.974,11.8763,11.7787,11.6809,11.5832,11.4854,11.3876,11.3041,11.2938,11.2834,11.2729,11.2622,11.2514,11.2404,11.2293,11.2181,11.2068,11.2172,11.2385,11.2597,11.2808,11.3018,11.3227,11.3436,11.3643,11.385,11.4146,11.4892,11.5638,11.6384,11.713,11.7876,11.8622,11.9368,12.0113,12.0859,12.1324,12.1649,12.1974,12.2299,12.2625,12.295,12.3275,12.36,12.3926,12.4017,12.2947,12.1877,12.0806,11.9736,11.8665,11.7593,11.652,11.5447,11.4373,11.3774,11.3409,11.3043,11.2677,11.2311,11.1944,11.1577,11.1209,11.0841,11.05,11.0296,11.009,10.9884,10.9677,10.9469,10.9259,10.9049,10.8837,10.8625,10.8126,10.7488,10.6847,10.6204,10.5559,10.4911,10.4261,10.3608,10.2953,10.2081,10.0187,9.8291,9.6393,9.4492,9.259,9.0685,8.8779,8.687,8.4958,8.378,8.2958,8.2136,8.1314,8.049,7.9667,7.8842,7.8017,7.7192,7.6513,7.6544,7.6578,7.6613,7.6649,7.6688,7.6729,7.6772,7.6817,7.6863,7.7102,7.7433,7.7764,7.8095,7.8425,7.8754,7.9083,7.9412,7.9739,7.9821,7.8655,7.7489,7.6322,7.5154,7.3986,7.2817,7.1648,7.0478,6.9308,6.7571,6.5543,6.3515,6.1487,5.946,5.7432,5.5405,5.3379,5.1352,4.9534,4.8876,4.822,4.7566,4.6914,4.6265,4.5618,4.4973,4.4331,4.3691,4.3018,4.2324,4.1629,4.0934,4.0239,3.9544,3.8848,3.8151
12.9081,12.8146,12.7212,12.6279,12.5348,12.4417,12.3488,12.2559,12.1631,12.0671,11.9694,11.8718,11.7741,11.6763,11.5785,11.4807,11.3829,11.285,11.2034,11.1985,11.1935,11.1883,11.183,11.1775,11.1719,11.1662,11.1603,11.1543,11.1704,11.1971,11.2238,11.2504,11.2768,11.3032,11.3295,11.3557,11.3819,11.4165,11.493,11.5694,11.6457,11.7221,11.7985,11.8748,11.9511,12.0275,12.1038,12.1519,12.1861,12.2202,12.2544,12.2886,12.3228,12.357,12.3912,12.4254,12.4341,12.3165,12.1988,12.0811,11.9633,11.8455,11.7276,11.6097,11.4917,11.3736,11.3086,11.2702,11.2319,11.1934,11.155,11.1165,11.0779,11.0393,11.0006,10.9643,10.9398,10.9153,10.8907,10.866,10.8412,10.8163,10.7913,10.7661,10.7409,10.6849,10.6131,10.5412,10.469,10.3965,10.3239,10.251,10.1778,10.1043,10.0114,9.8174,9.6231,9.4286,9.2339,9.0391,8.8439,8.6486,8.4531,8.2573,8.1364,8.0549,7.9734,7.8917,7.81,7.7283,7.6465,7.5647,7.4827,7.4146,7.4238,7.4333,7.4429,7.4527,7.4627,7.4728,7.4832,7.4938,7.5046,7.53,7.5632,7.5965,7.6296,7.6627,7.6958,7.7288,7.7617,7.7946,7.8068,7.6902,7.5736,7.4569,7.3401,7.2233,7.1064,6.9895,6.8725,6.7555,6.5853,6.3838,6.1824,5.981,5.7797,5.5783,5.3771,5.1758,4.9746,4.7899,4.7282,4.6666,4.6053,4.5442,4.4833,4.4228,4.3626,4.3025,4.2425,4.1769,4.1078,4.0387,3.9696,3.9006,3.8315,3.7625,3.6935
12.8389,12.7414,12.6441,12.5469,12.4498,12.3528,12.2559,12.1591,12.0623,11.965,11.8673,11.7695,11.6718,11.574,11.4761,11.3783,11.2804,11.1824,11.1029,11.1034,11.1037,11.1038,11.1038,11.1037,11.1035,11.1031,11.1026,11.1019,11.1237,11.1559,11.188,11.22,11.2519,11.2838,11.3155,11.3472,11.3788,11.4185,11.4967,11.5749,11.653,11.7312,11.8093,11.8874,11.9655,12.0436,12.1217,12.1714,12.2072,12.2431,12.2789,12.3147,12.3506,12.3864,12.4223,12.4581,12.4666,12.3383,12.2099,12.0815,11.9531,11.8246,11.696,11.5674,11.4387,11.3099,11.2398,11.1996,11.1594,11.1192,11.0789,11.0385,10.9981,10.9577,10.9172,10.8786,10.8502,10.8217,10.7931,10.7644,10.7356,10.7067,10.6777,10.6486,10.6193,10.5573,10.4777,10.3978,10.3177,10.2374,10.1568,10.076,9.9949,9.9136,9.8149,9.6161,9.4172,9.2181,9.0188,8.8192,8.6195,8.4195,8.2193,8.0189,7.8949,7.814,7.7331,7.6521,7.571,7.4899,7.4088,7.3275,7.2463,7.1776,7.193,7.2085,7.2242,7.2401,7.2562,7.2725,7.289,7.3056,7.3227,7.3507,7.3846,7.4184,7.452,7.4853,7.5185,7.5514,7.5841,7.6166,7.6323,7.5157,7.399,7.2823,7.1655,7.0486,6.9317,6.8146,6.6975,6.5804,6.4143,6.2159,6.0177,5.8196,5.6218,5.4242,5.2267,5.0295,4.8326,4.6477,4.5887,4.5297,4.4708,4.412,4.3532,4.2945,4.2358,4.1772,4.1187,4.0545,3.9862,3.9179,3.8496,3.7813,3.7131,3.6448,3.5766
12.7477,12.6541,12.5601,12.4659,12.3714,12.2768,12.1818,12.0867,11.9913,11.8963,11.8013,11.7062,11.6108,11.5152,11.4194,11.3235,11.2274,11.1311,11.0547,11.0589,11.063,11.0671,11.071,11.0749,11.0786,11.0823,11.0859,11.0894,11.1133,11.1465,11.1798,11.2132,11.2467,11.2804,11.314,11.3478,11.3817,11.4234,11.5,11.5768,11.6536,11.7306,11.8076,11.8847,11.9618,12.039,12.1163,12.1653,12.2007,12.2361,12.2715,12.3069,12.3423,12.3776,12.4129,12.4481,12.4545,12.3168,12.179,12.0412,11.9033,11.7653,11.6272,11.489,11.3508,11.2124,11.1353,11.0899,11.0443,10.9985,10.9525,10.9062,10.8597,10.8129,10.7659,10.7204,10.6854,10.6502,10.6148,10.5792,10.5433,10.5072,10.4709,10.4343,10.3974,10.3286,10.242,10.1552,10.0684,9.9815,9.8945,9.8074,9.7202,9.6329,9.5308,9.3324,9.134,8.9359,8.7379,8.5401,8.3424,8.145,7.9478,7.7508,7.6305,7.5568,7.4835,7.4105,7.3378,7.2654,7.1934,7.1218,7.0505,6.9898,7.0101,7.0305,7.0509,7.0714,7.092,7.1127,7.1335,7.1544,7.1753,7.2023,7.2332,7.2638,7.2943,7.3245,7.3545,7.3844,7.414,7.4434,7.46,7.3431,7.2262,7.1092,6.9921,6.8749,6.7577,6.6403,6.5229,6.4055,6.2441,6.0498,5.8557,5.6619,5.4682,5.2747,5.0815,4.8884,4.6956,4.5102,4.4527,4.3953,4.3379,4.2805,4.2233,4.166,4.1089,4.0518,3.9947,3.9321,3.8646,3.7971,3.7296,3.6621,3.5946,3.5272,3.4597
12.6474,12.5603,12.4728,12.3852,12.2972,12.2091,12.1207,12.032,11.9432,11.8549,11.7668,11.6784,11.5899,11.5011,11.4122,11.3231,11.2338,11.1443,11.0755,11.0848,11.0939,11.1029,11.1118,11.1206,11.1294,11.138,11.1466,11.1551,11.1769,11.2045,11.2322,11.26,11.288,11.316,11.3441,11.3723,11.4005,11.4359,11.5018,11.5678,11.6339,11.7001,11.7664,11.8328,11.8992,11.9657,12.0322,12.0718,12.0986,12.1254,12.1522,12.1789,12.2056,12.2323,12.259,12.2856,12.2843,12.1428,12.0013,11.8597,11.718,11.5762,11.4344,11.2924,11.1504,11.0083,10.921,10.8626,10.804,10.7452,10.6862,10.6269,10.5675,10.5077,10.4477,10.3901,10.3485,10.3068,10.2648,10.2226,10.1801,10.1375,10.0945,10.0513,10.0079,9.9382,9.8531,9.7679,9.6826,9.5973,9.5118,9.4262,9.3406,9.2549,9.1568,8.9681,8.7796,8.5912,8.403,8.215,8.0272,7.8395,7.6521,7.4649,7.3533,7.2912,7.2293,7.1677,7.1065,7.0456,6.9851,6.9249,6.8651,6.8133,6.8368,6.8604,6.884,6.9078,6.9316,6.9555,6.9795,7.0036,7.0278,7.0542,7.0819,7.1094,7.1367,7.1639,7.1908,7.2175,7.244,7.2702,7.2878,7.1706,7.0534,6.9361,6.8187,6.7012,6.5837,6.4661,6.3484,6.2306,6.0736,5.8835,5.6936,5.5039,5.3143,5.125,4.9359,4.747,4.5584,4.3727,4.3167,4.2607,4.2048,4.149,4.0932,4.0375,3.9819,3.9263,3.8707,3.8096,3.7429,3.6761,3.6094,3.5427,3.4761,3.4094,3.3428
12.5473,12.4667,12.3858,12.3046,12.2232,12.1416,12.0597,11.9776,11.8953,11.8138,11.7324,11.6509,11.5692,11.4872,11.4051,11.3228,11.2403,11.1577,11.0965,11.1107,11.1248,11.1388,11.1527,11.1665,11.1802,11.1939,11.2075,11.221,11.2404,11.2624,11.2845,11.3068,11.3291,11.3515,11.374,11.3966,11.4193,11.4483,11.5035,11.5588,11.6141,11.6696,11.7252,11.7808,11.8365,11.8922,11.948,11.9783,11.9964,12.0146,12.0328,12.0509,12.069,12.0871,12.1051,12.1231,12.1141,11.9689,11.8236,11.6782,11.5327,11.3872,11.2415,11.0958,10.95,10.8041,10.7067,10.6354,10.5638,10.4921,10.4201,10.3479,10.2754,10.2027,10.1297,10.0599,10.0117,9.9634,9.9148,9.8661,9.817,9.7678,9.7183,9.6685,9.6185,9.5477,9.4642,9.3805,9.2968,9.213,9.129,9.045,8.9609,8.8768,8.7825,8.6036,8.4249,8.2463,8.0679,7.8896,7.7116,7.5337,7.3561,7.1787,7.0758,7.0251,6.9747,6.9246,6.8748,6.8254,6.7763,6.7276,6.6792,6.6366,6.6633,6.6901,6.717,6.744,6.7711,6.7982,6.8254,6.8527,6.8801,6.9061,6.9307,6.9551,6.9793,7.0033,7.0271,7.0507,7.0741,7.0973,7.1155,6.9981,6.8805,6.7629,6.6453,6.5275,6.4097,6.2918,6.1738,6.0558,5.9029,5.7169,5.5311,5.3456,5.1602,4.9751,4.7901,4.6054,4.4209,4.2366,4.1805,4.1261,4.0717,4.0174,3.9631,3.9089,3.8547,3.8006,3.7466,3.6871,3.6211,3.5552,3.4892,3.4233,3.3575,3.2916,3.2257
12.4475,12.3734,12.299,12.2243,12.1494,12.0743,11.999,11.9234,11.8476,11.7728,11.6983,11.6236,11.5486,11.4735,11.3982,11.3227,11.247,11.1712,11.1176,11.1368,11.1558,11.1748,11.1937,11.2125,11.2312,11.2498,11.2684,11.2869,11.3038,11.3202,11.3368,11.3534,11.3701,11.387,11.4039,11.4209,11.438,11.4606,11.505,11.5496,11.5943,11.639,11.6839,11.7288,11.7737,11.8188,11.8638,11.8847,11.8942,11.9038,11.9133,11.9229,11.9324,11.9418,11.9512,11.9606,11.944,11.7949,11.6458,11.4967,11.3474,11.1981,11.0487,10.8992,10.7496,10.6,10.4926,10.4083,10.3238,10.239,10.1541,10.0689,9.9835,9.8978,9.8119,9.7297,9.675,9.6201,9.565,9.5097,9.4541,9.3983,9.3422,9.2859,9.2293,9.1572,9.0752,8.9931,8.9109,8.8286,8.7463,8.6638,8.5813,8.4986,8.4079,8.2388,8.0699,7.9011,7.7324,7.564,7.3957,7.2276,7.0598,6.8921,6.7979,6.7586,6.7196,6.681,6.6427,6.6047,6.567,6.5298,6.4929,6.4598,6.4897,6.5198,6.5499,6.5801,6.6103,6.6407,6.6711,6.7017,6.7323,6.7582,6.7797,6.801,6.8221,6.843,6.8637,6.8841,6.9044,6.9244,6.9433,6.8256,6.7078,6.5899,6.4719,6.3539,6.2357,6.1175,5.9993,5.8809,5.7319,5.5501,5.3685,5.1871,5.0059,4.8248,4.644,4.4635,4.2831,4.1029,4.0443,3.9914,3.9385,3.8856,3.8329,3.7801,3.7275,3.6749,3.6223,3.5644,3.4993,3.4341,3.369,3.3039,3.2388,3.1737,3.1087
12.3479,12.2803,12.2124,12.1443,12.0759,12.0073,11.9384,11.8693,11.8,11.7321,11.6644,11.5964,11.5283,11.46,11.3915,11.3228,11.2539,11.1849,11.1388,11.1629,11.187,11.211,11.2348,11.2586,11.2823,11.3059,11.3294,11.3529,11.3671,11.3779,11.3889,11.4,11.4111,11.4224,11.4337,11.4451,11.4566,11.4727,11.5065,11.5403,11.5743,11.6083,11.6425,11.6767,11.7109,11.7452,11.7795,11.7911,11.792,11.793,11.7939,11.7948,11.7957,11.7966,11.7974,11.7981,11.7738,11.621,11.4681,11.3152,11.1622,11.0091,10.8559,10.7027,10.5493,10.3959,10.2786,10.1813,10.0838,9.9862,9.8883,9.7901,9.6918,9.5931,9.4942,9.3997,9.3384,9.277,9.2153,9.1534,9.0912,9.0288,8.9662,8.9033,8.8402,8.7666,8.6862,8.6057,8.525,8.4443,8.3634,8.2825,8.2015,8.1204,8.0331,7.8738,7.7146,7.5556,7.3967,7.238,7.0795,6.9212,6.7631,6.6052,6.5196,6.4917,6.4642,6.437,6.4101,6.3836,6.3574,6.3315,6.3061,6.2828,6.316,6.3493,6.3826,6.416,6.4495,6.4831,6.5167,6.5505,6.5843,6.6105,6.6288,6.647,6.665,6.6828,6.7004,6.7177,6.7349,6.7518,6.7685,6.6531,6.535,6.4168,6.2985,6.1802,6.0618,5.9433,5.8247,5.7061,5.5607,5.383,5.2055,5.0283,4.8512,4.6744,4.4977,4.3213,4.145,3.969,3.908,3.8565,3.8051,3.7538,3.7025,3.6513,3.6001,3.549,3.498,3.4418,3.3774,3.313,3.2487,3.1844,3.1201,3.0558,2.9915
12.2485,12.1874,12.126,12.0644,12.0025,11.9404,11.8781,11.8155,11.7527,11.6915,11.6306,11.5695,11.5082,11.4467,11.3849,11.3231,11.261,11.1988,11.1601,11.1892,11.2183,11.2472,11.276,11.3048,11.3334,11.362,11.3905,11.419,11.4303,11.4356,11.4409,11.4464,11.452,11.4577,11.4635,11.4693,11.4752,11.4848,11.5078,11.531,11.5542,11.5776,11.601,11.6245,11.648,11.6716,11.6952,11.6974,11.6897,11.6821,11.6744,11.6667,11.659,11.6513,11.6435,11.6356,11.6036,11.4471,11.2904,11.1337,10.9769,10.8201,10.6631,10.5061,10.349,10.1918,10.0646,9.9544,9.844,9.7334,9.6226,9.5115,9.4002,9.2886,9.1768,9.0697,9.0019,8.9339,8.8657,8.7972,8.7285,8.6595,8.5904,8.5209,8.4512,8.3761,8.2972,8.2182,8.1391,8.0599,7.9806,7.9012,7.8217,7.7422,7.658,7.5084,7.359,7.2098,7.0607,6.9117,6.763,6.6145,6.4662,6.318,6.2409,6.2245,6.2084,6.1926,6.1771,6.162,6.1473,6.1329,6.1188,6.1058,6.1422,6.1786,6.2152,6.2518,6.2885,6.3253,6.3622,6.3992,6.4362,6.4629,6.4781,6.4932,6.5081,6.5227,6.5372,6.5515,6.5655,6.5793,6.5929,6.4806,6.3622,6.2437,6.1252,6.0066,5.8879,5.7691,5.6502,5.5313,5.3892,5.2157,5.0424,4.8693,4.6963,4.5236,4.3511,4.1788,4.0067,3.8349,3.7715,3.7216,3.6717,3.6219,3.5721,3.5224,3.4727,3.4231,3.3736,3.3191,3.2555,3.1919,3.1283,3.0648,3.0013,2.9378,2.8743
12.1494,12.0947,12.0399,11.9848,11.9294,11.8738,11.818,11.7619,11.7056,11.6512,11.5971,11.5427,11.4882,11.4335,11.3786,11.3235,11.2682,11.2128,11.1815,11.2156,11.2496,11.2836,11.3174,11.3511,11.3847,11.4183,11.4517,11.4851,11.4934,11.4931,11.4929,11.4928,11.4928,11.4929,11.4931,11.4934,11.4937,11.4967,11.509,11.5215,11.534,11.5467,11.5594,11.5722,11.585,11.5979,11.6109,11.6037,11.5875,11.5712,11.5549,11.5387,11.5224,11.506,11.4896,11.4732,11.4335,11.2731,11.1127,10.9523,10.7917,10.6311,10.4704,10.3096,10.1487,9.9877,9.8508,9.7277,9.6043,9.4808,9.357,9.233,9.1088,8.9843,8.8595,8.7399,8.6655,8.5909,8.5161,8.4411,8.3659,8.2904,8.2146,8.1386,8.0624,7.9855,7.9081,7.8306,7.7531,7.6754,7.5977,7.5199,7.4419,7.3639,7.2827,7.1428,7.0032,6.8637,6.7243,6.5852,6.4462,6.3074,6.1689,6.0305,5.9618,5.9568,5.9521,5.9478,5.9438,5.9401,5.9367,5.9337,5.9311,5.9289,5.9682,6.0079,6.0476,6.0875,6.1274,6.1674,6.2075,6.2477,6.288,6.3154,6.3275,6.3395,6.3513,6.3628,6.3742,6.3853,6.3963,6.407,6.4175,6.3081,6.1895,6.0707,5.9518,5.8329,5.7139,5.5949,5.4757,5.3565,5.2175,5.0481,4.8789,4.71,4.5412,4.3726,4.2043,4.0361,3.8682,3.7004,3.635,3.5866,3.5382,3.4898,3.4415,3.3933,3.3451,3.297,3.249,3.1963,3.1335,3.0707,3.0079,2.9452,2.8824,2.8197,2.757
12.0504,12.0023,11.954,11.9053,11.8565,11.8074,11.758,11.7085,11.6587,11.611,11.5637,11.5162,11.4685,11.4205,11.3724,11.3241,11.2756,11.227,11.2031,11.2422,11.2811,11.32,11.3588,11.3975,11.4361,11.4746,11.513,11.5514,11.5564,11.5505,11.5448,11.5391,11.5336,11.5281,11.5227,11.5174,11.5122,11.5085,11.5102,11.5119,11.5138,11.5157,11.5177,11.5198,11.522,11.5242,11.5264,11.51,11.4851,11.4603,11.4354,11.4106,11.3857,11.3607,11.3358,11.3107,11.2633,11.0992,10.9351,10.7708,10.6065,10.4421,10.2777,10.1131,9.9485,9.7837,9.6371,9.501,9.3648,9.2283,9.0916,8.9547,8.8175,8.6801,8.5424,8.4101,8.3292,8.2481,8.1667,8.0852,8.0033,7.9213,7.839,7.7565,7.6737,7.5948,7.519,7.4431,7.3671,7.291,7.2148,7.1385,7.0621,6.9856,6.907,6.777,6.6471,6.5173,6.3877,6.2583,6.1291,6.0001,5.8713,5.7427,5.6823,5.6888,5.6955,5.7026,5.71,5.7177,5.7258,5.7342,5.743,5.7522,5.7941,5.837,5.88,5.923,5.9661,6.0094,6.0527,6.0961,6.1395,6.1681,6.1771,6.186,6.1946,6.2031,6.2113,6.2194,6.2272,6.2348,6.2422,6.1357,6.0167,5.8977,5.7785,5.6593,5.54,5.4207,5.3013,5.1817,5.0455,4.8803,4.7153,4.5504,4.3858,4.2214,4.0571,3.8931,3.7293,3.5657,3.4984,3.4514,3.4045,3.3577,3.3109,3.2641,3.2175,3.1709,3.1243,3.0734,3.0114,2.9494,2.8874,2.8255,2.7635,2.7016,2.6397
11.9518,11.9101,11.8683,11.8261,11.7838,11.7412,11.6983,11.6552,11.612,11.5711,11.5306,11.4898,11.4489,11.4077,11.3664,11.3249,11.2832,11.2414,11.2248,11.2688,11.3127,11.3566,11.4003,11.444,11.4875,11.531,11.5744,11.6178,11.6193,11.6079,11.5966,11.5853,11.5742,11.5632,11.5522,11.5414,11.5306,11.5202,11.5112,11.5022,11.4934,11.4847,11.476,11.4674,11.4589,11.4504,11.4419,11.4162,11.3828,11.3493,11.3159,11.2825,11.249,11.2155,11.1819,11.1483,11.0932,10.9253,10.7574,10.5894,10.4213,10.2532,10.0849,9.9166,9.7482,9.5797,9.4235,9.2745,9.1253,8.9759,8.8263,8.6765,8.5264,8.3761,8.2254,8.0805,7.993,7.9053,7.8174,7.7293,7.641,7.5524,7.4635,7.3744,7.2851,7.2041,7.1299,7.0555,6.981,6.9064,6.8318,6.757,6.6822,6.6073,6.5311,6.4108,6.2907,6.1707,6.0508,5.9312,5.8117,5.6924,5.5734,5.4545,5.4025,5.4203,5.4385,5.4569,5.4757,5.4949,5.5144,5.5342,5.5544,5.575,5.6199,5.666,5.7121,5.7584,5.8047,5.8512,5.8977,5.9443,5.991,6.0209,6.0268,6.0326,6.0381,6.0435,6.0487,6.0536,6.0583,6.0628,6.0671,5.9633,5.844,5.7247,5.6052,5.4857,5.3662,5.2465,5.1268,5.007,4.8733,4.7122,4.5513,4.3906,4.2301,4.0698,3.9097,3.7499,3.5902,3.4308,3.3616,3.3162,3.2708,3.2254,3.1801,3.1349,3.0897,3.0446,2.9996,2.9505,2.8893,2.8281,2.7669,2.7057,2.6446,2.5834,2.5223
11.8533,11.8182,11.7828,11.7472,11.7113,11.6752,11.6388,11.6022,11.5654,11.5314,11.4976,11.4636,11.4295,11.3951,11.3606,11.3259,11.291,11.2559,11.2466,11.2956,11.3445,11.3933,11.442,11.4906,11.5391,11.5875,11.6359,11.6842,11.6822,11.6652,11.6483,11.6315,11.6148,11.5982,11.5817,11.5652,11.5489,11.5318,11.5121,11.4924,11.4729,11.4535,11.4342,11.4149,11.3957,11.3765,11.3574,11.3224,11.2804,11.2384,11.1964,11.1543,11.1123,11.0702,11.028,10.9859,10.923,10.7514,10.5797,10.408,10.2361,10.0642,9.8923,9.7202,9.548,9.3758,9.21,9.0481,8.886,8.7237,8.5612,8.3985,8.2355,8.0722,7.9087,7.7509,7.6569,7.5627,7.4682,7.3736,7.2787,7.1835,7.0882,6.9925,6.8967,6.8134,6.7407,6.6679,6.5949,6.5219,6.4488,6.3755,6.3022,6.2289,6.155,6.0444,5.934,5.8237,5.7136,5.6037,5.494,5.3845,5.2751,5.166,5.1222,5.1515,5.181,5.2109,5.2411,5.2716,5.3025,5.3338,5.3654,5.3974,5.4455,5.4948,5.5442,5.5937,5.6432,5.6928,5.7426,5.7924,5.8423,5.8739,5.8767,5.8794,5.8818,5.8841,5.8861,5.8879,5.8896,5.891,5.8922,5.7909,5.6713,5.5517,5.4319,5.3122,5.1923,5.0724,4.9523,4.8323,4.7008,4.5439,4.3871,4.2306,4.0742,3.9181,3.7621,3.6064,3.4508,3.2955,3.2248,3.1808,3.1369,3.0931,3.0493,3.0055,2.9618,2.9182,2.8747,2.8276,2.7671,2.7067,2.6463,2.5859,2.5256,2.4652,2.4049
11.7551,11.7265,11.6976,11.6684,11.639,11.6094,11.5795,11.5494,11.5191,11.4918,11.4649,11.4377,11.4103,11.3827,11.3549,11.327,11.2989,11.2706,11.2685,11.3224,11.3763,11.43,11.4837,11.5373,11.5907,11.6441,11.6975,11.7507,11.7449,11.7223,11.6999,11.6775,11.6553,11.6331,11.611,11.589,11.5671,11.5432,11.5128,11.4826,11.4524,11.4223,11.3923,11.3623,11.3325,11.3026,11.2728,11.2285,11.178,11.1274,11.0768,11.0262,10.9756,10.9249,10.8742,10.8234,10.7529,10.5775,10.4021,10.2266,10.051,9.8753,9.6996,9.5238,9.3478,9.1718,8.9966,8.8218,8.6468,8.4716,8.2962,8.1206,7.9447,7.7685,7.5921,7.4214,7.3209,7.2201,7.1191,7.0179,6.9165,6.8148,6.7129,6.6108,6.5084,6.4227,6.3515,6.2802,6.2088,6.1373,6.0657,5.994,5.9223,5.8504,5.7785,5.6777,5.577,5.4765,5.3762,5.276,5.176,5.0762,4.9766,4.8772,4.8416,4.8822,4.9232,4.9645,5.0061,5.048,5.0903,5.1329,5.1759,5.2193,5.271,5.3235,5.3761,5.4288,5.4815,5.5344,5.5873,5.6403,5.6934,5.727,5.7267,5.7263,5.7256,5.7248,5.7237,5.7225,5.721,5.7193,5.7174,5.6185,5.4986,5.3787,5.2587,5.1386,5.0184,4.8982,4.7779,4.6575,4.5281,4.3753,4.2227,4.0703,3.918,3.766,3.6142,3.4626,3.3112,3.16,3.0879,3.0454,3.003,2.9606,2.9183,2.8761,2.8339,2.7917,2.7497,2.7046,2.6449,2.5853,2.5257,2.4661,2.4065,2.3469,2.2874
11.6571,11.6349,11.6125,11.5899,11.5669,11.5438,11.5204,11.4968,11.473,11.4525,11.4323,11.4119,11.3913,11.3705,11.3495,11.3283,11.307,11.2855,11.2905,11.3494,11.4082,11.4669,11.5255,11.5841,11.6425,11.7009,11.7591,11.8174,11.8075,11.7794,11.7514,11.7235,11.6957,11.668,11.6403,11.6128,11.5853,11.5546,11.5135,11.4726,11.4317,11.391,11.3503,11.3097,11.2691,11.2286,11.1882,11.1346,11.0755,11.0164,10.9572,10.898,10.8388,10.7796,10.7203,10.661,10.5827,10.4036,10.2244,10.0452,9.8658,9.6864,9.5069,9.3274,9.1477,8.9679,8.7834,8.5957,8.4078,8.2197,8.0314,7.8428,7.654,7.465,7.2757,7.092,6.9849,6.8777,6.7701,6.6624,6.5545,6.4463,6.3378,6.2291,6.1202,6.0319,5.9623,5.8925,5.8226,5.7527,5.6826,5.6125,5.5423,5.4719,5.4015,5.3108,5.2198,5.129,5.0384,4.9479,4.8577,4.7676,4.6777,4.5881,4.5606,4.6126,4.665,4.7176,4.7706,4.8239,4.8776,4.9316,4.986,5.0408,5.0963,5.1521,5.2079,5.2637,5.3197,5.3757,5.4319,5.4881,5.5444,5.5802,5.5769,5.5733,5.5696,5.5656,5.5615,5.5571,5.5526,5.5478,5.5428,5.4461,5.3259,5.2057,5.0854,4.9651,4.8446,4.7241,4.6035,4.4828,4.3552,4.2065,4.058,3.9097,3.7616,3.6137,3.466,3.3185,3.1713,3.0242,2.9508,2.9099,2.8689,2.8281,2.7872,2.7465,2.7058,2.6652,2.6246,2.5815,2.5226,2.4638,2.405,2.3461,2.2873,2.2286,2.1698
11.5594,11.5437,11.5277,11.5115,11.4951,11.4784,11.4615,11.4444,11.427,11.4134,11.3999,11.3863,11.3725,11.3584,11.3442,11.3298,11.3152,11.3005,11.3126,11.3765,11.4403,11.5039,11.5675,11.631,11.6944,11.7577,11.8209,11.8841,11.8701,11.8364,11.8028,11.7694,11.736,11.7027,11.6696,11.6365,11.6034,11.5658,11.5141,11.4625,11.411,11.3596,11.3082,11.257,11.2058,11.1546,11.1035,11.0407,10.973,10.9053,10.8376,10.7699,10.7021,10.6343,10.5665,10.4986,10.4126,10.2297,10.0468,9.8638,9.6807,9.4976,9.3143,9.131,8.9476,8.7641,8.5702,8.3696,8.1688,7.9679,7.7667,7.5652,7.3636,7.1617,6.9595,6.7627,6.6491,6.5353,6.4213,6.307,6.1925,6.0778,5.9628,5.8476,5.7321,5.6411,5.573,5.5047,5.4364,5.368,5.2995,5.2309,5.1622,5.0934,5.0246,4.9435,4.8623,4.7812,4.7003,4.6196,4.539,4.4587,4.3785,4.2986,4.2792,4.3426,4.4063,4.4704,4.5347,4.5994,4.6645,4.7299,4.7956,4.8618,4.9216,4.9805,5.0395,5.0986,5.1578,5.217,5.2763,5.3357,5.3953,5.4336,5.4272,5.4205,5.4137,5.4067,5.3994,5.392,5.3843,5.3764,5.3683,5.2737,5.1533,5.0328,4.9122,4.7915,4.6708,4.55,4.4291,4.3082,4.182,4.0374,3.8931,3.7489,3.6049,3.4612,3.3176,3.1742,3.0311,2.8882,2.8137,2.7742,2.7354,2.6986,2.6617,2.6249,2.588,2.5511,2.5142,2.4754,2.4196,2.3637,2.3079,2.252,2.1962,2.1403,2.0845
11.4618,11.4526,11.4432,11.4334,11.4235,11.4133,11.4028,11.3922,11.3813,11.3744,11.3678,11.3609,11.3538,11.3466,11.3391,11.3315,11.3237,11.3157,11.3349,11.4037,11.4724,11.541,11.6095,11.678,11.7463,11.8146,11.8827,11.9509,11.9325,11.8933,11.8542,11.8152,11.7763,11.7374,11.6987,11.6601,11.6215,11.5769,11.5145,11.4523,11.3901,11.3281,11.2661,11.2042,11.1423,11.0805,11.0187,10.9468,10.8705,10.7942,10.718,10.6417,10.5654,10.489,10.4126,10.3362,10.2425,10.0559,9.8692,9.6824,9.4956,9.3087,9.1217,8.9346,8.7475,8.5602,8.3571,8.1437,7.93,7.7162,7.5021,7.2878,7.0733,6.8585,6.6434,6.4335,6.3134,6.1931,6.0725,5.9517,5.8307,5.7095,5.588,5.4662,5.3442,5.2503,5.1837,5.117,5.0502,4.9833,4.9163,4.8493,4.7821,4.7149,4.6475,4.576,4.5045,4.4332,4.362,4.291,4.2201,4.1495,4.079,4.0088,3.9974,4.0722,4.1473,4.2227,4.2984,4.3745,4.4509,4.5277,4.6048,4.6823,4.7467,4.8088,4.871,4.9333,4.9972,5.0613,5.1252,5.1889,5.2524,5.2942,5.2857,5.2769,5.2679,5.2586,5.249,5.2391,5.2289,5.2185,5.2077,5.1154,4.9951,4.8746,4.754,4.6332,4.5123,4.3912,4.27,4.1486,4.0243,3.8886,3.7534,3.6188,3.4847,3.3512,3.2184,3.0861,2.9545,2.8234,2.7519,2.7152,2.6785,2.6418,2.6051,2.5683,2.5316,2.4948,2.458,2.4199,2.3642,2.3086,2.2529,2.1972,2.1415,2.0858,2.0301
11.4258,11.4193,11.4127,11.406,11.3992,11.3922,11.3851,11.3779,11.3706,11.3654,11.3603,11.3552,11.3501,11.3451,11.34,11.335,11.3299,11.3249,11.3466,11.4145,11.4825,11.5507,11.619,11.6875,11.7561,11.8248,11.8936,11.9626,11.9389,11.8941,11.8494,11.8048,11.7603,11.7158,11.6715,11.6272,11.583,11.5318,11.4608,11.3898,11.3189,11.2479,11.177,11.1061,11.0351,10.9641,10.8931,10.8127,10.7282,10.6438,10.5593,10.4747,10.3901,10.3054,10.2205,10.1357,10.0342,9.843,9.6518,9.4604,9.2689,9.0773,8.8855,8.6936,8.5016,8.3094,8.1,7.8794,7.6586,7.4378,7.217,6.9961,6.7751,6.5541,6.3331,6.1169,5.9939,5.8709,5.7478,5.6247,5.5014,5.3781,5.2548,5.1314,5.0079,4.9163,4.8571,4.7981,4.7391,4.6804,4.6218,4.5634,4.5053,4.4473,4.3895,4.3316,4.2739,4.2165,4.1593,4.1025,4.046,3.9898,3.934,3.8785,3.8768,3.9592,4.0416,4.1241,4.2066,4.2891,4.3717,4.4543,4.537,4.6197,4.6842,4.7449,4.8054,4.8657,4.9257,4.9856,5.0453,5.1047,5.1639,5.203,5.1896,5.176,5.1621,5.1479,5.1334,5.1186,5.1036,5.0883,5.0726,4.9806,4.8584,4.7361,4.6137,4.4911,4.3683,4.2454,4.1224,3.9992,3.8754,3.7497,3.6246,3.5001,3.3761,3.2527,3.13,3.0078,2.8862,2.7653,2.6948,2.6582,2.6216,2.585,2.5484,2.5117,2.4751,2.4384,2.4017,2.3644,2.3089,2.2534,2.1979,2.1424,2.0868,2.0313,1.9757
11.4051,11.4021,11.3989,11.3956,11.3922,11.3886,11.385,11.3812,11.3773,11.372,11.3666,11.3612,11.3558,11.3504,11.3451,11.3397,11.3344,11.3291,11.3489,11.41,11.4713,11.5327,11.5943,11.6561,11.7179,11.7799,11.8419,11.9041,11.8715,11.8185,11.7656,11.7128,11.6601,11.6074,11.5549,11.5024,11.45,11.3906,11.3123,11.2339,11.1556,11.0773,10.9989,10.9206,10.8423,10.7639,10.6856,10.5972,10.5046,10.4121,10.3195,10.2268,10.134,10.0412,9.9483,9.8553,9.7462,9.5492,9.3522,9.155,8.9578,8.7604,8.5628,8.3651,8.1673,7.9693,7.7606,7.5446,7.3286,7.1125,6.8964,6.6802,6.4639,6.2476,6.0313,5.819,5.698,5.577,5.4559,5.3347,5.2135,5.0922,4.9708,4.8494,4.728,4.642,4.5935,4.5452,4.497,4.449,4.4012,4.3536,4.3061,4.2589,4.2119,4.1657,4.1197,4.074,4.0286,3.9836,3.9388,3.8944,3.8503,3.8065,3.8105,3.8945,3.9786,4.0627,4.1468,4.231,4.3152,4.3995,4.4838,4.5682,4.63,4.6864,4.7426,4.7987,4.8545,4.9101,4.9655,5.0207,5.0757,5.1121,5.0938,5.0753,5.0565,5.0374,5.0181,4.9984,4.9785,4.9583,4.9378,4.8458,4.7218,4.5977,4.4734,4.349,4.2245,4.0998,3.9749,3.8499,3.7259,3.6103,3.4953,3.3808,3.2669,3.1536,3.0409,2.9288,2.8173,2.7064,2.6377,2.6012,2.5647,2.5282,2.4917,2.4552,2.4186,2.3821,2.3455,2.3089,2.2536,2.1982,2.1429,2.0875,2.0321,1.9767,1.9213
11.3846,11.3849,11.3852,11.3853,11.3853,11.3852,11.3849,11.3846,11.3841,11.3787,11.3729,11.3672,11.3615,11.3558,11.3502,11.3445,11.3388,11.3332,11.351,11.4054,11.4599,11.5146,11.5695,11.6245,11.6796,11.7348,11.7901,11.8456,11.804,11.7428,11.6817,11.6207,11.5597,11.4989,11.4381,11.3774,11.3168,11.2494,11.1636,11.0779,10.9922,10.9065,10.8208,10.7351,10.6494,10.5637,10.4779,10.3816,10.281,10.1803,10.0796,9.9788,9.878,9.7771,9.6761,9.575,9.4582,9.2554,9.0526,8.8497,8.6466,8.4435,8.2401,8.0367,7.8331,7.6293,7.4211,7.2098,6.9985,6.7871,6.5757,6.3642,6.1526,5.941,5.7294,5.521,5.4021,5.283,5.1639,5.0447,4.9255,4.8062,4.6868,4.5674,4.4479,4.3673,4.3296,4.292,4.2546,4.2174,4.1803,4.1434,4.1067,4.0703,4.034,3.9994,3.9652,3.9312,3.8976,3.8643,3.8312,3.7985,3.7662,3.7342,3.7441,3.8298,3.9155,4.0013,4.087,4.1729,4.2587,4.3446,4.4306,4.5166,4.5759,4.6281,4.6801,4.7318,4.7834,4.8348,4.886,4.9369,4.9877,5.0213,4.9982,4.9748,4.9511,4.9272,4.903,4.8785,4.8537,4.8286,4.8033,4.7111,4.5853,4.4594,4.3333,4.2071,4.0807,3.9542,3.8275,3.7007,3.5758,3.4703,3.3653,3.2609,3.1571,3.0539,2.9512,2.8492,2.7478,2.647,2.5806,2.5442,2.5078,2.4714,2.435,2.3986,2.3621,2.3257,2.2892,2.2527,2.1983,2.1431,2.0878,2.0326,1.9774,1.9221,1.8669
11.3642,11.3679,11.3716,11.3751,11.3785,11.3818,11.385,11.3881,11.391,11.3853,11.3793,11.3732,11.3672,11.3612,11.3552,11.3492,11.3433,11.3373,11.3529,11.4006,11.4484,11.4964,11.5445,11.5927,11.6411,11.6896,11.7382,11.7869,11.7364,11.6669,11.5976,11.5284,11.4593,11.3903,11.3213,11.2524,11.1836,11.108,11.0149,10.9218,10.8288,10.7357,10.6426,10.5496,10.4565,10.3634,10.2703,10.166,10.0573,9.9486,9.8398,9.7309,9.6219,9.5129,9.4038,9.2946,9.1702,8.9617,8.7531,8.5444,8.3355,8.1266,7.9175,7.7082,7.4989,7.2893,7.0815,6.875,6.6684,6.4617,6.255,6.0482,5.8413,5.6344,5.4275,5.2231,5.1061,4.989,4.8719,4.7547,4.6375,4.5202,4.4028,4.2854,4.1679,4.0925,4.0655,4.0387,4.012,3.9855,3.9592,3.933,3.9071,3.8813,3.8558,3.8328,3.8103,3.7881,3.7662,3.7446,3.7233,3.7023,3.6817,3.6614,3.6778,3.7651,3.8524,3.9398,4.0272,4.1146,4.2021,4.2897,4.3773,4.4649,4.522,4.5699,4.6177,4.6652,4.7126,4.7597,4.8066,4.8533,4.8998,4.9308,4.9028,4.8745,4.846,4.8172,4.7881,4.7588,4.7291,4.6992,4.669,4.5765,4.4489,4.3212,4.1933,4.0652,3.9371,3.8087,3.6802,3.5516,3.4251,3.3296,3.2347,3.1404,3.0467,2.9535,2.8609,2.7689,2.6776,2.5868,2.5235,2.4872,2.4509,2.4146,2.3783,2.342,2.3056,2.2693,2.2329,2.1966,2.1429,2.0879,2.0328,1.9777,1.9226,1.8676,1.8125
11.3438,11.351,11.3581,11.365,11.3719,11.3786,11.3852,11.3917,11.398,11.3919,11.3856,11.3792,11.3729,11.3666,11.3603,11.354,11.3477,11.3414,11.3547,11.3956,11.4367,11.478,11.5193,11.5609,11.6025,11.6443,11.6861,11.7281,11.6685,11.5909,11.5134,11.436,11.3587,11.2815,11.2044,11.1273,11.0503,10.9666,10.8661,10.7657,10.6652,10.5648,10.4644,10.364,10.2635,10.1631,10.0626,9.9504,9.8336,9.7168,9.5999,9.4829,9.3659,9.2488,9.1316,9.0143,8.8822,8.6679,8.4535,8.2391,8.0245,7.8097,7.5949,7.3798,7.1647,6.9494,6.742,6.5401,6.3382,6.1362,5.9342,5.7321,5.5299,5.3277,5.1255,4.9251,4.8101,4.695,4.5799,4.4647,4.3494,4.2341,4.1187,4.0033,3.8878,3.8174,3.8012,3.7851,3.7691,3.7534,3.7378,3.7224,3.7071,3.6921,3.6774,3.6659,3.6552,3.6447,3.6345,3.6246,3.615,3.6058,3.5969,3.5883,3.6113,3.7002,3.7892,3.8782,3.9673,4.0564,4.1455,4.2347,4.3239,4.4132,4.4682,4.5119,4.5554,4.5987,4.6419,4.6848,4.7275,4.7699,4.8122,4.8405,4.8076,4.7745,4.7411,4.7075,4.6735,4.6393,4.6048,4.57,4.5349,4.442,4.3126,4.183,4.0533,3.9235,3.7935,3.6633,3.533,3.4026,3.2738,3.1884,3.1036,3.0193,2.9356,2.8525,2.7699,2.688,2.6067,2.526,2.4663,2.4302,2.394,2.3578,2.3216,2.2854,2.2491,2.2129,2.1766,2.1404,2.0876,2.0327,1.9777,1.9228,1.8679,1.813,1.758
11.3236,11.3343,11.3447,11.3551,11.3653,11.3754,11.3855,11.3954,11.4052,11.3985,11.3919,11.3852,11.3786,11.3719,11.3653,11.3587,11.3521,11.3455,11.3563,11.3905,11.4249,11.4594,11.4941,11.5289,11.5638,11.5988,11.6339,11.6692,11.6006,11.5148,11.4291,11.3435,11.258,11.1726,11.0873,11.002,10.9168,10.8251,10.7173,10.6095,10.5017,10.3939,10.2861,10.1783,10.0705,9.9627,9.8549,9.7348,9.6099,9.485,9.36,9.2349,9.1098,8.9846,8.8593,8.734,8.5942,8.3742,8.154,7.9338,7.7134,7.4929,7.2723,7.0515,6.8306,6.6095,6.4024,6.2052,6.008,5.8107,5.6133,5.4159,5.2185,5.021,4.8234,4.6271,4.5141,4.401,4.2878,4.1746,4.0613,3.948,3.8346,3.7211,3.6076,3.5421,3.5366,3.5312,3.526,3.521,3.5161,3.5114,3.5069,3.5026,3.4986,3.4987,3.4997,3.5009,3.5024,3.5042,3.5064,3.5088,3.5116,3.5148,3.5448,3.6354,3.726,3.8166,3.9073,3.998,4.0888,4.1796,4.2705,4.3614,4.4147,4.4541,4.4934,4.5325,4.5713,4.61,4.6485,4.6867,4.7247,4.7504,4.7127,4.6747,4.6365,4.598,4.5592,4.5201,4.4807,4.4411,4.4011,4.3076,4.1764,4.045,3.9135,3.7819,3.65,3.5181,3.386,3.2537,3.1219,3.0466,2.9718,2.8975,2.8239,2.7508,2.6784,2.6065,2.5352,2.4646,2.4092,2.3731,2.3371,2.301,2.2649,2.2288,2.1926,2.1565,2.1204,2.0842,2.0322,1.9774,1.9227,1.8679,1.8131,1.7584,1.7036
11.3036,11.3176,11.3315,11.3452,11.3589,11.3724,11.3858,11.3992,11.4121,11.4051,11.3982,11.3912,11.3842,11.3773,11.3704,11.3634,11.3565,11.3496,11.3578,11.3853,11.4129,11.4407,11.4686,11.4967,11.5249,11.5532,11.5816,11.6102,11.5325,11.4386,11.3447,11.2509,11.1572,11.0637,10.9701,10.8767,10.7833,10.6835,10.5683,10.4532,10.338,10.2229,10.1078,9.9926,9.8775,9.7623,9.6471,9.5191,9.3861,9.2531,9.1201,8.9869,8.8537,8.7205,8.5871,8.4536,8.3062,8.0804,7.8545,7.6285,7.4024,7.1761,6.9497,6.7232,6.4965,6.2696,6.0627,5.8702,5.6777,5.4851,5.2925,5.0997,4.907,4.7142,4.5213,4.329,4.218,4.1069,3.9957,3.8845,3.7732,3.6618,3.5504,3.4389,3.3274,3.2666,3.2718,3.2772,3.2827,3.2883,3.2942,3.3002,3.3064,3.3129,3.3195,3.3312,3.3438,3.3567,3.37,3.3835,3.3973,3.4115,3.426,3.4409,3.4782,3.5704,3.6627,3.755,3.8473,3.9396,4.032,4.1245,4.217,4.3095,4.3613,4.3965,4.4315,4.4664,4.501,4.5354,4.5697,4.6037,4.6375,4.6606,4.618,4.5752,4.5321,4.4887,4.445,4.4011,4.3569,4.3124,4.2676,4.1733,4.0403,3.9071,3.7738,3.6403,3.5067,3.3729,3.239,3.1049,2.9707,2.9041,2.8394,2.7752,2.7116,2.6486,2.5861,2.5243,2.4631,2.4025,2.352,2.3161,2.2801,2.2441,2.2081,2.1721,2.1361,2.1001,2.0641,2.028,1.9768,1.9222,1.8676,1.813,1.7584,1.7038,1.6491
11.2836,11.3011,11.3183,11.3355,11.3526,11.3695,11.3863,11.4031,11.419,11.4117,11.4044,11.3972,11.3899,11.3826,11.3754,11.3682,11.3609,11.3537,11.3591,11.3798,11.4008,11.4219,11.4431,11.4644,11.4859,11.5075,11.5292,11.551,11.4643,11.3622,11.2601,11.1582,11.0563,10.9546,10.8529,10.7513,10.6497,10.5419,10.4193,10.2968,10.1743,10.0518,9.9294,9.8069,9.6844,9.5619,9.4393,9.3034,9.1623,9.0213,8.8801,8.7389,8.5976,8.4563,8.3149,8.1733,8.0182,7.7867,7.555,7.3233,7.0914,6.8593,6.6272,6.3949,6.1624,5.9298,5.723,5.5352,5.3474,5.1595,4.9715,4.7835,4.5954,4.4073,4.2191,4.0309,3.9219,3.8128,3.7036,3.5943,3.485,3.3757,3.2662,3.1567,3.0472,2.9908,3.0068,3.0228,3.039,3.0554,3.072,3.0887,3.1057,3.1228,3.1402,3.1633,3.1876,3.2123,3.2372,3.2624,3.288,3.3138,3.34,3.3666,3.4116,3.5055,3.5993,3.6932,3.7872,3.8812,3.9752,4.0693,4.1634,4.2576,4.308,4.339,4.3698,4.4004,4.4309,4.4611,4.4911,4.5208,4.5504,4.571,4.5235,4.4759,4.4279,4.3797,4.3311,4.2824,4.2333,4.1839,4.1343,4.0391,3.9043,3.7693,3.6341,3.4989,3.3634,3.2279,3.0921,2.9563,2.8202,2.7611,2.7064,2.6522,2.5987,2.5457,2.4933,2.4415,2.3903,2.3397,2.2949,2.259,2.2232,2.1873,2.1514,2.1155,2.0796,2.0437,2.0077,1.9718,1.9214,1.867,1.8125,1.7581,1.7036,1.6491,1.5946
11.2638,11.2846,11.3053,11.3259,11.3464,11.3667,11.387,11.4071,11.4259,11.4183,11.4107,11.4031,11.3956,11.388,11.3804,11.3729,11.3653,11.3578,11.3602,11.3743,11.3885,11.4029,11.4174,11.432,11.4468,11.4617,11.4767,11.4918,11.3959,11.2856,11.1754,11.0653,10.9553,10.8454,10.7355,10.6257,10.516,10.4001,10.2702,10.1404,10.0105,9.8807,9.7509,9.6211,9.4912,9.3614,9.2315,9.0876,8.9385,8.7894,8.6402,8.4909,8.3415,8.1921,8.0426,7.893,7.7303,7.493,7.2556,7.018,6.7804,6.5426,6.3047,6.0666,5.8284,5.5901,5.3833,5.2002,5.017,4.8338,4.6505,4.4672,4.2838,4.1004,3.9169,3.7334,3.6258,3.5186,3.4114,3.3042,3.1968,3.0894,2.982,2.8745,2.7669,2.7149,2.7415,2.7683,2.7952,2.8223,2.8495,2.877,2.9046,2.9325,2.9605,2.9951,3.0311,3.0675,3.1041,3.141,3.1782,3.2158,3.2537,3.2919,3.345,3.4404,3.5359,3.6315,3.727,3.8227,3.9183,4.014,4.1098,4.2056,4.255,4.2817,4.3083,4.3347,4.3609,4.3869,4.4126,4.4382,4.4635,4.4816,4.4293,4.3768,4.3239,4.2709,4.2175,4.1639,4.11,4.0558,4.0013,3.905,3.7683,3.6316,3.4946,3.3575,3.2203,3.0829,2.9454,2.8077,2.6698,2.6174,2.5728,2.5287,2.4851,2.4422,2.3998,2.358,2.3169,2.2763,2.2377,2.202,2.1662,2.1305,2.0947,2.0589,2.0231,1.9873,1.9514,1.9156,1.866,1.8117,1.7574,1.7031,1.6488,1.5945,1.5402
11.2441,11.2683,11.2924,11.3164,11.3403,11.364,11.3877,11.4112,11.4328,11.4249,11.417,11.4091,11.4012,11.3933,11.3854,11.3776,11.3697,11.3619,11.3612,11.3686,11.3761,11.3837,11.3915,11.3995,11.4075,11.4157,11.424,11.4324,11.3274,11.209,11.0906,10.9723,10.8541,10.736,10.618,10.5001,10.3822,10.2583,10.1211,9.9839,9.8467,9.7095,9.5724,9.4352,9.298,9.1608,9.0236,8.8719,8.7147,8.5575,8.4002,8.2428,8.0854,7.928,7.7704,7.6127,7.4423,7.1993,6.9561,6.7128,6.4694,6.2259,5.9822,5.7384,5.4945,5.2504,5.0435,4.8651,4.6866,4.5081,4.3295,4.1508,3.9721,3.7934,3.6146,3.4357,3.3296,3.2245,3.1192,3.0139,2.9086,2.8032,2.6977,2.5922,2.4866,2.4387,2.476,2.5135,2.5511,2.5889,2.6268,2.665,2.7033,2.7419,2.7806,2.8266,2.8743,2.9223,2.9706,3.0192,3.0681,3.1173,3.1669,3.2168,3.2782,3.3753,3.4725,3.5696,3.6668,3.7641,3.8614,3.9587,4.0561,4.1535,4.2021,4.2246,4.247,4.2691,4.2911,4.3129,4.3344,4.3557,4.3768,4.3924,4.3353,4.2779,4.2202,4.1623,4.1041,4.0456,3.9869,3.9278,3.8685,3.771,3.6325,3.4939,3.3552,3.2163,3.0773,2.9381,2.7987,2.6592,2.5196,2.4732,2.4386,2.4045,2.371,2.338,2.3057,2.2739,2.2428,2.2123,2.1806,2.1449,2.1093,2.0736,2.0379,2.0022,1.9665,1.9308,1.8951,1.8594,1.8106,1.7564,1.7023,1.6482,1.594,1.5398,1.4857
11.2245,11.2521,11.2796,11.307,11.3343,11.3615,11.3885,11.4154,11.4397,11.4315,11.4232,11.415,11.4068,11.3986,11.3904,11.3823,11.3741,11.3659,11.362,11.3627,11.3635,11.3644,11.3655,11.3668,11.3681,11.3696,11.3712,11.3729,11.2588,11.1322,11.0056,10.8792,10.7529,10.6266,10.5004,10.3743,10.2483,10.1164,9.9718,9.8273,9.6828,9.5383,9.3938,9.2493,9.1048,8.9603,8.8157,8.656,8.4908,8.3255,8.1602,7.9948,7.8293,7.6638,7.4982,7.3324,7.1544,6.9056,6.6567,6.4076,6.1585,5.9092,5.6598,5.4102,5.1605,4.9107,4.7037,4.53,4.3562,4.1823,4.0084,3.8344,3.6604,3.4863,3.3122,3.138,3.0334,2.9302,2.827,2.7237,2.6203,2.5169,2.4134,2.3099,2.2063,2.1623,2.2103,2.2584,2.3067,2.3552,2.4039,2.4527,2.5017,2.551,2.6004,2.6577,2.7171,2.7768,2.8368,2.8971,2.9576,3.0186,3.0798,3.1414,3.2115,3.3102,3.4089,3.5077,3.6066,3.7054,3.8044,3.9033,4.0023,4.1014,4.1494,4.1677,4.1858,4.2038,4.2215,4.239,4.2563,4.2735,4.2904,4.3035,4.2415,4.1793,4.1168,4.054,3.9909,3.9276,3.864,3.8001,3.7359,3.6371,3.4968,3.3564,3.2158,3.0752,2.9343,2.7933,2.6522,2.5109,2.3694,2.3284,2.3037,2.2797,2.2562,2.2332,2.2109,2.1892,2.1681,2.1475,2.1234,2.0878,2.0523,2.0167,1.9812,1.9456,1.91,1.8744,1.8388,1.8031,1.7551,1.7012,1.6472,1.5932,1.5392,1.4852,1.4312
11.2051,11.2361,11.267,11.2978,11.3284,11.359,11.3894,11.4198,11.4466,11.438,11.4295,11.421,11.4124,11.4039,11.3954,11.387,11.3785,11.37,11.3627,11.3567,11.3508,11.345,11.3394,11.3339,11.3286,11.3234,11.3182,11.3132,11.19,11.0552,10.9206,10.786,10.6515,10.5171,10.3828,10.2485,10.1143,9.9744,9.8225,9.6707,9.5188,9.367,9.2152,9.0633,8.9115,8.7596,8.6078,8.4402,8.2669,8.0936,7.9202,7.7467,7.5732,7.3996,7.2259,7.0522,6.8665,6.6119,6.3573,6.1025,5.8476,5.5926,5.3374,5.0821,4.8267,4.5711,4.3638,4.1948,4.0257,3.8565,3.6872,3.5179,3.3486,3.1792,3.0098,2.8403,2.7372,2.636,2.5347,2.4334,2.332,2.2306,2.1291,2.0275,1.9259,1.8856,1.9443,2.0032,2.0621,2.1213,2.1806,2.2401,2.2999,2.3598,2.4199,2.4886,2.5596,2.631,2.7026,2.7746,2.8468,2.9194,2.9923,3.0656,3.1446,3.245,3.3454,3.4458,3.5462,3.6467,3.7473,3.8479,3.9485,4.0492,4.0968,4.1109,4.1248,4.1385,4.1521,4.1654,4.1785,4.1914,4.2041,4.2148,4.1479,4.0809,4.0135,3.9459,3.878,3.8099,3.7414,3.6727,3.6037,3.5032,3.3612,3.219,3.0766,2.9341,2.7915,2.6487,2.5057,2.3626,2.2194,2.1829,2.1683,2.1543,2.1408,2.1279,2.1155,2.1038,2.0927,2.0822,2.0662,2.0308,1.9953,1.9599,1.9244,1.8889,1.8535,1.818,1.7824,1.7469,1.6997,1.6459,1.5921,1.5382,1.4844,1.4305,1.3766
11.1857,11.2201,11.2544,11.2886,11.3227,11.3566,11.3905,11.4242,11.4534,11.4446,11.4357,11.4269,11.4181,11.4092,11.4004,11.3916,11.3828,11.3741,11.3632,11.3505,11.3379,11.3255,11.3132,11.301,11.2889,11.277,11.2652,11.2535,11.1211,10.9782,10.8354,10.6926,10.55,10.4074,10.265,10.1225,9.9802,9.8323,9.6731,9.5139,9.3548,9.1956,9.0365,8.8773,8.7182,8.559,8.3998,8.2243,8.0429,7.8616,7.6801,7.4986,7.3171,7.1354,6.9537,6.7719,6.5785,6.3183,6.0579,5.7973,5.5367,5.2759,5.015,4.754,4.4928,4.2315,4.024,3.8596,3.6951,3.5306,3.3661,3.2014,3.0367,2.872,2.7073,2.5424,2.441,2.3417,2.2424,2.1431,2.0437,1.9442,1.8447,1.7451,1.6454,1.6087,1.6781,1.7476,1.8173,1.8871,1.9571,2.0273,2.0977,2.1683,2.2391,2.3191,2.4018,2.4848,2.5681,2.6517,2.7356,2.8199,2.9044,2.9893,3.0777,3.1797,3.2817,3.3838,3.4859,3.588,3.6902,3.7924,3.8946,3.9969,4.0444,4.0543,4.064,4.0735,4.0828,4.0919,4.1008,4.1095,4.1179,4.1262,4.0546,3.9827,3.9105,3.8381,3.7653,3.6923,3.6191,3.5455,3.4716,3.3695,3.2256,3.0816,2.9375,2.7932,2.6487,2.5041,2.3594,2.2145,2.0694,2.0369,2.0323,2.0282,2.0248,2.0218,2.0195,2.0178,2.0167,2.0179,2.0199,1.9937,1.9671,1.9404,1.9134,1.8861,1.8586,1.8308,1.8027,1.7744,1.7346,1.6872,1.6395,1.5914,1.543,1.4942,1.445
11.1665,11.2043,11.242,11.2796,11.317,11.3544,11.3916,11.4287,11.4603,11.4511,11.442,11.4328,11.4237,11.4145,11.4054,11.3963,11.3872,11.3781,11.3636,11.3441,11.3249,11.3057,11.2867,11.2679,11.2492,11.2305,11.212,11.1936,11.0521,10.901,10.75,10.5991,10.4484,10.2977,10.1471,9.9965,9.846,9.6902,9.5237,9.3572,9.1907,9.0242,8.8577,8.6913,8.5248,8.3583,8.1918,8.0084,7.819,7.6296,7.4401,7.2505,7.0609,6.8713,6.6815,6.4916,6.2906,6.0246,5.7585,5.4922,5.2258,4.9593,4.6927,4.4259,4.159,3.8919,3.684,3.5243,3.3645,3.2047,3.0448,2.8848,2.7248,2.5648,2.4047,2.2445,2.1447,2.0474,1.9501,1.8527,1.7553,1.6578,1.5602,1.4626,1.365,1.3317,1.4117,1.4919,1.5722,1.6527,1.7334,1.8143,1.8953,1.9766,2.058,2.1493,2.2437,2.3383,2.4333,2.5285,2.6241,2.72,2.8162,2.9127,3.0108,3.1144,3.218,3.3217,3.4254,3.5292,3.633,3.7368,3.8407,3.9508,4.0066,4.0205,4.0343,4.0479,4.0614,4.0746,4.0877,4.1006,4.1133,4.1258,4.0607,3.9936,3.9264,3.8592,3.792,3.7246,3.6572,3.5897,3.5221,3.4295,3.2955,3.1616,3.0278,2.8941,2.7604,2.6269,2.4934,2.3601,2.2268,2.2019,2.2085,2.2148,2.221,2.227,2.2329,2.2386,2.244,2.2493,2.2482,2.2172,2.186,2.1545,2.1227,2.0907,2.0584,2.0259,1.9931,1.96,1.9159,1.8631,1.81,1.7565,1.7028,1.6486,1.5941
11.2558,11.2885,11.3214,11.3544,11.3876,11.4209,11.4544,11.488,11.5149,11.4976,11.4805,11.4637,11.4472,11.431,11.415,11.3993,11.3838,11.3686,11.3448,11.3136,11.2828,11.2522,11.222,11.1921,11.1625,11.1331,11.104,11.0751,10.9296,10.7762,10.6227,10.4691,10.3154,10.1617,10.0079,9.854,9.7001,9.5409,9.3715,9.2021,9.0326,8.863,8.6934,8.5237,8.3539,8.184,8.0142,7.8273,7.6345,7.4416,7.2486,7.0557,6.8626,6.6696,6.4765,6.2833,6.0797,5.8146,5.5495,5.2844,5.0193,4.7542,4.4892,4.2241,3.9592,3.6942,3.4926,3.3434,3.1944,3.0455,2.8967,2.7481,2.5997,2.4515,2.3035,2.1558,2.0694,1.9865,1.904,1.8219,1.7402,1.6589,1.578,1.4976,1.4176,1.3998,1.4959,1.5923,1.6889,1.7859,1.8832,1.9809,2.0789,2.1773,2.2761,2.3809,2.4879,2.5951,2.7025,2.81,2.9178,3.0257,3.1339,3.2423,3.3507,3.4583,3.566,3.6735,3.7811,3.8886,3.996,4.1034,4.2107,4.3179,4.3697,4.3769,4.3839,4.3907,4.3973,4.4038,4.4101,4.4162,4.4221,4.4278,4.3609,4.2905,4.2199,4.1493,4.0787,4.0079,3.9371,3.8662,3.7952,3.7021,3.5681,3.4342,3.3004,3.1666,3.0329,2.8994,2.7659,2.6325,2.4991,2.4671,2.4694,2.4716,2.4736,2.4754,2.4771,2.4786,2.4799,2.481,2.4768,2.4411,2.4051,2.3689,2.3324,2.2956,2.2586,2.2214,2.1838,2.146,2.0975,2.0394,1.9809,1.9221,1.863,1.8035,1.7436
11.3566,11.3855,11.4145,11.4437,11.4731,11.5026,11.5322,11.562,11.5835,11.5566,11.53,11.5037,11.4777,11.4519,11.4265,11.4012,11.3763,11.3515,11.3148,11.2683,11.2222,11.1763,11.1308,11.0856,11.0406,10.9959,10.9514,10.9072,10.761,10.6088,10.4566,10.3042,10.1518,9.9994,9.8468,9.6942,9.5415,9.3838,9.2165,9.0492,8.8817,8.7142,8.5467,8.3791,8.2114,8.0436,7.8758,7.6917,7.5018,7.3119,7.1219,6.9319,6.7418,6.5517,6.3615,6.1714,5.9717,5.716,5.4602,5.2045,4.9488,4.6931,4.4374,4.1817,3.9261,3.6705,3.4806,3.3457,3.211,3.0765,2.9421,2.8078,2.6738,2.5399,2.4063,2.2729,2.2053,2.142,2.079,2.0164,1.9543,1.8925,1.8312,1.7703,1.7099,1.7063,1.8116,1.9172,2.0231,2.1293,2.2359,2.3428,2.45,2.5577,2.6656,2.7744,2.8835,2.9928,3.1023,3.212,3.3219,3.432,3.5423,3.6528,3.7624,3.8651,3.9678,4.0705,4.1731,4.2756,4.3781,4.4806,4.5829,4.6853,4.7331,4.7335,4.7337,4.7337,4.7336,4.7333,4.7328,4.7321,4.7312,4.7301,4.6614,4.5875,4.5136,4.4396,4.3656,4.2914,4.2172,4.143,4.0686,3.9748,3.8408,3.7068,3.5729,3.4392,3.3055,3.1718,3.0383,2.9049,2.7715,2.7324,2.7306,2.7286,2.7264,2.7241,2.7216,2.7189,2.716,2.7129,2.7057,2.6653,2.6245,2.5836,2.5423,2.5009,2.4592,2.4172,2.3749,2.3324,2.2795,2.216,2.1522,2.0881,2.0236,1.9587,1.8935
11.4573,11.4823,11.5075,11.5329,11.5584,11.5841,11.6099,11.6359,11.6517,11.6153,11.5792,11.5434,11.5079,11.4727,11.4377,11.4029,11.3685,11.3342,11.2845,11.2227,11.1612,11.1001,11.0392,10.9787,10.9184,10.8584,10.7986,10.7391,10.5924,10.4415,10.2905,10.1394,9.9883,9.837,9.6857,9.5344,9.3829,9.2267,9.0615,8.8962,8.7309,8.5655,8.4,8.2345,8.0689,7.9033,7.7376,7.556,7.3691,7.1822,6.9952,6.8081,6.621,6.4338,6.2466,6.0594,5.8637,5.6173,5.3709,5.1246,4.8782,4.6318,4.3855,4.1392,3.893,3.6468,3.4684,3.3479,3.2275,3.1073,2.9873,2.8674,2.7477,2.6282,2.5089,2.3898,2.3409,2.2972,2.2537,2.2107,2.168,2.1258,2.084,2.0426,2.0017,2.0126,2.1271,2.2419,2.3571,2.4725,2.5883,2.7044,2.8209,2.9378,3.055,3.1678,3.279,3.3905,3.5021,3.6139,3.726,3.8382,3.9506,4.0633,4.1743,4.2721,4.3698,4.4675,4.5652,4.6628,4.7604,4.8579,4.9554,5.0528,5.0968,5.0904,5.0838,5.077,5.0701,5.063,5.0557,5.0483,5.0406,5.0327,4.962,4.8847,4.8074,4.7301,4.6526,4.5751,4.4975,4.4199,4.3421,4.2475,4.1134,3.9794,3.8455,3.7117,3.578,3.4443,3.3108,3.1773,3.0439,2.9981,2.9921,2.9859,2.9795,2.973,2.9663,2.9595,2.9524,2.9452,2.935,2.8897,2.8443,2.7986,2.7527,2.7065,2.66,2.6133,2.5663,2.519,2.4619,2.3931,2.3239,2.2544,2.1846,2.1144,2.0439
11.5578,11.579,11.6004,11.6219,11.6436,11.6655,11.6875,11.7096,11.7197,11.6738,11.6282,11.5829,11.5379,11.4931,11.4486,11.4044,11.3604,11.3167,11.2538,11.1767,11.0999,11.0235,10.9473,10.8715,10.7959,10.7206,10.6455,10.5706,10.4238,10.2742,10.1244,9.9746,9.8247,9.6747,9.5247,9.3746,9.2244,9.0696,8.9065,8.7433,8.5801,8.4168,8.2534,8.09,7.9265,7.7629,7.5993,7.4204,7.2365,7.0525,6.8684,6.6843,6.5001,6.3159,6.1317,5.9474,5.7556,5.5186,5.2816,5.0446,4.8076,4.5706,4.3336,4.0967,3.8598,3.6229,3.456,3.3499,3.2439,3.138,3.0323,2.9268,2.8214,2.7162,2.6113,2.5066,2.4763,2.452,2.4281,2.4046,2.3814,2.3587,2.3364,2.3146,2.2932,2.3187,2.4424,2.5665,2.6908,2.8155,2.9405,3.0659,3.1916,3.3176,3.4441,3.5611,3.6745,3.7881,3.9018,4.0158,4.13,4.2443,4.3589,4.4737,4.5863,4.6792,4.772,4.8648,4.9576,5.0503,5.1429,5.2355,5.3281,5.4205,5.4608,5.4476,5.4342,5.4207,5.407,5.3931,5.379,5.3647,5.3503,5.3356,5.2627,5.1821,5.1014,5.0207,4.9398,4.8589,4.778,4.6969,4.6158,4.5202,4.3861,4.2521,4.1181,3.9843,3.8505,3.7168,3.5832,3.4497,3.3163,3.2639,3.2537,3.2434,3.2329,3.2222,3.2113,3.2003,3.1891,3.1777,3.1645,3.1146,3.0644,3.014,2.9633,2.9124,2.8612,2.8097,2.758,2.7061,2.6447,2.5705,2.496,2.4212,2.346,2.2705,2.1946
11.6582,11.6756,11.6932,11.7109,11.7287,11.7468,11.7649,11.7832,11.7873,11.732,11.6769,11.6221,11.5676,11.5133,11.4594,11.4056,11.3522,11.2989,11.2228,11.1304,11.0383,10.9466,10.8551,10.764,10.6731,10.5825,10.4921,10.402,10.2553,10.1069,9.9584,9.8098,9.6611,9.5124,9.3636,9.2148,9.0658,8.9125,8.7515,8.5904,8.4293,8.2681,8.1068,7.9454,7.784,7.6225,7.461,7.2849,7.1039,6.9228,6.7417,6.5605,6.3793,6.1981,6.0168,5.8354,5.6475,5.4199,5.1922,4.9646,4.7369,4.5092,4.2816,4.054,3.8265,3.599,3.4436,3.3518,3.2601,3.1686,3.0772,2.986,2.8949,2.8041,2.7135,2.6231,2.6113,2.6066,2.6022,2.5982,2.5945,2.5913,2.5885,2.5862,2.5843,2.6246,2.7575,2.8908,3.0244,3.1583,3.2925,3.4271,3.562,3.6973,3.8329,3.9544,4.0699,4.1856,4.3015,4.4176,4.5339,4.6504,4.7671,4.884,4.9985,5.0865,5.1744,5.2623,5.3501,5.4379,5.5256,5.6133,5.7009,5.7885,5.825,5.805,5.7849,5.7646,5.7441,5.7234,5.7026,5.6815,5.6603,5.6389,5.5636,5.4796,5.3956,5.3114,5.2272,5.143,5.0586,4.9742,4.8897,4.7929,4.6588,4.5247,4.3907,4.2568,4.123,3.9893,3.8557,3.7221,3.5886,3.53,3.5157,3.5012,3.4865,3.4716,3.4566,3.4414,3.426,3.4104,3.3943,3.3397,3.2848,3.2296,3.1742,3.1186,3.0627,3.0065,2.9501,2.8934,2.8278,2.7483,2.6685,2.5883,2.5078,2.4269,2.3457
11.7585,11.772,11.7858,11.7997,11.8137,11.8279,11.8423,11.8568,11.8547,11.7899,11.7253,11.661,11.597,11.5333,11.4698,11.4066,11.3437,11.2809,11.1914,11.0837,10.9763,10.8693,10.7626,10.6562,10.55,10.4441,10.3384,10.233,10.0867,9.9396,9.7923,9.645,9.4976,9.3501,9.2026,9.055,8.9073,8.7555,8.5966,8.4376,8.2785,8.1194,7.9602,7.8009,7.6416,7.4822,7.3227,7.1493,6.9712,6.7931,6.615,6.4368,6.2585,6.0802,5.9019,5.7235,5.5395,5.3211,5.1028,4.8845,4.6662,4.4479,4.2296,4.0114,3.7932,3.575,3.4311,3.3536,3.2762,3.199,3.1219,3.045,2.9683,2.8918,2.8155,2.7394,2.7461,2.7608,2.7759,2.7914,2.8073,2.8235,2.8402,2.8574,2.875,2.9303,3.0725,3.2149,3.3577,3.5008,3.6442,3.788,3.9321,4.0766,4.2215,4.3476,4.4653,4.5831,4.7011,4.8193,4.9378,5.0564,5.1752,5.2942,5.4109,5.4939,5.5769,5.6599,5.7428,5.8257,5.9085,5.9912,6.0739,6.1566,6.1895,6.1627,6.1358,6.1087,6.0815,6.0541,6.0264,5.9986,5.9706,5.9424,5.8647,5.7773,5.6899,5.6024,5.5148,5.4271,5.3394,5.2516,5.1637,5.0656,4.9314,4.7973,4.6633,4.5294,4.3955,4.2618,4.1281,3.9945,3.861,3.7964,3.7779,3.7592,3.7404,3.7213,3.7021,3.6828,3.6632,3.6435,3.6235,3.5651,3.5055,3.4456,3.3855,3.3251,3.2645,3.2036,3.1425,3.0811,3.0114,2.9265,2.8413,2.7558,2.67,2.5838,2.4973
11.8586,11.8683,11.8783,11.8883,11.8986,11.9089,11.9195,11.9302,11.9218,11.8475,11.7734,11.6997,11.6262,11.553,11.48,11.4074,11.3349,11.2627,11.1596,11.0367,10.914,10.7917,10.6697,10.548,10.4266,10.3054,10.1845,10.0638,9.9182,9.7723,9.6263,9.4802,9.3341,9.1879,9.0416,8.8952,8.7488,8.5985,8.4416,8.2847,8.1277,7.9707,7.8136,7.6564,7.4991,7.3418,7.1845,7.0137,6.8386,6.6635,6.4882,6.313,6.1377,5.9623,5.7869,5.6115,5.4314,5.2224,5.0134,4.8044,4.5954,4.3865,4.1775,3.9686,3.7598,3.551,3.4184,3.3552,3.2922,3.2293,3.1665,3.1039,3.0415,2.9793,2.9173,2.8556,2.8806,2.9148,2.9494,2.9843,3.0196,3.0554,3.0916,3.1282,3.1653,3.2358,3.3872,3.5388,3.6908,3.8431,3.9958,4.1488,4.3021,4.4558,4.6098,4.7408,4.8606,4.9805,5.1007,5.221,5.3416,5.4623,5.5833,5.7044,5.8234,5.9015,5.9796,6.0577,6.1357,6.2136,6.2915,6.3694,6.4472,6.5249,6.5542,6.5207,6.487,6.4532,6.4192,6.385,6.3506,6.316,6.2813,6.2463,6.1659,6.0752,5.9843,5.8935,5.8025,5.7115,5.6204,5.5292,5.4379,5.3383,5.2041,5.07,4.9359,4.8019,4.6681,4.5343,4.4006,4.2669,4.1334,4.063,4.0403,4.0175,3.9945,3.9713,3.9479,3.9244,3.9007,3.8768,3.8527,3.7908,3.7265,3.6619,3.5971,3.532,3.4667,3.4011,3.3352,3.2691,3.1953,3.1051,3.0146,2.9238,2.8326,2.7411,2.6492
11.9586,11.9645,11.9706,11.9769,11.9833,11.9899,11.9966,12.0034,11.9886,11.9048,11.8213,11.7381,11.6551,11.5724,11.49,11.4079,11.3259,11.2442,11.1275,10.9893,10.8514,10.7138,10.5766,10.4396,10.3029,10.1665,10.0303,9.8943,9.7497,9.6051,9.4603,9.3155,9.1706,9.0256,8.8806,8.7355,8.5903,8.4415,8.2867,8.1319,7.977,7.822,7.667,7.5119,7.3567,7.2015,7.0462,6.8782,6.706,6.5338,6.3615,6.1892,6.0169,5.8445,5.672,5.4995,5.3232,5.1236,4.9239,4.7243,4.5247,4.325,4.1254,3.9259,3.7263,3.5269,3.4056,3.3567,3.308,3.2594,3.2109,3.1626,3.1145,3.0666,3.0189,2.9715,3.0148,3.0685,3.1225,3.1769,3.2317,3.2869,3.3425,3.3986,3.4552,3.5411,3.7017,3.8626,4.0237,4.1853,4.3471,4.5093,4.6718,4.8347,4.9979,5.1339,5.2558,5.3779,5.5002,5.6226,5.7453,5.8682,5.9912,6.1145,6.2361,6.3093,6.3825,6.4556,6.5287,6.6018,6.6748,6.7477,6.8206,6.8934,6.9193,6.879,6.8386,6.7979,6.7572,6.7162,6.6751,6.6337,6.5922,6.5505,6.4673,6.3732,6.279,6.1847,6.0904,5.996,5.9015,5.807,5.7123,5.611,5.4768,5.3426,5.2085,5.0745,4.9406,4.8068,4.673,4.5394,4.4058,4.3299,4.303,4.276,4.2488,4.2215,4.194,4.1663,4.1384,4.1103,4.0821,4.0169,3.9478,3.8785,3.809,3.7392,3.6692,3.5989,3.5283,3.4575,3.3796,3.2841,3.1883,3.0921,2.9956,2.8987,2.8015
12.0584,12.0606,12.0628,12.0653,12.0679,12.0706,12.0735,12.0766,12.0551,11.9619,11.8689,11.7762,11.6838,11.5916,11.4997,11.4081,11.3167,11.2256,11.095,10.9415,10.7884,10.6356,10.4831,10.3309,10.1789,10.0272,9.8758,9.7246,9.5813,9.4378,9.2943,9.1508,9.0071,8.8634,8.7196,8.5757,8.4318,8.2845,8.1318,7.9791,7.8263,7.6734,7.5204,7.3674,7.2143,7.0612,6.908,6.7427,6.5734,6.4042,6.2348,6.0655,5.896,5.7266,5.5571,5.3875,5.2151,5.0248,4.8345,4.6441,4.4538,4.2635,4.0732,3.883,3.6928,3.5027,3.3927,3.3581,3.3237,3.2893,3.2552,3.2212,3.1874,3.1538,3.1204,3.0872,3.1487,3.2218,3.2953,3.3692,3.4434,3.5181,3.5932,3.6687,3.7447,3.8462,4.016,4.1861,4.3565,4.5271,4.6982,4.8695,5.0413,5.2133,5.3858,5.5269,5.651,5.7752,5.8996,6.0242,6.149,6.274,6.3992,6.5246,6.649,6.7173,6.7855,6.8538,6.922,6.9901,7.0582,7.1262,7.1942,7.2621,7.2846,7.2376,7.1903,7.143,7.0954,7.0477,6.9998,6.9517,6.9035,6.855,6.7688,6.6713,6.5738,6.4761,6.3784,6.2807,6.1828,6.0849,5.9869,5.8837,5.7494,5.6152,5.4811,5.3471,5.2131,5.0793,4.9455,4.8118,4.6782,4.597,4.566,4.5348,4.5035,4.472,4.4403,4.4084,4.3764,4.3442,4.3118,4.2432,4.1695,4.0955,4.0212,3.9467,3.872,3.797,3.7217,3.6461,3.5643,3.4635,3.3623,3.2608,3.159,3.0568,2.9543
12.1582,12.1565,12.1549,12.1536,12.1524,12.1513,12.1504,12.1496,12.1214,12.0186,11.9162,11.814,11.7122,11.6106,11.5092,11.4081,11.3073,11.2067,11.0622,10.8935,10.7251,10.557,10.3893,10.2218,10.0546,9.8877,9.721,9.5549,9.4128,9.2706,9.1284,8.986,8.8436,8.7012,8.5586,8.416,8.2733,8.1276,7.977,7.8263,7.6756,7.5248,7.3739,7.223,7.072,6.9209,6.7698,6.6071,6.4409,6.2745,6.1081,5.9417,5.7752,5.6087,5.4422,5.2756,5.107,4.926,4.745,4.564,4.383,4.202,4.021,3.8401,3.6592,3.4784,3.3797,3.3594,3.3392,3.3192,3.2993,3.2796,3.2601,3.2407,3.2216,3.2027,3.2823,3.3749,3.4678,3.5611,3.6548,3.7489,3.8434,3.9384,4.0338,4.1512,4.3301,4.5094,4.6889,4.8688,5.049,5.2296,5.4105,5.5917,5.7734,5.9199,6.0461,6.1724,6.2989,6.4257,6.5526,6.6797,6.807,6.9345,7.062,7.1254,7.1888,7.2521,7.3154,7.3786,7.4418,7.5049,7.568,7.631,7.6502,7.5964,7.5424,7.4883,7.434,7.3795,7.3249,7.2701,7.215,7.1598,7.0705,6.9697,6.8687,6.7677,6.6667,6.5655,6.4643,6.363,6.2616,6.1564,6.0221,5.8879,5.7537,5.6196,5.4857,5.3518,5.2179,5.0842,4.9506,4.8643,4.8292,4.7938,4.7584,4.7227,4.6869,4.6509,4.6147,4.5783,4.5417,4.4699,4.3914,4.3127,4.2338,4.1546,4.0751,3.9954,3.9154,3.8352,3.7494,3.6432,3.5368,3.4299,3.3228,3.2153,3.1075
12.2577,12.2522,12.2469,12.2417,12.2367,12.2318,12.2271,12.2226,12.1873,12.0751,11.9632,11.8516,11.7403,11.6292,11.5184,11.4079,11.2976,11.1875,11.029,10.845,10.6614,10.4781,10.2952,10.1125,9.93,9.7479,9.5659,9.3852,9.2444,9.1034,8.9624,8.8213,8.6802,8.539,8.3977,8.2563,8.1149,7.9706,7.8221,7.6735,7.5249,7.3762,7.2274,7.0785,6.9296,6.7806,6.6316,6.4716,6.3083,6.1449,5.9815,5.818,5.6544,5.4908,5.3272,5.1636,4.9988,4.8271,4.6554,4.4837,4.3121,4.1404,3.9687,3.7971,3.6256,3.4541,3.3666,3.3605,3.3546,3.3489,3.3432,3.3378,3.3326,3.3275,3.3227,3.318,3.4156,3.5276,3.64,3.7527,3.8658,3.9793,4.0933,4.2077,4.3226,4.4559,4.6441,4.8325,5.0212,5.2103,5.3997,5.5894,5.7795,5.9699,6.1607,6.3128,6.4411,6.5696,6.6982,6.8271,6.9561,7.0854,7.2148,7.3444,7.4743,7.5337,7.5922,7.6506,7.709,7.7673,7.8256,7.8838,7.942,8.0001,8.016,7.9555,7.8948,7.8339,7.7729,7.7117,7.6503,7.5887,7.5269,7.4649,7.3724,7.2682,7.1639,7.0595,6.9551,6.8505,6.746,6.6413,6.5366,6.4292,6.2948,6.1605,6.0263,5.8922,5.7582,5.6243,5.4904,5.3566,5.223,5.1319,5.0926,5.0531,5.0135,4.9737,4.9337,4.8935,4.8532,4.8127,4.772,4.6969,4.6137,4.5303,4.4467,4.3628,4.2786,4.1942,4.1095,4.0245,3.9348,3.8234,3.7116,3.5994,3.487,3.3742,3.261
12.3572,12.3479,12.3387,12.3298,12.3209,12.3123,12.3037,12.2954,12.253,12.1314,12.01,11.889,11.7682,11.6477,11.5274,11.4074,11.2877,11.1681,10.9954,10.7963,10.5974,10.3989,10.2007,10.0028,9.8051,9.6077,9.4106,9.2156,9.076,8.9363,8.7965,8.6567,8.5168,8.3768,8.2367,8.0966,7.9564,7.8137,7.6673,7.5208,7.3742,7.2276,7.0808,6.9341,6.7872,6.6403,6.4934,6.3361,6.1757,6.0153,5.8548,5.6942,5.5336,5.373,5.2123,5.0516,4.8906,4.7282,4.5659,4.4035,4.2411,4.0787,3.9164,3.7541,3.5919,3.4297,3.3533,3.3615,3.3699,3.3784,3.387,3.3959,3.4049,3.4141,3.4235,3.4331,3.5486,3.6801,3.8118,3.944,4.0765,4.2094,4.3428,4.4766,4.6109,4.7605,4.9578,5.1554,5.3533,5.5515,5.7501,5.949,6.1483,6.3479,6.5478,6.7057,6.8361,6.9667,7.0975,7.2284,7.3596,7.4909,7.6225,7.7543,7.8863,7.9421,7.9957,8.0492,8.1027,8.1562,8.2095,8.2629,8.3162,8.3694,8.3822,8.3149,8.2474,8.1798,8.112,8.044,7.9759,7.9076,7.839,7.7703,7.6744,7.5668,7.4591,7.3514,7.2436,7.1357,7.0278,6.9198,6.8117,6.7019,6.5675,6.4331,6.2989,6.1648,6.0307,5.8968,5.7629,5.6291,5.4954,5.3998,5.3563,5.3127,5.2689,5.2249,5.1808,5.1365,5.092,5.0473,5.0025,4.9242,4.8363,4.7482,4.6599,4.5712,4.4824,4.3933,4.3039,4.2142,4.1207,4.0039,3.8868,3.7693,3.6516,3.5334,3.415
12.4565,12.4434,12.4304,12.4177,12.405,12.3926,12.3802,12.368,12.3184,12.1873,12.0565,11.926,11.7958,11.6658,11.5362,11.4067,11.2775,11.1486,10.9615,10.7471,10.5331,10.3194,10.106,9.8928,9.68,9.4674,9.255,9.0459,8.9076,8.7691,8.6306,8.492,8.3534,8.2146,8.0758,7.9369,7.798,7.6568,7.5125,7.3681,7.2236,7.079,6.9344,6.7897,6.6449,6.5001,6.3552,6.2006,6.0432,5.8857,5.7281,5.5705,5.4128,5.2551,5.0974,4.9396,4.7824,4.6293,4.4763,4.3232,4.1701,4.0171,3.864,3.711,3.5581,3.4052,3.3399,3.3624,3.385,3.4078,3.4307,3.4538,3.477,3.5005,3.5242,3.5481,3.6814,3.8322,3.9834,4.1349,4.2868,4.4392,4.5919,4.7451,4.8988,5.0648,5.2713,5.4781,5.6852,5.8926,6.1003,6.3084,6.5168,6.7256,6.9347,7.0985,7.231,7.3637,7.4966,7.6297,7.763,7.8965,8.0302,8.164,8.2981,8.3508,8.3994,8.4481,8.4967,8.5452,8.5937,8.6421,8.6905,8.7388,8.7485,8.6745,8.6003,8.526,8.4514,8.3767,8.3019,8.2268,8.1515,8.0761,7.9766,7.8656,7.7546,7.6435,7.5323,7.4211,7.3098,7.1984,7.0869,6.9746,6.8401,6.7058,6.5715,6.4373,6.3033,6.1693,6.0353,5.9015,5.7678,5.6678,5.6202,5.5725,5.5245,5.4764,5.4279,5.3784,5.3289,5.2795,5.23,5.1487,5.0567,4.9648,4.8731,4.7815,4.6901,4.5989,4.5078,4.4169,4.3236,4.2082,4.0932,3.9787,3.8647,3.7512,3.6381
12.5551,12.5388,12.522,12.5054,12.489,12.4727,12.4566,12.4406,12.3835,12.243,12.1027,11.9628,11.8232,11.6838,11.5446,11.4058,11.2671,11.1287,10.9272,10.6977,10.4684,10.2395,10.0109,9.7825,9.5545,9.3267,9.0991,8.8763,8.7392,8.602,8.4647,8.3274,8.19,8.0525,7.9149,7.7773,7.6396,7.5,7.3577,7.2154,7.0729,6.9304,6.7879,6.6452,6.5026,6.3598,6.217,6.0652,5.9106,5.7561,5.6014,5.4467,5.292,5.1372,4.9824,4.8276,4.6742,4.5304,4.3867,4.2429,4.0991,3.9553,3.8116,3.6679,3.5242,3.3806,3.3264,3.3632,3.4,3.437,3.4742,3.5115,3.549,3.5867,3.6246,3.6628,3.8138,3.984,4.1546,4.3255,4.4968,4.6686,4.8407,5.0133,5.1864,5.369,5.5846,5.8006,6.0168,6.2334,6.4503,6.6675,6.8851,7.103,7.3213,7.4913,7.6259,7.7607,7.8957,8.0309,8.1663,8.3019,8.4377,8.5737,8.7099,8.7596,8.8033,8.8466,8.8884,8.9301,8.9716,9.0131,9.0544,9.0955,9.1002,9.0179,8.9357,8.8535,8.7713,8.6891,8.6069,8.5247,8.4425,8.3603,8.2569,8.1421,8.0274,7.9128,7.7982,7.6836,7.5691,7.4547,7.3403,7.2258,7.0894,6.953,6.8166,6.6802,6.5437,6.4073,6.2708,6.1344,5.9979,5.8925,5.8419,5.7913,5.7407,5.6901,5.6395,5.5889,5.5383,5.4877,5.4371,5.3577,5.2669,5.1762,5.0857,4.9953,4.9051,4.8151,4.7252,4.6354,4.5445,4.4344,4.3246,4.2154,4.1066,3.9983,3.8905
12.5514,12.5242,12.4974,12.471,12.445,12.4194,12.3941,12.3692,12.3039,12.1616,12.0193,11.877,11.7349,11.5927,11.4507,11.3087,11.1667,11.0248,10.8165,10.58,10.3436,10.1073,9.8711,9.6349,9.3988,9.1627,8.9267,8.6965,8.5579,8.4194,8.2808,8.1422,8.0036,7.8649,7.7263,7.5876,7.4489,7.3088,7.1667,7.0246,6.8825,6.7403,6.598,6.4557,6.3133,6.1708,6.0283,5.8761,5.7212,5.5661,5.411,5.2558,5.1005,4.9452,4.7897,4.6342,4.4816,4.3484,4.2151,4.0818,3.9485,3.8151,3.6817,3.5483,3.4149,3.2816,3.2371,3.2845,3.3319,3.3793,3.4267,3.4743,3.5219,3.5695,3.6173,3.6651,3.8378,4.0329,4.2285,4.4246,4.6213,4.8185,5.0162,5.2146,5.4137,5.6182,5.8416,6.0652,6.289,6.5132,6.7376,6.9623,7.1873,7.4126,7.6382,7.8122,7.9464,8.0806,8.215,8.3494,8.484,8.6187,8.7536,8.8885,9.0236,9.0677,9.1039,9.14,9.176,9.2118,9.2476,9.2832,9.3187,9.3541,9.3564,9.2724,9.1884,9.1044,9.0204,8.9365,8.8525,8.7685,8.6845,8.6005,8.4968,8.3815,8.2662,8.151,8.0358,7.9207,7.8056,7.6906,7.5756,7.4607,7.3232,7.1852,7.0473,6.9093,6.7713,6.6333,6.4953,6.3573,6.2192,6.1099,6.0581,6.0064,5.9547,5.9029,5.8512,5.7995,5.7477,5.696,5.6442,5.5666,5.477,5.3875,5.2982,5.2091,5.12,5.0312,4.9425,4.8539,4.7651,4.6602,4.5557,4.4517,4.3481,4.2451,4.1425
12.5472,12.5078,12.4688,12.4302,12.392,12.3542,12.3168,12.2797,12.2035,12.0577,11.9119,11.7662,11.6206,11.475,11.3295,11.184,11.0386,10.8932,10.6788,10.4369,10.1951,9.9534,9.7117,9.4701,9.2286,8.9871,8.7456,8.511,8.3693,8.2276,8.0859,7.9441,7.8023,7.6605,7.5187,7.3769,7.235,7.0923,6.9486,6.8048,6.661,6.5171,6.3731,6.2291,6.085,5.9409,5.7967,5.6412,5.4825,5.3237,5.1648,5.0058,4.8468,4.6877,4.5285,4.3692,4.215,4.0937,3.9723,3.851,3.7295,3.6081,3.4867,3.3652,3.2438,3.1224,3.0876,3.1438,3.2,3.2562,3.3125,3.3688,3.4252,3.4817,3.5383,3.5949,3.7936,4.0192,4.2452,4.4717,4.6988,4.9264,5.1546,5.3834,5.6129,5.8433,6.0749,6.3068,6.5389,6.7713,7.004,7.237,7.4703,7.7039,7.9378,8.117,8.2516,8.3863,8.5211,8.656,8.791,8.9261,9.0614,9.1968,9.3323,9.3729,9.4033,9.4336,9.4637,9.4938,9.5238,9.5536,9.5833,9.6128,9.6128,9.527,9.4412,9.3554,9.2697,9.1839,9.0981,9.0123,8.9266,8.8408,8.7368,8.6209,8.505,8.3892,8.2735,8.1578,8.0422,7.9266,7.811,7.6955,7.5571,7.4176,7.278,7.1385,6.9989,6.8594,6.7198,6.5802,6.4406,6.3273,6.2744,6.2215,6.1687,6.1158,6.0629,6.0101,5.9572,5.9043,5.8515,5.7754,5.687,5.5988,5.5106,5.4227,5.3349,5.2472,5.1597,5.0724,4.9852,4.8856,4.7863,4.6876,4.5893,4.4914,4.3941
12.5426,12.491,12.4398,12.3891,12.3387,12.2887,12.239,12.1897,12.103,11.9537,11.8045,11.6553,11.5062,11.3571,11.2081,11.0592,10.9103,10.7615,10.5411,10.2938,10.0465,9.7994,9.5523,9.3053,9.0583,8.8114,8.5645,8.3255,8.1807,8.0358,7.8909,7.746,7.601,7.4561,7.3111,7.1661,7.0211,6.8759,6.7304,6.585,6.4395,6.2939,6.1482,6.0025,5.8568,5.7109,5.565,5.4062,5.2437,5.0812,4.9186,4.7559,4.5931,4.4302,4.2673,4.1043,3.9483,3.8389,3.7295,3.6201,3.5106,3.4011,3.2916,3.182,3.0725,2.9631,2.938,3.003,3.068,3.133,3.1981,3.2633,3.3285,3.3938,3.4591,3.5246,3.7489,4.0049,4.2614,4.5183,4.7758,5.0338,5.2924,5.5516,5.8115,6.0681,6.308,6.5482,6.7886,7.0293,7.2703,7.5115,7.7531,7.9949,8.2371,8.4217,8.5567,8.6919,8.8271,8.9625,9.0979,9.2335,9.3692,9.5051,9.641,9.6782,9.7028,9.7273,9.7517,9.776,9.8001,9.8242,9.8481,9.8718,9.8692,9.7817,9.6941,9.6065,9.5189,9.4314,9.3438,9.2563,9.1687,9.0812,8.9767,8.8603,8.7439,8.6275,8.5112,8.3949,8.2787,8.1625,8.0464,7.9304,7.7911,7.65,7.5089,7.3678,7.2267,7.0856,6.9444,6.8033,6.6621,6.5448,6.4908,6.4368,6.3828,6.3288,6.2748,6.2208,6.1668,6.1128,6.0588,5.9842,5.897,5.8099,5.723,5.6362,5.5496,5.4631,5.3768,5.2907,5.2047,5.1106,5.0166,4.9231,4.83,4.7374,4.6453
12.5376,12.4738,12.4104,12.3475,12.2849,12.2227,12.1609,12.0994,12.0024,11.8496,11.6969,11.5443,11.3917,11.2392,11.0867,10.9343,10.782,10.6297,10.4032,10.1505,9.8978,9.6452,9.3927,9.1403,8.8879,8.6356,8.3833,8.14,7.9919,7.8439,7.6958,7.5478,7.3997,7.2516,7.1034,6.9553,6.8071,6.6594,6.5123,6.3651,6.2179,6.0706,5.9233,5.7759,5.6285,5.481,5.3334,5.1712,5.005,4.8387,4.6723,4.5059,4.3394,4.1728,4.0061,3.8393,3.6816,3.5841,3.4867,3.3891,3.2916,3.194,3.0964,2.9988,2.9012,2.8037,2.7884,2.8621,2.9359,3.0098,3.0837,3.1576,3.2316,3.3057,3.3799,3.4541,3.7038,3.9902,4.277,4.5644,4.8522,5.1406,5.4296,5.7193,6.0095,6.2928,6.541,6.7894,7.0381,7.2871,7.5363,7.7858,8.0356,8.2858,8.5362,8.7265,8.8619,8.9975,9.1332,9.269,9.4049,9.5409,9.677,9.8133,9.9497,9.9838,10.0026,10.0213,10.0399,10.0584,10.0767,10.095,10.1131,10.1311,10.1258,10.0364,9.947,9.8577,9.7683,9.679,9.5896,9.5003,9.411,9.3216,9.2167,9.0997,8.9827,8.8658,8.7489,8.6321,8.5153,8.3986,8.2819,8.1652,8.0251,7.8825,7.7398,7.5972,7.4545,7.3118,7.1691,7.0264,6.8837,6.7623,6.7072,6.6521,6.5969,6.5418,6.4867,6.4315,6.3764,6.3213,6.2661,6.1929,6.1069,6.021,5.9353,5.8497,5.7643,5.679,5.5939,5.5089,5.4241,5.3353,5.2465,5.1582,5.0704,4.983,4.8961
12.5322,12.4562,12.3806,12.3055,12.2307,12.1564,12.0824,12.0087,11.9017,11.7454,11.5893,11.4332,11.2771,11.1212,10.9652,10.8094,10.6536,10.4978,10.2652,10.007,9.749,9.491,9.2331,8.9752,8.7174,8.4597,8.202,7.9544,7.8032,7.652,7.5008,7.3495,7.1983,7.047,6.8957,6.7444,6.5931,6.4429,6.2941,6.1452,5.9964,5.8474,5.6984,5.5493,5.4002,5.251,5.1017,4.9362,4.7663,4.5962,4.4261,4.2559,4.0856,3.9153,3.7449,3.5743,3.4148,3.3293,3.2438,3.1582,3.0725,2.9868,2.9012,2.8155,2.7298,2.6442,2.6386,2.7212,2.8038,2.8864,2.9691,3.0519,3.1347,3.2175,3.3005,3.3836,3.6583,3.975,4.2922,4.6099,4.9281,5.2469,5.5663,5.8863,6.2069,6.5174,6.7738,7.0305,7.2874,7.5446,7.8021,8.0599,8.318,8.5764,8.8351,9.0312,9.1671,9.3031,9.4392,9.5754,9.7118,9.8483,9.9848,10.1215,10.2584,10.2896,10.3026,10.3155,10.3283,10.341,10.3536,10.366,10.3783,10.3905,10.3823,10.2912,10.2,10.1089,10.0178,9.9266,9.8355,9.7444,9.6533,9.5621,9.4568,9.3392,9.2216,9.1041,8.9867,8.8693,8.7519,8.6346,8.5173,8.4001,8.2593,8.1151,7.9709,7.8266,7.6824,7.5382,7.3939,7.2496,7.1054,6.98,6.9237,6.8674,6.8112,6.7549,6.6986,6.6424,6.5861,6.5299,6.4736,6.4015,6.3167,6.232,6.1475,6.0631,5.9788,5.8948,5.8108,5.7271,5.6435,5.5596,5.476,5.3929,5.3103,5.2282,5.1465
12.5263,12.4382,12.3504,12.2631,12.1762,12.0896,12.0035,11.9177,11.8008,11.6411,11.4815,11.322,11.1625,11.003,10.8437,10.6843,10.525,10.3658,10.127,9.8635,9.6,9.3366,9.0733,8.81,8.5468,8.2836,8.0205,7.7687,7.6144,7.46,7.3056,7.1513,6.9969,6.8424,6.688,6.5335,6.379,6.2263,6.0759,5.9254,5.7748,5.6242,5.4735,5.3227,5.1719,5.021,4.8701,4.7012,4.5275,4.3537,4.1798,4.0059,3.8319,3.6578,3.4836,3.3094,3.1481,3.0745,3.0008,2.9271,2.8534,2.7796,2.7059,2.6321,2.5583,2.4846,2.4888,2.5802,2.6716,2.763,2.8545,2.946,3.0376,3.1293,3.221,3.3129,3.6122,3.9593,4.3069,4.6549,5.0035,5.3526,5.7024,6.0527,6.4037,6.7417,7.0064,7.2713,7.5365,7.802,8.0678,8.3338,8.6001,8.8668,9.1337,9.3359,9.4722,9.6087,9.7452,9.8819,10.0187,10.1556,10.2926,10.4298,10.567,10.5955,10.6028,10.6099,10.6169,10.6238,10.6306,10.6373,10.6438,10.6502,10.639,10.546,10.4531,10.3602,10.2673,10.1744,10.0815,9.9886,9.8957,9.8028,9.6968,9.5787,9.4605,9.3425,9.2244,9.1065,8.9885,8.8707,8.7528,8.635,8.4935,8.3477,8.202,8.0562,7.9104,7.7646,7.6188,7.473,7.3271,7.1977,7.1403,7.0829,7.0255,6.9681,6.9107,6.8533,6.7959,6.7385,6.6811,6.61,6.5264,6.4429,6.3596,6.2764,6.1933,6.1105,6.0277,5.9451,5.8627,5.7835,5.7051,5.6273,5.5499,5.473,5.3965
12.52,12.4197,12.3198,12.2203,12.1212,12.0225,11.9242,11.8262,11.6999,11.5368,11.3737,11.2107,11.0477,10.8848,10.722,10.5592,10.3965,10.2338,9.9888,9.7198,9.4509,9.1821,8.9134,8.6447,8.3761,8.1075,7.839,7.583,7.4255,7.268,7.1105,6.9529,6.7954,6.6378,6.4802,6.3226,6.165,6.0098,5.8576,5.7055,5.5532,5.4009,5.2485,5.0961,4.9436,4.791,4.6384,4.4662,4.2887,4.1112,3.9336,3.7559,3.5782,3.4003,3.2224,3.0444,2.8813,2.8196,2.7579,2.6961,2.6342,2.5724,2.5105,2.4486,2.3868,2.3249,2.3389,2.4391,2.5392,2.6395,2.7397,2.84,2.9404,3.0409,3.1414,3.2421,3.5658,3.9432,4.3211,4.6995,5.0784,5.4578,5.8379,6.2185,6.5999,6.9659,7.2388,7.512,7.7855,8.0592,8.3332,8.6075,8.8821,9.157,9.4322,9.6406,9.7773,9.9142,10.0512,10.1884,10.3256,10.4629,10.6004,10.738,10.8757,10.9017,10.9031,10.9045,10.9057,10.9068,10.9078,10.9087,10.9095,10.9101,10.8957,10.801,10.7063,10.6116,10.5169,10.4222,10.3275,10.2328,10.1381,10.0434,9.9369,9.8182,9.6995,9.5808,9.4622,9.3437,9.2252,9.1068,8.9884,8.87,8.7278,8.5805,8.4332,8.2858,8.1385,7.9911,7.8438,7.6964,7.549,7.4154,7.3569,7.2984,7.2398,7.1813,7.1228,7.0643,7.0058,6.9472,6.8887,6.8185,6.736,6.6537,6.5716,6.4896,6.4078,6.3261,6.2445,6.1631,6.0819,6.007,5.9339,5.8613,5.7891,5.7174,5.6462
12.5132,12.4008,12.2888,12.1771,12.0659,11.955,11.8445,11.7344,11.5989,11.4323,11.2657,11.0993,10.9329,10.7665,10.6002,10.434,10.2678,10.1016,9.8504,9.576,9.3017,9.0275,8.7534,8.4793,8.2053,7.9313,7.6574,7.3972,7.2366,7.0759,6.9152,6.7546,6.5939,6.4332,6.2724,6.1116,5.9508,5.7932,5.6394,5.4855,5.3316,5.1776,5.0236,4.8695,4.7153,4.561,4.4067,4.2312,4.0499,3.8687,3.6873,3.5059,3.3244,3.1428,2.9612,2.7794,2.6146,2.5648,2.5149,2.465,2.415,2.365,2.3151,2.2651,2.2151,2.1652,2.189,2.2979,2.4068,2.5158,2.6249,2.734,2.8431,2.9524,3.0617,3.1711,3.5189,3.9266,4.3348,4.7435,5.1527,5.5625,5.9728,6.3838,6.7954,7.1899,7.4711,7.7525,8.0342,8.3162,8.5985,8.881,9.1638,9.447,9.7304,9.9452,10.0825,10.2198,10.3572,10.4948,10.6325,10.7702,10.9082,11.0462,11.1843,11.208,11.2037,11.1993,11.1947,11.1901,11.1853,11.1804,11.1754,11.1702,11.1525,11.056,10.9595,10.863,10.7665,10.6701,10.5736,10.4771,10.3807,10.2842,10.177,10.0577,9.9385,9.8192,9.7001,9.581,9.4619,9.3429,9.2239,9.105,8.9622,8.8133,8.6644,8.5156,8.3667,8.2178,8.0688,7.9199,7.7709,7.6333,7.5736,7.5139,7.4543,7.3946,7.335,7.2753,7.2157,7.156,7.0964,7.0269,6.9456,6.8645,6.7835,6.7027,6.6221,6.5416,6.4612,6.381,6.301,6.2301,6.1623,6.0948,6.0279,5.9614,5.8954
12.5061,12.3815,12.2573,12.1335,12.0101,11.8871,11.7645,11.6422,11.4977,11.3277,11.1577,10.9878,10.8179,10.6481,10.4784,10.3087,10.139,9.9694,9.7118,9.4321,9.1524,8.8728,8.5933,8.3138,8.0344,7.755,7.4757,7.2114,7.0476,6.8838,6.72,6.5562,6.3923,6.2284,6.0646,5.9006,5.7367,5.5766,5.4211,5.2656,5.11,4.9543,4.7986,4.6428,4.487,4.331,4.1751,3.9961,3.8111,3.6261,3.4411,3.2559,3.0707,2.8854,2.7,2.5145,2.3478,2.3098,2.2718,2.2338,2.1957,2.1577,2.1196,2.0815,2.0434,2.0053,2.0389,2.1566,2.2744,2.3921,2.5099,2.6278,2.7458,2.8638,2.9819,3.1001,3.4715,3.9095,4.348,4.787,5.2265,5.6665,6.1072,6.5484,6.9903,7.4138,7.7032,7.9929,8.2828,8.573,8.8635,9.1543,9.4453,9.7367,10.0284,10.2499,10.3876,10.5253,10.6632,10.8012,10.9393,11.0775,11.2159,11.3544,11.4929,11.5146,11.5045,11.4943,11.484,11.4735,11.463,11.4523,11.4415,11.4306,11.4094,11.3111,11.2128,11.1145,11.0163,10.918,10.8198,10.7215,10.6233,10.5251,10.4172,10.2973,10.1775,10.0577,9.9379,9.8183,9.6986,9.579,9.4595,9.34,9.1967,9.0462,8.8958,8.7454,8.5949,8.4445,8.294,8.1435,7.993,7.8511,7.7904,7.7296,7.6688,7.608,7.5472,7.4865,7.4257,7.3649,7.3041,7.2352,7.1551,7.0752,6.9954,6.9158,6.8363,6.757,6.6779,6.5988,6.52,6.4529,6.3902,6.328,6.2663,6.205,6.1442
12.4985,12.3617,12.2254,12.0895,11.954,11.8189,11.6841,11.5497,11.3965,11.223,11.0496,10.8762,10.7029,10.5296,10.3564,10.1833,10.0102,9.8371,9.5732,9.288,9.003,8.718,8.433,8.1482,7.8633,7.5786,7.2938,7.0255,6.8586,6.6916,6.5247,6.3577,6.1907,6.0237,5.8567,5.6896,5.5225,5.36,5.2029,5.0456,4.8884,4.731,4.5736,4.4161,4.2586,4.101,3.9434,3.761,3.5723,3.3836,3.1948,3.0059,2.8169,2.6279,2.4388,2.2495,2.081,2.0549,2.0288,2.0026,1.9764,1.9502,1.924,1.8978,1.8716,1.8454,1.8888,2.0153,2.1418,2.2683,2.3949,2.5216,2.6483,2.775,2.9019,3.0289,3.4237,3.892,4.3607,4.83,5.2998,5.7701,6.241,6.7125,7.1847,7.6374,7.9351,8.233,8.5312,8.8296,9.1283,9.4273,9.7267,10.0263,10.3262,10.5546,10.6927,10.8309,10.9692,11.1076,11.2462,11.3848,11.5236,11.6625,11.8015,11.8213,11.8055,11.7895,11.7734,11.7572,11.7409,11.7244,11.7079,11.6912,11.6663,11.5662,11.4662,11.3661,11.2661,11.1661,11.0661,10.966,10.866,10.766,10.6573,10.5369,10.4165,10.2961,10.1758,10.0556,9.9354,9.8152,9.6951,9.5751,9.4312,9.2792,9.1273,8.9753,8.8233,8.6712,8.5192,8.3672,8.2151,8.0691,8.0072,7.9453,7.8834,7.8215,7.7596,7.6976,7.6357,7.5738,7.5119,7.4434,7.3645,7.2858,7.2072,7.1288,7.0505,6.9724,6.8944,6.8166,6.7389,6.6753,6.6178,6.5608,6.5043,6.4483,6.3927
12.4904,12.3416,12.1931,12.0451,11.8975,11.7502,11.6033,11.4567,11.2952,11.1182,10.9413,10.7645,10.5877,10.411,10.2344,10.0578,9.8812,9.7047,9.4344,9.1439,8.8534,8.563,8.2727,7.9824,7.6922,7.4021,7.1119,6.8395,6.6695,6.4994,6.3293,6.1592,5.989,5.8189,5.6487,5.4785,5.3083,5.1434,4.9846,4.8257,4.6667,4.5077,4.3486,4.1895,4.0303,3.871,3.7117,3.5259,3.3335,3.141,2.9485,2.7559,2.5632,2.3704,2.1775,1.9846,1.8141,1.7999,1.7857,1.7714,1.7571,1.7427,1.7284,1.714,1.6997,1.6853,1.7387,1.8739,2.0092,2.1445,2.2798,2.4152,2.5507,2.6862,2.8218,2.9576,3.3754,3.874,4.373,4.8725,5.3725,5.8731,6.3742,6.876,7.3784,7.8609,8.1668,8.4729,8.7794,9.086,9.393,9.7002,10.0078,10.3156,10.6237,10.8592,10.9977,11.1364,11.2751,11.414,11.553,11.6921,11.8313,11.9707,12.1101,12.1283,12.1066,12.0849,12.063,12.0411,12.019,11.9968,11.9744,11.952,11.9233,11.8215,11.7196,11.6178,11.516,11.4142,11.3124,11.2106,11.1088,11.007,10.8975,10.7765,10.6555,10.5346,10.4137,10.2929,10.1722,10.0514,9.9308,9.8101,9.6659,9.5123,9.3588,9.2052,9.0517,8.8981,8.7445,8.5909,8.4373,8.2871,8.2241,8.1611,8.098,8.035,7.9719,7.9089,7.8459,7.7828,7.7198,7.6515,7.5738,7.4963,7.4189,7.3417,7.2646,7.1876,7.1109,7.0342,6.9577,6.8973,6.8451,6.7933,6.742,6.6911,6.6407
12.482,12.321,12.1604,12.0003,11.8405,11.6811,11.5221,11.3634,11.1937,11.0133,10.833,10.6527,10.4725,10.2924,10.1123,9.9322,9.7522,9.5723,9.2955,8.9996,8.7037,8.408,8.1122,7.8166,7.521,7.2254,6.9299,6.6536,6.4803,6.3071,6.1339,5.9606,5.7873,5.6141,5.4407,5.2674,5.094,4.9268,4.7663,4.6057,4.4451,4.2844,4.1236,3.9628,3.8019,3.641,3.48,3.2908,3.0947,2.8985,2.7022,2.5058,2.3094,2.1129,1.9163,1.7197,1.5473,1.5449,1.5425,1.5401,1.5376,1.5352,1.5327,1.5302,1.5277,1.5252,1.5884,1.7324,1.8764,2.0205,2.1646,2.3087,2.453,2.5973,2.7416,2.8861,3.3267,3.8555,4.3847,4.9145,5.4447,5.9755,6.5069,7.0389,7.5715,8.0842,8.3984,8.7127,9.0274,9.3423,9.6574,9.9729,10.2887,10.6047,10.9211,11.1638,11.3028,11.4419,11.5811,11.7204,11.8598,11.9994,12.139,12.2788,12.4187,12.4354,12.408,12.3805,12.3529,12.3251,12.2973,12.2693,12.2412,12.213,12.1804,12.0768,11.9732,11.8696,11.766,11.6624,11.5588,11.4552,11.3517,11.2481,11.1377,11.0162,10.8946,10.7731,10.6517,10.5303,10.409,10.2877,10.1664,10.0452,9.9006,9.7455,9.5904,9.4353,9.2802,9.1251,8.9699,8.8148,8.6596,8.5052,8.4411,8.3769,8.3127,8.2486,8.1844,8.1203,8.0561,7.9919,7.9278,7.8596,7.7831,7.7067,7.6305,7.5545,7.4786,7.4028,7.3272,7.2518,7.1765,7.1189,7.0719,7.0253,6.9792,6.9335,6.8884
