13.9315,13.9004,13.8693,13.8383,13.8073,13.7763,13.7454,13.7145,13.6836,13.6533,13.6307,13.6081,13.5856,13.563,13.5404,13.5179,13.4953,13.4728,13.4503,13.3811,13.2915,13.2019,13.1123,13.0227,12.933,12.8434,12.7537,12.6641,12.6223,12.6819,12.7417,12.8016,12.8615,12.9215,12.9814,13.0414,13.1013,13.1613,13.1977,13.2328,13.2678,13.3029,13.338,13.3731,13.4081,13.4432,13.4783,13.5139,13.55,13.5861,13.6221,13.6582,13.6943,13.7303,13.7664,13.8025,13.8126,13.7178,13.623,13.5282,13.4334,13.3387,13.2439,13.1491,13.0543,12.9595,12.8359,12.706,12.5762,12.4464,12.3166,12.1868,12.057,11.9271,11.7973,11.7408,11.7738,11.807,11.8404,11.8737,11.9071,11.9405,11.9739,12.0074,12.0393,12.051,12.0628,12.0747,12.0865,12.0985,12.1104,12.1224,12.1345,12.1466,12.1803,12.2231,12.2658,12.3084,12.3509,12.3933,12.4356,12.4778,12.5199,12.5327,12.4848,12.4369,12.389,12.3412,12.2933,12.2455,12.1976,12.1498,12.1019,12.0857,12.0711,12.0564,12.0415,12.0264,12.0111,11.9957,11.9802,11.9644,11.9623,11.9707,11.979,11.9875,11.9959,12.0044,12.0129,12.0214,12.03,12.0309,11.9988,11.9668,11.9347,11.9027,11.8706,11.8385,11.8065,11.7744,11.7423,11.7039,11.6634,11.6222,11.5803,11.5378,11.4945,11.4505,11.4058,11.3604,11.3119,11.2598,11.2075,11.1547,11.1017,11.0483,10.9945,10.9403,10.8859,10.831,10.7755,10.72,10.6644,10.6088,10.5531,10.4973,10.4415,10.3857,10.3298
13.9558,13.9241,13.8925,13.8608,13.8292,13.7976,13.7661,13.7345,13.703,13.6723,13.6497,13.6272,13.6046,13.582,13.5595,13.5369,13.5144,13.4918,13.4693,13.3999,13.3111,13.2223,13.1334,13.0446,12.9557,12.8669,12.778,12.6891,12.6469,12.6996,12.7525,12.8055,12.8586,12.9117,12.965,13.0184,13.0718,13.1253,13.1615,13.1968,13.232,13.2673,13.3025,13.3377,13.3729,13.4081,13.4433,13.4781,13.5125,13.547,13.5814,13.6159,13.6503,13.6847,13.7191,13.7534,13.7636,13.6758,13.588,13.5003,13.4125,13.3247,13.237,13.1493,13.0617,12.9742,12.8536,12.7259,12.5982,12.4706,12.3429,12.2153,12.0878,11.9603,11.8328,11.777,11.8113,11.8457,11.88,11.9144,11.9489,11.9833,12.0178,12.0524,12.0855,12.0983,12.1111,12.124,12.1369,12.1498,12.1628,12.1758,12.1889,12.202,12.2328,12.2716,12.3103,12.349,12.3875,12.4259,12.4641,12.5023,12.5403,12.5519,12.504,12.4561,12.4082,12.3603,12.3125,12.2646,12.2168,12.1689,12.1211,12.1007,12.0823,12.0637,12.045,12.0261,12.0071,11.9879,11.9685,11.949,11.945,11.9541,11.9632,11.9724,11.9816,11.9908,12,12.0093,12.0186,12.0212,11.9892,11.9571,11.9251,11.893,11.8609,11.8289,11.7968,11.7647,11.7327,11.6859,11.6345,11.5824,11.5296,11.4762,11.422,11.3671,11.3115,11.2552,11.1985,11.142,11.0851,11.028,10.9705,10.9126,10.8544,10.7958,10.7368,10.6775,10.6221,10.5665,10.5109,10.4553,10.3996,10.3439,10.2881,10.2323,10.1764
13.9802,13.9479,13.9156,13.8833,13.8511,13.8189,13.7868,13.7546,13.7225,13.6914,13.6688,13.6462,13.6237,13.6011,13.5785,13.556,13.5334,13.5109,13.4884,13.4187,13.3307,13.2426,13.1546,13.0665,12.9785,12.8904,12.8023,12.7142,12.6714,12.7172,12.7632,12.8093,12.8555,12.9017,12.9481,12.9946,13.0411,13.0877,13.1235,13.1588,13.1941,13.2293,13.2646,13.2998,13.335,13.3702,13.4054,13.4391,13.4717,13.5043,13.5369,13.5695,13.6021,13.6347,13.6672,13.6998,13.7101,13.63,13.5498,13.4697,13.3896,13.3096,13.2295,13.1496,13.0696,12.9897,12.8725,12.7469,12.6214,12.4959,12.3704,12.2449,12.1195,11.9941,11.8688,11.8135,11.8489,11.8843,11.9197,11.9552,11.9907,12.0262,12.0618,12.0974,12.1318,12.1456,12.1594,12.1733,12.1872,12.2011,12.2151,12.2292,12.2433,12.2574,12.2855,12.3203,12.355,12.3896,12.4241,12.4585,12.4928,12.5269,12.561,12.5711,12.5232,12.4753,12.4274,12.3795,12.3316,12.2838,12.2359,12.1881,12.1402,12.1158,12.0936,12.0712,12.0487,12.0261,12.0032,11.9802,11.9571,11.9337,11.9277,11.9375,11.9474,11.9573,11.9672,11.9772,11.9871,11.9972,12.0072,12.0115,11.9795,11.9474,11.9154,11.8833,11.8513,11.8192,11.7871,11.755,11.723,11.6686,11.6063,11.5433,11.4796,11.4152,11.3502,11.2844,11.2179,11.1506,11.0854,11.0244,10.9631,10.9015,10.8395,10.7772,10.7145,10.6515,10.5881,10.5243,10.4686,10.4131,10.3575,10.3019,10.2462,10.1905,10.1347,10.0788,10.0229
14.0045,13.9716,13.9387,13.9058,13.873,13.8402,13.8074,13.7747,13.7419,13.7104,13.6878,13.6653,13.6427,13.6201,13.5976,13.575,13.5525,13.53,13.5074,13.4376,13.3503,13.263,13.1758,13.0885,13.0012,12.9139,12.8266,12.7393,12.6958,12.7347,12.7738,12.813,12.8523,12.8917,12.9311,12.9707,13.0104,13.0501,13.0855,13.1208,13.1561,13.1914,13.2266,13.2618,13.2971,13.3323,13.3675,13.4001,13.4309,13.4617,13.4924,13.5232,13.5539,13.5847,13.6154,13.6461,13.6565,13.5841,13.5116,13.4392,13.3668,13.2944,13.222,13.1497,13.0774,13.0052,12.8914,12.7679,12.6445,12.5211,12.3978,12.2745,12.1512,12.0279,11.9047,11.85,11.8864,11.9229,11.9594,11.9959,12.0324,12.069,12.1056,12.1423,12.178,12.1928,12.2077,12.2225,12.2375,12.2524,12.2674,12.2825,12.2976,12.3127,12.3383,12.3691,12.3998,12.4304,12.4608,12.4912,12.5215,12.5517,12.5817,12.5903,12.5424,12.4945,12.4466,12.3987,12.3508,12.3029,12.2551,12.2072,12.1593,12.131,12.105,12.0789,12.0526,12.0262,11.9995,11.9728,11.9458,11.9187,11.9103,11.9209,11.9315,11.9421,11.9528,11.9635,11.9742,11.985,11.9958,12.0019,11.9698,11.9378,11.9057,11.8736,11.8416,11.8095,11.7774,11.7454,11.7133,11.652,11.5787,11.5048,11.4303,11.355,11.279,11.2024,11.125,11.0468,10.9725,10.9071,10.8414,10.7753,10.7089,10.6421,10.575,10.5075,10.4397,10.3715,10.3152,10.2596,10.2041,10.1484,10.0928,10.037,9.9812,9.9254,9.8695
14.0288,13.9953,13.9618,13.9283,13.8949,13.8614,13.8281,13.7947,13.7614,13.7295,13.7069,13.6843,13.6617,13.6392,13.6166,13.5941,13.5715,13.549,13.5265,13.4564,13.37,13.2835,13.197,13.1105,13.024,12.9374,12.8509,12.7644,12.72,12.7521,12.7843,12.8166,12.849,12.8815,12.9141,12.9468,12.9795,13.0123,13.0476,13.0829,13.1181,13.1534,13.1887,13.2239,13.2591,13.2944,13.3296,13.3611,13.3901,13.419,13.4479,13.4768,13.5058,13.5346,13.5635,13.5924,13.6029,13.5381,13.4734,13.4086,13.3439,13.2792,13.2145,13.1498,13.0852,13.0207,12.9102,12.7889,12.6676,12.5464,12.4252,12.304,12.1828,12.0617,11.9406,11.8864,11.9239,11.9614,11.999,12.0366,12.0742,12.1118,12.1495,12.1872,12.2242,12.24,12.2559,12.2718,12.2877,12.3037,12.3197,12.3358,12.3519,12.3681,12.3912,12.4179,12.4446,12.4712,12.4977,12.5241,12.5504,12.5765,12.6026,12.6095,12.5615,12.5136,12.4657,12.4179,12.37,12.3221,12.2742,12.2263,12.1785,12.1464,12.1167,12.0867,12.0567,12.0264,11.996,11.9654,11.9347,11.9038,11.8929,11.9042,11.9156,11.9269,11.9384,11.9498,11.9613,11.9728,11.9843,11.9922,11.9601,11.9281,11.896,11.864,11.8319,11.7998,11.7678,11.7357,11.7036,11.636,11.5518,11.467,11.3816,11.2954,11.2086,11.121,11.0328,10.9437,10.86,10.7902,10.72,10.6495,10.5786,10.5074,10.4358,10.3639,10.2916,10.219,10.1617,10.1062,10.0506,9.995,9.9393,9.8836,9.8278,9.772,9.7161
14.0531,14.0189,13.9848,13.9508,13.9167,13.8827,13.8487,13.8147,13.7808,13.7485,13.7259,13.7034,13.6808,13.6582,13.6357,13.6131,13.5906,13.5681,13.5455,13.4753,13.3896,13.3039,13.2182,13.1325,13.0467,12.961,12.8752,12.7895,12.7442,12.7693,12.7946,12.8201,12.8456,12.8712,12.8969,12.9227,12.9486,12.9745,13.0096,13.0449,13.0802,13.1155,13.1507,13.186,13.2212,13.2564,13.2916,13.3221,13.3492,13.3763,13.4034,13.4305,13.4576,13.4846,13.5117,13.5387,13.5493,13.4922,13.4351,13.378,13.3209,13.2639,13.2069,13.1499,13.093,13.0361,12.9291,12.8099,12.6907,12.5716,12.4525,12.3335,12.2145,12.0955,11.9765,11.9229,11.9614,12,12.0386,12.0772,12.1159,12.1546,12.1933,12.2321,12.2704,12.2872,12.3041,12.321,12.338,12.355,12.372,12.3891,12.4062,12.4234,12.4442,12.4669,12.4896,12.5122,12.5347,12.5571,12.5794,12.6015,12.6236,12.6287,12.5807,12.5328,12.4849,12.437,12.3891,12.3412,12.2934,12.2455,12.1976,12.162,12.1284,12.0947,12.0609,12.0268,11.9926,11.9583,11.9237,11.889,11.8755,11.8875,11.8996,11.9117,11.9239,11.9361,11.9483,11.9605,11.9728,11.9825,11.9505,11.9184,11.8864,11.8543,11.8222,11.7902,11.7581,11.726,11.6939,11.6206,11.5256,11.4299,11.3336,11.2365,11.1388,11.0404,10.9412,10.8414,10.7478,10.6735,10.5989,10.5239,10.4486,10.3729,10.2969,10.2206,10.1438,10.0667,10.0083,9.9527,9.8972,9.8416,9.7859,9.7302,9.6744,9.6185,9.5627
14.0773,14.0426,14.0079,13.9732,13.9385,13.9039,13.8693,13.8347,13.8001,13.7676,13.745,13.7224,13.6998,13.6773,13.6547,13.6322,13.6097,13.5871,13.5646,13.4942,13.4093,13.3244,13.2394,13.1545,13.0695,12.9846,12.8996,12.8146,12.7682,12.7865,12.8049,12.8234,12.8421,12.8608,12.8797,12.8986,12.9176,12.9366,12.9716,13.0069,13.0422,13.0775,13.1128,13.148,13.1833,13.2185,13.2537,13.2831,13.3084,13.3336,13.3589,13.3842,13.4094,13.4346,13.4598,13.485,13.4957,13.4463,13.3968,13.3474,13.298,13.2486,13.1992,13.1499,13.1006,13.0514,12.9479,12.8308,12.7138,12.5968,12.4799,12.3629,12.2461,12.1292,12.0124,11.9593,11.9989,12.0386,12.0782,12.1179,12.1576,12.1974,12.2372,12.277,12.3166,12.3344,12.3523,12.3702,12.3882,12.4062,12.4242,12.4423,12.4605,12.4786,12.4973,12.5161,12.5348,12.5534,12.5718,12.5902,12.6085,12.6267,12.6447,12.6479,12.5999,12.552,12.5041,12.4562,12.4083,12.3604,12.3125,12.2646,12.2168,12.1777,12.1404,12.1029,12.0652,12.0274,11.9894,11.9513,11.913,11.8745,11.858,11.8708,11.8836,11.8965,11.9094,11.9223,11.9352,11.9482,11.9612,11.9728,11.9408,11.9087,11.8767,11.8446,11.8125,11.7805,11.7484,11.7163,11.6842,11.6059,11.5,11.3934,11.2862,11.1783,11.0697,10.9604,10.8504,10.7397,10.6358,10.5571,10.478,10.3986,10.3189,10.2388,10.1583,10.0775,9.9964,9.9149,9.8548,9.7993,9.7437,9.6881,9.6324,9.5767,9.5209,9.4651,9.4092
14.1016,14.0662,14.0309,13.9956,13.9603,13.9251,13.8899,13.8547,13.8195,13.7866,13.764,13.7415,13.7189,13.6963,13.6738,13.6512,13.6287,13.6062,13.5837,13.5131,13.429,13.3448,13.2607,13.1765,13.0923,13.0081,12.9239,12.8398,12.7921,12.8035,12.815,12.8267,12.8385,12.8503,12.8623,12.8744,12.8865,12.8987,12.9337,12.969,13.0043,13.0396,13.0748,13.1101,13.1453,13.1806,13.2158,13.2441,13.2675,13.291,13.3144,13.3378,13.3612,13.3846,13.408,13.4313,13.4421,13.4003,13.3585,13.3167,13.275,13.2332,13.1915,13.1499,13.1082,13.0667,12.9667,12.8518,12.7369,12.622,12.5072,12.3924,12.2776,12.1629,12.0482,11.9957,12.0364,12.0771,12.1178,12.1585,12.1993,12.2401,12.281,12.3219,12.3627,12.3816,12.4005,12.4194,12.4384,12.4574,12.4765,12.4956,12.5147,12.5339,12.5505,12.5653,12.58,12.5946,12.6091,12.6235,12.6378,12.6519,12.666,12.6671,12.6191,12.5712,12.5233,12.4754,12.4275,12.3796,12.3317,12.2838,12.2359,12.1936,12.1525,12.1112,12.0697,12.0281,11.9864,11.9445,11.9024,11.8601,11.8405,11.854,11.8676,11.8812,11.8948,11.9085,11.9222,11.9359,11.9496,11.9632,11.9311,11.8991,11.867,11.8349,11.8029,11.7708,11.7387,11.7066,11.6745,11.5918,11.475,11.3576,11.2396,11.1208,11.0013,10.8812,10.7603,10.6387,10.5242,10.441,10.3575,10.2737,10.1895,10.1049,10.0201,9.9348,9.8492,9.7633,9.7013,9.6458,9.5903,9.5347,9.479,9.4233,9.3675,9.3117,9.2558
14.1258,14.0898,14.0539,14.018,13.9821,13.9462,13.9104,13.8746,13.8389,13.8056,13.7831,13.7605,13.7379,13.7154,13.6928,13.6703,13.6478,13.6252,13.6027,13.5321,13.4487,13.3653,13.2819,13.1985,13.1151,13.0317,12.9483,12.8649,12.8158,12.8204,12.8251,12.8299,12.8348,12.8398,12.8449,12.85,12.8553,12.8606,12.8957,12.931,12.9663,13.0016,13.0369,13.0722,13.1074,13.1427,13.1779,13.2051,13.2267,13.2483,13.2699,13.2914,13.313,13.3346,13.3561,13.3776,13.3884,13.3543,13.3202,13.286,13.2519,13.2178,13.1838,13.1498,13.1158,13.0819,12.9854,12.8727,12.7599,12.6472,12.5345,12.4218,12.3092,12.1966,12.084,12.0321,12.0739,12.1156,12.1574,12.1992,12.241,12.2829,12.3248,12.3667,12.4087,12.4287,12.4486,12.4686,12.4885,12.5086,12.5286,12.5488,12.5689,12.5891,12.6038,12.6146,12.6253,12.6359,12.6465,12.6569,12.6671,12.6773,12.6874,12.6863,12.6383,12.5904,12.5425,12.4946,12.4466,12.3987,12.3508,12.3029,12.255,12.2096,12.1647,12.1196,12.0744,12.029,11.9835,11.9378,11.8919,11.8459,11.8229,11.8372,11.8515,11.8659,11.8802,11.8946,11.9091,11.9235,11.938,11.9526,11.9215,11.8894,11.8573,11.8253,11.7932,11.7611,11.729,11.697,11.6649,11.5784,11.4508,11.3225,11.1936,11.0639,10.9336,10.8026,10.6709,10.5384,10.4128,10.3252,10.2373,10.149,10.0604,9.9714,9.8821,9.7924,9.7024,9.612,9.5479,9.4924,9.4368,9.3812,9.3256,9.2698,9.2141,9.1582,9.1024
14.15,14.1134,14.0769,14.0403,14.0039,13.9674,13.931,13.8946,13.8582,13.8247,13.8021,13.7796,13.757,13.7344,13.7119,13.6894,13.6668,13.6443,13.6218,13.551,13.4684,13.3858,13.3032,13.2206,13.138,13.0554,12.9727,12.8901,12.8395,12.8372,12.835,12.8329,12.831,12.8291,12.8273,12.8256,12.824,12.8225,12.8577,12.893,12.9284,12.9637,12.9989,13.0342,13.0695,13.1047,13.14,13.166,13.1858,13.2056,13.2253,13.2451,13.2648,13.2846,13.3043,13.324,13.3348,13.3083,13.2818,13.2553,13.2288,13.2024,13.176,13.1496,13.1233,13.0971,13.0042,12.8935,12.7829,12.6723,12.5617,12.4512,12.3407,12.2302,12.1198,12.0685,12.1113,12.1541,12.1969,12.2398,12.2826,12.3256,12.3685,12.4115,12.4545,12.4758,12.4967,12.5177,12.5387,12.5597,12.5808,12.6019,12.6231,12.6443,12.6573,12.6641,12.6708,12.6774,12.6839,12.6903,12.6967,12.7028,12.7089,12.7055,12.6575,12.6096,12.5617,12.5137,12.4658,12.4179,12.37,12.3221,12.2742,12.2258,12.1771,12.1283,12.0793,12.0301,11.9808,11.9313,11.8817,11.8318,11.8054,11.8204,11.8354,11.8505,11.8656,11.8807,11.8959,11.9111,11.9264,11.9416,11.9118,11.8797,11.8477,11.8156,11.7835,11.7514,11.7194,11.6873,11.6552,11.5656,11.4271,11.288,11.1482,11.0078,10.8666,10.7247,10.5821,10.4388,10.3017,10.2097,10.1173,10.0246,9.9316,9.8382,9.7444,9.6503,9.5559,9.4611,9.3944,9.3389,9.2834,9.2278,9.1721,9.1164,9.0606,9.0048,8.9489
14.1741,14.137,14.0998,14.0627,14.0256,13.9885,13.9515,13.9145,13.8775,13.8437,13.8212,13.7986,13.776,13.7535,13.7309,13.7084,13.6859,13.6634,13.6408,13.57,13.4882,13.4064,13.3245,13.2427,13.1608,13.079,12.9971,12.9152,12.8631,12.8539,12.8448,12.8359,12.8271,12.8184,12.8097,12.8012,12.7927,12.7844,12.8197,12.8551,12.8904,12.9257,12.961,12.9963,13.0315,13.0668,13.102,13.127,13.1449,13.1629,13.1808,13.1987,13.2166,13.2345,13.2524,13.2703,13.2811,13.2623,13.2434,13.2246,13.2057,13.1869,13.1682,13.1494,13.1308,13.1121,13.0229,12.9144,12.8059,12.6974,12.589,12.4806,12.3722,12.2638,12.1555,12.1049,12.1487,12.1926,12.2364,12.2803,12.3243,12.3683,12.4123,12.4563,12.5004,12.5229,12.5448,12.5668,12.5888,12.6109,12.633,12.6551,12.6773,12.6995,12.7108,12.7136,12.7164,12.719,12.7215,12.724,12.7263,12.7285,12.7306,12.7247,12.6767,12.6288,12.5808,12.5329,12.485,12.4371,12.3891,12.3412,12.2933,12.2421,12.1896,12.137,12.0843,12.0313,11.9783,11.925,11.8716,11.818,11.7877,11.8035,11.8193,11.8351,11.8509,11.8668,11.8827,11.8987,11.9146,11.9307,11.9021,11.87,11.838,11.8059,11.7738,11.7418,11.7097,11.6776,11.6455,11.5534,11.4041,11.2542,11.1035,10.9522,10.8002,10.6475,10.4941,10.34,10.1909,10.0944,9.9977,9.9005,9.8031,9.7052,9.6071,9.5086,9.4097,9.3104,9.241,9.1855,9.1299,9.0743,9.0187,8.963,8.9072,8.8514,8.7955
14.1983,14.1605,14.1227,14.085,14.0473,14.0096,13.972,13.9344,13.8968,13.8628,13.8402,13.8177,13.7951,13.7725,13.75,13.7275,13.7049,13.6824,13.6599,13.589,13.5079,13.4269,13.3458,13.2648,13.1837,13.1026,13.0215,12.9404,12.8865,12.8705,12.8546,12.8388,12.8231,12.8075,12.792,12.7766,12.7613,12.7464,12.7818,12.8171,12.8524,12.8878,12.9231,12.9583,12.9936,13.0289,13.0641,13.0879,13.104,13.1202,13.1363,13.1524,13.1684,13.1845,13.2006,13.2166,13.2274,13.2162,13.205,13.1938,13.1826,13.1714,13.1603,13.1492,13.1382,13.1272,13.0417,12.9353,12.8289,12.7225,12.6162,12.5099,12.4037,12.2974,12.1913,12.1413,12.1861,12.231,12.276,12.3209,12.3659,12.4109,12.456,12.5011,12.5462,12.57,12.5929,12.6159,12.6389,12.662,12.6851,12.7082,12.7314,12.7546,12.7645,12.7633,12.7621,12.7607,12.7593,12.7577,12.756,12.7543,12.7524,12.7439,12.6959,12.648,12.6,12.5521,12.5041,12.4562,12.4083,12.3604,12.3125,12.2586,12.2024,12.146,12.0894,12.0327,11.9759,11.9188,11.8617,11.8043,11.7701,11.7866,11.8031,11.8197,11.8362,11.8529,11.8695,11.8862,11.9029,11.9196,11.8924,11.8604,11.8283,11.7962,11.7642,11.7321,11.7,11.6679,11.6358,11.5419,11.3818,11.221,11.0595,10.8974,10.7346,10.571,10.4068,10.2418,10.0804,9.9795,9.8783,9.7768,9.6749,9.5726,9.47,9.3671,9.2638,9.1601,9.0875,9.032,8.9765,8.9209,8.8652,8.8095,8.7537,8.6979,8.6421
14.2224,14.184,14.1456,14.1073,14.069,14.0307,13.9925,13.9543,13.9161,13.8818,13.8593,13.8367,13.8141,13.7916,13.7691,13.7465,13.724,13.7015,13.679,13.608,13.5277,13.4474,13.3672,13.2869,13.2066,13.1263,13.046,12.9657,12.9098,12.8869,12.8642,12.8415,12.819,12.7965,12.7742,12.7519,12.7298,12.7084,12.7438,12.7791,12.8145,12.8498,12.8851,12.9204,12.9557,12.991,13.0262,13.0489,13.0632,13.0774,13.0917,13.106,13.1203,13.1345,13.1487,13.1629,13.1738,13.1702,13.1666,13.163,13.1594,13.1559,13.1524,13.1489,13.1455,13.1422,13.0604,12.9561,12.8518,12.7476,12.6434,12.5392,12.4351,12.331,12.2269,12.1776,12.2235,12.2695,12.3154,12.3615,12.4075,12.4536,12.4997,12.5458,12.592,12.617,12.641,12.665,12.689,12.7131,12.7372,12.7613,12.7855,12.8098,12.8182,12.8131,12.8079,12.8025,12.7971,12.7916,12.7859,12.7802,12.7743,12.7631,12.7151,12.6671,12.6192,12.5713,12.5233,12.4754,12.4275,12.3795,12.3316,12.2752,12.2152,12.1551,12.0948,12.0343,11.9737,11.9129,11.8519,11.7908,11.7524,11.7696,11.7869,11.8042,11.8215,11.8389,11.8562,11.8737,11.8911,11.9086,11.8828,11.8507,11.8186,11.7866,11.7545,11.7224,11.6903,11.6582,11.6261,11.5311,11.3601,11.1885,11.0162,10.8432,10.6696,10.4952,10.3201,10.1443,9.9702,9.8649,9.7592,9.6533,9.547,9.4403,9.3333,9.2259,9.1182,9.0101,8.9341,8.8786,8.8228,8.7659,8.7089,8.6518,8.5946,8.5372,8.4797
14.2465,14.2075,14.1685,14.1296,14.0907,14.0518,14.0129,13.9741,13.9353,13.9009,13.8783,13.8557,13.8332,13.8106,13.7881,13.7656,13.743,13.7205,13.698,13.627,13.5475,13.468,13.3885,13.309,13.2295,13.15,13.0704,12.9909,12.933,12.9033,12.8737,12.8442,12.8148,12.7855,12.7563,12.7272,12.6982,12.6705,12.7058,12.7412,12.7765,12.8118,12.8472,12.8825,12.9177,12.953,12.9883,13.0098,13.0223,13.0347,13.0472,13.0596,13.0721,13.0845,13.0969,13.1093,13.12,13.1241,13.1281,13.1322,13.1362,13.1403,13.1444,13.1486,13.1528,13.1571,13.0791,12.9769,12.8748,12.7726,12.6706,12.5685,12.4665,12.3645,12.2626,12.2139,12.2609,12.3079,12.3549,12.402,12.4491,12.4962,12.5434,12.5906,12.6378,12.664,12.689,12.714,12.739,12.7641,12.7892,12.8144,12.8396,12.8648,12.8721,12.863,12.8538,12.8445,12.8351,12.8256,12.8159,12.8062,12.7963,12.7823,12.7343,12.6863,12.6384,12.5904,12.5425,12.4945,12.4466,12.3987,12.3508,12.292,12.2282,12.1643,12.1002,12.036,11.9716,11.9071,11.8423,11.7774,11.7347,11.7527,11.7707,11.7887,11.8067,11.8248,11.843,11.8611,11.879,11.8948,11.8676,11.8325,11.7969,11.761,11.7248,11.6882,11.6512,11.6138,11.576,11.4762,11.2928,11.1092,10.9254,10.7414,10.5572,10.3727,10.188,10.0031,9.818,9.7085,9.599,9.4894,9.3797,9.2699,9.1601,9.0502,8.9402,8.8301,8.7504,8.693,8.6354,8.5778,8.52,8.4622,8.4042,8.346,8.2878
14.2551,14.2158,14.1766,14.1374,14.0983,14.0592,14.0201,13.981,13.942,13.9072,13.8833,13.8595,13.8358,13.8123,13.789,13.7658,13.7427,13.7198,13.697,13.6268,13.549,13.4712,13.3934,13.3156,13.2377,13.1598,13.0818,13.0039,12.9449,12.9099,12.8749,12.8398,12.8047,12.7696,12.7345,12.6993,12.6642,12.6307,12.6663,12.7019,12.7375,12.773,12.8084,12.8439,12.8793,12.9147,12.95,12.9704,12.9811,12.9918,13.0025,13.0132,13.0238,13.0344,13.045,13.0556,13.0664,13.0779,13.0894,13.1009,13.1124,13.1239,13.1354,13.1468,13.1582,13.1696,13.0952,12.9951,12.895,12.7949,12.6949,12.595,12.4951,12.3954,12.2957,12.2476,12.2951,12.3427,12.3902,12.4376,12.4851,12.5325,12.5799,12.6272,12.6745,12.7013,12.7264,12.7516,12.7768,12.802,12.8272,12.8523,12.8775,12.9027,12.9072,12.8919,12.8763,12.8605,12.8444,12.828,12.8113,12.7944,12.7772,12.7566,12.7055,12.6543,12.6029,12.5514,12.4997,12.4479,12.3959,12.3438,12.2915,12.2288,12.161,12.0931,12.0252,11.9572,11.8892,11.8212,11.7531,11.685,11.6378,11.6547,11.6716,11.6886,11.7055,11.7226,11.7396,11.7567,11.7738,11.7909,11.7605,11.7194,11.678,11.6362,11.5941,11.5516,11.5087,11.4654,11.4217,11.3216,11.1355,10.9492,10.7627,10.576,10.389,10.2018,10.0144,9.8268,9.6389,9.5267,9.417,9.3072,9.1973,9.0873,8.9773,8.8672,8.757,8.6467,8.5645,8.5064,8.4481,8.3897,8.3312,8.2726,8.2138,8.1549,8.0959
14.248,14.2077,14.1675,14.1273,14.0871,14.047,14.0069,13.9668,13.9268,13.8898,13.8601,13.8305,13.8011,13.7718,13.7427,13.7138,13.6849,13.6562,13.6276,13.5564,13.4791,13.4017,13.3244,13.2469,13.1695,13.092,13.0145,12.937,12.8786,12.8434,12.8083,12.773,12.7378,12.7026,12.6673,12.632,12.5967,12.5636,12.6007,12.6378,12.6748,12.7119,12.7489,12.7858,12.8227,12.8596,12.8965,12.9177,12.9287,12.9397,12.9508,12.9617,12.9727,12.9837,12.9946,13.0055,13.0166,13.0281,13.0396,13.0511,13.0626,13.0741,13.0855,13.097,13.1084,13.1198,13.0506,12.9567,12.8628,12.769,12.6752,12.5815,12.4879,12.3943,12.3009,12.2553,12.3012,12.347,12.3929,12.4387,12.4845,12.5303,12.576,12.6217,12.6674,12.6942,12.7194,12.7446,12.7698,12.795,12.8201,12.8453,12.8705,12.8957,12.8966,12.8728,12.8488,12.8245,12.8,12.7752,12.7501,12.7248,12.6991,12.6711,12.6169,12.5626,12.5082,12.4536,12.3989,12.344,12.289,12.2338,12.1785,12.115,12.0471,11.9792,11.9112,11.8432,11.7752,11.7071,11.639,11.5708,11.5219,11.5401,11.5584,11.5767,11.595,11.6133,11.6317,11.6501,11.6685,11.687,11.6537,11.6067,11.5594,11.5118,11.4637,11.4153,11.3666,11.3174,11.2678,11.1671,10.9783,10.7893,10.6001,10.4107,10.221,10.0311,9.841,9.6506,9.46,9.3449,9.235,9.125,9.0149,8.9047,8.7945,8.6841,8.5737,8.4633,8.3787,8.3198,8.2608,8.2017,8.1424,8.083,8.0235,7.9639,7.9042
14.2409,14.1996,14.1583,14.1171,14.076,14.0348,13.9937,13.9526,13.9115,13.8722,13.8367,13.8014,13.7662,13.7312,13.6963,13.6616,13.6269,13.5925,13.5581,13.4861,13.4092,13.3323,13.2553,13.1783,13.1013,13.0243,12.9472,12.8701,12.8123,12.777,12.7416,12.7063,12.6709,12.6355,12.6001,12.5647,12.5292,12.4964,12.5351,12.5737,12.6122,12.6508,12.6893,12.7278,12.7662,12.8046,12.843,12.8649,12.8763,12.8877,12.899,12.9103,12.9216,12.9329,12.9442,12.9554,12.9667,12.9783,12.9898,13.0013,13.0128,13.0243,13.0357,13.0472,13.0586,13.07,13.0059,12.9182,12.8306,12.743,12.6555,12.568,12.4806,12.3932,12.306,12.263,12.3072,12.3515,12.3957,12.4398,12.484,12.5281,12.5722,12.6163,12.6603,12.6872,12.7124,12.7375,12.7627,12.7879,12.8131,12.8383,12.8635,12.8886,12.8861,12.8539,12.8215,12.7888,12.7559,12.7226,12.6892,12.6554,12.6213,12.5856,12.5284,12.4711,12.4136,12.3559,12.2982,12.2402,12.1822,12.1239,12.0656,12.0012,11.9332,11.8653,11.7972,11.7292,11.6611,11.593,11.5248,11.4566,11.4059,11.4255,11.4451,11.4647,11.4843,11.504,11.5237,11.5434,11.5632,11.583,11.5472,11.4943,11.4412,11.3876,11.3337,11.2794,11.2248,11.1697,11.1143,11.0128,10.8213,10.6296,10.4377,10.2455,10.0531,9.8605,9.6677,9.4746,9.2813,9.1632,9.053,8.9428,8.8325,8.7221,8.6117,8.5011,8.3905,8.2798,8.193,8.1333,8.0736,8.0137,7.9537,7.8936,7.8333,7.7729,7.7124
14.2337,14.1914,14.1492,14.1069,14.0647,14.0226,13.9804,13.9383,13.8962,13.8544,13.8132,13.7721,13.7311,13.6903,13.6497,13.6092,13.5688,13.5286,13.4885,13.4157,13.3393,13.2628,13.1863,13.1097,13.0331,12.9565,12.8799,12.8032,12.7459,12.7105,12.675,12.6395,12.604,12.5685,12.5329,12.4973,12.4617,12.4293,12.4694,12.5096,12.5497,12.5897,12.6297,12.6697,12.7097,12.7496,12.7896,12.8122,12.8239,12.8356,12.8472,12.8589,12.8705,12.8822,12.8938,12.9053,12.9169,12.9285,12.94,12.9515,12.963,12.9745,12.9859,12.9974,13.0088,13.0202,12.9612,12.8798,12.7983,12.7169,12.6356,12.5544,12.4732,12.392,12.311,12.2707,12.3133,12.3559,12.3984,12.441,12.4835,12.526,12.5684,12.6108,12.6532,12.6801,12.7053,12.7305,12.7557,12.7809,12.8061,12.8312,12.8564,12.8816,12.8759,12.8353,12.7944,12.7533,12.712,12.6704,12.6285,12.5863,12.5438,12.5003,12.44,12.3796,12.3191,12.2584,12.1976,12.1366,12.0755,12.0142,11.9527,11.8873,11.8193,11.7513,11.6833,11.6152,11.547,11.4789,11.4107,11.3424,11.2899,11.3108,11.3317,11.3526,11.3736,11.3946,11.4157,11.4367,11.4578,11.4789,11.441,11.3823,11.3232,11.2638,11.204,11.1438,11.0833,11.0224,10.9611,10.8587,10.6645,10.4701,10.2754,10.0806,9.8855,9.6902,9.4946,9.2988,9.1028,8.9814,8.871,8.7606,8.6501,8.5395,8.4289,8.3181,8.2073,8.0964,8.0073,7.9469,7.8864,7.8258,7.765,7.7041,7.6431,7.582,7.5208
14.2265,14.1832,14.1399,14.0967,14.0535,14.0103,13.9672,13.924,13.8809,13.8365,13.7895,13.7426,13.6959,13.6494,13.603,13.5567,13.5106,13.4646,13.4187,13.3454,13.2694,13.1933,13.1172,13.0411,12.965,12.8888,12.8126,12.7364,12.6796,12.644,12.6084,12.5727,12.5371,12.5014,12.4657,12.43,12.3942,12.3621,12.4038,12.4455,12.4871,12.5287,12.5702,12.6117,12.6532,12.6947,12.7361,12.7594,12.7715,12.7835,12.7955,12.8075,12.8194,12.8314,12.8433,12.8552,12.8671,12.8786,12.8902,12.9017,12.9132,12.9246,12.9361,12.9475,12.959,12.9704,12.9165,12.8412,12.766,12.6908,12.6157,12.5407,12.4657,12.3908,12.3159,12.2784,12.3194,12.3603,12.4013,12.4421,12.483,12.5238,12.5646,12.6054,12.6462,12.6731,12.6983,12.7235,12.7486,12.7738,12.799,12.8242,12.8494,12.8746,12.8659,12.8169,12.7676,12.7181,12.6684,12.6183,12.568,12.5174,12.4665,12.4151,12.3517,12.2883,12.2247,12.161,12.0971,12.033,11.9689,11.9045,11.8401,11.7735,11.7054,11.6374,11.5693,11.5012,11.433,11.3648,11.2965,11.2282,11.1738,11.196,11.2183,11.2405,11.2628,11.2852,11.3075,11.3299,11.3524,11.3748,11.3351,11.2705,11.2056,11.1403,11.0746,11.0086,10.9422,10.8754,10.8082,10.7047,10.5078,10.3107,10.1133,9.9158,9.718,9.5199,9.3217,9.1232,8.9245,8.7996,8.6891,8.5785,8.4677,8.357,8.2461,8.1352,8.0241,7.9131,7.8217,7.7605,7.6993,7.6379,7.5764,7.5148,7.453,7.3911,7.3291
14.2193,14.175,14.1307,14.0864,14.0422,13.998,13.9539,13.9097,13.8656,13.8184,13.7656,13.713,13.6605,13.6082,13.5561,13.5041,13.4522,13.4004,13.3488,13.2751,13.1995,13.1239,13.0482,12.9725,12.8968,12.8211,12.7453,12.6695,12.6132,12.5775,12.5417,12.506,12.4702,12.4343,12.3985,12.3626,12.3268,12.295,12.3382,12.3814,12.4245,12.4676,12.5107,12.5537,12.5967,12.6397,12.6826,12.7067,12.719,12.7314,12.7437,12.7561,12.7684,12.7806,12.7929,12.8052,12.8173,12.8288,12.8403,12.8518,12.8633,12.8748,12.8863,12.8977,12.9092,12.9206,12.8717,12.8026,12.7336,12.6646,12.5957,12.5269,12.4581,12.3894,12.3208,12.2862,12.3255,12.3648,12.4041,12.4433,12.4826,12.5218,12.5609,12.6,12.6391,12.666,12.6912,12.7164,12.7416,12.7668,12.792,12.8172,12.8424,12.8676,12.8562,12.7987,12.7411,12.6832,12.625,12.5666,12.5079,12.4489,12.3896,12.3299,12.2636,12.197,12.1304,12.0636,11.9967,11.9296,11.8624,11.795,11.7275,11.6596,11.5916,11.5235,11.4553,11.3871,11.3189,11.2506,11.1823,11.114,11.0576,11.0812,11.1048,11.1284,11.152,11.1757,11.1994,11.2231,11.2468,11.2706,11.2295,11.1591,11.0883,11.0171,10.9456,10.8737,10.8014,10.7287,10.6556,10.5509,10.3513,10.1515,9.9514,9.7511,9.5506,9.3499,9.1489,8.9477,8.7463,8.6179,8.5071,8.3963,8.2854,8.1744,8.0633,7.9522,7.841,7.7297,7.6361,7.5742,7.5122,7.4501,7.3878,7.3254,7.263,7.2003,7.1376
14.212,14.1667,14.1214,14.0761,14.0309,13.9857,13.9405,13.8954,13.8502,13.8001,13.7415,13.6832,13.625,13.5669,13.509,13.4513,13.3936,13.3361,13.2787,13.2047,13.1296,13.0544,12.9792,12.904,12.8287,12.7534,12.678,12.6026,12.5469,12.511,12.4751,12.4392,12.4032,12.3673,12.3313,12.2953,12.2593,12.2279,12.2727,12.3173,12.362,12.4066,12.4512,12.4957,12.5402,12.5847,12.6292,12.6539,12.6666,12.6793,12.692,12.7046,12.7173,12.7299,12.7425,12.7551,12.7674,12.779,12.7905,12.802,12.8135,12.825,12.8365,12.8479,12.8594,12.8708,12.8268,12.764,12.7011,12.6384,12.5757,12.5131,12.4505,12.388,12.3256,12.294,12.3317,12.3693,12.407,12.4446,12.4822,12.5197,12.5572,12.5947,12.6322,12.659,12.6842,12.7094,12.7346,12.7598,12.785,12.8101,12.8353,12.8605,12.8466,12.7808,12.7148,12.6485,12.5819,12.5151,12.4479,12.3806,12.3129,12.2449,12.1755,12.1059,12.0362,11.9664,11.8964,11.8263,11.756,11.6856,11.615,11.5458,11.4777,11.4095,11.3413,11.2731,11.2049,11.1365,11.0682,10.9998,10.9414,10.9663,10.9912,11.0161,11.0411,11.0661,11.0911,11.1161,11.1412,11.1663,11.1243,11.048,10.9713,10.8942,10.8168,10.7391,10.6609,10.5824,10.5035,10.3973,10.1949,9.9924,9.7896,9.5867,9.3835,9.18,8.9764,8.7725,8.5683,8.4362,8.3252,8.2142,8.1031,7.9919,7.8806,7.7692,7.6578,7.5463,7.4506,7.388,7.3252,7.2623,7.1993,7.1362,7.0729,7.0096,6.9461
14.2048,14.1584,14.1121,14.0658,14.0195,13.9733,13.9271,13.881,13.8348,13.7816,13.7173,13.6532,13.5893,13.5255,13.4618,13.3983,13.3349,13.2717,13.2085,13.1344,13.0597,12.985,12.9102,12.8354,12.7605,12.6857,12.6107,12.5358,12.4805,12.4445,12.4085,12.3724,12.3363,12.3002,12.2641,12.2279,12.1918,12.1609,12.2071,12.2533,12.2995,12.3456,12.3917,12.4377,12.4838,12.5297,12.5757,12.6012,12.6142,12.6272,12.6402,12.6532,12.6662,12.6791,12.692,12.705,12.7176,12.7292,12.7407,12.7522,12.7637,12.7752,12.7867,12.7981,12.8095,12.821,12.7819,12.7252,12.6686,12.6121,12.5556,12.4991,12.4428,12.3865,12.3303,12.3018,12.3378,12.3739,12.4099,12.4458,12.4818,12.5177,12.5536,12.5894,12.6252,12.6519,12.6771,12.7023,12.7275,12.7527,12.7779,12.8031,12.8283,12.8535,12.8373,12.7631,12.6887,12.614,12.539,12.4638,12.3883,12.3125,12.2364,12.1601,12.0875,12.0149,11.9422,11.8693,11.7963,11.7231,11.6498,11.5763,11.5027,11.4319,11.3638,11.2956,11.2274,11.1591,11.0908,11.0224,10.954,10.8856,10.8251,10.8513,10.8776,10.9038,10.9301,10.9564,10.9828,11.0092,11.0356,11.062,11.0193,10.9372,10.8546,10.7717,10.6884,10.6048,10.5208,10.4364,10.3516,10.2438,10.0387,9.8335,9.628,9.4224,9.2164,9.0103,8.804,8.5974,8.3905,8.2545,8.1433,8.032,7.9207,7.8093,7.6979,7.5863,7.4747,7.363,7.2651,7.2017,7.1382,7.0746,7.0109,6.947,6.883,6.8189,6.7546
14.1974,14.1501,14.1027,14.0554,14.0082,13.9609,13.9137,13.8665,13.8194,13.763,13.6929,13.6231,13.5534,13.4839,13.4145,13.3452,13.2761,13.2071,13.1382,13.0641,12.9899,12.9155,12.8412,12.7668,12.6924,12.618,12.5435,12.469,12.4142,12.378,12.3418,12.3056,12.2694,12.2331,12.1969,12.1606,12.1243,12.0938,12.1416,12.1893,12.2369,12.2846,12.3322,12.3797,12.4273,12.4748,12.5223,12.5484,12.5618,12.5751,12.5885,12.6018,12.6151,12.6284,12.6416,12.6549,12.6678,12.6793,12.6909,12.7024,12.7139,12.7254,12.7368,12.7483,12.7597,12.7712,12.7369,12.6865,12.6361,12.5857,12.5354,12.4851,12.435,12.3849,12.3349,12.3096,12.344,12.3784,12.4128,12.4471,12.4814,12.5157,12.5499,12.5841,12.6183,12.6449,12.6701,12.6953,12.7205,12.7457,12.7709,12.7961,12.8213,12.8465,12.8283,12.7457,12.6628,12.5798,12.4964,12.4128,12.3289,12.2448,12.1603,12.0755,11.9996,11.924,11.8482,11.7723,11.6962,11.62,11.5437,11.4672,11.3905,11.3181,11.2499,11.1817,11.1134,11.0451,10.9767,10.9083,10.8399,10.7714,10.7088,10.7363,10.7639,10.7915,10.8191,10.8467,10.8744,10.9021,10.9298,10.9576,10.9147,10.8267,10.7383,10.6495,10.5604,10.4709,10.381,10.2907,10.2001,10.0904,9.8827,9.6748,9.4666,9.2582,9.0496,8.8408,8.6317,8.4224,8.2129,8.0728,7.9614,7.8499,7.7384,7.6268,7.5151,7.4034,7.2915,7.1796,7.0797,7.0156,6.9513,6.887,6.8225,6.7578,6.6931,6.6282,6.5633
14.19,14.1417,14.0933,14.045,13.9967,13.9485,13.9003,13.8521,13.8039,13.7441,13.6684,13.5928,13.5174,13.4421,13.367,13.2919,13.2171,13.1423,13.0677,12.9939,12.92,12.8461,12.7722,12.6983,12.6243,12.5503,12.4762,12.4021,12.3478,12.3115,12.2752,12.2388,12.2025,12.1661,12.1297,12.0932,12.0568,12.0268,12.076,12.1252,12.1744,12.2236,12.2727,12.3218,12.3708,12.4199,12.4688,12.4957,12.5094,12.5231,12.5367,12.5504,12.564,12.5776,12.5912,12.6048,12.618,12.6295,12.641,12.6526,12.6641,12.6756,12.687,12.6985,12.7099,12.7213,12.6919,12.6476,12.6034,12.5592,12.5151,12.4711,12.4271,12.3832,12.3394,12.3175,12.3503,12.383,12.4157,12.4484,12.4811,12.5137,12.5463,12.5789,12.6114,12.6378,12.663,12.6882,12.7134,12.7387,12.7639,12.789,12.8142,12.8394,12.8194,12.7285,12.6373,12.5458,12.4541,12.3621,12.2698,12.1773,12.0844,11.9913,11.9118,11.8332,11.7543,11.6754,11.5963,11.517,11.4376,11.3581,11.2784,11.2043,11.136,11.0677,10.9994,10.9311,10.8627,10.7942,10.7257,10.6572,10.5924,10.6212,10.6501,10.679,10.708,10.7369,10.7659,10.795,10.824,10.8531,10.8104,10.7165,10.6222,10.5276,10.4326,10.3373,10.2415,10.1454,10.0489,9.9373,9.7268,9.5162,9.3053,9.0942,8.8829,8.6714,8.4597,8.2477,8.0354,7.8911,7.7795,7.6678,7.5561,7.4443,7.3324,7.2205,7.1084,6.9963,6.8944,6.8295,6.7645,6.6994,6.6341,6.5687,6.5033,6.4377,6.3719
14.1826,14.1333,14.0839,14.0346,13.9853,13.936,13.8868,13.8376,13.7884,13.7252,13.6437,13.5624,13.4812,13.4002,13.3193,13.2385,13.1579,13.0775,12.9971,12.9236,12.8502,12.7767,12.7032,12.6297,12.5562,12.4826,12.409,12.3353,12.2815,12.245,12.2085,12.172,12.1355,12.099,12.0625,12.0259,11.9893,11.9598,12.0105,12.0612,12.1119,12.1626,12.2132,12.2638,12.3144,12.3649,12.4154,12.4429,12.457,12.471,12.485,12.4989,12.5129,12.5268,12.5408,12.5547,12.5681,12.5797,12.5912,12.6027,12.6143,12.6257,12.6372,12.6487,12.6601,12.6715,12.6468,12.6087,12.5707,12.5327,12.4948,12.457,12.4192,12.3814,12.3438,12.3254,12.3565,12.3876,12.4187,12.4498,12.4808,12.5118,12.5428,12.5737,12.6046,12.6308,12.656,12.6812,12.7064,12.7316,12.7568,12.782,12.8072,12.8324,12.8108,12.7115,12.6119,12.5121,12.412,12.3116,12.211,12.11,12.0088,11.9073,11.8242,11.7425,11.6606,11.5786,11.4965,11.4142,11.3317,11.2492,11.1664,11.0904,11.0221,10.9538,10.8855,10.8171,10.7486,10.6801,10.6116,10.543,10.4759,10.5061,10.5363,10.5666,10.5968,10.6271,10.6574,10.6878,10.7181,10.7486,10.7064,10.6066,10.5065,10.406,10.3052,10.204,10.1024,10.0005,9.8981,9.7842,9.5711,9.3578,9.1442,8.9304,8.7164,8.5022,8.2878,8.0731,7.8581,7.7094,7.5976,7.4858,7.3738,7.2618,7.1497,7.0376,6.9253,6.813,6.7091,6.6434,6.5777,6.5118,6.4458,6.3797,6.3135,6.2471,6.1807
14.1752,14.1248,14.0744,14.0241,13.9738,13.9235,13.8733,13.8231,13.7729,13.706,13.6188,13.5317,13.4448,13.3581,13.2715,13.185,13.0987,13.0124,12.9263,12.8533,12.7803,12.7073,12.6343,12.5612,12.4881,12.4149,12.3417,12.2685,12.2151,12.1785,12.1419,12.1053,12.0686,12.0319,11.9952,11.9585,11.9218,11.8927,11.945,11.9973,12.0495,12.1016,12.1538,12.2059,12.2579,12.31,12.362,12.3902,12.4046,12.4189,12.4332,12.4475,12.4618,12.4761,12.4903,12.5046,12.5183,12.5299,12.5414,12.5529,12.5644,12.5759,12.5874,12.5989,12.6103,12.6217,12.6017,12.5698,12.538,12.5062,12.4744,12.4427,12.4111,12.3796,12.3481,12.3333,12.3628,12.3923,12.4217,12.4511,12.4805,12.5099,12.5392,12.5685,12.5978,12.6237,12.6489,12.6742,12.6994,12.7246,12.7498,12.775,12.8002,12.8254,12.8025,12.6947,12.5868,12.4786,12.3701,12.2614,12.1524,12.0431,11.9335,11.8236,11.7366,11.6519,11.567,11.4819,11.3968,11.3114,11.226,11.1403,11.0546,10.9766,10.9083,10.8399,10.7715,10.703,10.6346,10.566,10.4975,10.4288,10.3602,10.3909,10.4224,10.454,10.4856,10.5172,10.5488,10.5805,10.6122,10.6439,10.6027,10.4971,10.3911,10.2848,10.1781,10.0711,9.9636,9.8558,9.7476,9.6314,9.4156,9.1995,8.9833,8.7668,8.5501,8.3332,8.116,7.8987,7.681,7.5277,7.4157,7.3037,7.1915,7.0793,6.967,6.8547,6.7422,6.6297,6.5238,6.4574,6.3909,6.3243,6.2576,6.1907,6.1238,6.0567,5.9894
14.1677,14.1163,14.0649,14.0136,13.9623,13.911,13.8598,13.8085,13.7574,13.6867,13.5937,13.5009,13.4083,13.3158,13.2235,13.1313,13.0392,12.9473,12.8556,12.7831,12.7105,12.6379,12.5653,12.4926,12.42,12.3472,12.2745,12.2017,12.1487,12.112,12.0752,12.0385,12.0017,11.9649,11.928,11.8912,11.8543,11.8258,11.8795,11.9333,11.987,12.0407,12.0943,12.1479,12.2015,12.2551,12.3086,12.3375,12.3521,12.3668,12.3815,12.3961,12.4107,12.4253,12.4399,12.4545,12.4685,12.48,12.4916,12.5031,12.5146,12.5261,12.5376,12.549,12.5605,12.5719,12.5565,12.5308,12.5051,12.4795,12.454,12.4285,12.403,12.3777,12.3524,12.3412,12.3691,12.3969,12.4247,12.4525,12.4803,12.508,12.5357,12.5634,12.591,12.6167,12.6419,12.6671,12.6923,12.7175,12.7427,12.7679,12.7932,12.8184,12.7943,12.6782,12.5619,12.4453,12.3285,12.2114,12.094,11.9764,11.8584,11.7402,11.6492,11.5614,11.4734,11.3854,11.2972,11.2088,11.1203,11.0316,10.9428,10.8628,10.7944,10.726,10.6575,10.589,10.5205,10.4519,10.3833,10.3147,10.246,10.2756,10.3085,10.3414,10.3743,10.4072,10.4402,10.4732,10.5062,10.5392,10.4993,10.3878,10.276,10.1639,10.0513,9.9384,9.8252,9.7115,9.5975,9.4787,9.2602,9.0414,8.8225,8.6033,8.3839,8.1643,7.9445,7.7244,7.5041,7.3461,7.2339,7.1216,7.0093,6.8969,6.7844,6.6718,6.5592,6.4464,6.3404,6.2758,6.2112,6.1465,6.0818,6.017,5.9522,5.8874,5.8225
14.1602,14.1078,14.0554,14.0031,13.9507,13.8985,13.8462,13.794,13.7418,13.6672,13.5685,13.47,13.3716,13.2734,13.1754,13.0775,12.9797,12.882,12.7849,12.7128,12.6407,12.5685,12.4963,12.4241,12.3519,12.2796,12.2072,12.1349,12.0823,12.0455,12.0086,11.9717,11.9347,11.8978,11.8608,11.8238,11.7868,11.7588,11.8141,11.8693,11.9246,11.9797,12.0349,12.09,12.1451,12.2002,12.2552,12.2847,12.2997,12.3147,12.3297,12.3447,12.3596,12.3745,12.3895,12.4043,12.4186,12.4302,12.4417,12.4533,12.4648,12.4763,12.4878,12.4992,12.5107,12.5221,12.5113,12.4918,12.4723,12.4528,12.4334,12.4141,12.3949,12.3757,12.3566,12.3492,12.3754,12.4016,12.4278,12.4539,12.4801,12.5062,12.5322,12.5583,12.5843,12.6096,12.6349,12.6601,12.6853,12.7105,12.7357,12.7609,12.7861,12.8113,12.7864,12.6619,12.5373,12.4123,12.2871,12.1617,12.036,11.91,11.7837,11.6571,11.5618,11.471,11.38,11.2889,11.1977,11.1063,11.0147,10.9231,10.8312,10.7489,10.6805,10.6121,10.5436,10.475,10.4064,10.3378,10.2692,10.2005,10.1317,10.1603,10.1945,10.2287,10.2629,10.2955,10.3281,10.3607,10.3932,10.4257,10.3859,10.2678,10.1497,10.0316,9.9134,9.7951,9.6768,9.5584,9.44,9.3202,9.1004,8.8806,8.6609,8.4412,8.2215,8.0019,7.7823,7.5628,7.3433,7.1843,7.0762,6.9684,6.8609,6.7536,6.6465,6.5397,6.4331,6.3269,6.2238,6.1593,6.0947,6.03,5.9653,5.9006,5.8358,5.771,5.7062
14.1129,14.0591,14.0055,13.9519,13.8984,13.8451,13.7918,13.7386,13.6855,13.6088,13.5082,13.4075,13.3068,13.206,13.1053,13.0044,12.9036,12.8027,12.7028,12.6332,12.5635,12.4936,12.4235,12.3533,12.2829,12.2125,12.1418,12.0711,12.0201,11.9841,11.948,11.9118,11.8755,11.8391,11.8027,11.7661,11.7295,11.7025,11.759,11.8155,11.8719,11.9283,11.9847,12.0412,12.0976,12.1539,12.2103,12.2405,12.2558,12.2712,12.2865,12.3019,12.3173,12.3326,12.348,12.3634,12.3779,12.3884,12.3988,12.4092,12.4196,12.4299,12.4401,12.4503,12.4604,12.4704,12.4629,12.4483,12.4336,12.4189,12.4042,12.3895,12.3747,12.3598,12.3449,12.3396,12.363,12.3864,12.4097,12.4329,12.456,12.479,12.5019,12.5246,12.5473,12.5692,12.5907,12.612,12.6331,12.6539,12.6745,12.6948,12.7148,12.7346,12.7049,12.5712,12.4373,12.3032,12.1689,12.0345,11.8998,11.7649,11.6298,11.4945,11.3943,11.2999,11.2054,11.1109,11.0163,10.9217,10.827,10.7322,10.6374,10.5537,10.4874,10.4214,10.3555,10.2898,10.2243,10.1589,10.0938,10.0289,9.9643,9.9897,10.0226,10.0555,10.0883,10.121,10.1537,10.1863,10.2189,10.2515,10.2157,10.0976,9.9795,9.8614,9.7432,9.6249,9.5066,9.3882,9.2697,9.1512,8.9346,8.7164,8.4982,8.28,8.0619,7.8438,7.6257,7.4077,7.1898,7.0301,6.9264,6.823,6.7198,6.6168,6.5141,6.4117,6.3095,6.2076,6.1073,6.0428,5.9782,5.9135,5.8489,5.7842,5.7194,5.6547,5.5898
14.0388,13.9814,13.9241,13.867,13.8099,13.7529,13.696,13.6392,13.5824,13.5032,13.4025,13.3018,13.201,13.1002,12.9994,12.8985,12.7976,12.6966,12.5972,12.5334,12.4694,12.4052,12.3409,12.2764,12.2118,12.147,12.0821,12.0171,11.9718,11.9411,11.9102,11.8792,11.8482,11.817,11.7858,11.7545,11.7232,11.7015,11.7597,11.8179,11.8761,11.9343,11.9924,12.0506,12.1087,12.1668,12.2249,12.2566,12.2735,12.2904,12.3074,12.3243,12.3412,12.3582,12.3751,12.3921,12.4061,12.4064,12.4066,12.4069,12.4071,12.4072,12.4073,12.4073,12.4072,12.4071,12.3955,12.3793,12.363,12.3467,12.3303,12.3139,12.2975,12.281,12.2645,12.2567,12.2763,12.2958,12.3152,12.3345,12.3537,12.3728,12.3918,12.4107,12.4295,12.4441,12.4574,12.4705,12.4833,12.4959,12.5082,12.5203,12.5321,12.5436,12.5089,12.371,12.233,12.0947,11.9563,11.8176,11.6788,11.5397,11.4004,11.261,11.1598,11.0659,10.972,10.878,10.7839,10.6897,10.5956,10.5013,10.407,10.3253,10.2652,10.2052,10.1454,10.0859,10.0265,9.9673,9.9083,9.8495,9.791,9.8149,9.8478,9.8808,9.9137,9.9465,9.9793,10.012,10.0446,10.0773,10.0454,9.9274,9.8093,9.6911,9.5729,9.4547,9.3363,9.2179,9.0995,8.981,8.7688,8.5521,8.3354,8.1187,7.9021,7.6856,7.4691,7.2526,7.0361,6.8757,6.7763,6.6773,6.5784,6.4798,6.3815,6.2834,6.1856,6.088,5.9908,5.9262,5.8617,5.7971,5.7324,5.6678,5.603,5.5383,5.4735
13.9646,13.9036,13.8427,13.7819,13.7212,13.6606,13.6,13.5396,13.4792,13.3976,13.2969,13.1961,13.0952,12.9944,12.8934,12.7925,12.6915,12.5905,12.4919,12.4337,12.3754,12.317,12.2584,12.1996,12.1407,12.0817,12.0225,11.9633,11.9237,11.8982,11.8725,11.8468,11.821,11.7951,11.7691,11.743,11.7169,11.7005,11.7605,11.8204,11.8803,11.9402,12.0001,12.06,12.1199,12.1797,12.2396,12.2727,12.2912,12.3097,12.3282,12.3467,12.3652,12.3837,12.4022,12.4207,12.4343,12.4244,12.4145,12.4046,12.3946,12.3846,12.3745,12.3644,12.3541,12.3438,12.3282,12.3103,12.2924,12.2744,12.2564,12.2384,12.2203,12.2022,12.184,12.1738,12.1895,12.2052,12.2207,12.2361,12.2515,12.2667,12.2818,12.2968,12.3117,12.3192,12.3243,12.3291,12.3337,12.338,12.3421,12.3459,12.3495,12.3528,12.3131,12.171,12.0288,11.8863,11.7437,11.6009,11.4579,11.3146,11.1712,11.0275,10.9253,10.8319,10.7385,10.645,10.5514,10.4578,10.3641,10.2703,10.1765,10.0966,10.0426,9.9888,9.9352,9.8817,9.8284,9.7754,9.7225,9.6699,9.6174,9.64,9.6731,9.7061,9.7391,9.772,9.8048,9.8376,9.8704,9.903,9.8752,9.7572,9.6391,9.5209,9.4027,9.2844,9.1661,9.0477,8.9292,8.8107,8.6028,8.3876,8.1725,7.9574,7.7423,7.5273,7.3123,7.0973,6.8824,6.7209,6.626,6.5312,6.4368,6.3425,6.2485,6.1548,6.0613,5.9681,5.8752,5.8097,5.7452,5.6806,5.616,5.5513,5.4866,5.4219,5.3572
13.8902,13.8256,13.7611,13.6967,13.6323,13.5681,13.504,13.4399,13.3759,13.292,13.1912,13.0903,12.9894,12.8885,12.7875,12.6865,12.5855,12.4844,12.3866,12.3342,12.2816,12.2289,12.176,12.123,12.0698,12.0165,11.9631,11.9095,11.8757,11.8553,11.8349,11.8144,11.7938,11.7731,11.7524,11.7315,11.7106,11.6996,11.7613,11.8229,11.8846,11.9462,12.0078,12.0694,12.131,12.1926,12.2542,12.2889,12.3089,12.329,12.349,12.3691,12.3892,12.4092,12.4293,12.4494,12.4625,12.4424,12.4224,12.4023,12.3822,12.362,12.3418,12.3215,12.3011,12.2806,12.2609,12.2413,12.2218,12.2022,12.1826,12.1629,12.1432,12.1234,12.1036,12.091,12.1029,12.1146,12.1263,12.1378,12.1493,12.1607,12.1719,12.1831,12.1941,12.1945,12.1913,12.1879,12.1842,12.1803,12.1762,12.1718,12.1671,12.1622,12.1174,11.9711,11.8247,11.6781,11.5313,11.3843,11.2371,11.0897,10.9421,10.7943,10.6908,10.5979,10.505,10.412,10.3189,10.2258,10.1326,10.0394,9.9461,9.8677,9.8198,9.7721,9.7246,9.6773,9.6301,9.5832,9.5364,9.4899,9.4436,9.4652,9.4983,9.5314,9.5644,9.5974,9.6304,9.6632,9.6961,9.7288,9.705,9.587,9.4689,9.3507,9.2325,9.1142,8.9959,8.8774,8.759,8.6405,8.4368,8.2231,8.0095,7.7959,7.5824,7.3689,7.1554,6.942,6.7286,6.5659,6.4753,6.3849,6.2948,6.2049,6.1153,6.0259,5.9368,5.8479,5.7593,5.6932,5.6287,5.5641,5.4995,5.4349,5.3702,5.3055,5.2408
13.8157,13.7475,13.6794,13.6113,13.5434,13.4755,13.4078,13.3401,13.2725,13.1864,13.0855,12.9846,12.8836,12.7826,12.6816,12.5806,12.4795,12.3783,12.2815,12.2348,12.188,12.1409,12.0938,12.0465,11.999,11.9514,11.9037,11.8558,11.8277,11.8126,11.7974,11.7821,11.7668,11.7513,11.7358,11.7201,11.7044,11.6987,11.7621,11.8255,11.8888,11.9522,12.0155,12.0789,12.1422,12.2055,12.2688,12.3051,12.3267,12.3483,12.3699,12.3915,12.4131,12.4347,12.4564,12.478,12.4907,12.4605,12.4303,12.4001,12.3698,12.3395,12.3091,12.2787,12.2481,12.2175,12.1935,12.1724,12.1512,12.13,12.1087,12.0874,12.0661,12.0447,12.0233,12.0083,12.0163,12.0241,12.0319,12.0396,12.0472,12.0547,12.0621,12.0694,12.0765,12.0699,12.0585,12.0469,12.035,12.0229,12.0105,11.9979,11.985,11.9718,11.9217,11.7713,11.6207,11.47,11.319,11.1678,11.0165,10.8649,10.7131,10.5611,10.4562,10.3639,10.2714,10.1789,10.0864,9.9938,9.9011,9.8084,9.7156,9.6386,9.5968,9.5552,9.5138,9.4726,9.4315,9.3907,9.3501,9.3097,9.2695,9.2903,9.3235,9.3567,9.3898,9.4229,9.4559,9.4889,9.5218,9.5546,9.5348,9.4168,9.2986,9.1805,9.0622,8.944,8.8256,8.7072,8.5887,8.4702,8.2707,8.0585,7.8464,7.6344,7.4224,7.2104,6.9984,6.7865,6.5747,6.4106,6.3243,6.2383,6.1525,6.067,5.9817,5.8967,5.8119,5.7274,5.6432,5.5766,5.5122,5.4476,5.3831,5.3185,5.2538,5.1892,5.1245
13.7411,13.6693,13.5975,13.5259,13.4543,13.3829,13.3115,13.2402,13.169,13.0808,12.9799,12.8789,12.7778,12.6768,12.5757,12.4746,12.3734,12.2722,12.1765,12.1355,12.0944,12.0531,12.0116,11.97,11.9283,11.8864,11.8444,11.8023,11.7798,11.77,11.76,11.7499,11.7398,11.7295,11.7192,11.7088,11.6983,11.6977,11.7629,11.828,11.8931,11.9582,12.0233,12.0883,12.1534,12.2185,12.2835,12.3212,12.3444,12.3676,12.3907,12.4139,12.4371,12.4603,12.4835,12.5067,12.5189,12.4786,12.4382,12.3979,12.3575,12.317,12.2765,12.2359,12.1953,12.1545,12.1262,12.1035,12.0807,12.0578,12.0349,12.012,11.989,11.966,11.9429,11.9256,11.9297,11.9337,11.9376,11.9415,11.9452,11.9488,11.9523,11.9557,11.959,11.9456,11.9259,11.906,11.8859,11.8656,11.845,11.8242,11.803,11.7817,11.7262,11.5717,11.4169,11.262,11.1068,10.9515,10.796,10.6402,10.4843,10.3281,10.2217,10.1298,10.0379,9.9459,9.8538,9.7617,9.6696,9.5773,9.4851,9.4092,9.3735,9.338,9.3027,9.2676,9.2327,9.198,9.1635,9.1292,9.0951,9.1154,9.1488,9.182,9.2152,9.2483,9.2814,9.3145,9.3474,9.3804,9.3646,9.2465,9.1284,9.0103,8.892,8.7737,8.6554,8.537,8.4185,8.3,8.1044,7.8938,7.6833,7.4727,7.2622,7.0518,6.8414,6.631,6.4207,6.255,6.1731,6.0914,6.01,5.9288,5.8479,5.7672,5.6868,5.6066,5.5267,5.4601,5.3957,5.3312,5.2666,5.2021,5.1374,5.0728,5.0081
13.6664,13.5909,13.5156,13.4403,13.3651,13.2901,13.2151,13.1402,13.0654,12.9752,12.8742,12.7731,12.6721,12.5709,12.4698,12.3686,12.2674,12.1661,12.0717,12.0364,12.001,11.9654,11.9296,11.8937,11.8577,11.8215,11.7852,11.7488,11.7321,11.7274,11.7226,11.7178,11.7128,11.7078,11.7027,11.6975,11.6923,11.6969,11.7637,11.8306,11.8974,11.9642,12.031,12.0978,12.1646,12.2314,12.2982,12.3374,12.3621,12.3869,12.4116,12.4363,12.4611,12.4858,12.5106,12.5353,12.5471,12.4967,12.4462,12.3957,12.3452,12.2946,12.244,12.1932,12.1424,12.0916,12.059,12.0345,12.0101,11.9856,11.9611,11.9365,11.9119,11.8873,11.8626,11.843,11.8432,11.8434,11.8434,11.8434,11.8432,11.843,11.8426,11.8422,11.8416,11.8214,11.7935,11.7654,11.7371,11.7085,11.6797,11.6506,11.6213,11.5917,11.5309,11.3721,11.2132,11.0541,10.8948,10.7353,10.5756,10.4157,10.2556,10.0952,9.9871,9.8957,9.8043,9.7128,9.6213,9.5297,9.438,9.3463,9.2545,9.1795,9.15,9.1206,9.0914,9.0624,9.0336,9.005,8.9766,8.9484,8.9204,8.9406,8.974,9.0073,9.0406,9.0738,9.107,9.1401,9.1731,9.2061,9.1944,9.0763,8.9582,8.84,8.7218,8.6035,8.4851,8.3667,8.2483,8.1297,7.9381,7.7291,7.52,7.311,7.102,6.8931,6.6842,6.4754,6.2665,6.0991,6.0215,5.9442,5.8671,5.7903,5.7137,5.6374,5.5613,5.4855,5.4099,5.3436,5.2791,5.2147,5.1502,5.0856,5.021,4.9564,4.8918
13.5915,13.5124,13.4335,13.3546,13.2758,13.1972,13.1186,13.04,12.9616,12.8696,12.7685,12.6674,12.5663,12.4651,12.3639,12.2626,12.1614,12.06,11.967,11.9374,11.9077,11.8778,11.8477,11.8176,11.7872,11.7568,11.7262,11.6954,11.6844,11.6849,11.6854,11.6857,11.686,11.6862,11.6863,11.6863,11.6863,11.696,11.7646,11.8331,11.9017,11.9703,12.0388,12.1073,12.1758,12.2443,12.3128,12.3536,12.3799,12.4062,12.4325,12.4587,12.485,12.5113,12.5377,12.564,12.5754,12.5148,12.4542,12.3936,12.3329,12.2722,12.2115,12.1506,12.0897,12.0287,11.9917,11.9656,11.9396,11.9135,11.8873,11.8611,11.8349,11.8086,11.7823,11.7604,11.7568,11.7531,11.7493,11.7454,11.7413,11.7372,11.733,11.7287,11.7242,11.6973,11.6613,11.625,11.5884,11.5516,11.5146,11.4773,11.4398,11.402,11.3356,11.1727,11.0096,10.8463,10.6829,10.5192,10.3553,10.1913,10.027,9.8625,9.7525,9.6616,9.5707,9.4797,9.3887,9.2976,9.2064,9.1152,9.024,8.9496,8.9262,8.9029,8.8798,8.8569,8.8342,8.8117,8.7894,8.7673,8.7454,8.7657,8.7992,8.8326,8.8659,8.8992,8.9325,8.9657,8.9988,9.0319,9.0242,8.9061,8.788,8.6698,8.5516,8.4333,8.3149,8.1965,8.078,7.9595,7.7717,7.5642,7.3567,7.1492,6.9417,6.7343,6.5269,6.3196,6.1123,5.9429,5.8697,5.7967,5.724,5.6515,5.5792,5.5072,5.4355,5.364,5.2928,5.227,5.1626,5.0982,5.0337,4.9692,4.9046,4.84,4.7754
13.5165,13.4338,13.3513,13.2688,13.1864,13.1041,13.0219,12.9398,12.8578,12.764,12.6628,12.5617,12.4605,12.3592,12.258,12.1567,12.0553,11.9539,11.8624,11.8385,11.8145,11.7903,11.766,11.7415,11.7169,11.6921,11.6672,11.6422,11.6368,11.6425,11.6482,11.6538,11.6592,11.6646,11.6699,11.6752,11.6803,11.6951,11.7654,11.8357,11.906,11.9763,12.0466,12.1168,12.187,12.2573,12.3275,12.3698,12.3976,12.4255,12.4533,12.4812,12.509,12.5369,12.5647,12.5926,12.6037,12.533,12.4623,12.3915,12.3207,12.2499,12.179,12.1081,12.037,11.9659,11.9244,11.8968,11.8691,11.8413,11.8135,11.7857,11.7578,11.7299,11.702,11.6779,11.6704,11.6628,11.6552,11.6474,11.6395,11.6316,11.6235,11.6153,11.607,11.5735,11.5292,11.4847,11.4399,11.395,11.3497,11.3042,11.2585,11.2125,11.1404,10.9734,10.8061,10.6387,10.4711,10.3032,10.1352,9.967,9.7986,9.6299,9.5179,9.4275,9.3371,9.2466,9.1561,9.0655,8.9749,8.8841,8.7934,8.7195,8.7022,8.685,8.668,8.6512,8.6346,8.6182,8.6019,8.5859,8.5701,8.5908,8.6244,8.6579,8.6913,8.7247,8.758,8.7913,8.8245,8.8577,8.854,8.7359,8.6178,8.4996,8.3813,8.263,8.1447,8.0262,7.9078,7.7892,7.6052,7.3992,7.1932,6.9872,6.7813,6.5754,6.3696,6.1638,5.958,5.7864,5.7176,5.6489,5.5805,5.5124,5.4445,5.3768,5.3094,5.2423,5.1754,5.1105,5.0461,4.9817,4.9172,4.8527,4.7882,4.7236,4.659
13.4414,13.3551,13.2689,13.1828,13.0969,13.011,12.9252,12.8394,12.7538,12.6583,12.5571,12.4559,12.3547,12.2534,12.152,12.0507,11.9493,11.8478,11.758,11.7398,11.7215,11.703,11.6843,11.6655,11.6466,11.6275,11.6083,11.589,11.5893,11.6002,11.6111,11.6219,11.6326,11.6431,11.6537,11.6641,11.6745,11.6943,11.7663,11.8384,11.9104,11.9824,12.0543,12.1263,12.1983,12.2702,12.3422,12.386,12.4154,12.4448,12.4742,12.5036,12.533,12.5624,12.5918,12.6213,12.632,12.5512,12.4703,12.3895,12.3086,12.2276,12.1466,12.0656,11.9844,11.9032,11.8572,11.8279,11.7986,11.7692,11.7398,11.7103,11.6808,11.6513,11.6217,11.5955,11.5841,11.5727,11.5611,11.5495,11.5378,11.5259,11.514,11.502,11.4898,11.4498,11.3973,11.3446,11.2917,11.2385,11.185,11.1314,11.0774,11.0232,10.9454,10.7742,10.6028,10.4312,10.2594,10.0874,9.9152,9.7429,9.5703,9.3975,9.2832,9.1934,9.1035,9.0135,8.9235,8.8334,8.7432,8.653,8.5628,8.4891,8.4779,8.4668,8.4559,8.4452,8.4347,8.4243,8.4142,8.4043,8.3946,8.416,8.4496,8.4832,8.5167,8.5501,8.5835,8.6169,8.6502,8.6834,8.6838,8.5657,8.4475,8.3294,8.2111,8.0928,7.9744,7.856,7.7375,7.619,7.4387,7.2341,7.0297,6.8252,6.6208,6.4165,6.2121,6.0078,5.8036,5.6297,5.5651,5.5008,5.4368,5.373,5.3094,5.2461,5.183,5.1202,5.0577,4.994,4.9296,4.8652,4.8008,4.7363,4.6718,4.6073,4.5427
13.3661,13.2762,13.1865,13.0968,13.0072,12.9177,12.8283,12.739,12.6497,12.5527,12.4515,12.3502,12.2489,12.1475,12.0461,11.9447,11.8432,11.7417,11.6537,11.6412,11.6286,11.6158,11.6028,11.5897,11.5765,11.5631,11.5496,11.536,11.5419,11.558,11.5741,11.5901,11.6059,11.6217,11.6374,11.6531,11.6687,11.6935,11.7672,11.841,11.9147,11.9884,12.0621,12.1358,12.2095,12.2832,12.3569,12.4022,12.4331,12.4641,12.495,12.526,12.557,12.5879,12.6189,12.6499,12.6603,12.5694,12.4784,12.3875,12.2965,12.2054,12.1143,12.0231,11.9319,11.8406,11.7899,11.759,11.7281,11.6971,11.666,11.635,11.6038,11.5727,11.5414,11.5131,11.4979,11.4826,11.4672,11.4517,11.4361,11.4204,11.4046,11.3887,11.3727,11.3263,11.2656,11.2047,11.1436,11.0822,11.0206,10.9587,10.8965,10.8341,10.7504,10.5751,10.3995,10.2238,10.0478,9.8717,9.6954,9.5188,9.3421,9.1651,9.0486,8.9592,8.8698,8.7804,8.6908,8.6013,8.5116,8.4219,8.3321,8.2585,8.2533,8.2484,8.2436,8.2389,8.2345,8.2303,8.2262,8.2224,8.2188,8.2411,8.2748,8.3084,8.342,8.3756,8.409,8.4425,8.4758,8.5092,8.5135,8.3955,8.2773,8.1591,8.0409,7.9226,7.8042,7.6858,7.5673,7.4487,7.272,7.069,6.866,6.6631,6.4602,6.2574,6.0546,5.8518,5.6491,5.4726,5.4124,5.3525,5.2928,5.2333,5.1741,5.1151,5.0563,4.9979,4.9397,4.8774,4.8131,4.7487,4.6843,4.6199,4.5554,4.4909,4.4263
13.2907,13.1972,13.1039,13.0106,12.9174,12.8243,12.7313,12.6384,12.5455,12.4471,12.3458,12.2444,12.143,12.0416,11.9402,11.8387,11.7372,11.6356,11.5495,11.5427,11.5358,11.5287,11.5214,11.514,11.5064,11.4988,11.4909,11.483,11.4945,11.5159,11.5372,11.5583,11.5794,11.6004,11.6213,11.6421,11.6629,11.6927,11.7682,11.8436,11.9191,11.9945,12.07,12.1454,12.2208,12.2962,12.3716,12.4184,12.4509,12.4834,12.5159,12.5484,12.581,12.6135,12.646,12.6786,12.6886,12.5876,12.4866,12.3855,12.2844,12.1833,12.0821,11.9808,11.8794,11.778,11.7227,11.6902,11.6576,11.625,11.5923,11.5596,11.5269,11.4941,11.4612,11.4307,11.4117,11.3925,11.3733,11.3539,11.3345,11.3149,11.2953,11.2755,11.2557,11.2029,11.1341,11.065,10.9956,10.9261,10.8563,10.7862,10.7159,10.6453,10.5556,10.3761,10.1964,10.0165,9.8364,9.6561,9.4756,9.295,9.1141,8.933,8.8139,8.7251,8.6362,8.5472,8.4582,8.3691,8.28,8.1908,8.1015,8.0276,8.0286,8.0297,8.031,8.0324,8.0341,8.0359,8.038,8.0402,8.0427,8.0662,8.1,8.1337,8.1674,8.201,8.2346,8.2681,8.3015,8.3349,8.3433,8.2252,8.1071,7.9889,7.8706,7.7523,7.6339,7.5155,7.397,7.2785,7.1052,6.9037,6.7023,6.5009,6.2995,6.0982,5.8969,5.6957,5.4945,5.3153,5.2595,5.2038,5.1484,5.0933,5.0384,4.9837,4.9294,4.8752,4.8214,4.7609,4.6966,4.6322,4.5678,4.5034,4.439,4.3745,4.3099
13.2152,13.1181,13.0211,12.9243,12.8275,12.7308,12.6342,12.5377,12.4412,12.3415,12.2401,12.1387,12.0372,11.9358,11.8343,11.7327,11.6311,11.5295,11.4455,11.4444,11.4431,11.4417,11.4401,11.4384,11.4365,11.4345,11.4324,11.4301,11.4473,11.4738,11.5003,11.5267,11.5529,11.5791,11.6052,11.6313,11.6572,11.6919,11.7691,11.8463,11.9235,12.0006,12.0778,12.1549,12.2321,12.3092,12.3863,12.4346,12.4687,12.5027,12.5368,12.5709,12.6049,12.639,12.6731,12.7072,12.717,12.6059,12.4947,12.3836,12.2724,12.1611,12.0499,11.9385,11.827,11.7155,11.6555,11.6213,11.5871,11.5529,11.5186,11.4843,11.4499,11.4155,11.381,11.3484,11.3255,11.3025,11.2794,11.2562,11.2329,11.2095,11.186,11.1624,11.1387,11.0798,11.0027,10.9254,10.8479,10.7702,10.6922,10.6139,10.5354,10.4566,10.3609,10.1772,9.9934,9.8093,9.6251,9.4407,9.256,9.0712,8.8862,8.7009,8.5792,8.4909,8.4025,8.314,8.2255,8.1369,8.0483,7.9596,7.8708,7.7965,7.8035,7.8107,7.8181,7.8256,7.8334,7.8413,7.8494,7.8578,7.8663,7.8913,7.9252,7.959,7.9927,8.0264,8.0601,8.0936,8.1272,8.1607,8.1731,8.055,7.9369,7.8187,7.7004,7.5821,7.4637,7.3453,7.2268,7.1082,6.9384,6.7384,6.5385,6.3386,6.1388,5.9389,5.7392,5.5394,5.3398,5.1577,5.1062,5.0549,5.0038,4.953,4.9024,4.8523,4.8025,4.7527,4.703,4.6447,4.5806,4.5166,4.4526,4.3886,4.3247,4.2607,4.1968
13.1395,13.0389,12.9383,12.8378,12.7375,12.6372,12.537,12.4369,12.3368,12.2358,12.1344,12.0329,11.9314,11.8299,11.7283,11.6267,11.5251,11.4234,11.3416,11.3462,11.3506,11.3548,11.359,11.3629,11.3667,11.3704,11.374,11.3774,11.4001,11.4319,11.4635,11.4951,11.5265,11.5579,11.5892,11.6204,11.6516,11.6911,11.7701,11.849,11.9279,12.0068,12.0856,12.1645,12.2433,12.3222,12.401,12.4508,12.4864,12.5221,12.5577,12.5933,12.6289,12.6645,12.7002,12.7358,12.7453,12.6241,12.5029,12.3817,12.2604,12.1391,12.0177,11.8963,11.7747,11.6531,11.5883,11.5525,11.5167,11.4808,11.4449,11.409,11.373,11.3369,11.3008,11.2662,11.2394,11.2126,11.1856,11.1586,11.1315,11.1042,11.0769,11.0494,11.0218,10.9568,10.8715,10.7861,10.7004,10.6145,10.5283,10.4419,10.3552,10.2682,10.1663,9.9785,9.7905,9.6023,9.4139,9.2253,9.0366,8.8476,8.6584,8.469,8.3445,8.2567,8.1688,8.0808,7.9928,7.9047,7.8166,7.7284,7.6402,7.5652,7.5783,7.5915,7.605,7.6186,7.6324,7.6464,7.6606,7.675,7.6899,7.7173,7.7517,7.786,7.82,7.8538,7.8873,7.9206,7.9537,7.9865,8.0021,7.884,7.7658,7.6476,7.5293,7.4109,7.2925,7.1741,7.0556,6.937,6.7715,6.5749,6.3785,6.1824,5.9865,5.7909,5.5955,5.4003,5.2055,5.0234,4.9747,4.9261,4.8775,4.8289,4.7804,4.732,4.6836,4.6353,4.587,4.5302,4.467,4.4038,4.3407,4.2775,4.2144,4.1513,4.0883
13.0426,12.9462,12.8495,12.7525,12.6553,12.5578,12.46,12.362,12.2638,12.1656,12.0672,11.9686,11.8698,11.7708,11.6716,11.5722,11.4725,11.3727,11.2943,11.3028,11.3111,11.3194,11.3275,11.3356,11.3436,11.3515,11.3593,11.367,11.3918,11.4243,11.457,11.4897,11.5225,11.5555,11.5885,11.6216,11.6548,11.696,11.7732,11.8504,11.9278,12.0053,12.0829,12.1605,12.2382,12.3159,12.3937,12.4428,12.4779,12.513,12.5481,12.5832,12.6182,12.6533,12.6882,12.7232,12.7306,12.6005,12.4704,12.3401,12.2098,12.0794,11.949,11.8184,11.6877,11.557,11.4856,11.4449,11.404,11.3629,11.3216,11.2801,11.2383,11.1963,11.1541,11.1129,11.0794,11.0456,11.0117,10.9774,10.943,10.9082,10.8732,10.838,10.8024,10.7303,10.6379,10.5453,10.4527,10.3599,10.2671,10.1741,10.0811,9.988,9.8822,9.6944,9.5068,9.3192,9.1318,8.9446,8.7575,8.5706,8.3839,8.1974,8.0769,7.9967,7.9168,7.8372,7.758,7.6792,7.6008,7.5228,7.4452,7.3787,7.397,7.4154,7.4339,7.4525,7.4711,7.4899,7.5088,7.5279,7.547,7.5732,7.604,7.6345,7.6648,7.6948,7.7246,7.7542,7.7835,7.8126,7.8289,7.7108,7.5928,7.4747,7.3565,7.2383,7.12,7.0017,6.8833,6.7649,6.6045,6.4126,6.2211,6.0297,5.8386,5.6477,5.4571,5.2668,5.0767,4.8945,4.8472,4.8,4.7528,4.7056,4.6586,4.6115,4.5646,4.5177,4.4709,4.4157,4.3533,4.291,4.2287,4.1664,4.1041,4.0418,3.9796
12.9369,12.8476,12.758,12.6681,12.578,12.4876,12.3969,12.306,12.2149,12.1241,12.0334,11.9424,11.8512,11.7597,11.6681,11.5762,11.4842,11.3919,11.3219,11.3354,11.3488,11.3621,11.3752,11.3883,11.4014,11.4143,11.4272,11.4399,11.4626,11.4896,11.5168,11.544,11.5714,11.5988,11.6264,11.654,11.6817,11.7166,11.7824,11.8483,11.9143,11.9804,12.0466,12.1129,12.1793,12.2457,12.3121,12.3516,12.3782,12.4047,12.4313,12.4578,12.4843,12.5108,12.5372,12.5636,12.5634,12.4294,12.2953,12.1612,12.027,11.8927,11.7583,11.6239,11.4893,11.3547,11.2735,11.2205,11.1674,11.114,11.0604,11.0066,10.9526,10.8983,10.8438,10.791,10.7498,10.7084,10.6668,10.625,10.5829,10.5405,10.4979,10.455,10.4118,10.3385,10.2475,10.1565,10.0654,9.9741,9.8828,9.7914,9.6998,9.6082,9.5062,9.3273,9.1486,8.9701,8.7917,8.6134,8.4353,8.2573,8.0796,7.902,7.7909,7.7232,7.6558,7.5887,7.5221,7.4558,7.3898,7.3243,7.2592,7.2025,7.2245,7.2466,7.2687,7.291,7.3134,7.3359,7.3584,7.3811,7.404,7.4293,7.4564,7.4832,7.5097,7.5361,7.5621,7.588,7.6136,7.639,7.6556,7.5377,7.4198,7.3018,7.1837,7.0656,6.9475,6.8293,6.711,6.5927,6.4371,6.2501,6.0633,5.8767,5.6904,5.5043,5.3185,5.1329,4.9476,4.7654,4.7196,4.6737,4.628,4.5823,4.5366,4.491,4.4455,4.4,4.3546,4.3012,4.2396,4.1781,4.1166,4.0552,3.9937,3.9323,3.8709
12.8313,12.7491,12.6667,12.5839,12.5009,12.4176,12.3341,12.2503,12.1663,12.083,11.9998,11.9163,11.8327,11.7488,11.6647,11.5804,11.496,11.4113,11.3495,11.3681,11.3865,11.4048,11.423,11.4412,11.4592,11.4772,11.4951,11.5129,11.5333,11.5549,11.5765,11.5983,11.6202,11.6421,11.6642,11.6863,11.7085,11.737,11.7915,11.846,11.9007,11.9555,12.0103,12.0653,12.1203,12.1753,12.2304,12.2604,12.2784,12.2964,12.3144,12.3324,12.3504,12.3683,12.3862,12.404,12.3962,12.2583,12.1203,11.9823,11.8442,11.706,11.5677,11.4293,11.2909,11.1523,11.0615,10.9963,10.9309,10.8652,10.7994,10.7333,10.667,10.6005,10.5337,10.4691,10.4204,10.3714,10.3221,10.2727,10.2229,10.173,10.1227,10.0722,10.0214,9.9466,9.8572,9.7676,9.678,9.5883,9.4985,9.4085,9.3185,9.2284,9.1299,8.96,8.7903,8.6207,8.4512,8.2819,8.1128,7.9438,7.775,7.6064,7.5045,7.4492,7.3943,7.3398,7.2856,7.2318,7.1784,7.1254,7.0728,7.0262,7.0518,7.0776,7.1034,7.1294,7.1554,7.1816,7.2079,7.2343,7.2608,7.2856,7.3089,7.332,7.3549,7.3775,7.3998,7.422,7.4439,7.4655,7.4823,7.3645,7.2467,7.1289,7.0109,6.893,6.775,6.6569,6.5388,6.4206,6.2695,6.0872,5.9052,5.7234,5.5419,5.3606,5.1795,4.9987,4.8181,4.6378,4.5918,4.5474,4.5031,4.4588,4.4146,4.3704,4.3263,4.2822,4.2383,4.1865,4.1258,4.0652,4.0045,3.9439,3.8833,3.8227,3.7621
12.7261,12.651,12.5756,12.5,12.424,12.3479,12.2714,12.1948,12.1178,12.042,11.9664,11.8905,11.8144,11.7381,11.6616,11.5849,11.508,11.4309,11.3773,11.4009,11.4243,11.4477,11.471,11.4941,11.5172,11.5402,11.5632,11.586,11.6039,11.62,11.6362,11.6525,11.6689,11.6853,11.7019,11.7186,11.7353,11.7573,11.8004,11.8437,11.887,11.9304,11.974,12.0176,12.0612,12.1049,12.1487,12.1691,12.1786,12.1881,12.1975,12.207,12.2164,12.2258,12.2351,12.2444,12.2289,12.0871,11.9453,11.8033,11.6613,11.5193,11.3771,11.2348,11.0925,10.9501,10.8497,10.7722,10.6945,10.6166,10.5385,10.4602,10.3816,10.3028,10.2237,10.1474,10.091,10.0344,9.9775,9.9205,9.8631,9.8055,9.7477,9.6896,9.6312,9.5547,9.4668,9.3788,9.2906,9.2024,9.1141,9.0257,8.9372,8.8486,8.7533,8.5924,8.4316,8.271,8.1105,7.9501,7.79,7.6299,7.4701,7.3104,7.2176,7.1749,7.1325,7.0904,7.0487,7.0074,6.9664,6.9259,6.8858,6.8497,6.879,6.9085,6.938,6.9676,6.9974,7.0272,7.0572,7.0872,7.1174,7.1421,7.1617,7.181,7.2002,7.2191,7.2377,7.2562,7.2743,7.2923,7.309,7.1914,7.0737,6.9559,6.8382,6.7203,6.6024,6.4845,6.3665,6.2484,6.1016,5.9241,5.7469,5.5698,5.3931,5.2165,5.0402,4.8642,4.6884,4.5129,4.464,4.421,4.3781,4.3353,4.2925,4.2497,4.207,4.1644,4.1218,4.0719,4.012,3.9521,3.8923,3.8325,3.7728,3.713,3.6533
12.6211,12.5531,12.4848,12.4162,12.3474,12.2784,12.209,12.1394,12.0696,12.0013,11.9332,11.8649,11.7964,11.7276,11.6587,11.5895,11.5202,11.4506,11.4052,11.4338,11.4623,11.4907,11.519,11.5472,11.5753,11.6033,11.6313,11.6592,11.6745,11.6851,11.6958,11.7066,11.7175,11.7285,11.7396,11.7507,11.762,11.7775,11.8093,11.8412,11.8732,11.9053,11.9375,11.9698,12.0021,12.0345,12.0669,12.0778,12.0788,12.0797,12.0807,12.0816,12.0825,12.0833,12.0841,12.0849,12.0617,11.916,11.7703,11.6244,11.4785,11.3326,11.1865,11.0404,10.8941,10.7478,10.6379,10.5481,10.4582,10.3681,10.2777,10.1871,10.0963,10.0053,9.914,9.8258,9.7618,9.6975,9.6331,9.5684,9.5035,9.4383,9.3728,9.3071,9.2411,9.1628,9.0763,8.9898,8.9032,8.8165,8.7297,8.6428,8.5558,8.4688,8.3765,8.2246,8.0727,7.921,7.7695,7.6181,7.4669,7.3158,7.1649,7.0142,6.9304,6.9001,6.8701,6.8406,6.8113,6.7825,6.754,6.726,6.6983,6.673,6.7061,6.7392,6.7724,6.8057,6.8391,6.8726,6.9063,6.94,6.9739,6.9987,7.0146,7.0303,7.0457,7.0609,7.0758,7.0905,7.105,7.1192,7.1332,7.0182,6.9006,6.783,6.6654,6.5476,6.4299,6.3121,6.1942,6.0763,5.9334,5.7607,5.5882,5.416,5.244,5.0722,4.9007,4.7294,4.5584,4.3876,4.3361,4.2946,4.2531,4.2116,4.1702,4.1289,4.0876,4.0464,4.0052,3.9571,3.8981,3.8391,3.7801,3.7211,3.6622,3.6033,3.5444
12.5163,12.4554,12.3942,12.3328,12.2711,12.2091,12.1468,12.0844,12.0216,11.9608,11.9003,11.8395,11.7785,11.7173,11.6559,11.5943,11.5325,11.4705,11.4332,11.4668,11.5004,11.5338,11.5671,11.6003,11.6335,11.6666,11.6995,11.7325,11.7449,11.75,11.7552,11.7606,11.766,11.7715,11.7771,11.7828,11.7886,11.7975,11.818,11.8386,11.8593,11.8801,11.9009,11.9219,11.9429,11.964,11.9851,11.9865,11.9789,11.9713,11.9637,11.9561,11.9485,11.9408,11.9331,11.9253,11.8945,11.7449,11.5953,11.4456,11.2958,11.1459,10.996,10.8459,10.6958,10.5456,10.4262,10.3242,10.222,10.1197,10.0171,9.9143,9.8112,9.7079,9.6044,9.5042,9.4326,9.3608,9.2888,9.2165,9.1439,9.0711,8.998,8.9247,8.8511,8.7708,8.6859,8.6009,8.5158,8.4306,8.3453,8.2599,8.1744,8.0888,7.9995,7.8565,7.7136,7.5708,7.4282,7.2858,7.1435,7.0014,6.8594,6.7177,6.6427,6.6249,6.6074,6.5903,6.5735,6.5571,6.5412,6.5256,6.5104,6.4962,6.5329,6.5697,6.6066,6.6436,6.6807,6.7179,6.7552,6.7926,6.8302,6.8556,6.8677,6.8796,6.8913,6.9028,6.9141,6.9251,6.9358,6.9463,6.9566,6.845,6.7276,6.6101,6.4926,6.375,6.2573,6.1396,6.0219,5.9041,5.765,5.597,5.4293,5.2618,5.0946,4.9275,4.7608,4.5943,4.428,4.262,4.2081,4.168,4.1279,4.0879,4.0479,4.008,3.9681,3.9283,3.8886,3.8423,3.7841,3.7259,3.6678,3.6097,3.5515,3.4935,3.4354
12.4118,12.358,12.3039,12.2495,12.1949,12.14,12.0849,12.0295,11.9739,11.9205,11.8675,11.8143,11.7609,11.7072,11.6534,11.5993,11.5451,11.4907,11.4614,11.5,11.5385,11.577,11.6153,11.6536,11.6918,11.7299,11.7679,11.8058,11.8152,11.8149,11.8146,11.8145,11.8145,11.8145,11.8147,11.8149,11.8152,11.8174,11.8266,11.8359,11.8452,11.8547,11.8643,11.8739,11.8836,11.8934,11.9032,11.8951,11.879,11.8629,11.8468,11.8307,11.8145,11.7983,11.7821,11.7658,11.7273,11.5738,11.4203,11.2667,11.113,10.9593,10.8054,10.6515,10.4975,10.3434,10.2146,10.1004,9.986,9.8714,9.7566,9.6415,9.5262,9.4107,9.2949,9.1828,9.1036,9.0242,8.9445,8.8646,8.7845,8.7041,8.6234,8.5425,8.4613,8.3788,8.2954,8.2119,8.1283,8.0446,7.9608,7.8769,7.7929,7.7089,7.6222,7.4881,7.3542,7.2204,7.0867,6.9532,6.8199,6.6867,6.5537,6.4208,6.3545,6.3492,6.3442,6.3395,6.3352,6.3313,6.3278,6.3247,6.3219,6.3196,6.3597,6.4002,6.4407,6.4814,6.5221,6.563,6.604,6.6451,6.6863,6.7125,6.721,6.7292,6.7372,6.745,6.7525,6.7598,6.7668,6.7736,6.7802,6.6718,6.5545,6.4372,6.3197,6.2023,6.0848,5.9672,5.8496,5.7319,5.5962,5.433,5.2701,5.1073,4.9449,4.7826,4.6206,4.4589,4.2974,4.1362,4.08,4.0413,4.0026,3.964,3.9255,3.887,3.8485,3.8101,3.7718,3.7275,3.6701,3.6127,3.5554,3.4981,3.4408,3.3836,3.3264
12.3076,12.2608,12.2138,12.1666,12.119,12.0712,12.0231,11.9748,11.9263,11.8804,11.835,11.7894,11.7435,11.6974,11.6511,11.6046,11.5579,11.511,11.4896,11.5333,11.5768,11.6203,11.6637,11.707,11.7501,11.7933,11.8363,11.8793,11.8855,11.8797,11.8739,11.8683,11.8628,11.8574,11.8521,11.8469,11.8417,11.8372,11.8351,11.833,11.8311,11.8293,11.8275,11.8259,11.8243,11.8227,11.8212,11.8037,11.7791,11.7545,11.7298,11.7052,11.6805,11.6558,11.631,11.6062,11.5601,11.4027,11.2453,11.0878,10.9303,10.7726,10.6149,10.4571,10.2992,10.1412,10.0032,9.8767,9.7501,9.6232,9.4962,9.3689,9.2414,9.1136,8.9856,8.8615,8.7747,8.6877,8.6005,8.513,8.4252,8.3372,8.249,8.1605,8.0717,7.9867,7.9048,7.8228,7.7408,7.6586,7.5763,7.4939,7.4114,7.3289,7.2446,7.1195,6.9945,6.8696,6.7449,6.6203,6.4959,6.3717,6.2476,6.1237,6.066,6.0731,6.0806,6.0884,6.0965,6.1051,6.114,6.1233,6.133,6.1432,6.1863,6.2304,6.2747,6.319,6.3634,6.408,6.4526,6.4974,6.5423,6.5697,6.5744,6.5789,6.5832,6.5873,6.5911,6.5947,6.5981,6.6011,6.604,6.4986,6.3814,6.2642,6.1469,6.0296,5.9122,5.7948,5.6773,5.5597,5.4272,5.2688,5.1106,4.9526,4.7949,4.6374,4.4801,4.3232,4.1664,4.01,3.9518,3.9145,3.8773,3.8401,3.8029,3.7659,3.7288,3.6919,3.655,3.6125,3.556,3.4995,3.443,3.3865,3.3301,3.2737,3.2173
12.2036,12.1639,12.124,12.0838,12.0433,12.0026,11.9616,11.9204,11.879,11.8406,11.8027,11.7646,11.7263,11.6877,11.6489,11.61,11.5708,11.5315,11.518,11.5667,11.6152,11.6637,11.7121,11.7604,11.8086,11.8568,11.9048,11.9528,11.9556,11.9443,11.9332,11.9221,11.9111,11.9003,11.8895,11.8788,11.8681,11.8569,11.8435,11.8301,11.8169,11.8038,11.7907,11.7778,11.7648,11.752,11.7392,11.7123,11.6792,11.646,11.6129,11.5797,11.5465,11.5133,11.48,11.4467,11.3929,11.2316,11.0703,10.909,10.7475,10.586,10.4244,10.2627,10.101,9.9391,9.7918,9.6531,9.5143,9.3752,9.2359,9.0964,8.9567,8.8167,8.6765,8.5403,8.4459,8.3513,8.2565,8.1614,8.0661,7.9705,7.8747,7.7785,7.6822,7.5947,7.5143,7.4338,7.3532,7.2725,7.1917,7.1109,7.0299,6.9489,6.8669,6.7507,6.6346,6.5187,6.4029,6.2872,6.1717,6.0564,5.9413,5.8263,5.7771,5.7966,5.8165,5.8367,5.8573,5.8783,5.8997,5.9214,5.9436,5.9662,6.0127,6.0605,6.1084,6.1564,6.2045,6.2528,6.3011,6.3495,6.398,6.427,6.4281,6.4289,6.4295,6.4298,6.4299,6.4298,6.4295,6.4288,6.428,6.3254,6.2084,6.0913,5.9741,5.8569,5.7396,5.6223,5.5049,5.3875,5.2579,5.1042,4.9508,4.7976,4.6446,4.4918,4.3394,4.1871,4.0352,3.8834,3.8235,3.7876,3.7518,3.716,3.6803,3.6447,3.609,3.5735,3.538,3.4975,3.4418,3.3862,3.3305,3.2749,3.2193,3.1637,3.1081
12.0998,12.0673,12.0344,12.0013,11.9679,11.9343,11.9004,11.8662,11.8318,11.801,11.7706,11.7401,11.7093,11.6782,11.647,11.6156,11.5839,11.5521,11.5465,11.6002,11.6538,11.7073,11.7607,11.814,11.8672,11.9204,11.9734,12.0264,12.0257,12.0089,11.9923,11.9758,11.9593,11.943,11.9268,11.9106,11.8945,11.8765,11.8517,11.8271,11.8026,11.7781,11.7538,11.7296,11.7054,11.6812,11.6571,11.6208,11.5792,11.5375,11.4959,11.4542,11.4125,11.3708,11.329,11.2872,11.2257,11.0606,10.8954,10.7301,10.5648,10.3994,10.2339,10.0684,9.9027,9.737,9.5805,9.4297,9.2786,9.1273,8.9758,8.8241,8.6722,8.52,8.3676,8.2192,8.1173,8.0151,7.9127,7.81,7.7071,7.6039,7.5005,7.3968,7.2928,7.2026,7.1237,7.0447,6.9656,6.8864,6.8072,6.7278,6.6483,6.5688,6.4889,6.3816,6.2744,6.1674,6.0605,5.9538,5.8472,5.7408,5.6346,5.5286,5.4877,5.5197,5.552,5.5847,5.6177,5.6511,5.6849,5.7191,5.7537,5.7887,5.839,5.8905,5.9421,5.9937,6.0455,6.0974,6.1494,6.2015,6.2537,6.2845,6.2818,6.279,6.2758,6.2725,6.2689,6.2651,6.261,6.2567,6.2522,6.1522,6.0353,5.9183,5.8013,5.6842,5.567,5.4499,5.3326,5.2153,5.0883,4.9394,4.7907,4.6422,4.494,4.346,4.1983,4.0508,3.9036,3.7566,3.6951,3.6607,3.6263,3.5919,3.5576,3.5233,3.4892,3.455,3.4209,3.3825,3.3276,3.2728,3.218,3.1632,3.1084,3.0536,2.9989
11.9963,11.9708,11.9451,11.919,11.8927,11.8661,11.8393,11.8122,11.7849,11.7616,11.7388,11.7157,11.6925,11.669,11.6453,11.6214,11.5973,11.573,11.5751,11.6338,11.6924,11.7509,11.8093,11.8676,11.9259,11.984,12.0421,12.1001,12.0957,12.0735,12.0514,12.0294,12.0075,11.9857,11.964,11.9424,11.9208,11.8959,11.8598,11.8239,11.7881,11.7524,11.7168,11.6813,11.6458,11.6104,11.575,11.5293,11.4792,11.429,11.3789,11.3287,11.2785,11.2283,11.178,11.1276,11.0585,10.8895,10.7204,10.5513,10.3821,10.2128,10.0435,9.874,9.7045,9.5349,9.3694,9.2063,9.043,8.8795,8.7159,8.552,8.3878,8.2234,8.0588,7.8983,7.7887,7.6789,7.5689,7.4587,7.3482,7.2375,7.1265,7.0152,6.9036,6.8104,6.733,6.6556,6.578,6.5003,6.4225,6.3447,6.2667,6.1887,6.1105,6.0122,5.914,5.8159,5.7179,5.6201,5.5225,5.425,5.3277,5.2306,5.1979,5.2423,5.2871,5.3322,5.3776,5.4234,5.4697,5.5163,5.5633,5.6108,5.6652,5.7203,5.7755,5.8309,5.8863,5.9418,5.9975,6.0532,6.1091,6.1422,6.1358,6.1292,6.1224,6.1154,6.1081,6.1006,6.0928,6.0848,6.0766,5.979,5.8622,5.7453,5.6284,5.5115,5.3945,5.2774,5.1603,5.0431,4.9184,4.7742,4.6303,4.4866,4.3431,4.1999,4.0569,3.9142,3.7717,3.6295,3.5667,3.5336,3.5006,3.4677,3.4348,3.4019,3.3692,3.3364,3.3038,3.2674,3.2134,3.1593,3.1053,3.0514,2.9974,2.9435,2.8896
11.8931,11.8747,11.856,11.837,11.8177,11.7982,11.7785,11.7585,11.7382,11.7225,11.7072,11.6916,11.6759,11.6599,11.6437,11.6273,11.6108,11.594,11.6038,11.6675,11.7311,11.7947,11.8581,11.9214,11.9847,12.0478,12.1109,12.1739,12.1655,12.1379,12.1103,12.0829,12.0555,12.0283,12.0011,11.9741,11.9471,11.9152,11.8679,11.8207,11.7736,11.7266,11.6797,11.6329,11.5862,11.5395,11.4928,11.4377,11.3791,11.3205,11.2618,11.2032,11.1445,11.0857,11.027,10.9681,10.8913,10.7184,10.5455,10.3725,10.1994,10.0263,9.8531,9.6797,9.5063,9.3328,9.1583,8.983,8.8076,8.6319,8.456,8.2799,8.1036,7.927,7.7502,7.5774,7.4603,7.3429,7.2253,7.1075,6.9895,6.8711,6.7526,6.6337,6.5146,6.4182,6.3424,6.2664,6.1903,6.1141,6.0379,5.9615,5.8851,5.8085,5.7319,5.6427,5.5533,5.4641,5.3751,5.2862,5.1974,5.1089,5.0205,4.9323,4.9077,4.9645,5.0217,5.0792,5.1371,5.1953,5.254,5.313,5.3724,5.4323,5.4912,5.55,5.6089,5.6679,5.7269,5.7861,5.8455,5.9049,5.9644,6,5.99,5.9797,5.9692,5.9584,5.9475,5.9362,5.9248,5.9131,5.9012,5.8058,5.6891,5.5724,5.4556,5.3387,5.2219,5.1049,4.9879,4.8709,4.7483,4.6088,4.4696,4.3307,4.192,4.0535,3.9152,3.7772,3.6395,3.502,3.4381,3.4065,3.3749,3.3433,3.3119,3.2804,3.2491,3.2178,3.1865,3.1522,3.099,3.0458,2.9927,2.9395,2.8864,2.8333,2.7802
11.7901,11.7787,11.7671,11.7552,11.743,11.7305,11.7178,11.7049,11.6917,11.6835,11.6757,11.6677,11.6595,11.651,11.6424,11.6335,11.6245,11.6152,11.6327,11.7014,11.77,11.8385,11.9069,11.9753,12.0435,12.1117,12.1798,12.2478,12.2353,12.2022,12.1692,12.1363,12.1035,12.0708,12.0382,12.0057,11.9733,11.9343,11.8758,11.8173,11.759,11.7007,11.6426,11.5845,11.5264,11.4685,11.4105,11.3462,11.279,11.2119,11.1448,11.0776,11.0104,10.9432,10.8759,10.8086,10.7241,10.5474,10.3706,10.1937,10.0168,9.8398,9.6627,9.4855,9.3082,9.1308,8.9473,8.7599,8.5722,8.3844,8.1963,8.008,7.8195,7.6308,7.4417,7.2566,7.1319,7.007,6.8819,6.7565,6.6309,6.505,6.3788,6.2524,6.1257,6.026,5.9517,5.8772,5.8026,5.7279,5.6532,5.5783,5.5034,5.4283,5.3532,5.2728,5.1924,5.1121,5.032,4.952,4.8721,4.7925,4.713,4.6337,4.617,4.6863,4.7559,4.8258,4.8961,4.9667,5.0378,5.1092,5.1811,5.2533,5.317,5.3795,5.442,5.5047,5.5674,5.6303,5.6933,5.7563,5.8195,5.858,5.8443,5.8303,5.8161,5.8017,5.787,5.7721,5.757,5.7416,5.7259,5.6325,5.516,5.3994,5.2827,5.166,5.0492,4.9324,4.8156,4.6987,4.5778,4.4431,4.3087,4.1745,4.0405,3.9067,3.7733,3.64,3.507,3.3743,3.3094,3.2792,3.2496,3.222,3.1943,3.1667,3.139,3.1114,3.0837,3.0537,3.0037,2.9538,2.9039,2.854,2.8041,2.7543,2.7046
11.6874,11.6831,11.6785,11.6736,11.6685,11.6631,11.6575,11.6516,11.6455,11.6448,11.6446,11.6441,11.6433,11.6424,11.6412,11.6399,11.6384,11.6367,11.6616,11.7353,11.809,11.8825,11.9559,12.0293,12.1025,12.1757,12.2488,12.3218,12.305,12.2664,12.228,12.1897,12.1514,12.1133,12.0752,12.0373,11.9994,11.9534,11.8836,11.8138,11.7442,11.6747,11.6053,11.536,11.4667,11.3974,11.3282,11.2545,11.1789,11.1033,11.0277,10.9521,10.8764,10.8007,10.7249,10.6491,10.5569,10.3763,10.1957,10.0149,9.8341,9.6532,9.4723,9.2912,9.1101,8.9288,8.7365,8.5368,8.337,8.137,7.9367,7.7363,7.5356,7.3347,7.1335,6.936,6.8037,6.6712,6.5385,6.4056,6.2724,6.1389,6.0052,5.8712,5.737,5.6338,5.5609,5.4879,5.4149,5.3417,5.2684,5.1951,5.1216,5.0481,4.9745,4.9027,4.8312,4.7598,4.6886,4.6175,4.5465,4.4758,4.4052,4.3348,4.326,4.4076,4.4896,4.5719,4.6546,4.7377,4.8211,4.905,4.9892,5.0739,5.1427,5.2088,5.275,5.3414,5.4092,5.4774,5.5452,5.6128,5.6802,5.7224,5.706,5.6894,5.6725,5.6553,5.6379,5.6203,5.6024,5.5843,5.5658,5.4748,5.3587,5.2425,5.1262,5.0097,4.893,4.7763,4.6594,4.5423,4.4235,4.2979,4.1729,4.0485,3.9246,3.8014,3.6787,3.5567,3.4353,3.3145,3.2526,3.2253,3.1979,3.1706,3.1432,3.1159,3.0886,3.0613,3.0339,3.0051,2.9559,2.9066,2.8575,2.8084,2.7593,2.7102,2.6612
11.6515,11.65,11.6483,11.6465,11.6445,11.6425,11.6403,11.638,11.6356,11.637,11.6387,11.6404,11.6421,11.6438,11.6455,11.6472,11.6489,11.6506,11.6785,11.7516,11.8249,11.8983,11.9719,12.0456,12.1194,12.1933,12.2673,12.3414,12.3196,12.2759,12.2323,12.1887,12.1453,12.1019,12.0586,12.0153,11.9721,11.9197,11.8409,11.7622,11.6834,11.6047,11.526,11.4473,11.3686,11.2899,11.2111,11.1285,11.0443,10.9601,10.8758,10.7914,10.707,10.6226,10.538,10.4534,10.353,10.1675,9.9819,9.7963,9.6104,9.4245,9.2384,9.0522,8.8658,8.6793,8.4805,8.2736,8.0666,7.8596,7.6525,7.4453,7.238,7.0307,6.8233,6.6194,6.4839,6.3482,6.2125,6.0768,5.9409,5.8051,5.6692,5.5332,5.3972,5.2963,5.2312,5.1662,5.1014,5.0367,4.9723,4.9081,4.8441,4.7803,4.7167,4.6585,4.6008,4.5434,4.4863,4.4295,4.3731,4.317,4.2612,4.2058,4.207,4.2966,4.3863,4.476,4.5658,4.6555,4.7454,4.8352,4.9251,5.0151,5.0836,5.1477,5.2116,5.2752,5.3386,5.4017,5.4647,5.5273,5.5898,5.6291,5.6084,5.5874,5.5662,5.5447,5.523,5.5011,5.4788,5.4564,5.4336,5.3427,5.2249,5.107,4.989,4.8708,4.7524,4.634,4.5153,4.3966,4.2782,4.1628,4.048,3.9337,3.8201,3.707,3.5945,3.4827,3.3715,3.2609,3.2003,3.1733,3.1462,3.1192,3.0922,3.0651,3.0381,3.0111,2.9841,2.9564,2.9079,2.8595,2.811,2.7627,2.7143,2.666,2.6178
11.6324,11.6342,11.6359,11.6376,11.639,11.6404,11.6417,11.6428,11.6439,11.6454,11.647,11.6486,11.6502,11.6518,11.6534,11.655,11.6566,11.6583,11.6846,11.7515,11.8186,11.8859,11.9532,12.0207,12.0883,12.156,12.2238,12.2918,12.2618,12.2107,12.1598,12.1089,12.0581,12.0074,11.9568,11.9062,11.8557,11.7958,11.71,11.6243,11.5385,11.4528,11.3671,11.2814,11.1956,11.1099,11.0241,10.9327,10.839,10.7453,10.6515,10.5577,10.4638,10.3698,10.2757,10.1816,10.0722,9.8802,9.6881,9.4958,9.3034,9.1109,8.9182,8.7254,8.5325,8.3394,8.14,7.9365,7.733,7.5293,7.3256,7.1217,6.9179,6.7139,6.5099,6.3089,6.176,6.043,5.91,5.7769,5.6438,5.5106,5.3773,5.244,5.1107,5.0161,4.9625,4.9091,4.8559,4.8028,4.75,4.6973,4.6449,4.5927,4.5408,4.4945,4.449,4.4037,4.3588,4.3142,4.2699,4.2259,4.1823,4.1391,4.146,4.2371,4.3283,4.4196,4.5108,4.6021,4.6934,4.7848,4.8762,4.9677,5.033,5.0921,5.151,5.2097,5.2682,5.3264,5.3843,5.442,5.4995,5.536,5.5109,5.4856,5.4601,5.4343,5.4083,5.382,5.3555,5.3287,5.3016,5.2107,5.0912,4.9716,4.8519,4.732,4.6119,4.4917,4.3714,4.2509,4.1323,4.0271,3.9224,3.8184,3.7149,3.612,3.5097,3.4081,3.307,3.2066,3.1479,3.1212,3.0945,3.0678,3.0411,3.0144,2.9877,2.961,2.9343,2.9076,2.8599,2.8122,2.7645,2.7169,2.6693,2.6218,2.5743
11.6133,11.6186,11.6237,11.6288,11.6337,11.6385,11.6432,11.6477,11.6522,11.6538,11.6553,11.6568,11.6583,11.6598,11.6613,11.6629,11.6644,11.6659,11.6905,11.7513,11.8122,11.8732,11.9344,11.9957,12.0571,12.1186,12.1803,12.242,12.2039,12.1455,12.0872,12.029,11.9709,11.9129,11.8549,11.797,11.7392,11.6719,11.5791,11.4863,11.3936,11.3008,11.2081,11.1154,11.0226,10.9299,10.8371,10.7369,10.6337,10.5305,10.4272,10.3239,10.2205,10.117,10.0135,9.9098,9.7915,9.5929,9.3942,9.1954,8.9964,8.7973,8.5981,8.3987,8.1992,7.9995,7.7996,7.5995,7.3993,7.199,6.9986,6.7982,6.5977,6.3971,6.1965,5.9984,5.8681,5.7378,5.6075,5.477,5.3466,5.216,5.0854,4.9548,4.8241,4.7356,4.6936,4.6518,4.6102,4.5687,4.5274,4.4863,4.4455,4.4048,4.3645,4.3302,4.2968,4.2637,4.2309,4.1984,4.1663,4.1345,4.103,4.0719,4.085,4.1776,4.2703,4.3631,4.4558,4.5486,4.6415,4.7344,4.8273,4.9203,4.9826,5.0368,5.0907,5.1444,5.1979,5.2512,5.3042,5.357,5.4095,5.443,5.4137,5.3841,5.3542,5.3241,5.2938,5.2632,5.2324,5.2013,5.1699,5.0788,4.9576,4.8363,4.7148,4.5932,4.4715,4.3496,4.2276,4.1054,3.9858,3.8908,3.7963,3.7024,3.6091,3.5164,3.4243,3.3328,3.2419,3.1517,3.0955,3.0691,3.0427,3.0163,2.9899,2.9636,2.9372,2.9108,2.8844,2.8581,2.8119,2.7649,2.718,2.6711,2.6243,2.5775,2.5307
11.5944,11.6031,11.6116,11.6201,11.6284,11.6366,11.6447,11.6527,11.6606,11.6622,11.6636,11.665,11.6664,11.6679,11.6693,11.6707,11.6721,11.6735,11.6963,11.7509,11.8056,11.8605,11.9155,11.9706,12.0258,12.0811,12.1366,12.1921,12.1458,12.0801,12.0145,11.949,11.8836,11.8182,11.7529,11.6877,11.6226,11.5478,11.448,11.3483,11.2485,11.1488,11.049,10.9493,10.8496,10.7498,10.6501,10.5411,10.4284,10.3157,10.2029,10.0901,9.9772,9.8642,9.7512,9.6381,9.5108,9.3056,9.1003,8.8949,8.6894,8.4838,8.278,8.072,7.866,7.6597,7.4591,7.2623,7.0655,6.8686,6.6717,6.4746,6.2775,6.0803,5.8831,5.6878,5.5602,5.4326,5.3049,5.1771,5.0493,4.9214,4.7935,4.6656,4.5375,4.4549,4.4245,4.3942,4.3641,4.3342,4.3045,4.275,4.2457,4.2167,4.1878,4.1656,4.1443,4.1234,4.1027,4.0823,4.0623,4.0426,4.0233,4.0043,4.0239,4.118,4.2123,4.3065,4.4008,4.4951,4.5894,4.6838,4.7783,4.8727,4.9324,4.9816,5.0306,5.0794,5.1279,5.1762,5.2243,5.2721,5.3197,5.3503,5.3166,5.2827,5.2486,5.2142,5.1795,5.1446,5.1095,5.074,5.0384,4.947,4.8241,4.7011,4.5779,4.4546,4.3312,4.2076,4.0839,3.96,3.8387,3.7538,3.6696,3.5858,3.5027,3.4201,3.3382,3.2569,3.1761,3.0961,3.0431,3.017,2.991,2.9649,2.9388,2.9127,2.8867,2.8606,2.8345,2.8085,2.7638,2.7176,2.6714,2.6253,2.5792,2.5331,2.4871
11.5756,11.5877,11.5997,11.6115,11.6233,11.6349,11.6464,11.6579,11.6692,11.6707,11.672,11.6733,11.6746,11.6759,11.6772,11.6785,11.6799,11.6812,11.702,11.7504,11.7989,11.8476,11.8964,11.9453,11.9944,12.0435,12.0928,12.1421,12.0876,12.0146,11.9417,11.8689,11.7961,11.7235,11.6509,11.5784,11.5059,11.4237,11.3169,11.2102,11.1034,10.9967,10.8899,10.7832,10.6765,10.5698,10.463,10.3452,10.223,10.1008,9.9785,9.8562,9.7339,9.6114,9.4889,9.3663,9.2301,9.0183,8.8065,8.5945,8.3825,8.1702,7.9579,7.7454,7.5328,7.3199,7.1186,6.9252,6.7318,6.5382,6.3446,6.151,5.9572,5.7634,5.5696,5.3771,5.2522,5.1273,5.0022,4.8771,4.752,4.6268,4.5015,4.3762,4.2509,4.174,4.1551,4.1364,4.1179,4.0995,4.0814,4.0634,4.0457,4.0282,4.0109,4.0006,3.9915,3.9827,3.9741,3.9659,3.958,3.9504,3.9432,3.9364,3.9627,4.0584,4.1541,4.2499,4.3457,4.4415,4.5374,4.6333,4.7292,4.8252,4.8824,4.9266,4.9707,5.0145,5.0581,5.1015,5.1446,5.1875,5.2301,5.2578,5.2198,5.1816,5.1431,5.1044,5.0654,5.0262,4.9868,4.947,4.9071,4.8152,4.6906,4.5659,4.4411,4.3161,4.1909,4.0657,3.9402,3.8147,3.691,3.6163,3.5422,3.4686,3.3956,3.3233,3.2515,3.1803,3.1097,3.0398,2.9907,2.9649,2.9392,2.9134,2.8876,2.8619,2.8361,2.8104,2.7846,2.7589,2.7156,2.6701,2.6247,2.5794,2.534,2.4887,2.4435
11.5569,11.5724,11.5878,11.6031,11.6183,11.6333,11.6483,11.6631,11.6778,11.6791,11.6803,11.6815,11.6827,11.6839,11.6851,11.6864,11.6876,11.6888,11.7075,11.7497,11.7921,11.8346,11.8772,11.9199,11.9628,12.0058,12.0488,12.092,12.0293,11.949,11.8687,11.7886,11.7086,11.6286,11.5487,11.4689,11.3891,11.2995,11.1857,11.072,10.9582,10.8445,10.7308,10.6171,10.5034,10.3896,10.2759,10.1492,10.0176,9.8859,9.7542,9.6224,9.4906,9.3587,9.2267,9.0946,8.9494,8.7311,8.5127,8.2942,8.0755,7.8568,7.6379,7.4188,7.1996,6.9802,6.778,6.588,6.398,6.2078,6.0176,5.8273,5.6369,5.4465,5.256,5.0665,4.9442,4.8219,4.6995,4.5771,4.4546,4.3321,4.2095,4.0869,3.9642,3.8928,3.8855,3.8783,3.8713,3.8645,3.8579,3.8515,3.8453,3.8394,3.8337,3.8353,3.8383,3.8416,3.8452,3.8491,3.8533,3.8578,3.8627,3.868,3.9015,3.9987,4.096,4.1932,4.2905,4.3878,4.4852,4.5826,4.6801,4.7776,4.8325,4.8719,4.911,4.9499,4.9886,5.027,5.0652,5.1031,5.1408,5.1655,5.1232,5.0806,5.0379,4.9948,4.9516,4.9081,4.8643,4.8203,4.776,4.6836,4.5573,4.4309,4.3043,4.1776,4.0508,3.9238,3.7967,3.6695,3.5427,3.4782,3.4142,3.3508,3.288,3.2257,3.1641,3.1031,3.0427,2.9829,2.9383,2.9128,2.8873,2.8619,2.8365,2.811,2.7856,2.7601,2.7347,2.7093,2.6674,2.6227,2.578,2.5334,2.4888,2.4443,2.3998
11.5383,11.5573,11.5761,11.5948,11.6134,11.6318,11.6502,11.6684,11.6864,11.6875,11.6886,11.6897,11.6908,11.6919,11.6931,11.6942,11.6953,11.6965,11.7129,11.7489,11.7851,11.8214,11.8579,11.8944,11.9311,11.9679,12.0048,12.0418,11.9708,11.8832,11.7957,11.7083,11.6209,11.5337,11.4465,11.3593,11.2722,11.1753,11.0545,10.9337,10.813,10.6923,10.5716,10.4509,10.3302,10.2095,10.0887,9.9533,9.8121,9.671,9.5298,9.3885,9.2472,9.1059,8.9644,8.8228,8.6687,8.4438,8.2189,7.9938,7.7686,7.5433,7.3178,7.0922,6.8665,6.6406,6.4374,6.2508,6.0641,5.8774,5.6905,5.5036,5.3166,5.1296,4.9424,4.7558,4.6362,4.5165,4.3968,4.277,4.1572,4.0373,3.9174,3.7974,3.6774,3.6114,3.6156,3.62,3.6245,3.6293,3.6342,3.6393,3.6447,3.6503,3.6561,3.6697,3.6848,3.7002,3.7159,3.7319,3.7482,3.7649,3.7819,3.7993,3.8403,3.939,4.0377,4.1365,4.2353,4.3341,4.433,4.5319,4.6309,4.7299,4.7829,4.8173,4.8515,4.8855,4.9192,4.9527,4.9859,5.0189,5.0517,5.0733,5.0267,4.9799,4.9328,4.8855,4.8379,4.7901,4.742,4.6937,4.6451,4.552,4.4241,4.2959,4.1677,4.0393,3.9108,3.7821,3.6533,3.5243,3.3952,3.3394,3.2856,3.2323,3.1797,3.1276,3.0761,3.0252,2.9749,2.9253,2.8858,2.8606,2.8355,2.8104,2.7852,2.7601,2.735,2.7099,2.6848,2.6597,2.6191,2.5752,2.5312,2.4874,2.4435,2.3997,2.356
11.5199,11.5422,11.5644,11.5866,11.6086,11.6304,11.6522,11.6739,11.6949,11.6959,11.6969,11.6979,11.6989,11.6999,11.701,11.702,11.7031,11.7041,11.7181,11.748,11.778,11.8081,11.8384,11.8688,11.8993,11.9299,11.9607,11.9915,11.9123,11.8173,11.7225,11.6278,11.5332,11.4386,11.3441,11.2497,11.1553,11.0509,10.9232,10.7954,10.6677,10.54,10.4123,10.2846,10.1569,10.0292,9.9015,9.7572,9.6067,9.456,9.3054,9.1547,9.0039,8.8531,8.7021,8.5511,8.388,8.1566,7.9251,7.6935,7.4618,7.2299,6.9979,6.7657,6.5334,6.301,6.0968,5.9136,5.7303,5.5469,5.3634,5.1798,4.9962,4.8126,4.6288,4.445,4.3281,4.2111,4.094,3.9769,3.8598,3.7425,3.6253,3.5079,3.3906,3.3297,3.3454,3.3614,3.3775,3.3937,3.4102,3.4269,3.4438,3.4609,3.4782,3.5037,3.5309,3.5584,3.5862,3.6143,3.6427,3.6715,3.7006,3.7301,3.779,3.8792,3.9794,4.0797,4.18,4.2804,4.3807,4.4812,4.5816,4.6821,4.7335,4.763,4.7922,4.8212,4.85,4.8786,4.9069,4.935,4.9628,4.9814,4.9305,4.8794,4.828,4.7764,4.7245,4.6724,4.62,4.5674,4.5145,4.4206,4.2909,4.1611,4.0311,3.9011,3.7708,3.6405,3.51,3.3793,3.2485,3.2001,3.1564,3.1133,3.0707,3.0288,2.9874,2.9467,2.9066,2.8671,2.8333,2.8085,2.7836,2.7588,2.734,2.7092,2.6844,2.6596,2.6348,2.61,2.5708,2.5276,2.4844,2.4413,2.3982,2.3552,2.3122
11.5015,11.5273,11.5529,11.5785,11.6039,11.6292,11.6543,11.6794,11.7034,11.7043,11.7052,11.7061,11.707,11.708,11.7089,11.7098,11.7108,11.7117,11.7232,11.7469,11.7707,11.7947,11.8188,11.843,11.8674,11.8919,11.9164,11.9411,11.8536,11.7514,11.6492,11.5472,11.4453,11.3434,11.2416,11.1399,11.0382,10.9265,10.7918,10.657,10.5224,10.3877,10.253,10.1184,9.9837,9.849,9.7143,9.5612,9.4011,9.2411,9.081,8.9208,8.7606,8.6003,8.4399,8.2794,8.1073,7.8694,7.6314,7.3932,7.1549,6.9165,6.678,6.4393,6.2004,5.9614,5.7562,5.5763,5.3964,5.2163,5.0362,4.8561,4.6758,4.4955,4.3151,4.1347,4.02,3.9056,3.7912,3.6768,3.5623,3.4477,3.3331,3.2184,3.1037,3.0478,3.0751,3.1025,3.1301,3.1579,3.1859,3.2141,3.2425,3.2712,3.3001,3.3374,3.3767,3.4163,3.4562,3.4964,3.5369,3.5778,3.619,3.6605,3.7177,3.8194,3.9211,4.0229,4.1247,4.2265,4.3284,4.4304,4.5323,4.6343,4.6843,4.7088,4.7331,4.7572,4.7811,4.8047,4.8281,4.8512,4.8741,4.8897,4.8345,4.779,4.7234,4.6675,4.6113,4.5549,4.4982,4.4413,4.3841,4.2892,4.1578,4.0263,3.8947,3.7629,3.631,3.4989,3.3667,3.2344,3.1019,3.0601,3.0266,2.9936,2.9612,2.9294,2.8982,2.8675,2.8375,2.8082,2.7808,2.7563,2.7318,2.7073,2.6828,2.6583,2.6338,2.6093,2.5848,2.5603,2.5224,2.48,2.4375,2.3952,2.3528,2.3105,2.2683
11.4833,11.5125,11.5416,11.5705,11.5993,11.628,11.6566,11.6851,11.7119,11.7127,11.7135,11.7143,11.7151,11.716,11.7168,11.7177,11.7185,11.7194,11.7281,11.7456,11.7633,11.7811,11.7991,11.8172,11.8353,11.8536,11.872,11.8905,11.7947,11.6852,11.5759,11.4665,11.3573,11.2482,11.1391,11.0301,10.9211,10.802,10.6603,10.5186,10.3769,10.2353,10.0936,9.952,9.8104,9.6687,9.527,9.3651,9.1956,9.0261,8.8565,8.6869,8.5172,8.3475,8.1776,8.0077,7.8267,7.5822,7.3376,7.0929,6.8481,6.6031,6.3581,6.1128,5.8674,5.6219,5.4155,5.239,5.0624,4.8858,4.709,4.5322,4.3553,4.1784,4.0014,3.8243,3.7118,3.6001,3.4884,3.3766,3.2647,3.1528,3.0408,2.9288,2.8168,2.7656,2.8044,2.8434,2.8825,2.9218,2.9614,3.0011,3.041,3.0812,3.1216,3.1708,3.2222,3.2738,3.3258,3.3781,3.4307,3.4836,3.5369,3.5906,3.6563,3.7595,3.8627,3.966,4.0693,4.1727,4.2761,4.3795,4.483,4.5865,4.6352,4.6549,4.6742,4.6934,4.7123,4.731,4.7495,4.7677,4.7857,4.7982,4.7387,4.6789,4.619,4.5587,4.4983,4.4376,4.3766,4.3154,4.2539,4.1579,4.0248,3.8917,3.7583,3.6249,3.4912,3.3575,3.2236,3.0895,2.9553,2.9196,2.8961,2.8733,2.851,2.8293,2.8082,2.7877,2.7679,2.7486,2.7283,2.7041,2.6799,2.6557,2.6315,2.6073,2.5831,2.5589,2.5348,2.5106,2.474,2.4323,2.3906,2.349,2.3074,2.2658,2.2243
11.4652,11.4978,11.5303,11.5626,11.5948,11.6269,11.6589,11.6908,11.7203,11.7211,11.7218,11.7225,11.7232,11.724,11.7247,11.7255,11.7262,11.727,11.7329,11.7443,11.7558,11.7674,11.7792,11.7911,11.8032,11.8153,11.8276,11.8399,11.7358,11.619,11.5023,11.3858,11.2693,11.1528,11.0365,10.9202,10.8039,10.6774,10.5287,10.3801,10.2315,10.0828,9.9342,9.7856,9.637,9.4884,9.3397,9.1689,8.99,8.811,8.632,8.453,8.2739,8.0947,7.9154,7.736,7.546,7.295,7.0439,6.7927,6.5413,6.2898,6.0382,5.7864,5.5345,5.2824,5.0748,4.9017,4.7285,4.5552,4.3818,4.2084,4.0348,3.8613,3.6876,3.5139,3.4036,3.2945,3.1855,3.0763,2.9671,2.8578,2.7485,2.6392,2.5298,2.4832,2.5335,2.584,2.6347,2.6855,2.7365,2.7877,2.8392,2.8909,2.9428,3.0038,3.0673,3.131,3.1951,3.2594,3.3241,3.3891,3.4545,3.5202,3.5948,3.6995,3.8043,3.9091,4.0139,4.1187,4.2236,4.3286,4.4335,4.5385,4.5864,4.6011,4.6156,4.6298,4.6438,4.6576,4.6711,4.6844,4.6975,4.7068,4.643,4.579,4.5147,4.4502,4.3855,4.3205,4.2552,4.1897,4.1239,4.0267,3.892,3.7571,3.6221,3.4869,3.3516,3.2161,3.0805,2.9448,2.8089,2.7784,2.7651,2.7524,2.7402,2.7286,2.7177,2.7073,2.6975,2.6884,2.6757,2.6518,2.6279,2.6041,2.5802,2.5563,2.5325,2.5086,2.4847,2.4609,2.4255,2.3845,2.3436,2.3027,2.2619,2.2211,2.1803
11.4473,11.4833,11.5191,11.5549,11.5905,11.626,11.6614,11.6967,11.7288,11.7294,11.7301,11.7307,11.7313,11.732,11.7326,11.7333,11.734,11.7346,11.7375,11.7427,11.7481,11.7536,11.7593,11.765,11.7709,11.7769,11.783,11.7892,11.6767,11.5527,11.4287,11.3049,11.1811,11.0574,10.9337,10.8101,10.6866,10.5528,10.3971,10.2415,10.0859,9.9303,9.7748,9.6192,9.4636,9.308,9.1524,8.9727,8.7844,8.596,8.4075,8.219,8.0305,7.8419,7.6531,7.4643,7.2654,7.0078,6.7502,6.4924,6.2345,5.9765,5.7184,5.4601,5.2016,4.943,4.7341,4.5643,4.3945,4.2245,4.0545,3.8844,3.7143,3.5441,3.3738,3.2035,3.0953,2.989,2.8825,2.776,2.6695,2.5629,2.4562,2.3495,2.2428,2.2006,2.2624,2.3244,2.3865,2.4489,2.5114,2.5741,2.6371,2.7003,2.7637,2.8365,2.9121,2.9879,3.064,3.1404,3.2171,3.2942,3.3717,3.4495,3.5333,3.6396,3.7458,3.8521,3.9584,4.0648,4.1711,4.2776,4.384,4.4906,4.5378,4.5475,4.5571,4.5664,4.5755,4.5844,4.593,4.6014,4.6095,4.6157,4.5476,4.4793,4.4107,4.342,4.2729,4.2036,4.1341,4.0643,3.9942,3.8956,3.7592,3.6226,3.4859,3.349,3.212,3.0749,2.9376,2.8002,2.6626,2.6366,2.6335,2.6308,2.6288,2.6273,2.6265,2.6262,2.6266,2.6275,2.6231,2.5996,2.576,2.5524,2.5289,2.5053,2.4818,2.4582,2.4347,2.4111,2.3769,2.3367,2.2966,2.2564,2.2163,2.1763,2.1363
11.4294,11.4688,11.5081,11.5472,11.5862,11.6252,11.6639,11.7026,11.7373,11.7378,11.7384,11.7389,11.7394,11.74,11.7406,11.7411,11.7417,11.7422,11.742,11.7411,11.7403,11.7397,11.7391,11.7388,11.7385,11.7383,11.7383,11.7383,11.6175,11.4862,11.355,11.2238,11.0928,10.9618,10.8309,10.7,10.5692,10.428,10.2654,10.1029,9.9403,9.7778,9.6152,9.4527,9.2902,9.1276,8.965,8.7765,8.5787,8.3809,8.183,7.9851,7.7871,7.589,7.3909,7.1927,6.9848,6.7207,6.4565,6.1922,5.9278,5.6633,5.3986,5.1338,4.8688,4.6037,4.3933,4.2269,4.0604,3.8939,3.7272,3.5605,3.3937,3.2269,3.0599,2.893,2.787,2.6833,2.5795,2.4757,2.3718,2.2678,2.1638,2.0598,1.9557,1.9177,1.991,2.0645,2.1381,2.212,2.286,2.3602,2.4347,2.5094,2.5843,2.6689,2.7565,2.8444,2.9325,3.021,3.1098,3.199,3.2885,3.3783,3.4718,3.5795,3.6873,3.795,3.9029,4.0107,4.1186,4.2265,4.3345,4.4425,4.4893,4.4942,4.4988,4.5032,4.5074,4.5113,4.515,4.5185,4.5217,4.5247,4.4524,4.3798,4.3069,4.2339,4.1605,4.087,4.0131,3.939,3.8647,3.7646,3.6265,3.4882,3.3498,3.2112,3.0726,2.9337,2.7948,2.6556,2.5164,2.4943,2.5012,2.5087,2.5167,2.5254,2.5346,2.5445,2.5549,2.5678,2.5817,2.5676,2.5532,2.5386,2.5237,2.5085,2.493,2.4773,2.4612,2.4449,2.4181,2.3843,2.3501,2.3155,2.2805,2.245,2.2092
11.4117,11.4545,11.4972,11.5397,11.5821,11.6244,11.6666,11.7087,11.7458,11.7462,11.7467,11.7471,11.7475,11.748,11.7485,11.7489,11.7494,11.7499,11.7463,11.7393,11.7324,11.7256,11.7189,11.7124,11.706,11.6996,11.6934,11.6873,11.5582,11.4196,11.2811,11.1427,11.0044,10.8662,10.728,10.5898,10.4518,10.3032,10.1337,9.9641,9.7946,9.6251,9.4556,9.2862,9.1167,8.9472,8.7776,8.5802,8.373,8.1658,7.9585,7.7511,7.5437,7.3362,7.1287,6.921,6.7041,6.4336,6.1629,5.892,5.6211,5.35,5.0788,4.8075,4.536,4.2644,4.0526,3.8895,3.7264,3.5632,3.3999,3.2365,3.0731,2.9096,2.746,2.5824,2.4787,2.3776,2.2765,2.1753,2.074,1.9727,1.8714,1.77,1.6685,1.6345,1.7194,1.8043,1.8895,1.9748,2.0603,2.146,2.232,2.3181,2.4045,2.5009,2.6006,2.7005,2.8007,2.9013,3.0021,3.1033,3.2049,3.3068,3.4102,3.5194,3.6287,3.7379,3.8473,3.9566,4.066,4.1754,4.2849,4.4007,4.4558,4.4642,4.4725,4.4806,4.4885,4.4963,4.5039,4.5113,4.5185,4.5255,4.4603,4.3932,4.3261,4.259,4.1917,4.1244,4.057,3.9895,3.9219,3.8315,3.7035,3.5755,3.4475,3.3197,3.1919,3.0642,2.9366,2.8091,2.6816,2.6672,2.6854,2.7035,2.7215,2.7392,2.7568,2.7742,2.7915,2.8085,2.8192,2.8,2.7805,2.7608,2.7408,2.7205,2.6999,2.6791,2.658,2.6365,2.6047,2.5647,2.5244,2.4837,2.4425,2.401,2.3591
11.4966,11.5344,11.5724,11.6106,11.6489,11.6874,11.726,11.7647,11.7975,11.7902,11.7832,11.7765,11.7701,11.7639,11.758,11.7523,11.7468,11.7416,11.7295,11.7115,11.6938,11.6764,11.6593,11.6425,11.6259,11.6096,11.5935,11.5776,11.4446,11.3035,11.1624,11.0212,10.8799,10.7386,10.5973,10.4559,10.3144,10.1625,9.9904,9.8183,9.646,9.4737,9.3014,9.1289,8.9564,8.7838,8.6112,8.4102,8.1993,7.9883,7.7772,7.5661,7.355,7.1438,6.9326,6.7213,6.5015,6.2315,5.9615,5.6915,5.4215,5.1515,4.8816,4.6117,4.3418,4.072,3.8661,3.7129,3.5599,3.407,3.2543,3.1018,2.9495,2.7973,2.6454,2.4938,2.404,2.3178,2.232,2.1465,2.0614,1.9768,1.8926,1.8089,1.7256,1.7075,1.8089,1.9105,2.0125,2.1148,2.2174,2.3203,2.4237,2.5273,2.6314,2.7417,2.8542,2.9669,3.0798,3.1929,3.3062,3.4197,3.5334,3.6473,3.7613,3.8747,3.9881,4.1014,4.2147,4.328,4.4412,4.5544,4.6675,4.7805,4.8319,4.8335,4.835,4.8364,4.8376,4.8386,4.8394,4.84,4.8405,4.8407,4.7735,4.703,4.6324,4.5617,4.491,4.4201,4.3492,4.2783,4.2072,4.116,3.9876,3.8593,3.7311,3.603,3.4749,3.3469,3.219,3.0912,2.9634,2.9415,2.9556,2.9695,2.9833,2.9969,3.0103,3.0236,3.0366,3.0495,3.0571,3.0328,3.0082,2.9834,2.9583,2.9329,2.9072,2.8813,2.855,2.8285,2.7916,2.7456,2.6991,2.6523,2.6051,2.5575,2.5094
11.5923,11.6264,11.6607,11.6951,11.7296,11.7643,11.7992,11.8342,11.8617,11.8454,11.8294,11.8136,11.7982,11.7829,11.768,11.7533,11.7388,11.7245,11.7003,11.6678,11.6357,11.6039,11.5724,11.5411,11.5101,11.4794,11.4489,11.4185,11.2838,11.1429,11.002,10.8611,10.72,10.5789,10.4378,10.2966,10.1554,10.0042,9.8342,9.6642,9.4941,9.3239,9.1536,8.9833,8.8129,8.6425,8.472,8.2744,8.0676,7.8606,7.6536,7.4466,7.2395,7.0324,6.8252,6.618,6.4031,6.1427,5.8823,5.6219,5.3615,5.1011,4.8408,4.5805,4.3202,4.06,3.8658,3.7271,3.5886,3.4502,3.3119,3.1739,3.036,2.8983,2.7609,2.6237,2.5526,2.4859,2.4196,2.3537,2.2881,2.223,2.1583,2.0941,2.0303,2.0263,2.1369,2.2477,2.3589,2.4704,2.5822,2.6944,2.8069,2.9198,3.033,3.1473,3.2619,3.3767,3.4918,3.607,3.7225,3.8381,3.954,4.07,4.1852,4.2937,4.4022,4.5107,4.6191,4.7275,4.8359,4.9442,5.0524,5.1606,5.2083,5.2031,5.1979,5.1925,5.1869,5.1811,5.1752,5.1691,5.1627,5.1562,5.087,5.0129,4.9388,4.8646,4.7904,4.7161,4.6417,4.5672,4.4926,4.4005,4.2718,4.1432,4.0147,3.8863,3.7579,3.6297,3.5015,3.3733,3.2453,3.2161,3.226,3.2358,3.2454,3.2548,3.2641,3.2732,3.2821,3.2908,3.2953,3.2659,3.2362,3.2063,3.1761,3.1456,3.1148,3.0838,3.0524,3.0208,2.9791,2.9269,2.8744,2.8214,2.7681,2.7144,2.6602
11.6879,11.7182,11.7487,11.7794,11.8102,11.8412,11.8723,11.9035,11.9256,11.9003,11.8752,11.8505,11.826,11.8018,11.7778,11.754,11.7305,11.7072,11.6707,11.6239,11.5773,11.5311,11.4852,11.4395,11.3941,11.3489,11.304,11.2592,11.1231,10.9824,10.8417,10.701,10.5601,10.4193,10.2783,10.1374,9.9963,9.8459,9.678,9.5101,9.3421,9.1741,9.0059,8.8377,8.6695,8.5011,8.3327,8.1387,7.9359,7.733,7.53,7.327,7.124,6.9209,6.7178,6.5146,6.3047,6.0539,5.803,5.5522,5.3014,5.0507,4.7999,4.5492,4.2985,4.0479,3.8655,3.7412,3.6171,3.4932,3.3694,3.2458,3.1223,2.9991,2.8761,2.7533,2.701,2.6538,2.607,2.5605,2.5145,2.4688,2.4236,2.3789,2.3346,2.345,2.4647,2.5847,2.7051,2.8258,2.9468,3.0682,3.1899,3.312,3.4344,3.5527,3.6695,3.7865,3.9037,4.0211,4.1387,4.2565,4.3745,4.4927,4.6093,4.713,4.8166,4.9202,5.0237,5.1272,5.2307,5.3341,5.4375,5.5408,5.5849,5.573,5.561,5.5488,5.5365,5.524,5.5113,5.4984,5.4853,5.4721,5.4006,5.323,5.2454,5.1677,5.09,5.0122,4.9343,4.8563,4.7782,4.6849,4.556,4.4271,4.2983,4.1696,4.041,3.9124,3.7839,3.6555,3.5271,3.491,3.4967,3.5023,3.5078,3.513,3.5181,3.523,3.5278,3.5323,3.5338,3.4993,3.4646,3.4295,3.3942,3.3587,3.3228,3.2867,3.2502,3.2135,3.1669,3.1087,3.05,2.991,2.9316,2.8717,2.8115
11.7834,11.8099,11.8367,11.8636,11.8907,11.9179,11.9452,11.9727,11.9892,11.9549,11.9209,11.8871,11.8536,11.8203,11.7873,11.7546,11.7221,11.6898,11.6409,11.5796,11.5186,11.458,11.3976,11.3376,11.2777,11.2181,11.1588,11.0997,10.9623,10.8219,10.6814,10.5409,10.4003,10.2596,10.1189,9.9781,9.8373,9.6876,9.5219,9.3561,9.1902,9.0242,8.8582,8.6921,8.526,8.3598,8.1935,8.0029,7.8042,7.6053,7.4064,7.2075,7.0085,6.8095,6.6104,6.4113,6.2062,5.965,5.7238,5.4825,5.2413,5.0001,4.759,4.5179,4.2768,4.0358,3.865,3.7552,3.6455,3.536,3.4267,3.3175,3.2085,3.0997,2.9911,2.8828,2.8491,2.8214,2.794,2.767,2.7405,2.7143,2.6886,2.6633,2.6386,2.6634,2.7923,2.9215,3.0511,3.181,3.3112,3.4418,3.5727,3.704,3.8356,3.9581,4.0771,4.1962,4.3155,4.4351,4.5548,4.6748,4.7949,4.9153,5.0335,5.1323,5.2311,5.3298,5.4285,5.5271,5.6257,5.7243,5.8228,5.9212,5.9618,5.9432,5.9244,5.9055,5.8864,5.8671,5.8477,5.8281,5.8082,5.7882,5.7143,5.6333,5.5522,5.471,5.3897,5.3084,5.227,5.1456,5.064,4.9694,4.8402,4.711,4.5819,4.4529,4.324,4.1951,4.0663,3.9376,3.809,3.766,3.7676,3.7691,3.7704,3.7715,3.7724,3.7732,3.7737,3.7741,3.7727,3.7331,3.6933,3.6531,3.6128,3.5721,3.5311,3.4899,3.4484,3.4066,3.3552,3.2909,3.2261,3.161,3.0955,3.0296,2.9632
11.8787,11.9015,11.9245,11.9477,11.971,11.9945,12.0181,12.0418,12.0526,12.0093,11.9662,11.9234,11.8809,11.8387,11.7967,11.7549,11.7134,11.672,11.6106,11.535,11.4596,11.3846,11.3098,11.2353,11.1611,11.0871,11.0134,10.9398,10.8016,10.6614,10.5211,10.3808,10.2404,10.0999,9.9594,9.8189,9.6783,9.5294,9.3657,9.202,9.0383,8.8744,8.7105,8.5466,8.3825,8.2185,8.0543,7.8672,7.6725,7.4777,7.2829,7.088,6.893,6.6981,6.503,6.308,6.1077,5.8761,5.6445,5.4128,5.1812,4.9496,4.718,4.4865,4.255,4.0236,3.8644,3.769,3.6738,3.5787,3.4838,3.389,3.2945,3.2001,3.106,3.0121,2.9968,2.9886,2.9807,2.9732,2.9661,2.9594,2.9532,2.9474,2.9421,2.9816,3.1197,3.2581,3.3969,3.536,3.6754,3.8151,3.9552,4.0957,4.2365,4.3635,4.4846,4.6058,4.7273,4.849,4.9709,5.093,5.2153,5.3378,5.458,5.5519,5.6458,5.7396,5.8334,5.9272,6.021,6.1146,6.2083,6.3018,6.339,6.3136,6.2881,6.2624,6.2366,6.2106,6.1844,6.158,6.1314,6.1047,6.0282,5.9437,5.8591,5.7744,5.6897,5.6049,5.52,5.435,5.35,5.254,5.1244,4.995,4.8656,4.7363,4.607,4.4779,4.3488,4.2198,4.0909,4.0414,4.0388,4.0361,4.0332,4.0302,4.027,4.0236,4.02,4.0162,4.0119,3.9672,3.9223,3.8771,3.8316,3.7859,3.7398,3.6935,3.6469,3.6,3.5439,3.4735,3.4027,3.3315,3.2599,3.1878,3.1154
11.9739,11.993,12.0122,12.0316,12.0512,12.0709,12.0908,12.1108,12.1157,12.0634,12.0113,11.9595,11.908,11.8568,11.8057,11.755,11.7044,11.6541,11.5801,11.49,11.4003,11.3109,11.2217,11.1328,11.0442,10.9558,10.8677,10.7798,10.6408,10.5008,10.3608,10.2207,10.0805,9.9403,9.8,9.6597,9.5193,9.3711,9.2096,9.048,8.8864,8.7247,8.5629,8.401,8.2391,8.0771,7.9151,7.7315,7.5408,7.3501,7.1593,6.9684,6.7776,6.5866,6.3956,6.2046,6.0092,5.7872,5.5651,5.3431,5.121,4.899,4.677,4.455,4.2331,4.0112,3.8637,3.7828,3.7019,3.6213,3.5408,3.4604,3.3803,3.3004,3.2206,3.1412,3.1443,3.1555,3.1671,3.1791,3.1914,3.2042,3.2174,3.2311,3.2452,3.2996,3.4469,3.5945,3.7425,3.8907,4.0393,4.1882,4.3375,4.4872,4.6372,4.7688,4.892,5.0154,5.1391,5.2629,5.3869,5.5111,5.6356,5.7602,5.8825,5.9716,6.0606,6.1496,6.2386,6.3275,6.4163,6.5052,6.5939,6.6826,6.7164,6.6843,6.6521,6.6196,6.5871,6.5543,6.5214,6.4883,6.4549,6.4214,6.3423,6.2543,6.1662,6.078,5.9898,5.9015,5.8131,5.7247,5.6361,5.5385,5.4087,5.2789,5.1492,5.0196,4.8901,4.7607,4.6313,4.502,4.3728,4.3169,4.3102,4.3034,4.2963,4.2891,4.2818,4.2742,4.2665,4.2586,4.2505,4.2017,4.1517,4.1014,4.0508,4,3.9489,3.8975,3.8458,3.7938,3.7331,3.6566,3.5797,3.5024,3.4247,3.3466,3.2681
12.0689,12.0843,12.0998,12.1155,12.1313,12.1473,12.1634,12.1796,12.1786,12.1172,12.0562,11.9954,11.9349,11.8746,11.8146,11.7548,11.6953,11.636,11.5492,11.4447,11.3406,11.2368,11.1333,11.03,10.927,10.8243,10.7217,10.6194,10.4801,10.3403,10.2005,10.0606,9.9206,9.7806,9.6405,9.5004,9.3602,9.2129,9.0535,8.894,8.7345,8.5749,8.4152,8.2555,8.0957,7.9358,7.7759,7.5958,7.4092,7.2225,7.0357,6.8489,6.6621,6.4752,6.2883,6.1013,5.9107,5.6982,5.4858,5.2733,5.0608,4.8483,4.6359,4.4235,4.2112,3.9989,3.8629,3.7963,3.7299,3.6637,3.5976,3.5317,3.4659,3.4004,3.3351,3.27,3.2915,3.3222,3.3532,3.3846,3.4164,3.4486,3.4813,3.5144,3.548,3.6175,3.7739,3.9307,4.0878,4.2453,4.403,4.5611,4.7196,4.8784,5.0376,5.174,5.2994,5.4249,5.5507,5.6767,5.8028,5.9292,6.0558,6.1826,6.3073,6.3915,6.4756,6.5598,6.6439,6.7279,6.8119,6.8959,6.9798,7.0636,7.0942,7.0553,7.0163,6.9772,6.9378,6.8983,6.8587,6.8188,6.7788,6.7385,6.6565,6.565,6.4734,6.3818,6.2901,6.1983,6.1064,6.0145,5.9224,5.823,5.6929,5.5629,5.4329,5.303,5.1732,5.0435,4.9138,4.7842,4.6547,4.5928,4.5819,4.5709,4.5597,4.5484,4.5368,4.5251,4.5133,4.5012,4.489,4.4365,4.3814,4.326,4.2704,4.2144,4.1582,4.1018,4.045,3.9879,3.9227,3.8401,3.7571,3.6737,3.59,3.5058,3.4212
12.1638,12.1755,12.1872,12.1992,12.2113,12.2235,12.2359,12.2484,12.2411,12.1708,12.1007,12.031,11.9615,11.8922,11.8232,11.7544,11.6859,11.6176,11.5179,11.3991,11.2807,11.1625,11.0446,10.9269,10.8096,10.6924,10.5755,10.4588,10.3194,10.1798,10.0402,9.9005,9.7607,9.6209,9.4811,9.3412,9.2012,9.0547,8.8974,8.7401,8.5827,8.4252,8.2676,8.11,7.9523,7.7945,7.6367,7.4601,7.2775,7.0949,6.9122,6.7294,6.5466,6.3638,6.1809,5.9979,5.8122,5.6093,5.4064,5.2034,5.0005,4.7976,4.5947,4.3919,4.1891,3.9864,3.8619,3.8098,3.7578,3.7059,3.6542,3.6027,3.5514,3.5003,3.4493,3.3987,3.4384,3.4885,3.539,3.5898,3.641,3.6927,3.7448,3.7973,3.8503,3.9351,4.1008,4.2667,4.433,4.5996,4.7665,4.9338,5.1014,5.2694,5.4378,5.5792,5.7067,5.8344,5.9623,6.0904,6.2187,6.3472,6.476,6.6049,6.7322,6.8115,6.8908,6.9701,7.0493,7.1285,7.2077,7.2868,7.3658,7.4448,7.4721,7.4266,7.3808,7.3349,7.2889,7.2427,7.1963,7.1497,7.1029,7.0559,6.9709,6.8759,6.7809,6.6857,6.5905,6.4953,6.3999,6.3045,6.209,6.1076,5.9772,5.8468,5.7166,5.5864,5.4563,5.3263,5.1963,5.0665,4.9367,4.8688,4.8538,4.8387,4.8233,4.8078,4.7922,4.7763,4.7603,4.7441,4.7277,4.6716,4.6114,4.551,4.4903,4.4293,4.368,4.3064,4.2446,4.1824,4.1128,4.0241,3.935,3.8456,3.7557,3.6655,3.5748
12.2586,12.2665,12.2745,12.2827,12.2911,12.2996,12.3082,12.317,12.3034,12.2241,12.1451,12.0663,11.9878,11.9096,11.8316,11.7538,11.6763,11.599,11.4864,11.3532,11.2204,11.0878,10.9555,10.8235,10.6918,10.5603,10.4291,10.2979,10.1586,10.0193,9.8799,9.7404,9.6009,9.4613,9.3217,9.182,9.0422,8.8965,8.7414,8.5861,8.4308,8.2754,8.12,7.9645,7.8089,7.6533,7.4976,7.3245,7.1459,6.9673,6.7886,6.6099,6.4311,6.2523,6.0735,5.8946,5.7137,5.5203,5.3269,5.1336,4.9402,4.7469,4.5536,4.3603,4.1671,3.9739,3.8609,3.8231,3.7855,3.748,3.7107,3.6736,3.6367,3.5999,3.5634,3.5271,3.585,3.6546,3.7244,3.7947,3.8653,3.9364,4.0079,4.0799,4.1523,4.2526,4.4274,4.6025,4.7779,4.9537,5.1298,5.3062,5.483,5.6602,5.8377,5.9843,6.1139,6.2438,6.3738,6.5041,6.6345,6.7652,6.8961,7.0271,7.1572,7.2317,7.3062,7.3806,7.455,7.5293,7.6036,7.6779,7.7521,7.8262,7.8504,7.7981,7.7456,7.693,7.6402,7.5873,7.5341,7.4808,7.4273,7.3736,7.2855,7.187,7.0885,6.9899,6.8912,6.7924,6.6936,6.5947,6.4957,6.3922,6.2615,6.1308,6.0003,5.8698,5.7394,5.6091,5.4789,5.3487,5.2186,5.1452,5.126,5.1067,5.0872,5.0676,5.0478,5.0278,5.0076,4.9872,4.9667,4.9071,4.8418,4.7763,4.7105,4.6444,4.5781,4.5115,4.4445,4.3773,4.3032,4.2085,4.1133,4.0178,3.9219,3.8256,3.7288
12.3533,12.3574,12.3617,12.3662,12.3708,12.3756,12.3805,12.3855,12.3654,12.2771,12.1891,12.1014,12.0139,11.9267,11.8397,11.753,11.6665,11.5802,11.4545,11.3069,11.1597,11.0128,10.8662,10.7199,10.5738,10.4279,10.2823,10.137,9.9979,9.8588,9.7196,9.5803,9.441,9.3016,9.1622,9.0227,8.8832,8.7384,8.5853,8.4322,8.279,8.1257,7.9724,7.819,7.6655,7.512,7.3584,7.1889,7.0143,6.8397,6.6651,6.4904,6.3157,6.1409,5.9661,5.7912,5.6151,5.4313,5.2475,5.0637,4.8799,4.6961,4.5123,4.3286,4.1449,3.9613,3.8597,3.8363,3.8131,3.79,3.7671,3.7443,3.7218,3.6994,3.6773,3.6554,3.7314,3.8203,3.9096,3.9992,4.0893,4.1798,4.2707,4.362,4.4538,4.5698,4.7538,4.9381,5.1227,5.3076,5.4928,5.6784,5.8644,6.0507,6.2374,6.3893,6.5211,6.6531,6.7853,6.9177,7.0503,7.1831,7.3161,7.4493,7.5824,7.6521,7.7217,7.7912,7.8608,7.9303,7.9997,8.0691,8.1385,8.2078,8.2289,8.1699,8.1107,8.0514,7.9919,7.9322,7.8723,7.8123,7.752,7.6916,7.6002,7.4983,7.3962,7.2941,7.192,7.0897,6.9874,6.885,6.7825,6.6767,6.5458,6.4148,6.284,6.1532,6.0226,5.892,5.7614,5.631,5.5006,5.4217,5.3984,5.375,5.3513,5.3276,5.3036,5.2795,5.2552,5.2307,5.206,5.1429,5.0726,5.002,4.9311,4.8599,4.7885,4.7168,4.6448,4.5726,4.4942,4.3933,4.2921,4.1905,4.0885,3.9861,3.8834
12.4478,12.4482,12.4488,12.4495,12.4504,12.4514,12.4526,12.4539,12.4272,12.3299,12.2329,12.1362,12.0398,11.9436,11.8476,11.7519,11.6564,11.5612,11.4222,11.2604,11.0988,10.9376,10.7766,10.6159,10.4555,10.2953,10.1353,9.9761,9.8372,9.6983,9.5593,9.4202,9.2811,9.142,9.0028,8.8635,8.7242,8.5803,8.4293,8.2783,8.1272,7.976,7.8248,7.6735,7.5221,7.3707,7.2192,7.0532,6.8827,6.7122,6.5416,6.3709,6.2002,6.0295,5.8587,5.6879,5.5166,5.3423,5.168,4.9937,4.8195,4.6452,4.471,4.2968,4.1227,3.9486,3.8584,3.8494,3.8405,3.8318,3.8233,3.8149,3.8067,3.7987,3.7909,3.7834,3.8774,3.9857,4.0944,4.2035,4.3129,4.4228,4.5331,4.6438,4.755,4.8869,5.08,5.2735,5.4672,5.6613,5.8557,6.0504,6.2455,6.441,6.6368,6.7943,6.9283,7.0624,7.1967,7.3312,7.466,7.6009,7.736,7.8714,8.0069,8.0726,8.1374,8.2021,8.2668,8.3314,8.396,8.4606,8.5251,8.5895,8.6077,8.542,8.4761,8.41,8.3438,8.2774,8.2108,8.144,8.0771,8.0099,7.9151,7.8097,7.7042,7.5986,7.4929,7.3872,7.2814,7.1756,7.0696,6.9613,6.8301,6.6989,6.5677,6.4367,6.3057,6.1748,6.044,5.9133,5.7826,5.6985,5.6711,5.6435,5.6157,5.5878,5.5597,5.5314,5.503,5.4744,5.4455,5.379,5.3036,5.228,5.152,5.0758,4.9993,4.9226,4.8455,4.7682,4.6855,4.5786,4.4714,4.3637,4.2556,4.1472,4.0383
12.5422,12.5389,12.5357,12.5327,12.5299,12.5272,12.5246,12.5222,12.4887,12.3824,12.2765,12.1708,12.0654,11.9602,11.8553,11.7506,11.6462,11.5419,11.3896,11.2134,11.0376,10.862,10.6867,10.5117,10.3369,10.1624,9.9881,9.8151,9.6765,9.5378,9.399,9.2602,9.1213,8.9823,8.8433,8.7043,8.5652,8.4222,8.2733,8.1244,7.9754,7.8264,7.6772,7.528,7.3788,7.2295,7.0801,6.9176,6.7512,6.5846,6.4181,6.2514,6.0848,5.9181,5.7513,5.5845,5.418,5.2532,5.0885,4.9238,4.759,4.5943,4.4297,4.265,4.1004,3.9359,3.857,3.8623,3.8678,3.8735,3.8793,3.8853,3.8914,3.8978,3.9044,3.9113,4.0231,4.1509,4.2789,4.4073,4.5362,4.6654,4.7951,4.9252,5.0558,5.2038,5.4061,5.6086,5.8115,6.0147,6.2183,6.4222,6.6264,6.831,7.036,7.1993,7.3353,7.4716,7.6081,7.7447,7.8816,8.0187,8.1559,8.2934,8.4311,8.4933,8.5532,8.6131,8.673,8.7328,8.7925,8.8522,8.9119,8.9715,8.9868,8.9143,8.8417,8.7689,8.696,8.6229,8.5496,8.4761,8.4024,8.3286,8.2302,8.1213,8.0123,7.9032,7.7941,7.6849,7.5756,7.4663,7.3568,7.246,7.1144,6.9829,6.8515,6.7201,6.5889,6.4577,6.3266,6.1956,6.0646,5.9756,5.944,5.9123,5.8804,5.8483,5.8161,5.7837,5.7511,5.7183,5.6854,5.6155,5.535,5.4543,5.3733,5.292,5.2105,5.1286,5.0465,4.9641,4.8773,4.7644,4.651,4.5373,4.4232,4.3087,4.1937
12.6365,12.6294,12.6225,12.6158,12.6092,12.6028,12.5965,12.5904,12.5499,12.4347,12.3198,12.2051,12.0907,11.9766,11.8627,11.7491,11.6357,11.5225,11.3567,11.1662,10.976,10.7861,10.5965,10.4071,10.218,10.0292,9.8405,9.6542,9.5158,9.3773,9.2387,9.1001,8.9614,8.8227,8.6839,8.5451,8.4062,8.2641,8.1174,7.9705,7.8237,7.6767,7.5297,7.3826,7.2355,7.0882,6.941,6.7821,6.6196,6.4571,6.2946,6.132,5.9693,5.8066,5.6439,5.4811,5.3194,5.1642,5.009,4.8538,4.6986,4.5434,4.3883,4.2332,4.0781,3.9231,3.8554,3.8751,3.895,3.915,3.9352,3.9555,3.976,3.9968,4.0177,4.0389,4.1686,4.3157,4.4631,4.6109,4.7591,4.9077,5.0567,5.2062,5.3562,5.5205,5.7319,5.9436,6.1556,6.368,6.5807,6.7937,7.0071,7.2208,7.4349,7.6042,7.7424,7.8808,8.0193,8.1581,8.2971,8.4363,8.5757,8.7154,8.8552,8.9142,8.9692,9.0243,9.0793,9.1343,9.1892,9.2441,9.2989,9.3536,9.3661,9.287,9.2076,9.1281,9.0485,8.9686,8.8886,8.8084,8.7281,8.6475,8.5454,8.433,8.3205,8.208,8.0954,7.9827,7.87,7.7572,7.6442,7.5306,7.3987,7.267,7.1353,7.0036,6.8721,6.7406,6.6092,6.4779,6.3466,6.2529,6.2172,6.1813,6.1453,6.1091,6.0723,6.0344,5.9964,5.9584,5.9203,5.8468,5.7614,5.6762,5.591,5.506,5.4212,5.3364,5.2518,5.1674,5.0802,4.9673,4.8549,4.7429,4.6312,4.52,4.4092
12.7301,12.7198,12.7092,12.6988,12.6885,12.6783,12.6683,12.6584,12.6108,12.4867,12.3628,12.2392,12.1158,11.9928,11.8699,11.7473,11.625,11.5028,11.3234,11.1186,10.9141,10.7099,10.5059,10.3023,10.0989,9.8957,9.6928,9.4933,9.3551,9.2168,9.0784,8.94,8.8016,8.6631,8.5245,8.3859,8.2472,8.106,7.9614,7.8167,7.6719,7.5271,7.3821,7.2372,7.0921,6.947,6.8019,6.6465,6.4881,6.3296,6.1711,6.0125,5.8539,5.6952,5.5365,5.3778,5.2208,5.0751,4.9294,4.7837,4.6381,4.4924,4.3468,4.2012,4.0557,3.9102,3.8538,3.8878,3.922,3.9564,3.9909,4.0256,4.0604,4.0955,4.1308,4.1663,4.3138,4.4802,4.647,4.8141,4.9817,5.1497,5.318,5.4869,5.6562,5.837,6.0575,6.2784,6.4995,6.721,6.9428,7.165,7.3875,7.6104,7.8336,8.009,8.1493,8.2898,8.4306,8.5715,8.7126,8.8539,8.9955,9.1372,9.2792,9.3352,9.3854,9.4351,9.483,9.5308,9.5784,9.6259,9.6732,9.7203,9.7274,9.6396,9.5518,9.464,9.3763,9.2885,9.2007,9.1129,9.0252,8.9374,8.8307,8.714,8.5973,8.4807,8.3642,8.2477,8.1313,8.0149,7.8985,7.7821,7.6481,7.514,7.38,7.2461,7.1121,6.9782,6.8442,6.7103,6.5765,6.4769,6.4376,6.3983,6.359,6.3197,6.2803,6.241,6.2016,6.1622,6.1228,6.0511,5.9667,5.8824,5.7982,5.7142,5.6303,5.5465,5.4629,5.3794,5.2944,5.186,5.078,4.9704,4.8632,4.7564,4.65
12.7371,12.7166,12.6964,12.6766,12.6572,12.6382,12.6195,12.6012,12.5455,12.4188,12.2922,12.1656,12.0392,11.9128,11.7865,11.6602,11.534,11.4079,11.2201,11.0063,10.7926,10.5791,10.3657,10.1524,9.9393,9.7262,9.5132,9.3047,9.1647,9.0246,8.8845,8.7444,8.6043,8.4642,8.324,8.1839,8.0436,7.9018,7.7577,7.6136,7.4693,7.3251,7.1807,7.0363,6.8918,6.7472,6.6026,6.4481,6.2907,6.1333,5.9758,5.8182,5.6606,5.5028,5.345,5.187,5.0321,4.8974,4.7625,4.6277,4.4928,4.3579,4.223,4.088,3.9531,3.8183,3.7717,3.8163,3.861,3.9057,3.9504,3.9952,4.0401,4.085,4.1301,4.1752,4.3437,4.5343,4.7254,4.917,5.1091,5.3017,5.4949,5.6887,5.8832,6.0851,6.3133,6.5419,6.7707,6.9998,7.2292,7.4588,7.6888,7.9191,8.1497,8.329,8.4685,8.6082,8.748,8.8878,9.0278,9.168,9.3082,9.4485,9.589,9.6386,9.6803,9.7219,9.7633,9.8046,9.8457,9.8867,9.9275,9.9682,9.9728,9.8834,9.7939,9.7044,9.615,9.5255,9.4361,9.3467,9.2572,9.1678,9.0609,8.9438,8.8268,8.7098,8.5928,8.476,8.3591,8.2424,8.1256,8.009,7.8743,7.7394,7.6045,7.4696,7.3347,7.1998,7.065,6.9302,6.7954,6.6919,6.6512,6.6105,6.5698,6.5291,6.4884,6.4477,6.4069,6.3661,6.3253,6.2553,6.1719,6.0885,6.0054,5.9223,5.8394,5.7566,5.6739,5.5914,5.5084,5.4044,5.3009,5.1977,5.0949,4.9925,4.8905
12.7437,12.7118,12.6802,12.6491,12.6183,12.5878,12.5578,12.528,12.462,12.3312,12.2006,12.07,11.9396,11.8092,11.6788,11.5486,11.4184,11.2883,11.0922,10.8698,10.6476,10.4256,10.2037,9.9819,9.7602,9.5386,9.3171,9.1011,8.9575,8.8139,8.6703,8.5266,8.383,8.2393,8.0956,7.9519,7.8081,7.6636,7.5182,7.3727,7.2271,7.0814,6.9357,6.7899,6.6441,6.4982,6.3521,6.1959,6.0366,5.8772,5.7178,5.5583,5.3987,5.239,5.0792,4.9194,4.7644,4.6421,4.5197,4.3973,4.2748,4.1523,4.0298,3.9074,3.7849,3.6625,3.6258,3.6791,3.7325,3.7859,3.8393,3.8928,3.9464,4,4.0537,4.1075,4.3012,4.5212,4.7418,4.9628,5.1843,5.4064,5.6291,5.8523,6.0762,6.303,6.5399,6.7771,7.0145,7.2522,7.4902,7.7285,7.9671,8.206,8.4452,8.6298,8.7697,8.9097,9.0499,9.1901,9.3305,9.471,9.6116,9.7523,9.8931,9.9385,9.9737,10.0088,10.0438,10.0786,10.1132,10.1477,10.1821,10.2163,10.2183,10.1272,10.036,9.9449,9.8538,9.7627,9.6716,9.5805,9.4894,9.3983,9.2912,9.1737,9.0562,8.9388,8.8215,8.7042,8.587,8.4699,8.3527,8.2357,8.1006,7.9648,7.8289,7.6931,7.5573,7.4215,7.2858,7.15,7.0143,6.907,6.865,6.8229,6.7808,6.7387,6.6966,6.6544,6.6123,6.5701,6.5279,6.4595,6.377,6.2946,6.2124,6.1303,6.0484,5.9666,5.8849,5.8034,5.7219,5.6225,5.5234,5.4246,5.3262,5.2282,5.1307
12.7499,12.7066,12.6637,12.6211,12.5789,12.5371,12.4957,12.4545,12.3783,12.2436,12.1089,11.9743,11.8399,11.7054,11.5711,11.4368,11.3026,11.1685,10.964,10.7332,10.5025,10.2719,10.0415,9.8111,9.5809,9.3509,9.1209,8.8974,8.7502,8.6031,8.4559,8.3087,8.1616,8.0143,7.8671,7.7198,7.5725,7.4254,7.2786,7.1318,6.9848,6.8378,6.6908,6.5436,6.3964,6.2491,6.1017,5.9436,5.7824,5.6211,5.4598,5.2983,5.1368,4.9752,4.8135,4.6517,4.4967,4.3868,4.2768,4.1668,4.0568,3.9467,3.8367,3.7266,3.6166,3.5065,3.4798,3.5418,3.6039,3.6659,3.7281,3.7903,3.8525,3.9148,3.9772,4.0398,4.2582,4.5077,4.7577,5.0081,5.2591,5.5106,5.7626,6.0153,6.2686,6.5209,6.7664,7.0121,7.2582,7.5045,7.7511,7.998,8.2452,8.4927,8.7405,8.9306,9.0709,9.2113,9.3518,9.4924,9.6331,9.774,9.9149,10.056,10.1971,10.2387,10.2674,10.296,10.3245,10.3528,10.381,10.4091,10.4369,10.4646,10.4638,10.371,10.2782,10.1854,10.0927,9.9999,9.9071,9.8144,9.7216,9.6289,9.5214,9.4035,9.2857,9.1679,9.0502,8.9325,8.8149,8.6974,8.5799,8.4624,8.327,8.1902,8.0534,7.9167,7.78,7.6433,7.5066,7.37,7.2333,7.1222,7.0788,7.0353,6.9918,6.9483,6.9048,6.8613,6.8178,6.7742,6.7306,6.6636,6.582,6.5007,6.4194,6.3383,6.2573,6.1765,6.0958,6.0152,5.9348,5.8403,5.7455,5.6512,5.5572,5.4637,5.3705
12.7558,12.7011,12.6467,12.5928,12.5392,12.486,12.4332,12.3807,12.2945,12.1558,12.0171,11.8785,11.74,11.6016,11.4633,11.325,11.1868,11.0486,10.8357,10.5963,10.3571,10.118,9.8791,9.6402,9.4015,9.1629,8.9245,8.6936,8.5429,8.3922,8.2415,8.0908,7.9401,7.7893,7.6386,7.4878,7.3369,7.1873,7.0391,6.8909,6.7426,6.5942,6.4458,6.2973,6.1487,6,5.8513,5.6914,5.5282,5.365,5.2017,5.0384,4.8749,4.7114,4.5478,4.3841,4.229,4.1315,4.0339,3.9363,3.8387,3.7411,3.6434,3.5458,3.4481,3.3505,3.3337,3.4044,3.4752,3.5459,3.6167,3.6876,3.7585,3.8296,3.9007,3.9718,4.2148,4.4937,4.7731,5.0529,5.3333,5.6142,5.8956,6.1777,6.4604,6.7385,6.9926,7.247,7.5016,7.7565,8.0117,8.2672,8.523,8.7791,9.0356,9.2314,9.3721,9.5128,9.6537,9.7947,9.9357,10.0769,10.2183,10.3597,10.5012,10.5391,10.5613,10.5835,10.6055,10.6273,10.649,10.6706,10.692,10.7133,10.7094,10.6149,10.5205,10.426,10.3316,10.2372,10.1428,10.0483,9.9539,9.8595,9.7517,9.6334,9.5152,9.397,9.2789,9.1609,9.0429,8.9249,8.807,8.6892,8.5534,8.4157,8.278,8.1403,8.0027,7.8651,7.7275,7.5899,7.4524,7.3375,7.2927,7.2478,7.2029,7.1581,7.1132,7.0683,7.0233,6.9784,6.9334,6.8676,6.787,6.7066,6.6264,6.5462,6.4662,6.3863,6.3066,6.227,6.1475,6.0577,5.9674,5.8774,5.7879,5.6987,5.61
12.7612,12.6951,12.6294,12.5641,12.4992,12.4346,12.3704,12.3065,12.2106,12.0679,11.9252,11.7826,11.6401,11.4977,11.3553,11.213,11.0708,10.9287,10.7071,10.4592,10.2115,9.9639,9.7165,9.4692,9.222,8.9749,8.7279,8.4897,8.3355,8.1813,8.0271,7.8728,7.7186,7.5643,7.41,7.2556,7.1013,6.949,6.7995,6.6499,6.5003,6.3506,6.2008,6.0509,5.901,5.751,5.6009,5.4391,5.274,5.1089,4.9437,4.7784,4.613,4.4476,4.282,4.1164,3.9612,3.8761,3.791,3.7058,3.6206,3.5353,3.4501,3.3649,3.2796,3.1944,3.1876,3.267,3.3464,3.4258,3.5053,3.5849,3.6645,3.7442,3.8239,3.9038,4.171,4.4793,4.788,5.0972,5.407,5.7173,6.0281,6.3395,6.6516,6.9559,7.2186,7.4816,7.7448,8.0084,8.2722,8.5363,8.8007,9.0654,9.3304,9.5322,9.6732,9.8143,9.9556,10.0969,10.2384,10.3799,10.5216,10.6634,10.8053,10.8396,10.8554,10.8711,10.8867,10.9021,10.9173,10.9324,10.9474,10.9621,10.9551,10.8589,10.7628,10.6667,10.5706,10.4745,10.3785,10.2824,10.1863,10.0902,9.982,9.8633,9.7447,9.6262,9.5077,9.3892,9.2708,9.1525,9.0342,8.916,8.7798,8.6412,8.5026,8.364,8.2255,8.087,7.9485,7.81,7.6715,7.5529,7.5066,7.4604,7.4141,7.3679,7.3216,7.2753,7.229,7.1826,7.1363,7.0715,6.992,6.9125,6.8332,6.754,6.675,6.5961,6.5173,6.4387,6.3602,6.2748,6.1889,6.1034,6.0182,5.9335,5.8492
12.7662,12.6887,12.6117,12.535,12.4587,12.3828,12.3072,12.2319,12.1266,11.9799,11.8332,11.6866,11.5401,11.3936,11.2473,11.101,10.9548,10.8086,10.5784,10.322,10.0658,9.8097,9.5538,9.2979,9.0422,8.7866,8.5311,8.2858,8.1281,7.9704,7.8126,7.6548,7.497,7.3392,7.1814,7.0235,6.8656,6.7108,6.5599,6.409,6.258,6.1069,5.9558,5.8045,5.6533,5.5019,5.3505,5.1868,5.0199,4.8528,4.6857,4.5185,4.3512,4.1838,4.0163,3.8487,3.6934,3.6208,3.548,3.4752,3.4024,3.3296,3.2567,3.1839,3.111,3.0382,3.0414,3.1294,3.2175,3.3056,3.3938,3.482,3.5703,3.6587,3.7471,3.8357,4.1267,4.4644,4.8025,5.1411,5.4802,5.8198,6.16,6.5008,6.8422,7.1732,7.4445,7.7161,7.9879,8.26,8.5324,8.8051,9.0781,9.3514,9.625,9.833,9.9744,10.1158,10.2574,10.3991,10.541,10.6829,10.8249,10.9671,11.1093,11.1404,11.1498,11.159,11.1681,11.177,11.1858,11.1945,11.203,11.2113,11.2008,11.103,11.0052,10.9075,10.8097,10.712,10.6142,10.5165,10.4188,10.321,10.2123,10.0933,9.9742,9.8553,9.7364,9.6176,9.4988,9.3801,9.2614,9.1428,9.0063,8.8668,8.7273,8.5878,8.4483,8.3089,8.1695,8.03,7.8907,7.7683,7.7207,7.6731,7.6254,7.5778,7.5301,7.4824,7.4347,7.387,7.3392,7.2754,7.1968,7.1184,7.04,6.9618,6.8838,6.8058,6.728,6.6504,6.5728,6.4916,6.4101,6.329,6.2483,6.1679,6.088
12.7708,12.682,12.5936,12.5055,12.4179,12.3306,12.2436,12.157,12.0425,11.8917,11.741,11.5905,11.4399,11.2895,11.1391,10.9889,10.8386,10.6885,10.4494,10.1845,9.9198,9.6553,9.3908,9.1265,8.8623,8.5983,8.3343,8.0819,7.9206,7.7593,7.598,7.4367,7.2754,7.1141,6.9527,6.7913,6.6298,6.4726,6.3203,6.168,6.0157,5.8632,5.7107,5.5582,5.4055,5.2528,5.1,4.9346,4.7657,4.5967,4.4276,4.2585,4.0893,3.92,3.7506,3.5811,3.4256,3.3653,3.305,3.2446,3.1842,3.1237,3.0633,3.0028,2.9424,2.882,2.8951,2.9918,3.0886,3.1854,3.2822,3.3791,3.476,3.5731,3.6702,3.7674,4.082,4.449,4.8165,5.1844,5.5528,5.9218,6.2914,6.6615,7.0323,7.3903,7.6702,7.9503,8.2308,8.5114,8.7924,9.0737,9.3553,9.6372,9.9194,10.1338,10.2755,10.4173,10.5593,10.7014,10.8435,10.9858,11.1282,11.2707,11.4134,11.4415,11.4444,11.4471,11.4497,11.4522,11.4546,11.4568,11.4588,11.4607,11.4466,11.3471,11.2477,11.1483,11.0489,10.9495,10.8501,10.7507,10.6513,10.5519,10.4426,10.3232,10.2038,10.0845,9.9652,9.8459,9.7268,9.6077,9.4886,9.3696,9.2329,9.0924,8.952,8.8116,8.6712,8.5308,8.3905,8.2502,8.1099,7.9838,7.9348,7.8858,7.8368,7.7878,7.7387,7.6896,7.6405,7.5914,7.5423,7.4793,7.4016,7.3241,7.2468,7.1695,7.0924,7.0155,6.9386,6.8619,6.7854,6.7081,6.631,6.5543,6.4779,6.402,6.3265
12.775,12.6748,12.5751,12.4757,12.3767,12.278,12.1797,12.0818,11.9582,11.8035,11.6488,11.4942,11.3397,11.1853,11.0309,10.8766,10.7224,10.5682,10.3203,10.0469,9.7737,9.5007,9.2277,8.955,8.6823,8.4097,8.1372,7.8779,7.7131,7.5483,7.3834,7.2186,7.0538,6.8889,6.724,6.559,6.3941,6.2343,6.0807,5.9271,5.7734,5.6196,5.4657,5.3118,5.1578,5.0037,4.8496,4.6823,4.5114,4.3406,4.1696,3.9985,3.8274,3.6562,3.4849,3.3135,3.1578,3.1099,3.0619,3.0139,2.9659,2.9178,2.8697,2.8217,2.7736,2.7256,2.7488,2.8542,2.9596,3.065,3.1705,3.276,3.3817,3.4873,3.5931,3.699,4.0369,4.4332,4.83,5.2272,5.625,6.0233,6.4222,6.8216,7.2217,7.6072,7.8957,8.1844,8.4734,8.7627,9.0522,9.3421,9.6323,9.9227,10.2135,10.4345,10.5766,10.7188,10.8612,11.0036,11.1461,11.2888,11.4315,11.5744,11.7174,11.7427,11.7391,11.7355,11.7316,11.7277,11.7236,11.7193,11.7149,11.7103,11.6924,11.5913,11.4902,11.3892,11.2881,11.187,11.086,10.9849,10.8839,10.7828,10.673,10.5531,10.4334,10.3136,10.194,10.0743,9.9548,9.8353,9.7158,9.5964,9.4595,9.3181,9.1768,9.0354,8.8941,8.7529,8.6116,8.4704,8.3292,8.1994,8.1491,8.0987,8.0483,7.9978,7.9474,7.8969,7.8465,7.796,7.7454,7.683,7.6064,7.5298,7.4534,7.3772,7.301,7.225,7.1492,7.0734,6.9979,6.9243,6.8515,6.7792,6.7073,6.6358,6.5647
12.7788,12.6673,12.5562,12.4455,12.3351,12.2251,12.1155,12.0062,11.8739,11.7151,11.5564,11.3978,11.2393,11.0809,10.9225,10.7642,10.606,10.4479,10.1909,9.9091,9.6274,9.3459,9.0645,8.7832,8.502,8.221,7.94,7.6738,7.5055,7.3371,7.1688,7.0004,6.832,6.6636,6.4952,6.3268,6.1583,5.996,5.8411,5.6861,5.531,5.3759,5.2207,5.0654,4.9101,4.7546,4.5991,4.43,4.2572,4.0844,3.9115,3.7386,3.5655,3.3924,3.2191,3.0458,2.89,2.8545,2.8189,2.7832,2.7475,2.7118,2.6761,2.6404,2.6048,2.5691,2.6024,2.7164,2.8304,2.9445,3.0587,3.1729,3.2872,3.4015,3.5159,3.6305,3.9913,4.417,4.843,5.2696,5.6966,6.1242,6.5524,6.9812,7.4106,7.8239,8.121,8.4183,8.7159,9.0137,9.3119,9.6103,9.909,10.2081,10.5074,10.7353,10.8778,11.0203,11.163,11.3058,11.4487,11.5917,11.7348,11.878,12.0214,12.0442,12.0342,12.024,12.0138,12.0033,11.9928,11.9821,11.9712,11.9602,11.9383,11.8356,11.7328,11.6301,11.5274,11.4247,11.322,11.2193,11.1166,11.0139,10.9034,10.7831,10.6629,10.5428,10.4228,10.3028,10.1828,10.0629,9.9431,9.8233,9.6861,9.5438,9.4016,9.2593,9.1171,8.9749,8.8328,8.6906,8.5485,8.4151,8.3634,8.3116,8.2598,8.208,8.1562,8.1043,8.0525,8.0006,7.9487,7.8867,7.811,7.7355,7.66,7.5847,7.5096,7.4345,7.3596,7.2849,7.2103,7.1401,7.0718,7.0039,6.9363,6.8692,6.8025
12.7822,12.6594,12.5369,12.4149,12.2932,12.1719,12.0509,11.9302,11.7894,11.6266,11.4639,11.3014,11.1389,10.9764,10.8141,10.6518,10.4896,10.3274,10.0613,9.7711,9.4809,9.1909,8.901,8.6113,8.3216,8.0321,7.7427,7.4696,7.2978,7.1259,6.9541,6.7822,6.6103,6.4384,6.2664,6.0944,5.9224,5.7578,5.6015,5.4451,5.2887,5.1322,4.9756,4.819,4.6623,4.5055,4.3487,4.1777,4.003,3.8283,3.6535,3.4786,3.3036,3.1285,2.9534,2.7782,2.6221,2.599,2.5757,2.5524,2.5291,2.5058,2.4825,2.4591,2.4358,2.4125,2.4559,2.5785,2.7013,2.824,2.9468,3.0697,3.1926,3.3156,3.4386,3.5618,3.9453,4.4002,4.8556,5.3114,5.7678,6.2247,6.6821,7.1402,7.5988,8.0405,8.3461,8.652,8.9581,9.2646,9.5713,9.8783,10.1856,10.4932,10.8011,11.036,11.1789,11.3218,11.4648,11.608,11.7512,11.8946,12.0381,12.1817,12.3254,12.3459,12.3294,12.3128,12.2961,12.2792,12.2622,12.2451,12.2278,12.2103,12.1843,12.0799,11.9755,11.8711,11.7668,11.6624,11.558,11.4537,11.3493,11.245,11.1337,11.0131,10.8926,10.772,10.6516,10.5312,10.4109,10.2906,10.1703,10.0502,9.9128,9.7696,9.6264,9.4833,9.3402,9.1971,9.054,8.9109,8.7679,8.6309,8.5777,8.5246,8.4714,8.4182,8.365,8.3118,8.2585,8.2053,8.152,8.0904,8.0156,7.941,7.8666,7.7922,7.718,7.644,7.5701,7.4963,7.4226,7.3556,7.2917,7.2282,7.165,7.1023,7.04
12.7852,12.651,12.5173,12.3839,12.2509,12.1182,11.9859,11.8539,11.7047,11.538,11.3713,11.2048,11.0383,10.8719,10.7055,10.5392,10.373,10.2069,9.9316,9.6328,9.3342,9.0358,8.7374,8.4392,8.1411,7.8431,7.5452,7.2654,7.0901,6.9147,6.7393,6.5639,6.3885,6.213,6.0375,5.862,5.6865,5.5195,5.3618,5.2041,5.0463,4.8885,4.7306,4.5726,4.4145,4.2564,4.0982,3.9254,3.7488,3.5721,3.3954,3.2186,3.0417,2.8647,2.6877,2.5105,2.3543,2.3434,2.3326,2.3216,2.3107,2.2997,2.2887,2.2778,2.2668,2.2559,2.3093,2.4406,2.572,2.7034,2.8348,2.9663,3.0979,3.2295,3.3612,3.493,3.8989,4.3831,4.8677,5.3528,5.8384,6.3246,6.8113,7.2986,7.7865,8.2569,8.5711,8.8855,9.2002,9.5152,9.8305,10.146,10.4619,10.7781,11.0946,11.3368,11.48,11.6232,11.7666,11.9102,12.0538,12.1975,12.3414,12.4853,12.6294,12.6478,12.6249,12.6018,12.5787,12.5554,12.532,12.5084,12.4846,12.4607,12.4304,12.3243,12.2183,12.1122,12.0062,11.9002,11.7942,11.6881,11.5821,11.4761,11.3641,11.2431,11.1222,11.0013,10.8804,10.7597,10.6389,10.5182,10.3976,10.2771,10.1395,9.9954,9.8514,9.7073,9.5633,9.4192,9.2752,9.1313,8.9873,8.8467,8.7922,8.7377,8.6831,8.6285,8.574,8.5194,8.4647,8.4101,8.3554,8.2939,8.2202,8.1465,8.073,7.9997,7.9264,7.8534,7.7804,7.7076,7.6349,7.5708,7.5113,7.4522,7.3934,7.3351,7.2772
12.7878,12.6423,12.4972,12.3525,12.2082,12.0642,11.9206,11.7773,11.62,11.4493,11.2786,11.1081,10.9376,10.7672,10.5968,10.4266,10.2564,10.0862,9.8016,9.4944,9.1874,8.8804,8.5736,8.2669,7.9604,7.6539,7.3475,7.0612,6.8823,6.7034,6.5245,6.3456,6.1666,5.9876,5.8087,5.6296,5.4506,5.2811,5.1221,4.9631,4.804,4.6448,4.4855,4.3262,4.1668,4.0073,3.8477,3.6731,3.4946,3.316,3.1374,2.9586,2.7798,2.6009,2.422,2.2429,2.0864,2.0879,2.0894,2.0908,2.0922,2.0936,2.0949,2.0963,2.0977,2.0991,2.1627,2.3026,2.4426,2.5827,2.7227,2.8629,3.0031,3.1433,3.2837,3.4242,3.852,4.3654,4.8793,5.3937,5.9085,6.4239,6.9399,7.4564,7.9736,8.4731,8.7958,9.1188,9.4421,9.7656,10.0895,10.4136,10.738,11.0627,11.3878,11.6375,11.781,11.9247,12.0685,12.2123,12.3563,12.5004,12.6446,12.7889,12.9334,12.9499,12.9205,12.8911,12.8615,12.8318,12.8019,12.7719,12.7417,12.7114,12.6765,12.5688,12.4611,12.3534,12.2457,12.138,12.0304,11.9227,11.815,11.7074,11.5946,11.4732,11.3518,11.2305,11.1093,10.9881,10.867,10.7459,10.6249,10.504,10.3663,10.2213,10.0763,9.9313,9.7864,9.6415,9.4965,9.3517,9.2068,9.0627,9.0068,8.9508,8.8949,8.839,8.783,8.727,8.671,8.615,8.5589,8.4974,8.4246,8.352,8.2794,8.207,8.1348,8.0627,7.9907,7.9188,7.8471,7.7857,7.7306,7.6758,7.6215,7.5675,7.514
