13.4657,13.4244,13.383,13.3417,13.3004,13.259,13.2177,13.1764,13.1351,13.0944,13.0618,13.0293,12.9967,12.9641,12.9316,12.899,12.8665,12.8339,12.8014,12.7267,12.6335,12.5403,12.4471,12.3539,12.2607,12.1675,12.0742,11.981,11.9323,11.9778,12.0235,12.0692,12.115,12.1609,12.2067,12.2525,12.2983,12.3442,12.3709,12.3966,12.4223,12.448,12.4737,12.4994,12.5251,12.5508,12.5765,12.604,12.6329,12.6617,12.6905,12.7193,12.7482,12.777,12.8058,12.8347,12.8405,12.7535,12.6664,12.5794,12.4923,12.4053,12.3183,12.2312,12.1442,12.0571,11.9425,11.822,11.7014,11.5809,11.4603,11.3398,11.2193,11.0987,10.9782,10.9256,10.9558,10.9863,11.0169,11.0475,11.0781,11.1088,11.1395,11.1702,11.1995,11.2095,11.2195,11.2296,11.2397,11.2499,11.2602,11.2705,11.2808,11.2912,11.3258,11.3707,11.4155,11.4601,11.5046,11.5491,11.5934,11.6376,11.6816,11.6987,11.66,11.6212,11.5825,11.5438,11.5051,11.4663,11.4276,11.3889,11.3502,11.3328,11.3164,11.2999,11.2833,11.2665,11.2496,11.2325,11.2153,11.1979,11.2015,11.2211,11.2408,11.2605,11.2803,11.3001,11.32,11.34,11.3601,11.3733,11.3568,11.3404,11.324,11.3075,11.2911,11.2747,11.2582,11.2418,11.2254,11.206,11.1854,11.164,11.142,11.1192,11.0957,11.0715,11.0465,11.0207,10.9836,10.9317,10.8795,10.8271,10.7743,10.7214,10.6681,10.6146,10.5607,10.5064,10.4466,10.3867,10.3269,10.2669,10.2069,10.1469,10.0868,10.0267,9.9665
13.4853,13.4438,13.4024,13.361,13.3196,13.2783,13.2369,13.1955,13.1542,13.1136,13.081,13.0484,13.0158,12.9833,12.9507,12.9182,12.8856,12.8531,12.8206,12.7455,12.6529,12.5602,12.4676,12.3749,12.2823,12.1896,12.0969,12.0043,11.9551,11.9945,12.034,12.0736,12.1132,12.153,12.1929,12.2328,12.2729,12.3129,12.3395,12.3654,12.3912,12.4171,12.4429,12.4688,12.4946,12.5204,12.5462,12.5729,12.6002,12.6274,12.6547,12.682,12.7093,12.7365,12.7638,12.791,12.7969,12.7163,12.6358,12.5552,12.4747,12.3942,12.3137,12.2333,12.1529,12.0726,11.9609,11.8423,11.7238,11.6054,11.4869,11.3685,11.2501,11.1318,11.0135,10.9617,10.9934,11.0252,11.057,11.0888,11.1206,11.1525,11.1845,11.2164,11.2471,11.2585,11.27,11.2815,11.2931,11.3047,11.3164,11.3281,11.3399,11.3517,11.3834,11.424,11.4646,11.505,11.5453,11.5855,11.6256,11.6656,11.7054,11.721,11.6822,11.6435,11.6047,11.566,11.5273,11.4886,11.4498,11.4111,11.3724,11.3514,11.3317,11.3118,11.2917,11.2716,11.2512,11.2308,11.2102,11.1894,11.1913,11.2122,11.2332,11.2542,11.2753,11.2965,11.3177,11.339,11.3604,11.3756,11.3592,11.3427,11.3263,11.3098,11.2934,11.277,11.2605,11.2441,11.2277,11.1995,11.1675,11.1347,11.1012,11.067,11.0321,10.9965,10.9601,10.9229,10.8783,10.823,10.7674,10.7115,10.6554,10.599,10.5424,10.4854,10.4282,10.3706,10.3108,10.251,10.1911,10.1312,10.0712,10.0111,9.951,9.8909,9.8307
13.5048,13.4633,13.4218,13.3804,13.3389,13.2975,13.2561,13.2146,13.1732,13.1327,13.1001,13.0676,13.035,13.0024,12.9699,12.9373,12.9048,12.8723,12.8397,12.7644,12.6723,12.5802,12.4881,12.396,12.3039,12.2117,12.1196,12.0275,11.9778,12.011,12.0444,12.0778,12.1114,12.145,12.1787,12.2125,12.2464,12.2803,12.3065,12.3324,12.3583,12.3842,12.41,12.4358,12.4617,12.4875,12.5133,12.539,12.5645,12.5901,12.6156,12.6412,12.6667,12.6922,12.7177,12.7432,12.7492,12.6757,12.6023,12.5289,12.4555,12.3821,12.3088,12.2354,12.1622,12.089,11.9804,11.8639,11.7475,11.631,11.5146,11.3982,11.2819,11.1656,11.0493,10.9981,11.0311,11.0641,11.0971,11.1301,11.1632,11.1963,11.2294,11.2626,11.2947,11.3076,11.3205,11.3334,11.3464,11.3594,11.3725,11.3857,11.3989,11.4122,11.4411,11.4775,11.5138,11.55,11.5861,11.6221,11.658,11.6937,11.7294,11.7432,11.7045,11.6657,11.627,11.5882,11.5495,11.5108,11.4721,11.4333,11.3946,11.3702,11.347,11.3237,11.3003,11.2768,11.2531,11.2292,11.2052,11.181,11.1811,11.2033,11.2256,11.2479,11.2703,11.2928,11.3153,11.3379,11.3606,11.3779,11.3615,11.345,11.3286,11.3122,11.2957,11.2793,11.2629,11.2464,11.23,11.1937,11.1503,11.1061,11.0612,11.0156,10.9693,10.9222,10.8744,10.8258,10.7732,10.7145,10.6555,10.5963,10.5367,10.4769,10.4169,10.3565,10.2958,10.2349,10.1751,10.1152,10.0553,9.9954,9.9354,9.8754,9.8153,9.7552,9.695
13.5243,13.4828,13.4412,13.3997,13.3582,13.3167,13.2752,13.2338,13.1923,13.1519,13.1193,13.0867,13.0541,13.0216,12.989,12.9565,12.924,12.8914,12.8589,12.7832,12.6917,12.6001,12.5086,12.417,12.3255,12.2339,12.1423,12.0508,12.0003,12.0274,12.0547,12.082,12.1094,12.1369,12.1644,12.1921,12.2198,12.2476,12.2736,12.2995,12.3253,12.3512,12.3771,12.4029,12.4288,12.4546,12.4804,12.505,12.5289,12.5527,12.5765,12.6003,12.6241,12.6479,12.6716,12.6954,12.7014,12.6351,12.5688,12.5025,12.4362,12.37,12.3037,12.2376,12.1714,12.1053,11.9999,11.8855,11.771,11.6566,11.5423,11.4279,11.3136,11.1994,11.0851,11.0346,11.0687,11.1029,11.1371,11.1714,11.2057,11.24,11.2744,11.3088,11.3423,11.3566,11.3709,11.3853,11.3997,11.4142,11.4287,11.4433,11.4579,11.4726,11.4989,11.5311,11.5632,11.5952,11.6271,11.6588,11.6905,11.722,11.7534,11.7655,11.7267,11.688,11.6492,11.6105,11.5717,11.533,11.4943,11.4555,11.4168,11.389,11.3625,11.3359,11.309,11.2821,11.255,11.2278,11.2004,11.1729,11.1708,11.1943,11.2179,11.2415,11.2652,11.289,11.3128,11.3367,11.3607,11.3803,11.3638,11.3474,11.3309,11.3145,11.2981,11.2816,11.2652,11.2488,11.2323,11.1886,11.1337,11.0782,11.0219,10.9649,10.9071,10.8487,10.7895,10.7295,10.6684,10.6063,10.5439,10.4812,10.4183,10.3551,10.2916,10.2278,10.1638,10.0994,10.0393,9.9795,9.9196,9.8596,9.7996,9.7396,9.6795,9.6194,9.5592
13.5438,13.5022,13.4606,13.4191,13.3775,13.336,13.2944,13.2529,13.2113,13.171,13.1384,13.1059,13.0733,13.0407,13.0082,12.9757,12.9431,12.9106,12.8781,12.8021,12.7111,12.6201,12.5291,12.4381,12.3471,12.2561,12.165,12.074,12.0228,12.0438,12.0649,12.086,12.1073,12.1286,12.1501,12.1716,12.1932,12.2148,12.2406,12.2665,12.2924,12.3183,12.3441,12.37,12.3958,12.4217,12.4475,12.4711,12.4932,12.5153,12.5374,12.5594,12.5815,12.6035,12.6255,12.6476,12.6537,12.5945,12.5353,12.4761,12.4169,12.3578,12.2987,12.2396,12.1806,12.1216,12.0194,11.907,11.7946,11.6822,11.5699,11.4576,11.3453,11.2331,11.1209,11.071,11.1063,11.1418,11.1772,11.2127,11.2482,11.2837,11.3193,11.3549,11.3899,11.4056,11.4213,11.4371,11.4529,11.4688,11.4848,11.5008,11.5168,11.533,11.5568,11.5848,11.6127,11.6405,11.6681,11.6957,11.7231,11.7505,11.7776,11.7878,11.749,11.7102,11.6714,11.6327,11.5939,11.5552,11.5165,11.4777,11.439,11.4081,11.3781,11.3481,11.3179,11.2876,11.2571,11.2265,11.1957,11.1648,11.1604,11.1852,11.2101,11.2351,11.2601,11.2852,11.3103,11.3355,11.3608,11.3826,11.3661,11.3497,11.3333,11.3168,11.3004,11.284,11.2675,11.2511,11.2347,11.1842,11.1179,11.0509,10.9832,10.9148,10.8457,10.7759,10.7053,10.6339,10.5638,10.4983,10.4325,10.3664,10.3001,10.2334,10.1666,10.0994,10.0319,9.9642,9.9035,9.8437,9.7838,9.7239,9.6639,9.6039,9.5438,9.4837,9.4235
13.5633,13.5217,13.48,13.4384,13.3968,13.3552,13.3136,13.272,13.2304,13.1902,13.1576,13.125,13.0925,13.0599,13.0274,12.9948,12.9623,12.9298,12.8972,12.821,12.7305,12.6401,12.5496,12.4592,12.3687,12.2782,12.1878,12.0973,12.0452,12.06,12.075,12.09,12.1051,12.1203,12.1357,12.151,12.1665,12.182,12.2076,12.2336,12.2594,12.2853,12.3112,12.3371,12.3629,12.3887,12.4146,12.4372,12.4575,12.4779,12.4982,12.5186,12.5389,12.5592,12.5795,12.5997,12.6059,12.5538,12.5018,12.4497,12.3976,12.3456,12.2936,12.2416,12.1897,12.1379,12.0389,11.9285,11.8182,11.7078,11.5975,11.4873,11.377,11.2668,11.1567,11.1074,11.144,11.1806,11.2172,11.2539,11.2906,11.3274,11.3642,11.401,11.4374,11.4545,11.4717,11.4889,11.5062,11.5235,11.5408,11.5583,11.5758,11.5933,11.6149,11.6386,11.6623,11.6859,11.7093,11.7327,11.7559,11.779,11.802,11.81,11.7712,11.7324,11.6937,11.6549,11.6162,11.5774,11.5387,11.5,11.4612,11.4272,11.3939,11.3605,11.3269,11.2932,11.2594,11.2254,11.1912,11.1569,11.15,11.1761,11.2023,11.2286,11.2549,11.2813,11.3077,11.3342,11.3608,11.3849,11.3685,11.352,11.3356,11.3192,11.3027,11.2863,11.2699,11.2534,11.237,11.1804,11.1027,11.0244,10.9453,10.8655,10.785,10.7038,10.6218,10.539,10.4595,10.3905,10.3213,10.2518,10.1821,10.1121,10.0418,9.9712,9.9003,9.8292,9.7678,9.7079,9.648,9.5881,9.5281,9.4681,9.408,9.3479,9.2877
13.5828,13.5411,13.4994,13.4577,13.4161,13.3744,13.3328,13.2911,13.2495,13.2093,13.1767,13.1442,13.1116,13.0791,13.0465,13.014,12.9814,12.9489,12.9164,12.8399,12.75,12.6601,12.5702,12.4803,12.3903,12.3004,12.2105,12.1206,12.0675,12.0762,12.085,12.0939,12.1029,12.112,12.1211,12.1304,12.1397,12.1491,12.1747,12.2006,12.2265,12.2524,12.2783,12.3041,12.33,12.3558,12.3817,12.4033,12.4219,12.4405,12.4591,12.4777,12.4963,12.5148,12.5334,12.5519,12.5581,12.5132,12.4682,12.4232,12.3783,12.3334,12.2885,12.2436,12.1988,12.1541,12.0584,11.95,11.8417,11.7334,11.6251,11.5169,11.4087,11.3005,11.1924,11.1437,11.1815,11.2194,11.2572,11.2951,11.3331,11.371,11.409,11.4471,11.4849,11.5034,11.522,11.5407,11.5593,11.5781,11.5969,11.6157,11.6346,11.6536,11.673,11.6926,11.712,11.7314,11.7506,11.7698,11.7888,11.8077,11.8265,11.8323,11.7935,11.7547,11.7159,11.6772,11.6384,11.5996,11.5609,11.5222,11.4834,11.4465,11.4098,11.373,11.3361,11.299,11.2618,11.2244,11.1869,11.1492,11.1395,11.167,11.1945,11.222,11.2496,11.2773,11.305,11.3329,11.3607,11.3872,11.3708,11.3544,11.3379,11.3215,11.3051,11.2886,11.2722,11.2557,11.2393,11.1773,11.0883,10.9985,10.9081,10.8169,10.725,10.6324,10.5391,10.4449,10.3553,10.283,10.2103,10.1375,10.0643,9.9909,9.9172,9.8432,9.769,9.6944,9.632,9.5722,9.5123,9.4523,9.3924,9.3323,9.2723,9.2122,9.152
13.6023,13.5606,13.5188,13.4771,13.4354,13.3936,13.3519,13.3102,13.2685,13.2285,13.1959,13.1633,13.1308,13.0982,13.0657,13.0331,13.0006,12.9681,12.9356,12.8588,12.7694,12.6801,12.5907,12.5014,12.412,12.3226,12.2333,12.1439,12.0896,12.0922,12.0949,12.0977,12.1005,12.1035,12.1065,12.1097,12.1129,12.1161,12.1417,12.1676,12.1935,12.2194,12.2453,12.2712,12.2971,12.3229,12.3488,12.3693,12.3862,12.4031,12.4199,12.4368,12.4537,12.4705,12.4873,12.5041,12.5104,12.4725,12.4346,12.3967,12.3589,12.3211,12.2833,12.2455,12.2078,12.1702,12.0778,11.9715,11.8652,11.7589,11.6527,11.5465,11.4403,11.3342,11.2281,11.1801,11.2191,11.2581,11.2972,11.3363,11.3755,11.4146,11.4539,11.4931,11.5323,11.5523,11.5723,11.5924,11.6125,11.6327,11.6529,11.6732,11.6935,11.7139,11.7313,11.7466,11.7619,11.777,11.7921,11.807,11.8218,11.8365,11.8511,11.8545,11.8157,11.7769,11.7382,11.6994,11.6606,11.6219,11.5831,11.5444,11.5056,11.4659,11.4259,11.3857,11.3454,11.3049,11.2643,11.2236,11.1827,11.1417,11.129,11.1577,11.1865,11.2154,11.2443,11.2733,11.3023,11.3314,11.3606,11.3896,11.3731,11.3567,11.3403,11.3238,11.3074,11.2909,11.2745,11.2581,11.2416,11.1749,11.0745,10.9734,10.8716,10.769,10.6658,10.5618,10.457,10.3515,10.2514,10.1756,10.0996,10.0233,9.9468,9.87,9.7929,9.7155,9.6378,9.5599,9.4962,9.4364,9.3765,9.3166,9.2566,9.1966,9.1365,9.0764,9.0162
13.6218,13.58,13.5382,13.4964,13.4546,13.4129,13.3711,13.3293,13.2876,13.2476,13.215,13.1825,13.1499,13.1174,13.0848,13.0523,13.0198,12.9873,12.9547,12.8777,12.7889,12.7001,12.6113,12.5225,12.4337,12.3448,12.256,12.1672,12.1117,12.1081,12.1047,12.1013,12.0981,12.0949,12.0919,12.0889,12.0859,12.0831,12.1088,12.1347,12.1606,12.1865,12.2124,12.2383,12.2641,12.29,12.3159,12.3354,12.3505,12.3657,12.3808,12.3959,12.411,12.4262,12.4412,12.4563,12.4626,12.4318,12.401,12.3702,12.3395,12.3088,12.2781,12.2474,12.2168,12.1863,12.0972,11.9929,11.8887,11.7844,11.6802,11.5761,11.4719,11.3678,11.2638,11.2164,11.2567,11.2969,11.3372,11.3775,11.4179,11.4583,11.4987,11.5391,11.5796,11.6012,11.6226,11.6441,11.6656,11.6872,11.7088,11.7305,11.7523,11.7741,11.7897,11.8008,11.8119,11.8228,11.8337,11.8444,11.855,11.8655,11.8759,11.8768,11.838,11.7992,11.7604,11.7216,11.6828,11.6441,11.6053,11.5666,11.5278,11.4855,11.4421,11.3985,11.3548,11.311,11.2671,11.2229,11.1787,11.1343,11.1184,11.1484,11.1785,11.2087,11.2389,11.2692,11.2995,11.3299,11.3604,11.3909,11.3755,11.359,11.3426,11.3261,11.3097,11.2933,11.2768,11.2604,11.244,11.1732,11.0614,10.9489,10.8357,10.7218,10.6072,10.4919,10.3758,10.2589,10.1477,10.0685,9.9891,9.9094,9.8295,9.7493,9.6688,9.588,9.5069,9.4256,9.3605,9.3006,9.2407,9.1808,9.1208,9.0608,9.0008,8.9406,8.8805
13.6413,13.5995,13.5576,13.5158,13.4739,13.4321,13.3903,13.3484,13.3066,13.2667,13.2342,13.2016,13.1691,13.1365,13.104,13.0715,13.0389,13.0064,12.9739,12.8966,12.8084,12.7201,12.6319,12.5436,12.4553,12.3671,12.2788,12.1905,12.1336,12.124,12.1144,12.1049,12.0956,12.0863,12.0771,12.068,12.0589,12.05,12.0758,12.1017,12.1276,12.1536,12.1795,12.2053,12.2312,12.2571,12.2829,12.3014,12.3148,12.3282,12.3417,12.355,12.3684,12.3818,12.3952,12.4085,12.4147,12.3911,12.3674,12.3437,12.32,12.2964,12.2728,12.2493,12.2257,12.2023,12.1166,12.0144,11.9122,11.8099,11.7078,11.6056,11.5035,11.4014,11.2994,11.2528,11.2942,11.3356,11.3771,11.4187,11.4602,11.5018,11.5435,11.5851,11.6269,11.65,11.6729,11.6958,11.7187,11.7417,11.7648,11.7879,11.8111,11.8343,11.8482,11.8551,11.862,11.8687,11.8754,11.8819,11.8883,11.8946,11.9008,11.899,11.8602,11.8214,11.7826,11.7438,11.7051,11.6663,11.6275,11.5888,11.55,11.5052,11.4584,11.4115,11.3644,11.3172,11.2699,11.2224,11.1748,11.127,11.1077,11.1391,11.1705,11.2019,11.2334,11.265,11.2967,11.3284,11.3601,11.392,11.3778,11.3614,11.3449,11.3285,11.312,11.2956,11.2792,11.2627,11.2463,11.1721,11.049,10.9251,10.8006,10.6753,10.5494,10.4227,10.2952,10.167,10.0442,9.9616,9.8788,9.7958,9.7124,9.6288,9.5449,9.4608,9.3763,9.2916,9.2247,9.1649,9.105,9.0451,8.9851,8.9251,8.865,8.8049,8.7447
13.6608,13.6189,13.577,13.5351,13.4932,13.4513,13.4094,13.3675,13.3257,13.2859,13.2533,13.2208,13.1882,13.1557,13.1232,13.0906,13.0581,13.0256,12.9931,12.9156,12.8279,12.7402,12.6525,12.5647,12.477,12.3893,12.3016,12.2138,12.1555,12.1397,12.124,12.1084,12.093,12.0776,12.0623,12.047,12.0319,12.0169,12.0428,12.0688,12.0947,12.1206,12.1465,12.1724,12.1983,12.2242,12.25,12.2674,12.2791,12.2908,12.3025,12.3142,12.3258,12.3375,12.3491,12.3607,12.3669,12.3503,12.3337,12.3171,12.3006,12.284,12.2675,12.251,12.2346,12.2182,12.136,12.0358,11.9356,11.8354,11.7353,11.6351,11.5351,11.435,11.335,11.2891,11.3317,11.3744,11.4171,11.4598,11.5026,11.5454,11.5882,11.6311,11.6741,11.6988,11.7231,11.7474,11.7718,11.7962,11.8207,11.8452,11.8698,11.8944,11.9068,11.9095,11.9122,11.9147,11.9172,11.9195,11.9218,11.9239,11.9258,11.9213,11.8825,11.8437,11.8049,11.7661,11.7273,11.6885,11.6497,11.611,11.5722,11.525,11.4749,11.4246,11.3742,11.3236,11.2729,11.222,11.171,11.1199,11.097,11.1296,11.1623,11.1951,11.2279,11.2608,11.2937,11.3267,11.3598,11.393,11.3801,11.3637,11.3472,11.3308,11.3144,11.2979,11.2815,11.265,11.2486,11.1718,11.0373,10.9021,10.7662,10.6296,10.4922,10.3542,10.2154,10.0758,9.9409,9.855,9.7688,9.6823,9.5956,9.5086,9.4213,9.3337,9.2459,9.1578,9.0889,9.0291,8.9692,8.9093,8.8493,8.7893,8.7292,8.6691,8.609
13.6803,13.6384,13.5964,13.5544,13.5125,13.4705,13.4286,13.3867,13.3447,13.305,13.2725,13.2399,13.2074,13.1748,13.1423,13.1098,13.0773,13.0448,13.0122,12.9345,12.8474,12.7602,12.6731,12.5859,12.4987,12.4115,12.3244,12.2372,12.1772,12.1553,12.1335,12.1119,12.0903,12.0688,12.0473,12.026,12.0047,11.9839,12.0099,12.0358,12.0617,12.0877,12.1136,12.1395,12.1654,12.1913,12.2171,12.2335,12.2434,12.2534,12.2633,12.2733,12.2832,12.2931,12.303,12.3129,12.3191,12.3096,12.3001,12.2906,12.2811,12.2716,12.2622,12.2528,12.2435,12.2342,12.1554,12.0572,11.959,11.8609,11.7627,11.6647,11.5666,11.4686,11.3706,11.3253,11.3692,11.4131,11.457,11.5009,11.5449,11.5889,11.633,11.6771,11.7212,11.7476,11.7733,11.799,11.8248,11.8506,11.8765,11.9025,11.9285,11.9545,11.9655,11.9641,11.9625,11.9609,11.9591,11.9573,11.9553,11.9532,11.951,11.9435,11.9047,11.8659,11.8271,11.7883,11.7495,11.7107,11.672,11.6332,11.5944,11.545,11.4915,11.4378,11.384,11.3301,11.276,11.2218,11.1675,11.1129,11.0862,11.1202,11.1541,11.1882,11.2223,11.2565,11.2907,11.325,11.3594,11.3938,11.3825,11.366,11.3496,11.3331,11.3167,11.3003,11.2838,11.2674,11.2509,11.1721,11.0262,10.8797,10.7324,10.5845,10.4358,10.2864,10.1363,9.9854,9.8379,9.7486,9.659,9.5691,9.479,9.3886,9.2979,9.207,9.1157,9.0242,8.9531,8.8933,8.8334,8.7735,8.7136,8.6535,8.5935,8.5334,8.4732
13.6998,13.6578,13.6158,13.5737,13.5317,13.4897,13.4477,13.4058,13.3638,13.3242,13.2916,13.2591,13.2265,13.194,13.1615,13.129,13.0964,13.0639,13.0314,12.9535,12.8669,12.7803,12.6937,12.607,12.5204,12.4338,12.3472,12.2605,12.1989,12.1709,12.143,12.1152,12.0875,12.0599,12.0323,12.0049,11.9775,11.9509,11.9769,12.0028,12.0288,12.0547,12.0806,12.1066,12.1325,12.1583,12.1842,12.1995,12.2077,12.216,12.2242,12.2324,12.2406,12.2488,12.2569,12.2651,12.2712,12.2688,12.2664,12.2639,12.2615,12.2592,12.2568,12.2545,12.2522,12.25,12.1748,12.0786,11.9824,11.8863,11.7902,11.6941,11.5981,11.5021,11.4061,11.3616,11.4067,11.4518,11.4969,11.542,11.5872,11.6325,11.6777,11.723,11.7684,11.7963,11.8234,11.8506,11.8778,11.905,11.9324,11.9597,11.9871,12.0146,12.0243,12.0187,12.013,12.0072,12.0012,11.9952,11.989,11.9827,11.9763,11.9658,11.927,11.8881,11.8493,11.8105,11.7717,11.733,11.6942,11.6554,11.6166,11.5651,11.5082,11.4512,11.3941,11.3368,11.2793,11.2218,11.164,11.1061,11.0754,11.1106,11.1459,11.1813,11.2167,11.2521,11.2877,11.3233,11.3589,11.3947,11.3848,11.3684,11.3519,11.3355,11.319,11.3026,11.2861,11.2697,11.2533,11.173,11.0158,10.8579,10.6994,10.5401,10.3801,10.2194,10.0579,9.8957,9.7351,9.6423,9.5494,9.4561,9.3626,9.2688,9.1748,9.0804,8.9858,8.8909,8.8174,8.7575,8.6975,8.6364,8.5752,8.5139,8.4526,8.3912,8.3298
13.7193,13.6772,13.6351,13.5931,13.551,13.509,13.4669,13.4249,13.3828,13.3433,13.3108,13.2782,13.2457,13.2132,13.1806,13.1481,13.1156,13.0831,13.0506,12.9725,12.8864,12.8004,12.7143,12.6282,12.5421,12.4561,12.37,12.2839,12.2204,12.1863,12.1523,12.1184,12.0846,12.0509,12.0173,11.9837,11.9502,11.9179,11.9439,11.9699,11.9958,12.0218,12.0477,12.0736,12.0995,12.1254,12.1513,12.1655,12.172,12.1785,12.185,12.1915,12.198,12.2044,12.2109,12.2173,12.2234,12.228,12.2327,12.2373,12.242,12.2467,12.2514,12.2562,12.261,12.2658,12.1941,12.1,12.0058,11.9117,11.8176,11.7236,11.6296,11.5356,11.4417,11.3979,11.4441,11.4904,11.5368,11.5831,11.6295,11.6759,11.7224,11.7689,11.8155,11.845,11.8735,11.9021,11.9307,11.9594,11.9881,12.0169,12.0458,12.0747,12.0833,12.0735,12.0636,12.0536,12.0434,12.0332,12.0228,12.0124,12.0018,11.988,11.9492,11.9104,11.8716,11.8328,11.794,11.7552,11.7164,11.6776,11.6388,11.5853,11.5251,11.4647,11.4042,11.3436,11.2828,11.2218,11.1607,11.0995,11.0645,11.101,11.1376,11.1742,11.2109,11.2477,11.2845,11.3214,11.3581,11.3928,11.3818,11.3623,11.3425,11.3222,11.3016,11.2806,11.2591,11.2373,11.2151,11.1299,10.96,10.7898,10.6194,10.4489,10.2781,10.107,9.9357,9.7642,9.5926,9.4966,9.4005,9.3044,9.2082,9.1121,9.0158,8.9196,8.8233,8.7269,8.6509,8.5899,8.5288,8.4677,8.4065,8.3453,8.284,8.2226,8.1612
13.7208,13.6789,13.6371,13.5953,13.5535,13.5118,13.47,13.4283,13.3866,13.3471,13.3135,13.28,13.2466,13.2133,13.1802,13.1473,13.1144,13.0816,13.049,12.9716,12.8872,12.8027,12.7181,12.6336,12.549,12.4643,12.3796,12.2949,12.2306,12.1919,12.1531,12.1143,12.0755,12.0367,11.9979,11.959,11.9201,11.8828,11.9091,11.9354,11.9616,11.9878,12.0139,12.04,12.0661,12.0921,12.1181,12.1313,12.1361,12.141,12.1458,12.1506,12.1553,12.1601,12.1649,12.1696,12.1756,12.1872,12.1988,12.2104,12.222,12.2335,12.245,12.2566,12.2681,12.2796,12.2113,12.1191,12.0269,11.9348,11.8427,11.7507,11.6587,11.5668,11.475,11.4319,11.4789,11.5259,11.5729,11.6198,11.6667,11.7136,11.7605,11.8073,11.8541,11.8845,11.9136,11.9427,11.9718,12.0009,12.03,12.0592,12.0883,12.1174,12.1235,12.1074,12.0911,12.0746,12.0578,12.0408,12.0235,12.006,11.9881,11.9679,11.9263,11.8847,11.8429,11.801,11.759,11.7169,11.6747,11.6323,11.5898,11.533,11.4691,11.4051,11.3411,11.277,11.213,11.1488,11.0847,11.0205,10.9809,11.0167,11.0525,11.0883,11.1242,11.1601,11.1961,11.2321,11.2681,11.3042,11.2897,11.2639,11.2377,11.2112,11.1843,11.157,11.1293,11.1012,11.0727,10.987,10.8143,10.6414,10.4683,10.2949,10.1214,9.9476,9.7736,9.5993,9.4248,9.3266,9.2308,9.135,9.0392,8.9433,8.8474,8.7514,8.6555,8.5594,8.4823,8.4213,8.3602,8.2991,8.2379,8.1767,8.1154,8.054,7.9926
13.7042,13.6615,13.6189,13.5763,13.5337,13.4912,13.4486,13.4061,13.3636,13.3222,13.2833,13.2445,13.2059,13.1674,13.1291,13.0908,13.0527,13.0147,12.9768,12.8986,12.8146,12.7306,12.6465,12.5624,12.4783,12.3941,12.3099,12.2257,12.162,12.1231,12.0843,12.0453,12.0064,11.9675,11.9285,11.8895,11.8505,11.8135,11.8424,11.8713,11.9002,11.929,11.9577,11.9864,12.0151,12.0438,12.0724,12.0868,12.0922,12.0976,12.1029,12.1082,12.1135,12.1188,12.1241,12.1294,12.1358,12.1474,12.159,12.1706,12.1822,12.1937,12.2053,12.2168,12.2283,12.2398,12.1762,12.0897,12.0031,11.9167,11.8302,11.7439,11.6576,11.5713,11.4852,11.4442,11.4896,11.535,11.5803,11.6256,11.6709,11.7162,11.7614,11.8066,11.8518,11.8822,11.9113,11.9404,11.9695,11.9986,12.0278,12.0569,12.086,12.1151,12.1179,12.0938,12.0695,12.045,12.0202,11.9952,11.9699,11.9443,11.9185,11.8911,11.8472,11.8032,11.759,11.7148,11.6705,11.626,11.5814,11.5367,11.4919,11.4346,11.3706,11.3066,11.2425,11.1784,11.1142,11.05,10.9858,10.9215,10.8799,10.917,10.9542,10.9914,11.0287,11.0659,11.1033,11.1406,11.178,11.2154,11.1979,11.1658,11.1334,11.1006,11.0674,11.0338,10.9998,10.9655,10.9307,10.8442,10.6688,10.4931,10.3173,10.1412,9.9649,9.7883,9.6116,9.4346,9.2574,9.1567,9.0612,8.9657,8.8701,8.7746,8.6789,8.5833,8.4876,8.3919,8.3136,8.2526,8.1915,8.1304,8.0693,8.008,7.9467,7.8854,7.824
13.6875,13.6441,13.6007,13.5573,13.5139,13.4706,13.4272,13.3839,13.3406,13.2971,13.2529,13.2089,13.1651,13.1213,13.0777,13.0342,12.9909,12.9476,12.9045,12.8256,12.7421,12.6585,12.5749,12.4913,12.4076,12.324,12.2402,12.1565,12.0934,12.0544,12.0154,11.9763,11.9373,11.8982,11.8591,11.82,11.7808,11.7442,11.7758,11.8073,11.8387,11.8702,11.9015,11.9329,11.9642,11.9954,12.0266,12.0424,12.0483,12.0542,12.06,12.0659,12.0717,12.0776,12.0834,12.0892,12.096,12.1076,12.1192,12.1308,12.1424,12.1539,12.1655,12.177,12.1885,12.2,12.1411,12.0602,11.9793,11.8985,11.8177,11.737,11.6563,11.5758,11.4952,11.4565,11.5003,11.544,11.5877,11.6314,11.6751,11.7187,11.7623,11.8059,11.8494,11.8799,11.909,11.9381,11.9672,11.9964,12.0255,12.0546,12.0837,12.1128,12.1124,12.0804,12.0481,12.0156,11.9828,11.9498,11.9165,11.8829,11.8491,11.8143,11.7681,11.7217,11.6753,11.6287,11.582,11.5352,11.4883,11.4413,11.3941,11.3363,11.2722,11.2081,11.1439,11.0797,11.0155,10.9512,10.8869,10.8226,10.7788,10.8173,10.8559,10.8944,10.933,10.9717,11.0104,11.0491,11.0879,11.1267,11.1064,11.0681,11.0294,10.9903,10.9508,10.911,10.8707,10.8301,10.789,10.7016,10.5234,10.345,10.1664,9.9876,9.8085,9.6293,9.4498,9.27,9.09,8.9867,8.8915,8.7963,8.7011,8.6058,8.5105,8.4151,8.3197,8.2243,8.145,8.084,8.0229,7.9618,7.9006,7.8394,7.7781,7.7168,7.6553
13.6708,13.6266,13.5824,13.5382,13.4941,13.4499,13.4058,13.3617,13.3176,13.2718,13.2224,13.1732,13.1241,13.0751,13.0263,12.9775,12.9289,12.8805,12.8321,12.7526,12.6695,12.5864,12.5033,12.4202,12.337,12.2538,12.1706,12.0873,12.0248,11.9856,11.9465,11.9073,11.8682,11.829,11.7897,11.7505,11.7112,11.675,11.7092,11.7433,11.7773,11.8114,11.8454,11.8793,11.9132,11.9471,11.9809,11.998,12.0044,12.0108,12.0172,12.0236,12.0299,12.0363,12.0426,12.0489,12.0562,12.0678,12.0794,12.091,12.1026,12.1141,12.1257,12.1372,12.1487,12.1602,12.106,12.0307,11.9555,11.8803,11.8051,11.7301,11.655,11.5801,11.5052,11.4689,11.511,11.5531,11.5952,11.6373,11.6793,11.7213,11.7633,11.8052,11.8472,11.8776,11.9067,11.9358,11.9649,11.9941,12.0232,12.0523,12.0814,12.1106,12.1072,12.0672,12.0269,11.9864,11.9456,11.9046,11.8634,11.8218,11.78,11.7377,11.6891,11.6404,11.5916,11.5427,11.4937,11.4445,11.3953,11.3459,11.2964,11.2379,11.1738,11.1096,11.0454,10.9811,10.9168,10.8525,10.7881,10.7237,10.6777,10.7175,10.7574,10.7974,10.8374,10.8774,10.9174,10.9575,10.9976,11.0378,11.0152,10.9706,10.9257,10.8803,10.8346,10.7885,10.742,10.6951,10.6477,10.5591,10.3782,10.1971,10.0157,9.8342,9.6524,9.4704,9.2881,9.1056,8.9229,8.8167,8.7218,8.6269,8.532,8.437,8.342,8.2469,8.1518,8.0567,7.9763,7.9153,7.8543,7.7931,7.732,7.6707,7.6095,7.5481,7.4867
13.6541,13.6091,13.5641,13.5191,13.4742,13.4293,13.3844,13.3395,13.2946,13.2464,13.1918,13.1373,13.0829,13.0287,12.9746,12.9207,12.8669,12.8131,12.7595,12.6795,12.597,12.5144,12.4317,12.3491,12.2664,12.1836,12.1009,12.0181,11.9561,11.9169,11.8776,11.8383,11.799,11.7597,11.7203,11.681,11.6416,11.6058,11.6425,11.6793,11.716,11.7526,11.7892,11.8258,11.8623,11.8988,11.9352,11.9535,11.9605,11.9674,11.9743,11.9812,11.9881,11.995,12.0019,12.0087,12.0164,12.028,12.0396,12.0512,12.0628,12.0744,12.0859,12.0974,12.109,12.1205,12.0708,12.0012,11.9316,11.862,11.7925,11.7231,11.6537,11.5844,11.5151,11.4813,11.5218,11.5622,11.6027,11.6431,11.6836,11.7239,11.7643,11.8046,11.8449,11.8753,11.9044,11.9335,11.9627,11.9918,12.0209,12.05,12.0792,12.1083,12.1022,12.0542,12.0059,11.9575,11.9087,11.8597,11.8105,11.761,11.7112,11.6611,11.6101,11.5591,11.508,11.4567,11.4054,11.3539,11.3023,11.2506,11.1987,11.1396,11.0753,11.0111,10.9468,10.8824,10.8181,10.7537,10.6892,10.6247,10.5765,10.6177,10.659,10.7003,10.7416,10.783,10.8244,10.8659,10.9073,10.9489,10.9244,10.8736,10.8223,10.7707,10.7187,10.6663,10.6136,10.5604,10.5068,10.4168,10.2332,10.0493,9.8652,9.6809,9.4964,9.3116,9.1266,8.9414,8.756,8.6466,8.5521,8.4575,8.3628,8.2682,8.1735,8.0787,7.9839,7.8891,7.8076,7.7466,7.6856,7.6245,7.5633,7.5021,7.4408,7.3795,7.3181
13.6373,13.5915,13.5458,13.5,13.4543,13.4086,13.3629,13.3172,13.2716,13.2208,13.1609,13.1012,13.0417,12.9822,12.9229,12.8637,12.8046,12.7457,12.6868,12.6066,12.5245,12.4423,12.3602,12.278,12.1958,12.1135,12.0312,11.9489,11.8875,11.8481,11.8087,11.7693,11.7299,11.6904,11.651,11.6115,11.5719,11.5366,11.576,11.6153,11.6546,11.6939,11.7331,11.7722,11.8114,11.8505,11.8895,11.9091,11.9166,11.924,11.9315,11.9389,11.9463,11.9537,11.9611,11.9685,11.9766,11.9882,11.9998,12.0114,12.023,12.0346,12.0461,12.0576,12.0692,12.0807,12.0356,11.9716,11.9076,11.8437,11.7798,11.716,11.6523,11.5886,11.525,11.4937,11.5325,11.5714,11.6102,11.649,11.6878,11.7266,11.7653,11.804,11.8427,11.873,11.9021,11.9312,11.9604,11.9895,12.0186,12.0478,12.0769,12.106,12.0975,12.0415,11.9852,11.9287,11.872,11.8151,11.7578,11.7003,11.6426,11.5846,11.5313,11.4779,11.4245,11.3709,11.3172,11.2634,11.2094,11.1554,11.1012,11.0412,10.9769,10.9126,10.8482,10.7838,10.7194,10.6549,10.5903,10.5258,10.4752,10.5178,10.5604,10.6031,10.6458,10.6885,10.7313,10.7741,10.817,10.8599,10.8339,10.7768,10.7193,10.6615,10.6032,10.5446,10.4855,10.4261,10.3663,10.2747,10.0883,9.9017,9.7149,9.5278,9.3406,9.1531,8.9653,8.7774,8.5892,8.4766,8.3823,8.288,8.1937,8.0993,8.0049,7.9105,7.816,7.7215,7.639,7.578,7.5169,7.4558,7.3947,7.3335,7.2722,7.2109,7.1495
13.6205,13.574,13.5274,13.4809,13.4344,13.3879,13.3414,13.2949,13.2485,13.1951,13.13,13.065,13.0002,12.9356,12.871,12.8066,12.7423,12.6781,12.614,12.5336,12.4519,12.3703,12.2886,12.2069,12.1251,12.0434,11.9615,11.8797,11.8189,11.7794,11.7399,11.7003,11.6608,11.6212,11.5816,11.542,11.5023,11.4674,11.5094,11.5514,11.5933,11.6351,11.677,11.7187,11.7605,11.8022,11.8439,11.8646,11.8726,11.8806,11.8886,11.8966,11.9045,11.9124,11.9204,11.9283,11.9368,11.9484,11.96,11.9716,11.9832,11.9948,12.0063,12.0179,12.0294,12.0409,12.0003,11.9419,11.8836,11.8253,11.767,11.7089,11.6507,11.5927,11.5347,11.5061,11.5433,11.5806,11.6178,11.655,11.6921,11.7293,11.7664,11.8035,11.8405,11.8707,11.8998,11.9289,11.9581,11.9872,12.0163,12.0455,12.0746,12.1037,12.0929,12.0289,11.9647,11.9003,11.8356,11.7707,11.7055,11.64,11.5743,11.5082,11.4525,11.3968,11.341,11.2851,11.2291,11.1729,11.1166,11.0602,11.0037,10.9429,10.8785,10.8141,10.7496,10.6852,10.6206,10.5561,10.4915,10.4269,10.3739,10.4178,10.4618,10.5059,10.5499,10.594,10.6382,10.6823,10.7265,10.7708,10.7438,10.6804,10.6167,10.5525,10.488,10.4231,10.3578,10.2922,10.2261,10.1328,9.9436,9.7543,9.5647,9.3749,9.1849,8.9947,8.8042,8.6135,8.4226,8.3065,8.2126,8.1186,8.0245,7.9305,7.8363,7.7422,7.648,7.5538,7.4703,7.4093,7.3483,7.2872,7.226,7.1648,7.1036,7.0422,6.9808
13.6037,13.5564,13.509,13.4617,13.4144,13.3671,13.3199,13.2726,13.2254,13.1692,13.0988,13.0287,12.9586,12.8887,12.819,12.7493,12.6798,12.6104,12.5411,12.4606,12.3794,12.2983,12.2171,12.1358,12.0545,11.9732,11.8919,11.8105,11.7502,11.7106,11.671,11.6313,11.5916,11.5519,11.5122,11.4724,11.4327,11.3983,11.4429,11.4875,11.532,11.5764,11.6209,11.6652,11.7096,11.7539,11.7982,11.8202,11.8287,11.8373,11.8458,11.8542,11.8627,11.8712,11.8796,11.888,11.897,11.9086,11.9203,11.9318,11.9434,11.955,11.9665,11.9781,11.9896,12.0011,11.965,11.9122,11.8595,11.8068,11.7542,11.7017,11.6492,11.5968,11.5444,11.5185,11.5542,11.5898,11.6254,11.6609,11.6965,11.732,11.7675,11.8029,11.8383,11.8684,11.8975,11.9266,11.9558,11.9849,12.0141,12.0432,12.0723,12.1015,12.0886,12.0166,11.9445,11.872,11.7994,11.7265,11.6533,11.5799,11.5062,11.4322,11.3738,11.3158,11.2577,11.1994,11.141,11.0825,11.0239,10.9652,10.9064,10.8445,10.7801,10.7156,10.6511,10.5865,10.5219,10.4573,10.3926,10.3279,10.2725,10.3178,10.3632,10.4086,10.454,10.4994,10.5449,10.5905,10.636,10.6816,10.654,10.5843,10.5143,10.444,10.3732,10.3021,10.2305,10.1586,10.0862,9.9909,9.7991,9.607,9.4147,9.2222,9.0294,8.8364,8.6432,8.4498,8.2562,8.1364,8.0428,7.9491,7.8553,7.7616,7.6678,7.5739,7.48,7.3861,7.3017,7.2407,7.1796,7.1185,7.0574,6.9962,6.9349,6.8736,6.8122
13.5869,13.5387,13.4906,13.4425,13.3944,13.3464,13.2983,13.2503,13.2023,13.1431,13.0676,12.9922,12.9169,12.8418,12.7668,12.6919,12.6172,12.5425,12.468,12.3876,12.307,12.2263,12.1455,12.0647,11.9839,11.9031,11.8222,11.7413,11.6816,11.6418,11.6021,11.5623,11.5225,11.4827,11.4428,11.4029,11.363,11.3292,11.3764,11.4236,11.4707,11.5178,11.5648,11.6118,11.6587,11.7057,11.7525,11.7758,11.7848,11.7939,11.8029,11.8119,11.8209,11.8299,11.8388,11.8478,11.8572,11.8688,11.8805,11.892,11.9036,11.9152,11.9268,11.9383,11.9498,11.9613,11.9296,11.8824,11.8354,11.7883,11.7413,11.6944,11.6475,11.6007,11.554,11.531,11.565,11.599,11.633,11.6669,11.7008,11.7347,11.7686,11.8024,11.8362,11.8661,11.8952,11.9244,11.9535,11.9826,12.0118,12.0409,12.0701,12.0992,12.0844,12.0045,11.9244,11.844,11.7634,11.6826,11.6014,11.5201,11.4384,11.3564,11.2952,11.2349,11.1744,11.1138,11.0531,10.9923,10.9313,10.8703,10.8091,10.7462,10.6817,10.6171,10.5525,10.4879,10.4232,10.3585,10.2938,10.229,10.171,10.2177,10.2644,10.3112,10.358,10.4048,10.4516,10.4985,10.5455,10.5924,10.5645,10.4886,10.4123,10.3357,10.2587,10.1813,10.1035,10.0254,9.9468,9.8493,9.6547,9.4599,9.2648,9.0696,8.8741,8.6784,8.4825,8.2863,8.0899,7.9663,7.873,7.7796,7.6861,7.5927,7.4992,7.4056,7.312,7.2184,7.133,7.072,7.011,6.9499,6.8887,6.8275,6.7663,6.705,6.6436
13.57,13.5211,13.4722,13.4233,13.3744,13.3256,13.2767,13.2279,13.1791,13.1169,13.0361,12.9555,12.8751,12.7947,12.7145,12.6344,12.5544,12.4746,12.3948,12.3147,12.2345,12.1542,12.074,11.9937,11.9134,11.833,11.7526,11.6722,11.6129,11.5731,11.5332,11.4933,11.4533,11.4134,11.3734,11.3334,11.2934,11.2601,11.3099,11.3597,11.4094,11.4591,11.5087,11.5583,11.6079,11.6574,11.7069,11.7313,11.7409,11.7505,11.76,11.7696,11.7791,11.7886,11.7981,11.8076,11.8174,11.829,11.8407,11.8523,11.8638,11.8754,11.887,11.8985,11.91,11.9216,11.8941,11.8526,11.8112,11.7697,11.7284,11.6871,11.6458,11.6046,11.5635,11.5435,11.5759,11.6083,11.6406,11.6729,11.7052,11.7375,11.7697,11.802,11.8341,11.8638,11.8929,11.9221,11.9512,11.9803,12.0095,12.0386,12.0678,12.0969,12.0805,11.9927,11.9046,11.8163,11.7277,11.6389,11.5498,11.4605,11.3708,11.2809,11.2167,11.154,11.0912,11.0283,10.9652,10.9021,10.8388,10.7754,10.7119,10.6478,10.5833,10.5186,10.454,10.3893,10.3245,10.2597,10.1949,10.1301,10.0695,10.1176,10.1656,10.2137,10.2619,10.3101,10.3583,10.4065,10.4548,10.5031,10.4753,10.3932,10.3107,10.2278,10.1446,10.061,9.9769,9.8925,9.8077,9.7078,9.5105,9.3129,9.1152,8.9172,8.719,8.5205,8.3219,8.123,7.9238,7.7962,7.7031,7.61,7.5169,7.4237,7.3305,7.2373,7.144,7.0507,6.9643,6.9034,6.8423,6.7812,6.7201,6.6589,6.5976,6.5363,6.475
13.5531,13.5034,13.4537,13.404,13.3544,13.3048,13.2551,13.2056,13.156,13.0905,13.0046,12.9187,12.833,12.7475,12.6621,12.5767,12.4916,12.4065,12.3215,12.2417,12.162,12.0822,12.0025,11.9226,11.8428,11.7629,11.683,11.603,11.5443,11.5043,11.4643,11.4243,11.3842,11.3441,11.304,11.2639,11.2238,11.1911,11.2435,11.2959,11.3482,11.4005,11.4527,11.5049,11.5571,11.6092,11.6613,11.6869,11.697,11.7071,11.7172,11.7272,11.7373,11.7473,11.7573,11.7673,11.7776,11.7892,11.8009,11.8125,11.824,11.8356,11.8472,11.8587,11.8703,11.8818,11.8587,11.8228,11.7869,11.7511,11.7154,11.6797,11.644,11.6085,11.573,11.556,11.5868,11.6175,11.6483,11.679,11.7097,11.7403,11.7709,11.8015,11.8321,11.8615,11.8906,11.9198,11.9489,11.9781,12.0072,12.0364,12.0655,12.0946,12.0769,11.9811,11.885,11.7887,11.6922,11.5955,11.4984,11.4011,11.3036,11.2057,11.1383,11.0732,11.0081,10.9428,10.8775,10.812,10.7464,10.6807,10.6148,10.5495,10.4848,10.4201,10.3554,10.2906,10.2258,10.161,10.0961,10.0312,9.9679,10.0173,10.0668,10.1162,10.1657,10.2153,10.2648,10.3144,10.3641,10.4138,10.3865,10.2981,10.2094,10.1203,10.0308,9.9409,9.8507,9.76,9.6689,9.5665,9.3664,9.1662,8.9657,8.7649,8.564,8.3628,8.1614,7.9598,7.7579,7.6261,7.5333,7.4405,7.3477,7.2548,7.1619,7.0689,6.9759,6.8829,6.7957,6.7347,6.6737,6.6126,6.5515,6.4903,6.429,6.3677,6.3063
13.5362,13.4857,13.4352,13.3848,13.3343,13.2839,13.2335,13.1831,13.1328,13.064,12.9728,12.8818,12.7909,12.7001,12.6095,12.5189,12.4285,12.3382,12.2481,12.1688,12.0895,12.0103,11.9309,11.8516,11.7722,11.6928,11.6133,11.5339,11.4757,11.4355,11.3954,11.3552,11.3151,11.2749,11.2346,11.1944,11.1541,11.1221,11.1771,11.2321,11.287,11.3419,11.3967,11.4515,11.5062,11.561,11.6157,11.6425,11.6531,11.6637,11.6743,11.6849,11.6955,11.706,11.7166,11.7271,11.7378,11.7495,11.7611,11.7727,11.7843,11.7958,11.8074,11.8189,11.8305,11.842,11.8232,11.7929,11.7626,11.7324,11.7023,11.6722,11.6422,11.6122,11.5823,11.5686,11.5977,11.6268,11.656,11.685,11.7141,11.7431,11.7721,11.8011,11.8301,11.8592,11.8883,11.9175,11.9466,11.9758,12.0049,12.0341,12.0632,12.0924,12.0734,11.9696,11.8657,11.7614,11.657,11.5523,11.4473,11.3421,11.2365,11.1308,11.0599,10.9925,10.9251,10.8575,10.7898,10.722,10.6541,10.586,10.5178,10.4512,10.3864,10.3217,10.2568,10.192,10.1271,10.0622,9.9972,9.9322,9.8672,9.917,9.9678,10.0187,10.0695,10.1204,10.1713,10.2223,10.2733,10.3244,10.298,10.2034,10.1084,10.0131,9.9174,9.8213,9.7248,9.6279,9.5306,9.4253,9.2225,9.0195,8.8163,8.6129,8.4092,8.2053,8.0012,7.7968,7.5922,7.4559,7.3634,7.2709,7.1784,7.0858,6.9932,6.9006,6.8079,6.7152,6.627,6.566,6.505,6.4439,6.3828,6.3216,6.2604,6.1991,6.1377
13.5192,13.4679,13.4167,13.3655,13.3142,13.263,13.2119,13.1607,13.1096,13.0373,12.9409,12.8447,12.7486,12.6526,12.5567,12.461,12.3654,12.2699,12.1746,12.0959,12.0171,11.9383,11.8594,11.7806,11.7016,11.6227,11.5437,11.4647,11.407,11.3668,11.3265,11.2862,11.2459,11.2056,11.1652,11.1249,11.0845,11.0531,11.1107,11.1683,11.2258,11.2833,11.3407,11.3981,11.4555,11.5128,11.5701,11.5981,11.6092,11.6204,11.6315,11.6426,11.6537,11.6648,11.6758,11.6869,11.698,11.7097,11.7213,11.7329,11.7445,11.756,11.7676,11.7792,11.7907,11.8022,11.7876,11.7629,11.7383,11.7137,11.6891,11.6647,11.6403,11.6159,11.5916,11.5811,11.6087,11.6362,11.6637,11.6911,11.7186,11.746,11.7734,11.8007,11.8281,11.8569,11.886,11.9152,11.9443,11.9735,12.0026,12.0318,12.0609,12.0901,12.0702,11.9585,11.8465,11.7344,11.622,11.5093,11.3964,11.2832,11.1698,11.056,10.9816,10.9119,10.8421,10.7722,10.7022,10.6321,10.5618,10.4914,10.4209,10.3528,10.288,10.2232,10.1583,10.0934,10.0284,9.9634,9.8984,9.8333,9.7682,9.8167,9.8688,9.921,9.9732,10.0255,10.0778,10.1301,10.1825,10.2348,10.2098,10.109,10.0078,9.9062,9.8043,9.7019,9.5992,9.4961,9.3926,9.2843,9.0788,8.8731,8.6671,8.4609,8.2546,8.0479,7.8411,7.634,7.4267,7.2857,7.1935,7.1013,7.0091,6.9168,6.8245,6.7322,6.6398,6.5474,6.4601,6.4016,6.3431,6.2845,6.2259,6.1673,6.1086,6.0499,5.9912
13.5022,13.4502,13.3981,13.3461,13.2941,13.2422,13.1902,13.1383,13.0863,13.0105,12.9089,12.8074,12.7061,12.6049,12.5039,12.4029,12.3021,12.2014,12.1012,12.023,11.9447,11.8663,11.7879,11.7095,11.6311,11.5526,11.4741,11.3956,11.3383,11.298,11.2576,11.2172,11.1768,11.1363,11.0958,11.0553,11.0148,10.9841,11.0443,11.1045,11.1646,11.2247,11.2847,11.3447,11.4047,11.4646,11.5245,11.5536,11.5653,11.577,11.5886,11.6003,11.6119,11.6235,11.6351,11.6466,11.6582,11.6699,11.6815,11.6931,11.7047,11.7162,11.7278,11.7394,11.7509,11.7624,11.752,11.7329,11.7139,11.6949,11.6759,11.6571,11.6383,11.6195,11.6009,11.5937,11.6196,11.6455,11.6714,11.6973,11.7231,11.7489,11.7747,11.8004,11.8261,11.8546,11.8837,11.9129,11.942,11.9712,12.0004,12.0295,12.0587,12.0878,12.0671,11.9475,11.8276,11.7075,11.5872,11.4666,11.3458,11.2247,11.1033,10.9816,10.9034,10.8314,10.7592,10.687,10.6147,10.5422,10.4696,10.3969,10.3241,10.2545,10.1896,10.1247,10.0597,9.9948,9.9297,9.8647,9.7995,9.7344,9.6692,9.7163,9.7698,9.8233,9.8769,9.9292,9.9816,10.0339,10.0862,10.1384,10.114,10.0067,9.8994,9.792,9.6845,9.577,9.4694,9.3618,9.2542,9.1452,8.9388,8.7325,8.5261,8.3198,8.1136,7.9073,7.7011,7.495,7.2888,7.1467,7.0583,6.9701,6.8821,6.7942,6.7065,6.619,6.5316,6.4445,6.3595,6.3011,6.2426,6.184,6.1254,6.0668,6.0082,5.9495,5.8908
13.4468,13.3933,13.34,13.2868,13.2336,13.1806,13.1276,13.0748,13.022,12.9442,12.8409,12.7376,12.6343,12.5309,12.4275,12.3241,12.2206,12.1171,12.0144,11.939,11.8634,11.7876,11.7117,11.6356,11.5593,11.4829,11.4063,11.3296,11.2741,11.2349,11.1955,11.1559,11.1163,11.0766,11.0368,10.9969,10.9569,10.9275,10.9898,11.052,11.1143,11.1765,11.2388,11.301,11.3632,11.4254,11.4876,11.5179,11.5301,11.5423,11.5546,11.5668,11.5791,11.5914,11.6036,11.6159,11.6279,11.6384,11.6489,11.6594,11.6698,11.6801,11.6905,11.7007,11.7109,11.721,11.7134,11.6988,11.6841,11.6693,11.6546,11.6398,11.6249,11.61,11.595,11.5896,11.6127,11.6358,11.6587,11.6815,11.7042,11.7269,11.7494,11.7717,11.794,11.8189,11.8442,11.8694,11.8943,11.9189,11.9433,11.9674,11.9913,12.0149,11.9894,11.8611,11.7326,11.604,11.4752,11.3463,11.2171,11.0878,10.9583,10.8287,10.7458,10.6708,10.5957,10.5206,10.4455,10.3703,10.2951,10.2198,10.1445,10.0745,10.013,9.9518,9.8908,9.8301,9.7697,9.7095,9.6496,9.5901,9.5308,9.5749,9.6275,9.6801,9.7326,9.7851,9.8376,9.89,9.9424,9.9947,9.9746,9.8673,9.7599,9.6525,9.5451,9.4375,9.33,9.2224,9.1147,9.007,8.8035,8.5984,8.3933,8.1883,7.9833,7.7783,7.5734,7.3685,7.1636,7.0198,6.9345,6.8493,6.7643,6.6795,6.5949,6.5104,6.4261,6.342,6.259,6.2005,6.142,6.0835,6.025,5.9664,5.9078,5.8491,5.7905
13.3654,13.3082,13.251,13.194,13.1371,13.0803,13.0236,12.9669,12.9103,12.8299,12.7266,12.6232,12.5198,12.4164,12.3129,12.2094,12.1058,12.0023,11.9001,11.8313,11.7622,11.693,11.6235,11.554,11.4842,11.4143,11.3443,11.2741,11.2252,11.1921,11.1589,11.1256,11.0921,11.0586,11.025,10.9912,10.9575,10.9343,10.9985,11.0627,11.1268,11.191,11.2551,11.3193,11.3834,11.4475,11.5117,11.5437,11.5579,11.5722,11.5864,11.6006,11.6148,11.6291,11.6433,11.6576,11.6694,11.6695,11.6697,11.6698,11.6698,11.6698,11.6698,11.6697,11.6695,11.6692,11.6574,11.6409,11.6243,11.6077,11.5911,11.5744,11.5577,11.5409,11.5241,11.5159,11.5347,11.5534,11.572,11.5905,11.6089,11.6272,11.6453,11.6634,11.6813,11.6985,11.7153,11.7319,11.7482,11.7643,11.7801,11.7957,11.8109,11.826,11.7956,11.664,11.5323,11.4004,11.2684,11.1361,11.0037,10.8711,10.7384,10.6055,10.522,10.4478,10.3737,10.2995,10.2253,10.151,10.0767,10.0023,9.9279,9.8612,9.8075,9.7541,9.701,9.6481,9.5955,9.5432,9.4911,9.4394,9.3879,9.4303,9.483,9.5357,9.5884,9.641,9.6936,9.7461,9.7986,9.8511,9.8352,9.7279,9.6205,9.5131,9.4056,9.2981,9.1905,9.0829,8.9753,8.8675,8.6681,8.4643,8.2605,8.0567,7.853,7.6492,7.4456,7.2419,7.0383,6.8927,6.8104,6.7283,6.6464,6.5646,6.483,6.4016,6.3203,6.2393,6.1584,6.1,6.0415,5.983,5.9245,5.866,5.8074,5.7488,5.6901
13.2839,13.2229,13.162,13.1012,13.0405,12.9799,12.9194,12.8589,12.7986,12.7156,12.6122,12.5088,12.4053,12.3018,12.1983,12.0947,11.9911,11.8875,11.7861,11.7237,11.6611,11.5984,11.5355,11.4724,11.4092,11.3458,11.2823,11.2186,11.1764,11.1495,11.1224,11.0953,11.068,11.0407,11.0132,10.9857,10.958,10.9411,11.0072,11.0733,11.1394,11.2055,11.2715,11.3376,11.4036,11.4697,11.5357,11.5696,11.5858,11.602,11.6182,11.6344,11.6506,11.6668,11.683,11.6993,11.7109,11.7007,11.6904,11.6802,11.6699,11.6596,11.6492,11.6387,11.6282,11.6175,11.6014,11.583,11.5646,11.5461,11.5276,11.5091,11.4905,11.4718,11.4531,11.4422,11.4567,11.4711,11.4853,11.4995,11.5136,11.5275,11.5414,11.5551,11.5687,11.5783,11.5866,11.5946,11.6023,11.6098,11.6171,11.6241,11.6308,11.6373,11.6019,11.4671,11.3321,11.1969,11.0616,10.9261,10.7904,10.6546,10.5186,10.3824,10.2981,10.2249,10.1516,10.0784,10.005,9.9317,9.8583,9.7848,9.7114,9.6475,9.6017,9.5561,9.5108,9.4657,9.4209,9.3764,9.3322,9.2883,9.2447,9.2857,9.3386,9.3914,9.4442,9.4969,9.5496,9.6022,9.6548,9.7074,9.6958,9.5885,9.4811,9.3737,9.2662,9.1587,9.0511,8.9435,8.8358,8.7281,8.5326,8.3301,8.1275,7.925,7.7225,7.5201,7.3177,7.1153,6.9129,6.7654,6.6862,6.6072,6.5283,6.4495,6.371,6.2926,6.2144,6.1363,6.0585,5.9994,5.941,5.8825,5.824,5.7655,5.707,5.6484,5.5897
13.2022,13.1374,13.0728,13.0082,12.9437,12.8793,12.815,12.7508,12.6867,12.6013,12.4979,12.3944,12.2908,12.1873,12.0837,11.98,11.8764,11.7726,11.6721,11.6163,11.5602,11.504,11.4476,11.3911,11.3343,11.2775,11.2205,11.1633,11.1277,11.107,11.0861,11.0651,11.044,11.0228,11.0015,10.9801,10.9587,10.9479,11.016,11.084,11.152,11.22,11.2879,11.3559,11.4238,11.4918,11.5597,11.5955,11.6136,11.6318,11.65,11.6681,11.6863,11.7045,11.7227,11.741,11.7524,11.7318,11.7113,11.6907,11.67,11.6493,11.6286,11.6078,11.5869,11.5659,11.5455,11.5252,11.5049,11.4845,11.4642,11.4437,11.4233,11.4028,11.3822,11.3686,11.3788,11.3888,11.3988,11.4086,11.4183,11.428,11.4375,11.4469,11.4562,11.4583,11.458,11.4575,11.4567,11.4556,11.4543,11.4528,11.4509,11.4488,11.4083,11.2702,11.1319,10.9935,10.8549,10.7162,10.5772,10.4381,10.2989,10.1594,10.0741,10.0018,9.9295,9.8572,9.7848,9.7123,9.6398,9.5673,9.4947,9.4335,9.3955,9.3578,9.3203,9.283,9.2461,9.2094,9.173,9.1369,9.1011,9.1412,9.1941,9.247,9.2999,9.3528,9.4056,9.4583,9.511,9.5637,9.5564,9.449,9.3417,9.2342,9.1267,9.0192,8.9116,8.804,8.6963,8.5886,8.3971,8.1958,7.9945,7.7932,7.592,7.3908,7.1897,6.9885,6.7875,6.6379,6.5618,6.4858,6.4099,6.3342,6.2587,6.1834,6.1082,6.0332,5.9584,5.8989,5.8405,5.782,5.7236,5.6651,5.6065,5.548,5.4894
13.1204,13.0519,12.9834,12.9151,12.8468,12.7787,12.7106,12.6426,12.5747,12.487,12.3835,12.28,12.1764,12.0727,11.9691,11.8654,11.7616,11.6578,11.5583,11.509,11.4595,11.4098,11.3599,11.3098,11.2596,11.2092,11.1587,11.1081,11.0792,11.0645,11.0498,11.035,11.0201,11.005,10.9899,10.9747,10.9594,10.9548,11.0247,11.0947,11.1646,11.2345,11.3043,11.3742,11.4441,11.5139,11.5838,11.6213,11.6415,11.6616,11.6818,11.7019,11.7221,11.7422,11.7624,11.7826,11.7939,11.763,11.7321,11.7012,11.6702,11.6392,11.6081,11.577,11.5457,11.5144,11.4895,11.4674,11.4452,11.423,11.4007,11.3784,11.3561,11.3337,11.3113,11.2951,11.3009,11.3066,11.3123,11.3178,11.3232,11.3285,11.3337,11.3388,11.3438,11.3385,11.3297,11.3205,11.3112,11.3016,11.2917,11.2816,11.2712,11.2606,11.2147,11.0734,10.9318,10.7902,10.6483,10.5063,10.3641,10.2218,10.0792,9.9365,9.8502,9.7788,9.7074,9.6359,9.5644,9.4929,9.4213,9.3497,9.2781,9.2192,9.189,9.1591,9.1294,9.1,9.0709,9.042,9.0134,8.9852,8.9572,8.9966,9.0497,9.1027,9.1557,9.2086,9.2616,9.3144,9.3672,9.42,9.417,9.3096,9.2022,9.0948,8.9873,8.8798,8.7722,8.6645,8.5568,8.4491,8.2615,8.0614,7.8614,7.6614,7.4614,7.2615,7.0616,6.8617,6.6619,6.5103,6.4371,6.3642,6.2914,6.2187,6.1462,6.0739,6.0018,5.9298,5.8581,5.7983,5.7399,5.6815,5.6231,5.5646,5.5061,5.4476,5.389
13.0385,12.9662,12.894,12.8219,12.7498,12.6779,12.6061,12.5343,12.4626,12.3727,12.2691,12.1655,12.0619,11.9582,11.8544,11.7507,11.6469,11.543,11.4447,11.4019,11.3589,11.3156,11.2723,11.2287,11.185,11.1411,11.0971,11.053,11.0307,11.0222,11.0137,11.005,10.9962,10.9874,10.9784,10.9694,10.9602,10.9617,11.0335,11.1054,11.1772,11.249,11.3208,11.3925,11.4643,11.5361,11.6079,11.6472,11.6693,11.6915,11.7136,11.7357,11.7578,11.78,11.8021,11.8243,11.8355,11.7943,11.753,11.7117,11.6704,11.6291,11.5877,11.5462,11.5046,11.463,11.4336,11.4096,11.3855,11.3614,11.3373,11.3132,11.289,11.2647,11.2404,11.2216,11.2231,11.2245,11.2258,11.227,11.2281,11.2291,11.23,11.2308,11.2314,11.2189,11.2015,11.1838,11.1659,11.1478,11.1294,11.1107,11.0918,11.0725,11.0213,10.8767,10.7319,10.5869,10.4418,10.2966,10.1511,10.0055,9.8597,9.7138,9.6262,9.5557,9.4852,9.4147,9.3441,9.2735,9.2028,9.1321,9.0613,9.0046,8.9822,8.9601,8.9382,8.9166,8.8953,8.8743,8.8535,8.833,8.8129,8.852,8.9052,8.9583,9.0114,9.0645,9.1175,9.1705,9.2234,9.2763,9.2776,9.1702,9.0628,8.9553,8.8478,8.7403,8.6327,8.5251,8.4174,8.3096,8.1258,7.927,7.7282,7.5295,7.3308,7.1321,6.9335,6.7349,6.5363,6.3824,6.3123,6.2424,6.1726,6.103,6.0335,5.9643,5.8952,5.8263,5.7575,5.6978,5.6394,5.581,5.5226,5.4642,5.4057,5.3472,5.2886
12.9565,12.8804,12.8044,12.7285,12.6527,12.577,12.5014,12.4258,12.3504,12.2584,12.1548,12.0511,11.9474,11.8436,11.7398,11.636,11.5321,11.4282,11.3313,11.2949,11.2584,11.2217,11.1848,11.1477,11.1105,11.0732,11.0357,10.998,10.9823,10.98,10.9776,10.9751,10.9725,10.9698,10.967,10.9641,10.9611,10.9686,11.0423,11.1161,11.1898,11.2635,11.3372,11.4109,11.4846,11.5583,11.6319,11.6731,11.6972,11.7213,11.7454,11.7695,11.7936,11.8177,11.8418,11.866,11.8771,11.8255,11.7739,11.7223,11.6707,11.619,11.5673,11.5155,11.4636,11.4116,11.3777,11.3518,11.3259,11.2999,11.2739,11.2479,11.2218,11.1957,11.1696,11.1482,11.1454,11.1425,11.1395,11.1364,11.1331,11.1298,11.1264,11.1228,11.1192,11.0995,11.0735,11.0473,11.0208,10.9942,10.9672,10.94,10.9125,10.8848,10.8279,10.68,10.532,10.3838,10.2355,10.0869,9.9382,9.7894,9.6403,9.4911,9.4021,9.3326,9.263,9.1934,9.1237,9.054,8.9842,8.9144,8.8446,8.7897,8.7751,8.7608,8.7467,8.7329,8.7194,8.7062,8.6932,8.6806,8.6682,8.7074,8.7607,8.814,8.8672,8.9204,8.9735,9.0266,9.0796,9.1326,9.1381,9.0308,8.9234,8.8159,8.7084,8.6009,8.4932,8.3856,8.2779,8.1702,7.99,7.7924,7.5949,7.3975,7.2,7.0026,6.8052,6.6079,6.4106,6.2543,6.1872,6.1204,6.0536,5.9871,5.9207,5.8544,5.7884,5.7225,5.6568,5.5972,5.5389,5.4805,5.4221,5.3637,5.3053,5.2468,5.1882
12.8743,12.7944,12.7147,12.635,12.5554,12.476,12.3966,12.3173,12.2381,12.1441,12.0404,11.9367,11.8329,11.7291,11.6252,11.5213,11.4174,11.3134,11.2179,11.1881,11.1581,11.1278,11.0975,11.0669,11.0362,11.0053,10.9743,10.9431,10.934,10.9379,10.9416,10.9453,10.9488,10.9523,10.9556,10.9589,10.9621,10.9755,11.0512,11.1268,11.2024,11.2781,11.3537,11.4293,11.5048,11.5804,11.656,11.699,11.7251,11.7511,11.7772,11.8033,11.8293,11.8554,11.8815,11.9076,11.9186,11.8568,11.7949,11.7329,11.671,11.609,11.5469,11.4848,11.4226,11.3603,11.3218,11.294,11.2662,11.2384,11.2106,11.1827,11.1547,11.1268,11.0987,11.0749,11.0677,11.0605,11.0532,11.0458,11.0382,11.0306,11.0229,11.015,11.007,10.9802,10.9457,10.9109,10.876,10.8407,10.8053,10.7695,10.7335,10.6972,10.6346,10.4835,10.3322,10.1808,10.0292,9.8774,9.7255,9.5733,9.421,9.2686,9.1781,9.1095,9.0408,8.9721,8.9033,8.8345,8.7656,8.6968,8.6278,8.5744,8.5677,8.5612,8.5549,8.5489,8.5432,8.5377,8.5326,8.5277,8.5232,8.5628,8.6162,8.6696,8.7229,8.7762,8.8294,8.8827,8.9358,8.9889,8.9987,8.8914,8.7839,8.6765,8.569,8.4614,8.3538,8.2461,8.1384,8.0307,7.8541,7.6578,7.4616,7.2654,7.0692,6.873,6.6769,6.4808,6.2848,6.126,6.062,5.9981,5.9344,5.8709,5.8075,5.7444,5.6813,5.6185,5.5558,5.4966,5.4383,5.38,5.3216,5.2633,5.2048,5.1464,5.0879
12.792,12.7083,12.6248,12.5414,12.458,12.3748,12.2917,12.2086,12.1256,12.0298,11.926,11.8222,11.7184,11.6145,11.5106,11.4066,11.3026,11.1986,11.1048,11.0814,11.0579,11.0342,11.0103,10.9862,10.962,10.9376,10.9131,10.8884,10.8859,10.8959,10.9058,10.9156,10.9252,10.9348,10.9443,10.9537,10.9631,10.9825,11.06,11.1376,11.2151,11.2926,11.3701,11.4476,11.5251,11.6026,11.6801,11.725,11.753,11.781,11.809,11.8371,11.8651,11.8931,11.9212,11.9493,11.9602,11.8881,11.8158,11.7436,11.6713,11.599,11.5267,11.4542,11.3817,11.3091,11.2659,11.2363,11.2066,11.1769,11.1472,11.1175,11.0877,11.0578,11.0279,11.0016,10.9901,10.9786,10.967,10.9552,10.9434,10.9315,10.9194,10.9072,10.8949,10.8611,10.8181,10.7748,10.7313,10.6875,10.6435,10.5992,10.5547,10.5099,10.4414,10.2871,10.1325,9.9778,9.823,9.668,9.5128,9.3574,9.2018,9.0461,8.954,8.8863,8.8185,8.7507,8.6828,8.6149,8.547,8.479,8.411,8.3589,8.3599,8.3612,8.3628,8.3646,8.3666,8.369,8.3716,8.3745,8.3778,8.4182,8.4717,8.5252,8.5786,8.632,8.6854,8.7387,8.792,8.8452,8.8593,8.7519,8.6445,8.537,8.4295,8.3219,8.2143,8.1067,7.999,7.8912,7.7182,7.5232,7.3282,7.1332,6.9383,6.7434,6.5485,6.3537,6.1589,5.9975,5.9366,5.8757,5.8151,5.7546,5.6942,5.6341,5.5741,5.5143,5.4546,5.3961,5.3378,5.2795,5.2212,5.1628,5.1044,5.046,4.9875
12.7095,12.6221,12.5348,12.4476,12.3605,12.2735,12.1866,12.0998,12.013,11.9155,11.8117,11.7078,11.6039,11.4999,11.3959,11.2919,11.1879,11.0838,10.9918,10.9749,10.9578,10.9406,10.9232,10.9056,10.8879,10.87,10.8519,10.8338,10.8378,10.854,10.87,10.8859,10.9018,10.9175,10.9331,10.9487,10.9642,10.9894,11.0689,11.1484,11.2278,11.3072,11.3866,11.466,11.5454,11.6248,11.7042,11.7509,11.7809,11.8109,11.8409,11.8709,11.9009,11.9309,11.9609,11.9909,12.0019,11.9194,11.8369,11.7543,11.6717,11.5891,11.5065,11.4237,11.3409,11.258,11.21,11.1785,11.147,11.1155,11.0839,11.0523,11.0206,10.9889,10.9571,10.9283,10.9126,10.8967,10.8808,10.8648,10.8486,10.8324,10.816,10.7995,10.7829,10.7422,10.6906,10.6388,10.5868,10.5345,10.482,10.4292,10.3761,10.3227,10.2483,10.0907,9.9329,9.775,9.6169,9.4586,9.3002,9.1416,8.9828,8.8238,8.7299,8.6631,8.5962,8.5293,8.4624,8.3954,8.3283,8.2613,8.1942,8.143,8.1519,8.1609,8.1703,8.1799,8.1897,8.1999,8.2103,8.221,8.232,8.2736,8.3272,8.3808,8.4344,8.4879,8.5414,8.5948,8.6482,8.7015,8.7199,8.6125,8.5051,8.3976,8.2901,8.1825,8.0749,7.9672,7.8595,7.7517,7.5822,7.3884,7.1947,7.001,6.8073,6.6137,6.4201,6.2265,6.033,5.8689,5.8109,5.7531,5.6955,5.638,5.5807,5.5236,5.4666,5.4098,5.3532,5.2955,5.2373,5.179,5.1207,5.0623,5.004,4.9455,4.8871
12.6269,12.5357,12.4447,12.3537,12.2629,12.1721,12.0814,11.9909,11.9004,11.8012,11.6973,11.5934,11.4894,11.3854,11.2813,11.1772,11.0731,10.9689,10.8789,10.8685,10.858,10.8472,10.8363,10.8252,10.8139,10.8025,10.7909,10.7792,10.7898,10.8121,10.8343,10.8564,10.8784,10.9002,10.922,10.9437,10.9653,10.9964,11.0778,11.1592,11.2405,11.3218,11.4031,11.4844,11.5657,11.647,11.7283,11.7768,11.8088,11.8407,11.8727,11.9046,11.9366,11.9686,12.0006,12.0326,12.0435,11.9507,11.8579,11.7651,11.6722,11.5793,11.4863,11.3933,11.3002,11.207,11.1541,11.1208,11.0874,11.054,11.0206,10.9871,10.9536,10.92,10.8864,10.8552,10.8351,10.815,10.7947,10.7744,10.7539,10.7334,10.7127,10.6919,10.671,10.6235,10.5634,10.5031,10.4425,10.3817,10.3206,10.2593,10.1977,10.1359,10.0553,9.8945,9.7334,9.5722,9.4109,9.2494,9.0877,8.9258,8.7638,8.6016,8.5057,8.4398,8.3739,8.3079,8.2418,8.1758,8.1096,8.0435,7.9773,7.9269,7.9435,7.9603,7.9774,7.9948,8.0125,8.0304,8.0486,8.0671,8.0859,8.129,8.1827,8.2364,8.2901,8.3437,8.3973,8.4508,8.5043,8.5578,8.5805,8.4731,8.3657,8.2582,8.1506,8.043,7.9354,7.8277,7.72,7.6122,7.4461,7.2536,7.0611,6.8687,6.6763,6.4839,6.2915,6.0992,5.9069,5.74,5.6851,5.6303,5.5757,5.5212,5.467,5.4129,5.3589,5.3052,5.2516,5.1949,5.1367,5.0785,5.0202,4.9619,4.9035,4.8451,4.7867
12.5442,12.4492,12.3544,12.2597,12.1651,12.0706,11.9762,11.8818,11.7876,11.6869,11.5829,11.4789,11.3749,11.2708,11.1667,11.0625,10.9583,10.8541,10.7662,10.7623,10.7582,10.7539,10.7495,10.7449,10.7401,10.7351,10.7301,10.7248,10.742,10.7704,10.7987,10.827,10.8551,10.8831,10.911,10.9388,10.9666,11.0034,11.0867,11.17,11.2532,11.3364,11.4196,11.5028,11.586,11.6692,11.7524,11.8028,11.8367,11.8706,11.9045,11.9384,11.9724,12.0063,12.0403,12.0743,12.0852,11.9821,11.879,11.7758,11.6727,11.5695,11.4662,11.3629,11.2595,11.156,11.0983,11.0631,11.0279,10.9926,10.9573,10.922,10.8866,10.8511,10.8157,10.7821,10.7577,10.7333,10.7087,10.6841,10.6593,10.6345,10.6095,10.5844,10.5592,10.5049,10.4363,10.3675,10.2984,10.2291,10.1595,10.0897,10.0196,9.9492,9.8624,9.6983,9.534,9.3696,9.205,9.0402,8.8753,8.7102,8.5449,8.3794,8.2815,8.2165,8.1515,8.0864,8.0213,7.9561,7.8909,7.8256,7.7604,7.7104,7.7348,7.7594,7.7843,7.8095,7.8349,7.8606,7.8866,7.9129,7.9394,7.9844,8.0382,8.092,8.1458,8.1995,8.2532,8.3069,8.3605,8.414,8.4411,8.3337,8.2262,8.1187,8.0112,7.9036,7.796,7.6883,7.5805,7.4728,7.3099,7.1187,6.9275,6.7363,6.5451,6.354,6.1629,5.9718,5.7808,5.6109,5.559,5.5073,5.4557,5.4043,5.353,5.302,5.251,5.2003,5.1498,5.0944,5.0362,4.978,4.9197,4.8614,4.8031,4.7447,4.6863
12.4613,12.3626,12.2641,12.1656,12.0672,11.9689,11.8708,11.7727,11.6746,11.5726,11.4685,11.3645,11.2604,11.1562,11.0521,10.9478,10.8436,10.7393,10.6537,10.6563,10.6586,10.6608,10.6628,10.6647,10.6664,10.6679,10.6693,10.6706,10.6942,10.7288,10.7633,10.7976,10.8318,10.866,10.9,10.934,10.9679,11.0105,11.0956,11.1808,11.2659,11.3511,11.4362,11.5213,11.6064,11.6915,11.7766,11.8287,11.8646,11.9005,11.9364,11.9723,12.0082,12.0441,12.08,12.1159,12.1268,12.0135,11.9001,11.7867,11.6732,11.5597,11.4462,11.3326,11.2189,11.1051,11.0425,11.0054,10.9683,10.9312,10.894,10.8568,10.8196,10.7823,10.745,10.709,10.6804,10.6516,10.6228,10.5939,10.5648,10.5357,10.5064,10.477,10.4475,10.3866,10.3094,10.2321,10.1545,10.0767,9.9986,9.9203,9.8417,9.7628,9.6696,9.5022,9.3347,9.167,8.9992,8.8312,8.663,8.4947,8.3261,8.1574,8.0573,7.9932,7.9291,7.8649,7.8007,7.7364,7.6721,7.6078,7.5434,7.4936,7.5257,7.5582,7.5908,7.6238,7.657,7.6904,7.7242,7.7583,7.7926,7.8397,7.8937,7.9476,8.0015,8.0554,8.1092,8.1629,8.2166,8.2703,8.3016,8.1942,8.0868,7.9793,7.8717,7.7641,7.6565,7.5488,7.4411,7.3333,7.1737,6.9837,6.7937,6.6038,6.4139,6.224,6.0342,5.8444,5.6546,5.4816,5.4327,5.384,5.3355,5.2871,5.2389,5.1908,5.1428,5.0947,5.0466,4.9921,4.9334,4.8745,4.8156,4.7565,4.6974,4.6381,4.5787
12.3783,12.2759,12.1735,12.0713,11.9692,11.8672,11.7652,11.6634,11.5616,11.4583,11.3542,11.25,11.1459,11.0417,10.9374,10.8331,10.7288,10.6245,10.5413,10.5503,10.5592,10.5678,10.5763,10.5846,10.5928,10.6008,10.6087,10.6164,10.6466,10.6873,10.7279,10.7683,10.8087,10.849,10.8892,10.9293,10.9693,11.0175,11.1046,11.1916,11.2787,11.3657,11.4527,11.5397,11.6267,11.7137,11.8007,11.8547,11.8925,11.9304,11.9682,12.0061,12.0439,12.0818,12.1197,12.1576,12.1685,12.0449,11.9212,11.7975,11.6738,11.55,11.4262,11.3023,11.1784,11.0543,10.9866,10.9477,10.9088,10.8698,10.8308,10.7917,10.7526,10.7135,10.6743,10.6361,10.6031,10.5701,10.5369,10.5037,10.4703,10.4369,10.4033,10.3697,10.3359,10.2684,10.1828,10.0969,10.0108,9.9245,9.8379,9.7511,9.664,9.5766,9.4768,9.3062,9.1355,8.9645,8.7935,8.6222,8.4508,8.2792,8.1075,7.9355,7.8331,7.7699,7.7067,7.6434,7.5801,7.5167,7.4533,7.3899,7.3264,7.2765,7.3164,7.3566,7.397,7.4377,7.4787,7.52,7.5615,7.6033,7.6454,7.695,7.7489,7.8026,7.8562,7.9096,7.9628,8.0158,8.0687,8.1214,8.156,8.0482,7.9405,7.8328,7.725,7.6173,7.5096,7.4019,7.2943,7.1866,7.0312,6.8441,6.6572,6.4706,6.2843,6.0982,5.9123,5.7267,5.5414,5.3682,5.3203,5.2724,5.2244,5.1764,5.1283,5.0801,5.032,4.9837,4.9354,4.8807,4.8211,4.7613,4.7015,4.6415,4.5815,4.5213,4.461
12.277,12.1791,12.0809,11.9824,11.8836,11.7845,11.6851,11.5855,11.4856,11.3852,11.2844,11.1834,11.0821,10.9806,10.8789,10.7769,10.6748,10.5724,10.4929,10.5064,10.5196,10.5328,10.5459,10.5589,10.5718,10.5846,10.5973,10.6099,10.6426,10.6844,10.7263,10.7683,10.8105,10.8528,10.8951,10.9376,10.9802,11.0306,11.1161,11.2017,11.2874,11.3732,11.4591,11.5451,11.6312,11.7173,11.8034,11.8568,11.8944,11.9319,11.9695,12.007,12.0445,12.082,12.1194,12.1568,12.1659,12.0333,11.9006,11.7679,11.6351,11.5023,11.3693,11.2363,11.1032,10.97,10.8956,10.8517,10.8075,10.7632,10.7187,10.6739,10.6289,10.5837,10.5382,10.4934,10.4536,10.4136,10.3734,10.333,10.2923,10.2514,10.2103,10.1689,10.1272,10.0526,9.9597,9.8668,9.7737,9.6805,9.5873,9.4939,9.4005,9.307,9.2032,9.0325,8.862,8.6915,8.5211,8.3508,8.1807,8.0106,7.8407,7.671,7.5719,7.5158,7.4601,7.4047,7.3496,7.2948,7.2404,7.1864,7.1328,7.0905,7.1355,7.1805,7.2255,7.2707,7.316,7.3614,7.4068,7.4524,7.4981,7.5474,7.5989,7.6503,7.7015,7.7525,7.8033,7.854,7.9045,7.9549,7.9916,7.885,7.7784,7.6719,7.5653,7.4588,7.3522,7.2457,7.1392,7.0327,6.8829,6.7006,6.5186,6.3368,6.1552,5.9739,5.7929,5.6122,5.4317,5.2585,5.2105,5.1624,5.1142,5.066,5.0178,4.9695,4.9211,4.8727,4.8243,4.7694,4.7088,4.6482,4.5874,4.5266,4.4656,4.4046,4.3434
12.1682,12.078,11.9874,11.8966,11.8055,11.7141,11.6224,11.5304,11.4382,11.3459,11.2534,11.1607,11.0677,10.9745,10.881,10.7874,10.6935,10.5994,10.5291,10.5481,10.5671,10.586,10.6047,10.6234,10.6419,10.6604,10.6788,10.6971,10.7275,10.7632,10.799,10.835,10.8711,10.9073,10.9436,10.98,11.0165,11.0601,11.1346,11.2092,11.2839,11.3588,11.4336,11.5086,11.5837,11.6588,11.7339,11.7775,11.806,11.8345,11.863,11.8915,11.92,11.9484,11.9768,12.0051,12.0063,11.8703,11.7343,11.5982,11.462,11.3258,11.1895,11.0531,10.9166,10.7801,10.6962,10.6401,10.5838,10.5274,10.4707,10.4138,10.3567,10.2993,10.2417,10.1854,10.1387,10.0917,10.0445,9.9971,9.9495,9.9016,9.8535,9.8052,9.7565,9.6809,9.5895,9.498,9.4064,9.3147,9.2229,9.131,9.0391,8.9471,8.8465,8.6832,8.5201,8.357,8.1941,8.0312,7.8685,7.7059,7.5435,7.3811,7.2902,7.2459,7.2018,7.1581,7.1148,7.0718,7.0291,6.9869,6.945,6.9117,6.9601,7.0086,7.0572,7.1058,7.1546,7.2034,7.2524,7.3014,7.3506,7.3999,7.449,7.498,7.5469,7.5955,7.644,7.6924,7.7405,7.7885,7.8272,7.7218,7.6164,7.511,7.4056,7.3002,7.1948,7.0895,6.9841,6.8788,6.7343,6.5569,6.3796,6.2027,6.0259,5.8494,5.6732,5.4973,5.3216,5.1488,5.1006,5.0523,5.004,4.9557,4.9073,4.8588,4.8103,4.7617,4.7131,4.6581,4.5967,4.5351,4.4735,4.4117,4.3499,4.2879,4.2258
12.0597,11.9771,11.8942,11.8111,11.7276,11.6439,11.5599,11.4756,11.3911,11.3069,11.2227,11.1382,11.0535,10.9685,10.8834,10.798,10.7124,10.6266,10.5653,10.5901,10.6147,10.6392,10.6636,10.688,10.7122,10.7363,10.7604,10.7843,10.8122,10.8419,10.8717,10.9016,10.9316,10.9618,10.992,11.0223,11.0527,11.0896,11.1531,11.2167,11.2804,11.3442,11.4081,11.472,11.5361,11.6002,11.6643,11.6981,11.7176,11.7371,11.7565,11.776,11.7954,11.8148,11.8342,11.8535,11.8467,11.7073,11.5679,11.4285,11.2889,11.1493,11.0097,10.8699,10.7301,10.5901,10.4969,10.4287,10.3602,10.2916,10.2228,10.1538,10.0845,10.015,9.9452,9.8775,9.8238,9.7699,9.7157,9.6614,9.6068,9.552,9.4969,9.4416,9.386,9.3091,9.2192,9.1291,9.039,8.9488,8.8585,8.7681,8.6776,8.5871,8.4895,8.3337,8.178,8.0224,7.8668,7.7114,7.5561,7.401,7.2459,7.091,7.0081,6.9755,6.9432,6.9112,6.8796,6.8483,6.8174,6.7868,6.7567,6.7328,6.7847,6.8366,6.8887,6.9408,6.993,7.0454,7.0978,7.1503,7.2029,7.2525,7.2993,7.3459,7.3924,7.4387,7.4848,7.5308,7.5766,7.6222,7.6627,7.5584,7.4542,7.35,7.2457,7.1415,7.0373,6.9331,6.8289,6.7248,6.5855,6.4128,6.2404,6.0682,5.8963,5.7246,5.5532,5.3821,5.2112,5.0406,4.9908,4.9423,4.8939,4.8453,4.7968,4.7481,4.6995,4.6508,4.602,4.5469,4.4846,4.4221,4.3596,4.2969,4.2342,4.1713,4.1083
11.9514,11.8765,11.8013,11.7258,11.65,11.5739,11.4976,11.421,11.3441,11.2681,11.1921,11.1159,11.0395,10.9628,10.8859,10.8088,10.7315,10.654,10.6017,10.6321,10.6624,10.6926,10.7227,10.7527,10.7825,10.8123,10.8421,10.8717,10.8969,10.9205,10.9443,10.9681,10.9921,11.0161,11.0403,11.0646,11.0889,11.1189,11.1714,11.224,11.2767,11.3295,11.3824,11.4354,11.4884,11.5415,11.5947,11.6187,11.6292,11.6396,11.65,11.6605,11.6709,11.6812,11.6916,11.7019,11.687,11.5444,11.4016,11.2588,11.1159,10.9729,10.8299,10.6868,10.5435,10.4003,10.2977,10.2173,10.1368,10.056,9.9751,9.8939,9.8125,9.7309,9.649,9.5696,9.509,9.4481,9.3871,9.3258,9.2642,9.2025,9.1405,9.0782,9.0157,8.9373,8.8488,8.7603,8.6716,8.5829,8.494,8.4051,8.3161,8.227,8.1324,7.984,7.8357,7.6875,7.5394,7.3914,7.2435,7.0958,6.9481,6.8007,6.7256,6.7047,6.6841,6.6639,6.644,6.6244,6.6052,6.5864,6.5679,6.5537,6.609,6.6645,6.72,6.7756,6.8313,6.8871,6.943,6.999,7.0551,7.1052,7.1496,7.1939,7.238,7.282,7.3257,7.3694,7.4128,7.4561,7.4981,7.3951,7.292,7.1889,7.0858,6.9828,6.8797,6.7767,6.6737,6.5707,6.4363,6.2685,6.1009,5.9335,5.7664,5.5995,5.4329,5.2666,5.1005,4.9347,4.8809,4.8324,4.7837,4.735,4.6863,4.6375,4.5887,4.5398,4.4908,4.4358,4.3726,4.3092,4.2458,4.1822,4.1185,4.0548,3.9909
11.8435,11.7762,11.7087,11.6408,11.5727,11.5043,11.4356,11.3666,11.2974,11.2295,11.1619,11.0939,11.0258,10.9574,10.8887,10.8199,10.7508,10.6816,10.6382,10.6743,10.7103,10.7461,10.7818,10.8175,10.853,10.8885,10.9239,10.9592,10.9815,10.999,11.0167,11.0345,11.0524,11.0704,11.0885,11.1067,11.125,11.1481,11.1896,11.2312,11.2729,11.3148,11.3567,11.3986,11.4407,11.4828,11.5249,11.5393,11.5407,11.5421,11.5435,11.5449,11.5463,11.5477,11.549,11.5502,11.5274,11.3814,11.2353,11.0891,10.9428,10.7965,10.6501,10.5036,10.357,10.2104,10.0986,10.0061,9.9134,9.8206,9.7275,9.6342,9.5407,9.4469,9.3529,9.2619,9.1943,9.1265,9.0585,8.9903,8.9218,8.8531,8.7841,8.7149,8.6455,8.5654,8.4784,8.3913,8.3042,8.2169,8.1295,8.0421,7.9546,7.867,7.7751,7.6341,7.4932,7.3524,7.2117,7.0711,6.9307,6.7903,6.6501,6.51,6.4426,6.4335,6.4246,6.4161,6.4079,6.4,6.3926,6.3854,6.3787,6.3745,6.4333,6.4922,6.5512,6.6103,6.6694,6.7287,6.7881,6.8476,6.9071,6.958,7.0001,7.042,7.0837,7.1253,7.1668,7.208,7.2491,7.29,7.3308,7.2316,7.1297,7.0278,6.9259,6.824,6.7221,6.6202,6.5184,6.4165,6.2869,6.1239,5.9611,5.7985,5.6362,5.4741,5.3123,5.1508,4.9895,4.8285,4.7711,4.7224,4.6736,4.6247,4.5758,4.5269,4.4779,4.4288,4.3797,4.3247,4.2606,4.1964,4.132,4.0675,4.003,3.9383,3.8735
11.7358,11.6762,11.6163,11.5561,11.4956,11.4348,11.3738,11.3125,11.2509,11.1912,11.1318,11.0721,11.0122,10.9521,10.8917,10.8312,10.7704,10.7094,10.6749,10.7166,10.7582,10.7997,10.8411,10.8824,10.9236,10.9647,11.0058,11.0467,11.066,11.0775,11.0891,11.1008,11.1127,11.1246,11.1367,11.1488,11.1611,11.1772,11.2077,11.2383,11.2691,11.2999,11.3308,11.3618,11.3929,11.424,11.4552,11.4598,11.4522,11.4446,11.437,11.4294,11.4217,11.4141,11.4064,11.3986,11.3678,11.2184,11.0689,10.9194,10.7698,10.6201,10.4703,10.3205,10.1706,10.0206,9.8996,9.795,9.6902,9.5852,9.48,9.3746,9.269,9.1631,9.057,8.9543,8.8797,8.805,8.73,8.6549,8.5795,8.5038,8.4279,8.3518,8.2754,8.1936,8.108,8.0224,7.9367,7.8509,7.765,7.679,7.593,7.5068,7.4175,7.284,7.1505,7.0171,6.8838,6.7506,6.6176,6.4847,6.3519,6.2192,6.1593,6.1619,6.1647,6.1679,6.1714,6.1753,6.1795,6.1841,6.189,6.1951,6.2574,6.3198,6.3822,6.4448,6.5074,6.5702,6.633,6.696,6.759,6.8109,6.8506,6.8902,6.9296,6.9688,7.0079,7.0468,7.0856,7.1241,7.1625,7.0681,6.9673,6.8666,6.7659,6.6651,6.5644,6.4637,6.363,6.2623,6.1372,5.979,5.821,5.6632,5.5057,5.3484,5.1914,5.0346,4.8782,4.7219,4.6613,4.6124,4.5634,4.5144,4.4654,4.4162,4.3671,4.3179,4.2686,4.2137,4.1487,4.0836,4.0183,3.953,3.8875,3.8219,3.7562
11.6283,11.5764,11.5241,11.4716,11.4187,11.3656,11.3123,11.2586,11.2047,11.1532,11.102,11.0506,10.999,10.9471,10.895,10.8426,10.7901,10.7374,10.7117,10.759,10.8063,10.8535,10.9005,10.9475,10.9943,11.0411,11.0878,11.1344,11.1503,11.1558,11.1613,11.167,11.1728,11.1787,11.1847,11.1908,11.197,11.2061,11.2257,11.2453,11.2651,11.285,11.3049,11.3249,11.345,11.3652,11.3854,11.3802,11.3636,11.347,11.3304,11.3138,11.2972,11.2805,11.2638,11.247,11.2082,11.0555,10.9026,10.7497,10.5968,10.4437,10.2906,10.1374,9.9841,9.8307,9.7007,9.584,9.4671,9.35,9.2327,9.1152,8.9974,8.8795,8.7612,8.6467,8.5653,8.4836,8.4017,8.3196,8.2373,8.1547,8.0718,7.9888,7.9054,7.8216,7.7376,7.6534,7.5692,7.4849,7.4005,7.3159,7.2314,7.1467,7.0598,6.9336,6.8076,6.6816,6.5557,6.4299,6.3043,6.1787,6.0533,5.9281,5.8756,5.8899,5.9044,5.9193,5.9345,5.95,5.966,5.9822,5.9989,6.016,6.0814,6.1472,6.2131,6.2792,6.3453,6.4115,6.4778,6.5442,6.6107,6.6639,6.7013,6.7385,6.7756,6.8125,6.8492,6.8858,6.9221,6.9584,6.9944,6.9045,6.8049,6.7053,6.6058,6.5062,6.4066,6.3071,6.2076,6.108,5.9872,5.8338,5.6806,5.5276,5.3749,5.2224,5.0702,4.9182,4.7665,4.6151,4.5515,4.5024,4.4533,4.4041,4.3549,4.3056,4.2563,4.2069,4.1575,4.1028,4.0369,3.9708,3.9047,3.8384,3.7721,3.7056,3.639
11.5212,11.4769,11.4322,11.3873,11.3422,11.2967,11.251,11.205,11.1587,11.1153,11.0724,11.0293,10.9859,10.9423,10.8984,10.8543,10.8101,10.7656,10.7486,10.8016,10.8545,10.9073,10.96,11.0126,11.0652,11.1176,11.1699,11.2222,11.2346,11.234,11.2335,11.2332,11.2329,11.2328,11.2327,11.2328,11.2329,11.235,11.2435,11.2522,11.261,11.2699,11.2789,11.288,11.2971,11.3063,11.3155,11.3007,11.275,11.2494,11.2238,11.1982,11.1726,11.1469,11.1212,11.0954,11.0486,10.8925,10.7363,10.5801,10.4237,10.2673,10.1109,9.9543,9.7977,9.641,9.5019,9.3731,9.2441,9.1149,8.9855,8.8559,8.7261,8.596,8.4656,8.3393,8.2509,8.1623,8.0735,7.9844,7.8952,7.8057,7.7159,7.6259,7.5356,7.4497,7.3671,7.2844,7.2017,7.1188,7.0359,6.9528,6.8697,6.7865,6.7019,6.5831,6.4644,6.3458,6.2274,6.109,5.9907,5.8726,5.7546,5.6367,5.5915,5.6174,5.6437,5.6702,5.6971,5.7244,5.752,5.78,5.8083,5.8371,5.9052,5.9745,6.0439,6.1134,6.183,6.2526,6.3224,6.3923,6.4623,6.517,6.5521,6.5869,6.6217,6.6562,6.6906,6.7248,6.7588,6.7927,6.8264,6.7409,6.6425,6.544,6.4456,6.3472,6.2488,6.1504,6.052,5.9537,5.8369,5.6883,5.5399,5.3917,5.2438,5.0961,4.9486,4.8015,4.6546,4.5079,4.4417,4.3925,4.3432,4.2939,4.2445,4.195,4.1455,4.096,4.0464,3.9919,3.9251,3.8582,3.7911,3.724,3.6567,3.5893,3.5219
11.4143,11.3776,11.3406,11.3034,11.2658,11.228,11.1899,11.1515,11.1129,11.0778,11.0431,11.0082,10.9731,10.9377,10.9021,10.8663,10.8302,10.794,10.7857,10.8443,10.9029,10.9613,11.0197,11.0779,11.1361,11.1942,11.2521,11.31,11.3188,11.3121,11.3056,11.2992,11.2929,11.2867,11.2806,11.2747,11.2688,11.2637,11.2613,11.259,11.2569,11.2548,11.2528,11.2509,11.2491,11.2473,11.2456,11.221,11.1864,11.1518,11.1172,11.0826,11.048,11.0133,10.9786,10.9438,10.8891,10.7296,10.57,10.4104,10.2507,10.091,9.9312,9.7713,9.6113,9.4512,9.3032,9.1623,9.0212,8.8799,8.7384,8.5967,8.4548,8.3126,8.1702,8.032,7.9366,7.8411,7.7454,7.6494,7.5532,7.4568,7.3601,7.2632,7.166,7.0777,6.9966,6.9154,6.8341,6.7527,6.6712,6.5896,6.508,6.4263,6.3437,6.2324,6.1211,6.0099,5.8988,5.7878,5.677,5.5662,5.4556,5.3452,5.307,5.3446,5.3826,5.4208,5.4594,5.4983,5.5376,5.5772,5.6173,5.6577,5.7289,5.8016,5.8745,5.9474,6.0205,6.0936,6.1669,6.2402,6.3136,6.3703,6.403,6.4355,6.4679,6.5001,6.5321,6.5639,6.5956,6.6271,6.6585,6.5772,6.4799,6.3827,6.2854,6.1881,6.0909,5.9937,5.8965,5.7993,5.6864,5.5425,5.3989,5.2555,5.1123,4.9695,4.8268,4.6844,4.5423,4.4005,4.332,4.2825,4.2331,4.1836,4.134,4.0844,4.0348,3.9851,3.9354,3.8811,3.8134,3.7456,3.6776,3.6096,3.5414,3.4732,3.4048
11.3077,11.2786,11.2493,11.2197,11.1898,11.1596,11.1291,11.0984,11.0674,11.0404,11.014,10.9874,10.9605,10.9333,10.906,10.8784,10.8506,10.8226,10.8228,10.8872,10.9514,11.0155,11.0794,11.1433,11.2071,11.2708,11.3345,11.398,11.4028,11.3901,11.3776,11.3651,11.3528,11.3406,11.3285,11.3164,11.3045,11.2923,11.2789,11.2657,11.2526,11.2396,11.2267,11.2138,11.201,11.1883,11.1756,11.1414,11.0978,11.0542,11.0106,10.967,10.9234,10.8797,10.836,10.7922,10.7295,10.5666,10.4037,10.2408,10.0778,9.9147,9.7515,9.5882,9.4249,9.2615,9.1046,8.9516,8.7984,8.6451,8.4915,8.3377,8.1837,8.0295,7.875,7.7247,7.6225,7.52,7.4174,7.3145,7.2114,7.108,7.0044,6.9006,6.7965,6.7057,6.6261,6.5463,6.4665,6.3866,6.3065,6.2264,6.1463,6.066,5.9854,5.8814,5.7775,5.6737,5.57,5.4664,5.363,5.2596,5.1564,5.0533,5.0221,5.0714,5.121,5.1709,5.2212,5.2718,5.3227,5.374,5.4258,5.4778,5.5524,5.6286,5.705,5.7814,5.8579,5.9345,6.0112,6.088,6.1649,6.2236,6.254,6.2842,6.3142,6.344,6.3737,6.4032,6.4326,6.4617,6.4907,6.4134,6.3173,6.2212,6.1251,6.029,5.9329,5.8369,5.7408,5.6448,5.5355,5.3965,5.2576,5.119,4.9806,4.8425,4.7047,4.5671,4.4298,4.2927,4.2222,4.1726,4.123,4.0733,4.0236,3.9739,3.9241,3.8742,3.8243,3.7704,3.7018,3.633,3.5642,3.4952,3.4262,3.357,3.2878
11.2013,11.1799,11.1582,11.1362,11.1139,11.0914,11.0685,11.0454,11.0221,11.0034,10.9852,10.9668,10.9481,10.9292,10.9101,10.8907,10.8712,10.8514,10.8602,10.9301,11,11.0697,11.1393,11.2089,11.2783,11.3476,11.4169,11.4861,11.4868,11.4681,11.4495,11.431,11.4126,11.3944,11.3762,11.3582,11.3402,11.3208,11.2965,11.2723,11.2482,11.2243,11.2004,11.1766,11.1529,11.1292,11.1055,11.0617,11.0091,10.9565,10.904,10.8514,10.7987,10.7461,10.6934,10.6406,10.5699,10.4037,10.2375,10.0712,9.9048,9.7383,9.5718,9.4052,9.2385,9.0717,8.9061,8.741,8.5758,8.4103,8.2447,8.0788,7.9128,7.7464,7.5799,7.4176,7.3084,7.1991,7.0895,6.9797,6.8696,6.7594,6.6489,6.5381,6.4271,6.3337,6.2555,6.1772,6.0988,6.0204,5.9418,5.8632,5.7845,5.7057,5.6268,5.5302,5.4337,5.3373,5.241,5.1448,5.0487,4.9528,4.8569,4.7612,4.7368,4.7978,4.8591,4.9206,4.9826,5.0448,5.1074,5.1704,5.2338,5.2975,5.3758,5.4555,5.5353,5.6151,5.6951,5.7752,5.8553,5.9356,6.0159,6.0771,6.1051,6.1329,6.1606,6.1881,6.2154,6.2426,6.2696,6.2964,6.3231,6.2496,6.1547,6.0597,5.9648,5.8698,5.7749,5.68,5.5851,5.4902,5.3844,5.2501,5.1161,4.9822,4.8487,4.7153,4.5823,4.4494,4.3169,4.1846,4.1124,4.0627,4.0129,3.9631,3.9132,3.8633,3.8133,3.7633,3.7132,3.6597,3.5902,3.5206,3.4508,3.381,3.311,3.241,3.1708
11.0953,11.0815,11.0674,11.053,11.0384,11.0234,11.0082,10.9927,10.977,10.9665,10.9566,10.9464,10.9359,10.9253,10.9144,10.9033,10.8919,10.8804,10.8976,10.9732,11.0487,11.1241,11.1993,11.2745,11.3496,11.4245,11.4994,11.5743,11.5706,11.5459,11.5213,11.4968,11.4724,11.4481,11.4239,11.3998,11.3758,11.3491,11.3139,11.2788,11.2438,11.2089,11.1741,11.1393,11.1046,11.07,11.0354,10.982,10.9204,10.8589,10.7973,10.7357,10.6741,10.6125,10.5508,10.4891,10.4103,10.2408,10.0712,9.9016,9.7318,9.562,9.3922,9.2222,9.0522,8.8821,8.7077,8.5306,8.3532,8.1757,7.998,7.8201,7.642,7.4636,7.2849,7.1105,6.9945,6.8782,6.7617,6.645,6.528,6.4109,6.2934,6.1758,6.0578,5.9616,5.8849,5.8081,5.7312,5.6542,5.5771,5.4999,5.4227,5.3453,5.2679,5.1789,5.0898,5.0007,4.9118,4.823,4.7343,4.6457,4.5572,4.4689,4.4512,4.5238,4.5967,4.6699,4.7435,4.8174,4.8917,4.9663,5.0414,5.1168,5.1991,5.2822,5.3654,5.4488,5.5322,5.6157,5.6993,5.783,5.8668,5.9307,5.9563,5.9818,6.0071,6.0323,6.0573,6.0821,6.1068,6.1312,6.1556,6.0857,5.9919,5.8981,5.8044,5.7106,5.6168,5.5231,5.4293,5.3356,5.233,5.1035,4.9742,4.8452,4.7164,4.5878,4.4595,4.3315,4.2037,4.0762,4.0027,3.9528,3.9029,3.8529,3.8028,3.7527,3.7026,3.6524,3.6022,3.5491,3.4787,3.4082,3.3375,3.2668,3.196,3.125,3.054
10.9895,10.9833,10.9768,10.9701,10.963,10.9557,10.9481,10.9403,10.9322,10.9299,10.9282,10.9262,10.924,10.9216,10.9189,10.916,10.9129,10.9096,10.9352,11.0165,11.0976,11.1786,11.2594,11.3402,11.4209,11.5015,11.5821,11.6625,11.6544,11.6236,11.593,11.5624,11.532,11.5017,11.4715,11.4414,11.4113,11.3773,11.3312,11.2851,11.2392,11.1934,11.1476,11.102,11.0564,11.0108,10.9653,10.9022,10.8317,10.7611,10.6906,10.62,10.5495,10.4789,10.4082,10.3375,10.2508,10.0779,9.905,9.732,9.5589,9.3857,9.2125,9.0392,8.8659,8.6924,8.5094,8.3202,8.1308,7.9413,7.7515,7.5615,7.3713,7.1809,6.9902,6.8036,6.6806,6.5574,6.434,6.3104,6.1866,6.0625,5.9382,5.8136,5.6887,5.5895,5.5142,5.4389,5.3635,5.2879,5.2123,5.1366,5.0608,4.9849,4.909,4.8273,4.7456,4.6639,4.5823,4.5009,4.4196,4.3384,4.2573,4.1763,4.1651,4.2493,4.3339,4.4188,4.504,4.5896,4.6755,4.7618,4.8485,4.9356,5.0222,5.1088,5.1955,5.2823,5.3691,5.4561,5.5432,5.6303,5.7176,5.7843,5.8077,5.8308,5.8538,5.8766,5.8993,5.9217,5.9441,5.9662,5.9882,5.9218,5.8291,5.7365,5.6439,5.5513,5.4586,5.366,5.2735,5.1809,5.0813,4.9566,4.8321,4.7078,4.5838,4.46,4.3365,4.2132,4.0902,3.9675,3.893,3.8429,3.7933,3.7454,3.6975,3.6496,3.6017,3.5539,3.5061,3.4562,3.3878,3.3194,3.251,3.1826,3.1142,3.0458,2.9774
10.8839,10.8854,10.8865,10.8874,10.888,10.8883,10.8883,10.888,10.8876,10.8936,10.9001,10.9063,10.9123,10.9181,10.9237,10.929,10.9341,10.9391,10.973,11.0598,11.1465,11.2332,11.3197,11.4061,11.4924,11.5787,11.6648,11.7509,11.738,11.7012,11.6646,11.628,11.5916,11.5552,11.519,11.4829,11.4468,11.4054,11.3484,11.2914,11.2346,11.1778,11.1211,11.0645,11.008,10.9515,10.8951,10.8224,10.7429,10.6634,10.5839,10.5044,10.4248,10.3452,10.2656,10.186,10.0912,9.915,9.7387,9.5624,9.386,9.2095,9.0329,8.8563,8.6796,8.5028,8.3112,8.1099,7.9085,7.7069,7.5051,7.3031,7.1008,6.8983,6.6956,6.4968,6.3669,6.2368,6.1065,5.976,5.8452,5.7142,5.583,5.4515,5.3198,5.2174,5.1436,5.0697,4.9957,4.9216,4.8475,4.7732,4.6989,4.6245,4.55,4.4755,4.4012,4.3269,4.2527,4.1786,4.1046,4.0308,3.9571,3.8835,3.8786,3.9745,4.0707,4.1673,4.2641,4.3613,4.4589,4.5568,4.6552,4.7539,4.8452,4.9352,5.0254,5.1156,5.2076,5.3,5.3921,5.484,5.5756,5.6463,5.6683,5.6901,5.7116,5.7329,5.7539,5.7745,5.7949,5.815,5.8348,5.7719,5.6807,5.5893,5.4978,5.4062,5.3145,5.2228,5.1309,5.039,4.9423,4.8259,4.71,4.5946,4.4797,4.3654,4.2516,4.1383,4.0257,3.9136,3.8423,3.795,3.7477,3.7005,3.6533,3.6061,3.5589,3.5118,3.4647,3.4162,3.3481,3.2799,3.2118,3.1438,3.0757,3.0076,2.9395
10.8557,10.8601,10.8644,10.8685,10.8726,10.8764,10.8802,10.8838,10.8874,10.8955,10.9041,10.9127,10.9213,10.9299,10.9385,10.9471,10.9557,10.9643,11.0014,11.0877,11.1742,11.2609,11.3477,11.4346,11.5216,11.6088,11.6961,11.7835,11.7647,11.7217,11.6787,11.636,11.5933,11.5507,11.5082,11.4658,11.4235,11.3751,11.3092,11.2433,11.1775,11.1117,11.0459,10.9801,10.9143,10.8484,10.7826,10.7014,10.6139,10.5264,10.4388,10.3511,10.2634,10.1756,10.0877,9.9998,9.8974,9.7173,9.5371,9.3567,9.1763,8.9957,8.815,8.6342,8.4532,8.2722,8.0748,7.8667,7.6586,7.4504,7.2421,7.0338,6.8255,6.6171,6.4086,6.2039,6.0709,5.9379,5.8047,5.6715,5.5382,5.4049,5.2716,5.1381,5.0046,4.9044,4.8381,4.7718,4.7058,4.6399,4.5742,4.5087,4.4434,4.3783,4.3134,4.252,4.191,4.1303,4.0699,4.0098,3.9501,3.8907,3.8317,3.7731,3.7775,3.8806,3.9838,4.0869,4.19,4.2931,4.3962,4.4993,4.6024,4.7055,4.7964,4.8847,4.9728,5.0607,5.1483,5.2357,5.3229,5.4098,5.4965,5.5639,5.5809,5.5977,5.6143,5.6305,5.6465,5.6622,5.6776,5.6927,5.7075,5.6455,5.5534,5.4611,5.3688,5.2764,5.1838,5.0912,4.9985,4.9057,4.8105,4.7033,4.5966,4.4904,4.3847,4.2796,4.175,4.0709,3.9675,3.8646,3.7954,3.7487,3.7021,3.6556,3.609,3.5625,3.516,3.4696,3.4232,3.3761,3.3083,3.2405,3.1727,3.1049,3.0371,2.9694,2.9016
10.8468,10.855,10.8631,10.8711,10.879,10.8867,10.8943,10.9018,10.9092,10.9176,10.9261,10.9347,10.9432,10.9517,10.9603,10.9689,10.9774,10.986,11.0215,11.1013,11.1813,11.2615,11.3417,11.4221,11.5027,11.5833,11.6641,11.745,11.7164,11.6642,11.6121,11.5602,11.5083,11.4566,11.4049,11.3534,11.3019,11.2446,11.1713,11.098,11.0247,10.9515,10.8782,10.805,10.7317,10.6585,10.5852,10.497,10.4027,10.3084,10.214,10.1195,10.025,9.9304,9.8358,9.741,9.6323,9.4473,9.2623,9.0771,8.8918,8.7065,8.521,8.3353,8.1496,7.9637,7.7669,7.5629,7.3589,7.1547,6.9506,6.7463,6.542,6.3377,6.1333,5.9321,5.8008,5.6694,5.538,5.4065,5.2749,5.1433,5.0117,4.88,4.7482,4.6534,4.5978,4.5424,4.4871,4.432,4.3771,4.3224,4.2679,4.2136,4.1596,4.1102,4.0614,4.013,3.9649,3.9171,3.8696,3.8225,3.7758,3.7295,3.739,3.8424,3.9458,4.0493,4.1527,4.2561,4.3595,4.4629,4.5663,4.6697,4.757,4.8404,4.9236,5.0065,5.0892,5.1717,5.2539,5.3359,5.4177,5.4817,5.4938,5.5056,5.5171,5.5284,5.5394,5.5501,5.5605,5.5706,5.5805,5.5191,5.4261,5.333,5.2398,5.1466,5.0532,4.9597,4.8662,4.7725,4.6782,4.5801,4.4826,4.3856,4.2891,4.1932,4.0978,4.003,3.9087,3.815,3.7483,3.7024,3.6565,3.6106,3.5647,3.5189,3.4731,3.4273,3.3816,3.3359,3.2685,3.201,3.1335,3.066,2.9986,2.9311,2.8637
10.8379,10.85,10.862,10.8738,10.8855,10.8971,10.9086,10.9199,10.9311,10.9397,10.9482,10.9567,10.9651,10.9736,10.9821,10.9906,10.9992,11.0077,11.0415,11.1148,11.1883,11.2619,11.3357,11.4096,11.4836,11.5578,11.632,11.7064,11.6679,11.6066,11.5453,11.4842,11.4232,11.3623,11.3015,11.2408,11.1802,11.1141,11.0334,10.9526,10.8719,10.7912,10.7105,10.6298,10.5492,10.4685,10.3877,10.2925,10.1914,10.0903,9.9892,9.8879,9.7866,9.6853,9.5838,9.4823,9.3671,9.1774,8.9875,8.7975,8.6075,8.4173,8.2269,8.0365,7.8459,7.6552,7.459,7.2591,7.0591,6.859,6.6589,6.4588,6.2585,6.0583,5.858,5.6602,5.5306,5.4009,5.2712,5.1414,5.0116,4.8817,4.7518,4.6217,4.4917,4.4022,4.3574,4.3127,4.2682,4.2239,4.1798,4.1359,4.0922,4.0487,4.0054,3.9681,3.9316,3.8954,3.8595,3.824,3.7888,3.754,3.7195,3.6854,3.7004,3.8042,3.9079,4.0116,4.1154,4.2191,4.3228,4.4266,4.5303,4.634,4.7178,4.7963,4.8745,4.9525,5.0303,5.1078,5.1852,5.2622,5.3391,5.3997,5.4068,5.4136,5.4202,5.4265,5.4325,5.4382,5.4437,5.4488,5.4537,5.3928,5.2989,5.205,5.1109,5.0168,4.9226,4.8282,4.7338,4.6393,4.5453,4.4564,4.3681,4.2803,4.193,4.1063,4.02,3.9344,3.8493,3.7648,3.7013,3.656,3.6108,3.5656,3.5204,3.4753,3.4301,3.3851,3.34,3.295,3.2287,3.1615,3.0943,3.0271,2.96,2.8928,2.8257
10.8293,10.8452,10.861,10.8767,10.8922,10.9077,10.923,10.9381,10.9532,10.9618,10.9702,10.9787,10.9871,10.9955,11.004,11.0124,11.0209,11.0294,11.0613,11.1281,11.1951,11.2622,11.3295,11.3969,11.4644,11.5321,11.5998,11.6677,11.6193,11.5488,11.4784,11.4081,11.338,11.268,11.198,11.1282,11.0584,10.9835,10.8953,10.8072,10.719,10.6309,10.5428,10.4547,10.3665,10.2784,10.1902,10.088,9.9802,9.8723,9.7643,9.6563,9.5482,9.4401,9.3319,9.2235,9.102,8.9074,8.7127,8.518,8.3231,8.1281,7.933,7.7377,7.5423,7.3468,7.1511,6.9552,6.7593,6.5633,6.3672,6.1711,5.975,5.7788,5.5825,5.3882,5.2604,5.1324,5.0044,4.8763,4.7482,4.62,4.4918,4.3635,4.2352,4.1507,4.1167,4.0828,4.0491,4.0156,3.9822,3.9491,3.9161,3.8834,3.8509,3.8256,3.8014,3.7775,3.7538,3.7306,3.7076,3.685,3.6628,3.6409,3.6619,3.7659,3.87,3.974,4.0781,4.1821,4.2861,4.3902,4.4942,4.5983,4.6789,4.7524,4.8257,4.8987,4.9716,5.0442,5.1166,5.1888,5.2607,5.318,5.3201,5.3219,5.3235,5.3248,5.3259,5.3266,5.3271,5.3273,5.3271,5.2665,5.1718,5.077,4.9821,4.8871,4.792,4.6968,4.6016,4.5062,4.4118,4.3322,4.253,4.1744,4.0963,4.0187,3.9417,3.8652,3.7893,3.714,3.6542,3.6096,3.565,3.5205,3.476,3.4316,3.3871,3.3427,3.2984,3.254,3.1888,3.122,3.0551,2.9882,2.9214,2.8545,2.7877
10.8207,10.8405,10.8601,10.8797,10.899,10.9183,10.9374,10.9565,10.9754,10.9839,10.9923,11.0006,11.009,11.0174,11.0258,11.0342,11.0426,11.051,11.0809,11.1413,11.2017,11.2624,11.3231,11.384,11.4451,11.5062,11.5675,11.6289,11.5705,11.4909,11.4113,11.3319,11.2527,11.1735,11.0944,11.0154,10.9364,10.8528,10.7572,10.6616,10.5661,10.4705,10.375,10.2794,10.1839,10.0883,9.9927,9.8835,9.7689,9.6542,9.5395,9.4247,9.3098,9.1949,9.0799,8.9648,8.8368,8.6375,8.438,8.2384,8.0387,7.8389,7.639,7.439,7.2388,7.0385,6.8431,6.6513,6.4595,6.2675,6.0755,5.8835,5.6914,5.4992,5.3071,5.1163,4.9901,4.8639,4.7376,4.6112,4.4848,4.3583,4.2318,4.1052,3.9786,3.899,3.8757,3.8526,3.8297,3.807,3.7844,3.762,3.7398,3.7179,3.6962,3.6828,3.6708,3.6592,3.6478,3.6367,3.626,3.6156,3.6056,3.596,3.6233,3.7277,3.832,3.9364,4.0407,4.1451,4.2494,4.3538,4.4582,4.5625,4.6401,4.7087,4.777,4.8452,4.9131,4.9808,5.0483,5.1155,5.1825,5.2365,5.2336,5.2305,5.2271,5.2234,5.2195,5.2153,5.2108,5.206,5.2009,5.1403,5.0447,4.949,4.8533,4.7574,4.6615,4.5655,4.4693,4.3731,4.2778,4.2074,4.1374,4.0679,3.999,3.9306,3.8628,3.7955,3.7288,3.6626,3.607,3.5631,3.5192,3.4754,3.4316,3.3878,3.3441,3.3003,3.2567,3.213,3.149,3.0824,3.0158,2.9493,2.8827,2.8162,2.7497
10.8123,10.8359,10.8594,10.8828,10.906,10.9291,10.9521,10.9749,10.9977,11.006,11.0143,11.0226,11.031,11.0393,11.0476,11.056,11.0643,11.0727,11.1004,11.1543,11.2083,11.2624,11.3167,11.3711,11.4256,11.4803,11.5351,11.5899,11.5216,11.4328,11.3441,11.2556,11.1672,11.0788,10.9906,10.9025,10.8144,10.7221,10.619,10.516,10.413,10.31,10.2071,10.1041,10.0011,9.8982,9.7952,9.6789,9.5575,9.4361,9.3146,9.193,9.0714,8.9497,8.8279,8.7061,8.5717,8.3675,8.1633,7.9589,7.7544,7.5498,7.3451,7.1402,6.9352,6.7301,6.5351,6.3474,6.1596,5.9717,5.7838,5.5958,5.4077,5.2197,5.0315,4.8443,4.7198,4.5953,4.4707,4.3461,4.2214,4.0966,3.9718,3.8469,3.722,3.6471,3.6346,3.6223,3.6101,3.5981,3.5863,3.5747,3.5633,3.5521,3.5411,3.5397,3.54,3.5405,3.5413,3.5425,3.544,3.5459,3.5481,3.5507,3.5847,3.6894,3.7941,3.8987,4.0034,4.1081,4.2127,4.3174,4.4221,4.5268,4.6015,4.6652,4.7286,4.7918,4.8549,4.9176,4.9802,5.0425,5.1045,5.1552,5.1474,5.1393,5.1309,5.1223,5.1134,5.1042,5.0947,5.0849,5.0749,5.0141,4.9177,4.8211,4.7245,4.6278,4.531,4.4341,4.3372,4.2401,4.1433,4.082,4.0212,3.9609,3.9012,3.842,3.7833,3.7252,3.6676,3.6106,3.5598,3.5166,3.4734,3.4302,3.3871,3.344,3.3009,3.2579,3.2149,3.1719,3.1091,3.0428,2.9766,2.9103,2.8441,2.7779,2.7116
10.804,10.8315,10.8588,10.886,10.9131,10.94,10.9668,10.9935,11.0199,11.0281,11.0364,11.0446,11.0529,11.0612,11.0695,11.0778,11.0861,11.0944,11.1198,11.1671,11.2146,11.2623,11.3101,11.358,11.406,11.4542,11.5025,11.5509,11.4725,11.3746,11.2768,11.1791,11.0816,10.9841,10.8867,10.7895,10.6923,10.5912,10.4808,10.3703,10.2599,10.1495,10.0392,9.9288,9.8184,9.708,9.5976,9.4743,9.3462,9.218,9.0897,8.9614,8.833,8.7045,8.576,8.4474,8.3066,8.0976,7.8885,7.6794,7.4701,7.2607,7.0512,6.8415,6.6317,6.4218,6.2271,6.0434,5.8596,5.6758,5.4919,5.308,5.124,4.94,4.7559,4.5723,4.4495,4.3267,4.2038,4.0809,3.9579,3.8349,3.7117,3.5886,3.4654,3.3949,3.3932,3.3916,3.3902,3.389,3.3879,3.3871,3.3864,3.386,3.3858,3.3963,3.4087,3.4215,3.4345,3.4479,3.4617,3.4758,3.4902,3.5051,3.5461,3.6511,3.7561,3.8611,3.9661,4.071,4.176,4.281,4.386,4.491,4.5631,4.6218,4.6804,4.7387,4.7968,4.8547,4.9123,4.9697,5.0268,5.0742,5.0614,5.0483,5.035,5.0214,5.0075,4.9933,4.9789,4.9641,4.9491,4.8879,4.7907,4.6933,4.5958,4.4983,4.4006,4.3029,4.205,4.1071,4.0091,3.9561,3.9045,3.8534,3.8028,3.7527,3.7032,3.6543,3.6058,3.558,3.5126,3.47,3.4275,3.385,3.3426,3.3002,3.2578,3.2154,3.1731,3.1308,3.0692,3.0032,2.9373,2.8713,2.8054,2.7395,2.6736
10.7959,10.8272,10.8583,10.8894,10.9202,10.951,10.9817,11.0122,11.042,11.0502,11.0584,11.0666,11.0748,11.083,11.0913,11.0995,11.1078,11.116,11.139,11.1798,11.2208,11.262,11.3033,11.3447,11.3863,11.428,11.4698,11.5117,11.4232,11.3162,11.2093,11.1025,10.9958,10.8892,10.7828,10.6764,10.57,10.4603,10.3424,10.2246,10.1068,9.989,9.8712,9.7534,9.6356,9.5178,9.3999,9.2697,9.1348,8.9998,8.8648,8.7297,8.5946,8.4593,8.324,8.1887,8.0415,7.8277,7.6138,7.3999,7.1858,6.9716,6.7573,6.5428,6.3283,6.1136,5.919,5.7394,5.5597,5.3799,5.2001,5.0202,4.8403,4.6603,4.4803,4.3003,4.1792,4.0581,3.9369,3.8157,3.6944,3.5731,3.4517,3.3302,3.2087,3.1425,3.1516,3.1607,3.1701,3.1796,3.1893,3.1992,3.2093,3.2196,3.2301,3.2525,3.2771,3.3021,3.3274,3.353,3.379,3.4053,3.4319,3.459,3.5075,3.6128,3.7181,3.8234,3.9287,4.034,4.1393,4.2446,4.3499,4.4552,4.5249,4.5787,4.6324,4.6858,4.7389,4.7919,4.8446,4.8971,4.9493,4.9933,4.9756,4.9575,4.9393,4.9207,4.9018,4.8827,4.8633,4.8436,4.8236,4.7618,4.6637,4.5655,4.4671,4.3687,4.2702,4.1716,4.073,3.9742,3.8753,3.8296,3.7872,3.7452,3.7038,3.6629,3.6226,3.5828,3.5435,3.5048,3.4653,3.4234,3.3816,3.3398,3.298,3.2563,3.2146,3.1729,3.1313,3.0896,3.0292,2.9636,2.898,2.8323,2.7667,2.7011,2.6355
10.7879,10.823,10.858,10.8928,10.9276,10.9622,10.9966,11.031,11.0641,11.0723,11.0804,11.0886,11.0968,11.1049,11.1131,11.1213,11.1295,11.1377,11.158,11.1924,11.2269,11.2616,11.2964,11.3314,11.3665,11.4017,11.437,11.4724,11.3738,11.2577,11.1416,11.0257,10.9099,10.7942,10.6786,10.5631,10.4477,10.3293,10.204,10.0787,9.9535,9.8283,9.7031,9.5779,9.4527,9.3275,9.2023,9.0651,8.9234,8.7817,8.6399,8.498,8.3561,8.2142,8.0721,7.93,7.7763,7.5578,7.3391,7.1204,6.9015,6.6825,6.4634,6.2442,6.0248,5.8054,5.6109,5.4353,5.2597,5.084,4.9082,4.7324,4.5565,4.3806,4.2046,4.0286,3.9089,3.7895,3.67,3.5505,3.4309,3.3112,3.1915,3.0718,2.952,2.8899,2.9097,2.9296,2.9497,2.97,2.9904,3.011,3.0319,3.0529,3.0742,3.1083,3.1452,3.1824,3.2199,3.2577,3.2958,3.3344,3.3732,3.4125,3.4689,3.5745,3.6801,3.7857,3.8913,3.9969,4.1025,4.2082,4.3138,4.4194,4.4869,4.5358,4.5846,4.633,4.6813,4.7294,4.7772,4.8247,4.872,4.9128,4.89,4.867,4.8438,4.8203,4.7965,4.7724,4.748,4.7233,4.6984,4.6358,4.5368,4.4377,4.3385,4.2393,4.1399,4.0405,3.9409,3.8413,3.7416,3.7027,3.6693,3.6366,3.6043,3.5725,3.5413,3.5107,3.4806,3.4511,3.4179,3.3768,3.3356,3.2945,3.2534,3.2123,3.1713,3.1303,3.0894,3.0484,2.9893,2.9239,2.8586,2.7933,2.728,2.6627,2.5974
10.78,10.819,10.8578,10.8965,10.935,10.9734,11.0117,11.0499,11.0863,11.0944,11.1025,11.1106,11.1187,11.1268,11.1349,11.1431,11.1512,11.1594,11.1769,11.2048,11.2328,11.2611,11.2894,11.3179,11.3465,11.3752,11.4041,11.433,11.3243,11.199,11.0738,10.9488,10.8239,10.6991,10.5744,10.4498,10.3252,10.1982,10.0655,9.9328,9.8002,9.6676,9.535,9.4024,9.2698,9.1372,9.0045,8.8604,8.712,8.5635,8.4149,8.2664,8.1177,7.969,7.8201,7.6713,7.5112,7.2879,7.0645,6.8409,6.6173,6.3935,6.1696,5.9456,5.7214,5.4972,5.3028,5.1312,4.9596,4.788,4.6162,4.4445,4.2726,4.1008,3.9288,3.7569,3.6385,3.5208,3.403,3.2852,3.1673,3.0494,2.9314,2.8134,2.6952,2.6371,2.6676,2.6983,2.7291,2.7601,2.7913,2.8226,2.8542,2.886,2.918,2.9638,3.0129,3.0623,3.112,3.162,3.2124,3.2631,3.3141,3.3656,3.4302,3.5362,3.6421,3.748,3.8539,3.9599,4.0658,4.1717,4.2776,4.3836,4.4491,4.4931,4.5369,4.5805,4.6239,4.667,4.7099,4.7526,4.795,4.8324,4.8047,4.7768,4.7486,4.7201,4.6913,4.6623,4.6329,4.6033,4.5734,4.5098,4.4099,4.31,4.21,4.1098,4.0096,3.9093,3.8089,3.7085,3.6079,3.5751,3.551,3.5273,3.5042,3.4816,3.4595,3.438,3.4171,3.3967,3.3706,3.3301,3.2896,3.2491,3.2087,3.1684,3.128,3.0877,3.0474,3.0072,2.9493,2.8843,2.8193,2.7542,2.6892,2.6242,2.5592
10.7723,10.8151,10.8577,10.9002,10.9426,10.9848,11.027,11.069,11.1084,11.1164,11.1245,11.1325,11.1406,11.1487,11.1568,11.1649,11.173,11.1811,11.1956,11.217,11.2386,11.2604,11.2823,11.3043,11.3264,11.3487,11.371,11.3935,11.2745,11.1402,11.0059,10.8718,10.7378,10.6039,10.4701,10.3363,10.2027,10.067,9.9269,9.7869,9.6469,9.5069,9.3669,9.2269,9.0869,8.9468,8.8068,8.6557,8.5005,8.3453,8.19,8.0347,7.8792,7.7238,7.5682,7.4126,7.2462,7.018,6.7898,6.5615,6.333,6.1045,5.8758,5.647,5.4181,5.189,4.9946,4.8271,4.6596,4.4919,4.3243,4.1565,3.9887,3.8209,3.653,3.4851,3.3681,3.2521,3.136,3.0199,2.9037,2.7875,2.6712,2.5549,2.4385,2.3841,2.4253,2.4667,2.5082,2.5499,2.5918,2.6339,2.6762,2.7188,2.7615,2.819,2.8803,2.9419,3.0037,3.066,3.1285,3.1914,3.2546,3.3183,3.3916,3.4978,3.6041,3.7103,3.8166,3.9228,4.029,4.1353,4.2415,4.3477,4.4115,4.4506,4.4895,4.5282,4.5667,4.6049,4.6429,4.6806,4.7182,4.7523,4.7196,4.6867,4.6536,4.6201,4.5864,4.5524,4.5181,4.4836,4.4487,4.3838,4.2831,4.1823,4.0814,3.9805,3.8794,3.7783,3.677,3.5757,3.4743,3.447,3.432,3.4175,3.4035,3.3901,3.3772,3.3648,3.353,3.3417,3.3231,3.2833,3.2435,3.2038,3.164,3.1243,3.0847,3.045,3.0054,2.9658,2.9093,2.8446,2.7799,2.7152,2.6505,2.5858,2.5211
10.7647,10.8113,10.8578,10.9041,10.9503,10.9963,11.0423,11.0881,11.1305,11.1385,11.1465,11.1545,11.1625,11.1706,11.1786,11.1866,11.1947,11.2027,11.2142,11.2292,11.2443,11.2596,11.275,11.2905,11.3062,11.322,11.3379,11.3539,11.2247,11.0812,10.9378,10.7946,10.6515,10.5085,10.3656,10.2227,10.08,9.9357,9.7883,9.6408,9.4934,9.346,9.1986,9.0512,8.9039,8.7564,8.609,8.451,8.289,8.1271,7.965,7.8029,7.6408,7.4786,7.3163,7.1539,6.9811,6.7482,6.5152,6.2821,6.0488,5.8155,5.582,5.3485,5.1147,4.8809,4.6864,4.523,4.3594,4.1959,4.0322,3.8685,3.7048,3.541,3.3772,3.2133,3.0977,2.9834,2.869,2.7546,2.6401,2.5256,2.411,2.2964,2.1817,2.1308,2.1827,2.2348,2.2871,2.3395,2.3922,2.445,2.498,2.5513,2.6047,2.6739,2.7473,2.8211,2.8951,2.9695,3.0443,3.1193,3.1948,3.2706,3.353,3.4595,3.5661,3.6726,3.7791,3.8857,3.9922,4.0988,4.2053,4.3119,4.3741,4.4083,4.4423,4.4761,4.5097,4.543,4.5761,4.6089,4.6416,4.6724,4.6348,4.5969,4.5588,4.5204,4.4818,4.4428,4.4036,4.3641,4.3242,4.2579,4.1563,4.0547,3.9529,3.8511,3.7492,3.6472,3.5451,3.443,3.3407,3.3184,3.3125,3.3071,3.3023,3.298,3.2942,3.291,3.2883,3.2862,3.2757,3.2365,3.1974,3.1583,3.1193,3.0802,3.0413,3.0023,2.9634,2.9245,2.8693,2.8049,2.7405,2.6761,2.6117,2.5473,2.4829
10.7573,10.8077,10.858,10.9081,10.9581,11.008,11.0578,11.1074,11.1527,11.1606,11.1686,11.1765,11.1845,11.1924,11.2004,11.2084,11.2164,11.2244,11.2326,11.2411,11.2498,11.2586,11.2675,11.2766,11.2858,11.2952,11.3046,11.3142,11.1746,11.0221,10.8696,10.7173,10.5651,10.413,10.261,10.1091,9.9572,9.8044,9.6495,9.4947,9.3399,9.1851,9.0304,8.8756,8.7208,8.566,8.4112,8.2462,8.0775,7.9088,7.74,7.5712,7.4023,7.2334,7.0643,6.8952,6.716,6.4783,6.2405,6.0026,5.7646,5.5265,5.2883,5.0499,4.8114,4.5728,4.3782,4.2188,4.0593,3.8997,3.7401,3.5805,3.4208,3.261,3.1013,2.9414,2.8272,2.7146,2.602,2.4893,2.3765,2.2637,2.1508,2.0378,1.9248,1.8773,1.9399,2.0028,2.0657,2.1289,2.1922,2.2558,2.3195,2.3835,2.4476,2.5284,2.614,2.6999,2.7862,2.8727,2.9596,3.0469,3.1345,3.2225,3.3143,3.4212,3.528,3.6349,3.7417,3.8486,3.9555,4.0623,4.1692,4.276,4.3369,4.3662,4.3953,4.4242,4.4529,4.4813,4.5095,4.5375,4.5652,4.5926,4.5502,4.5074,4.4643,4.421,4.3773,4.3335,4.2893,4.2448,4.2,4.132,4.0296,3.9271,3.8245,3.7219,3.6191,3.5162,3.4133,3.3103,3.2071,3.1892,3.1925,3.1962,3.2005,3.2053,3.2107,3.2166,3.223,3.232,3.241,3.2131,3.185,3.1566,3.1278,3.0988,3.0695,3.0399,3.01,2.9797,2.9334,2.8763,2.8189,2.761,2.7027,2.6441,2.585
10.75,10.8042,10.8583,10.9122,10.9661,11.0198,11.0733,11.1268,11.1748,11.1827,11.1906,11.1985,11.2064,11.2143,11.2222,11.2302,11.2381,11.2461,11.2509,11.2529,11.2551,11.2575,11.26,11.2626,11.2654,11.2682,11.2712,11.2743,11.1245,10.9628,10.8013,10.6399,10.4786,10.3174,10.1563,9.9953,9.8343,9.673,9.5107,9.3485,9.1864,9.0242,8.862,8.6999,8.5377,8.3755,8.2133,8.0414,7.866,7.6905,7.515,7.3395,7.1639,6.9882,6.8124,6.6365,6.4509,6.2085,5.9659,5.7232,5.4805,5.2376,4.9946,4.7514,4.5082,4.2648,4.0699,3.9145,3.7591,3.6036,3.448,3.2924,3.1367,2.981,2.8253,2.6695,2.5567,2.4458,2.3349,2.2239,2.1128,2.0017,1.8905,1.7792,1.6679,1.6235,1.6969,1.7705,1.8441,1.918,1.9921,2.0663,2.1407,2.2154,2.2903,2.3826,2.4804,2.5785,2.6769,2.7756,2.8747,2.9741,3.0738,3.174,3.2756,3.3828,3.49,3.5971,3.7043,3.8115,3.9187,4.0258,4.133,4.2473,4.3167,4.3509,4.3849,4.4187,4.4524,4.486,4.5193,4.5525,4.5855,4.6183,4.5835,4.547,4.5104,4.4737,4.437,4.4002,4.3633,4.3263,4.2892,4.2319,4.1411,4.0504,3.9597,3.869,3.7785,3.6879,3.5975,3.507,3.4166,3.4081,3.4233,3.4382,3.453,3.4675,3.4819,3.4961,3.51,3.5238,3.5292,3.4958,3.462,3.428,3.3937,3.359,3.3241,3.2889,3.2534,3.2175,3.1661,3.1026,3.0387,2.9744,2.9098,2.8447,2.7792
10.8516,10.8995,10.9475,10.9957,11.0442,11.0929,11.1417,11.1908,11.2333,11.2325,11.232,11.2318,11.232,11.2324,11.2331,11.2341,11.2354,11.2369,11.2324,11.2227,11.2134,11.2044,11.1958,11.1874,11.1793,11.1715,11.1639,11.1566,11.0033,10.84,10.6765,10.513,10.3494,10.1856,10.0218,9.8579,9.6938,9.5297,9.3652,9.2007,9.0361,8.8714,8.7066,8.5418,8.3769,8.2119,8.0469,7.8725,7.6949,7.5171,7.3394,7.1616,6.9837,6.8058,6.6279,6.4499,6.2628,6.0214,5.78,5.5387,5.2973,5.056,4.8146,4.5734,4.3321,4.0909,3.9021,3.7565,3.611,3.4657,3.3205,3.1755,3.0307,2.8861,2.7416,2.5974,2.4978,2.4008,2.3041,2.2078,2.1119,2.0164,1.9213,1.8267,1.7326,1.7039,1.7954,1.8872,1.9794,2.072,2.1651,2.2586,2.3525,2.4469,2.5418,2.6501,2.763,2.8762,2.9896,3.1034,3.2174,3.3318,3.4464,3.5614,3.6764,3.79,3.9036,4.0173,4.131,4.2448,4.3586,4.4725,4.5864,4.7003,4.7662,4.7932,4.82,4.8467,4.8733,4.8997,4.9259,4.9519,4.9777,5.0034,4.966,4.9254,4.8847,4.8439,4.8031,4.7622,4.7212,4.6801,4.6389,4.5799,4.488,4.3961,4.3043,4.2126,4.1209,4.0292,3.9376,3.8461,3.7546,3.7391,3.7493,3.7594,3.7693,3.779,3.7885,3.7978,3.8069,3.8158,3.8178,3.7788,3.7394,3.6998,3.6599,3.6196,3.5791,3.5383,3.4972,3.4557,3.3992,3.3293,3.259,3.1884,3.1173,3.0458,2.9738
10.9648,11.0073,11.05,11.0929,11.1361,11.1794,11.2229,11.2667,11.3023,11.291,11.2799,11.2692,11.2587,11.2486,11.2388,11.2292,11.22,11.2109,11.1928,11.1672,11.1419,11.117,11.0924,11.0681,11.0441,11.0203,10.9968,10.9736,10.8207,10.6603,10.4997,10.339,10.1783,10.0174,9.8565,9.6954,9.5343,9.3731,9.2121,9.051,8.8898,8.7285,8.5672,8.4057,8.2443,8.0827,7.9211,7.7505,7.5768,7.4031,7.2293,7.0555,6.8816,6.7077,6.5338,6.3598,6.1774,5.9445,5.7116,5.4787,5.2458,5.0129,4.78,4.5472,4.3145,4.0817,3.9038,3.7719,3.6401,3.5084,3.3769,3.2456,3.1145,2.9835,2.8528,2.7223,2.641,2.5631,2.4855,2.4083,2.3315,2.255,2.1791,2.1035,2.0284,2.0149,2.1192,2.224,2.3291,2.4347,2.5406,2.6471,2.7539,2.8613,2.9691,3.0842,3.2021,3.3203,3.4388,3.5576,3.6766,3.796,3.9157,4.0357,4.1547,4.2655,4.3763,4.4871,4.5981,4.7091,4.8201,4.9312,5.0423,5.1535,5.2159,5.2358,5.2555,5.2751,5.2945,5.3137,5.3328,5.3517,5.3704,5.3889,5.3486,5.3039,5.2592,5.2143,5.1694,5.1244,5.0793,5.0341,4.9888,4.928,4.835,4.742,4.6491,4.5562,4.4634,4.3706,4.2779,4.1852,4.0926,4.0703,4.0757,4.0809,4.0859,4.0908,4.0954,4.0999,4.1041,4.1081,4.1068,4.0621,4.0172,3.972,3.9264,3.8806,3.8345,3.7881,3.7414,3.6943,3.6328,3.5565,3.4798,3.4027,3.3252,3.2473,3.169
11.0778,11.1149,11.1523,11.1899,11.2277,11.2658,11.304,11.3424,11.371,11.3491,11.3275,11.3062,11.2852,11.2646,11.2442,11.2241,11.2042,11.1847,11.1528,11.1112,11.0701,11.0292,10.9887,10.9485,10.9085,10.8688,10.8294,10.7902,10.6382,10.4806,10.3229,10.1651,10.0072,9.8493,9.6912,9.533,9.3747,9.2167,9.059,8.9013,8.7435,8.5857,8.4277,8.2697,8.1116,7.9535,7.7953,7.6285,7.4588,7.2891,7.1193,6.9495,6.7796,6.6097,6.4397,6.2697,6.092,5.8675,5.6431,5.4186,5.1942,4.9698,4.7454,4.521,4.2967,4.0725,3.9054,3.7871,3.669,3.551,3.4332,3.3156,3.1981,3.0808,2.9637,2.8469,2.784,2.7251,2.6666,2.6085,2.5507,2.4933,2.4364,2.3799,2.3239,2.3255,2.4428,2.5605,2.6785,2.797,2.9159,3.0352,3.155,3.2753,3.396,3.5182,3.6411,3.7643,3.8878,4.0116,4.1357,4.2601,4.3849,4.5099,4.6331,4.7411,4.8491,4.9571,5.0653,5.1735,5.2817,5.39,5.4983,5.6067,5.6659,5.6786,5.6912,5.7037,5.7159,5.728,5.74,5.7517,5.7633,5.7747,5.7315,5.6827,5.6338,5.5849,5.5359,5.4868,5.4376,5.3883,5.3389,5.2761,5.182,5.0879,4.9938,4.8999,4.8059,4.712,4.6182,4.5244,4.4307,4.4018,4.4023,4.4027,4.4029,4.4029,4.4027,4.4022,4.4016,4.4008,4.3961,4.3459,4.2953,4.2445,4.1934,4.142,4.0903,4.0383,3.986,3.9334,3.8669,3.7842,3.7011,3.6176,3.5337,3.4494,3.3647
11.1906,11.2224,11.2545,11.2867,11.3192,11.3519,11.3848,11.4179,11.4394,11.4069,11.3748,11.343,11.3114,11.2802,11.2493,11.2187,11.1883,11.1582,11.1124,11.0549,10.9978,10.9411,10.8847,10.8285,10.7726,10.7171,10.6617,10.6066,10.4557,10.301,10.1462,9.9913,9.8362,9.6811,9.5259,9.3706,9.2152,9.0602,8.906,8.7517,8.5973,8.4429,8.2883,8.1337,7.979,7.8243,7.6695,7.5065,7.3408,7.1751,7.0093,6.8434,6.6775,6.5116,6.3456,6.1796,6.0065,5.7905,5.5745,5.3586,5.1426,4.9266,4.7107,4.4948,4.2789,4.0631,3.9069,3.8023,3.6978,3.5935,3.4894,3.3854,3.2815,3.1779,3.0745,2.9713,2.9267,2.8869,2.8474,2.8083,2.7696,2.7313,2.6934,2.656,2.619,2.6359,2.7661,2.8967,3.0277,3.159,3.2908,3.4231,3.5558,3.6889,3.8225,3.952,4.08,4.2082,4.3367,4.4655,4.5946,4.7241,4.8538,4.9839,5.1116,5.2168,5.322,5.4272,5.5326,5.638,5.7434,5.8489,5.9544,6.06,6.1162,6.1218,6.1273,6.1326,6.1377,6.1427,6.1475,6.1521,6.1566,6.1608,6.1146,6.0617,6.0087,5.9557,5.9025,5.8493,5.7961,5.7427,5.6892,5.6243,5.5291,5.4339,5.3387,5.2436,5.1485,5.0535,4.9586,4.8637,4.7688,4.7335,4.7292,4.7248,4.7201,4.7152,4.7102,4.7049,4.6995,4.6938,4.6858,4.63,4.5739,4.5174,4.4607,4.4038,4.3465,4.2889,4.231,4.1728,4.1015,4.0123,3.9228,3.8329,3.7426,3.6519,3.5608
11.3031,11.3297,11.3564,11.3834,11.4106,11.438,11.4655,11.4933,11.5075,11.4644,11.4218,11.3794,11.3374,11.2956,11.2541,11.213,11.172,11.1314,11.0716,10.9983,10.9253,10.8526,10.7803,10.7082,10.6365,10.565,10.4937,10.4227,10.2733,10.1214,9.9695,9.8174,9.6653,9.513,9.3607,9.2083,9.0557,8.9038,8.753,8.6021,8.4511,8.3001,8.1489,7.9977,7.8464,7.6951,7.5437,7.3846,7.2229,7.0611,6.8993,6.7374,6.5755,6.4135,6.2516,6.0895,5.9211,5.7135,5.506,5.2985,5.0909,4.8834,4.6759,4.4685,4.2611,4.0538,3.9083,3.8173,3.7265,3.6359,3.5453,3.455,3.3648,3.2749,3.1851,3.0956,3.0691,3.0483,3.0279,3.0078,2.9882,2.9689,2.9501,2.9317,2.9137,2.9461,3.0891,3.2326,3.3765,3.5208,3.6655,3.8106,3.9562,4.1022,4.2488,4.3857,4.5187,4.6519,4.7855,4.9193,5.0534,5.1879,5.3226,5.4577,5.5902,5.6925,5.795,5.8974,6,6.1026,6.2052,6.3079,6.4107,6.5135,6.5668,6.5653,6.5636,6.5618,6.5598,6.5576,6.5553,6.5528,6.5501,6.5473,6.4978,6.4409,6.3838,6.3267,6.2694,6.2121,6.1548,6.0973,6.0397,5.9726,5.8762,5.7799,5.6836,5.5874,5.4912,5.3951,5.299,5.203,5.107,5.0656,5.0565,5.0471,5.0376,5.0279,5.018,5.0079,4.9976,4.9871,4.9759,4.9145,4.8527,4.7908,4.7285,4.6659,4.603,4.5399,4.4764,4.4126,4.3364,4.2409,4.145,4.0487,3.9521,3.8549,3.7574
11.4156,11.4368,11.4582,11.4799,11.5017,11.5238,11.5461,11.5685,11.5752,11.5216,11.4684,11.4156,11.363,11.3107,11.2587,11.207,11.1555,11.1044,11.0305,10.9412,10.8524,10.7638,10.6756,10.5876,10.5,10.4126,10.3254,10.2385,10.0909,9.9419,9.7928,9.6437,9.4944,9.345,9.1955,9.046,8.8963,8.7474,8.6,8.4525,8.305,8.1573,8.0096,7.8618,7.7139,7.5659,7.4179,7.2626,7.1049,6.9471,6.7893,6.6314,6.4734,6.3155,6.1575,5.9994,5.8356,5.6365,5.4374,5.2383,5.0393,4.8402,4.6412,4.4422,4.2432,4.0443,3.9095,3.8322,3.7551,3.6781,3.6012,3.5245,3.448,3.3716,3.2955,3.2196,3.2112,3.2095,3.2081,3.207,3.2064,3.2062,3.2063,3.207,3.2081,3.2559,3.4119,3.5682,3.725,3.8822,4.0398,4.1978,4.3563,4.5152,4.6746,4.8193,4.9572,5.0955,5.234,5.3729,5.512,5.6515,5.7913,5.9313,6.0688,6.1684,6.268,6.3677,6.4675,6.5673,6.6672,6.7671,6.867,6.967,7.0177,7.009,7.0002,6.9913,6.9822,6.9729,6.9635,6.9538,6.944,6.934,6.8813,6.8202,6.7591,6.6978,6.6365,6.5752,6.5137,6.4521,6.3905,6.3209,6.2234,6.126,6.0286,5.9312,5.8339,5.7367,5.6395,5.5424,5.4453,5.398,5.384,5.3698,5.3555,5.3409,5.3261,5.3112,5.296,5.2807,5.2651,5.1993,5.132,5.0644,4.9966,4.9284,4.86,4.7912,4.7222,4.6528,4.5719,4.47,4.3677,4.265,4.1619,4.0584,3.9545
11.5278,11.5437,11.5598,11.5762,11.5927,11.6095,11.6264,11.6436,11.6426,11.5785,11.5148,11.4514,11.3883,11.3255,11.263,11.2008,11.1388,11.0771,10.9889,10.8838,10.7791,10.6746,10.5705,10.4667,10.3632,10.2599,10.1569,10.0541,9.9086,9.7624,9.6162,9.4699,9.3235,9.177,9.0304,8.8837,8.7369,8.5911,8.4471,8.303,8.1588,8.0146,7.8702,7.7258,7.5813,7.4368,7.2922,7.1407,6.9869,6.8331,6.6793,6.5254,6.3714,6.2174,6.0634,5.9093,5.7501,5.5595,5.3688,5.1782,4.9875,4.7969,4.6063,4.4158,4.2252,4.0348,3.9107,3.847,3.7835,3.7201,3.6569,3.5938,3.5309,3.4682,3.4057,3.3435,3.3531,3.3703,3.3879,3.4059,3.4243,3.4431,3.4623,3.4819,3.502,3.5655,3.7344,3.9036,4.0732,4.2433,4.4138,4.5847,4.756,4.9279,5.1002,5.2527,5.3957,5.5389,5.6825,5.8263,5.9705,6.115,6.2597,6.4048,6.5476,6.6444,6.7412,6.8381,6.9351,7.0321,7.1292,7.2263,7.3235,7.4207,7.4688,7.4531,7.4371,7.4211,7.4049,7.3885,7.3719,7.3552,7.3383,7.3212,7.2649,7.1998,7.1345,7.0692,7.0038,6.9384,6.8728,6.8072,6.7414,6.6693,6.5707,6.4721,6.3736,6.2752,6.1767,6.0784,5.9801,5.8818,5.7836,5.7306,5.7118,5.6928,5.6736,5.6542,5.6346,5.6148,5.5948,5.5746,5.5542,5.4845,5.4116,5.3385,5.2651,5.1913,5.1173,5.043,4.9683,4.8934,4.8078,4.6995,4.5909,4.4818,4.3723,4.2624,4.1521
11.6398,11.6504,11.6612,11.6723,11.6835,11.695,11.7066,11.7185,11.7097,11.6351,11.5609,11.487,11.4133,11.34,11.267,11.1943,11.1218,11.0495,10.9471,10.8261,10.7054,10.5851,10.4652,10.3455,10.2261,10.1069,9.988,9.8693,9.7263,9.583,9.4397,9.2962,9.1527,9.009,8.8653,8.7214,8.5775,8.4348,8.2942,8.1535,8.0127,7.8719,7.7309,7.5899,7.4488,7.3077,7.1665,7.0188,6.869,6.7192,6.5693,6.4193,6.2694,6.1194,5.9693,5.8192,5.6647,5.4824,5.3002,5.118,4.9358,4.7536,4.5714,4.3893,4.2072,4.0252,3.9117,3.8617,3.8118,3.762,3.7124,3.663,3.6137,3.5646,3.5158,3.4671,3.4946,3.5309,3.5675,3.6045,3.6418,3.6796,3.7178,3.7565,3.7956,3.8748,4.0565,4.2387,4.4212,4.6041,4.7875,4.9712,5.1555,5.3402,5.5253,5.686,5.8339,5.9822,6.1308,6.2796,6.4288,6.5783,6.7281,6.8782,7.0265,7.1205,7.2145,7.3086,7.4028,7.497,7.5913,7.6857,7.78,7.8745,7.9203,7.8974,7.8744,7.8512,7.8279,7.8044,7.7807,7.7568,7.7328,7.7086,7.6488,7.5795,7.5102,7.4408,7.3713,7.3018,7.2321,7.1624,7.0926,7.0177,6.918,6.8183,6.7187,6.6191,6.5196,6.4201,6.3207,6.2213,6.122,6.0636,6.0399,6.016,5.992,5.9678,5.9433,5.9187,5.8939,5.8688,5.8436,5.7701,5.6917,5.6129,5.5339,5.4546,5.375,5.2951,5.2149,5.1344,5.0442,4.9295,4.8145,4.699,4.5832,4.4669,4.3502
11.7516,11.7569,11.7625,11.7682,11.7742,11.7803,11.7867,11.7932,11.7765,11.6914,11.6067,11.5222,11.4381,11.3543,11.2707,11.1875,11.1045,11.0217,10.9048,10.768,10.6315,10.4953,10.3594,10.2239,10.0886,9.9536,9.8189,9.6843,9.544,9.4036,9.2632,9.1226,8.9819,8.8411,8.7002,8.5592,8.4182,8.2786,8.1413,8.004,7.8666,7.7292,7.5916,7.454,7.3163,7.1786,7.0408,6.8969,6.7511,6.6052,6.4593,6.3133,6.1673,6.0213,5.8752,5.7291,5.5792,5.4054,5.2316,5.0578,4.884,4.7102,4.5365,4.3628,4.1891,4.0155,3.9127,3.8762,3.8399,3.8038,3.7678,3.732,3.6963,3.6609,3.6256,3.5906,3.6359,3.6912,3.7468,3.8027,3.8591,3.9158,3.973,4.0306,4.0887,4.1839,4.3785,4.5734,4.7688,4.9646,5.1608,5.3575,5.5546,5.7521,5.9502,6.1191,6.2721,6.4254,6.5789,6.7328,6.887,7.0414,7.1962,7.3513,7.5054,7.5966,7.6879,7.7792,7.8706,7.9621,8.0536,8.1451,8.2367,8.3283,8.372,8.342,8.3119,8.2816,8.2511,8.2205,8.1898,8.1588,8.1277,8.0964,8.0328,7.9595,7.8861,7.8126,7.739,7.6654,7.5917,7.5179,7.444,7.3662,7.2654,7.1646,7.0639,6.9632,6.8625,6.7619,6.6614,6.5609,6.4605,6.3968,6.3683,6.3396,6.3107,6.2816,6.2524,6.2229,6.1932,6.1634,6.1333,6.0561,5.972,5.8877,5.8032,5.7183,5.6331,5.5477,5.4619,5.3758,5.281,5.16,5.0385,4.9167,4.7945,4.6718,4.5488
11.8633,11.8633,11.8635,11.864,11.8646,11.8655,11.8665,11.8678,11.8429,11.7474,11.6521,11.5572,11.4626,11.3682,11.2742,11.1804,11.0869,10.9937,10.8622,10.7095,10.5571,10.4051,10.2534,10.102,9.9509,9.8,9.6494,9.4992,9.3618,9.2243,9.0867,8.949,8.8111,8.6732,8.5352,8.3971,8.2589,8.1223,7.9885,7.8546,7.7206,7.5865,7.4524,7.3182,7.1839,7.0495,6.9151,6.775,6.6332,6.4913,6.3493,6.2073,6.0653,5.9232,5.7811,5.639,5.4936,5.3283,5.1629,4.9975,4.8322,4.6668,4.5015,4.3362,4.171,4.0058,3.9135,3.8907,3.868,3.8454,3.823,3.8008,3.7788,3.7569,3.7353,3.7139,3.7769,3.8511,3.9257,4.0006,4.076,4.1517,4.2279,4.3045,4.3815,4.4926,4.7001,4.9079,5.1162,5.3248,5.5339,5.7434,5.9534,6.1638,6.3747,6.5521,6.7101,6.8684,7.0269,7.1858,7.345,7.5044,7.6642,7.8243,7.9844,8.0729,8.1614,8.2499,8.3385,8.4272,8.5159,8.6047,8.6935,8.7823,8.824,8.7869,8.7497,8.7123,8.6748,8.637,8.5992,8.5611,8.5229,8.4845,8.417,8.3396,8.2621,8.1846,8.1069,8.0292,7.9514,7.8735,7.7956,7.7148,7.6128,7.5109,7.4091,7.3073,7.2055,7.1038,7.0022,6.9006,6.799,6.7303,6.6969,6.6634,6.6297,6.5958,6.5617,6.5274,6.4929,6.4582,6.4233,6.3424,6.2528,6.1629,6.0728,5.9823,5.8916,5.8006,5.7092,5.6176,5.5183,5.3909,5.2631,5.1349,5.0063,4.8773,4.7478
11.9747,11.9695,11.9644,11.9595,11.9549,11.9505,11.9462,11.9422,11.9091,11.803,11.6973,11.5919,11.4867,11.3819,11.2774,11.1731,11.0691,10.9654,10.8191,10.6506,10.4824,10.3146,10.147,9.9798,9.8128,9.6461,9.4797,9.3142,9.1797,9.045,8.9103,8.7754,8.6404,8.5053,8.3702,8.2349,8.0996,7.9662,7.8357,7.7052,7.5746,7.4439,7.3131,7.1823,7.0514,6.9204,6.7894,6.6532,6.5153,6.3774,6.2394,6.1014,5.9633,5.8252,5.687,5.5489,5.4081,5.2512,5.0942,4.9373,4.7803,4.6234,4.4665,4.3096,4.1528,3.996,3.9142,3.905,3.8959,3.8869,3.8781,3.8695,3.8611,3.8528,3.8448,3.8369,3.9176,4.0108,4.1043,4.1982,4.2925,4.3872,4.4824,4.5779,4.6739,4.8011,5.0215,5.2421,5.4632,5.6847,5.9067,6.129,6.3518,6.5751,6.7988,6.985,7.1479,7.3112,7.4748,7.6386,7.8028,7.9673,8.1321,8.2972,8.4626,8.5492,8.6349,8.7207,8.8065,8.8924,8.9783,9.0643,9.1504,9.2364,9.2763,9.2321,9.1878,9.1433,9.0987,9.0539,9.0089,8.9637,8.9184,8.8729,8.8014,8.7199,8.6384,8.5567,8.475,8.3932,8.3114,8.2294,8.1474,8.0634,7.9603,7.8573,7.7543,7.6514,7.5486,7.4458,7.343,7.2403,7.1376,7.0641,7.0259,6.9876,6.949,6.9103,6.8714,6.8323,6.7929,6.7534,6.7136,6.6291,6.5339,6.4385,6.3428,6.2468,6.1505,6.0539,5.957,5.8598,5.7561,5.6223,5.4881,5.3535,5.2185,5.0832,4.9474
12.086,12.0754,12.0651,12.0549,12.045,12.0353,12.0257,12.0164,11.9749,11.8584,11.7421,11.6262,11.5106,11.3953,11.2803,11.1656,11.0511,10.9369,10.7758,10.5914,10.4074,10.2237,10.0403,9.8573,9.6745,9.492,9.3097,9.1293,8.9976,8.8658,8.7339,8.6019,8.4697,8.3375,8.2052,8.0728,7.9403,7.81,7.683,7.5558,7.4286,7.3013,7.1739,7.0465,6.919,6.7914,6.6638,6.5313,6.3974,6.2634,6.1294,5.9954,5.8613,5.7271,5.593,5.4587,5.3226,5.174,5.0255,4.8769,4.7284,4.5799,4.4314,4.283,4.1345,3.9862,3.9148,3.9191,3.9236,3.9283,3.9331,3.938,3.9432,3.9485,3.9541,3.9598,4.058,4.1702,4.2827,4.3955,4.5088,4.6224,4.7365,4.851,4.966,5.1094,5.3425,5.5761,5.81,6.0443,6.2791,6.5143,6.7499,6.986,7.2226,7.4177,7.5857,7.7539,7.9225,8.0913,8.2605,8.43,8.5997,8.7698,8.9402,9.0257,9.1086,9.1916,9.2746,9.3577,9.4409,9.5241,9.6073,9.6906,9.7289,9.6776,9.6262,9.5746,9.5229,9.471,9.4189,9.3667,9.3143,9.2616,9.186,9.1004,9.0148,8.9291,8.8433,8.7575,8.6715,8.5855,8.4994,8.4121,8.3079,8.2038,8.0997,7.9957,7.8917,7.7878,7.6839,7.5801,7.4763,7.3982,7.3552,7.312,7.2686,7.2251,7.1813,7.1374,7.0932,7.0489,7.0043,6.9161,6.8154,6.7144,6.6132,6.5116,6.4098,6.3076,6.2051,6.1024,5.9943,5.8541,5.7136,5.5726,5.4313,5.2895,5.1474
12.1971,12.1812,12.1656,12.1502,12.1349,12.1199,12.1051,12.0905,12.0404,11.9134,11.7867,11.6603,11.5342,11.4084,11.2829,11.1577,11.0328,10.908,10.732,10.5318,10.332,10.1325,9.9333,9.7344,9.5358,9.3375,9.1394,8.9444,8.8155,8.6866,8.5575,8.4284,8.2991,8.1698,8.0403,7.9108,7.7811,7.6539,7.5302,7.4065,7.2827,7.1587,7.0348,6.9107,6.7866,6.6624,6.5381,6.4095,6.2796,6.1495,6.0195,5.8894,5.7593,5.6291,5.4989,5.3686,5.237,5.0969,4.9567,4.8166,4.6765,4.5364,4.3963,4.2562,4.1162,3.9763,3.9152,3.9332,3.9513,3.9695,3.9879,4.0064,4.0251,4.0441,4.0632,4.0825,4.1982,4.3293,4.4607,4.5925,4.7247,4.8572,4.9903,5.1237,5.2576,5.4174,5.6633,5.9097,6.1565,6.4036,6.6512,6.8993,7.1477,7.3967,7.6461,7.8503,8.0232,8.1965,8.37,8.5439,8.718,8.8925,9.0673,9.2423,9.4177,9.5022,9.5824,9.6626,9.7428,9.8232,9.9035,9.984,10.0644,10.145,10.1817,10.1234,10.0648,10.0062,9.9474,9.8884,9.8292,9.7699,9.7104,9.6507,9.5708,9.4812,9.3915,9.3017,9.2118,9.1219,9.0319,8.9418,8.8516,8.7608,8.6555,8.5503,8.4451,8.3399,8.2349,8.1298,8.0248,7.9199,7.815,7.7325,7.6847,7.6367,7.5885,7.5402,7.4906,7.4378,7.385,7.3323,7.2796,7.1852,7.0768,6.9686,6.8605,6.7527,6.645,6.5375,6.4302,6.323,6.2126,6.0713,5.9305,5.7904,5.6507,5.5117,5.3732
12.3074,12.2869,12.2659,12.2452,12.2247,12.2044,12.1843,12.1644,12.1056,11.9681,11.8309,11.6941,11.5575,11.4213,11.2853,11.1496,11.0142,10.879,10.6879,10.4719,10.2563,10.041,9.826,9.6113,9.3968,9.1827,8.9688,8.7595,8.6335,8.5074,8.3812,8.2549,8.1285,8.002,7.8754,7.7487,7.622,7.4978,7.3776,7.2572,7.1367,7.0162,6.8956,6.7749,6.6542,6.5334,6.4125,6.2877,6.1617,6.0357,5.9096,5.7834,5.6572,5.531,5.4048,5.2785,5.1514,5.0197,4.888,4.7562,4.6245,4.4928,4.3611,4.2295,4.0979,3.9663,3.9156,3.9471,3.9788,4.0106,4.0425,4.0746,4.1069,4.1394,4.1721,4.205,4.338,4.4881,4.6384,4.7891,4.9402,5.0917,5.2437,5.396,5.5489,5.7251,5.9839,6.2431,6.5027,6.7626,7.0231,7.2839,7.5452,7.8069,8.0692,8.2827,8.4607,8.6389,8.8175,8.9963,9.1754,9.3549,9.5346,9.7147,9.8951,9.9789,10.0562,10.1328,10.2065,10.28,10.3534,10.4266,10.4996,10.5724,10.6031,10.5337,10.4642,10.3948,10.3253,10.2559,10.1863,10.1168,10.0472,9.9776,9.8903,9.7935,9.6968,9.6001,9.5035,9.4069,9.3103,9.2137,9.1172,9.0206,8.9099,8.7992,8.6884,8.5777,8.4669,8.3561,8.2453,8.1344,8.0235,7.9335,7.8802,7.8269,7.7736,7.7204,7.6672,7.6141,7.561,7.5079,7.4549,7.3635,7.2569,7.1504,7.0441,6.938,6.8321,6.7264,6.6209,6.5155,6.4084,6.2739,6.1399,6.0065,5.8736,5.7414,5.6097
12.3127,12.2806,12.2489,12.2176,12.1868,12.1564,12.1264,12.0968,12.0292,11.8895,11.7499,11.6103,11.4708,11.3313,11.192,11.0526,10.9134,10.7741,10.5757,10.3522,10.1289,9.9056,9.6823,9.4592,9.2361,9.0131,8.7901,8.5729,8.447,8.321,8.195,8.069,7.9429,7.8168,7.6906,7.5644,7.4381,7.3146,7.195,7.0753,6.9555,6.8358,6.7159,6.596,6.4761,6.356,6.236,6.1105,5.9835,5.8565,5.7293,5.6021,5.4749,5.3475,5.2201,5.0926,4.9657,4.8436,4.7214,4.5991,4.4769,4.3545,4.2322,4.1099,3.9876,3.8652,3.8236,3.8653,3.9071,3.9489,3.9907,4.0325,4.0745,4.1165,4.1586,4.2007,4.3555,4.5306,4.7061,4.8821,5.0587,5.2358,5.4136,5.5919,5.771,5.9687,6.2354,6.5025,6.7697,7.0372,7.305,7.573,7.8413,8.1099,8.3787,8.5956,8.7722,8.9489,9.1256,9.3025,9.4794,9.6565,9.8336,10.0108,10.1881,10.264,10.331,10.3978,10.4644,10.5309,10.5972,10.6633,10.7293,10.795,10.8228,10.7512,10.6796,10.6079,10.5363,10.4646,10.3929,10.3212,10.2494,10.1776,10.0897,9.9924,9.895,9.7977,9.7005,9.6033,9.5061,9.409,9.3118,9.2148,9.1029,8.9907,8.8785,8.7662,8.654,8.5417,8.4294,8.3171,8.2048,8.1119,8.0583,8.0046,7.951,7.8975,7.844,7.7905,7.737,7.6836,7.6302,7.5417,7.4368,7.3321,7.2276,7.1233,7.0192,6.9152,6.8115,6.7079,6.6038,6.476,6.3488,6.2221,6.096,5.9705,5.8456
12.3175,12.2725,12.2279,12.1837,12.14,12.0967,12.0538,12.0112,11.9324,11.7891,11.6457,11.5025,11.3593,11.2162,11.0732,10.9302,10.7872,10.6443,10.4397,10.2103,9.9811,9.752,9.5229,9.2939,9.0649,8.836,8.6072,8.3854,8.2579,8.1303,8.0028,7.8752,7.7475,7.6198,7.4921,7.3643,7.2365,7.1114,6.9899,6.8684,6.7468,6.6252,6.5035,6.3818,6.26,6.1381,6.0162,5.8859,5.7532,5.6204,5.4876,5.3547,5.2217,5.0887,4.9555,4.8223,4.692,4.5808,4.4697,4.3584,4.2472,4.1359,4.0245,3.9132,3.8019,3.6906,3.6582,3.7088,3.7593,3.8099,3.8605,3.9112,3.9619,4.0127,4.0636,4.1146,4.2961,4.5023,4.709,4.9162,5.1239,5.3322,5.5411,5.7506,5.9608,6.1841,6.4582,6.7326,7.0072,7.282,7.5571,7.8325,8.1081,8.384,8.6602,8.8815,9.0579,9.2343,9.4109,9.5875,9.7643,9.9411,10.118,10.295,10.4721,10.5434,10.6033,10.663,10.7226,10.782,10.8413,10.9003,10.9592,11.0179,11.0426,10.9688,10.895,10.8212,10.7473,10.6735,10.5996,10.5257,10.4517,10.3777,10.2892,10.1912,10.0933,9.9954,9.8976,9.7997,9.702,9.6042,9.5065,9.4088,9.2959,9.1822,9.0685,8.9548,8.8411,8.7274,8.6136,8.4999,8.3861,8.2904,8.2364,8.1824,8.1285,8.0746,8.0207,7.9669,7.9131,7.8593,7.8056,7.7198,7.6167,7.5138,7.411,7.3085,7.2061,7.1039,7.0019,6.9001,6.7985,6.6776,6.5571,6.4372,6.3179,6.1991,6.0809
12.3219,12.2639,12.2064,12.1494,12.0928,12.0365,11.9807,11.9253,11.8355,11.6885,11.5415,11.3946,11.2477,11.101,10.9542,10.8076,10.661,10.5144,10.3035,10.0683,9.8332,9.5982,9.3633,9.1284,8.8936,8.6589,8.4242,8.1977,8.0687,7.9396,7.8105,7.6813,7.5521,7.4229,7.2936,7.1643,7.0349,6.9081,6.7848,6.6615,6.538,6.4146,6.2911,6.1675,6.0439,5.9202,5.7964,5.6613,5.5228,5.3844,5.2458,5.1073,4.9686,4.8298,4.691,4.5521,4.4182,4.3181,4.2179,4.1177,4.0174,3.9171,3.8168,3.7165,3.6161,3.5158,3.4928,3.5521,3.6114,3.6708,3.7302,3.7897,3.8493,3.9089,3.9685,4.0283,4.2362,4.4735,4.7114,4.9497,5.1886,5.428,5.668,5.9087,6.15,6.3993,6.6808,6.9625,7.2444,7.5266,7.8091,8.0918,8.3747,8.658,8.9415,9.1674,9.3436,9.5198,9.6961,9.8726,10.0491,10.2257,10.4024,10.5791,10.756,10.823,10.8758,10.9285,10.9811,11.0334,11.0856,11.1376,11.1894,11.2411,11.2625,11.1865,11.1105,11.0345,10.9585,10.8824,10.8063,10.7302,10.6541,10.5779,10.4887,10.3901,10.2916,10.1931,10.0946,9.9962,9.8978,9.7995,9.7012,9.6029,9.489,9.3738,9.2587,9.1435,9.0284,8.9132,8.798,8.6827,8.5674,8.4688,8.4145,8.3602,8.3059,8.2516,8.1974,8.1433,8.0891,8.0351,7.981,7.8977,7.7964,7.6953,7.5943,7.4935,7.3929,7.2925,7.1922,7.0922,6.9923,6.8787,6.765,6.6518,6.5392,6.4272,6.3158
12.3258,12.2549,12.1846,12.1146,12.0451,11.976,11.9073,11.8389,11.7385,11.5878,11.4371,11.2866,11.1361,10.9856,10.8352,10.6849,10.5346,10.3844,10.1671,9.9261,9.6852,9.4443,9.2036,8.9629,8.7222,8.4817,8.2411,8.0101,7.8795,7.7489,7.6182,7.4875,7.3567,7.2259,7.0951,6.9642,6.8333,6.7049,6.5797,6.4545,6.3293,6.204,6.0786,5.9532,5.8277,5.7022,5.5766,5.4366,5.2925,5.1483,5.0041,4.8598,4.7154,4.571,4.4265,4.2819,4.1445,4.0553,3.9661,3.8769,3.7876,3.6983,3.609,3.5196,3.4303,3.341,3.3272,3.3953,3.4635,3.5317,3.5999,3.6681,3.7365,3.8049,3.8734,3.9419,4.1758,4.4443,4.7132,4.9827,5.2527,5.5232,5.7944,6.0662,6.3386,6.6144,6.9032,7.1923,7.4815,7.771,8.0608,8.3509,8.6412,8.9317,9.2226,9.4533,9.6292,9.8053,9.9814,10.1576,10.3339,10.5103,10.6867,10.8633,11.0399,11.1028,11.1486,11.1943,11.2398,11.2851,11.3302,11.3752,11.4199,11.4645,11.4825,11.4043,11.3261,11.2479,11.1697,11.0915,11.0132,10.9349,10.8566,10.7782,10.6882,10.589,10.4899,10.3908,10.2918,10.1927,10.0937,9.9948,9.8959,9.797,9.6821,9.5655,9.4489,9.3323,9.2157,9.099,8.9823,8.8656,8.7489,8.6473,8.5926,8.538,8.4833,8.4288,8.3742,8.3197,8.2652,8.2108,8.1564,8.0756,7.976,7.8766,7.7774,7.6784,7.5796,7.4809,7.3825,7.2842,7.1861,7.0793,6.9724,6.866,6.7601,6.6549,6.5502
12.3292,12.2455,12.1622,12.0794,11.997,11.915,11.8334,11.7522,11.6414,11.487,11.3327,11.1785,11.0243,10.8702,10.7161,10.5622,10.4082,10.2543,10.0307,9.7838,9.537,9.2904,9.0437,8.7972,8.5507,8.3043,8.0579,7.8224,7.6903,7.5581,7.4259,7.2936,7.1613,7.0289,6.8966,6.7641,6.6316,6.5016,6.3746,6.2476,6.1205,5.9934,5.8662,5.7389,5.6116,5.4843,5.3568,5.2119,5.0621,4.9122,4.7623,4.6123,4.4623,4.3122,4.162,4.0117,3.8707,3.7926,3.7143,3.6361,3.5578,3.4794,3.4011,3.3227,3.2444,3.166,3.1616,3.2385,3.3155,3.3924,3.4694,3.5465,3.6236,3.7008,3.7781,3.8554,4.115,4.4146,4.7146,5.0152,5.3163,5.6179,5.9202,6.223,6.5266,6.8294,7.1255,7.4219,7.7185,8.0153,8.3124,8.6098,8.9074,9.2053,9.5035,9.7392,9.915,10.0908,10.2667,10.4426,10.6187,10.7949,10.9711,11.1475,11.3239,11.3829,11.4217,11.4603,11.4987,11.537,11.5751,11.613,11.6507,11.6882,11.7025,11.6222,11.5418,11.4614,11.381,11.3006,11.2202,11.1397,11.0592,10.9786,10.8877,10.788,10.6882,10.5886,10.4889,10.3893,10.2897,10.1901,10.0906,9.9911,9.8754,9.7573,9.6393,9.5212,9.4031,9.285,9.1668,9.0487,8.9305,8.8258,8.7708,8.7158,8.6608,8.6059,8.551,8.4962,8.4413,8.3866,8.3318,8.2533,8.1555,8.0579,7.9605,7.8632,7.7661,7.6692,7.5725,7.476,7.3797,7.2795,7.1792,7.0796,6.9805,6.882,6.784
12.3322,12.2356,12.1395,12.0438,11.9485,11.8536,11.7592,11.6651,11.5441,11.3861,11.2281,11.0702,10.9124,10.7547,10.597,10.4393,10.2817,10.1242,9.8941,9.6414,9.3888,9.1362,8.8838,8.6314,8.3791,8.1268,7.8746,7.6347,7.501,7.3673,7.2335,7.0997,6.9658,6.8319,6.698,6.564,6.43,6.2983,6.1694,6.0406,5.9117,5.7827,5.6537,5.5246,5.3955,5.2663,5.137,4.9872,4.8317,4.6761,4.5205,4.3649,4.2091,4.0533,3.8974,3.7414,3.5969,3.5297,3.4625,3.3952,3.3279,3.2605,3.1932,3.1258,3.0584,2.991,2.9959,3.0816,3.1673,3.2531,3.3389,3.4247,3.5106,3.5966,3.6826,3.7688,4.0537,4.3844,4.7155,5.0471,5.3793,5.712,6.0453,6.3793,6.7139,7.0442,7.3476,7.6513,7.9552,8.2594,8.5638,8.8685,9.1734,9.4787,9.7842,10.0252,10.2007,10.3762,10.5519,10.7277,10.9035,11.0795,11.2555,11.4316,11.6078,11.6632,11.6949,11.7265,11.7579,11.7891,11.8202,11.8511,11.8817,11.9122,11.9227,11.8402,11.7576,11.675,11.5925,11.5098,11.4272,11.3445,11.2619,11.1791,11.0873,10.9869,10.8866,10.7863,10.6861,10.5858,10.4857,10.3855,10.2854,10.1853,10.0687,9.9492,9.8297,9.7101,9.5906,9.471,9.3514,9.2318,9.1121,9.0043,8.949,8.8936,8.8383,8.7831,8.7278,8.6726,8.6175,8.5624,8.5073,8.4309,8.3349,8.239,8.1434,8.0479,7.9526,7.8574,7.7625,7.6677,7.5732,7.4791,7.3856,7.2927,7.2003,7.1086,7.0174
12.3347,12.2253,12.1163,12.0077,11.8996,11.7918,11.6845,11.5775,11.4468,11.2851,11.1235,10.9619,10.8004,10.639,10.4777,10.3164,10.1551,9.9939,9.7573,9.4988,9.2403,8.982,8.7237,8.4655,8.2074,7.9493,7.6912,7.447,7.3118,7.1765,7.0411,6.9058,6.7704,6.6349,6.4994,6.3639,6.2283,6.0949,5.9643,5.8336,5.7029,5.5721,5.4412,5.3103,5.1793,5.0483,4.9172,4.7624,4.6012,4.44,4.2787,4.1174,3.956,3.7945,3.6329,3.4712,3.3231,3.2669,3.2106,3.1543,3.098,3.0416,2.9852,2.9288,2.8723,2.8159,2.8302,2.9246,3.0191,3.1137,3.2082,3.3028,3.3975,3.4923,3.5871,3.682,3.9919,4.3537,4.7159,5.0785,5.4418,5.8056,6.1699,6.535,6.9006,7.2588,7.5696,7.8806,8.1918,8.5033,8.815,9.127,9.4393,9.7518,10.0647,10.3111,10.4864,10.6617,10.8372,11.0128,11.1884,11.3641,11.5399,11.7158,11.8918,11.9438,11.9685,11.993,12.0174,12.0416,12.0656,12.0894,12.1131,12.1365,12.1429,12.0582,11.9735,11.8887,11.804,11.7192,11.6344,11.5495,11.4646,11.3797,11.2869,11.1859,11.085,10.9841,10.8833,10.7824,10.6817,10.5809,10.4802,10.3795,10.2621,10.1411,10.0202,9.8992,9.7781,9.6571,9.536,9.4149,9.2938,9.1829,9.1272,9.0715,9.0158,8.9602,8.9047,8.8491,8.7936,8.7382,8.6827,8.6084,8.5141,8.4201,8.3262,8.2324,8.1389,8.0455,7.9523,7.8593,7.7665,7.6783,7.5915,7.5053,7.4197,7.3347,7.2502
12.3368,12.2145,12.0927,11.9712,11.8502,11.7296,11.6094,11.4896,11.3493,11.184,11.0187,10.8535,10.6884,10.5233,10.3583,10.1933,10.0284,9.8636,9.6204,9.3561,9.0918,8.8276,8.5635,8.2995,8.0355,7.7716,7.5077,7.2593,7.1225,6.9856,6.8487,6.7118,6.5749,6.4379,6.3008,6.1637,6.0266,5.8916,5.7591,5.6266,5.494,5.3614,5.2287,5.096,4.9632,4.8303,4.6974,4.5376,4.3708,4.2039,4.0369,3.8699,3.7028,3.5356,3.3684,3.201,3.0493,3.004,2.9587,2.9134,2.868,2.8226,2.7771,2.7317,2.6862,2.6408,2.6644,2.7676,2.8709,2.9741,3.0775,3.1809,3.2843,3.3878,3.4914,3.5951,3.9297,4.3225,4.7157,5.1095,5.5037,5.8985,6.294,6.69,7.0867,7.4733,7.7914,8.1097,8.4283,8.7471,9.0661,9.3854,9.705,10.0248,10.345,10.597,10.7721,10.9472,11.1225,11.2978,11.4732,11.6487,11.8243,12,12.1758,12.2246,12.2422,12.2597,12.2771,12.2942,12.3112,12.328,12.3446,12.3611,12.3632,12.2764,12.1894,12.1025,12.0156,11.9286,11.8416,11.7546,11.6675,11.5804,11.4865,11.385,11.2834,11.182,11.0805,10.9791,10.8777,10.7763,10.675,10.5737,10.4556,10.3332,10.2107,10.0883,9.9658,9.8433,9.7208,9.5982,9.4756,9.3615,9.3054,9.2494,9.1934,9.1374,9.0815,9.0257,8.9698,8.914,8.8582,8.7858,8.6933,8.601,8.5088,8.4169,8.3251,8.2335,8.142,8.0508,7.9598,7.8769,7.7969,7.7175,7.6386,7.5602,7.4825
12.3384,12.2033,12.0686,11.9343,11.8005,11.667,11.534,11.4013,11.2518,11.0828,10.9138,10.745,10.5762,10.4075,10.2388,10.0702,9.9016,9.7331,9.4834,9.2132,8.9431,8.6731,8.4032,8.1333,7.8635,7.5938,7.3241,7.0715,6.9331,6.7948,6.6563,6.5179,6.3794,6.2408,6.1022,5.9636,5.8249,5.6882,5.5539,5.4196,5.2852,5.1507,5.0162,4.8816,4.747,4.6123,4.4776,4.3128,4.1403,3.9677,3.7951,3.6224,3.4496,3.2768,3.1039,2.9308,2.7754,2.7411,2.7068,2.6724,2.6379,2.6035,2.569,2.5345,2.5,2.4655,2.4985,2.6105,2.7225,2.8345,2.9466,3.0588,3.171,3.2833,3.3957,3.5081,3.8671,4.2908,4.7151,5.1398,5.5651,5.991,6.4174,6.8445,7.2722,7.6877,8.0131,8.3387,8.6645,8.9906,9.317,9.6436,9.9705,10.2976,10.6251,10.883,11.0578,11.2328,11.4078,11.5829,11.7581,11.9334,12.1087,12.2842,12.4598,12.5057,12.5163,12.5267,12.537,12.5472,12.5571,12.5669,12.5765,12.5859,12.5837,12.4946,12.4055,12.3164,12.2273,12.1381,12.0489,11.9597,11.8705,11.7812,11.6862,11.584,11.4819,11.3798,11.2778,11.1757,11.0738,10.9718,10.8699,10.768,10.6491,10.5253,10.4014,10.2774,10.1535,10.0295,9.9056,9.7816,9.6575,9.54,9.4836,9.4273,9.371,9.3147,9.2584,9.2022,9.146,9.0899,9.0338,8.9631,8.8723,8.7818,8.6914,8.6012,8.5111,8.4213,8.3316,8.2422,8.1529,8.0751,8.0018,7.9291,7.8569,7.7853,7.7143
12.3396,12.1916,12.0441,11.897,11.7503,11.604,11.4581,11.3126,11.1541,10.9814,10.8089,10.6363,10.4639,10.2915,10.1192,9.947,9.7748,9.6026,9.3463,9.0703,8.7943,8.5185,8.2428,7.9671,7.6914,7.4159,7.1404,6.8837,6.7438,6.6039,6.4639,6.3239,6.1838,6.0437,5.9036,5.7634,5.6232,5.4848,5.3487,5.2125,5.0763,4.94,4.8037,4.6673,4.5308,4.3943,4.2577,4.088,3.9098,3.7316,3.5533,3.3749,3.1965,3.0179,2.8393,2.6606,2.5016,2.4782,2.4548,2.4314,2.4079,2.3844,2.3608,2.3373,2.3137,2.2902,2.3325,2.4533,2.574,2.6949,2.8157,2.9366,3.0576,3.1787,3.2998,3.421,3.8039,4.2587,4.714,5.1697,5.626,6.0828,6.5403,6.9983,7.457,7.9019,8.2346,8.5675,8.9006,9.234,9.5677,9.9016,10.2358,10.5702,10.905,11.1689,11.3436,11.5183,11.6931,11.868,12.0429,12.218,12.3932,12.5684,12.7437,12.7869,12.7905,12.794,12.7972,12.8003,12.8033,12.806,12.8086,12.811,12.8042,12.7129,12.6216,12.5304,12.4391,12.3477,12.2564,12.165,12.0736,11.9821,11.8859,11.7831,11.6804,11.5777,11.475,11.3724,11.2698,11.1673,11.0648,10.9623,10.8428,10.7174,10.5921,10.4667,10.3413,10.2159,10.0905,9.965,9.8395,9.7186,9.6619,9.6052,9.5485,9.4919,9.4353,9.3788,9.3222,9.2657,9.2093,9.1402,9.0512,8.9624,8.8738,8.7853,8.6971,8.609,8.5211,8.4334,8.3458,8.2728,8.2062,8.1402,8.0748,8.0099,7.9456
12.3403,12.1795,12.0191,11.8592,11.6997,11.5405,11.3818,11.2235,11.0563,10.88,10.7038,10.5276,10.3515,10.1755,9.9996,9.8236,9.6478,9.472,9.209,8.9272,8.6454,8.3638,8.0822,7.8007,7.5192,7.2379,6.9565,6.6959,6.5544,6.4129,6.2714,6.1298,5.9882,5.8466,5.7049,5.5632,5.4214,5.2814,5.1435,5.0055,4.8674,4.7293,4.5911,4.4529,4.3146,4.1763,4.0379,3.8632,3.6793,3.4954,3.3114,3.1274,2.9433,2.7591,2.5748,2.3905,2.2277,2.2153,2.2028,2.1903,2.1778,2.1652,2.1526,2.14,2.1274,2.1148,2.1665,2.296,2.4255,2.5551,2.6847,2.8144,2.9441,3.0739,3.2038,3.3337,3.7404,4.2261,4.7123,5.1991,5.6863,6.1741,6.6625,7.1516,7.6412,8.1159,8.4559,8.7961,9.1366,9.4773,9.8182,10.1594,10.5009,10.8427,11.1847,11.4549,11.6293,11.8038,11.9784,12.153,12.3278,12.5027,12.6776,12.8526,13.0277,13.0685,13.065,13.0614,13.0577,13.0538,13.0497,13.0455,13.041,13.0364,13.0248,12.9313,12.8379,12.7444,12.6509,12.5574,12.4639,12.3703,12.2767,12.1831,12.0856,11.9822,11.8789,11.7756,11.6724,11.5691,11.466,11.3628,11.2597,11.1566,11.0365,10.9097,10.7829,10.656,10.5292,10.4023,10.2754,10.1485,10.0216,9.8973,9.8402,9.7831,9.7261,9.6692,9.6122,9.5553,9.4985,9.4416,9.3849,9.3172,9.23,9.143,9.0561,8.9694,8.8829,8.7966,8.7104,8.6245,8.5387,8.47,8.4102,8.3509,8.2922,8.234,8.1764
12.3406,12.1669,11.9937,11.821,11.6486,11.4767,11.3051,11.134,10.9584,10.7784,10.5986,10.4188,10.2391,10.0594,9.8798,9.7002,9.5207,9.3413,9.0715,8.7839,8.4964,8.2089,7.9215,7.6342,7.3469,7.0597,6.7726,6.508,6.365,6.222,6.0789,5.9358,5.7927,5.6495,5.5062,5.363,5.2196,5.078,4.9382,4.7984,4.6585,4.5186,4.3786,4.2385,4.0984,3.9583,3.818,3.6383,3.4488,3.2592,3.0696,2.8799,2.6901,2.5002,2.3103,2.1203,1.9538,1.9523,1.9508,1.9492,1.9476,1.9459,1.9443,1.9426,1.9409,1.9393,2.0003,2.1386,2.2769,2.4152,2.5536,2.692,2.8305,2.969,3.1076,3.2463,3.6763,4.193,4.7102,5.2279,5.7461,6.2649,6.7842,7.3042,7.8248,8.3298,8.6771,9.0246,9.3723,9.7203,10.0686,10.4171,10.7658,11.1149,11.4642,11.7408,11.915,12.0893,12.2637,12.4381,12.6127,12.7873,12.962,13.1368,13.3117,13.3502,13.3398,13.3292,13.3184,13.3075,13.2964,13.2851,13.2737,13.262,13.2454,13.1498,13.0542,12.9586,12.8629,12.7672,12.6715,12.5758,12.48,12.3842,12.2853,12.1814,12.0774,11.9736,11.8697,11.7659,11.6621,11.5584,11.4547,11.351,11.2303,11.102,10.9738,10.8455,10.7172,10.5888,10.4605,10.3321,10.2037,10.0759,10.0185,9.9611,9.9038,9.8464,9.7892,9.7319,9.6747,9.6176,9.5604,9.4942,9.4087,9.3234,9.2383,9.1534,9.0686,8.984,8.8996,8.8154,8.7314,8.6668,8.6136,8.561,8.509,8.4576,8.4067
