12.6322,12.5852,12.5382,12.4913,12.4443,12.3973,12.3503,12.3033,12.2563,12.2104,12.1795,12.1487,12.1179,12.0871,12.0563,12.0255,11.9947,11.9639,11.9331,11.8593,11.7666,11.6739,11.5812,11.4885,11.3957,11.303,11.2102,11.1175,11.0755,11.1412,11.2071,11.2731,11.3392,11.4054,11.4715,11.5376,11.6038,11.6699,11.7112,11.751,11.7909,11.8308,11.8706,11.9105,11.9504,11.9903,12.0301,12.0624,12.0891,12.1157,12.1423,12.1689,12.1956,12.2222,12.2488,12.2755,12.2785,12.1863,12.0941,12.0019,11.9098,11.8176,11.7254,11.6332,11.541,11.4488,11.3314,11.2087,11.0859,10.9632,10.8404,10.7177,10.5949,10.4722,10.3494,10.3035,10.3514,10.3996,10.4479,10.4962,10.5445,10.5929,10.6413,10.6898,10.7366,10.7632,10.7897,10.8163,10.8429,10.8695,10.8961,10.9227,10.9493,10.976,11.0149,11.059,11.1029,11.1468,11.1905,11.2341,11.2776,11.3209,11.3641,11.3725,11.309,11.2455,11.182,11.1184,11.0549,10.9914,10.9279,10.8644,10.8009,10.7772,10.7555,10.7336,10.7116,10.6894,10.667,10.6443,10.6215,10.5985,10.5906,10.5942,10.5979,10.6015,10.6052,10.6088,10.6125,10.6162,10.6199,10.6154,10.5757,10.5361,10.4964,10.4567,10.4169,10.3772,10.3375,10.2978,10.258,10.2143,10.1692,10.1234,10.0771,10.0302,9.9826,9.9344,9.8856,9.8361,9.7859,9.735,9.6838,9.6323,9.5805,9.5284,9.476,9.4232,9.3701,9.3167,9.2645,9.2123,9.1599,9.1076,9.0551,9.0027,8.9501,8.8976,8.8449
12.6543,12.6078,12.5613,12.5148,12.4682,12.4217,12.3752,12.3286,12.282,12.2368,12.206,12.1752,12.1443,12.1135,12.0827,12.0519,12.0211,11.9904,11.9596,11.8857,11.7941,11.7024,11.6107,11.5189,11.4272,11.3355,11.2437,11.152,11.1097,11.1684,11.2271,11.286,11.345,11.4041,11.4633,11.5226,11.582,11.6414,11.6824,11.7224,11.7625,11.8025,11.8425,11.8825,11.9224,11.9624,12.0024,12.0339,12.0592,12.0845,12.1098,12.1351,12.1603,12.1856,12.2109,12.2361,12.2395,12.1543,12.0692,11.984,11.8989,11.8138,11.7287,11.6437,11.5588,11.4739,11.3596,11.239,11.1184,10.9978,10.8772,10.7567,10.6363,10.5158,10.3954,10.3502,10.3993,10.4484,10.4976,10.5468,10.596,10.6453,10.6946,10.7439,10.7918,10.8179,10.8441,10.8703,10.8965,10.9227,10.9489,10.9751,11.0013,11.0276,11.063,11.1025,11.1419,11.1812,11.2204,11.2595,11.2984,11.3372,11.3758,11.3829,11.3194,11.2558,11.1923,11.1288,11.0652,11.0017,10.9382,10.8747,10.8112,10.7826,10.7566,10.7305,10.7041,10.6776,10.6509,10.6239,10.5968,10.5695,10.5592,10.5633,10.5674,10.5715,10.5756,10.5797,10.5839,10.588,10.5922,10.5892,10.5495,10.5098,10.4701,10.4304,10.3907,10.351,10.3113,10.2715,10.2318,10.1808,10.1261,10.0709,10.015,9.9586,9.9015,9.8438,9.7854,9.7265,9.6689,9.614,9.5589,9.5034,9.4476,9.3915,9.3351,9.2783,9.2213,9.1639,9.1117,9.0594,9.0071,8.9547,8.9023,8.8498,8.7973,8.7447,8.6921
12.6765,12.6305,12.5844,12.5383,12.4922,12.4461,12.4,12.3539,12.3078,12.2633,12.2324,12.2016,12.1708,12.14,12.1092,12.0784,12.0476,12.0168,11.9861,11.9122,11.8215,11.7308,11.6401,11.5494,11.4587,11.368,11.2772,11.1865,11.1438,11.1954,11.247,11.2988,11.3507,11.4027,11.4548,11.507,11.5593,11.6117,11.6522,11.6923,11.7323,11.7723,11.8123,11.8523,11.8923,11.9323,11.9722,12.0029,12.0267,12.0505,12.0742,12.098,12.1218,12.1455,12.1693,12.193,12.1968,12.1193,12.0419,11.9644,11.887,11.8097,11.7323,11.655,11.5778,11.5006,11.3896,11.2711,11.1525,11.034,10.9156,10.7972,10.6788,10.5604,10.4421,10.3972,10.4472,10.4972,10.5473,10.5974,10.6475,10.6976,10.7478,10.798,10.8469,10.8727,10.8985,10.9242,10.95,10.9759,11.0017,11.0275,11.0534,11.0792,11.1113,11.1462,11.1811,11.2159,11.2505,11.285,11.3193,11.3536,11.3877,11.3932,11.3297,11.2662,11.2026,11.1391,11.0756,11.012,10.9485,10.885,10.8215,10.7883,10.758,10.7275,10.6968,10.666,10.6349,10.6037,10.5723,10.5406,10.5279,10.5324,10.5369,10.5415,10.546,10.5506,10.5552,10.5598,10.5644,10.563,10.5233,10.4836,10.4439,10.4042,10.3645,10.3248,10.285,10.2453,10.2055,10.1479,10.0837,10.0189,9.9535,9.8876,9.821,9.7537,9.6859,9.6174,9.5521,9.4933,9.4342,9.3747,9.315,9.2549,9.1945,9.1338,9.0727,9.0113,8.9588,8.9066,8.8543,8.8019,8.7495,8.697,8.6445,8.5919,8.5393
12.6987,12.6531,12.6075,12.5619,12.5162,12.4706,12.425,12.3793,12.3337,12.2897,12.2589,12.2281,12.1972,12.1664,12.1356,12.1048,12.0741,12.0433,12.0125,11.9387,11.849,11.7593,11.6696,11.5799,11.4902,11.4005,11.3107,11.221,11.1778,11.2222,11.2668,11.3115,11.3563,11.4012,11.4463,11.4914,11.5365,11.5818,11.6221,11.6621,11.7021,11.7422,11.7822,11.8222,11.8622,11.9022,11.9421,11.9719,11.9941,12.0164,12.0387,12.0609,12.0832,12.1054,12.1276,12.1499,12.154,12.0843,12.0145,11.9448,11.8751,11.8055,11.7358,11.6663,11.5967,11.5273,11.4196,11.3031,11.1867,11.0703,10.9539,10.8376,10.7213,10.605,10.4888,10.4443,10.4952,10.546,10.597,10.6479,10.6989,10.7499,10.801,10.8521,10.902,10.9274,10.9528,10.9782,11.0036,11.0291,11.0545,11.0799,11.1054,11.1308,11.1596,11.1901,11.2204,11.2506,11.2807,11.3106,11.3405,11.3701,11.3997,11.4036,11.34,11.2765,11.213,11.1494,11.0859,11.0223,10.9588,10.8953,10.8318,10.7941,10.7595,10.7247,10.6897,10.6546,10.6192,10.5837,10.5479,10.512,10.4965,10.5014,10.5064,10.5114,10.5164,10.5215,10.5265,10.5316,10.5366,10.5367,10.4971,10.4574,10.4177,10.378,10.3383,10.2985,10.2588,10.2191,10.1793,10.1155,10.0418,9.9675,9.8926,9.8171,9.741,9.6643,9.587,9.509,9.4356,9.3728,9.3097,9.2463,9.1826,9.1185,9.0542,8.9895,8.9244,8.8591,8.806,8.7537,8.7014,8.6491,8.5966,8.5442,8.4917,8.4391,8.3865
12.7209,12.6758,12.6306,12.5854,12.5403,12.4951,12.4499,12.4047,12.3595,12.3162,12.2853,12.2545,12.2237,12.1929,12.1621,12.1313,12.1005,12.0698,12.039,11.9652,11.8765,11.7878,11.6992,11.6105,11.5217,11.433,11.3443,11.2556,11.2117,11.249,11.2865,11.3241,11.3618,11.3997,11.4376,11.4756,11.5137,11.5519,11.5919,11.6319,11.672,11.712,11.752,11.792,11.832,11.872,11.912,11.9408,11.9616,11.9824,12.0031,12.0239,12.0446,12.0653,12.086,12.1067,12.1113,12.0492,11.9872,11.9252,11.8632,11.8012,11.7393,11.6774,11.6156,11.5539,11.4495,11.3352,11.2208,11.1065,10.9922,10.878,10.7638,10.6496,10.5355,10.4913,10.5431,10.5948,10.6466,10.6985,10.7503,10.8022,10.8542,10.9061,10.9572,10.9822,11.0072,11.0322,11.0572,11.0823,11.1073,11.1323,11.1574,11.1825,11.2081,11.234,11.2598,11.2855,11.311,11.3364,11.3617,11.3868,11.4119,11.4139,11.3504,11.2868,11.2233,11.1597,11.0962,11.0327,10.9691,10.9056,10.8421,10.8,10.7611,10.722,10.6828,10.6433,10.6037,10.5638,10.5238,10.4836,10.465,10.4705,10.4759,10.4814,10.4868,10.4923,10.4978,10.5033,10.5088,10.5105,10.4708,10.4312,10.3915,10.3517,10.312,10.2723,10.2326,10.1928,10.1531,10.0837,10.0005,9.9167,9.8323,9.7473,9.6617,9.5755,9.4886,9.4011,9.3194,9.2526,9.1855,9.1182,9.0505,8.9824,8.9141,8.8454,8.7764,8.7071,8.6531,8.6009,8.5486,8.4962,8.4438,8.3913,8.3388,8.2863,8.2336
12.7432,12.6985,12.6537,12.609,12.5643,12.5196,12.4748,12.4301,12.3853,12.3426,12.3118,12.281,12.2501,12.2193,12.1885,12.1578,12.127,12.0962,12.0655,11.9917,11.9041,11.8164,11.7287,11.641,11.5533,11.4656,11.3779,11.2901,11.2454,11.2757,11.3061,11.3366,11.3672,11.398,11.4288,11.4598,11.4908,11.5219,11.5617,11.6018,11.6418,11.6819,11.7219,11.7619,11.8019,11.8419,11.8819,11.9098,11.929,11.9483,11.9675,11.9868,12.006,12.0252,12.0444,12.0636,12.0685,12.0142,11.9598,11.9055,11.8512,11.797,11.7428,11.6886,11.6345,11.5804,11.4795,11.3672,11.2549,11.1427,11.0305,10.9183,10.8062,10.6941,10.5821,10.5384,10.591,10.6436,10.6963,10.749,10.8017,10.8545,10.9073,10.9602,11.0124,11.037,11.0616,11.0862,11.1108,11.1355,11.1601,11.1848,11.2094,11.2341,11.2568,11.2781,11.2993,11.3205,11.3415,11.3623,11.3831,11.4037,11.4242,11.4243,11.3607,11.2972,11.2336,11.1701,11.1065,11.043,10.9794,10.9159,10.8523,10.8062,10.763,10.7196,10.676,10.6323,10.5883,10.5442,10.4999,10.4553,10.4336,10.4395,10.4454,10.4513,10.4572,10.4631,10.4691,10.475,10.481,10.4843,10.4446,10.4049,10.3652,10.3255,10.2858,10.2461,10.2063,10.1666,10.1268,10.0524,9.9597,9.8664,9.7726,9.6781,9.583,9.4873,9.3909,9.2939,9.2034,9.1327,9.0616,8.9903,8.9186,8.8466,8.7743,8.7017,8.6287,8.5554,8.5003,8.448,8.3957,8.3434,8.291,8.2385,8.186,8.1334,8.0808
12.7654,12.7212,12.6769,12.6326,12.5883,12.5441,12.4998,12.4555,12.4112,12.3691,12.3382,12.3074,12.2766,12.2458,12.215,12.1842,12.1534,12.1227,12.0919,12.0183,11.9316,11.8449,11.7583,11.6716,11.5849,11.4982,11.4114,11.3247,11.279,11.3022,11.3255,11.349,11.3725,11.3962,11.42,11.4438,11.4678,11.4918,11.5315,11.5716,11.6117,11.6517,11.6917,11.7318,11.7718,11.8118,11.8518,11.8787,11.8965,11.9142,11.932,11.9497,11.9674,11.9851,12.0028,12.0205,12.0257,11.9791,11.9325,11.8858,11.8392,11.7927,11.7462,11.6997,11.6533,11.6069,11.5094,11.3992,11.289,11.1789,11.0688,10.9587,10.8487,10.7387,10.6287,10.5854,10.6389,10.6924,10.7459,10.7995,10.8531,10.9068,10.9605,11.0142,11.0675,11.0918,11.116,11.1402,11.1644,11.1887,11.213,11.2372,11.2615,11.2858,11.3055,11.3223,11.339,11.3556,11.3721,11.3884,11.4046,11.4207,11.4366,11.4346,11.3711,11.3075,11.2439,11.1804,11.1168,11.0533,10.9897,10.9262,10.8626,10.8125,10.765,10.7173,10.6695,10.6214,10.5732,10.5247,10.4761,10.4273,10.4021,10.4085,10.4148,10.4212,10.4275,10.4339,10.4403,10.4467,10.4531,10.4581,10.4184,10.3787,10.339,10.2993,10.2596,10.2198,10.1801,10.1404,10.1006,10.0217,9.9195,9.8168,9.7134,9.6094,9.5048,9.3996,9.2938,9.1873,9.0877,9.013,8.938,8.8627,8.787,8.7111,8.6348,8.5582,8.4813,8.404,8.3474,8.2952,8.2429,8.1905,8.1381,8.0857,8.0332,7.9806,7.928
12.7877,12.7439,12.7001,12.6562,12.6124,12.5686,12.5247,12.4809,12.437,12.3955,12.3647,12.3339,12.303,12.2722,12.2415,12.2107,12.1799,12.1491,12.1184,12.0448,11.9592,11.8735,11.7879,11.7022,11.6165,11.5308,11.445,11.3593,11.3125,11.3286,11.3449,11.3612,11.3777,11.3943,11.411,11.4278,11.4447,11.4616,11.5014,11.5414,11.5815,11.6216,11.6616,11.7016,11.7417,11.7817,11.8217,11.8477,11.8639,11.8802,11.8964,11.9126,11.9288,11.945,11.9612,11.9774,11.9829,11.944,11.905,11.8661,11.8272,11.7883,11.7495,11.7107,11.672,11.6333,11.5393,11.4312,11.3231,11.215,11.107,10.999,10.8911,10.7831,10.6753,10.6324,10.6867,10.7411,10.7956,10.85,10.9045,10.959,11.0136,11.0682,11.1227,11.1465,11.1704,11.1942,11.2181,11.2419,11.2658,11.2897,11.3136,11.3375,11.3544,11.3667,11.3788,11.3909,11.4028,11.4146,11.4263,11.4379,11.4493,11.445,11.3814,11.3178,11.2543,11.1907,11.1271,11.0636,11,10.9365,10.8729,10.819,10.7672,10.7152,10.6631,10.6107,10.5582,10.5055,10.4526,10.3994,10.3706,10.3774,10.3842,10.391,10.3978,10.4047,10.4115,10.4184,10.4252,10.4318,10.3922,10.3525,10.3128,10.2731,10.2333,10.1936,10.1539,10.1141,10.0744,9.9916,9.8799,9.7677,9.6548,9.5414,9.4273,9.3126,9.1973,9.0813,8.9723,8.8936,8.8146,8.7353,8.6557,8.5758,8.4956,8.415,8.3341,8.2529,8.1946,8.1423,8.09,8.0377,7.9853,7.9328,7.8803,7.8278,7.7752
12.8099,12.7666,12.7232,12.6799,12.6365,12.5931,12.5497,12.5063,12.4629,12.4219,12.3911,12.3603,12.3295,12.2987,12.2679,12.2371,12.2064,12.1756,12.1448,12.0714,11.9868,11.9021,11.8175,11.7328,11.6481,11.5634,11.4787,11.3939,11.3458,11.3549,11.3641,11.3734,11.3828,11.3923,11.402,11.4117,11.4215,11.4314,11.4712,11.5113,11.5513,11.5914,11.6315,11.6715,11.7115,11.7516,11.7916,11.8166,11.8314,11.8461,11.8608,11.8755,11.8902,11.9049,11.9196,11.9343,11.9401,11.9089,11.8776,11.8464,11.8152,11.784,11.7528,11.7217,11.6907,11.6597,11.5692,11.4631,11.3571,11.2512,11.1452,11.0393,10.9334,10.8276,10.7218,10.6794,10.7346,10.7899,10.8452,10.9005,10.9559,11.0113,11.0667,11.1222,11.1777,11.2014,11.2248,11.2482,11.2717,11.2952,11.3187,11.3421,11.3656,11.3891,11.4034,11.4111,11.4188,11.4263,11.4337,11.441,11.4481,11.4551,11.462,11.4553,11.3918,11.3282,11.2646,11.201,11.1375,11.0739,11.0103,10.9468,10.8832,10.8257,10.7696,10.7133,10.6569,10.6002,10.5434,10.4864,10.4292,10.3718,10.3391,10.3464,10.3536,10.3609,10.3681,10.3754,10.3827,10.39,10.3973,10.4047,10.3659,10.3262,10.2865,10.2468,10.2071,10.1674,10.1277,10.0879,10.0481,9.962,9.8409,9.7191,9.5968,9.4739,9.3504,9.2262,9.1014,8.976,8.8571,8.7745,8.6915,8.6083,8.5247,8.4408,8.3566,8.2721,8.1873,8.1021,8.0417,7.9895,7.9372,7.8848,7.8324,7.78,7.7275,7.6749,7.6223
12.8322,12.7893,12.7464,12.7035,12.6606,12.6177,12.5747,12.5318,12.4888,12.4484,12.4176,12.3867,12.3559,12.3252,12.2944,12.2636,12.2328,12.2021,12.1713,12.0981,12.0144,11.9308,11.8471,11.7634,11.6797,11.596,11.5123,11.4286,11.3791,11.3811,11.3832,11.3855,11.3878,11.3903,11.3928,11.3955,11.3982,11.401,11.441,11.4811,11.5212,11.5612,11.6013,11.6414,11.6814,11.7214,11.7614,11.7856,11.7988,11.812,11.8252,11.8384,11.8516,11.8648,11.878,11.8912,11.8973,11.8737,11.8501,11.8266,11.8031,11.7796,11.7561,11.7327,11.7093,11.686,11.599,11.4951,11.3912,11.2873,11.1834,11.0796,10.9758,10.872,10.7683,10.7263,10.7825,10.8386,10.8948,10.951,11.0072,11.0635,11.1198,11.1762,11.2325,11.2562,11.2792,11.3023,11.3254,11.3484,11.3715,11.3946,11.4177,11.4408,11.4525,11.4557,11.4588,11.4618,11.4647,11.4675,11.4701,11.4726,11.4749,11.4657,11.4021,11.3385,11.2749,11.2114,11.1478,11.0842,11.0206,10.9571,10.8935,10.8325,10.7721,10.7116,10.6509,10.5899,10.5288,10.4675,10.406,10.3443,10.3076,10.3153,10.323,10.3307,10.3384,10.3461,10.3539,10.3616,10.3694,10.3772,10.3397,10.3,10.2603,10.2206,10.1809,10.1412,10.1014,10.0617,10.0219,9.933,9.8024,9.6712,9.5394,9.407,9.274,9.1404,9.0061,8.8712,8.7422,8.6556,8.5687,8.4815,8.3939,8.3061,8.218,8.1295,8.0407,7.9515,7.8889,7.8366,7.7843,7.732,7.6796,7.6272,7.5747,7.5221,7.4695
12.8545,12.8121,12.7696,12.7272,12.6847,12.6422,12.5997,12.5572,12.5147,12.4748,12.444,12.4132,12.3824,12.3516,12.3208,12.29,12.2593,12.2285,12.1978,12.1247,12.0421,11.9594,11.8767,11.7941,11.7114,11.6287,11.546,11.4632,11.4122,11.4072,11.4022,11.3974,11.3927,11.3881,11.3836,11.3792,11.3749,11.3707,11.4108,11.4509,11.491,11.5311,11.5712,11.6112,11.6513,11.6913,11.7313,11.7545,11.7662,11.7779,11.7896,11.8014,11.813,11.8247,11.8364,11.8481,11.8545,11.8386,11.8227,11.8068,11.7909,11.7751,11.7593,11.7436,11.7279,11.7122,11.6289,11.527,11.4252,11.3233,11.2216,11.1198,11.0181,10.9164,10.8148,10.7733,10.8303,10.8873,10.9444,11.0015,11.0586,11.1157,11.1729,11.2301,11.2874,11.311,11.3336,11.3563,11.379,11.4017,11.4244,11.4471,11.4698,11.4925,11.5017,11.5005,11.499,11.4975,11.4959,11.4941,11.4922,11.4902,11.488,11.476,11.4124,11.3489,11.2853,11.2217,11.1581,11.0945,11.0309,10.9674,10.9038,10.8395,10.7749,10.71,10.645,10.5798,10.5144,10.4488,10.3831,10.3171,10.2761,10.2842,10.2923,10.3005,10.3087,10.3168,10.325,10.3332,10.3414,10.3497,10.3135,10.2738,10.2341,10.1944,10.1547,10.1149,10.0752,10.0354,9.9957,9.9046,9.7645,9.6238,9.4826,9.3407,9.1982,9.0552,8.9114,8.7671,8.6275,8.5369,8.4461,8.3549,8.2634,8.1717,8.0796,7.9871,7.8944,7.8013,7.736,7.6838,7.6315,7.5792,7.5268,7.4743,7.4218,7.3693,7.3167
12.8769,12.8349,12.7929,12.7508,12.7088,12.6668,12.6247,12.5827,12.5407,12.5013,12.4705,12.4396,12.4088,12.3781,12.3473,12.3165,12.2857,12.255,12.2242,12.1514,12.0697,11.9881,11.9064,11.8247,11.743,11.6613,11.5796,11.4979,11.4452,11.4331,11.4211,11.4092,11.3975,11.3858,11.3743,11.3628,11.3514,11.3405,11.3807,11.4208,11.4609,11.5009,11.541,11.5811,11.6211,11.6612,11.7012,11.7234,11.7336,11.7438,11.7541,11.7643,11.7745,11.7846,11.7948,11.805,11.8116,11.8034,11.7952,11.7869,11.7788,11.7706,11.7625,11.7544,11.7464,11.7384,11.6587,11.5589,11.4592,11.3594,11.2597,11.16,11.0604,10.9608,10.8613,10.8203,10.8781,10.936,10.9939,11.0519,11.1099,11.1679,11.226,11.2841,11.3422,11.3658,11.3881,11.4104,11.4327,11.455,11.4773,11.4996,11.5219,11.5443,11.5511,11.5453,11.5394,11.5333,11.5272,11.5209,11.5145,11.5079,11.5012,11.4864,11.4228,11.3592,11.2956,11.232,11.1684,11.1048,11.0413,10.9777,10.9141,10.8467,10.7778,10.7087,10.6394,10.5699,10.5002,10.4303,10.3603,10.29,10.2445,10.2531,10.2617,10.2703,10.2789,10.2875,10.2961,10.3048,10.3135,10.3221,10.2873,10.2476,10.2079,10.1681,10.1284,10.0887,10.049,10.0092,9.9694,9.8767,9.7272,9.577,9.4263,9.275,9.1231,8.9705,8.8174,8.6635,8.5131,8.4186,8.3238,8.2286,8.1332,8.0375,7.9414,7.845,7.7483,7.6513,7.5832,7.5309,7.4786,7.4263,7.3739,7.3215,7.269,7.2164,7.1638
12.8992,12.8577,12.8161,12.7745,12.733,12.6914,12.6498,12.6082,12.5666,12.5277,12.4969,12.4661,12.4353,12.4045,12.3737,12.343,12.3122,12.2814,12.2507,12.1781,12.0974,12.0168,11.9361,11.8554,11.7747,11.694,11.6133,11.5326,11.4781,11.4589,11.4399,11.421,11.4022,11.3835,11.3649,11.3463,11.3279,11.3104,11.3505,11.3906,11.4307,11.4708,11.5109,11.5509,11.591,11.6311,11.6711,11.6923,11.701,11.7097,11.7185,11.7272,11.7359,11.7445,11.7532,11.7619,11.7687,11.7682,11.7676,11.7671,11.7666,11.7661,11.7656,11.7652,11.7648,11.7645,11.6885,11.5908,11.4931,11.3955,11.2978,11.2002,11.1027,11.0052,10.9077,10.8672,10.9259,10.9847,11.0435,11.1023,11.1612,11.2201,11.279,11.338,11.397,11.4206,11.4425,11.4644,11.4863,11.5083,11.5302,11.5521,11.574,11.596,11.6006,11.5903,11.5798,11.5693,11.5586,11.5478,11.5369,11.5258,11.5146,11.4967,11.4331,11.3695,11.3059,11.2423,11.1787,11.1152,11.0516,10.988,10.9244,10.8541,10.7809,10.7075,10.6339,10.5601,10.4862,10.412,10.3377,10.2632,10.2129,10.2219,10.231,10.24,10.2491,10.2582,10.2672,10.2763,10.2855,10.2946,10.261,10.2213,10.1816,10.1419,10.1022,10.0625,10.0227,9.983,9.9432,9.8494,9.6904,9.5308,9.3707,9.2099,9.0485,8.8865,8.7239,8.5606,8.3989,8.3005,8.2017,8.1026,8.0033,7.9036,7.8036,7.7032,7.6026,7.5016,7.4303,7.3781,7.3256,7.272,7.2183,7.1644,7.1103,7.056,7.0016
12.9216,12.8805,12.8394,12.7982,12.7571,12.716,12.6748,12.6337,12.5925,12.5542,12.5234,12.4925,12.4618,12.431,12.4002,12.3694,12.3387,12.3079,12.2772,12.2048,12.1252,12.0455,11.9658,11.8861,11.8065,11.7268,11.647,11.5673,11.5108,11.4846,11.4586,11.4326,11.4067,11.381,11.3553,11.3298,11.3043,11.2802,11.3203,11.3604,11.4005,11.4406,11.4807,11.5208,11.5609,11.6009,11.641,11.6612,11.6684,11.6757,11.6829,11.6901,11.6973,11.7044,11.7116,11.7187,11.7259,11.733,11.7401,11.7472,11.7543,11.7615,11.7687,11.7759,11.7832,11.7906,11.7183,11.6227,11.5271,11.4315,11.3359,11.2404,11.1449,11.0495,10.9541,10.9141,10.9737,11.0334,11.093,11.1528,11.2125,11.2722,11.3321,11.3919,11.4518,11.4755,11.497,11.5185,11.54,11.5615,11.5831,11.6046,11.6262,11.6477,11.6502,11.6354,11.6204,11.6054,11.5902,11.5748,11.5594,11.5438,11.5281,11.5071,11.4435,11.3799,11.3163,11.2527,11.1891,11.1255,11.0619,10.9983,10.9347,10.8616,10.7841,10.7064,10.6286,10.5505,10.4723,10.3939,10.3153,10.2365,10.1813,10.1908,10.2003,10.2098,10.2193,10.2288,10.2383,10.2479,10.2572,10.2649,10.2304,10.1882,10.1455,10.1025,10.059,10.0152,9.971,9.9264,9.8813,9.7831,9.6133,9.4433,9.2731,9.1027,8.9321,8.7613,8.5903,8.4191,8.2478,8.1457,8.0434,7.9411,7.8388,7.7363,7.6338,7.5312,7.4285,7.3257,7.2506,7.1959,7.1411,7.086,7.0308,6.9754,6.9199,6.8642,6.8082
12.9264,12.8858,12.8452,12.8047,12.7641,12.7236,12.6831,12.6426,12.6021,12.5641,12.5324,12.5008,12.4693,12.438,12.4068,12.3757,12.3447,12.3138,12.283,12.2118,12.1341,12.0564,11.9787,11.9009,11.8231,11.7453,11.6674,11.5895,11.5322,11.5005,11.4688,11.4371,11.4053,11.3736,11.3418,11.3101,11.2783,11.2482,11.2886,11.329,11.3693,11.4096,11.4499,11.4901,11.5303,11.5704,11.6106,11.6299,11.6357,11.6414,11.6472,11.6529,11.6587,11.6644,11.6701,11.6757,11.6831,11.6977,11.7124,11.727,11.7416,11.7562,11.7707,11.7853,11.7999,11.8144,11.7457,11.652,11.5583,11.4646,11.3711,11.2775,11.184,11.0906,10.9973,10.9576,11.0173,11.077,11.1366,11.1962,11.2557,11.3151,11.3744,11.4336,11.4928,11.5158,11.5361,11.5564,11.5767,11.597,11.6173,11.6376,11.6579,11.6781,11.6771,11.6557,11.634,11.612,11.5899,11.5674,11.5447,11.5217,11.4985,11.4711,11.4052,11.3392,11.2731,11.2069,11.1407,11.0744,11.008,10.9415,10.875,10.7985,10.7171,10.6356,10.5541,10.4725,10.3909,10.3093,10.2276,10.1459,10.0864,10.095,10.1037,10.1123,10.121,10.1297,10.1384,10.1471,10.1559,10.1647,10.1267,10.0782,10.0293,9.98,9.9304,9.8803,9.8299,9.7791,9.7278,9.6286,9.4565,9.2843,9.1119,8.9392,8.7664,8.5934,8.4202,8.2467,8.0731,7.9685,7.866,7.7635,7.6609,7.5582,7.4555,7.3527,7.2498,7.1468,7.0691,7.0129,6.9566,6.9001,6.8435,6.7866,6.7296,6.6724,6.615
12.9137,12.8723,12.8309,12.7895,12.7482,12.7069,12.6656,12.6243,12.5831,12.5432,12.5067,12.4702,12.4339,12.3978,12.3617,12.3258,12.2899,12.2542,12.2186,12.1468,12.0699,11.9929,11.9159,11.8388,11.7617,11.6846,11.6074,11.5302,11.4735,11.4417,11.4099,11.378,11.3461,11.3142,11.2823,11.2504,11.2184,11.1887,11.231,11.2732,11.3154,11.3576,11.3997,11.4418,11.4839,11.5259,11.5679,11.5883,11.5948,11.6013,11.6077,11.6141,11.6206,11.627,11.6334,11.6398,11.6477,11.6623,11.6769,11.6916,11.7062,11.7208,11.7353,11.7499,11.7645,11.779,11.7145,11.6257,11.537,11.4483,11.3597,11.2711,11.1826,11.0941,11.0058,10.9669,11.0228,11.0786,11.1344,11.1901,11.2457,11.3012,11.3567,11.4121,11.4674,11.4905,11.5108,11.5312,11.5515,11.5718,11.592,11.6123,11.6326,11.6529,11.6485,11.6192,11.5897,11.5599,11.5299,11.4996,11.4691,11.4383,11.4072,11.3732,11.3061,11.239,11.1719,11.1046,11.0373,10.9699,10.9024,10.8348,10.7672,10.6906,10.6091,10.5276,10.446,10.3644,10.2828,10.2011,10.1194,10.0377,9.9763,9.986,9.9958,10.0055,10.0153,10.0251,10.0349,10.0447,10.0546,10.0645,10.0232,9.9685,9.9134,9.8579,9.8021,9.7458,9.6892,9.6321,9.5747,9.4742,9.2999,9.1255,8.9508,8.7759,8.6009,8.4256,8.2501,8.0745,7.8986,7.7913,7.6886,7.5859,7.4831,7.3802,7.2773,7.1742,7.0711,6.9679,6.8877,6.8301,6.7723,6.7143,6.6562,6.5979,6.5394,6.4808,6.4219
12.9009,12.8587,12.8165,12.7744,12.7323,12.6902,12.6481,12.6061,12.564,12.5222,12.4808,12.4395,12.3984,12.3574,12.3165,12.2758,12.2351,12.1945,12.1541,12.0819,12.0056,11.9294,11.853,11.7767,11.7003,11.6238,11.5474,11.4709,11.4149,11.3829,11.3509,11.3189,11.2869,11.2548,11.2228,11.1907,11.1586,11.1292,11.1733,11.2174,11.2615,11.3056,11.3496,11.3935,11.4375,11.4814,11.5253,11.5467,11.5539,11.5611,11.5682,11.5754,11.5825,11.5896,11.5967,11.6038,11.6122,11.6269,11.6415,11.6561,11.6707,11.6853,11.6999,11.7145,11.7291,11.7436,11.6833,11.5995,11.5157,11.432,11.3483,11.2647,11.1811,11.0976,11.0142,10.9763,11.0283,11.0803,11.1322,11.184,11.2358,11.2875,11.3391,11.3907,11.4421,11.4652,11.4855,11.5059,11.5262,11.5465,11.5668,11.587,11.6073,11.6276,11.6201,11.583,11.5456,11.508,11.4702,11.4321,11.3937,11.3551,11.3162,11.2753,11.2072,11.139,11.0707,11.0023,10.9339,10.8654,10.7968,10.7282,10.6594,10.5826,10.5011,10.4196,10.338,10.2564,10.1747,10.093,10.0113,9.9295,9.8662,9.877,9.8878,9.8987,9.9095,9.9204,9.9313,9.9422,9.9532,9.9642,9.9201,9.8591,9.7978,9.7362,9.6741,9.6117,9.5488,9.4856,9.4219,9.32,9.1435,8.9668,8.7899,8.6128,8.4355,8.258,8.0803,7.9024,7.7243,7.6141,7.5113,7.4083,7.3053,7.2022,7.099,6.9958,6.8924,6.789,6.7064,6.6473,6.588,6.5286,6.469,6.4093,6.3494,6.2892,6.229
12.8881,12.8451,12.8022,12.7592,12.7164,12.6735,12.6306,12.5878,12.545,12.501,12.4548,12.4087,12.3628,12.3169,12.2712,12.2256,12.1801,12.1347,12.0894,12.017,11.9414,11.8658,11.7902,11.7145,11.6388,11.5631,11.4873,11.4115,11.3563,11.3241,11.292,11.2598,11.2276,11.1954,11.1632,11.131,11.0987,11.0697,11.1157,11.1617,11.2076,11.2536,11.2994,11.3453,11.3911,11.4369,11.4826,11.5051,11.513,11.5209,11.5287,11.5366,11.5444,11.5522,11.56,11.5678,11.5768,11.5915,11.6061,11.6207,11.6353,11.6499,11.6645,11.6791,11.6936,11.7082,11.652,11.5732,11.4943,11.4156,11.3369,11.2582,11.1796,11.101,11.0225,10.9857,11.0339,11.082,11.1301,11.178,11.226,11.2738,11.3216,11.3693,11.4169,11.4399,11.4603,11.4806,11.5009,11.5212,11.5415,11.5618,11.582,11.6023,11.592,11.547,11.5018,11.4564,11.4107,11.3648,11.3186,11.2721,11.2254,11.1775,11.1082,11.0389,10.9695,10.9001,10.8306,10.761,10.6913,10.6215,10.5517,10.4747,10.3932,10.3116,10.23,10.1483,10.0666,9.9849,9.9031,9.8213,9.756,9.7679,9.7798,9.7918,9.8037,9.8157,9.8277,9.8397,9.8518,9.8638,9.8173,9.7501,9.6826,9.6148,9.5465,9.4778,9.4088,9.3393,9.2695,9.1659,8.9871,8.8082,8.629,8.4497,8.2702,8.0905,7.9105,7.7304,7.5501,7.437,7.3339,7.2308,7.1275,7.0242,6.9208,6.8173,6.7138,6.6102,6.5252,6.4646,6.4039,6.343,6.282,6.2208,6.1594,6.0978,6.0361
12.8752,12.8315,12.7878,12.7441,12.7004,12.6567,12.6131,12.5695,12.5259,12.4797,12.4286,12.3777,12.327,12.2763,12.2258,12.1753,12.125,12.0748,12.0247,11.9521,11.8772,11.8023,11.7274,11.6524,11.5774,11.5024,11.4273,11.3522,11.2976,11.2653,11.233,11.2007,11.1684,11.136,11.1037,11.0713,11.0389,11.0102,11.0581,11.106,11.1538,11.2016,11.2493,11.297,11.3447,11.3924,11.44,11.4636,11.4721,11.4807,11.4893,11.4978,11.5063,11.5148,11.5233,11.5318,11.5414,11.556,11.5707,11.5853,11.5999,11.6145,11.6291,11.6437,11.6582,11.6728,11.6207,11.5468,11.4729,11.3991,11.3253,11.2516,11.1779,11.1043,11.0308,10.9952,11.0395,11.0838,11.128,11.1721,11.2162,11.2602,11.3041,11.348,11.3917,11.4146,11.435,11.4553,11.4756,11.4959,11.5162,11.5365,11.5568,11.577,11.564,11.5112,11.4582,11.405,11.3515,11.2977,11.2437,11.1894,11.1349,11.0796,11.0093,10.9389,10.8684,10.7979,10.7273,10.6566,10.5858,10.5149,10.444,10.3668,10.2852,10.2036,10.1219,10.0402,9.9585,9.8767,9.7949,9.7131,9.6458,9.6588,9.6718,9.6848,9.6979,9.7109,9.724,9.7371,9.7503,9.7634,9.7148,9.6415,9.5678,9.4937,9.4192,9.3444,9.2691,9.1935,9.1174,9.0119,8.8309,8.6498,8.4684,8.2868,8.105,7.9231,7.7409,7.5586,7.376,7.2599,7.1566,7.0532,6.9497,6.8462,6.7426,6.6389,6.5352,6.4313,6.3441,6.2821,6.2199,6.1576,6.0951,6.0324,5.9695,5.9065,5.8433
12.8624,12.8178,12.7733,12.7288,12.6844,12.6399,12.5955,12.5511,12.5067,12.4582,12.4024,12.3466,12.291,12.2355,12.1802,12.1249,12.0698,12.0148,11.9598,11.8872,11.813,11.7388,11.6646,11.5903,11.516,11.4417,11.3673,11.2929,11.239,11.2066,11.1741,11.1416,11.1091,11.0766,11.0441,11.0116,10.979,10.9508,11.0006,11.0503,11.1,11.1496,11.1992,11.2488,11.2983,11.3479,11.3974,11.422,11.4313,11.4405,11.4498,11.459,11.4682,11.4774,11.4866,11.4958,11.506,11.5206,11.5352,11.5499,11.5645,11.5791,11.5937,11.6083,11.6228,11.6374,11.5893,11.5204,11.4515,11.3826,11.3138,11.245,11.1763,11.1076,11.039,11.0048,11.0452,11.0857,11.126,11.1663,11.2065,11.2467,11.2867,11.3267,11.3666,11.3893,11.4097,11.43,11.4503,11.4706,11.4909,11.5112,11.5315,11.5518,11.5362,11.4756,11.4148,11.3538,11.2925,11.2309,11.1691,11.107,11.0446,10.9819,10.9104,10.8389,10.7674,10.6957,10.624,10.5522,10.4803,10.4084,10.3364,10.2589,10.1773,10.0956,10.0139,9.9322,9.8504,9.7686,9.6867,9.6049,9.5355,9.5496,9.5637,9.5778,9.5919,9.6061,9.6203,9.6345,9.6487,9.6629,9.6127,9.5331,9.4532,9.373,9.2923,9.2112,9.1298,9.0479,8.9657,8.8581,8.6749,8.4915,8.3078,8.124,7.9401,7.7559,7.5715,7.3869,7.2021,7.0827,6.9792,6.8756,6.772,6.6682,6.5644,6.4605,6.3566,6.2525,6.1631,6.0996,6.036,5.9722,5.9082,5.8441,5.7798,5.7153,5.6507
12.8495,12.8041,12.7589,12.7136,12.6684,12.6231,12.5779,12.5328,12.4876,12.4366,12.3759,12.3154,12.255,12.1947,12.1345,12.0744,12.0145,11.9546,11.8949,11.8223,11.7489,11.6754,11.6018,11.5283,11.4547,11.381,11.3073,11.2336,11.1803,11.1478,11.1152,11.0825,11.0499,11.0172,10.9846,10.9519,10.9192,10.8914,10.943,10.9946,11.0461,11.0976,11.1491,11.2006,11.252,11.3034,11.3547,11.3804,11.3904,11.4003,11.4103,11.4202,11.4301,11.44,11.4499,11.4598,11.4705,11.4852,11.4998,11.5145,11.5291,11.5437,11.5583,11.5729,11.5874,11.602,11.558,11.4939,11.43,11.366,11.3021,11.2383,11.1745,11.1108,11.0471,11.0144,11.051,11.0876,11.1241,11.1605,11.1969,11.2332,11.2694,11.3056,11.3416,11.364,11.3844,11.4047,11.425,11.4453,11.4656,11.4859,11.5062,11.5265,11.5087,11.4403,11.3717,11.3028,11.2337,11.1643,11.0947,11.0248,10.9546,10.8841,10.8116,10.739,10.6663,10.5936,10.5208,10.4479,10.3749,10.3019,10.2288,10.151,10.0693,9.9876,9.9059,9.8241,9.7423,9.6605,9.5786,9.4967,9.4251,9.4403,9.4555,9.4707,9.486,9.5012,9.5165,9.5318,9.5471,9.5624,9.5109,9.4251,9.339,9.2526,9.1657,9.0785,8.9908,8.9028,8.8144,8.7044,8.5189,8.3333,8.1474,7.9614,7.7752,7.5888,7.4022,7.2153,7.0283,6.9056,6.8019,6.6981,6.5942,6.4903,6.3862,6.2821,6.178,6.0737,5.9822,5.9173,5.8522,5.7869,5.7215,5.6559,5.5902,5.5242,5.4581
12.8365,12.7904,12.7444,12.6983,12.6523,12.6063,12.5603,12.5144,12.4684,12.4148,12.3494,12.284,12.2188,12.1536,12.0887,12.0238,11.959,11.8943,11.8298,11.7575,11.6847,11.6119,11.5391,11.4662,11.3933,11.3204,11.2474,11.1744,11.1217,11.089,11.0562,11.0234,10.9907,10.9578,10.925,10.8922,10.8593,10.832,10.8855,10.9389,10.9923,11.0457,11.099,11.1524,11.2056,11.2589,11.3121,11.3389,11.3495,11.3602,11.3708,11.3814,11.392,11.4026,11.4132,11.4238,11.4351,11.4498,11.4644,11.479,11.4937,11.5083,11.5229,11.5374,11.552,11.5666,11.5265,11.4674,11.4084,11.3494,11.2905,11.2316,11.1727,11.1139,11.0552,11.024,11.0568,11.0895,11.1222,11.1548,11.1873,11.2198,11.2522,11.2845,11.3167,11.3387,11.3591,11.3794,11.3997,11.42,11.4404,11.4607,11.4809,11.5012,11.4814,11.4052,11.3287,11.2521,11.1751,11.098,11.0205,10.9428,10.8648,10.7865,10.7128,10.6391,10.5654,10.4915,10.4176,10.3436,10.2696,10.1954,10.1212,10.043,9.9613,9.8796,9.7979,9.7161,9.6342,9.5523,9.4704,9.3884,9.3147,9.331,9.3473,9.3636,9.3799,9.3963,9.4126,9.429,9.4454,9.4618,9.4094,9.3175,9.2252,9.1325,9.0395,8.946,8.8522,8.758,8.6634,8.5508,8.3631,8.1753,7.9872,7.7989,7.6105,7.4218,7.233,7.0439,6.8547,6.7285,6.6246,6.5206,6.4165,6.3123,6.2081,6.1038,5.9994,5.8949,5.8014,5.735,5.6685,5.6018,5.5349,5.4679,5.4007,5.3333,5.2657
12.8236,12.7767,12.7299,12.683,12.6362,12.5895,12.5427,12.496,12.4492,12.3929,12.3226,12.2525,12.1824,12.1125,12.0427,11.973,11.9034,11.8339,11.7646,11.6926,11.6206,11.5485,11.4763,11.4042,11.3319,11.2597,11.1874,11.1151,11.0631,11.0302,10.9973,10.9643,10.9314,10.8984,10.8655,10.8325,10.7995,10.7726,10.8279,10.8833,10.9385,10.9938,11.049,11.1042,11.1593,11.2144,11.2695,11.2973,11.3086,11.32,11.3313,11.3427,11.354,11.3652,11.3765,11.3878,11.3997,11.4143,11.429,11.4436,11.4582,11.4728,11.4874,11.502,11.5166,11.5312,11.495,11.4409,11.3868,11.3327,11.2787,11.2248,11.1709,11.117,11.0632,11.0337,11.0627,11.0916,11.1204,11.1492,11.1779,11.2065,11.235,11.2635,11.2919,11.3134,11.3338,11.3541,11.3744,11.3948,11.4151,11.4354,11.4557,11.476,11.4543,11.3703,11.286,11.2015,11.1168,11.0318,10.9466,10.8611,10.7753,10.6892,10.614,10.5393,10.4644,10.3895,10.3145,10.2394,10.1642,10.089,10.0137,9.9351,9.8534,9.7716,9.6898,9.608,9.5261,9.4442,9.3622,9.2802,9.2043,9.2217,9.2391,9.2565,9.2739,9.2913,9.3087,9.3262,9.3437,9.3612,9.3082,9.2101,9.1116,9.0128,8.9136,8.814,8.714,8.6136,8.5127,8.3974,8.2075,8.0174,7.8271,7.6366,7.4459,7.255,7.064,6.8727,6.6812,6.5515,6.4473,6.3431,6.2388,6.1344,6.0299,5.9254,5.8208,5.7161,5.6207,5.5529,5.4849,5.4167,5.3484,5.2799,5.2113,5.1424,5.0734
12.8106,12.7629,12.7153,12.6677,12.6201,12.5726,12.525,12.4775,12.43,12.3709,12.2958,12.2208,12.1459,12.0712,11.9966,11.9221,11.8477,11.7734,11.6992,11.6278,11.5565,11.485,11.4136,11.3421,11.2706,11.1991,11.1275,11.0559,11.0044,10.9714,10.9383,10.9052,10.8721,10.839,10.8059,10.7728,10.7396,10.7132,10.7704,10.8276,10.8848,10.9419,10.9989,11.056,11.113,11.17,11.227,11.2557,11.2678,11.2798,11.2919,11.3039,11.3159,11.3279,11.3398,11.3518,11.3642,11.3789,11.3935,11.4082,11.4228,11.4374,11.452,11.4666,11.4812,11.4958,11.4635,11.4143,11.3652,11.316,11.2669,11.2179,11.1689,11.12,11.0712,11.0435,11.0686,11.0937,11.1187,11.1436,11.1684,11.1932,11.2179,11.2426,11.2671,11.2881,11.3085,11.3288,11.3492,11.3695,11.3898,11.4101,11.4304,11.4507,11.4274,11.3356,11.2435,11.1513,11.0587,10.966,10.8729,10.7796,10.6861,10.5922,10.5153,10.4394,10.3635,10.2875,10.2114,10.1352,10.059,9.9826,9.9062,9.8272,9.7454,9.6636,9.5818,9.4999,9.418,9.3361,9.2541,9.172,9.0938,9.1123,9.1307,9.1492,9.1677,9.1862,9.2048,9.2233,9.2419,9.2605,9.2074,9.1031,8.9985,8.8934,8.788,8.6822,8.5761,8.4695,8.3625,8.2441,8.0519,7.8596,7.6671,7.4744,7.2815,7.0884,6.8951,6.7016,6.5079,6.3744,6.27,6.1656,6.0611,5.9565,5.8518,5.7471,5.6422,5.5373,5.4401,5.3708,5.3014,5.2318,5.162,5.0921,5.022,4.9517,4.8812
12.7976,12.7491,12.7007,12.6524,12.604,12.5557,12.5074,12.4591,12.4108,12.3487,12.2688,12.189,12.1093,12.0298,11.9504,11.8711,11.7919,11.7128,11.6338,11.563,11.4923,11.4216,11.3509,11.2801,11.2093,11.1384,11.0675,10.9966,10.9458,10.9126,10.8794,10.8461,10.8129,10.7796,10.7463,10.713,10.6797,10.6539,10.713,10.772,10.831,10.89,10.9489,11.0078,11.0667,11.1255,11.1844,11.2142,11.2269,11.2397,11.2524,11.2651,11.2778,11.2905,11.3031,11.3158,11.3288,11.3435,11.3581,11.3728,11.3874,11.402,11.4166,11.4312,11.4458,11.4604,11.432,11.3877,11.3435,11.2993,11.2551,11.211,11.1669,11.123,11.079,11.0533,11.0746,11.0958,11.117,11.1381,11.1591,11.18,11.2009,11.2217,11.2424,11.2628,11.2832,11.3035,11.3239,11.3442,11.3645,11.3848,11.4051,11.4254,11.4007,11.3011,11.2013,11.1012,11.0009,10.9003,10.7995,10.6984,10.5971,10.4954,10.4166,10.3397,10.2626,10.1855,10.1083,10.0311,9.9537,9.8763,9.7988,9.7193,9.6375,9.5557,9.4738,9.3919,9.3099,9.2279,9.1459,9.0638,8.9833,9.0028,9.0224,9.042,9.0615,9.0811,9.1008,9.1204,9.1401,9.1598,9.1069,8.9964,8.8856,8.7744,8.6628,8.5509,8.4385,8.3258,8.2126,8.0909,7.8965,7.702,7.5072,7.3123,7.1172,6.9218,6.7263,6.5306,6.3347,6.1973,6.0928,5.9881,5.8834,5.7786,5.6737,5.5687,5.4637,5.3586,5.2596,5.1889,5.118,5.047,4.9757,4.9043,4.8328,4.761,4.6891
12.7845,12.7353,12.6861,12.637,12.5879,12.5387,12.4896,12.4406,12.3915,12.3264,12.2416,12.1571,12.0726,11.9883,11.904,11.8199,11.7359,11.652,11.5682,11.4982,11.4283,11.3582,11.2882,11.2181,11.148,11.0778,11.0076,10.9374,10.8871,10.8538,10.8204,10.787,10.7536,10.7202,10.6868,10.6533,10.6199,10.5946,10.6555,10.7164,10.7773,10.8381,10.8989,10.9597,11.0204,11.0811,11.1418,11.1726,11.1861,11.1995,11.2129,11.2263,11.2397,11.2531,11.2664,11.2798,11.2934,11.308,11.3227,11.3373,11.352,11.3666,11.3812,11.3958,11.4104,11.425,11.4004,11.361,11.3217,11.2824,11.2432,11.204,11.1649,11.1258,11.0868,11.0632,11.0807,11.098,11.1154,11.1326,11.1498,11.1669,11.184,11.201,11.2178,11.2376,11.2579,11.2782,11.2986,11.3189,11.3392,11.3595,11.3798,11.4001,11.3742,11.2668,11.1592,11.0514,10.9433,10.835,10.7264,10.6175,10.5083,10.3989,10.318,10.2399,10.1618,10.0836,10.0053,9.9269,9.8485,9.77,9.6914,9.6114,9.5295,9.4477,9.3658,9.2838,9.2018,9.1198,9.0377,8.9556,8.8735,8.8933,8.914,8.9346,8.9553,8.976,8.9967,9.0174,9.0382,9.059,9.0067,8.8901,8.7731,8.6557,8.538,8.4198,8.3013,8.1824,8.063,7.9378,7.7412,7.5445,7.3475,7.1503,6.953,6.7554,6.5577,6.3598,6.1616,6.0203,5.9155,5.8106,5.7057,5.6007,5.4956,5.3904,5.2852,5.1798,5.0792,5.0071,4.9347,4.8622,4.7896,4.7167,4.6437,4.5705,4.4971
12.7715,12.7215,12.6715,12.6216,12.5717,12.5218,12.4719,12.4221,12.3722,12.3039,12.2144,12.125,12.0357,11.9466,11.8576,11.7687,11.6799,11.5912,11.5027,11.4335,11.3642,11.2949,11.2255,11.1561,11.0867,11.0172,10.9477,10.8782,10.8284,10.7949,10.7614,10.7279,10.6944,10.6608,10.6272,10.5936,10.56,10.5353,10.5981,10.6608,10.7236,10.7862,10.8489,10.9115,10.9741,11.0367,11.0992,11.131,11.1452,11.1593,11.1734,11.1875,11.2016,11.2157,11.2297,11.2438,11.2579,11.2726,11.2873,11.3019,11.3166,11.3312,11.3458,11.3604,11.375,11.3895,11.3687,11.3343,11.2999,11.2656,11.2312,11.197,11.1628,11.1286,11.0946,11.0732,11.0868,11.1003,11.1138,11.1272,11.1406,11.1539,11.1671,11.1803,11.1933,11.2123,11.2326,11.253,11.2733,11.2936,11.3139,11.3343,11.3546,11.3749,11.3479,11.2328,11.1174,11.0018,10.8859,10.7698,10.6534,10.5368,10.4199,10.3026,10.2194,10.1402,10.061,9.9817,9.9023,9.8229,9.7434,9.6638,9.5841,9.5034,9.4216,9.3397,9.2577,9.1758,9.0937,9.0117,8.9296,8.8474,8.7653,8.7838,8.8055,8.8272,8.849,8.8708,8.8926,8.9144,8.9362,8.9581,8.9068,8.7841,8.6609,8.5374,8.4134,8.2891,8.1645,8.0394,7.9139,7.7849,7.5861,7.3871,7.1879,6.9885,6.789,6.5892,6.3892,6.1891,5.9887,5.8433,5.7383,5.6332,5.528,5.4228,5.3175,5.2121,5.1066,5.0011,4.8999,4.8277,4.7555,4.6832,4.6109,4.5385,4.4661,4.3936,4.3211
12.7584,12.7076,12.6569,12.6062,12.5555,12.5048,12.4542,12.4035,12.3529,12.2813,12.1869,12.0928,11.9987,11.9048,11.811,11.7173,11.6237,11.5302,11.4373,11.3687,11.3001,11.2315,11.1628,11.0941,11.0254,10.9566,10.8878,10.819,10.7698,10.7361,10.7025,10.6688,10.6351,10.6014,10.5677,10.5339,10.5001,10.476,10.5406,10.6053,10.6698,10.7344,10.7989,10.8634,10.9279,10.9923,11.0567,11.0895,11.1043,11.1192,11.134,11.1488,11.1635,11.1783,11.1931,11.2078,11.2225,11.2372,11.2518,11.2665,11.2811,11.2958,11.3104,11.325,11.3396,11.3541,11.3371,11.3075,11.2781,11.2486,11.2192,11.1899,11.1606,11.1314,11.1022,11.0831,11.0929,11.1027,11.1123,11.1219,11.1315,11.1409,11.1503,11.1596,11.1689,11.187,11.2073,11.2277,11.248,11.2683,11.2887,11.309,11.3293,11.3496,11.3219,11.199,11.0758,10.9524,10.8288,10.7049,10.5807,10.4563,10.3316,10.2066,10.1208,10.0405,9.9602,9.8798,9.7994,9.7188,9.6382,9.5576,9.4768,9.3955,9.3136,9.2317,9.1497,9.0677,8.9856,8.9036,8.8214,8.7393,8.657,8.6742,8.697,8.7198,8.7426,8.764,8.7854,8.8067,8.828,8.8492,8.798,8.6686,8.539,8.4095,8.2798,8.1501,8.0204,7.8906,7.7607,7.6299,7.4293,7.2287,7.0279,6.827,6.626,6.4249,6.2236,6.0223,5.8209,5.6731,5.5705,5.468,5.3656,5.2634,5.1614,5.0595,4.9577,4.8561,4.7568,4.6846,4.6124,4.5401,4.4678,4.3954,4.323,4.2505,4.178
12.7055,12.6536,12.6018,12.5501,12.4985,12.447,12.3955,12.3441,12.2928,12.2195,12.1237,12.0279,11.9321,11.8362,11.7404,11.6444,11.5484,11.4524,11.3574,11.2919,11.2262,11.1603,11.0943,11.0281,10.9617,10.8952,10.8285,10.7617,10.7143,10.6816,10.6489,10.616,10.5831,10.5501,10.5169,10.4837,10.4505,10.4274,10.4936,10.5597,10.6259,10.692,10.7581,10.8242,10.8903,10.9564,11.0225,11.0562,11.0717,11.0872,11.1027,11.1182,11.1338,11.1493,11.1649,11.1804,11.1956,11.2091,11.2225,11.2359,11.2493,11.2627,11.2759,11.2891,11.3023,11.3153,11.3006,11.2748,11.2489,11.223,11.197,11.171,11.1449,11.1188,11.0926,11.0742,11.0792,11.0842,11.089,11.0937,11.0983,11.1028,11.1071,11.1113,11.1154,11.1294,11.146,11.1623,11.1784,11.1942,11.2098,11.2251,11.2401,11.2548,11.2224,11.0912,10.9598,10.8283,10.6967,10.5649,10.4329,10.3008,10.1686,10.0361,9.9464,9.8639,9.7813,9.6986,9.6159,9.5332,9.4504,9.3675,9.2847,9.2033,9.1243,9.0456,8.967,8.8888,8.8107,8.733,8.6554,8.5782,8.5012,8.5152,8.5366,8.5581,8.5794,8.6007,8.6219,8.6431,8.6642,8.6853,8.638,8.5085,8.379,8.2494,8.1197,7.99,7.8603,7.7304,7.6006,7.4706,7.2704,7.0689,6.8673,6.6656,6.4637,6.2618,6.0598,5.8576,5.6553,5.5054,5.4056,5.306,5.2065,5.1072,5.008,4.9089,4.81,4.7112,4.6136,4.5414,4.4692,4.397,4.3247,4.2523,4.1799,4.1075,4.035
12.626,12.5706,12.5154,12.4603,12.4052,12.3502,12.2953,12.2405,12.1858,12.1101,12.0142,11.9184,11.8225,11.7266,11.6306,11.5346,11.4386,11.3425,11.248,11.189,11.1298,11.0705,11.0109,10.9512,10.8914,10.8314,10.7712,10.7109,10.6698,10.6428,10.6157,10.5886,10.5613,10.5339,10.5065,10.479,10.4514,10.4341,10.5022,10.5702,10.6383,10.7063,10.7743,10.8423,10.9103,10.9783,11.0463,11.0816,11.0987,11.1158,11.1329,11.15,11.1671,11.1843,11.2014,11.2186,11.2332,11.2358,11.2383,11.2409,11.2434,11.2458,11.2482,11.2505,11.2528,11.2549,11.2355,11.2072,11.1789,11.1505,11.1221,11.0936,11.0651,11.0365,11.0079,10.9862,10.9864,10.9866,10.9866,10.9865,10.9863,10.9859,10.9855,10.9849,10.9841,10.9902,10.9981,11.0057,11.013,11.0201,11.027,11.0335,11.0398,11.0458,11.0085,10.8747,10.7408,10.6067,10.4725,10.3381,10.2035,10.0688,9.9339,9.7989,9.7088,9.6272,9.5455,9.4639,9.3821,9.3003,9.2185,9.1367,9.0548,8.9766,8.9049,8.8334,8.7622,8.6912,8.6205,8.55,8.4798,8.4098,8.3401,8.3524,8.3737,8.395,8.4162,8.4374,8.4585,8.4795,8.5005,8.5214,8.478,8.3485,8.2189,8.0893,7.9596,7.8299,7.7001,7.5703,7.4404,7.3104,7.1115,6.9092,6.7068,6.5042,6.3016,6.0988,5.8959,5.693,5.4899,5.3375,5.2406,5.1438,5.0472,4.9507,4.8543,4.7581,4.6621,4.5661,4.4704,4.3983,4.3261,4.2538,4.1815,4.1092,4.0368,3.9644,3.8919
12.5463,12.4875,12.4289,12.3703,12.3118,12.2534,12.1951,12.1368,12.0786,12.0006,11.9048,11.8088,11.7129,11.6169,11.5209,11.4248,11.3287,11.2326,11.1389,11.0864,11.0337,10.9808,10.9277,10.8745,10.8212,10.7677,10.714,10.6602,10.6254,10.6041,10.5827,10.5612,10.5396,10.5179,10.4961,10.4742,10.4523,10.4409,10.5108,10.5808,10.6507,10.7207,10.7906,10.8605,10.9304,11.0003,11.0702,11.107,11.1257,11.1444,11.1631,11.1818,11.2005,11.2193,11.238,11.2567,11.2708,11.2625,11.2542,11.2458,11.2374,11.229,11.2205,11.212,11.2034,11.1946,11.1704,11.1396,11.1089,11.0781,11.0472,11.0163,10.9853,10.9543,10.9232,10.8983,10.8937,10.8891,10.8843,10.8794,10.8744,10.8692,10.8639,10.8585,10.853,10.8512,10.8503,10.8492,10.8479,10.8463,10.8444,10.8422,10.8398,10.8371,10.7948,10.6584,10.5219,10.3852,10.2483,10.1113,9.9742,9.8369,9.6994,9.5618,9.4711,9.3905,9.3098,9.2291,9.1483,9.0675,8.9866,8.9057,8.8248,8.7496,8.6852,8.621,8.5571,8.4934,8.4299,8.3667,8.3038,8.2411,8.1787,8.1896,8.2108,8.232,8.253,8.2741,8.295,8.3159,8.3367,8.3575,8.318,8.1884,8.0589,7.9292,7.7995,7.6698,7.54,7.4101,7.2802,7.1502,6.9527,6.7495,6.5463,6.3429,6.1395,5.9359,5.7322,5.5284,5.3245,5.1694,5.0754,4.9815,4.8877,4.794,4.7005,4.6071,4.5139,4.4209,4.3279,4.2551,4.1829,4.1107,4.0384,3.9661,3.8937,3.8213,3.7489
12.4665,12.4043,12.3422,12.2802,12.2183,12.1564,12.0947,12.033,11.9714,11.8912,11.7953,11.6993,11.6033,11.5072,11.4111,11.315,11.2189,11.1227,11.0298,10.9838,10.9376,10.8912,10.8447,10.798,10.7511,10.7041,10.6569,10.6096,10.5811,10.5654,10.5497,10.5339,10.5179,10.5019,10.4858,10.4696,10.4533,10.4476,10.5195,10.5913,10.6632,10.735,10.8068,10.8786,10.9504,11.0222,11.094,11.1325,11.1527,11.173,11.1933,11.2136,11.2339,11.2542,11.2746,11.2949,11.3084,11.2892,11.27,11.2508,11.2316,11.2123,11.1929,11.1735,11.154,11.1344,11.1053,11.0721,11.0389,11.0056,10.9723,10.9389,10.9055,10.872,10.8385,10.8105,10.8011,10.7916,10.782,10.7723,10.7625,10.7526,10.7425,10.7323,10.722,10.7124,10.7028,10.693,10.6829,10.6726,10.662,10.6512,10.64,10.6286,10.5811,10.4421,10.303,10.1637,10.0243,9.8847,9.7449,9.605,9.465,9.3247,9.2334,9.1537,9.074,8.9942,8.9144,8.8346,8.7547,8.6748,8.5948,8.5223,8.4652,8.4083,8.3517,8.2952,8.239,8.1831,8.1274,8.072,8.0169,8.0269,8.0479,8.0689,8.0899,8.1107,8.1316,8.1523,8.173,8.1936,8.1579,8.0284,7.8988,7.7691,7.6394,7.5097,7.3798,7.25,7.12,6.99,6.7939,6.5899,6.3859,6.1817,5.9774,5.773,5.5685,5.3639,5.1591,5.0012,4.91,4.8189,4.728,4.6372,4.5465,4.456,4.3656,4.2754,4.1853,4.1119,4.0398,3.9676,3.8953,3.823,3.7506,3.6782,3.6058
12.3866,12.321,12.2554,12.19,12.1246,12.0594,11.9942,11.9291,11.864,11.7818,11.6858,11.5897,11.4937,11.3975,11.3014,11.2052,11.109,11.0128,10.921,10.8814,10.8417,10.8018,10.7618,10.7215,10.6812,10.6406,10.5999,10.5591,10.5369,10.5269,10.5168,10.5066,10.4964,10.486,10.4756,10.465,10.4544,10.4544,10.5282,10.6019,10.6757,10.7494,10.8231,10.8968,10.9705,11.0442,11.1179,11.1579,11.1798,11.2016,11.2235,11.2454,11.2673,11.2892,11.3111,11.3331,11.346,11.3159,11.2859,11.2559,11.2258,11.1956,11.1654,11.1351,11.1048,11.0743,11.0403,11.0046,10.969,10.9332,10.8975,10.8617,10.8258,10.7898,10.7539,10.7227,10.7085,10.6942,10.6799,10.6654,10.6508,10.636,10.6212,10.6062,10.591,10.5737,10.5554,10.5369,10.5182,10.4991,10.4799,10.4603,10.4405,10.4203,10.3675,10.2259,10.0842,9.9423,9.8003,9.6581,9.5158,9.3733,9.2306,9.0878,8.9956,8.9169,8.8382,8.7594,8.6806,8.6017,8.5228,8.4438,8.3648,8.2948,8.2449,8.1953,8.1459,8.0968,8.0479,7.9992,7.9508,7.9027,7.8548,7.8641,7.885,7.9059,7.9267,7.9474,7.9681,7.9887,8.0093,8.0298,7.9979,7.8683,7.7387,7.6091,7.4793,7.3495,7.2197,7.0898,6.9598,6.8298,6.6352,6.4304,6.2255,6.0205,5.8154,5.6101,5.4048,5.1994,4.9938,4.8327,4.7444,4.6561,4.5681,4.4801,4.3923,4.3046,4.2171,4.1297,4.0425,3.9688,3.8966,3.8244,3.7522,3.6799,3.6076,3.5352,3.4627
12.3066,12.2375,12.1686,12.0997,12.0309,11.9622,11.8936,11.825,11.7565,11.6723,11.5763,11.4802,11.384,11.2879,11.1917,11.0954,10.9991,10.9028,10.8123,10.7792,10.746,10.7126,10.679,10.6452,10.6113,10.5773,10.5431,10.5087,10.4928,10.4884,10.484,10.4795,10.4749,10.4702,10.4654,10.4605,10.4556,10.4612,10.5369,10.6125,10.6882,10.7638,10.8394,10.915,10.9906,11.0662,11.1417,11.1833,11.2068,11.2303,11.2537,11.2772,11.3007,11.3242,11.3477,11.3712,11.3836,11.3427,11.3018,11.2609,11.22,11.179,11.1379,11.0968,11.0556,11.0143,10.9752,10.9371,10.899,10.8609,10.8227,10.7844,10.7461,10.7077,10.6693,10.635,10.616,10.5969,10.5778,10.5585,10.5391,10.5196,10.4999,10.4801,10.4602,10.4352,10.4083,10.3811,10.3536,10.3259,10.2979,10.2697,10.2411,10.2123,10.154,10.0098,9.8655,9.721,9.5764,9.4316,9.2867,9.1416,8.9963,8.8509,8.7578,8.6801,8.6023,8.5245,8.4466,8.3687,8.2908,8.2128,8.1347,8.0669,8.0243,7.982,7.9399,7.898,7.8563,7.8149,7.7738,7.7329,7.6923,7.7014,7.7221,7.7429,7.7635,7.7841,7.8047,7.8251,7.8455,7.8659,7.8379,7.7083,7.5787,7.449,7.3192,7.1894,7.0596,6.9296,6.7997,6.6696,6.4765,6.2709,6.0652,5.8593,5.6534,5.4474,5.2412,5.0349,4.8286,4.6641,4.5786,4.4932,4.408,4.3228,4.2379,4.153,4.0683,3.9838,3.8994,3.8256,3.7535,3.6813,3.6091,3.5368,3.4645,3.3921,3.3197
12.2264,12.1539,12.0815,12.0092,11.937,11.8649,11.7929,11.7209,11.649,11.5629,11.4668,11.3706,11.2744,11.1782,11.0819,10.9856,10.8893,10.7929,10.7037,10.6771,10.6504,10.6235,10.5963,10.5691,10.5417,10.5141,10.4863,10.4585,10.4487,10.4501,10.4513,10.4525,10.4535,10.4545,10.4553,10.4561,10.4568,10.468,10.5456,10.6231,10.7007,10.7782,10.8557,10.9332,11.0107,11.0882,11.1656,11.2088,11.2338,11.2589,11.284,11.309,11.3341,11.3592,11.3843,11.4094,11.4212,11.3695,11.3178,11.266,11.2143,11.1624,11.1105,11.0585,11.0065,10.9543,10.9102,10.8697,10.8291,10.7885,10.7479,10.7072,10.6664,10.6256,10.5847,10.5473,10.5236,10.4997,10.4758,10.4517,10.4275,10.4032,10.3787,10.3542,10.3295,10.2969,10.2613,10.2254,10.1892,10.1528,10.1162,10.0792,10.042,10.0045,9.9405,9.7937,9.6468,9.4998,9.3526,9.2052,9.0577,8.91,8.7621,8.6141,8.52,8.4433,8.3664,8.2896,8.2127,8.1357,8.0587,7.9817,7.9046,7.8388,7.8035,7.7684,7.7335,7.6989,7.6645,7.6304,7.5965,7.5629,7.5296,7.5386,7.5593,7.5798,7.6004,7.6208,7.6412,7.6616,7.6818,7.702,7.6779,7.5483,7.4186,7.2889,7.1591,7.0293,6.8994,6.7695,6.6395,6.5095,6.3179,6.1114,5.9049,5.6982,5.4915,5.2846,5.0776,4.8706,4.6634,4.4953,4.4126,4.3301,4.2477,4.1654,4.0832,4.0013,3.9194,3.8377,3.7562,3.6824,3.6103,3.5381,3.4659,3.3937,3.3214,3.249,3.1766
12.1461,12.0702,11.9944,11.9187,11.843,11.7675,11.692,11.6166,11.5413,11.4534,11.3573,11.261,11.1648,11.0685,10.9722,10.8758,10.7794,10.683,10.5953,10.5752,10.5549,10.5345,10.5138,10.493,10.4721,10.451,10.4297,10.4083,10.4048,10.4118,10.4187,10.4255,10.4322,10.4388,10.4453,10.4518,10.4581,10.4749,10.5543,10.6338,10.7132,10.7926,10.872,10.9514,11.0308,11.1102,11.1895,11.2343,11.2609,11.2875,11.3142,11.3408,11.3675,11.3941,11.4208,11.4475,11.4589,11.3964,11.3338,11.2712,11.2086,11.1459,11.0832,11.0203,10.9574,10.8945,10.8452,10.8023,10.7593,10.7162,10.6731,10.6299,10.5867,10.5435,10.5001,10.4598,10.4312,10.4026,10.3738,10.345,10.316,10.2869,10.2577,10.2283,10.1988,10.1588,10.1145,10.0699,10.0251,9.98,9.9347,9.889,9.8431,9.7969,9.7271,9.5778,9.4282,9.2786,9.1288,8.9788,8.8287,8.6785,8.528,8.3774,8.2822,8.2064,8.1305,8.0546,7.9787,7.9027,7.8266,7.7506,7.6745,7.6103,7.5823,7.5545,7.5269,7.4995,7.4724,7.4455,7.4189,7.3925,7.3664,7.3759,7.3964,7.4168,7.4372,7.4575,7.4778,7.498,7.5181,7.5382,7.5178,7.3882,7.2585,7.1288,6.999,6.8692,6.7393,6.6093,6.4793,6.3493,6.1593,5.952,5.7447,5.5372,5.3296,5.1219,4.9141,4.7062,4.4982,4.3263,4.2465,4.1668,4.0872,4.0077,3.9284,3.8493,3.7703,3.6914,3.6127,3.5392,3.4671,3.395,3.3228,3.2506,3.1783,3.1059,3.0336
12.0657,11.9864,11.9072,11.828,11.749,11.67,11.5911,11.5123,11.4335,11.344,11.2478,11.1515,11.0552,10.9588,10.8624,10.766,10.6695,10.573,10.4871,10.4734,10.4596,10.4456,10.4315,10.4171,10.4027,10.388,10.3732,10.3583,10.361,10.3736,10.3862,10.3986,10.411,10.4232,10.4354,10.4475,10.4595,10.4817,10.5631,10.6444,10.7257,10.807,10.8883,10.9696,11.0509,11.1322,11.2134,11.2597,11.2879,11.3162,11.3444,11.3726,11.4009,11.4291,11.4574,11.4857,11.4966,11.4232,11.3498,11.2764,11.2029,11.1294,11.0559,10.9822,10.9085,10.8347,10.7802,10.7348,10.6894,10.6439,10.5984,10.5528,10.5071,10.4614,10.4156,10.3722,10.3389,10.3055,10.272,10.2383,10.2046,10.1707,10.1367,10.1025,10.0683,10.0209,9.9679,9.9146,9.8611,9.8074,9.7533,9.699,9.6445,9.5896,9.5138,9.3618,9.2097,9.0575,8.9051,8.7526,8.5999,8.447,8.294,8.1408,8.0443,7.9694,7.8945,7.8196,7.7446,7.6696,7.5945,7.5194,7.4443,7.3816,7.3608,7.3402,7.3199,7.2998,7.2799,7.2603,7.2409,7.2218,7.203,7.2132,7.2335,7.2538,7.2741,7.2942,7.3144,7.3344,7.3544,7.3743,7.3578,7.2282,7.0985,6.9687,6.8389,6.7091,6.5792,6.4492,6.3192,6.1891,6.0007,5.7927,5.5845,5.3762,5.1678,4.9593,4.7507,4.542,4.3331,4.1571,4.0801,4.0032,3.9265,3.8499,3.7734,3.6971,3.6209,3.5449,3.469,3.3961,3.324,3.2519,3.1797,3.1075,3.0352,2.9629,2.8905
11.9852,11.9024,11.8198,11.7372,11.6547,11.5724,11.49,11.4078,11.3256,11.2346,11.1383,11.0419,10.9455,10.8491,10.7527,10.6562,10.5597,10.4631,10.379,10.3718,10.3645,10.3569,10.3492,10.3414,10.3334,10.3252,10.3169,10.3084,10.3173,10.3356,10.3537,10.3718,10.3898,10.4077,10.4255,10.4433,10.4609,10.4886,10.5719,10.6551,10.7383,10.8215,10.9047,10.9879,11.071,11.1542,11.2373,11.2852,11.315,11.3448,11.3746,11.4044,11.4343,11.4641,11.494,11.5238,11.5343,11.4501,11.3659,11.2816,11.1974,11.113,11.0286,10.9442,10.8596,10.775,10.7153,10.6674,10.6196,10.5716,10.5236,10.4756,10.4275,10.3794,10.3312,10.2848,10.2467,10.2085,10.1702,10.1318,10.0932,10.0546,10.0158,9.9769,9.9378,9.8832,9.8215,9.7596,9.6974,9.6349,9.5722,9.5093,9.446,9.3825,9.3005,9.146,8.9913,8.8365,8.6815,8.5264,8.3711,8.2157,8.0601,7.9043,7.8064,7.7325,7.6585,7.5846,7.5106,7.4365,7.3624,7.2882,7.214,7.1526,7.139,7.1257,7.1126,7.0998,7.0871,7.0748,7.0626,7.0508,7.0392,7.0504,7.0707,7.0908,7.1109,7.131,7.1509,7.1709,7.1907,7.2105,7.1978,7.0681,6.9384,6.8087,6.6788,6.549,6.419,6.289,6.159,6.0289,5.8422,5.6333,5.4243,5.2152,5.006,4.7967,4.5873,4.3777,4.1681,3.9877,3.9136,3.8395,3.7656,3.6919,3.6182,3.5447,3.4714,3.3982,3.3252,3.2529,3.1808,3.1087,3.0365,2.9643,2.8921,2.8198,2.7474
11.9045,11.8184,11.7323,11.6463,11.5604,11.4746,11.3889,11.3032,11.2176,11.1251,11.0287,10.9323,10.8359,10.7394,10.6429,10.5464,10.4498,10.3532,10.271,10.2703,10.2694,10.2684,10.2671,10.2657,10.2642,10.2625,10.2606,10.2586,10.2736,10.2976,10.3214,10.3451,10.3687,10.3923,10.4157,10.4391,10.4624,10.4955,10.5807,10.6658,10.7509,10.836,10.921,11.0061,11.0912,11.1762,11.2613,11.3107,11.3421,11.3735,11.4048,11.4363,11.4677,11.4991,11.5305,11.562,11.572,11.477,11.382,11.2869,11.1918,11.0967,11.0015,10.9062,10.8108,10.7154,10.6504,10.6001,10.5498,10.4994,10.449,10.3985,10.348,10.2974,10.2467,10.1974,10.1546,10.1116,10.0685,10.0253,9.982,9.9386,9.895,9.8513,9.8075,9.7456,9.6753,9.6047,9.5338,9.4627,9.3914,9.3197,9.2478,9.1756,9.0873,8.9302,8.773,8.6156,8.458,8.3003,8.1424,7.9844,7.8262,7.6679,7.5684,7.4955,7.4225,7.3495,7.2764,7.2033,7.1302,7.057,6.9838,6.9233,6.917,6.9109,6.905,6.8994,6.894,6.8889,6.884,6.8794,6.8751,6.8877,6.9078,6.9278,6.9478,6.9677,6.9875,7.0073,7.027,7.0467,7.0378,6.9081,6.7784,6.6486,6.5187,6.3888,6.2589,6.1289,5.9988,5.8687,5.6838,5.4741,5.2643,5.0543,4.8443,4.6342,4.4239,4.2136,4.0031,3.8182,3.7468,3.6756,3.6046,3.5336,3.4628,3.3922,3.3217,3.2513,3.1811,3.1097,3.0377,2.9656,2.8934,2.8212,2.749,2.6767,2.6044
11.8237,11.7342,11.6447,11.5553,11.466,11.3768,11.2876,11.1986,11.1096,11.0157,10.9192,10.8228,10.7263,10.6297,10.5332,10.4366,10.3399,10.2432,10.1632,10.169,10.1746,10.18,10.1852,10.1902,10.1951,10.1999,10.2045,10.209,10.2301,10.2597,10.2891,10.3185,10.3478,10.3769,10.406,10.435,10.464,10.5025,10.5895,10.6765,10.7635,10.8505,10.9374,11.0244,11.1113,11.1983,11.2852,11.3362,11.3691,11.4021,11.4351,11.4681,11.5011,11.5341,11.5671,11.6001,11.6098,11.5039,11.3981,11.2922,11.1863,11.0804,10.9743,10.8683,10.7621,10.6558,10.5854,10.5327,10.48,10.4272,10.3743,10.3214,10.2684,10.2154,10.1623,10.1101,10.0625,10.0148,9.9669,9.9189,9.8708,9.8226,9.7743,9.7258,9.6772,9.6082,9.5292,9.45,9.3705,9.2907,9.2107,9.1304,9.0498,8.9689,8.8742,8.7145,8.5547,8.3947,8.2345,8.0743,7.9138,7.7532,7.5924,7.4315,7.3304,7.2585,7.1865,7.1144,7.0423,6.9702,6.898,6.8257,6.7535,6.6937,6.6946,6.6958,6.6972,6.6988,6.7006,6.7027,6.7051,6.7077,6.7106,6.725,6.745,6.7648,6.7847,6.8044,6.8241,6.8438,6.8633,6.8829,6.8778,6.7481,6.6183,6.4885,6.3586,6.2287,6.0987,5.9687,5.8386,5.7085,5.5254,5.3149,5.1042,4.8935,4.6826,4.4717,4.2606,4.0494,3.8382,3.6484,3.5799,3.5116,3.4433,3.3752,3.3072,3.2394,3.1717,3.1042,3.0368,2.9665,2.8945,2.8224,2.7503,2.6781,2.6059,2.5336,2.4613
11.7428,11.6499,11.557,11.4642,11.3714,11.2788,11.1862,11.0938,11.0014,10.9062,10.8097,10.7132,10.6166,10.52,10.4234,10.3267,10.23,10.1333,10.0556,10.0678,10.0798,10.0917,10.1034,10.1149,10.1262,10.1374,10.1485,10.1594,10.1867,10.2219,10.257,10.292,10.3269,10.3617,10.3964,10.431,10.4656,10.5094,10.5983,10.6872,10.7761,10.865,10.9538,11.0426,11.1315,11.2203,11.3091,11.3616,11.3962,11.4308,11.4653,11.4999,11.5345,11.5691,11.6036,11.6383,11.6475,11.5309,11.4143,11.2976,11.1809,11.0641,10.9473,10.8304,10.7134,10.5964,10.5206,10.4654,10.4102,10.355,10.2997,10.2443,10.1889,10.1335,10.078,10.0229,9.9705,9.918,9.8654,9.8126,9.7598,9.7068,9.6537,9.6004,9.5471,9.4711,9.3834,9.2955,9.2073,9.1189,9.0302,8.9413,8.852,8.7625,8.6612,8.4989,8.3365,8.1739,8.0112,7.8483,7.6853,7.5221,7.3588,7.1952,7.0924,7.0214,6.9504,6.8793,6.8081,6.7369,6.6657,6.5944,6.5231,6.4638,6.472,6.4804,6.489,6.4978,6.5069,6.5163,6.5259,6.5357,6.5458,6.5623,6.5821,6.6019,6.6215,6.6412,6.6607,6.6802,6.6997,6.719,6.7177,6.588,6.4582,6.3284,6.1985,6.0686,5.9386,5.8086,5.6785,5.5483,5.3671,5.1557,4.9443,4.7327,4.521,4.3092,4.0974,3.8854,3.6733,3.4785,3.4128,3.3473,3.2819,3.2166,3.1515,3.0868,3.0225,2.9583,2.8942,2.8257,2.7543,2.683,2.6117,2.5404,2.4691,2.3978,2.3266
11.6618,11.5654,11.4691,11.3729,11.2768,11.1807,11.0848,10.9889,10.893,10.7968,10.7002,10.6036,10.507,10.4103,10.3136,10.2169,10.1202,10.0234,9.9481,9.9668,9.9853,10.0035,10.0217,10.0396,10.0574,10.0751,10.0926,10.11,10.1433,10.1842,10.2249,10.2655,10.306,10.3465,10.3868,10.4271,10.4673,10.5164,10.6072,10.698,10.7887,10.8795,10.9702,11.0609,11.1517,11.2424,11.3331,11.3871,11.4233,11.4594,11.4956,11.5317,11.5679,11.604,11.6402,11.6764,11.6853,11.5579,11.4304,11.303,11.1755,11.0479,10.9203,10.7926,10.6649,10.537,10.4557,10.3981,10.3405,10.2828,10.2251,10.1673,10.1095,10.0516,9.9936,9.9358,9.8786,9.8213,9.7639,9.7064,9.6488,9.591,9.5331,9.4751,9.417,9.334,9.2377,9.1412,9.0444,8.9473,8.85,8.7524,8.6545,8.5563,8.4482,8.2833,8.1183,7.9532,7.7879,7.6224,7.4568,7.2911,7.1251,6.9591,6.8544,6.7843,6.7142,6.6441,6.5739,6.5037,6.4334,6.3631,6.2927,6.2336,6.249,6.2646,6.2805,6.2966,6.3129,6.3295,6.3463,6.3634,6.3808,6.3998,6.4195,6.4389,6.4581,6.4771,6.4959,6.5144,6.5327,6.5508,6.552,6.4217,6.2913,6.1609,6.0304,5.8998,5.7692,5.6385,5.5078,5.377,5.1987,4.989,4.7794,4.5701,4.3611,4.1522,3.9436,3.7352,3.5271,3.3316,3.2685,3.2053,3.1422,3.0792,3.0162,2.9532,2.8903,2.8274,2.7646,2.6974,2.6268,2.5562,2.4856,2.4151,2.3445,2.274,2.2035
11.5606,11.4688,11.3767,11.2843,11.1916,11.0987,11.0055,10.912,10.8182,10.7249,10.6317,10.5382,10.4444,10.3505,10.2563,10.1618,10.0672,9.9724,9.9009,9.9239,9.9468,9.9696,9.9923,10.0149,10.0374,10.0598,10.0821,10.1044,10.14,10.1818,10.2237,10.2657,10.3079,10.3501,10.3924,10.4348,10.4773,10.5283,10.6173,10.7065,10.7957,10.8851,10.9745,11.064,11.1536,11.2433,11.333,11.3861,11.4216,11.457,11.4925,11.5279,11.5633,11.5986,11.6339,11.6692,11.6758,11.5388,11.4018,11.2647,11.1275,10.9902,10.8528,10.7154,10.5778,10.4402,10.352,10.2893,10.2265,10.1635,10.1003,10.0369,9.9733,9.9095,9.8454,9.7812,9.7174,9.6533,9.5891,9.5246,9.46,9.3951,9.33,9.2647,9.1991,9.1094,9.0062,8.903,8.7996,8.6962,8.5927,8.4892,8.3855,8.2818,8.17,8.0053,7.8406,7.676,7.5115,7.347,7.1827,7.0184,6.8542,6.6901,6.5888,6.5257,6.4629,6.4003,6.3381,6.2762,6.2146,6.1534,6.0926,6.0411,6.0613,6.0816,6.1019,6.1224,6.1429,6.1635,6.1842,6.2049,6.2258,6.244,6.2602,6.2762,6.292,6.3075,6.3228,6.3379,6.3527,6.3674,6.3693,6.239,6.1087,5.9783,5.8478,5.7173,5.5867,5.4561,5.3254,5.1946,5.0212,4.816,4.611,4.4063,4.2017,3.9974,3.7933,3.5894,3.3858,3.19,3.1282,3.0664,3.0046,2.9429,2.8812,2.8196,2.758,2.6965,2.635,2.5691,2.4992,2.4294,2.3595,2.2897,2.2199,2.1501,2.0803
11.4509,11.3667,11.2822,11.1974,11.1123,11.0269,10.9413,10.8554,10.7692,10.6839,10.5987,10.5132,10.4275,10.3416,10.2555,10.1691,10.0826,9.9958,9.9332,9.9616,9.9898,10.018,10.046,10.074,10.1018,10.1296,10.1573,10.1849,10.2183,10.2543,10.2905,10.3267,10.3631,10.3995,10.4361,10.4727,10.5095,10.5538,10.631,10.7082,10.7856,10.8631,10.9407,11.0184,11.0961,11.1739,11.2518,11.2944,11.3203,11.3461,11.3719,11.3977,11.4235,11.4492,11.4749,11.5006,11.4986,11.3575,11.2162,11.0749,10.9335,10.7921,10.6505,10.5089,10.3672,10.2253,10.1287,10.0558,9.9828,9.9095,9.8361,9.7625,9.6887,9.6146,9.5403,9.4666,9.3972,9.3276,9.2578,9.1879,9.1177,9.0473,8.9767,8.9058,8.8348,8.7447,8.6435,8.5423,8.4409,8.3395,8.2381,8.1365,8.0349,7.9333,7.8248,7.6664,7.508,7.3497,7.1915,7.0334,6.8753,6.7174,6.5595,6.4018,6.3079,6.2558,6.204,6.1525,6.1013,6.0505,5.9999,5.9498,5.8999,5.8571,5.8806,5.904,5.9276,5.9512,5.975,5.9988,6.0227,6.0466,6.0707,6.0884,6.1011,6.1136,6.126,6.1381,6.1499,6.1615,6.1729,6.1841,6.1866,6.0564,5.9261,5.7957,5.6653,5.5348,5.4042,5.2736,5.1429,5.0122,4.8435,4.6428,4.4424,4.2421,4.0421,3.8423,3.6427,3.4434,3.2443,3.0484,2.9878,2.9274,2.8669,2.8065,2.7462,2.6859,2.6256,2.5654,2.5053,2.4407,2.3716,2.3024,2.2334,2.1643,2.0952,2.0261,1.9571
11.3415,11.2649,11.188,11.1108,11.0332,10.9554,10.8774,10.7991,10.7205,10.6431,10.5659,10.4885,10.4109,10.333,10.2549,10.1766,10.0981,10.0194,9.9657,9.9994,10.033,10.0665,10.0999,10.1332,10.1664,10.1995,10.2326,10.2656,10.2965,10.3268,10.3571,10.3876,10.4182,10.4489,10.4797,10.5106,10.5415,10.5792,10.6445,10.7099,10.7754,10.8411,10.9068,10.9726,11.0385,11.1045,11.1705,11.2027,11.2189,11.2351,11.2514,11.2676,11.2837,11.2999,11.316,11.332,11.3214,11.1761,11.0307,10.8852,10.7396,10.594,10.4483,10.3024,10.1565,10.0105,9.9055,9.8224,9.7391,9.6557,9.5721,9.4882,9.4042,9.3199,9.2354,9.152,9.0771,9.002,8.9267,8.8512,8.7755,8.6996,8.6234,8.5471,8.4705,8.3799,8.2807,8.1815,8.0822,7.9828,7.8834,7.7839,7.6843,7.5847,7.4794,7.3273,7.1753,7.0233,6.8714,6.7195,6.5678,6.4162,6.2646,6.1132,6.0267,5.9856,5.9448,5.9043,5.8642,5.8243,5.7848,5.7457,5.7069,5.6731,5.6997,5.7264,5.7531,5.78,5.8069,5.8339,5.861,5.8882,5.9154,5.9329,5.9422,5.9513,5.9601,5.9688,5.9772,5.9854,5.9933,6.001,6.0039,5.8737,5.7434,5.6131,5.4827,5.3522,5.2217,5.0912,4.9605,4.8298,4.6655,4.4694,4.2734,4.0777,3.8822,3.6869,3.4919,3.2971,3.1025,2.9082,2.8474,2.7883,2.7292,2.6701,2.6111,2.5521,2.4932,2.4343,2.3755,2.3122,2.2438,2.1755,2.1071,2.0388,1.9704,1.9021,1.8338
11.2324,11.1634,11.094,11.0244,10.9544,10.8842,10.8137,10.743,10.672,10.6025,10.5334,10.4641,10.3945,10.3246,10.2546,10.1843,10.1139,10.0432,9.9982,10.0373,10.0763,10.1151,10.1539,10.1925,10.2311,10.2696,10.308,10.3463,10.3746,10.3991,10.4237,10.4484,10.4733,10.4982,10.5232,10.5483,10.5735,10.6044,10.6579,10.7114,10.7651,10.8189,10.8728,10.9268,10.9809,11.0349,11.0891,11.1109,11.1175,11.1241,11.1308,11.1374,11.1439,11.1505,11.157,11.1634,11.1443,10.9948,10.8452,10.6955,10.5457,10.3959,10.246,10.096,9.9459,9.7957,9.6823,9.589,9.4956,9.4019,9.3081,9.214,9.1198,9.0253,8.9306,8.8376,8.7571,8.6765,8.5957,8.5147,8.4334,8.352,8.2703,8.1884,8.1063,8.015,7.9179,7.8207,7.7234,7.6261,7.5286,7.4312,7.3336,7.236,7.1339,6.9881,6.8423,6.6966,6.551,6.4055,6.2601,6.1147,5.9695,5.8244,5.745,5.715,5.6852,5.6558,5.6266,5.5978,5.5693,5.5411,5.5134,5.4889,5.5187,5.5486,5.5786,5.6086,5.6387,5.6689,5.6992,5.7296,5.76,5.7776,5.7834,5.7891,5.7945,5.7997,5.8046,5.8094,5.8139,5.8182,5.8212,5.6911,5.5608,5.4305,5.3001,5.1697,5.0392,4.9087,4.7781,4.6474,4.4873,4.2956,4.1042,3.913,3.722,3.5313,3.3407,3.1504,2.9604,2.7706,2.7069,2.6491,2.5913,2.5335,2.4758,2.4182,2.3606,2.303,2.2455,2.1837,2.1161,2.0485,1.9808,1.9132,1.8456,1.7781,1.7105
11.1236,11.0621,11.0003,10.9382,10.8759,10.8132,10.7503,10.6871,10.6237,10.5622,10.5011,10.4398,10.3783,10.3165,10.2545,10.1923,10.1298,10.0672,10.0309,10.0753,10.1197,10.1639,10.208,10.252,10.2959,10.3397,10.3835,10.4271,10.4526,10.4714,10.4902,10.5092,10.5283,10.5474,10.5667,10.586,10.6055,10.6295,10.6711,10.7129,10.7547,10.7967,10.8388,10.8809,10.9231,10.9654,11.0077,11.019,11.0161,11.0131,11.0102,11.0072,11.0042,11.0011,10.998,10.9949,10.9671,10.8134,10.6596,10.5058,10.3519,10.1979,10.0438,9.8896,9.7353,9.5809,9.4593,9.3558,9.2521,9.1483,9.0442,8.94,8.8355,8.7309,8.626,8.5232,8.4372,8.3511,8.2647,8.1782,8.0914,8.0045,7.9173,7.8299,7.7423,7.6501,7.555,7.4598,7.3646,7.2693,7.1739,7.0784,6.9828,6.8872,6.7881,6.6486,6.5092,6.3698,6.2305,6.0913,5.9522,5.8131,5.6742,5.5354,5.463,5.444,5.4252,5.4068,5.3886,5.3708,5.3533,5.3362,5.3194,5.3046,5.3376,5.3707,5.4038,5.4371,5.4704,5.5038,5.5372,5.5708,5.6045,5.6224,5.6248,5.627,5.629,5.6307,5.6323,5.6336,5.6346,5.6354,5.636,5.5084,5.3782,5.2479,5.1176,4.9872,4.8567,4.7262,4.5957,4.465,4.3087,4.1216,3.9347,3.748,3.5616,3.3753,3.1893,3.0035,2.818,2.6327,2.5663,2.5098,2.4533,2.3969,2.3405,2.2842,2.2279,2.1717,2.1155,2.0552,1.9883,1.9214,1.8545,1.7876,1.7208,1.6539,1.5871
11.015,10.9611,10.9069,10.8523,10.7975,10.7424,10.6871,10.6315,10.5756,10.5221,10.4691,10.4158,10.3623,10.3085,10.2546,10.2004,10.146,10.0914,10.0638,10.1135,10.1632,10.2127,10.2622,10.3115,10.3608,10.41,10.4591,10.5081,10.5305,10.5435,10.5566,10.5698,10.5831,10.5966,10.6101,10.6237,10.6374,10.6545,10.6843,10.7142,10.7442,10.7744,10.8046,10.8349,10.8653,10.8957,10.9262,10.9272,10.9146,10.9021,10.8895,10.8769,10.8644,10.8517,10.839,10.8263,10.79,10.6321,10.4741,10.3161,10.158,9.9998,9.8416,9.6832,9.5247,9.3662,9.2363,9.1226,9.0088,8.8947,8.7805,8.6661,8.5514,8.4366,8.3215,8.2089,8.1174,8.0257,7.9339,7.8418,7.7496,7.6571,7.5644,7.4715,7.3783,7.2852,7.1921,7.0989,7.0057,6.9124,6.819,6.7256,6.632,6.5385,6.4422,6.309,6.1759,6.0428,5.9098,5.7769,5.6441,5.5113,5.3787,5.2461,5.1806,5.1726,5.1648,5.1574,5.1503,5.1435,5.137,5.1308,5.125,5.1201,5.1563,5.1926,5.229,5.2654,5.3019,5.3385,5.3752,5.4119,5.4488,5.4674,5.4664,5.4651,5.4637,5.462,5.46,5.4579,5.4555,5.4529,5.4501,5.3257,5.1956,5.0653,4.935,4.8047,4.6742,4.5438,4.4132,4.2826,4.1299,3.9473,3.7649,3.5828,3.4008,3.2191,3.0376,2.8563,2.6753,2.4945,2.4256,2.3704,2.3153,2.2602,2.2051,2.1501,2.0952,2.0403,1.9854,1.9266,1.8604,1.7943,1.7281,1.662,1.5959,1.5298,1.4637
10.9067,10.8604,10.8137,10.7667,10.7195,10.6719,10.6241,10.5761,10.5278,10.4823,10.4372,10.392,10.3465,10.3008,10.2549,10.2087,10.1624,10.1158,10.0967,10.1518,10.2068,10.2617,10.3165,10.3712,10.4258,10.4803,10.5347,10.5891,10.6084,10.6156,10.6229,10.6304,10.638,10.6456,10.6534,10.6612,10.6692,10.6793,10.6973,10.7154,10.7336,10.7519,10.7703,10.7888,10.8074,10.826,10.8446,10.8352,10.8131,10.791,10.7689,10.7467,10.7245,10.7023,10.6801,10.6578,10.6128,10.4508,10.2887,10.1265,9.9642,9.8018,9.6394,9.4768,9.3142,9.1515,9.0134,8.8896,8.7655,8.6413,8.5169,8.3923,8.2674,8.1424,8.0171,7.8946,7.7977,7.7005,7.6031,7.5055,7.4078,7.3098,7.2116,7.1131,7.0145,6.9202,6.8291,6.738,6.6468,6.5555,6.4641,6.3727,6.2812,6.1896,6.0962,5.9693,5.8424,5.7156,5.5889,5.4623,5.3358,5.2093,5.083,4.9567,4.8979,4.9008,4.9041,4.9076,4.9115,4.9157,4.9202,4.925,4.9302,4.9358,4.975,5.0144,5.054,5.0936,5.1333,5.1731,5.2129,5.2529,5.2929,5.3126,5.3081,5.3034,5.2985,5.2934,5.288,5.2824,5.2766,5.2706,5.2643,5.1431,5.0129,4.8827,4.7525,4.6221,4.4917,4.3613,4.2308,4.1002,3.9509,3.7728,3.5949,3.4172,3.2398,3.0626,2.8856,2.7088,2.5323,2.356,2.2848,2.2309,2.1771,2.1234,2.0696,2.016,1.9623,1.9088,1.8552,1.7979,1.7325,1.6671,1.6017,1.5363,1.4709,1.4055,1.3402
10.7987,10.7599,10.7208,10.6814,10.6417,10.6017,10.5614,10.5209,10.4802,10.4426,10.4057,10.3684,10.331,10.2933,10.2554,10.2173,10.1789,10.1404,10.1298,10.1902,10.2506,10.3108,10.3709,10.4309,10.4909,10.5507,10.6105,10.6702,10.6861,10.6876,10.6891,10.6909,10.6927,10.6946,10.6966,10.6987,10.7009,10.704,10.7102,10.7165,10.7229,10.7294,10.736,10.7426,10.7494,10.7562,10.763,10.7433,10.7116,10.6799,10.6482,10.6165,10.5847,10.5529,10.5211,10.4892,10.4357,10.2695,10.1032,9.9368,9.7704,9.6038,9.4372,9.2705,9.1037,8.9368,8.7906,8.6566,8.5224,8.3879,8.2534,8.1186,7.9835,7.8483,7.7129,7.5805,7.478,7.3753,7.2724,7.1694,7.0661,6.9626,6.8589,6.7549,6.6508,6.5552,6.4661,6.377,6.2878,6.1985,6.1092,6.0198,5.9303,5.8407,5.7499,5.6293,5.5088,5.3883,5.2678,5.1475,5.0273,4.9071,4.787,4.6671,4.6147,4.6287,4.6429,4.6575,4.6723,4.6875,4.703,4.7188,4.735,4.7516,4.7935,4.8361,4.8788,4.9217,4.9645,5.0075,5.0506,5.0937,5.1369,5.1579,5.15,5.1418,5.1335,5.1249,5.1161,5.1071,5.0979,5.0884,5.0787,4.9604,4.8303,4.7001,4.5699,4.4396,4.3092,4.1788,4.0484,3.9178,3.7715,3.598,3.4246,3.2514,3.0785,2.9058,2.7333,2.5611,2.389,2.2173,2.1439,2.0914,2.0389,1.9864,1.934,1.8817,1.8294,1.7771,1.7249,1.6692,1.6045,1.5398,1.4752,1.4105,1.3459,1.2812,1.2166
10.691,10.6597,10.6281,10.5962,10.5641,10.5317,10.499,10.466,10.4328,10.4033,10.3743,10.3451,10.3157,10.286,10.2561,10.226,10.1957,10.1652,10.163,10.2288,10.2944,10.36,10.4254,10.4908,10.5561,10.6213,10.6864,10.7514,10.7637,10.7594,10.7553,10.7512,10.7473,10.7435,10.7398,10.7361,10.7326,10.7286,10.7229,10.7174,10.712,10.7067,10.7015,10.6964,10.6913,10.6863,10.6814,10.6513,10.61,10.5687,10.5275,10.4862,10.4449,10.4035,10.3621,10.3207,10.2586,10.0882,9.9177,9.7472,9.5766,9.4059,9.2351,9.0642,8.8932,8.7221,8.5679,8.4237,8.2793,8.1347,7.9899,7.845,7.6998,7.5544,7.4088,7.2664,7.1584,7.0502,6.9419,6.8333,6.7245,6.6155,6.5063,6.3968,6.2871,6.1901,6.1031,6.016,5.9288,5.8415,5.7542,5.6668,5.5793,5.4918,5.4035,5.2892,5.1749,5.0607,4.9466,4.8325,4.7185,4.6047,4.4909,4.3772,4.3312,4.3562,4.3814,4.4069,4.4327,4.4589,4.4854,4.5122,4.5394,4.5669,4.6118,4.6577,4.7036,4.7496,4.7957,4.8418,4.888,4.9344,4.9808,5.0034,4.992,4.9805,4.9687,4.9567,4.9444,4.932,4.9193,4.9064,4.8932,4.7777,4.6477,4.5175,4.3873,4.2571,4.1267,3.9964,3.8659,3.7354,3.5919,3.4229,3.254,3.0854,2.9169,2.7487,2.5807,2.413,2.2455,2.0782,2.0029,1.9517,1.9006,1.8494,1.7984,1.7473,1.6964,1.6454,1.5945,1.5404,1.4765,1.4125,1.3486,1.2847,1.2208,1.1569,1.093
10.5835,10.5597,10.5357,10.5114,10.4868,10.4619,10.4367,10.4113,10.3857,10.3641,10.3432,10.322,10.3006,10.2789,10.257,10.2349,10.2127,10.1902,10.1963,10.2674,10.3384,10.4093,10.4801,10.5508,10.6214,10.6919,10.7624,10.8327,10.8412,10.8312,10.8213,10.8115,10.8019,10.7923,10.7829,10.7735,10.7642,10.753,10.7356,10.7183,10.7011,10.684,10.667,10.6501,10.6332,10.6164,10.5997,10.5592,10.5084,10.4576,10.4067,10.3559,10.305,10.2541,10.2032,10.1522,10.0814,9.9069,9.7323,9.5575,9.3828,9.2079,9.0329,8.8579,8.6828,8.5075,8.3453,8.1909,8.0363,7.8816,7.7267,7.5715,7.4162,7.2606,7.1048,6.9524,6.8389,6.7252,6.6114,6.4973,6.383,6.2685,6.1538,6.0388,5.9236,5.825,5.74,5.6549,5.5697,5.4844,5.3991,5.3137,5.2283,5.1428,5.0569,4.9489,4.8409,4.733,4.6251,4.5173,4.4097,4.3021,4.1946,4.0872,4.0474,4.0833,4.1195,4.156,4.1928,4.2299,4.2673,4.3051,4.3433,4.3818,4.4301,4.4791,4.5282,4.5774,4.6266,4.676,4.7254,4.7749,4.8245,4.849,4.8342,4.8192,4.804,4.7886,4.7729,4.757,4.7409,4.7246,4.708,4.5951,4.465,4.3349,4.2047,4.0745,3.9442,3.8139,3.6835,3.553,3.4121,3.2475,3.0831,2.919,2.7551,2.5914,2.4279,2.2646,2.1016,1.9388,1.8619,1.812,1.7621,1.7124,1.6626,1.6129,1.5632,1.5136,1.4641,1.4116,1.3484,1.2852,1.222,1.1588,1.0956,1.0325,0.9693
10.4763,10.4601,10.4436,10.4268,10.4097,10.3924,10.3747,10.3569,10.3387,10.3253,10.3123,10.2991,10.2857,10.2721,10.2582,10.2441,10.2298,10.2153,10.2298,10.3062,10.3825,10.4587,10.5349,10.6109,10.6868,10.7627,10.8385,10.9142,10.9186,10.9029,10.8873,10.8718,10.8564,10.8411,10.8259,10.8107,10.7957,10.7773,10.7481,10.719,10.69,10.6611,10.6324,10.6036,10.575,10.5464,10.5179,10.4671,10.4067,10.3464,10.286,10.2256,10.1652,10.1047,10.0442,9.9837,9.9043,9.7256,9.5468,9.3679,9.189,9.01,8.8308,8.6516,8.4723,8.2929,8.1228,7.9582,7.7935,7.6286,7.4635,7.2982,7.1327,6.9669,6.801,6.6385,6.5195,6.4003,6.2809,6.1614,6.0416,5.9216,5.8014,5.6809,5.5603,5.4598,5.3768,5.2937,5.2106,5.1273,5.044,4.9607,4.8772,4.7937,4.7101,4.6084,4.5067,4.405,4.3035,4.202,4.1006,3.9992,3.898,3.7969,3.7631,3.81,3.8572,3.9046,3.9524,4.0005,4.0489,4.0976,4.1467,4.1962,4.2482,4.3004,4.3527,4.405,4.4575,4.51,4.5626,4.6153,4.6681,4.6948,4.6766,4.6582,4.6395,4.6207,4.6016,4.5823,4.5627,4.5429,4.5229,4.4124,4.2824,4.1523,4.0222,3.892,3.7617,3.6314,3.501,3.3706,3.2319,3.0719,2.912,2.7524,2.5929,2.4337,2.2747,2.116,1.9575,1.7992,1.7207,1.6722,1.6236,1.5752,1.5267,1.4784,1.43,1.3817,1.3335,1.2828,1.2203,1.1578,1.0953,1.0329,0.9704,0.908,0.8456
10.3693,10.3607,10.3517,10.3424,10.3329,10.3231,10.313,10.3026,10.2921,10.2866,10.2817,10.2765,10.2711,10.2654,10.2595,10.2535,10.2472,10.2407,10.2633,10.3451,10.4268,10.5083,10.5897,10.6711,10.7524,10.8335,10.9146,10.9957,10.9959,10.9745,10.9531,10.9319,10.9108,10.8897,10.8688,10.8479,10.8272,10.8015,10.7605,10.7196,10.6789,10.6382,10.5976,10.5571,10.5167,10.4764,10.436,10.375,10.3051,10.2351,10.1652,10.0953,10.0253,9.9553,9.8853,9.8151,9.7272,9.5443,9.3614,9.1784,8.9952,8.8121,8.6288,8.4454,8.2619,8.0784,7.9003,7.7256,7.5507,7.3756,7.2004,7.0249,6.8493,6.6734,6.4973,6.3247,6.2002,6.0755,5.9506,5.8256,5.7003,5.5748,5.4491,5.3231,5.197,5.0946,5.0136,4.9326,4.8514,4.7702,4.6889,4.6075,4.5261,4.4446,4.363,4.2678,4.1723,4.0769,3.9816,3.8864,3.7913,3.6962,3.6013,3.5064,3.4785,3.5363,3.5945,3.6529,3.7116,3.7706,3.83,3.8897,3.9498,4.0102,4.0661,4.1215,4.177,4.2325,4.2882,4.3439,4.3997,4.4555,4.5115,4.5408,4.5191,4.4973,4.4752,4.4529,4.4304,4.4076,4.3847,4.3615,4.338,4.2297,4.0997,3.9697,3.8396,3.7094,3.5792,3.4489,3.3186,3.1882,3.0515,2.896,2.7406,2.5854,2.4305,2.2758,2.1213,1.9671,1.813,1.6593,1.5795,1.5322,1.4851,1.4379,1.3908,1.3437,1.2967,1.2497,1.2028,1.1538,1.0921,1.0304,0.9686,0.9069,0.8452,0.7835,0.7218
10.2626,10.2615,10.2601,10.2583,10.2563,10.254,10.2515,10.2487,10.2456,10.2482,10.2512,10.2541,10.2566,10.259,10.2611,10.263,10.2648,10.2663,10.2971,10.3841,10.4711,10.558,10.6447,10.7314,10.818,10.9045,10.9909,11.0772,11.0732,11.046,11.0189,10.9919,10.9651,10.9383,10.9117,10.8851,10.8586,10.8256,10.7728,10.7201,10.6676,10.6152,10.5628,10.5106,10.4584,10.4062,10.3541,10.2828,10.2033,10.1239,10.0444,9.9649,9.8854,9.8059,9.7263,9.6467,9.5501,9.3631,9.176,8.9888,8.8015,8.6142,8.4267,8.2392,8.0516,7.8639,7.6779,7.4931,7.308,7.1228,6.9374,6.7518,6.566,6.38,6.1937,6.0109,5.8809,5.7508,5.6204,5.4898,5.3591,5.2281,5.0969,4.9655,4.8338,4.7294,4.6504,4.5713,4.4922,4.413,4.3337,4.2543,4.1749,4.0954,4.0159,3.9269,3.8378,3.7487,3.6596,3.5707,3.4818,3.393,3.3043,3.2157,3.1935,3.2623,3.3314,3.4008,3.4704,3.5404,3.6107,3.6814,3.7524,3.8238,3.884,3.9426,4.0012,4.0599,4.1187,4.1776,4.2366,4.2956,4.3548,4.3869,4.3618,4.3365,4.311,4.2853,4.2594,4.2332,4.2068,4.1802,4.1533,4.047,3.9171,3.7871,3.657,3.5269,3.3967,3.2665,3.1362,3.0058,2.8709,2.7198,2.5689,2.4183,2.2678,2.1176,1.9676,1.8178,1.6683,1.519,1.4382,1.3923,1.3472,1.3048,1.2624,1.22,1.1776,1.1352,1.0928,1.0487,0.9908,0.9329,0.875,0.817,0.759,0.701,0.6429
10.1562,10.1626,10.1687,10.1745,10.18,10.1852,10.1902,10.1949,10.1994,10.21,10.2211,10.2319,10.2424,10.2528,10.2629,10.2728,10.2825,10.2921,10.3309,10.4233,10.5156,10.6078,10.6998,10.7918,10.8837,10.9755,11.0673,11.1589,11.1503,11.1174,11.0846,11.0519,11.0193,10.9868,10.9544,10.9221,10.8899,10.8495,10.785,10.7205,10.6562,10.592,10.5279,10.4639,10.3999,10.336,10.2722,10.1906,10.1016,10.0126,9.9236,9.8346,9.7456,9.6565,9.5674,9.4782,9.373,9.1818,8.9906,8.7992,8.6078,8.4163,8.2247,8.033,7.8412,7.6494,7.4556,7.2606,7.0655,6.8701,6.6746,6.4789,6.2829,6.0867,5.8903,5.6972,5.5618,5.4261,5.2903,5.1542,5.018,4.8815,4.7448,4.6079,4.4708,4.3641,4.2871,4.2101,4.1329,4.0557,3.9785,3.9011,3.8237,3.7462,3.6687,3.5859,3.503,3.4202,3.3374,3.2547,3.1721,3.0896,3.0072,2.9248,2.9082,2.9879,3.0679,3.1482,3.2289,3.3098,3.3911,3.4727,3.5546,3.6369,3.7017,3.7634,3.8253,3.8872,3.9508,4.0148,4.0785,4.142,4.2052,4.2413,4.2143,4.187,4.1595,4.1318,4.1039,4.0758,4.0474,4.0188,3.99,3.8868,3.7579,3.629,3.4999,3.3708,3.2415,3.1121,2.9826,2.8529,2.721,2.5799,2.4395,2.2996,2.1603,2.0217,1.8837,1.7464,1.6097,1.4737,1.3968,1.3545,1.3122,1.2698,1.2275,1.1852,1.1428,1.1005,1.0581,1.0147,0.9565,0.8984,0.8402,0.782,0.7237,0.6654,0.6071
10.1206,10.1296,10.1385,10.1473,10.1559,10.1645,10.1729,10.1813,10.1895,10.2022,10.2152,10.2283,10.2413,10.2544,10.2675,10.2806,10.2937,10.3068,10.3487,10.4402,10.5319,10.6238,10.7158,10.808,10.9003,10.9927,11.0853,11.1779,11.1643,11.1264,11.0885,11.0508,11.0131,10.9754,10.9379,10.9004,10.8629,10.8161,10.7427,10.6693,10.5959,10.5225,10.4491,10.3757,10.3023,10.2289,10.1554,10.065,9.9676,9.8702,9.7727,9.6752,9.5776,9.4799,9.3821,9.2843,9.171,8.9741,8.7771,8.5799,8.3827,8.1853,7.9877,7.79,7.5922,7.3941,7.194,6.9924,6.7907,6.5889,6.387,6.1851,5.983,5.7808,5.5786,5.3794,5.2416,5.1036,4.9656,4.8274,4.6893,4.551,4.4127,4.2743,4.1359,4.0317,3.9624,3.8932,3.8242,3.7553,3.6867,3.6182,3.55,3.482,3.4143,3.3442,3.2742,3.2046,3.1353,3.0663,2.9978,2.9296,2.8617,2.7943,2.7874,2.8751,2.9629,3.0507,3.1386,3.2266,3.3146,3.4027,3.4908,3.579,3.6439,3.704,3.7638,3.8234,3.8827,3.9419,4.0008,4.0595,4.1179,4.1515,4.1207,4.0897,4.0584,4.027,3.9953,3.9634,3.9312,3.8989,3.8662,3.7637,3.6336,3.5034,3.3731,3.2427,3.1121,2.9815,2.8507,2.7198,2.5889,2.4585,2.3286,2.1994,2.0707,1.9427,1.8154,1.6887,1.5626,1.4372,1.3616,1.3194,1.2771,1.2349,1.1926,1.1503,1.1081,1.0658,1.0235,0.9807,0.9223,0.8639,0.8054,0.7469,0.6884,0.6298,0.5712
10.1026,10.1148,10.127,10.1391,10.151,10.1628,10.1745,10.1862,10.1977,10.2103,10.223,10.2357,10.2485,10.2612,10.274,10.2868,10.2995,10.3123,10.3522,10.4366,10.5212,10.6059,10.6907,10.7757,10.8609,10.9461,11.0315,11.117,11.0953,11.0504,11.0056,10.9609,10.9163,10.8717,10.8272,10.7827,10.7383,10.6846,10.6051,10.5255,10.446,10.3665,10.287,10.2075,10.128,10.0484,9.9689,9.8719,9.7678,9.6636,9.5594,9.4551,9.3508,9.2464,9.1419,9.0373,8.9171,8.7114,8.5057,8.2998,8.0938,7.8876,7.6813,7.4749,7.2683,7.0615,6.8586,6.6584,6.458,6.2575,6.0569,5.8562,5.6555,5.4546,5.2537,5.0554,4.9197,4.784,4.6482,4.5123,4.3763,4.2403,4.1042,3.968,3.8318,3.7338,3.6762,3.6188,3.5616,3.5045,3.4477,3.391,3.3346,3.2784,3.2225,3.1656,3.109,3.0527,2.9967,2.9411,2.8858,2.831,2.7765,2.7224,2.722,2.8119,2.9019,2.9919,3.082,3.1721,3.2623,3.3526,3.4429,3.5333,3.5953,3.6505,3.7055,3.7603,3.8149,3.8692,3.9233,3.9771,4.0308,4.0619,4.0273,3.9925,3.9575,3.9223,3.8868,3.8511,3.8152,3.7791,3.7427,3.6406,3.5093,3.3779,3.2463,3.1146,2.9829,2.851,2.719,2.5868,2.4561,2.3363,2.2171,2.0985,1.9805,1.8631,1.7464,1.6303,1.5148,1.4,1.3264,1.2843,1.2421,1.1999,1.1577,1.1155,1.0733,1.0311,0.9889,0.9467,0.888,0.8294,0.7706,0.7119,0.6531,0.5943,0.5354
10.0846,10.1002,10.1156,10.131,10.1462,10.1613,10.1762,10.1911,10.2059,10.2184,10.2308,10.2432,10.2556,10.268,10.2805,10.2929,10.3054,10.3178,10.3556,10.4328,10.5102,10.5878,10.6655,10.7433,10.8213,10.8994,10.9777,11.056,11.0262,10.9743,10.9226,10.871,10.8194,10.7679,10.7164,10.665,10.6137,10.553,10.4674,10.3818,10.2961,10.2105,10.1249,10.0393,9.9536,9.868,9.7823,9.6787,9.5678,9.457,9.346,9.235,9.124,9.0129,8.9017,8.7904,8.6632,8.4488,8.2343,8.0197,7.8049,7.59,7.375,7.1598,6.9445,6.729,6.5233,6.3243,6.1252,5.9261,5.7268,5.5274,5.3279,5.1284,4.9287,4.7314,4.5979,4.4643,4.3307,4.197,4.0633,3.9294,3.7956,3.6616,3.5276,3.4355,3.3898,3.3442,3.2987,3.2535,3.2084,3.1635,3.1189,3.0745,3.0303,2.9867,2.9434,2.9004,2.8578,2.8155,2.7735,2.732,2.6908,2.65,2.6566,2.7487,2.8408,2.933,3.0253,3.1176,3.21,3.3024,3.3949,3.4875,3.5468,3.5972,3.6474,3.6974,3.7472,3.7967,3.846,3.895,3.9439,3.9725,3.9341,3.8955,3.8567,3.8177,3.7785,3.7391,3.6994,3.6595,3.6193,3.5177,3.3851,3.2524,3.1196,2.9867,2.8537,2.7205,2.5873,2.4539,2.3228,2.2136,2.105,1.997,1.8896,1.7828,1.6767,1.5712,1.4664,1.3622,1.2912,1.2491,1.207,1.1649,1.1228,1.0807,1.0385,0.9964,0.9542,0.9121,0.8538,0.7949,0.7359,0.6769,0.6178,0.5588,0.4997
10.0668,10.0857,10.1044,10.123,10.1414,10.1598,10.1781,10.1962,10.2143,10.2265,10.2386,10.2506,10.2627,10.2748,10.2869,10.2991,10.3112,10.3233,10.3588,10.4289,10.4991,10.5695,10.6401,10.7108,10.7816,10.8526,10.9237,10.9949,10.9569,10.8982,10.8395,10.7809,10.7224,10.664,10.6056,10.5472,10.4889,10.4214,10.3296,10.2379,10.1462,10.0544,9.9627,9.871,9.7792,9.6875,9.5957,9.4855,9.3679,9.2503,9.1327,9.0149,8.8972,8.7793,8.6614,8.5434,8.4093,8.1861,7.9629,7.7396,7.5161,7.2925,7.0687,6.8448,6.6207,6.3965,6.188,5.9903,5.7925,5.5946,5.3966,5.1986,5.0004,4.8021,4.6038,4.4073,4.276,4.1447,4.0132,3.8818,3.7502,3.6186,3.4869,3.3552,3.2234,3.1371,3.1031,3.0693,3.0356,3.0021,2.9688,2.9358,2.9029,2.8703,2.8379,2.8074,2.7774,2.7477,2.7184,2.6894,2.6608,2.6325,2.6047,2.5772,2.5911,2.6854,2.7797,2.8741,2.9685,3.063,3.1576,3.2522,3.3469,3.4416,3.4986,3.5442,3.5896,3.6347,3.6797,3.7244,3.7689,3.8132,3.8572,3.8832,3.8411,3.7987,3.7562,3.7134,3.6704,3.6272,3.5837,3.5401,3.4962,3.3948,3.2609,3.127,2.993,2.8588,2.7245,2.5901,2.4556,2.321,2.1888,2.0902,1.9922,1.8948,1.798,1.7018,1.6063,1.5114,1.4172,1.3236,1.256,1.214,1.172,1.1299,1.0879,1.0458,1.0038,0.9617,0.9196,0.8775,0.8196,0.7604,0.7012,0.6419,0.5826,0.5233,0.4639
10.0492,10.0712,10.0932,10.1151,10.1368,10.1584,10.18,10.2014,10.2227,10.2346,10.2463,10.2581,10.2699,10.2816,10.2934,10.3052,10.317,10.3288,10.3618,10.4247,10.4879,10.5511,10.6146,10.6781,10.7418,10.8056,10.8696,10.9336,10.8876,10.8219,10.7563,10.6908,10.6253,10.5599,10.4946,10.4293,10.3641,10.2897,10.1918,10.094,9.9962,9.8983,9.8005,9.7027,9.6048,9.5069,9.409,9.2922,9.168,9.0436,8.9193,8.7948,8.6704,8.5458,8.4212,8.2965,8.1554,7.9235,7.6916,7.4595,7.2273,6.995,6.7625,6.5298,6.2971,6.0641,5.8526,5.6562,5.4597,5.2632,5.0665,4.8697,4.6728,4.4759,4.2788,4.0831,3.9541,3.8249,3.6957,3.5665,3.4371,3.3077,3.1782,3.0487,2.9191,2.8384,2.8161,2.7941,2.7722,2.7505,2.729,2.7077,2.6866,2.6658,2.6451,2.6278,2.6111,2.5947,2.5787,2.563,2.5476,2.5327,2.5181,2.5039,2.5256,2.622,2.7185,2.8151,2.9117,3.0083,3.1051,3.2019,3.2987,3.3957,3.4505,3.4913,3.5319,3.5723,3.6124,3.6524,3.692,3.7315,3.7707,3.7941,3.7482,3.7021,3.6558,3.6092,3.5625,3.5155,3.4683,3.4209,3.3732,3.2719,3.1369,3.0017,2.8664,2.731,2.5955,2.4598,2.3241,2.1882,2.0541,1.9661,1.8787,1.792,1.7058,1.6202,1.5353,1.451,1.3674,1.2844,1.2208,1.1789,1.1369,1.0949,1.053,1.011,0.969,0.927,0.885,0.8429,0.7854,0.726,0.6665,0.6069,0.5474,0.4878,0.4282
10.0316,10.0569,10.0822,10.1073,10.1323,10.1572,10.182,10.2067,10.2313,10.2427,10.2541,10.2655,10.277,10.2884,10.2999,10.3113,10.3228,10.3343,10.3646,10.4205,10.4764,10.5326,10.5889,10.6453,10.7018,10.7585,10.8153,10.8723,10.8181,10.7455,10.6729,10.6005,10.5281,10.4558,10.3836,10.3114,10.2392,10.1579,10.054,9.95,9.8461,9.7422,9.6382,9.5343,9.4303,9.3264,9.2224,9.099,8.968,8.8369,8.7059,8.5747,8.4435,8.3123,8.1809,8.0495,7.9015,7.6609,7.4202,7.1795,6.9385,6.6975,6.4563,6.2149,5.9734,5.7318,5.5172,5.3222,5.127,4.9317,4.7363,4.5408,4.3453,4.1496,3.9538,3.759,3.6321,3.5052,3.3782,3.2511,3.124,2.9968,2.8695,2.7422,2.6148,2.5394,2.5289,2.5187,2.5085,2.4986,2.4889,2.4793,2.47,2.4609,2.4521,2.4477,2.4443,2.4413,2.4385,2.4361,2.4341,2.4324,2.4311,2.4302,2.4599,2.5586,2.6572,2.756,2.8547,2.9536,3.0525,3.1515,3.2505,3.3496,3.4026,3.4386,3.4744,3.51,3.5454,3.5805,3.6154,3.6501,3.6845,3.7052,3.6555,3.6057,3.5556,3.5053,3.4548,3.404,3.353,3.3018,3.2504,3.1492,3.0128,2.8764,2.7399,2.6032,2.4665,2.3296,2.1926,2.0555,1.9189,1.8415,1.7647,1.6885,1.6129,1.5379,1.4636,1.3899,1.3169,1.2445,1.1856,1.1437,1.1018,1.0599,1.018,0.9761,0.9342,0.8923,0.8503,0.8084,0.7513,0.6915,0.6318,0.572,0.5122,0.4523,0.3924
10.0141,10.0428,10.0712,10.0996,10.1279,10.156,10.1841,10.212,10.2397,10.2508,10.2619,10.2729,10.2841,10.2952,10.3063,10.3174,10.3286,10.3398,10.3673,10.416,10.4649,10.5139,10.563,10.6123,10.6617,10.7113,10.761,10.8108,10.7485,10.6689,10.5895,10.5101,10.4308,10.3516,10.2724,10.1933,10.1143,10.0261,9.916,9.806,9.696,9.5859,9.4759,9.3659,9.2558,9.1458,9.0357,8.9057,8.768,8.6302,8.4924,8.3546,8.2167,8.0787,7.9407,7.8026,7.6476,7.3983,7.149,6.8994,6.6498,6.4001,6.1501,5.9001,5.6499,5.3995,5.1819,4.9881,4.7942,4.6002,4.4061,4.2119,4.0177,3.8233,3.6288,3.4348,3.3101,3.1854,3.0606,2.9357,2.8108,2.6858,2.5607,2.4356,2.3104,2.2402,2.2415,2.243,2.2446,2.2464,2.2484,2.2507,2.2531,2.2558,2.2587,2.2674,2.2772,2.2874,2.298,2.3089,2.3201,2.3317,2.3437,2.3561,2.3942,2.495,2.5959,2.6968,2.7977,2.8988,2.9998,3.101,3.2022,3.3035,3.3549,3.3861,3.4172,3.4479,3.4785,3.5088,3.539,3.5688,3.5984,3.6165,3.563,3.5094,3.4556,3.4015,3.3472,3.2927,3.238,3.183,3.1278,3.0265,2.8889,2.7512,2.6134,2.4755,2.3375,2.1994,2.0612,1.9228,1.7843,1.7162,1.65,1.5844,1.5194,1.455,1.3912,1.3281,1.2657,1.2039,1.1504,1.1086,1.0668,1.0249,0.9831,0.9412,0.8994,0.8575,0.8157,0.7738,0.7171,0.6571,0.5971,0.5371,0.477,0.4169,0.3567
9.9968,10.0287,10.0604,10.0921,10.1236,10.155,10.1863,10.2175,10.2481,10.2588,10.2696,10.2804,10.2911,10.3019,10.3127,10.3236,10.3344,10.3452,10.3699,10.4114,10.4531,10.495,10.537,10.5792,10.6215,10.6639,10.7065,10.7491,10.6788,10.5923,10.5059,10.4197,10.3334,10.2473,10.1612,10.0752,9.9892,9.8942,9.778,9.6619,9.5458,9.4297,9.3135,9.1974,9.0813,8.9651,8.8489,8.7123,8.5679,8.4235,8.279,8.1345,7.9899,7.8452,7.7005,7.5556,7.3938,7.1358,6.8777,6.6195,6.3611,6.1027,5.8441,5.5853,5.3264,5.0673,4.8465,4.654,4.4614,4.2687,4.0759,3.883,3.69,3.497,3.3038,3.1106,2.9881,2.8656,2.743,2.6203,2.4976,2.3748,2.2519,2.129,2.006,1.9407,1.9538,1.967,1.9804,1.994,2.0077,2.0217,2.0359,2.0503,2.065,2.0866,2.1098,2.1332,2.157,2.1812,2.2057,2.2306,2.2559,2.2815,2.3284,2.4314,2.5344,2.6375,2.7406,2.8438,2.9471,3.0504,3.1538,3.2573,3.3074,3.3339,3.3601,3.3861,3.4119,3.4374,3.4627,3.4878,3.5126,3.5279,3.4707,3.4133,3.3557,3.2979,3.2399,3.1816,3.1231,3.0644,3.0054,2.9038,2.765,2.6261,2.4871,2.3479,2.2087,2.0693,1.9298,1.7902,1.6505,1.5903,1.5346,1.4796,1.4252,1.3714,1.3182,1.2657,1.2138,1.1626,1.1152,1.0735,1.0317,0.9899,0.9482,0.9064,0.8646,0.8228,0.781,0.7392,0.683,0.6227,0.5625,0.5022,0.4418,0.3815,0.3211
9.9796,10.0147,10.0497,10.0846,10.1194,10.1541,10.1886,10.2231,10.2565,10.2669,10.2773,10.2878,10.2982,10.3087,10.3192,10.3297,10.3402,10.3507,10.3722,10.4066,10.4412,10.476,10.5109,10.5459,10.5811,10.6164,10.6518,10.6874,10.6089,10.5156,10.4223,10.3291,10.236,10.1429,10.0499,9.957,9.8641,9.7622,9.64,9.5178,9.3956,9.2733,9.1511,9.0289,8.9067,8.7844,8.6622,8.519,8.3679,8.2167,8.0656,7.9143,7.763,7.6117,7.4602,7.3087,7.1399,6.8732,6.6064,6.3395,6.0725,5.8053,5.538,5.2705,5.0029,4.7351,4.5111,4.3199,4.1286,3.9372,3.7457,3.5541,3.3624,3.1706,2.9788,2.7868,2.666,2.5457,2.4253,2.3049,2.1843,2.0637,1.9431,1.8223,1.7016,1.641,1.6658,1.6908,1.7159,1.7412,1.7667,1.7924,1.8184,1.8445,1.8709,1.9055,1.9419,1.9786,2.0157,2.0531,2.0909,2.1291,2.1676,2.2065,2.2626,2.3677,2.4729,2.5782,2.6835,2.7888,2.8943,2.9998,3.1053,3.211,3.2601,3.2818,3.3032,3.3244,3.3454,3.3662,3.3867,3.407,3.4271,3.4395,3.3786,3.3174,3.2561,3.1945,3.1327,3.0707,3.0084,2.946,2.8833,2.7812,2.6412,2.501,2.3608,2.2204,2.0799,1.9393,1.7985,1.6577,1.5167,1.4637,1.4186,1.3742,1.3303,1.2871,1.2445,1.2026,1.1613,1.1206,1.08,1.0383,0.9966,0.9549,0.9132,0.8715,0.8298,0.7881,0.7463,0.7046,0.6489,0.5884,0.5278,0.4673,0.4067,0.3461,0.2854
9.9625,10.0009,10.0391,10.0773,10.1153,10.1533,10.1911,10.2288,10.2648,10.2749,10.285,10.2952,10.3053,10.3154,10.3256,10.3358,10.3459,10.3561,10.3744,10.4017,10.4292,10.4568,10.4846,10.5125,10.5406,10.5688,10.5971,10.6255,10.539,10.4387,10.3385,10.2384,10.1384,10.0384,9.9385,9.8387,9.7388,9.6302,9.5019,9.3736,9.2453,9.117,8.9887,8.8604,8.7321,8.6037,8.4754,8.3256,8.1678,8.01,7.8521,7.6942,7.5362,7.3781,7.22,7.0618,6.8861,6.6107,6.3352,6.0596,5.7839,5.508,5.232,4.9559,4.6795,4.403,4.1757,3.9858,3.7957,3.6056,3.4154,3.2252,3.0348,2.8443,2.6537,2.463,2.344,2.2258,2.1076,1.9894,1.871,1.7526,1.6342,1.5156,1.3971,1.3411,1.3776,1.4143,1.4512,1.4882,1.5255,1.5629,1.6006,1.6385,1.6766,1.724,1.7737,1.8237,1.874,1.9247,1.9757,2.0271,2.0789,2.1311,2.1967,2.304,2.4113,2.5188,2.6262,2.7338,2.8414,2.949,3.0568,3.1646,3.213,3.2299,3.2465,3.263,3.2792,3.2952,3.3109,3.3264,3.3417,3.3513,3.2866,3.2217,3.1566,3.0913,3.0257,2.9599,2.894,2.8277,2.7613,2.6587,2.5174,2.376,2.2345,2.0929,1.9512,1.8093,1.6673,1.5253,1.3831,1.3365,1.302,1.2681,1.2349,1.2022,1.1702,1.1388,1.108,1.0779,1.0448,1.0031,0.9615,0.9199,0.8783,0.8366,0.795,0.7533,0.7117,0.67,0.6148,0.554,0.4932,0.4324,0.3716,0.3107,0.2498
9.9455,9.9871,10.0287,10.0701,10.1113,10.1525,10.1936,10.2346,10.2732,10.283,10.2928,10.3026,10.3124,10.3222,10.332,10.3418,10.3517,10.3616,10.3764,10.3966,10.417,10.4375,10.4581,10.479,10.4999,10.521,10.5422,10.5634,10.4689,10.3617,10.2546,10.1476,10.0407,9.9338,9.827,9.7203,9.6135,9.4981,9.3637,9.2293,9.0949,8.9606,8.8262,8.6918,8.5574,8.423,8.2886,8.1322,7.9677,7.8032,7.6386,7.474,7.3093,7.1446,6.9798,6.8149,6.6323,6.3482,6.064,5.7797,5.4953,5.2108,4.9261,4.6412,4.3562,4.071,3.8402,3.6516,3.4629,3.2741,3.0852,2.8962,2.7071,2.5179,2.3286,2.1393,2.0218,1.9059,1.7899,1.6738,1.5577,1.4415,1.3252,1.2089,1.0925,1.0409,1.0891,1.1376,1.1862,1.2349,1.2839,1.3331,1.3825,1.4321,1.4819,1.5422,1.6051,1.6683,1.7319,1.7958,1.8601,1.9247,1.9898,2.0552,2.1307,2.2401,2.3497,2.4593,2.5689,2.6786,2.7884,2.8982,3.0081,3.1181,3.1661,3.1782,3.1901,3.2017,3.2131,3.2243,3.2353,3.246,3.2565,3.2632,3.1948,3.1261,3.0573,2.9882,2.9189,2.8494,2.7797,2.7097,2.6395,2.5363,2.3938,2.2511,2.1084,1.9655,1.8225,1.6794,1.5362,1.3929,1.2494,1.2087,1.1848,1.1614,1.1387,1.1166,1.0951,1.0743,1.0541,1.0346,1.0095,0.968,0.9264,0.8849,0.8433,0.8018,0.7602,0.7186,0.677,0.6354,0.5807,0.5197,0.4587,0.3976,0.3365,0.2753,0.2141
9.9286,9.9735,10.0183,10.0629,10.1075,10.1519,10.1962,10.2405,10.2816,10.291,10.3005,10.3099,10.3194,10.3289,10.3384,10.3479,10.3575,10.367,10.3782,10.3913,10.4046,10.418,10.4316,10.4453,10.4591,10.473,10.4871,10.5013,10.3987,10.2846,10.1706,10.0567,9.9429,9.8291,9.7154,9.6018,9.4882,9.3659,9.2254,9.085,8.9445,8.8041,8.6636,8.5232,8.3827,8.2422,8.1017,7.9387,7.7675,7.5964,7.4251,7.2538,7.0825,6.911,6.7395,6.5679,6.3785,6.0857,5.7929,5.4999,5.2068,4.9135,4.6202,4.3266,4.0329,3.7391,3.5048,3.3175,3.1301,2.9425,2.7549,2.5672,2.3794,2.1915,2.0035,1.8155,1.6997,1.5859,1.4721,1.3583,1.2443,1.1303,1.0162,0.9021,0.7879,0.7404,0.8004,0.8605,0.9209,0.9814,1.042,1.1029,1.164,1.2254,1.287,1.3599,1.4361,1.5126,1.5894,1.6666,1.7441,1.822,1.9002,1.9789,2.0646,2.1762,2.2879,2.3997,2.5115,2.6234,2.7353,2.8473,2.9594,3.0715,3.1194,3.1267,3.1338,3.1407,3.1473,3.1537,3.1599,3.1659,3.1716,3.1754,3.1032,3.0308,2.9582,2.8853,2.8123,2.739,2.6655,2.5918,2.5179,2.4139,2.2701,2.1263,1.9823,1.8382,1.6939,1.5496,1.4052,1.2606,1.1159,1.0803,1.0669,1.0541,1.0419,1.0304,1.0194,1.0092,0.9995,0.9905,0.9743,0.9328,0.8913,0.8499,0.8084,0.7669,0.7254,0.6838,0.6423,0.6008,0.5467,0.4854,0.4241,0.3627,0.3014,0.24,0.1785
9.9119,9.96,10.008,10.0559,10.1037,10.1514,10.199,10.2465,10.2899,10.299,10.3082,10.3173,10.3265,10.3356,10.3448,10.354,10.3632,10.3724,10.3799,10.3859,10.3921,10.3984,10.4048,10.4114,10.4181,10.425,10.432,10.439,10.3284,10.2074,10.0865,9.9657,9.845,9.7244,9.6038,9.4832,9.3627,9.2337,9.0871,8.9406,8.7941,8.6476,8.501,8.3545,8.208,8.0614,7.9148,7.7452,7.5674,7.3895,7.2116,7.0336,6.8556,6.6775,6.4993,6.321,6.1247,5.8233,5.5217,5.2201,4.9183,4.6164,4.3143,4.0121,3.7097,3.4072,3.1693,2.9833,2.7972,2.611,2.4247,2.2382,2.0517,1.8651,1.6784,1.4916,1.3775,1.266,1.1543,1.0427,0.9309,0.8191,0.7072,0.5953,0.4833,0.4397,0.5114,0.5833,0.6553,0.7275,0.7999,0.8725,0.9453,1.0184,1.0917,1.1774,1.2667,1.3565,1.4465,1.5369,1.6276,1.7187,1.8102,1.9021,1.9984,2.1123,2.2261,2.34,2.454,2.5681,2.6822,2.7963,2.9105,3.0248,3.0729,3.0754,3.0777,3.0798,3.0817,3.0833,3.0848,3.0859,3.0869,3.0876,3.0117,2.9356,2.8592,2.7827,2.7059,2.6289,2.5516,2.4742,2.3965,2.2916,2.1466,2.0015,1.8562,1.7109,1.5654,1.4199,1.2742,1.1284,0.9824,0.9512,0.9484,0.9461,0.9445,0.9435,0.9431,0.9434,0.9443,0.9478,0.9516,0.9205,0.8891,0.8573,0.8252,0.7927,0.7599,0.7266,0.693,0.659,0.6124,0.5573,0.5017,0.4456,0.389,0.3319,0.2743
9.8952,9.9466,9.9979,10.049,10.1001,10.151,10.2018,10.2525,10.2982,10.307,10.3158,10.3247,10.3335,10.3423,10.3512,10.3601,10.3689,10.3778,10.3814,10.3803,10.3794,10.3786,10.3779,10.3774,10.377,10.3768,10.3767,10.3767,10.258,10.1301,10.0023,9.8747,9.747,9.6195,9.492,9.3646,9.2372,9.1014,8.9488,8.7962,8.6436,8.491,8.3384,8.1858,8.0332,7.8805,7.7279,7.5517,7.3672,7.1827,6.9981,6.8134,6.6287,6.4439,6.2591,6.0741,5.8709,5.5608,5.2506,4.9403,4.6298,4.3192,4.0085,3.6976,3.3866,3.0754,2.8339,2.6492,2.4643,2.2794,2.0944,1.9092,1.724,1.5387,1.3533,1.1678,1.0553,0.9459,0.8365,0.727,0.6175,0.5078,0.3982,0.2884,0.1786,0.1388,0.2222,0.3058,0.3895,0.4734,0.5575,0.6418,0.7263,0.8111,0.8961,0.9944,1.097,1.2,1.3032,1.4068,1.5108,1.6151,1.7198,1.8249,1.9322,2.0482,2.1642,2.2803,2.3965,2.5127,2.6289,2.7452,2.8616,2.9851,3.0428,3.0501,3.0573,3.0644,3.0714,3.0783,3.0852,3.0919,3.0985,3.105,3.0382,2.9696,2.901,2.8323,2.7637,2.695,2.6264,2.5577,2.4889,2.396,2.2628,2.1298,1.9969,1.8641,1.7313,1.5987,1.4662,1.3338,1.2015,1.1789,1.188,1.1968,1.2055,1.2138,1.222,1.2299,1.2375,1.2449,1.2444,1.2067,1.1687,1.1304,1.0917,1.0527,1.0133,0.9735,0.9334,0.8929,0.8399,0.7772,0.714,0.6504,0.5862,0.5216,0.4564
9.9742,10.0208,10.0675,10.1144,10.1614,10.2086,10.256,10.3034,10.3449,10.3465,10.3485,10.3506,10.3531,10.3557,10.3586,10.3617,10.3651,10.3686,10.364,10.3524,10.3411,10.33,10.3193,10.3087,10.2984,10.2883,10.2785,10.2688,10.147,10.0175,9.8879,9.7583,9.6286,9.4988,9.3689,9.239,9.109,8.9705,8.8156,8.6606,8.5056,8.3504,8.1953,8.0401,7.8848,7.7295,7.5741,7.3949,7.2074,7.0199,6.8323,6.6446,6.457,6.2693,6.0815,5.8938,5.6882,5.3777,5.0672,4.7567,4.4462,4.1357,3.8253,3.5149,3.2045,2.8943,2.6578,2.4823,2.307,2.1319,1.9569,1.7821,1.6076,1.4332,1.2591,1.0853,0.9873,0.8936,0.8004,0.7075,0.6151,0.5231,0.4316,0.3406,0.2502,0.2273,0.3283,0.4296,0.5313,0.6333,0.7357,0.8384,0.9416,1.0451,1.149,1.2626,1.3795,1.4965,1.6138,1.7314,1.8491,1.9671,2.0853,2.2038,2.3229,2.444,2.5652,2.6863,2.8075,2.9286,3.0496,3.1707,3.2917,3.4126,3.4676,3.4696,3.4714,3.4732,3.4749,3.4765,3.478,3.4794,3.4807,3.4819,3.4139,3.3425,3.2712,3.1998,3.1283,3.0569,2.9855,2.914,2.8425,2.7493,2.6159,2.4826,2.3494,2.2164,2.0834,1.9505,1.8177,1.685,1.5524,1.5214,1.5249,1.5281,1.5311,1.5338,1.5363,1.5386,1.5406,1.5424,1.5375,1.4933,1.4488,1.404,1.3587,1.3132,1.2672,1.2209,1.1742,1.1271,1.0678,0.9976,0.9269,0.8557,0.784,0.7118,0.6391
10.0632,10.1061,10.1491,10.1922,10.2355,10.279,10.3226,10.3663,10.4027,10.396,10.3896,10.3834,10.3775,10.3718,10.3663,10.3611,10.3561,10.3513,10.3356,10.3109,10.2865,10.2624,10.2386,10.215,10.1916,10.1685,10.1455,10.1228,10.001,9.8734,9.7457,9.6179,9.4901,9.3621,9.2342,9.1061,8.978,8.8413,8.6884,8.5354,8.3824,8.2293,8.0762,7.923,7.7698,7.6165,7.4631,7.286,7.1007,6.9154,6.73,6.5446,6.3591,6.1736,5.9881,5.8025,5.6004,5.3001,4.9997,4.6994,4.399,4.0988,3.7985,3.4983,3.1981,2.898,2.674,2.514,2.3541,2.1944,2.0349,1.8755,1.7164,1.5575,1.3988,1.2404,1.1624,1.0896,1.0173,0.9453,0.8738,0.8027,0.7321,0.662,0.5924,0.5847,0.6955,0.8066,0.9181,1.03,1.1422,1.2547,1.3677,1.481,1.5948,1.7126,1.8319,1.9515,2.0713,2.1913,2.3115,2.432,2.5527,2.6736,2.7941,2.9104,3.0268,3.1431,3.2594,3.3756,3.4919,3.6081,3.7242,3.8403,3.8926,3.8892,3.8858,3.8823,3.8786,3.8749,3.8711,3.8672,3.8632,3.859,3.7898,3.7156,3.6415,3.5673,3.4931,3.4189,3.3447,3.2705,3.1962,3.1027,2.969,2.8355,2.702,2.5687,2.4354,2.3023,2.1692,2.0363,1.9034,1.8643,1.8621,1.8597,1.857,1.8542,1.8511,1.8477,1.8441,1.8402,1.8311,1.7804,1.7293,1.6779,1.6262,1.5741,1.5216,1.4687,1.4155,1.3619,1.2963,1.2186,1.1403,1.0616,0.9824,0.9026,0.8224
10.1521,10.1912,10.2305,10.2699,10.3095,10.3492,10.3891,10.4291,10.4602,10.4452,10.4304,10.4159,10.4016,10.3876,10.3738,10.3603,10.3469,10.3338,10.3068,10.2691,10.2317,10.1945,10.1576,10.1209,10.0845,10.0483,10.0123,9.9765,9.855,9.7293,9.6034,9.4775,9.3516,9.2255,9.0994,8.9732,8.847,8.7121,8.5612,8.4103,8.2593,8.1083,7.9572,7.806,7.6548,7.5035,7.3522,7.1772,6.9941,6.8109,6.6277,6.4445,6.2612,6.0779,5.8946,5.7112,5.5126,5.2224,4.9322,4.642,4.3519,4.0618,3.7717,3.4816,3.1916,2.9017,2.6902,2.5456,2.4011,2.2568,2.1127,1.9687,1.825,1.6815,1.5383,1.3953,1.3372,1.2853,1.2338,1.1827,1.1321,1.0819,1.0321,0.9829,0.9342,0.9418,1.0625,1.1834,1.3047,1.4264,1.5484,1.6708,1.7936,1.9167,2.0403,2.1625,2.2844,2.4064,2.5286,2.6511,2.7738,2.8968,3.02,3.1434,3.2655,3.377,3.4885,3.6,3.7114,3.8229,3.9343,4.0456,4.157,4.2682,4.3178,4.3091,4.3004,4.2915,4.2826,4.2736,4.2644,4.2552,4.2459,4.2364,4.1658,4.0889,4.0119,3.935,3.858,3.7811,3.7041,3.6271,3.55,3.4561,3.3221,3.1883,3.0546,2.921,2.7875,2.654,2.5207,2.3875,2.2544,2.2075,2.1997,2.1916,2.1834,2.1749,2.1661,2.1571,2.1479,2.1384,2.1251,2.0679,2.0103,1.9523,1.894,1.8354,1.7764,1.717,1.6572,1.5971,1.5254,1.4401,1.3543,1.268,1.1813,1.094,1.0063
10.2409,10.2763,10.3118,10.3475,10.3833,10.4193,10.4555,10.4917,10.5174,10.4941,10.471,10.4482,10.4256,10.4032,10.3811,10.3592,10.3375,10.3161,10.2778,10.227,10.1765,10.1263,10.0764,10.0267,9.9772,9.9279,9.8789,9.83,9.709,9.5852,9.4612,9.3372,9.2131,9.0889,8.9647,8.8404,8.716,8.5829,8.4341,8.2852,8.1362,7.9872,7.8381,7.689,7.5398,7.3905,7.2412,7.0683,6.8874,6.7064,6.5254,6.3444,6.1634,5.9822,5.8011,5.6199,5.4247,5.1447,4.8647,4.5847,4.3047,4.0247,3.7448,3.4649,3.1851,2.9053,2.7062,2.577,2.4479,2.319,2.1903,2.0618,1.9335,1.8054,1.6775,1.5499,1.5117,1.4807,1.45,1.4198,1.39,1.3607,1.3318,1.3034,1.2755,1.2988,1.4292,1.56,1.6911,1.8226,1.9544,2.0866,2.2192,2.3522,2.4856,2.6124,2.7367,2.8612,2.9859,3.1109,3.2361,3.3615,3.4871,3.613,3.7371,3.8438,3.9504,4.0571,4.1637,4.2703,4.3769,4.4834,4.5899,4.6964,4.7432,4.7292,4.7152,4.701,4.6868,4.6724,4.658,4.6435,4.6288,4.614,4.5419,4.4622,4.3825,4.3028,4.2231,4.1434,4.0636,3.9838,3.904,3.8095,3.6753,3.5412,3.4072,3.2733,3.1395,3.0058,2.8723,2.7388,2.6054,2.551,2.5376,2.5239,2.51,2.4959,2.4815,2.4669,2.4521,2.437,2.4196,2.3558,2.2917,2.2272,2.1624,2.0972,2.0317,1.9657,1.8995,1.8328,1.755,1.6622,1.5688,1.475,1.3808,1.286,1.1907
10.3295,10.3612,10.393,10.425,10.4571,10.4893,10.5217,10.5543,10.5744,10.5428,10.5114,10.4802,10.4493,10.4186,10.3882,10.358,10.3279,10.2981,10.2484,10.1846,10.1211,10.0578,9.9949,9.9321,9.8696,9.8073,9.7452,9.6833,9.5631,9.4411,9.319,9.1969,9.0747,8.9524,8.83,8.7076,8.5851,8.4538,8.307,8.1601,8.0131,7.8661,7.7191,7.572,7.4248,7.2776,7.1303,6.9594,6.7807,6.602,6.4232,6.2444,6.0655,5.8866,5.7076,5.5287,5.3368,5.067,4.7971,4.5273,4.2574,3.9876,3.7179,3.4481,3.1785,2.9089,2.7221,2.6082,2.4946,2.3811,2.2678,2.1546,2.0417,1.929,1.8166,1.7044,1.6859,1.6757,1.6659,1.6565,1.6476,1.6391,1.631,1.6235,1.6165,1.6555,1.7957,1.9363,2.0773,2.2185,2.3602,2.5022,2.6446,2.7874,2.9306,3.0622,3.189,3.316,3.4432,3.5706,3.6982,3.8261,3.9542,4.0826,4.2088,4.3107,4.4125,4.5143,4.6161,4.7179,4.8196,4.9213,5.023,5.1247,5.1689,5.1496,5.1302,5.1107,5.0912,5.0715,5.0518,5.0319,5.012,4.9919,4.9182,4.8357,4.7533,4.6708,4.5883,4.5058,4.4233,4.3407,4.2582,4.1629,4.0284,3.8941,3.7598,3.6257,3.4916,3.3577,3.2238,3.0901,2.9564,2.8948,2.8758,2.8565,2.837,2.8173,2.7973,2.7771,2.7566,2.7359,2.7145,2.6442,2.5735,2.5025,2.4311,2.3594,2.2874,2.2149,2.1421,2.0689,1.9851,1.8848,1.7839,1.6826,1.5808,1.4785,1.3757
10.418,10.446,10.474,10.5023,10.5307,10.5592,10.5879,10.6167,10.6312,10.5912,10.5515,10.512,10.4728,10.4338,10.395,10.3565,10.3181,10.28,10.2188,10.1419,10.0654,9.9891,9.9131,9.8373,9.7617,9.6864,9.6113,9.5363,9.4172,9.2971,9.1769,9.0566,8.9363,8.8159,8.6954,8.5748,8.4542,8.3247,8.1799,8.035,7.8901,7.7451,7.6001,7.455,7.3098,7.1646,7.0194,6.8506,6.6741,6.4975,6.3209,6.1443,5.9676,5.7909,5.6142,5.4374,5.2489,4.9892,4.7295,4.4698,4.2101,3.9505,3.6909,3.4313,3.1718,2.9123,2.7378,2.6394,2.5411,2.443,2.3451,2.2473,2.1498,2.0525,1.9554,1.8586,1.8597,1.8704,1.8814,1.8929,1.9048,1.9171,1.9299,1.9432,1.957,2.012,2.1621,2.3125,2.4632,2.6143,2.7657,2.9175,3.0697,3.2223,3.3753,3.512,3.6412,3.7706,3.9003,4.0302,4.1603,4.2907,4.4213,4.5521,4.6807,4.7777,4.8747,4.9717,5.0687,5.1657,5.2626,5.3595,5.4563,5.5531,5.5947,5.5701,5.5454,5.5207,5.4958,5.4709,5.4458,5.4207,5.3954,5.37,5.2946,5.2093,5.1241,5.0389,4.9536,4.8684,4.7831,4.6978,4.6124,4.5163,4.3816,4.247,4.1124,3.978,3.8437,3.7095,3.5754,3.4414,3.3075,3.239,3.2144,3.1895,3.1644,3.139,3.1135,3.0876,3.0615,3.0352,3.0086,2.9329,2.8558,2.7782,2.7004,2.6221,2.5435,2.4646,2.3853,2.3055,2.2158,2.1079,1.9996,1.8907,1.7814,1.6716,1.5612
10.5064,10.5306,10.555,10.5795,10.6042,10.629,10.6539,10.679,10.6877,10.6394,10.5914,10.5436,10.496,10.4487,10.4016,10.3548,10.3081,10.2617,10.1888,10.099,10.0094,9.9201,9.831,9.7422,9.6536,9.5653,9.4771,9.3892,9.2713,9.1531,9.0348,8.9164,8.7979,8.6793,8.5607,8.442,8.3233,8.1956,8.0528,7.91,7.767,7.6241,7.4811,7.338,7.1949,7.0517,6.9085,6.7417,6.5674,6.3931,6.2187,6.0442,5.8697,5.6952,5.5207,5.3461,5.161,4.9115,4.6619,4.4123,4.1628,3.9133,3.6638,3.4144,3.165,2.9157,2.7534,2.6704,2.5875,2.5048,2.4222,2.3398,2.2577,2.1757,2.0941,2.0126,2.0333,2.0648,2.0966,2.1289,2.1616,2.1948,2.2284,2.2625,2.2971,2.3683,2.5282,2.6884,2.8489,3.0098,3.171,3.3326,3.4946,3.657,3.8198,3.9616,4.0933,4.2252,4.3574,4.4897,4.6223,4.7552,4.8882,5.0215,5.1528,5.245,5.3372,5.4293,5.5215,5.6136,5.7057,5.7978,5.8898,5.9818,6.0208,5.9909,5.9609,5.9308,5.9007,5.8704,5.8401,5.8096,5.7791,5.7484,5.6711,5.5831,5.4951,5.4071,5.3191,5.2311,5.143,5.055,4.9669,4.8697,4.7347,4.5999,4.4651,4.3304,4.1958,4.0613,3.927,3.7927,3.6585,3.5836,3.5533,3.5228,3.4921,3.4611,3.4299,3.3985,3.3668,3.3348,3.3026,3.2221,3.1384,3.0544,2.97,2.8853,2.8002,2.7147,2.6288,2.5426,2.4471,2.3316,2.2158,2.0994,1.9826,1.8652,1.7474
10.5946,10.6151,10.6358,10.6566,10.6775,10.6986,10.7199,10.7412,10.744,10.6874,10.631,10.5749,10.5191,10.4634,10.4081,10.3529,10.2979,10.2432,10.1586,10.0557,9.9531,9.8508,9.7487,9.6469,9.5453,9.4439,9.3427,9.2417,9.1255,9.0091,8.8927,8.7761,8.6595,8.5429,8.4261,8.3093,8.1924,8.0665,7.9257,7.7849,7.644,7.5031,7.3621,7.221,7.0799,6.9388,6.7976,6.6329,6.4608,6.2886,6.1164,5.9442,5.7719,5.5996,5.4272,5.2548,5.0731,4.8337,4.5942,4.3548,4.1154,3.876,3.6367,3.3974,3.1582,2.919,2.7689,2.7012,2.6337,2.5663,2.4992,2.4322,2.3654,2.2988,2.2325,2.1664,2.2065,2.2588,2.3115,2.3646,2.4181,2.472,2.5265,2.5814,2.6368,2.7245,2.8941,3.0641,3.2344,3.405,3.5761,3.7475,3.9192,4.0914,4.264,4.4112,4.5454,4.6798,4.8144,4.9492,5.0843,5.2196,5.3551,5.4908,5.625,5.7124,5.7997,5.8871,5.9744,6.0618,6.149,6.2363,6.3235,6.4107,6.4471,6.4119,6.3766,6.3412,6.3058,6.2702,6.2346,6.1988,6.163,6.127,6.0477,5.957,5.8662,5.7755,5.6847,5.5939,5.5031,5.4123,5.3214,5.2232,5.0879,4.9528,4.8177,4.6828,4.548,4.4132,4.2786,4.144,4.0096,3.9284,3.8925,3.8564,3.8201,3.7836,3.7468,3.7097,3.6724,3.6349,3.597,3.5118,3.4216,3.331,3.2401,3.1489,3.0572,2.9653,2.8729,2.7802,2.6788,2.5559,2.4325,2.3086,2.1843,2.0594,1.9341
10.6828,10.6995,10.7164,10.7335,10.7508,10.7681,10.7857,10.8033,10.8,10.7351,10.6704,10.606,10.5419,10.4779,10.4142,10.3508,10.2875,10.2245,10.128,10.0121,9.8965,9.7812,9.6661,9.5512,9.4366,9.3223,9.2081,9.0941,8.9797,8.8652,8.7506,8.6359,8.5212,8.4064,8.2915,8.1766,8.0616,7.9374,7.7987,7.6599,7.521,7.3821,7.2431,7.1041,6.965,6.8258,6.6867,6.5241,6.3542,6.1842,6.0142,5.8441,5.674,5.5039,5.3337,5.1635,4.9852,4.7559,4.5266,4.2973,4.068,3.8387,3.6095,3.3804,3.1513,2.9222,2.7843,2.732,2.6798,2.6278,2.576,2.5243,2.4729,2.4217,2.3707,2.32,2.3795,2.4526,2.526,2.5999,2.6742,2.7489,2.8241,2.8998,2.9761,3.0804,3.2598,3.4395,3.6196,3.8001,3.9809,4.1621,4.3436,4.5256,4.7079,4.8607,4.9974,5.1342,5.2713,5.4086,5.5461,5.6839,5.8219,5.9601,6.0974,6.1799,6.2625,6.345,6.4276,6.5101,6.5925,6.675,6.7574,6.8397,6.8736,6.8331,6.7925,6.7518,6.7111,6.6702,6.6293,6.5883,6.5471,6.5059,6.4245,6.331,6.2375,6.144,6.0504,5.9569,5.8633,5.7697,5.6761,5.5766,5.4411,5.3057,5.1704,5.0352,4.9001,4.7651,4.6302,4.4954,4.3607,4.2736,4.2321,4.1904,4.1485,4.1063,4.0639,4.0213,3.9784,3.9352,3.8918,3.8019,3.7051,3.6081,3.5107,3.4129,3.3148,3.2163,3.1174,3.0182,2.9111,2.7807,2.6498,2.5184,2.3866,2.2542,2.1214
10.7707,10.7838,10.797,10.8104,10.8239,10.8375,10.8513,10.8653,10.8557,10.7825,10.7096,10.6369,10.5644,10.4922,10.4202,10.3484,10.2769,10.2055,10.0971,9.9682,9.8396,9.7113,9.5832,9.4554,9.3278,9.2004,9.0732,8.9465,8.8339,8.7213,8.6086,8.4958,8.3829,8.27,8.157,8.0439,7.9308,7.8084,7.6717,7.5349,7.398,7.2611,7.1242,6.9871,6.8501,6.7129,6.5758,6.4153,6.2475,6.0798,5.9119,5.7441,5.5762,5.4082,5.2403,5.0723,4.8972,4.678,4.4588,4.2397,4.0205,3.8014,3.5823,3.3633,3.1443,2.9254,2.7995,2.7626,2.7257,2.6891,2.6526,2.6163,2.5802,2.5443,2.5087,2.4733,2.5521,2.646,2.7402,2.8348,2.9299,3.0254,3.1214,3.2179,3.3149,3.4361,3.6253,3.8148,4.0047,4.1949,4.3855,4.5764,4.7678,4.9595,5.1516,5.3102,5.4493,5.5886,5.7282,5.8679,6.0079,6.1481,6.2886,6.4293,6.5699,6.6477,6.7254,6.8031,6.8809,6.9586,7.0362,7.1138,7.1914,7.269,7.3003,7.2545,7.2086,7.1627,7.1166,7.0705,7.0243,6.978,6.9315,6.885,6.8014,6.7051,6.6089,6.5126,6.4163,6.32,6.2237,6.1273,6.031,5.9301,5.7943,5.6587,5.5231,5.3876,5.2523,5.117,4.9818,4.8467,4.7118,4.6191,4.572,4.5248,4.4772,4.4295,4.3815,4.3332,4.2847,4.236,4.187,4.0924,3.9891,3.8856,3.7816,3.6774,3.5727,3.4678,3.3624,3.2566,3.144,3.0061,2.8677,2.7288,2.5894,2.4496,2.3092
10.8586,10.8679,10.8774,10.8871,10.8969,10.9068,10.9169,10.9271,10.9113,10.8298,10.7485,10.6675,10.5868,10.5063,10.426,10.3459,10.2661,10.1864,10.0659,9.924,9.7825,9.6411,9.5001,9.3592,9.2186,9.0783,8.9381,8.7988,8.6882,8.5774,8.4665,8.3556,8.2446,8.1336,8.0224,7.9112,7.7999,7.6794,7.5447,7.4099,7.2751,7.1402,7.0052,6.8702,6.7352,6.6001,6.4649,6.3065,6.1409,5.9753,5.8097,5.644,5.4783,5.3126,5.1468,4.981,4.8092,4.6002,4.3911,4.182,3.973,3.764,3.555,3.3461,3.1372,2.9284,2.8147,2.793,2.7715,2.7502,2.729,2.7081,2.6873,2.6668,2.6465,2.6265,2.7244,2.839,2.9541,3.0695,3.1853,3.3016,3.4183,3.5356,3.6533,3.7916,3.9906,4.1899,4.3895,4.5895,4.7898,4.9906,5.1917,5.3931,5.595,5.7596,5.9012,6.0429,6.1849,6.3272,6.4696,6.6123,6.7552,6.8983,7.0417,7.1156,7.1885,7.2614,7.3343,7.4072,7.4801,7.5529,7.6257,7.6984,7.7272,7.6761,7.6249,7.5737,7.5224,7.471,7.4195,7.3679,7.3161,7.2643,7.1784,7.0794,6.9804,6.8814,6.7823,6.6833,6.5842,6.4851,6.386,6.2836,6.1476,6.0116,5.8758,5.7401,5.6044,5.4689,5.3335,5.1981,5.0629,4.965,4.9123,4.8594,4.8063,4.7529,4.6994,4.6455,4.5914,4.5371,4.4825,4.3833,4.2736,4.1635,4.0531,3.9423,3.8312,3.7197,3.6078,3.4956,3.3774,3.2319,3.0861,2.9397,2.7928,2.6455,2.4976
10.9463,10.9519,10.9577,10.9637,10.9697,10.976,10.9824,10.9889,10.9665,10.8767,10.7872,10.6979,10.6089,10.5201,10.4315,10.3432,10.255,10.1671,10.0344,9.8796,9.725,9.5707,9.4166,9.2628,9.1093,8.9559,8.8028,8.6513,8.5424,8.4335,8.3246,8.2155,8.1064,7.9972,7.8879,7.7786,7.6692,7.5504,7.4177,7.285,7.1521,7.0192,6.8863,6.7533,6.6203,6.4872,6.354,6.1977,6.0343,5.8709,5.7075,5.544,5.3805,5.2169,5.0533,4.8897,4.7212,4.5223,4.3233,4.1244,3.9255,3.7266,3.5277,3.3289,3.1301,2.9314,2.8296,2.8233,2.8172,2.8112,2.8053,2.7997,2.7943,2.7891,2.7841,2.7794,2.8964,3.0318,3.1676,3.3037,3.4403,3.5773,3.7148,3.8528,3.9913,4.1469,4.3556,4.5647,4.7741,4.9838,5.1939,5.4044,5.6153,5.8265,6.0382,6.2089,6.3529,6.4972,6.6416,6.7863,6.9312,7.0764,7.2217,7.3674,7.5132,7.5836,7.6518,7.7199,7.788,7.8561,7.9241,7.9921,8.0601,8.1281,8.1543,8.0979,8.0415,7.985,7.9284,7.8717,7.8149,7.758,7.701,7.6439,7.5556,7.4538,7.352,7.2503,7.1485,7.0467,6.9448,6.843,6.7411,6.6371,6.5008,6.3646,6.2285,6.0925,5.9566,5.8208,5.6851,5.5495,5.414,5.3112,5.2529,5.1944,5.1357,5.0768,5.0176,4.9582,4.8985,4.8385,4.7783,4.6747,4.5584,4.4419,4.3249,4.2077,4.0901,3.9721,3.8537,3.735,3.6113,3.4584,3.305,3.1511,2.9968,2.8419,2.6866
11.0339,11.0358,11.0379,11.0401,11.0425,11.045,11.0477,11.0505,11.0215,10.9234,10.8256,10.7281,10.6308,10.5337,10.4368,10.3402,10.2438,10.1475,10.0026,9.8348,9.6673,9.5,9.333,9.1662,8.9996,8.8333,8.6672,8.5037,8.3968,8.2897,8.1826,8.0754,7.9682,7.8608,7.7534,7.6459,7.5384,7.4214,7.2908,7.16,7.0292,6.8983,6.7674,6.6364,6.5054,6.3743,6.2432,6.0889,5.9277,5.7665,5.6052,5.4439,5.2826,5.1212,4.9598,4.7984,4.6332,4.4444,4.2555,4.0667,3.8779,3.6891,3.5003,3.3116,3.1229,2.9343,2.8445,2.8535,2.8627,2.872,2.8815,2.8911,2.901,2.9111,2.9215,2.9321,3.0682,3.2243,3.3807,3.5376,3.695,3.8527,4.011,4.1697,4.3289,4.502,4.7205,4.9393,5.1585,5.378,5.5978,5.8181,6.0387,6.2597,6.4811,6.6582,6.8047,6.9514,7.0983,7.2454,7.3928,7.5404,7.6882,7.8363,7.9846,8.0518,8.1152,8.1785,8.2418,8.3051,8.3683,8.4315,8.4947,8.5579,8.5816,8.52,8.4583,8.3965,8.3346,8.2726,8.2106,8.1484,8.0861,8.0237,7.9328,7.8283,7.7238,7.6193,7.5147,7.4102,7.3056,7.201,7.0964,6.9906,6.8541,6.7176,6.5812,6.445,6.3088,6.1728,6.0368,5.9009,5.7652,5.6577,5.5938,5.5298,5.4655,5.4009,5.3354,5.2677,5.2002,5.1328,5.0655,4.9565,4.8336,4.7108,4.5883,4.4661,4.344,4.2222,4.1006,3.9792,3.8549,3.7024,3.5506,3.3993,3.2486,3.0985,2.949
11.1209,11.1195,11.1179,11.1164,11.1151,11.1139,11.1129,11.112,11.0763,10.9699,10.8638,10.758,10.6524,10.5471,10.4419,10.337,10.2323,10.1278,9.9705,9.7897,9.6092,9.429,9.249,9.0693,8.8898,8.7105,8.5314,8.3562,8.2511,8.1459,8.0407,7.9354,7.83,7.7245,7.619,7.5133,7.4077,7.2925,7.1638,7.0351,6.9063,6.7774,6.6485,6.5195,6.3905,6.2614,6.1323,5.9801,5.8211,5.6621,5.503,5.3439,5.1848,5.0256,4.8663,4.7071,4.5452,4.3664,4.1877,4.0089,3.8302,3.6515,3.4729,3.2942,3.1157,2.9372,2.8592,2.8836,2.908,2.9326,2.9574,2.9824,3.0076,3.033,3.0587,3.0846,3.2395,3.4164,3.5936,3.7712,3.9492,4.1277,4.3067,4.4861,4.6661,4.8569,5.0851,5.3137,5.5426,5.7719,6.0015,6.2315,6.4618,6.6926,6.9237,7.1074,7.2563,7.4055,7.5548,7.7044,7.8543,8.0043,8.1546,8.3051,8.4559,8.5202,8.5788,8.6365,8.6917,8.7467,8.8016,8.8562,8.9106,8.9649,8.9822,8.9117,8.8413,8.7708,8.7003,8.6298,8.5592,8.4886,8.418,8.3474,8.2509,8.1407,8.0306,7.9205,7.8105,7.7006,7.5907,7.4809,7.3711,7.2612,7.1215,6.9819,6.8424,6.7031,6.5639,6.4249,6.286,6.1472,6.0086,5.8958,5.8285,5.7613,5.6942,5.6273,5.5605,5.4938,5.4273,5.3609,5.2947,5.1893,5.0685,4.9479,4.8275,4.7074,4.5874,4.4677,4.3482,4.2289,4.1082,3.9624,3.8172,3.6726,3.5286,3.3851,3.2423
11.1267,11.1157,11.1051,11.0948,11.0849,11.0753,11.066,11.0571,11.0139,10.9053,10.7969,10.6885,10.5802,10.4719,10.3637,10.2556,10.1475,10.0395,9.8751,9.6868,9.4986,9.3106,9.1226,8.9348,8.747,8.5593,8.3717,8.1889,8.0809,7.973,7.865,7.7571,7.6493,7.5414,7.4336,7.3257,7.2179,7.1013,6.9726,6.8438,6.715,6.5861,6.4571,6.3281,6.199,6.0699,5.9407,5.7873,5.627,5.4666,5.3061,5.1456,4.9849,4.8242,4.6633,4.5024,4.3407,4.175,4.0093,3.8435,3.6776,3.5118,3.3459,3.1801,3.0143,2.8486,2.782,2.8179,2.8537,2.8897,2.9257,2.9617,2.9979,3.0341,3.0704,3.1069,3.2841,3.4865,3.6895,3.8929,4.097,4.3015,4.5067,4.7125,4.919,5.1318,5.3661,5.6007,5.8355,6.0706,6.3058,6.5413,6.7771,7.0131,7.2494,7.4353,7.5823,7.7294,7.8765,8.0238,8.1711,8.3185,8.466,8.6136,8.7613,8.8175,8.8656,8.9136,8.9614,9.009,9.0564,9.1037,9.1508,9.1976,9.2114,9.1387,9.066,8.9933,8.9206,8.8478,8.7751,8.7023,8.6295,8.5566,8.4601,8.3499,8.2397,8.1295,8.0195,7.9095,7.7995,7.6896,7.5798,7.4701,7.3321,7.1938,7.0556,6.9175,6.7796,6.6418,6.5041,6.3666,6.2293,6.1156,6.0493,5.9831,5.9171,5.8512,5.7855,5.7198,5.6543,5.589,5.5238,5.422,5.3033,5.1848,5.0666,4.9485,4.8307,4.7131,4.5957,4.4785,4.361,4.2219,4.0834,3.9454,3.8081,3.6713,3.5351
11.1322,11.1105,11.0891,11.0681,11.0474,11.0271,11.0071,10.9874,10.9346,10.8225,10.7105,10.5986,10.4868,10.3751,10.2634,10.1517,10.0401,9.9286,9.7573,9.5623,9.3673,9.1725,8.9777,8.7831,8.5885,8.394,8.1996,8.0108,7.8968,7.7828,7.6689,7.555,7.4411,7.3272,7.2134,7.0995,6.9857,6.8645,6.7331,6.6018,6.4703,6.3388,6.2073,6.0756,5.9439,5.8122,5.6804,5.5225,5.3572,5.1919,5.0264,4.8609,4.6953,4.5296,4.3638,4.1979,4.0341,3.8844,3.7346,3.5848,3.435,3.2852,3.1354,2.9856,2.8358,2.6861,2.6317,2.6774,2.7231,2.7689,2.8147,2.8606,2.9066,2.9527,2.9988,3.0451,3.2489,3.4825,3.7166,3.9512,4.1863,4.422,4.6583,4.8952,5.1328,5.3715,5.6122,5.8531,6.0943,6.3356,6.5773,6.8191,7.0612,7.3036,7.5462,7.7359,7.8825,8.0292,8.176,8.3228,8.4698,8.6168,8.764,8.9112,9.0585,9.1096,9.1503,9.1909,9.2313,9.2716,9.3116,9.3515,9.3911,9.4306,9.4407,9.3658,9.2909,9.216,9.141,9.066,8.991,8.916,8.841,8.7659,8.6694,8.559,8.4488,8.3386,8.2284,8.1184,8.0083,7.8984,7.7885,7.6787,7.5427,7.4056,7.2687,7.1318,6.9952,6.8586,6.7222,6.586,6.4499,6.3353,6.2701,6.2049,6.1399,6.0751,6.0104,5.9458,5.8813,5.817,5.7529,5.6546,5.538,5.4216,5.3054,5.1895,5.0738,4.9583,4.843,4.728,4.6132,4.4809,4.3491,4.2178,4.0871,3.957,3.8275
11.1373,11.1049,11.0728,11.041,11.0096,10.9786,10.9479,10.9175,10.8552,10.7396,10.6241,10.5087,10.3934,10.2781,10.1629,10.0477,9.9326,9.8176,9.6394,9.4376,9.2358,9.0342,8.8326,8.6312,8.4299,8.2286,8.0274,7.8325,7.7125,7.5925,7.4726,7.3527,7.2328,7.113,6.9931,6.8733,6.7534,6.6276,6.4936,6.3597,6.2256,6.0915,5.9574,5.8231,5.6889,5.5545,5.4201,5.2577,5.0875,4.9171,4.7467,4.5762,4.4057,4.235,4.0642,3.8934,3.7274,3.5937,3.4599,3.3262,3.1924,3.0586,2.9247,2.7909,2.6572,2.5235,2.4814,2.5369,2.5924,2.648,2.7037,2.7594,2.8152,2.8711,2.9271,2.9832,3.2133,3.478,3.7432,4.0088,4.2751,4.5419,4.8093,5.0773,5.346,5.6112,5.8582,6.1054,6.3529,6.6006,6.8485,7.0967,7.3451,7.5938,7.8428,8.0365,8.1828,8.3291,8.4755,8.6219,8.7685,8.9152,9.0619,9.2087,9.3557,9.402,9.4353,9.4685,9.5016,9.5344,9.5671,9.5995,9.6318,9.6639,9.6701,9.593,9.5158,9.4387,9.3615,9.2843,9.2071,9.1299,9.0526,8.9753,8.8786,8.7682,8.6579,8.5476,8.4374,8.3273,8.2172,8.1072,7.9972,7.8873,7.7532,7.6174,7.4817,7.3461,7.2107,7.0754,6.9403,6.8053,6.6704,6.555,6.4907,6.4267,6.3627,6.2989,6.2352,6.1716,6.1082,6.045,5.9819,5.887,5.7725,5.6582,5.5442,5.4304,5.3168,5.2034,5.0902,4.9773,4.8646,4.7394,4.6142,4.4896,4.3656,4.2422,4.1193
11.1421,11.0989,11.0561,11.0136,10.9715,10.9297,10.8883,10.8471,10.7756,10.6566,10.5376,10.4187,10.2998,10.181,10.0623,9.9436,9.825,9.7065,9.5213,9.3127,9.1042,8.8958,8.6874,8.4792,8.2711,8.063,7.855,7.6541,7.5281,7.4022,7.2763,7.1504,7.0245,6.8986,6.7728,6.647,6.5211,6.3906,6.2541,6.1175,5.9809,5.8442,5.7074,5.5706,5.4337,5.2968,5.1598,4.9929,4.8177,4.6424,4.467,4.2916,4.116,3.9404,3.7647,3.5889,3.4206,3.3029,3.1852,3.0674,2.9496,2.8318,2.714,2.5962,2.4785,2.3607,2.3309,2.3963,2.4616,2.5271,2.5925,2.6581,2.7237,2.7894,2.8553,2.9212,3.1772,3.473,3.7692,4.066,4.3633,4.6612,4.9597,5.2588,5.5586,5.8506,6.104,6.3576,6.6114,6.8654,7.1196,7.3741,7.6289,7.8839,8.1392,8.3372,8.483,8.6289,8.7749,8.921,9.0672,9.2135,9.3599,9.5063,9.6529,9.6946,9.7206,9.7464,9.772,9.7975,9.8228,9.8479,9.8728,9.8975,9.8996,9.8202,9.7409,9.6615,9.5821,9.5027,9.4233,9.3438,9.2643,9.1848,9.0879,8.9774,8.867,8.7567,8.6464,8.5362,8.426,8.3159,8.2059,8.096,7.9637,7.8291,7.6946,7.5603,7.4262,7.2921,7.1582,7.0245,6.8909,6.7746,6.7114,6.6483,6.5854,6.5226,6.46,6.3975,6.3351,6.2729,6.2108,6.1193,6.0069,5.8947,5.7828,5.6711,5.5596,5.4483,5.3373,5.2265,5.1159,4.9975,4.8789,4.761,4.6436,4.5268,4.4106
11.1464,11.0925,11.039,10.9858,10.933,10.8805,10.8283,10.7765,10.696,10.5734,10.4509,10.3285,10.2062,10.0839,9.9616,9.8395,9.7174,9.5953,9.4031,9.1877,8.9724,8.7572,8.5421,8.3271,8.1122,7.8973,7.6825,7.4757,7.3437,7.2117,7.0798,6.9479,6.8161,6.6842,6.5524,6.4206,6.2887,6.1537,6.0146,5.8754,5.7361,5.5969,5.4575,5.3181,5.1786,5.0391,4.8994,4.728,4.5478,4.3676,4.1873,4.0069,3.8264,3.6458,3.4652,3.2844,3.1139,3.0122,2.9104,2.8086,2.7068,2.605,2.5032,2.4014,2.2996,2.1979,2.1804,2.2555,2.3307,2.406,2.4813,2.5567,2.6321,2.7076,2.7833,2.859,3.1407,3.4675,3.7948,4.1226,4.451,4.7799,5.1095,5.4396,5.7705,6.09,6.3497,6.6096,6.8697,7.13,7.3906,7.6514,7.9125,8.1738,8.4354,8.6378,8.7833,8.9288,9.0744,9.2202,9.366,9.5119,9.6579,9.8039,9.9501,9.9875,10.0061,10.0245,10.0428,10.0609,10.0788,10.0965,10.114,10.1314,10.1291,10.0476,9.966,9.8844,9.8028,9.7212,9.6395,9.5578,9.4761,9.3944,9.2971,9.1866,9.0761,8.9657,8.8554,8.7451,8.6349,8.5247,8.4146,8.3046,8.1741,8.0407,7.9075,7.7745,7.6416,7.5088,7.3761,7.2436,7.1113,6.9941,6.9319,6.8699,6.808,6.7463,6.6847,6.6232,6.5619,6.5007,6.4396,6.3514,6.2411,6.1311,6.0213,5.9117,5.8023,5.6931,5.5842,5.4755,5.367,5.255,5.1432,5.0319,4.9211,4.811,4.7014
11.1504,11.0858,11.0215,10.9577,10.8941,10.8309,10.7681,10.7055,10.6163,10.4902,10.3642,10.2383,10.1124,9.9866,9.8609,9.7352,9.6096,9.484,9.2847,9.0625,8.8404,8.6185,8.3966,8.1748,7.9531,7.7315,7.5099,7.2971,7.1591,7.0212,6.8833,6.7454,6.6076,6.4697,6.3319,6.1941,6.0563,5.9167,5.775,5.6332,5.4914,5.3495,5.2075,5.0655,4.9235,4.7813,4.6391,4.4631,4.278,4.0928,3.9075,3.7222,3.5368,3.3512,3.1656,2.9799,2.8071,2.7214,2.6356,2.5498,2.464,2.3781,2.2923,2.2064,2.1207,2.0349,2.0298,2.1148,2.1998,2.2848,2.3699,2.4551,2.5404,2.6257,2.7112,2.7967,3.1037,3.4615,3.8199,4.1788,4.5382,4.8981,5.2587,5.6199,5.9818,6.3292,6.5952,6.8614,7.1279,7.3945,7.6614,7.9286,8.1959,8.4636,8.7315,8.9385,9.0835,9.2287,9.3739,9.5193,9.6647,9.8102,9.9558,10.1015,10.2473,10.2806,10.2918,10.3029,10.3138,10.3245,10.3351,10.3454,10.3556,10.3655,10.3588,10.275,10.1912,10.1074,10.0236,9.9397,9.8559,9.7719,9.688,9.6041,9.5064,9.3958,9.2852,9.1747,9.0643,8.954,8.8437,8.7335,8.6234,8.5133,8.3844,8.2523,8.1204,7.9885,7.8569,7.7253,7.5939,7.4627,7.3316,7.2136,7.1524,7.0915,7.0306,6.9699,6.9093,6.8489,6.7886,6.7284,6.6684,6.5834,6.4752,6.3673,6.2596,6.1521,6.0448,5.9377,5.8309,5.7243,5.6179,5.5121,5.4069,5.3022,5.1981,5.0947,4.9917
11.154,11.0787,11.0037,10.9291,10.8549,10.781,10.7074,10.6342,10.5365,10.4069,10.2774,10.1479,10.0186,9.8893,9.76,9.6309,9.5018,9.3727,9.1662,8.9372,8.7084,8.4796,8.251,8.0224,7.7939,7.5655,7.3372,7.1184,6.9745,6.8305,6.6867,6.5428,6.399,6.2551,6.1113,5.9675,5.8237,5.6797,5.5354,5.391,5.2466,5.1021,4.9576,4.813,4.6683,4.5236,4.3788,4.1982,4.0082,3.818,3.6278,3.4375,3.2471,3.0566,2.8661,2.6754,2.5003,2.4305,2.3607,2.2909,2.221,2.1511,2.0813,2.0114,1.9416,1.8718,1.8791,1.9739,2.0687,2.1635,2.2584,2.3534,2.4485,2.5437,2.6389,2.7343,3.0662,3.4551,3.8445,4.2343,4.6248,5.0158,5.4073,5.7996,6.1925,6.5683,6.8406,7.1132,7.3859,7.6589,7.9321,8.2055,8.4792,8.7532,9.0274,9.2391,9.3838,9.5286,9.6735,9.8184,9.9635,10.1086,10.2538,10.3992,10.5446,10.574,10.5778,10.5815,10.5851,10.5884,10.5916,10.5946,10.5974,10.6,10.5886,10.5026,10.4165,10.3305,10.2445,10.1584,10.0723,9.9862,9.9,9.8138,9.7156,9.6049,9.4943,9.3838,9.2733,9.1629,9.0526,8.9423,8.8321,8.7219,8.5946,8.4638,8.3331,8.2025,8.0721,7.9418,7.8117,7.6817,7.5518,7.433,7.3729,7.3129,7.2531,7.1934,7.1339,7.0745,7.0152,6.9561,6.8971,6.8153,6.7092,6.6034,6.4978,6.3924,6.2872,6.1822,6.0775,5.973,5.8687,5.7687,5.6701,5.5721,5.4747,5.3778,5.2816
11.1572,11.0712,10.9856,10.9003,10.8154,10.7308,10.6465,10.5626,10.4565,10.3234,10.1904,10.0575,9.9246,9.7918,9.6591,9.5264,9.3938,9.2612,9.0475,8.8117,8.5761,8.3406,8.1052,7.8699,7.6346,7.3995,7.1644,6.9396,6.7897,6.6398,6.4899,6.3401,6.1903,6.0405,5.8907,5.7409,5.5911,5.4427,5.2958,5.1488,5.0018,4.8547,4.7076,4.5604,4.4131,4.2658,4.1184,3.9333,3.7383,3.5432,3.348,3.1528,2.9575,2.7621,2.5665,2.3709,2.1934,2.1397,2.0858,2.0319,1.978,1.9241,1.8702,1.8163,1.7624,1.7086,1.7283,1.8329,1.9375,2.0422,2.1469,2.2517,2.3565,2.4615,2.5665,2.6717,3.0283,3.4482,3.8685,4.2894,4.7108,5.1328,5.5554,5.9786,6.4025,6.8073,7.0859,7.3647,7.6438,7.9231,8.2026,8.4824,8.7624,9.0426,9.3231,9.5398,9.6841,9.8285,9.973,10.1176,10.2622,10.407,10.5519,10.6968,10.8418,10.8676,10.8641,10.8605,10.8566,10.8526,10.8484,10.8441,10.8395,10.8347,10.8184,10.7302,10.642,10.5537,10.4654,10.3772,10.2888,10.2005,10.1121,10.0237,9.9249,9.8141,9.7035,9.5929,9.4823,9.3718,9.2614,9.1511,9.0408,8.9306,8.8048,8.6752,8.5458,8.4165,8.2873,8.1583,8.0294,7.9006,7.772,7.6523,7.5933,7.5343,7.4756,7.4169,7.3584,7.3,7.2418,7.1837,7.1258,7.047,6.943,6.8393,6.7358,6.6325,6.5294,6.4266,6.324,6.2216,6.1194,6.0248,5.9329,5.8415,5.7507,5.6605,5.5709
11.16,11.0633,10.967,10.8711,10.7755,10.6802,10.5852,10.4906,10.3765,10.2399,10.1034,9.967,9.8306,9.6943,9.5581,9.4219,9.2858,9.1497,8.9286,8.6861,8.4437,8.2014,7.9593,7.7172,7.4752,7.2332,6.9914,6.7608,6.6048,6.449,6.2931,6.1373,5.9815,5.8257,5.67,5.5142,5.3585,5.2056,5.0561,4.9066,4.7569,4.6073,4.4576,4.3078,4.1579,4.008,3.858,3.6684,3.4684,3.2684,3.0683,2.8681,2.6678,2.4675,2.267,2.0665,1.8866,1.8487,1.8108,1.7729,1.7349,1.697,1.659,1.621,1.5831,1.5453,1.5775,1.6918,1.8062,1.9207,2.0352,2.1498,2.2644,2.3792,2.494,2.609,2.9899,3.4408,3.8921,4.344,4.7964,5.2493,5.7029,6.1571,6.6119,7.0461,7.331,7.6162,7.9015,8.1871,8.4729,8.759,9.0453,9.3319,9.6187,9.8404,9.9844,10.1284,10.2725,10.4167,10.561,10.7054,10.8499,10.9944,11.1391,11.1615,11.1506,11.1396,11.1284,11.1171,11.1055,11.0938,11.0819,11.0697,11.0483,10.9579,10.8674,10.777,10.6865,10.596,10.5055,10.4149,10.3244,10.2337,10.1341,10.0233,9.9126,9.8019,9.6913,9.5808,9.4703,9.3599,9.2495,9.1392,9.0149,8.8866,8.7584,8.6303,8.5024,8.3746,8.247,8.1195,7.9921,7.8716,7.8136,7.7557,7.6979,7.6403,7.5829,7.5255,7.4683,7.4113,7.3544,7.2785,7.1767,7.0751,6.9737,6.8725,6.7715,6.6708,6.5703,6.47,6.3699,6.2805,6.1952,6.1104,6.0262,5.9427,5.8597
11.1625,11.0551,10.9481,10.8415,10.7352,10.6292,10.5236,10.4183,10.2963,10.1562,10.0163,9.8763,9.7365,9.5967,9.457,9.3173,9.1777,9.0381,8.8096,8.5603,8.3112,8.0622,7.8132,7.5644,7.3156,7.0669,6.8183,6.5818,6.4199,6.258,6.0962,5.9344,5.7727,5.6109,5.4492,5.2874,5.1257,4.9685,4.8164,4.6643,4.5121,4.3598,4.2075,4.0552,3.9027,3.7502,3.5976,3.4034,3.1985,2.9935,2.7885,2.5834,2.3782,2.1729,1.9675,1.762,1.5797,1.5578,1.5358,1.5138,1.4918,1.4698,1.4477,1.4257,1.4037,1.3818,1.4265,1.5507,1.6749,1.7991,1.9234,2.0478,2.1722,2.2967,2.4214,2.5461,2.9511,3.4329,3.9152,4.398,4.8814,5.3653,5.8498,6.3349,6.8207,7.2848,7.576,7.8675,8.1591,8.451,8.7432,9.0355,9.3281,9.621,9.9141,10.1411,10.2847,10.4283,10.5721,10.7159,10.8598,11.0038,11.1479,11.2921,11.4364,11.4556,11.4374,11.419,11.4005,11.3818,11.3629,11.3438,11.3245,11.3051,11.2783,11.1857,11.093,11.0004,10.9077,10.815,10.7222,10.6295,10.5367,10.4438,10.3434,10.2325,10.1217,10.011,9.9003,9.7897,9.6791,9.5687,9.4583,9.3479,9.225,9.0979,8.971,8.8441,8.7175,8.5909,8.4645,8.3382,8.2121,8.0908,8.0338,7.977,7.9203,7.8637,7.8072,7.7509,7.6948,7.6388,7.5829,7.51,7.4103,7.3107,7.2114,7.1123,7.0135,6.9148,6.8164,6.7182,6.6203,6.5356,6.4569,6.3788,6.3013,6.2243,6.148
11.1646,11.0465,10.9289,10.8116,10.6946,10.578,10.4617,10.3457,10.2161,10.0725,9.929,9.7856,9.6423,9.499,9.3558,9.2126,9.0695,8.9264,8.6904,8.4344,8.1785,7.9227,7.667,7.4114,7.1559,6.9004,6.6451,6.4027,6.2348,6.067,5.8992,5.7315,5.5637,5.396,5.2283,5.0606,4.8929,4.7314,4.5767,4.422,4.2672,4.1124,3.9575,3.8025,3.6475,3.4924,3.3372,3.1384,2.9286,2.7187,2.5087,2.2986,2.0885,1.8783,1.6679,1.4575,1.2728,1.2668,1.2608,1.2547,1.2486,1.2425,1.2364,1.2303,1.2242,1.2182,1.2755,1.4095,1.5434,1.6774,1.8115,1.9457,2.0799,2.2142,2.3486,2.4831,2.9118,3.4245,3.9378,4.4515,4.9658,5.4806,5.9961,6.5122,7.0289,7.5234,7.8209,8.1186,8.4166,8.7148,9.0132,9.3119,9.6108,9.9099,10.2094,10.4418,10.585,10.7283,10.8716,11.0151,11.1586,11.3023,11.446,11.5898,11.7337,11.75,11.7244,11.6987,11.6728,11.6468,11.6205,11.5941,11.5675,11.5407,11.5084,11.4136,11.3187,11.2238,11.1289,11.034,10.9391,10.8441,10.7491,10.654,10.5526,10.4417,10.3308,10.22,10.1093,9.9986,9.888,9.7775,9.667,9.5566,9.435,9.3091,9.1834,9.0579,8.9324,8.8071,8.682,8.557,8.4321,8.31,8.254,8.1982,8.1425,8.087,8.0316,7.9763,7.9212,7.8662,7.8113,7.7413,7.6437,7.5462,7.449,7.352,7.2553,7.1587,7.0624,6.9663,6.8705,6.7903,6.7182,6.6468,6.5758,6.5055,6.4358
11.1663,11.0376,10.9092,10.7813,10.6536,10.5264,10.3994,10.2727,10.1357,9.9887,9.8417,9.6948,9.5479,9.4012,9.2545,9.1078,8.9612,8.8147,8.5711,8.3083,8.0457,7.7831,7.5207,7.2583,6.9961,6.7339,6.4717,6.2235,6.0497,5.8759,5.7021,5.5284,5.3547,5.181,5.0074,4.8337,4.66,4.4942,4.337,4.1797,4.0223,3.8649,3.7074,3.5499,3.3922,3.2346,3.0768,2.8734,2.6586,2.4438,2.2289,2.0139,1.7988,1.5837,1.3684,1.1531,0.9658,0.9758,0.9857,0.9955,1.0053,1.0151,1.0249,1.0348,1.0446,1.0545,1.1244,1.2681,1.4119,1.5557,1.6995,1.8434,1.9874,2.1315,2.2757,2.42,2.872,3.4157,3.9599,4.5045,5.0497,5.5955,6.1418,6.6888,7.2365,7.7618,8.0656,8.3697,8.6739,8.9784,9.2831,9.5881,9.8933,10.1987,10.5044,10.7425,10.8853,11.0282,11.1712,11.3143,11.4574,11.6007,11.744,11.8874,12.031,12.0446,12.0117,11.9787,11.9454,11.912,11.8785,11.8447,11.8107,11.7765,11.7386,11.6416,11.5445,11.4474,11.3503,11.2531,11.156,11.0588,10.9616,10.8643,10.7619,10.6509,10.54,10.4291,10.3183,10.2076,10.0969,9.9863,9.8757,9.7652,9.6449,9.5203,9.3958,9.2715,9.1473,9.0233,8.8994,8.7756,8.652,8.5291,8.4741,8.4194,8.3647,8.3102,8.2558,8.2016,8.1475,8.0935,8.0397,7.9725,7.8769,7.7816,7.6865,7.5916,7.4969,7.4025,7.3083,7.2143,7.1205,7.0445,6.9791,6.9142,6.8499,6.7862,6.7231
