14.2884,14.2426,14.1969,14.1511,14.1054,14.0596,14.0139,13.9681,13.9224,13.8775,13.8426,13.8078,13.773,13.7381,13.7033,13.6685,13.6337,13.5989,13.5641,13.4882,13.3942,13.3001,13.2061,13.1121,13.0181,12.9241,12.83,12.736,12.6883,12.739,12.7898,12.8408,12.8918,12.9428,12.9938,13.0448,13.0958,13.1469,13.1728,13.1973,13.2218,13.2463,13.2708,13.2953,13.3198,13.3444,13.3689,13.3939,13.4192,13.4446,13.4699,13.4953,13.5206,13.546,13.5714,13.5967,13.5989,13.5074,13.4159,13.3244,13.2329,13.1414,13.05,12.9585,12.867,12.7755,12.6562,12.5309,12.4056,12.2803,12.1551,12.0298,11.9045,11.7793,11.654,11.6001,11.6332,11.6666,11.7,11.7335,11.767,11.8006,11.8342,11.8678,11.8996,11.9086,11.9176,11.9267,11.9358,11.945,11.9542,11.9635,11.9729,11.9822,12.0199,12.0696,12.1191,12.1685,12.2179,12.2671,12.3162,12.3651,12.414,12.431,12.382,12.3331,12.2841,12.2352,12.1862,12.1373,12.0883,12.0394,11.9905,11.9805,11.9726,11.9645,11.9562,11.9477,11.939,11.9301,11.9211,11.9118,11.9217,11.9462,11.9708,11.9954,12.02,12.0447,12.0694,12.0942,12.119,12.1342,12.1086,12.083,12.0574,12.0318,12.0061,11.9805,11.9548,11.9292,11.9035,11.8724,11.8394,11.8059,11.7718,11.737,11.7017,11.6657,11.6291,11.5919,11.548,11.4956,11.443,11.3902,11.3371,11.2837,11.2301,11.1762,11.122,11.0676,11.0158,10.9639,10.9119,10.8599,10.8079,10.7558,10.7036,10.6514,10.5992
14.31,14.2643,14.2185,14.1728,14.127,14.0813,14.0356,13.9898,13.9441,13.8994,13.8645,13.8297,13.7949,13.76,13.7252,13.6904,13.6556,13.6208,13.586,13.5098,13.4165,13.3231,13.2298,13.1364,13.0431,12.9497,12.8563,12.7629,12.7148,12.7587,12.8027,12.8469,12.8911,12.9355,12.9799,13.0244,13.069,13.1137,13.1394,13.1641,13.1888,13.2134,13.2381,13.2627,13.2874,13.312,13.3366,13.3607,13.3844,13.4081,13.4318,13.4555,13.4792,13.5029,13.5265,13.5502,13.5523,13.4673,13.3823,13.2973,13.2123,13.1274,13.0424,12.9575,12.8727,12.7879,12.6715,12.5483,12.425,12.3018,12.1786,12.0555,11.9323,11.8093,11.6862,11.633,11.6675,11.702,11.7366,11.7712,11.8058,11.8405,11.8752,11.9099,11.943,11.9533,11.9637,11.9741,11.9845,11.995,12.0055,12.0161,12.0267,12.0374,12.072,12.1175,12.1629,12.2081,12.2533,12.2983,12.3432,12.388,12.4327,12.4484,12.3995,12.3505,12.3015,12.2526,12.2036,12.1547,12.1057,12.0568,12.0078,11.9931,11.9808,11.9683,11.9557,11.9429,11.9298,11.9166,11.9032,11.8896,11.8973,11.9228,11.9483,11.9738,11.9994,12.025,12.0507,12.0764,12.1021,12.1195,12.0939,12.0683,12.0427,12.017,11.9914,11.9658,11.9401,11.9145,11.8888,11.8505,11.808,11.765,11.7214,11.6772,11.6324,11.5869,11.5408,11.4941,11.4437,11.3881,11.3323,11.2762,11.2199,11.1633,11.1065,11.0494,10.992,10.9343,10.8825,10.8306,10.7786,10.7266,10.6746,10.6225,10.5703,10.5181,10.4659
14.3316,14.2859,14.2401,14.1944,14.1487,14.103,14.0572,14.0115,13.9658,13.9213,13.8864,13.8516,13.8168,13.7819,13.7471,13.7123,13.6775,13.6427,13.608,13.5315,13.4388,13.3462,13.2535,13.1608,13.068,12.9753,12.8826,12.7899,12.7411,12.7782,12.8155,12.8528,12.8903,12.9279,12.9656,13.0033,13.0411,13.079,13.1043,13.129,13.1537,13.1784,13.2031,13.2277,13.2524,13.277,13.3016,13.3246,13.3465,13.3683,13.3902,13.412,13.4338,13.4556,13.4774,13.4992,13.5013,13.4235,13.3456,13.2677,13.1899,13.112,13.0342,12.9565,12.8787,12.8011,12.6878,12.5666,12.4454,12.3243,12.2031,12.082,11.9609,11.8399,11.7189,11.6662,11.7018,11.7375,11.7731,11.8088,11.8446,11.8803,11.9161,11.952,11.9865,11.9981,12.0097,12.0214,12.0331,12.0449,12.0567,12.0686,12.0805,12.0925,12.1243,12.1655,12.2067,12.2478,12.2888,12.3297,12.3704,12.411,12.4515,12.4659,12.4169,12.3679,12.3189,12.27,12.221,12.172,12.1231,12.0741,12.0252,12.0057,11.9891,11.9723,11.9554,11.9382,11.9209,11.9033,11.8856,11.8676,11.8728,11.8992,11.9257,11.9522,11.9787,12.0053,12.0319,12.0585,12.0852,12.1048,12.0792,12.0536,12.0279,12.0023,11.9767,11.951,11.9254,11.8997,11.8741,11.8291,11.7772,11.7247,11.6716,11.6179,11.5636,11.5087,11.4532,11.397,11.3396,11.2808,11.2218,11.1625,11.103,11.0432,10.9831,10.9228,10.8622,10.8013,10.7492,10.6973,10.6453,10.5933,10.5413,10.4892,10.4371,10.3849,10.3326
14.3532,14.3075,14.2618,14.2161,14.1703,14.1246,14.0789,14.0332,13.9876,13.9432,13.9083,13.8735,13.8387,13.8038,13.769,13.7342,13.6994,13.6646,13.6299,13.5532,13.4612,13.3692,13.2771,13.1851,13.093,13.001,12.9089,12.8169,12.7673,12.7977,12.8281,12.8587,12.8894,12.9203,12.9511,12.9821,13.0132,13.0443,13.0693,13.094,13.1187,13.1434,13.1681,13.1927,13.2174,13.242,13.2666,13.2886,13.3086,13.3286,13.3485,13.3685,13.3885,13.4084,13.4283,13.4482,13.4503,13.3796,13.3088,13.2381,13.1674,13.0967,13.026,12.9553,12.8848,12.8142,12.7041,12.585,12.4658,12.3467,12.2276,12.1085,11.9895,11.8705,11.7516,11.6994,11.7361,11.7729,11.8096,11.8465,11.8833,11.9202,11.9571,11.994,12.0299,12.0428,12.0557,12.0687,12.0817,12.0948,12.1079,12.1211,12.1343,12.1475,12.1766,12.2137,12.2507,12.2876,12.3244,12.3611,12.3977,12.4342,12.4705,12.4833,12.4343,12.3853,12.3363,12.2874,12.2384,12.1894,12.1405,12.0915,12.0426,12.0186,11.9977,11.9765,11.9552,11.9337,11.9121,11.8902,11.8681,11.8459,11.8483,11.8757,11.9031,11.9305,11.958,11.9855,12.0131,12.0407,12.0683,12.0901,12.0645,12.0388,12.0132,11.9876,11.962,11.9363,11.9107,11.885,11.8594,11.8083,11.7469,11.685,11.6224,11.5593,11.4955,11.4311,11.3661,11.3004,11.2357,11.1737,11.1115,11.049,10.9862,10.9232,10.86,10.7964,10.7326,10.6686,10.6159,10.564,10.512,10.46,10.408,10.3559,10.3038,10.2516,10.1994
14.3748,14.3291,14.2834,14.2377,14.192,14.1463,14.1006,14.055,14.0093,13.965,13.9302,13.8954,13.8606,13.8257,13.7909,13.7561,13.7213,13.6866,13.6518,13.5749,13.4836,13.3922,13.3008,13.2095,13.1181,13.0267,12.9353,12.8439,12.7934,12.817,12.8407,12.8645,12.8885,12.9125,12.9366,12.9609,12.9851,13.0095,13.0342,13.059,13.0837,13.1084,13.133,13.1577,13.1824,13.207,13.2317,13.2525,13.2706,13.2888,13.3069,13.325,13.3431,13.3611,13.3792,13.3973,13.3993,13.3357,13.2721,13.2084,13.1448,13.0812,13.0177,12.9542,12.8907,12.8273,12.7204,12.6033,12.4862,12.3691,12.2521,12.135,12.0181,11.9011,11.7842,11.7326,11.7704,11.8083,11.8461,11.8841,11.922,11.96,11.998,12.0361,12.0733,12.0875,12.1017,12.116,12.1303,12.1447,12.1591,12.1735,12.188,12.2026,12.2291,12.262,12.2949,12.3276,12.3602,12.3927,12.4251,12.4574,12.4896,12.5007,12.4517,12.4027,12.3537,12.3048,12.2558,12.2068,12.1578,12.1089,12.0599,12.0317,12.0064,11.9809,11.9553,11.9295,11.9035,11.8773,11.8509,11.8243,11.8238,11.8521,11.8804,11.9088,11.9372,11.9657,11.9942,12.0227,12.0513,12.0753,12.0497,12.0241,11.9985,11.9729,11.9472,11.9216,11.8959,11.8703,11.8446,11.7881,11.7173,11.6458,11.5738,11.5012,11.428,11.3541,11.2796,11.2045,11.132,11.0668,11.0014,10.9357,10.8697,10.8035,10.7371,10.6703,10.6033,10.5361,10.4826,10.4307,10.3787,10.3267,10.2747,10.2226,10.1705,10.1183,10.0661
14.3964,14.3507,14.305,14.2593,14.2137,14.168,14.1223,14.0767,14.031,13.9869,13.9521,13.9173,13.8825,13.8477,13.8128,13.778,13.7433,13.7085,13.6737,13.5967,13.506,13.4153,13.3245,13.2338,13.1431,13.0524,12.9616,12.8709,12.8193,12.8362,12.8531,12.8702,12.8874,12.9047,12.922,12.9395,12.957,12.9746,12.9992,13.0239,13.0486,13.0733,13.098,13.1227,13.1474,13.172,13.1967,13.2164,13.2327,13.249,13.2652,13.2815,13.2977,13.3139,13.3301,13.3463,13.3483,13.2918,13.2353,13.1788,13.1223,13.0658,13.0094,12.953,12.8966,12.8403,12.7367,12.6216,12.5065,12.3915,12.2765,12.1615,12.0466,11.9317,11.8168,11.7657,11.8047,11.8436,11.8826,11.9216,11.9607,11.9998,12.0389,12.0781,12.1167,12.1322,12.1477,12.1632,12.1788,12.1945,12.2102,12.2259,12.2417,12.2576,12.2816,12.3104,12.3391,12.3677,12.3961,12.4245,12.4527,12.4808,12.5088,12.5181,12.4691,12.4201,12.3711,12.3222,12.2732,12.2242,12.1752,12.1262,12.0773,12.0449,12.0153,11.9855,11.9555,11.9254,11.8951,11.8645,11.8338,11.8029,11.7992,11.8284,11.8577,11.887,11.9164,11.9458,11.9753,12.0047,12.0343,12.0606,12.035,12.0094,11.9838,11.9581,11.9325,11.9069,11.8812,11.8556,11.8299,11.7684,11.6881,11.6072,11.5258,11.4437,11.361,11.2777,11.1938,11.1092,11.0285,10.9601,10.8915,10.8226,10.7535,10.684,10.6144,10.5444,10.4742,10.4038,10.3493,10.2974,10.2454,10.1935,10.1414,10.0893,10.0372,9.985,9.9328
14.4181,14.3724,14.3267,14.281,14.2353,14.1897,14.144,14.0984,14.0527,14.0088,13.974,13.9392,13.9044,13.8696,13.8348,13.8,13.7652,13.7304,13.6956,13.6184,13.5284,13.4383,13.3483,13.2582,13.1681,13.0781,12.988,12.8979,12.8452,12.8553,12.8655,12.8758,12.8862,12.8967,12.9074,12.918,12.9288,12.9397,12.9641,12.9889,13.0136,13.0383,13.063,13.0877,13.1124,13.137,13.1617,13.1803,13.1947,13.2091,13.2235,13.2379,13.2523,13.2667,13.281,13.2953,13.2973,13.2479,13.1985,13.1491,13.0997,13.0503,13.001,12.9517,12.9025,12.8533,12.7529,12.6399,12.5269,12.4139,12.3009,12.188,12.0751,11.9622,11.8494,11.7988,11.8389,11.879,11.9191,11.9592,11.9994,12.0396,12.0798,12.1201,12.1601,12.1768,12.1936,12.2105,12.2274,12.2443,12.2613,12.2783,12.2954,12.3125,12.3343,12.359,12.3835,12.4079,12.4322,12.4564,12.4804,12.5044,12.5282,12.5356,12.4866,12.4376,12.3886,12.3396,12.2906,12.2416,12.1926,12.1436,12.0946,12.0583,12.0243,11.9902,11.9559,11.9215,11.8868,11.852,11.8169,11.7817,11.7745,11.8047,11.835,11.8652,11.8956,11.9259,11.9563,11.9867,12.0172,12.0459,12.0203,11.9947,11.969,11.9434,11.9178,11.8921,11.8665,11.8408,11.8152,11.7493,11.6596,11.5692,11.4783,11.3868,11.2947,11.2019,11.1085,11.0145,10.9253,10.8537,10.7818,10.7097,10.6374,10.5648,10.4919,10.4188,10.3454,10.2717,10.216,10.1641,10.1122,10.0602,10.0081,9.956,9.9039,9.8517,9.7995
14.4397,14.394,14.3483,14.3027,14.257,14.2113,14.1657,14.1201,14.0744,14.0307,13.9959,13.9611,13.9263,13.8915,13.8567,13.8219,13.7871,13.7523,13.7175,13.6402,13.5508,13.4614,13.372,13.2826,13.1932,13.1038,13.0143,12.9249,12.8709,12.8743,12.8777,12.8813,12.8849,12.8887,12.8926,12.8965,12.9005,12.9046,12.9291,12.9538,12.9786,13.0033,13.028,13.0527,13.0774,13.102,13.1267,13.1442,13.1568,13.1693,13.1819,13.1944,13.2069,13.2194,13.2319,13.2444,13.2462,13.2039,13.1616,13.1193,13.0771,13.0348,12.9926,12.9504,12.9083,12.8662,12.7692,12.6582,12.5472,12.4362,12.3253,12.2144,12.1035,11.9927,11.8819,11.832,11.8731,11.9143,11.9555,11.9968,12.038,12.0793,12.1207,12.1621,12.2034,12.2214,12.2395,12.2577,12.2758,12.2941,12.3123,12.3306,12.349,12.3674,12.3871,12.4076,12.4279,12.4482,12.4683,12.4884,12.5083,12.528,12.5477,12.553,12.504,12.455,12.406,12.357,12.308,12.259,12.21,12.161,12.112,12.0718,12.0336,11.9952,11.9566,11.9178,11.8788,11.8396,11.8003,11.7607,11.7499,11.781,11.8122,11.8434,11.8746,11.9059,11.9373,11.9686,12.0001,12.0312,12.0056,11.9799,11.9543,11.9287,11.9031,11.8774,11.8518,11.8261,11.8005,11.7308,11.6316,11.5318,11.4314,11.3305,11.2289,11.1267,11.0239,10.9205,10.8222,10.7474,10.6724,10.5971,10.5215,10.4457,10.3697,10.2933,10.2167,10.1398,10.0827,10.0308,9.9789,9.9269,9.8748,9.8228,9.7706,9.7185,9.6662
14.4613,14.4156,14.37,14.3243,14.2787,14.233,14.1874,14.1418,14.0962,14.0526,14.0178,13.983,13.9482,13.9134,13.8786,13.8438,13.809,13.7742,13.7395,13.662,13.5732,13.4845,13.3958,13.307,13.2183,13.1295,13.0407,12.952,12.8965,12.8931,12.8898,12.8867,12.8836,12.8806,12.8777,12.8749,12.8722,12.8695,12.894,12.9188,12.9435,12.9683,12.993,13.0177,13.0424,13.0671,13.0917,13.1081,13.1188,13.1295,13.1402,13.1509,13.1615,13.1722,13.1828,13.1934,13.1952,13.16,13.1248,13.0896,13.0544,13.0193,12.9841,12.9491,12.914,12.879,12.7854,12.6764,12.5675,12.4586,12.3497,12.2408,12.132,12.0232,11.9144,11.8651,11.9073,11.9496,11.9919,12.0343,12.0767,12.1191,12.1615,12.204,12.2465,12.266,12.2854,12.3048,12.3243,12.3438,12.3634,12.383,12.4026,12.4223,12.4401,12.4564,12.4726,12.4886,12.5046,12.5205,12.5362,12.5518,12.5673,12.5704,12.5214,12.4724,12.4234,12.3744,12.3253,12.2763,12.2273,12.1784,12.1294,12.0856,12.043,12.0003,11.9573,11.9142,11.871,11.8275,11.7838,11.7399,11.7251,11.7572,11.7893,11.8215,11.8537,11.8859,11.9182,11.9505,11.9829,12.0153,11.9908,11.9652,11.9396,11.914,11.8883,11.8627,11.837,11.8114,11.7857,11.7128,11.6042,11.4949,11.3851,11.2747,11.1637,11.0521,10.9399,10.827,10.7194,10.6414,10.5631,10.4846,10.4059,10.3269,10.2476,10.1681,10.0883,10.0082,9.9494,9.8975,9.8456,9.7936,9.7415,9.6895,9.6373,9.5852,9.533
14.4829,14.4372,14.3916,14.346,14.3003,14.2547,14.2091,14.1635,14.1179,14.0745,14.0397,14.0049,13.9701,13.9353,13.9005,13.8657,13.8309,13.7961,13.7614,13.6838,13.5957,13.5076,13.4195,13.3314,13.2433,13.1552,13.0671,12.979,12.922,12.9119,12.9018,12.8919,12.8821,12.8724,12.8628,12.8532,12.8437,12.8343,12.859,12.8838,12.9085,12.9332,12.958,12.9827,13.0074,13.0321,13.0567,13.072,13.0808,13.0897,13.0985,13.1073,13.1161,13.1249,13.1337,13.1424,13.1441,13.116,13.0879,13.0598,13.0317,13.0037,12.9757,12.9477,12.9197,12.8918,12.8016,12.6947,12.5877,12.4809,12.374,12.2672,12.1604,12.0536,11.9469,11.8982,11.9415,11.9849,12.0283,12.0718,12.1153,12.1588,12.2024,12.246,12.2896,12.3106,12.3313,12.352,12.3727,12.3935,12.4143,12.4352,12.4562,12.4772,12.4931,12.5052,12.5173,12.5292,12.541,12.5527,12.5643,12.5758,12.5871,12.5879,12.5388,12.4898,12.4408,12.3918,12.3427,12.2937,12.2447,12.1957,12.1467,12.0995,12.0526,12.0055,11.9583,11.9109,11.8633,11.8155,11.7675,11.7193,11.7004,11.7334,11.7665,11.7996,11.8327,11.8659,11.8991,11.9323,11.9656,11.999,11.9761,11.9505,11.9249,11.8992,11.8736,11.848,11.8223,11.7967,11.771,11.6954,11.5773,11.4587,11.3394,11.2196,11.0992,10.9781,10.8564,10.7341,10.6167,10.5356,10.4541,10.3724,10.2905,10.2083,10.1258,10.0431,9.9601,9.8769,9.8161,9.7642,9.7123,9.6603,9.6082,9.5562,9.5041,9.4519,9.3997
14.5045,14.4589,14.4132,14.3676,14.322,14.2764,14.2308,14.1852,14.1396,14.0964,14.0616,14.0268,13.992,13.9572,13.9224,13.8876,13.8528,13.818,13.7833,13.7056,13.6182,13.5307,13.4433,13.3559,13.2684,13.181,13.0935,13.0061,12.9474,12.9305,12.9138,12.8971,12.8805,12.8641,12.8477,12.8314,12.8152,12.7992,12.824,12.8487,12.8735,12.8982,12.9229,12.9477,12.9724,12.9971,13.0218,13.0359,13.0429,13.0498,13.0568,13.0638,13.0707,13.0777,13.0846,13.0915,13.093,13.072,13.051,13.03,13.009,12.9881,12.9671,12.9462,12.9254,12.9046,12.8178,12.7129,12.608,12.5031,12.3983,12.2935,12.1888,12.0841,11.9794,11.9312,11.9757,12.0202,12.0647,12.1093,12.1539,12.1985,12.2432,12.2879,12.3326,12.3551,12.3771,12.3991,12.4211,12.4432,12.4653,12.4875,12.5097,12.532,12.5463,12.5542,12.5621,12.5699,12.5776,12.5851,12.5926,12.5999,12.6071,12.6053,12.5562,12.5072,12.4582,12.4092,12.3601,12.3111,12.2621,12.2131,12.1641,12.1136,12.0624,12.011,11.9595,11.9077,11.8558,11.8037,11.7514,11.6989,11.6756,11.7095,11.7435,11.7776,11.8116,11.8458,11.8799,11.9141,11.9484,11.9826,11.9614,11.9358,11.9102,11.8845,11.8589,11.8332,11.8076,11.7819,11.7563,11.6785,11.551,11.4229,11.2943,11.165,11.0352,10.9047,10.7736,10.6419,10.5143,10.4299,10.3453,10.2604,10.1753,10.0899,10.0042,9.9183,9.8321,9.7457,9.6828,9.6309,9.579,9.527,9.475,9.4229,9.3708,9.3186,9.2664
14.5261,14.4805,14.4349,14.3893,14.3437,14.2981,14.2525,14.2069,14.1613,14.1183,14.0835,14.0487,14.0139,13.9791,13.9443,13.9095,13.8747,13.84,13.8052,13.7274,13.6407,13.5539,13.4671,13.3803,13.2935,13.2067,13.12,13.0332,12.9727,12.9491,12.9256,12.9022,12.8789,12.8557,12.8326,12.8096,12.7866,12.7641,12.7889,12.8137,12.8384,12.8632,12.8879,12.9127,12.9374,12.9621,12.9868,12.9997,13.0049,13.01,13.0151,13.0202,13.0253,13.0304,13.0355,13.0405,13.042,13.028,13.0141,13.0002,12.9863,12.9724,12.9586,12.9448,12.931,12.9173,12.8339,12.7311,12.6282,12.5254,12.4226,12.3199,12.2172,12.1145,12.0118,11.9643,12.0099,12.0555,12.1011,12.1468,12.1925,12.2382,12.284,12.3298,12.3756,12.3996,12.4229,12.4461,12.4695,12.4928,12.5162,12.5397,12.5632,12.5868,12.5995,12.6034,12.6071,12.6107,12.6142,12.6176,12.6209,12.6241,12.6271,12.6227,12.5737,12.5246,12.4756,12.4266,12.3775,12.3285,12.2795,12.2305,12.1815,12.1278,12.0723,12.0167,11.9608,11.9048,11.8485,11.7921,11.7355,11.6787,11.6507,11.6856,11.7206,11.7555,11.7906,11.8256,11.8607,11.8958,11.931,11.9663,11.9467,11.9211,11.8954,11.8698,11.8442,11.8185,11.7929,11.7672,11.7415,11.6622,11.5253,11.3878,11.2497,11.1111,10.9718,10.8319,10.6914,10.5503,10.4121,10.3245,10.2367,10.1486,10.0603,9.9717,9.8829,9.7938,9.7044,9.6148,9.5495,9.4976,9.4457,9.3937,9.3417,9.2896,9.2375,9.1853,9.1331
14.5477,14.5021,14.4565,14.4109,14.3653,14.3198,14.2742,14.2286,14.1831,14.1402,14.1054,14.0706,14.0358,14.001,13.9662,13.9314,13.8966,13.8619,13.8271,13.7493,13.6632,13.577,13.4909,13.4048,13.3187,13.2325,13.1464,13.0602,12.9978,12.9675,12.9372,12.9071,12.8771,12.8472,12.8173,12.7876,12.7579,12.7291,12.7539,12.7786,12.8034,12.8282,12.8529,12.8777,12.9024,12.9271,12.9518,12.9636,12.9669,12.9702,12.9734,12.9767,12.9799,12.9832,12.9864,12.9896,12.9909,12.984,12.9772,12.9703,12.9635,12.9567,12.95,12.9432,12.9365,12.9299,12.8501,12.7492,12.6484,12.5477,12.4469,12.3462,12.2455,12.1448,12.0442,11.9973,12.044,12.0907,12.1375,12.1842,12.231,12.2779,12.3247,12.3716,12.4186,12.4441,12.4686,12.4932,12.5178,12.5424,12.5671,12.5919,12.6167,12.6415,12.6529,12.6526,12.6522,12.6516,12.651,12.6503,12.6494,12.6484,12.6473,12.6402,12.5911,12.542,12.493,12.444,12.3949,12.3459,12.2969,12.2478,12.1988,12.1423,12.0825,12.0225,11.9623,11.902,11.8415,11.7807,11.7198,11.6587,11.6258,11.6617,11.6975,11.7335,11.7694,11.8054,11.8415,11.8775,11.9137,11.9498,11.932,11.9063,11.8807,11.8551,11.8294,11.8038,11.7781,11.7525,11.7268,11.6465,11.5001,11.3532,11.2057,11.0577,10.909,10.7597,10.6098,10.4592,10.3101,10.2193,10.1283,10.0371,9.9455,9.8538,9.7617,9.6695,9.5769,9.4841,9.4162,9.3643,9.3122,9.2591,9.2057,9.152,9.0981,9.044,8.9896
14.5693,14.5237,14.4782,14.4326,14.387,14.3414,14.2959,14.2503,14.2048,14.1621,14.1273,14.0925,14.0577,14.0229,13.9881,13.9533,13.9186,13.8838,13.849,13.7711,13.6857,13.6002,13.5147,13.4293,13.3438,13.2583,13.1728,13.0873,13.0229,12.9858,12.9488,12.912,12.8752,12.8386,12.802,12.7656,12.7292,12.694,12.7188,12.7436,12.7684,12.7931,12.8179,12.8426,12.8674,12.8921,12.9168,12.9275,12.9289,12.9303,12.9317,12.9331,12.9345,12.9359,12.9373,12.9386,12.9397,12.94,12.9402,12.9404,12.9407,12.941,12.9413,12.9416,12.942,12.9425,12.8662,12.7674,12.6686,12.5699,12.4712,12.3725,12.2738,12.1752,12.0766,12.0304,12.0781,12.1259,12.1738,12.2217,12.2696,12.3175,12.3655,12.4135,12.4615,12.4886,12.5144,12.5402,12.5661,12.592,12.618,12.644,12.6701,12.6963,12.7064,12.7019,12.6974,12.6927,12.6879,12.683,12.678,12.6729,12.6676,12.6576,12.6085,12.5595,12.5104,12.4614,12.4123,12.3633,12.3142,12.2652,12.2162,12.1569,12.0928,12.0285,11.964,11.8994,11.8346,11.7695,11.7043,11.6389,11.6009,11.6376,11.6745,11.7113,11.7482,11.7852,11.8221,11.8592,11.896,11.9313,11.9132,11.8851,11.8567,11.828,11.7989,11.7694,11.7395,11.7093,11.6787,11.5943,11.4375,11.2805,11.1234,10.966,10.8085,10.6508,10.493,10.3349,10.1767,10.0831,9.9894,9.8957,9.802,9.7082,9.6144,9.5205,9.4266,9.3327,9.2611,9.2058,9.1504,9.0946,9.0387,8.9825,8.926,8.8693,8.8123
14.5726,14.5273,14.482,14.4367,14.3915,14.3463,14.3011,14.2559,14.2107,14.1682,14.1324,14.0967,14.0611,14.0257,13.9904,13.9552,13.9201,13.8852,13.8503,13.7732,13.6895,13.6057,13.5218,13.4379,13.354,13.2701,13.1861,13.1021,13.0366,12.9943,12.9521,12.9097,12.8674,12.825,12.7827,12.7403,12.6979,12.6571,12.6822,12.7072,12.7322,12.7572,12.7821,12.807,12.8319,12.8567,12.8815,12.8911,12.8907,12.8904,12.89,12.8896,12.8892,12.8887,12.8883,12.8878,12.8888,12.896,12.9032,12.9103,12.9175,12.9247,12.9318,12.9389,12.946,12.9531,12.8803,12.7834,12.6867,12.5899,12.4932,12.3966,12.3,12.2036,12.1071,12.0615,12.1099,12.1583,12.2067,12.255,12.3033,12.3515,12.3997,12.4479,12.496,12.5238,12.5501,12.5763,12.6026,12.6289,12.6552,12.6815,12.7077,12.734,12.7415,12.7308,12.7199,12.7087,12.6973,12.6856,12.6737,12.6615,12.649,12.6328,12.5816,12.5304,12.4791,12.4277,12.3763,12.3248,12.2733,12.2217,12.17,12.1075,12.0396,11.9718,11.9038,11.8359,11.7679,11.6999,11.6319,11.5638,11.5213,11.5574,11.5936,11.6297,11.6659,11.7021,11.7383,11.7745,11.8107,11.847,11.8259,11.792,11.7578,11.7232,11.6882,11.6529,11.6173,11.5812,11.5448,11.4597,11.3009,11.1418,10.9826,10.8232,10.6636,10.5039,10.3439,10.1838,10.0235,9.9279,9.8345,9.7409,9.6474,9.5537,9.4601,9.3664,9.2727,9.1789,9.1046,9.0468,8.9887,8.9304,8.8719,8.8131,8.754,8.6947,8.6352
14.5574,14.5113,14.4652,14.4191,14.3731,14.3271,14.2811,14.2351,14.1892,14.1447,14.1038,14.0631,14.0225,13.982,13.9416,13.9014,13.8613,13.8213,13.7813,13.7035,13.6202,13.5369,13.4536,13.3702,13.2868,13.2034,13.1199,13.0364,12.9715,12.9291,12.8866,12.8442,12.8017,12.7592,12.7167,12.6742,12.6316,12.5912,12.6184,12.6455,12.6726,12.6997,12.7267,12.7537,12.7807,12.8076,12.8345,12.8453,12.8456,12.8459,12.8462,12.8465,12.8467,12.847,12.8472,12.8474,12.8489,12.8562,12.8634,12.8705,12.8777,12.8849,12.892,12.8991,12.9062,12.9133,12.8453,12.7542,12.6631,12.5721,12.4811,12.3902,12.2994,12.2086,12.1179,12.0743,12.1206,12.1668,12.213,12.2592,12.3053,12.3514,12.3975,12.4435,12.4895,12.5173,12.5436,12.5699,12.5962,12.6225,12.6487,12.675,12.7013,12.7276,12.7315,12.7128,12.6938,12.6746,12.6552,12.6355,12.6155,12.5952,12.5747,12.5516,12.4995,12.4473,12.395,12.3427,12.2903,12.2378,12.1853,12.1327,12.0801,12.0175,11.9496,11.8817,11.8137,11.7457,11.6777,11.6096,11.5415,11.4734,11.4287,11.4657,11.5028,11.5399,11.577,11.6141,11.6512,11.6883,11.7255,11.7626,11.7389,11.6992,11.6591,11.6187,11.5779,11.5368,11.4953,11.4534,11.4112,11.3253,11.1643,11.0032,10.842,10.6805,10.5189,10.357,10.195,10.0329,9.8705,9.7728,9.6795,9.5861,9.4927,9.3993,9.3058,9.2122,9.1187,9.0251,8.9483,8.8879,8.8272,8.7664,8.7053,8.6439,8.5823,8.5204,8.4583
14.5421,14.4952,14.4483,14.4015,14.3547,14.3079,14.2611,14.2143,14.1676,14.1211,14.0752,14.0294,13.9837,13.9382,13.8928,13.8475,13.8023,13.7572,13.7123,13.6338,13.551,13.4682,13.3854,13.3025,13.2196,13.1366,13.0537,12.9707,12.9063,12.8638,12.8212,12.7786,12.736,12.6934,12.6507,12.608,12.5654,12.5252,12.5545,12.5838,12.613,12.6422,12.6713,12.7004,12.7295,12.7585,12.7876,12.7995,12.8005,12.8015,12.8024,12.8034,12.8043,12.8053,12.8062,12.8071,12.8091,12.8163,12.8235,12.8307,12.8379,12.845,12.8522,12.8593,12.8664,12.8735,12.8102,12.7248,12.6395,12.5542,12.469,12.3838,12.2987,12.2136,12.1287,12.0871,12.1313,12.1754,12.2194,12.2634,12.3074,12.3514,12.3953,12.4392,12.483,12.5109,12.5372,12.5634,12.5897,12.616,12.6423,12.6686,12.6949,12.7211,12.7218,12.695,12.668,12.6408,12.6133,12.5855,12.5575,12.5292,12.5007,12.4704,12.4173,12.3641,12.3109,12.2576,12.2043,12.1508,12.0974,12.0438,11.9902,11.9275,11.8596,11.7916,11.7236,11.6555,11.5875,11.5193,11.4512,11.383,11.336,11.374,11.412,11.45,11.488,11.526,11.564,11.6021,11.6401,11.6782,11.6522,11.6067,11.5608,11.5146,11.468,11.421,11.3737,11.326,11.2779,11.191,11.028,10.8648,10.7014,10.5379,10.3742,10.2103,10.0463,9.882,9.7176,9.6176,9.5244,9.4312,9.338,9.2448,9.1514,9.0581,8.9647,8.8713,8.7921,8.7292,8.666,8.6025,8.5389,8.4749,8.4107,8.3463,8.2816
14.5268,14.4791,14.4315,14.3838,14.3362,14.2886,14.2411,14.1935,14.146,14.0973,14.0463,13.9955,13.9448,13.8942,13.8438,13.7934,13.7432,13.6931,13.6431,13.5641,13.4818,13.3995,13.3172,13.2348,13.1524,13.0699,12.9875,12.905,12.8412,12.7985,12.7558,12.713,12.6703,12.6275,12.5847,12.5419,12.4991,12.4593,12.4907,12.5221,12.5534,12.5847,12.6159,12.6471,12.6783,12.7095,12.7406,12.7536,12.7553,12.757,12.7587,12.7603,12.7619,12.7635,12.7651,12.7667,12.7693,12.7765,12.7837,12.7909,12.7981,12.8052,12.8124,12.8195,12.8266,12.8337,12.7751,12.6955,12.6158,12.5363,12.4568,12.3773,12.2979,12.2186,12.1393,12.1,12.142,12.1839,12.2258,12.2677,12.3096,12.3514,12.3932,12.4349,12.4766,12.5044,12.5307,12.557,12.5833,12.6096,12.6359,12.6621,12.6884,12.7147,12.7123,12.6775,12.6424,12.6072,12.5716,12.5358,12.4998,12.4635,12.4269,12.3893,12.3352,12.2811,12.2269,12.1726,12.1183,12.0639,12.0094,11.9549,11.9003,11.8376,11.7696,11.7015,11.6335,11.5654,11.4972,11.4291,11.3609,11.2926,11.2433,11.2822,11.3211,11.36,11.3989,11.4378,11.4768,11.5158,11.5547,11.5938,11.5658,11.5145,11.4628,11.4107,11.3583,11.3056,11.2524,11.1989,11.145,11.0568,10.8917,10.7265,10.5611,10.3955,10.2297,10.0638,9.8977,9.7314,9.5649,9.4624,9.3694,9.2764,9.1833,9.0902,8.9971,8.9039,8.8107,8.7174,8.6362,8.5707,8.5049,8.4389,8.3726,8.3061,8.2394,8.1724,8.1051
14.5115,14.463,14.4146,14.3662,14.3178,14.2694,14.221,14.1727,14.1244,14.0734,14.0173,13.9615,13.9057,13.8501,13.7946,13.7392,13.684,13.6288,13.5738,13.4944,13.4126,13.3308,13.249,13.1671,13.0852,13.0032,12.9213,12.8393,12.776,12.7332,12.6903,12.6475,12.6046,12.5617,12.5188,12.4758,12.4328,12.3935,12.427,12.4604,12.4938,12.5272,12.5606,12.5939,12.6272,12.6604,12.6936,12.7078,12.7102,12.7125,12.7149,12.7172,12.7195,12.7218,12.724,12.7263,12.7295,12.7367,12.7439,12.7511,12.7583,12.7654,12.7726,12.7797,12.7868,12.7939,12.74,12.666,12.5921,12.5183,12.4445,12.3707,12.297,12.2234,12.1499,12.1129,12.1527,12.1925,12.2323,12.2721,12.3118,12.3514,12.3911,12.4307,12.4702,12.498,12.5243,12.5505,12.5768,12.6031,12.6294,12.6557,12.682,12.7083,12.703,12.6602,12.6171,12.5738,12.5302,12.4864,12.4423,12.398,12.3533,12.3082,12.2531,12.198,12.1429,12.0876,12.0323,11.977,11.9216,11.8661,11.8105,11.7476,11.6796,11.6115,11.5433,11.4752,11.407,11.3388,11.2705,11.2023,11.1506,11.1904,11.2302,11.27,11.3098,11.3497,11.3895,11.4294,11.4693,11.5092,11.4798,11.4226,11.3651,11.3072,11.249,11.1904,11.1315,11.0722,11.0125,10.9227,10.7556,10.5883,10.4208,10.2532,10.0853,9.9173,9.7492,9.5808,9.4123,9.3072,9.2144,9.1215,9.0286,8.9357,8.8427,8.7497,8.6567,8.5636,8.4804,8.4123,8.344,8.2754,8.2066,8.1375,8.0682,7.9986,7.9288
14.4962,14.4469,14.3977,14.3485,14.2993,14.2501,14.201,14.1518,14.1027,14.0493,13.9882,13.9273,13.8665,13.8059,13.7453,13.6849,13.6246,13.5644,13.5043,13.4247,13.3434,13.2621,13.1808,13.0994,13.018,12.9365,12.8551,12.7736,12.7108,12.6679,12.6249,12.5819,12.5389,12.4958,12.4528,12.4097,12.3666,12.3276,12.3632,12.3988,12.4343,12.4698,12.5052,12.5406,12.576,12.6113,12.6467,12.662,12.6651,12.6681,12.6711,12.6741,12.6771,12.68,12.683,12.6859,12.6896,12.6969,12.7041,12.7113,12.7184,12.7256,12.7328,12.7399,12.747,12.7542,12.7048,12.6365,12.5684,12.5002,12.4321,12.3641,12.2961,12.2282,12.1604,12.1258,12.1635,12.2012,12.2388,12.2764,12.314,12.3515,12.389,12.4265,12.4639,12.4915,12.5178,12.5441,12.5704,12.5967,12.623,12.6493,12.6756,12.7018,12.694,12.6431,12.592,12.5406,12.4891,12.4372,12.3851,12.3327,12.2801,12.2271,12.1711,12.115,12.0589,12.0027,11.9464,11.8901,11.8337,11.7773,11.7208,11.6576,11.5895,11.5214,11.4532,11.385,11.3168,11.2485,11.1802,11.1119,11.0578,11.0985,11.1392,11.1799,11.2207,11.2614,11.3022,11.343,11.3838,11.4247,11.394,11.3311,11.2677,11.2041,11.14,11.0756,11.0109,10.9457,10.8802,10.7887,10.6195,10.4502,10.2807,10.111,9.9411,9.771,9.6008,9.4304,9.2598,9.1519,9.0593,8.9666,8.8739,8.7812,8.6884,8.5955,8.5026,8.4097,8.3248,8.2542,8.1833,8.1121,8.0408,7.9691,7.8972,7.8251,7.7527
14.4808,14.4307,14.3807,14.3307,14.2807,14.2308,14.1809,14.1309,14.081,14.025,13.9589,13.893,13.8272,13.7615,13.6959,13.6305,13.5651,13.4999,13.4348,13.355,13.2743,13.1934,13.1126,13.0317,12.9508,12.8699,12.7889,12.7079,12.6457,12.6026,12.5595,12.5163,12.4732,12.43,12.3868,12.3436,12.3003,12.2618,12.2995,12.3371,12.3748,12.4123,12.4499,12.4874,12.5249,12.5623,12.5997,12.6162,12.6199,12.6237,12.6273,12.631,12.6347,12.6383,12.6419,12.6455,12.6498,12.657,12.6643,12.6714,12.6786,12.6858,12.693,12.7001,12.7072,12.7144,12.6695,12.607,12.5445,12.4821,12.4197,12.3574,12.2951,12.2329,12.1708,12.1388,12.1743,12.2099,12.2454,12.2808,12.3163,12.3516,12.387,12.4223,12.4576,12.485,12.5113,12.5376,12.5639,12.5902,12.6165,12.6428,12.6691,12.6954,12.6851,12.6262,12.5671,12.5077,12.4481,12.3883,12.3281,12.2677,12.2071,12.1461,12.0891,12.032,11.9749,11.9178,11.8606,11.8033,11.7459,11.6885,11.631,11.5677,11.4995,11.4313,11.3631,11.2949,11.2266,11.1583,11.0899,11.0215,10.9649,11.0066,11.0482,11.0898,11.1315,11.1732,11.2149,11.2566,11.2983,11.3401,11.3086,11.2398,11.1707,11.1012,11.0313,10.9611,10.8906,10.8196,10.7483,10.6549,10.4836,10.3122,10.1406,9.9689,9.797,9.6249,9.4526,9.2801,9.1074,8.9967,8.9042,8.8117,8.7192,8.6266,8.534,8.4413,8.3486,8.2558,8.1694,8.0962,8.0228,7.9491,7.8751,7.8009,7.7265,7.6518,7.5768
14.4654,14.4146,14.3637,14.313,14.2622,14.2115,14.1607,14.11,14.0593,14.0007,13.9295,13.8585,13.7877,13.717,13.6464,13.5759,13.5055,13.4352,13.3651,13.2854,13.2051,13.1248,13.0444,12.964,12.8836,12.8032,12.7227,12.6422,12.5805,12.5373,12.494,12.4507,12.4074,12.3641,12.3208,12.2774,12.234,12.196,12.2358,12.2755,12.3153,12.3549,12.3946,12.4342,12.4737,12.5133,12.5528,12.5704,12.5748,12.5792,12.5836,12.5879,12.5923,12.5966,12.6009,12.6052,12.61,12.6172,12.6244,12.6316,12.6388,12.646,12.6532,12.6603,12.6674,12.6746,12.6342,12.5774,12.5206,12.4639,12.4072,12.3506,12.294,12.2376,12.1811,12.1518,12.1852,12.2186,12.2519,12.2853,12.3186,12.3518,12.385,12.4182,12.4513,12.4786,12.5049,12.5312,12.5575,12.5838,12.6101,12.6364,12.6627,12.689,12.6765,12.6096,12.5425,12.4751,12.4074,12.3396,12.2714,12.203,12.1343,12.0653,12.0071,11.9491,11.891,11.8329,11.7747,11.7165,11.6582,11.5998,11.5413,11.4777,11.4095,11.3413,11.273,11.2047,11.1364,11.068,10.9996,10.9311,10.872,10.9146,10.9571,10.9997,11.0423,11.0849,11.1275,11.1701,11.2127,11.2554,11.2235,11.1489,11.0739,10.9986,10.923,10.847,10.7706,10.6939,10.6168,10.5211,10.3479,10.1744,10.0008,9.827,9.653,9.4788,9.3045,9.1299,8.9552,8.8415,8.7492,8.6568,8.5645,8.472,8.3796,8.2871,8.1945,8.102,8.0142,7.9385,7.8624,7.7862,7.7096,7.6329,7.5559,7.4786,7.4011
14.45,14.3983,14.3467,14.2952,14.2436,14.1921,14.1406,14.0891,14.0376,13.9761,13.9,13.8239,13.7481,13.6723,13.5967,13.5212,13.4458,13.3705,13.2953,13.2157,13.1359,13.0561,12.9763,12.8964,12.8165,12.7365,12.6565,12.5765,12.5153,12.472,12.4286,12.3852,12.3417,12.2983,12.2548,12.2113,12.1678,12.1302,12.1721,12.2139,12.2558,12.2975,12.3393,12.381,12.4226,12.4643,12.5059,12.5246,12.5297,12.5348,12.5398,12.5448,12.5498,12.5548,12.5598,12.5648,12.5702,12.5774,12.5846,12.5918,12.599,12.6062,12.6133,12.6205,12.6276,12.6348,12.5989,12.5478,12.4967,12.4457,12.3947,12.3438,12.2929,12.2421,12.1914,12.1648,12.1961,12.2273,12.2585,12.2897,12.3209,12.352,12.3831,12.4141,12.4451,12.4721,12.4984,12.5248,12.5511,12.5774,12.6037,12.63,12.6563,12.6825,12.6681,12.5932,12.518,12.4426,12.367,12.2911,12.215,12.1385,12.0618,11.9848,11.9251,11.8662,11.8072,11.7481,11.6889,11.6297,11.5704,11.5111,11.4517,11.3877,11.3195,11.2512,11.1829,11.1145,11.0461,10.9777,10.9093,10.8408,10.7791,10.8226,10.866,10.9095,10.953,10.9965,11.04,11.0836,11.1271,11.1707,11.1386,11.0582,10.9775,10.8964,10.815,10.7332,10.651,10.5685,10.4855,10.3875,10.2122,10.0367,9.861,9.6851,9.5091,9.3329,9.1565,8.9799,8.8031,8.6862,8.5941,8.5019,8.4097,8.3175,8.2252,8.1329,8.0405,7.9481,7.8592,7.7809,7.7023,7.6235,7.5444,7.4651,7.3855,7.3057,7.2256
14.4345,14.3821,14.3297,14.2774,14.225,14.1727,14.1204,14.0681,14.0159,13.9514,13.8702,13.7892,13.7083,13.6275,13.5469,13.4663,13.3859,13.3056,13.2254,13.1461,13.0668,12.9875,12.9081,12.8287,12.7493,12.6699,12.5904,12.5109,12.4502,12.4067,12.3631,12.3196,12.276,12.2324,12.1888,12.1452,12.1015,12.0644,12.1084,12.1524,12.1963,12.2401,12.284,12.3278,12.3715,12.4152,12.4589,12.4788,12.4846,12.4903,12.496,12.5017,12.5074,12.5131,12.5188,12.5244,12.5303,12.5376,12.5448,12.552,12.5592,12.5664,12.5735,12.5807,12.5878,12.595,12.5635,12.5181,12.4727,12.4274,12.3821,12.3369,12.2917,12.2466,12.2016,12.1778,12.207,12.2361,12.2652,12.2942,12.3233,12.3523,12.3812,12.4101,12.439,12.4657,12.492,12.5183,12.5446,12.5709,12.5972,12.6235,12.6498,12.6761,12.6599,12.577,12.4938,12.4104,12.3268,12.2429,12.1587,12.0743,11.9896,11.9046,11.8432,11.7833,11.7233,11.6633,11.6032,11.543,11.4827,11.4224,11.362,11.2978,11.2295,11.1611,11.0928,11.0244,10.9559,10.8875,10.8189,10.7504,10.6862,10.7305,10.7749,10.8193,10.8637,10.9081,10.9525,10.997,11.0415,11.0859,11.0541,10.9679,10.8814,10.7945,10.7073,10.6197,10.5317,10.4434,10.3547,10.2541,10.0767,9.8991,9.7214,9.5434,9.3654,9.1871,9.0086,8.83,8.6512,8.5309,8.439,8.347,8.255,8.1629,8.0708,7.9786,7.8864,7.7942,7.7044,7.6235,7.5423,7.4609,7.3793,7.2974,7.2153,7.1329,7.0503
14.419,14.3658,14.3127,14.2595,14.2064,14.1533,14.1002,14.0471,13.9941,13.9266,13.8404,13.7543,13.6684,13.5826,13.4969,13.4113,13.3259,13.2406,13.1553,13.0765,12.9977,12.9188,12.84,12.7611,12.6822,12.6032,12.5242,12.4452,12.385,12.3414,12.2977,12.254,12.2103,12.1666,12.1228,12.079,12.0352,11.9987,12.0448,12.0908,12.1368,12.1828,12.2287,12.2746,12.3204,12.3663,12.412,12.433,12.4395,12.4459,12.4523,12.4587,12.465,12.4714,12.4777,12.484,12.4905,12.4977,12.505,12.5122,12.5194,12.5266,12.5337,12.5409,12.548,12.5552,12.5281,12.4883,12.4486,12.409,12.3694,12.3299,12.2904,12.251,12.2117,12.1909,12.2179,12.2449,12.2719,12.2988,12.3257,12.3525,12.3793,12.4061,12.4328,12.4592,12.4855,12.5119,12.5382,12.5645,12.5908,12.6171,12.6434,12.6697,12.652,12.561,12.4699,12.3785,12.2868,12.1949,12.1028,12.0104,11.9176,11.8246,11.7613,11.7005,11.6395,11.5785,11.5174,11.4563,11.3951,11.3338,11.2725,11.2078,11.1395,11.0711,11.0026,10.9342,10.8657,10.7972,10.7286,10.66,10.5932,10.6384,10.6837,10.729,10.7743,10.8197,10.865,10.9104,10.9557,11.0011,10.9699,10.8779,10.7856,10.6929,10.5999,10.5065,10.4127,10.3186,10.2241,10.1207,9.9413,9.7616,9.5819,9.4019,9.2217,9.0414,8.8609,8.6802,8.4994,8.3756,8.2839,8.192,8.1002,8.0083,7.9163,7.8243,7.7323,7.6402,7.5497,7.4662,7.3825,7.2986,7.2144,7.13,7.0453,6.9604,6.8752
14.4035,14.3495,14.2956,14.2416,14.1877,14.1338,14.08,14.0261,13.9723,13.9016,13.8104,13.7193,13.6283,13.5375,13.4468,13.3562,13.2658,13.1754,13.0852,13.0068,12.9285,12.8502,12.7719,12.6935,12.615,12.5366,12.4581,12.3796,12.3198,12.276,12.2322,12.1884,12.1446,12.1007,12.0568,12.0129,11.969,11.933,11.9812,12.0293,12.0774,12.1254,12.1734,12.2214,12.2694,12.3173,12.3652,12.3872,12.3943,12.4014,12.4085,12.4156,12.4226,12.4296,12.4366,12.4436,12.4507,12.4579,12.4651,12.4724,12.4796,12.4867,12.4939,12.5011,12.5082,12.5154,12.4926,12.4585,12.4245,12.3906,12.3567,12.3228,12.2891,12.2553,12.2217,12.204,12.2289,12.2538,12.2786,12.3034,12.3281,12.3529,12.3775,12.4022,12.4268,12.4528,12.4791,12.5054,12.5317,12.558,12.5843,12.6106,12.6369,12.6632,12.6442,12.5453,12.4461,12.3467,12.2471,12.1472,12.0471,11.9466,11.8459,11.745,11.6795,11.6176,11.5557,11.4938,11.4317,11.3696,11.3075,11.2452,11.1829,11.1179,11.0494,10.981,10.9125,10.844,10.7755,10.7069,10.6383,10.5697,10.501,10.5463,10.5925,10.6387,10.6849,10.7312,10.7774,10.8237,10.87,10.9163,10.886,10.7882,10.6901,10.5916,10.4928,10.3937,10.2941,10.1942,10.0939,9.9875,9.806,9.6243,9.4425,9.2604,9.0783,8.8959,8.7133,8.5306,8.3477,8.2204,8.1287,8.0371,7.9454,7.8537,7.7619,7.6701,7.5782,7.4863,7.3952,7.3092,7.223,7.1365,7.0497,6.9627,6.8755,6.788,6.7002
14.388,14.3332,14.2785,14.2237,14.1691,14.1144,14.0597,14.0051,13.9505,13.8764,13.7802,13.6841,13.5881,13.4923,13.3966,13.301,13.2055,13.1101,13.015,12.9372,12.8594,12.7816,12.7037,12.6258,12.5479,12.47,12.392,12.3139,12.2546,12.2107,12.1668,12.1228,12.0788,12.0348,11.9908,11.9468,11.9027,11.8673,11.9176,11.9678,12.018,12.0681,12.1182,12.1683,12.2183,12.2683,12.3183,12.3415,12.3492,12.357,12.3647,12.3725,12.3802,12.3879,12.3956,12.4033,12.4108,12.4181,12.4253,12.4325,12.4397,12.4469,12.4541,12.4613,12.4684,12.4756,12.4571,12.4287,12.4004,12.3721,12.3439,12.3157,12.2876,12.2596,12.2316,12.2172,12.2399,12.2626,12.2853,12.308,12.3306,12.3532,12.3758,12.3983,12.4207,12.4463,12.4726,12.499,12.5253,12.5516,12.5779,12.6042,12.6305,12.6568,12.6367,12.5298,12.4226,12.3152,12.2076,12.0997,11.9916,11.8832,11.7745,11.6655,11.5977,11.5349,11.472,11.4091,11.3461,11.283,11.2199,11.1567,11.0934,11.0279,10.9594,10.891,10.8224,10.7539,10.6853,10.6167,10.548,10.4793,10.4106,10.4541,10.5012,10.5483,10.5955,10.6426,10.6898,10.737,10.7842,10.8314,10.8024,10.6988,10.5949,10.4907,10.3861,10.2811,10.1758,10.0701,9.964,9.8544,9.6708,9.4871,9.3032,9.1191,8.9349,8.7505,8.5659,8.3811,8.1961,8.065,7.9736,7.8821,7.7906,7.699,7.6074,7.5158,7.4241,7.3324,7.2411,7.153,7.0648,6.9766,6.8883,6.8,6.7116,6.6232,6.5347
14.3724,14.3168,14.2613,14.2058,14.1503,14.0949,14.0394,13.984,13.9286,13.8511,13.7499,13.6488,13.5478,13.447,13.3462,13.2456,13.1451,13.0448,12.9449,12.8676,12.7903,12.713,12.6356,12.5582,12.4808,12.4033,12.3258,12.2483,12.1895,12.1454,12.1013,12.0572,12.0131,11.969,11.9248,11.8806,11.8364,11.8016,11.854,11.9063,11.9586,12.0108,12.063,12.1151,12.1672,12.2193,12.2714,12.2957,12.3041,12.3126,12.321,12.3294,12.3378,12.3462,12.3545,12.3629,12.371,12.3783,12.3855,12.3927,12.3999,12.4071,12.4143,12.4215,12.4286,12.4358,12.4215,12.3988,12.3762,12.3536,12.331,12.3085,12.2861,12.2638,12.2415,12.2303,12.251,12.2716,12.2921,12.3127,12.3332,12.3536,12.374,12.3944,12.4148,12.4399,12.4662,12.4925,12.5188,12.5451,12.5715,12.5978,12.6241,12.6504,12.6294,12.5145,12.3994,12.284,12.1684,12.0525,11.9364,11.82,11.7033,11.5864,11.5159,11.4521,11.3883,11.3244,11.2604,11.1964,11.1323,11.0682,11.0039,10.9379,10.8694,10.8009,10.7323,10.6637,10.5951,10.5264,10.4577,10.389,10.3202,10.3619,10.4099,10.4579,10.5059,10.5528,10.5997,10.6465,10.6932,10.7398,10.7114,10.6018,10.4921,10.3824,10.2726,10.1628,10.0529,9.943,9.8331,9.7221,9.5367,9.3513,9.1656,8.9798,8.7939,8.6078,8.4216,8.2352,8.0487,7.9141,7.8232,7.7322,7.6412,7.5502,7.4591,7.3681,7.277,7.1858,7.0949,7.0068,6.9186,6.8304,6.7421,6.6538,6.5654,6.477,6.3885
14.3195,14.2627,14.206,14.1494,14.0929,14.0365,13.9801,13.9239,13.8677,13.7884,13.6855,13.5826,13.4797,13.3767,13.2737,13.1706,13.0676,12.9645,12.8622,12.7877,12.713,12.6382,12.5632,12.488,12.4126,12.3372,12.2615,12.1858,12.1286,12.0855,12.0423,11.999,11.9556,11.9121,11.8685,11.8249,11.7812,11.7475,11.8015,11.8555,11.9095,11.9634,12.0174,12.0713,12.1253,12.1792,12.2331,12.2584,12.2675,12.2767,12.2858,12.295,12.3041,12.3133,12.3224,12.3316,12.3403,12.3465,12.3527,12.3589,12.365,12.3712,12.3772,12.3832,12.3891,12.395,12.3837,12.3656,12.3474,12.3291,12.3109,12.2926,12.2742,12.2559,12.2374,12.228,12.2454,12.2628,12.2801,12.2973,12.3144,12.3314,12.3483,12.365,12.3817,12.4031,12.4257,12.448,12.4701,12.492,12.5135,12.5348,12.5559,12.5766,12.5508,12.4274,12.3038,12.1801,12.0562,11.9321,11.8079,11.6835,11.559,11.4342,11.3599,11.2941,11.2282,11.1622,11.0963,11.0303,10.9643,10.8982,10.8321,10.7664,10.7015,10.6369,10.5725,10.5084,10.4446,10.3811,10.3179,10.255,10.1924,10.2308,10.2775,10.3242,10.3708,10.4173,10.4638,10.5102,10.5565,10.6028,10.5783,10.4686,10.3589,10.2492,10.1394,10.0296,9.9197,9.8098,9.6998,9.5898,9.4041,9.217,9.0297,8.8424,8.6548,8.4671,8.2793,8.0913,7.9032,7.7648,7.6743,7.5836,7.493,7.4023,7.3116,7.2209,7.1301,7.0394,6.9487,6.8605,6.7724,6.6842,6.5959,6.5076,6.4192,6.3308,6.2423
14.2416,14.1813,14.1211,14.061,14.001,13.941,13.8812,13.8214,13.7617,13.6799,13.577,13.474,13.371,13.268,13.1649,13.0618,12.9587,12.8555,12.7539,12.6856,12.6171,12.5485,12.4797,12.4107,12.3416,12.2724,12.203,12.1334,12.0824,12.045,12.0075,11.9699,11.9322,11.8944,11.8565,11.8186,11.7806,11.7527,11.8085,11.8644,11.9202,11.976,12.0318,12.0876,12.1433,12.1991,12.2549,12.2818,12.2928,12.3038,12.3147,12.3257,12.3367,12.3477,12.3587,12.3697,12.3782,12.375,12.3718,12.3686,12.3653,12.362,12.3587,12.3552,12.3518,12.3482,12.3331,12.3132,12.2932,12.2733,12.2533,12.2332,12.2131,12.193,12.1728,12.1608,12.174,12.1871,12.2001,12.213,12.2259,12.2386,12.2512,12.2637,12.276,12.2896,12.3033,12.3168,12.3301,12.3431,12.3558,12.3683,12.3805,12.3924,12.3614,12.2349,12.1082,11.9813,11.8543,11.7272,11.5998,11.4723,11.3446,11.2168,11.142,11.0773,11.0126,10.9478,10.883,10.8182,10.7534,10.6885,10.6236,10.5616,10.5048,10.4483,10.392,10.336,10.2803,10.2249,10.1697,10.1149,10.0605,10.0968,10.1431,10.1894,10.2356,10.2818,10.3279,10.3739,10.4198,10.4657,10.4451,10.3355,10.2257,10.116,10.0062,9.8963,9.7864,9.6765,9.5665,9.4564,9.2715,9.0828,8.894,8.705,8.5158,8.3265,8.1371,7.9475,7.7578,7.6156,7.5253,7.4351,7.3448,7.2544,7.1641,7.0737,6.9833,6.8929,6.8024,6.7143,6.6261,6.5379,6.4497,6.3613,6.273,6.1846,6.0961
14.1636,14.0998,14.0361,13.9724,13.9089,13.8455,13.7821,13.7188,13.6556,13.5715,13.4685,13.3655,13.2624,13.1593,13.0562,12.953,12.8499,12.7466,12.6456,12.5836,12.5213,12.4589,12.3964,12.3336,12.2707,12.2077,12.1445,12.0812,12.0364,12.0047,11.9729,11.9409,11.9089,11.8768,11.8446,11.8124,11.78,11.7579,11.8156,11.8733,11.9309,11.9886,12.0462,12.1038,12.1614,12.219,12.2766,12.3053,12.3181,12.3309,12.3437,12.3565,12.3693,12.3821,12.3949,12.4078,12.4162,12.4036,12.391,12.3783,12.3656,12.3529,12.3402,12.3273,12.3145,12.3015,12.2824,12.2608,12.2391,12.2174,12.1956,12.1739,12.152,12.1302,12.1083,12.0936,12.1026,12.1114,12.1202,12.1288,12.1374,12.1458,12.1542,12.1624,12.1705,12.1763,12.1812,12.1858,12.1903,12.1944,12.1983,12.202,12.2053,12.2084,12.1722,12.0425,11.9127,11.7827,11.6526,11.5223,11.3918,11.2612,11.1304,10.9994,10.924,10.8605,10.7969,10.7333,10.6697,10.6061,10.5424,10.4788,10.415,10.3565,10.3078,10.2593,10.2111,10.1632,10.1156,10.0682,10.0212,9.9745,9.9281,9.9627,10.0087,10.0546,10.1005,10.1462,10.192,10.2376,10.2832,10.3287,10.312,10.2023,10.0926,9.9828,9.873,9.7631,9.6532,9.5432,9.4332,9.3231,9.139,8.9487,8.7583,8.5677,8.3769,8.186,7.995,7.8038,7.6125,7.4663,7.3764,7.2864,7.1965,7.1065,7.0165,6.9265,6.8364,6.7464,6.6562,6.5681,6.4799,6.3917,6.3034,6.2151,6.1268,6.0383,5.9499
14.0854,14.0181,13.9509,13.8838,13.8167,13.7498,13.6829,13.6161,13.5494,13.463,13.36,13.2569,13.1538,13.0507,12.9475,12.8442,12.741,12.6377,12.5376,12.4817,12.4257,12.3695,12.3132,12.2566,12.2,12.1431,12.0862,12.0291,11.9904,11.9644,11.9383,11.912,11.8857,11.8593,11.8328,11.8062,11.7796,11.7632,11.8227,11.8822,11.9417,12.0011,12.0606,12.12,12.1795,12.2389,12.2983,12.3288,12.3434,12.358,12.3726,12.3872,12.4019,12.4165,12.4312,12.4459,12.4541,12.4321,12.4101,12.3881,12.366,12.3439,12.3217,12.2995,12.2772,12.2548,12.2318,12.2084,12.185,12.1615,12.1381,12.1145,12.091,12.0674,12.0437,12.0265,12.0312,12.0358,12.0403,12.0447,12.049,12.0532,12.0573,12.0612,12.0651,12.0632,12.0592,12.0551,12.0506,12.046,12.041,12.0359,12.0304,12.0246,11.983,11.8502,11.7172,11.5842,11.4509,11.3175,11.1839,11.0502,10.9163,10.7822,10.7059,10.6436,10.5812,10.5188,10.4564,10.394,10.3315,10.269,10.2064,10.1511,10.1104,10.07,10.0299,9.9901,9.9505,9.9113,9.8723,9.8337,9.7954,9.8287,9.8743,9.9199,9.9653,10.0107,10.0561,10.1014,10.1466,10.1917,10.1788,10.0691,9.9594,9.8496,9.7397,9.6298,9.5199,9.4099,9.2999,9.1898,9.0066,8.8147,8.6227,8.4305,8.2381,8.0456,7.853,7.6602,7.4672,7.3169,7.2274,7.1378,7.0482,6.9586,6.8689,6.7792,6.6895,6.5998,6.51,6.4218,6.3337,6.2455,6.1572,6.0689,5.9805,5.8921,5.8037
14.0071,13.9363,13.8656,13.795,13.7244,13.654,13.5836,13.5133,13.4431,13.3546,13.2515,13.1484,13.0452,12.942,12.8387,12.7354,12.6321,12.5288,12.4297,12.38,12.3302,12.2802,12.2301,12.1798,12.1293,12.0787,12.028,11.9771,11.9446,11.9242,11.9038,11.8832,11.8626,11.8419,11.821,11.8001,11.7792,11.7685,11.8298,11.8911,11.9524,12.0137,12.075,12.1363,12.1976,12.2588,12.3201,12.3522,12.3687,12.3851,12.4016,12.418,12.4345,12.451,12.4674,12.4839,12.4921,12.4607,12.4293,12.3979,12.3664,12.3349,12.3033,12.2717,12.24,12.2083,12.1812,12.156,12.1309,12.1057,12.0805,12.0552,12.0299,12.0046,11.9792,11.9595,11.9599,11.9603,11.9605,11.9606,11.9607,11.9606,11.9604,11.9601,11.9597,11.9502,11.9375,11.9245,11.9112,11.8977,11.884,11.87,11.8557,11.8411,11.7938,11.6579,11.5219,11.3857,11.2493,11.1128,10.9761,10.8392,10.7022,10.565,10.4879,10.4267,10.3655,10.3043,10.243,10.1818,10.1205,10.0591,9.9978,9.9453,9.9127,9.8804,9.8484,9.8166,9.7851,9.7539,9.7231,9.6925,9.6622,9.6947,9.74,9.7851,9.8302,9.8753,9.9202,9.9651,10.01,10.0548,10.0457,9.9359,9.8262,9.7164,9.6065,9.4966,9.3867,9.2767,9.1666,9.0565,8.8744,8.6808,8.4872,8.2934,8.0994,7.9053,7.7111,7.5167,7.3221,7.1676,7.0784,6.9892,6.8999,6.8106,6.7213,6.632,6.5426,6.4532,6.3638,6.2756,6.1874,6.0992,6.011,5.9227,5.8343,5.7459,5.6574
13.9287,13.8544,13.7802,13.706,13.632,13.5581,13.4842,13.4104,13.3367,13.2462,13.143,13.0398,12.9366,12.8333,12.73,12.6266,12.5233,12.4199,12.3219,12.2785,12.2349,12.1911,12.1471,12.103,12.0588,12.0144,11.9698,11.9252,11.8988,11.8842,11.8694,11.8545,11.8396,11.8245,11.8093,11.7941,11.7788,11.7738,11.8369,11.9001,11.9632,12.0264,12.0895,12.1526,12.2157,12.2787,12.3418,12.3757,12.394,12.4122,12.4305,12.4488,12.4671,12.4854,12.5037,12.522,12.5301,12.4893,12.4485,12.4077,12.3668,12.326,12.285,12.244,12.2029,12.1618,12.1305,12.1037,12.0768,12.0499,12.0229,11.9959,11.9689,11.9418,11.9147,11.8926,11.8887,11.8848,11.8808,11.8766,11.8724,11.8681,11.8637,11.8591,11.8544,11.8375,11.8159,11.7941,11.772,11.7497,11.7271,11.7043,11.6812,11.6578,11.6048,11.4658,11.3266,11.1873,11.0478,10.9082,10.7684,10.6284,10.4883,10.348,10.2697,10.2098,10.1498,10.0897,10.0296,9.9695,9.9094,9.8492,9.7891,9.7392,9.7147,9.6904,9.6665,9.6428,9.6194,9.5963,9.5734,9.5509,9.5288,9.5608,9.6056,9.6504,9.6951,9.7398,9.7844,9.8289,9.8734,9.9178,9.9125,9.8028,9.693,9.5832,9.4733,9.3634,9.2534,9.1434,9.0333,8.9232,8.7422,8.547,8.3518,8.1564,7.9608,7.7651,7.5693,7.3733,7.1771,7.0182,6.9294,6.8405,6.7516,6.6626,6.5737,6.4847,6.3957,6.3066,6.2176,6.1293,6.0412,5.953,5.8647,5.7764,5.6881,5.5997,5.5112
13.8502,13.7724,13.6946,13.617,13.5395,13.462,13.3847,13.3074,13.2302,13.1377,13.0345,12.9312,12.8279,12.7246,12.6212,12.5178,12.4144,12.3109,12.2143,12.177,12.1396,12.1021,12.0643,12.0264,11.9884,11.9502,11.9118,11.8734,11.8532,11.8442,11.8351,11.8259,11.8166,11.8072,11.7977,11.7882,11.7786,11.7791,11.8441,11.9091,11.974,12.039,12.1039,12.1688,12.2338,12.2987,12.3636,12.3992,12.4193,12.4394,12.4595,12.4796,12.4997,12.5198,12.5399,12.5601,12.5681,12.518,12.4678,12.4176,12.3673,12.3171,12.2667,12.2163,12.1659,12.1153,12.08,12.0514,12.0227,11.9941,11.9654,11.9367,11.9079,11.8791,11.8502,11.8257,11.8176,11.8094,11.8011,11.7927,11.7843,11.7757,11.767,11.7582,11.7493,11.7249,11.6945,11.6639,11.633,11.6019,11.5705,11.5389,11.5069,11.4747,11.4159,11.2737,11.1315,10.989,10.8464,10.7037,10.5608,10.4177,10.2744,10.131,10.0516,9.9928,9.9339,9.8751,9.8162,9.7572,9.6983,9.6393,9.5803,9.5328,9.5163,9.5001,9.4842,9.4686,9.4533,9.4382,9.4235,9.409,9.3949,9.4268,9.4713,9.5157,9.5601,9.6044,9.6486,9.6927,9.7368,9.7809,9.7793,9.6696,9.5598,9.45,9.3401,9.2301,9.1201,9.0101,8.9,8.7899,8.6101,8.4133,8.2165,8.0195,7.8223,7.625,7.4276,7.23,7.0322,6.8688,6.7803,6.6918,6.6032,6.5146,6.426,6.3374,6.2487,6.16,6.0713,5.9831,5.8949,5.8067,5.7185,5.6302,5.5419,5.4535,5.365
13.7715,13.6902,13.609,13.5279,13.4468,13.3659,13.285,13.2042,13.1235,13.0293,12.926,12.8227,12.7193,12.6159,12.5125,12.409,12.3055,12.202,12.1068,12.0758,12.0446,12.0132,11.9817,11.95,11.9181,11.8861,11.854,11.8217,11.8076,11.8043,11.8009,11.7973,11.7937,11.79,11.7862,11.7823,11.7784,11.7844,11.8513,11.9181,11.9849,12.0516,12.1184,12.1851,12.2519,12.3186,12.3854,12.4227,12.4446,12.4665,12.4884,12.5104,12.5323,12.5542,12.5762,12.5982,12.6062,12.5466,12.4871,12.4275,12.3679,12.3082,12.2485,12.1887,12.1289,12.069,12.0294,11.9991,11.9687,11.9383,11.9079,11.8774,11.8469,11.8164,11.7858,11.7588,11.7465,11.734,11.7215,11.7089,11.6962,11.6833,11.6704,11.6573,11.6442,11.6125,11.5733,11.5339,11.4942,11.4543,11.4141,11.3736,11.3329,11.2919,11.227,11.0818,10.9364,10.7908,10.6451,10.4993,10.3533,10.2071,10.0607,9.9142,9.8334,9.7758,9.7181,9.6604,9.6027,9.5449,9.4871,9.4293,9.3715,9.326,9.3176,9.3095,9.3017,9.2941,9.2868,9.2798,9.2731,9.2667,9.2607,9.2929,9.337,9.381,9.425,9.4689,9.5128,9.5566,9.6003,9.644,9.6462,9.5364,9.4266,9.3167,9.2068,9.0969,8.9869,8.8768,8.7668,8.6566,8.4781,8.2797,8.0813,7.8827,7.6839,7.485,7.286,7.0868,6.8875,6.7194,6.6313,6.5431,6.4549,6.3666,6.2783,6.19,6.1017,6.0134,5.925,5.8368,5.7487,5.6605,5.5723,5.484,5.3956,5.3072,5.2188
13.6927,13.6079,13.5232,13.4386,13.3541,13.2696,13.1853,13.101,13.0168,12.9208,12.8175,12.7141,12.6107,12.5072,12.4037,12.3002,12.1967,12.0931,11.9995,11.9746,11.9496,11.9245,11.8991,11.8736,11.8479,11.8221,11.7962,11.7701,11.7622,11.7645,11.7668,11.7689,11.7709,11.7729,11.7747,11.7765,11.7782,11.7898,11.8585,11.9271,11.9957,12.0643,12.1329,12.2015,12.27,12.3386,12.4071,12.4462,12.4699,12.4936,12.5174,12.5411,12.5649,12.5887,12.6124,12.6362,12.6442,12.5753,12.5064,12.4374,12.3684,12.2994,12.2303,12.1612,12.092,12.0227,11.9788,11.9468,11.9147,11.8826,11.8504,11.8182,11.786,11.7537,11.7214,11.6921,11.6755,11.6588,11.642,11.6251,11.6081,11.5911,11.5739,11.5566,11.5392,11.5003,11.4523,11.4041,11.3556,11.3069,11.2579,11.2086,11.1591,11.1093,11.0382,10.8899,10.7414,10.5927,10.4439,10.295,10.1458,9.9966,9.8471,9.6974,9.6152,9.5587,9.5022,9.4457,9.3891,9.3325,9.2759,9.2193,9.1626,9.1189,9.1186,9.1185,9.1188,9.1192,9.12,9.1211,9.1224,9.1241,9.1261,9.159,9.2027,9.2464,9.29,9.3335,9.377,9.4204,9.4638,9.5071,9.513,9.4032,9.2934,9.1835,9.0736,8.9636,8.8536,8.7436,8.6335,8.5233,8.3461,8.1462,7.9462,7.746,7.5456,7.3451,7.1445,6.9437,6.7428,6.57,6.4822,6.3943,6.3064,6.2186,6.1306,6.0427,5.9547,5.8667,5.7787,5.6906,5.6025,5.5143,5.426,5.3377,5.2494,5.161,5.0726
13.6138,13.5255,13.4373,13.3492,13.2612,13.1733,13.0854,12.9977,12.91,12.8124,12.709,12.6055,12.502,12.3985,12.295,12.1914,12.0878,11.9841,11.8923,11.8737,11.8548,11.8358,11.8167,11.7974,11.7779,11.7583,11.7385,11.7187,11.7168,11.7248,11.7327,11.7405,11.7482,11.7558,11.7633,11.7708,11.7782,11.7952,11.8657,11.9361,12.0065,12.077,12.1474,12.2178,12.2882,12.3586,12.4289,12.4697,12.4952,12.5208,12.5464,12.5719,12.5975,12.6231,12.6487,12.6743,12.6823,12.604,12.5257,12.4474,12.369,12.2906,12.2122,12.1337,12.0551,11.9765,11.9283,11.8945,11.8607,11.8268,11.7929,11.759,11.725,11.691,11.657,11.6253,11.6045,11.5836,11.5625,11.5414,11.5202,11.4989,11.4774,11.4559,11.4342,11.3883,11.3315,11.2745,11.2172,11.1597,11.1019,11.0438,10.9855,10.9269,10.8495,10.6981,10.5465,10.3947,10.2428,10.0908,9.9385,9.7861,9.6336,9.4808,9.3969,9.3416,9.2863,9.2309,9.1755,9.1201,9.0647,9.0092,8.9537,8.9115,8.9193,8.9272,8.9355,8.944,8.9528,8.962,8.9714,8.9811,8.9911,9.0251,9.0684,9.1117,9.155,9.1981,9.2412,9.2843,9.3273,9.3702,9.3799,9.2701,9.1602,9.0503,8.9404,8.8304,8.7204,8.6103,8.5002,8.39,8.2143,8.0128,7.8112,7.6094,7.4074,7.2053,7.0031,6.8007,6.5982,6.4205,6.333,6.2455,6.158,6.0705,5.9829,5.8953,5.8077,5.72,5.6323,5.5443,5.4562,5.368,5.2798,5.1915,5.1032,5.0148,4.9264
13.5347,13.443,13.3513,13.2597,13.1682,13.0768,12.9855,12.8942,12.803,12.7039,12.6005,12.4969,12.3934,12.2898,12.1862,12.0826,11.9789,11.8752,11.7853,11.7728,11.7602,11.7474,11.7344,11.7213,11.708,11.6946,11.681,11.6673,11.6716,11.6852,11.6988,11.7122,11.7256,11.7388,11.752,11.7651,11.7782,11.8006,11.8729,11.9452,12.0174,12.0897,12.1619,12.2341,12.3063,12.3785,12.4507,12.4932,12.5206,12.5479,12.5753,12.6027,12.6301,12.6575,12.6849,12.7124,12.7204,12.6327,12.5451,12.4574,12.3697,12.2819,12.1941,12.1063,12.0184,11.9304,11.8777,11.8422,11.8067,11.7711,11.7355,11.6998,11.6641,11.6284,11.5926,11.5587,11.5336,11.5084,11.4832,11.4578,11.4323,11.4068,11.3811,11.3553,11.3294,11.2765,11.2109,11.1451,11.079,11.0127,10.9461,10.8793,10.8122,10.7448,10.6609,10.5064,10.3517,10.1968,10.0418,9.8866,9.7313,9.5758,9.4201,9.2643,9.1786,9.1244,9.0703,9.0161,8.9619,8.9077,8.8534,8.7991,8.7448,8.7038,8.7196,8.7356,8.7519,8.7685,8.7853,8.8025,8.8199,8.8377,8.8558,8.8912,8.9342,8.9771,9.02,9.0628,9.1055,9.1482,9.1908,9.2333,9.2467,9.1369,9.027,8.9171,8.8072,8.6972,8.5871,8.477,8.3669,8.2567,8.0826,7.8795,7.6763,7.4729,7.2693,7.0656,6.8618,6.6578,6.4537,6.271,6.1839,6.0968,6.0096,5.9224,5.8351,5.7479,5.6606,5.5733,5.4859,5.3981,5.31,5.2218,5.1336,5.0453,4.9569,4.8686,4.7801
13.4556,13.3603,13.2651,13.1701,13.0751,12.9802,12.8854,12.7906,12.696,12.5955,12.4919,12.3884,12.2848,12.1811,12.0775,11.9738,11.87,11.7663,11.6784,11.6721,11.6657,11.659,11.6523,11.6453,11.6382,11.631,11.6236,11.6161,11.6264,11.6457,11.6649,11.684,11.703,11.722,11.7408,11.7596,11.7782,11.806,11.8801,11.9542,12.0283,12.1024,12.1764,12.2505,12.3245,12.3985,12.4726,12.5167,12.5459,12.5751,12.6043,12.6335,12.6627,12.692,12.7212,12.7504,12.7584,12.6615,12.5644,12.4674,12.3704,12.2733,12.1761,12.0789,11.9816,11.8843,11.8272,11.79,11.7527,11.7154,11.678,11.6406,11.6032,11.5657,11.5282,11.4921,11.4628,11.4334,11.4038,11.3742,11.3445,11.3147,11.2848,11.2548,11.2246,11.1649,11.0905,11.0159,10.941,10.8659,10.7906,10.7149,10.6391,10.5629,10.4724,10.3147,10.1569,9.999,9.8409,9.6826,9.5242,9.3656,9.2068,9.0478,8.9602,8.9072,8.8543,8.8013,8.7482,8.6952,8.6421,8.5889,8.5358,8.4958,8.5196,8.5437,8.568,8.5926,8.6175,8.6427,8.6682,8.6939,8.7201,8.7573,8.7999,8.8425,8.885,8.9274,8.9698,9.0121,9.0543,9.0965,9.1136,9.0037,8.8939,8.7839,8.674,8.5639,8.4539,8.3438,8.2336,8.1234,7.951,7.7463,7.5414,7.3365,7.1313,6.926,6.7206,6.515,6.3093,6.1215,6.0347,5.9479,5.8611,5.7742,5.6874,5.6004,5.5135,5.4265,5.3395,5.2518,5.1637,5.0755,4.9873,4.899,4.8107,4.7223,4.6339
13.3763,13.2775,13.1789,13.0803,12.9819,12.8835,12.7852,12.687,12.5888,12.487,12.3834,12.2798,12.1761,12.0724,11.9687,11.865,11.7612,11.6573,11.5717,11.5716,11.5713,11.5708,11.5702,11.5695,11.5685,11.5675,11.5663,11.5649,11.5813,11.6063,11.6311,11.6559,11.6806,11.7051,11.7296,11.754,11.7784,11.8115,11.8874,11.9633,12.0392,12.1151,12.191,12.2668,12.3427,12.4185,12.4944,12.5402,12.5712,12.6023,12.6333,12.6643,12.6953,12.7264,12.7574,12.7885,12.7966,12.6902,12.5839,12.4775,12.3711,12.2647,12.1582,12.0516,11.945,11.8383,11.7767,11.7377,11.6987,11.6597,11.6206,11.5815,11.5423,11.5031,11.4639,11.4256,11.392,11.3583,11.3246,11.2908,11.2568,11.2228,11.1886,11.1544,11.12,11.0534,10.9702,10.8869,10.8032,10.7194,10.6352,10.5508,10.4662,10.3812,10.2839,10.1232,9.9623,9.8012,9.64,9.4787,9.3171,9.1554,8.9936,8.8315,8.7418,8.69,8.6382,8.5864,8.5345,8.4826,8.4307,8.3787,8.3267,8.2874,8.3193,8.3514,8.3837,8.4164,8.4493,8.4825,8.516,8.5498,8.584,8.6235,8.6657,8.7079,8.75,8.7921,8.8341,8.876,8.9178,8.9596,8.9804,8.8706,8.7607,8.6507,8.5407,8.4307,8.3206,8.2105,8.1003,7.9901,7.8194,7.6132,7.4067,7.2001,6.9934,6.7865,6.5795,6.3724,6.165,5.972,5.8855,5.7991,5.7126,5.6261,5.5395,5.4527,5.3656,5.2784,5.1912,5.1032,5.0147,4.9263,4.8379,4.7496,4.6613,4.573,4.4847
13.2968,13.1946,13.0925,12.9905,12.8885,12.7866,12.6849,12.5832,12.4815,12.3785,12.2749,12.1712,12.0675,11.9637,11.86,11.7561,11.6523,11.5484,11.4651,11.4711,11.477,11.4828,11.4883,11.4937,11.499,11.5041,11.5091,11.5139,11.5363,11.567,11.5975,11.6279,11.6582,11.6884,11.7185,11.7486,11.7786,11.8169,11.8947,11.9724,12.0501,12.1278,12.2055,12.2832,12.3609,12.4385,12.5162,12.5638,12.5966,12.6294,12.6623,12.6951,12.728,12.7608,12.7937,12.8266,12.8347,12.719,12.6033,12.4876,12.3719,12.2561,12.1403,12.0244,11.9084,11.7924,11.7262,11.6855,11.6448,11.604,11.5632,11.5224,11.4815,11.4406,11.3996,11.3591,11.3213,11.2834,11.2454,11.2074,11.1692,11.1309,11.0925,11.054,11.0154,10.9421,10.8502,10.758,10.6657,10.573,10.4801,10.3869,10.2935,10.1998,10.0956,9.9317,9.7677,9.6036,9.4393,9.2748,9.1102,8.9454,8.7804,8.6153,8.5233,8.4727,8.4221,8.3714,8.3207,8.27,8.2193,8.1685,8.1177,8.0787,8.1186,8.1587,8.1991,8.2398,8.2807,8.322,8.3635,8.4054,8.4474,8.4887,8.5297,8.5706,8.6113,8.6518,8.6922,8.7323,8.7723,8.8121,8.8348,8.7233,8.6116,8.4998,8.3879,8.2758,8.1636,8.0512,7.9387,7.826,7.6566,7.4495,7.2425,7.0356,6.8288,6.6222,6.4156,6.2092,6.0029,5.8071,5.7206,5.6342,5.5477,5.4612,5.3746,5.2881,5.2015,5.115,5.0284,4.9414,4.8542,4.7669,4.6797,4.5926,4.5055,4.4184,4.3314
13.1961,13.0982,13.0001,12.9016,12.8029,12.704,12.6047,12.5053,12.4055,12.3055,12.2052,12.1046,12.0039,11.9028,11.8016,11.7001,11.5985,11.4966,11.4169,11.4272,11.4374,11.4475,11.4575,11.4674,11.4772,11.4869,11.4965,11.5061,11.5309,11.5627,11.5947,11.6267,11.6588,11.691,11.7233,11.7557,11.7881,11.8286,11.9046,11.9808,12.0571,12.1335,12.2099,12.2865,12.3631,12.4398,12.5165,12.5635,12.596,12.6286,12.6612,12.6937,12.7263,12.7588,12.7912,12.8236,12.83,12.7059,12.5818,12.4577,12.3334,12.2091,12.0847,11.9602,11.8356,11.7109,11.6385,11.5931,11.5475,11.5018,11.4558,11.4097,11.3633,11.3168,11.2699,11.2232,11.1784,11.1333,11.0879,11.0424,10.9965,10.9505,10.9041,10.8575,10.8106,10.7301,10.6308,10.5314,10.4319,10.3323,10.2327,10.133,10.0332,9.9333,9.8249,9.6609,9.4969,9.3331,9.1694,9.0058,8.8423,8.6789,8.5156,8.3525,8.2633,8.2192,8.1753,8.1317,8.0884,8.0455,8.0028,7.9605,7.9186,7.8865,7.9302,7.9741,8.0179,8.0618,8.1058,8.1498,8.1939,8.238,8.2822,8.3232,8.3618,8.4004,8.4387,8.4769,8.515,8.5528,8.5905,8.628,8.6524,8.5395,8.4265,8.3133,8.2001,8.0866,7.9731,7.8593,7.7455,7.6315,7.4659,7.2617,7.0577,6.8537,6.6498,6.4461,6.2425,6.039,5.8356,5.6387,5.5528,5.467,5.3811,5.2952,5.2093,5.1234,5.0375,4.9515,4.8656,4.7796,4.6935,4.6075,4.5215,4.4355,4.3496,4.2637,4.1779
13.0864,12.9958,12.9048,12.8136,12.7222,12.6304,12.5384,12.4462,12.3537,12.2614,12.1692,12.0766,11.9839,11.8909,11.7977,11.7042,11.6106,11.5168,11.4459,11.4615,11.4771,11.4925,11.5078,11.523,11.5381,11.5532,11.5681,11.583,11.6061,11.6328,11.6597,11.6866,11.7137,11.7408,11.7681,11.7954,11.8228,11.8572,11.922,11.987,12.052,12.1172,12.1824,12.2477,12.3131,12.3786,12.444,12.4816,12.5058,12.53,12.5542,12.5784,12.6025,12.6267,12.6507,12.6748,12.6736,12.5454,12.4172,12.2889,12.1605,12.0321,11.9035,11.7749,11.6462,11.5174,11.4361,11.3798,11.3232,11.2665,11.2096,11.1525,11.0952,11.0377,10.9799,10.9226,10.8698,10.8168,10.7635,10.71,10.6563,10.6023,10.548,10.4935,10.4386,10.3568,10.2594,10.1618,10.0641,9.9664,9.8685,9.7706,9.6726,9.5746,9.4695,9.3127,9.156,8.9994,8.8429,8.6864,8.5301,8.374,8.2179,8.062,7.9802,7.9469,7.9138,7.881,7.8485,7.8163,7.7844,7.7529,7.7217,7.698,7.7443,7.7907,7.8371,7.8836,7.9301,7.9767,8.0234,8.0701,8.1168,8.1577,8.1941,8.2303,8.2663,8.3022,8.3379,8.3734,8.4088,8.4439,8.47,8.3558,8.2414,8.127,8.0123,7.8975,7.7826,7.6676,7.5524,7.4371,7.2751,7.0738,6.8727,6.6716,6.4707,6.2698,6.0691,5.8685,5.6681,5.4702,5.385,5.2997,5.2145,5.1292,5.044,4.9587,4.8734,4.788,4.7027,4.6176,4.5328,4.4479,4.3631,4.2784,4.1937,4.109,4.0243
12.977,12.8936,12.8099,12.7259,12.6416,12.5571,12.4723,12.3873,12.302,12.2176,12.1334,12.0489,11.9641,11.8792,11.794,11.7086,11.623,11.5372,11.475,11.496,11.5168,11.5376,11.5582,11.5787,11.5992,11.6195,11.6398,11.66,11.6812,11.7029,11.7247,11.7465,11.7685,11.7906,11.8127,11.835,11.8573,11.8857,11.9393,11.993,12.0468,12.1008,12.1548,12.2089,12.2631,12.3173,12.3715,12.3997,12.4156,12.4314,12.4472,12.463,12.4788,12.4945,12.5102,12.5259,12.5172,12.3849,12.2526,12.1201,11.9877,11.8551,11.7225,11.5897,11.4569,11.324,11.2338,11.1665,11.099,11.0314,10.9635,10.8955,10.8272,10.7587,10.69,10.6221,10.5614,10.5004,10.4392,10.3778,10.3161,10.2542,10.192,10.1296,10.0668,9.9836,9.8879,9.7921,9.6963,9.6003,9.5043,9.4082,9.3121,9.2158,9.1139,8.9643,8.8148,8.6654,8.5161,8.3669,8.2178,8.0688,7.92,7.7713,7.6968,7.6742,7.6519,7.6298,7.6081,7.5867,7.5656,7.5449,7.5245,7.5094,7.5583,7.6072,7.6562,7.7053,7.7544,7.8036,7.8528,7.902,7.9514,7.9923,8.0264,8.0603,8.094,8.1275,8.1609,8.1941,8.2272,8.26,8.2877,8.1722,8.0565,7.9406,7.8247,7.7085,7.5923,7.4759,7.3594,7.2427,7.0841,6.8857,6.6875,6.4893,6.2913,6.0934,5.8956,5.6979,5.5004,5.303,5.2171,5.1325,5.0478,4.9632,4.8786,4.7939,4.7092,4.6245,4.5398,4.4556,4.3719,4.2883,4.2047,4.1211,4.0376,3.9541,3.8707
12.8678,12.7916,12.7151,12.6384,12.5613,12.484,12.4065,12.3286,12.2506,12.174,12.0978,12.0213,11.9446,11.8677,11.7905,11.7131,11.6355,11.5578,11.5043,11.5306,11.5567,11.5828,11.6087,11.6346,11.6604,11.686,11.7116,11.7372,11.7562,11.7728,11.7895,11.8064,11.8233,11.8403,11.8574,11.8745,11.8918,11.9141,11.9564,11.999,12.0416,12.0843,12.1271,12.17,12.2129,12.2559,12.299,12.3178,12.3253,12.3327,12.3402,12.3476,12.355,12.3624,12.3698,12.3771,12.3608,12.2244,12.0879,11.9514,11.8148,11.6781,11.5414,11.4045,11.2676,11.1306,11.0316,10.9534,10.875,10.7963,10.7175,10.6385,10.5593,10.4799,10.4002,10.3218,10.2531,10.1842,10.1151,10.0458,9.9762,9.9063,9.8362,9.7658,9.6951,9.6103,9.5164,9.4225,9.3284,9.2343,9.1401,9.0458,8.9515,8.857,8.7581,8.6158,8.4735,8.3313,8.1891,8.0471,7.9052,7.7635,7.6218,7.4803,7.413,7.4011,7.3896,7.3783,7.3674,7.3567,7.3464,7.3364,7.3268,7.3206,7.3721,7.4237,7.4752,7.5269,7.5785,7.6303,7.6821,7.7339,7.7858,7.8271,7.8588,7.8904,7.9218,7.953,7.9841,8.015,8.0457,8.0762,8.1055,7.9886,7.8716,7.7544,7.6371,7.5196,7.402,7.2843,7.1664,7.0484,6.8929,6.6975,6.5021,6.3069,6.1118,5.9168,5.7219,5.5271,5.3325,5.138,5.0491,4.9652,4.8812,4.7971,4.7131,4.6291,4.545,4.4609,4.3769,4.2935,4.211,4.1286,4.0462,3.9638,3.8815,3.7992,3.7169
12.7589,12.6899,12.6206,12.5511,12.4813,12.4112,12.3408,12.2702,12.1994,12.1307,12.0625,11.994,11.9253,11.8564,11.7872,11.7179,11.6483,11.5785,11.5337,11.5653,11.5967,11.6281,11.6594,11.6905,11.7216,11.7526,11.7835,11.8144,11.8311,11.8427,11.8543,11.8661,11.8779,11.8899,11.9019,11.914,11.9262,11.9423,11.9735,12.0048,12.0362,12.0677,12.0993,12.131,12.1627,12.1945,12.2264,12.2358,12.2349,12.234,12.2331,12.2322,12.2313,12.2303,12.2293,12.2282,12.2044,12.0639,11.9233,11.7827,11.642,11.5012,11.3603,11.2194,11.0784,10.9372,10.8295,10.7403,10.651,10.5614,10.4717,10.3817,10.2916,10.2012,10.1106,10.0215,9.9449,9.8681,9.7911,9.7138,9.6363,9.5585,9.4805,9.4022,9.3236,9.2369,9.1449,9.0527,8.9605,8.8682,8.7758,8.6833,8.5908,8.4982,8.4022,8.267,8.1319,7.9969,7.862,7.7272,7.5925,7.4579,7.3234,7.1891,7.1288,7.1277,7.1269,7.1264,7.1262,7.1263,7.1268,7.1276,7.1287,7.1318,7.1859,7.24,7.2941,7.3483,7.4026,7.4569,7.5112,7.5656,7.6201,7.6619,7.6914,7.7206,7.7497,7.7786,7.8073,7.8359,7.8643,7.8925,7.9205,7.8051,7.6867,7.5682,7.4496,7.3308,7.2118,7.0928,6.9735,6.8542,6.7016,6.509,6.3166,6.1243,5.9321,5.74,5.548,5.3561,5.1644,4.9728,4.8812,4.7978,4.7144,4.631,4.5476,4.4642,4.3808,4.2973,4.2139,4.1313,4.05,3.9688,3.8875,3.8064,3.7252,3.6441,3.5631
12.6503,12.5885,12.5264,12.4641,12.4014,12.3386,12.2754,12.212,12.1484,12.0876,12.0274,11.9669,11.9062,11.8453,11.7842,11.7228,11.6613,11.5995,11.5632,11.6001,11.6369,11.6735,11.7101,11.7466,11.783,11.8193,11.8555,11.8917,11.906,11.9125,11.9191,11.9258,11.9326,11.9394,11.9464,11.9535,11.9606,11.9704,11.9904,12.0105,12.0307,12.051,12.0714,12.0919,12.1125,12.133,12.1537,12.1538,12.1446,12.1353,12.1261,12.1168,12.1075,12.0982,12.0888,12.0794,12.048,11.9034,11.7587,11.614,11.4692,11.3243,11.1793,11.0343,10.8891,10.7439,10.6275,10.5274,10.4271,10.3266,10.2259,10.1251,10.024,9.9227,9.8211,9.7213,9.6368,9.5521,9.4672,9.382,9.2966,9.2109,9.125,9.0388,8.9523,8.8635,8.7733,8.683,8.5926,8.5021,8.4115,8.3208,8.2301,8.1393,8.046,7.918,7.7901,7.6623,7.5346,7.407,7.2794,7.1521,7.0248,6.8977,6.8442,6.8539,6.8639,6.8741,6.8847,6.8956,6.9068,6.9183,6.9302,6.9429,6.9995,7.0562,7.1129,7.1697,7.2265,7.2834,7.3403,7.3973,7.4543,7.4969,7.524,7.5509,7.5777,7.6043,7.6307,7.657,7.683,7.7089,7.7346,7.6217,7.502,7.3821,7.2621,7.142,7.0217,6.9013,6.7808,6.6601,6.5101,6.3204,6.1309,5.9415,5.7522,5.563,5.3739,5.185,4.9961,4.8075,4.7131,4.6304,4.5476,4.4649,4.3821,4.2993,4.2165,4.1337,4.0508,3.969,3.8889,3.8088,3.7288,3.6489,3.5689,3.489,3.4092
12.5419,12.4873,12.4324,12.3773,12.3219,12.2662,12.2102,12.154,12.0976,12.0447,11.9925,11.9401,11.8874,11.8345,11.7813,11.728,11.6744,11.6207,11.5928,11.635,11.6771,11.7191,11.761,11.8028,11.8445,11.8861,11.9276,11.9691,11.9807,11.9822,11.9837,11.9853,11.9871,11.9889,11.9908,11.9928,11.9949,11.9984,12.0072,12.0161,12.0251,12.0343,12.0435,12.0528,12.0621,12.0715,12.081,12.0718,12.0542,12.0366,12.019,12.0014,11.9837,11.9661,11.9483,11.9306,11.8916,11.7429,11.5941,11.4453,11.2964,11.1474,10.9983,10.8492,10.6999,10.5506,10.4256,10.3145,10.2033,10.0919,9.9803,9.8685,9.7565,9.6443,9.5318,9.4213,9.3289,9.2363,9.1434,9.0504,8.957,8.8635,8.7696,8.6755,8.5811,8.4901,8.4017,8.3132,8.2246,8.1359,8.0471,7.9583,7.8693,7.7803,7.6896,7.5688,7.4481,7.3275,7.207,7.0865,6.9662,6.846,6.7259,6.606,6.5593,6.5797,6.6005,6.6215,6.6428,6.6644,6.6863,6.7086,6.7312,6.7542,6.8131,6.8723,6.9316,6.9909,7.0503,7.1097,7.1692,7.2288,7.2884,7.332,7.3568,7.3814,7.4058,7.4301,7.4542,7.4782,7.5019,7.5255,7.5489,7.4383,7.3173,7.1961,7.0747,6.9533,6.8317,6.7099,6.588,6.466,6.3184,6.1317,5.945,5.7585,5.5721,5.3858,5.1996,5.0136,4.8277,4.6419,4.5451,4.463,4.3808,4.2987,4.2165,4.1343,4.0522,3.97,3.8877,3.8066,3.7277,3.6489,3.57,3.4913,3.4125,3.3338,3.2551
12.4337,12.3864,12.3387,12.2907,12.2425,12.194,12.1453,12.0963,12.0471,12.0021,11.9579,11.9134,11.8687,11.8238,11.7787,11.7333,11.6878,11.642,11.6226,11.6701,11.7175,11.7648,11.812,11.8591,11.9061,11.953,11.9998,12.0466,12.0554,12.0518,12.0483,12.0449,12.0415,12.0383,12.0352,12.0321,12.0291,12.0263,12.0239,12.0216,12.0195,12.0174,12.0154,12.0135,12.0117,12.0099,12.0082,11.9897,11.9638,11.9378,11.9119,11.8859,11.86,11.8339,11.8079,11.7818,11.7353,11.5824,11.4296,11.2766,11.1236,10.9705,10.8173,10.6641,10.5107,10.3573,10.2238,10.1018,9.9796,9.8573,9.7348,9.6121,9.4892,9.366,9.2426,9.1214,9.0211,8.9206,8.8198,8.7188,8.6176,8.5161,8.4144,8.3124,8.2101,8.1167,8.03,7.9433,7.8565,7.7696,7.6827,7.5957,7.5085,7.4214,7.3331,7.2195,7.1059,6.9925,6.8791,6.7659,6.6527,6.5397,6.4268,6.3141,6.274,6.3052,6.3367,6.3684,6.4004,6.4328,6.4655,6.4985,6.5318,6.5655,6.6265,6.6883,6.7502,6.8121,6.874,6.936,6.998,7.0601,7.1223,7.1672,7.1896,7.2119,7.2341,7.256,7.2778,7.2995,7.3209,7.3422,7.3632,7.255,7.1326,7.0101,6.8874,6.7646,6.6417,6.5186,6.3954,6.272,6.1265,5.9427,5.759,5.5753,5.3918,5.2085,5.0252,4.8421,4.659,4.4762,4.377,4.2955,4.214,4.1324,4.0509,3.9693,3.8878,3.8062,3.7246,3.6441,3.5664,3.4888,3.4112,3.3336,3.256,3.1785,3.101
12.3259,12.2857,12.2452,12.2044,12.1634,12.1221,12.0806,12.0388,11.9967,11.9597,11.9235,11.887,11.8503,11.8134,11.7763,11.7389,11.7014,11.6636,11.6525,11.7053,11.758,11.8106,11.8631,11.9154,11.9678,12.02,12.0721,12.1242,12.13,12.1213,12.1128,12.1043,12.0959,12.0877,12.0795,12.0714,12.0633,12.0541,12.0405,12.027,12.0137,12.0004,11.9873,11.9742,11.9612,11.9482,11.9353,11.9076,11.8733,11.8391,11.8048,11.7705,11.7362,11.7018,11.6674,11.633,11.5789,11.422,11.265,11.108,10.9508,10.7937,10.6364,10.479,10.3216,10.164,10.022,9.8891,9.7561,9.6229,9.4894,9.3558,9.222,9.0879,8.9536,8.8215,8.7134,8.6049,8.4963,8.3874,8.2783,8.1689,8.0593,7.9494,7.8392,7.7432,7.6583,7.5734,7.4884,7.4034,7.3182,7.233,7.1477,7.0623,6.9763,6.8699,6.7635,6.6573,6.5511,6.445,6.3391,6.2332,6.1275,6.0219,5.9884,6.0303,6.0725,6.115,6.1577,6.2008,6.2442,6.288,6.332,6.3765,6.4399,6.5042,6.5686,6.6331,6.6976,6.7621,6.8267,6.8914,6.9561,7.0025,7.0226,7.0426,7.0624,7.0821,7.1016,7.1209,7.14,7.159,7.1777,7.0718,6.9481,6.8242,6.7002,6.5761,6.4518,6.3274,6.2028,6.0781,5.9345,5.7536,5.5727,5.392,5.2114,5.0309,4.8506,4.6703,4.4902,4.3102,4.2088,4.1279,4.0471,3.9662,3.8852,3.8043,3.7234,3.6424,3.5614,3.4816,3.4051,3.3286,3.2522,3.1758,3.0994,3.0231,2.9468
12.2183,12.1852,12.152,12.1184,12.0845,12.0504,12.0161,11.9815,11.9466,11.9175,11.8893,11.8608,11.8321,11.8032,11.7741,11.7447,11.7151,11.6854,11.6825,11.7406,11.7986,11.8565,11.9143,11.9719,12.0296,12.0871,12.1445,12.2019,12.2045,12.1908,12.1772,12.1637,12.1502,12.1369,12.1237,12.1105,12.0975,12.0817,12.0569,12.0323,12.0078,11.9834,11.9591,11.9348,11.9106,11.8865,11.8624,11.8255,11.7829,11.7402,11.6976,11.655,11.6124,11.5697,11.5269,11.4842,11.4225,11.2615,11.1005,10.9393,10.7781,10.6168,10.4554,10.294,10.1325,9.9708,9.8204,9.6766,9.5326,9.3885,9.2442,9.0996,8.9549,8.8099,8.6647,8.5218,8.4058,8.2895,8.1729,8.0562,7.9392,7.8219,7.7044,7.5866,7.4685,7.3696,7.2866,7.2035,7.1203,7.0371,6.9537,6.8703,6.7868,6.7032,6.6194,6.5201,6.4209,6.3218,6.2228,6.1239,6.0251,5.9265,5.8279,5.7295,5.7024,5.755,5.8079,5.8611,5.9146,5.9684,6.0226,6.077,6.1318,6.187,6.2531,6.32,6.387,6.454,6.5211,6.5882,6.6553,6.7226,6.7899,6.8379,6.8557,6.8734,6.8909,6.9082,6.9254,6.9424,6.9592,6.9759,6.9923,6.8887,6.7636,6.6384,6.5131,6.3876,6.262,6.1362,6.0103,5.8843,5.7423,5.5642,5.3863,5.2085,5.0308,4.8532,4.6758,4.4984,4.3212,4.1441,4.0406,3.9604,3.8801,3.7998,3.7195,3.6392,3.5589,3.4786,3.3982,3.3189,3.2436,3.1684,3.0931,3.0179,2.9427,2.8676,2.7925
12.1109,12.0851,12.059,12.0326,12.0059,11.979,11.9518,11.9244,11.8967,11.8756,11.8554,11.8349,11.8142,11.7932,11.7721,11.7507,11.7291,11.7073,11.7126,11.776,11.8393,11.9025,11.9656,12.0286,12.0915,12.1543,12.217,12.2797,12.2789,12.2601,12.2415,12.2229,12.2045,12.1861,12.1678,12.1496,12.1315,12.1092,12.0733,12.0375,12.0018,11.9663,11.9308,11.8954,11.86,11.8247,11.7895,11.7433,11.6923,11.6414,11.5905,11.5395,11.4885,11.4375,11.3865,11.3354,11.2662,11.1011,10.9359,10.7707,10.6054,10.44,10.2745,10.109,9.9434,9.7776,9.6188,9.4641,9.3093,9.1542,8.999,8.8436,8.688,8.5321,8.376,8.2222,8.0983,7.9741,7.8497,7.725,7.6002,7.475,7.3496,7.2239,7.098,6.996,6.9148,6.8335,6.7522,6.6707,6.5892,6.5075,6.4258,6.3441,6.2622,6.1702,6.0781,5.9862,5.8944,5.8026,5.711,5.6195,5.5281,5.4369,5.416,5.4794,5.543,5.6069,5.6711,5.7357,5.8005,5.8657,5.9312,5.9971,6.0662,6.1357,6.2052,6.2748,6.3444,6.4141,6.4838,6.5536,6.6235,6.6734,6.6889,6.7043,6.7195,6.7345,6.7494,6.764,6.7786,6.7929,6.807,6.7056,6.5792,6.4527,6.326,6.1992,6.0722,5.9452,5.8179,5.6906,5.5499,5.3748,5.1997,5.0248,4.85,4.6753,4.5008,4.3263,4.152,3.9778,3.8724,3.7928,3.7131,3.6335,3.5538,3.4741,3.3944,3.3147,3.235,3.1562,3.0821,3.008,2.934,2.86,2.786,2.712,2.6381
12.0038,11.9851,11.9662,11.947,11.9275,11.9078,11.8878,11.8675,11.847,11.8339,11.8217,11.8092,11.7964,11.7835,11.7703,11.7569,11.7433,11.7295,11.7429,11.8116,11.8801,11.9486,12.017,12.0853,12.1535,12.2216,12.2896,12.3576,12.3532,12.3294,12.3057,12.2822,12.2587,12.2353,12.2119,12.1887,12.1655,12.1366,12.0895,12.0426,11.9958,11.949,11.9024,11.8558,11.8093,11.7629,11.7165,11.6611,11.6018,11.5426,11.4833,11.424,11.3647,11.3054,11.246,11.1866,11.1098,10.9406,10.7714,10.6021,10.4327,10.2632,10.0937,9.924,9.7543,9.5845,9.4173,9.2518,9.086,8.9201,8.754,8.5877,8.4212,8.2544,8.0874,7.9228,7.7909,7.6589,7.5266,7.394,7.2613,7.1283,6.995,6.8614,6.7276,6.6224,6.543,6.4635,6.384,6.3043,6.2246,6.1447,6.0649,5.9849,5.9048,5.82,5.7351,5.6504,5.5657,5.4811,5.3967,5.3123,5.2281,5.144,5.1293,5.2033,5.2777,5.3523,5.4272,5.5025,5.578,5.6539,5.7301,5.8067,5.8792,5.9513,6.0234,6.0955,6.1677,6.2399,6.3122,6.3845,6.4569,6.509,6.5222,6.5353,6.5482,6.5609,6.5734,6.5858,6.598,6.61,6.6219,6.5226,6.3949,6.267,6.139,6.0109,5.8826,5.7542,5.6256,5.4969,5.3574,5.1851,5.013,4.841,4.669,4.4972,4.3256,4.154,3.9826,3.8113,3.7041,3.6251,3.5461,3.4671,3.388,3.3089,3.2299,3.1508,3.0717,2.9934,2.9205,2.8476,2.7747,2.7019,2.6291,2.5564,2.4837
11.897,11.8855,11.8737,11.8617,11.8494,11.8368,11.824,11.8109,11.7976,11.7925,11.7882,11.7837,11.7789,11.7739,11.7687,11.7633,11.7576,11.7518,11.7733,11.8472,11.9211,11.9949,12.0685,12.1421,12.2156,12.289,12.3623,12.4355,12.4275,12.3986,12.3699,12.3413,12.3128,12.2843,12.256,12.2277,12.1995,12.1638,12.1056,12.0475,11.9896,11.9317,11.8739,11.8162,11.7585,11.7009,11.6434,11.5788,11.5112,11.4437,11.3761,11.3085,11.2409,11.1732,11.1056,11.0378,10.9535,10.7802,10.6069,10.4335,10.26,10.0864,9.9128,9.7391,9.5653,9.3914,9.216,9.0395,8.8629,8.6861,8.5091,8.3319,8.1545,7.9769,7.799,7.6234,7.4837,7.3437,7.2036,7.0632,6.9225,6.7816,6.6405,6.4991,6.3574,6.2488,6.1712,6.0935,6.0157,5.9378,5.8599,5.7819,5.7038,5.6256,5.5474,5.4696,5.3919,5.3143,5.2368,5.1594,5.0821,5.0049,4.9278,4.8509,4.8422,4.927,5.012,5.0973,5.183,5.2689,5.3552,5.4417,5.5287,5.6159,5.6922,5.7668,5.8414,5.9161,5.9908,6.0656,6.1404,6.2153,6.2903,6.3447,6.3556,6.3664,6.377,6.3874,6.3976,6.4077,6.4176,6.4273,6.4369,6.3397,6.2106,6.0814,5.9521,5.8226,5.693,5.5632,5.4333,5.3033,5.1646,4.9953,4.826,4.6569,4.4879,4.319,4.1502,3.9815,3.813,3.6446,3.5358,3.4574,3.3799,3.3052,3.2307,3.1563,3.0821,3.008,2.9341,2.861,2.7936,2.7263,2.659,2.5919,2.5247,2.4577,2.3907
11.7904,11.7861,11.7815,11.7766,11.7715,11.766,11.7604,11.7545,11.7483,11.7513,11.755,11.7584,11.7616,11.7646,11.7673,11.7699,11.7722,11.7743,11.8038,11.883,11.9622,12.0412,12.1202,12.199,12.2778,12.3565,12.4351,12.5136,12.5016,12.4678,12.434,12.4003,12.3668,12.3333,12.2999,12.2666,12.2334,12.191,12.1216,12.0524,11.9833,11.9143,11.8453,11.7765,11.7077,11.639,11.5703,11.4965,11.4206,11.3448,11.2689,11.193,11.1171,11.0411,10.9651,10.8891,10.7972,10.6198,10.4424,10.2649,10.0873,9.9097,9.7319,9.5541,9.3762,9.1983,9.0147,8.8273,8.6398,8.4522,8.2643,8.0762,7.888,7.6995,7.5107,7.3241,7.1766,7.0288,6.8807,6.7325,6.5839,6.4352,6.2862,6.1369,5.9873,5.8751,5.7993,5.7234,5.6474,5.5714,5.4952,5.419,5.3427,5.2664,5.1899,5.119,5.0485,4.978,4.9077,4.8374,4.7673,4.6972,4.6273,4.5576,4.5547,4.6502,4.7459,4.842,4.9383,5.0349,5.1319,5.2292,5.3268,5.4248,5.505,5.5821,5.6593,5.7366,5.8156,5.895,5.974,6.0528,6.1312,6.1889,6.1984,6.2076,6.2164,6.2248,6.2329,6.2406,6.2479,6.2548,6.2613,6.1665,6.0368,5.9071,5.7771,5.6471,5.517,5.3867,5.2563,5.1257,4.9894,4.8292,4.6695,4.5104,4.352,4.1942,4.037,3.8805,3.7247,3.5696,3.4665,3.394,3.3216,3.2494,3.1773,3.1054,3.0336,2.9619,2.8904,2.8195,2.7532,2.6869,2.6208,2.5547,2.4886,2.4227,2.3568
11.7531,11.7511,11.7489,11.7467,11.7443,11.7419,11.7394,11.7367,11.734,11.7391,11.7448,11.7505,11.7563,11.762,11.7678,11.7735,11.7793,11.7851,11.8177,11.8967,11.9758,12.055,12.1344,12.2139,12.2935,12.3733,12.4531,12.533,12.517,12.479,12.4411,12.4032,12.3654,12.3276,12.2899,12.2522,12.2146,12.1666,12.089,12.0114,11.9338,11.8562,11.7786,11.701,11.6234,11.5458,11.4682,11.386,11.302,11.218,11.1339,11.0498,10.9656,10.8814,10.7971,10.7127,10.613,10.4301,10.2472,10.0641,9.8809,9.6976,9.5141,9.3305,9.1468,8.9628,8.7724,8.5777,8.3829,8.188,7.9929,7.7978,7.6026,7.4072,7.2118,7.0185,6.8666,6.7147,6.5627,6.4106,6.2584,6.1061,5.9537,5.8013,5.6488,5.5384,5.4707,5.4032,5.3359,5.2688,5.2019,5.1353,5.0689,5.0028,4.9369,4.8792,4.8222,4.7655,4.7092,4.6532,4.5976,4.5423,4.4875,4.4331,4.4401,4.5433,4.6466,4.7499,4.8533,4.9567,5.0602,5.1637,5.2673,5.3709,5.4504,5.5247,5.5989,5.6727,5.7462,5.8195,5.8925,5.9652,6.0375,6.0906,6.0935,6.096,6.0982,6.1,6.1015,6.1025,6.1032,6.1036,6.1035,6.0095,5.8786,5.7476,5.6164,5.4851,5.3538,5.2222,5.0906,4.9588,4.8241,4.6748,4.5261,4.378,4.2306,4.0838,3.9376,3.7921,3.6472,3.5031,3.4032,3.3331,3.2632,3.1934,3.1237,3.0542,2.9849,2.9156,2.8466,2.7778,2.7126,2.6475,2.5824,2.5174,2.4524,2.3876,2.3227
11.7331,11.7339,11.7346,11.7353,11.7358,11.7362,11.7366,11.7368,11.737,11.7421,11.7475,11.753,11.7584,11.7639,11.7694,11.7749,11.7804,11.7858,11.8169,11.8898,11.9629,12.0361,12.1094,12.1829,12.2564,12.3301,12.4039,12.4777,12.455,12.4114,12.3679,12.3244,12.281,12.2376,12.1943,12.151,12.1078,12.054,11.9711,11.8882,11.8054,11.7225,11.6396,11.5567,11.4739,11.391,11.308,11.2185,11.1261,11.0338,10.9414,10.849,10.7566,10.664,10.5714,10.4787,10.3708,10.1798,9.9886,9.7973,9.606,9.4145,9.2228,9.031,8.8391,8.647,8.4536,8.2593,8.0649,7.8703,7.6757,7.481,7.2862,7.0913,6.8963,6.7031,6.5525,6.4018,6.251,6.1002,5.9492,5.7982,5.6471,5.4959,5.3447,5.2403,5.1854,5.1308,5.0763,5.0221,4.9681,4.9143,4.8608,4.8075,4.7545,4.7099,4.6662,4.6228,4.5798,4.5371,4.4948,4.4529,4.4114,4.3703,4.3837,4.4886,4.5937,4.6987,4.8038,4.909,5.0142,5.1194,5.2247,5.3301,5.4055,5.4738,5.5419,5.6096,5.6771,5.7443,5.8112,5.8778,5.9441,5.9926,5.9888,5.9848,5.9803,5.9755,5.9704,5.9649,5.959,5.9527,5.946,5.8525,5.7204,5.5881,5.4557,5.3232,5.1906,5.0579,4.925,4.792,4.6581,4.5198,4.3821,4.245,4.1085,3.9727,3.8375,3.7029,3.569,3.4358,3.3397,3.2721,3.2046,3.1372,3.07,3.0029,2.936,2.8692,2.8026,2.7361,2.672,2.6079,2.5439,2.48,2.4162,2.3524,2.2886
11.7131,11.7168,11.7205,11.724,11.7274,11.7307,11.7339,11.737,11.7401,11.7451,11.7503,11.7554,11.7606,11.7658,11.771,11.7762,11.7814,11.7866,11.8159,11.8828,11.9498,12.017,12.0843,12.1517,12.2192,12.2868,12.3545,12.4224,12.3929,12.3437,12.2946,12.2455,12.1965,12.1475,12.0986,12.0497,12.0009,11.9414,11.8532,11.765,11.6769,11.5887,11.5006,11.4124,11.3243,11.2361,11.1479,11.0508,10.9502,10.8496,10.7489,10.6482,10.5474,10.4466,10.3457,10.2448,10.1286,9.9294,9.7301,9.5306,9.3311,9.1314,8.9316,8.7316,8.5315,8.3312,8.1347,7.9408,7.7468,7.5527,7.3585,7.1642,6.9698,6.7753,6.5807,6.3876,6.2383,6.0889,5.9393,5.7897,5.6401,5.4903,5.3405,5.1905,5.0405,4.9419,4.8999,4.8581,4.8165,4.7751,4.7339,4.693,4.6523,4.6118,4.5717,4.5402,4.5098,4.4798,4.4501,4.4207,4.3917,4.3631,4.3348,4.307,4.3272,4.4339,4.5406,4.6474,4.7543,4.8612,4.9681,5.0751,5.1821,5.2892,5.3609,5.4231,5.4851,5.5468,5.6082,5.6693,5.7302,5.7907,5.851,5.8948,5.8845,5.8738,5.8628,5.8514,5.8396,5.8275,5.815,5.8021,5.7888,5.6956,5.5622,5.4288,5.2951,5.1614,5.0275,4.8936,4.7595,4.6252,4.4915,4.3642,4.2374,4.1113,3.9858,3.8609,3.7366,3.6131,3.4901,3.3679,3.2761,3.2109,3.1458,3.0809,3.0161,2.9514,2.8869,2.8226,2.7584,2.6944,2.6313,2.5683,2.5054,2.4426,2.3798,2.3171,2.2545
11.6933,11.6999,11.7064,11.7128,11.719,11.7252,11.7313,11.7373,11.7432,11.7481,11.753,11.7579,11.7628,11.7677,11.7726,11.7775,11.7824,11.7874,11.8148,11.8757,11.9366,11.9978,12.059,12.1204,12.1818,12.2434,12.3051,12.3669,12.3307,12.2759,12.2212,12.1665,12.1119,12.0574,12.0028,11.9484,11.8939,11.8287,11.7352,11.6418,11.5484,11.4549,11.3615,11.2681,11.1746,11.0812,10.9877,10.8832,10.7743,10.6654,10.5564,10.4474,10.3383,10.2292,10.12,10.0108,9.8864,9.679,9.4715,9.2639,9.0562,8.8483,8.6403,8.4322,8.2239,8.0155,7.8159,7.6224,7.4288,7.2351,7.0413,6.8474,6.6534,6.4594,6.2652,6.0722,5.9241,5.7759,5.6277,5.4793,5.3309,5.1824,5.0338,4.8851,4.7364,4.6432,4.6141,4.5851,4.5563,4.5278,4.4994,4.4713,4.4435,4.4159,4.3885,4.3702,4.3531,4.3363,4.3199,4.3039,4.2881,4.2728,4.2579,4.2433,4.2706,4.3791,4.4876,4.5961,4.7047,4.8133,4.9219,5.0307,5.1394,5.2483,5.3165,5.3727,5.4286,5.4842,5.5396,5.5947,5.6494,5.7039,5.7581,5.7974,5.7805,5.7632,5.7456,5.7276,5.7092,5.6905,5.6714,5.6519,5.632,5.5388,5.4042,5.2695,5.1346,4.9996,4.8646,4.7293,4.594,4.4585,4.3242,4.2079,4.0921,3.9769,3.8623,3.7484,3.6351,3.5225,3.4105,3.2993,3.2123,3.1495,3.0869,3.0244,2.962,2.8998,2.8377,2.7758,2.714,2.6524,2.5905,2.5286,2.4668,2.4051,2.3434,2.2817,2.2202
11.6736,11.683,11.6924,11.7016,11.7108,11.7198,11.7288,11.7377,11.7464,11.7511,11.7557,11.7603,11.7649,11.7696,11.7742,11.7788,11.7835,11.7881,11.8136,11.8684,11.9233,11.9784,12.0336,12.0889,12.1444,12.1999,12.2556,12.3113,12.2684,12.2081,12.1477,12.0875,12.0273,11.9671,11.907,11.847,11.7869,11.716,11.6172,11.5185,11.4198,11.3211,11.2224,11.1237,11.0249,10.9262,10.8274,10.7155,10.5983,10.4811,10.3638,10.2466,10.1292,10.0118,9.8943,9.7768,9.6443,9.4287,9.213,8.9973,8.7814,8.5653,8.3492,8.1329,7.9164,7.6998,7.497,7.3039,7.1108,6.9175,6.7241,6.5306,6.3371,6.1434,5.9496,5.7567,5.6099,5.463,5.3159,5.1688,5.0217,4.8744,4.7271,4.5796,4.4322,4.3443,4.328,4.3119,4.2959,4.2802,4.2646,4.2494,4.2343,4.2195,4.205,4.1998,4.196,4.1925,4.1894,4.1866,4.1842,4.1821,4.1805,4.1792,4.2141,4.3242,4.4344,4.5447,4.655,4.7653,4.8757,4.9862,5.0967,5.2072,5.2724,5.3225,5.3724,5.4219,5.4712,5.5202,5.569,5.6174,5.6655,5.7003,5.6768,5.6529,5.6287,5.6041,5.5791,5.5538,5.5281,5.502,5.4755,5.382,5.2462,5.1102,4.9741,4.8379,4.7016,4.5652,4.4286,4.2919,4.1563,4.0509,3.946,3.8418,3.7382,3.6352,3.5329,3.4312,3.3302,3.2299,3.1484,3.088,3.0278,2.9677,2.9078,2.848,2.7883,2.7289,2.6695,2.6103,2.5497,2.4889,2.4281,2.3674,2.3068,2.2463,2.1858
11.6539,11.6663,11.6785,11.6906,11.7026,11.7146,11.7264,11.7381,11.7498,11.7541,11.7584,11.7627,11.7671,11.7714,11.7758,11.7801,11.7845,11.7889,11.8122,11.861,11.9099,11.9589,12.0081,12.0574,12.1068,12.1563,12.2059,12.2556,12.2061,12.1401,12.0742,12.0083,11.9425,11.8768,11.8111,11.7455,11.6798,11.6032,11.4992,11.3952,11.2912,11.1872,11.0832,10.9792,10.8752,10.7712,10.6672,10.5477,10.4223,10.2968,10.1713,10.0457,9.9201,9.7944,9.6686,9.5428,9.4021,9.1784,8.9546,8.7306,8.5066,8.2824,8.0581,7.8336,7.609,7.3842,7.1782,6.9855,6.7927,6.5999,6.4069,6.2138,6.0207,5.8274,5.634,5.4412,5.2956,5.15,5.0042,4.8584,4.7124,4.5664,4.4203,4.2742,4.1279,4.0451,4.0416,4.0383,4.0352,4.0322,4.0295,4.0271,4.0248,4.0229,4.0212,4.029,4.0385,4.0483,4.0585,4.0689,4.0798,4.091,4.1027,4.1147,4.1574,4.2693,4.3812,4.4932,4.6053,4.7173,4.8295,4.9416,5.0539,5.1661,5.2285,5.2726,5.3164,5.3599,5.4031,5.4461,5.4888,5.5311,5.5732,5.6035,5.5734,5.5429,5.5121,5.4809,5.4494,5.4174,5.3852,5.3525,5.3194,5.2253,5.0882,4.9511,4.8137,4.6763,4.5388,4.4011,4.2633,4.1254,3.9878,3.8933,3.7994,3.7061,3.6134,3.5214,3.43,3.3393,3.2492,3.1598,3.0843,3.0264,2.9686,2.9109,2.8534,2.796,2.7388,2.6817,2.6248,2.5681,2.5087,2.449,2.3894,2.3298,2.2702,2.2108,2.1514
11.6344,11.6496,11.6647,11.6797,11.6946,11.7094,11.7241,11.7387,11.753,11.7571,11.7611,11.7652,11.7692,11.7733,11.7774,11.7815,11.7855,11.7896,11.8106,11.8534,11.8963,11.9393,11.9824,12.0257,12.0691,12.1125,12.1561,12.1998,12.1436,12.072,12.0005,11.9291,11.8577,11.7864,11.7151,11.6439,11.5727,11.4903,11.381,11.2718,11.1625,11.0533,10.944,10.8348,10.7255,10.6162,10.5069,10.38,10.2462,10.1125,9.9787,9.8448,9.7109,9.577,9.443,9.3089,9.16,8.9281,8.6961,8.464,8.2318,7.9995,7.767,7.5344,7.3016,7.0687,6.8593,6.667,6.4747,6.2822,6.0897,5.897,5.7043,5.5114,5.3184,5.1257,4.9814,4.837,4.6925,4.5479,4.4032,4.2584,4.1136,3.9687,3.8237,3.7457,3.755,3.7645,3.7741,3.784,3.7941,3.8045,3.815,3.8259,3.837,3.8579,3.8806,3.9037,3.9271,3.9509,3.975,3.9995,4.0244,4.0497,4.1007,4.2143,4.328,4.4417,4.5554,4.6693,4.7831,4.897,5.011,5.125,5.1849,5.2229,5.2606,5.2981,5.3353,5.3722,5.4088,5.4452,5.4812,5.507,5.4703,5.4332,5.3958,5.358,5.3199,5.2814,5.2425,5.2033,5.1636,5.0687,4.9304,4.792,4.6534,4.5148,4.376,4.2371,4.098,3.9589,3.8196,3.735,3.652,3.5697,3.488,3.4069,3.3264,3.2466,3.1675,3.089,3.02,2.9645,2.9091,2.8539,2.7988,2.7439,2.6891,2.6344,2.5799,2.5256,2.4677,2.4091,2.3505,2.292,2.2336,2.1752,2.1169
11.615,11.6331,11.651,11.6689,11.6866,11.7043,11.7218,11.7393,11.7563,11.7601,11.7638,11.7676,11.7714,11.7752,11.7789,11.7827,11.7866,11.7904,11.809,11.8457,11.8826,11.9196,11.9567,11.9939,12.0312,12.0687,12.1062,12.1439,12.081,12.0039,11.9268,11.8498,11.7728,11.6959,11.6191,11.5423,11.4655,11.3774,11.2629,11.1483,11.0338,10.9193,10.8048,10.6903,10.5757,10.4612,10.3466,10.2122,10.0702,9.9281,9.7861,9.644,9.5018,9.3596,9.2173,9.0749,8.9178,8.6778,8.4377,8.1974,7.9571,7.7166,7.476,7.2352,6.9943,6.7532,6.5404,6.3486,6.1567,5.9646,5.7725,5.5802,5.3879,5.1954,5.0029,4.8102,4.6671,4.5239,4.3807,4.2373,4.0939,3.9504,3.8068,3.6631,3.5194,3.446,3.4681,3.4903,3.5128,3.5355,3.5584,3.5815,3.6049,3.6285,3.6524,3.6864,3.7224,3.7587,3.7954,3.8324,3.8698,3.9076,3.9457,3.9843,4.0439,4.1593,4.2747,4.3901,4.5056,4.6211,4.7367,4.8523,4.968,5.0837,5.1415,5.1735,5.2052,5.2366,5.2677,5.2986,5.3292,5.3594,5.3894,5.4108,5.3675,5.3238,5.2799,5.2355,5.1908,5.1457,5.1003,5.0544,5.0082,4.9121,4.7726,4.6329,4.4932,4.3533,4.2133,4.0731,3.9329,3.7925,3.652,3.5761,3.504,3.4326,3.3618,3.2917,3.2221,3.1533,3.0851,3.0175,2.9556,2.9025,2.8496,2.7968,2.7441,2.6916,2.6392,2.587,2.5349,2.483,2.4266,2.3691,2.3116,2.2542,2.1968,2.1395,2.0823
11.5957,11.6166,11.6374,11.6581,11.6787,11.6993,11.7197,11.74,11.7595,11.763,11.7665,11.77,11.7735,11.777,11.7805,11.784,11.7876,11.7911,11.8072,11.8379,11.8687,11.8997,11.9308,11.962,11.9933,12.0247,12.0562,12.0879,12.0184,11.9357,11.853,11.7704,11.6879,11.6054,11.523,11.4406,11.3582,11.2644,11.1446,11.0248,10.905,10.7853,10.6655,10.5457,10.4259,10.3061,10.1863,10.0443,9.8941,9.7438,9.5934,9.4431,9.2926,9.1421,8.9916,8.841,8.6757,8.4275,8.1793,7.9309,7.6824,7.4337,7.185,6.9361,6.687,6.4378,6.2216,6.0301,5.8386,5.647,5.4552,5.2634,5.0714,4.8794,4.6873,4.495,4.3528,4.2109,4.0689,3.9268,3.7846,3.6423,3.5,3.3576,3.2151,3.146,3.1809,3.2159,3.2512,3.2867,3.3224,3.3583,3.3944,3.4309,3.4675,3.5145,3.5638,3.6134,3.6633,3.7136,3.7642,3.8152,3.8666,3.9184,3.9871,4.1042,4.2213,4.3385,4.4557,4.5729,4.6902,4.8076,4.925,5.0424,5.0984,5.1243,5.1499,5.1753,5.2004,5.2252,5.2498,5.274,5.2979,5.3149,5.265,5.2148,5.1642,5.1133,5.062,5.0104,4.9583,4.9059,4.8531,4.7556,4.6148,4.4739,4.333,4.1918,4.0506,3.9092,3.7678,3.6261,3.4844,3.4165,3.3554,3.2949,3.235,3.1758,3.1172,3.0592,3.0019,2.9453,2.891,2.8404,2.7898,2.7394,2.6892,2.6391,2.5891,2.5393,2.4897,2.4402,2.3855,2.329,2.2726,2.2162,2.16,2.1037,2.0476
11.5765,11.6003,11.6239,11.6475,11.671,11.6944,11.7176,11.7408,11.7628,11.766,11.7692,11.7724,11.7756,11.7788,11.7821,11.7853,11.7886,11.7918,11.8052,11.8299,11.8547,11.8797,11.9047,11.9299,11.9552,11.9806,12.0061,12.0317,11.9556,11.8673,11.7791,11.6909,11.6028,11.5148,11.4268,11.3388,11.2509,11.1514,11.0263,10.9013,10.7762,10.6512,10.5262,10.4011,10.2761,10.151,10.0259,9.8764,9.7179,9.5594,9.4008,9.2422,9.0835,8.9247,8.7659,8.607,8.4336,8.1773,7.9209,7.6644,7.4077,7.1509,6.894,6.637,6.3798,6.1224,5.9027,5.7117,5.5205,5.3293,5.138,4.9466,4.755,4.5634,4.3717,4.1798,4.0385,3.8978,3.7571,3.6162,3.4753,3.3343,3.1932,3.052,2.9107,2.8457,2.8934,2.9412,2.9893,3.0375,3.086,3.1347,3.1836,3.2328,3.2823,3.3423,3.4048,3.4676,3.5308,3.5943,3.6582,3.7224,3.7871,3.8521,3.9302,4.049,4.1679,4.2867,4.4057,4.5247,4.6437,4.7628,4.8819,5.0011,5.0555,5.0753,5.0949,5.1143,5.1333,5.1521,5.1706,5.1888,5.2067,5.2193,5.1628,5.106,5.0489,4.9914,4.9336,4.8753,4.8167,4.7577,4.6984,4.5991,4.4571,4.315,4.1728,4.0305,3.888,3.7454,3.6027,3.4599,3.3169,3.2563,3.2061,3.1565,3.1075,3.0592,3.0115,2.9645,2.9181,2.8724,2.8263,2.778,2.7299,2.682,2.6341,2.5864,2.5389,2.4915,2.4443,2.3972,2.3442,2.2888,2.2335,2.1782,2.123,2.0679,2.0128
11.5574,11.584,11.6105,11.637,11.6633,11.6895,11.7157,11.7417,11.766,11.7689,11.7718,11.7748,11.7777,11.7807,11.7836,11.7866,11.7896,11.7926,11.8031,11.8218,11.8406,11.8595,11.8786,11.8978,11.917,11.9364,11.9559,11.9755,11.8928,11.7989,11.7051,11.6114,11.5177,11.4241,11.3305,11.237,11.1434,11.0383,10.908,10.7777,10.6474,10.5171,10.3868,10.2565,10.1262,9.9959,9.8655,9.7085,9.5418,9.375,9.2081,9.0412,8.8743,8.7073,8.5402,8.3731,8.1915,7.9271,7.6625,7.3979,7.1331,6.8682,6.6031,6.338,6.0726,5.8071,5.5838,5.3932,5.2025,5.0117,4.8208,4.6297,4.4386,4.2474,4.0561,3.8646,3.7242,3.5847,3.4452,3.3056,3.1659,3.0262,2.8863,2.7464,2.6064,2.5452,2.6056,2.6663,2.7271,2.7881,2.8493,2.9108,2.9725,3.0345,3.0967,3.1697,3.2454,3.3215,3.3979,3.4746,3.5517,3.6292,3.7071,3.7854,3.8733,3.9938,4.1144,4.235,4.3556,4.4763,4.5971,4.7179,4.8387,4.9596,5.0128,5.0266,5.0402,5.0535,5.0665,5.0793,5.0918,5.1039,5.1158,5.124,5.061,4.9976,4.9339,4.8698,4.8054,4.7406,4.6755,4.6099,4.544,4.4427,4.2995,4.1562,4.0128,3.8692,3.7255,3.5817,3.4378,3.2937,3.1495,3.0954,3.0561,3.0174,2.9794,2.942,2.9052,2.8691,2.8336,2.7988,2.7614,2.7156,2.6699,2.6243,2.5789,2.5336,2.4885,2.4435,2.3987,2.3541,2.3029,2.2486,2.1943,2.1401,2.086,2.032,1.978
11.5383,11.5678,11.5972,11.6265,11.6557,11.6848,11.7138,11.7427,11.7692,11.7719,11.7745,11.7772,11.7798,11.7825,11.7852,11.7879,11.7906,11.7933,11.8009,11.8135,11.8263,11.8393,11.8523,11.8655,11.8787,11.8921,11.9056,11.9192,11.8299,11.7304,11.631,11.5317,11.4325,11.3333,11.2342,11.135,11.036,10.9252,10.7896,10.654,10.5185,10.3829,10.2474,10.1119,9.9763,9.8407,9.7051,9.5406,9.3656,9.1905,9.0154,8.8403,8.6651,8.4899,8.3146,8.1392,7.9494,7.6769,7.4042,7.1314,6.8585,6.5855,6.3123,6.039,5.7655,5.4919,5.2649,5.0747,4.8844,4.694,4.5035,4.3129,4.1222,3.9314,3.7405,3.5494,3.4098,3.2716,3.1334,2.995,2.8566,2.718,2.5794,2.4408,2.302,2.2444,2.3176,2.391,2.4646,2.5384,2.6124,2.6866,2.7611,2.8358,2.9108,2.9967,3.0857,3.175,3.2646,3.3546,3.4449,3.5356,3.6267,3.7182,3.8163,3.9385,4.0608,4.1831,4.3055,4.4279,4.5504,4.6729,4.7955,4.9181,4.9704,4.9782,4.9857,4.993,5,5.0067,5.0131,5.0193,5.0251,5.029,4.9594,4.8895,4.8192,4.7486,4.6776,4.6063,4.5345,4.4624,4.3899,4.2864,4.142,3.9974,3.8528,3.708,3.5631,3.418,3.2729,3.1276,2.9822,2.9339,2.9055,2.8777,2.8506,2.824,2.7982,2.7729,2.7484,2.7244,2.6964,2.6529,2.6096,2.5665,2.5235,2.4806,2.4379,2.3954,2.353,2.3107,2.2615,2.2082,2.1551,2.102,2.0489,1.996,1.9431
11.5194,11.5518,11.584,11.6162,11.6482,11.6802,11.712,11.7438,11.7724,11.7748,11.7772,11.7795,11.7819,11.7843,11.7867,11.7891,11.7915,11.794,11.7985,11.8051,11.8119,11.8189,11.8259,11.8331,11.8403,11.8477,11.8552,11.8627,11.7668,11.6618,11.5569,11.452,11.3472,11.2425,11.1377,11.0331,10.9284,10.812,10.6711,10.5303,10.3895,10.2487,10.108,9.9672,9.8264,9.6855,9.5447,9.3726,9.1893,9.006,8.8227,8.6393,8.4559,8.2724,8.0889,7.9052,7.7074,7.4267,7.1459,6.865,6.5839,6.3028,6.0215,5.7401,5.4585,5.1767,4.946,4.7563,4.5664,4.3764,4.1863,3.9961,3.8058,3.6154,3.4248,3.2342,3.0955,2.9585,2.8215,2.6844,2.5472,2.4099,2.2725,2.1351,1.9976,1.9433,2.0293,2.1154,2.2018,2.2883,2.3751,2.4621,2.5493,2.6368,2.7246,2.8234,2.9256,3.0281,3.1309,3.2341,3.3377,3.4416,3.5459,3.6506,3.7592,3.8832,4.0072,4.1312,4.2553,4.3795,4.5037,4.6279,4.7522,4.8766,4.9282,4.93,4.9315,4.9328,4.9337,4.9344,4.9348,4.9349,4.9347,4.9342,4.8582,4.7817,4.7049,4.6277,4.5501,4.4722,4.3939,4.3152,4.2362,4.1302,3.9845,3.8387,3.6928,3.5468,3.4007,3.2544,3.108,2.9615,2.8149,2.7717,2.7542,2.7373,2.7211,2.7054,2.6905,2.6761,2.6624,2.6516,2.6452,2.6157,2.586,2.5561,2.526,2.4957,2.4651,2.4343,2.4033,2.372,2.3329,2.2884,2.2436,2.1983,2.1527,2.1067,2.0604
11.5006,11.5358,11.5709,11.6059,11.6408,11.6756,11.7103,11.7449,11.7756,11.7777,11.7798,11.7819,11.784,11.7861,11.7882,11.7904,11.7925,11.7947,11.796,11.7966,11.7974,11.7983,11.7994,11.8005,11.8018,11.8032,11.8046,11.8062,11.7037,11.5931,11.4826,11.3722,11.2618,11.1515,11.0413,10.931,10.8208,10.6987,10.5526,10.4066,10.2605,10.1145,9.9685,9.8224,9.6764,9.5303,9.3842,9.2046,9.0131,8.8215,8.63,8.4384,8.2467,8.055,7.8632,7.6713,7.4653,7.1765,6.8876,6.5986,6.3094,6.0201,5.7307,5.4412,5.1515,4.8616,4.6272,4.4378,4.2483,4.0587,3.869,3.6792,3.4893,3.2993,3.1092,2.919,2.7811,2.6454,2.5096,2.3737,2.2378,2.1017,1.9656,1.8294,1.6932,1.642,1.7407,1.8396,1.9387,2.038,2.1375,2.2372,2.3372,2.4375,2.538,2.6497,2.7651,2.8808,2.9969,3.1132,3.23,3.3471,3.4646,3.5825,3.7021,3.8278,3.9535,4.0793,4.2051,4.331,4.4569,4.5828,4.7088,4.8419,4.9026,4.9078,4.9129,4.9179,4.9227,4.9274,4.9319,4.9363,4.9405,4.9445,4.8752,4.804,4.7328,4.6616,4.5902,4.5189,4.4475,4.376,4.3044,4.2096,4.0763,3.9431,3.8099,3.6769,3.544,3.4111,3.2784,3.1457,3.0131,2.9811,2.9781,2.9751,2.9719,2.9687,2.9654,2.962,2.9585,2.9549,2.946,2.9119,2.8776,2.843,2.8083,2.7733,2.7382,2.7027,2.6671,2.6312,2.587,2.5364,2.4854,2.434,2.3823,2.3301,2.2776
11.5877,11.6183,11.649,11.6799,11.7109,11.7421,11.7733,11.8047,11.8313,11.8261,11.8212,11.8165,11.8121,11.8079,11.8039,11.8001,11.7966,11.7933,11.7865,11.7767,11.7672,11.7581,11.7492,11.7405,11.7321,11.7239,11.716,11.7082,11.6023,11.4897,11.3771,11.2644,11.1517,11.0389,10.9261,10.8132,10.7003,10.5758,10.4285,10.2811,10.1337,9.9862,9.8387,9.691,9.5433,9.3956,9.2478,9.0661,8.8725,8.6789,8.4852,8.2915,8.0978,7.904,7.7102,7.5164,7.3086,7.0186,6.7287,6.4387,6.1487,5.8588,5.5689,5.2791,4.9893,4.6995,4.4691,4.2879,4.1068,3.9259,3.7451,3.5646,3.3842,3.204,3.0241,2.8443,2.7204,2.5998,2.4796,2.3598,2.2404,2.1214,2.003,1.885,1.7675,1.7328,1.8498,1.9672,2.0849,2.203,2.3215,2.4403,2.5595,2.6792,2.7993,2.9264,3.0561,3.1859,3.316,3.4463,3.5768,3.7076,3.8386,3.9699,4.1012,4.2316,4.362,4.4924,4.6228,4.7531,4.8834,5.0137,5.1439,5.274,5.3313,5.3298,5.3283,5.3266,5.3248,5.3228,5.3207,5.3184,5.3159,5.3133,5.2421,5.1674,5.0928,5.018,4.9432,4.8684,4.7935,4.7185,4.6435,4.5479,4.4142,4.2807,4.1472,4.0138,3.8805,3.7473,3.6142,3.4812,3.3482,3.3099,3.3038,3.2975,3.2912,3.2849,3.2784,3.2718,3.2651,3.2584,3.2471,3.2083,3.1694,3.1303,3.0909,3.0513,3.0115,2.9715,2.9312,2.8907,2.8416,2.7848,2.7277,2.6702,2.6123,2.554,2.4954
11.686,11.7134,11.7408,11.7685,11.7962,11.8241,11.8521,11.8803,11.9023,11.8889,11.8758,11.8629,11.8503,11.8379,11.8258,11.8138,11.8021,11.7906,11.7727,11.7498,11.7271,11.7047,11.6825,11.6606,11.639,11.6176,11.5964,11.5754,11.4678,11.3552,11.2426,11.1299,11.0172,10.9044,10.7916,10.6787,10.5658,10.4422,10.298,10.1538,10.0095,9.8652,9.7207,9.5763,9.4317,9.2871,9.1425,8.9662,8.7789,8.5916,8.4043,8.2169,8.0295,7.8421,7.6546,7.4671,7.266,6.9835,6.7011,6.4187,6.1364,5.854,5.5717,5.2895,5.0072,4.7251,4.5054,4.3381,4.171,4.0041,3.8373,3.6708,3.5044,3.3382,3.1722,3.0065,2.9024,2.8024,2.7028,2.6036,2.5048,2.4064,2.3086,2.2112,2.1143,2.0943,2.2216,2.3492,2.4772,2.6055,2.7343,2.8634,2.9929,3.1228,3.2531,3.3847,3.5168,3.6492,3.7817,3.9145,4.0475,4.1808,4.3143,4.448,4.5808,4.706,4.8311,4.9563,5.0814,5.2065,5.3315,5.4565,5.5815,5.7063,5.7602,5.7522,5.744,5.7356,5.7272,5.7185,5.7098,5.7008,5.6917,5.6824,5.6092,5.531,5.4529,5.3747,5.2964,5.2181,5.1397,5.0613,4.9828,4.8862,4.7522,4.6183,4.4844,4.3507,4.2171,4.0835,3.95,3.8166,3.6833,3.6389,3.6296,3.6202,3.6108,3.6012,3.5916,3.5818,3.572,3.562,3.5485,3.5051,3.4616,3.4178,3.3738,3.3296,3.2852,3.2406,3.1957,3.1505,3.0966,3.0337,2.9704,2.9068,2.8428,2.7783,2.7135
11.7842,11.8083,11.8325,11.8569,11.8814,11.9061,11.9308,11.9557,11.9731,11.9515,11.9302,11.9092,11.8883,11.8678,11.8474,11.8273,11.8074,11.7877,11.7587,11.7225,11.6866,11.651,11.6156,11.5805,11.5456,11.511,11.4765,11.4423,11.3334,11.2208,11.1081,10.9954,10.8827,10.7699,10.6571,10.5442,10.4313,10.3086,10.1676,10.0265,9.8854,9.7441,9.6029,9.4615,9.3201,9.1787,9.0372,8.8663,8.6854,8.5044,8.3234,8.1423,7.9612,7.7801,7.599,7.4178,7.2233,6.9484,6.6736,6.3988,6.124,5.8492,5.5745,5.2998,5.0252,4.7506,4.5415,4.3882,4.2351,4.0822,3.9294,3.7768,3.6244,3.4722,3.3202,3.1685,3.0841,3.0047,2.9257,2.847,2.7688,2.6911,2.6138,2.537,2.4607,2.4555,2.5931,2.731,2.8692,3.0078,3.1468,3.2862,3.426,3.5661,3.7067,3.8429,3.9775,4.1123,4.2474,4.3826,4.5181,4.6539,4.7899,4.9261,5.0605,5.1805,5.3004,5.4203,5.5402,5.66,5.7798,5.8996,6.0192,6.1389,6.1894,6.1747,6.1599,6.1449,6.1298,6.1145,6.0991,6.0835,6.0678,6.0518,5.9764,5.8948,5.8132,5.7315,5.6497,5.568,5.4861,5.4042,5.3222,5.2246,5.0902,4.9559,4.8217,4.6876,4.5536,4.4197,4.2859,4.1521,4.0185,3.9681,3.9556,3.9431,3.9305,3.9177,3.9049,3.892,3.879,3.8659,3.8502,3.8022,3.7541,3.7057,3.6571,3.6083,3.5592,3.5099,3.4604,3.4107,3.3521,3.283,3.2136,3.1438,3.0737,3.0031,2.9322
11.8823,11.9032,11.9241,11.9452,11.9665,11.9879,12.0094,12.0311,12.0436,12.0138,11.9844,11.9551,11.9262,11.8974,11.8689,11.8406,11.8125,11.7846,11.7444,11.695,11.6458,11.597,11.5484,11.5001,11.452,11.4041,11.3565,11.309,11.1989,11.0863,10.9736,10.8609,10.7482,10.6354,10.5226,10.4097,10.2968,10.175,10.0372,9.8992,9.7612,9.6232,9.485,9.3468,9.2085,9.0702,8.9319,8.7664,8.5918,8.4172,8.2425,8.0678,7.893,7.7182,7.5434,7.3685,7.1806,6.9133,6.646,6.3788,6.1116,5.8444,5.5772,5.3101,5.0431,4.7761,4.5774,4.4382,4.299,4.1601,4.0213,3.8827,3.7442,3.606,3.4681,3.3303,3.2655,3.2067,3.1482,3.0901,3.0325,2.9753,2.9186,2.8624,2.8067,2.8166,2.9644,3.1125,3.261,3.4099,3.5591,3.7087,3.8588,4.0092,4.16,4.301,4.4381,4.5754,4.7129,4.8507,4.9887,5.1269,5.2654,5.4041,5.5405,5.6552,5.7699,5.8845,5.9992,6.1137,6.2283,6.3428,6.4572,6.5716,6.6189,6.5976,6.5761,6.5545,6.5327,6.5108,6.4888,6.4665,6.4441,6.4216,6.3438,6.2587,6.1736,6.0885,6.0033,5.918,5.8327,5.7473,5.6618,5.563,5.4282,5.2936,5.159,5.0246,4.8902,4.7559,4.6217,4.4876,4.3536,4.2975,4.2818,4.2661,4.2504,4.2345,4.2185,4.2025,4.1863,4.17,4.1522,4.0996,4.0468,3.9938,3.9406,3.8872,3.8335,3.7797,3.7255,3.6712,3.608,3.5328,3.4573,3.3814,3.3051,3.2284,3.1513
11.9803,11.9979,12.0156,12.0335,12.0515,12.0696,12.0879,12.1063,12.1139,12.0759,12.0383,12.0009,11.9637,11.9268,11.8901,11.8537,11.8174,11.7814,11.7298,11.6671,11.6048,11.5427,11.4809,11.4194,11.3581,11.297,11.2362,11.1755,11.0644,10.9518,10.8391,10.7265,10.6137,10.5009,10.3881,10.2752,10.1623,10.0415,9.9068,9.772,9.6371,9.5022,9.3672,9.2321,9.097,8.9618,8.8266,8.6665,8.4983,8.33,8.1616,7.9932,7.8247,7.6563,7.4878,7.3193,7.1378,6.8782,6.6185,6.3588,6.0991,5.8395,5.5799,5.3204,5.0609,4.8015,4.6133,4.488,4.3628,4.2379,4.113,3.9884,3.8639,3.7397,3.6157,3.4919,3.4466,3.4083,3.3704,3.3329,3.2958,3.2592,3.2231,3.1874,3.1523,3.1774,3.3355,3.4938,3.6526,3.8117,3.9712,4.131,4.2913,4.452,4.6131,4.7591,4.8986,5.0384,5.1784,5.3187,5.4592,5.5999,5.7408,5.882,6.0206,6.1301,6.2395,6.3489,6.4583,6.5677,6.677,6.7862,6.8954,7.0046,7.0487,7.0207,6.9926,6.9643,6.9359,6.9074,6.8787,6.8499,6.8208,6.7916,6.7114,6.6228,6.5343,6.4456,6.3569,6.2682,6.1794,6.0906,6.0016,5.9013,5.7663,5.6313,5.4963,5.3615,5.2268,5.0922,4.9576,4.8232,4.6888,4.627,4.6082,4.5894,4.5704,4.5514,4.5323,4.5131,4.4938,4.4743,4.4545,4.3973,4.3399,4.2823,4.2245,4.1665,4.1082,4.0497,3.991,3.932,3.8643,3.783,3.7014,3.6193,3.5369,3.4541,3.3709
12.0781,12.0925,12.107,12.1216,12.1364,12.1513,12.1663,12.1815,12.1839,12.1378,12.092,12.0464,12.0011,11.956,11.9112,11.8665,11.8221,11.7779,11.7148,11.639,11.5634,11.4882,11.4132,11.3384,11.2639,11.1897,11.1156,11.0417,10.9299,10.8173,10.7047,10.592,10.4792,10.3664,10.2536,10.1407,10.0278,9.908,9.7764,9.6448,9.513,9.3812,9.2494,9.1174,8.9854,8.8534,8.7213,8.5667,8.4048,8.2428,8.0807,7.9186,7.7565,7.5943,7.4322,7.27,7.0951,6.843,6.5909,6.3388,6.0867,5.8346,5.5826,5.3306,5.0787,4.8268,4.649,4.5377,4.4265,4.3155,4.2046,4.0939,3.9834,3.8732,3.7631,3.6533,3.6274,3.6096,3.5923,3.5753,3.5588,3.5427,3.5271,3.512,3.4974,3.538,3.7063,3.8749,4.0439,4.2133,4.383,4.5531,4.7236,4.8945,5.0658,5.217,5.3591,5.5014,5.6439,5.7866,5.9295,6.0727,6.2162,6.3598,6.5009,6.6051,6.7093,6.8135,6.9177,7.0218,7.1258,7.2299,7.3338,7.4377,7.4787,7.4441,7.4093,7.3745,7.3394,7.3043,7.2689,7.2335,7.1978,7.162,7.0791,6.9871,6.895,6.8029,6.7108,6.6186,6.5263,6.434,6.3416,6.2398,6.1043,5.969,5.8337,5.6985,5.5634,5.4284,5.2935,5.1587,5.024,4.9568,4.9348,4.9128,4.8907,4.8685,4.8463,4.8239,4.8014,4.7788,4.7562,4.6953,4.6333,4.5711,4.5087,4.446,4.3831,4.32,4.2567,4.1931,4.1211,4.0337,3.9459,3.8577,3.7692,3.6803,3.591
12.1759,12.187,12.1982,12.2096,12.2211,12.2328,12.2446,12.2565,12.2536,12.1994,12.1454,12.0917,12.0382,11.985,11.932,11.8792,11.8266,11.7742,11.6995,11.6105,11.5218,11.4333,11.3451,11.2572,11.1695,11.082,10.9948,10.9077,10.7955,10.6828,10.5702,10.4575,10.3447,10.2319,10.1191,10.0062,9.8933,9.7746,9.6461,9.5176,9.389,9.2603,9.1316,9.0028,8.8739,8.745,8.616,8.4669,8.3113,8.1556,7.9999,7.8441,7.6883,7.5324,7.3766,7.2207,7.0524,6.8078,6.5632,6.3187,6.0742,5.8297,5.5852,5.3408,5.0964,4.8521,4.6847,4.5873,4.4901,4.393,4.2961,4.1993,4.1028,4.0065,3.9104,3.8145,3.8078,3.8106,3.8138,3.8174,3.8214,3.8259,3.8308,3.8362,3.8421,3.8984,4.0769,4.2558,4.435,4.6146,4.7946,4.9749,5.1556,5.3368,5.5183,5.6749,5.8195,5.9642,6.1092,6.2544,6.3998,6.5455,6.6914,6.8376,6.9814,7.0804,7.1793,7.2783,7.3772,7.4761,7.5749,7.6737,7.7724,7.8711,7.909,7.8677,7.8264,7.7849,7.7432,7.7014,7.6595,7.6174,7.5751,7.5326,7.447,7.3515,7.256,7.1604,7.0648,6.9692,6.8734,6.7776,6.6818,6.5782,6.4424,6.3067,6.171,6.0355,5.9001,5.7647,5.6295,5.4943,5.3592,5.2867,5.2616,5.2365,5.2112,5.1859,5.1604,5.1349,5.1093,5.0836,5.0577,4.9936,4.927,4.8602,4.7932,4.7259,4.6584,4.5907,4.5228,4.4546,4.3784,4.2848,4.1909,4.0966,4.002,3.9069,3.8115
12.2735,12.2814,12.2894,12.2975,12.3058,12.3142,12.3228,12.3314,12.3231,12.2608,12.1986,12.1368,12.0751,12.0137,11.9526,11.8916,11.8309,11.7704,11.684,11.5818,11.4798,11.3782,11.2768,11.1757,11.0748,10.9742,10.8738,10.7735,10.661,10.5484,10.4357,10.323,10.2102,10.0974,9.9846,9.8717,9.7588,9.6412,9.5158,9.3904,9.265,9.1394,9.0138,8.8882,8.7624,8.6366,8.5108,8.3672,8.2178,8.0685,7.919,7.7696,7.62,7.4705,7.3209,7.1714,7.0096,6.7726,6.5356,6.2986,6.0616,5.8247,5.5878,5.3509,5.1141,4.8773,4.7202,4.6368,4.5535,4.4703,4.3873,4.3046,4.222,4.1396,4.0574,3.9755,3.988,4.0113,4.035,4.0591,4.0836,4.1086,4.1341,4.16,4.1865,4.2586,4.4473,4.6364,4.8259,5.0157,5.2059,5.3964,5.5874,5.7788,5.9705,6.1328,6.2798,6.427,6.5745,6.7222,6.8701,7.0182,7.1666,7.3152,7.462,7.5558,7.6495,7.7432,7.8369,7.9306,8.0242,8.1177,8.2112,8.3047,8.3395,8.2917,8.2437,8.1955,8.1473,8.0989,8.0503,8.0015,7.9526,7.9036,7.815,7.7161,7.6171,7.5181,7.419,7.3199,7.2207,7.1214,7.0221,6.9166,6.7805,6.6444,6.5084,6.3725,6.2367,6.101,5.9654,5.8299,5.6944,5.6169,5.5886,5.5603,5.5319,5.5034,5.4748,5.4461,5.4174,5.3885,5.3595,5.2922,5.221,5.1496,5.078,5.0061,4.934,4.8617,4.7892,4.7164,4.636,4.5364,4.4363,4.3359,4.2352,4.134,4.0325
12.371,12.3756,12.3804,12.3853,12.3904,12.3955,12.4009,12.4063,12.3924,12.3219,12.2516,12.1816,12.1118,12.0423,11.973,11.9039,11.835,11.7663,11.6681,11.5527,11.4376,11.3228,11.2083,11.094,10.9799,10.8661,10.7525,10.6391,10.5265,10.4139,10.3012,10.1885,10.0757,9.9629,9.8501,9.7372,9.6243,9.5078,9.3856,9.2633,9.141,9.0186,8.8961,8.7735,8.6509,8.5283,8.4056,8.2674,8.1244,7.9813,7.8382,7.695,7.5518,7.4086,7.2653,7.1221,6.9669,6.7374,6.5079,6.2785,6.049,5.8196,5.5903,5.361,5.1317,4.9025,4.7556,4.6861,4.6167,4.5475,4.4785,4.4096,4.341,4.2725,4.2043,4.1363,4.1678,4.2117,4.2559,4.3005,4.3455,4.391,4.437,4.4834,4.5304,4.6186,4.8175,5.0168,5.2165,5.4165,5.6169,5.8177,6.0189,6.2205,6.4225,6.5906,6.74,6.8898,7.0397,7.1898,7.3402,7.4909,7.6417,7.7928,7.9428,8.0314,8.1199,8.2084,8.2968,8.3853,8.4736,8.562,8.6503,8.7385,8.7703,8.7159,8.6613,8.6065,8.5516,8.4966,8.4414,8.386,8.3305,8.2748,8.1833,8.0809,7.9784,7.8759,7.7734,7.6708,7.5681,7.4654,7.3627,7.2551,7.1186,6.9822,6.8458,6.7096,6.5734,6.4374,6.3014,6.1655,6.0297,5.9472,5.9158,5.8843,5.8527,5.8211,5.7894,5.7575,5.7256,5.6936,5.6615,5.5912,5.5153,5.4393,5.3631,5.2866,5.21,5.1331,5.0559,4.9785,4.8941,4.7884,4.6822,4.5757,4.4689,4.3616,4.254
12.4684,12.4698,12.4713,12.473,12.4748,12.4768,12.4788,12.481,12.4614,12.3828,12.3044,12.2262,12.1483,12.0706,11.9931,11.9159,11.8389,11.762,11.6519,11.5233,11.3951,11.2671,11.1394,11.0119,10.8847,10.7577,10.631,10.5046,10.392,10.2794,10.1667,10.054,9.9412,9.8284,9.7156,9.6027,9.4898,9.3744,9.2554,9.1362,9.017,8.8977,8.7784,8.659,8.5395,8.42,8.3004,8.1677,8.031,7.8942,7.7574,7.6205,7.4836,7.3467,7.2097,7.0727,6.9241,6.7021,6.4802,6.2583,6.0364,5.8146,5.5928,5.371,5.1492,4.9276,4.7909,4.7353,4.6799,4.6246,4.5695,4.5145,4.4598,4.4053,4.351,4.2969,4.3474,4.4117,4.4764,4.5415,4.6071,4.673,4.7395,4.8064,4.8739,4.9783,5.1875,5.397,5.6069,5.8171,6.0278,6.2388,6.4501,6.6619,6.8741,7.0483,7.2002,7.3524,7.5048,7.6575,7.8103,7.9634,8.1168,8.2703,8.4238,8.5072,8.5904,8.6737,8.7569,8.8401,8.9233,9.0064,9.0895,9.1725,9.2014,9.1403,9.0791,9.0177,8.9562,8.8946,8.8328,8.7708,8.7087,8.6464,8.5516,8.4458,8.3399,8.2339,8.1279,8.0219,7.9158,7.8096,7.7034,7.5936,7.4567,7.3199,7.1832,7.0466,6.9101,6.7737,6.6374,6.5011,6.365,6.2777,6.2431,6.2085,6.1738,6.139,6.1041,6.0692,6.0341,5.9989,5.9636,5.8904,5.81,5.7294,5.6485,5.5675,5.4862,5.4047,5.323,5.241,5.1527,5.0408,4.9286,4.816,4.703,4.5896,4.4759
12.5657,12.5638,12.5621,12.5606,12.5591,12.5579,12.5567,12.5557,12.5302,12.4434,12.3569,12.2706,12.1845,12.0987,12.0131,11.9277,11.8425,11.7576,11.6354,11.4937,11.3523,11.2111,11.0703,10.9297,10.7893,10.6491,10.5092,10.3701,10.2575,10.1449,10.0322,9.9195,9.8068,9.6939,9.5811,9.4682,9.3553,9.2411,9.1252,9.0092,8.8931,8.7769,8.6607,8.5444,8.428,8.3116,8.1952,8.0681,7.9376,7.8071,7.6766,7.546,7.4154,7.2848,7.1541,7.0234,6.8813,6.6669,6.4525,6.2381,6.0238,5.8095,5.5952,5.381,5.1668,4.9526,4.826,4.7844,4.7429,4.7015,4.6603,4.6193,4.5784,4.5378,4.4974,4.4573,4.5266,4.6114,4.6966,4.7822,4.8682,4.9547,5.0416,5.129,5.2169,5.3379,5.5573,5.777,5.9971,6.2175,6.4383,6.6595,6.8811,7.1031,7.3255,7.5059,7.6603,7.815,7.9699,8.125,8.2803,8.4359,8.5917,8.7477,8.904,8.9831,9.0612,9.1392,9.2172,9.2952,9.3731,9.451,9.5289,9.6067,9.6328,9.5651,9.4972,9.4293,9.3612,9.2929,9.2245,9.1559,9.0872,9.0183,8.9202,8.8109,8.7015,8.5921,8.4826,8.3731,8.2636,8.1539,8.0442,7.9321,7.7949,7.6577,7.5207,7.3837,7.2468,7.1101,6.9734,6.8368,6.7003,6.6084,6.5707,6.5329,6.4951,6.4571,6.4191,6.381,6.3428,6.3044,6.266,6.1899,6.1049,6.0197,5.9343,5.8486,5.7628,5.6767,5.5903,5.5038,5.4117,5.2937,5.1753,5.0566,4.9376,4.8181,4.6983
12.6628,12.6578,12.6528,12.648,12.6434,12.6389,12.6345,12.6302,12.5988,12.5038,12.4091,12.3147,12.2205,12.1266,12.0328,11.9393,11.846,11.7529,11.6186,11.4637,11.3092,11.1549,11.0009,10.8471,10.6936,10.5403,10.3872,10.2357,10.1231,10.0104,9.8978,9.785,9.6723,9.5594,9.4466,9.3337,9.2207,9.1079,8.995,8.8821,8.7692,8.6561,8.543,8.4299,8.3166,8.2033,8.09,7.9684,7.8443,7.7201,7.5958,7.4715,7.3472,7.2229,7.0985,6.9741,6.8385,6.6316,6.4248,6.2179,6.0111,5.8043,5.5976,5.3909,5.1842,4.9776,4.8611,4.8333,4.8057,4.7783,4.751,4.7239,4.6969,4.6702,4.6437,4.6175,4.7056,4.8108,4.9165,5.0225,5.129,5.2359,5.3433,5.4512,5.5596,5.6972,5.9268,6.1567,6.387,6.6176,6.8487,7.0801,7.3119,7.5441,7.7767,7.9635,8.1204,8.2775,8.4349,8.5924,8.7503,8.9083,9.0666,9.2251,9.3838,9.4592,9.5321,9.6049,9.6777,9.7505,9.8232,9.8959,9.9685,10.0411,10.0644,9.9901,9.9156,9.8411,9.7663,9.6915,9.6165,9.5413,9.4659,9.3904,9.2889,9.1761,9.0633,8.9504,8.8375,8.7246,8.6115,8.4985,8.3853,8.2706,8.133,7.9955,7.8581,7.7208,7.5836,7.4465,7.3094,7.1725,7.0356,6.9392,6.8984,6.8575,6.8165,6.7754,6.7343,6.693,6.6516,6.6102,6.5686,6.4897,6.4001,6.3103,6.2203,6.1301,6.0396,5.949,5.858,5.7669,5.6711,5.547,5.4226,5.2978,5.1726,5.047,4.9211
12.7599,12.7516,12.7434,12.7354,12.7275,12.7198,12.7122,12.7047,12.6671,12.564,12.4612,12.3586,12.2563,12.1542,12.0524,11.9507,11.8493,11.7481,11.6014,11.4335,11.2658,11.0983,10.9312,10.7643,10.5976,10.4312,10.265,10.1012,9.9886,9.8759,9.7633,9.6505,9.5378,9.425,9.3121,9.1992,9.0862,8.9746,8.8649,8.7551,8.6453,8.5354,8.4254,8.3153,8.2052,8.0951,7.9848,7.8688,7.7509,7.633,7.5151,7.3971,7.279,7.161,7.0429,6.9248,6.7957,6.5963,6.397,6.1977,5.9984,5.7992,5.5999,5.4008,5.2016,5.0026,4.896,4.8822,4.8685,4.8549,4.8415,4.8283,4.8153,4.8024,4.7898,4.7775,4.8842,5.0099,5.136,5.2625,5.3895,5.5168,5.6447,5.773,5.9018,6.0563,6.2961,6.5362,6.7767,7.0175,7.2587,7.5003,7.7423,7.9847,8.2275,8.421,8.5804,8.74,8.8998,9.0598,9.2201,9.3806,9.5414,9.7024,9.8636,9.9355,10.0032,10.0708,10.1384,10.2059,10.2734,10.3409,10.4083,10.4757,10.4962,10.4153,10.3343,10.2531,10.1718,10.0904,10.0087,9.927,9.845,9.7629,9.6577,9.5415,9.4252,9.3089,9.1926,9.0762,8.9597,8.8432,8.7266,8.6092,8.4712,8.3334,8.1956,8.0579,7.9204,7.7829,7.6455,7.5082,7.3709,7.2703,7.2263,7.1823,7.1381,7.0939,7.0488,7.001,6.9532,6.9056,6.858,6.7741,6.678,6.5822,6.4865,6.391,6.2957,6.2006,6.1057,6.0109,5.9133,5.7882,5.6636,5.5395,5.416,5.2931,5.1707
12.8563,12.8453,12.8339,12.8227,12.8115,12.8006,12.7897,12.779,12.7351,12.6239,12.513,12.4023,12.2919,12.1817,12.0717,11.9619,11.8524,11.743,11.584,11.4029,11.2221,11.0415,10.8612,10.6812,10.5014,10.3218,10.1425,9.9667,9.8541,9.7415,9.6288,9.516,9.4033,9.2905,9.1776,9.0647,8.9517,8.8414,8.7348,8.6282,8.5214,8.4146,8.3078,8.2008,8.0938,7.9868,7.8797,7.7692,7.6576,7.546,7.4343,7.3226,7.2108,7.099,6.9872,6.8754,6.7528,6.561,6.3692,6.1775,5.9857,5.794,5.6023,5.4106,5.219,5.0274,4.9309,4.9309,4.9311,4.9314,4.9319,4.9325,4.9334,4.9345,4.9358,4.9373,5.0625,5.2087,5.3552,5.5022,5.6496,5.7974,5.9456,6.0944,6.2437,6.4152,6.6652,6.9155,7.1662,7.4172,7.6686,7.9204,8.1725,8.4251,8.6781,8.8784,9.0403,9.2023,9.3646,9.5271,9.6899,9.8529,10.0161,10.1795,10.3432,10.412,10.4745,10.536,10.5947,10.6533,10.7117,10.7699,10.828,10.8859,10.8997,10.809,10.7183,10.6277,10.5371,10.4466,10.3562,10.2658,10.1755,10.0853,9.9744,9.8524,9.7306,9.6088,9.4871,9.3655,9.2439,9.1224,9.0009,8.8793,8.7373,8.5953,8.4534,8.3114,8.1694,8.0274,7.8854,7.7434,7.6014,7.4933,7.4451,7.397,7.3489,7.3008,7.2529,7.2049,7.1571,7.1093,7.0615,6.9804,6.886,6.7918,6.6978,6.604,6.5104,6.4169,6.3236,6.2305,6.1359,6.0171,5.8989,5.7811,5.664,5.5473,5.4312
12.8627,12.8417,12.821,12.8007,12.7808,12.7612,12.742,12.7231,12.6717,12.5583,12.445,12.3317,12.2186,12.1055,11.9924,11.8795,11.7666,11.6538,11.4873,11.2982,11.1092,10.9203,10.7316,10.543,10.3544,10.166,9.9777,9.7938,9.6799,9.5659,9.4519,9.3378,9.2238,9.1097,8.9956,8.8814,8.7673,8.6564,8.5502,8.444,8.3377,8.2314,8.125,8.0185,7.912,7.8054,7.6987,7.5878,7.4756,7.3633,7.2509,7.1385,7.026,6.9134,6.8007,6.6879,6.5659,6.3853,6.2047,6.024,5.8432,5.6625,5.4817,5.3009,5.1202,4.9395,4.853,4.8638,4.8747,4.8856,4.8965,4.9076,4.9187,4.9298,4.9411,4.9525,5.1002,5.2724,5.445,5.6182,5.792,5.9663,6.1413,6.3169,6.4932,6.6865,6.942,7.1977,7.4536,7.7097,7.9661,8.2226,8.4794,8.7364,8.9937,9.1958,9.3553,9.5149,9.6746,9.8344,9.9943,10.1542,10.3143,10.4744,10.6346,10.6956,10.7479,10.8,10.852,10.9039,10.9556,11.0071,11.0585,11.1096,11.1215,11.0305,10.9397,10.8488,10.7581,10.6674,10.5768,10.4862,10.3957,10.3053,10.1949,10.0729,9.9509,9.829,9.7071,9.5853,9.4636,9.342,9.2204,9.0988,8.956,8.8127,8.6694,8.5262,8.3829,8.2397,8.0964,7.9531,7.8098,7.6981,7.6498,7.6015,7.5533,7.5051,7.457,7.4089,7.3609,7.313,7.2651,7.1866,7.0939,7.0014,6.909,6.8168,6.7249,6.6331,6.5414,6.45,6.3582,6.2457,6.1337,6.0223,5.9114,5.8011,5.6913
12.8687,12.8365,12.8046,12.7731,12.742,12.7113,12.6808,12.6508,12.5893,12.4721,12.3549,12.2378,12.1208,12.0038,11.887,11.7702,11.6534,11.5367,11.3627,11.1657,10.969,10.7723,10.5758,10.3794,10.183,9.9868,9.7907,9.6,9.4831,9.3662,9.2492,9.1322,9.0152,8.8982,8.7812,8.6641,8.5469,8.4334,8.3247,8.216,8.1072,7.9984,7.8895,7.7806,7.6716,7.5625,7.4534,7.3363,7.2168,7.0973,6.9778,6.8581,6.7384,6.6186,6.4987,6.3787,6.2526,6.0869,5.9211,5.7554,5.5895,5.4237,5.2578,5.092,4.9262,4.7604,4.6857,4.7064,4.7271,4.7479,4.7688,4.7897,4.8107,4.8318,4.853,4.8743,5.0495,5.2538,5.4587,5.6641,5.87,6.0765,6.2836,6.4914,6.6999,6.9192,7.1802,7.4414,7.7029,7.9645,8.2263,8.4884,8.7506,9.0131,9.2759,9.4816,9.6407,9.7999,9.9592,10.1185,10.278,10.4375,10.5971,10.7568,10.9166,10.9733,11.0189,11.0643,11.1096,11.1548,11.1997,11.2445,11.2892,11.3336,11.3433,11.2521,11.1611,11.07,10.9791,10.8882,10.7974,10.7066,10.6159,10.5253,10.4155,10.2933,10.1712,10.0492,9.9272,9.8052,9.6834,9.5616,9.4398,9.3182,9.1746,9.0301,8.8856,8.741,8.5965,8.452,8.3074,8.1629,8.0184,7.9029,7.8545,7.806,7.7577,7.7094,7.6611,7.6129,7.5648,7.5167,7.4687,7.3927,7.3016,7.2108,7.1201,7.0296,6.9392,6.8491,6.7591,6.6694,6.5798,6.4737,6.3681,6.263,6.1584,6.0544,5.9509
12.8744,12.8309,12.7879,12.7452,12.7029,12.6609,12.6193,12.578,12.5069,12.3858,12.2647,12.1438,12.0229,11.9021,11.7814,11.6607,11.5401,11.4196,11.2379,11.0332,10.8286,10.6241,10.4198,10.2156,10.0115,9.8075,9.6036,9.4062,9.2863,9.1665,9.0466,8.9266,8.8067,8.6867,8.5667,8.4467,8.3266,8.2103,8.0992,7.988,7.8767,7.7654,7.6541,7.5426,7.4312,7.3196,7.208,7.0847,6.9581,6.8314,6.7046,6.5778,6.4508,6.3238,6.1967,6.0695,5.9391,5.7884,5.6376,5.4867,5.3358,5.1848,5.0339,4.883,4.7321,4.5812,4.5182,4.5488,4.5795,4.6102,4.6409,4.6718,4.7027,4.7337,4.7647,4.7959,4.9983,5.2348,5.4718,5.7094,5.9474,6.1861,6.4254,6.6653,6.9059,7.1519,7.4184,7.6851,7.952,8.2191,8.4864,8.754,9.0217,9.2897,9.5579,9.7674,9.9261,10.0848,10.2437,10.4026,10.5617,10.7208,10.88,11.0393,11.1986,11.2512,11.2901,11.3288,11.3674,11.4059,11.4441,11.4822,11.5201,11.5579,11.5651,11.4737,11.3824,11.2912,11.2001,11.109,11.018,10.9271,10.8362,10.7453,10.6361,10.5138,10.3915,10.2693,10.1472,10.0251,9.9031,9.7812,9.6593,9.5375,9.3934,9.2476,9.1018,8.956,8.8102,8.6644,8.5186,8.3728,8.227,8.1077,8.0591,8.0106,7.9621,7.9136,7.8652,7.8169,7.7687,7.7205,7.6723,7.5987,7.5093,7.4201,7.331,7.2422,7.1535,7.065,6.9767,6.8886,6.8007,6.7013,6.602,6.5032,6.4049,6.3072,6.21
12.8796,12.825,12.7707,12.7169,12.6634,12.6102,12.5574,12.505,12.4243,12.2993,12.1744,12.0496,11.9249,11.8003,11.6757,11.5512,11.4268,11.3024,11.1129,10.9004,10.688,10.4758,10.2637,10.0517,9.8398,9.628,9.4163,9.2123,9.0895,8.9667,8.8438,8.721,8.5981,8.4751,8.3522,8.2292,8.1062,7.9872,7.8736,7.7599,7.6462,7.5324,7.4186,7.3047,7.1907,7.0767,6.9626,6.8331,6.6993,6.5654,6.4314,6.2974,6.1633,6.0291,5.8948,5.7604,5.6257,5.4898,5.3539,5.2179,5.0819,4.9459,4.8099,4.6739,4.5379,4.4019,4.3507,4.3912,4.4317,4.4723,4.513,4.5537,4.5945,4.6354,4.6763,4.7174,4.9467,5.2153,5.4845,5.7541,6.0243,6.2951,6.5665,6.8386,7.1113,7.3845,7.6564,7.9286,8.201,8.4736,8.7464,9.0194,9.2927,9.5661,9.8399,10.0532,10.2114,10.3698,10.5282,10.6868,10.8454,11.0041,11.1629,11.3217,11.4807,11.5294,11.5616,11.5936,11.6255,11.6572,11.6888,11.7202,11.7514,11.7824,11.7868,11.6953,11.6039,11.5125,11.4211,11.3298,11.2386,11.1475,11.0564,10.9654,10.8567,10.7343,10.6119,10.4895,10.3673,10.245,10.1229,10.0008,9.8788,9.7569,9.6122,9.4651,9.3181,9.171,9.0239,8.8769,8.7298,8.5827,8.4356,8.3126,8.2638,8.2151,8.1665,8.1179,8.0694,8.0209,7.9725,7.9242,7.8759,7.8045,7.7168,7.6293,7.5419,7.4547,7.3677,7.2808,7.1942,7.1077,7.0215,6.9285,6.8354,6.7429,6.651,6.5595,6.4687
12.8844,12.8186,12.7532,12.6882,12.6235,12.5592,12.4952,12.4316,12.3416,12.2128,12.084,11.9554,11.8268,11.6984,11.5699,11.4416,11.3133,11.185,10.9877,10.7674,10.5473,10.3273,10.1074,9.8877,9.668,9.4484,9.2289,9.0184,8.8926,8.7669,8.6411,8.5153,8.3894,8.2635,8.1377,8.0117,7.8858,7.7641,7.648,7.5319,7.4157,7.2994,7.1831,7.0667,6.9503,6.8338,6.7172,6.5815,6.4405,6.2994,6.1582,6.017,5.8757,5.7343,5.5928,5.4512,5.3122,5.1913,5.0702,4.9492,4.828,4.7069,4.5858,4.4646,4.3435,4.2225,4.1831,4.2335,4.2839,4.3344,4.3849,4.4355,4.4862,4.537,4.5878,4.6388,4.8946,5.1953,5.4966,5.7983,6.1006,6.4035,6.707,7.0112,7.3161,7.6169,7.8944,8.172,8.4499,8.728,9.0062,9.2847,9.5635,9.8424,10.1216,10.339,10.4968,10.6548,10.8128,10.9709,11.1291,11.2874,11.4458,11.6042,11.7627,11.8078,11.8332,11.8586,11.8838,11.9088,11.9337,11.9583,11.9829,12.0072,12.0087,11.9169,11.8253,11.7337,11.6421,11.5507,11.4593,11.3679,11.2766,11.1854,11.0773,10.9547,10.8322,10.7097,10.5873,10.465,10.3427,10.2205,10.0983,9.9762,9.8311,9.6828,9.5344,9.3861,9.2377,9.0894,8.9411,8.7927,8.6444,8.5174,8.4685,8.4197,8.3709,8.3222,8.2735,8.225,8.1764,8.128,8.0795,8.0103,7.9242,7.8383,7.7526,7.6671,7.5817,7.4965,7.4115,7.3267,7.2421,7.1552,7.0684,6.9822,6.8965,6.8114,6.7268
12.8888,12.8119,12.7353,12.6591,12.5833,12.5078,12.4327,12.3578,12.2588,12.1261,11.9935,11.8611,11.7286,11.5963,11.464,11.3319,11.1997,11.0676,10.8623,10.6343,10.4064,10.1786,9.951,9.7234,9.496,9.2687,9.0414,8.8244,8.6957,8.567,8.4383,8.3095,8.1807,8.0519,7.9231,7.7942,7.6653,7.541,7.4224,7.3038,7.1851,7.0664,6.9476,6.8288,6.7098,6.5909,6.4718,6.3299,6.1816,6.0334,5.885,5.7366,5.5881,5.4395,5.2908,5.1421,4.9987,4.8927,4.7865,4.6803,4.5741,4.4678,4.3616,4.2553,4.1491,4.0429,4.0154,4.0756,4.136,4.1963,4.2567,4.3172,4.3778,4.4384,4.4992,4.56,4.842,5.1748,5.5081,5.842,6.1764,6.5114,6.847,7.1832,7.5202,7.8492,8.1322,8.4153,8.6986,8.9822,9.266,9.5499,9.8341,10.1186,10.4033,10.6248,10.7822,10.9398,11.0974,11.2551,11.4129,11.5707,11.7287,11.8867,12.0448,12.0864,12.1052,12.1238,12.1423,12.1606,12.1788,12.1968,12.2146,12.2323,12.2305,12.1385,12.0467,11.9549,11.8632,11.7715,11.6799,11.5884,11.4969,11.4055,11.298,11.1752,11.0525,10.9299,10.8074,10.6849,10.5625,10.4401,10.3178,10.1956,10.0501,9.9004,9.7508,9.6012,9.4516,9.302,9.1524,9.0028,8.8532,8.7222,8.6732,8.6242,8.5753,8.5265,8.4777,8.429,8.3803,8.3317,8.2832,8.216,8.1315,8.0473,7.9632,7.8793,7.7956,7.7121,7.6288,7.5456,7.4627,7.3814,7.301,7.221,7.1416,7.0628,6.9845
12.8929,12.8048,12.717,12.6297,12.5427,12.456,12.3697,12.2838,12.1758,12.0393,11.9029,11.7666,11.6304,11.4942,11.3581,11.222,11.0861,10.9501,10.7368,10.501,10.2653,10.0298,9.7944,9.5591,9.3239,9.0887,8.8537,8.6304,8.4987,8.3671,8.2354,8.1037,7.972,7.8402,7.7085,7.5767,7.4448,7.3178,7.1968,7.0757,6.9545,6.8333,6.7121,6.5908,6.4694,6.3479,6.2264,6.0782,5.9228,5.7673,5.6118,5.4562,5.3005,5.1447,4.9889,4.8329,4.6852,4.594,4.5027,4.4114,4.3201,4.2287,4.1373,4.0459,3.9546,3.8633,3.8476,3.9177,3.9879,4.0582,4.1285,4.1988,4.2693,4.3398,4.4104,4.4811,4.7889,5.1538,5.5192,5.8851,6.2516,6.6186,6.9863,7.3546,7.7236,8.0814,8.3698,8.6585,8.9473,9.2363,9.5255,9.815,10.1047,10.3946,10.6847,10.9106,11.0676,11.2248,11.382,11.5392,11.6966,11.854,12.0116,12.1692,12.3269,12.3652,12.3773,12.3893,12.4011,12.4127,12.4242,12.4355,12.4466,12.4576,12.4523,12.3602,12.2681,12.1761,12.0842,11.9923,11.9005,11.8088,11.7172,11.6255,11.5186,11.3957,11.2729,11.1501,11.0274,10.9048,10.7822,10.6597,10.5373,10.4149,10.2691,10.1182,9.9673,9.8165,9.6656,9.5147,9.3638,9.213,9.0621,8.927,8.8779,8.8288,8.7798,8.7308,8.6819,8.633,8.5842,8.5355,8.4868,8.4215,8.3387,8.2561,8.1737,8.0915,8.0094,7.9276,7.8459,7.7644,7.6831,7.6072,7.533,7.4594,7.3863,7.3137,7.2417
12.8965,12.7973,12.6984,12.5999,12.5017,12.4039,12.3064,12.2093,12.0928,11.9524,11.8122,11.672,11.5319,11.3919,11.252,11.1121,10.9723,10.8325,10.6111,10.3675,10.1241,9.8808,9.6376,9.3945,9.1516,8.9087,8.6659,8.4363,8.3017,8.1671,8.0325,7.8979,7.7632,7.6285,7.4938,7.3591,7.2243,7.0946,6.9711,6.8476,6.7239,6.6003,6.4765,6.3527,6.2289,6.105,5.981,5.8265,5.6639,5.5012,5.3385,5.1758,5.0129,4.85,4.6869,4.5238,4.3717,4.2953,4.2189,4.1425,4.066,3.9895,3.913,3.8364,3.76,3.6835,3.6797,3.7597,3.8398,3.9199,4.0001,4.0803,4.1606,4.241,4.3215,4.4021,4.7354,5.1323,5.5297,5.9277,6.3262,6.7253,7.125,7.5254,7.9264,8.3135,8.6074,8.9015,9.1958,9.4903,9.785,10.0799,10.3751,10.6705,10.9661,11.1965,11.3531,11.5098,11.6666,11.8234,11.9804,12.1374,12.2945,12.4517,12.609,12.6443,12.6497,12.655,12.6601,12.665,12.6698,12.6744,12.6789,12.6832,12.6741,12.5818,12.4895,12.3974,12.3052,12.2132,12.1212,12.0293,11.9374,11.8456,11.7392,11.6162,11.4932,11.3703,11.2475,11.1247,11.002,10.8794,10.7568,10.6343,10.4882,10.336,10.1839,10.0317,9.8796,9.7275,9.5753,9.4232,9.271,9.1319,9.0826,9.0334,8.9842,8.9351,8.8861,8.8371,8.7881,8.7393,8.6904,8.627,8.5458,8.4649,8.3841,8.3035,8.2231,8.1429,8.0629,7.983,7.9034,7.8325,7.7646,7.6973,7.6305,7.5642,7.4985
12.8998,12.7894,12.6793,12.5697,12.4604,12.3514,12.2428,12.1345,12.0096,11.8654,11.7214,11.5774,11.4334,11.2896,11.1458,11.0021,10.8584,10.7148,10.4852,10.2339,9.9827,9.7316,9.4807,9.2298,8.9791,8.7285,8.4779,8.2421,8.1046,7.9671,7.8295,7.692,7.5544,7.4168,7.2791,7.1414,7.0037,6.8714,6.7454,6.6194,6.4933,6.3672,6.241,6.1147,5.9884,5.862,5.7356,5.5747,5.405,5.2352,5.0653,4.8953,4.7253,4.5552,4.385,4.2146,4.0581,3.9966,3.9351,3.8735,3.8118,3.7502,3.6885,3.6269,3.5652,3.5036,3.5118,3.6017,3.6916,3.7815,3.8716,3.9617,4.0518,4.1421,4.2324,4.3229,4.6814,5.1103,5.5398,5.9698,6.4003,6.8314,7.2631,7.6955,8.1286,8.5455,8.8449,9.1444,9.4442,9.7441,10.0443,10.3447,10.6453,10.9462,11.2473,11.4823,11.6385,11.7948,11.9512,12.1076,12.2641,12.4208,12.5774,12.7342,12.8911,12.9236,12.9223,12.9209,12.9193,12.9176,12.9157,12.9136,12.9114,12.909,12.8959,12.8034,12.711,12.6186,12.5263,12.4341,12.3419,12.2498,12.1577,12.0657,11.9598,11.8367,11.7136,11.5905,11.4676,11.3447,11.2218,11.0991,10.9763,10.8537,10.7073,10.5539,10.4005,10.2471,10.0937,9.9403,9.7869,9.6335,9.4801,9.3367,9.2873,9.238,9.1887,9.1394,9.0902,9.0411,8.992,8.943,8.8941,8.8323,8.7528,8.6735,8.5944,8.5155,8.4367,8.3582,8.2798,8.2016,8.1236,8.0574,7.9958,7.9347,7.8742,7.8142,7.7547
12.9026,12.7811,12.6599,12.5391,12.4187,12.2986,12.1788,12.0594,11.9263,11.7783,11.6304,11.4826,11.3348,11.1871,11.0395,10.892,10.7445,10.5971,10.3591,10.1,9.8411,9.5823,9.3236,9.065,8.8065,8.5481,8.2898,8.0479,7.9075,7.767,7.6266,7.4861,7.3455,7.205,7.0644,6.9238,6.7831,6.6482,6.5197,6.3912,6.2627,6.1341,6.0054,5.8767,5.7479,5.619,5.4901,5.323,5.146,4.9691,4.792,4.6149,4.4377,4.2604,4.083,3.9055,3.7445,3.6979,3.6512,3.6044,3.5576,3.5108,3.464,3.4172,3.3704,3.3236,3.3437,3.4435,3.5433,3.6431,3.743,3.8429,3.9429,4.043,4.1432,4.2435,4.6269,5.0878,5.5493,6.0113,6.4738,6.9369,7.4006,7.865,8.3301,8.7774,9.0822,9.3872,9.6924,9.9979,10.3035,10.6094,10.9154,11.2218,11.5283,11.7682,11.924,12.0798,12.2358,12.3918,12.5479,12.7041,12.8604,13.0168,13.1732,13.2031,13.1952,13.1871,13.1788,13.1704,13.1618,13.1531,13.1442,13.1351,13.1178,13.0251,12.9324,12.8399,12.7474,12.6549,12.5625,12.4702,12.378,12.2858,12.1805,12.0572,11.9339,11.8108,11.6877,11.5646,11.4416,11.3187,11.1959,11.0731,10.9265,10.7719,10.6172,10.4625,10.3079,10.1532,9.9985,9.8439,9.6892,9.5416,9.492,9.4426,9.3931,9.3437,9.2944,9.2452,9.196,9.1468,9.0977,9.0375,8.9597,8.882,8.8046,8.7273,8.6502,8.5733,8.4965,8.42,8.3436,8.2818,8.2265,8.1717,8.1174,8.0637,8.0105
12.9051,12.7724,12.6401,12.5082,12.3766,12.2454,12.1145,11.984,11.8429,11.6911,11.5394,11.3877,11.2361,11.0846,10.9331,10.7818,10.6305,10.4792,10.2328,9.966,9.6993,9.4328,9.1663,8.9,8.6338,8.3676,8.1016,7.8537,7.7103,7.5669,7.4235,7.2801,7.1366,6.9931,6.8496,6.7061,6.5625,6.4249,6.294,6.163,6.032,5.9009,5.7698,5.6386,5.5073,5.376,5.2446,5.0712,4.8871,4.7029,4.5187,4.3344,4.1501,3.9656,3.7811,3.5964,3.4309,3.3991,3.3673,3.3353,3.3034,3.2714,3.2394,3.2074,3.1755,3.1435,3.1756,3.2852,3.3949,3.5045,3.6143,3.724,3.8339,3.9439,4.0539,4.1641,4.5719,5.0648,5.5583,6.0522,6.5468,7.0418,7.5376,8.0339,8.5309,9.0091,9.3194,9.6299,9.9406,10.2515,10.5626,10.8739,11.1854,11.4972,11.8092,12.0541,12.2094,12.3649,12.5204,12.676,12.8317,12.9875,13.1434,13.2993,13.4553,13.4829,13.4683,13.4535,13.4385,13.4235,13.4082,13.3928,13.3772,13.3615,13.3396,13.2467,13.1539,13.0611,12.9684,12.8758,12.7832,12.6907,12.5983,12.5059,12.4011,12.2777,12.1543,12.031,11.9078,11.7846,11.6615,11.5384,11.4154,11.2925,11.1458,10.9899,10.834,10.678,10.5221,10.3662,10.2102,10.0543,9.8984,9.7465,9.6968,9.6472,9.5976,9.5481,9.4986,9.4492,9.3999,9.3506,9.3014,9.2426,9.1664,9.0904,9.0146,8.939,8.8635,8.7883,8.7132,8.6383,8.5636,8.5058,8.4567,8.4082,8.3602,8.3127,8.2658
12.9072,12.7634,12.6199,12.4769,12.3342,12.1919,12.0499,11.9082,11.7594,11.6038,11.4482,11.2927,11.1373,10.9819,10.8267,10.6715,10.5163,10.3612,10.1064,9.8318,9.5574,9.2831,9.0089,8.7348,8.4609,8.187,7.9132,7.6594,7.5131,7.3668,7.2204,7.0741,6.9277,6.7813,6.6348,6.4883,6.3418,6.2016,6.0682,5.9348,5.8013,5.6678,5.5342,5.4005,5.2668,5.133,4.9992,4.8193,4.6281,4.4368,4.2454,4.054,3.8624,3.6708,3.4791,3.2873,3.1173,3.1003,3.0833,3.0662,3.049,3.0319,3.0147,2.9975,2.9804,2.9633,3.0075,3.1269,3.2464,3.3659,3.4854,3.6051,3.7248,3.8446,3.9645,4.0844,4.5165,5.0414,5.5668,6.0927,6.6191,7.1462,7.6739,8.2022,8.7312,9.2408,9.5565,9.8724,10.1886,10.5049,10.8215,11.1383,11.4552,11.7725,12.0899,12.3399,12.4949,12.6499,12.8051,12.9603,13.1155,13.2709,13.4264,13.5819,13.7375,13.7629,13.7416,13.7201,13.6985,13.6768,13.6548,13.6328,13.6105,13.5881,13.5615,13.4684,13.3754,13.2824,13.1895,13.0967,13.0039,12.9112,12.8186,12.726,12.6218,12.4982,12.3747,12.2512,12.1279,12.0045,11.8813,11.7581,11.6349,11.5119,11.3652,11.208,11.0508,10.8936,10.7364,10.5792,10.422,10.2648,10.1076,9.9513,9.9015,9.8518,9.8021,9.7524,9.7028,9.6533,9.6038,9.5544,9.5051,9.4476,9.3731,9.2987,9.2246,9.1506,9.0768,9.0032,8.9297,8.8565,8.7834,8.7293,8.6865,8.6442,8.6025,8.5613,8.5207
