12.9538,12.9538,12.9538,12.9538,12.9538,12.5853,12.5853,12.5853,12.5853,12.5853,12.5853,12.5853,12.5853,12.5853,12.2935,12.2935,12.2935,12.2935,12.2935,12.2935,12.2935,12.2935,12.2935,11.4016,11.4016,11.4016,11.4016,11.4016,11.4016,11.4016,11.4016,11.4016,11.4016,11.8664,11.8664,11.8664,11.8664,11.8664,11.8664,11.8664,11.8664,11.8664,12.1567,12.1567,12.1567,12.1567,12.1567,12.1567,12.1567,12.1567,12.1567,12.1567,12.4412,12.4412,12.4412,12.4412,12.4412,12.4412,12.4412,12.4412,12.4412,11.6461,11.6461,11.6461,11.6461,11.6461,11.6461,11.6461,11.6461,11.6461,10.5378,10.5378,10.5378,10.5378,10.5378,10.5378,10.5378,10.5378,10.5378,10.5378,10.8769,10.8769,10.8769,10.8769,10.8769,10.8769,10.8769,10.8769,10.8769,11.0134,11.0134,11.0134,11.0134,11.0134,11.0134,11.0134,11.0134,11.0134,11.3515,11.3515,11.3515,11.3515,11.3515,11.3515,11.3515,11.3515,11.3515,11.3515,10.7922,10.7922,10.7922,10.7922,10.7922,10.7922,10.7922,10.7922,10.7922,10.6169,10.6169,10.6169,10.6169,10.6169,10.6169,10.6169,10.6169,10.6169,10.6169,10.6999,10.6999,10.6999,10.6999,10.6999,10.6999,10.6999,10.6999,10.6999,10.4239,10.4239,10.4239,10.4239,10.4239,10.4239,10.4239,10.4239,10.4239,10.1803,10.1803,10.1803,10.1803,10.1803,10.1803,10.1803,10.1803,10.1803,10.1803,9.7918,9.7918,9.7918,9.7918,9.7918,9.7918,9.7918,9.7918,9.7918,9.3212,9.3212,9.3212,9.3212,9.3212
12.9538,12.9538,12.9538,12.9538,12.9538,12.5853,12.5853,12.5853,12.5853,12.5853,12.5853,12.5853,12.5853,12.5853,12.2935,12.2935,12.2935,12.2935,12.2935,12.2935,12.2935,12.2935,12.2935,11.4016,11.4016,11.4016,11.4016,11.4016,11.4016,11.4016,11.4016,11.4016,11.4016,11.8664,11.8664,11.8664,11.8664,11.8664,11.8664,11.8664,11.8664,11.8664,12.1567,12.1567,12.1567,12.1567,12.1567,12.1567,12.1567,12.1567,12.1567,12.1567,12.4412,12.4412,12.4412,12.4412,12.4412,12.4412,12.4412,12.4412,12.4412,11.6461,11.6461,11.6461,11.6461,11.6461,11.6461,11.6461,11.6461,11.6461,10.5378,10.5378,10.5378,10.5378,10.5378,10.5378,10.5378,10.5378,10.5378,10.5378,10.8769,10.8769,10.8769,10.8769,10.8769,10.8769,10.8769,10.8769,10.8769,11.0134,11.0134,11.0134,11.0134,11.0134,11.0134,11.0134,11.0134,11.0134,11.0134,11.3515,11.3515,11.3515,11.3515,11.3515,11.3515,11.3515,11.3515,11.3515,10.7922,10.7922,10.7922,10.7922,10.7922,10.7922,10.7922,10.7922,10.7922,10.6169,10.6169,10.6169,10.6169,10.6169,10.6169,10.6169,10.6169,10.6169,10.6169,10.6999,10.6999,10.6999,10.6999,10.6999,10.6999,10.6999,10.6999,10.6999,10.4239,10.4239,10.4239,10.4239,10.4239,10.4239,10.4239,10.4239,10.4239,10.1803,10.1803,10.1803,10.1803,10.1803,10.1803,10.1803,10.1803,10.1803,10.1803,9.7918,9.7918,9.7918,9.7918,9.7918,9.7918,9.7918,9.7918,9.7918,9.3212,9.3212,9.3212,9.3212,9.3212
12.9538,12.9538,12.9538,12.9538,12.9538,12.5853,12.5853,12.5853,12.5853,12.5853,12.5853,12.5853,12.5853,12.5853,12.2935,12.2935,12.2935,12.2935,12.2935,12.2935,12.2935,12.2935,12.2935,11.4016,11.4016,11.4016,11.4016,11.4016,11.4016,11.4016,11.4016,11.4016,11.4016,11.8664,11.8664,11.8664,11.8664,11.8664,11.8664,11.8664,11.8664,11.8664,12.1567,12.1567,12.1567,12.1567,12.1567,12.1567,12.1567,12.1567,12.1567,12.1567,12.4412,12.4412,12.4412,12.4412,12.4412,12.4412,12.4412,12.4412,12.4412,11.6461,11.6461,11.6461,11.6461,11.6461,11.6461,11.6461,11.6461,11.6461,10.5378,10.5378,10.5378,10.5378,10.5378,10.5378,10.5378,10.5378,10.5378,10.5378,10.8769,10.8769,10.8769,10.8769,10.8769,10.8769,10.8769,10.8769,10.8769,11.0134,11.0134,11.0134,11.0134,11.0134,11.0134,11.0134,11.0134,11.0134,11.0134,11.3515,11.3515,11.3515,11.3515,11.3515,11.3515,11.3515,11.3515,11.3515,10.7922,10.7922,10.7922,10.7922,10.7922,10.7922,10.7922,10.7922,10.7922,10.6169,10.6169,10.6169,10.6169,10.6169,10.6169,10.6169,10.6169,10.6169,10.6169,10.6999,10.6999,10.6999,10.6999,10.6999,10.6999,10.6999,10.6999,10.6999,10.4239,10.4239,10.4239,10.4239,10.4239,10.4239,10.4239,10.4239,10.4239,10.1803,10.1803,10.1803,10.1803,10.1803,10.1803,10.1803,10.1803,10.1803,10.1803,9.7918,9.7918,9.7918,9.7918,9.7918,9.7918,9.7918,9.7918,9.7918,9.3212,9.3212,9.3212,9.3212,9.3212
12.9538,12.9538,12.9538,12.9538,12.9538,12.5853,12.5853,12.5853,12.5853,12.5853,12.5853,12.5853,12.5853,12.5853,12.2935,12.2935,12.2935,12.2935,12.2935,12.2935,12.2935,12.2935,12.2935,11.4016,11.4016,11.4016,11.4016,11.4016,11.4016,11.4016,11.4016,11.4016,11.4016,11.8664,11.8664,11.8664,11.8664,11.8664,11.8664,11.8664,11.8664,11.8664,12.1567,12.1567,12.1567,12.1567,12.1567,12.1567,12.1567,12.1567,12.1567,12.1567,12.4412,12.4412,12.4412,12.4412,12.4412,12.4412,12.4412,12.4412,12.4412,11.6461,11.6461,11.6461,11.6461,11.6461,11.6461,11.6461,11.6461,11.6461,10.5378,10.5378,10.5378,10.5378,10.5378,10.5378,10.5378,10.5378,10.5378,10.5378,10.8769,10.8769,10.8769,10.8769,10.8769,10.8769,10.8769,10.8769,10.8769,11.0134,11.0134,11.0134,11.0134,11.0134,11.0134,11.0134,11.0134,11.0134,11.0134,11.3515,11.3515,11.3515,11.3515,11.3515,11.3515,11.3515,11.3515,11.3515,10.7922,10.7922,10.7922,10.7922,10.7922,10.7922,10.7922,10.7922,10.7922,10.6169,10.6169,10.6169,10.6169,10.6169,10.6169,10.6169,10.6169,10.6169,10.6169,10.6999,10.6999,10.6999,10.6999,10.6999,10.6999,10.6999,10.6999,10.6999,10.4239,10.4239,10.4239,10.4239,10.4239,10.4239,10.4239,10.4239,10.4239,10.1803,10.1803,10.1803,10.1803,10.1803,10.1803,10.1803,10.1803,10.1803,10.1803,9.7918,9.7918,9.7918,9.7918,9.7918,9.7918,9.7918,9.7918,9.7918,9.3212,9.3212,9.3212,9.3212,9.3212
12.9538,12.9538,12.9538,12.9538,12.9538,12.5853,12.5853,12.5853,12.5853,12.5853,12.5853,12.5853,12.5853,12.5853,12.2935,12.2935,12.2935,12.2935,12.2935,12.2935,12.2935,12.2935,12.2935,11.4016,11.4016,11.4016,11.4016,11.4016,11.4016,11.4016,11.4016,11.4016,11.4016,11.8664,11.8664,11.8664,11.8664,11.8664,11.8664,11.8664,11.8664,11.8664,12.1567,12.1567,12.1567,12.1567,12.1567,12.1567,12.1567,12.1567,12.1567,12.1567,12.4412,12.4412,12.4412,12.4412,12.4412,12.4412,12.4412,12.4412,12.4412,11.6461,11.6461,11.6461,11.6461,11.6461,11.6461,11.6461,11.6461,11.6461,10.5378,10.5378,10.5378,10.5378,10.5378,10.5378,10.5378,10.5378,10.5378,10.5378,10.8769,10.8769,10.8769,10.8769,10.8769,10.8769,10.8769,10.8769,10.8769,11.0134,11.0134,11.0134,11.0134,11.0134,11.0134,11.0134,11.0134,11.0134,11.0134,11.3515,11.3515,11.3515,11.3515,11.3515,11.3515,11.3515,11.3515,11.3515,10.7922,10.7922,10.7922,10.7922,10.7922,10.7922,10.7922,10.7922,10.7922,10.6169,10.6169,10.6169,10.6169,10.6169,10.6169,10.6169,10.6169,10.6169,10.6169,10.6999,10.6999,10.6999,10.6999,10.6999,10.6999,10.6999,10.6999,10.6999,10.4239,10.4239,10.4239,10.4239,10.4239,10.4239,10.4239,10.4239,10.4239,10.4239,10.1803,10.1803,10.1803,10.1803,10.1803,10.1803,10.1803,10.1803,10.1803,9.7918,9.7918,9.7918,9.7918,9.7918,9.7918,9.7918,9.7918,9.7918,9.3212,9.3212,9.3212,9.3212,9.3212
12.9538,12.9538,12.9538,12.9538,12.9538,12.5853,12.5853,12.5853,12.5853,12.5853,12.5853,12.5853,12.5853,12.5853,12.2935,12.2935,12.2935,12.2935,12.2935,12.2935,12.2935,12.2935,12.2935,11.4016,11.4016,11.4016,11.4016,11.4016,11.4016,11.4016,11.4016,11.4016,11.4016,11.8664,11.8664,11.8664,11.8664,11.8664,11.8664,11.8664,11.8664,11.8664,12.1567,12.1567,12.1567,12.1567,12.1567,12.1567,12.1567,12.1567,12.1567,12.1567,12.4412,12.4412,12.4412,12.4412,12.4412,12.4412,12.4412,12.4412,12.4412,11.6461,11.6461,11.6461,11.6461,11.6461,11.6461,11.6461,11.6461,11.6461,10.5378,10.5378,10.5378,10.5378,10.5378,10.5378,10.5378,10.5378,10.5378,10.5378,10.8769,10.8769,10.8769,10.8769,10.8769,10.8769,10.8769,10.8769,10.8769,11.0134,11.0134,11.0134,11.0134,11.0134,11.0134,11.0134,11.0134,11.0134,11.0134,11.3515,11.3515,11.3515,11.3515,11.3515,11.3515,11.3515,11.3515,11.3515,10.7922,10.7922,10.7922,10.7922,10.7922,10.7922,10.7922,10.7922,10.7922,10.6169,10.6169,10.6169,10.6169,10.6169,10.6169,10.6169,10.6169,10.6169,10.6169,10.6999,10.6999,10.6999,10.6999,10.6999,10.6999,10.6999,10.6999,10.6999,10.4239,10.4239,10.4239,10.4239,10.4239,10.4239,10.4239,10.4239,10.4239,10.4239,10.1803,10.1803,10.1803,10.1803,10.1803,10.1803,10.1803,10.1803,10.1803,9.7918,9.7918,9.7918,9.7918,9.7918,9.7918,9.7918,9.7918,9.7918,7.2619,7.2619,7.2619,7.2619,7.2619
12.9538,12.9538,12.9538,12.9538,12.9538,12.5853,12.5853,12.5853,12.5853,12.5853,12.5853,12.5853,12.5853,12.5853,12.2935,12.2935,12.2935,12.2935,12.2935,12.2935,12.2935,12.2935,12.2935,11.4016,11.4016,11.4016,11.4016,11.4016,11.4016,11.4016,11.4016,11.4016,11.4016,11.8664,11.8664,11.8664,11.8664,11.8664,11.8664,11.8664,11.8664,11.8664,12.1567,12.1567,12.1567,12.1567,12.1567,12.1567,12.1567,12.1567,12.1567,12.1567,12.4412,12.4412,12.4412,12.4412,12.4412,12.4412,12.4412,12.4412,12.4412,11.6461,11.6461,11.6461,11.6461,11.6461,11.6461,11.6461,11.6461,11.6461,10.5378,10.5378,10.5378,10.5378,10.5378,10.5378,10.5378,10.5378,10.5378,10.5378,10.8769,10.8769,10.8769,10.8769,10.8769,10.8769,10.8769,10.8769,10.8769,11.0134,11.0134,11.0134,11.0134,11.0134,11.0134,11.0134,11.0134,11.0134,11.0134,11.3515,11.3515,11.3515,11.3515,11.3515,11.3515,11.3515,11.3515,11.3515,10.7922,10.7922,10.7922,10.7922,10.7922,10.7922,10.7922,10.7922,10.7922,10.6169,10.6169,10.6169,10.6169,10.6169,10.6169,10.6169,10.6169,10.6169,10.6169,10.6999,10.6999,10.6999,10.6999,10.6999,10.3914,10.3914,10.3914,10.3914,10.1139,10.1139,10.1139,10.1139,10.1139,10.1139,10.1139,10.1139,10.1139,10.1139,8.6574,8.6574,8.6574,8.6574,8.6574,8.6574,8.6574,8.6574,8.6574,7.7346,7.7346,7.7346,7.7346,7.7346,7.7346,7.7346,7.7346,7.7346,7.2619,7.2619,7.2619,7.2619,7.2619
13.2042,13.2042,13.2042,13.2042,13.2042,12.8231,12.8231,12.8231,12.8231,12.8231,12.8231,12.8231,12.8231,12.8231,12.5302,12.5302,12.5302,12.5302,12.5302,12.5302,12.5302,12.5302,12.5302,11.7347,11.7347,11.7347,11.7347,11.7347,11.7347,11.7347,11.7347,11.7347,11.7347,11.3447,11.3447,11.3447,11.3447,11.3447,11.3447,11.8664,11.8664,11.8664,12.1567,12.1567,12.1567,12.1567,12.1567,12.1567,12.1567,12.1567,12.1567,12.1567,12.4412,12.4412,12.4412,12.4412,12.4412,12.4412,12.4412,12.4412,12.4412,11.6461,11.6461,11.6461,11.6461,11.6461,11.6461,11.6461,11.6461,11.8218,10.9654,10.9654,10.9654,10.9654,10.9654,10.9654,10.9654,10.9654,10.9654,10.9654,11.4377,11.4377,11.4377,11.4377,11.4377,11.4377,11.4377,11.4377,11.4377,11.6529,11.6529,11.6529,11.6529,11.6529,11.6529,11.6529,11.6529,11.6529,11.6529,11.4599,11.4599,11.4599,11.4599,11.4599,11.4599,11.4599,11.4599,11.4599,10.8972,10.8972,10.8972,10.8972,10.8972,10.8972,10.8972,10.8972,10.8972,10.2124,10.2124,10.2124,10.2124,10.2124,10.2124,10.2124,10.2124,10.2124,10.2124,10.3914,10.3914,10.3914,10.3914,10.3914,10.3914,10.3914,10.3914,10.3914,10.1139,10.1139,10.1139,10.1139,10.1139,10.1139,10.1139,10.1139,10.1139,10.1139,8.6574,8.6574,8.6574,8.6574,8.6574,8.6574,8.6574,8.6574,8.6574,7.7346,7.7346,7.7346,7.7346,7.7346,7.7346,7.7346,7.7346,7.7346,7.2619,7.2619,7.2619,7.2619,7.2619
13.2042,13.2042,13.2042,13.2042,13.2042,12.8231,12.8231,12.8231,12.8231,12.8231,12.8231,12.8231,12.8231,12.8231,12.5302,12.5302,12.5302,12.5302,12.5302,12.5302,12.5302,12.5302,12.5302,11.7347,11.7347,11.7347,11.7347,11.7347,11.7347,11.7347,11.7347,11.7347,11.7347,11.3447,11.3447,11.3447,11.3447,11.3447,11.3447,11.3447,11.3447,11.3447,11.6373,11.6373,11.6373,11.6373,11.6373,11.6373,11.6373,11.6373,11.6373,11.6373,11.7096,11.7096,11.7096,11.7096,11.7096,11.7096,11.7096,11.7096,11.7096,11.8218,11.8218,11.8218,11.8218,11.8218,11.8218,11.8218,11.8218,11.8218,10.9654,10.9654,10.9654,10.9654,10.9654,10.9654,10.9654,10.9654,10.9654,10.9654,11.4377,11.4377,11.4377,11.4377,11.4377,11.4377,11.4377,11.4377,11.4377,11.6529,11.6529,11.6529,11.6529,11.6529,11.6529,11.6529,11.6529,11.6529,11.6529,11.4599,11.4599,11.4599,11.4599,11.4599,11.4599,11.4599,11.4599,11.4599,10.8972,10.8972,10.8972,10.8972,10.8972,10.8972,10.8972,10.8972,10.8972,10.2124,10.2124,10.2124,10.2124,10.2124,10.2124,10.2124,10.2124,10.2124,10.2124,10.3914,10.3914,10.3914,10.3914,10.3914,10.3914,10.3914,10.3914,10.3914,10.1139,10.1139,10.1139,10.1139,10.1139,10.1139,10.1139,10.1139,10.1139,10.1139,8.6574,8.6574,8.6574,8.6574,8.6574,8.6574,8.6574,8.6574,8.6574,7.7346,7.7346,7.7346,7.7346,7.7346,7.7346,7.7346,7.7346,7.7346,7.2619,7.2619,7.2619,7.2619,7.2619
13.2042,13.2042,13.2042,13.2042,13.2042,12.8231,12.8231,12.8231,12.8231,12.8231,12.8231,12.8231,12.8231,12.8231,12.5302,12.5302,12.5302,12.5302,12.5302,12.5302,12.5302,12.5302,12.5302,11.7347,11.7347,11.7347,11.7347,11.7347,11.7347,11.7347,11.7347,11.7347,11.7347,11.3447,11.3447,11.3447,11.3447,11.3447,11.3447,11.3447,11.3447,11.3447,11.6373,11.6373,11.6373,11.6373,11.6373,11.6373,11.6373,11.6373,11.6373,11.6373,11.7096,11.7096,11.7096,11.7096,11.7096,11.7096,11.7096,11.7096,11.7096,11.8218,11.8218,11.8218,11.8218,11.8218,11.8218,11.8218,11.8218,11.8218,10.9654,10.9654,10.9654,10.9654,10.9654,10.9654,10.9654,10.9654,10.9654,10.9654,11.4377,11.4377,11.4377,11.4377,11.4377,11.4377,11.4377,11.4377,11.4377,11.6529,11.6529,11.6529,11.6529,11.6529,11.6529,11.6529,11.6529,11.6529,11.6529,11.4599,11.4599,11.4599,11.4599,11.4599,11.4599,11.4599,11.4599,11.4599,10.8972,10.8972,10.8972,10.8972,10.8972,10.8972,10.8972,10.8972,10.8972,10.2124,10.2124,10.2124,10.2124,10.2124,10.2124,10.2124,10.2124,10.2124,10.2124,10.3914,10.3914,10.3914,10.3914,10.3914,10.3914,10.3914,10.3914,10.3914,10.1139,10.1139,10.1139,10.1139,10.1139,10.1139,10.1139,10.1139,10.1139,10.1139,8.6574,8.6574,8.6574,8.6574,8.6574,8.6574,8.6574,8.6574,8.6574,7.7346,7.7346,7.7346,7.7346,7.7346,7.7346,7.7346,7.7346,7.7346,7.2619,7.2619,7.2619,7.2619,7.2619
13.2042,13.2042,13.2042,13.2042,13.2042,12.8231,12.8231,12.8231,12.8231,12.8231,12.8231,12.8231,12.8231,12.8231,12.5302,12.5302,12.5302,12.5302,12.5302,12.5302,12.5302,12.5302,12.5302,11.7347,11.7347,11.7347,11.7347,11.7347,11.7347,11.7347,11.7347,11.7347,11.7347,11.3447,11.3447,11.3447,11.3447,11.3447,11.3447,11.3447,11.3447,11.3447,11.6373,11.6373,11.6373,11.6373,11.6373,11.6373,11.6373,11.6373,11.6373,11.6373,11.7096,11.7096,11.7096,11.7096,11.7096,11.7096,11.7096,11.7096,11.7096,11.8218,11.8218,11.8218,11.8218,11.8218,11.8218,11.8218,11.8218,11.8218,10.9654,10.9654,10.9654,10.9654,10.9654,10.9654,10.9654,10.9654,10.9654,10.9654,11.4377,11.4377,11.4377,11.4377,11.4377,11.4377,11.4377,11.4377,11.4377,11.6529,11.6529,11.6529,11.6529,11.6529,11.6529,11.6529,11.6529,11.6529,11.6529,11.4599,11.4599,11.4599,11.4599,11.4599,11.4599,11.4599,11.4599,11.4599,10.8972,10.8972,10.8972,10.8972,10.8972,10.8972,10.8972,10.8972,10.8972,10.2124,10.2124,10.2124,10.2124,10.2124,10.2124,10.2124,10.2124,10.2124,10.2124,10.3914,10.3914,10.3914,10.3914,10.3914,10.3914,10.3914,10.3914,10.3914,10.1139,10.1139,10.1139,10.1139,10.1139,10.1139,10.1139,10.1139,10.1139,10.1139,8.6574,8.6574,8.6574,8.6574,8.6574,8.6574,8.6574,8.6574,8.6574,7.7346,7.7346,7.7346,7.7346,7.7346,7.7346,7.7346,7.7346,7.7346,7.7346,7.2619,7.2619,7.2619,7.2619
13.2042,13.2042,13.2042,13.2042,13.2042,12.8231,12.8231,12.8231,12.8231,12.8231,12.8231,12.8231,12.8231,12.8231,12.5302,12.5302,12.5302,12.5302,12.5302,12.5302,12.5302,12.5302,12.5302,11.7347,11.7347,11.7347,11.7347,11.7347,11.7347,11.7347,11.7347,11.7347,11.7347,11.3447,11.3447,11.3447,11.3447,11.3447,11.3447,11.3447,11.3447,11.3447,11.6373,11.6373,11.6373,11.6373,11.6373,11.6373,11.6373,11.6373,11.6373,11.6373,11.7096,11.7096,11.7096,11.7096,11.7096,11.7096,11.7096,11.7096,11.7096,11.8218,11.8218,11.8218,11.8218,11.8218,11.8218,11.8218,11.8218,11.8218,10.9654,10.9654,10.9654,10.9654,10.9654,10.9654,10.9654,10.9654,10.9654,10.9654,11.4377,11.4377,11.4377,11.4377,11.4377,11.4377,11.4377,11.4377,11.4377,11.6529,11.6529,11.6529,11.6529,11.6529,11.6529,11.6529,11.6529,11.6529,11.6529,11.4599,11.4599,11.4599,11.4599,11.4599,11.4599,11.4599,11.4599,11.4599,10.8972,10.8972,10.8972,10.8972,10.8972,10.8972,10.8972,10.8972,10.8972,10.2124,10.2124,10.2124,10.2124,10.2124,10.2124,10.2124,10.2124,10.2124,10.2124,10.3914,10.3914,10.3914,10.3914,10.3914,10.3914,10.3914,10.3914,10.3914,10.1139,10.1139,10.1139,10.1139,10.1139,10.1139,10.1139,10.1139,10.1139,10.1139,8.6574,8.6574,8.6574,8.6574,8.6574,8.6574,8.6574,8.6574,8.6574,7.7346,7.7346,7.7346,7.7346,7.7346,7.7346,7.7346,7.7346,7.7346,7.7346,7.2619,7.2619,7.2619,7.2619
13.2042,13.2042,13.2042,13.2042,13.2042,12.8231,12.8231,12.8231,12.8231,12.8231,12.8231,12.8231,12.8231,12.8231,12.5302,12.5302,12.5302,12.5302,12.5302,12.5302,12.5302,12.5302,12.5302,11.7347,11.7347,11.7347,11.7347,11.7347,11.7347,11.7347,11.7347,11.7347,11.7347,11.3447,11.3447,11.3447,11.3447,11.3447,11.3447,11.3447,11.3447,11.3447,11.6373,11.6373,11.6373,11.6373,11.6373,11.6373,11.6373,11.6373,11.6373,11.6373,11.7096,11.7096,11.7096,11.7096,11.7096,11.7096,11.7096,11.7096,11.7096,11.8218,11.8218,11.8218,11.8218,11.8218,11.8218,11.8218,11.8218,11.8218,10.9654,10.9654,10.9654,10.9654,10.9654,10.9654,10.9654,10.9654,10.9654,10.9654,11.4377,11.4377,11.4377,11.4377,11.4377,11.4377,11.4377,11.4377,11.4377,11.6529,11.6529,11.6529,11.6529,11.6529,11.6529,11.6529,11.6529,11.6529,11.6529,11.4599,11.4599,11.4599,11.4599,11.4599,11.4599,11.4599,11.4599,11.4599,10.8972,10.8972,10.8972,10.8972,10.8972,10.8972,10.8972,10.8972,10.8972,10.2124,10.2124,10.2124,10.2124,10.2124,10.2124,10.2124,10.2124,10.2124,10.2124,10.3914,10.3914,10.3914,10.3914,10.3914,10.3914,10.3914,10.3914,10.3914,10.1139,10.1139,10.1139,10.1139,10.1139,10.1139,10.1139,10.1139,10.1139,10.1139,8.6574,8.6574,8.6574,8.6574,8.6574,8.6574,8.6574,8.6574,8.6574,7.7346,7.7346,7.7346,7.7346,7.7346,7.7346,7.7346,7.7346,7.7346,7.7346,7.2619,7.2619,7.2619,7.2619
13.2042,13.2042,13.2042,13.2042,13.2042,12.8231,12.8231,12.8231,12.8231,12.8231,12.8231,12.8231,12.8231,12.8231,12.5302,12.5302,12.5302,12.5302,12.5302,12.5302,12.5302,12.5302,12.5302,11.7347,11.7347,11.7347,11.7347,11.7347,11.7347,11.7347,11.7347,11.7347,11.7347,11.3447,11.3447,11.3447,11.3447,11.3447,11.3447,11.3447,11.3447,11.3447,11.6373,11.6373,11.6373,11.6373,11.6373,11.6373,11.6373,11.6373,11.6373,11.6373,11.7096,11.7096,11.7096,11.7096,11.7096,11.7096,11.7096,11.7096,11.7096,11.8218,11.8218,11.8218,11.8218,11.8218,11.8218,11.8218,11.8218,11.8218,10.9654,10.9654,10.9654,10.9654,10.9654,10.9654,10.9654,10.9654,10.9654,10.9654,11.4377,11.4377,11.4377,11.4377,11.4377,11.4377,11.4377,11.4377,11.4377,11.6529,11.6529,11.6529,11.6529,11.6529,11.6529,11.6529,11.6529,11.6529,11.6529,11.4599,11.4599,11.4599,11.4599,11.4599,11.4599,11.4599,11.4599,11.4599,10.8972,10.8972,10.8972,10.8972,10.8972,10.8972,10.8972,10.8972,10.8972,10.8972,10.2124,10.2124,10.2124,10.2124,10.2124,10.2124,10.2124,10.2124,10.2124,10.3914,10.3914,10.3914,10.3914,10.3914,10.3914,10.3914,10.3914,10.3914,10.1139,10.1139,10.1139,10.1139,10.1139,10.1139,10.1139,10.1139,10.1139,10.1139,8.6574,8.6574,8.6574,8.6574,8.6574,8.6574,8.6574,8.6574,8.6574,7.7346,7.7346,7.7346,7.7346,7.7346,7.7346,7.7346,7.7346,7.7346,7.7346,7.2619,7.2619,7.2619,7.2619
13.2042,13.2042,13.2042,13.2042,13.2042,12.8231,12.8231,12.8231,12.8231,12.8231,12.8231,12.8231,12.8231,12.8231,12.5302,12.5302,12.5302,12.5302,12.5302,12.5302,12.5302,12.5302,12.5302,11.7347,11.7347,11.7347,11.7347,11.7347,11.7347,11.7347,11.7347,11.7347,11.7347,11.3447,11.3447,11.3447,11.3447,11.3447,11.3447,11.3447,11.3447,11.3447,11.6373,11.6373,11.6373,11.6373,11.6373,11.6373,11.6373,11.6373,11.6373,11.6373,11.7096,11.7096,11.7096,11.7096,11.7096,11.7096,11.7096,11.7096,11.7096,11.8218,11.8218,11.8218,11.8218,11.8218,11.8218,11.8218,11.8218,11.8218,10.9654,10.9654,10.9654,10.9654,10.9654,10.9654,10.9654,10.9654,10.9654,10.9654,11.4377,11.4377,11.4377,11.4377,11.4377,11.4377,11.4377,11.4377,11.4377,11.6529,11.6529,11.6529,11.6529,11.6529,11.6529,11.6529,11.6529,11.6529,11.6529,11.4599,11.4599,11.4599,11.4599,11.4599,11.4599,11.4599,11.4599,11.4599,10.8972,10.8972,10.8972,10.8972,10.8972,10.8972,10.8972,10.8972,10.8972,10.8972,10.2124,10.2124,10.2124,10.2124,10.2124,10.2124,10.2124,10.2124,10.2124,10.3914,10.3914,10.3914,10.3914,10.3914,10.3914,10.3914,10.3914,10.3914,10.1139,10.1139,10.1139,10.1139,10.1139,10.1139,10.1139,10.1139,10.1139,10.1139,8.6574,8.6574,8.6574,8.6574,8.6574,8.6574,8.6574,8.6574,8.6574,7.7346,7.7346,7.7346,7.7346,7.7346,7.7346,7.7346,7.7346,7.7346,7.7346,7.2619,7.2619,7.2619,7.2619
13.2042,13.2042,13.2042,13.2042,12.8231,12.8231,12.8231,12.8231,12.8231,12.8231,12.8231,12.8231,12.8231,12.8231,12.5302,12.5302,12.5302,12.5302,12.5302,12.5302,12.5302,12.5302,12.5302,11.7347,11.7347,11.7347,11.7347,11.7347,11.7347,11.7347,11.7347,11.7347,11.7347,11.3447,11.3447,11.3447,11.3447,11.3447,11.3447,11.3447,11.3447,11.3447,11.6373,11.6373,11.6373,11.6373,11.6373,11.6373,11.6373,11.6373,11.6373,11.6373,11.7096,11.7096,11.7096,11.7096,11.7096,11.7096,11.7096,11.7096,11.7096,11.8218,11.8218,11.8218,11.8218,11.8218,11.8218,11.8218,11.8218,11.8218,10.9654,10.9654,10.9654,10.9654,10.9654,10.9654,10.9654,10.9654,10.9654,10.9654,11.4377,11.4377,11.4377,11.4377,11.4377,11.4377,11.4377,11.4377,11.4377,11.6529,11.6529,11.6529,11.6529,11.6529,11.6529,11.6529,11.6529,11.6529,11.6529,11.4599,11.4599,11.4599,11.4599,11.4599,11.4599,11.4599,11.4599,11.4599,10.8972,10.8972,10.8972,10.8972,10.8972,10.8972,10.8972,10.8972,10.8972,10.8972,10.2124,10.2124,10.2124,10.2124,10.2124,10.2124,10.2124,10.2124,10.2124,10.3914,10.3914,10.3914,10.3914,10.3914,10.3914,10.3914,10.3914,10.3914,10.1139,10.1139,10.1139,10.1139,10.1139,10.1139,10.1139,10.1139,10.1139,10.1139,8.6574,8.6574,8.6574,8.6574,8.6574,8.6574,8.6574,8.6574,8.6574,7.7346,7.7346,7.7346,7.7346,7.7346,7.7346,7.7346,7.7346,7.7346,7.7346,7.2619,7.2619,7.2619,7.2619
13.2042,13.2042,13.2042,13.2042,12.8231,12.8231,12.8231,12.8231,12.8231,12.8231,12.8231,12.8231,12.8231,12.8231,12.5302,12.5302,12.5302,12.5302,12.5302,12.5302,12.5302,12.5302,12.5302,11.7347,11.7347,11.7347,11.7347,11.7347,11.7347,11.7347,11.7347,11.7347,11.7347,11.3447,11.3447,11.3447,11.3447,11.3447,11.3447,11.3447,11.3447,11.3447,11.6373,11.6373,11.6373,11.6373,11.6373,11.6373,11.6373,11.6373,11.6373,11.6373,11.7096,11.7096,11.7096,11.7096,11.7096,11.7096,11.7096,11.7096,11.7096,11.8218,11.8218,11.8218,11.8218,11.8218,11.8218,11.8218,11.8218,11.8218,10.9654,10.9654,10.9654,10.9654,10.9654,10.9654,10.9654,10.9654,10.9654,10.9654,11.4377,11.4377,11.4377,11.4377,11.4377,11.4377,11.4377,11.4377,11.4377,11.6529,11.6529,11.6529,11.6529,11.6529,11.6529,11.6529,11.6529,11.6529,11.6529,11.4599,11.4599,11.4599,11.4599,11.4599,11.4599,11.4599,11.4599,11.4599,10.8972,10.8972,10.8972,10.8972,10.8972,10.8972,10.8972,10.8972,10.8972,10.8972,10.2124,10.2124,10.2124,10.2124,10.2124,10.2124,10.2124,10.2124,10.2124,10.3914,10.3914,10.3914,10.3914,10.3914,10.3914,10.3914,10.3914,10.3914,10.1139,10.1139,10.1139,10.1139,10.1139,10.1139,10.1139,10.1139,10.1139,10.1139,8.6574,8.6574,8.6574,8.6574,8.6574,8.6574,8.6574,8.6574,8.6574,7.7346,7.7346,7.7346,7.7346,7.7346,7.7346,7.7346,7.7346,7.7346,7.7346,7.2619,7.2619,7.2619,7.2619
13.2042,13.2042,13.2042,13.2042,12.8231,12.8231,12.8231,12.8231,12.8231,12.8231,12.8231,12.8231,12.8231,12.8231,12.5302,12.5302,12.5302,12.5302,12.5302,12.5302,12.5302,12.5302,12.5302,11.7347,11.7347,11.7347,11.7347,11.7347,11.7347,11.7347,11.7347,11.7347,11.7347,11.3447,11.3447,11.3447,11.3447,11.3447,11.3447,11.3447,11.3447,11.3447,11.6373,11.6373,11.6373,11.6373,11.6373,11.6373,11.6373,11.6373,11.6373,11.6373,11.7096,11.7096,11.7096,11.7096,11.7096,11.7096,11.7096,11.7096,11.7096,11.8218,11.8218,11.8218,11.8218,11.8218,11.8218,11.8218,11.8218,11.8218,10.9654,10.9654,10.9654,10.9654,10.9654,10.9654,10.9654,10.9654,10.9654,10.9654,11.4377,11.4377,11.4377,11.4377,11.4377,11.4377,11.4377,11.4377,11.4377,11.6529,11.6529,11.6529,11.6529,11.6529,11.6529,11.6529,11.6529,11.6529,11.6529,11.4599,11.4599,11.4599,11.4599,11.4599,11.4599,11.4599,11.4599,11.4599,10.8972,10.8972,10.8972,10.8972,10.8972,10.8972,10.8972,10.8972,10.8972,10.8972,10.2124,10.2124,10.2124,10.2124,10.2124,10.2124,10.2124,10.2124,10.2124,10.3914,10.3914,10.3914,10.3914,10.3914,10.3914,10.3914,10.3914,10.3914,10.1139,10.1139,10.1139,10.1139,10.1139,10.1139,10.1139,10.1139,10.1139,10.1139,8.6574,8.6574,8.6574,8.6574,8.6574,8.6574,8.6574,8.6574,8.6574,7.7346,7.7346,7.7346,7.7346,7.7346,7.7346,7.7346,7.7346,7.7346,7.7346,7.2619,7.2619,7.2619,7.2619
13.2042,13.2042,13.2042,13.2042,12.8231,12.8231,12.8231,12.8231,12.8231,12.8231,12.8231,12.8231,12.8231,12.8231,12.5302,12.5302,12.5302,12.5302,12.5302,12.5302,12.5302,12.5302,12.5302,11.7347,11.7347,11.7347,11.7347,11.7347,11.7347,11.7347,11.7347,11.7347,11.7347,11.3447,11.3447,11.3447,11.3447,11.3447,11.3447,11.3447,11.3447,11.3447,11.6373,11.6373,11.6373,11.6373,11.6373,11.6373,11.6373,11.6373,11.6373,11.6373,11.7096,11.7096,11.7096,11.7096,11.7096,11.7096,11.7096,11.7096,11.7096,11.8218,11.8218,11.8218,11.8218,11.8218,11.8218,11.8218,11.8218,11.8218,10.9654,10.9654,10.9654,10.9654,10.9654,10.9654,10.9654,10.9654,10.9654,10.9654,11.4377,11.4377,11.4377,11.4377,11.4377,11.4377,11.4377,11.4377,11.4377,11.6529,11.6529,11.6529,11.6529,11.6529,11.6529,11.6529,11.6529,11.6529,11.6529,11.4599,11.4599,11.4599,11.4599,11.4599,11.4599,11.4599,11.4599,11.4599,10.8972,10.8972,10.8972,10.8972,10.8972,10.8972,10.8972,10.8972,10.8972,10.8972,10.2124,10.2124,10.2124,10.2124,10.2124,10.2124,10.2124,10.2124,10.2124,10.3914,10.3914,10.3914,10.3914,10.3914,10.3914,10.3914,10.3914,10.3914,10.3914,10.1139,10.1139,10.1139,10.1139,10.1139,10.1139,10.1139,10.1139,10.1139,8.6574,8.6574,8.6574,8.6574,8.6574,8.6574,8.6574,8.6574,8.6574,7.7346,7.7346,7.7346,7.7346,7.7346,7.7346,7.7346,7.7346,7.7346,7.7346,7.2619,7.2619,7.2619,7.2619
13.2042,13.2042,13.2042,13.2042,12.8231,12.8231,12.8231,12.8231,12.8231,12.8231,12.8231,12.8231,12.8231,12.8231,12.5302,12.5302,12.5302,12.5302,12.5302,12.5302,12.5302,12.5302,12.5302,11.7347,11.7347,11.7347,11.7347,11.7347,11.7347,11.7347,11.7347,11.7347,11.7347,11.3447,11.3447,11.3447,11.3447,11.3447,11.3447,11.3447,11.3447,11.3447,11.6373,11.6373,11.6373,11.6373,11.6373,11.6373,11.6373,11.6373,11.6373,11.6373,11.7096,11.7096,11.7096,11.7096,11.7096,11.7096,11.7096,11.7096,11.7096,11.8218,11.8218,11.8218,11.8218,11.8218,11.8218,11.8218,11.8218,11.8218,10.9654,10.9654,10.9654,10.9654,10.9654,10.9654,10.9654,10.9654,10.9654,10.9654,11.4377,11.4377,11.4377,11.4377,11.4377,11.4377,11.4377,11.4377,11.4377,11.6529,11.6529,11.6529,11.6529,11.6529,11.6529,11.6529,11.6529,11.6529,11.6529,11.4599,11.4599,11.4599,11.4599,11.4599,11.4599,11.4599,11.4599,11.4599,10.8972,10.8972,10.8972,10.8972,10.8972,10.8972,10.8972,10.8972,10.8972,10.8972,10.2124,10.2124,10.2124,10.2124,10.2124,10.2124,10.2124,10.2124,10.2124,10.3914,10.3914,10.3914,10.3914,10.3914,10.3914,10.3914,10.3914,10.3914,10.3914,10.1139,10.1139,10.1139,10.1139,10.1139,10.1139,10.1139,10.1139,10.1139,8.6574,8.6574,8.6574,8.6574,8.6574,8.6574,8.6574,8.6574,8.6574,7.7346,7.7346,7.7346,7.7346,7.7346,7.7346,5.2478,5.2478,5.2478,5.2478,4.6463,4.6463,4.6463,4.6463
13.2042,13.2042,13.2042,13.2042,12.8231,12.8231,12.8231,12.8231,12.8231,12.8231,12.8231,12.8231,12.8231,12.8231,12.5302,12.5302,12.5302,12.5302,12.5302,12.5302,12.5302,12.5302,12.5302,11.7347,11.7347,11.7347,11.7347,11.7347,11.7347,11.7347,11.7347,11.7347,11.7347,11.3447,11.3447,11.3447,11.3447,11.3447,11.3447,11.3447,11.3447,11.3447,11.6373,11.6373,11.6373,11.6373,11.6373,11.6373,11.6373,11.6373,11.6373,11.6373,11.7096,11.7096,11.7096,11.7096,11.7096,11.7096,11.7096,11.7096,11.7096,11.8218,11.8218,11.8218,11.8218,11.8218,11.8218,11.8218,11.8218,11.8218,10.9654,10.9654,10.9654,10.9654,10.9654,10.9654,10.9654,10.9654,10.9654,10.9654,11.4377,11.4377,11.4377,11.4377,11.4377,11.4377,11.4377,11.4377,11.4377,11.6529,11.6529,11.6529,11.6529,11.6529,11.6529,11.6529,11.6529,11.6529,11.6529,11.4599,11.4599,11.4599,11.4599,11.4599,11.4599,11.4599,11.4599,11.4599,10.8972,10.8972,10.8972,10.8972,10.8972,10.8972,10.8972,10.8972,10.8972,10.8972,10.2124,10.2124,10.2124,10.2124,10.2124,10.2124,10.2124,10.2124,10.2124,10.3914,9.0729,9.0729,9.0729,9.0729,9.0729,9.0729,9.0729,9.0729,9.0729,7.9594,7.9594,7.9594,7.9594,7.9594,7.9594,7.9594,7.9594,7.9594,6.202,6.202,6.202,6.202,6.202,6.202,6.202,6.202,6.202,5.2478,5.2478,5.2478,5.2478,5.2478,5.2478,5.2478,5.2478,5.2478,5.2478,4.6463,4.6463,4.6463,4.6463
13.0295,13.0295,13.0295,13.0295,12.5379,12.5379,12.5379,12.5379,12.5379,12.5379,12.5379,12.5379,12.5379,12.5379,11.563,11.563,11.563,11.563,11.563,11.563,11.563,11.563,11.563,10.8311,10.8311,10.8311,10.8311,10.8311,10.8311,10.8311,10.8311,10.8311,10.8311,10.42,10.42,10.42,10.42,10.42,10.42,10.42,10.42,10.42,10.9339,10.9339,10.9339,10.9339,10.9339,10.9339,10.9339,10.9339,10.9339,10.9339,11.0865,11.0865,11.0865,11.0865,11.0865,11.0865,11.0865,11.0865,11.0865,11.1996,11.1996,11.1996,11.1996,11.1996,11.1996,11.1996,11.1996,11.1996,10.9947,10.9947,10.9947,10.9947,10.9947,10.9947,10.9947,10.9947,10.9947,10.9947,11.0892,11.0892,11.0892,11.0892,11.0892,11.0892,11.0892,11.0892,11.0892,11.3058,11.3058,11.3058,11.3058,11.3058,11.3058,11.3058,11.3058,11.3058,11.3058,10.1723,10.1723,10.1723,10.1723,10.1723,10.1723,10.1723,10.1723,10.1723,9.4573,9.4573,9.4573,9.4573,9.4573,9.4573,9.4573,9.4573,9.4573,9.4573,8.7643,8.7643,8.7643,8.7643,8.7643,8.7643,8.7643,8.7643,8.7643,9.0729,9.0729,9.0729,9.0729,9.0729,9.0729,9.0729,9.0729,9.0729,9.0729,7.9594,7.9594,7.9594,7.9594,7.9594,7.9594,7.9594,7.9594,7.9594,6.202,6.202,6.202,6.202,6.202,6.202,6.202,6.202,6.202,5.2478,5.2478,5.2478,5.2478,5.2478,5.2478,5.2478,5.2478,5.2478,5.2478,4.6463,4.6463,4.6463,4.6463
13.0295,13.0295,13.0295,13.0295,12.5379,12.5379,12.5379,12.5379,12.5379,12.5379,12.5379,12.5379,12.5379,12.5379,11.563,11.563,11.563,11.563,11.563,11.563,11.563,11.563,11.563,10.8311,10.8311,10.8311,10.8311,10.8311,10.8311,10.8311,10.8311,10.8311,10.8311,10.42,10.42,10.42,10.42,10.42,10.42,10.42,10.42,10.42,10.9339,10.9339,10.9339,10.9339,10.9339,10.9339,10.9339,10.9339,10.9339,10.9339,11.0865,11.0865,11.0865,11.0865,11.0865,11.0865,11.0865,11.0865,11.0865,11.1996,11.1996,11.1996,11.1996,11.1996,11.1996,11.1996,11.1996,11.1996,10.9947,10.9947,10.9947,10.9947,10.9947,10.9947,10.9947,10.9947,10.9947,10.9947,11.0892,11.0892,11.0892,11.0892,11.0892,11.0892,11.0892,11.0892,11.0892,11.3058,11.3058,11.3058,11.3058,11.3058,11.3058,11.3058,11.3058,11.3058,11.3058,10.1723,10.1723,10.1723,10.1723,10.1723,10.1723,10.1723,10.1723,10.1723,9.4573,9.4573,9.4573,9.4573,9.4573,9.4573,9.4573,9.4573,9.4573,9.4573,8.7643,8.7643,8.7643,8.7643,8.7643,8.7643,8.7643,8.7643,8.7643,9.0729,9.0729,9.0729,9.0729,9.0729,9.0729,9.0729,9.0729,9.0729,9.0729,7.9594,7.9594,7.9594,7.9594,7.9594,7.9594,7.9594,7.9594,7.9594,6.202,6.202,6.202,6.202,6.202,6.202,6.202,6.202,6.202,6.202,5.2478,5.2478,5.2478,5.2478,5.2478,5.2478,5.2478,5.2478,5.2478,4.6463,4.6463,4.6463,4.6463
13.0295,13.0295,13.0295,13.0295,12.5379,12.5379,12.5379,12.5379,12.5379,12.5379,12.5379,12.5379,12.5379,12.5379,11.563,11.563,11.563,11.563,11.563,11.563,11.563,11.563,11.563,10.8311,10.8311,10.8311,10.8311,10.8311,10.8311,10.8311,10.8311,10.8311,10.8311,10.42,10.42,10.42,10.42,10.42,10.42,10.42,10.42,10.42,10.9339,10.9339,10.9339,10.9339,10.9339,10.9339,10.9339,10.9339,10.9339,10.9339,11.0865,11.0865,11.0865,11.0865,11.0865,11.0865,11.0865,11.0865,11.0865,11.1996,11.1996,11.1996,11.1996,11.1996,11.1996,11.1996,11.1996,11.1996,10.9947,10.9947,10.9947,10.9947,10.9947,10.9947,10.9947,10.9947,10.9947,10.9947,11.0892,11.0892,11.0892,11.0892,11.0892,11.0892,11.0892,11.0892,11.0892,11.3058,11.3058,11.3058,11.3058,11.3058,11.3058,11.3058,11.3058,11.3058,11.3058,10.1723,10.1723,10.1723,10.1723,10.1723,10.1723,10.1723,10.1723,10.1723,9.4573,9.4573,9.4573,9.4573,9.4573,9.4573,9.4573,9.4573,9.4573,9.4573,8.7643,8.7643,8.7643,8.7643,8.7643,8.7643,8.7643,8.7643,8.7643,9.0729,9.0729,9.0729,9.0729,9.0729,9.0729,9.0729,9.0729,9.0729,9.0729,7.9594,7.9594,7.9594,7.9594,7.9594,7.9594,7.9594,7.9594,7.9594,6.202,6.202,6.202,6.202,6.202,6.202,6.202,6.202,6.202,6.202,5.2478,5.2478,5.2478,5.2478,5.2478,5.2478,5.2478,5.2478,5.2478,4.6463,4.6463,4.6463,4.6463
13.0295,13.0295,13.0295,13.0295,12.5379,12.5379,12.5379,12.5379,12.5379,12.5379,12.5379,12.5379,12.5379,12.5379,11.563,11.563,11.563,11.563,11.563,11.563,11.563,11.563,11.563,10.8311,10.8311,10.8311,10.8311,10.8311,10.8311,10.8311,10.8311,10.8311,10.8311,10.42,10.42,10.42,10.42,10.42,10.42,10.42,10.42,10.42,10.9339,10.9339,10.9339,10.9339,10.9339,10.9339,10.9339,10.9339,10.9339,10.9339,11.0865,11.0865,11.0865,11.0865,11.0865,11.0865,11.0865,11.0865,11.0865,11.1996,11.1996,11.1996,11.1996,11.1996,11.1996,11.1996,11.1996,11.1996,10.9947,10.9947,10.9947,10.9947,10.9947,10.9947,10.9947,10.9947,10.9947,10.9947,11.0892,11.0892,11.0892,11.0892,11.0892,11.0892,11.0892,11.0892,11.0892,11.3058,11.3058,11.3058,11.3058,11.3058,11.3058,11.3058,11.3058,11.3058,11.3058,10.1723,10.1723,10.1723,10.1723,10.1723,10.1723,10.1723,10.1723,10.1723,9.4573,9.4573,9.4573,9.4573,9.4573,9.4573,9.4573,9.4573,9.4573,9.4573,8.7643,8.7643,8.7643,8.7643,8.7643,8.7643,8.7643,8.7643,8.7643,9.0729,9.0729,9.0729,9.0729,9.0729,9.0729,9.0729,9.0729,9.0729,9.0729,7.9594,7.9594,7.9594,7.9594,7.9594,7.9594,7.9594,7.9594,7.9594,6.202,6.202,6.202,6.202,6.202,6.202,6.202,6.202,6.202,6.202,5.2478,5.2478,5.2478,5.2478,5.2478,5.2478,5.2478,5.2478,5.2478,4.6463,4.6463,4.6463,4.6463
13.0295,13.0295,13.0295,13.0295,12.5379,12.5379,12.5379,12.5379,12.5379,12.5379,12.5379,12.5379,12.5379,12.5379,11.563,11.563,11.563,11.563,11.563,11.563,11.563,11.563,11.563,10.8311,10.8311,10.8311,10.8311,10.8311,10.8311,10.8311,10.8311,10.8311,10.8311,10.42,10.42,10.42,10.42,10.42,10.42,10.42,10.42,10.42,10.9339,10.9339,10.9339,10.9339,10.9339,10.9339,10.9339,10.9339,10.9339,10.9339,11.0865,11.0865,11.0865,11.0865,11.0865,11.0865,11.0865,11.0865,11.0865,11.1996,11.1996,11.1996,11.1996,11.1996,11.1996,11.1996,11.1996,11.1996,11.1996,10.9947,10.9947,10.9947,10.9947,10.9947,10.9947,10.9947,10.9947,10.9947,11.0892,11.0892,11.0892,11.0892,11.0892,11.0892,11.0892,11.0892,11.0892,11.3058,11.3058,11.3058,11.3058,11.3058,11.3058,11.3058,11.3058,11.3058,11.3058,10.1723,10.1723,10.1723,10.1723,10.1723,10.1723,10.1723,10.1723,10.1723,9.4573,9.4573,9.4573,9.4573,9.4573,9.4573,9.4573,9.4573,9.4573,9.4573,8.7643,8.7643,8.7643,8.7643,8.7643,8.7643,8.7643,8.7643,8.7643,9.0729,9.0729,9.0729,9.0729,9.0729,9.0729,9.0729,9.0729,9.0729,9.0729,7.9594,7.9594,7.9594,7.9594,7.9594,7.9594,7.9594,7.9594,7.9594,6.202,6.202,6.202,6.202,6.202,6.202,6.202,6.202,6.202,6.202,5.2478,5.2478,5.2478,5.2478,5.2478,5.2478,5.2478,5.2478,5.2478,4.6463,4.6463,4.6463,4.6463
13.0295,13.0295,13.0295,13.0295,12.5379,12.5379,12.5379,12.5379,12.5379,12.5379,12.5379,12.5379,12.5379,12.5379,11.563,11.563,11.563,11.563,11.563,11.563,11.563,11.563,11.563,10.8311,10.8311,10.8311,10.8311,10.8311,10.8311,10.8311,10.8311,10.8311,10.8311,10.42,10.42,10.42,10.42,10.42,10.42,10.42,10.42,10.42,10.9339,10.9339,10.9339,10.9339,10.9339,10.9339,10.9339,10.9339,10.9339,10.9339,11.0865,11.0865,11.0865,11.0865,11.0865,11.0865,11.0865,11.0865,11.0865,11.1996,11.1996,11.1996,11.1996,11.1996,11.1996,11.1996,11.1996,11.1996,11.1996,10.9947,10.9947,10.9947,10.9947,10.9947,10.9947,10.9947,10.9947,10.9947,11.0892,11.0892,11.0892,11.0892,11.0892,11.0892,11.0892,11.0892,11.0892,11.3058,11.3058,11.3058,11.3058,11.3058,11.3058,11.3058,11.3058,11.3058,11.3058,10.1723,10.1723,10.1723,10.1723,10.1723,10.1723,10.1723,10.1723,10.1723,9.4573,9.4573,9.4573,9.4573,9.4573,9.4573,9.4573,9.4573,9.4573,9.4573,8.7643,8.7643,8.7643,8.7643,8.7643,8.7643,8.7643,8.7643,8.7643,9.0729,9.0729,9.0729,9.0729,9.0729,9.0729,9.0729,9.0729,9.0729,9.0729,7.9594,7.9594,7.9594,7.9594,7.9594,7.9594,7.9594,7.9594,7.9594,6.202,6.202,6.202,6.202,6.202,6.202,6.202,6.202,6.202,6.202,5.2478,5.2478,5.2478,5.2478,5.2478,5.2478,5.2478,5.2478,5.2478,4.6463,4.6463,4.6463,4.6463
13.0295,13.0295,13.0295,13.0295,12.5379,12.5379,12.5379,12.5379,12.5379,12.5379,12.5379,12.5379,12.5379,12.5379,11.563,11.563,11.563,11.563,11.563,11.563,11.563,11.563,11.563,10.8311,10.8311,10.8311,10.8311,10.8311,10.8311,10.8311,10.8311,10.8311,10.8311,10.42,10.42,10.42,10.42,10.42,10.42,10.42,10.42,10.42,10.9339,10.9339,10.9339,10.9339,10.9339,10.9339,10.9339,10.9339,10.9339,10.9339,11.0865,11.0865,11.0865,11.0865,11.0865,11.0865,11.0865,11.0865,11.0865,11.1996,11.1996,11.1996,11.1996,11.1996,11.1996,11.1996,11.1996,11.1996,11.1996,10.9947,10.9947,10.9947,10.9947,10.9947,10.9947,10.9947,10.9947,10.9947,11.0892,11.0892,11.0892,11.0892,11.0892,11.0892,11.0892,11.0892,11.0892,11.3058,11.3058,11.3058,11.3058,11.3058,11.3058,11.3058,11.3058,11.3058,11.3058,10.1723,10.1723,10.1723,10.1723,10.1723,10.1723,10.1723,10.1723,10.1723,9.4573,9.4573,9.4573,9.4573,9.4573,9.4573,9.4573,9.4573,9.4573,9.4573,8.7643,8.7643,8.7643,8.7643,8.7643,8.7643,8.7643,8.7643,8.7643,9.0729,9.0729,9.0729,9.0729,9.0729,9.0729,9.0729,9.0729,9.0729,9.0729,7.9594,7.9594,7.9594,7.9594,7.9594,7.9594,7.9594,7.9594,7.9594,6.202,6.202,6.202,6.202,6.202,6.202,6.202,6.202,6.202,6.202,5.2478,5.2478,5.2478,5.2478,5.2478,5.2478,5.2478,5.2478,5.2478,4.6463,4.6463,4.6463,4.6463
13.0295,13.0295,13.0295,13.0295,12.5379,12.5379,12.5379,12.5379,12.5379,12.5379,12.5379,12.5379,12.5379,12.5379,11.563,11.563,11.563,11.563,11.563,11.563,11.563,11.563,11.563,10.8311,10.8311,10.8311,10.8311,10.8311,10.8311,10.8311,10.8311,10.8311,10.8311,10.42,10.42,10.42,10.42,10.42,10.42,10.42,10.42,10.42,10.9339,10.9339,10.9339,10.9339,10.9339,10.9339,10.9339,10.9339,10.9339,10.9339,11.0865,11.0865,11.0865,11.0865,11.0865,11.0865,11.0865,11.0865,11.0865,11.1996,11.1996,11.1996,11.1996,11.1996,11.1996,11.1996,11.1996,11.1996,11.1996,10.9947,10.9947,10.9947,10.9947,10.9947,10.9947,10.9947,10.9947,10.9947,11.0892,11.0892,11.0892,11.0892,11.0892,11.0892,11.0892,11.0892,11.0892,11.3058,11.3058,11.3058,11.3058,11.3058,11.3058,11.3058,11.3058,11.3058,11.3058,10.1723,10.1723,10.1723,10.1723,10.1723,10.1723,10.1723,10.1723,10.1723,9.4573,9.4573,9.4573,9.4573,9.4573,9.4573,9.4573,9.4573,9.4573,9.4573,8.7643,8.7643,8.7643,8.7643,8.7643,8.7643,8.7643,8.7643,8.7643,9.0729,9.0729,9.0729,9.0729,9.0729,9.0729,9.0729,9.0729,9.0729,9.0729,7.9594,7.9594,7.9594,7.9594,7.9594,7.9594,7.9594,7.9594,7.9594,6.202,6.202,6.202,6.202,6.202,6.202,6.202,6.202,6.202,6.202,5.2478,5.2478,5.2478,5.2478,5.2478,5.2478,5.2478,5.2478,5.2478,4.6463,4.6463,4.6463,4.6463
13.0295,13.0295,13.0295,13.0295,12.5379,12.5379,12.5379,12.5379,12.5379,12.5379,12.5379,12.5379,12.5379,12.5379,11.563,11.563,11.563,11.563,11.563,11.563,11.563,11.563,11.563,10.8311,10.8311,10.8311,10.8311,10.8311,10.8311,10.8311,10.8311,10.8311,10.8311,10.42,10.42,10.42,10.42,10.42,10.42,10.42,10.42,10.42,10.9339,10.9339,10.9339,10.9339,10.9339,10.9339,10.9339,10.9339,10.9339,10.9339,11.0865,11.0865,11.0865,11.0865,11.0865,11.0865,11.0865,11.0865,11.0865,11.1996,11.1996,11.1996,11.1996,11.1996,11.1996,11.1996,11.1996,11.1996,11.1996,10.9947,10.9947,10.9947,10.9947,10.9947,10.9947,10.9947,10.9947,10.9947,11.0892,11.0892,11.0892,11.0892,11.0892,11.0892,11.0892,11.0892,11.0892,11.3058,11.3058,11.3058,11.3058,11.3058,11.3058,11.3058,11.3058,11.3058,11.3058,10.1723,10.1723,10.1723,10.1723,10.1723,10.1723,10.1723,10.1723,10.1723,9.4573,9.4573,9.4573,9.4573,9.4573,9.4573,9.4573,9.4573,9.4573,9.4573,8.7643,8.7643,8.7643,8.7643,8.7643,8.7643,8.7643,8.7643,8.7643,9.0729,9.0729,9.0729,9.0729,9.0729,9.0729,9.0729,9.0729,9.0729,9.0729,7.9594,7.9594,7.9594,7.9594,7.9594,7.9594,7.9594,7.9594,7.9594,6.202,6.202,6.202,6.202,6.202,6.202,6.202,6.202,6.202,6.202,5.2478,5.2478,5.2478,5.2478,5.2478,5.2478,5.2478,5.2478,5.2478,4.6463,4.6463,4.6463,4.6463
13.0295,13.0295,13.0295,13.0295,12.5379,12.5379,12.5379,12.5379,12.5379,12.5379,12.5379,12.5379,12.5379,12.5379,11.563,11.563,11.563,11.563,11.563,11.563,11.563,11.563,11.563,10.8311,10.8311,10.8311,10.8311,10.8311,10.8311,10.8311,10.8311,10.8311,10.8311,10.42,10.42,10.42,10.42,10.42,10.42,10.42,10.42,10.42,10.9339,10.9339,10.9339,10.9339,10.9339,10.9339,10.9339,10.9339,10.9339,10.9339,11.0865,11.0865,11.0865,11.0865,11.0865,11.0865,11.0865,11.0865,11.0865,11.1996,11.1996,11.1996,11.1996,11.1996,11.1996,11.1996,11.1996,11.1996,11.1996,10.9947,10.9947,10.9947,10.9947,10.9947,10.9947,10.9947,10.9947,10.9947,11.0892,11.0892,11.0892,11.0892,11.0892,11.0892,11.0892,11.0892,11.0892,11.3058,11.3058,11.3058,11.3058,11.3058,11.3058,11.3058,11.3058,11.3058,11.3058,10.1723,10.1723,10.1723,10.1723,10.1723,10.1723,10.1723,10.1723,10.1723,9.4573,9.4573,9.4573,9.4573,9.4573,9.4573,9.4573,9.4573,9.4573,9.4573,8.7643,8.7643,8.7643,8.7643,8.7643,8.7643,8.7643,8.7643,8.7643,9.0729,9.0729,9.0729,9.0729,9.0729,9.0729,9.0729,9.0729,9.0729,9.0729,7.9594,7.9594,7.9594,7.9594,7.9594,7.9594,7.9594,7.9594,7.9594,6.202,6.202,6.202,6.202,6.202,6.202,6.202,6.202,6.202,6.202,5.2478,5.2478,5.2478,5.2478,5.2478,5.2478,5.2478,5.2478,5.2478,4.6463,4.6463,4.6463,4.6463
13.0295,13.0295,13.0295,13.0295,12.5379,12.5379,12.5379,12.5379,12.5379,12.5379,12.5379,12.5379,12.5379,12.5379,11.563,11.563,11.563,11.563,11.563,11.563,11.563,11.563,11.563,10.8311,10.8311,10.8311,10.8311,10.8311,10.8311,10.8311,10.8311,10.8311,10.8311,10.42,10.42,10.42,10.42,10.42,10.42,10.42,10.42,10.42,10.9339,10.9339,10.9339,10.9339,10.9339,10.9339,10.9339,10.9339,10.9339,10.9339,11.0865,11.0865,11.0865,11.0865,11.0865,11.0865,11.0865,11.0865,11.0865,11.1996,11.1996,11.1996,11.1996,11.1996,11.1996,11.1996,11.1996,11.1996,11.1996,10.9947,10.9947,10.9947,10.9947,10.9947,10.9947,10.9947,10.9947,10.9947,11.0892,11.0892,11.0892,11.0892,11.0892,11.0892,11.0892,11.0892,11.0892,11.3058,11.3058,11.3058,11.3058,11.3058,11.3058,11.3058,11.3058,11.3058,11.3058,10.1723,10.1723,10.1723,10.1723,10.1723,10.1723,10.1723,10.1723,10.1723,9.4573,9.4573,9.4573,9.4573,9.4573,9.4573,9.4573,9.4573,9.4573,9.4573,8.7643,8.7643,8.7643,8.7643,8.7643,8.7643,8.7643,8.7643,8.7643,9.0729,9.0729,9.0729,9.0729,9.0729,9.0729,9.0729,9.0729,9.0729,9.0729,7.9594,7.9594,7.9594,7.9594,7.9594,7.9594,7.9594,7.9594,7.9594,6.202,6.202,6.202,6.202,6.202,6.202,6.202,6.202,6.202,6.202,5.2478,5.2478,5.2478,5.2478,5.2478,5.2478,5.2478,5.2478,5.2478,4.6463,4.6463,4.6463,4.6463
13.0295,13.0295,13.0295,13.0295,12.5379,12.5379,12.5379,12.5379,12.5379,12.5379,12.5379,12.5379,12.5379,12.5379,11.563,11.563,11.563,11.563,11.563,11.563,11.563,11.563,11.563,10.8311,10.8311,10.8311,10.8311,10.8311,10.8311,10.8311,10.8311,10.8311,10.8311,10.42,10.42,10.42,10.42,10.42,10.42,10.42,10.42,10.42,10.9339,10.9339,10.9339,10.9339,10.9339,10.9339,10.9339,10.9339,10.9339,10.9339,11.0865,11.0865,11.0865,11.0865,11.0865,11.0865,11.0865,11.0865,11.0865,11.1996,11.1996,11.1996,11.1996,11.1996,11.1996,11.1996,11.1996,11.1996,11.1996,10.9947,10.9947,10.9947,10.9947,10.9947,10.9947,10.9947,10.9947,10.9947,11.0892,11.0892,11.0892,11.0892,11.0892,11.0892,11.0892,11.0892,11.0892,11.3058,11.3058,11.3058,11.3058,11.3058,11.3058,11.3058,11.3058,11.3058,11.3058,10.1723,10.1723,10.1723,10.1723,10.1723,10.1723,10.1723,10.1723,10.1723,9.4573,9.4573,9.4573,9.4573,9.4573,9.4573,9.4573,9.4573,9.4573,9.4573,8.7643,8.7643,8.7643,8.7643,8.7643,8.7643,8.7643,8.7643,8.7643,9.0729,9.0729,9.0729,9.0729,9.0729,9.0729,9.0729,9.0729,9.0729,9.0729,7.9594,7.9594,7.9594,7.9594,7.9594,7.9594,7.9594,7.9594,7.9594,6.202,6.202,6.202,6.202,6.202,6.202,6.202,6.202,6.202,6.202,5.2478,5.2478,5.2478,5.2478,5.2478,5.2478,5.2478,5.2478,5.2478,4.6463,4.6463,4.6463,4.6463
13.0295,13.0295,13.0295,13.0295,12.5379,12.5379,12.5379,12.5379,12.5379,12.5379,12.5379,12.5379,12.5379,12.5379,11.563,11.563,11.563,11.563,11.563,11.563,11.563,11.563,11.563,10.8311,10.8311,10.8311,10.8311,10.8311,10.8311,10.8311,10.8311,10.8311,10.8311,10.42,10.42,10.42,10.42,10.42,10.42,10.42,10.42,10.42,10.9339,10.9339,10.9339,10.9339,10.9339,10.9339,10.9339,10.9339,10.9339,10.9339,11.0865,11.0865,11.0865,11.0865,11.0865,11.0865,11.0865,11.0865,11.0865,11.1996,11.1996,11.1996,11.1996,11.1996,11.1996,11.1996,11.1996,11.1996,11.1996,10.9947,10.9947,10.9947,10.9947,10.9947,10.9947,10.9947,10.9947,10.9947,11.0892,11.0892,11.0892,11.0892,11.0892,11.0892,11.0892,11.0892,11.0892,11.0892,11.3058,11.3058,11.3058,11.3058,11.3058,11.3058,11.3058,11.3058,11.3058,10.1723,10.1723,10.1723,10.1723,10.1723,10.1723,10.1723,10.1723,10.1723,9.4573,9.4573,9.4573,9.4573,9.4573,9.4573,9.4573,9.4573,9.4573,9.4573,8.7643,8.7643,8.7643,8.7643,8.7643,8.7643,8.7643,8.7643,8.7643,9.0729,9.0729,9.0729,9.0729,9.0729,9.0729,9.0729,9.0729,9.0729,9.0729,7.9594,7.9594,7.9594,7.9594,7.9594,7.9594,7.9594,7.9594,7.9594,6.202,6.202,6.202,6.202,6.202,6.202,6.202,6.202,6.202,6.202,5.2478,5.2478,3.3618,3.3618,3.3618,3.3618,3.3618,3.3618,3.3618,2.7599,2.7599,2.7599,2.7599
13.0295,13.0295,13.0295,13.0295,12.5379,12.5379,12.5379,12.5379,12.5379,12.5379,12.5379,12.5379,12.5379,12.5379,11.563,11.563,11.563,11.563,11.563,11.563,11.563,11.563,11.563,10.8311,10.8311,10.8311,10.8311,10.8311,10.8311,10.8311,10.8311,10.8311,10.8311,10.42,10.42,10.42,10.42,10.42,10.42,10.42,10.42,10.42,10.9339,10.9339,10.9339,10.9339,10.9339,10.9339,10.9339,10.9339,10.9339,10.9339,11.0865,11.0865,11.0865,11.0865,11.0865,11.0865,11.0865,11.0865,11.0865,11.1996,11.1996,11.1996,11.1996,11.1996,11.1996,11.1996,11.1996,11.1996,11.1996,10.9947,10.9947,10.9947,10.9947,10.9947,10.9947,10.9947,10.9947,10.9947,11.0892,11.0892,11.0892,11.0892,11.0892,11.0892,11.0892,11.0892,11.0892,11.0892,11.3058,11.3058,11.3058,11.3058,11.3058,11.3058,11.3058,11.3058,11.3058,10.1723,10.1723,10.1723,10.1723,10.1723,10.1723,10.1723,10.1723,10.1723,9.4573,9.4573,9.4573,9.4573,9.4573,9.4573,9.4573,9.4573,9.4573,9.4573,8.7643,8.7643,8.7643,8.7643,8.7643,8.7643,6.5915,6.5915,6.5915,6.8369,6.8369,6.8369,6.8369,6.8369,6.8369,6.8369,6.8369,6.8369,6.8369,5.7156,5.7156,5.7156,5.7156,5.7156,5.7156,5.7156,5.7156,5.7156,3.8423,3.8423,3.8423,3.8423,3.8423,3.8423,3.8423,3.8423,3.8423,3.8423,3.3618,3.3618,3.3618,3.3618,3.3618,3.3618,3.3618,3.3618,3.3618,2.7599,2.7599,2.7599,2.7599
12.0099,12.0099,12.0099,12.0099,11.0143,11.0143,11.0143,11.0143,11.0143,11.0143,11.0143,11.0143,11.0143,11.0143,10.0268,10.0268,10.0268,10.0268,10.0268,10.0268,10.0268,10.0268,10.0268,10.0655,10.0655,10.0655,10.0655,10.0655,10.0655,10.0655,10.0655,10.0655,10.0655,10.3893,10.3893,10.3893,10.3893,10.3893,10.3893,10.3893,10.3893,10.3893,11.1405,11.1405,11.1405,11.1405,11.1405,11.1405,11.1405,11.1405,11.1405,11.1405,11.5359,11.5359,11.5359,11.5359,11.5359,11.5359,11.5359,11.5359,11.5359,10.3125,10.3125,10.3125,10.3125,10.3125,10.3125,10.3125,10.3125,10.3125,10.3125,9.831,9.831,9.831,9.831,9.831,9.831,9.831,9.831,9.831,9.3204,9.3204,9.3204,9.3204,9.3204,9.3204,9.3204,9.3204,9.3204,9.3204,8.4573,8.4573,8.4573,8.4573,8.4573,8.4573,8.4573,8.4573,8.4573,6.9859,6.9859,6.9859,6.9859,6.9859,6.9859,6.9859,6.9859,6.9859,6.9859,6.3846,6.3846,6.3846,6.3846,6.3846,6.3846,6.3846,6.3846,6.3846,6.5915,6.5915,6.5915,6.5915,6.5915,6.5915,6.5915,6.5915,6.5915,6.8369,6.8369,6.8369,6.8369,6.8369,6.8369,6.8369,6.8369,6.8369,6.8369,5.7156,5.7156,5.7156,5.7156,5.7156,5.7156,5.7156,5.7156,5.7156,3.8423,3.8423,3.8423,3.8423,3.8423,3.8423,3.8423,3.8423,3.8423,3.8423,3.3618,3.3618,3.3618,3.3618,3.3618,3.3618,3.3618,3.3618,3.3618,2.7599,2.7599,2.7599,2.7599
12.0099,12.0099,12.0099,12.0099,11.0143,11.0143,11.0143,11.0143,11.0143,11.0143,11.0143,11.0143,11.0143,11.0143,10.0268,10.0268,10.0268,10.0268,10.0268,10.0268,10.0268,10.0268,10.0268,10.0655,10.0655,10.0655,10.0655,10.0655,10.0655,10.0655,10.0655,10.0655,10.0655,10.3893,10.3893,10.3893,10.3893,10.3893,10.3893,10.3893,10.3893,10.3893,11.1405,11.1405,11.1405,11.1405,11.1405,11.1405,11.1405,11.1405,11.1405,11.1405,11.5359,11.5359,11.5359,11.5359,11.5359,11.5359,11.5359,11.5359,11.5359,10.3125,10.3125,10.3125,10.3125,10.3125,10.3125,10.3125,10.3125,10.3125,10.3125,9.831,9.831,9.831,9.831,9.831,9.831,9.831,9.831,9.831,9.3204,9.3204,9.3204,9.3204,9.3204,9.3204,9.3204,9.3204,9.3204,9.3204,8.4573,8.4573,8.4573,8.4573,8.4573,8.4573,8.4573,8.4573,8.4573,6.9859,6.9859,6.9859,6.9859,6.9859,6.9859,6.9859,6.9859,6.9859,6.9859,6.3846,6.3846,6.3846,6.3846,6.3846,6.3846,6.3846,6.3846,6.3846,6.5915,6.5915,6.5915,6.5915,6.5915,6.5915,6.5915,6.5915,6.5915,6.5915,6.8369,6.8369,6.8369,6.8369,6.8369,6.8369,6.8369,6.8369,6.8369,5.7156,5.7156,5.7156,5.7156,5.7156,5.7156,5.7156,5.7156,5.7156,5.7156,3.8423,3.8423,3.8423,3.8423,3.8423,3.8423,3.8423,3.8423,3.8423,3.3618,3.3618,3.3618,3.3618,3.3618,3.3618,3.3618,3.3618,3.3618,3.3618,2.7599,2.7599,2.7599
12.0099,12.0099,12.0099,12.0099,11.0143,11.0143,11.0143,11.0143,11.0143,11.0143,11.0143,11.0143,11.0143,11.0143,10.0268,10.0268,10.0268,10.0268,10.0268,10.0268,10.0268,10.0268,10.0268,10.0655,10.0655,10.0655,10.0655,10.0655,10.0655,10.0655,10.0655,10.0655,10.0655,10.3893,10.3893,10.3893,10.3893,10.3893,10.3893,10.3893,10.3893,10.3893,11.1405,11.1405,11.1405,11.1405,11.1405,11.1405,11.1405,11.1405,11.1405,11.1405,11.5359,11.5359,11.5359,11.5359,11.5359,11.5359,11.5359,11.5359,11.5359,10.3125,10.3125,10.3125,10.3125,10.3125,10.3125,10.3125,10.3125,10.3125,10.3125,9.831,9.831,9.831,9.831,9.831,9.831,9.831,9.831,9.831,9.3204,9.3204,9.3204,9.3204,9.3204,9.3204,9.3204,9.3204,9.3204,9.3204,8.4573,8.4573,8.4573,8.4573,8.4573,8.4573,8.4573,8.4573,8.4573,6.9859,6.9859,6.9859,6.9859,6.9859,6.9859,6.9859,6.9859,6.9859,6.9859,6.3846,6.3846,6.3846,6.3846,6.3846,6.3846,6.3846,6.3846,6.3846,6.5915,6.5915,6.5915,6.5915,6.5915,6.5915,6.5915,6.5915,6.5915,6.5915,6.8369,6.8369,6.8369,6.8369,6.8369,6.8369,6.8369,6.8369,6.8369,5.7156,5.7156,5.7156,5.7156,5.7156,5.7156,5.7156,5.7156,5.7156,5.7156,3.8423,3.8423,3.8423,3.8423,3.8423,3.8423,3.8423,3.8423,3.8423,3.3618,3.3618,3.3618,3.3618,3.3618,3.3618,3.3618,3.3618,3.3618,3.3618,2.7599,2.7599,2.7599
12.0099,12.0099,12.0099,12.0099,11.0143,11.0143,11.0143,11.0143,11.0143,11.0143,11.0143,11.0143,11.0143,11.0143,10.0268,10.0268,10.0268,10.0268,10.0268,10.0268,10.0268,10.0268,10.0268,10.0655,10.0655,10.0655,10.0655,10.0655,10.0655,10.0655,10.0655,10.0655,10.0655,10.3893,10.3893,10.3893,10.3893,10.3893,10.3893,10.3893,10.3893,10.3893,11.1405,11.1405,11.1405,11.1405,11.1405,11.1405,11.1405,11.1405,11.1405,11.1405,11.5359,11.5359,11.5359,11.5359,11.5359,11.5359,11.5359,11.5359,11.5359,10.3125,10.3125,10.3125,10.3125,10.3125,10.3125,10.3125,10.3125,10.3125,10.3125,9.831,9.831,9.831,9.831,9.831,9.831,9.831,9.831,9.831,9.3204,9.3204,9.3204,9.3204,9.3204,9.3204,9.3204,9.3204,9.3204,9.3204,8.4573,8.4573,8.4573,8.4573,8.4573,8.4573,8.4573,8.4573,8.4573,6.9859,6.9859,6.9859,6.9859,6.9859,6.9859,6.9859,6.9859,6.9859,6.9859,6.3846,6.3846,6.3846,6.3846,6.3846,6.3846,6.3846,6.3846,6.3846,6.5915,6.5915,6.5915,6.5915,6.5915,6.5915,6.5915,6.5915,6.5915,6.5915,6.8369,6.8369,6.8369,6.8369,6.8369,6.8369,6.8369,6.8369,6.8369,5.7156,5.7156,5.7156,5.7156,5.7156,5.7156,5.7156,5.7156,5.7156,5.7156,3.8423,3.8423,3.8423,3.8423,3.8423,3.8423,3.8423,3.8423,3.8423,3.3618,3.3618,3.3618,3.3618,3.3618,3.3618,3.3618,3.3618,3.3618,3.3618,2.7599,2.7599,2.7599
12.0099,12.0099,12.0099,12.0099,11.0143,11.0143,11.0143,11.0143,11.0143,11.0143,11.0143,11.0143,11.0143,11.0143,10.0268,10.0268,10.0268,10.0268,10.0268,10.0268,10.0268,10.0268,10.0268,10.0655,10.0655,10.0655,10.0655,10.0655,10.0655,10.0655,10.0655,10.0655,10.0655,10.3893,10.3893,10.3893,10.3893,10.3893,10.3893,10.3893,10.3893,10.3893,11.1405,11.1405,11.1405,11.1405,11.1405,11.1405,11.1405,11.1405,11.1405,11.1405,11.5359,11.5359,11.5359,11.5359,11.5359,11.5359,11.5359,11.5359,11.5359,10.3125,10.3125,10.3125,10.3125,10.3125,10.3125,10.3125,10.3125,10.3125,10.3125,9.831,9.831,9.831,9.831,9.831,9.831,9.831,9.831,9.831,9.3204,9.3204,9.3204,9.3204,9.3204,9.3204,9.3204,9.3204,9.3204,9.3204,8.4573,8.4573,8.4573,8.4573,8.4573,8.4573,8.4573,8.4573,8.4573,6.9859,6.9859,6.9859,6.9859,6.9859,6.9859,6.9859,6.9859,6.9859,6.9859,6.3846,6.3846,6.3846,6.3846,6.3846,6.3846,6.3846,6.3846,6.3846,6.5915,6.5915,6.5915,6.5915,6.5915,6.5915,6.5915,6.5915,6.5915,6.5915,6.8369,6.8369,6.8369,6.8369,6.8369,6.8369,6.8369,6.8369,6.8369,5.7156,5.7156,5.7156,5.7156,5.7156,5.7156,5.7156,5.7156,5.7156,5.7156,3.8423,3.8423,3.8423,3.8423,3.8423,3.8423,3.8423,3.8423,3.8423,3.3618,3.3618,3.3618,3.3618,3.3618,3.3618,3.3618,3.3618,3.3618,3.3618,2.7599,2.7599,2.7599
12.0099,12.0099,12.0099,12.0099,11.0143,11.0143,11.0143,11.0143,11.0143,11.0143,11.0143,11.0143,11.0143,11.0143,10.0268,10.0268,10.0268,10.0268,10.0268,10.0268,10.0268,10.0268,10.0268,10.0655,10.0655,10.0655,10.0655,10.0655,10.0655,10.0655,10.0655,10.0655,10.0655,10.3893,10.3893,10.3893,10.3893,10.3893,10.3893,10.3893,10.3893,10.3893,11.1405,11.1405,11.1405,11.1405,11.1405,11.1405,11.1405,11.1405,11.1405,11.1405,11.5359,11.5359,11.5359,11.5359,11.5359,11.5359,11.5359,11.5359,11.5359,10.3125,10.3125,10.3125,10.3125,10.3125,10.3125,10.3125,10.3125,10.3125,10.3125,9.831,9.831,9.831,9.831,9.831,9.831,9.831,9.831,9.831,9.3204,9.3204,9.3204,9.3204,9.3204,9.3204,9.3204,9.3204,9.3204,9.3204,8.4573,8.4573,8.4573,8.4573,8.4573,8.4573,8.4573,8.4573,8.4573,6.9859,6.9859,6.9859,6.9859,6.9859,6.9859,6.9859,6.9859,6.9859,6.9859,6.3846,6.3846,6.3846,6.3846,6.3846,6.3846,6.3846,6.3846,6.3846,6.5915,6.5915,6.5915,6.5915,6.5915,6.5915,6.5915,6.5915,6.5915,6.5915,6.8369,6.8369,6.8369,6.8369,6.8369,6.8369,6.8369,6.8369,6.8369,5.7156,5.7156,5.7156,5.7156,5.7156,5.7156,5.7156,5.7156,5.7156,5.7156,3.8423,3.8423,3.8423,3.8423,3.8423,3.8423,3.8423,3.8423,3.8423,3.3618,3.3618,3.3618,3.3618,3.3618,3.3618,3.3618,3.3618,3.3618,3.3618,2.7599,2.7599,2.7599
12.0099,12.0099,12.0099,12.0099,11.0143,11.0143,11.0143,11.0143,11.0143,11.0143,11.0143,11.0143,11.0143,11.0143,10.0268,10.0268,10.0268,10.0268,10.0268,10.0268,10.0268,10.0268,10.0268,10.0655,10.0655,10.0655,10.0655,10.0655,10.0655,10.0655,10.0655,10.0655,10.0655,10.3893,10.3893,10.3893,10.3893,10.3893,10.3893,10.3893,10.3893,10.3893,11.1405,11.1405,11.1405,11.1405,11.1405,11.1405,11.1405,11.1405,11.1405,11.1405,11.5359,11.5359,11.5359,11.5359,11.5359,11.5359,11.5359,11.5359,11.5359,10.3125,10.3125,10.3125,10.3125,10.3125,10.3125,10.3125,10.3125,10.3125,10.3125,9.831,9.831,9.831,9.831,9.831,9.831,9.831,9.831,9.831,9.3204,9.3204,9.3204,9.3204,9.3204,9.3204,9.3204,9.3204,9.3204,9.3204,8.4573,8.4573,8.4573,8.4573,8.4573,8.4573,8.4573,8.4573,8.4573,6.9859,6.9859,6.9859,6.9859,6.9859,6.9859,6.9859,6.9859,6.9859,6.9859,6.3846,6.3846,6.3846,6.3846,6.3846,6.3846,6.3846,6.3846,6.3846,6.5915,6.5915,6.5915,6.5915,6.5915,6.5915,6.5915,6.5915,6.5915,6.5915,6.8369,6.8369,6.8369,6.8369,6.8369,6.8369,6.8369,6.8369,6.8369,5.7156,5.7156,5.7156,5.7156,5.7156,5.7156,5.7156,5.7156,5.7156,5.7156,3.8423,3.8423,3.8423,3.8423,3.8423,3.8423,3.8423,3.8423,3.8423,3.3618,3.3618,3.3618,3.3618,3.3618,3.3618,3.3618,3.3618,3.3618,3.3618,2.7599,2.7599,2.7599
12.0099,12.0099,12.0099,12.0099,11.0143,11.0143,11.0143,11.0143,11.0143,11.0143,11.0143,11.0143,11.0143,11.0143,10.0268,10.0268,10.0268,10.0268,10.0268,10.0268,10.0268,10.0268,10.0268,10.0655,10.0655,10.0655,10.0655,10.0655,10.0655,10.0655,10.0655,10.0655,10.0655,10.3893,10.3893,10.3893,10.3893,10.3893,10.3893,10.3893,10.3893,10.3893,11.1405,11.1405,11.1405,11.1405,11.1405,11.1405,11.1405,11.1405,11.1405,11.1405,11.5359,11.5359,11.5359,11.5359,11.5359,11.5359,11.5359,11.5359,11.5359,10.3125,10.3125,10.3125,10.3125,10.3125,10.3125,10.3125,10.3125,10.3125,10.3125,9.831,9.831,9.831,9.831,9.831,9.831,9.831,9.831,9.831,9.3204,9.3204,9.3204,9.3204,9.3204,9.3204,9.3204,9.3204,9.3204,9.3204,8.4573,8.4573,8.4573,8.4573,8.4573,8.4573,8.4573,8.4573,8.4573,6.9859,6.9859,6.9859,6.9859,6.9859,6.9859,6.9859,6.9859,6.9859,6.9859,6.3846,6.3846,6.3846,6.3846,6.3846,6.3846,6.3846,6.3846,6.3846,6.5915,6.5915,6.5915,6.5915,6.5915,6.5915,6.5915,6.5915,6.5915,6.5915,6.8369,6.8369,6.8369,6.8369,6.8369,6.8369,6.8369,6.8369,6.8369,5.7156,5.7156,5.7156,5.7156,5.7156,5.7156,5.7156,5.7156,5.7156,5.7156,3.8423,3.8423,3.8423,3.8423,3.8423,3.8423,3.8423,3.8423,3.8423,3.3618,3.3618,3.3618,3.3618,3.3618,3.3618,3.3618,3.3618,3.3618,3.3618,2.7599,2.7599,2.7599
12.0099,12.0099,12.0099,12.0099,11.0143,11.0143,11.0143,11.0143,11.0143,11.0143,11.0143,11.0143,11.0143,11.0143,10.0268,10.0268,10.0268,10.0268,10.0268,10.0268,10.0268,10.0268,10.0268,10.0655,10.0655,10.0655,10.0655,10.0655,10.0655,10.0655,10.0655,10.0655,10.0655,10.3893,10.3893,10.3893,10.3893,10.3893,10.3893,10.3893,10.3893,10.3893,11.1405,11.1405,11.1405,11.1405,11.1405,11.1405,11.1405,11.1405,11.1405,11.1405,11.5359,11.5359,11.5359,11.5359,11.5359,11.5359,11.5359,11.5359,11.5359,10.3125,10.3125,10.3125,10.3125,10.3125,10.3125,10.3125,10.3125,10.3125,10.3125,9.831,9.831,9.831,9.831,9.831,9.831,9.831,9.831,9.831,9.3204,9.3204,9.3204,9.3204,9.3204,9.3204,9.3204,9.3204,9.3204,9.3204,8.4573,8.4573,8.4573,8.4573,8.4573,8.4573,8.4573,8.4573,8.4573,6.9859,6.9859,6.9859,6.9859,6.9859,6.9859,6.9859,6.9859,6.9859,6.9859,6.3846,6.3846,6.3846,6.3846,6.3846,6.3846,6.3846,6.3846,6.3846,6.5915,6.5915,6.5915,6.5915,6.5915,6.5915,6.5915,6.5915,6.5915,6.5915,6.8369,6.8369,6.8369,6.8369,6.8369,6.8369,6.8369,6.8369,6.8369,5.7156,5.7156,5.7156,5.7156,5.7156,5.7156,5.7156,5.7156,5.7156,5.7156,3.8423,3.8423,3.8423,3.8423,3.8423,3.8423,3.8423,3.8423,3.8423,3.3618,3.3618,3.3618,3.3618,3.3618,3.3618,3.3618,3.3618,3.3618,3.3618,2.7599,2.7599,2.7599
12.0099,12.0099,12.0099,12.0099,11.0143,11.0143,11.0143,11.0143,11.0143,11.0143,11.0143,11.0143,11.0143,11.0143,10.0268,10.0268,10.0268,10.0268,10.0268,10.0268,10.0268,10.0268,10.0268,10.0655,10.0655,10.0655,10.0655,10.0655,10.0655,10.0655,10.0655,10.0655,10.0655,10.3893,10.3893,10.3893,10.3893,10.3893,10.3893,10.3893,10.3893,10.3893,11.1405,11.1405,11.1405,11.1405,11.1405,11.1405,11.1405,11.1405,11.1405,11.1405,11.5359,11.5359,11.5359,11.5359,11.5359,11.5359,11.5359,11.5359,11.5359,10.3125,10.3125,10.3125,10.3125,10.3125,10.3125,10.3125,10.3125,10.3125,10.3125,9.831,9.831,9.831,9.831,9.831,9.831,9.831,9.831,9.831,9.3204,9.3204,9.3204,9.3204,9.3204,9.3204,9.3204,9.3204,9.3204,9.3204,8.4573,8.4573,8.4573,8.4573,8.4573,8.4573,8.4573,8.4573,8.4573,6.9859,6.9859,6.9859,6.9859,6.9859,6.9859,6.9859,6.9859,6.9859,6.9859,6.3846,6.3846,6.3846,6.3846,6.3846,6.3846,6.3846,6.3846,6.3846,6.5915,6.5915,6.5915,6.5915,6.5915,6.5915,6.5915,6.5915,6.5915,6.5915,6.8369,6.8369,6.8369,6.8369,6.8369,6.8369,6.8369,6.8369,6.8369,5.7156,5.7156,5.7156,5.7156,5.7156,5.7156,5.7156,5.7156,5.7156,5.7156,3.8423,3.8423,3.8423,3.8423,3.8423,3.8423,3.8423,3.8423,3.8423,3.3618,3.3618,3.3618,3.3618,3.3618,3.3618,3.3618,3.3618,3.3618,3.3618,2.7599,2.7599,2.7599
12.0099,12.0099,12.0099,12.0099,11.0143,11.0143,11.0143,11.0143,11.0143,11.0143,11.0143,11.0143,11.0143,11.0143,10.0268,10.0268,10.0268,10.0268,10.0268,10.0268,10.0268,10.0268,10.0268,10.0655,10.0655,10.0655,10.0655,10.0655,10.0655,10.0655,10.0655,10.0655,10.0655,10.3893,10.3893,10.3893,10.3893,10.3893,10.3893,10.3893,10.3893,10.3893,11.1405,11.1405,11.1405,11.1405,11.1405,11.1405,11.1405,11.1405,11.1405,11.1405,11.5359,11.5359,11.5359,11.5359,11.5359,11.5359,11.5359,11.5359,11.5359,10.3125,10.3125,10.3125,10.3125,10.3125,10.3125,10.3125,10.3125,10.3125,10.3125,9.831,9.831,9.831,9.831,9.831,9.831,9.831,9.831,9.831,9.3204,9.3204,9.3204,9.3204,9.3204,9.3204,9.3204,9.3204,9.3204,9.3204,8.4573,8.4573,8.4573,8.4573,8.4573,8.4573,8.4573,8.4573,8.4573,6.9859,6.9859,6.9859,6.9859,6.9859,6.9859,6.9859,6.9859,6.9859,6.9859,6.3846,6.3846,6.3846,6.3846,6.3846,6.3846,6.3846,6.3846,6.3846,6.5915,6.5915,6.5915,6.5915,6.5915,6.5915,6.5915,6.5915,6.5915,6.5915,6.8369,6.8369,6.8369,6.8369,6.8369,6.8369,6.8369,6.8369,6.8369,5.7156,5.7156,5.7156,5.7156,5.7156,5.7156,5.7156,5.7156,5.7156,5.7156,3.8423,3.8423,3.8423,3.8423,3.8423,3.8423,3.8423,3.8423,3.8423,3.3618,3.3618,3.3618,3.3618,3.3618,3.3618,3.3618,3.3618,3.3618,3.3618,2.7599,2.7599,2.7599
12.0099,12.0099,12.0099,12.0099,11.0143,11.0143,11.0143,11.0143,11.0143,11.0143,11.0143,11.0143,11.0143,10.0268,10.0268,10.0268,10.0268,10.0268,10.0268,10.0268,10.0268,10.0268,10.0268,10.0655,10.0655,10.0655,10.0655,10.0655,10.0655,10.0655,10.0655,10.0655,10.0655,10.3893,10.3893,10.3893,10.3893,10.3893,10.3893,10.3893,10.3893,10.3893,11.1405,11.1405,11.1405,11.1405,11.1405,11.1405,11.1405,11.1405,11.1405,11.1405,11.5359,11.5359,11.5359,11.5359,11.5359,11.5359,11.5359,11.5359,11.5359,10.3125,10.3125,10.3125,10.3125,10.3125,10.3125,10.3125,10.3125,10.3125,10.3125,9.831,9.831,9.831,9.831,9.831,9.831,9.831,9.831,9.831,9.3204,9.3204,9.3204,9.3204,9.3204,9.3204,9.3204,9.3204,9.3204,9.3204,8.4573,8.4573,8.4573,8.4573,8.4573,8.4573,8.4573,8.4573,8.4573,6.9859,6.9859,6.9859,6.9859,6.9859,6.9859,6.9859,6.9859,6.9859,6.9859,6.3846,6.3846,6.3846,6.3846,6.3846,6.3846,6.3846,6.3846,6.3846,6.5915,6.5915,6.5915,6.5915,6.5915,6.5915,6.5915,6.5915,6.5915,6.5915,6.8369,6.8369,6.8369,6.8369,6.8369,6.8369,6.8369,6.8369,6.8369,5.7156,5.7156,5.7156,5.7156,5.7156,5.7156,5.7156,5.7156,5.7156,5.7156,3.8423,3.8423,3.8423,3.8423,3.8423,3.8423,3.8423,3.8423,3.8423,3.3618,3.3618,3.3618,3.3618,3.3618,3.3618,3.3618,3.3618,3.3618,3.3618,2.7599,2.7599,2.7599
12.0099,12.0099,12.0099,12.0099,11.0143,11.0143,11.0143,11.0143,11.0143,11.0143,11.0143,11.0143,11.0143,10.0268,10.0268,10.0268,10.0268,10.0268,10.0268,10.0268,10.0268,10.0268,10.0268,10.0655,10.0655,10.0655,10.0655,10.0655,10.0655,10.0655,10.0655,10.0655,10.0655,10.3893,10.3893,10.3893,10.3893,10.3893,10.3893,10.3893,10.3893,10.3893,11.1405,11.1405,11.1405,11.1405,11.1405,11.1405,11.1405,11.1405,11.1405,11.1405,11.5359,11.5359,11.5359,11.5359,11.5359,11.5359,11.5359,11.5359,11.5359,10.3125,10.3125,10.3125,10.3125,10.3125,10.3125,10.3125,10.3125,10.3125,10.3125,9.831,9.831,9.831,9.831,9.831,9.831,9.831,9.831,9.831,9.3204,9.3204,9.3204,9.3204,9.3204,9.3204,9.3204,9.3204,9.3204,9.3204,8.4573,8.4573,8.4573,8.4573,8.4573,8.4573,8.4573,8.4573,8.4573,6.9859,6.9859,6.9859,6.9859,6.9859,6.9859,6.9859,6.9859,6.9859,6.9859,6.3846,6.3846,6.3846,6.3846,6.3846,6.3846,6.3846,6.3846,6.3846,6.5915,6.5915,6.5915,6.5915,6.5915,6.5915,6.5915,6.5915,6.5915,6.5915,6.8369,6.8369,6.8369,6.8369,6.8369,6.8369,6.8369,6.8369,6.8369,5.7156,5.7156,5.7156,5.7156,5.7156,5.7156,5.7156,5.7156,5.7156,5.7156,3.8423,3.8423,3.8423,3.8423,3.8423,3.8423,3.8423,3.8423,3.8423,1.6084,1.6084,1.6084,1.6084,1.6084,1.6084,1.6084,1.6084,1.6084,1.6084,1.1686,1.1686,1.1686
12.0099,12.0099,12.0099,12.0099,11.0143,11.0143,11.0143,11.0143,11.0143,11.0143,11.0143,11.0143,11.0143,10.0268,10.0268,10.0268,10.0268,10.0268,10.0268,10.0268,10.0268,10.0268,10.0268,10.0655,10.0655,10.0655,10.0655,10.0655,10.0655,10.0655,10.0655,10.0655,10.0655,10.3893,10.3893,10.3893,10.3893,10.3893,10.3893,10.3893,10.3893,10.3893,11.1405,11.1405,11.1405,11.1405,11.1405,11.1405,11.1405,11.1405,11.1405,11.1405,11.5359,11.5359,11.5359,11.5359,11.5359,11.5359,11.5359,11.5359,11.5359,10.3125,10.3125,10.3125,10.3125,10.3125,10.3125,10.3125,10.3125,10.3125,10.3125,9.831,9.831,9.831,9.831,9.831,9.831,9.831,9.831,9.831,9.3204,9.3204,9.3204,9.3204,9.3204,9.3204,9.3204,9.3204,9.3204,9.3204,8.4573,8.4573,8.4573,8.4573,8.4573,8.4573,8.4573,8.4573,8.4573,6.9859,6.9859,6.9859,6.9859,6.9859,6.9859,6.9859,6.9859,6.9859,6.9859,6.3846,6.3846,6.3846,6.3846,6.3846,6.3846,6.3846,6.3846,6.3846,6.5915,6.5915,4.5198,4.5198,4.5198,4.5198,4.5198,4.5198,4.5198,4.5198,4.3122,4.3122,4.3122,4.3122,4.3122,4.3122,4.3122,4.3122,4.3122,3.1842,3.1842,3.1842,3.1842,3.1842,3.1842,3.1842,3.1842,3.1842,3.1842,1.8823,1.8823,1.8823,1.8823,1.8823,1.8823,1.8823,1.8823,1.8823,1.6084,1.6084,1.6084,1.6084,1.6084,1.6084,1.6084,1.6084,1.6084,1.6084,1.1686,1.1686,1.1686
10.3745,10.3745,10.3745,10.3745,10.2867,10.2867,10.2867,10.2867,10.2867,10.2867,10.2867,10.2867,10.2867,10.3006,10.3006,10.3006,10.3006,10.3006,10.3006,10.3006,10.3006,10.3006,10.3006,11.0186,11.0186,11.0186,11.0186,11.0186,11.0186,11.0186,11.0186,11.0186,11.0186,10.6346,10.6346,10.6346,10.6346,10.6346,10.6346,10.6346,10.6346,10.6346,9.9317,9.9317,9.9317,9.9317,9.9317,9.9317,9.9317,9.9317,9.9317,9.9317,9.1564,9.1564,9.1564,9.1564,9.1564,9.1564,9.1564,9.1564,9.1564,7.4198,7.4198,7.4198,7.4198,7.4198,7.4198,7.4198,7.4198,7.4198,7.4198,5.5095,5.5095,5.5095,5.5095,5.5095,5.5095,5.5095,5.5095,5.5095,4.2737,4.2737,4.2737,4.2737,4.2737,4.2737,4.2737,4.2737,4.2737,4.2737,3.6694,3.6694,3.6694,3.6694,3.6694,3.6694,3.6694,3.6694,3.6694,3.0801,3.0801,3.0801,3.0801,3.0801,3.0801,3.0801,3.0801,3.0801,3.0801,3.8992,3.8992,3.8992,3.8992,3.8992,3.8992,3.8992,3.8992,3.8992,4.5198,4.5198,4.5198,4.5198,4.5198,4.5198,4.5198,4.5198,4.5198,4.5198,4.3122,4.3122,4.3122,4.3122,4.3122,4.3122,4.3122,4.3122,4.3122,3.1842,3.1842,3.1842,3.1842,3.1842,3.1842,3.1842,3.1842,3.1842,3.1842,1.8823,1.8823,1.8823,1.8823,1.8823,1.8823,1.8823,1.8823,1.8823,1.6084,1.6084,1.6084,1.6084,1.6084,1.6084,1.6084,1.6084,1.6084,1.6084,1.1686,1.1686,1.1686
10.3745,10.3745,10.3745,10.3745,10.2867,10.2867,10.2867,10.2867,10.2867,10.2867,10.2867,10.2867,10.2867,10.3006,10.3006,10.3006,10.3006,10.3006,10.3006,10.3006,10.3006,10.3006,10.3006,11.0186,11.0186,11.0186,11.0186,11.0186,11.0186,11.0186,11.0186,11.0186,11.0186,10.6346,10.6346,10.6346,10.6346,10.6346,10.6346,10.6346,10.6346,10.6346,9.9317,9.9317,9.9317,9.9317,9.9317,9.9317,9.9317,9.9317,9.9317,9.9317,9.1564,9.1564,9.1564,9.1564,9.1564,9.1564,9.1564,9.1564,9.1564,7.4198,7.4198,7.4198,7.4198,7.4198,7.4198,7.4198,7.4198,7.4198,7.4198,5.5095,5.5095,5.5095,5.5095,5.5095,5.5095,5.5095,5.5095,5.5095,4.2737,4.2737,4.2737,4.2737,4.2737,4.2737,4.2737,4.2737,4.2737,4.2737,3.6694,3.6694,3.6694,3.6694,3.6694,3.6694,3.6694,3.6694,3.6694,3.0801,3.0801,3.0801,3.0801,3.0801,3.0801,3.0801,3.0801,3.0801,3.0801,3.8992,3.8992,3.8992,3.8992,3.8992,3.8992,3.8992,3.8992,3.8992,4.5198,4.5198,4.5198,4.5198,4.5198,4.5198,4.5198,4.5198,4.5198,4.5198,4.3122,4.3122,4.3122,4.3122,4.3122,4.3122,4.3122,4.3122,4.3122,3.1842,3.1842,3.1842,3.1842,3.1842,3.1842,3.1842,3.1842,3.1842,3.1842,1.8823,1.8823,1.8823,1.8823,1.8823,1.8823,1.8823,1.8823,1.8823,1.6084,1.6084,1.6084,1.6084,1.6084,1.6084,1.6084,1.6084,1.6084,1.6084,1.1686,1.1686,1.1686
10.3745,10.3745,10.3745,10.3745,10.2867,10.2867,10.2867,10.2867,10.2867,10.2867,10.2867,10.2867,10.2867,10.3006,10.3006,10.3006,10.3006,10.3006,10.3006,10.3006,10.3006,10.3006,10.3006,11.0186,11.0186,11.0186,11.0186,11.0186,11.0186,11.0186,11.0186,11.0186,10.6346,10.6346,10.6346,10.6346,10.6346,10.6346,10.6346,10.6346,10.6346,10.6346,9.9317,9.9317,9.9317,9.9317,9.9317,9.9317,9.9317,9.9317,9.9317,9.9317,9.1564,9.1564,9.1564,9.1564,9.1564,9.1564,9.1564,9.1564,9.1564,7.4198,7.4198,7.4198,7.4198,7.4198,7.4198,7.4198,7.4198,7.4198,7.4198,5.5095,5.5095,5.5095,5.5095,5.5095,5.5095,5.5095,5.5095,5.5095,4.2737,4.2737,4.2737,4.2737,4.2737,4.2737,4.2737,4.2737,4.2737,4.2737,3.6694,3.6694,3.6694,3.6694,3.6694,3.6694,3.6694,3.6694,3.6694,3.0801,3.0801,3.0801,3.0801,3.0801,3.0801,3.0801,3.0801,3.0801,3.0801,3.8992,3.8992,3.8992,3.8992,3.8992,3.8992,3.8992,3.8992,3.8992,4.5198,4.5198,4.5198,4.5198,4.5198,4.5198,4.5198,4.5198,4.5198,4.5198,4.3122,4.3122,4.3122,4.3122,4.3122,4.3122,4.3122,4.3122,4.3122,3.1842,3.1842,3.1842,3.1842,3.1842,3.1842,3.1842,3.1842,3.1842,3.1842,1.8823,1.8823,1.8823,1.8823,1.8823,1.8823,1.8823,1.8823,1.8823,1.8823,1.6084,1.6084,1.6084,1.6084,1.6084,1.6084,1.6084,1.6084,1.6084,1.1686,1.1686,1.1686
10.3745,10.3745,10.3745,10.3745,10.2867,10.2867,10.2867,10.2867,10.2867,10.2867,10.2867,10.2867,10.2867,10.3006,10.3006,10.3006,10.3006,10.3006,10.3006,10.3006,10.3006,10.3006,10.3006,11.0186,11.0186,11.0186,11.0186,11.0186,11.0186,11.0186,11.0186,11.0186,10.6346,10.6346,10.6346,10.6346,10.6346,10.6346,10.6346,10.6346,10.6346,10.6346,9.9317,9.9317,9.9317,9.9317,9.9317,9.9317,9.9317,9.9317,9.9317,9.9317,9.1564,9.1564,9.1564,9.1564,9.1564,9.1564,9.1564,9.1564,9.1564,7.4198,7.4198,7.4198,7.4198,7.4198,7.4198,7.4198,7.4198,7.4198,7.4198,5.5095,5.5095,5.5095,5.5095,5.5095,5.5095,5.5095,5.5095,5.5095,4.2737,4.2737,4.2737,4.2737,4.2737,4.2737,4.2737,4.2737,4.2737,4.2737,3.6694,3.6694,3.6694,3.6694,3.6694,3.6694,3.6694,3.6694,3.6694,3.0801,3.0801,3.0801,3.0801,3.0801,3.0801,3.0801,3.0801,3.0801,3.0801,3.8992,3.8992,3.8992,3.8992,3.8992,3.8992,3.8992,3.8992,3.8992,4.5198,4.5198,4.5198,4.5198,4.5198,4.5198,4.5198,4.5198,4.5198,4.5198,4.3122,4.3122,4.3122,4.3122,4.3122,4.3122,4.3122,4.3122,4.3122,3.1842,3.1842,3.1842,3.1842,3.1842,3.1842,3.1842,3.1842,3.1842,3.1842,1.8823,1.8823,1.8823,1.8823,1.8823,1.8823,1.8823,1.8823,1.8823,1.8823,1.6084,1.6084,1.6084,1.6084,1.6084,1.6084,1.6084,1.6084,1.6084,1.1686,1.1686,1.1686
10.3745,10.3745,10.3745,10.3745,10.2867,10.2867,10.2867,10.2867,10.2867,10.2867,10.2867,10.2867,10.2867,10.3006,10.3006,10.3006,10.3006,10.3006,10.3006,10.3006,10.3006,10.3006,10.3006,11.0186,11.0186,11.0186,11.0186,11.0186,11.0186,11.0186,11.0186,11.0186,10.6346,10.6346,10.6346,10.6346,10.6346,10.6346,10.6346,10.6346,10.6346,10.6346,9.9317,9.9317,9.9317,9.9317,9.9317,9.9317,9.9317,9.9317,9.9317,9.9317,9.1564,9.1564,9.1564,9.1564,9.1564,9.1564,9.1564,9.1564,9.1564,7.4198,7.4198,7.4198,7.4198,7.4198,7.4198,7.4198,7.4198,7.4198,7.4198,5.5095,5.5095,5.5095,5.5095,5.5095,5.5095,5.5095,5.5095,5.5095,4.2737,4.2737,4.2737,4.2737,4.2737,4.2737,4.2737,4.2737,4.2737,4.2737,3.6694,3.6694,3.6694,3.6694,3.6694,3.6694,3.6694,3.6694,3.6694,3.0801,3.0801,3.0801,3.0801,3.0801,3.0801,3.0801,3.0801,3.0801,3.0801,3.8992,3.8992,3.8992,3.8992,3.8992,3.8992,3.8992,3.8992,3.8992,4.5198,4.5198,4.5198,4.5198,4.5198,4.5198,4.5198,4.5198,4.5198,4.5198,4.3122,4.3122,4.3122,4.3122,4.3122,4.3122,4.3122,4.3122,4.3122,3.1842,3.1842,3.1842,3.1842,3.1842,3.1842,3.1842,3.1842,3.1842,3.1842,1.8823,1.8823,1.8823,1.8823,1.8823,1.8823,1.8823,1.8823,1.8823,1.8823,1.6084,1.6084,1.6084,1.6084,1.6084,1.6084,1.6084,1.6084,1.6084,1.1686,1.1686,1.1686
10.3745,10.3745,10.3745,10.3745,10.2867,10.2867,10.2867,10.2867,10.2867,10.2867,10.2867,10.2867,10.2867,10.3006,10.3006,10.3006,10.3006,10.3006,10.3006,10.3006,10.3006,10.3006,10.3006,11.0186,11.0186,11.0186,11.0186,11.0186,11.0186,11.0186,11.0186,11.0186,10.6346,10.6346,10.6346,10.6346,10.6346,10.6346,10.6346,10.6346,10.6346,10.6346,9.9317,9.9317,9.9317,9.9317,9.9317,9.9317,9.9317,9.9317,9.9317,9.9317,9.1564,9.1564,9.1564,9.1564,9.1564,9.1564,9.1564,9.1564,9.1564,7.4198,7.4198,7.4198,7.4198,7.4198,7.4198,7.4198,7.4198,7.4198,7.4198,5.5095,5.5095,5.5095,5.5095,5.5095,5.5095,5.5095,5.5095,5.5095,4.2737,4.2737,4.2737,4.2737,4.2737,4.2737,4.2737,4.2737,4.2737,4.2737,3.6694,3.6694,3.6694,3.6694,3.6694,3.6694,3.6694,3.6694,3.6694,3.0801,3.0801,3.0801,3.0801,3.0801,3.0801,3.0801,3.0801,3.0801,3.0801,3.8992,3.8992,3.8992,3.8992,3.8992,3.8992,3.8992,3.8992,3.8992,4.5198,4.5198,4.5198,4.5198,4.5198,4.5198,4.5198,4.5198,4.5198,4.5198,4.3122,4.3122,4.3122,4.3122,4.3122,4.3122,4.3122,4.3122,4.3122,4.3122,3.1842,3.1842,3.1842,3.1842,3.1842,3.1842,3.1842,3.1842,3.1842,1.8823,1.8823,1.8823,1.8823,1.8823,1.8823,1.8823,1.8823,1.8823,1.8823,1.6084,1.6084,1.6084,1.6084,1.6084,1.6084,1.6084,1.6084,1.6084,1.1686,1.1686,1.1686
10.3745,10.3745,10.3745,10.3745,10.2867,10.2867,10.2867,10.2867,10.2867,10.2867,10.2867,10.2867,10.2867,10.3006,10.3006,10.3006,10.3006,10.3006,10.3006,10.3006,10.3006,10.3006,10.3006,11.0186,11.0186,11.0186,11.0186,11.0186,11.0186,11.0186,11.0186,11.0186,10.6346,10.6346,10.6346,10.6346,10.6346,10.6346,10.6346,10.6346,10.6346,10.6346,9.9317,9.9317,9.9317,9.9317,9.9317,9.9317,9.9317,9.9317,9.9317,9.9317,9.1564,9.1564,9.1564,9.1564,9.1564,9.1564,9.1564,9.1564,9.1564,7.4198,7.4198,7.4198,7.4198,7.4198,7.4198,7.4198,7.4198,7.4198,7.4198,5.5095,5.5095,5.5095,5.5095,5.5095,5.5095,5.5095,5.5095,5.5095,4.2737,4.2737,4.2737,4.2737,4.2737,4.2737,4.2737,4.2737,4.2737,4.2737,3.6694,3.6694,3.6694,3.6694,3.6694,3.6694,3.6694,3.6694,3.6694,3.0801,3.0801,3.0801,3.0801,3.0801,3.0801,3.0801,3.0801,3.0801,3.0801,3.8992,3.8992,3.8992,3.8992,3.8992,3.8992,3.8992,3.8992,3.8992,4.5198,4.5198,4.5198,4.5198,4.5198,4.5198,4.5198,4.5198,4.5198,4.5198,4.3122,4.3122,4.3122,4.3122,4.3122,4.3122,4.3122,4.3122,4.3122,4.3122,3.1842,3.1842,3.1842,3.1842,3.1842,3.1842,3.1842,3.1842,3.1842,1.8823,1.8823,1.8823,1.8823,1.8823,1.8823,1.8823,1.8823,1.8823,1.8823,1.6084,1.6084,1.6084,1.6084,1.6084,1.6084,1.6084,1.6084,1.6084,1.1686,1.1686,1.1686
10.3745,10.3745,10.3745,10.3745,10.2867,10.2867,10.2867,10.2867,10.2867,10.2867,10.2867,10.2867,10.2867,10.3006,10.3006,10.3006,10.3006,10.3006,10.3006,10.3006,10.3006,10.3006,10.3006,11.0186,11.0186,11.0186,11.0186,11.0186,11.0186,11.0186,11.0186,11.0186,10.6346,10.6346,10.6346,10.6346,10.6346,10.6346,10.6346,10.6346,10.6346,10.6346,9.9317,9.9317,9.9317,9.9317,9.9317,9.9317,9.9317,9.9317,9.9317,9.9317,9.1564,9.1564,9.1564,9.1564,9.1564,9.1564,9.1564,9.1564,9.1564,7.4198,7.4198,7.4198,7.4198,7.4198,7.4198,7.4198,7.4198,7.4198,7.4198,5.5095,5.5095,5.5095,5.5095,5.5095,5.5095,5.5095,5.5095,5.5095,4.2737,4.2737,4.2737,4.2737,4.2737,4.2737,4.2737,4.2737,4.2737,4.2737,3.6694,3.6694,3.6694,3.6694,3.6694,3.6694,3.6694,3.6694,3.6694,3.0801,3.0801,3.0801,3.0801,3.0801,3.0801,3.0801,3.0801,3.0801,3.0801,3.8992,3.8992,3.8992,3.8992,3.8992,3.8992,3.8992,3.8992,3.8992,4.5198,4.5198,4.5198,4.5198,4.5198,4.5198,4.5198,4.5198,4.5198,4.5198,4.3122,4.3122,4.3122,4.3122,4.3122,4.3122,4.3122,4.3122,4.3122,4.3122,3.1842,3.1842,3.1842,3.1842,3.1842,3.1842,3.1842,3.1842,3.1842,1.8823,1.8823,1.8823,1.8823,1.8823,1.8823,1.8823,1.8823,1.8823,1.8823,1.6084,1.6084,1.6084,1.6084,1.6084,1.6084,1.6084,1.6084,1.6084,1.1686,1.1686,1.1686
10.3745,10.3745,10.3745,10.3745,10.2867,10.2867,10.2867,10.2867,10.2867,10.2867,10.2867,10.2867,10.2867,10.3006,10.3006,10.3006,10.3006,10.3006,10.3006,10.3006,10.3006,10.3006,10.3006,11.0186,11.0186,11.0186,11.0186,11.0186,11.0186,11.0186,11.0186,11.0186,10.6346,10.6346,10.6346,10.6346,10.6346,10.6346,10.6346,10.6346,10.6346,10.6346,9.9317,9.9317,9.9317,9.9317,9.9317,9.9317,9.9317,9.9317,9.9317,9.9317,9.1564,9.1564,9.1564,9.1564,9.1564,9.1564,9.1564,9.1564,9.1564,7.4198,7.4198,7.4198,7.4198,7.4198,7.4198,7.4198,7.4198,7.4198,7.4198,5.5095,5.5095,5.5095,5.5095,5.5095,5.5095,5.5095,5.5095,5.5095,4.2737,4.2737,4.2737,4.2737,4.2737,4.2737,4.2737,4.2737,4.2737,4.2737,3.6694,3.6694,3.6694,3.6694,3.6694,3.6694,3.6694,3.6694,3.6694,3.0801,3.0801,3.0801,3.0801,3.0801,3.0801,3.0801,3.0801,3.0801,3.0801,3.8992,3.8992,3.8992,3.8992,3.8992,3.8992,3.8992,3.8992,3.8992,4.5198,4.5198,4.5198,4.5198,4.5198,4.5198,4.5198,4.5198,4.5198,4.5198,4.3122,4.3122,4.3122,4.3122,4.3122,4.3122,4.3122,4.3122,4.3122,4.3122,3.1842,3.1842,3.1842,3.1842,3.1842,3.1842,3.1842,3.1842,3.1842,1.8823,1.8823,1.8823,1.8823,1.8823,1.8823,1.8823,1.8823,1.8823,1.8823,1.6084,1.6084,1.6084,1.6084,1.6084,1.6084,1.6084,1.6084,1.6084,1.1686,1.1686,1.1686
10.3745,10.3745,10.3745,10.3745,10.2867,10.2867,10.2867,10.2867,10.2867,10.2867,10.2867,10.2867,10.2867,10.3006,10.3006,10.3006,10.3006,10.3006,10.3006,10.3006,10.3006,10.3006,10.3006,11.0186,11.0186,11.0186,11.0186,11.0186,11.0186,11.0186,11.0186,11.0186,10.6346,10.6346,10.6346,10.6346,10.6346,10.6346,10.6346,10.6346,10.6346,10.6346,9.9317,9.9317,9.9317,9.9317,9.9317,9.9317,9.9317,9.9317,9.9317,9.9317,9.1564,9.1564,9.1564,9.1564,9.1564,9.1564,9.1564,9.1564,9.1564,7.4198,7.4198,7.4198,7.4198,7.4198,7.4198,7.4198,7.4198,7.4198,7.4198,5.5095,5.5095,5.5095,5.5095,5.5095,5.5095,5.5095,5.5095,5.5095,4.2737,4.2737,4.2737,4.2737,4.2737,4.2737,4.2737,4.2737,4.2737,4.2737,3.6694,3.6694,3.6694,3.6694,3.6694,3.6694,3.6694,3.6694,3.6694,3.0801,3.0801,3.0801,3.0801,3.0801,3.0801,3.0801,3.0801,3.0801,3.0801,3.8992,3.8992,3.8992,3.8992,3.8992,3.8992,3.8992,3.8992,3.8992,4.5198,4.5198,4.5198,4.5198,4.5198,4.5198,4.5198,4.5198,4.5198,4.5198,4.3122,4.3122,4.3122,4.3122,4.3122,4.3122,4.3122,4.3122,4.3122,4.3122,3.1842,3.1842,3.1842,3.1842,3.1842,3.1842,3.1842,3.1842,3.1842,1.8823,1.8823,1.8823,1.8823,1.8823,1.8823,1.8823,1.8823,1.8823,1.8823,1.6084,1.6084,1.6084,1.6084,1.6084,1.6084,1.6084,1.6084,1.6084,1.1686,1.1686,1.1686
10.3745,10.3745,10.3745,10.3745,10.2867,10.2867,10.2867,10.2867,10.2867,10.2867,10.2867,10.2867,10.2867,10.3006,10.3006,10.3006,10.3006,10.3006,10.3006,10.3006,10.3006,10.3006,10.3006,11.0186,11.0186,11.0186,11.0186,11.0186,11.0186,11.0186,11.0186,11.0186,10.6346,10.6346,10.6346,10.6346,10.6346,10.6346,10.6346,10.6346,10.6346,10.6346,9.9317,9.9317,9.9317,9.9317,9.9317,9.9317,9.9317,9.9317,9.9317,9.9317,9.1564,9.1564,9.1564,9.1564,9.1564,9.1564,9.1564,9.1564,9.1564,7.4198,7.4198,7.4198,7.4198,7.4198,7.4198,7.4198,7.4198,7.4198,7.4198,5.5095,5.5095,5.5095,5.5095,5.5095,5.5095,5.5095,5.5095,5.5095,4.2737,4.2737,4.2737,4.2737,4.2737,4.2737,4.2737,4.2737,4.2737,4.2737,3.6694,3.6694,3.6694,3.6694,3.6694,3.6694,3.6694,3.6694,3.6694,3.0801,3.0801,3.0801,3.0801,3.0801,3.0801,3.0801,3.0801,3.0801,3.0801,3.8992,3.8992,3.8992,3.8992,3.8992,3.8992,3.8992,3.8992,3.8992,3.8992,4.5198,4.5198,4.5198,4.5198,4.5198,4.5198,4.5198,4.5198,4.5198,4.3122,4.3122,4.3122,4.3122,4.3122,4.3122,4.3122,4.3122,4.3122,4.3122,3.1842,3.1842,3.1842,3.1842,3.1842,3.1842,3.1842,3.1842,3.1842,1.8823,1.8823,1.8823,1.8823,1.8823,1.8823,1.8823,1.8823,1.8823,1.8823,1.6084,1.6084,1.6084,1.6084,1.6084,1.6084,1.6084,1.6084,1.6084,1.1686,1.1686,1.1686
10.3745,10.3745,10.3745,10.3745,10.2867,10.2867,10.2867,10.2867,10.2867,10.2867,10.2867,10.2867,10.2867,10.3006,10.3006,10.3006,10.3006,10.3006,10.3006,10.3006,10.3006,10.3006,10.3006,11.0186,11.0186,11.0186,11.0186,11.0186,11.0186,11.0186,11.0186,11.0186,10.6346,10.6346,10.6346,10.6346,10.6346,10.6346,10.6346,10.6346,10.6346,10.6346,9.9317,9.9317,9.9317,9.9317,9.9317,9.9317,9.9317,9.9317,9.9317,9.9317,9.1564,9.1564,9.1564,9.1564,9.1564,9.1564,9.1564,9.1564,9.1564,7.4198,7.4198,7.4198,7.4198,7.4198,7.4198,7.4198,7.4198,7.4198,7.4198,5.5095,5.5095,5.5095,5.5095,5.5095,5.5095,5.5095,5.5095,5.5095,4.2737,4.2737,4.2737,4.2737,4.2737,4.2737,4.2737,4.2737,4.2737,4.2737,3.6694,3.6694,3.6694,3.6694,3.6694,3.6694,3.6694,3.6694,3.6694,3.0801,3.0801,3.0801,3.0801,3.0801,3.0801,3.0801,3.0801,3.0801,3.0801,3.8992,3.8992,3.8992,3.8992,3.8992,3.8992,3.8992,3.8992,3.8992,3.8992,4.5198,4.5198,4.5198,4.5198,4.5198,4.5198,4.5198,4.5198,4.5198,4.3122,4.3122,4.3122,4.3122,4.3122,4.3122,4.3122,4.3122,4.3122,4.3122,3.1842,3.1842,3.1842,3.1842,3.1842,3.1842,3.1842,3.1842,3.1842,1.8823,1.8823,1.8823,1.8823,1.8823,1.8823,1.8823,1.8823,1.8823,1.8823,1.6084,1.6084,1.6084,1.6084,1.6084,1.6084,1.6084,1.6084,1.6084,1.1686,1.1686,1.1686
10.3745,10.3745,10.3745,10.3745,10.2867,10.2867,10.2867,10.2867,10.2867,10.2867,10.2867,10.2867,10.2867,10.3006,10.3006,10.3006,10.3006,10.3006,10.3006,10.3006,10.3006,10.3006,10.3006,11.0186,11.0186,11.0186,11.0186,11.0186,11.0186,11.0186,11.0186,11.0186,10.6346,10.6346,10.6346,10.6346,10.6346,10.6346,10.6346,10.6346,10.6346,10.6346,9.9317,9.9317,9.9317,9.9317,9.9317,9.9317,9.9317,9.9317,9.9317,9.9317,9.1564,9.1564,9.1564,9.1564,9.1564,9.1564,9.1564,9.1564,9.1564,7.4198,7.4198,7.4198,7.4198,7.4198,7.4198,7.4198,7.4198,7.4198,7.4198,5.5095,5.5095,5.5095,5.5095,5.5095,5.5095,5.5095,5.5095,5.5095,4.2737,4.2737,4.2737,4.2737,4.2737,4.2737,4.2737,4.2737,4.2737,4.2737,3.6694,3.6694,3.6694,3.6694,3.6694,3.6694,3.6694,3.6694,3.6694,3.0801,3.0801,3.0801,3.0801,3.0801,3.0801,3.0801,3.0801,3.0801,3.0801,3.8992,3.8992,3.8992,3.8992,3.8992,3.8992,3.8992,3.8992,3.8992,3.8992,4.5198,4.5198,4.5198,4.5198,4.5198,4.5198,4.5198,4.5198,4.5198,4.3122,4.3122,4.3122,4.3122,4.3122,4.3122,4.3122,4.3122,4.3122,4.3122,3.1842,3.1842,3.1842,3.1842,3.1842,3.1842,3.1842,3.1842,3.1842,1.8823,1.8823,1.8823,1.8823,1.8823,1.8823,1.3992,1.3992,1.3992,1.3992,1.1344,1.1344,1.1344,1.1344,1.1344,1.1344,1.1344,1.1344,1.1344,0.7056,0.7056,0.7056
10.3745,10.3745,10.3745,10.3745,10.2867,10.2867,10.2867,10.2867,10.2867,10.2867,10.2867,10.2867,10.2867,10.3006,10.3006,10.3006,10.3006,10.3006,10.3006,10.3006,10.3006,10.3006,10.3006,11.0186,11.0186,11.0186,11.0186,11.0186,11.0186,11.0186,11.0186,11.0186,10.6346,10.6346,10.6346,10.6346,10.6346,10.6346,10.6346,10.6346,10.6346,10.6346,9.9317,9.9317,9.9317,9.9317,9.9317,9.9317,9.9317,9.9317,9.9317,9.9317,9.1564,9.1564,9.1564,9.1564,9.1564,9.1564,9.1564,9.1564,9.1564,7.4198,7.4198,7.4198,7.4198,7.4198,7.4198,7.4198,7.4198,7.4198,7.4198,5.5095,5.5095,5.5095,5.5095,5.5095,5.5095,5.5095,5.5095,5.5095,4.2737,4.2737,4.2737,4.2737,4.2737,4.2737,4.2737,4.2737,4.2737,4.2737,3.6694,3.6694,3.6694,3.6694,3.6694,3.6694,3.6694,3.6694,3.6694,3.0801,3.0801,3.0801,3.0801,3.0801,3.0801,3.0801,3.0801,3.0801,3.0801,3.8992,3.8992,3.8992,3.8992,3.8992,3.8992,3.3306,3.3306,3.3306,3.3306,3.3074,3.3074,3.3074,3.3074,3.3074,3.3074,3.3074,3.3074,3.3074,2.5974,2.5974,2.5974,2.5974,2.5974,2.5974,2.5974,2.5974,2.5974,2.5974,1.3171,1.3171,1.3171,1.3171,1.3171,1.3171,1.3171,1.3171,1.3171,1.3992,1.3992,1.3992,1.3992,1.3992,1.3992,1.3992,1.3992,1.3992,1.3992,1.1344,1.1344,1.1344,1.1344,1.1344,1.1344,1.1344,1.1344,1.1344,0.7056,0.7056,0.7056
9.9238,9.9238,9.9238,9.9238,10.2902,10.2902,10.2902,10.2902,10.2902,10.2902,10.2902,10.2902,10.2902,10.3319,10.3319,10.3319,10.3319,10.3319,10.3319,10.3319,10.3319,10.3319,10.3319,10.3501,10.3501,10.3501,10.3501,10.3501,10.3501,10.3501,10.3501,10.3501,9.0001,9.0001,9.0001,9.0001,9.0001,9.0001,9.0001,9.0001,9.0001,9.0001,7.3962,7.3962,7.3962,7.3962,7.3962,7.3962,7.3962,7.3962,7.3962,7.3962,5.4571,5.4571,5.4571,5.4571,5.4571,5.4571,5.4571,5.4571,5.4571,2.748,2.748,2.748,2.748,2.748,2.748,2.748,2.748,2.748,2.748,1.2014,1.2014,1.2014,1.2014,1.2014,1.2014,1.2014,1.2014,1.2014,0.3058,0.3058,0.3058,0.3058,0.3058,0.3058,0.3058,0.3058,0.3058,0.3058,1.2653,1.2653,1.2653,1.2653,1.2653,1.2653,1.2653,1.2653,1.2653,2.2974,2.2974,2.2974,2.2974,2.2974,2.2974,2.2974,2.2974,2.2974,2.2974,3.3306,3.3306,3.3306,3.3306,3.3306,3.3306,3.3306,3.3306,3.3306,3.3306,3.3074,3.3074,3.3074,3.3074,3.3074,3.3074,3.3074,3.3074,3.3074,2.5974,2.5974,2.5974,2.5974,2.5974,2.5974,2.5974,2.5974,2.5974,2.5974,1.3171,1.3171,1.3171,1.3171,1.3171,1.3171,1.3171,1.3171,1.3171,1.3992,1.3992,1.3992,1.3992,1.3992,1.3992,1.3992,1.3992,1.3992,1.3992,1.1344,1.1344,1.1344,1.1344,1.1344,1.1344,1.1344,1.1344,1.1344,1.1344,0.7056,0.7056
9.9238,9.9238,9.9238,9.9238,10.2902,10.2902,10.2902,10.2902,10.2902,10.2902,10.2902,10.2902,10.2902,10.3319,10.3319,10.3319,10.3319,10.3319,10.3319,10.3319,10.3319,10.3319,10.3319,10.3501,10.3501,10.3501,10.3501,10.3501,10.3501,10.3501,10.3501,10.3501,9.0001,9.0001,9.0001,9.0001,9.0001,9.0001,9.0001,9.0001,9.0001,9.0001,7.3962,7.3962,7.3962,7.3962,7.3962,7.3962,7.3962,7.3962,7.3962,7.3962,5.4571,5.4571,5.4571,5.4571,5.4571,5.4571,5.4571,5.4571,5.4571,2.748,2.748,2.748,2.748,2.748,2.748,2.748,2.748,2.748,2.748,1.2014,1.2014,1.2014,1.2014,1.2014,1.2014,1.2014,1.2014,1.2014,0.3058,0.3058,0.3058,0.3058,0.3058,0.3058,0.3058,0.3058,0.3058,0.3058,1.2653,1.2653,1.2653,1.2653,1.2653,1.2653,1.2653,1.2653,1.2653,2.2974,2.2974,2.2974,2.2974,2.2974,2.2974,2.2974,2.2974,2.2974,2.2974,3.3306,3.3306,3.3306,3.3306,3.3306,3.3306,3.3306,3.3306,3.3306,3.3306,3.3074,3.3074,3.3074,3.3074,3.3074,3.3074,3.3074,3.3074,3.3074,2.5974,2.5974,2.5974,2.5974,2.5974,2.5974,2.5974,2.5974,2.5974,2.5974,1.3171,1.3171,1.3171,1.3171,1.3171,1.3171,1.3171,1.3171,1.3171,1.3992,1.3992,1.3992,1.3992,1.3992,1.3992,1.3992,1.3992,1.3992,1.3992,1.1344,1.1344,1.1344,1.1344,1.1344,1.1344,1.1344,1.1344,1.1344,1.1344,0.7056,0.7056
9.9238,9.9238,9.9238,9.9238,10.2902,10.2902,10.2902,10.2902,10.2902,10.2902,10.2902,10.2902,10.2902,10.3319,10.3319,10.3319,10.3319,10.3319,10.3319,10.3319,10.3319,10.3319,10.3319,10.3501,10.3501,10.3501,10.3501,10.3501,10.3501,10.3501,10.3501,10.3501,9.0001,9.0001,9.0001,9.0001,9.0001,9.0001,9.0001,9.0001,9.0001,9.0001,7.3962,7.3962,7.3962,7.3962,7.3962,7.3962,7.3962,7.3962,7.3962,7.3962,5.4571,5.4571,5.4571,5.4571,5.4571,5.4571,5.4571,5.4571,5.4571,2.748,2.748,2.748,2.748,2.748,2.748,2.748,2.748,2.748,2.748,1.2014,1.2014,1.2014,1.2014,1.2014,1.2014,1.2014,1.2014,1.2014,0.3058,0.3058,0.3058,0.3058,0.3058,0.3058,0.3058,0.3058,0.3058,0.3058,1.2653,1.2653,1.2653,1.2653,1.2653,1.2653,1.2653,1.2653,1.2653,2.2974,2.2974,2.2974,2.2974,2.2974,2.2974,2.2974,2.2974,2.2974,2.2974,3.3306,3.3306,3.3306,3.3306,3.3306,3.3306,3.3306,3.3306,3.3306,3.3306,3.3074,3.3074,3.3074,3.3074,3.3074,3.3074,3.3074,3.3074,3.3074,2.5974,2.5974,2.5974,2.5974,2.5974,2.5974,2.5974,2.5974,2.5974,2.5974,1.3171,1.3171,1.3171,1.3171,1.3171,1.3171,1.3171,1.3171,1.3171,1.3992,1.3992,1.3992,1.3992,1.3992,1.3992,1.3992,1.3992,1.3992,1.3992,1.1344,1.1344,1.1344,1.1344,1.1344,1.1344,1.1344,1.1344,1.1344,1.1344,0.7056,0.7056
9.9238,9.9238,9.9238,9.9238,10.2902,10.2902,10.2902,10.2902,10.2902,10.2902,10.2902,10.2902,10.2902,10.3319,10.3319,10.3319,10.3319,10.3319,10.3319,10.3319,10.3319,10.3319,10.3319,10.3501,10.3501,10.3501,10.3501,10.3501,10.3501,10.3501,10.3501,10.3501,9.0001,9.0001,9.0001,9.0001,9.0001,9.0001,9.0001,9.0001,9.0001,9.0001,7.3962,7.3962,7.3962,7.3962,7.3962,7.3962,7.3962,7.3962,7.3962,7.3962,5.4571,5.4571,5.4571,5.4571,5.4571,5.4571,5.4571,5.4571,5.4571,2.748,2.748,2.748,2.748,2.748,2.748,2.748,2.748,2.748,2.748,1.2014,1.2014,1.2014,1.2014,1.2014,1.2014,1.2014,1.2014,1.2014,0.3058,0.3058,0.3058,0.3058,0.3058,0.3058,0.3058,0.3058,0.3058,0.3058,1.2653,1.2653,1.2653,1.2653,1.2653,1.2653,1.2653,1.2653,1.2653,2.2974,2.2974,2.2974,2.2974,2.2974,2.2974,2.2974,2.2974,2.2974,2.2974,3.3306,3.3306,3.3306,3.3306,3.3306,3.3306,3.3306,3.3306,3.3306,3.3306,3.3074,3.3074,3.3074,3.3074,3.3074,3.3074,3.3074,3.3074,3.3074,2.5974,2.5974,2.5974,2.5974,2.5974,2.5974,2.5974,2.5974,2.5974,2.5974,1.3171,1.3171,1.3171,1.3171,1.3171,1.3171,1.3171,1.3171,1.3171,1.3992,1.3992,1.3992,1.3992,1.3992,1.3992,1.3992,1.3992,1.3992,1.3992,1.1344,1.1344,1.1344,1.1344,1.1344,1.1344,1.1344,1.1344,1.1344,1.1344,0.7056,0.7056
9.9238,9.9238,9.9238,9.9238,10.2902,10.2902,10.2902,10.2902,10.2902,10.2902,10.2902,10.2902,10.2902,10.3319,10.3319,10.3319,10.3319,10.3319,10.3319,10.3319,10.3319,10.3319,10.3319,10.3501,10.3501,10.3501,10.3501,10.3501,10.3501,10.3501,10.3501,10.3501,9.0001,9.0001,9.0001,9.0001,9.0001,9.0001,9.0001,9.0001,9.0001,9.0001,7.3962,7.3962,7.3962,7.3962,7.3962,7.3962,7.3962,7.3962,7.3962,7.3962,5.4571,5.4571,5.4571,5.4571,5.4571,5.4571,5.4571,5.4571,5.4571,2.748,2.748,2.748,2.748,2.748,2.748,2.748,2.748,2.748,2.748,1.2014,1.2014,1.2014,1.2014,1.2014,1.2014,1.2014,1.2014,1.2014,0.3058,0.3058,0.3058,0.3058,0.3058,0.3058,0.3058,0.3058,0.3058,0.3058,1.2653,1.2653,1.2653,1.2653,1.2653,1.2653,1.2653,1.2653,1.2653,1.2653,2.2974,2.2974,2.2974,2.2974,2.2974,2.2974,2.2974,2.2974,2.2974,3.3306,3.3306,3.3306,3.3306,3.3306,3.3306,3.3306,3.3306,3.3306,3.3306,3.3074,3.3074,3.3074,3.3074,3.3074,3.3074,3.3074,3.3074,3.3074,2.5974,2.5974,2.5974,2.5974,2.5974,2.5974,2.5974,2.5974,2.5974,2.5974,1.3171,1.3171,1.3171,1.3171,1.3171,1.3171,1.3171,1.3171,1.3171,1.3992,1.3992,1.3992,1.3992,1.3992,1.3992,1.3992,1.3992,1.3992,1.3992,1.1344,1.1344,1.1344,1.1344,1.1344,1.1344,1.1344,1.1344,1.1344,1.1344,0.7056,0.7056
9.9238,9.9238,9.9238,9.9238,10.2902,10.2902,10.2902,10.2902,10.2902,10.2902,10.2902,10.2902,10.2902,10.3319,10.3319,10.3319,10.3319,10.3319,10.3319,10.3319,10.3319,10.3319,10.3319,10.3501,10.3501,10.3501,10.3501,10.3501,10.3501,10.3501,10.3501,10.3501,9.0001,9.0001,9.0001,9.0001,9.0001,9.0001,9.0001,9.0001,9.0001,9.0001,7.3962,7.3962,7.3962,7.3962,7.3962,7.3962,7.3962,7.3962,7.3962,7.3962,5.4571,5.4571,5.4571,5.4571,5.4571,5.4571,5.4571,5.4571,5.4571,2.748,2.748,2.748,2.748,2.748,2.748,2.748,2.748,2.748,2.748,1.2014,1.2014,1.2014,1.2014,1.2014,1.2014,1.2014,1.2014,1.2014,0.3058,0.3058,0.3058,0.3058,0.3058,0.3058,0.3058,0.3058,0.3058,0.3058,1.2653,1.2653,1.2653,1.2653,1.2653,1.2653,1.2653,1.2653,1.2653,1.2653,2.2974,2.2974,2.2974,2.2974,2.2974,2.2974,2.2974,2.2974,2.2974,3.3306,3.3306,3.3306,3.3306,3.3306,3.3306,3.3306,3.3306,3.3306,3.3306,3.3074,3.3074,3.3074,3.3074,3.3074,3.3074,3.3074,3.3074,3.3074,2.5974,2.5974,2.5974,2.5974,2.5974,2.5974,2.5974,2.5974,2.5974,2.5974,1.3171,1.3171,1.3171,1.3171,1.3171,1.3171,1.3171,1.3171,1.3171,1.3992,1.3992,1.3992,1.3992,1.3992,1.3992,1.3992,1.3992,1.3992,1.3992,1.1344,1.1344,1.1344,1.1344,1.1344,1.1344,1.1344,1.1344,1.1344,1.1344,0.7056,0.7056
9.9238,9.9238,9.9238,9.9238,10.2902,10.2902,10.2902,10.2902,10.2902,10.2902,10.2902,10.2902,10.2902,10.3319,10.3319,10.3319,10.3319,10.3319,10.3319,10.3319,10.3319,10.3319,10.3319,10.3501,10.3501,10.3501,10.3501,10.3501,10.3501,10.3501,10.3501,10.3501,9.0001,9.0001,9.0001,9.0001,9.0001,9.0001,9.0001,9.0001,9.0001,9.0001,7.3962,7.3962,7.3962,7.3962,7.3962,7.3962,7.3962,7.3962,7.3962,7.3962,5.4571,5.4571,5.4571,5.4571,5.4571,5.4571,5.4571,5.4571,5.4571,2.748,2.748,2.748,2.748,2.748,2.748,2.748,2.748,2.748,2.748,1.2014,1.2014,1.2014,1.2014,1.2014,1.2014,1.2014,1.2014,1.2014,0.3058,0.3058,0.3058,0.3058,0.3058,0.3058,0.3058,0.3058,0.3058,0.3058,1.2653,1.2653,1.2653,1.2653,1.2653,1.2653,1.2653,1.2653,1.2653,1.2653,2.2974,2.2974,2.2974,2.2974,2.2974,2.2974,2.2974,2.2974,2.2974,3.3306,3.3306,3.3306,3.3306,3.3306,3.3306,3.3306,3.3306,3.3306,3.3306,3.3074,3.3074,3.3074,3.3074,3.3074,3.3074,3.3074,3.3074,3.3074,2.5974,2.5974,2.5974,2.5974,2.5974,2.5974,2.5974,2.5974,2.5974,2.5974,1.3171,1.3171,1.3171,1.3171,1.3171,1.3171,1.3171,1.3171,1.3171,1.3171,1.3992,1.3992,1.3992,1.3992,1.3992,1.3992,1.3992,1.3992,1.3992,1.1344,1.1344,1.1344,1.1344,1.1344,1.1344,1.1344,1.1344,1.1344,1.1344,0.7056,0.7056
9.9238,9.9238,9.9238,9.9238,10.2902,10.2902,10.2902,10.2902,10.2902,10.2902,10.2902,10.2902,10.2902,10.3319,10.3319,10.3319,10.3319,10.3319,10.3319,10.3319,10.3319,10.3319,10.3319,10.3501,10.3501,10.3501,10.3501,10.3501,10.3501,10.3501,10.3501,10.3501,9.0001,9.0001,9.0001,9.0001,9.0001,9.0001,9.0001,9.0001,9.0001,9.0001,7.3962,7.3962,7.3962,7.3962,7.3962,7.3962,7.3962,7.3962,7.3962,7.3962,5.4571,5.4571,5.4571,5.4571,5.4571,5.4571,5.4571,5.4571,5.4571,2.748,2.748,2.748,2.748,2.748,2.748,2.748,2.748,2.748,2.748,1.2014,1.2014,1.2014,1.2014,1.2014,1.2014,1.2014,1.2014,1.2014,0.3058,0.3058,0.3058,0.3058,0.3058,0.3058,0.3058,0.3058,0.3058,0.3058,1.2653,1.2653,1.2653,1.2653,1.2653,1.2653,1.2653,1.2653,1.2653,1.2653,2.2974,2.2974,2.2974,2.2974,2.2974,2.2974,2.2974,2.2974,2.2974,3.3306,3.3306,3.3306,3.3306,3.3306,3.3306,3.3306,3.3306,3.3306,3.3306,3.3074,3.3074,3.3074,3.3074,3.3074,3.3074,3.3074,3.3074,3.3074,2.5974,2.5974,2.5974,2.5974,2.5974,2.5974,2.5974,2.5974,2.5974,2.5974,1.3171,1.3171,1.3171,1.3171,1.3171,1.3171,1.3171,1.3171,1.3171,1.3171,1.3992,1.3992,1.3992,1.3992,1.3992,1.3992,1.3992,1.3992,1.3992,1.1344,1.1344,1.1344,1.1344,1.1344,1.1344,1.1344,1.1344,1.1344,1.1344,0.7056,0.7056
9.9238,9.9238,9.9238,9.9238,10.2902,10.2902,10.2902,10.2902,10.2902,10.2902,10.2902,10.2902,10.2902,10.3319,10.3319,10.3319,10.3319,10.3319,10.3319,10.3319,10.3319,10.3319,10.3319,10.3501,10.3501,10.3501,10.3501,10.3501,10.3501,10.3501,10.3501,10.3501,9.0001,9.0001,9.0001,9.0001,9.0001,9.0001,9.0001,9.0001,9.0001,9.0001,7.3962,7.3962,7.3962,7.3962,7.3962,7.3962,7.3962,7.3962,7.3962,7.3962,5.4571,5.4571,5.4571,5.4571,5.4571,5.4571,5.4571,5.4571,5.4571,2.748,2.748,2.748,2.748,2.748,2.748,2.748,2.748,2.748,2.748,1.2014,1.2014,1.2014,1.2014,1.2014,1.2014,1.2014,1.2014,1.2014,0.3058,0.3058,0.3058,0.3058,0.3058,0.3058,0.3058,0.3058,0.3058,0.3058,1.2653,1.2653,1.2653,1.2653,1.2653,1.2653,1.2653,1.2653,1.2653,1.2653,2.2974,2.2974,2.2974,2.2974,2.2974,2.2974,2.2974,2.2974,2.2974,3.3306,3.3306,3.3306,3.3306,3.3306,3.3306,3.3306,3.3306,3.3306,3.3306,3.3074,3.3074,3.3074,3.3074,3.3074,3.3074,3.3074,3.3074,3.3074,2.5974,2.5974,2.5974,2.5974,2.5974,2.5974,2.5974,2.5974,2.5974,2.5974,1.3171,1.3171,1.3171,1.3171,1.3171,1.3171,1.3171,1.3171,1.3171,1.3171,1.3992,1.3992,1.3992,1.3992,1.3992,1.3992,1.3992,1.3992,1.3992,1.1344,1.1344,1.1344,1.1344,1.1344,1.1344,1.1344,1.1344,1.1344,1.1344,0.7056,0.7056
9.9238,9.9238,9.9238,9.9238,10.2902,10.2902,10.2902,10.2902,10.2902,10.2902,10.2902,10.2902,10.2902,10.3319,10.3319,10.3319,10.3319,10.3319,10.3319,10.3319,10.3319,10.3319,10.3319,10.3501,10.3501,10.3501,10.3501,10.3501,10.3501,10.3501,10.3501,10.3501,9.0001,9.0001,9.0001,9.0001,9.0001,9.0001,9.0001,9.0001,9.0001,9.0001,7.3962,7.3962,7.3962,7.3962,7.3962,7.3962,7.3962,7.3962,7.3962,7.3962,5.4571,5.4571,5.4571,5.4571,5.4571,5.4571,5.4571,5.4571,5.4571,2.748,2.748,2.748,2.748,2.748,2.748,2.748,2.748,2.748,2.748,1.2014,1.2014,1.2014,1.2014,1.2014,1.2014,1.2014,1.2014,1.2014,0.3058,0.3058,0.3058,0.3058,0.3058,0.3058,0.3058,0.3058,0.3058,0.3058,1.2653,1.2653,1.2653,1.2653,1.2653,1.2653,1.2653,1.2653,1.2653,1.2653,2.2974,2.2974,2.2974,2.2974,2.2974,2.2974,2.2974,2.2974,2.2974,3.3306,3.3306,3.3306,3.3306,3.3306,3.3306,3.3306,3.3306,3.3306,3.3306,3.3074,3.3074,3.3074,3.3074,3.3074,3.3074,3.3074,3.3074,3.3074,2.5974,2.5974,2.5974,2.5974,2.5974,2.5974,2.5974,2.5974,2.5974,2.5974,1.3171,1.3171,1.3171,1.3171,1.3171,1.3171,1.3171,1.3171,1.3171,1.3171,1.3992,1.3992,1.3992,1.3992,1.3992,1.3992,1.3992,1.3992,1.3992,1.1344,1.1344,1.1344,1.1344,1.1344,1.1344,1.1344,1.1344,1.1344,1.1344,0.7056,0.7056
9.9238,9.9238,9.9238,9.9238,10.2902,10.2902,10.2902,10.2902,10.2902,10.2902,10.2902,10.2902,10.2902,10.3319,10.3319,10.3319,10.3319,10.3319,10.3319,10.3319,10.3319,10.3319,10.3319,10.3501,10.3501,10.3501,10.3501,10.3501,10.3501,10.3501,10.3501,10.3501,9.0001,9.0001,9.0001,9.0001,9.0001,9.0001,9.0001,9.0001,9.0001,9.0001,7.3962,7.3962,7.3962,7.3962,7.3962,7.3962,7.3962,7.3962,7.3962,7.3962,5.4571,5.4571,5.4571,5.4571,5.4571,5.4571,5.4571,5.4571,5.4571,2.748,2.748,2.748,2.748,2.748,2.748,2.748,2.748,2.748,2.748,1.2014,1.2014,1.2014,1.2014,1.2014,1.2014,1.2014,1.2014,1.2014,0.3058,0.3058,0.3058,0.3058,0.3058,0.3058,0.3058,0.3058,0.3058,0.3058,1.2653,1.2653,1.2653,1.2653,1.2653,1.2653,1.2653,1.2653,1.2653,1.2653,2.2974,2.2974,2.2974,2.2974,2.2974,2.2974,2.2974,2.2974,2.2974,3.3306,3.3306,3.3306,3.3306,3.3306,3.3306,3.3306,3.3306,3.3306,3.3306,3.3074,3.3074,3.3074,3.3074,3.3074,3.3074,3.3074,3.3074,3.3074,2.5974,2.5974,2.5974,2.5974,2.5974,2.5974,2.5974,2.5974,2.5974,2.5974,1.3171,1.3171,1.3171,1.3171,1.3171,1.3171,1.3171,1.3171,1.3171,1.3171,1.3992,1.3992,1.3992,1.3992,1.3992,1.3992,1.3992,1.3992,1.3992,1.1344,1.1344,1.1344,1.1344,1.1344,1.1344,1.1344,1.1344,1.1344,1.1344,0.7056,0.7056
9.9238,9.9238,9.9238,10.2902,10.2902,10.2902,10.2902,10.2902,10.2902,10.2902,10.2902,10.2902,10.2902,10.3319,10.3319,10.3319,10.3319,10.3319,10.3319,10.3319,10.3319,10.3319,10.3319,10.3501,10.3501,10.3501,10.3501,10.3501,10.3501,10.3501,10.3501,10.3501,9.0001,9.0001,9.0001,9.0001,9.0001,9.0001,9.0001,9.0001,9.0001,9.0001,7.3962,7.3962,7.3962,7.3962,7.3962,7.3962,7.3962,7.3962,7.3962,7.3962,5.4571,5.4571,5.4571,5.4571,5.4571,5.4571,5.4571,5.4571,5.4571,2.748,2.748,2.748,2.748,2.748,2.748,2.748,2.748,2.748,2.748,1.2014,1.2014,1.2014,1.2014,1.2014,1.2014,1.2014,1.2014,1.2014,0.3058,0.3058,0.3058,0.3058,0.3058,0.3058,0.3058,0.3058,0.3058,0.3058,1.2653,1.2653,1.2653,1.2653,1.2653,1.2653,1.2653,1.2653,1.2653,1.2653,2.2974,2.2974,2.2974,2.2974,2.2974,2.2974,2.2974,2.2974,2.2974,3.3306,3.3306,3.3306,3.3306,3.3306,3.3306,3.3306,3.3306,3.3306,3.3306,3.3074,3.3074,3.3074,3.3074,3.3074,3.3074,3.3074,3.3074,3.3074,2.5974,2.5974,2.5974,2.5974,2.5974,2.5974,2.5974,2.5974,2.5974,2.5974,1.3171,1.3171,1.3171,1.3171,1.3171,1.3171,1.3171,1.3171,1.3171,1.3171,1.3992,1.3992,1.3992,1.3992,1.3992,1.3992,1.3992,1.3992,1.3992,1.1344,1.1344,1.1344,1.1344,1.1344,1.1344,1.1344,1.1344,1.1344,1.1344,0.7056,0.7056
9.9238,9.9238,9.9238,10.2902,10.2902,10.2902,10.2902,10.2902,10.2902,10.2902,10.2902,10.2902,10.2902,10.3319,10.3319,10.3319,10.3319,10.3319,10.3319,10.3319,10.3319,10.3319,10.3319,10.3501,10.3501,10.3501,10.3501,10.3501,10.3501,10.3501,10.3501,10.3501,9.0001,9.0001,9.0001,9.0001,9.0001,9.0001,9.0001,9.0001,9.0001,9.0001,7.3962,7.3962,7.3962,7.3962,7.3962,7.3962,7.3962,7.3962,7.3962,7.3962,5.4571,5.4571,5.4571,5.4571,5.4571,5.4571,5.4571,5.4571,5.4571,2.748,2.748,2.748,2.748,2.748,2.748,2.748,2.748,2.748,2.748,1.2014,1.2014,1.2014,1.2014,1.2014,1.2014,1.2014,1.2014,1.2014,0.3058,0.3058,0.3058,0.3058,0.3058,0.3058,0.3058,0.3058,0.3058,0.3058,1.2653,1.2653,1.2653,1.2653,1.2653,1.2653,1.2653,1.2653,1.2653,1.2653,2.2974,2.2974,2.2974,2.2974,2.2974,2.2974,2.2974,2.2974,2.2974,3.3306,3.3306,3.3306,3.3306,3.3306,3.3306,3.3306,3.3306,3.3306,3.3306,3.3074,3.3074,3.3074,3.3074,3.3074,3.3074,3.3074,3.3074,3.3074,2.5974,2.5974,2.5974,2.5974,2.5974,2.5974,2.5974,2.5974,2.5974,2.5974,1.3171,1.3171,1.3171,1.3171,1.3171,1.3171,1.3171,1.3171,1.3171,1.3171,1.3992,1.3992,4.878,4.878,4.878,4.878,4.878,4.878,4.878,3.9056,3.9056,3.9056,3.9056,3.9056,3.9056,3.9056,3.9056,3.9056,3.9056,2.6909,2.6909
9.9238,9.9238,9.9238,10.2902,10.2902,10.2902,10.2902,10.2902,10.2902,10.2902,10.2902,10.2902,10.2902,10.3319,10.3319,10.3319,10.3319,10.3319,10.3319,10.3319,10.3319,10.3319,10.3319,10.3501,10.3501,10.3501,10.3501,10.3501,10.3501,10.3501,10.3501,10.3501,9.0001,9.0001,9.0001,9.0001,9.0001,9.0001,9.0001,9.0001,9.0001,9.0001,7.3962,7.3962,7.3962,7.3962,7.3962,7.3962,7.3962,7.3962,7.3962,7.3962,5.4571,5.4571,5.4571,5.4571,5.4571,5.4571,5.4571,5.4571,5.4571,2.748,2.748,2.748,2.748,2.748,2.748,2.748,2.748,2.748,2.748,1.2014,1.2014,1.2014,1.2014,1.2014,1.2014,1.2014,1.2014,1.2014,0.3058,0.3058,0.3058,0.3058,0.3058,0.3058,0.3058,0.3058,0.3058,0.3058,1.2653,1.2653,1.2653,1.2653,1.2653,1.2653,1.2653,1.2653,1.2653,1.2653,2.2974,2.2974,2.2974,2.2974,2.2974,2.2974,2.2974,2.2974,2.2974,3.3306,8.8134,8.8134,8.8134,8.8134,8.8134,8.8134,8.8134,8.8134,8.8134,7.9939,7.9939,7.9939,7.9939,7.9939,7.9939,7.9939,7.9939,7.9939,6.8306,6.8306,6.8306,6.8306,6.8306,6.8306,6.8306,6.8306,6.8306,6.8306,5.4342,5.4342,5.4342,5.4342,5.4342,5.4342,5.4342,5.4342,5.4342,5.4342,4.878,4.878,4.878,4.878,4.878,4.878,4.878,4.878,4.878,3.9056,3.9056,3.9056,3.9056,3.9056,3.9056,3.9056,3.9056,3.9056,3.9056,2.6909,2.6909
11.2027,11.2027,11.2027,11.1076,11.1076,11.1076,11.1076,11.1076,11.1076,11.1076,11.1076,11.1076,11.1076,9.9857,9.9857,9.9857,9.9857,9.9857,9.9857,9.9857,9.9857,9.9857,9.9857,8.1233,8.1233,8.1233,8.1233,8.1233,8.1233,8.1233,8.1233,8.1233,6.9383,6.9383,6.9383,6.9383,6.9383,6.9383,6.9383,6.9383,6.9383,6.9383,5.6416,5.6416,5.6416,5.6416,5.6416,5.6416,5.6416,5.6416,5.6416,5.6416,4.1559,4.1559,4.1559,4.1559,4.1559,4.1559,4.1559,4.1559,4.1559,2.7899,2.7899,2.7899,2.7899,2.7899,2.7899,2.7899,2.7899,2.7899,2.7899,3.2139,3.2139,3.2139,3.2139,3.2139,3.2139,3.2139,3.2139,3.2139,4.9414,4.9414,4.9414,4.9414,4.9414,4.9414,4.9414,4.9414,4.9414,4.9414,7.1125,7.1125,7.1125,7.1125,7.1125,7.1125,7.1125,7.1125,7.1125,7.1125,8.4258,8.4258,8.4258,8.4258,8.4258,8.4258,8.4258,8.4258,8.4258,8.8134,8.8134,8.8134,8.8134,8.8134,8.8134,8.8134,8.8134,8.8134,8.8134,7.9939,7.9939,7.9939,7.9939,7.9939,7.9939,7.9939,7.9939,7.9939,7.9939,6.8306,6.8306,6.8306,6.8306,6.8306,6.8306,6.8306,6.8306,6.8306,5.4342,5.4342,5.4342,5.4342,5.4342,5.4342,5.4342,5.4342,5.4342,5.4342,4.878,4.878,4.878,4.878,4.878,4.878,4.878,4.878,4.878,3.9056,3.9056,3.9056,3.9056,3.9056,3.9056,3.9056,3.9056,3.9056,3.9056,2.6909,2.6909
11.2027,11.2027,11.2027,11.1076,11.1076,11.1076,11.1076,11.1076,11.1076,11.1076,11.1076,11.1076,11.1076,9.9857,9.9857,9.9857,9.9857,9.9857,9.9857,9.9857,9.9857,9.9857,9.9857,8.1233,8.1233,8.1233,8.1233,8.1233,8.1233,8.1233,8.1233,8.1233,6.9383,6.9383,6.9383,6.9383,6.9383,6.9383,6.9383,6.9383,6.9383,6.9383,5.6416,5.6416,5.6416,5.6416,5.6416,5.6416,5.6416,5.6416,5.6416,5.6416,4.1559,4.1559,4.1559,4.1559,4.1559,4.1559,4.1559,4.1559,4.1559,2.7899,2.7899,2.7899,2.7899,2.7899,2.7899,2.7899,2.7899,2.7899,2.7899,3.2139,3.2139,3.2139,3.2139,3.2139,3.2139,3.2139,3.2139,3.2139,4.9414,4.9414,4.9414,4.9414,4.9414,4.9414,4.9414,4.9414,4.9414,4.9414,7.1125,7.1125,7.1125,7.1125,7.1125,7.1125,7.1125,7.1125,7.1125,7.1125,8.4258,8.4258,8.4258,8.4258,8.4258,8.4258,8.4258,8.4258,8.4258,8.8134,8.8134,8.8134,8.8134,8.8134,8.8134,8.8134,8.8134,8.8134,8.8134,7.9939,7.9939,7.9939,7.9939,7.9939,7.9939,7.9939,7.9939,7.9939,7.9939,6.8306,6.8306,6.8306,6.8306,6.8306,6.8306,6.8306,6.8306,6.8306,5.4342,5.4342,5.4342,5.4342,5.4342,5.4342,5.4342,5.4342,5.4342,5.4342,4.878,4.878,4.878,4.878,4.878,4.878,4.878,4.878,4.878,3.9056,3.9056,3.9056,3.9056,3.9056,3.9056,3.9056,3.9056,3.9056,3.9056,2.6909,2.6909
11.2027,11.2027,11.2027,11.1076,11.1076,11.1076,11.1076,11.1076,11.1076,11.1076,11.1076,11.1076,11.1076,9.9857,9.9857,9.9857,9.9857,9.9857,9.9857,9.9857,9.9857,9.9857,9.9857,8.1233,8.1233,8.1233,8.1233,8.1233,8.1233,8.1233,8.1233,8.1233,6.9383,6.9383,6.9383,6.9383,6.9383,6.9383,6.9383,6.9383,6.9383,6.9383,5.6416,5.6416,5.6416,5.6416,5.6416,5.6416,5.6416,5.6416,5.6416,5.6416,4.1559,4.1559,4.1559,4.1559,4.1559,4.1559,4.1559,4.1559,4.1559,2.7899,2.7899,2.7899,2.7899,2.7899,2.7899,2.7899,2.7899,2.7899,2.7899,3.2139,3.2139,3.2139,3.2139,3.2139,3.2139,3.2139,3.2139,3.2139,4.9414,4.9414,4.9414,4.9414,4.9414,4.9414,4.9414,4.9414,4.9414,4.9414,7.1125,7.1125,7.1125,7.1125,7.1125,7.1125,7.1125,7.1125,7.1125,7.1125,8.4258,8.4258,8.4258,8.4258,8.4258,8.4258,8.4258,8.4258,8.4258,8.8134,8.8134,8.8134,8.8134,8.8134,8.8134,8.8134,8.8134,8.8134,8.8134,7.9939,7.9939,7.9939,7.9939,7.9939,7.9939,7.9939,7.9939,7.9939,7.9939,6.8306,6.8306,6.8306,6.8306,6.8306,6.8306,6.8306,6.8306,6.8306,5.4342,5.4342,5.4342,5.4342,5.4342,5.4342,5.4342,5.4342,5.4342,5.4342,4.878,4.878,4.878,4.878,4.878,4.878,4.878,4.878,4.878,3.9056,3.9056,3.9056,3.9056,3.9056,3.9056,3.9056,3.9056,3.9056,3.9056,2.6909,2.6909
11.2027,11.2027,11.2027,11.1076,11.1076,11.1076,11.1076,11.1076,11.1076,11.1076,11.1076,11.1076,11.1076,9.9857,9.9857,9.9857,9.9857,9.9857,9.9857,9.9857,9.9857,9.9857,9.9857,8.1233,8.1233,8.1233,8.1233,8.1233,8.1233,8.1233,8.1233,8.1233,6.9383,6.9383,6.9383,6.9383,6.9383,6.9383,6.9383,6.9383,6.9383,6.9383,5.6416,5.6416,5.6416,5.6416,5.6416,5.6416,5.6416,5.6416,5.6416,5.6416,4.1559,4.1559,4.1559,4.1559,4.1559,4.1559,4.1559,4.1559,4.1559,2.7899,2.7899,2.7899,2.7899,2.7899,2.7899,2.7899,2.7899,2.7899,2.7899,3.2139,3.2139,3.2139,3.2139,3.2139,3.2139,3.2139,3.2139,3.2139,4.9414,4.9414,4.9414,4.9414,4.9414,4.9414,4.9414,4.9414,4.9414,4.9414,7.1125,7.1125,7.1125,7.1125,7.1125,7.1125,7.1125,7.1125,7.1125,7.1125,8.4258,8.4258,8.4258,8.4258,8.4258,8.4258,8.4258,8.4258,8.4258,8.8134,8.8134,8.8134,8.8134,8.8134,8.8134,8.8134,8.8134,8.8134,8.8134,7.9939,7.9939,7.9939,7.9939,7.9939,7.9939,7.9939,7.9939,7.9939,7.9939,6.8306,6.8306,6.8306,6.8306,6.8306,6.8306,6.8306,6.8306,6.8306,5.4342,5.4342,5.4342,5.4342,5.4342,5.4342,5.4342,5.4342,5.4342,5.4342,4.878,4.878,4.878,4.878,4.878,4.878,4.878,4.878,4.878,4.878,3.9056,3.9056,3.9056,3.9056,3.9056,3.9056,3.9056,3.9056,3.9056,2.6909,2.6909
11.2027,11.2027,11.2027,11.1076,11.1076,11.1076,11.1076,11.1076,11.1076,11.1076,11.1076,11.1076,11.1076,9.9857,9.9857,9.9857,9.9857,9.9857,9.9857,9.9857,9.9857,9.9857,9.9857,8.1233,8.1233,8.1233,8.1233,8.1233,8.1233,8.1233,8.1233,8.1233,6.9383,6.9383,6.9383,6.9383,6.9383,6.9383,6.9383,6.9383,6.9383,6.9383,5.6416,5.6416,5.6416,5.6416,5.6416,5.6416,5.6416,5.6416,5.6416,5.6416,4.1559,4.1559,4.1559,4.1559,4.1559,4.1559,4.1559,4.1559,4.1559,2.7899,2.7899,2.7899,2.7899,2.7899,2.7899,2.7899,2.7899,2.7899,2.7899,3.2139,3.2139,3.2139,3.2139,3.2139,3.2139,3.2139,3.2139,3.2139,4.9414,4.9414,4.9414,4.9414,4.9414,4.9414,4.9414,4.9414,4.9414,4.9414,7.1125,7.1125,7.1125,7.1125,7.1125,7.1125,7.1125,7.1125,7.1125,7.1125,8.4258,8.4258,8.4258,8.4258,8.4258,8.4258,8.4258,8.4258,8.4258,8.8134,8.8134,8.8134,8.8134,8.8134,8.8134,8.8134,8.8134,8.8134,8.8134,7.9939,7.9939,7.9939,7.9939,7.9939,7.9939,7.9939,7.9939,7.9939,7.9939,6.8306,6.8306,6.8306,6.8306,6.8306,6.8306,6.8306,6.8306,6.8306,5.4342,5.4342,5.4342,5.4342,5.4342,5.4342,5.4342,5.4342,5.4342,5.4342,4.878,4.878,4.878,4.878,4.878,4.878,4.878,4.878,4.878,4.878,3.9056,3.9056,3.9056,3.9056,3.9056,3.9056,3.9056,3.9056,3.9056,2.6909,2.6909
11.2027,11.2027,11.2027,11.1076,11.1076,11.1076,11.1076,11.1076,11.1076,11.1076,11.1076,11.1076,11.1076,9.9857,9.9857,9.9857,9.9857,9.9857,9.9857,9.9857,9.9857,9.9857,9.9857,8.1233,8.1233,8.1233,8.1233,8.1233,8.1233,8.1233,8.1233,8.1233,6.9383,6.9383,6.9383,6.9383,6.9383,6.9383,6.9383,6.9383,6.9383,6.9383,5.6416,5.6416,5.6416,5.6416,5.6416,5.6416,5.6416,5.6416,5.6416,5.6416,4.1559,4.1559,4.1559,4.1559,4.1559,4.1559,4.1559,4.1559,4.1559,2.7899,2.7899,2.7899,2.7899,2.7899,2.7899,2.7899,2.7899,2.7899,2.7899,3.2139,3.2139,3.2139,3.2139,3.2139,3.2139,3.2139,3.2139,3.2139,4.9414,4.9414,4.9414,4.9414,4.9414,4.9414,4.9414,4.9414,4.9414,4.9414,7.1125,7.1125,7.1125,7.1125,7.1125,7.1125,7.1125,7.1125,7.1125,7.1125,8.4258,8.4258,8.4258,8.4258,8.4258,8.4258,8.4258,8.4258,8.4258,8.8134,8.8134,8.8134,8.8134,8.8134,8.8134,8.8134,8.8134,8.8134,8.8134,7.9939,7.9939,7.9939,7.9939,7.9939,7.9939,7.9939,7.9939,7.9939,7.9939,6.8306,6.8306,6.8306,6.8306,6.8306,6.8306,6.8306,6.8306,6.8306,5.4342,5.4342,5.4342,5.4342,5.4342,5.4342,5.4342,5.4342,5.4342,5.4342,4.878,4.878,4.878,4.878,4.878,4.878,4.878,4.878,4.878,4.878,3.9056,3.9056,3.9056,3.9056,3.9056,3.9056,3.9056,3.9056,3.9056,2.6909,2.6909
11.2027,11.2027,11.2027,11.1076,11.1076,11.1076,11.1076,11.1076,11.1076,11.1076,11.1076,11.1076,11.1076,9.9857,9.9857,9.9857,9.9857,9.9857,9.9857,9.9857,9.9857,9.9857,9.9857,8.1233,8.1233,8.1233,8.1233,8.1233,8.1233,8.1233,8.1233,8.1233,6.9383,6.9383,6.9383,6.9383,6.9383,6.9383,6.9383,6.9383,6.9383,6.9383,5.6416,5.6416,5.6416,5.6416,5.6416,5.6416,5.6416,5.6416,5.6416,5.6416,4.1559,4.1559,4.1559,4.1559,4.1559,4.1559,4.1559,4.1559,4.1559,2.7899,2.7899,2.7899,2.7899,2.7899,2.7899,2.7899,2.7899,2.7899,2.7899,3.2139,3.2139,3.2139,3.2139,3.2139,3.2139,3.2139,3.2139,3.2139,4.9414,4.9414,4.9414,4.9414,4.9414,4.9414,4.9414,4.9414,4.9414,4.9414,7.1125,7.1125,7.1125,7.1125,7.1125,7.1125,7.1125,7.1125,7.1125,7.1125,8.4258,8.4258,8.4258,8.4258,8.4258,8.4258,8.4258,8.4258,8.4258,8.8134,8.8134,8.8134,8.8134,8.8134,8.8134,8.8134,8.8134,8.8134,8.8134,7.9939,7.9939,7.9939,7.9939,7.9939,7.9939,7.9939,7.9939,7.9939,7.9939,6.8306,6.8306,6.8306,6.8306,6.8306,6.8306,6.8306,6.8306,6.8306,5.4342,5.4342,5.4342,5.4342,5.4342,5.4342,5.4342,5.4342,5.4342,5.4342,4.878,4.878,4.878,4.878,4.878,4.878,4.878,4.878,4.878,4.878,3.9056,3.9056,3.9056,3.9056,3.9056,3.9056,3.9056,3.9056,3.9056,2.6909,2.6909
11.2027,11.2027,11.2027,11.1076,11.1076,11.1076,11.1076,11.1076,11.1076,11.1076,11.1076,11.1076,11.1076,9.9857,9.9857,9.9857,9.9857,9.9857,9.9857,9.9857,9.9857,9.9857,9.9857,8.1233,8.1233,8.1233,8.1233,8.1233,8.1233,8.1233,8.1233,8.1233,6.9383,6.9383,6.9383,6.9383,6.9383,6.9383,6.9383,6.9383,6.9383,6.9383,5.6416,5.6416,5.6416,5.6416,5.6416,5.6416,5.6416,5.6416,5.6416,5.6416,4.1559,4.1559,4.1559,4.1559,4.1559,4.1559,4.1559,4.1559,4.1559,2.7899,2.7899,2.7899,2.7899,2.7899,2.7899,2.7899,2.7899,2.7899,2.7899,3.2139,3.2139,3.2139,3.2139,3.2139,3.2139,3.2139,3.2139,3.2139,4.9414,4.9414,4.9414,4.9414,4.9414,4.9414,4.9414,4.9414,4.9414,4.9414,7.1125,7.1125,7.1125,7.1125,7.1125,7.1125,7.1125,7.1125,7.1125,7.1125,8.4258,8.4258,8.4258,8.4258,8.4258,8.4258,8.4258,8.4258,8.4258,8.8134,8.8134,8.8134,8.8134,8.8134,8.8134,8.8134,8.8134,8.8134,8.8134,7.9939,7.9939,7.9939,7.9939,7.9939,7.9939,7.9939,7.9939,7.9939,7.9939,6.8306,6.8306,6.8306,6.8306,6.8306,6.8306,6.8306,6.8306,6.8306,5.4342,5.4342,5.4342,5.4342,5.4342,5.4342,5.4342,5.4342,5.4342,5.4342,4.878,4.878,4.878,4.878,4.878,4.878,4.878,4.878,4.878,4.878,3.9056,3.9056,3.9056,3.9056,3.9056,3.9056,3.9056,3.9056,3.9056,2.6909,2.6909
11.2027,11.2027,11.2027,11.1076,11.1076,11.1076,11.1076,11.1076,11.1076,11.1076,11.1076,11.1076,11.1076,9.9857,9.9857,9.9857,9.9857,9.9857,9.9857,9.9857,9.9857,9.9857,9.9857,8.1233,8.1233,8.1233,8.1233,8.1233,8.1233,8.1233,8.1233,8.1233,6.9383,6.9383,6.9383,6.9383,6.9383,6.9383,6.9383,6.9383,6.9383,6.9383,5.6416,5.6416,5.6416,5.6416,5.6416,5.6416,5.6416,5.6416,5.6416,5.6416,4.1559,4.1559,4.1559,4.1559,4.1559,4.1559,4.1559,4.1559,4.1559,2.7899,2.7899,2.7899,2.7899,2.7899,2.7899,2.7899,2.7899,2.7899,2.7899,3.2139,3.2139,3.2139,3.2139,3.2139,3.2139,3.2139,3.2139,3.2139,4.9414,4.9414,4.9414,4.9414,4.9414,4.9414,4.9414,4.9414,4.9414,4.9414,7.1125,7.1125,7.1125,7.1125,7.1125,7.1125,7.1125,7.1125,7.1125,7.1125,8.4258,8.4258,8.4258,8.4258,8.4258,8.4258,8.4258,8.4258,8.4258,8.8134,8.8134,8.8134,8.8134,8.8134,8.8134,8.8134,8.8134,8.8134,8.8134,7.9939,7.9939,7.9939,7.9939,7.9939,7.9939,7.9939,7.9939,7.9939,7.9939,6.8306,6.8306,6.8306,6.8306,6.8306,6.8306,6.8306,6.8306,6.8306,5.4342,5.4342,5.4342,5.4342,5.4342,5.4342,5.4342,5.4342,5.4342,5.4342,4.878,4.878,4.878,4.878,4.878,4.878,4.878,4.878,4.878,4.878,3.9056,3.9056,3.9056,3.9056,3.9056,3.9056,3.9056,3.9056,3.9056,2.6909,2.6909
11.2027,11.2027,11.2027,11.1076,11.1076,11.1076,11.1076,11.1076,11.1076,11.1076,11.1076,11.1076,11.1076,9.9857,9.9857,9.9857,9.9857,9.9857,9.9857,9.9857,9.9857,9.9857,9.9857,8.1233,8.1233,8.1233,8.1233,8.1233,8.1233,8.1233,8.1233,8.1233,6.9383,6.9383,6.9383,6.9383,6.9383,6.9383,6.9383,6.9383,6.9383,6.9383,5.6416,5.6416,5.6416,5.6416,5.6416,5.6416,5.6416,5.6416,5.6416,5.6416,4.1559,4.1559,4.1559,4.1559,4.1559,4.1559,4.1559,4.1559,4.1559,2.7899,2.7899,2.7899,2.7899,2.7899,2.7899,2.7899,2.7899,2.7899,2.7899,3.2139,3.2139,3.2139,3.2139,3.2139,3.2139,3.2139,3.2139,3.2139,4.9414,4.9414,4.9414,4.9414,4.9414,4.9414,4.9414,4.9414,4.9414,4.9414,7.1125,7.1125,7.1125,7.1125,7.1125,7.1125,7.1125,7.1125,7.1125,7.1125,8.4258,8.4258,8.4258,8.4258,8.4258,8.4258,8.4258,8.4258,8.4258,8.8134,8.8134,8.8134,8.8134,8.8134,8.8134,8.8134,8.8134,8.8134,8.8134,7.9939,7.9939,7.9939,7.9939,7.9939,7.9939,7.9939,7.9939,7.9939,7.9939,6.8306,6.8306,6.8306,6.8306,6.8306,6.8306,6.8306,6.8306,6.8306,5.4342,5.4342,5.4342,5.4342,5.4342,5.4342,5.4342,5.4342,5.4342,5.4342,4.878,4.878,4.878,4.878,4.878,4.878,4.878,4.878,4.878,4.878,3.9056,3.9056,3.9056,3.9056,3.9056,3.9056,3.9056,3.9056,3.9056,2.6909,2.6909
11.2027,11.2027,11.2027,11.1076,11.1076,11.1076,11.1076,11.1076,11.1076,11.1076,11.1076,11.1076,11.1076,9.9857,9.9857,9.9857,9.9857,9.9857,9.9857,9.9857,9.9857,9.9857,9.9857,8.1233,8.1233,8.1233,8.1233,8.1233,8.1233,8.1233,8.1233,8.1233,6.9383,6.9383,6.9383,6.9383,6.9383,6.9383,6.9383,6.9383,6.9383,6.9383,5.6416,5.6416,5.6416,5.6416,5.6416,5.6416,5.6416,5.6416,5.6416,5.6416,4.1559,4.1559,4.1559,4.1559,4.1559,4.1559,4.1559,4.1559,4.1559,2.7899,2.7899,2.7899,2.7899,2.7899,2.7899,2.7899,2.7899,2.7899,2.7899,3.2139,3.2139,3.2139,3.2139,3.2139,3.2139,3.2139,3.2139,3.2139,4.9414,4.9414,4.9414,4.9414,4.9414,4.9414,4.9414,4.9414,4.9414,4.9414,7.1125,7.1125,7.1125,7.1125,7.1125,7.1125,7.1125,7.1125,7.1125,7.1125,8.4258,8.4258,8.4258,8.4258,8.4258,8.4258,8.4258,8.4258,8.4258,8.8134,8.8134,8.8134,8.8134,8.8134,8.8134,8.8134,8.8134,8.8134,8.8134,7.9939,7.9939,7.9939,7.9939,7.9939,7.9939,7.9939,7.9939,7.9939,7.9939,6.8306,6.8306,6.8306,6.8306,6.8306,6.8306,6.8306,6.8306,6.8306,5.4342,5.4342,5.4342,5.4342,5.4342,5.4342,5.4342,5.4342,5.4342,5.4342,4.878,4.878,4.878,4.878,4.878,4.878,4.878,4.878,4.878,4.878,3.9056,3.9056,3.9056,3.9056,3.9056,3.9056,3.9056,3.9056,3.9056,2.6909,2.6909
11.2027,11.2027,11.2027,11.1076,11.1076,11.1076,11.1076,11.1076,11.1076,11.1076,11.1076,11.1076,11.1076,9.9857,9.9857,9.9857,9.9857,9.9857,9.9857,9.9857,9.9857,9.9857,9.9857,8.1233,8.1233,8.1233,8.1233,8.1233,8.1233,8.1233,8.1233,8.1233,6.9383,6.9383,6.9383,6.9383,6.9383,6.9383,6.9383,6.9383,6.9383,6.9383,5.6416,5.6416,5.6416,5.6416,5.6416,5.6416,5.6416,5.6416,5.6416,5.6416,4.1559,4.1559,4.1559,4.1559,4.1559,4.1559,4.1559,4.1559,4.1559,2.7899,2.7899,2.7899,2.7899,2.7899,2.7899,2.7899,2.7899,2.7899,2.7899,3.2139,3.2139,3.2139,3.2139,3.2139,3.2139,3.2139,3.2139,3.2139,3.2139,4.9414,4.9414,4.9414,4.9414,4.9414,4.9414,4.9414,4.9414,4.9414,7.1125,7.1125,7.1125,7.1125,7.1125,7.1125,7.1125,7.1125,7.1125,7.1125,8.4258,8.4258,8.4258,8.4258,8.4258,8.4258,8.4258,8.4258,8.4258,8.8134,8.8134,8.8134,8.8134,8.8134,8.8134,8.8134,8.8134,8.8134,8.8134,7.9939,7.9939,7.9939,7.9939,7.9939,7.9939,7.9939,7.9939,7.9939,7.9939,6.8306,6.8306,6.8306,6.8306,6.8306,6.8306,6.8306,6.8306,6.8306,5.4342,5.4342,5.4342,5.4342,5.4342,5.4342,5.4342,5.4342,5.4342,5.4342,4.878,4.878,4.878,4.878,4.878,4.878,4.878,4.878,4.878,4.878,3.9056,3.9056,3.9056,3.9056,3.9056,3.9056,3.9056,3.9056,3.9056,2.6909,2.6909
11.2027,11.2027,11.2027,11.1076,11.1076,11.1076,11.1076,11.1076,11.1076,11.1076,11.1076,11.1076,11.1076,9.9857,9.9857,9.9857,9.9857,9.9857,9.9857,9.9857,9.9857,9.9857,9.9857,8.1233,8.1233,8.1233,8.1233,8.1233,8.1233,8.1233,8.1233,8.1233,6.9383,6.9383,6.9383,6.9383,6.9383,6.9383,6.9383,6.9383,6.9383,6.9383,5.6416,5.6416,5.6416,5.6416,5.6416,5.6416,5.6416,5.6416,5.6416,5.6416,4.1559,4.1559,4.1559,4.1559,4.1559,4.1559,4.1559,4.1559,4.1559,2.7899,2.7899,2.7899,2.7899,2.7899,2.7899,2.7899,2.7899,2.7899,2.7899,3.2139,3.2139,3.2139,3.2139,3.2139,3.2139,3.2139,3.2139,3.2139,3.2139,4.9414,4.9414,4.9414,4.9414,4.9414,4.9414,4.9414,4.9414,4.9414,7.1125,7.1125,7.1125,7.1125,7.1125,7.1125,7.1125,7.1125,7.1125,7.1125,8.4258,8.4258,8.4258,8.4258,8.4258,8.4258,8.4258,8.4258,8.4258,8.8134,8.8134,8.8134,8.8134,8.8134,8.8134,8.8134,8.8134,8.8134,8.8134,7.9939,7.9939,7.9939,7.9939,7.9939,7.9939,7.9939,7.9939,7.9939,7.9939,6.8306,6.8306,6.8306,6.8306,6.8306,6.8306,6.8306,6.8306,6.8306,5.4342,5.4342,5.4342,5.4342,5.4342,5.4342,5.4342,5.4342,5.4342,8.3138,7.7347,7.7347,7.7347,7.7347,7.7347,7.7347,7.7347,7.7347,7.7347,7.7347,6.9489,6.9489,6.9489,6.9489,6.9489,6.9489,6.9489,6.9489,6.9489,6.4157,6.4157
11.5452,11.5452,11.5452,10.0266,11.1076,11.1076,11.1076,11.1076,11.1076,11.1076,11.1076,11.1076,11.1076,9.9857,9.9857,9.9857,9.9857,9.9857,9.9857,9.9857,9.9857,9.9857,9.9857,8.1233,8.1233,8.1233,8.1233,8.1233,8.1233,8.1233,8.1233,8.1233,6.9383,6.9383,6.9383,6.9383,6.9383,6.9383,6.9383,6.9383,6.9383,6.9383,5.6416,5.6416,5.6416,5.6416,5.6416,5.6416,5.6416,5.6416,5.6416,5.6416,4.1559,4.1559,4.1559,4.1559,4.1559,4.1559,4.1559,4.1559,4.1559,2.7899,2.7899,2.7899,2.7899,2.7899,2.7899,2.7899,2.7899,2.7899,2.7899,3.2139,3.2139,3.2139,3.2139,3.2139,3.2139,3.2139,3.2139,3.2139,3.2139,4.9414,4.9414,4.9414,4.9414,4.9414,4.9414,4.9414,4.9414,4.9414,7.1125,7.1125,7.1125,7.1125,7.1125,7.1125,7.1125,7.1125,7.1125,7.1125,8.4258,8.4258,8.4258,8.4258,12.5199,12.5199,12.5199,12.5199,12.5199,12.5199,12.0723,12.0723,12.0723,12.0723,12.0723,12.0723,12.0723,12.0723,12.0723,10.9631,10.9631,10.9631,10.9631,10.9631,10.9631,10.9631,10.9631,10.9631,10.9631,9.7477,9.7477,9.7477,9.7477,9.7477,9.7477,9.7477,9.7477,9.7477,9.7477,8.3138,8.3138,8.3138,8.3138,8.3138,8.3138,8.3138,8.3138,8.3138,7.7347,7.7347,7.7347,7.7347,7.7347,7.7347,7.7347,7.7347,7.7347,7.7347,6.9489,6.9489,6.9489,6.9489,6.9489,6.9489,6.9489,6.9489,6.9489,6.9489,6.4157
11.5452,11.5452,11.5452,10.0266,10.0266,10.0266,10.0266,10.0266,10.0266,10.0266,10.0266,10.0266,10.0266,8.4064,8.4064,8.4064,8.4064,8.4064,8.4064,8.4064,8.4064,8.4064,8.4064,5.4975,5.4975,5.4975,5.4975,5.4975,5.4975,5.4975,5.4975,5.4975,3.7884,3.7884,3.7884,3.7884,3.7884,3.7884,3.7884,3.7884,3.7884,3.7884,2.2441,2.2441,2.2441,2.2441,2.2441,2.2441,2.2441,2.2441,2.2441,2.2441,0.2829,0.2829,0.2829,0.2829,0.2829,0.2829,0.2829,0.2829,0.2829,0.6782,0.6782,0.6782,0.6782,0.6782,0.6782,0.6782,0.6782,0.6782,0.6782,2.29,2.29,2.29,2.29,2.29,2.29,2.29,2.29,2.29,2.29,7.9722,7.9722,7.9722,7.9722,7.9722,7.9722,7.9722,7.9722,7.9722,11.1743,11.1743,11.1743,11.1743,11.1743,11.1743,11.1743,11.1743,11.1743,11.1743,12.5199,12.5199,12.5199,12.5199,12.5199,12.5199,12.5199,12.5199,12.5199,12.5199,12.0723,12.0723,12.0723,12.0723,12.0723,12.0723,12.0723,12.0723,12.0723,10.9631,10.9631,10.9631,10.9631,10.9631,10.9631,10.9631,10.9631,10.9631,10.9631,9.7477,9.7477,9.7477,9.7477,9.7477,9.7477,9.7477,9.7477,9.7477,9.7477,8.3138,8.3138,8.3138,8.3138,8.3138,8.3138,8.3138,8.3138,8.3138,7.7347,7.7347,7.7347,7.7347,7.7347,7.7347,7.7347,7.7347,7.7347,7.7347,6.9489,6.9489,6.9489,6.9489,6.9489,6.9489,6.9489,6.9489,6.9489,6.9489,6.4157
11.5452,11.5452,11.5452,10.0266,10.0266,10.0266,10.0266,10.0266,10.0266,10.0266,10.0266,10.0266,10.0266,8.4064,8.4064,8.4064,8.4064,8.4064,8.4064,8.4064,8.4064,8.4064,8.4064,5.4975,5.4975,5.4975,5.4975,5.4975,5.4975,5.4975,5.4975,5.4975,3.7884,3.7884,3.7884,3.7884,3.7884,3.7884,3.7884,3.7884,3.7884,3.7884,2.2441,2.2441,2.2441,2.2441,2.2441,2.2441,2.2441,2.2441,2.2441,2.2441,0.2829,0.2829,0.2829,0.2829,0.2829,0.2829,0.2829,0.2829,0.2829,0.6782,0.6782,0.6782,0.6782,0.6782,0.6782,0.6782,0.6782,0.6782,0.6782,2.29,2.29,2.29,2.29,2.29,2.29,2.29,2.29,2.29,2.29,7.9722,7.9722,7.9722,7.9722,7.9722,7.9722,7.9722,7.9722,7.9722,11.1743,11.1743,11.1743,11.1743,11.1743,11.1743,11.1743,11.1743,11.1743,11.1743,12.5199,12.5199,12.5199,12.5199,12.5199,12.5199,12.5199,12.5199,12.5199,12.5199,12.0723,12.0723,12.0723,12.0723,12.0723,12.0723,12.0723,12.0723,12.0723,10.9631,10.9631,10.9631,10.9631,10.9631,10.9631,10.9631,10.9631,10.9631,10.9631,9.7477,9.7477,9.7477,9.7477,9.7477,9.7477,9.7477,9.7477,9.7477,9.7477,8.3138,8.3138,8.3138,8.3138,8.3138,8.3138,8.3138,8.3138,8.3138,7.7347,7.7347,7.7347,7.7347,7.7347,7.7347,7.7347,7.7347,7.7347,7.7347,6.9489,6.9489,6.9489,6.9489,6.9489,6.9489,6.9489,6.9489,6.9489,6.9489,6.4157
11.5452,11.5452,11.5452,10.0266,10.0266,10.0266,10.0266,10.0266,10.0266,10.0266,10.0266,10.0266,10.0266,8.4064,8.4064,8.4064,8.4064,8.4064,8.4064,8.4064,8.4064,8.4064,8.4064,5.4975,5.4975,5.4975,5.4975,5.4975,5.4975,5.4975,5.4975,5.4975,3.7884,3.7884,3.7884,3.7884,3.7884,3.7884,3.7884,3.7884,3.7884,3.7884,2.2441,2.2441,2.2441,2.2441,2.2441,2.2441,2.2441,2.2441,2.2441,2.2441,0.2829,0.2829,0.2829,0.2829,0.2829,0.2829,0.2829,0.2829,0.2829,0.6782,0.6782,0.6782,0.6782,0.6782,0.6782,0.6782,0.6782,0.6782,0.6782,2.29,2.29,2.29,2.29,2.29,2.29,2.29,2.29,2.29,2.29,7.9722,7.9722,7.9722,7.9722,7.9722,7.9722,7.9722,7.9722,7.9722,11.1743,11.1743,11.1743,11.1743,11.1743,11.1743,11.1743,11.1743,11.1743,11.1743,12.5199,12.5199,12.5199,12.5199,12.5199,12.5199,12.5199,12.5199,12.5199,12.5199,12.0723,12.0723,12.0723,12.0723,12.0723,12.0723,12.0723,12.0723,12.0723,10.9631,10.9631,10.9631,10.9631,10.9631,10.9631,10.9631,10.9631,10.9631,10.9631,9.7477,9.7477,9.7477,9.7477,9.7477,9.7477,9.7477,9.7477,9.7477,9.7477,8.3138,8.3138,8.3138,8.3138,8.3138,8.3138,8.3138,8.3138,8.3138,7.7347,7.7347,7.7347,7.7347,7.7347,7.7347,7.7347,7.7347,7.7347,7.7347,6.9489,6.9489,6.9489,6.9489,6.9489,6.9489,6.9489,6.9489,6.9489,6.9489,6.4157
11.5452,11.5452,11.5452,10.0266,10.0266,10.0266,10.0266,10.0266,10.0266,10.0266,10.0266,10.0266,10.0266,8.4064,8.4064,8.4064,8.4064,8.4064,8.4064,8.4064,8.4064,8.4064,8.4064,5.4975,5.4975,5.4975,5.4975,5.4975,5.4975,5.4975,5.4975,5.4975,3.7884,3.7884,3.7884,3.7884,3.7884,3.7884,3.7884,3.7884,3.7884,3.7884,2.2441,2.2441,2.2441,2.2441,2.2441,2.2441,2.2441,2.2441,2.2441,2.2441,0.2829,0.2829,0.2829,0.2829,0.2829,0.2829,0.2829,0.2829,0.2829,0.6782,0.6782,0.6782,0.6782,0.6782,0.6782,0.6782,0.6782,0.6782,0.6782,2.29,2.29,2.29,2.29,2.29,2.29,2.29,2.29,2.29,2.29,7.9722,7.9722,7.9722,7.9722,7.9722,7.9722,7.9722,7.9722,7.9722,11.1743,11.1743,11.1743,11.1743,11.1743,11.1743,11.1743,11.1743,11.1743,11.1743,12.5199,12.5199,12.5199,12.5199,12.5199,12.5199,12.5199,12.5199,12.5199,12.5199,12.0723,12.0723,12.0723,12.0723,12.0723,12.0723,12.0723,12.0723,12.0723,10.9631,10.9631,10.9631,10.9631,10.9631,10.9631,10.9631,10.9631,10.9631,10.9631,9.7477,9.7477,9.7477,9.7477,9.7477,9.7477,9.7477,9.7477,9.7477,9.7477,8.3138,8.3138,8.3138,8.3138,8.3138,8.3138,8.3138,8.3138,8.3138,7.7347,7.7347,7.7347,7.7347,7.7347,7.7347,7.7347,7.7347,7.7347,7.7347,6.9489,6.9489,6.9489,6.9489,6.9489,6.9489,6.9489,6.9489,6.9489,6.9489,6.4157
11.5452,11.5452,11.5452,10.0266,10.0266,10.0266,10.0266,10.0266,10.0266,10.0266,10.0266,10.0266,10.0266,8.4064,8.4064,8.4064,8.4064,8.4064,8.4064,8.4064,8.4064,8.4064,8.4064,5.4975,5.4975,5.4975,5.4975,5.4975,5.4975,5.4975,5.4975,5.4975,3.7884,3.7884,3.7884,3.7884,3.7884,3.7884,3.7884,3.7884,3.7884,3.7884,2.2441,2.2441,2.2441,2.2441,2.2441,2.2441,2.2441,2.2441,2.2441,2.2441,0.2829,0.2829,0.2829,0.2829,0.2829,0.2829,0.2829,0.2829,0.2829,0.6782,0.6782,0.6782,0.6782,0.6782,0.6782,0.6782,0.6782,0.6782,0.6782,2.29,2.29,2.29,2.29,2.29,2.29,2.29,2.29,2.29,2.29,7.9722,7.9722,7.9722,7.9722,7.9722,7.9722,7.9722,7.9722,7.9722,11.1743,11.1743,11.1743,11.1743,11.1743,11.1743,11.1743,11.1743,11.1743,11.1743,12.5199,12.5199,12.5199,12.5199,12.5199,12.5199,12.5199,12.5199,12.5199,12.5199,12.0723,12.0723,12.0723,12.0723,12.0723,12.0723,12.0723,12.0723,12.0723,10.9631,10.9631,10.9631,10.9631,10.9631,10.9631,10.9631,10.9631,10.9631,10.9631,9.7477,9.7477,9.7477,9.7477,9.7477,9.7477,9.7477,9.7477,9.7477,9.7477,8.3138,8.3138,8.3138,8.3138,8.3138,8.3138,8.3138,8.3138,8.3138,7.7347,7.7347,7.7347,7.7347,7.7347,7.7347,7.7347,7.7347,7.7347,7.7347,6.9489,6.9489,6.9489,6.9489,6.9489,6.9489,6.9489,6.9489,6.9489,6.9489,6.4157
